U_stratum,anchor_positive_uniprot,class,development_exposed_positive,homomeric,panel_row,partner_gene,partner_sequence_length,partner_sequence_sha256,partner_uniprot,prior_train_development_pair,query_gene,query_sequence_length,query_sequence_sha256,query_uniprot,target_cohort,training_exposed_positive,ipin_baseline_score,ipin_optimized_score,tuna_retrained_seed20260803_score,tuna_retrained_seed20260817_score,tuna_retrained_seed20260831_score,tuna_retrained_score,ipin_baseline_rank,ipin_optimized_rank,tuna_retrained_rank
,,P,False,False,1,RAF1,648,cccfc1d98eae3098eabc4172a1261029642e3f31e5bbc317cc8a820a75086f1d,P04049,False,KRAS,189,1d5a9ab11f64cb886d8ffa08a153c412b2d190fcf70e5690cd4b4c7efcdee53a,P01116,additional_six,False,-1.1705057621002197,0.6731463670730591,-6.406756401062012,-5.358791828155518,-4.7285308837890625,-5.498026371002197,74.0,15.0,21.0
,,P,False,False,2,BRAF,766,1a1d669b0622fbe831f52ddb1be8e99ed35c39eea791b55b52db12a80811e274,P15056,False,KRAS,189,1d5a9ab11f64cb886d8ffa08a153c412b2d190fcf70e5690cd4b4c7efcdee53a,P01116,additional_six,False,-1.3491066296895344,0.502097045381864,-6.989221096038818,-5.755869388580322,-5.667314529418945,-6.137468338012695,99.0,22.0,48.0
,,P,False,False,3,ARAF,606,39ad43cf31421ee66dcea16ed6c270c50e9b75b9984e56a6806f208b39ce4fe8,P10398,False,KRAS,189,1d5a9ab11f64cb886d8ffa08a153c412b2d190fcf70e5690cd4b4c7efcdee53a,P01116,additional_six,False,-1.4294844071070354,0.0836472362279892,-6.2506489753723145,-5.872865200042725,-5.562870979309082,-5.895461718241374,111.0,44.0,33.0
context,P04049,U,False,False,4,MKLN1,735,7dde3e4859ece8c79c51f62c4a2d9483066874a867412dfb646e074dae7879d2,Q9UL63,False,KRAS,189,1d5a9ab11f64cb886d8ffa08a153c412b2d190fcf70e5690cd4b4c7efcdee53a,P01116,additional_six,False,-3.0350612799326577,-2.766869227091471,-8.258810997009277,-7.875919342041016,-7.789964199066162,-7.974898179372151,270.0,254.0,161.0
context,P04049,U,False,False,5,MEIOB,442,130ef1daef49448523d4ffc8ef50ad362a706c9bfa47f5213b7e8e485be00999,Q8N635,False,KRAS,189,1d5a9ab11f64cb886d8ffa08a153c412b2d190fcf70e5690cd4b4c7efcdee53a,P01116,additional_six,False,-1.6200471719106038,-1.8939213355382283,-6.764008522033691,-8.392796516418457,-9.094755172729492,-8.083853403727213,135.0,196.0,171.0
context,P04049,U,False,False,6,RABGAP1,1069,9249267ca9dff3ccc4088cb24fe45166c2b2a0a3220da91fb4c40108fff6d59d,Q9Y3P9,False,KRAS,189,1d5a9ab11f64cb886d8ffa08a153c412b2d190fcf70e5690cd4b4c7efcdee53a,P01116,additional_six,False,-1.015308399995168,1.0817764202753704,-3.8925366401672363,-4.521440505981445,-4.037411689758301,-4.150462945302327,62.0,5.0,1.0
context,P04049,U,False,False,7,G6PD,515,0725c9221fe1fd935ede4a747d0678459ca0e367b238a1dea22fc4874335cf8f,P11413,False,KRAS,189,1d5a9ab11f64cb886d8ffa08a153c412b2d190fcf70e5690cd4b4c7efcdee53a,P01116,additional_six,False,-2.0379906495412192,-3.3187171618143716,-10.430419921875,-9.163458824157715,-8.784504890441895,-9.459461212158203,188.0,278.0,244.0
context,P04049,U,False,False,8,PIWIL2,973,f26a1301b4745efea3923791be1e58f985ef15422371da61856f5abe9f80dfe6,Q8TC59,False,KRAS,189,1d5a9ab11f64cb886d8ffa08a153c412b2d190fcf70e5690cd4b4c7efcdee53a,P01116,additional_six,False,-1.757585088411967,-1.872117519378662,-8.641060829162598,-7.150975704193115,-9.296310424804688,-8.3627823193868,151.0,194.0,185.0
context,P04049,U,False,False,9,CAMKV,501,05bc38b39ec51739a68d039992f2eb6fc40539c069307cab3138dfddb2255bdf,Q8NCB2,False,KRAS,189,1d5a9ab11f64cb886d8ffa08a153c412b2d190fcf70e5690cd4b4c7efcdee53a,P01116,additional_six,False,-2.9520676136016846,-2.519538084665934,-8.440043449401855,-7.251145362854004,-7.800711154937744,-7.830633322397868,265.0,241.0,151.0
context,P04049,U,False,False,10,TRIM6,488,6db31839bf4ff6ad8f407b3363dc8ce76e715bc469008724b098665de1881563,Q9C030,False,KRAS,189,1d5a9ab11f64cb886d8ffa08a153c412b2d190fcf70e5690cd4b4c7efcdee53a,P01116,additional_six,False,-1.100307861963908,0.3763339122136434,-8.814047813415527,-5.431337833404541,-8.727149963378906,-7.657511870066325,69.0,29.0,134.0
context,P04049,U,False,False,11,SEPTIN10,454,24253579b6d2e95726b6e5b10bdfbe1a5e60d9b93abae05260fbc54f7028df05,Q9P0V9,False,KRAS,189,1d5a9ab11f64cb886d8ffa08a153c412b2d190fcf70e5690cd4b4c7efcdee53a,P01116,additional_six,False,-1.4864094257354736,-0.6073076923688253,-9.321245193481445,-7.986841201782227,-6.908299922943115,-8.072128772735596,120.0,98.0,170.0
context,P04049,U,False,False,12,CDC123,336,6921e2791e838528ed7ef351dc2cc4843395240b80b7505e3056b212c4271e3e,O75794,False,KRAS,189,1d5a9ab11f64cb886d8ffa08a153c412b2d190fcf70e5690cd4b4c7efcdee53a,P01116,additional_six,False,-3.098330020904541,-2.9406391779581704,-9.293309211730957,-8.215596199035645,-9.788334846496582,-9.099080085754395,273.0,261.0,224.0
context,P04049,U,False,False,13,CARS1,748,aaec77bda46be5ed3afd6b9d7a537e1900ace52b24463bd403dce512c9dea9ea,P49589,False,KRAS,189,1d5a9ab11f64cb886d8ffa08a153c412b2d190fcf70e5690cd4b4c7efcdee53a,P01116,additional_six,False,-2.394868850708008,-2.904659907023112,-8.102614402770996,-8.091150283813477,-5.555974006652832,-7.2499128977457685,221.0,259.0,102.0
context,P04049,U,False,False,14,GAS2L1,681,bf3139cc546e7dc498de139039f36d0102f707f2c7e0b9dc39ac471779ee2a8a,Q99501,False,KRAS,189,1d5a9ab11f64cb886d8ffa08a153c412b2d190fcf70e5690cd4b4c7efcdee53a,P01116,additional_six,False,-1.2386879920959473,0.2268314560254415,-8.070833206176758,-9.651095390319824,-4.148139476776123,-7.290022691090901,85.0,38.0,106.0
context,P04049,U,False,False,15,GORAB,369,d440000f92ccee82b69ac296f1b7a9696d4b22b87df22c536d873b516329b757,Q5T7V8,False,KRAS,189,1d5a9ab11f64cb886d8ffa08a153c412b2d190fcf70e5690cd4b4c7efcdee53a,P01116,additional_six,False,-1.3995877504348755,-0.5510698556900024,-8.251382827758789,-8.52452564239502,-9.767354965209961,-8.84775447845459,110.0,93.0,213.0
context,P04049,U,False,False,16,PFKL,780,48c2be0a43633acbf432ae16566864a8402e0d66b711cab6ca0fbb2759a6dbbf,P17858,False,KRAS,189,1d5a9ab11f64cb886d8ffa08a153c412b2d190fcf70e5690cd4b4c7efcdee53a,P01116,additional_six,False,-2.1916751861572266,-2.0104605158170066,-9.858838081359863,-10.080819129943848,-8.433927536010742,-9.45786158243815,200.0,210.0,243.0
context,P04049,U,False,False,17,EIF4A3,411,b8d9424649e6338232cbd11956a20dc129570325944185ed15a1e60cfb3c2add,P38919,False,KRAS,189,1d5a9ab11f64cb886d8ffa08a153c412b2d190fcf70e5690cd4b4c7efcdee53a,P01116,additional_six,False,-1.3495675722757976,-1.713535984357198,-8.107352256774902,-6.90840482711792,-6.126967906951904,-7.047574996948242,100.0,179.0,95.0
context,P04049,U,False,False,18,FGD1,961,faf70124802312c3a4edb0107c27bade50bf744b16376caf8398d82539d0a7fe,P98174,False,KRAS,189,1d5a9ab11f64cb886d8ffa08a153c412b2d190fcf70e5690cd4b4c7efcdee53a,P01116,additional_six,False,-0.9556117455164591,-0.07226018110911052,-7.084315776824951,-6.421019554138184,-4.071533679962158,-5.858956336975098,55.0,54.0,32.0
context,P04049,U,False,False,19,CDC20,499,bad437a417a184a712dc35dd65c7178f5671e77cc8a22b2f2c547b14e215d08a,Q12834,False,KRAS,189,1d5a9ab11f64cb886d8ffa08a153c412b2d190fcf70e5690cd4b4c7efcdee53a,P01116,additional_six,False,-2.966248353322347,-3.1093661785125732,-10.613436698913574,-6.417551517486572,-7.081823348999023,-8.037603855133057,266.0,269.0,168.0
context,P04049,U,False,False,20,HENMT1,393,5ba0443e04f17b78dad950c43f0843c626961332335f1edcd0d905f5e3317869,Q5T8I9,False,KRAS,189,1d5a9ab11f64cb886d8ffa08a153c412b2d190fcf70e5690cd4b4c7efcdee53a,P01116,additional_six,False,-0.7750519315401713,-0.8020104964574178,-9.877854347229004,-7.996870517730713,-7.322333812713623,-8.399019559224447,37.0,117.0,188.0
context,P04049,U,False,False,21,EPN1,576,29defcccf3407df7660392068d598c7499fb428be9ceefaa9a31a6e72cee515a,Q9Y6I3,False,KRAS,189,1d5a9ab11f64cb886d8ffa08a153c412b2d190fcf70e5690cd4b4c7efcdee53a,P01116,additional_six,False,-0.3692350188891093,0.27505528926849365,-5.4363579750061035,-6.062176704406738,-4.759568214416504,-5.419367631276448,20.0,34.0,14.0
context,P04049,U,False,False,22,DRC9,443,77f914d8698e20862b4c15837df0936df62186b31a5956c37a9eba8b4e1cf137,Q9H095,False,KRAS,189,1d5a9ab11f64cb886d8ffa08a153c412b2d190fcf70e5690cd4b4c7efcdee53a,P01116,additional_six,False,-0.7623145977656046,-0.12334215641021729,-7.148841381072998,-5.6578288078308105,-9.467916488647461,-7.424862225850423,36.0,58.0,116.0
context,P04049,U,False,False,23,NOCT,431,f7dbf1f8a1ead786e8ab1d17bba161f6e0f09b8a924061e230e733a710beeaa8,Q9UK39,False,KRAS,189,1d5a9ab11f64cb886d8ffa08a153c412b2d190fcf70e5690cd4b4c7efcdee53a,P01116,additional_six,False,-0.9242190718650818,-1.0552340745925903,-10.998672485351562,-8.871828079223633,-7.472700119018555,-9.114400227864584,53.0,138.0,226.0
context,P04049,U,False,False,24,INCENP,918,cc4191ee04ad1c066df56a7d7d8d28a100ecdf74205d848043782e37d26c84f5,Q9NQS7,False,KRAS,189,1d5a9ab11f64cb886d8ffa08a153c412b2d190fcf70e5690cd4b4c7efcdee53a,P01116,additional_six,False,-1.2681934436162312,-0.16791239380836487,-8.2177734375,-6.763987064361572,-7.386330604553223,-7.456030368804932,87.0,66.0,120.0
context,P04049,U,False,False,25,SYNPO2L,977,5be2df853117b557e1a990953f754154563f6dd1b8e0ae5ddfee86d6b1c2951d,Q9H987,False,KRAS,189,1d5a9ab11f64cb886d8ffa08a153c412b2d190fcf70e5690cd4b4c7efcdee53a,P01116,additional_six,False,-1.9089068571726482,-0.1473389764626821,-8.1404390335083,-6.014031410217285,-5.0521016120910645,-6.402190685272217,168.0,63.0,58.0
context,P04049,U,False,False,26,M1AP,530,5f6dd667bd3f81e948e005f7860f9afe97568cd4a9938337d0c5cbc2ca5010c9,Q8TC57,False,KRAS,189,1d5a9ab11f64cb886d8ffa08a153c412b2d190fcf70e5690cd4b4c7efcdee53a,P01116,additional_six,False,-2.5407052834828696,-0.6054174900054932,-6.6622185707092285,-5.7153496742248535,-5.957029342651367,-6.111532529195149,238.0,96.0,46.0
context,P04049,U,False,False,27,RBMS3,437,47b49c4892fd20f0a966e4e7de8d3eda3d07ac6a70ca4d06842295103ee8a8fa,Q6XE24,False,KRAS,189,1d5a9ab11f64cb886d8ffa08a153c412b2d190fcf70e5690cd4b4c7efcdee53a,P01116,additional_six,False,-1.728603720664978,-2.291366219520569,-12.009980201721191,-10.913527488708496,-8.99916934967041,-10.640892346700033,144.0,227.0,272.0
context,P04049,U,False,False,28,BSPRY,402,fb19a8fcaa16a8b831c642aa8f60ce1f0d42f353ff64cdb527c2427030585ed1,Q5W0U4,False,KRAS,189,1d5a9ab11f64cb886d8ffa08a153c412b2d190fcf70e5690cd4b4c7efcdee53a,P01116,additional_six,False,-1.449280818303426,-0.21667377154032388,-7.514199256896973,-8.457526206970215,-5.316836357116699,-7.096187273661296,112.0,69.0,96.0
context,P04049,U,False,False,29,SYTL1,562,ba4e1cf80bce4ff0008dc00d9dda1e09fa91a7cc7841e258eba9cf614c1c48fb,Q8IYJ3,False,KRAS,189,1d5a9ab11f64cb886d8ffa08a153c412b2d190fcf70e5690cd4b4c7efcdee53a,P01116,additional_six,False,-1.630918025970459,0.26953097184499103,-6.435283184051514,-5.823454856872559,-4.240206241607666,-5.499648094177246,137.0,35.0,22.0
context,P04049,U,False,False,30,CEP57,500,4a466483464183af8627359347c6292cc23999670f77567d6f8ca4f73989ea79,Q86XR8,False,KRAS,189,1d5a9ab11f64cb886d8ffa08a153c412b2d190fcf70e5690cd4b4c7efcdee53a,P01116,additional_six,False,-0.987254003683726,0.24787948528925577,-6.175786972045898,-7.455078601837158,-4.575061798095703,-6.068642457326253,57.0,36.0,44.0
context,P04049,U,False,False,31,MAGEC1,1142,33b4e98c8dc7a474f46fec197c17532455f2e81f596ad7ad6bbc18b72353ad54,O60732,False,KRAS,189,1d5a9ab11f64cb886d8ffa08a153c412b2d190fcf70e5690cd4b4c7efcdee53a,P01116,additional_six,False,-0.09263636730611324,-0.4515105088551839,-5.233631610870361,-8.657206535339355,-12.095892906188965,-8.662243684132894,10.0,86.0,198.0
context,P04049,U,False,False,32,MAP3K14,947,24b32b230026371590c5e36127c36ad399bb195b71891e9dd86cafff6439cda2,Q99558,False,KRAS,189,1d5a9ab11f64cb886d8ffa08a153c412b2d190fcf70e5690cd4b4c7efcdee53a,P01116,additional_six,False,-2.347818930943807,-0.8200874129931132,-7.13712215423584,-7.714356899261475,-4.722297191619873,-6.5245920817057295,216.0,119.0,67.0
context,P04049,U,False,False,33,ARHGEF1,912,46ae2ca491a78b9c2a476ce372cb54842db7e129f5659a2034bf69c1301cdac9,Q92888,False,KRAS,189,1d5a9ab11f64cb886d8ffa08a153c412b2d190fcf70e5690cd4b4c7efcdee53a,P01116,additional_six,False,-2.032058278719584,0.6953990459442139,-6.945646286010742,-6.202782154083252,-5.657031536102295,-6.268486658732097,186.0,13.0,53.0
context,P04049,U,False,False,34,SOHLH1,328,4a4c79afaae58625e13cffdb721ce71a73d767da59c1332072e0e949d4a385ba,Q5JUK2,False,KRAS,189,1d5a9ab11f64cb886d8ffa08a153c412b2d190fcf70e5690cd4b4c7efcdee53a,P01116,additional_six,False,-1.811320463816325,-1.554982582728068,-9.306891441345215,-10.308147430419922,-8.483992576599121,-9.36634381612142,156.0,172.0,234.0
context,P04049,U,False,False,35,ANLN,1124,37733a3a61eb08c73137b1e3b8d7c9831ef19788d5aff3503135da450340b1b3,Q9NQW6,False,KRAS,189,1d5a9ab11f64cb886d8ffa08a153c412b2d190fcf70e5690cd4b4c7efcdee53a,P01116,additional_six,False,-2.323965549468994,-0.7063950498898824,-5.853719234466553,-7.43881893157959,-5.516894340515137,-6.269810835520427,213.0,109.0,54.0
context,P04049,U,False,False,36,EIF3L,564,2658949f15efafac1e0a4f0837507a8472e6c2329c6b2181a4e1d5d8d23b1431,Q9Y262,False,KRAS,189,1d5a9ab11f64cb886d8ffa08a153c412b2d190fcf70e5690cd4b4c7efcdee53a,P01116,additional_six,False,-2.364499489466349,-2.0022353728612265,-7.6293559074401855,-6.607828617095947,-5.591389179229736,-6.609524567921956,219.0,208.0,75.0
context,P04049,U,False,False,37,TRIM17,477,f4eb2cd915ec69f2ce48fbd3f86dafd373ca2f620e6283e60454b19107262a59,Q9Y577,False,KRAS,189,1d5a9ab11f64cb886d8ffa08a153c412b2d190fcf70e5690cd4b4c7efcdee53a,P01116,additional_six,False,-0.9133630196253458,0.47262875239054364,-9.209627151489258,-5.937480926513672,-7.9784955978393555,-7.708534558614095,51.0,25.0,141.0
context,P04049,U,False,False,38,TCHP,498,e6c92593971e7382364d852c85fe4338af0dfc5315a4ffd83b2fa48caf4f990d,Q9BT92,False,KRAS,189,1d5a9ab11f64cb886d8ffa08a153c412b2d190fcf70e5690cd4b4c7efcdee53a,P01116,additional_six,False,0.042917308397591114,-0.40394678463538486,-5.4330925941467285,-5.450028419494629,-5.347946643829346,-5.410355885823567,4.0,81.0,12.0
context,P04049,U,False,False,39,NCDN,729,b10cbd6bfd502f685b15305a48f07a69a6cf214af441eff35605ca7b87ad6e5f,Q9UBB6,False,KRAS,189,1d5a9ab11f64cb886d8ffa08a153c412b2d190fcf70e5690cd4b4c7efcdee53a,P01116,additional_six,False,-2.494497537612915,-0.2670445529123147,-8.933048248291016,-6.882935523986816,-6.434382438659668,-7.416788736979167,234.0,75.0,115.0
context,P04049,U,False,False,40,MKRN2,416,a2dc3019026430853f4f2fe8f8ff3e55367d6e432995ba9d7d90f282fd3ff20d,Q9H000,False,KRAS,189,1d5a9ab11f64cb886d8ffa08a153c412b2d190fcf70e5690cd4b4c7efcdee53a,P01116,additional_six,False,-0.8312526345252991,-1.104057788848877,-8.777064323425293,-11.49323844909668,-8.061631202697754,-9.443977991739908,44.0,143.0,240.0
context,P04049,U,False,False,41,ANKS6,871,f1f32ca4062e6bfd77338b0e474374439f3039994dd965e7f1fc3009bcf4b21d,Q68DC2,False,KRAS,189,1d5a9ab11f64cb886d8ffa08a153c412b2d190fcf70e5690cd4b4c7efcdee53a,P01116,additional_six,False,-1.132460594177246,0.49582426249980927,-9.01278305053711,-7.26364278793335,-8.882691383361816,-8.386372407277426,70.0,23.0,186.0
context,P04049,U,False,False,42,BCL3,454,baee5b5b45133f84edd3f52a9076b27785d0a9204cc1dbb8b38a7aeed08ed9c1,P20749,False,KRAS,189,1d5a9ab11f64cb886d8ffa08a153c412b2d190fcf70e5690cd4b4c7efcdee53a,P01116,additional_six,False,-0.13797660420338312,0.2409676412741343,-7.912204742431641,-6.886706829071045,-3.3114240169525146,-6.036778529485066,11.0,37.0,41.0
context,P04049,U,False,False,43,RBM27,1060,e6bbc422954f93bc41b5ff44a38722fd2c77fd470523888787e080b62fb481db,Q9P2N5,False,KRAS,189,1d5a9ab11f64cb886d8ffa08a153c412b2d190fcf70e5690cd4b4c7efcdee53a,P01116,additional_six,False,-1.0065435568491619,-0.48592854539553326,-8.751707077026367,-12.093971252441406,-7.934807777404785,-9.59349536895752,60.0,88.0,249.0
context,P04049,U,False,False,44,PLEKHA2,425,39956dead25a0fb3c326f997d6c9a0d27cad2d2df7cd545ea13f3f9130545815,Q9HB19,False,KRAS,189,1d5a9ab11f64cb886d8ffa08a153c412b2d190fcf70e5690cd4b4c7efcdee53a,P01116,additional_six,False,-0.8738925457000732,0.3975875775019328,-5.517638206481934,-5.348323345184326,-5.4225029945373535,-5.429488182067871,48.0,26.0,17.0
context,P04049,U,False,False,45,PARP10,1025,5e89794c690c13b1ed811f2e0e6ca9da8847ff3151be364a8e2edf0b037e89ed,Q53GL7,False,KRAS,189,1d5a9ab11f64cb886d8ffa08a153c412b2d190fcf70e5690cd4b4c7efcdee53a,P01116,additional_six,False,-0.8518577814102173,0.8059012095133463,-6.639355659484863,-7.236329555511475,-5.754560947418213,-6.543415387471517,46.0,12.0,68.0
context,P04049,U,False,False,46,TTLL1,423,7a6c988f5130733709199a618a4a6161deecc6696537e84328de8bc4fe67eba7,O95922,False,KRAS,189,1d5a9ab11f64cb886d8ffa08a153c412b2d190fcf70e5690cd4b4c7efcdee53a,P01116,additional_six,False,-3.7162378629048667,-4.942843596140544,-8.891315460205078,-9.100137710571289,-12.704591751098633,-10.232014973958334,290.0,300.0,267.0
context,P04049,U,False,False,47,TEKT5,485,b23aacd8ca6fecfe7f42be7dcfe2419a4ca001a5b4169978a8402c620ffbca0c,Q96M29,False,KRAS,189,1d5a9ab11f64cb886d8ffa08a153c412b2d190fcf70e5690cd4b4c7efcdee53a,P01116,additional_six,False,-1.4516436258951824,-0.8750038743019104,-8.064435005187988,-7.928502559661865,-7.71945333480835,-7.904130299886067,113.0,123.0,156.0
context,P04049,U,False,False,48,YTHDF3,585,ac613123bdfe3a0291f58c2670e9cd0e0ac896310f9c0a9a5710f5a2579a05cc,Q7Z739,False,KRAS,189,1d5a9ab11f64cb886d8ffa08a153c412b2d190fcf70e5690cd4b4c7efcdee53a,P01116,additional_six,False,-1.1891101201375325,-1.7405869166056316,-11.246532440185547,-11.02194881439209,-8.799806594848633,-10.356095949808756,76.0,181.0,269.0
context,P04049,U,False,False,49,CTNNA2,953,da2b0294884f50be2668c2fa926325ed2d2f2862eca173cfb51aa2df05998aaf,P26232,False,KRAS,189,1d5a9ab11f64cb886d8ffa08a153c412b2d190fcf70e5690cd4b4c7efcdee53a,P01116,additional_six,False,-0.9983839988708496,0.10634058713912964,-6.255578994750977,-4.933323383331299,-5.343067169189453,-5.510656515757243,59.0,43.0,23.0
context,P04049,U,False,False,50,LRSAM1,723,55a25f39b4108facbdd5b8896f8d16fe4ac52095d74ccd6c0a265b75531a14d3,Q6UWE0,False,KRAS,189,1d5a9ab11f64cb886d8ffa08a153c412b2d190fcf70e5690cd4b4c7efcdee53a,P01116,additional_six,False,-0.7965689500172933,0.550344983736674,-8.859569549560547,-6.663926124572754,-6.27134370803833,-7.264946460723877,40.0,20.0,105.0
context,P04049,U,False,False,51,GUCY1B1,619,6fcdebf98dccff66a1a51e13ffa8a15d3706ecfb58b84fa49b4817a7309b0353,Q02153,False,KRAS,189,1d5a9ab11f64cb886d8ffa08a153c412b2d190fcf70e5690cd4b4c7efcdee53a,P01116,additional_six,False,-2.008393963177999,-1.3614296515782673,-8.972908020019531,-6.469426155090332,-8.17060661315918,-7.870980262756348,184.0,161.0,154.0
context,P04049,U,False,False,52,DOC2A,400,d9119f87c5636d49ba9f71faeb07de8d7f47853905939ca9be7613809b2cac1f,Q14183,False,KRAS,189,1d5a9ab11f64cb886d8ffa08a153c412b2d190fcf70e5690cd4b4c7efcdee53a,P01116,additional_six,False,-0.6398855745792389,-0.12486976385116577,-7.2777628898620605,-6.455392360687256,-5.749696254730225,-6.494283835093181,28.0,59.0,65.0
context,P04049,U,False,False,53,FAM193B,902,e4c15868a6d406f1f07c973a88de5ff7ff5b9d877294fcdff9cb1b769b01536e,Q96PV7,False,KRAS,189,1d5a9ab11f64cb886d8ffa08a153c412b2d190fcf70e5690cd4b4c7efcdee53a,P01116,additional_six,False,-1.502373178799947,-0.486515740553538,-9.332660675048828,-8.428924560546875,-8.43704605102539,-8.732877095540365,125.0,89.0,203.0
background,P04049,U,False,False,54,AGBL2,902,8bab7c3ec14096f7b2f571f3621fdd3887f848ae19716a0cf9d3e658c6c64ed5,Q5U5Z8,False,KRAS,189,1d5a9ab11f64cb886d8ffa08a153c412b2d190fcf70e5690cd4b4c7efcdee53a,P01116,additional_six,False,-2.517630418141683,-2.651033957799276,-11.054573059082031,-7.778199672698975,-7.922519207000732,-8.91843064626058,236.0,248.0,217.0
background,P04049,U,False,False,55,ZFP92,416,8c631968361812d1a2bbcbed0a13e6f59b07653cb170f73001f73f4cebddc600,A6NM28,False,KRAS,189,1d5a9ab11f64cb886d8ffa08a153c412b2d190fcf70e5690cd4b4c7efcdee53a,P01116,additional_six,False,-3.3989665508270264,-3.105081081390381,-9.287111282348633,-9.817091941833496,-6.325923919677734,-8.476709047953287,282.0,268.0,192.0
background,P04049,U,False,False,56,TTC22,569,b65af53b135362116132cfa2067eceb89557375a97cb5f5e8fce2341b50dab68,Q5TAA0,False,KRAS,189,1d5a9ab11f64cb886d8ffa08a153c412b2d190fcf70e5690cd4b4c7efcdee53a,P01116,additional_six,False,-1.7293439308802288,-1.1699614922205608,-10.58581256866455,-6.312313079833984,-5.56712007522583,-7.488415241241455,145.0,150.0,122.0
background,P04049,U,False,False,57,HOXA10,410,6f4d4c78a95073491f19bad4794676920b0fdb0f66a062220d5964b1ac31494a,P31260,False,KRAS,189,1d5a9ab11f64cb886d8ffa08a153c412b2d190fcf70e5690cd4b4c7efcdee53a,P01116,additional_six,False,-1.8198220332463582,-2.641901652018229,-10.525306701660156,-9.556750297546387,-7.657512187957764,-9.246523062388102,159.0,245.0,230.0
background,P04049,U,False,False,58,RIOK2,552,2a0f0de1b3b97dd32c5fcd590eb525e7cf3945cd0ec6c4f99118a07cf306af71,Q9BVS4,False,KRAS,189,1d5a9ab11f64cb886d8ffa08a153c412b2d190fcf70e5690cd4b4c7efcdee53a,P01116,additional_six,False,-1.5690921942392986,-0.9334526509046555,-11.074488639831543,-8.17115306854248,-7.6652727127075195,-8.970304807027182,133.0,128.0,219.0
background,P04049,U,False,False,59,HR,1189,d41961595afab9168b7e6c1f71be7d9e450db8a11f27c763f220fae2aa71a885,O43593,False,KRAS,189,1d5a9ab11f64cb886d8ffa08a153c412b2d190fcf70e5690cd4b4c7efcdee53a,P01116,additional_six,False,-2.157308657964071,-1.1370444893836975,-7.31139612197876,-10.325681686401367,-6.195126533508301,-7.9440681139628095,196.0,145.0,159.0
background,P04049,U,False,False,60,REPS2,660,d00e168508f525324d4e9d4c568094f720b30567854e37aca8ecb2e8dc72f0c2,Q8NFH8,False,KRAS,189,1d5a9ab11f64cb886d8ffa08a153c412b2d190fcf70e5690cd4b4c7efcdee53a,P01116,additional_six,False,-2.095825751622518,-1.0295140345891316,-6.289764881134033,-6.480222702026367,-3.8741683959960938,-5.548051993052165,193.0,133.0,24.0
background,P04049,U,False,False,61,ADD2,726,76114ec28b9d858ebfeaed873969f09fd83c86e21bc945be949ed03a2bff8bcf,P35612,False,KRAS,189,1d5a9ab11f64cb886d8ffa08a153c412b2d190fcf70e5690cd4b4c7efcdee53a,P01116,additional_six,False,-1.0254140098889668,0.8746811797221502,-6.818999290466309,-6.055851936340332,-6.422459602355957,-6.432436943054199,64.0,11.0,60.0
background,P04049,U,False,False,62,CHST14,376,4bac311d1a97e0812aa380b6b7f095798d3b52c4f57642a12011e0c5785ec0da,Q8NCH0,False,KRAS,189,1d5a9ab11f64cb886d8ffa08a153c412b2d190fcf70e5690cd4b4c7efcdee53a,P01116,additional_six,False,-3.261219104131063,-2.4838479359944663,-13.09459400177002,-10.516087532043457,-11.545550346374512,-11.718743960062662,279.0,240.0,293.0
background,P04049,U,False,False,63,SLC9C1,1177,4808633602183e9d9a465c7d26f643a82fa208a0c358785f01d8b4b39d4968ce,Q4G0N8,False,KRAS,189,1d5a9ab11f64cb886d8ffa08a153c412b2d190fcf70e5690cd4b4c7efcdee53a,P01116,additional_six,False,-2.7886300881703696,-3.3978496392567954,-9.043031692504883,-9.555643081665039,-5.98896598815918,-8.195880254109701,255.0,279.0,179.0
background,P04049,U,False,False,64,GJA4,333,55234508c03b80d4d6aeac1840e00da730537851fb76d77248cf3c2ff4604577,P35212,False,KRAS,189,1d5a9ab11f64cb886d8ffa08a153c412b2d190fcf70e5690cd4b4c7efcdee53a,P01116,additional_six,False,-2.3593087991078696,-2.549466848373413,-12.440152168273926,-12.458732604980469,-12.844316482543945,-12.581067085266113,218.0,243.0,300.0
background,P04049,U,False,False,65,ALG11,492,3b457911a95385f176d2a7b86e6322052b9a417eb3693c0813e8449d0e2a9e40,Q2TAA5,False,KRAS,189,1d5a9ab11f64cb886d8ffa08a153c412b2d190fcf70e5690cd4b4c7efcdee53a,P01116,additional_six,False,-1.9354534943898518,-3.1273128191630044,-12.385843276977539,-11.289263725280762,-12.094475746154785,-11.92319424947103,171.0,270.0,295.0
background,P04049,U,False,False,66,TSEN2,465,57e6edf18e7ae33f476f516a7efa524b2143018ab6a81bcd2cde6500bd046dc3,Q8NCE0,False,KRAS,189,1d5a9ab11f64cb886d8ffa08a153c412b2d190fcf70e5690cd4b4c7efcdee53a,P01116,additional_six,False,-1.6809239784876506,-1.748510440190633,-8.002813339233398,-8.609960556030273,-6.777585506439209,-7.796786467234294,141.0,184.0,149.0
background,P04049,U,False,False,67,AFG1L,481,14c937dedb42728f36c708c2aa1e7fe0c184f2f61e771ffc9dffab9eeff33506,Q8WV93,False,KRAS,189,1d5a9ab11f64cb886d8ffa08a153c412b2d190fcf70e5690cd4b4c7efcdee53a,P01116,additional_six,False,-1.4664649963378906,-2.635393261909485,-10.182811737060547,-9.44148063659668,-9.655912399291992,-9.76006825764974,115.0,244.0,254.0
background,P04049,U,False,False,68,TMEM201,666,0a5d17ef11a9cc8ba839bc4f966863582f15a18681be9af7e48649ec1226cf62,Q5SNT2,False,KRAS,189,1d5a9ab11f64cb886d8ffa08a153c412b2d190fcf70e5690cd4b4c7efcdee53a,P01116,additional_six,False,-0.7545327544212341,0.0398297111193339,-10.912100791931152,-10.945345878601074,-11.409046173095703,-11.088830947875977,35.0,48.0,285.0
background,P04049,U,False,False,69,SUSD4,490,868c124a703e0a6d84c73d4addb121d7fb8786414b4f935ac32b9600c6b7f7f4,Q5VX71,False,KRAS,189,1d5a9ab11f64cb886d8ffa08a153c412b2d190fcf70e5690cd4b4c7efcdee53a,P01116,additional_six,False,-1.7577168146769206,-2.0863300959269204,-12.169133186340332,-10.899312019348145,-9.185090065002441,-10.751178423563639,152.0,217.0,280.0
background,P04049,U,False,False,70,SLCO6A1,719,1481ef5ead9d55a09e97cfaf9362b2a4b58b12f11b98d4942f6e62d434b9062e,Q86UG4,False,KRAS,189,1d5a9ab11f64cb886d8ffa08a153c412b2d190fcf70e5690cd4b4c7efcdee53a,P01116,additional_six,False,-5.5689568519592285,-6.2849734624226885,-9.961807250976562,-13.818739891052246,-13.245787620544434,-12.342111587524414,303.0,303.0,298.0
background,P04049,U,False,False,71,EARS2,523,4e28646f1c91c203231419eb2e672c476349b3ad9568c7328cefbe5258089647,Q5JPH6,False,KRAS,189,1d5a9ab11f64cb886d8ffa08a153c412b2d190fcf70e5690cd4b4c7efcdee53a,P01116,additional_six,False,-2.224996248881022,-2.6455589135487876,-8.64328670501709,-7.5519866943359375,-5.348466396331787,-7.1812465985616045,205.0,246.0,100.0
background,P04049,U,False,False,72,ZNF619,560,5b699e3d26ae754683a6e45d99952343cc804683b63071464011fcf32529d68a,Q8N2I2,False,KRAS,189,1d5a9ab11f64cb886d8ffa08a153c412b2d190fcf70e5690cd4b4c7efcdee53a,P01116,additional_six,False,-3.2163120110829673,-3.0216050942738852,-7.998387813568115,-7.6993303298950195,-8.936302185058594,-8.211340109507242,278.0,265.0,180.0
background,P04049,U,False,False,73,VIPAS39,493,d120cddffea9d2e50c5eab904f68823176ffae91cd0e3178dbe90a9f78bad71c,Q9H9C1,False,KRAS,189,1d5a9ab11f64cb886d8ffa08a153c412b2d190fcf70e5690cd4b4c7efcdee53a,P01116,additional_six,False,-0.581555167833964,-0.5184649725755056,-6.440757751464844,-6.298551559448242,-4.3887038230896,-5.7093377113342285,26.0,92.0,27.0
background,P04049,U,False,False,74,SNW1,536,9b024ea8d7b4f9eb296ce8467e73d1b5fd17628fc34c2ca053755d33162c88bc,Q13573,False,KRAS,189,1d5a9ab11f64cb886d8ffa08a153c412b2d190fcf70e5690cd4b4c7efcdee53a,P01116,additional_six,False,-1.2110613981882732,-2.521394689877828,-6.781225681304932,-6.162591934204102,-7.094149112701416,-6.679322242736816,79.0,242.0,78.0
background,P04049,U,False,False,75,FGFR3,806,9c4089da85ef3c06dde2c14def7afc4a2e1452947ca9abf34025f90a101db770,P22607,False,KRAS,189,1d5a9ab11f64cb886d8ffa08a153c412b2d190fcf70e5690cd4b4c7efcdee53a,P01116,additional_six,False,-1.8658780256907146,-2.729407787322998,-8.536270141601562,-9.709980964660645,-9.058399200439453,-9.101550102233887,162.0,253.0,225.0
background,P04049,U,False,False,76,CDS2,445,5c7f7e597afea2aab583cc1ef094f67984395d4ae00412212cd0506ac2a7c555,O95674,False,KRAS,189,1d5a9ab11f64cb886d8ffa08a153c412b2d190fcf70e5690cd4b4c7efcdee53a,P01116,additional_six,False,-2.278817653656006,-2.9479900201161704,-8.874650001525879,-10.572941780090332,-10.460993766784668,-9.969528516133627,208.0,262.0,264.0
background,P04049,U,False,False,77,CYP1A2,516,db82445986c3c5c7bcb87120e3f23fa9423893de8fb554f183c5c666088f41ef,P05177,False,KRAS,189,1d5a9ab11f64cb886d8ffa08a153c412b2d190fcf70e5690cd4b4c7efcdee53a,P01116,additional_six,False,-1.224441130956014,-2.6992934544881186,-11.544414520263672,-10.742047309875488,-10.696325302124023,-10.99426237742106,82.0,250.0,283.0
background,P04049,U,False,False,78,LONRF2,754,39408b074bd7b58abef035afd652fb06c0d966aaa9e5177c9f9f8159f6be0766,Q1L5Z9,False,KRAS,189,1d5a9ab11f64cb886d8ffa08a153c412b2d190fcf70e5690cd4b4c7efcdee53a,P01116,additional_six,False,-0.6613588333129883,-0.24929515520731607,-6.647060394287109,-6.8719162940979,-5.7462921142578125,-6.421756267547607,29.0,71.0,59.0
background,P04049,U,False,False,79,DHX36,1008,a2a7b1b56a5a06b0b89d91f032352c7c916c73f6b561a5e753758b959110241d,Q9H2U1,False,KRAS,189,1d5a9ab11f64cb886d8ffa08a153c412b2d190fcf70e5690cd4b4c7efcdee53a,P01116,additional_six,False,-1.849666158358256,-2.357884168624878,-8.533672332763672,-9.160015106201172,-6.587077617645264,-8.09358835220337,161.0,232.0,172.0
background,P04049,U,False,False,80,FSCN1,493,2b786a6db716e3e887b22be571240bab2f5ece00a09ed5d79924f54bbed70aba,Q16658,False,KRAS,189,1d5a9ab11f64cb886d8ffa08a153c412b2d190fcf70e5690cd4b4c7efcdee53a,P01116,additional_six,False,-4.305712540944417,-2.964592536290487,-7.058767795562744,-7.272768974304199,-9.606169700622559,-7.979235490163167,300.0,264.0,162.0
background,P04049,U,False,False,81,PDLIM1,329,35583db46f26e270e0ea8d841c0c113d3218a65ac07c6c8c71ee1760594cda6d,O00151,False,KRAS,189,1d5a9ab11f64cb886d8ffa08a153c412b2d190fcf70e5690cd4b4c7efcdee53a,P01116,additional_six,False,-0.17626206576824188,0.6496768842140833,-6.904756546020508,-6.181987762451172,-8.691678047180176,-7.259474118550618,12.0,17.0,104.0
background,P04049,U,False,False,82,GAB2,676,b03a8c9bd3e43036f061136e9747bdb07c4a41289b0991a2276e3de824cb3061,Q9UQC2,False,KRAS,189,1d5a9ab11f64cb886d8ffa08a153c412b2d190fcf70e5690cd4b4c7efcdee53a,P01116,additional_six,False,-1.3899772961934407,-0.6281295816103617,-5.444782257080078,-6.468029499053955,-6.480145454406738,-6.130985736846924,107.0,100.0,47.0
background,P04049,U,False,False,83,PGBD1,809,b64f124bac81776bc77032f2b6110955f1db1595c8c8f67c1454c9918e9e6af7,Q96JS3,False,KRAS,189,1d5a9ab11f64cb886d8ffa08a153c412b2d190fcf70e5690cd4b4c7efcdee53a,P01116,additional_six,False,-2.760894219080607,-1.8765616416931152,-8.713263511657715,-9.947491645812988,-7.557370185852051,-8.739375114440918,253.0,195.0,205.0
background,P04049,U,False,False,84,PRKACG,351,591397ef57f714f1939e30a9f006ce11d50e3fa7aeaceeee4ca4602089a50e33,P22612,False,KRAS,189,1d5a9ab11f64cb886d8ffa08a153c412b2d190fcf70e5690cd4b4c7efcdee53a,P01116,additional_six,False,-2.4548800786336265,-2.8591346740722656,-6.462163925170898,-7.661678314208984,-7.935280799865723,-7.353041013081868,230.0,258.0,110.0
background,P04049,U,False,False,85,TRIM35,493,ce4a4ebdeebaa808345bcb094f6ac44989145d4cc3df6f15002cb8980978e5bc,Q9UPQ4,False,KRAS,189,1d5a9ab11f64cb886d8ffa08a153c412b2d190fcf70e5690cd4b4c7efcdee53a,P01116,additional_six,False,-0.7775474588076273,0.3474527895450592,-6.8312788009643555,-6.627868175506592,-4.535139083862305,-5.998095353444417,38.0,30.0,37.0
background,P04049,U,False,False,86,SYBU,663,3ec8cff5fb99a489aefb17a3816725cc8d63e45a77102cef665d71ecc62976e2,Q9NX95,False,KRAS,189,1d5a9ab11f64cb886d8ffa08a153c412b2d190fcf70e5690cd4b4c7efcdee53a,P01116,additional_six,False,-0.041207218542695045,1.0598357617855072,-5.864337921142578,-7.422419548034668,-2.9969136714935303,-5.427890380223592,6.0,6.0,15.0
background,P04049,U,False,False,87,NDUFS1,727,30b80fc412ae4a00d34b36e76c2805470bff1ac8c20265f97908ef18ec521ca7,P28331,False,KRAS,189,1d5a9ab11f64cb886d8ffa08a153c412b2d190fcf70e5690cd4b4c7efcdee53a,P01116,additional_six,False,-2.8398876190185547,-1.9935603539148967,-10.29364013671875,-6.899664402008057,-10.482500076293945,-9.225268205006918,261.0,207.0,229.0
background,P04049,U,False,False,88,ZNF592,1267,100166058c543435fbbc47eb7d1c1e1be6a7cc00b4b76b06226e74f9cd42fd5e,Q92610,False,KRAS,189,1d5a9ab11f64cb886d8ffa08a153c412b2d190fcf70e5690cd4b4c7efcdee53a,P01116,additional_six,False,-2.18830943107605,-0.754768451054891,-9.634500503540039,-9.861395835876465,-7.7736592292785645,-9.08985185623169,199.0,113.0,223.0
background,P04049,U,False,False,89,GRIN3A,1115,03152ba679c4454fc789615d78d0ea579615a1e6753e172646a69ac5294c2776,Q8TCU5,False,KRAS,189,1d5a9ab11f64cb886d8ffa08a153c412b2d190fcf70e5690cd4b4c7efcdee53a,P01116,additional_six,False,-1.5500860214233398,-2.2763957182566323,-11.905048370361328,-12.64362621307373,-11.015893936157227,-11.854856173197428,131.0,225.0,294.0
background,P04049,U,False,False,90,AGFG1,562,c27e0a475f18c221b157141cf50f9cc0bdd370d17e95ca1301a9cc99fb3b40d3,P52594,False,KRAS,189,1d5a9ab11f64cb886d8ffa08a153c412b2d190fcf70e5690cd4b4c7efcdee53a,P01116,additional_six,False,-3.064732551574707,-1.783722162246704,-9.677041053771973,-8.808073043823242,-8.143868446350098,-8.876327514648438,271.0,185.0,215.0
background,P04049,U,False,False,91,INF2,1249,b19db2ebbfc133ce87a483b18e747f3aebb59aa94adbb9c56ee019eaf74108fe,Q27J81,False,KRAS,189,1d5a9ab11f64cb886d8ffa08a153c412b2d190fcf70e5690cd4b4c7efcdee53a,P01116,additional_six,False,-2.875898838043213,-0.6520685354868571,-8.129181861877441,-7.654238224029541,-7.349339962005615,-7.710920015970866,262.0,103.0,142.0
background,P04049,U,False,False,92,TEKT2,430,8e9b090d0c1cf8184a00cc6e641f8e93dafd52802a4215c2aa0bd1a3b4e33e0c,Q9UIF3,False,KRAS,189,1d5a9ab11f64cb886d8ffa08a153c412b2d190fcf70e5690cd4b4c7efcdee53a,P01116,additional_six,False,-1.2815498908360798,0.18974111477533975,-9.097012519836426,-6.2098565101623535,-7.073698043823242,-7.460189024607341,88.0,41.0,121.0
background,P04049,U,False,False,93,SIRT7,400,34ffd0d733956315a3e7f397559509e0e49be81e544bbacc713eaf6834591d45,Q9NRC8,False,KRAS,189,1d5a9ab11f64cb886d8ffa08a153c412b2d190fcf70e5690cd4b4c7efcdee53a,P01116,additional_six,False,-1.329898436864217,-1.0323264102141063,-8.569167137145996,-7.286193370819092,-6.0621867179870605,-7.305849075317383,95.0,134.0,108.0
background,P04049,U,False,False,94,ADAMTSL5,481,49d2bcd69d651fc4d5c779c770f67a4c2e75a8da4eae6da26e94574214657de4,Q6ZMM2,False,KRAS,189,1d5a9ab11f64cb886d8ffa08a153c412b2d190fcf70e5690cd4b4c7efcdee53a,P01116,additional_six,False,-2.162440856297811,-0.560985247294108,-10.308324813842773,-7.641238689422607,-8.357514381408691,-8.769025961558023,197.0,94.0,207.0
background,P04049,U,False,False,95,PLA2G3,509,0af2fd47dc590982040312618920cd4ad4bfc322043fffb0084b4338a46120d1,Q9NZ20,False,KRAS,189,1d5a9ab11f64cb886d8ffa08a153c412b2d190fcf70e5690cd4b4c7efcdee53a,P01116,additional_six,False,-4.216949939727783,-2.7230735619862876,-8.400904655456543,-10.743119239807129,-5.424639701843262,-8.189554532368978,297.0,251.0,177.0
background,P04049,U,False,False,96,PGLYRP3,341,176cec8b31231639f8be5c35ee2175bc0df169f608355d127eb07b7a0a6ac4f9,Q96LB9,False,KRAS,189,1d5a9ab11f64cb886d8ffa08a153c412b2d190fcf70e5690cd4b4c7efcdee53a,P01116,additional_six,False,-4.311266263326009,-5.195735613505046,-12.825260162353516,-10.94597053527832,-12.90848445892334,-12.226571718851725,301.0,301.0,296.0
background,P04049,U,False,False,97,CCNT2,730,8a8be6b0927fe0dd4f3ead411ea71938dfab6c6c430f85cc81ef2aff0b8239cb,O60583,False,KRAS,189,1d5a9ab11f64cb886d8ffa08a153c412b2d190fcf70e5690cd4b4c7efcdee53a,P01116,additional_six,False,-1.7236208120981853,-0.9645821650822958,-9.284500122070312,-8.972505569458008,-8.242729187011719,-8.833244959513346,143.0,130.0,212.0
background,P04049,U,False,False,98,SYT7,403,94903cc6d1261a206a8e101ba208f00a958d0e11195c6077519851c507ae9dcb,O43581,False,KRAS,189,1d5a9ab11f64cb886d8ffa08a153c412b2d190fcf70e5690cd4b4c7efcdee53a,P01116,additional_six,False,-0.8828393618265787,-0.40174467364947003,-7.11185884475708,-4.762650966644287,-7.8339524269104,-6.569487412770589,49.0,80.0,71.0
background,P04049,U,False,False,99,SPATA1,459,d6b18a35bac6cf593489de810d6e00527d48bd116b35b93e5bfe6dafa93f53dc,Q5VX52,False,KRAS,189,1d5a9ab11f64cb886d8ffa08a153c412b2d190fcf70e5690cd4b4c7efcdee53a,P01116,additional_six,False,-1.9396402835845947,-0.4310538371404012,-7.7889404296875,-9.73430061340332,-6.982875347137451,-8.168705463409424,173.0,84.0,175.0
background,P04049,U,False,False,100,ACTL6A,429,a6dbc50f8caac2c85a2b66a2a880e57de5c73671387b960b98820eb6b71dc02f,O96019,False,KRAS,189,1d5a9ab11f64cb886d8ffa08a153c412b2d190fcf70e5690cd4b4c7efcdee53a,P01116,additional_six,False,-3.8406693935394287,-3.4483381112416587,-8.13351058959961,-6.988154888153076,-7.836307048797607,-7.652657508850098,294.0,280.0,133.0
background,P04049,U,False,False,101,KRT76,638,1478558bb131cc2dcbc00d6f3b63c5a0aae6c07bb0e384d3369fc6ff678463c6,Q01546,False,KRAS,189,1d5a9ab11f64cb886d8ffa08a153c412b2d190fcf70e5690cd4b4c7efcdee53a,P01116,additional_six,False,-0.21183133001128832,-0.44967135787010193,-6.374627590179443,-7.102807998657227,-5.990818023681641,-6.4894178708394366,14.0,85.0,64.0
background,P04049,U,False,False,102,JRKL,524,d569dfccbd5ea4faa43182fb3796b3bb742f0968f4a4ada945f807ed636694e1,Q9Y4A0,False,KRAS,189,1d5a9ab11f64cb886d8ffa08a153c412b2d190fcf70e5690cd4b4c7efcdee53a,P01116,additional_six,False,-2.572631518046061,-2.374936898549398,-5.506582736968994,-8.235434532165527,-7.296894073486328,-7.012970447540283,243.0,233.0,93.0
background,P04049,U,False,False,103,GXYLT2,443,98f13c0d4d1f5549007764a6fb3f71452f57499ccfee5aa9ba1d24dae40e2b54,A0PJZ3,False,KRAS,189,1d5a9ab11f64cb886d8ffa08a153c412b2d190fcf70e5690cd4b4c7efcdee53a,P01116,additional_six,False,-3.7360591093699136,-3.889009475708008,-5.535516262054443,-8.236276626586914,-10.813243865966797,-8.19501225153605,291.0,290.0,178.0
context,P15056,U,False,False,104,NFKB2,900,d93e784edb1dfe8f1af2e1ba7d9891a3e7040a1d795ff9291cb70cb52a3e65d9,Q00653,False,KRAS,189,1d5a9ab11f64cb886d8ffa08a153c412b2d190fcf70e5690cd4b4c7efcdee53a,P01116,additional_six,False,-0.6942519942919413,-0.3572873001297315,-10.521467208862305,-7.46900749206543,-5.579769134521484,-7.856747945149739,31.0,78.0,153.0
context,P15056,U,False,False,105,TTLL4,1199,588142d5e7e740c97de5c16ef4ac2951eb0667b8587abc01e39d94bb2a28c2d1,Q14679,False,KRAS,189,1d5a9ab11f64cb886d8ffa08a153c412b2d190fcf70e5690cd4b4c7efcdee53a,P01116,additional_six,False,-3.6211229960123696,-3.296422004699707,-8.332967758178711,-8.324735641479492,-10.557172775268555,-9.071625391642252,289.0,276.0,222.0
context,P15056,U,False,False,106,WARS1,471,7f953b08cbe3d816e5093183350e3b80e092fe64e78e2880ddaf03c886a485c1,P23381,False,KRAS,189,1d5a9ab11f64cb886d8ffa08a153c412b2d190fcf70e5690cd4b4c7efcdee53a,P01116,additional_six,False,-2.7390384674072266,-3.901085456212362,-8.550850868225098,-8.554659843444824,-12.333680152893066,-9.813063621520996,252.0,291.0,256.0
context,P15056,U,False,False,107,PGR,933,55af49dbd176eaddc736537238e00422c66a0de2d3ff6fb967010908ca36a64d,P06401,False,KRAS,189,1d5a9ab11f64cb886d8ffa08a153c412b2d190fcf70e5690cd4b4c7efcdee53a,P01116,additional_six,False,-2.2173442045847573,-1.9867755969365437,-10.338325500488281,-12.192376136779785,-7.135665416717529,-9.8887890179952,204.0,205.0,261.0
context,P15056,U,False,False,108,URI1,535,49162c510cdb5a79943ab0915c9de494815ff94c43d7a43aa5ad2f6e134bc5dd,O94763,False,KRAS,189,1d5a9ab11f64cb886d8ffa08a153c412b2d190fcf70e5690cd4b4c7efcdee53a,P01116,additional_six,False,-1.212267796198527,-0.7028677562872568,-9.086910247802734,-9.44968318939209,-7.420434951782227,-8.652342796325684,80.0,107.0,197.0
context,P15056,U,False,False,109,NLRC3,1065,09ec150847376204f4b0436920dc5623ce9ff39018cf7847bb7b1773b0499423,Q7RTR2,False,KRAS,189,1d5a9ab11f64cb886d8ffa08a153c412b2d190fcf70e5690cd4b4c7efcdee53a,P01116,additional_six,False,-2.322650988896688,-1.331997275352478,-8.628610610961914,-10.422598838806152,-6.013979911804199,-8.355063120524088,212.0,159.0,184.0
context,P15056,U,False,False,110,CYTH3,400,4ff928ed0b2c5ed98d893799c63cca067fe0c69ca53778048468fed963c94319,O43739,False,KRAS,189,1d5a9ab11f64cb886d8ffa08a153c412b2d190fcf70e5690cd4b4c7efcdee53a,P01116,additional_six,False,-1.4923733075459797,-1.6615896622339885,-6.379265785217285,-7.242919445037842,-7.286660671234131,-6.969615300496419,123.0,178.0,89.0
context,P15056,U,False,False,111,RIPK2,540,d9fc79386f5526c967b0d5b31bf5d0a5c90e715870f3b6c45418a179469d91cf,O43353,False,KRAS,189,1d5a9ab11f64cb886d8ffa08a153c412b2d190fcf70e5690cd4b4c7efcdee53a,P01116,additional_six,False,-1.9086342652638753,-1.3444254000981648,-10.476795196533203,-7.986851215362549,-7.45025110244751,-8.63796583811442,167.0,160.0,196.0
context,P15056,U,False,False,112,BTBD3,522,8136c06f165a1c2f87276c964223f53dbd079853851b7707878ddaa41a229443,Q9Y2F9,False,KRAS,189,1d5a9ab11f64cb886d8ffa08a153c412b2d190fcf70e5690cd4b4c7efcdee53a,P01116,additional_six,False,-1.298096736272176,-0.5833058754603068,-9.091957092285156,-10.912134170532227,-6.366055965423584,-8.790049076080322,91.0,95.0,209.0
context,P15056,U,False,False,113,KBTBD7,684,5a9d2fb7a6a8b5e82b51333c7eff7b32c4e4d639f6750960995edf259718d71e,Q8WVZ9,False,KRAS,189,1d5a9ab11f64cb886d8ffa08a153c412b2d190fcf70e5690cd4b4c7efcdee53a,P01116,additional_six,False,-1.6730310122172039,-1.1074166893959045,-8.316061019897461,-7.79721212387085,-6.99798583984375,-7.7037529945373535,140.0,144.0,140.0
context,P15056,U,False,False,114,MAPK8IP2,824,26e7a498aacb19062c32fdbfda2a9e113fdac22c12854524933c893be747dea1,Q13387,False,KRAS,189,1d5a9ab11f64cb886d8ffa08a153c412b2d190fcf70e5690cd4b4c7efcdee53a,P01116,additional_six,False,-0.045882172882556915,0.5560966928799947,-6.9329986572265625,-7.417232513427734,-5.212087631225586,-6.520772933959961,7.0,19.0,66.0
context,P15056,U,False,False,115,NPTX1,432,2e9496b01999fff2c2e7d658adc7e483859714be26a56a3f833367daf6837ca9,Q15818,False,KRAS,189,1d5a9ab11f64cb886d8ffa08a153c412b2d190fcf70e5690cd4b4c7efcdee53a,P01116,additional_six,False,-2.4490060806274414,-3.970475514729818,-9.981480598449707,-9.891023635864258,-8.61583137512207,-9.496111869812012,228.0,292.0,245.0
context,P15056,U,False,False,116,MARK1,795,176199afb705c1ca8070a539b7a0be426bb7d62f2001c8588526004be803672b,Q9P0L2,False,KRAS,189,1d5a9ab11f64cb886d8ffa08a153c412b2d190fcf70e5690cd4b4c7efcdee53a,P01116,additional_six,False,-0.5327478448549906,0.16351969043413797,-4.876844882965088,-4.725744247436523,-4.734577655792236,-4.779055595397949,25.0,42.0,5.0
context,P15056,U,False,False,117,TRMT5,509,e595fc95f2201a449371acfb392ae27439d70ee8d445b36a2dd5dc9cb819c2ff,Q32P41,False,KRAS,189,1d5a9ab11f64cb886d8ffa08a153c412b2d190fcf70e5690cd4b4c7efcdee53a,P01116,additional_six,False,-1.7325492699940999,-2.4588434298833213,-10.873922348022461,-9.087630271911621,-13.645304679870605,-11.202285766601562,146.0,238.0,286.0
context,P15056,U,False,False,118,PLEKHG5,1006,f4f29509d4b66247407ff9c530a3b8b7e9f21591af8f1cbc206bbb9d35d84092,O94827,False,KRAS,189,1d5a9ab11f64cb886d8ffa08a153c412b2d190fcf70e5690cd4b4c7efcdee53a,P01116,additional_six,False,-1.7441014846165974,0.3894971211751302,-5.53410530090332,-6.361465930938721,-6.159490585327148,-6.0183539390563965,147.0,27.0,39.0
context,P15056,U,False,False,119,AP2A2,939,6bd11719ea8bf56c1a0b391d544161d79cfd5575f7f509fa0da5394d07895b25,O94973,False,KRAS,189,1d5a9ab11f64cb886d8ffa08a153c412b2d190fcf70e5690cd4b4c7efcdee53a,P01116,additional_six,False,-1.931888222694397,-1.8278019428253174,-6.867834568023682,-6.559711933135986,-7.110212326049805,-6.845919609069824,170.0,192.0,84.0
context,P15056,U,False,False,120,LZTS2,669,577840dd6d6d84e321854567bac1aa1f09534df5bcbbf385eab191235c76291f,Q9BRK4,False,KRAS,189,1d5a9ab11f64cb886d8ffa08a153c412b2d190fcf70e5690cd4b4c7efcdee53a,P01116,additional_six,False,-0.6675377090771993,0.3460303544998169,-5.841517925262451,-7.584961891174316,-2.901190757751465,-5.442556858062744,30.0,31.0,18.0
context,P15056,U,False,False,121,ATG16L2,619,c780f1a1b59b76e4ea7448ed7aa6747c5445ed7d2e85d080896ffb17c6c66e0e,Q8NAA4,False,KRAS,189,1d5a9ab11f64cb886d8ffa08a153c412b2d190fcf70e5690cd4b4c7efcdee53a,P01116,additional_six,False,-1.292986790339152,-0.7766072750091553,-7.691311359405518,-7.4732890129089355,-5.108144283294678,-6.75758155186971,90.0,115.0,82.0
context,P15056,U,False,False,122,N4BP3,544,af9bafb4caa068de71a0bcd852f44fe59009ab677066cc9186292eb3d9f91c5b,O15049,False,KRAS,189,1d5a9ab11f64cb886d8ffa08a153c412b2d190fcf70e5690cd4b4c7efcdee53a,P01116,additional_six,False,-0.3274512439966202,0.5917344490687052,-6.86782169342041,-5.624750137329102,-2.0390264987945557,-4.8438661098480225,19.0,18.0,6.0
context,P15056,U,False,False,123,ZBED4,1171,de5053f78cd2a2e2e7f13afbec90ca362c266d0fb2e9ab2bee4b33c19412ed47,O75132,False,KRAS,189,1d5a9ab11f64cb886d8ffa08a153c412b2d190fcf70e5690cd4b4c7efcdee53a,P01116,additional_six,False,-1.8128418525060017,-0.7371420661608378,-9.950883865356445,-8.768314361572266,-10.882165908813477,-9.867121378580729,157.0,111.0,259.0
context,P15056,U,False,False,124,LPXN,386,3dca755a0e8feeb6964b19f68d2c263ddba42070eb05bb66f16c4545a1459309,O60711,False,KRAS,189,1d5a9ab11f64cb886d8ffa08a153c412b2d190fcf70e5690cd4b4c7efcdee53a,P01116,additional_six,False,-1.1968460083007812,-0.1809925635655721,-5.867003917694092,-5.6856560707092285,-5.485546112060547,-5.679402033487956,77.0,67.0,26.0
context,P15056,U,False,False,125,TSKS,592,e599ae05b24a47eec96c4f17c824f0a98b6fec93ac35db2121e8d74037bda927,Q9UJT2,False,KRAS,189,1d5a9ab11f64cb886d8ffa08a153c412b2d190fcf70e5690cd4b4c7efcdee53a,P01116,additional_six,False,-0.7888891100883484,1.020751158396403,-7.933956146240234,-5.48420524597168,-5.750415325164795,-6.389525572458903,39.0,7.0,56.0
context,P15056,U,False,False,126,SCG3,468,43eb5c5c7ccb866801d0a57fe5b98f4ec3b23a9dd77dcaaf56d5d617d88f5e88,Q8WXD2,False,KRAS,189,1d5a9ab11f64cb886d8ffa08a153c412b2d190fcf70e5690cd4b4c7efcdee53a,P01116,additional_six,False,-1.1498550573984783,-1.8032429218292236,-12.176679611206055,-10.920683860778809,-11.625114440917969,-11.574159304300943,72.0,188.0,292.0
context,P15056,U,False,False,127,DHX29,1369,a9f5a9f72a0a9f4baa5e2c5dadcd5de28b9b7d94420f8fba2f36dffa95e4c7d1,Q7Z478,False,KRAS,189,1d5a9ab11f64cb886d8ffa08a153c412b2d190fcf70e5690cd4b4c7efcdee53a,P01116,additional_six,False,-2.2350929578145347,-2.1658472220102944,-9.41405963897705,-10.005596160888672,-8.068914413452148,-9.162856737772623,206.0,221.0,227.0
context,P15056,U,False,False,128,NLRP12,1061,bce6651626bc9258af23c58ddfbca47d706459e69af5549240221e21b61f6d46,P59046,False,KRAS,189,1d5a9ab11f64cb886d8ffa08a153c412b2d190fcf70e5690cd4b4c7efcdee53a,P01116,additional_six,False,-2.0774358113606772,-1.563215176264445,-10.895687103271484,-9.840295791625977,-5.517166614532471,-8.751049836476644,191.0,174.0,206.0
context,P15056,U,False,False,129,PLOD2,737,6109f253f8c90a70c52e4952892c084436febce991d090f89231b8494689698a,O00469,False,KRAS,189,1d5a9ab11f64cb886d8ffa08a153c412b2d190fcf70e5690cd4b4c7efcdee53a,P01116,additional_six,False,-3.0726699829101562,-3.2503244876861572,-8.841939926147461,-8.371577262878418,-8.938538551330566,-8.717351913452148,272.0,275.0,201.0
context,P15056,U,False,False,130,KIF16B,1317,b3135505e09c26467d13efb309c6a4a7dae381d5902b8d8976dffaa1ff11a70d,Q96L93,False,KRAS,189,1d5a9ab11f64cb886d8ffa08a153c412b2d190fcf70e5690cd4b4c7efcdee53a,P01116,additional_six,False,-1.3431615829467773,-0.6447518368562063,-6.607665061950684,-6.0360612869262695,-5.9225544929504395,-6.188760280609131,98.0,101.0,49.0
context,P15056,U,False,False,131,INPP5E,644,dee4d5c1a942e96fa77c8612a7788ad3d0662f74025d8d9f474f2d179822f19c,Q9NRR6,False,KRAS,189,1d5a9ab11f64cb886d8ffa08a153c412b2d190fcf70e5690cd4b4c7efcdee53a,P01116,additional_six,False,-1.1544750928878784,-0.49764955043792725,-6.2111616134643555,-6.953695297241211,-4.2760233879089355,-5.813626766204834,73.0,90.0,31.0
context,P15056,U,False,False,132,PINK1,581,3d5e8f2da03741c23b228650840e624d817719e8cb796c9585b7397eae85ca19,Q9BXM7,False,KRAS,189,1d5a9ab11f64cb886d8ffa08a153c412b2d190fcf70e5690cd4b4c7efcdee53a,P01116,additional_six,False,-2.7941179275512695,-1.24665105342865,-10.450615882873535,-7.799330711364746,-5.516456604003906,-7.9221343994140625,257.0,155.0,157.0
context,P15056,U,False,False,133,AFG2A,893,e10a8624fabb3de5727a9f06d89b0a170f6a5d9d88a8be9fcf30423866493f9b,Q8NB90,False,KRAS,189,1d5a9ab11f64cb886d8ffa08a153c412b2d190fcf70e5690cd4b4c7efcdee53a,P01116,additional_six,False,-0.953718105951945,-0.7274784445762634,-5.568965435028076,-7.750561714172363,-7.671619892120361,-6.997049013773601,54.0,110.0,92.0
context,P15056,U,False,False,134,STRADB,418,bcd53ec639f6c5ea983a1c33505ebf0539635b1f3491d42995d5ec001f1d71b8,Q9C0K7,False,KRAS,189,1d5a9ab11f64cb886d8ffa08a153c412b2d190fcf70e5690cd4b4c7efcdee53a,P01116,additional_six,False,-0.8442323406537374,0.6580771406491598,-6.296070575714111,-5.613796710968018,-5.908088207244873,-5.939318497975667,45.0,16.0,34.0
context,P15056,U,False,False,135,KANK4,995,0739b6966d803dce6a89969dd6f615e995acf93f742626d797c26c496f002fa9,Q5T7N3,False,KRAS,189,1d5a9ab11f64cb886d8ffa08a153c412b2d190fcf70e5690cd4b4c7efcdee53a,P01116,additional_six,False,-0.049317547120153904,0.9798237085342407,-8.102154731750488,-6.374636173248291,-5.57754373550415,-6.684778213500977,8.0,8.0,79.0
context,P15056,U,False,False,136,STAMBP,424,f91e01b20f3ea488018138ad27f1b75fd2da38408f7cab4c45afa0fa7ad0d423,O95630,False,KRAS,189,1d5a9ab11f64cb886d8ffa08a153c412b2d190fcf70e5690cd4b4c7efcdee53a,P01116,additional_six,False,-0.2404288351535797,-0.2575287918249766,-7.619013786315918,-6.674956798553467,-7.905307292938232,-7.399759292602539,15.0,73.0,112.0
context,P15056,U,False,False,137,TRIM71,868,fcdee952d8c7cc304e254dbe4b75804fc42c97859090051507cbece5fb2cabbf,Q2Q1W2,False,KRAS,189,1d5a9ab11f64cb886d8ffa08a153c412b2d190fcf70e5690cd4b4c7efcdee53a,P01116,additional_six,False,-1.0744677980740864,-1.2376036643981934,-9.863153457641602,-8.318894386291504,-5.382352828979492,-7.854800224304199,67.0,154.0,152.0
context,P15056,U,False,False,138,ZNF385A,386,e64db72c7fc72e7fc0427f015a57c832ff3a2ce69ac578a41c8a6dd1ca7e57d8,Q96PM9,False,KRAS,189,1d5a9ab11f64cb886d8ffa08a153c412b2d190fcf70e5690cd4b4c7efcdee53a,P01116,additional_six,False,-0.8998799125353495,-0.6910619934399923,-8.514809608459473,-6.038753986358643,-7.203210830688477,-7.25225814183553,50.0,106.0,103.0
context,P15056,U,False,False,139,NUAK1,661,3e47834d60d364507fbc198d6ad2e889e466bf1aad1c362ceb8b8ea590f033af,O60285,False,KRAS,189,1d5a9ab11f64cb886d8ffa08a153c412b2d190fcf70e5690cd4b4c7efcdee53a,P01116,additional_six,False,-0.9907738963762919,-0.13423600792884827,-9.135082244873047,-5.198665618896484,-5.362527370452881,-6.565425078074138,58.0,61.0,69.0
context,P15056,U,False,False,140,PBXIP1,731,b24cab1322b715b1bd41e9bed916b57527441505517807ecf0f9c3984192a217,Q96AQ6,False,KRAS,189,1d5a9ab11f64cb886d8ffa08a153c412b2d190fcf70e5690cd4b4c7efcdee53a,P01116,additional_six,False,-1.7163519461949666,-0.678398052851359,-8.021120071411133,-7.06078577041626,-9.01370620727539,-8.031870683034262,142.0,105.0,167.0
context,P15056,U,False,False,141,CEP68,757,6fd703ae4a11204d6ecf97696d775b2cc1091c097f963c6f3978d7e4e41929ab,Q76N32,False,KRAS,189,1d5a9ab11f64cb886d8ffa08a153c412b2d190fcf70e5690cd4b4c7efcdee53a,P01116,additional_six,False,-1.591673215230306,-0.25551000237464905,-5.191440582275391,-6.4451799392700195,-4.222284317016602,-5.286301612854004,134.0,72.0,9.0
context,P15056,U,False,False,142,MTA1,715,692e667c0e107495ef585c51f8f3d44ccff0162c7627d7af5273b9330bb9878e,Q13330,False,KRAS,189,1d5a9ab11f64cb886d8ffa08a153c412b2d190fcf70e5690cd4b4c7efcdee53a,P01116,additional_six,False,-1.6395877997080486,-2.351846694946289,-8.448385238647461,-8.821966171264648,-6.070048809051514,-7.780133406321208,138.0,231.0,146.0
context,P15056,U,False,False,143,ZNF703,590,cf4630adfefabbcc004365f6f5dfbff98dbc03d40a72e411fc9078e74663dccb,Q9H7S9,False,KRAS,189,1d5a9ab11f64cb886d8ffa08a153c412b2d190fcf70e5690cd4b4c7efcdee53a,P01116,additional_six,False,-2.003719210624695,-1.13777095079422,-7.572078227996826,-9.466849327087402,-7.404955863952637,-8.147961139678955,183.0,146.0,174.0
context,P15056,U,False,False,144,TRIM11,468,e4db98c82f9f23d1c06c7a38043860a091e68e9ac0061f0f119720968eb97598,Q96F44,False,KRAS,189,1d5a9ab11f64cb886d8ffa08a153c412b2d190fcf70e5690cd4b4c7efcdee53a,P01116,additional_six,False,-1.0071791609128316,-0.11155019700527191,-5.737531661987305,-6.286311626434326,-6.023868083953857,-6.015903790791829,61.0,56.0,38.0
context,P15056,U,False,False,145,AKAP3,853,b858ca62105dfee80b13b5b923c796ab499061258c3d0beba2b4f65561ff126e,O75969,False,KRAS,189,1d5a9ab11f64cb886d8ffa08a153c412b2d190fcf70e5690cd4b4c7efcdee53a,P01116,additional_six,False,-2.1027509371439614,-1.9216641982396443,-10.322778701782227,-5.972577095031738,-7.5245747566223145,-7.939976851145427,194.0,198.0,158.0
context,P15056,U,False,False,146,PLAA,795,43341ac6874982bfe3785269dbce8b8aecd6dfbf7a7d458f05ffda1f85afde1d,Q9Y263,False,KRAS,189,1d5a9ab11f64cb886d8ffa08a153c412b2d190fcf70e5690cd4b4c7efcdee53a,P01116,additional_six,False,-1.461783488591512,-1.737531304359436,-9.15683364868164,-9.708772659301758,-7.800336837768555,-8.88864771525065,114.0,180.0,216.0
context,P15056,U,False,False,147,PALM2AKAP2,1103,6ac32f333d8e34f7e06cf8bbe45c4ef810942647dbd9eb352647ff61d8d30e36,Q9Y2D5,False,KRAS,189,1d5a9ab11f64cb886d8ffa08a153c412b2d190fcf70e5690cd4b4c7efcdee53a,P01116,additional_six,False,-1.5440869728724163,0.33505211273829144,-6.071868419647217,-5.572655200958252,-4.811613082885742,-5.485378901163737,130.0,33.0,20.0
context,P15056,U,False,False,148,PDCD6IP,868,e8ebd86ae6e434c61c0134c08ccbeaa09ea0460f87b3647bde4aa665903cb248,Q8WUM4,False,KRAS,189,1d5a9ab11f64cb886d8ffa08a153c412b2d190fcf70e5690cd4b4c7efcdee53a,P01116,additional_six,False,-1.5269451936086018,-1.4802043437957764,-8.494062423706055,-8.373700141906738,-5.462132930755615,-7.44329849878947,127.0,166.0,119.0
context,P15056,U,False,False,149,ARHGEF4,690,1e45e502139a99f614dd785a6694ae9c4372414b0e0f24f87ba9b0b1bc87977a,Q9NR80,False,KRAS,189,1d5a9ab11f64cb886d8ffa08a153c412b2d190fcf70e5690cd4b4c7efcdee53a,P01116,additional_six,False,-2.390392303466797,-1.082558552424113,-8.945362091064453,-6.678237438201904,-6.448224067687988,-7.357274532318115,220.0,142.0,111.0
context,P15056,U,False,False,150,RASIP1,963,99ac8f8340d9a063a995f4d70723ef458681a4b5ce9f7f3f6adc4ac1f7ab52fd,Q5U651,False,KRAS,189,1d5a9ab11f64cb886d8ffa08a153c412b2d190fcf70e5690cd4b4c7efcdee53a,P01116,additional_six,False,-2.202497720718384,-1.0393410523732503,-8.308734893798828,-7.007022380828857,-2.6459438800811768,-5.987233718236287,203.0,135.0,36.0
context,P15056,U,False,False,151,MAP7D2,732,9873e566afc0599f122e405196568ba000c895df431cce416e92bc0648ba9a60,Q96T17,False,KRAS,189,1d5a9ab11f64cb886d8ffa08a153c412b2d190fcf70e5690cd4b4c7efcdee53a,P01116,additional_six,False,-1.1374955972035725,-0.0658724308013916,-4.939405918121338,-5.389946460723877,-7.876893997192383,-6.068748792012532,71.0,53.0,45.0
context,P15056,U,False,False,152,PFKM,780,6df55a34212f1a3a6248de2582b1999d6c81c090bd61859c8a2a92788aff81cc,P08237,False,KRAS,189,1d5a9ab11f64cb886d8ffa08a153c412b2d190fcf70e5690cd4b4c7efcdee53a,P01116,additional_six,False,-2.3508706092834473,-1.8337259491284688,-9.422669410705566,-10.37727165222168,-10.135721206665039,-9.978554089864096,217.0,193.0,265.0
context,P15056,U,False,False,153,PER1,1290,e1c10c7336b8e733aebd69a65712fa27068d8f097a80b4c9b27e77560d0c8301,O15534,False,KRAS,189,1d5a9ab11f64cb886d8ffa08a153c412b2d190fcf70e5690cd4b4c7efcdee53a,P01116,additional_six,False,-1.883665641148885,-0.2604684730370839,-9.313691139221191,-9.408183097839355,-7.09401273727417,-8.605295658111572,165.0,74.0,194.0
background,P15056,U,False,False,154,ZNF432,652,97f614456d810115cd5c26eccebfcf81ae5cb097ca5f5a3c86d504a7f7817430,O94892,False,KRAS,189,1d5a9ab11f64cb886d8ffa08a153c412b2d190fcf70e5690cd4b4c7efcdee53a,P01116,additional_six,False,-1.9548366467158,-1.7426167329152424,-7.182461738586426,-6.449562072753906,-7.309764385223389,-6.98059606552124,175.0,182.0,90.0
background,P15056,U,False,False,155,AGFG2,481,45feb804b9300f3d4e28b9e50bfd1e860e29dde891d646e2ec55c4f2eb1d0ba3,O95081,False,KRAS,189,1d5a9ab11f64cb886d8ffa08a153c412b2d190fcf70e5690cd4b4c7efcdee53a,P01116,additional_six,False,-2.4449907143910727,-0.900986909866333,-8.042137145996094,-7.921499252319336,-6.33976411819458,-7.43446683883667,226.0,127.0,118.0
background,P15056,U,False,False,156,ZXDB,803,49e4a15c8cf0327984616b4f91021a04946dccab0b60beec3e89c72dc454ff2f,P98169,False,KRAS,189,1d5a9ab11f64cb886d8ffa08a153c412b2d190fcf70e5690cd4b4c7efcdee53a,P01116,additional_six,False,-1.9634066820144653,-1.4272047281265259,-9.51295280456543,-8.198492050170898,-8.75973129272461,-8.823725382486979,176.0,164.0,211.0
background,P15056,U,False,False,157,SCARA5,495,d43346c9684a9a8b086f345bcea2354ae64b8e0a4887e68233d7f82d69989e76,Q6ZMJ2,False,KRAS,189,1d5a9ab11f64cb886d8ffa08a153c412b2d190fcf70e5690cd4b4c7efcdee53a,P01116,additional_six,False,-2.419600168863932,-2.3933729330698648,-9.353344917297363,-10.701300621032715,-8.182743072509766,-9.412462870279947,222.0,236.0,238.0
background,P15056,U,False,False,158,CLCA1,914,203c5af24703b4c1df25d90deefcc506c8b08c9d356778305e4795c2c0de1dcf,A8K7I4,False,KRAS,189,1d5a9ab11f64cb886d8ffa08a153c412b2d190fcf70e5690cd4b4c7efcdee53a,P01116,additional_six,False,-2.7350641886393228,-3.646217664082845,-11.250246047973633,-11.747054100036621,-11.023964881896973,-11.340421676635742,251.0,286.0,290.0
background,P15056,U,False,False,159,DES,470,ba71c1d4cd5238099d965416e2a4e308a212129fefcf347fac5f29643a22ca1c,P17661,False,KRAS,189,1d5a9ab11f64cb886d8ffa08a153c412b2d190fcf70e5690cd4b4c7efcdee53a,P01116,additional_six,False,0.03544904664158821,-0.606294276813666,-7.2125983238220215,-5.935486316680908,-6.0479044914245605,-6.39866304397583,5.0,97.0,57.0
background,P15056,U,False,False,160,EHD1,534,96542f6cfd17c202a334958dac4da9988ccf6cd5cfda8a0269400f2c67a6d816,Q9H4M9,False,KRAS,189,1d5a9ab11f64cb886d8ffa08a153c412b2d190fcf70e5690cd4b4c7efcdee53a,P01116,additional_six,False,-1.498751958211263,-2.016555150349935,-7.77377462387085,-7.240546703338623,-11.201687812805176,-8.738669713338217,124.0,212.0,204.0
background,P15056,U,False,False,161,PTPN9,593,185c2689bb974169f25e7fb0ecec5fd538d8f6f4c7b9a2798f614d06f9b50eac,P43378,False,KRAS,189,1d5a9ab11f64cb886d8ffa08a153c412b2d190fcf70e5690cd4b4c7efcdee53a,P01116,additional_six,False,-2.6020517349243164,-2.133786916732788,-6.405332088470459,-7.684399127960205,-9.278091430664062,-7.789274215698242,245.0,219.0,148.0
background,P15056,U,False,False,162,VPS4B,444,691bcc98aba3e6cf0ff284679551960cf65460c64e4ea46a3e4f9a2f8aaf69ca,O75351,False,KRAS,189,1d5a9ab11f64cb886d8ffa08a153c412b2d190fcf70e5690cd4b4c7efcdee53a,P01116,additional_six,False,-0.9168153603871664,-0.8790371716022491,-5.917544364929199,-5.8768415451049805,-6.403872013092041,-6.066085974375407,52.0,124.0,43.0
background,P15056,U,False,False,163,WRNIP1,665,428a1ae66d2402602a847481175e4e1949a4a1316e1ba2c24ba354226b1db2f7,Q96S55,False,KRAS,189,1d5a9ab11f64cb886d8ffa08a153c412b2d190fcf70e5690cd4b4c7efcdee53a,P01116,additional_six,False,-0.7006462415059408,-0.8716011643409729,-9.212289810180664,-7.160612106323242,-6.656155586242676,-7.676352500915527,32.0,122.0,137.0
background,P15056,U,False,False,164,FGL2,439,dd3c2f4da028a02c097fc2365a17637cf57e326f7cec62e24900a544f68f0707,Q14314,False,KRAS,189,1d5a9ab11f64cb886d8ffa08a153c412b2d190fcf70e5690cd4b4c7efcdee53a,P01116,additional_six,False,-3.620666186014811,-4.110548973083496,-12.340291023254395,-8.429977416992188,-9.113496780395508,-9.961255073547363,288.0,294.0,263.0
background,P15056,U,False,False,165,PSG4,419,5b122c2aea2c0432a59f263407e4e8d3b8ff3a626cb5dcc8a2f9acb3a538241a,Q00888,False,KRAS,189,1d5a9ab11f64cb886d8ffa08a153c412b2d190fcf70e5690cd4b4c7efcdee53a,P01116,additional_six,False,-2.4349162578582764,-3.184119939804077,-9.391875267028809,-5.766819000244141,-7.137519359588623,-7.432071208953857,224.0,273.0,117.0
background,P15056,U,False,False,166,ME2,584,dffbbceb24bea44416738783c406867e8915cf127752020f901087dd73b03a1e,P23368,False,KRAS,189,1d5a9ab11f64cb886d8ffa08a153c412b2d190fcf70e5690cd4b4c7efcdee53a,P01116,additional_six,False,-1.0636587540308635,-1.9930264949798584,-9.677389144897461,-6.742941379547119,-8.951517105102539,-8.457282543182373,66.0,206.0,191.0
background,P15056,U,False,False,167,CPNE9,553,d0a6588a812e6081a4e73d035ef16e7db85640211ac11e16e262438b1cc96d90,Q8IYJ1,False,KRAS,189,1d5a9ab11f64cb886d8ffa08a153c412b2d190fcf70e5690cd4b4c7efcdee53a,P01116,additional_six,False,-1.6529797315597534,-1.976751685142517,-6.644037246704102,-5.1948418617248535,-6.837139129638672,-6.225339412689209,139.0,204.0,52.0
background,P15056,U,False,False,168,ZNF583,569,0aaa672e84a8cf95e3d6fcdd0f05436591694cec4125a93911982f031260c1d8,Q96ND8,False,KRAS,189,1d5a9ab11f64cb886d8ffa08a153c412b2d190fcf70e5690cd4b4c7efcdee53a,P01116,additional_six,False,-2.661061445871989,-2.1838310956954956,-7.909778594970703,-8.409345626831055,-6.969865798950195,-7.762996673583984,247.0,222.0,145.0
background,P15056,U,False,False,169,DPEP3,488,d8474c2bd221fbae7a7e48395f8595d4805cd25a2c032a950aef14c3de834801,Q9H4B8,False,KRAS,189,1d5a9ab11f64cb886d8ffa08a153c412b2d190fcf70e5690cd4b4c7efcdee53a,P01116,additional_six,False,-3.001732349395752,-3.776268641153971,-11.014300346374512,-8.714460372924805,-8.983505249023438,-9.570755322774252,268.0,287.0,248.0
background,P15056,U,False,False,170,GCNT4,453,57967ce8f6eb0a1dda0901a3c2ec83be8a09c48c48e807df9eb0c47a010ba36b,Q9P109,False,KRAS,189,1d5a9ab11f64cb886d8ffa08a153c412b2d190fcf70e5690cd4b4c7efcdee53a,P01116,additional_six,False,-3.906883398691813,-4.659316221872966,-10.590536117553711,-9.969549179077148,-10.799328804016113,-10.45313803354899,295.0,299.0,270.0
background,P15056,U,False,False,171,TRAK1,953,c930a62dcd6c4d61601ae7787d92f2eb1fec1063da20a6e053805de2d0d6422a,Q9UPV9,False,KRAS,189,1d5a9ab11f64cb886d8ffa08a153c412b2d190fcf70e5690cd4b4c7efcdee53a,P01116,additional_six,False,-0.9675825039545695,1.5654810269673665,-4.661552906036377,-5.681948661804199,-5.943470478057861,-5.4289906819661455,56.0,1.0,16.0
background,P15056,U,False,False,172,CNTNAP2,1331,9987bd55c5938581c50cb2833fce547c442696d0e3329f8a0466afcd19cdaa2c,Q9UHC6,False,KRAS,189,1d5a9ab11f64cb886d8ffa08a153c412b2d190fcf70e5690cd4b4c7efcdee53a,P01116,additional_six,False,-3.2078248659769693,-3.4960577487945557,-9.468851089477539,-10.227984428405762,-12.178033828735352,-10.624956448872885,277.0,282.0,271.0
background,P15056,U,False,False,173,FRMD4A,1039,1bac8f55a2552658f66875e2e0908ef7e051c0e5ccbad7a4d9e6f3bad4aeba24,Q9P2Q2,False,KRAS,189,1d5a9ab11f64cb886d8ffa08a153c412b2d190fcf70e5690cd4b4c7efcdee53a,P01116,additional_six,False,-1.2325650850931804,0.5215811332066854,-8.668408393859863,-7.892281532287598,-4.120637893676758,-6.893775939941406,83.0,21.0,85.0
background,P15056,U,False,False,174,SRFBP1,429,d88865110f74fbd2080c1689c7b105fdee645a3c64bb0c5823e2f43ec9d1a218,Q8NEF9,False,KRAS,189,1d5a9ab11f64cb886d8ffa08a153c412b2d190fcf70e5690cd4b4c7efcdee53a,P01116,additional_six,False,-3.325728416442871,-2.6648510297139487,-12.316803932189941,-10.992709159851074,-10.679227828979492,-11.329580307006836,280.0,249.0,289.0
background,P15056,U,False,False,175,PLBD1,553,1c06e26a07ce800c940f71ab12b05cca8a9e73ccfafc0580f8a98472e743d6e3,Q6P4A8,False,KRAS,189,1d5a9ab11f64cb886d8ffa08a153c412b2d190fcf70e5690cd4b4c7efcdee53a,P01116,additional_six,False,-4.222915490468343,-4.309940814971924,-6.555199146270752,-5.270374774932861,-8.922932624816895,-6.916168848673503,298.0,297.0,87.0
background,P15056,U,False,False,176,ISM1,464,1db1abc98a8439c1c802b97042aa2e366db3b552bafaf1c4467a5c6e2544854f,B1AKI9,False,KRAS,189,1d5a9ab11f64cb886d8ffa08a153c412b2d190fcf70e5690cd4b4c7efcdee53a,P01116,additional_six,False,-3.523914019266764,-3.1846283276875815,-11.842435836791992,-11.476934432983398,-8.696738243103027,-10.672036170959473,285.0,274.0,273.0
background,P15056,U,False,False,177,NFATC2,925,dd49c653dbe1701bb7a79aa17a40a1d766af853869b6ceb6d2c2be390bfed542,Q13469,False,KRAS,189,1d5a9ab11f64cb886d8ffa08a153c412b2d190fcf70e5690cd4b4c7efcdee53a,P01116,additional_six,False,-1.3888324896494548,-0.8355519572893778,-7.720958709716797,-7.979788780212402,-6.9757537841796875,-7.558833758036296,106.0,120.0,128.0
background,P15056,U,False,False,178,PTGER4,488,0c3feb9a2e6d6c63770c9e9d3f4b6664da11f74a182678e68fabb7586f538a97,P35408,False,KRAS,189,1d5a9ab11f64cb886d8ffa08a153c412b2d190fcf70e5690cd4b4c7efcdee53a,P01116,additional_six,False,-1.468781590461731,-1.804547627766927,-11.026494979858398,-11.472283363342285,-9.64033317565918,-10.713037172953287,118.0,189.0,276.0
background,P15056,U,False,False,179,MME,750,1a916537b7b555892eb6262b941745a4bee0eec5d0d65b73609e69a3a5ace44f,P08473,False,KRAS,189,1d5a9ab11f64cb886d8ffa08a153c412b2d190fcf70e5690cd4b4c7efcdee53a,P01116,additional_six,False,-4.702498118082683,-5.233314514160156,-9.621101379394531,-10.538214683532715,-12.038393020629883,-10.732569694519043,302.0,302.0,278.0
background,P15056,U,False,False,180,GPR75,540,fde8ee0020d0d0c9bdbb7168f10828ac9b55ad1179691173f650d0629c193484,O95800,False,KRAS,189,1d5a9ab11f64cb886d8ffa08a153c412b2d190fcf70e5690cd4b4c7efcdee53a,P01116,additional_six,False,-2.921469767888387,-3.147728363672892,-11.08768367767334,-11.3208646774292,-9.876372337341309,-10.761640230814615,264.0,272.0,282.0
background,P15056,U,False,False,181,BRSK1,778,03dae8d1850d904767037c8dc8ad183fdf87675a6942cae307cddad7d426bcb1,Q8TDC3,False,KRAS,189,1d5a9ab11f64cb886d8ffa08a153c412b2d190fcf70e5690cd4b4c7efcdee53a,P01116,additional_six,False,-0.5121525724728903,0.02967803676923116,-5.095686435699463,-5.6165289878845215,-2.5638744831085205,-4.425363302230835,23.0,50.0,3.0
background,P15056,U,False,False,182,ACSL5,683,5db811212ef9b2bae4aa46b47f6a655f29a2b748f6f9b10c15e25866c6eb5420,Q9ULC5,False,KRAS,189,1d5a9ab11f64cb886d8ffa08a153c412b2d190fcf70e5690cd4b4c7efcdee53a,P01116,additional_six,False,-1.0413414438565571,-1.7868468761444092,-10.270453453063965,-7.3081560134887695,-12.084592819213867,-9.887734095255533,65.0,186.0,260.0
background,P15056,U,False,False,183,SANBR,718,146bf51763ea433f5f7f4b4b796f271b06dd1a6c5aea5e70e08c711fdc259b24,Q6NSI8,False,KRAS,189,1d5a9ab11f64cb886d8ffa08a153c412b2d190fcf70e5690cd4b4c7efcdee53a,P01116,additional_six,False,-1.3613338073094685,-0.8555833101272583,-11.062685012817383,-8.632569313049316,-5.157303810119629,-8.284186045328775,102.0,121.0,183.0
background,P15056,U,False,False,184,BTBD6,538,b0442e3ba63004917c24eb528a23f7d123bc3b54c7b58d376ec0b60a84aa200a,Q96KE9,False,KRAS,189,1d5a9ab11f64cb886d8ffa08a153c412b2d190fcf70e5690cd4b4c7efcdee53a,P01116,additional_six,False,-2.019835114479065,-1.9296795924504597,-9.971034049987793,-9.543045997619629,-5.271780490875244,-8.261953512827555,185.0,200.0,182.0
background,P15056,U,False,False,185,SHH,462,d7d4206f3396b2adfc36ab30202fe76ce36509ff8923b60fa4ed9775007576c8,Q15465,False,KRAS,189,1d5a9ab11f64cb886d8ffa08a153c412b2d190fcf70e5690cd4b4c7efcdee53a,P01116,additional_six,False,-2.835621992746989,-3.8360439936319985,-11.417252540588379,-10.692061424255371,-9.919919967651367,-10.676411310831705,260.0,289.0,274.0
background,P15056,U,False,False,186,SLC12A2,1212,b72a2dbb1658fe5a77adca6cb8fa7dac713c886c73da81bd3093a9cf81525165,P55011,False,KRAS,189,1d5a9ab11f64cb886d8ffa08a153c412b2d190fcf70e5690cd4b4c7efcdee53a,P01116,additional_six,False,-2.5428453286488852,-3.144441525141398,-10.066904067993164,-11.000887870788574,-12.656620979309082,-11.24147097269694,240.0,271.0,287.0
background,P15056,U,False,False,187,CYP2J2,502,f564a44324d90f58ffeeb59e3b73f18eb5169ccd9fdd41b7628e3074aeb0364a,P51589,False,KRAS,189,1d5a9ab11f64cb886d8ffa08a153c412b2d190fcf70e5690cd4b4c7efcdee53a,P01116,additional_six,False,-1.9704989194869995,-3.5573743184407554,-12.167521476745605,-11.64717960357666,-14.279163360595703,-12.697954813639322,178.0,284.0,301.0
background,P15056,U,False,False,188,USPL1,1092,d2f2560ed096345f54ebe02790d64e4c007519cd6e9d26c6e90f4d9354d388e2,Q5W0Q7,False,KRAS,189,1d5a9ab11f64cb886d8ffa08a153c412b2d190fcf70e5690cd4b4c7efcdee53a,P01116,additional_six,False,-2.7642882664998374,-2.307844122250875,-9.549371719360352,-11.594440460205078,-8.445940017700195,-9.863250732421875,254.0,228.0,258.0
background,P15056,U,False,False,189,PLEKHG6,790,a794f30f2fd751d7655e47dfd27647c6a017f90911a1844c3e5cbcc9da8674bd,Q3KR16,False,KRAS,189,1d5a9ab11f64cb886d8ffa08a153c412b2d190fcf70e5690cd4b4c7efcdee53a,P01116,additional_six,False,-1.7783785263697307,0.6857383251190186,-6.315767765045166,-6.217059135437012,-6.876410961151123,-6.469745953877767,154.0,14.0,63.0
background,P15056,U,False,False,190,IGF1R,1367,e11a8ca0d0d551f3fa704c31f4d0af57361c9d19d838a54bdd6b63528cbb7a1e,P08069,False,KRAS,189,1d5a9ab11f64cb886d8ffa08a153c412b2d190fcf70e5690cd4b4c7efcdee53a,P01116,additional_six,False,-2.3333165645599365,-2.9533933798472085,-13.321351051330566,-11.343398094177246,-13.504547119140625,-12.723098754882812,214.0,263.0,302.0
background,P15056,U,False,False,191,NOS1,1434,77d5cd4e58da4830e0c5db0c133fa0a5b81c776cab4c6dce1c2992734cd33e9d,P29475,False,KRAS,189,1d5a9ab11f64cb886d8ffa08a153c412b2d190fcf70e5690cd4b4c7efcdee53a,P01116,additional_six,False,-2.1403496265411377,-1.0735074281692505,-9.493124961853027,-7.2604851722717285,-4.623695373535156,-7.125768502553304,195.0,140.0,97.0
background,P15056,U,False,False,192,CEP295NL,621,583c055664eeb804d6f4051188639bdc5ed7a7b6afc9f20a202a81d6cf979d8e,Q96MC4,False,KRAS,189,1d5a9ab11f64cb886d8ffa08a153c412b2d190fcf70e5690cd4b4c7efcdee53a,P01116,additional_six,False,-1.772538463274638,-1.7447999318440754,-8.580854415893555,-9.566437721252441,-7.098167419433594,-8.41515318552653,153.0,183.0,189.0
background,P15056,U,False,False,193,SH3D19,790,fe9d89054167a54f84761524bec4d0220273b5c66e938ea8bfaa4c8a71443e94,Q5HYK7,False,KRAS,189,1d5a9ab11f64cb886d8ffa08a153c412b2d190fcf70e5690cd4b4c7efcdee53a,P01116,additional_six,False,-2.1628104050954184,-1.055006504058838,-5.948436737060547,-7.365011692047119,-7.584724426269531,-6.9660576184590655,198.0,137.0,88.0
background,P15056,U,False,False,194,PROSER1,944,ab32f5cdbab10e4f405013613723141092c9873e8ecd98dd742b88b96f34bab9,Q86XN7,False,KRAS,189,1d5a9ab11f64cb886d8ffa08a153c412b2d190fcf70e5690cd4b4c7efcdee53a,P01116,additional_six,False,-2.2548486391703286,-1.1462923487027485,-12.069336891174316,-10.065902709960938,-10.130067825317383,-10.755102475484213,207.0,147.0,281.0
background,P15056,U,False,False,195,PLD1,1074,fb51453eafaecf355eb9980cc5b94a9cb8310326310fcde70d0f4e60e2bba85a,Q13393,False,KRAS,189,1d5a9ab11f64cb886d8ffa08a153c412b2d190fcf70e5690cd4b4c7efcdee53a,P01116,additional_six,False,-2.792712926864624,-2.2663230895996094,-10.26479721069336,-7.899323463439941,-8.033441543579102,-8.732520739237467,256.0,224.0,202.0
background,P15056,U,False,False,196,E4F1,784,d7c25a2794e17f95e19499ef90560638401d4a90b4a8ee5b20e52a9fd41dcf71,Q66K89,False,KRAS,189,1d5a9ab11f64cb886d8ffa08a153c412b2d190fcf70e5690cd4b4c7efcdee53a,P01116,additional_six,False,-1.3597835699717205,-0.28434773286183673,-6.015235424041748,-8.946382522583008,-8.662814140319824,-7.874810695648193,101.0,76.0,155.0
background,P15056,U,False,False,197,KLRG2,409,d03e96ff58010aa4653d5e79bc73324817eeab06d35134963367bd788dc54c6b,A4D1S0,False,KRAS,189,1d5a9ab11f64cb886d8ffa08a153c412b2d190fcf70e5690cd4b4c7efcdee53a,P01116,additional_six,False,-2.820221741994222,-2.380820353825887,-11.112123489379883,-9.525219917297363,-11.53803539276123,-10.725126266479492,258.0,234.0,277.0
background,P15056,U,False,False,198,FARS2,451,20763196f05a193ee16b396cfbdbc211069e598b55cb1bb41f364b2d7bb977d6,O95363,False,KRAS,189,1d5a9ab11f64cb886d8ffa08a153c412b2d190fcf70e5690cd4b4c7efcdee53a,P01116,additional_six,False,-1.3075838088989258,-2.017496625582377,-10.028252601623535,-10.026196479797363,-8.133077621459961,-9.39584223429362,94.0,213.0,237.0
background,P15056,U,False,False,199,LATS2,1088,c69f49119b50e431a2280c6ee96cd5029c837bcc034b318cb8653d6b4d8c2943,Q9NRM7,False,KRAS,189,1d5a9ab11f64cb886d8ffa08a153c412b2d190fcf70e5690cd4b4c7efcdee53a,P01116,additional_six,False,-2.4485299587249756,-1.1817611654599507,-8.570512771606445,-9.116745948791504,-6.820228099822998,-8.169162273406982,227.0,151.0,176.0
background,P15056,U,False,False,200,CALR,417,9e4dcfd5cc4649a55d52b7f6f58a5d66513f3553779f6df1a35c8924e2d62ff3,P27797,False,KRAS,189,1d5a9ab11f64cb886d8ffa08a153c412b2d190fcf70e5690cd4b4c7efcdee53a,P01116,additional_six,False,-3.5500264167785645,-3.6439098517100015,-12.599536895751953,-10.923653602600098,-13.864255905151367,-12.462482134501139,286.0,285.0,299.0
background,P15056,U,False,False,201,IQCE,695,52f4bb3904692088da6232552afb8113c081095f260da5215f5aa0a7ccc75208,Q6IPM2,False,KRAS,189,1d5a9ab11f64cb886d8ffa08a153c412b2d190fcf70e5690cd4b4c7efcdee53a,P01116,additional_six,False,-0.5296800335248312,0.8791641394297282,-7.095826625823975,-6.448510646820068,-9.147553443908691,-7.563963572184245,24.0,10.0,129.0
background,P15056,U,False,False,202,C4BPA,597,97379a89952075f7ae593ef457c7eee40a2e3d4d05bfdc15e11dcf53edc9131e,P04003,False,KRAS,189,1d5a9ab11f64cb886d8ffa08a153c412b2d190fcf70e5690cd4b4c7efcdee53a,P01116,additional_six,False,-3.4716811974843345,-3.4831761519114175,-11.877100944519043,-8.775533676147461,-9.540300369262695,-10.064311663309732,284.0,281.0,266.0
background,P15056,U,False,False,203,CAPN5,640,b579c82c72288cef6aa852e7981c596b54efae57d97bc4d2377a2da155411f30,O15484,False,KRAS,189,1d5a9ab11f64cb886d8ffa08a153c412b2d190fcf70e5690cd4b4c7efcdee53a,P01116,additional_six,False,-3.0216452280680337,-2.783944765726725,-9.249531745910645,-9.034065246582031,-3.6513760089874268,-7.311657667160034,269.0,255.0,109.0
context,P10398,U,False,False,204,RBM33,1170,b391bef99cb4f11feaaa6d6d25d4afb0a44965b855b8e28cda273ca3d7f31a3e,Q96EV2,False,KRAS,189,1d5a9ab11f64cb886d8ffa08a153c412b2d190fcf70e5690cd4b4c7efcdee53a,P01116,additional_six,False,-1.304336706797282,-0.4280450741449992,-7.69883394241333,-9.410744667053223,-5.660319805145264,-7.5899661382039385,93.0,83.0,130.0
context,P10398,U,False,False,205,FCRLA,359,f2ec8a213e90f3a0bd5f3a1d9c69bc295791b80cc8f0d17497ec70f90f490006,Q7L513,False,KRAS,189,1d5a9ab11f64cb886d8ffa08a153c412b2d190fcf70e5690cd4b4c7efcdee53a,P01116,additional_six,False,-2.982104698816935,-4.205276648203532,-9.028653144836426,-10.784106254577637,-12.432901382446289,-10.748553593953451,267.0,296.0,279.0
context,P10398,U,False,False,206,SACK1E,478,3d2bf1734b644e2c3c3df012ac8d6dd5f9646b8083f5364c3497c812e958aad7,Q2M2I3,False,KRAS,189,1d5a9ab11f64cb886d8ffa08a153c412b2d190fcf70e5690cd4b4c7efcdee53a,P01116,additional_six,False,-1.7874157428741455,-0.46920639276504517,-10.456451416015625,-9.962308883666992,-4.754837989807129,-8.391199429829916,155.0,87.0,187.0
context,P10398,U,False,False,207,PGM2,612,0863dab9da2afcd2d9e52bb981b6fdc17d07cc5e3853cc4b06c5280c55bbef16,Q96G03,False,KRAS,189,1d5a9ab11f64cb886d8ffa08a153c412b2d190fcf70e5690cd4b4c7efcdee53a,P01116,additional_six,False,-1.8185083866119385,-2.7259369691212973,-10.957324028015137,-8.370125770568848,-9.004830360412598,-9.444093386332193,158.0,252.0,241.0
context,P10398,U,False,False,208,DAPK2,370,13b123fd9e2dead9f26f0242ed2e18c4f2845f0255f774288eb6bf4cdea61463,Q9UIK4,False,KRAS,189,1d5a9ab11f64cb886d8ffa08a153c412b2d190fcf70e5690cd4b4c7efcdee53a,P01116,additional_six,False,-0.8612490296363831,-1.4488778114318848,-6.8024725914001465,-6.521083831787109,-8.556090354919434,-7.2932155927022295,47.0,165.0,107.0
context,P10398,U,False,False,209,TBC1D13,400,124dd168626f03a9a87d79d336b653b39c5369f0c6485b60223dc51e6474e10c,Q9NVG8,False,KRAS,189,1d5a9ab11f64cb886d8ffa08a153c412b2d190fcf70e5690cd4b4c7efcdee53a,P01116,additional_six,False,-1.4747523069381714,-1.0038642287254333,-6.27893590927124,-12.069646835327148,-4.997471332550049,-7.7820180257161455,119.0,132.0,147.0
context,P10398,U,False,False,210,RIN2,895,90eef0b15d9641e19be1ffa0fb4b6852d0097246f9916beb6a28ecd3acce3ffd,Q8WYP3,False,KRAS,189,1d5a9ab11f64cb886d8ffa08a153c412b2d190fcf70e5690cd4b4c7efcdee53a,P01116,additional_six,False,-2.3140477339426675,-0.3100595523913701,-7.298742771148682,-8.08853816986084,-3.9473438262939453,-6.444874922434489,211.0,77.0,61.0
context,P10398,U,False,False,211,HAUS3,603,7d8267c669178fa5b43ee453303992eb3635f5b92a5b3c618fb4914b715e81ba,Q68CZ6,False,KRAS,189,1d5a9ab11f64cb886d8ffa08a153c412b2d190fcf70e5690cd4b4c7efcdee53a,P01116,additional_six,False,-2.2014376322428384,-1.0559935172398884,-7.350615501403809,-8.304022789001465,-6.963834285736084,-7.539490858713786,202.0,139.0,125.0
context,P10398,U,False,False,212,SHTN1,631,32a64ca510e7a9eb6ad6fb25d7ba0484fca41194e3d4792a61efeeffb0f83d49,A0MZ66,False,KRAS,189,1d5a9ab11f64cb886d8ffa08a153c412b2d190fcf70e5690cd4b4c7efcdee53a,P01116,additional_six,False,-1.883055289586385,0.3352272113164266,-6.265847682952881,-4.171113014221191,-6.5205206871032715,-5.652493794759114,164.0,32.0,25.0
context,P10398,U,False,False,213,RFFL,363,7a7dfa7c4b452bc74013ca88fc0403093a52f36ce90bb3145a20ece2fb03ca2e,Q8WZ73,False,KRAS,189,1d5a9ab11f64cb886d8ffa08a153c412b2d190fcf70e5690cd4b4c7efcdee53a,P01116,additional_six,False,0.579026480515798,0.1976983348528544,-10.310081481933594,-7.385880470275879,-4.537487983703613,-7.411149978637695,1.0,40.0,113.0
context,P10398,U,False,False,214,TAF4B,862,37e606c8768efbc023c7b8107155edc4894518af9e641495168b0f2ea17029db,Q92750,False,KRAS,189,1d5a9ab11f64cb886d8ffa08a153c412b2d190fcf70e5690cd4b4c7efcdee53a,P01116,additional_six,False,-3.103278160095215,-1.7914690971374512,-8.533380508422852,-11.317375183105469,-9.242668151855469,-9.697807947794596,274.0,187.0,252.0
context,P10398,U,False,False,215,DAZ2,558,1fbbb1f99649c54806bedcd458e618e55dd81f4555e31916cc7348cc69b5bbd2,Q13117,False,KRAS,189,1d5a9ab11f64cb886d8ffa08a153c412b2d190fcf70e5690cd4b4c7efcdee53a,P01116,additional_six,False,0.2721592088540395,0.05274289846420288,-8.222634315490723,-8.903944969177246,-5.879650115966797,-7.668743133544922,2.0,47.0,136.0
context,P10398,U,False,False,216,GLRX3,335,fd99e8994b93e64c557adcaccd43218f66131ee9feaf934637d6a49f2d352ab6,O76003,False,KRAS,189,1d5a9ab11f64cb886d8ffa08a153c412b2d190fcf70e5690cd4b4c7efcdee53a,P01116,additional_six,False,-0.2718461950620015,-0.7543205618858337,-6.314688682556152,-4.289686679840088,-5.093103408813477,-5.232492923736572,16.0,112.0,8.0
context,P10398,U,False,False,217,SPAG8,485,a310fcab1f1308bcdf8ea5542d1e5dde06a2184cc66ddc594db82c5dfeacdcc2,Q99932,False,KRAS,189,1d5a9ab11f64cb886d8ffa08a153c412b2d190fcf70e5690cd4b4c7efcdee53a,P01116,additional_six,False,-1.9060614109039307,-0.5176843305428823,-7.255597114562988,-10.408753395080566,-4.990503311157227,-7.551617940266927,166.0,91.0,126.0
context,P10398,U,False,False,218,FMR1,632,69706cd52d6f574832f2271bd3f5f0f142bbfa0b0078f9e7134f9efd8aea867b,Q06787,False,KRAS,189,1d5a9ab11f64cb886d8ffa08a153c412b2d190fcf70e5690cd4b4c7efcdee53a,P01116,additional_six,False,-0.8029232422510783,-0.4209111233552297,-7.696591377258301,-8.943350791931152,-6.581909656524658,-7.740617275238037,41.0,82.0,144.0
context,P10398,U,False,False,219,PHACTR1,580,71faa2c022ba012b3c52436031448471b69831bf9de75aaecc535ec6670b38ea,Q9C0D0,False,KRAS,189,1d5a9ab11f64cb886d8ffa08a153c412b2d190fcf70e5690cd4b4c7efcdee53a,P01116,additional_six,False,-1.2186393737792969,-0.617759128411611,-8.384429931640625,-6.302728652954102,-6.054965019226074,-6.914041201273601,81.0,99.0,86.0
context,P10398,U,False,False,220,PDE4B,736,a756ba3824908f2013383dca4223dc585181e067bfe5ccd3cf8fed3c15d9009c,Q07343,False,KRAS,189,1d5a9ab11f64cb886d8ffa08a153c412b2d190fcf70e5690cd4b4c7efcdee53a,P01116,additional_six,False,-2.1939237912495932,-1.5013452967007954,-6.38179349899292,-6.696386337280273,-10.134323120117188,-7.73750098546346,201.0,168.0,143.0
context,P10398,U,False,False,221,KLHL10,608,28e5ef928dd12ce36edde8a58abee93f24052091d997ecec75c241d6e8222b55,Q6JEL2,False,KRAS,189,1d5a9ab11f64cb886d8ffa08a153c412b2d190fcf70e5690cd4b4c7efcdee53a,P01116,additional_six,False,-1.5157475074132283,-1.4853897094726562,-4.193952560424805,-6.26073694229126,-5.919342994689941,-5.458010832468669,126.0,167.0,19.0
context,P10398,U,False,False,222,MFGE8,387,d10e581cf79b1bc41ba9ceb248ea818d58d3b9ed39a9dd587e73f21ce9392aa4,Q08431,False,KRAS,189,1d5a9ab11f64cb886d8ffa08a153c412b2d190fcf70e5690cd4b4c7efcdee53a,P01116,additional_six,False,-4.232341845830281,-4.3962845007578535,-7.483661651611328,-8.842572212219238,-10.036063194274902,-8.787432352701822,299.0,298.0,208.0
context,P10398,U,False,False,223,AUP1,410,8c26d24178b6cb35fae8db5e2071a71dbb9afcaf2afd0285d8549e92fc6e420f,Q9Y679,False,KRAS,189,1d5a9ab11f64cb886d8ffa08a153c412b2d190fcf70e5690cd4b4c7efcdee53a,P01116,additional_six,False,-0.818276564280192,-0.7951072653134664,-9.962294578552246,-8.677072525024414,-7.941799640655518,-8.860388914744059,43.0,116.0,214.0
context,P10398,U,False,False,224,NFE2L2,605,850aba8ba2a5e1681e7e3dbc08958a52248c816c95be57b749d282e591253998,Q16236,False,KRAS,189,1d5a9ab11f64cb886d8ffa08a153c412b2d190fcf70e5690cd4b4c7efcdee53a,P01116,additional_six,False,-1.2983743747075398,0.03440260887145996,-8.438629150390625,-9.468480110168457,-9.22115421295166,-9.042754491170248,92.0,49.0,221.0
context,P10398,U,False,False,225,HSPA4,840,3b2738db2613269fe3b02af169ebdf167f141bda0fa98753846c97a5f58367e2,P34932,False,KRAS,189,1d5a9ab11f64cb886d8ffa08a153c412b2d190fcf70e5690cd4b4c7efcdee53a,P01116,additional_six,False,-2.555952469507853,-1.8223244746526082,-9.330568313598633,-7.628561973571777,-7.135383129119873,-8.031504472096762,242.0,191.0,166.0
context,P10398,U,False,False,226,TARS3,802,14cf8c5117cdd3d1f5e594c521275a8b1cd846b708b4d6f5cad5c985be94a7c0,A2RTX5,False,KRAS,189,1d5a9ab11f64cb886d8ffa08a153c412b2d190fcf70e5690cd4b4c7efcdee53a,P01116,additional_six,False,-1.9693407615025837,-2.2213375568389893,-7.987182140350342,-7.789391994476318,-8.236595153808594,-8.004389762878418,177.0,223.0,165.0
context,P10398,U,False,False,227,CERT1,624,17271b46fbc71300b16a3d88fae7ad122acb708c0f89a8900e9412ad27d96544,Q9Y5P4,False,KRAS,189,1d5a9ab11f64cb886d8ffa08a153c412b2d190fcf70e5690cd4b4c7efcdee53a,P01116,additional_six,False,-0.3110709885756175,0.376910795768102,-3.6367554664611816,-3.520667552947998,-8.485898971557617,-5.214440663655599,18.0,28.0,7.0
context,P10398,U,False,False,228,ATXN2L,1075,0e27fd701522051ec910ac8988a742487a1672cd89d8b4b25f9b03d305b0cfee,Q8WWM7,False,KRAS,189,1d5a9ab11f64cb886d8ffa08a153c412b2d190fcf70e5690cd4b4c7efcdee53a,P01116,additional_six,False,-1.7573281129201253,-0.7698995967706045,-10.314933776855469,-10.270036697387695,-7.539612770080566,-9.374861081441244,150.0,114.0,235.0
context,P10398,U,False,False,229,CDK14,469,ec0e3ef756a6745ca24093817016b4e88efcc588215c20315d5f7d7439b6e303,O94921,False,KRAS,189,1d5a9ab11f64cb886d8ffa08a153c412b2d190fcf70e5690cd4b4c7efcdee53a,P01116,additional_six,False,-1.9865763982137044,-1.271591067314148,-7.742556571960449,-8.276415824890137,-5.5688958168029785,-7.1959560712178545,180.0,156.0,101.0
context,P10398,U,False,False,230,RSPH14,348,2b2695b705cb74ca85ee76dcece25e18d605833bad783248b9f4094ff2b84360,Q9UHP6,False,KRAS,189,1d5a9ab11f64cb886d8ffa08a153c412b2d190fcf70e5690cd4b4c7efcdee53a,P01116,additional_six,False,-0.19208460549513498,1.3622666200002034,-4.785153865814209,-4.8595123291015625,-4.401677131652832,-4.682114442189534,13.0,3.0,4.0
context,P10398,U,False,False,231,LGI1,557,be2b5af00fb4e6787f690b9e7fd2b4974e3ac4140e48efeab537d24e474891e9,O95970,False,KRAS,189,1d5a9ab11f64cb886d8ffa08a153c412b2d190fcf70e5690cd4b4c7efcdee53a,P01116,additional_six,False,-2.4249441623687744,-2.4731033643086753,-11.576820373535156,-11.155029296875,-10.478439331054688,-11.070096333821615,223.0,239.0,284.0
context,P10398,U,False,False,232,TSSK4,328,4d24783ffe6d06562feabd301abb557afc5ade9f4814dba95f9a390dc8b44bd2,Q6SA08,False,KRAS,189,1d5a9ab11f64cb886d8ffa08a153c412b2d190fcf70e5690cd4b4c7efcdee53a,P01116,additional_six,False,-1.9826970497767131,-1.5532564322153728,-8.527091026306152,-7.217389106750488,-4.377683639526367,-6.707387924194336,179.0,171.0,80.0
context,P10398,U,False,False,233,EFHB,833,c5b477f29ce2f7c8a4f6f2600f09e07541d9da6d4b8b3a5c88c52f1c6fad74fa,Q8N7U6,False,KRAS,189,1d5a9ab11f64cb886d8ffa08a153c412b2d190fcf70e5690cd4b4c7efcdee53a,P01116,additional_six,False,-2.084308624267578,-1.388814906279246,-6.851246356964111,-5.937716960906982,-4.3819966316223145,-5.723653316497803,192.0,163.0,29.0
context,P10398,U,False,False,234,MTHFD1,935,748e6e336c8e454791e2a2194f2696526ca7e6d3fb0f2f41622807642cd56f85,P11586,False,KRAS,189,1d5a9ab11f64cb886d8ffa08a153c412b2d190fcf70e5690cd4b4c7efcdee53a,P01116,additional_six,False,-1.6236596902211506,-0.8115161657333374,-10.56314468383789,-6.366883754730225,-7.425817012786865,-8.11861515045166,136.0,118.0,173.0
context,P10398,U,False,False,235,LMCD1,365,da94a810d76c74eb6f1a960dc7181215caa572f2ecae0db9821ac74c2212ecea,Q9NZU5,False,KRAS,189,1d5a9ab11f64cb886d8ffa08a153c412b2d190fcf70e5690cd4b4c7efcdee53a,P01116,additional_six,False,-1.1846415996551514,-0.7044668594996134,-7.399104595184326,-5.876126766204834,-3.8831396102905273,-5.7194569905598955,75.0,108.0,28.0
context,P10398,U,False,False,236,TUBG2,451,270a5167023eb1af3bb2f9ddc4269c819a9440d86e7501b43f9704a551923ea1,Q9NRH3,False,KRAS,189,1d5a9ab11f64cb886d8ffa08a153c412b2d190fcf70e5690cd4b4c7efcdee53a,P01116,additional_six,False,-0.604331354300181,-0.8929800987243652,-6.627664566040039,-5.287474632263184,-7.139392852783203,-6.351510683695476,27.0,126.0,55.0
context,P10398,U,False,False,237,FARP1,1045,b4a5852dd18230b752bccbc6e35eaa4971795ba8687fde641d5b31a0e537b02f,Q9Y4F1,False,KRAS,189,1d5a9ab11f64cb886d8ffa08a153c412b2d190fcf70e5690cd4b4c7efcdee53a,P01116,additional_six,False,-2.624758005142212,-0.18702337642510733,-8.030593872070312,-6.383629322052002,-4.240306377410889,-6.218176523844401,246.0,68.0,51.0
context,P10398,U,False,False,238,TDRD1,1180,15e20922defe49d94b55fe3efe7a3f547b78edbdbd37b571abcf21d58fb4db1d,Q9BXT4,False,KRAS,189,1d5a9ab11f64cb886d8ffa08a153c412b2d190fcf70e5690cd4b4c7efcdee53a,P01116,additional_six,False,-2.2951300144195557,-1.5965270201365154,-9.176054000854492,-9.47401237487793,-7.429358959197998,-8.69314177831014,210.0,176.0,200.0
context,P10398,U,False,False,239,QRICH1,776,224df6b2f70a44884fd42d76009e26f46247c9bc11e49dd23e7805b2dcfe5f48,Q2TAL8,False,KRAS,189,1d5a9ab11f64cb886d8ffa08a153c412b2d190fcf70e5690cd4b4c7efcdee53a,P01116,additional_six,False,-1.4682543277740479,-0.0651504248380661,-6.994305610656738,-7.960746765136719,-7.601736068725586,-7.518929481506348,117.0,52.0,123.0
context,P10398,U,False,False,240,HYAL3,417,cb91d0170a7ca939a81de4ed14dbb8da32f7d4765d5a992ff70c71134725ec6a,O43820,False,KRAS,189,1d5a9ab11f64cb886d8ffa08a153c412b2d190fcf70e5690cd4b4c7efcdee53a,P01116,additional_six,False,-3.1891390482584634,-1.9235891501108806,-8.712141990661621,-10.270451545715332,-10.462139129638672,-9.814910888671875,276.0,199.0,257.0
context,P10398,U,False,False,241,MDM4,490,fb619a5b2a22bab98d1ec43db4cd85b129d53b99bbc0c2ca00a44fdd421828ab,O15151,False,KRAS,189,1d5a9ab11f64cb886d8ffa08a153c412b2d190fcf70e5690cd4b4c7efcdee53a,P01116,additional_six,False,-1.565266450246175,-1.1999359925587971,-10.050403594970703,-10.888784408569336,-6.652271747589111,-9.197153250376383,132.0,152.0,228.0
context,P10398,U,False,False,242,WDR37,494,fed1bfa25ac461d6fe82702ba98f2bbdadb3e2b68b382ea5e4b62ee27e2621b8,Q9Y2I8,False,KRAS,189,1d5a9ab11f64cb886d8ffa08a153c412b2d190fcf70e5690cd4b4c7efcdee53a,P01116,additional_six,False,-1.5364884932835896,-1.300158143043518,-7.143840789794922,-7.566112041473389,-6.762283802032471,-7.157412211100261,128.0,157.0,99.0
context,P10398,U,False,False,243,ZMYND15,742,d1aa18992e5b3d676d7044630fd5dd4a440a093bccec972137afa46a9720d4a3,Q9H091,False,KRAS,189,1d5a9ab11f64cb886d8ffa08a153c412b2d190fcf70e5690cd4b4c7efcdee53a,P01116,additional_six,False,-1.8810559511184692,-0.12866816918055216,-10.302289009094238,-8.09994125366211,-5.5954413414001465,-7.999223868052165,163.0,60.0,164.0
context,P10398,U,False,False,244,APPBP2,585,b1ce72dc6f6416ac3369ad876085d55379052dd93b7e597a6d9df9e302542d85,Q92624,False,KRAS,189,1d5a9ab11f64cb886d8ffa08a153c412b2d190fcf70e5690cd4b4c7efcdee53a,P01116,additional_six,False,-1.4679652849833171,-0.9850846529006958,-7.564713001251221,-5.946197986602783,-4.559957981109619,-6.023622989654541,116.0,131.0,40.0
context,P10398,U,False,False,245,PIAS1,651,235f8104268abde6c616f0f833a734c566b1afbfd6f707deafe6fa45cad5a162,O75925,False,KRAS,189,1d5a9ab11f64cb886d8ffa08a153c412b2d190fcf70e5690cd4b4c7efcdee53a,P01116,additional_six,False,-0.7177251776059469,-0.224729855855306,-6.991109848022461,-7.272088527679443,-5.551056861877441,-6.604751745859782,34.0,70.0,73.0
context,P10398,U,False,False,246,PARP12,701,329c99daef884eaf0673e00a50f84e800ca379ceb463558d5e26a91bb0a425b6,Q9H0J9,False,KRAS,189,1d5a9ab11f64cb886d8ffa08a153c412b2d190fcf70e5690cd4b4c7efcdee53a,P01116,additional_six,False,-2.000738739967346,-1.899923324584961,-9.580522537231445,-10.671578407287598,-6.787054538726807,-9.013051827748617,182.0,197.0,220.0
context,P10398,U,False,False,247,ADH7,386,6d1d909910705b15641b86622c773ef97594e883e9a988cfd55ff4fea5b37810,P40394,False,KRAS,189,1d5a9ab11f64cb886d8ffa08a153c412b2d190fcf70e5690cd4b4c7efcdee53a,P01116,additional_six,False,-2.598777691523234,-1.9514732360839844,-6.009273052215576,-6.912411689758301,-8.464356422424316,-7.128680388132731,244.0,202.0,98.0
context,P10398,U,False,False,248,MAPK6,721,420762f293c0da767dd51507e32ed4e5fe2b62d02cf916bb42507e9cc8bcb461,Q16659,False,KRAS,189,1d5a9ab11f64cb886d8ffa08a153c412b2d190fcf70e5690cd4b4c7efcdee53a,P01116,additional_six,False,-1.3935370047887166,-0.6481676499048868,-8.422818183898926,-7.621280670166016,-7.828582286834717,-7.957560380299886,109.0,102.0,160.0
context,P10398,U,False,False,249,THAP4,577,5d84943ec34928044af423e64e36f48e351f2c9a48a87fab326359c28d0660c5,Q8WY91,False,KRAS,189,1d5a9ab11f64cb886d8ffa08a153c412b2d190fcf70e5690cd4b4c7efcdee53a,P01116,additional_six,False,-1.0856939554214478,0.2081271012624105,-9.860735893249512,-6.434647083282471,-10.550056457519531,-8.948479811350504,68.0,39.0,218.0
context,P10398,U,False,False,250,ZAR1,424,a1cdc886e14efc5518cec7bb0dfb812eae6c963bf7c39ffcf842c1cbbce9c2c8,Q86SH2,False,KRAS,189,1d5a9ab11f64cb886d8ffa08a153c412b2d190fcf70e5690cd4b4c7efcdee53a,P01116,additional_six,False,-2.471264441808065,-2.310775359471639,-8.430102348327637,-9.58033561706543,-6.193193435668945,-8.067877133687338,232.0,229.0,169.0
context,P10398,U,False,False,251,SMTNL1,494,9acfc1c80976ac506372b42c4bdfc137a4601b44765204399963677176f56a22,A8MU46,False,KRAS,189,1d5a9ab11f64cb886d8ffa08a153c412b2d190fcf70e5690cd4b4c7efcdee53a,P01116,additional_six,False,-3.4704588254292807,-2.3404643535614014,-10.392120361328125,-8.766357421875,-6.7528533935546875,-8.637110392252604,283.0,230.0,195.0
context,P10398,U,False,False,252,VPS35,796,56e89109f3d5e1fa92bba6804a0712b519b537004e19d3753b8fa3ad8afdaf28,Q96QK1,False,KRAS,189,1d5a9ab11f64cb886d8ffa08a153c412b2d190fcf70e5690cd4b4c7efcdee53a,P01116,additional_six,False,-1.7531121969223022,-0.1393140455087026,-7.234283924102783,-5.7291998863220215,-6.371893882751465,-6.445125897725423,148.0,62.0,62.0
context,P10398,U,False,False,253,ARHGAP27,889,ebad7bb251483fccfe9927f9f7ef96af73430cb82d207aa79db103c1ffc6965a,Q6ZUM4,False,KRAS,189,1d5a9ab11f64cb886d8ffa08a153c412b2d190fcf70e5690cd4b4c7efcdee53a,P01116,additional_six,False,-1.936551531155904,-1.3194682200749714,-9.41175651550293,-7.9350666999816895,-8.242629051208496,-8.529817422231039,172.0,158.0,193.0
background,P10398,U,False,False,254,TMUB2,321,f756d2ed3c6260b7290c9afad5ef586452f0413fc4ca2d98eee65fc11df218bc,Q71RG4,False,KRAS,189,1d5a9ab11f64cb886d8ffa08a153c412b2d190fcf70e5690cd4b4c7efcdee53a,P01116,additional_six,False,-0.8107778827349345,-0.6752460400263468,-9.897418975830078,-7.729739189147949,-10.659170150756836,-9.428776105244955,42.0,104.0,239.0
background,P10398,U,False,False,255,KAZN,775,37bc1c034d815504e08d7a1604b16f211148b3c2900abb423c5f3d97a82ad8bb,Q674X7,False,KRAS,189,1d5a9ab11f64cb886d8ffa08a153c412b2d190fcf70e5690cd4b4c7efcdee53a,P01116,additional_six,False,0.16394767661889395,1.0853139956792195,-6.227294445037842,-3.7261664867401123,-3.135260820388794,-4.362907250722249,3.0,4.0,2.0
background,P10398,U,False,False,256,TIMM44,452,7aef5cbaaacc51a0180a88ea024da99990238a51150ee197e75061eff0d47944,O43615,False,KRAS,189,1d5a9ab11f64cb886d8ffa08a153c412b2d190fcf70e5690cd4b4c7efcdee53a,P01116,additional_six,False,-1.375188151995341,-1.9734089771906536,-8.84294319152832,-8.931711196899414,-11.54753589630127,-9.774063428243002,104.0,203.0,255.0
background,P10398,U,False,False,257,FLCN,579,ca4fa250ce7a3c1d73bab95a5ad91fae2308e1df37e3f5ad1de422e122c4c7c0,Q8NFG4,False,KRAS,189,1d5a9ab11f64cb886d8ffa08a153c412b2d190fcf70e5690cd4b4c7efcdee53a,P01116,additional_six,False,-2.526029348373413,-0.1667513648668925,-8.307714462280273,-8.74295425415039,-6.9171061515808105,-7.989258289337158,237.0,65.0,163.0
background,P10398,U,False,False,258,PPIL2,520,b945db30cfd89d6eefdf2076032ff50d70d7f6c404f3e4ed6345703619a10352,Q13356,False,KRAS,189,1d5a9ab11f64cb886d8ffa08a153c412b2d190fcf70e5690cd4b4c7efcdee53a,P01116,additional_six,False,-1.9873770078023274,-2.907264073689779,-8.22630786895752,-8.19039535522461,-9.994626998901367,-8.803776741027832,181.0,260.0,210.0
background,P10398,U,False,False,259,TAB2,693,7f1fbd4468e5a11cdafe3fc64fadd3907e417258259748c8a853a302e670ad01,Q9NYJ8,False,KRAS,189,1d5a9ab11f64cb886d8ffa08a153c412b2d190fcf70e5690cd4b4c7efcdee53a,P01116,additional_six,False,-1.7571828365325928,-1.0820593933264415,-8.096366882324219,-6.071037769317627,-6.774868011474609,-6.980757554372151,149.0,141.0,91.0
background,P10398,U,False,False,260,IP6K2,426,843acbe94d180235e678b9a2a2a957926baaa53fb4c921d11e8383c34e622822,Q9UHH9,False,KRAS,189,1d5a9ab11f64cb886d8ffa08a153c412b2d190fcf70e5690cd4b4c7efcdee53a,P01116,additional_six,False,-2.0339361429214478,-2.004539171854655,-8.660345077514648,-6.821972846984863,-7.9885430335998535,-7.823620319366455,187.0,209.0,150.0
background,P10398,U,False,False,261,STARD13,1113,9c3922626615e53eae6803b6373dbbf01956bc6ff27e203b2dafb74e344a5ed4,Q9Y3M8,False,KRAS,189,1d5a9ab11f64cb886d8ffa08a153c412b2d190fcf70e5690cd4b4c7efcdee53a,P01116,additional_six,False,-1.2058232227961223,-0.37558281421661377,-6.006999969482422,-4.682373523712158,-5.562124729156494,-5.417166074117024,78.0,79.0,13.0
background,P10398,U,False,False,262,NAPG,312,e4347024dd21efe71a4505f29468a39ef72b9cbf5f082dd38de48b99060e36d4,Q99747,False,KRAS,189,1d5a9ab11f64cb886d8ffa08a153c412b2d190fcf70e5690cd4b4c7efcdee53a,P01116,additional_six,False,-1.2413270870844524,-1.6492870251337688,-4.978005409240723,-6.711488246917725,-6.19658899307251,-5.962027549743652,86.0,177.0,35.0
background,P10398,U,False,False,263,LPAR5,372,2fff11c4b185022ab1999b4b9619369440eebd4d8efd1ce394a71e0b416e9f27,Q9H1C0,False,KRAS,189,1d5a9ab11f64cb886d8ffa08a153c412b2d190fcf70e5690cd4b4c7efcdee53a,P01116,additional_six,False,-2.460328737894694,-2.790391445159912,-11.798497200012207,-8.993264198303223,-7.306942462921143,-9.366234620412191,231.0,256.0,233.0
background,P10398,U,False,False,264,ZNF805,627,3aa50182467f1f556aff2a257f8006cc597a18f50db2875d375bd4af92aaaca1,Q5CZA5,False,KRAS,189,1d5a9ab11f64cb886d8ffa08a153c412b2d190fcf70e5690cd4b4c7efcdee53a,P01116,additional_six,False,-2.058064063390096,-0.9637120167414347,-6.070375442504883,-6.409762382507324,-6.16392183303833,-6.214686552683513,189.0,129.0,50.0
background,P10398,U,False,False,265,CDCA7L,454,8def93d68521fce1fb2365d1c67e2c0db2589d836a894d889c33ce133ccf2b02,Q96GN5,False,KRAS,189,1d5a9ab11f64cb886d8ffa08a153c412b2d190fcf70e5690cd4b4c7efcdee53a,P01116,additional_six,False,-1.332355539004008,-1.8053301970163982,-8.054946899414062,-9.311853408813477,-5.517621040344238,-7.628140449523926,96.0,190.0,131.0
background,P10398,U,False,False,266,OPN4,478,ae959571e0522c4f0e01f367f828015ac0eeee87641f448610afc524f6dc5579,Q9UHM6,False,KRAS,189,1d5a9ab11f64cb886d8ffa08a153c412b2d190fcf70e5690cd4b4c7efcdee53a,P01116,additional_six,False,-2.707024574279785,-3.506501038869222,-12.447686195373535,-12.361595153808594,-7.255378723144531,-10.688220024108887,248.0,283.0,275.0
background,P10398,U,False,False,267,P2RX1,399,47a7ae3585219f3b9f76da1259215e95b57cffa881962fce3ee2f6364da7dd2a,P51575,False,KRAS,189,1d5a9ab11f64cb886d8ffa08a153c412b2d190fcf70e5690cd4b4c7efcdee53a,P01116,additional_six,False,-3.805666526158651,-4.176230589548747,-13.286110877990723,-12.370830535888672,-11.160693168640137,-12.272544860839844,293.0,295.0,297.0
background,P10398,U,False,False,268,ARSA,507,60700b018eb23070a34534b79db845f38dc5c363a67df683ba443a5f35ae16ed,P15289,False,KRAS,189,1d5a9ab11f64cb886d8ffa08a153c412b2d190fcf70e5690cd4b4c7efcdee53a,P01116,additional_six,False,-2.8250632286071777,-2.2808725833892822,-8.399251937866211,-7.509791851043701,-6.761141777038574,-7.556728521982829,259.0,226.0,127.0
background,P10398,U,False,False,269,TNFRSF21,655,d9be56848c77e345f36966a43f68bb0859c29f625c2e96d1d8c97e40808d7468,O75509,False,KRAS,189,1d5a9ab11f64cb886d8ffa08a153c412b2d190fcf70e5690cd4b4c7efcdee53a,P01116,additional_six,False,-2.481593211491903,-1.9458599885304768,-13.096360206604004,-10.821852684020996,-10.14401912689209,-11.354077339172363,233.0,201.0,291.0
background,P10398,U,False,False,270,SMCR8,937,5e1672f222d5ccd758802187435464b197b6f01e0f14254d469f377a9c995812,Q8TEV9,False,KRAS,189,1d5a9ab11f64cb886d8ffa08a153c412b2d190fcf70e5690cd4b4c7efcdee53a,P01116,additional_six,False,-1.8284560044606526,-0.019815136988957722,-6.6736836433410645,-7.750345706939697,-5.296651840209961,-6.573560396830241,160.0,51.0,72.0
background,P10398,U,False,False,271,ZNF718,478,19fcd6f5bb8ffcabbf67b0c3733ec62d816a792667d202267c87f6c70421a750,Q3SXZ3,False,KRAS,189,1d5a9ab11f64cb886d8ffa08a153c412b2d190fcf70e5690cd4b4c7efcdee53a,P01116,additional_six,False,-2.552081743876139,-2.6508122285207114,-7.981040000915527,-7.66269588470459,-6.9637131690979,-7.535816351572673,241.0,247.0,124.0
background,P10398,U,False,False,272,KCNH5,988,ac5ab31f55aae36e7d6070d8bdf6fe7d810bb0c9b837d95d3a3a0f8b596b419c,Q8NCM2,False,KRAS,189,1d5a9ab11f64cb886d8ffa08a153c412b2d190fcf70e5690cd4b4c7efcdee53a,P01116,additional_six,False,-1.4870251019795735,-1.054610053698222,-11.422945976257324,-8.3556547164917,-8.879631996154785,-9.552744229634603,121.0,136.0,247.0
background,P10398,U,False,False,273,HOXC13,330,0f0a15e003b58706efffc537ba53d4de7de0b0b24d1d284a1f7095f62eeef51c,P31276,False,KRAS,189,1d5a9ab11f64cb886d8ffa08a153c412b2d190fcf70e5690cd4b4c7efcdee53a,P01116,additional_six,False,-0.706443170706431,-1.562450607617696,-10.754668235778809,-9.268320083618164,-7.937018394470215,-9.320002237955729,33.0,173.0,232.0
background,P10398,U,False,False,274,CABS1,395,b1f402b5f1cd8884e81ef137edb48cf99f56e3eb045b42a236e8f32b99a1766a,Q96KC9,False,KRAS,189,1d5a9ab11f64cb886d8ffa08a153c412b2d190fcf70e5690cd4b4c7efcdee53a,P01116,additional_six,False,-4.0646335283915205,-2.0527896086374917,-6.402005195617676,-8.256299018859863,-5.045182228088379,-6.56782881418864,296.0,216.0,70.0
background,P10398,U,False,False,275,SCARB2,478,b595efe090d1a5e418a365ba44153f2b0ebf706e5bf1ff3219a6124b5d598d71,Q14108,False,KRAS,189,1d5a9ab11f64cb886d8ffa08a153c412b2d190fcf70e5690cd4b4c7efcdee53a,P01116,additional_six,False,-3.5917184352874756,-4.005859851837158,-13.443126678466797,-11.813417434692383,-13.471909523010254,-12.90948454538981,287.0,293.0,303.0
background,P10398,U,False,False,276,SNAPC1,368,80a0e8f3b1470a7fd47521e51a330a2d95a238de35c8c7d5c6475246370e8b12,Q16533,False,KRAS,189,1d5a9ab11f64cb886d8ffa08a153c412b2d190fcf70e5690cd4b4c7efcdee53a,P01116,additional_six,False,-1.931031624476115,-1.5529484748840332,-8.567367553710938,-7.447573661804199,-7.048243522644043,-7.68772824605306,169.0,170.0,139.0
background,P10398,U,False,False,277,GARS1,739,e6a7a7a9a35691fea0d0b70c32f9bf1e248f2e957743c67dd341fc294cf94946,P41250,False,KRAS,189,1d5a9ab11f64cb886d8ffa08a153c412b2d190fcf70e5690cd4b4c7efcdee53a,P01116,additional_six,False,-1.364168365796407,-2.0408260226249695,-9.892784118652344,-6.926274299621582,-9.207792282104492,-8.675616900126139,103.0,215.0,199.0
background,P10398,U,False,False,278,MRGPRD,321,40913e0ac413cfdafaf889de9c7d87d4fa96bcfc2ce76b7e4ce1d0d31b611c05,Q8TDS7,False,KRAS,189,1d5a9ab11f64cb886d8ffa08a153c412b2d190fcf70e5690cd4b4c7efcdee53a,P01116,additional_six,False,-2.541743199030558,-2.157660722732544,-10.847380638122559,-10.303524017333984,-8.545672416687012,-9.898859024047852,239.0,220.0,262.0
background,P10398,U,False,False,279,ACAP3,834,6402c1aff6451785c10d38643b8b4f197fc4012798cf5446a5f753d836d575bb,Q96P50,False,KRAS,189,1d5a9ab11f64cb886d8ffa08a153c412b2d190fcf70e5690cd4b4c7efcdee53a,P01116,additional_six,False,-1.0190251469612122,0.05850934982299805,-7.744029998779297,-7.165067195892334,-5.043610095977783,-6.650902430216472,63.0,46.0,76.0
background,P10398,U,False,False,280,SOX11,441,990389c3f83556981851bc70ae96075f6e176afd5ae169c125b7be3154e01095,P35716,False,KRAS,189,1d5a9ab11f64cb886d8ffa08a153c412b2d190fcf70e5690cd4b4c7efcdee53a,P01116,additional_six,False,-2.5045436223347983,-2.0134828090667725,-9.310450553894043,-9.999225616455078,-9.279669761657715,-9.529781977335611,235.0,211.0,246.0
background,P10398,U,False,False,281,PREPL,727,86abe12957607b3c907f3d0d943c9a0d8b5a1bde9f076eb63152684b0509579a,Q4J6C6,False,KRAS,189,1d5a9ab11f64cb886d8ffa08a153c412b2d190fcf70e5690cd4b4c7efcdee53a,P01116,additional_six,False,-2.3446547190348306,-2.8528548876444497,-10.329790115356445,-9.051880836486816,-9.765508651733398,-9.715726534525553,215.0,257.0,253.0
background,P10398,U,False,False,282,TIPARP,657,0ba14e92345e90b63be2d39c6b090e486a6f38319d490fccc6b6d7d677e10278,Q7Z3E1,False,KRAS,189,1d5a9ab11f64cb886d8ffa08a153c412b2d190fcf70e5690cd4b4c7efcdee53a,P01116,additional_six,False,-1.4911448160807292,-1.1559783418973286,-5.871566295623779,-10.086848258972168,-7.075078964233398,-7.677831172943115,122.0,149.0,138.0
background,P10398,U,False,False,283,PLPPR2,343,da6e8fcad2358036d4660557b9f4bbdc5b01efa6c3ba8c90ed07efe37d48778b,Q96GM1,False,KRAS,189,1d5a9ab11f64cb886d8ffa08a153c412b2d190fcf70e5690cd4b4c7efcdee53a,P01116,additional_six,False,-3.756016969680786,-3.053271929423014,-11.18766975402832,-10.517027854919434,-12.260851860046387,-11.321849822998047,292.0,266.0,288.0
background,P10398,U,False,False,284,HIP1R,1068,321f35dcf3990dbfa340cc69c13624a87baae41bff1a86fdc98fac8a6bd032fd,O75146,False,KRAS,189,1d5a9ab11f64cb886d8ffa08a153c412b2d190fcf70e5690cd4b4c7efcdee53a,P01116,additional_six,False,-1.3363719781239827,-0.87932288646698,-7.81142520904541,-6.443019866943359,-5.568080902099609,-6.607508659362793,97.0,125.0,74.0
background,P10398,U,False,False,285,DEF6,631,b272fd02fb738050a932f007eedcc444b8aa6b5c6168c8354c9da43468aaa776,Q9H4E7,False,KRAS,189,1d5a9ab11f64cb886d8ffa08a153c412b2d190fcf70e5690cd4b4c7efcdee53a,P01116,additional_six,False,-1.3858707348505657,0.4744253357251485,-5.6415839195251465,-4.916245460510254,-5.64630126953125,-5.401376883188884,105.0,24.0,11.0
background,P10398,U,False,False,286,FBXL17,701,f086e32b89bf4adc59b45737d3868615d0941a14001bdcd64d1a31da453f1d29,Q9UF56,False,KRAS,189,1d5a9ab11f64cb886d8ffa08a153c412b2d190fcf70e5690cd4b4c7efcdee53a,P01116,additional_six,False,-2.06935985883077,-1.573131799697876,-11.260184288024902,-8.885457038879395,-8.666716575622559,-9.604119300842285,190.0,175.0,250.0
background,P10398,U,False,False,287,NEURL1,574,61d317a884cd652dae53dfd16b22b425ae217c9b7822dbf2d3f1848393e322ae,O76050,False,KRAS,189,1d5a9ab11f64cb886d8ffa08a153c412b2d190fcf70e5690cd4b4c7efcdee53a,P01116,additional_six,False,-2.727381944656372,-2.029013156890869,-10.732588768005371,-10.444052696228027,-6.683365821838379,-9.28666909535726,250.0,214.0,231.0
background,P10398,U,False,False,288,GOLGA6B,693,f61856eddcfacf6910123d671f14e10cfbf2a4b58b100afcdd00ee7c96ee7f67,A6NDN3,False,KRAS,189,1d5a9ab11f64cb886d8ffa08a153c412b2d190fcf70e5690cd4b4c7efcdee53a,P01116,additional_six,False,-0.06574102553228538,0.9712526599566141,-6.524768829345703,-5.244727611541748,-5.408936977386475,-5.726144472757976,9.0,9.0,30.0
background,P10398,U,False,False,289,STRN,780,2f2076f140c02dfc6ce4870832039fa61f57ec846e74dedddca2e52131318cba,O43815,False,KRAS,189,1d5a9ab11f64cb886d8ffa08a153c412b2d190fcf70e5690cd4b4c7efcdee53a,P01116,additional_six,False,-1.2823179562886555,-1.3825042645136516,-8.243927001953125,-8.209748268127441,-6.437240123748779,-7.630305131276448,89.0,162.0,132.0
background,P10398,U,False,False,290,NOS1AP,506,7a26fe4004129f6c33c41c0bf603dde7cbc9ef1818e9fc17bc7ec61961f4adae,O75052,False,KRAS,189,1d5a9ab11f64cb886d8ffa08a153c412b2d190fcf70e5690cd4b4c7efcdee53a,P01116,additional_six,False,-1.2373489538828533,1.419619381427765,-8.49170207977295,-3.723193407058716,-3.9784233570098877,-5.3977729479471845,84.0,2.0,10.0
background,P10398,U,False,False,291,NSMCE4A,385,91721258bc50fb59f607b8c30ba6d384777d24387ee1f622988761fb659572e6,Q9NXX6,False,KRAS,189,1d5a9ab11f64cb886d8ffa08a153c412b2d190fcf70e5690cd4b4c7efcdee53a,P01116,additional_six,False,-0.5054398973782858,-1.22282075881958,-5.7369208335876465,-7.521867275238037,-7.2715840339660645,-6.843457380930583,22.0,153.0,83.0
background,P10398,U,False,False,292,PARP15,678,a02f86880ca58a6653ff7b446a7886173b8366857719ed6481af8b425cecc1c0,Q460N3,False,KRAS,189,1d5a9ab11f64cb886d8ffa08a153c412b2d190fcf70e5690cd4b4c7efcdee53a,P01116,additional_six,False,-2.4490949312845864,-1.5483415524164836,-10.77580738067627,-7.770557880401611,-6.113248348236084,-8.219871203104654,229.0,169.0,181.0
background,P10398,U,False,False,293,NRDC,1151,fc3b249d833c8eae74c6295b91603faed8b42c1dd75455ee3fbca5ca3e3259eb,O43847,False,KRAS,189,1d5a9ab11f64cb886d8ffa08a153c412b2d190fcf70e5690cd4b4c7efcdee53a,P01116,additional_six,False,-3.1710567474365234,-3.1011668046315513,-10.166582107543945,-8.469886779785156,-10.315213203430176,-9.65056069691976,275.0,267.0,251.0
background,P10398,U,False,False,294,ZNF189,626,529c9c3d693660241f49c19c9c49141523112bd0d51c7cdb2a3505fc06b89e10,O75820,False,KRAS,189,1d5a9ab11f64cb886d8ffa08a153c412b2d190fcf70e5690cd4b4c7efcdee53a,P01116,additional_six,False,-2.8789260387420654,-2.4138855934143066,-6.419541358947754,-6.139144420623779,-7.579711437225342,-6.712799072265625,263.0,237.0,81.0
background,P10398,U,False,False,295,AVPR1B,424,60136b71ec5806c03c0447c4f4bfdfb5903ecb6405087e3fdccd1a8e1e54e880,P47901,False,KRAS,189,1d5a9ab11f64cb886d8ffa08a153c412b2d190fcf70e5690cd4b4c7efcdee53a,P01116,additional_six,False,-2.2944672107696533,-3.779063065846761,-11.34284782409668,-11.258208274841309,-8.217360496520996,-10.272805531819662,209.0,288.0,268.0
background,P10398,U,False,False,296,INPP5K,448,94e938dbbf5362992039407c760b13b06b42e8d5368f3918eb95882b8dfb2b21,Q9BT40,False,KRAS,189,1d5a9ab11f64cb886d8ffa08a153c412b2d190fcf70e5690cd4b4c7efcdee53a,P01116,additional_six,False,-1.5425885518391926,-2.098538359006246,-6.21617317199707,-7.053781032562256,-7.792361736297607,-7.0207719802856445,129.0,218.0,94.0
background,P10398,U,False,False,297,FAM153B,387,ce4edb5eec60aa4f934519d7e371b1ccde0f1b2f0355a15858225282e90e79cb,P0C7A2,False,KRAS,189,1d5a9ab11f64cb886d8ffa08a153c412b2d190fcf70e5690cd4b4c7efcdee53a,P01116,additional_six,False,-0.4387570917606354,-0.12028418978055318,-10.288677215576172,-9.9954195022583,-8.072610855102539,-9.45223585764567,21.0,57.0,242.0
background,P10398,U,False,False,298,KIR3DL3,410,6c646cbbe881f28574233916690989c0319e38045757eec9d7514b5e84f4c38e,Q8N743,False,KRAS,189,1d5a9ab11f64cb886d8ffa08a153c412b2d190fcf70e5690cd4b4c7efcdee53a,P01116,additional_six,False,-1.9437403678894043,-2.3922270933787027,-8.969991683959961,-9.003653526306152,-10.188514709472656,-9.387386639912924,174.0,235.0,236.0
background,P10398,U,False,False,299,AIDA,306,0ae766395d1e2f52ef4ff36a1c36aaeb0d2f0e1b145105919451e83c81e7b68c,Q96BJ3,False,KRAS,189,1d5a9ab11f64cb886d8ffa08a153c412b2d190fcf70e5690cd4b4c7efcdee53a,P01116,additional_six,False,-1.392582933108012,-0.07295568784077962,-8.414963722229004,-8.593786239624023,-5.979875564575195,-7.662875175476074,108.0,55.0,135.0
background,P10398,U,False,False,300,DHX33,707,57aa9f766ac2ff4911bcdaff93612110c5fa2ef78403a0a9cdf6bd38016385fc,Q9H6R0,False,KRAS,189,1d5a9ab11f64cb886d8ffa08a153c412b2d190fcf70e5690cd4b4c7efcdee53a,P01116,additional_six,False,-2.714857578277588,-3.3013744354248047,-7.846439838409424,-9.889233589172363,-7.56252384185791,-8.432732423146566,249.0,277.0,190.0
background,P10398,U,False,False,301,TXLNG,528,4b5d447616a9d8e04637000b7d881d9dcedbc8dfac08fec097382f0624bd3050,Q9NUQ3,False,KRAS,189,1d5a9ab11f64cb886d8ffa08a153c412b2d190fcf70e5690cd4b4c7efcdee53a,P01116,additional_six,False,-0.28226009011268616,0.05866487820943197,-5.688704490661621,-8.662310600280762,-3.8064818382263184,-6.052498976389567,17.0,45.0,42.0
background,P10398,U,False,False,302,GARIN1B,344,a0c40f83050cb8a40a2b8e58bfe1305c6f87541cb7466d9cce659316c6b89d9c,Q96KD3,False,KRAS,189,1d5a9ab11f64cb886d8ffa08a153c412b2d190fcf70e5690cd4b4c7efcdee53a,P01116,additional_six,False,-3.3967427412668862,-0.15274458626906076,-6.125932693481445,-9.66327953338623,-4.223749160766602,-6.670987129211426,281.0,64.0,77.0
background,P10398,U,False,False,303,ZKSCAN3,538,23e02dd15f3dbe6561da53cff57e4c77349b763d79cc618faedd42ba22b85e18,Q9BRR0,False,KRAS,189,1d5a9ab11f64cb886d8ffa08a153c412b2d190fcf70e5690cd4b4c7efcdee53a,P01116,additional_six,False,-2.4386454423268638,-1.1525588432947795,-6.5845112800598145,-7.358423709869385,-8.3042631149292,-7.415732701619466,225.0,148.0,114.0
