sequence_sha256,reported_local_hits,local_target,local_fident,local_alnlen,local_qstart,local_qend,local_qlen,local_tstart,local_tend,local_tlen,local_evalue,local_bits,local_qcov,local_tcov,both_coverage_80pct_target,both_coverage_80pct_fident,both_coverage_80pct_alnlen,both_coverage_80pct_qstart,both_coverage_80pct_qend,both_coverage_80pct_qlen,both_coverage_80pct_tstart,both_coverage_80pct_tend,both_coverage_80pct_tlen,both_coverage_80pct_evalue,both_coverage_80pct_bits,both_coverage_80pct_qcov,both_coverage_80pct_tcov,similarity_bin,TRAIN_homolog_30pct_both80
00f7983278c23bce02ff7445b90419cd07e0ca8d3b78ab51e0c296e934f7fb41,0,,,,,,,,,,,,,,,,,,,,,,,,,,,no_qualifying_hit,False
00fe8415eefd34ee6d77d5c74823b4910b36e776f3cda9ec5aa612ab28aebc8e,5,4e2118dff1fc53fca855771ef7666573eb09d3d106f6f1b5a7d1af4188ba38f1,0.990,216,1,216,216,1,216,216,8.004E-141,436,1.000,1.000,4e2118dff1fc53fca855771ef7666573eb09d3d106f6f1b5a7d1af4188ba38f1,0.990,216,1,216,216,1,216,216,8.004E-141,436,1.000,1.000,at_least_80pct,True
0109d7827258db081cc89240a49da2500deec2eff44b1896903344e0075a54be,19,0109d7827258db081cc89240a49da2500deec2eff44b1896903344e0075a54be,1.000,314,1,314,314,1,314,314,1.398E-203,623,1.000,1.000,0109d7827258db081cc89240a49da2500deec2eff44b1896903344e0075a54be,1.000,314,1,314,314,1,314,314,1.398E-203,623,1.000,1.000,at_least_80pct,True
0114b8b8dfd619ae738c1429816be6a32e976d08e401575007d706e425f5cf5e,0,,,,,,,,,,,,,,,,,,,,,,,,,,,no_qualifying_hit,False
01de1f9ad6f3e993ff7c37fe3c320a4741fadd5e9bb8849a5169cafa410db286,1,c03cd73a2576bd7b6d4237449bee70a9906a6129f63ac7c49f2e37a690796e71,0.333,161,110,270,492,170,330,494,3.481E-13,70,0.327,0.326,,,,,,,,,,,,,,no_qualifying_hit,False
020418e0b2240d5598eb458dbdeafb0d5ddb44a6148800dbe15d44d962fbc08a,9,082fb8e1401d1149d635f20627c1b0b98a1971ef712cf4a31ea6fffefc9da0e0,0.321,171,5,175,589,85,250,304,9.230E-18,86,0.290,0.546,,,,,,,,,,,,,,no_qualifying_hit,False
024ad2280c9fa9a79e89baa3b667f0b6c6466930bf76a8707185a5921ead500c,2,a5eb2a05bcffda742112224769a5500aa6d81f8494ecef83da7d02966049517f,0.937,588,1,588,588,1,551,551,0.000E+00,1000,1.000,1.000,a5eb2a05bcffda742112224769a5500aa6d81f8494ecef83da7d02966049517f,0.937,588,1,588,588,1,551,551,0.000E+00,1000,1.000,1.000,at_least_80pct,True
024bb19c37eb259cf4e00f545292c3dd77b4259fe500366e7dff04ff9b300f9b,0,,,,,,,,,,,,,,,,,,,,,,,,,,,no_qualifying_hit,False
02df8b3bb9e44b33c56a24b5f19c081499a9635d77dc8b5ab55e9b623687fe52,0,,,,,,,,,,,,,,,,,,,,,,,,,,,no_qualifying_hit,False
0330da65144d88333b3dece12b6ba84cce3fba64b496958e4b6c974a782d4ca9,35,0330da65144d88333b3dece12b6ba84cce3fba64b496958e4b6c974a782d4ca9,1.000,280,1,280,280,1,280,280,4.281E-215,654,1.000,1.000,0330da65144d88333b3dece12b6ba84cce3fba64b496958e4b6c974a782d4ca9,1.000,280,1,280,280,1,280,280,4.281E-215,654,1.000,1.000,at_least_80pct,True
042905fdfc4f727516ef3b84655b6b8cb221208d3978992879ccdd30ffe2937b,0,,,,,,,,,,,,,,,,,,,,,,,,,,,no_qualifying_hit,False
04cd419d229d9fc0613db7be76c62961db3ca033dcda09e97a55147fade8707c,0,,,,,,,,,,,,,,,,,,,,,,,,,,,no_qualifying_hit,False
04cecbe0f36483499f54b75c68678d9bf0848c819f021129a7048b77690c0f48,0,,,,,,,,,,,,,,,,,,,,,,,,,,,no_qualifying_hit,False
050773d7107e81f26a6dfd5efd734141e2c26da555f53c43a2bf312175d84445,9,b1dff3a3522626f0539ff0d024c13acbbb7f88791d3428f250d4f2346c5a93e1,0.346,98,24,114,127,53,150,166,2.912E-16,72,0.717,0.590,,,,,,,,,,,,,,no_qualifying_hit,False
0552e7adcfc723754573e5243e8dde61a157bb8a1e5d35b86cfb1a69ab6aa233,0,,,,,,,,,,,,,,,,,,,,,,,,,,,no_qualifying_hit,False
05ab05d709612eaed9cdb95d5001c3734be9c29aa672de92bc040387693c5213,0,,,,,,,,,,,,,,,,,,,,,,,,,,,no_qualifying_hit,False
06254f6852b1b1dfc3c6916b19e20fb0272536cf45cfd125418c976aba2782ce,0,,,,,,,,,,,,,,,,,,,,,,,,,,,no_qualifying_hit,False
06420fad5cced81a561f08da463589adfb5f7ff4c1cbc48b6a3668c3ae82f34d,3,d36c64fc835cdd4046e109e3ee8702b61dc32dc4b2603a4be261de0666730a33,0.284,175,57,231,404,1,163,640,4.821E-11,63,0.433,0.255,,,,,,,,,,,,,,no_qualifying_hit,False
0721621302c1206513df943a8b7e1b79f13eeef182b537195d7894fc89d6578c,1,8a8cebecc57f31160ab6b9cfd871405b3c7d6fa974d7b2e17379aac3fc6c9fd7,0.995,479,1,479,480,1,479,879,2.227E-313,949,0.998,0.545,,,,,,,,,,,,,,no_qualifying_hit,False
0723c639230ca18a53b848328f2a1d121c151909244e2d4a0032dd6c2f62217a,0,,,,,,,,,,,,,,,,,,,,,,,,,,,no_qualifying_hit,False
073459bd9269a1c871004d16af6d712345e2a0bc2650abbfab2e367edfc84718,4,073459bd9269a1c871004d16af6d712345e2a0bc2650abbfab2e367edfc84718,1.000,329,1,329,329,1,329,329,4.204E-230,700,1.000,1.000,073459bd9269a1c871004d16af6d712345e2a0bc2650abbfab2e367edfc84718,1.000,329,1,329,329,1,329,329,4.204E-230,700,1.000,1.000,at_least_80pct,True
077a071d34ca35b83c4ad6959a62c5e2d91c537b6620ed3d263e8f580cd74b5a,32,077a071d34ca35b83c4ad6959a62c5e2d91c537b6620ed3d263e8f580cd74b5a,1.000,476,1,476,476,1,476,476,0.000E+00,1011,1.000,1.000,077a071d34ca35b83c4ad6959a62c5e2d91c537b6620ed3d263e8f580cd74b5a,1.000,476,1,476,476,1,476,476,0.000E+00,1011,1.000,1.000,at_least_80pct,True
0795131eef1ae996ee8a190170aa4d5df4b9155275c7c9a31105e4a6654580ee,0,,,,,,,,,,,,,,,,,,,,,,,,,,,no_qualifying_hit,False
082fb8e1401d1149d635f20627c1b0b98a1971ef712cf4a31ea6fffefc9da0e0,9,082fb8e1401d1149d635f20627c1b0b98a1971ef712cf4a31ea6fffefc9da0e0,1.000,304,1,304,304,1,304,304,4.153E-193,592,1.000,1.000,082fb8e1401d1149d635f20627c1b0b98a1971ef712cf4a31ea6fffefc9da0e0,1.000,304,1,304,304,1,304,304,4.153E-193,592,1.000,1.000,at_least_80pct,True
085fba38558cf4a9402d8d03b6cdec4ff3a0d196448fb5711dff3f00e74c561e,0,,,,,,,,,,,,,,,,,,,,,,,,,,,no_qualifying_hit,False
0880570e18ab7bc3acf175e313a84c8e629ecd186b417644a69e0751e17d0a01,1,62ee8964e0c4350d9102229296ba0b1587ca5253b53a351f703193e0bbdf69c8,0.429,183,48,230,238,17,196,204,9.231E-41,149,0.769,0.882,,,,,,,,,,,,,,no_qualifying_hit,False
08ae15df83f50af69ddd2a34f91d5f1af221e9b0d1b005498d5c3497460e0a89,8,08ae15df83f50af69ddd2a34f91d5f1af221e9b0d1b005498d5c3497460e0a89,1.000,303,1,303,303,1,303,303,1.174E-200,614,1.000,1.000,08ae15df83f50af69ddd2a34f91d5f1af221e9b0d1b005498d5c3497460e0a89,1.000,303,1,303,303,1,303,303,1.174E-200,614,1.000,1.000,at_least_80pct,True
08b805114d840e179b8f0f7930058dfd6e631485eaaa5457ba94d1a47baeba51,6,08b805114d840e179b8f0f7930058dfd6e631485eaaa5457ba94d1a47baeba51,1.000,1518,1,1518,1518,1,1518,1518,0.000E+00,3102,1.000,1.000,08b805114d840e179b8f0f7930058dfd6e631485eaaa5457ba94d1a47baeba51,1.000,1518,1,1518,1518,1,1518,1518,0.000E+00,3102,1.000,1.000,at_least_80pct,True
08c6366a69dd837c53101b7cfe532f8e1889ece772609fd414be0e3409229703,0,,,,,,,,,,,,,,,,,,,,,,,,,,,no_qualifying_hit,False
08ce86ad6bdc4f44b8b0945b6f0a20fcdec97419f663bffd3078b7b92a0f5302,0,,,,,,,,,,,,,,,,,,,,,,,,,,,no_qualifying_hit,False
09207cdd3c363e555ae0284aa9d1f637cf51f4ea4a7155d220990d8182f3e289,3,25f9412a206a384da9baea3a4b27cd80095b74f186e623b6e1c2aaf5d0b8372c,0.206,493,61,481,708,149,641,837,1.393E-08,56,0.595,0.589,,,,,,,,,,,,,,no_qualifying_hit,False
0949de13d2ed928a394e2914534f809b2ef6d823f65084aba899cd4d7792329f,1,0949de13d2ed928a394e2914534f809b2ef6d823f65084aba899cd4d7792329f,1.000,359,1,359,359,1,359,359,3.551E-230,702,1.000,1.000,0949de13d2ed928a394e2914534f809b2ef6d823f65084aba899cd4d7792329f,1.000,359,1,359,359,1,359,359,3.551E-230,702,1.000,1.000,at_least_80pct,True
099111483542dc4a0adbc153ad02fa06e249c769296a5a535d0211db3e656fe4,0,,,,,,,,,,,,,,,,,,,,,,,,,,,no_qualifying_hit,False
09d4dfebd6a0553e5bbaee605a2c0ae240f90b6a8bb038e0842cda718bc37f62,0,,,,,,,,,,,,,,,,,,,,,,,,,,,no_qualifying_hit,False
09e1d0883fbaccb2b6ab818e99b276f7fb28791935aba83140f60143a146ee84,0,,,,,,,,,,,,,,,,,,,,,,,,,,,no_qualifying_hit,False
0a05f736b29dbbed80036947282a91d148f76466e220161f4eb923fd44c16765,5,0a05f736b29dbbed80036947282a91d148f76466e220161f4eb923fd44c16765,1.000,152,1,152,152,1,152,152,7.982E-103,323,1.000,1.000,0a05f736b29dbbed80036947282a91d148f76466e220161f4eb923fd44c16765,1.000,152,1,152,152,1,152,152,7.982E-103,323,1.000,1.000,at_least_80pct,True
0a6aa1debade875f917132245b6e69b13523b85ec0a5a9c3cefbba21fe664a65,1,0a6aa1debade875f917132245b6e69b13523b85ec0a5a9c3cefbba21fe664a65,1.000,446,1,446,446,1,446,446,4.643E-298,903,1.000,1.000,0a6aa1debade875f917132245b6e69b13523b85ec0a5a9c3cefbba21fe664a65,1.000,446,1,446,446,1,446,446,4.643E-298,903,1.000,1.000,at_least_80pct,True
0a7c623420721bc6f539ff99938182c690abdc69bb54eb2585c043645ca2881d,0,,,,,,,,,,,,,,,,,,,,,,,,,,,no_qualifying_hit,False
0acc06e01b729e1aab49b4271c4b1c7f412873efc2fb2bd80295f688f0bafbc9,0,,,,,,,,,,,,,,,,,,,,,,,,,,,no_qualifying_hit,False
0adcc27477d9d9e1e6532c51265391864592b03f08312f1c9f8f6bab3f76e21a,1,782112a4e8036a2be6e249407664e165ea7c9f9fc1786d1987f65c443e2b04c5,0.313,182,8,189,202,11,165,176,8.407E-22,92,0.901,0.881,782112a4e8036a2be6e249407664e165ea7c9f9fc1786d1987f65c443e2b04c5,0.313,182,8,189,202,11,165,176,8.407E-22,92,0.901,0.881,30_to_50pct,True
0b38fefaef2eca7f23bb979bc9da1dec4e9a6ffe79ea3e53edd734b02e70527b,5,03cb06c1350febfa7357d384beef7d7d249034818ec61e792af457d1418b3455,0.408,516,314,829,933,149,637,719,6.457E-98,342,0.553,0.680,,,,,,,,,,,,,,no_qualifying_hit,False
0b595724cf423bb78bfd1d319308f0d6a2ae2391fc67b8c5942ceb6fedb9358b,1,ef513e887f0ff47a86e6d19677ddac75e17ee63d23eb33552e26af806e212661,0.368,277,27,303,304,32,293,297,1.178E-44,163,0.911,0.882,ef513e887f0ff47a86e6d19677ddac75e17ee63d23eb33552e26af806e212661,0.368,277,27,303,304,32,293,297,1.178E-44,163,0.911,0.882,30_to_50pct,True
0b60b64ce15fe40cb68155f22f094f1cd74e5df542a3c725cb2477f2285d6496,1,341834d7b0ccb99c7052ed1790867e15e2a8b59d60a15d88beef21ff5c6e6f0b,0.246,461,97,528,718,393,853,1203,9.009E-04,40,0.602,0.383,,,,,,,,,,,,,,no_qualifying_hit,False
0b8daf363b6894dc4023aeee3cf5fc4102ae20fe3fdbf10fea34927327165e14,0,,,,,,,,,,,,,,,,,,,,,,,,,,,no_qualifying_hit,False
0bc42eee246cffa71f67c6aa67e71ebe727e3c877b197d5c4f2e99213d32e0fd,1,23a8189aa6c894bf084bb5a77cfe47f841cd710a6176af3d98a469eee6b963ef,0.309,430,90,492,508,46,475,480,6.238E-56,203,0.793,0.896,,,,,,,,,,,,,,no_qualifying_hit,False
0beac559583e0267690197b7c37ff68f45f67dad2d799a7eb66434cf36b81ca4,0,,,,,,,,,,,,,,,,,,,,,,,,,,,no_qualifying_hit,False
0bf77fa94a174ca90f36dfd1fa8afc51587ca14315bf947191a6a23cf941fa9a,2,0bf77fa94a174ca90f36dfd1fa8afc51587ca14315bf947191a6a23cf941fa9a,1.000,196,1,196,196,1,196,196,3.512E-129,402,1.000,1.000,0bf77fa94a174ca90f36dfd1fa8afc51587ca14315bf947191a6a23cf941fa9a,1.000,196,1,196,196,1,196,196,3.512E-129,402,1.000,1.000,at_least_80pct,True
0c3e35dda68a7bfb4b07b47cd9a2e7eabe6625195e515ebce293984c77365710,3,f8a6f7881e7155276cd2d65a00e3b1f77f9512bc711bf5648aad76b4d2adbf28,0.392,647,73,719,735,129,761,795,1.683E-126,421,0.880,0.796,942c8433007d71c2cb84f7f7d9998edbbf8ff6c442ac81ba48bfe6cd1ccf5f64,0.360,645,80,720,735,52,696,779,8.331E-122,407,0.872,0.828,30_to_50pct,True
0c9a53ebe62997981c4c14caea2e82fd5f87561a3356f0328f5aefe4b6a3c3f8,3,34dd9317fd82e3ee1da27e96c639730894f74dcc5e854ec1adc398fa28e0d3da,0.435,269,1,269,272,1,268,284,8.207E-77,255,0.989,0.944,34dd9317fd82e3ee1da27e96c639730894f74dcc5e854ec1adc398fa28e0d3da,0.435,269,1,269,272,1,268,284,8.207E-77,255,0.989,0.944,30_to_50pct,True
0cffc2b3a10e1075b9fb62457c6ab531717e46bb5700aebdd7dd2e5e95f78a93,19,e8264b573b697a57e1a4edae6af2ce9211e9f1e87866ca107741f1ea6e6d239c,0.997,398,3,400,400,32,429,429,4.213E-264,803,0.995,0.928,e8264b573b697a57e1a4edae6af2ce9211e9f1e87866ca107741f1ea6e6d239c,0.997,398,3,400,400,32,429,429,4.213E-264,803,0.995,0.928,at_least_80pct,True
0d0e0556d6acf0e9513298617b5f715894a8d4ffaf77bdc28fe7c8ee77a6e6a2,0,,,,,,,,,,,,,,,,,,,,,,,,,,,no_qualifying_hit,False
0d3957101f66fe7ac29d004ee94cd6d3a1640085e3ea6c7d11fb9c2b83e6c4ae,0,,,,,,,,,,,,,,,,,,,,,,,,,,,no_qualifying_hit,False
0d3d9f82bdfc54408d2524b132cc89d1f8e407070a8cc9cc602197b100b06f29,0,,,,,,,,,,,,,,,,,,,,,,,,,,,no_qualifying_hit,False
0d4e4f10e0031ad97cdf4c9dcb1dc11b3f93f8caf4d8e81554abcc5e75ecde43,1,8b1a4048f7dc3f27ee0626079271f616ae18653c1939466532e358850be5e90f,0.997,670,1,670,700,1,670,777,0.000E+00,1268,0.957,0.862,8b1a4048f7dc3f27ee0626079271f616ae18653c1939466532e358850be5e90f,0.997,670,1,670,700,1,670,777,0.000E+00,1268,0.957,0.862,at_least_80pct,True
0d9420838fb068f36ca5a94902e47e500ff91abe854c01cb697f7773c4e25c0a,141,eaac9e9e767af863f147d3e73bfc2fa6441dcd6fa09f4a35d72f78f9a9973f5a,0.562,295,6,300,305,3,289,292,1.642E-103,334,0.967,0.983,eaac9e9e767af863f147d3e73bfc2fa6441dcd6fa09f4a35d72f78f9a9973f5a,0.562,295,6,300,305,3,289,292,1.642E-103,334,0.967,0.983,50_to_80pct,True
0dffd0aab9a92d320a9172f9cce9dbd3bfd58abf038857f4c07128a4ba650894,71,e033bca37e917a5c90607b45daa85a617b71e887beecf31a4aac5a4160040ad5,0.474,232,3,234,234,21,215,216,2.989E-52,182,0.991,0.903,e033bca37e917a5c90607b45daa85a617b71e887beecf31a4aac5a4160040ad5,0.474,232,3,234,234,21,215,216,2.989E-52,182,0.991,0.903,30_to_50pct,True
0e0178bfe239febddb9b3ff95af98158672d3b13d467020de7d37c1556d7805d,0,,,,,,,,,,,,,,,,,,,,,,,,,,,no_qualifying_hit,False
0f2dfa1c467e1bda16b5ac04a0ffa10008713e2705ab827257e08bfcc4d9f3db,0,,,,,,,,,,,,,,,,,,,,,,,,,,,no_qualifying_hit,False
0f7e04e6d501bec4f5723e9c41981caa58218df4aad6b1847ed852b4c0e64751,1,6d29bbaa64531c88cecf8c070b95824e2562a08754a6e0cbae04f626ef3f1912,0.266,121,40,160,261,3338,3443,3907,4.858E-04,39,0.464,0.027,,,,,,,,,,,,,,no_qualifying_hit,False
0f962805d6100e57ea64d3ec06905958a0ec36dcacd3ecbe5ae40e24fd0669fe,4,b227eec65d772af73e304473a171961741e2bf84e12a9b4391b93f5606afdead,0.532,327,26,352,353,39,357,363,1.330E-100,328,0.926,0.879,b227eec65d772af73e304473a171961741e2bf84e12a9b4391b93f5606afdead,0.532,327,26,352,353,39,357,363,1.330E-100,328,0.926,0.879,50_to_80pct,True
0fb3e4ddcc3291c7491e43f37ecf2c2260cd268c2c88fbf32e872000ac50aff9,144,8cd938d461fa1a3017d840bb584b4e2a5a1d03000e2c359dc0080475b0cb3af7,0.370,290,193,482,513,383,649,740,2.085E-56,205,0.565,0.361,,,,,,,,,,,,,,no_qualifying_hit,False
10324fbf5a9a84e456f7fcb07638914d073ad93a578a029f842577ebecd6bcaf,0,,,,,,,,,,,,,,,,,,,,,,,,,,,no_qualifying_hit,False
103b52af36a2c9b9a84c89fd243732557e3cf5b88438528be6a1f8c2023e782e,1,5828f4dd34e60e2c75dca4e5a8354c1a28173216fd2e477cb5e1673dc8551e3a,0.542,292,6,290,304,6,297,315,6.939E-96,312,0.938,0.927,5828f4dd34e60e2c75dca4e5a8354c1a28173216fd2e477cb5e1673dc8551e3a,0.542,292,6,290,304,6,297,315,6.939E-96,312,0.938,0.927,50_to_80pct,True
10574ca984f63d5a740ead8f9b9d5882e441b6a255ec3a624876382601548d6d,1,70e34f50237dd06858d697d1275f4061bd54972cbf4c633b9b6b5840ff2336ee,0.303,302,5,296,325,71,372,437,9.744E-37,140,0.898,0.691,,,,,,,,,,,,,,no_qualifying_hit,False
10f8ee61815d249c37fba63fee5dfa8fa24527a316b74ef5b956f2aed4cda1ec,1,f536972711a192fba8626f43ad298b42b597a263c470d6773ef1f53ea55ee7d0,0.253,401,2,369,374,16,416,419,9.058E-30,121,0.984,0.957,f536972711a192fba8626f43ad298b42b597a263c470d6773ef1f53ea55ee7d0,0.253,401,2,369,374,16,416,419,9.058E-30,121,0.984,0.957,below_30pct,False
1111fdea7432404b33a871fc94dc07c65097803f8218c206921730ff8f101244,2,acc0c2a72c472ebc09db9612c8a82e51dc19f7b0af4e2a5451b4e03486f2d01f,1.000,269,1,269,281,1,269,416,3.776E-177,545,0.957,0.647,,,,,,,,,,,,,,no_qualifying_hit,False
1126afc6ee96b4ccd65e45ff1b33a8ca2cb18f95a86993e57509c84f6d3ede61,2,0ae0e69b65dbe3cb790bd0d450c01e40972e9c6d43ac106741884a39875a1e42,0.219,377,88,443,609,25,401,629,3.318E-11,64,0.585,0.599,,,,,,,,,,,,,,no_qualifying_hit,False
11431874a9559826c32d4630a76adb78c1f4ae1361c324e4ab34cbe7c1f88088,0,,,,,,,,,,,,,,,,,,,,,,,,,,,no_qualifying_hit,False
114f51a46d21d98c943ca0cef95252ffec90d07fc672be390702641e2df0cb57,2,114f51a46d21d98c943ca0cef95252ffec90d07fc672be390702641e2df0cb57,1.000,538,1,538,538,1,538,538,0.000E+00,1101,1.000,1.000,114f51a46d21d98c943ca0cef95252ffec90d07fc672be390702641e2df0cb57,1.000,538,1,538,538,1,538,538,0.000E+00,1101,1.000,1.000,at_least_80pct,True
11701f1886b7f07baf636ef4066cee3aa788cc7bb5d07e3a7ea671d833246873,19,00a3061b1999f70db08972e8ddfa7d76ebb4aef833a5b6e358be2082fcb00b95,0.232,592,185,554,555,1194,1785,1832,2.869E-47,179,0.667,0.323,,,,,,,,,,,,,,no_qualifying_hit,False
11753cb0066934c51830ef1be2bab72e1d4d24fb7b6ae485e6b5bf2e352abec2,1,11753cb0066934c51830ef1be2bab72e1d4d24fb7b6ae485e6b5bf2e352abec2,1.000,270,1,270,270,1,270,270,2.019E-166,513,1.000,1.000,11753cb0066934c51830ef1be2bab72e1d4d24fb7b6ae485e6b5bf2e352abec2,1.000,270,1,270,270,1,270,270,2.019E-166,513,1.000,1.000,at_least_80pct,True
11ab13152e426963e4c18930a6ed1396950d79796ddc46c5dbf567abe3cf49e7,0,,,,,,,,,,,,,,,,,,,,,,,,,,,no_qualifying_hit,False
11be5aecfb2fa5be78cd98441f43f330d17c8416367f9d4a1636e3809e534010,0,,,,,,,,,,,,,,,,,,,,,,,,,,,no_qualifying_hit,False
11ca4f69548f1002574e0f6194d21a68c80a53fa9216ae4d86e9631ad37cb6c0,0,,,,,,,,,,,,,,,,,,,,,,,,,,,no_qualifying_hit,False
12868fd3d89b062927c25fe0e5b82658a2a2fb1a0aace20b3b4bcc04aeeb53bb,0,,,,,,,,,,,,,,,,,,,,,,,,,,,no_qualifying_hit,False
12e361487ee4ee72a5d75cbc5d39160c3e5f8b25bb62087099f408c7a661af85,0,,,,,,,,,,,,,,,,,,,,,,,,,,,no_qualifying_hit,False
13011569b6e959b84401bd37545e59cc63d254312084b10027f1b5b02a97b578,0,,,,,,,,,,,,,,,,,,,,,,,,,,,no_qualifying_hit,False
132b33dc385f6eefd61da6f86da8a8fe87e581ee873a464d1fb63cbb3279dcc9,2,132b33dc385f6eefd61da6f86da8a8fe87e581ee873a464d1fb63cbb3279dcc9,1.000,440,1,440,440,1,440,440,3.867E-299,906,1.000,1.000,132b33dc385f6eefd61da6f86da8a8fe87e581ee873a464d1fb63cbb3279dcc9,1.000,440,1,440,440,1,440,440,3.867E-299,906,1.000,1.000,at_least_80pct,True
13f7773edf55938a8fd07f165007b380dec6ca038472181aac060857640addd3,6,fb7792982e9928f0036d5d090309c0bab5a98e8285d14fe380913b5ff2fffb8c,0.539,575,52,611,679,3,577,646,1.713E-182,582,0.825,0.890,960782bb607e9549a5c31bf014acdee8e8c2593fe02ad7544b4f6880796c952f,0.540,557,52,600,679,4,560,639,2.271E-179,572,0.809,0.872,50_to_80pct,True
141d44843749724e76272bef6d16af8e10f39666161afa0b53c948c366013f42,24,141d44843749724e76272bef6d16af8e10f39666161afa0b53c948c366013f42,1.000,964,1,964,964,1,964,964,0.000E+00,1900,1.000,1.000,141d44843749724e76272bef6d16af8e10f39666161afa0b53c948c366013f42,1.000,964,1,964,964,1,964,964,0.000E+00,1900,1.000,1.000,at_least_80pct,True
1454f383f9ae2b9835e1fcbad1ba095eba1034295d79b4e3972b76e02c189971,2,1454f383f9ae2b9835e1fcbad1ba095eba1034295d79b4e3972b76e02c189971,1.000,194,1,194,194,1,194,194,8.778E-123,383,1.000,1.000,1454f383f9ae2b9835e1fcbad1ba095eba1034295d79b4e3972b76e02c189971,1.000,194,1,194,194,1,194,194,8.778E-123,383,1.000,1.000,at_least_80pct,True
152da9670286ab4f5ba0ccbbe83347af5cfeafe2757b194c87240d8459561689,2,0d243d888effc73e84b06d89128c2613f5c6a013e4c5d44e1bbe1b7313329162,0.282,456,70,525,525,35,473,473,5.219E-40,156,0.869,0.928,0d243d888effc73e84b06d89128c2613f5c6a013e4c5d44e1bbe1b7313329162,0.282,456,70,525,525,35,473,473,5.219E-40,156,0.869,0.928,below_30pct,False
1544694a2484eb51a167bed119ab567c44e3ab2e9ec84d769a82bc142141da28,0,,,,,,,,,,,,,,,,,,,,,,,,,,,no_qualifying_hit,False
1553956e21827fb03b8bafbbfe76bc786d341bfe61c8a35b8d86bb8dfddd0725,129,e380a75240bc356ebcde60511a29e9f42947666667590c1b418082d1761077ad,0.303,283,32,314,1311,12,291,305,1.592E-29,126,0.216,0.918,,,,,,,,,,,,,,no_qualifying_hit,False
15a3af360d8ae553d6325058240f9e36ffc4da5181820f0bf2bce59deb0bf3b4,132,2709b182438598d2b9f146586fb2c8549857ef08c97505fddab5a0a8782aaee7,0.413,315,60,374,657,19,323,372,5.250E-65,235,0.479,0.820,,,,,,,,,,,,,,no_qualifying_hit,False
16185318b8955801a66169efc83292bf79cd3f0f3a098fe15c8bfef9a7b8cc2b,0,,,,,,,,,,,,,,,,,,,,,,,,,,,no_qualifying_hit,False
162e7b4effad782fe89cae163311322a32e19f5043b34327d8bdf201b2dfebad,4,162e7b4effad782fe89cae163311322a32e19f5043b34327d8bdf201b2dfebad,1.000,838,1,838,838,1,838,838,0.000E+00,1642,1.000,1.000,162e7b4effad782fe89cae163311322a32e19f5043b34327d8bdf201b2dfebad,1.000,838,1,838,838,1,838,838,0.000E+00,1642,1.000,1.000,at_least_80pct,True
165bf9f2304748236b5139dd2ff8882018544795756397d3117ecd770080599a,39,c2002868fcab3e48ace08dfe3513163d90a092f830b05a07aaa9781135e837f8,0.822,513,1,475,475,1,513,513,1.120E-273,835,1.000,1.000,c2002868fcab3e48ace08dfe3513163d90a092f830b05a07aaa9781135e837f8,0.822,513,1,475,475,1,513,513,1.120E-273,835,1.000,1.000,at_least_80pct,True
16c7e46d7d232b1fae7203ffd31df01f0ef58fb5880884599ed7cb1f8d0ede19,5,f46b91aa3161a0bf81062cb49b2687e721042c3b3915a1f98be05ab377c36ca7,0.890,375,1,375,375,1,375,375,1.704E-231,707,1.000,1.000,f46b91aa3161a0bf81062cb49b2687e721042c3b3915a1f98be05ab377c36ca7,0.890,375,1,375,375,1,375,375,1.704E-231,707,1.000,1.000,at_least_80pct,True
16d4cc92821861a5cbd609f02704087319743d30ed134a87360d4e2d65d50c35,0,,,,,,,,,,,,,,,,,,,,,,,,,,,no_qualifying_hit,False
16db0f6f5f7d20a0a31fc73597ac3ddb9944628608a04d854dd2c03a766355ad,2,47c1675dfd474d07a7f863a1f96d20e4d7503a0d8541839fbf2dd4ee22bf1027,0.349,332,113,444,452,32,363,368,1.707E-53,194,0.735,0.902,,,,,,,,,,,,,,no_qualifying_hit,False
1701159e060cf6b4ccd5f03eadb17f65cf9152b42b938d077772166da7d10a67,2,91afa9c2866d405a99bc80d522153e62749cb0970635f9feff16b3eba4bf7ad7,1.000,471,44,514,514,1,471,471,3.099E-294,896,0.916,1.000,91afa9c2866d405a99bc80d522153e62749cb0970635f9feff16b3eba4bf7ad7,1.000,471,44,514,514,1,471,471,3.099E-294,896,0.916,1.000,at_least_80pct,True
171433da42b476620ebc7cdebaf8b82ae8f587d3f9172983bb883651ca026cb6,2,aa40da640da3c93fa1defa4c51440550e84db96f4da2816823397effe32d630a,0.947,305,1,301,324,1,305,520,7.876E-190,584,0.929,0.587,,,,,,,,,,,,,,no_qualifying_hit,False
173b20a3fdb5a604ac6aebec0bad8b24fccfc65043dce01820ed1d3be7af2450,4,6c6ed94c3749004085f88a1d007ba60d922e622495b4eacabf0ad0ed06a1cfb8,0.278,461,23,483,486,12,464,501,1.193E-35,141,0.949,0.904,6c6ed94c3749004085f88a1d007ba60d922e622495b4eacabf0ad0ed06a1cfb8,0.278,461,23,483,486,12,464,501,1.193E-35,141,0.949,0.904,below_30pct,False
17489c88895da4092cb17f42bfc641843f5b99802f808299a7aaa48795a34cfe,3,360aa3e23b11f60f17d182143857a32f34860610819821d21dd59b295999cca7,0.324,371,50,420,423,23,392,405,2.658E-55,199,0.877,0.914,360aa3e23b11f60f17d182143857a32f34860610819821d21dd59b295999cca7,0.324,371,50,420,423,23,392,405,2.658E-55,199,0.877,0.914,30_to_50pct,True
175364fc29c8d8a346e4e923443770297b8c8d6282f4805f9b659c7d50914c91,1,0526a532f220d3059b952a989020846c327ce87632bf3af30fff30251f78a2cf,0.335,170,4,173,175,6,138,140,2.919E-26,104,0.971,0.950,0526a532f220d3059b952a989020846c327ce87632bf3af30fff30251f78a2cf,0.335,170,4,173,175,6,138,140,2.919E-26,104,0.971,0.950,30_to_50pct,True
1797384f7b9e5b60d6d13f7c463e8bb75f7155a4a4cc98ec6880b1b389cc9f28,2,1797384f7b9e5b60d6d13f7c463e8bb75f7155a4a4cc98ec6880b1b389cc9f28,1.000,599,1,599,599,1,599,599,0.000E+00,1232,1.000,1.000,1797384f7b9e5b60d6d13f7c463e8bb75f7155a4a4cc98ec6880b1b389cc9f28,1.000,599,1,599,599,1,599,599,0.000E+00,1232,1.000,1.000,at_least_80pct,True
17a96cab41f97b85813528500b63149c21d460f7b82df186a7991d6248b39a1c,0,,,,,,,,,,,,,,,,,,,,,,,,,,,no_qualifying_hit,False
18fb7ed651b1f865ecaf55b0dae20c0218ef382a87c2fac06dc1e709ea68601d,2,18fb7ed651b1f865ecaf55b0dae20c0218ef382a87c2fac06dc1e709ea68601d,1.000,278,1,278,278,1,278,278,1.142E-189,581,1.000,1.000,18fb7ed651b1f865ecaf55b0dae20c0218ef382a87c2fac06dc1e709ea68601d,1.000,278,1,278,278,1,278,278,1.142E-189,581,1.000,1.000,at_least_80pct,True
192afe7facb1ea03e55027caa2d7a076f48968cf2bb0ba09ac4bc51e98e448d0,0,,,,,,,,,,,,,,,,,,,,,,,,,,,no_qualifying_hit,False
192b784de4cef057f9051bed3fb9dbb7ec6f0540b1b5868b47b3a59b84581e25,0,,,,,,,,,,,,,,,,,,,,,,,,,,,no_qualifying_hit,False
1939b55a18bd14a85ec60a60fb0677ae65465e6f476b06dd70b3ecc9f77cb6a7,0,,,,,,,,,,,,,,,,,,,,,,,,,,,no_qualifying_hit,False
19434560ff7c190e3cf5c5a1ee5c744ca02c9f06757fa5eaa6eda52e825c8280,0,,,,,,,,,,,,,,,,,,,,,,,,,,,no_qualifying_hit,False
195c11b099249671513dcd1078d3944f50d8be31d7b05ea033c51620ab173466,0,,,,,,,,,,,,,,,,,,,,,,,,,,,no_qualifying_hit,False
1972c058a486e1b868d1232a134c3baf689b9516b5720ed86c38e28fb3681474,1,65cdd78acb6eaa23f9374dc94f6a25449a9577ae8f5a686acb283b099a8b9362,0.714,133,26,158,165,26,157,167,1.202E-56,191,0.806,0.790,,,,,,,,,,,,,,no_qualifying_hit,False
19872c373566d8329dea5b61eb34c6422c7bd7a0e05b5ca504e47ab79db9ba9a,3,19872c373566d8329dea5b61eb34c6422c7bd7a0e05b5ca504e47ab79db9ba9a,1.000,664,1,664,664,1,664,664,0.000E+00,1299,1.000,1.000,19872c373566d8329dea5b61eb34c6422c7bd7a0e05b5ca504e47ab79db9ba9a,1.000,664,1,664,664,1,664,664,0.000E+00,1299,1.000,1.000,at_least_80pct,True
19f945debb52760e3a16a32e99dd5ab5c8fc8abf4d39d13b1065ccf55f25f7b2,1,48f3f9d4d7845b089d9ac617d1b8fdffdb1c1ea878df93073fd40869d042a72b,0.320,78,32,108,452,1,78,199,5.349E-05,44,0.170,0.392,,,,,,,,,,,,,,no_qualifying_hit,False
1a2821727315a18e0dab52c63977c30e8c4be712b2c0a966774171ce3ce5d3da,1,d47a4d72031d7bf0d8f95d374cb89559bb7d7a0c14ed3ae1bd29f3b9c23476f2,0.266,155,232,386,673,56,201,561,3.974E-05,45,0.230,0.260,,,,,,,,,,,,,,no_qualifying_hit,False
1a2d687f8021996c877f577070baf2a138943d0722a243b60c2d3a911a101532,2,1a2d687f8021996c877f577070baf2a138943d0722a243b60c2d3a911a101532,1.000,432,1,432,432,1,432,432,4.482E-272,827,1.000,1.000,1a2d687f8021996c877f577070baf2a138943d0722a243b60c2d3a911a101532,1.000,432,1,432,432,1,432,432,4.482E-272,827,1.000,1.000,at_least_80pct,True
1a4baae3003aaeada22fa97b6566b87c29a0b42e4ac406baa1e45576c8257c14,0,,,,,,,,,,,,,,,,,,,,,,,,,,,no_qualifying_hit,False
1a62b4b34fd56a943e8a1cf78212a635fd8641ed2f7a44bc46936fce765d6a56,1,307743461ee5b4adb6a9be5cef03bfede66dda205fa5241dcdb8aeb8e23bf1ee,0.997,397,16,412,412,52,448,448,1.840E-253,773,0.964,0.886,307743461ee5b4adb6a9be5cef03bfede66dda205fa5241dcdb8aeb8e23bf1ee,0.997,397,16,412,412,52,448,448,1.840E-253,773,0.964,0.886,at_least_80pct,True
1a7eee5f7345c881e5c5565d311bfb366340500f3e95eaa367dbf64e4b725e1c,1,0949de13d2ed928a394e2914534f809b2ef6d823f65084aba899cd4d7792329f,0.286,122,72,193,290,130,249,359,2.591E-05,44,0.421,0.334,,,,,,,,,,,,,,no_qualifying_hit,False
1ae29ac6064946e9fa32345a01de63ff9ce422dcb08db92f3923a9fc91272fa1,3,49be6721578793c64bca703f9e1a73829557eacfffa7a64074e1e1bf87c4d686,0.375,264,57,287,312,24,287,305,3.109E-52,185,0.740,0.866,,,,,,,,,,,,,,no_qualifying_hit,False
1b2058a478956b7f716c64572874d9e91c9226f8c24dd67967c16b37f45c8db8,1,877c911a64a0d6f25df898fa51ecf86ab80b71a77618a2ac8311bbb6ec17d746,0.228,274,72,314,369,175,448,634,2.504E-07,51,0.659,0.432,,,,,,,,,,,,,,no_qualifying_hit,False
1bbbc0a536c5fd341317a791494f5243e68c7fcedc433d5027b256697cd81c14,1,4ede5e4161cfe1e7441647e7f5c32d3719829a99bdd424c2a68260550c13163c,0.311,232,248,479,514,101,327,348,6.663E-30,124,0.451,0.652,,,,,,,,,,,,,,no_qualifying_hit,False
1c365c89b93052ca81052997248f83296edbbebd5eaf0104688d836dc058f648,1,1c365c89b93052ca81052997248f83296edbbebd5eaf0104688d836dc058f648,1.000,199,1,199,199,1,199,199,5.910E-133,413,1.000,1.000,1c365c89b93052ca81052997248f83296edbbebd5eaf0104688d836dc058f648,1.000,199,1,199,199,1,199,199,5.910E-133,413,1.000,1.000,at_least_80pct,True
1c4efd316a6cde125ca8e66e9cc2f32179b2f7c406ebcafe6750c70d4a75f4d1,9,1c4efd316a6cde125ca8e66e9cc2f32179b2f7c406ebcafe6750c70d4a75f4d1,1.000,716,1,716,716,1,716,716,0.000E+00,1403,1.000,1.000,1c4efd316a6cde125ca8e66e9cc2f32179b2f7c406ebcafe6750c70d4a75f4d1,1.000,716,1,716,716,1,716,716,0.000E+00,1403,1.000,1.000,at_least_80pct,True
1c6002f1665e6fe6b316da27d3ba95236716ca55dca119627822538a316b1469,2,7c484dd6e4ba3df9fd26860f8984359b155f909aa96c5cb064d90f24c11c0ad2,1.000,550,1,550,572,1,550,621,0.000E+00,1098,0.962,0.886,7c484dd6e4ba3df9fd26860f8984359b155f909aa96c5cb064d90f24c11c0ad2,1.000,550,1,550,572,1,550,621,0.000E+00,1098,0.962,0.886,at_least_80pct,True
1c7ae17d5195e605b9d55e3121159c36757554b35cd7e27a89e77899ff304047,1,d396af55353460619b65fecb3cc9a81f32fa102940620cc525029973753bca1e,0.434,178,42,219,231,24,201,219,7.796E-39,143,0.771,0.813,,,,,,,,,,,,,,no_qualifying_hit,False
1cadb67f0326ee46999abdc751235a8f5fb415046bded736f323f71a325371dc,0,,,,,,,,,,,,,,,,,,,,,,,,,,,no_qualifying_hit,False
1cb04554dcc9da5057a91f4e53ed22ceb3e6291168de6d1cc5fbf91ccff10021,0,,,,,,,,,,,,,,,,,,,,,,,,,,,no_qualifying_hit,False
1ccf2c572b7a552c8ea80875e856ca825ca3b22c0bbdc140bfb5162db202a2d4,0,,,,,,,,,,,,,,,,,,,,,,,,,,,no_qualifying_hit,False
1d105b7c4a842cbe19f9fa52e727584bfd995155365a3319baaccf5b9a998bcd,12,7bd0b773a70588ed04a0abbd60a9862d841453cfd51da22b8f97e686bc5eb47a,0.273,338,407,744,750,57,300,780,9.866E-20,93,0.451,0.313,,,,,,,,,,,,,,no_qualifying_hit,False
1e68dc9a87b8e6accd1c3c596e180649e322e64647a71a33225ca6aea871ffcb,2,d3a26891bf79c84aeea1ff8efa91ded1f8fd6624c334b0b3882660576a2a25e6,0.373,107,8,114,244,20,115,249,1.469E-14,72,0.439,0.386,,,,,,,,,,,,,,no_qualifying_hit,False
1e7cf97e465052ebc9f35a7bc9c299a509c5a73495086332a256b67cca3e5f78,1,1e7cf97e465052ebc9f35a7bc9c299a509c5a73495086332a256b67cca3e5f78,1.000,551,1,551,551,1,551,551,0.000E+00,1129,1.000,1.000,1e7cf97e465052ebc9f35a7bc9c299a509c5a73495086332a256b67cca3e5f78,1.000,551,1,551,551,1,551,551,0.000E+00,1129,1.000,1.000,at_least_80pct,True
1e9534c5eb07f6b04894a8386f0c40a64b7fa068f0940f68a4b0a17024000f56,1,1e9534c5eb07f6b04894a8386f0c40a64b7fa068f0940f68a4b0a17024000f56,1.000,406,1,406,406,1,406,406,6.457E-272,826,1.000,1.000,1e9534c5eb07f6b04894a8386f0c40a64b7fa068f0940f68a4b0a17024000f56,1.000,406,1,406,406,1,406,406,6.457E-272,826,1.000,1.000,at_least_80pct,True
1ea79d02811df31da36cae7bbe0650d4fb36effb789b33aae137c2ce42c446ba,0,,,,,,,,,,,,,,,,,,,,,,,,,,,no_qualifying_hit,False
1f03910569ce599f49347c3e1996b0bc7bc63dfdcea68faee83bc2e68456b173,1,6dbe0d58288e70acb67ef190383e9e778c87fba96585fe16c689e865b00af6fd,0.272,185,25,209,221,29,210,219,3.182E-07,49,0.837,0.831,6dbe0d58288e70acb67ef190383e9e778c87fba96585fe16c689e865b00af6fd,0.272,185,25,209,221,29,210,219,3.182E-07,49,0.837,0.831,below_30pct,False
1f073ef3c2c71dea219035afbd5a51e8ac3e7e3c13d132ed76921b9cc0fb7290,4,9987419f96fb514f4fa4958a9f8fc21d6f21cb6c37a372ab693d8f137ad349fd,0.662,89,32,120,121,19,107,108,3.271E-44,153,0.736,0.824,,,,,,,,,,,,,,no_qualifying_hit,False
1f18adc841eb75f8be8082fd3062cf260ef475239257eb4da3e534fa4a1c6f80,3,1f18adc841eb75f8be8082fd3062cf260ef475239257eb4da3e534fa4a1c6f80,1.000,594,1,594,594,1,594,594,0.000E+00,1227,1.000,1.000,1f18adc841eb75f8be8082fd3062cf260ef475239257eb4da3e534fa4a1c6f80,1.000,594,1,594,594,1,594,594,0.000E+00,1227,1.000,1.000,at_least_80pct,True
1fe1e3211092c3e32d2351950b0ea67fd698754eeda331c510681cab87eed5af,0,,,,,,,,,,,,,,,,,,,,,,,,,,,no_qualifying_hit,False
200157439b2b9017279fe384e0d1f7750eb138b35a0ae0a82b451b700c8ffa20,0,,,,,,,,,,,,,,,,,,,,,,,,,,,no_qualifying_hit,False
2053414bb5dda0d251c03ad95a02134bf1b5bc83776f1fa4cae9b0cf0ae564c4,0,,,,,,,,,,,,,,,,,,,,,,,,,,,no_qualifying_hit,False
20ba21dde41b434c3603f7b0635cfe7ac12b68a46287b37b97ef3f89c62af60a,0,,,,,,,,,,,,,,,,,,,,,,,,,,,no_qualifying_hit,False
20f26a02258ec2b8588a5ea42edd2783edeaefc9360e7306ec314fa66590e3cb,3,7c91d6fa65de0dc91b2fdc82dfea2e83c69c3f02ca15df415cd4a957ecdb29f8,0.329,358,16,373,381,9,348,351,2.098E-45,168,0.940,0.969,7c91d6fa65de0dc91b2fdc82dfea2e83c69c3f02ca15df415cd4a957ecdb29f8,0.329,358,16,373,381,9,348,351,2.098E-45,168,0.940,0.969,30_to_50pct,True
213f9bf384605fbe3a551b87780cfac1811db0c366ff5a541aaaea03a1c9443f,0,,,,,,,,,,,,,,,,,,,,,,,,,,,no_qualifying_hit,False
2196467b0353a07f9d9d09dbe79c2a234ec1abec6499825ad69f6409a9e38803,10,9dcb92c5f40503f661128565246f9896baf611c384c6f8672d13c76a168b3158,0.414,283,14,296,415,36,312,369,1.183E-64,226,0.682,0.751,,,,,,,,,,,,,,no_qualifying_hit,False
21f49444b989615a6ae5543a20781583b30314e4302cbf9c793c6749bfac673a,0,,,,,,,,,,,,,,,,,,,,,,,,,,,no_qualifying_hit,False
228789ee2bde83bb03041464d341392f635172413eb8c9a1ee16a81017702c3a,0,,,,,,,,,,,,,,,,,,,,,,,,,,,no_qualifying_hit,False
22e3e2203700e0b0879ed8b350febc086de4420b6e843d17e8d5e3a11461ae0f,0,,,,,,,,,,,,,,,,,,,,,,,,,,,no_qualifying_hit,False
2320e758485330aca59d6e45516b2123b07fea91d93a1a716ac757e1e3e2828f,9,b1dff3a3522626f0539ff0d024c13acbbb7f88791d3428f250d4f2346c5a93e1,0.367,87,5,90,104,64,150,166,2.388E-17,74,0.827,0.524,,,,,,,,,,,,,,no_qualifying_hit,False
234335411bf36c7e141f8098fc913e9626f037957a9974111d077bb00c7fe82a,4,082fb8e1401d1149d635f20627c1b0b98a1971ef712cf4a31ea6fffefc9da0e0,0.336,104,8,111,111,89,179,304,1.219E-10,55,0.937,0.299,,,,,,,,,,,,,,no_qualifying_hit,False
2349f38c6cc6c1ceec66363fb3d1c7378f0b841695f10d27f9dad0505ddd986a,0,,,,,,,,,,,,,,,,,,,,,,,,,,,no_qualifying_hit,False
23674ebc2851b0036e981a7fc04b6aff6f91a9131ebc2c2191bd222411454562,48,23674ebc2851b0036e981a7fc04b6aff6f91a9131ebc2c2191bd222411454562,1.000,288,1,288,288,1,288,288,4.512E-182,559,1.000,1.000,23674ebc2851b0036e981a7fc04b6aff6f91a9131ebc2c2191bd222411454562,1.000,288,1,288,288,1,288,288,4.512E-182,559,1.000,1.000,at_least_80pct,True
24014abdf2555f4567aa012e382730347ae17c3ccf191a3c3fa8dc5c09da3c8e,0,,,,,,,,,,,,,,,,,,,,,,,,,,,no_qualifying_hit,False
241e8e4e573f9535d32ccfb93d110554b49e2b8a50c326b167b387da4ec90656,0,,,,,,,,,,,,,,,,,,,,,,,,,,,no_qualifying_hit,False
2499c3288e0ca93c64c83e2559f17f83157544eea70b2213db230d794945f1c7,6,2499c3288e0ca93c64c83e2559f17f83157544eea70b2213db230d794945f1c7,1.000,213,1,213,213,1,213,213,7.633E-142,439,1.000,1.000,2499c3288e0ca93c64c83e2559f17f83157544eea70b2213db230d794945f1c7,1.000,213,1,213,213,1,213,213,7.633E-142,439,1.000,1.000,at_least_80pct,True
24bf0a46fdfe4c65944194e08c8cecdbb7f0fb74d1d9c23ef5e23e316b84a08b,0,,,,,,,,,,,,,,,,,,,,,,,,,,,no_qualifying_hit,False
24c1d62dcc716210f885028d27c11a40189821a9fcea74e900942e573423c180,30,ed2be9670058b4caffe708438b2d95af3c053d0f9ebe5b91273ac4d4bbc5d4ab,0.341,82,23,102,406,9,90,465,2.373E-08,54,0.197,0.176,,,,,,,,,,,,,,no_qualifying_hit,False
25fffed7c0fc47d8b125d71f76e7cfacbdfed18c04effdb7ecdf754a1e7fc21b,13,b606c098eae182300f53c1c144db0b2dcc69e268edb382758e324acb4ebe6ea2,0.990,1046,1,1036,1036,1,1046,1046,0.000E+00,2141,1.000,1.000,b606c098eae182300f53c1c144db0b2dcc69e268edb382758e324acb4ebe6ea2,0.990,1046,1,1036,1036,1,1046,1046,0.000E+00,2141,1.000,1.000,at_least_80pct,True
2600a5e9a712fc9ed4c845f5c071937e93cbe8eb513747d9f327233a3bf88098,5,2600a5e9a712fc9ed4c845f5c071937e93cbe8eb513747d9f327233a3bf88098,1.000,821,1,821,821,1,821,821,0.000E+00,1635,1.000,1.000,2600a5e9a712fc9ed4c845f5c071937e93cbe8eb513747d9f327233a3bf88098,1.000,821,1,821,821,1,821,821,0.000E+00,1635,1.000,1.000,at_least_80pct,True
260833ed3427baf541605ba9aedecb5dbe60c59859b7c84f78cc780e69e19b12,1,260833ed3427baf541605ba9aedecb5dbe60c59859b7c84f78cc780e69e19b12,1.000,504,1,504,504,1,504,504,0.000E+00,992,1.000,1.000,260833ed3427baf541605ba9aedecb5dbe60c59859b7c84f78cc780e69e19b12,1.000,504,1,504,504,1,504,504,0.000E+00,992,1.000,1.000,at_least_80pct,True
2644c373b9ad8c5913d3b5634609558e740ee363416dadcd0c9ef5cfe67493f5,2,e61a39338511a29b08f5434cb1b951e1c9f7ad0b2646d2b65a1b49fee6568aad,0.435,62,26,87,348,63,124,419,3.103E-08,53,0.178,0.148,,,,,,,,,,,,,,no_qualifying_hit,False
267df40a6af5f16da62b600ae9d544e83b1580a021706690563688c6d234fef2,2,1607d5930ea2f702d3ac2771cea68e96f31245965773de7f5d315a76d13bfa9d,0.301,263,166,428,451,123,363,405,4.325E-29,121,0.583,0.595,,,,,,,,,,,,,,no_qualifying_hit,False
269049fc18c96abaa2cfd8473d54070bc158d68892eeed7efe4748a72dd7507b,1,5ab4e9233d0fe92aeb716e9f95d3d6727ea36d7fe45a438cbe81a6dca67bd963,1.000,74,1,74,74,36,109,109,2.270E-44,150,1.000,0.679,,,,,,,,,,,,,,no_qualifying_hit,False
26ac3d0eef6afcb484306975f8e3ab7546d10149a07e18306478519497460a52,0,,,,,,,,,,,,,,,,,,,,,,,,,,,no_qualifying_hit,False
2720a80942ddcb032f885663b2f938c2da30d6066d2c3b4cb0f8f40406bc1bef,2,97d5a97429e1fc6e71b2acb7cfa47f08b5a9b30c0598cf32dae1ff1e8e9192d7,0.214,953,6,958,972,23,947,963,1.365E-30,129,0.980,0.961,97d5a97429e1fc6e71b2acb7cfa47f08b5a9b30c0598cf32dae1ff1e8e9192d7,0.214,953,6,958,972,23,947,963,1.365E-30,129,0.980,0.961,below_30pct,False
2727b04c24f9f2e05607104d3159ac847146701fc12caa0a686a1a19166ffad9,4,2727b04c24f9f2e05607104d3159ac847146701fc12caa0a686a1a19166ffad9,1.000,519,1,519,519,1,519,519,0.000E+00,1030,1.000,1.000,2727b04c24f9f2e05607104d3159ac847146701fc12caa0a686a1a19166ffad9,1.000,519,1,519,519,1,519,519,0.000E+00,1030,1.000,1.000,at_least_80pct,True
276fde9629386e833c3c67ef8981ed01b484311c6b9372eb972b196ce8256376,0,,,,,,,,,,,,,,,,,,,,,,,,,,,no_qualifying_hit,False
278261265710f289dba9f8627f6fb10a8cce98e1fadce3d4820a513abacafe1a,0,,,,,,,,,,,,,,,,,,,,,,,,,,,no_qualifying_hit,False
27a3ac8c7439c7fdedf329721d6f421c78f61caf54fd2320e38007586f7c0b82,1,52a965e03145e3cb7360eac00327a4c807fa92e298704c051f3f6c99c868656f,0.436,213,123,324,428,155,367,396,1.653E-42,161,0.472,0.538,,,,,,,,,,,,,,no_qualifying_hit,False
27bf5419157003a532402cfcc98bbc4883bf4eaa1ae59e9b5954ae57003408c2,2,9213016148d51f32f8fa81eda6458728b176bd24893034140902dd6d456521a5,0.642,70,6,75,76,72,141,142,9.375E-22,85,0.921,0.493,,,,,,,,,,,,,,no_qualifying_hit,False
283a80d294b50ea026c310e05abb3d45f6fb237c4820e7089e2c6be280975208,2,3666bfeecf2b0f373377e4ce6d0e41766492c13e42ce7cc368f568e1e85c0fc2,0.680,191,9,199,199,586,776,776,3.181E-80,261,0.960,0.246,,,,,,,,,,,,,,no_qualifying_hit,False
2932e6b734cd2bcaf9ce4f02dac1a5f722e134e5b8920655d5a62cd5b8f457a1,0,,,,,,,,,,,,,,,,,,,,,,,,,,,no_qualifying_hit,False
29462ae640f790bfcff48112af7f6c992f3f35c6bf4b8cb0b2c54b65dd48b051,0,,,,,,,,,,,,,,,,,,,,,,,,,,,no_qualifying_hit,False
2a003d55b85b857ca2c0c22677550cc6407973cd9fb56bbc666e17fd89f574ba,0,,,,,,,,,,,,,,,,,,,,,,,,,,,no_qualifying_hit,False
2a7ac70c10c84be2c57ea18368fc4a0a9301624ef9ea5e860d8ae3b7afeec1b9,3,2a7ac70c10c84be2c57ea18368fc4a0a9301624ef9ea5e860d8ae3b7afeec1b9,1.000,346,1,346,346,1,346,346,5.103E-227,692,1.000,1.000,2a7ac70c10c84be2c57ea18368fc4a0a9301624ef9ea5e860d8ae3b7afeec1b9,1.000,346,1,346,346,1,346,346,5.103E-227,692,1.000,1.000,at_least_80pct,True
2b0cb5804eb3dfc7ccf05df728e69de7dd306ddd2d0b674019a5aea9b9d86e9c,2,a5eb2a05bcffda742112224769a5500aa6d81f8494ecef83da7d02966049517f,0.867,551,1,478,478,1,551,551,3.505E-280,854,1.000,1.000,a5eb2a05bcffda742112224769a5500aa6d81f8494ecef83da7d02966049517f,0.867,551,1,478,478,1,551,551,3.505E-280,854,1.000,1.000,at_least_80pct,True
2b18e8f232f7c24c45ddd9f99f588dd34e6171df8efb4bcc3a6c0079292fdefa,1,2b18e8f232f7c24c45ddd9f99f588dd34e6171df8efb4bcc3a6c0079292fdefa,1.000,387,1,387,387,1,387,387,4.976E-272,825,1.000,1.000,2b18e8f232f7c24c45ddd9f99f588dd34e6171df8efb4bcc3a6c0079292fdefa,1.000,387,1,387,387,1,387,387,4.976E-272,825,1.000,1.000,at_least_80pct,True
2b8c49d0a4db72fc259d50e858eff9773cb96ea09f312f9ee9496e6c7f1a378c,1,2b8c49d0a4db72fc259d50e858eff9773cb96ea09f312f9ee9496e6c7f1a378c,1.000,203,1,203,203,1,203,203,1.112E-130,406,1.000,1.000,2b8c49d0a4db72fc259d50e858eff9773cb96ea09f312f9ee9496e6c7f1a378c,1.000,203,1,203,203,1,203,203,1.112E-130,406,1.000,1.000,at_least_80pct,True
2bee73b66a3fca25147ad25b06cee07623f205959823cfb711aa18139e52883a,1,43f59dea474c37cd31121cb53f0c2650cc5833617f353453832b71c6260fc130,0.315,422,309,730,899,334,737,860,5.956E-50,192,0.469,0.470,,,,,,,,,,,,,,no_qualifying_hit,False
2bf68f9c3827f26d3cb83962d0cf4c3c98a79e77706c25778dd6ea6c3f276df4,0,,,,,,,,,,,,,,,,,,,,,,,,,,,no_qualifying_hit,False
2c059b5d887c76e8b9c0a49db785f10d0f81564a5167f42ec47ddc8ea3026781,8,369ec29171b6cdc692766d64e716681db8e6f2bb3004c12acc5f79c99bc484a1,0.974,309,1,309,309,1,309,309,1.238E-214,655,1.000,1.000,369ec29171b6cdc692766d64e716681db8e6f2bb3004c12acc5f79c99bc484a1,0.974,309,1,309,309,1,309,309,1.238E-214,655,1.000,1.000,at_least_80pct,True
2c4989147db0d2a21707a39521170eaa3ff97064bd8d673248cfa0e42692417d,0,,,,,,,,,,,,,,,,,,,,,,,,,,,no_qualifying_hit,False
2c6bd54806a31c04d87f8bf18a46b253bdc587946b275b3b743b4ada1f414bca,2,044dcfe1c1b173959a8fa62fab94e3efb9d7e607ee0ec6e0d2a26fbd2f3216ff,0.234,265,182,446,572,112,320,372,6.619E-07,50,0.463,0.562,,,,,,,,,,,,,,no_qualifying_hit,False
2c8d438ecc1a2cd31e1c2945b4d7ba77b789a22381e63b400fcd901873d51f30,0,,,,,,,,,,,,,,,,,,,,,,,,,,,no_qualifying_hit,False
2ca1f83019f89a00a2edc59710c739edf1be5f0fb246adfb1e042219bd27455a,4,196e5383a74187521f8ece75de4e7049ef43ef2cea27028eb07725d053d17e7f,0.289,330,69,398,413,48,361,371,3.531E-28,117,0.799,0.846,4b26572e989c92e6d0071d302b8e6415d4da8425474f0327719587974eb98d67,0.276,336,69,402,413,16,351,356,1.548E-27,115,0.809,0.944,below_30pct,False
2d3ec640975d1722ebd059231b2152161256027c845b6490d5b796cb3ba76f0f,5,2d3ec640975d1722ebd059231b2152161256027c845b6490d5b796cb3ba76f0f,1.000,446,1,446,446,1,446,446,1.006E-292,888,1.000,1.000,2d3ec640975d1722ebd059231b2152161256027c845b6490d5b796cb3ba76f0f,1.000,446,1,446,446,1,446,446,1.006E-292,888,1.000,1.000,at_least_80pct,True
2d487f30a2af772e578140ddecf3625eeb792afae14a2d808aca6e480aee821a,0,,,,,,,,,,,,,,,,,,,,,,,,,,,no_qualifying_hit,False
2d7e7e33fba123987527cfc21632d56a468eaa85bbfa5764edf02cd0296d2e74,0,,,,,,,,,,,,,,,,,,,,,,,,,,,no_qualifying_hit,False
2dcea2373ab6fe9559f0c15a1f742f8745cc50c609a1877a74c03dd27edbaca0,0,,,,,,,,,,,,,,,,,,,,,,,,,,,no_qualifying_hit,False
2e61ef499fbc05aa8cc2770a08fbeccb82de3852278dfefe84b3286b3dca48b7,0,,,,,,,,,,,,,,,,,,,,,,,,,,,no_qualifying_hit,False
2e76c0718f010ce0b44c4e3e824f8e5cb16f8fb22edb6cafa1d4f26e1bfbc6f7,0,,,,,,,,,,,,,,,,,,,,,,,,,,,no_qualifying_hit,False
2edca9e118ffb9d82a282c4ec67ec9f11c1dde796027828279ea2a2abbd91456,1,04f507f360262c8c70bc288af09826d316d6012dece9979f78206fb900fe2e09,0.352,84,169,251,511,309,392,628,9.815E-07,49,0.162,0.134,,,,,,,,,,,,,,no_qualifying_hit,False
2eee1f5fc8cc6965a6b1d2e0d4cd9f24be364a82faf3fa4b89809a75bbf9f509,1,2eee1f5fc8cc6965a6b1d2e0d4cd9f24be364a82faf3fa4b89809a75bbf9f509,1.000,193,1,193,193,1,193,193,8.905E-127,394,1.000,1.000,2eee1f5fc8cc6965a6b1d2e0d4cd9f24be364a82faf3fa4b89809a75bbf9f509,1.000,193,1,193,193,1,193,193,8.905E-127,394,1.000,1.000,at_least_80pct,True
300e60da00ae0a5d5c8d7c60a447885041439f26905fd184f7d032d380cfd77f,6,5ed67168e66267e7ecede171c8737f22ec760d1e287a1395df8b6ef447b1cd8c,0.388,72,138,209,477,735,806,835,1.758E-12,68,0.151,0.086,,,,,,,,,,,,,,no_qualifying_hit,False
3063d91cfc67829aa80a4740acf79cb3b4515da94442c5e61f335b143ca7f8f7,2,3063d91cfc67829aa80a4740acf79cb3b4515da94442c5e61f335b143ca7f8f7,1.000,231,1,231,231,1,231,231,1.199E-160,494,1.000,1.000,3063d91cfc67829aa80a4740acf79cb3b4515da94442c5e61f335b143ca7f8f7,1.000,231,1,231,231,1,231,231,1.199E-160,494,1.000,1.000,at_least_80pct,True
30a46eb7a7651bdad08d22c8148ef6d15882bc67374dcb39bdfcae5d62ad7a42,1,e19de3ab84b0e049bc9055670f478e1cab163f1dacd10045ba67830c34bb1c8a,0.279,343,33,375,489,55,375,438,6.643E-21,95,0.701,0.733,,,,,,,,,,,,,,no_qualifying_hit,False
30dd27b23c69e8f4a12cfc19f425f55a69974e6b234a2823c9b93ea37864e355,0,,,,,,,,,,,,,,,,,,,,,,,,,,,no_qualifying_hit,False
31751b2c97817d9695c5b021a52b8ca1aa0293d2dcce102faee5677faaf2506b,7,f5d75532d3642bbdd18c5fb3c365785caeabf4cb2a5749cd6c2c253a85640e6e,0.352,216,3,218,373,37,243,589,9.725E-20,90,0.579,0.351,,,,,,,,,,,,,,no_qualifying_hit,False
317f8e9ad44bf2059d9bdcb5b0335854b74bf3c3b9fd456f86daebb591d866d2,0,,,,,,,,,,,,,,,,,,,,,,,,,,,no_qualifying_hit,False
328fab719e12b0d970d6470136fff014b91191500f35aa46b96840fbcb32766a,0,,,,,,,,,,,,,,,,,,,,,,,,,,,no_qualifying_hit,False
32aa44ef079c03568f0ac9a3211240c742c3f20187e265efc6a7a41e650f4faa,0,,,,,,,,,,,,,,,,,,,,,,,,,,,no_qualifying_hit,False
32b19b44c9bb01cdfd5cc02de6121fdbd0549529aa1d8eb12173cfb3e554b586,2,32b19b44c9bb01cdfd5cc02de6121fdbd0549529aa1d8eb12173cfb3e554b586,1.000,249,1,249,249,1,249,249,6.834E-166,511,1.000,1.000,32b19b44c9bb01cdfd5cc02de6121fdbd0549529aa1d8eb12173cfb3e554b586,1.000,249,1,249,249,1,249,249,6.834E-166,511,1.000,1.000,at_least_80pct,True
32c08a60edbefc7125a2b78a5a4248d8e9d4547b952d5c5388d35b53165c3a95,10,00a3061b1999f70db08972e8ddfa7d76ebb4aef833a5b6e358be2082fcb00b95,0.374,151,339,478,485,1198,1348,1832,1.203E-27,117,0.289,0.082,,,,,,,,,,,,,,no_qualifying_hit,False
33c96b6e0102e010696edd3c7ceb8cbacecdf452bdef4dc9d4f46fcc5355a054,0,,,,,,,,,,,,,,,,,,,,,,,,,,,no_qualifying_hit,False
343828182feea9f0e590405f9d239000f4543b71d71fe5988444e41999200dd8,2,b6b0f839e2ae4f3584b1542051ee8accad5e5933c0a2343cf7265f787b681078,0.521,46,5,50,435,11,56,1013,3.320E-07,51,0.106,0.045,,,,,,,,,,,,,,no_qualifying_hit,False
34edfa5ab9176820ea84af73d00b3f7b1ab93168d7713ffef440fc19b7b78cd0,3,bd07a8a21e183539dae56b9b0b6c250012fc8b789420e4cf2238388819bde15e,0.297,213,190,402,411,150,351,394,1.619E-11,64,0.518,0.513,,,,,,,,,,,,,,no_qualifying_hit,False
34ee8d8ea848d6966aa1592c87a3ebf1f24165cf606673e66359dec993caf088,0,,,,,,,,,,,,,,,,,,,,,,,,,,,no_qualifying_hit,False
3504afde16173d3b6434661637d11b6b07c1010e29bd59c586b69914b0a6313e,0,,,,,,,,,,,,,,,,,,,,,,,,,,,no_qualifying_hit,False
350ebb28d50895e63e039a2af55fdc99e91e2ef0f98926b06f25f9252ffab6cd,7,7c2c9a4005a08f9f8ed2ce2e3b7d9432dd39547abafef80ffab6adbb89753b2c,0.580,105,9,113,114,3,107,108,7.339E-39,137,0.921,0.972,7c2c9a4005a08f9f8ed2ce2e3b7d9432dd39547abafef80ffab6adbb89753b2c,0.580,105,9,113,114,3,107,108,7.339E-39,137,0.921,0.972,50_to_80pct,True
35257e83507c95afd7488fbcafc294d3aa8d4db4e951a239eae22b3cd485d56f,2,852227f2b5dd4b7d27ed353a65ab1f9e4352804bcbc1ae9dfe496952f0a2e608,0.318,66,77,142,429,72,137,463,6.553E-05,43,0.154,0.143,,,,,,,,,,,,,,no_qualifying_hit,False
353ce079ea3379e72a313b624d51ef620f2866c9a533442ba76209ed6b681ff9,1,353ce079ea3379e72a313b624d51ef620f2866c9a533442ba76209ed6b681ff9,1.000,605,1,605,605,1,605,605,0.000E+00,1214,1.000,1.000,353ce079ea3379e72a313b624d51ef620f2866c9a533442ba76209ed6b681ff9,1.000,605,1,605,605,1,605,605,0.000E+00,1214,1.000,1.000,at_least_80pct,True
35478a0bbb6d1474d5db6629d89891fb76b7a9fed8a79c965bea7281ebddfd75,13,902f693e3a2c631f5ccb8c2eb5931aab72a1ad8d09c8ff75d92f9eaf9aebcbe5,0.262,303,13,315,319,2057,2347,2627,2.462E-20,91,0.950,0.111,f9ce8edd4318f49543897a068298b102c6752d410901ea30a3ec42966ba91441,0.241,305,12,316,319,9,295,350,1.378E-15,76,0.956,0.820,below_30pct,False
3574abbf9a3cadc19af917b26e44965004852c020420767b3a62d385560663ea,0,,,,,,,,,,,,,,,,,,,,,,,,,,,no_qualifying_hit,False
361faf118232e500560db8686b33cc47c2acf8f7572a4e4fc7185a34d8f98255,1,81065f814f1b233743c5bfea23bf3e26574c706e2c3d4a912c0e6dd407e9eff5,1.000,158,1,158,158,142,299,299,1.570E-96,305,1.000,0.528,,,,,,,,,,,,,,no_qualifying_hit,False
365ef69d8d9f3ad5e4319af2262b66c3cc018300b558371ff440c20bf30777f1,2,365ef69d8d9f3ad5e4319af2262b66c3cc018300b558371ff440c20bf30777f1,1.000,292,1,292,292,1,292,292,1.226E-196,602,1.000,1.000,365ef69d8d9f3ad5e4319af2262b66c3cc018300b558371ff440c20bf30777f1,1.000,292,1,292,292,1,292,292,1.226E-196,602,1.000,1.000,at_least_80pct,True
37e6d500f18aa10b3661520e825a15384a4e996961aa78e0a75a586916515e2c,0,,,,,,,,,,,,,,,,,,,,,,,,,,,no_qualifying_hit,False
37e7309400ab7fbf8c8c6b49747e6d216569dd3fe8a2f6c4afc1b3aeb73087b9,0,,,,,,,,,,,,,,,,,,,,,,,,,,,no_qualifying_hit,False
389b21e2c93c038aa7e948c849503b063770d3e67aa60223240c7081a60b6a98,0,,,,,,,,,,,,,,,,,,,,,,,,,,,no_qualifying_hit,False
389b6671703c3e74b0da419409b4e3babf39b3c16b718fe1a50fc7bc2e6cb5d2,16,00a3061b1999f70db08972e8ddfa7d76ebb4aef833a5b6e358be2082fcb00b95,0.284,278,318,537,545,237,514,1832,2.801E-28,119,0.404,0.152,,,,,,,,,,,,,,no_qualifying_hit,False
38a520e7fc3c096f86c6e619e00a28e41cfeaa14846fe93c23f0b094a125e368,2,0ab06dce4d89893055602854fed69c863118f007ea81ed465a72a98efbd0e452,0.493,308,24,330,345,69,376,389,4.129E-96,314,0.890,0.792,1421f088ea376a53fd9a3dabd50f213946427fd89fe3948913533a4fa96c6e24,0.467,322,24,345,345,31,351,351,1.168E-93,307,0.933,0.915,30_to_50pct,True
38a63c1dfaa84bde120b72263cf51a79eeffa6e969e9fe2018c3fee832c95ffd,0,,,,,,,,,,,,,,,,,,,,,,,,,,,no_qualifying_hit,False
3916c8a81e9c9475abc56ce8dbb1b148d340a42efc4bd831a664da084d4ec2cd,0,,,,,,,,,,,,,,,,,,,,,,,,,,,no_qualifying_hit,False
393a5204ac1ccf9272d051c016e871996891ab1e1254babc3f1e41ca8a46a93e,0,,,,,,,,,,,,,,,,,,,,,,,,,,,no_qualifying_hit,False
39664ddf684014c9e45c8d48fe8ffeb8c1640df5c6fd96ede5425e5382e84cb3,2,5d387ec698d56f602876fbc8a23821b3061040ef57466581efce5a6b34182814,0.556,317,19,334,334,24,340,340,4.425E-113,363,0.946,0.932,5d387ec698d56f602876fbc8a23821b3061040ef57466581efce5a6b34182814,0.556,317,19,334,334,24,340,340,4.425E-113,363,0.946,0.932,50_to_80pct,True
3982b6642a821e6734693ebabf5eef3b6548c4d3c7cca57005f386b392e8713f,2,c29754cda879e831e8317840b640b8c6a4c34468ae2c4fb494be4deadd9960e1,0.272,646,86,627,1250,261,906,1467,5.099E-45,177,0.434,0.440,,,,,,,,,,,,,,no_qualifying_hit,False
39cf915cbcccc6992e4972e76fb51fbdbec1752d85f569ea250c01de25614f54,4,08d99f50bc9ba3318c85ebdbff2abecced027b060ca1b0cae847d44ce0a164ac,0.420,150,9,147,153,51,200,638,1.320E-36,132,0.908,0.235,,,,,,,,,,,,,,no_qualifying_hit,False
39d272ee34764428093d15f3daada518e939ecfc2492587d44b27f1dc4412815,0,,,,,,,,,,,,,,,,,,,,,,,,,,,no_qualifying_hit,False
3a02c609a60bc9286ade55e1294af574b4c1fe85817634be4a9d189dbd75e1dc,1,ce30ab212020f78c8fa1c17bcf2c543b92cb4d201647e8446c561670d88366a9,0.648,905,24,612,612,382,1286,1286,0.000E+00,1001,0.962,0.704,,,,,,,,,,,,,,no_qualifying_hit,False
3a45faf4f8bf285b70cb9e0d78be52ad7c7398885cddfcaefffa6679b345b895,12,b1dff3a3522626f0539ff0d024c13acbbb7f88791d3428f250d4f2346c5a93e1,0.455,79,12,89,103,72,150,166,4.703E-18,76,0.757,0.476,,,,,,,,,,,,,,no_qualifying_hit,False
3a871ffc94580ae5d47963a5adfee33bb35207746712486e1ebaf60f332b2837,6,e5c524cf28eee1cf7620ecba3e845835dba93ea8b34db94c6204f38b42f39ac0,0.310,240,27,266,304,6,243,406,5.914E-26,108,0.789,0.586,,,,,,,,,,,,,,no_qualifying_hit,False
3b2b150a12d8c6ad585fe308ffb98449e3046d5817a5a01d7f7a6985a41bf522,3,3b2b150a12d8c6ad585fe308ffb98449e3046d5817a5a01d7f7a6985a41bf522,1.000,647,1,647,647,1,647,647,0.000E+00,1264,1.000,1.000,3b2b150a12d8c6ad585fe308ffb98449e3046d5817a5a01d7f7a6985a41bf522,1.000,647,1,647,647,1,647,647,0.000E+00,1264,1.000,1.000,at_least_80pct,True
3b31d832c66a8c270fff6ae8bee562f608cbf803bf07aa8e278b74c3c6cac8b1,4,fe9d89054167a54f84761524bec4d0220273b5c66e938ea8bfaa4c8a71443e94,0.385,57,308,364,365,733,787,790,5.418E-06,46,0.156,0.070,,,,,,,,,,,,,,no_qualifying_hit,False
3b89b0167ba1c21a3bab9b426ce39584a7b3562e80d16f4e150fab62e92e8d8a,0,,,,,,,,,,,,,,,,,,,,,,,,,,,no_qualifying_hit,False
3c8c96df921064cd42ae4c930682beb3b3ceb99005f692a1a6dde3a2f5845cc9,9,4c32ba19dccb451c9a8a322f2b1a8c89adfdc117443841bbe561294b2b7fde6d,0.369,119,17,135,396,21,130,467,9.458E-16,78,0.301,0.236,,,,,,,,,,,,,,no_qualifying_hit,False
3c99bed1a99c85ec8fc468c1e96ade0d73901b7dab990a0af98771e2beeb3c09,0,,,,,,,,,,,,,,,,,,,,,,,,,,,no_qualifying_hit,False
3c9bf049416a6d46b1ab0f130ca9699ebe16e56004c7398d6ed63d177b3f150a,13,3c9bf049416a6d46b1ab0f130ca9699ebe16e56004c7398d6ed63d177b3f150a,1.000,753,1,753,753,1,753,753,0.000E+00,1495,1.000,1.000,3c9bf049416a6d46b1ab0f130ca9699ebe16e56004c7398d6ed63d177b3f150a,1.000,753,1,753,753,1,753,753,0.000E+00,1495,1.000,1.000,at_least_80pct,True
3cc966d6b9a5c56dc994f6712a7ad328371961b2f862c65585c71a03aeaa131f,2,044dcfe1c1b173959a8fa62fab94e3efb9d7e607ee0ec6e0d2a26fbd2f3216ff,0.327,227,53,279,281,122,344,372,2.931E-31,123,0.808,0.599,,,,,,,,,,,,,,no_qualifying_hit,False
3d2b45bd889ddff690f0ef085a09a533b4f1bc729cacee094837173a776ecb20,0,,,,,,,,,,,,,,,,,,,,,,,,,,,no_qualifying_hit,False
3dae2a42beb7e606436b8cdd5303e88be8f3f1ead0b94a91926c747befb5a268,1,d30efc46f8a6f5bbeb44d13ce1239fa47fa017bc0391cd90cc4b98833b82bc39,0.200,424,325,748,753,162,550,725,2.402E-07,52,0.563,0.537,,,,,,,,,,,,,,no_qualifying_hit,False
3dd6d79ec11f9df43ceb038b449c4b3e99fda821a055e3dc48781d22bd49822b,0,,,,,,,,,,,,,,,,,,,,,,,,,,,no_qualifying_hit,False
3dd770a2971959ac17ae9815e24c61933cb19004da83cd4ef0e8f7a5f69ff34a,1,a6185454771e6e1de1e4a6d3395fc3ecd7c97f945ab6c5b7e77934aeb8f70b80,0.441,275,35,309,393,77,348,358,2.202E-60,213,0.700,0.760,,,,,,,,,,,,,,no_qualifying_hit,False
3dd90e6a73c7e3850439186c6dbbaba42ed6c91563d7355b0cfaf39714c8c41e,1,341834d7b0ccb99c7052ed1790867e15e2a8b59d60a15d88beef21ff5c6e6f0b,0.272,519,180,698,717,725,1202,1203,2.978E-04,42,0.724,0.397,,,,,,,,,,,,,,no_qualifying_hit,False
3e1a6a5c8e1bd322e8f31126d540fb87fa5e607a8254e45c67c5782297dcc0f4,2,ecfb650d44ec3207b3393555e3b15e4c96054a462ec8454c8d12c498c73015ae,0.213,238,149,379,521,417,654,673,1.761E-06,49,0.443,0.354,776427b75a348fffda20be3de6cbb24143aad5b89402b507b288885b3a6d31c6,0.216,461,22,471,521,16,476,493,1.232E-05,46,0.864,0.935,below_30pct,False
3e23dfae2182d16ce4f0e6224940f49dd017ac0fdbd4d86aaab9d081b14ce272,1,3e23dfae2182d16ce4f0e6224940f49dd017ac0fdbd4d86aaab9d081b14ce272,1.000,280,1,280,280,1,280,280,5.735E-172,530,1.000,1.000,3e23dfae2182d16ce4f0e6224940f49dd017ac0fdbd4d86aaab9d081b14ce272,1.000,280,1,280,280,1,280,280,5.735E-172,530,1.000,1.000,at_least_80pct,True
3e25ec144f4795b1d6dfa9bafbee067a2e4a5d02a2f02e3f2e0b5381c595f629,11,ae4bec2bfca43ca7d2a710719dd5f37743d7f00519ebc45616d9c09a6d0b27cd,0.336,584,35,618,618,18,497,497,8.168E-95,323,0.945,0.966,ae4bec2bfca43ca7d2a710719dd5f37743d7f00519ebc45616d9c09a6d0b27cd,0.336,584,35,618,618,18,497,497,8.168E-95,323,0.945,0.966,30_to_50pct,True
3e45a2a48f62f017062986afb923dfee040a8f8b7bc5c6187a8bebf3609a8b28,29,3e45a2a48f62f017062986afb923dfee040a8f8b7bc5c6187a8bebf3609a8b28,1.000,180,1,180,180,1,180,180,1.160E-122,382,1.000,1.000,3e45a2a48f62f017062986afb923dfee040a8f8b7bc5c6187a8bebf3609a8b28,1.000,180,1,180,180,1,180,180,1.160E-122,382,1.000,1.000,at_least_80pct,True
3e7505c24a15c6a50c431079fe83a078ba2146030c65dbc7e5741ab7417edd69,1,3e7505c24a15c6a50c431079fe83a078ba2146030c65dbc7e5741ab7417edd69,1.000,320,1,320,320,1,320,320,8.889E-216,659,1.000,1.000,3e7505c24a15c6a50c431079fe83a078ba2146030c65dbc7e5741ab7417edd69,1.000,320,1,320,320,1,320,320,8.889E-216,659,1.000,1.000,at_least_80pct,True
3ecf0163e3c193316b9bd00790d8fe8b10b6a024367793e323979dcad5344f7d,2,cefbb77774f628209737943e0459225e70705399f1a9f204bfa5b810d2b54435,0.272,430,171,600,742,27,413,440,1.214E-34,141,0.580,0.880,,,,,,,,,,,,,,no_qualifying_hit,False
3edfe03f42dfa5f41b06dd16ecd3e546946c4753ca482f4aa862ab933909d506,1,e4798b51c550a3ebff2511934554e5e3c3044b32b43cf705ffa39f04e7269e17,0.351,161,223,375,553,108,268,325,2.221E-20,94,0.277,0.495,,,,,,,,,,,,,,no_qualifying_hit,False
3f116d6f3ea39554b2f2374da92c7c6fcc36acda42d607b0acec638ff46b4fbd,0,,,,,,,,,,,,,,,,,,,,,,,,,,,no_qualifying_hit,False
3f97bfe4f5022b15b1863ae779f39cd23ab3048843bd5b8199d9aff696d8dbe9,2,57a9aca3c7f3f0f95e2127df4a6b502ee8cd1bcef5cd964f8eaf710a4e99e38d,1.000,278,1,278,301,1,278,546,2.229E-188,578,0.924,0.509,,,,,,,,,,,,,,no_qualifying_hit,False
3f9af6907ab151112248497b3aad251d993cc9c76a2ff8a6b5c7bdaacadba840,3,6f49ffe07208eb1a3d9b63e0729d85a3f50f5b5b04fc8888a0f955bf90ce28bb,0.410,187,17,203,341,6,181,349,7.704E-33,129,0.548,0.504,,,,,,,,,,,,,,no_qualifying_hit,False
3ff0472b57a9b264fa6f1afdc7f67a0e4a71140cc8361af398e1a7415c07ecd4,5,c5696c6d8de279057881efb46a28a4ec27018b4790f64c0609f969346774fe2a,0.324,751,176,926,926,380,1093,1093,1.321E-123,419,0.811,0.653,,,,,,,,,,,,,,no_qualifying_hit,False
40120ecffa3f5937163caccee2190d5246c8ea37562c6d12f91e847763535be0,0,,,,,,,,,,,,,,,,,,,,,,,,,,,no_qualifying_hit,False
40488ef771a8efddf2f96d5bfb40e8c1e6394d50f5d3d57da2b466965bc37b6c,114,77dd8ddd63a06cb1506cc5925b59a5813c1142a912ebf29cb6dca84559dbebaa,0.295,270,306,575,620,63,310,752,4.204E-26,113,0.435,0.330,,,,,,,,,,,,,,no_qualifying_hit,False
40b8b8cc54daed480c37effde5b473cdeb98704b489d3d3130a8303b2e10193e,1,73b8be528134de6e565bebe48418440fdbfa31c9a1c02c64c2df9f7fea5d47b6,0.484,65,1,65,153,1,65,379,2.434E-12,62,0.425,0.172,,,,,,,,,,,,,,no_qualifying_hit,False
40c254984d0421d8fab3fbd08612d9e161b65820f55035bd4b312d097bf6faf9,1,94f7662f10606810c9f4c9022c9343fab142664ac899fae28f279453e8a0ef8f,0.298,118,8,125,148,356,470,524,3.137E-06,44,0.797,0.219,,,,,,,,,,,,,,no_qualifying_hit,False
4169b2aa87ea8d031607f8f57750f52c63728313e88d6cc99ef4d4e44dcc0d0d,12,873bef273384813c628cffa267d1f3874bec2cfae71a85031e57cbe4fcde5968,0.308,307,18,324,335,247,511,595,4.271E-34,133,0.916,0.445,,,,,,,,,,,,,,no_qualifying_hit,False
416edadd4c7cf685192ae2288df524a16bdbe1f95618bf4132fe961230bad5fe,2,8ed0baf964698e7ecbbd12423f35324ef861c0ab1270dd3248918c2b24739995,0.459,224,7,230,232,4,221,222,7.084E-52,181,0.966,0.982,8ed0baf964698e7ecbbd12423f35324ef861c0ab1270dd3248918c2b24739995,0.459,224,7,230,232,4,221,222,7.084E-52,181,0.966,0.982,30_to_50pct,True
418090d8f3f5f18b6a33e9f641d1db13cea28ba9970a2986b8e54a3de2295e09,0,,,,,,,,,,,,,,,,,,,,,,,,,,,no_qualifying_hit,False
41baf7e3a4e7d54f2d86ddc0f38325550029ac6e604fc451206405172e62fd27,0,,,,,,,,,,,,,,,,,,,,,,,,,,,no_qualifying_hit,False
41c05852e291b067253633a3e4d6eda45c11e8288e5965b87e2ea25e30d413fb,0,,,,,,,,,,,,,,,,,,,,,,,,,,,no_qualifying_hit,False
41d62f2b5cf930ce683da342dccdf022b301c7ef431d1c39fbb9b51568f068b2,2,76abcfb94bfee017c2e2ebb958ea4e0f924945e4d1a156de8d2c8c8775411aac,0.301,135,8,142,175,16,136,243,6.181E-12,62,0.771,0.498,,,,,,,,,,,,,,no_qualifying_hit,False
4246afaf96834264181a0506f2b57f55ad503154817a0607a67ab04495e382f4,0,,,,,,,,,,,,,,,,,,,,,,,,,,,no_qualifying_hit,False
42484ba59f1881066542a3b18f667c73ab6d784b96d74b00c503db2b7159f782,3,5ed2543aef299cb8815fd6d80f286ffeb0ed5567ddd137855f792be336b67cd5,0.256,118,67,180,326,62,179,327,2.304E-04,41,0.350,0.361,,,,,,,,,,,,,,no_qualifying_hit,False
42d257eb6d18a11b869fff011fa36180de9518d80c28415f9728428bb9712fcd,0,,,,,,,,,,,,,,,,,,,,,,,,,,,no_qualifying_hit,False
42faa52dda7c644574bdd870288fc0867da7b2e2d6d81b2dd48dc1fc3b00aac9,0,,,,,,,,,,,,,,,,,,,,,,,,,,,no_qualifying_hit,False
42fccac0c21ef9ac2b0a83fc0fe8480114949c10df91b3b3a3d466152d7cbe59,0,,,,,,,,,,,,,,,,,,,,,,,,,,,no_qualifying_hit,False
4324259f8709946224b5527edd7f89f7ea7984f59107f58e74b47a7f53b0083d,1,4324259f8709946224b5527edd7f89f7ea7984f59107f58e74b47a7f53b0083d,1.000,204,1,204,204,1,204,204,1.365E-135,421,1.000,1.000,4324259f8709946224b5527edd7f89f7ea7984f59107f58e74b47a7f53b0083d,1.000,204,1,204,204,1,204,204,1.365E-135,421,1.000,1.000,at_least_80pct,True
433e8c7223562edfb125659d53c0ab30097f7a163ce6b480e68eee36db45a110,3,6518feb7ef47eaa3f757dc29ce752405eb9da543341fcbe34a41aff337b57aad,0.996,262,33,294,300,186,447,480,1.561E-175,541,0.873,0.546,,,,,,,,,,,,,,no_qualifying_hit,False
434bfa85a80e894dce47c8324c84fe858e35aedddb93a8c6ecfa4ce110172bb7,0,,,,,,,,,,,,,,,,,,,,,,,,,,,no_qualifying_hit,False
4356ec238f067af6874df6c2063f64fb17caee9c80106d58ef1b61ff7d04f0c6,0,,,,,,,,,,,,,,,,,,,,,,,,,,,no_qualifying_hit,False
4379614ef4b8c6d26d501ac5fb1a68ac9ca982e6afccb17fd8a57817d007a204,0,,,,,,,,,,,,,,,,,,,,,,,,,,,no_qualifying_hit,False
444ed56e3b5d0198dc9de65ffc388ca9ee88b86faecd9e87990f6a6cfd88f448,0,,,,,,,,,,,,,,,,,,,,,,,,,,,no_qualifying_hit,False
446f6069f2afb8e737895dd2a4213e5d43cc20011ab79a5a61b2df680b59593a,70,6643249998a39e3c16128f185465d7d1d376e28f1b973c6c387f46719785c18b,0.556,167,14,180,220,22,182,215,1.254E-52,182,0.759,0.749,c467d6dd089c9200c86666823ce9767cd208b60339f0c35f182ba91ec7672a2d,0.372,176,11,186,220,8,181,200,5.279E-31,119,0.800,0.870,30_to_50pct,True
44aaa3b89f059a76f4ff72aa851a62903a233a4c0a069e6c3f106e549632fb51,2,44aaa3b89f059a76f4ff72aa851a62903a233a4c0a069e6c3f106e549632fb51,1.000,351,1,351,351,1,351,351,8.834E-227,692,1.000,1.000,44aaa3b89f059a76f4ff72aa851a62903a233a4c0a069e6c3f106e549632fb51,1.000,351,1,351,351,1,351,351,8.834E-227,692,1.000,1.000,at_least_80pct,True
44e395f9b41eb651862628fc933e70eec3bad31789884a36637cdf614850b254,0,,,,,,,,,,,,,,,,,,,,,,,,,,,no_qualifying_hit,False
45222c5977237c7d3e339cee6112d0d1e8e1340c4763dc495ff7c6ea70ce89c4,6,00a3061b1999f70db08972e8ddfa7d76ebb4aef833a5b6e358be2082fcb00b95,0.256,177,305,481,495,1192,1352,1832,1.521E-13,72,0.358,0.088,,,,,,,,,,,,,,no_qualifying_hit,False
45892a5295877c88d68909ea3a1102c93efb12f76776bdac44e8bf30c8033604,16,b084452d2a3db7bc836ac1413b570edb4930f2fbbbbf917905e93db8be9536d7,0.297,148,94,241,256,56,187,223,4.562E-09,55,0.578,0.592,,,,,,,,,,,,,,no_qualifying_hit,False
4591f631a00295d49d6c13afb681093e8b4eeb660ab65b42a1c04012d8438d8e,0,,,,,,,,,,,,,,,,,,,,,,,,,,,no_qualifying_hit,False
45e768a3c04c9442beb6640faecfdd8a6556b04a40a52b10633a3e8ff454e052,1,c79f2efc761cd38e327009bc20b51d3697ce48723a2951395e64dfbd1fc52f5b,0.305,84,308,391,795,497,576,808,1.943E-04,43,0.106,0.099,,,,,,,,,,,,,,no_qualifying_hit,False
45ee87218e9c0d4bc7714ecd0bf0fbd854d02d42e4b440c8753efdad7ff68f25,3,ca0c1de2a47ce2118fb32b92975312d67765d97a41c2e9570e093b2be6de568d,0.699,223,1,156,156,1,223,223,1.370E-82,265,1.000,1.000,ca0c1de2a47ce2118fb32b92975312d67765d97a41c2e9570e093b2be6de568d,0.699,223,1,156,156,1,223,223,1.370E-82,265,1.000,1.000,50_to_80pct,True
45fff0902e7a155c002666695275a3a309dbb726691d29377c70ae4730f21efb,3,45fff0902e7a155c002666695275a3a309dbb726691d29377c70ae4730f21efb,1.000,808,1,808,808,1,808,808,0.000E+00,1592,1.000,1.000,45fff0902e7a155c002666695275a3a309dbb726691d29377c70ae4730f21efb,1.000,808,1,808,808,1,808,808,0.000E+00,1592,1.000,1.000,at_least_80pct,True
466c19f8a1518ed2d88c8ad83b43802e7da0576d2d69c27500050a150e2a1fa2,26,e4616b58107ebe3c695d6b5919fd5ff2c7964d9face093857541d26a8ab474c4,0.982,462,1,454,454,1,462,462,2.204E-293,890,1.000,1.000,e4616b58107ebe3c695d6b5919fd5ff2c7964d9face093857541d26a8ab474c4,0.982,462,1,454,454,1,462,462,2.204E-293,890,1.000,1.000,at_least_80pct,True
468178c31192403559027f17a995d18d84c2ff7b711558d4e47892a06dce6505,41,94bee76bac65bd42a50742c31e66d375d79645a2b6346896e933bc57f606545f,0.359,265,3,235,349,57,321,397,1.123E-47,173,0.668,0.668,,,,,,,,,,,,,,no_qualifying_hit,False
476d8148da256013529a43caa93d318a1fb6aeef79227ca18036ffd97a605118,1,fd99e8994b93e64c557adcaccd43218f66131ee9feaf934637d6a49f2d352ab6,0.298,67,73,139,143,266,332,335,5.942E-05,40,0.469,0.200,,,,,,,,,,,,,,no_qualifying_hit,False
4793c5b0a3bb8263732fb612f8f21834b21a20617a8ea595843c2ec3fead15e5,136,4793c5b0a3bb8263732fb612f8f21834b21a20617a8ea595843c2ec3fead15e5,1.000,970,1,970,970,1,970,970,0.000E+00,1944,1.000,1.000,4793c5b0a3bb8263732fb612f8f21834b21a20617a8ea595843c2ec3fead15e5,1.000,970,1,970,970,1,970,970,0.000E+00,1944,1.000,1.000,at_least_80pct,True
47d59ba657644e0e8d827458a3b92ef97a5a4b1db4061815416a152385ab88de,138,47d59ba657644e0e8d827458a3b92ef97a5a4b1db4061815416a152385ab88de,1.000,816,1,816,816,1,816,816,0.000E+00,1576,1.000,1.000,47d59ba657644e0e8d827458a3b92ef97a5a4b1db4061815416a152385ab88de,1.000,816,1,816,816,1,816,816,0.000E+00,1576,1.000,1.000,at_least_80pct,True
4801d67525ebbb36bfb95ff58542c58d8035f99bb9208dc54c0d2a9aa4d6d0ab,0,,,,,,,,,,,,,,,,,,,,,,,,,,,no_qualifying_hit,False
4830480ed5a5cf71462da7e6389f73cfc086f0c0cc7f5267b3a1e26783f20c03,1,4830480ed5a5cf71462da7e6389f73cfc086f0c0cc7f5267b3a1e26783f20c03,1.000,184,1,184,184,1,184,184,9.328E-122,379,1.000,1.000,4830480ed5a5cf71462da7e6389f73cfc086f0c0cc7f5267b3a1e26783f20c03,1.000,184,1,184,184,1,184,184,9.328E-122,379,1.000,1.000,at_least_80pct,True
48369dceb09c50fd441dcba3477d16e74cdbb179af8aba567d6857a6943a7e6e,1,f0846427bca67772ca73d932635628dc8164559d9c509751b693ed302ab26553,0.269,238,4,227,245,5,242,313,1.226E-09,57,0.914,0.760,,,,,,,,,,,,,,no_qualifying_hit,False
489c3c979985bb33f118df26fe720d7ddd7405c5b36992be71f6ff9d42c4cb14,0,,,,,,,,,,,,,,,,,,,,,,,,,,,no_qualifying_hit,False
49058e778db430aa4df8b3d0d086bd7393f0be132efbe5b75ed64fd340f62dc4,2,49058e778db430aa4df8b3d0d086bd7393f0be132efbe5b75ed64fd340f62dc4,1.000,577,1,577,577,1,577,577,0.000E+00,1065,1.000,1.000,49058e778db430aa4df8b3d0d086bd7393f0be132efbe5b75ed64fd340f62dc4,1.000,577,1,577,577,1,577,577,0.000E+00,1065,1.000,1.000,at_least_80pct,True
496241b5d74fb4ab8ee1b1bd6af0d0ff28b8ab953e1c042e560192c80e020f8f,1,0a6aa1debade875f917132245b6e69b13523b85ec0a5a9c3cefbba21fe664a65,0.439,268,184,441,495,176,443,446,9.132E-64,226,0.521,0.601,,,,,,,,,,,,,,no_qualifying_hit,False
497999a239e90d9400a8f0dff564c9da0df8d4f46c4f9c8d5a3fb36a72bf7dd4,5,9e62ed7fce0b01304350ed65fe685158bd77a0e9365e63398834a250c6394d1e,0.320,75,10,83,496,18,92,577,1.440E-08,55,0.149,0.130,,,,,,,,,,,,,,no_qualifying_hit,False
49c10447df3eca4db76f67dd84e29954abd704e08f11fd98f3c47e0b4326decf,24,6142db5eafe756bef6dc78c524f340e76dea6f48ae465a38a2a518c962631d47,1.000,137,1,137,137,1,137,158,3.796E-96,303,1.000,0.867,6142db5eafe756bef6dc78c524f340e76dea6f48ae465a38a2a518c962631d47,1.000,137,1,137,137,1,137,158,3.796E-96,303,1.000,0.867,at_least_80pct,True
49f749b46e7410a0d34a8e3e9b056306245dd64a3e9bb413935620c6a778e53c,0,,,,,,,,,,,,,,,,,,,,,,,,,,,no_qualifying_hit,False
4a05123ac0a3e0a4a3f68c29eb75871a48163cdb45845c8d459bc436f9ea6187,0,,,,,,,,,,,,,,,,,,,,,,,,,,,no_qualifying_hit,False
4a46219543d27cb72ff4bad198c55f043174a3e203c32c69e353d9d67995b08e,139,4a46219543d27cb72ff4bad198c55f043174a3e203c32c69e353d9d67995b08e,1.000,719,1,719,719,1,719,719,0.000E+00,1454,1.000,1.000,4a46219543d27cb72ff4bad198c55f043174a3e203c32c69e353d9d67995b08e,1.000,719,1,719,719,1,719,719,0.000E+00,1454,1.000,1.000,at_least_80pct,True
4a68dd89e42a7f9ed666a761ced41bdf2084fe2267635253e0847293b8d30170,0,,,,,,,,,,,,,,,,,,,,,,,,,,,no_qualifying_hit,False
4a873637e41bb5904ffd4e3e34fa0167a373031ece06c91e1bcdc8206a00fb57,3,f8a6f7881e7155276cd2d65a00e3b1f77f9512bc711bf5648aad76b4d2adbf28,0.434,641,223,863,876,137,766,795,1.779E-159,523,0.732,0.792,,,,,,,,,,,,,,no_qualifying_hit,False
4a9d07d773e898f8a56fe2942c43bf9a3ea707e9df0d61db2f7448a18d1cc9d9,0,,,,,,,,,,,,,,,,,,,,,,,,,,,no_qualifying_hit,False
4a9d12fc3f9123ba8b404210067dcad899474aa80e0fca72dd4e06e5770100f0,1,a2ad3f52daa5740755ca14f0a5a1c060d28a58645d39ca59b2f1779ad7b3ff92,0.219,189,216,401,401,103,291,441,9.692E-04,39,0.464,0.429,,,,,,,,,,,,,,no_qualifying_hit,False
4ab47c7c6af480a5e10be4b0b6f7e38f98008295540de1c9cb3bd6d365acdbf5,2,3fe39bb36cbfa20c45c7bb57b8817fe2b4683b9032730d73eeb7b35d469d8b30,0.252,293,8,297,448,55,347,462,3.619E-20,93,0.647,0.634,,,,,,,,,,,,,,no_qualifying_hit,False
4ace2584bc766b139b857b3a717c94a25bdf54bab822925887e1471ebbcf79a2,0,,,,,,,,,,,,,,,,,,,,,,,,,,,no_qualifying_hit,False
4ad7c51725276621477e8dbc001b72316a0b612ec2a31cb50c8c60707f68eb44,0,,,,,,,,,,,,,,,,,,,,,,,,,,,no_qualifying_hit,False
4af8c7ebbed987efea1348a3dbbdb6a0337eb77f04133e219df81555431e96b2,0,,,,,,,,,,,,,,,,,,,,,,,,,,,no_qualifying_hit,False
4b09fb2b764287fead0ddd144be0c546d306cbd6b7082b0dc0a5e1082ee01cc1,0,,,,,,,,,,,,,,,,,,,,,,,,,,,no_qualifying_hit,False
4bc0f09f3773d40638e252e753d12ec9a0a926199115f37f423fd64463c66704,7,87997c682a9f4aeb23aa502a817cf4d622d6e0e330cb9f4899de8608704c8ca8,0.340,223,52,274,336,70,285,337,8.393E-29,117,0.664,0.641,,,,,,,,,,,,,,no_qualifying_hit,False
4c41f90ee966baca289ccd8fdff43fc9ac24a6f46256135945411b9cbf04b290,4,4c41f90ee966baca289ccd8fdff43fc9ac24a6f46256135945411b9cbf04b290,1.000,134,1,134,134,1,134,134,1.358E-83,267,1.000,1.000,4c41f90ee966baca289ccd8fdff43fc9ac24a6f46256135945411b9cbf04b290,1.000,134,1,134,134,1,134,134,1.358E-83,267,1.000,1.000,at_least_80pct,True
4c4b86fbd8e9467648e2e7d60c998a17621502d3ffebf5943dcd27e6542693ca,0,,,,,,,,,,,,,,,,,,,,,,,,,,,no_qualifying_hit,False
4c6fa514aae7c0b170af0342f3daaead286f0e817da9ae51bd3bb0fd3d1f0e4c,0,,,,,,,,,,,,,,,,,,,,,,,,,,,no_qualifying_hit,False
4c7b302c97ebbbf6f2c1647b7e2c33a0df922e898bb99d4b949a7204ba26ab70,64,4c7b302c97ebbbf6f2c1647b7e2c33a0df922e898bb99d4b949a7204ba26ab70,1.000,475,1,475,475,1,475,475,0.000E+00,983,1.000,1.000,4c7b302c97ebbbf6f2c1647b7e2c33a0df922e898bb99d4b949a7204ba26ab70,1.000,475,1,475,475,1,475,475,0.000E+00,983,1.000,1.000,at_least_80pct,True
4c7b6b919dfaf89ca68663400321d4161a6193367f78fc59e61c5ea9c96684a3,1,2e06147776f1617f3d1a04c74a975e306d857330975093b2efc61c8c1f55443b,0.202,1017,23,1039,1277,36,1022,1337,1.908E-37,153,0.796,0.738,,,,,,,,,,,,,,no_qualifying_hit,False
4c7fcd909105ecb36b58b4de4d70829a987da49d5b619181cf4abef564af2ff1,1,a9ae01ddb7b673d350bce6786cda2679bcca48358c67f139d6b39000e83b6f60,0.264,485,12,496,574,3,456,541,4.951E-32,132,0.845,0.839,a9ae01ddb7b673d350bce6786cda2679bcca48358c67f139d6b39000e83b6f60,0.264,485,12,496,574,3,456,541,4.951E-32,132,0.845,0.839,below_30pct,False
4cc998c08f107c42d8c6b407a783cf534ba073a6bb877da40ecb2f4347932841,1,4cc998c08f107c42d8c6b407a783cf534ba073a6bb877da40ecb2f4347932841,1.000,277,1,277,277,1,277,277,4.175E-180,553,1.000,1.000,4cc998c08f107c42d8c6b407a783cf534ba073a6bb877da40ecb2f4347932841,1.000,277,1,277,277,1,277,277,4.175E-180,553,1.000,1.000,at_least_80pct,True
4d1f6a7a4b0774e8fb28332f74afb8babc1375fcf7d9214c79cbcad99e6dc32f,2,4d1f6a7a4b0774e8fb28332f74afb8babc1375fcf7d9214c79cbcad99e6dc32f,1.000,515,1,515,515,1,515,515,0.000E+00,1050,1.000,1.000,4d1f6a7a4b0774e8fb28332f74afb8babc1375fcf7d9214c79cbcad99e6dc32f,1.000,515,1,515,515,1,515,515,0.000E+00,1050,1.000,1.000,at_least_80pct,True
4d50e64e05a19a06055bc075928dc2eac8ac6c40b6861b6c52769f756354dc22,0,,,,,,,,,,,,,,,,,,,,,,,,,,,no_qualifying_hit,False
4d542a033b9677c71ebcda7ef5fda4195fc142cf2d394cb8274819d2b4125ac9,0,,,,,,,,,,,,,,,,,,,,,,,,,,,no_qualifying_hit,False
4d7a8f4575fac4a96c483fe897571966f2048d0aff34a38abe4617f13ab5ce2e,0,,,,,,,,,,,,,,,,,,,,,,,,,,,no_qualifying_hit,False
4dea0564525c95c472c9377ba2c61ec8ba4b744953181c948438f553a7e7a9ff,0,,,,,,,,,,,,,,,,,,,,,,,,,,,no_qualifying_hit,False
4e34ae29ad78a4ec800e6ad3d3092eb39115fccc3ef4ccc24f55bf9c8a087cfa,0,,,,,,,,,,,,,,,,,,,,,,,,,,,no_qualifying_hit,False
4e46eff23545a632fb04e47d375d4a450af8ee412f3205358df4e5f278ef099e,0,,,,,,,,,,,,,,,,,,,,,,,,,,,no_qualifying_hit,False
4e5352fa55a299afd9e83cc72fc3aaa0a10c915f75b91d32196f50d983bbdcfb,0,,,,,,,,,,,,,,,,,,,,,,,,,,,no_qualifying_hit,False
4e5ae3c3a064a42ea1cd095d86be6392dc3aa36900986095c46200f84fb33601,2,488e23057b8ee6047c15d602e61dcb8c5084d2bec578856f5b2e561c50249853,0.308,430,26,407,432,5,434,620,3.814E-35,139,0.884,0.694,,,,,,,,,,,,,,no_qualifying_hit,False
4e7d5e08b11aa4a482c63a8a7e36902f6b9aed92bc92e43dcfd12b2a359a9b69,6,72a14fa172f29b6c086d2261c00a718479e9a4190ef48e5ab1b3a52dba2c0e43,0.338,132,2,125,441,72,203,708,2.623E-12,67,0.281,0.186,,,,,,,,,,,,,,no_qualifying_hit,False
4ec8602526dc2c8005f61ffe463c747a76dad3fc0b92151a3031ea2fd7c6ff11,0,,,,,,,,,,,,,,,,,,,,,,,,,,,no_qualifying_hit,False
4ed9a32044af0137c6ff882bcdb7cbf7d5e9b1ee8e875d8682432971c3ad8a7d,0,,,,,,,,,,,,,,,,,,,,,,,,,,,no_qualifying_hit,False
4f1f9549d2102af00c77fd3e6a3a9349af7e0b7d2f9a57c71ebe253785a76828,1,d6da6a2fced1f7b216597e40cab25c23a20409214ce5f405d56f7482d02c5980,0.218,173,42,169,190,53,225,328,3.286E-04,39,0.674,0.527,,,,,,,,,,,,,,no_qualifying_hit,False
5041cb14d0b87d3a9553f841ad4eee8ba1c0c6d41bbd5aa9531bce4564bcbf6c,1,5041cb14d0b87d3a9553f841ad4eee8ba1c0c6d41bbd5aa9531bce4564bcbf6c,1.000,273,1,273,273,1,273,273,5.008E-174,535,1.000,1.000,5041cb14d0b87d3a9553f841ad4eee8ba1c0c6d41bbd5aa9531bce4564bcbf6c,1.000,273,1,273,273,1,273,273,5.008E-174,535,1.000,1.000,at_least_80pct,True
508c1b7b83b7450adfb3cf477040f8871102b5c2089031e02b3b1a3d94b42912,0,,,,,,,,,,,,,,,,,,,,,,,,,,,no_qualifying_hit,False
50d35dc554d3538bc4e0d1b240d835298f63a9469094433d8fb2b73afe7d2a4d,0,,,,,,,,,,,,,,,,,,,,,,,,,,,no_qualifying_hit,False
5108769050bbdd752e95abfe34259b476f23a56d5a36b5bd0d51ddf1098635c1,0,,,,,,,,,,,,,,,,,,,,,,,,,,,no_qualifying_hit,False
511acfd7f8bfb9ac4f82848bd3d2e98d8f235d1a0ea082185e08bc6ca05dba6b,0,,,,,,,,,,,,,,,,,,,,,,,,,,,no_qualifying_hit,False
5132224fddbe6b2e5c8e76ec37276f97641b2dd2473952301d7143fd1a6e49cd,1,5132224fddbe6b2e5c8e76ec37276f97641b2dd2473952301d7143fd1a6e49cd,1.000,319,1,319,319,1,319,319,6.188E-216,659,1.000,1.000,5132224fddbe6b2e5c8e76ec37276f97641b2dd2473952301d7143fd1a6e49cd,1.000,319,1,319,319,1,319,319,6.188E-216,659,1.000,1.000,at_least_80pct,True
513ba151008f45c1b51227145b5086c877acecfc4783b1b5341ff0be18263de0,0,,,,,,,,,,,,,,,,,,,,,,,,,,,no_qualifying_hit,False
514c0affd2f833c2f963b5e3947afda2f5f57027062af1be6255603e9574cb3a,1,514c0affd2f833c2f963b5e3947afda2f5f57027062af1be6255603e9574cb3a,1.000,366,1,366,366,1,366,366,2.810E-221,677,1.000,1.000,514c0affd2f833c2f963b5e3947afda2f5f57027062af1be6255603e9574cb3a,1.000,366,1,366,366,1,366,366,2.810E-221,677,1.000,1.000,at_least_80pct,True
51561051ca29fecb9ad1742191f1319b2de3398594be5cb9ca3db59ecb07aa2f,0,,,,,,,,,,,,,,,,,,,,,,,,,,,no_qualifying_hit,False
51e08e1d54884273bac03409a155e152f3329368b0a385079e85a57489e38676,2,aea46b1f9c1d0c9ac2389edc1162ff3e9d90c0fe01c87735ef31756796643b68,0.479,73,5,77,120,27,99,150,3.550E-21,86,0.608,0.487,,,,,,,,,,,,,,no_qualifying_hit,False
51fd75260c9da1cae5de8bc4dbc3985b9d44fcc35c5970ee21f731c133e7afbb,1,c635bfe220025687db0ac9efc3e94874e8c6b9a38133d31887631ad979ae0993,0.460,190,5,194,194,3,163,163,6.074E-47,164,0.979,0.988,c635bfe220025687db0ac9efc3e94874e8c6b9a38133d31887631ad979ae0993,0.460,190,5,194,194,3,163,163,6.074E-47,164,0.979,0.988,30_to_50pct,True
52100e922b0c3b2fc9559994a236b4fcf499f9ac217f8c6c707d1426740a3396,2,52100e922b0c3b2fc9559994a236b4fcf499f9ac217f8c6c707d1426740a3396,1.000,183,1,183,183,1,183,183,4.605E-115,360,1.000,1.000,52100e922b0c3b2fc9559994a236b4fcf499f9ac217f8c6c707d1426740a3396,1.000,183,1,183,183,1,183,183,4.605E-115,360,1.000,1.000,at_least_80pct,True
525a41af06497b96ba601350799cefb6396fa9de94ee905f7022b03af6bf559b,0,,,,,,,,,,,,,,,,,,,,,,,,,,,no_qualifying_hit,False
527ac1e387437beb42a4807943f95c28236033e132b78e6cd7d84a725b46337a,1,c4cce78031836bd6935b00deceb8ebeff1a69c583c0919a001a48ea96e419703,0.992,276,1,276,326,1,276,331,7.283E-185,570,0.847,0.834,c4cce78031836bd6935b00deceb8ebeff1a69c583c0919a001a48ea96e419703,0.992,276,1,276,326,1,276,331,7.283E-185,570,0.847,0.834,at_least_80pct,True
52a965e03145e3cb7360eac00327a4c807fa92e298704c051f3f6c99c868656f,1,52a965e03145e3cb7360eac00327a4c807fa92e298704c051f3f6c99c868656f,1.000,396,1,396,396,1,396,396,3.017E-256,780,1.000,1.000,52a965e03145e3cb7360eac00327a4c807fa92e298704c051f3f6c99c868656f,1.000,396,1,396,396,1,396,396,3.017E-256,780,1.000,1.000,at_least_80pct,True
52d7670ef222c1603b29a8df20ba427005b47a1b01fe660706d38c071c7955b2,40,52d7670ef222c1603b29a8df20ba427005b47a1b01fe660706d38c071c7955b2,1.000,364,1,364,364,1,364,364,2.113E-245,747,1.000,1.000,52d7670ef222c1603b29a8df20ba427005b47a1b01fe660706d38c071c7955b2,1.000,364,1,364,364,1,364,364,2.113E-245,747,1.000,1.000,at_least_80pct,True
52dff2c3d9b2a02f3a5ab5c4311aaaa55d5a3117af6fd17851973552c64b91ce,12,902f693e3a2c631f5ccb8c2eb5931aab72a1ad8d09c8ff75d92f9eaf9aebcbe5,0.247,237,107,334,451,2029,2265,2627,4.041E-14,73,0.506,0.090,,,,,,,,,,,,,,no_qualifying_hit,False
52e55dca89acfd2e73a8e0755ee6a36ce6a3ebc711171857ef09e3ae99fa4f07,11,0dc9f286fbf1368a5715f64d7fbe78ef12fafb76a89363f840ef946f61050f8f,0.298,97,169,265,414,17,109,616,7.059E-12,66,0.234,0.151,,,,,,,,,,,,,,no_qualifying_hit,False
52f62e807d3d358e71e783c437de551c246ad31e8d8e4c9fa2e6a02810cdb9dd,1,52f62e807d3d358e71e783c437de551c246ad31e8d8e4c9fa2e6a02810cdb9dd,1.000,958,1,958,958,1,958,958,0.000E+00,1881,1.000,1.000,52f62e807d3d358e71e783c437de551c246ad31e8d8e4c9fa2e6a02810cdb9dd,1.000,958,1,958,958,1,958,958,0.000E+00,1881,1.000,1.000,at_least_80pct,True
531f8be002e79d5e70b2a9a0961e297fd4ab8b0ea7f0fd4c5b47bee44870471d,0,,,,,,,,,,,,,,,,,,,,,,,,,,,no_qualifying_hit,False
534697adc728736eb8ac0bf8b490e7adb36dd9f6e0fd75aa1c4be33bc1758553,0,,,,,,,,,,,,,,,,,,,,,,,,,,,no_qualifying_hit,False
53474d6e21e5c8a91455e84864f2b1d65c5e373f180e19df71f84c37b7bb53ef,6,f54ad9cc8797393ea3dd0b5506cd8f261b8d6f37cef975489daaec7215287f5e,0.482,141,33,173,208,40,172,269,2.740E-46,163,0.678,0.494,,,,,,,,,,,,,,no_qualifying_hit,False
535d02de57f0ec29ad3a5556fd68feef01c4c6c729a966433c589050b97cec8b,0,,,,,,,,,,,,,,,,,,,,,,,,,,,no_qualifying_hit,False
537fa409db6d32cf96c8efd1f78e7bc14fbfc3c92b076506ef5f83da9d93e23b,0,,,,,,,,,,,,,,,,,,,,,,,,,,,no_qualifying_hit,False
5380289fe053183b3fddca9e3df50faa910a707619b4b840ed90eda3313673bf,2,5380289fe053183b3fddca9e3df50faa910a707619b4b840ed90eda3313673bf,1.000,176,1,176,176,1,176,176,2.285E-101,320,1.000,1.000,5380289fe053183b3fddca9e3df50faa910a707619b4b840ed90eda3313673bf,1.000,176,1,176,176,1,176,176,2.285E-101,320,1.000,1.000,at_least_80pct,True
5400e9185f43bee369b5e6e1a25a7ba0ba6163c4972065b15b2779440069e8ed,1,d0ab90ec41dfb6e98da7a058eb1157f61190d5bddb6f07671e674e95f21efb3b,0.288,115,404,518,527,356,469,475,2.656E-04,42,0.218,0.240,,,,,,,,,,,,,,no_qualifying_hit,False
5404a5e44d6718b56f9e68b038e9da2e372e565092918066511b9eb86a126162,1,5404a5e44d6718b56f9e68b038e9da2e372e565092918066511b9eb86a126162,1.000,445,1,445,445,1,445,445,1.407E-283,861,1.000,1.000,5404a5e44d6718b56f9e68b038e9da2e372e565092918066511b9eb86a126162,1.000,445,1,445,445,1,445,445,1.407E-283,861,1.000,1.000,at_least_80pct,True
54431f8a0aa2a42c7810354ab78e06561f7d2d8744a94e1c2a31525fab8aa2f3,0,,,,,,,,,,,,,,,,,,,,,,,,,,,no_qualifying_hit,False
5453b6c0c2db1071a88225a043267f00a25b599bdc66a91b9b0934041c069d6d,1,a5370f89939b877f2b6888c19a6f6d9d4bdde7a4ac5c86c46296b3422591cf2b,0.330,697,3,699,749,9,639,640,7.324E-110,372,0.931,0.986,a5370f89939b877f2b6888c19a6f6d9d4bdde7a4ac5c86c46296b3422591cf2b,0.330,697,3,699,749,9,639,640,7.324E-110,372,0.931,0.986,30_to_50pct,True
549dc2f31d2981e3cd99a62ea027bf7d8a5cd3b7232c910e4a3fbec108f88c17,1,72a14fa172f29b6c086d2261c00a718479e9a4190ef48e5ab1b3a52dba2c0e43,0.228,486,41,506,624,58,543,708,1.246E-30,128,0.747,0.686,,,,,,,,,,,,,,no_qualifying_hit,False
54e755aaeb649eb16e5aba48393443c6a26651cde7a1efc9d42e14c58ed2a459,0,,,,,,,,,,,,,,,,,,,,,,,,,,,no_qualifying_hit,False
5518ccc1313a6e6db0cb2acece6373a3c58fda6ce8acc109c023c195f053601f,0,,,,,,,,,,,,,,,,,,,,,,,,,,,no_qualifying_hit,False
55aec0503e7674cbd1e242b92ea2f166f685c5b1ee7735c70aeeda0f09381910,0,,,,,,,,,,,,,,,,,,,,,,,,,,,no_qualifying_hit,False
5675330c0c504ddaadaed0179df19fa9c9cdf9ab894afadab8226239c4515f30,56,5675330c0c504ddaadaed0179df19fa9c9cdf9ab894afadab8226239c4515f30,1.000,744,1,744,744,1,744,744,0.000E+00,1510,1.000,1.000,5675330c0c504ddaadaed0179df19fa9c9cdf9ab894afadab8226239c4515f30,1.000,744,1,744,744,1,744,744,0.000E+00,1510,1.000,1.000,at_least_80pct,True
56a771b6e1e4fa7191aefdfc2ccad0b2fcad6975bfaffc08d9d76324c781427f,1,56a771b6e1e4fa7191aefdfc2ccad0b2fcad6975bfaffc08d9d76324c781427f,1.000,172,1,172,172,1,172,172,4.040E-99,314,1.000,1.000,56a771b6e1e4fa7191aefdfc2ccad0b2fcad6975bfaffc08d9d76324c781427f,1.000,172,1,172,172,1,172,172,4.040E-99,314,1.000,1.000,at_least_80pct,True
56ed235359f56ad504dd6b9fdebfc8082e21e8aeac983918989d762a849db680,3,56ed235359f56ad504dd6b9fdebfc8082e21e8aeac983918989d762a849db680,1.000,349,1,349,349,1,349,349,4.582E-244,742,1.000,1.000,56ed235359f56ad504dd6b9fdebfc8082e21e8aeac983918989d762a849db680,1.000,349,1,349,349,1,349,349,4.582E-244,742,1.000,1.000,at_least_80pct,True
571af4e0da9878af9a4fb4881155050e67cc4a939b5273e9535812298f94e538,0,,,,,,,,,,,,,,,,,,,,,,,,,,,no_qualifying_hit,False
574fef84ef58b816f28831109844ed45108f7f364f56a2aea5558d58a39a52c9,7,4ea1a1ff937e3aa00a0ff8cb06dd3ef03eb1c07d87a98e57df34d564e9ed17a0,0.906,601,1,545,545,1,601,601,0.000E+00,1032,1.000,1.000,4ea1a1ff937e3aa00a0ff8cb06dd3ef03eb1c07d87a98e57df34d564e9ed17a0,0.906,601,1,545,545,1,601,601,0.000E+00,1032,1.000,1.000,at_least_80pct,True
5751aacd9f5a9db77e0d3e85a5fb5edaf782fcbe0f852f2a192a2628f782da50,0,,,,,,,,,,,,,,,,,,,,,,,,,,,no_qualifying_hit,False
5755a0e967a2a130b9b846a834edc3853c8934d2798b23688a03f5794ae163f9,1,054b35bc87419c3553b3670514574d43143a1a9b81ac60554acc85321b088db6,0.509,256,1,256,256,1,246,247,6.541E-66,222,1.000,0.996,054b35bc87419c3553b3670514574d43143a1a9b81ac60554acc85321b088db6,0.509,256,1,256,256,1,246,247,6.541E-66,222,1.000,0.996,50_to_80pct,True
576719fc259c331b271ceb352b5a02c3bb1d801851e22a13b4267ade4d05ac8a,1,576719fc259c331b271ceb352b5a02c3bb1d801851e22a13b4267ade4d05ac8a,1.000,394,1,394,394,1,394,394,1.267E-261,795,1.000,1.000,576719fc259c331b271ceb352b5a02c3bb1d801851e22a13b4267ade4d05ac8a,1.000,394,1,394,394,1,394,394,1.267E-261,795,1.000,1.000,at_least_80pct,True
577554e414f01723498a341f5f0a516d7558b44ac37eaf1d1bcb1069b48c32f6,6,fb7792982e9928f0036d5d090309c0bab5a98e8285d14fe380913b5ff2fffb8c,0.737,646,4,649,649,6,646,646,2.809E-308,944,0.995,0.992,fb7792982e9928f0036d5d090309c0bab5a98e8285d14fe380913b5ff2fffb8c,0.737,646,4,649,649,6,646,646,2.809E-308,944,0.995,0.992,50_to_80pct,True
577840dd6d6d84e321854567bac1aa1f09534df5bcbbf385eab191235c76291f,0,,,,,,,,,,,,,,,,,,,,,,,,,,,no_qualifying_hit,False
57c0e5fbd4e74626d9dcdefdcbb8e294d83f9b8994a94d7b3f5ea422d4700a15,0,,,,,,,,,,,,,,,,,,,,,,,,,,,no_qualifying_hit,False
57edb87a3b9ab3d4b3e41b4edfc2f8bca17b49772c9cb50d3f39bc7cedcde947,1,57edb87a3b9ab3d4b3e41b4edfc2f8bca17b49772c9cb50d3f39bc7cedcde947,1.000,241,1,241,241,1,241,241,2.164E-148,460,1.000,1.000,57edb87a3b9ab3d4b3e41b4edfc2f8bca17b49772c9cb50d3f39bc7cedcde947,1.000,241,1,241,241,1,241,241,2.164E-148,460,1.000,1.000,at_least_80pct,True
580f81bdb13b80b1608d85f4f6852c1697016322eb75cc791d1abdee1ff381f4,0,,,,,,,,,,,,,,,,,,,,,,,,,,,no_qualifying_hit,False
5828f460e2f36cc52a70e0827bc2eff6df5234fb637b1287718d572b081c741b,0,,,,,,,,,,,,,,,,,,,,,,,,,,,no_qualifying_hit,False
5858511d7af5386bd21460a638678c2a1950e7dc47ab6c169a626a9e026e1a40,0,,,,,,,,,,,,,,,,,,,,,,,,,,,no_qualifying_hit,False
589183e06e1b12f6659dcd455f4a68b781bb08b17f5c54ac8b4b3987c4958d5d,0,,,,,,,,,,,,,,,,,,,,,,,,,,,no_qualifying_hit,False
589989a8e4d5effc294c44b89a5bd673e7297ebe43379e3ad8ef856d2a9683e0,0,,,,,,,,,,,,,,,,,,,,,,,,,,,no_qualifying_hit,False
59bec7c14017a23b4401df7229aa6c5196e7fc0fb4f1b211ccc17cc2fc6604f8,1,94f101c5496d0748331308605f1aa263ec71ec99ef667df792bdf52ac6395341,0.351,111,10,111,147,148,258,269,4.543E-11,58,0.694,0.413,,,,,,,,,,,,,,no_qualifying_hit,False
59fbd9c8e5b72d29861ef54feacd32a28e0c8fe61f190e1a8211caefdfba725b,1,59fbd9c8e5b72d29861ef54feacd32a28e0c8fe61f190e1a8211caefdfba725b,1.000,227,1,227,227,1,227,227,1.920E-157,485,1.000,1.000,59fbd9c8e5b72d29861ef54feacd32a28e0c8fe61f190e1a8211caefdfba725b,1.000,227,1,227,227,1,227,227,1.920E-157,485,1.000,1.000,at_least_80pct,True
5a5d468530ef36f19786afbe0737eddaf60c5557dfdcdeddd1ec15922971fba2,1,9856241fce830c108ee9e7bdba35f7b96793bb6e664952090dd023de801bbec4,0.363,562,1,562,572,1,550,561,8.821E-88,300,0.983,0.980,9856241fce830c108ee9e7bdba35f7b96793bb6e664952090dd023de801bbec4,0.363,562,1,562,572,1,550,561,8.821E-88,300,0.983,0.980,30_to_50pct,True
5a9b197a62a06caa05d97b98034e94a9e90ef1024aba2c865b51ad7d48492653,2,5a9b197a62a06caa05d97b98034e94a9e90ef1024aba2c865b51ad7d48492653,1.000,582,1,582,582,1,582,582,0.000E+00,1122,1.000,1.000,5a9b197a62a06caa05d97b98034e94a9e90ef1024aba2c865b51ad7d48492653,1.000,582,1,582,582,1,582,582,0.000E+00,1122,1.000,1.000,at_least_80pct,True
5ad5399d1a84fdafdba5cc7ff111dd73534cdfde03ed272b47f06b27464e42a2,1,5ad5399d1a84fdafdba5cc7ff111dd73534cdfde03ed272b47f06b27464e42a2,1.000,311,1,311,311,1,311,311,7.840E-206,629,1.000,1.000,5ad5399d1a84fdafdba5cc7ff111dd73534cdfde03ed272b47f06b27464e42a2,1.000,311,1,311,311,1,311,311,7.840E-206,629,1.000,1.000,at_least_80pct,True
5ad6827b4077d42c81be2437d887220ef79b01eef57a660488c3f771110d13f0,5,5ad6827b4077d42c81be2437d887220ef79b01eef57a660488c3f771110d13f0,1.000,211,1,211,211,1,211,211,5.924E-137,425,1.000,1.000,5ad6827b4077d42c81be2437d887220ef79b01eef57a660488c3f771110d13f0,1.000,211,1,211,211,1,211,211,5.924E-137,425,1.000,1.000,at_least_80pct,True
5aee8c6489197f6c56a0f3bb0e5664f0b594824ee43b9ce07bed6773b55b82a4,0,,,,,,,,,,,,,,,,,,,,,,,,,,,no_qualifying_hit,False
5bbafca435583f93e412bfbe71e602342660c31bdbde76450c738206a1c3abbe,2,5bbafca435583f93e412bfbe71e602342660c31bdbde76450c738206a1c3abbe,1.000,307,1,307,307,1,307,307,2.479E-196,602,1.000,1.000,5bbafca435583f93e412bfbe71e602342660c31bdbde76450c738206a1c3abbe,1.000,307,1,307,307,1,307,307,2.479E-196,602,1.000,1.000,at_least_80pct,True
5c08f578a275fa7043a4213697c791d26d5c0172c6df77c4aac3a1a62f19495c,1,5c08f578a275fa7043a4213697c791d26d5c0172c6df77c4aac3a1a62f19495c,1.000,576,1,576,576,1,576,576,0.000E+00,1109,1.000,1.000,5c08f578a275fa7043a4213697c791d26d5c0172c6df77c4aac3a1a62f19495c,1.000,576,1,576,576,1,576,576,0.000E+00,1109,1.000,1.000,at_least_80pct,True
5c37aeaad0540559552513803a36c3e94130541d25b902aca4e727f5f1d982bc,0,,,,,,,,,,,,,,,,,,,,,,,,,,,no_qualifying_hit,False
5d8e32efa9384da817db09b10745ef3f222157dd38eafee3036eab2bf2675d80,0,,,,,,,,,,,,,,,,,,,,,,,,,,,no_qualifying_hit,False
5d9fa3c272c8e2490be6b355175647a9da1730bb8f0bcfaa3cf77086831975fb,3,6bd11719ea8bf56c1a0b391d544161d79cfd5575f7f509fa0da5394d07895b25,0.214,552,30,550,951,55,606,939,1.604E-17,86,0.548,0.588,,,,,,,,,,,,,,no_qualifying_hit,False
5de6bbec598926d3c24594e169a83135aeba009268b1da1d8c6d006285a7162f,0,,,,,,,,,,,,,,,,,,,,,,,,,,,no_qualifying_hit,False
5de96591678a6a46bfb5b0d83dac55e671d5b186e638fb8810ddd1b85138030e,3,5de96591678a6a46bfb5b0d83dac55e671d5b186e638fb8810ddd1b85138030e,1.000,662,1,662,662,1,662,662,0.000E+00,1291,1.000,1.000,5de96591678a6a46bfb5b0d83dac55e671d5b186e638fb8810ddd1b85138030e,1.000,662,1,662,662,1,662,662,0.000E+00,1291,1.000,1.000,at_least_80pct,True
5e26f99aa45524641be9ba94d8548381cc0af77ce4d0387233db14e67475f85f,0,,,,,,,,,,,,,,,,,,,,,,,,,,,no_qualifying_hit,False
5ef093294ffadfcd63aee4efbde1600256c7804a6129c5f0d6f65252f77e976d,12,5ef093294ffadfcd63aee4efbde1600256c7804a6129c5f0d6f65252f77e976d,1.000,92,1,92,92,1,92,92,1.268E-56,186,1.000,1.000,5ef093294ffadfcd63aee4efbde1600256c7804a6129c5f0d6f65252f77e976d,1.000,92,1,92,92,1,92,92,1.268E-56,186,1.000,1.000,at_least_80pct,True
5f02321d7ac7af44e7d134d88a11af15f34df2731313bfe6db4af728e9d0ae54,0,,,,,,,,,,,,,,,,,,,,,,,,,,,no_qualifying_hit,False
5f4680f14c2198449a72ec109308f8f68ba2f7af7326d71eca9cc08b39f29138,1,7f8f05fe7d88c84e860e784361460e5d74883b9db8aad6f53858feb5fd7131d1,0.614,410,15,424,461,13,418,420,4.067E-140,448,0.889,0.967,7f8f05fe7d88c84e860e784361460e5d74883b9db8aad6f53858feb5fd7131d1,0.614,410,15,424,461,13,418,420,4.067E-140,448,0.889,0.967,50_to_80pct,True
5fc8bb1f74d4b988615441d91c94a31cb7aca57705611db4eb1463d40cce27eb,2,8404ed2512ab3e011c85b1138512ff5f18b08d0acab32a5179ab7505c6985df0,0.416,60,258,317,436,145,204,446,2.296E-10,61,0.138,0.135,,,,,,,,,,,,,,no_qualifying_hit,False
603d178ff348bebaea778363dedbbafc84e50fd2a9c0dbd8f0e7b0795c231e46,6,603d178ff348bebaea778363dedbbafc84e50fd2a9c0dbd8f0e7b0795c231e46,1.000,493,1,493,493,1,493,493,0.000E+00,1044,1.000,1.000,603d178ff348bebaea778363dedbbafc84e50fd2a9c0dbd8f0e7b0795c231e46,1.000,493,1,493,493,1,493,493,0.000E+00,1044,1.000,1.000,at_least_80pct,True
607820a6d8c054265fa6bf4a9b3f9ae01ea96320bac8e9c6090bcdf2faff2c37,2,016c59e3a8d1b9dce396039892230a953410ecdd19a0ac7a0cd83e0c45537eba,0.245,467,199,600,630,258,724,765,1.403E-21,98,0.638,0.610,,,,,,,,,,,,,,no_qualifying_hit,False
60a0755e7eff74948c9ca4af93199d3f031f39948f0174cf655b9b7bc242ea44,1,60a0755e7eff74948c9ca4af93199d3f031f39948f0174cf655b9b7bc242ea44,1.000,348,1,348,348,1,348,348,6.031E-218,666,1.000,1.000,60a0755e7eff74948c9ca4af93199d3f031f39948f0174cf655b9b7bc242ea44,1.000,348,1,348,348,1,348,348,6.031E-218,666,1.000,1.000,at_least_80pct,True
60ad01e6f28adf7c3a6543843eeb4e1964682a0aec3636c1e05b34e31498094a,0,,,,,,,,,,,,,,,,,,,,,,,,,,,no_qualifying_hit,False
60bdc3f5a5b902351d7ccd16c6de6db1f03ed26acb70dfc300c527629e0a31b1,1,751ffa9f3c5c90d25c603a74b3ee0482c8e1114d3f5a13c5625bd7f82388ed2a,0.256,267,25,291,297,8,269,276,3.758E-12,65,0.899,0.949,751ffa9f3c5c90d25c603a74b3ee0482c8e1114d3f5a13c5625bd7f82388ed2a,0.256,267,25,291,297,8,269,276,3.758E-12,65,0.899,0.949,below_30pct,False
60fdfde320c6abcc7a88504cb57807791dd852b06a507d76a8751dd8926dbf8b,18,23416f36e93a4bbfffb359526711323006b4d84c0be5d26c65123084ce1a34da,0.460,552,13,564,690,59,606,673,1.244E-152,495,0.800,0.814,23416f36e93a4bbfffb359526711323006b4d84c0be5d26c65123084ce1a34da,0.460,552,13,564,690,59,606,673,1.244E-152,495,0.800,0.814,30_to_50pct,True
6142db5eafe756bef6dc78c524f340e76dea6f48ae465a38a2a518c962631d47,24,6142db5eafe756bef6dc78c524f340e76dea6f48ae465a38a2a518c962631d47,1.000,158,1,158,158,1,158,158,3.844E-109,342,1.000,1.000,6142db5eafe756bef6dc78c524f340e76dea6f48ae465a38a2a518c962631d47,1.000,158,1,158,158,1,158,158,3.844E-109,342,1.000,1.000,at_least_80pct,True
615aa4120f6289602dc64f9e15fe180414affff76e20d6b651a3354122cdda3f,0,,,,,,,,,,,,,,,,,,,,,,,,,,,no_qualifying_hit,False
61a010007884d9cba8365eb1868f4a31b36e9193baffaa91271f6fe220dd0270,1,c766002226ae6ddcb8db122d2894f91ba7bc63d7bf8016f77b1e5ae024e84f3b,0.343,499,9,507,513,18,457,462,2.911E-82,282,0.973,0.952,c766002226ae6ddcb8db122d2894f91ba7bc63d7bf8016f77b1e5ae024e84f3b,0.343,499,9,507,513,18,457,462,2.911E-82,282,0.973,0.952,30_to_50pct,True
61d65769df728438a42711be2919582bd7bd8e43cf3e2bca2a34cd8cbe86be5e,0,,,,,,,,,,,,,,,,,,,,,,,,,,,no_qualifying_hit,False
61ee0eac58ad6ce9e905c8e262d04fccc65feb77248a62fae76241c960110ebc,1,61ee0eac58ad6ce9e905c8e262d04fccc65feb77248a62fae76241c960110ebc,1.000,464,1,464,464,1,464,464,1.317E-283,863,1.000,1.000,61ee0eac58ad6ce9e905c8e262d04fccc65feb77248a62fae76241c960110ebc,1.000,464,1,464,464,1,464,464,1.317E-283,863,1.000,1.000,at_least_80pct,True
622cee8133989c66164cfb39c4aec42af72ff88ad0a131e563d3058d640fc284,0,,,,,,,,,,,,,,,,,,,,,,,,,,,no_qualifying_hit,False
6236c5dbb8e91187ae7e67daf2e92980f823cec646fa1557d7034e2105079842,0,,,,,,,,,,,,,,,,,,,,,,,,,,,no_qualifying_hit,False
62aaa681a0ec2fd3ccbe91d18b01794a17465d90526d5a8762641fd2fbbbd4a7,0,,,,,,,,,,,,,,,,,,,,,,,,,,,no_qualifying_hit,False
63225c5d2b28d21f9b8fc16fc88366305bcc324c699f2d8369635200676f224e,0,,,,,,,,,,,,,,,,,,,,,,,,,,,no_qualifying_hit,False
63adc03f081ad31a44229c5392eb9ba201b392eeb0eeb4f184dba24a82512e71,0,,,,,,,,,,,,,,,,,,,,,,,,,,,no_qualifying_hit,False
6450b68bc51d698da183658f496ed95c9c97f45d8147d7681f7991bc2f55c6fc,1,af9d0a0d9d335ee165532ecbc020f3e0ecb82944f3feba9df619e34c98bd1106,0.256,362,150,500,671,256,617,1025,2.295E-22,101,0.523,0.353,,,,,,,,,,,,,,no_qualifying_hit,False
6450e70b74402ca7e4a18cf0143622f3e4d14210e3ab439c46be82f8a7b492c2,0,,,,,,,,,,,,,,,,,,,,,,,,,,,no_qualifying_hit,False
6477d4308db581159fa0b4be93ff0b1ba06fff9b4f9a04acad112c2f11096b95,0,,,,,,,,,,,,,,,,,,,,,,,,,,,no_qualifying_hit,False
6493235e242fed09b307ea9cf0e1b2ff2e28fc785d808b8ca3df8f52be66c29a,0,,,,,,,,,,,,,,,,,,,,,,,,,,,no_qualifying_hit,False
649a229eae921d741baf4114c1cff79897471776badd21c099546f20776f1a1b,4,649a229eae921d741baf4114c1cff79897471776badd21c099546f20776f1a1b,1.000,297,1,297,297,1,297,297,3.849E-176,543,1.000,1.000,649a229eae921d741baf4114c1cff79897471776badd21c099546f20776f1a1b,1.000,297,1,297,297,1,297,297,3.849E-176,543,1.000,1.000,at_least_80pct,True
64caf17bb9310e78f2f931dc4d91cbb3a9aaf2e9a6a49e75650e0f3377045e47,0,,,,,,,,,,,,,,,,,,,,,,,,,,,no_qualifying_hit,False
6536bd18f0366739cbf66393cb67bb3ea93be03aea2e459cc63002e0c85da50e,0,,,,,,,,,,,,,,,,,,,,,,,,,,,no_qualifying_hit,False
6554f0474e5e3e9ce4d8a56283eacdad75e0758e9daaeb61b05df00bf5ff55b4,1,6554f0474e5e3e9ce4d8a56283eacdad75e0758e9daaeb61b05df00bf5ff55b4,1.000,972,1,972,972,1,972,972,0.000E+00,1952,1.000,1.000,6554f0474e5e3e9ce4d8a56283eacdad75e0758e9daaeb61b05df00bf5ff55b4,1.000,972,1,972,972,1,972,972,0.000E+00,1952,1.000,1.000,at_least_80pct,True
65cf0a1ef021b77cfe3c4bba1b28e7b01f71fab1a2bd70bdac1f31d493b86fce,0,,,,,,,,,,,,,,,,,,,,,,,,,,,no_qualifying_hit,False
66206d3c0bd1a7b0e2ef988d42fa28920b6ce8543f2c49e702b0c225d9cd3fe6,4,21dbe282b761906f986324f14e736b0bd1476ed644ef324fd37771e264def8ec,0.369,119,2,120,125,12,121,126,2.699E-16,72,0.952,0.873,21dbe282b761906f986324f14e736b0bd1476ed644ef324fd37771e264def8ec,0.369,119,2,120,125,12,121,126,2.699E-16,72,0.952,0.873,30_to_50pct,True
6636b343778afb2bcb875a23053af58bf110ab080927a4a2d09724a3281abc22,0,,,,,,,,,,,,,,,,,,,,,,,,,,,no_qualifying_hit,False
66ab80ecdaa2666e6464469ed00d298cc531a7b5b150949e2b8d0feb1b109522,2,b8331c9d9a0932943f3e870aff5093c941b335a7f72d2d0a45d6bc75671f5c01,0.704,703,1,495,495,1,703,703,3.583E-266,814,1.000,1.000,b8331c9d9a0932943f3e870aff5093c941b335a7f72d2d0a45d6bc75671f5c01,0.704,703,1,495,495,1,703,703,3.583E-266,814,1.000,1.000,50_to_80pct,True
66f8baafdada6e47812abf97bd95200e3139159ccdaf49097afc336d936c538d,2,a76c79399f6b968242f25a3617d088a67b36f945d990be99d28638247bf8f77b,0.286,119,16,134,244,7,105,304,4.299E-05,42,0.488,0.326,,,,,,,,,,,,,,no_qualifying_hit,False
670e5e97d922394fdf9fdfab6d224123c1ed097e2420228c56143b2b6e2a8783,12,670e5e97d922394fdf9fdfab6d224123c1ed097e2420228c56143b2b6e2a8783,1.000,329,1,329,329,1,329,329,1.356E-215,659,1.000,1.000,670e5e97d922394fdf9fdfab6d224123c1ed097e2420228c56143b2b6e2a8783,1.000,329,1,329,329,1,329,329,1.356E-215,659,1.000,1.000,at_least_80pct,True
6776effe8f1b4edd85f1edc4c62f68ed66ddcfff24f425f929306785d5cc6708,0,,,,,,,,,,,,,,,,,,,,,,,,,,,no_qualifying_hit,False
67b2ca06330b8790afeaa4e88f4bc9ebf6461c3feddc476cb9ec76d97e4834c8,3,649a229eae921d741baf4114c1cff79897471776badd21c099546f20776f1a1b,0.996,283,1,283,312,1,283,297,2.126E-166,516,0.907,0.953,649a229eae921d741baf4114c1cff79897471776badd21c099546f20776f1a1b,0.996,283,1,283,312,1,283,297,2.126E-166,516,0.907,0.953,at_least_80pct,True
67c8aba04170e4624d71b16230872755eebb0fe1eb54bcd4c566de7f2d936af3,1,67c8aba04170e4624d71b16230872755eebb0fe1eb54bcd4c566de7f2d936af3,1.000,178,1,178,178,1,178,178,3.391E-121,377,1.000,1.000,67c8aba04170e4624d71b16230872755eebb0fe1eb54bcd4c566de7f2d936af3,1.000,178,1,178,178,1,178,178,3.391E-121,377,1.000,1.000,at_least_80pct,True
684cce45a2ade838dc6227e72d94b721c66a418ef6a3152f6797e0458b683c77,0,,,,,,,,,,,,,,,,,,,,,,,,,,,no_qualifying_hit,False
68e0f0ea55a79be1c15cc87e7e78ffded3e6020b10752f1fb477fa7e8326676a,0,,,,,,,,,,,,,,,,,,,,,,,,,,,no_qualifying_hit,False
69015ce85d2df834dc2396f20eec97c17ee81981532b7dcc6fc1c4174933c028,0,,,,,,,,,,,,,,,,,,,,,,,,,,,no_qualifying_hit,False
69f47dbc34fe6a605ef0c95bab934c68b1ff501cf327408f9c86b7c5857661f8,0,,,,,,,,,,,,,,,,,,,,,,,,,,,no_qualifying_hit,False
6a044b7e6d0a009ddd920c43bd436a965c18d3525c2a5608f913cf3df2d00050,1,6a044b7e6d0a009ddd920c43bd436a965c18d3525c2a5608f913cf3df2d00050,1.000,185,1,185,185,1,185,185,6.716E-118,368,1.000,1.000,6a044b7e6d0a009ddd920c43bd436a965c18d3525c2a5608f913cf3df2d00050,1.000,185,1,185,185,1,185,185,6.716E-118,368,1.000,1.000,at_least_80pct,True
6a83d605096eb2b49493ebfc3ffe6d3bd535ca59badbe00d4d2cfc99e1b01b49,23,a825edd0a9cbc5e62ed57d3da54c9605aedc3c76426ee1e1e49b5445148772d2,0.373,501,1,363,366,1,501,508,3.855E-69,237,0.992,0.986,a825edd0a9cbc5e62ed57d3da54c9605aedc3c76426ee1e1e49b5445148772d2,0.373,501,1,363,366,1,501,508,3.855E-69,237,0.992,0.986,30_to_50pct,True
6a8ff7ec34a0013910a50682281404cd2bfbf4ceef4572cf790ac097fc8a85ae,0,,,,,,,,,,,,,,,,,,,,,,,,,,,no_qualifying_hit,False
6a95d057c99847ad527f941644728c4ea7b8845f40608e257e6e625d154d0650,1,6a95d057c99847ad527f941644728c4ea7b8845f40608e257e6e625d154d0650,1.000,594,1,594,594,1,594,594,0.000E+00,1123,1.000,1.000,6a95d057c99847ad527f941644728c4ea7b8845f40608e257e6e625d154d0650,1.000,594,1,594,594,1,594,594,0.000E+00,1123,1.000,1.000,at_least_80pct,True
6aaa74ca590aba95744e48f3257a5743fdae6e5ab866bd790734c60003401b58,0,,,,,,,,,,,,,,,,,,,,,,,,,,,no_qualifying_hit,False
6ad5e24b54ce6268929182245f5dd6354ad0deb48b83a789580c320c7e7a03f2,76,c467d6dd089c9200c86666823ce9767cd208b60339f0c35f182ba91ec7672a2d,0.527,202,5,206,206,6,200,200,8.285E-64,214,0.981,0.975,c467d6dd089c9200c86666823ce9767cd208b60339f0c35f182ba91ec7672a2d,0.527,202,5,206,206,6,200,200,8.285E-64,214,0.981,0.975,50_to_80pct,True
6b474f3e229ef18ed064b31b5fafac1682f0a2b6ec3d419985f8e0ba480dd8f4,1,d0303f82e1d92bc28ab7cfe1d5cf980cd15f4741a3f323e37dcab99d25221c94,1.000,152,1,152,152,44,195,195,5.015E-98,309,1.000,0.779,,,,,,,,,,,,,,no_qualifying_hit,False
6c03d0fa4b74a357bf90566d2052d87d6ad7cc08947b4b71769bf9a578160947,2,6c03d0fa4b74a357bf90566d2052d87d6ad7cc08947b4b71769bf9a578160947,1.000,622,1,622,622,1,622,622,0.000E+00,1288,1.000,1.000,6c03d0fa4b74a357bf90566d2052d87d6ad7cc08947b4b71769bf9a578160947,1.000,622,1,622,622,1,622,622,0.000E+00,1288,1.000,1.000,at_least_80pct,True
6c258b7dcc53320b04c2cfd2fc85ec1305344c44d33967d66e122aeb52cc02c5,1,019db8a168c528c5ccdee2b125ff0e61c44ec9b9db4df8a4d69d47ba91536d4e,0.262,803,104,778,812,41,843,913,3.645E-65,239,0.831,0.880,019db8a168c528c5ccdee2b125ff0e61c44ec9b9db4df8a4d69d47ba91536d4e,0.262,803,104,778,812,41,843,913,3.645E-65,239,0.831,0.880,below_30pct,False
6c99bdb2cfe27e7d7da720e30ec5946af7801ab766d7f0c1913c03f9a992c6f6,0,,,,,,,,,,,,,,,,,,,,,,,,,,,no_qualifying_hit,False
6d781e4909798a15fe72362e63e65068dee1ecaaa4b5d6f9449472baf651fd88,0,,,,,,,,,,,,,,,,,,,,,,,,,,,no_qualifying_hit,False
6debccd1f24706aebf14226d63bc9ed32385551bfa83ba868dc4752f9ce69603,2,7c484dd6e4ba3df9fd26860f8984359b155f909aa96c5cb064d90f24c11c0ad2,0.266,336,380,695,920,105,440,621,1.158E-20,96,0.343,0.541,,,,,,,,,,,,,,no_qualifying_hit,False
6e20b7a12ec8ebb817527b3def99fd21f5843ca5eceb6a7d2b5fe7df47b14920,5,bc510befd27fd42cb2f578bf430c05cecbde0e650ff593efb7c1af6450c7421c,0.898,593,1,533,533,1,593,593,0.000E+00,1057,1.000,1.000,bc510befd27fd42cb2f578bf430c05cecbde0e650ff593efb7c1af6450c7421c,0.898,593,1,533,533,1,593,593,0.000E+00,1057,1.000,1.000,at_least_80pct,True
6e6dec85b97e08bb7e3ed94e53f237eb95085271214edb62c4f83e3bdccb29be,0,,,,,,,,,,,,,,,,,,,,,,,,,,,no_qualifying_hit,False
6eb208760ce5fa3e48e548647b91168106c95c2f1c54dbfbc90d0694bfe75b2a,2,6eb208760ce5fa3e48e548647b91168106c95c2f1c54dbfbc90d0694bfe75b2a,1.000,177,1,177,177,1,177,177,1.274E-101,321,1.000,1.000,6eb208760ce5fa3e48e548647b91168106c95c2f1c54dbfbc90d0694bfe75b2a,1.000,177,1,177,177,1,177,177,1.274E-101,321,1.000,1.000,at_least_80pct,True
6eb9cd00c6581923c867dc8c7637600169322f3b2440dd0779af2ef9909ce152,1,abc9f96c6b2e2db222c6e55e050d98cc972512ce3f88ea6be9cb2d56aadbf358,0.295,620,4,623,623,3,596,597,8.889E-77,269,0.995,0.995,abc9f96c6b2e2db222c6e55e050d98cc972512ce3f88ea6be9cb2d56aadbf358,0.295,620,4,623,623,3,596,597,8.889E-77,269,0.995,0.995,below_30pct,False
6ec65974af9c32f434b6ad4ce621d4c0e53e708f157475b94a9e4fd64de30d29,5,aad054cca5aa1d82399908785b05e10ca451bd13b1a7f2604b94a71110583d3a,0.381,565,169,733,971,295,798,904,1.005E-89,318,0.582,0.558,,,,,,,,,,,,,,no_qualifying_hit,False
6ee596dcdbe8cd2702de3937eeb7d6d4235bc696a1ad32a6a66e81fbd2d6ee32,0,,,,,,,,,,,,,,,,,,,,,,,,,,,no_qualifying_hit,False
6ee5ffb0a15eacdbc50e235bcfe8f1e56ad8f1dac3fbd9184e6ddd42badf6957,2,6ee5ffb0a15eacdbc50e235bcfe8f1e56ad8f1dac3fbd9184e6ddd42badf6957,1.000,412,1,412,412,1,412,412,8.983E-279,846,1.000,1.000,6ee5ffb0a15eacdbc50e235bcfe8f1e56ad8f1dac3fbd9184e6ddd42badf6957,1.000,412,1,412,412,1,412,412,8.983E-279,846,1.000,1.000,at_least_80pct,True
6ef824ed27428219bde770518b4cc0337bc088f38a807514f08f15d8dade1702,2,6ef824ed27428219bde770518b4cc0337bc088f38a807514f08f15d8dade1702,1.000,351,1,351,351,1,351,351,8.831E-214,655,1.000,1.000,6ef824ed27428219bde770518b4cc0337bc088f38a807514f08f15d8dade1702,1.000,351,1,351,351,1,351,351,8.831E-214,655,1.000,1.000,at_least_80pct,True
6f49ffe07208eb1a3d9b63e0729d85a3f50f5b5b04fc8888a0f955bf90ce28bb,3,6f49ffe07208eb1a3d9b63e0729d85a3f50f5b5b04fc8888a0f955bf90ce28bb,1.000,349,1,349,349,1,349,349,1.372E-225,689,1.000,1.000,6f49ffe07208eb1a3d9b63e0729d85a3f50f5b5b04fc8888a0f955bf90ce28bb,1.000,349,1,349,349,1,349,349,1.372E-225,689,1.000,1.000,at_least_80pct,True
6f917aba1a66a4c64d1252919badfe054a3690a7ea6f7aee1d9f3adda42a7932,0,,,,,,,,,,,,,,,,,,,,,,,,,,,no_qualifying_hit,False
6fbc2273dfe1c896c65f78350e3da93c234ffae97188424bdabdc380772fde9c,1,bbc4e59d9fdcfc2554da096c3dd963f94eec4d00d3da214eebbf1e69662f9122,0.620,58,47,104,275,105,162,179,5.734E-15,74,0.211,0.324,,,,,,,,,,,,,,no_qualifying_hit,False
6fcd7510546f6916475197b4cc685730be47749ee22261b24813a38c97516602,1,6fcd7510546f6916475197b4cc685730be47749ee22261b24813a38c97516602,1.000,115,1,115,115,1,115,115,2.969E-74,239,1.000,1.000,6fcd7510546f6916475197b4cc685730be47749ee22261b24813a38c97516602,1.000,115,1,115,115,1,115,115,2.969E-74,239,1.000,1.000,at_least_80pct,True
7035a7036221be36302b81c45659c409055e67d574252b3ca1cbae8dc9496661,0,,,,,,,,,,,,,,,,,,,,,,,,,,,no_qualifying_hit,False
70aa174a44771812cb4fb908fdb291708f563e2126dd377493b5cbbeef5ecd79,74,70aa174a44771812cb4fb908fdb291708f563e2126dd377493b5cbbeef5ecd79,1.000,380,1,380,380,1,380,380,1.266E-258,786,1.000,1.000,70aa174a44771812cb4fb908fdb291708f563e2126dd377493b5cbbeef5ecd79,1.000,380,1,380,380,1,380,380,1.266E-258,786,1.000,1.000,at_least_80pct,True
70b8916186c93b74299b1e1f46aa3bb963bcdcb795fba16e50ac367ff84d4859,1,70b8916186c93b74299b1e1f46aa3bb963bcdcb795fba16e50ac367ff84d4859,1.000,368,1,368,368,1,368,368,1.320E-222,681,1.000,1.000,70b8916186c93b74299b1e1f46aa3bb963bcdcb795fba16e50ac367ff84d4859,1.000,368,1,368,368,1,368,368,1.320E-222,681,1.000,1.000,at_least_80pct,True
70c22da27e20837f5fab2ef1c45b2defc359c2576ff73f7bea939c30e38dc932,3,b6c1180165210e8b71bfd8e071af04b7477e83a8fc78e0c298f06f816a958331,0.269,453,12,464,513,5,447,478,2.144E-37,147,0.883,0.927,b6c1180165210e8b71bfd8e071af04b7477e83a8fc78e0c298f06f816a958331,0.269,453,12,464,513,5,447,478,2.144E-37,147,0.883,0.927,below_30pct,False
70e1d9d730f6b016999c943d926e0f8ea7ead97cd4c72d543258d0c44e7e1f62,1,d5321933af6e363d62157c8b61f5ff45b1dc8e1386997e0e5498822cb9cc7520,0.239,157,468,622,914,59,215,436,4.834E-06,48,0.170,0.360,,,,,,,,,,,,,,no_qualifying_hit,False
70ef80e763b48aea6bb8af2b670fd584f2d8f2f68f922d12aee5686ee2f10d32,1,65cdd78acb6eaa23f9374dc94f6a25449a9577ae8f5a686acb283b099a8b9362,0.717,131,22,152,156,30,159,167,7.069E-59,197,0.840,0.778,,,,,,,,,,,,,,no_qualifying_hit,False
721d0a537e0eacf2e0b45801c342a995fb3bb1231d5d854f393dae0bb717a9ad,0,,,,,,,,,,,,,,,,,,,,,,,,,,,no_qualifying_hit,False
722e3c7971794b470b7ce8b7a6541f280ef3d31805f3f003d4f1c0a966d10da6,1,d454cb1f9e2b4861d14243d6f28417b653d0ddad69afe26e92a941195d86a048,0.314,70,21,90,101,356,416,419,8.030E-04,35,0.693,0.146,,,,,,,,,,,,,,no_qualifying_hit,False
726f87807bfdb7c2e2eb9afd54ef409c5c976f386bb47ca6b0cde77fe97d92b8,0,,,,,,,,,,,,,,,,,,,,,,,,,,,no_qualifying_hit,False
72f65457ba6c8f2e5b7393faa282ef4da19c7e98e5caf6552f99172db8adc886,2,63d25c2fe3ac8175c550652a29822a36509351fadaae2718225da7e895fd6eb7,0.774,388,1,361,361,1,388,388,1.766E-196,605,1.000,1.000,63d25c2fe3ac8175c550652a29822a36509351fadaae2718225da7e895fd6eb7,0.774,388,1,361,361,1,388,388,1.766E-196,605,1.000,1.000,50_to_80pct,True
735932890a9858447fc3194b5a7486a58ce4576eb90ee1f62e7829f22915d564,6,902f693e3a2c631f5ccb8c2eb5931aab72a1ad8d09c8ff75d92f9eaf9aebcbe5,0.231,272,14,285,615,2103,2351,2627,8.860E-06,47,0.442,0.095,,,,,,,,,,,,,,no_qualifying_hit,False
73921995f94dd7c44c99dba95f5b14081b0626ad46a6f92b65a4580a01b118ad,0,,,,,,,,,,,,,,,,,,,,,,,,,,,no_qualifying_hit,False
73c6bae04f279589a66c94a28fd5929a5ef8b82dac64ddd087c1749bd3f04144,3,6c6ed94c3749004085f88a1d007ba60d922e622495b4eacabf0ad0ed06a1cfb8,0.276,482,84,564,592,15,496,501,5.848E-36,144,0.812,0.962,6c6ed94c3749004085f88a1d007ba60d922e622495b4eacabf0ad0ed06a1cfb8,0.276,482,84,564,592,15,496,501,5.848E-36,144,0.812,0.962,below_30pct,False
73cf91b825d65f3704894d9f81c355f1a894c81ffd0aa25aedc6175b7ce40d8b,2,b3be984c6cce8fa2a672ef854e0b4391fc86c03721b6e88cf3026593b9aa1235,1.000,909,1,909,937,1,909,966,0.000E+00,1811,0.970,0.941,b3be984c6cce8fa2a672ef854e0b4391fc86c03721b6e88cf3026593b9aa1235,1.000,909,1,909,937,1,909,966,0.000E+00,1811,0.970,0.941,at_least_80pct,True
73fd41f5dad0efa842440a2f531f14a563b89d97338c0524e29116e6f13315dd,10,a9be1b55d04ccd33c03323c487706e0da21f1560bb2f94ac65408ebc796fde7e,0.272,114,117,223,470,62,175,301,2.305E-08,55,0.228,0.379,,,,,,,,,,,,,,no_qualifying_hit,False
74f9d41ae60efe3bec10aa5cd1a84fcb1dcb1af7fdde5301d6063406c3cd0509,136,4cd6d2c5f2e848d0b26737fbb8e87d1c46b09a043399076bf735f8ed79a18ec1,1.000,478,1,478,478,1,478,499,0.000E+00,987,1.000,0.958,4cd6d2c5f2e848d0b26737fbb8e87d1c46b09a043399076bf735f8ed79a18ec1,1.000,478,1,478,478,1,478,499,0.000E+00,987,1.000,0.958,at_least_80pct,True
75af93d20ab47b3db8ac9f92e51e6c9d35bac0962561cfb2005a6c32e1736489,0,,,,,,,,,,,,,,,,,,,,,,,,,,,no_qualifying_hit,False
75dbcf7b501f11b51e78f6bcc120cafba1d7d19123aae8e4c713dc72829eef34,0,,,,,,,,,,,,,,,,,,,,,,,,,,,no_qualifying_hit,False
75f00efe46b76f5ba5702b3097ac9ab4df81cdd6aba29bb1ed826ec227372e8a,0,,,,,,,,,,,,,,,,,,,,,,,,,,,no_qualifying_hit,False
766ea931996923a7d4e6645cff3f30652117875267a98d0069d3936461f8310a,1,766ea931996923a7d4e6645cff3f30652117875267a98d0069d3936461f8310a,1.000,83,1,83,83,1,83,83,4.006E-49,164,1.000,1.000,766ea931996923a7d4e6645cff3f30652117875267a98d0069d3936461f8310a,1.000,83,1,83,83,1,83,83,4.006E-49,164,1.000,1.000,at_least_80pct,True
76896a1e9f4edf0e9e1a9728a1371aa90202108e5d2e3da65a3b0b7a0e44aa46,0,,,,,,,,,,,,,,,,,,,,,,,,,,,no_qualifying_hit,False
76a1b3b4f9a241cb2c1c2415ba7851b7f33e2803f817af8c553b845dcb76d2b4,18,0acc3c6c4249e66edff8cd9019efb3c850309ef4766bc16f8d641c5aa8dda725,0.270,158,65,218,522,10,167,551,5.124E-09,57,0.295,0.287,,,,,,,,,,,,,,no_qualifying_hit,False
76a342b0c5823445f3668344410f0b6e846297953ebd35becdc54e4ff38a2d36,13,78fcc8bac20a9bfe9e6f3d251260e270416170a9bec403e5c562330cb621192d,1.000,281,11,291,291,1,281,281,5.422E-189,580,0.966,1.000,78fcc8bac20a9bfe9e6f3d251260e270416170a9bec403e5c562330cb621192d,1.000,281,11,291,291,1,281,281,5.422E-189,580,0.966,1.000,at_least_80pct,True
77203673c8376d3383b533bd79a6b97914fb0e57ae4895aae1704b04c9344e6b,0,,,,,,,,,,,,,,,,,,,,,,,,,,,no_qualifying_hit,False
77d7614f974cce213707558c200d0d64d8cf9cbc8bf076e3675e759585162d00,2,b4a3064cf0def007d4ff859bd15022a4c187aa75603686157a043a1af85a9a01,1.000,481,1,481,492,1,481,536,7.770E-304,923,0.978,0.897,b4a3064cf0def007d4ff859bd15022a4c187aa75603686157a043a1af85a9a01,1.000,481,1,481,492,1,481,536,7.770E-304,923,0.978,0.897,at_least_80pct,True
780d251ed00b92cb37c93ef140dff20c134fdb1e264431f711c1e38e3db28354,0,,,,,,,,,,,,,,,,,,,,,,,,,,,no_qualifying_hit,False
7826f7cdb6912b7a17f1c5fd3b415c78c820023bf26b19e1126d0df137deed50,4,35c1e15113e082e8c23f026ab8d75e7110dbaf0e65f748cf3db6cc51babe1f49,0.537,54,131,184,551,243,296,397,8.098E-14,73,0.098,0.136,,,,,,,,,,,,,,no_qualifying_hit,False
786aa563767b0f49961cd72c56fceec9ba2226e3ec11b8a4509826570cb5dd08,0,,,,,,,,,,,,,,,,,,,,,,,,,,,no_qualifying_hit,False
7894000f849307026487985d3bec58658b35ad5e77f23f1d57ac6cdf78cc4c93,0,,,,,,,,,,,,,,,,,,,,,,,,,,,no_qualifying_hit,False
78c91608de09fc16163117d19031ad8140daefee3edd007555a25e12373b5929,0,,,,,,,,,,,,,,,,,,,,,,,,,,,no_qualifying_hit,False
7937ac84be7602ae8fb5d7bbda5fa6040303193c4389a0093d993141520e1cfe,0,,,,,,,,,,,,,,,,,,,,,,,,,,,no_qualifying_hit,False
79644f4a362da3c71b2ff73025b7a4b39ffb7d49ac72481de474228acf666670,8,7f780d23e9ee046254c4e7ee6bc667ceca7d8ea5132e143a43e15a5c793173ae,0.336,517,29,545,559,25,520,543,7.393E-81,279,0.925,0.913,7f780d23e9ee046254c4e7ee6bc667ceca7d8ea5132e143a43e15a5c793173ae,0.336,517,29,545,559,25,520,543,7.393E-81,279,0.925,0.913,30_to_50pct,True
7a10862348ccf9b2b0c8643226fe0024aab39f4c068e560405b043a0aa6b41b7,0,,,,,,,,,,,,,,,,,,,,,,,,,,,no_qualifying_hit,False
7a2354d25005b6b08e6bbc6958160f9f84e6b725a19a6ce23a29eaf2eb1d0fa4,7,7a2354d25005b6b08e6bbc6958160f9f84e6b725a19a6ce23a29eaf2eb1d0fa4,1.000,551,1,551,551,1,551,551,0.000E+00,1154,1.000,1.000,7a2354d25005b6b08e6bbc6958160f9f84e6b725a19a6ce23a29eaf2eb1d0fa4,1.000,551,1,551,551,1,551,551,0.000E+00,1154,1.000,1.000,at_least_80pct,True
7a817c7d1de8984aa03c6ef59b8f841f384d3142002c8e631e9fd32d9360d288,0,,,,,,,,,,,,,,,,,,,,,,,,,,,no_qualifying_hit,False
7a913dc11e604d91bd2491f2d95ee2c1e27dcf8483c686539ac8a1ce405b5784,3,bb46017cc79a66f55fd835d02dfd22ffa0e1c6e4374a7e9bd0810bab77f51f12,0.349,103,28,130,633,50,151,502,4.279E-10,61,0.163,0.203,,,,,,,,,,,,,,no_qualifying_hit,False
7a998514e46316bbb97ac697907a0d5a165971d0ba25637c62dd03783492058b,1,21fb290ff4fa6abb8876369bd5e3307547ec011b187c4900c9c08fa3d9917ea1,0.770,74,304,376,395,965,1038,1073,6.125E-24,104,0.185,0.069,,,,,,,,,,,,,,no_qualifying_hit,False
7b111e1fca2d41d03ec57f6beffa5ceaa44ae4f077394b8991c22a7185ed0d94,0,,,,,,,,,,,,,,,,,,,,,,,,,,,no_qualifying_hit,False
7b417742f7a3546e0fed95a75f0124ab86fc3f4e245ca940b65392ac35731e22,0,,,,,,,,,,,,,,,,,,,,,,,,,,,no_qualifying_hit,False
7b5f752a52bc9ea7edce036e6c31727f5fcd1403011f16431748fbafac0afccb,141,652e9b375dbfa639eace1fcaeab438211e2b79b1d49c40add44ead3710e65990,0.488,262,94,355,367,33,293,309,1.392E-84,282,0.714,0.845,,,,,,,,,,,,,,no_qualifying_hit,False
7b97ac678d5579bbefcc0ee4e2fc540c679495239f28dd2f856a28d9129c5db8,19,7b97ac678d5579bbefcc0ee4e2fc540c679495239f28dd2f856a28d9129c5db8,1.000,318,1,318,318,1,318,318,1.354E-204,626,1.000,1.000,7b97ac678d5579bbefcc0ee4e2fc540c679495239f28dd2f856a28d9129c5db8,1.000,318,1,318,318,1,318,318,1.354E-204,626,1.000,1.000,at_least_80pct,True
7bb8af73220bec6dfc39bf2c002b114b5eb9ee156cab590b0c8fd8ac0ab11639,0,,,,,,,,,,,,,,,,,,,,,,,,,,,no_qualifying_hit,False
7bf7fd518c9c0e59a317d61fe30c348b0a47ffc9f4e1b7ae1895ef0ecb99894e,1,7bf7fd518c9c0e59a317d61fe30c348b0a47ffc9f4e1b7ae1895ef0ecb99894e,1.000,242,1,242,242,1,242,242,1.484E-170,524,1.000,1.000,7bf7fd518c9c0e59a317d61fe30c348b0a47ffc9f4e1b7ae1895ef0ecb99894e,1.000,242,1,242,242,1,242,242,1.484E-170,524,1.000,1.000,at_least_80pct,True
7c1ee10e0e05c8c79cde422260f801e235e26fd6b08ead973b77b4dc98f24a4d,0,,,,,,,,,,,,,,,,,,,,,,,,,,,no_qualifying_hit,False
7c264343daf69541240ea039ec5c4c59433eec6c2adbc353acb93b7bf5b3a3fb,0,,,,,,,,,,,,,,,,,,,,,,,,,,,no_qualifying_hit,False
7c46d381ed1556456f96faaf5db2eeb523ff96957d0839542aafaa89266ac479,0,,,,,,,,,,,,,,,,,,,,,,,,,,,no_qualifying_hit,False
7c91f1f086341552bfab3febf4089993ec46b55e5c490603ccd9b28746658d2c,4,7c91f1f086341552bfab3febf4089993ec46b55e5c490603ccd9b28746658d2c,1.000,597,1,597,597,1,597,597,0.000E+00,1216,1.000,1.000,7c91f1f086341552bfab3febf4089993ec46b55e5c490603ccd9b28746658d2c,1.000,597,1,597,597,1,597,597,0.000E+00,1216,1.000,1.000,at_least_80pct,True
7cbc81efa794964d6be07957c0f078c96abbc9400c8910c29b5039460c43ec14,0,,,,,,,,,,,,,,,,,,,,,,,,,,,no_qualifying_hit,False
7d4293566a649f9d1e60ab47b1e12239420f265de144d6fb67664786ef23fa07,11,00a3061b1999f70db08972e8ddfa7d76ebb4aef833a5b6e358be2082fcb00b95,0.222,594,173,602,645,46,639,1832,3.919E-23,104,0.667,0.324,,,,,,,,,,,,,,no_qualifying_hit,False
7d4d4abe84d3cb5874551c87a3ca852f47d5a52d8e61f9689dedf3cf52692e85,1,7d4d4abe84d3cb5874551c87a3ca852f47d5a52d8e61f9689dedf3cf52692e85,1.000,406,1,406,406,1,406,406,1.920E-266,810,1.000,1.000,7d4d4abe84d3cb5874551c87a3ca852f47d5a52d8e61f9689dedf3cf52692e85,1.000,406,1,406,406,1,406,406,1.920E-266,810,1.000,1.000,at_least_80pct,True
7d5cb3733692b3135d35a76a311794606f45266974b077e6012b85d3bfbf139c,0,,,,,,,,,,,,,,,,,,,,,,,,,,,no_qualifying_hit,False
7dc4708662d15148f5772b99749628e83af2ad99f2d44c972eaa01918669e6ac,2,7dc4708662d15148f5772b99749628e83af2ad99f2d44c972eaa01918669e6ac,1.000,694,1,694,694,1,694,694,0.000E+00,1405,1.000,1.000,7dc4708662d15148f5772b99749628e83af2ad99f2d44c972eaa01918669e6ac,1.000,694,1,694,694,1,694,694,0.000E+00,1405,1.000,1.000,at_least_80pct,True
7e2bca7a09296f3f36739ec611bc51265c63bf84e857c08ff583d9e5cb72ed67,2,7e2bca7a09296f3f36739ec611bc51265c63bf84e857c08ff583d9e5cb72ed67,1.000,703,1,703,703,1,703,703,0.000E+00,1332,1.000,1.000,7e2bca7a09296f3f36739ec611bc51265c63bf84e857c08ff583d9e5cb72ed67,1.000,703,1,703,703,1,703,703,0.000E+00,1332,1.000,1.000,at_least_80pct,True
7e78203342500e06039c9d4cdb829c982086a394c8f4ff712881ddf10735fc6f,0,,,,,,,,,,,,,,,,,,,,,,,,,,,no_qualifying_hit,False
7e7928b81977faf53c3dbd02af215e838bdeb3fc9f7cc7e10e16da0b79a82362,0,,,,,,,,,,,,,,,,,,,,,,,,,,,no_qualifying_hit,False
7eeab94ed604cbadbfb058971264265c8c870a5079631016d98b2831d6d7ae2b,0,,,,,,,,,,,,,,,,,,,,,,,,,,,no_qualifying_hit,False
7f50e78925797f83da833536ea9c4fb101228706c6e3adb6b168e5303bce7667,2,7f50e78925797f83da833536ea9c4fb101228706c6e3adb6b168e5303bce7667,1.000,586,1,586,586,1,586,586,0.000E+00,1200,1.000,1.000,7f50e78925797f83da833536ea9c4fb101228706c6e3adb6b168e5303bce7667,1.000,586,1,586,586,1,586,586,0.000E+00,1200,1.000,1.000,at_least_80pct,True
7fa6f18d80bb542a172979d8a8eb9b817b2646589a64adb004b1ff532f4c9e10,0,,,,,,,,,,,,,,,,,,,,,,,,,,,no_qualifying_hit,False
7fc2f3941c508b6034b09b53c000d57fa81c32f42d18649bd87a656b7f06efcc,1,f187be83f4e7d2d080b8f80983d1d579ce138c08bee711c82ad4c41085f9ff32,0.864,519,1,469,469,1,519,519,1.335E-284,866,1.000,1.000,f187be83f4e7d2d080b8f80983d1d579ce138c08bee711c82ad4c41085f9ff32,0.864,519,1,469,469,1,519,519,1.335E-284,866,1.000,1.000,at_least_80pct,True
7fcd1657678b3474b5602076af6d970729077114fd912164b20e8f95b40da8a8,0,,,,,,,,,,,,,,,,,,,,,,,,,,,no_qualifying_hit,False
7ffa90d068414a84390cd602ec255cf28094eda9c8d97bd153788a92f1e72bff,0,,,,,,,,,,,,,,,,,,,,,,,,,,,no_qualifying_hit,False
805bfa17ffba3f8cf1e882fe571d2c7f2ff23028ce261405e1d1306d43494227,1,74ea1e136e40bf99f4a8efe8abdf8901268bc2fffd2fe5d1958f25a3d15d4ac5,0.343,132,6,137,140,1,127,131,2.205E-12,62,0.943,0.969,74ea1e136e40bf99f4a8efe8abdf8901268bc2fffd2fe5d1958f25a3d15d4ac5,0.343,132,6,137,140,1,127,131,2.205E-12,62,0.943,0.969,30_to_50pct,True
810f4441416db33eb6e70e284ba03a7d064634ba45ec09161cd9f5eedcbf85fc,0,,,,,,,,,,,,,,,,,,,,,,,,,,,no_qualifying_hit,False
8112e88c1a8cb3db2f17a3a704d155a5824dad0e5771e4b89e4a90ef07f157b6,3,8112e88c1a8cb3db2f17a3a704d155a5824dad0e5771e4b89e4a90ef07f157b6,1.000,313,1,313,313,1,313,313,1.017E-210,644,1.000,1.000,8112e88c1a8cb3db2f17a3a704d155a5824dad0e5771e4b89e4a90ef07f157b6,1.000,313,1,313,313,1,313,313,1.017E-210,644,1.000,1.000,at_least_80pct,True
81166015553ac2ddf83832877e48b18547b7cb525ce62740f5f08c7932055cfa,0,,,,,,,,,,,,,,,,,,,,,,,,,,,no_qualifying_hit,False
815e86fd1caa0dbb787260fdc704f571808c3f041541beadf01afe49cc1d5cec,0,,,,,,,,,,,,,,,,,,,,,,,,,,,no_qualifying_hit,False
819c9375ca8203a769c0057f7559e710fe631aed473659d15334841a9cb908e5,2,819c9375ca8203a769c0057f7559e710fe631aed473659d15334841a9cb908e5,1.000,218,1,218,218,1,218,218,5.491E-146,451,1.000,1.000,819c9375ca8203a769c0057f7559e710fe631aed473659d15334841a9cb908e5,1.000,218,1,218,218,1,218,218,5.491E-146,451,1.000,1.000,at_least_80pct,True
823a71d794af545039e9130e2c1cfc6da472e8e1f1dbe4334017573becd853ea,0,,,,,,,,,,,,,,,,,,,,,,,,,,,no_qualifying_hit,False
824d0d4e2beab36fa2735a1abda528386082296cab74d18d63665ff9b79b292b,4,57f8013fce15aa580c1c618f1fb4f45d76af5361d9190eb56bbbebf5997999d1,0.439,326,122,447,449,32,353,354,1.826E-85,288,0.726,0.910,,,,,,,,,,,,,,no_qualifying_hit,False
8255dbc9cfadfa779b80e3d74c0e1cabd2b7f1234ccb975c212b721ac4edbc7e,10,8e1d36d4b1038ccaf303aa8436b7ac0311378f879102f51b93d4700230e9a905,0.973,371,1,371,371,1,361,361,1.523E-235,719,1.000,1.000,8e1d36d4b1038ccaf303aa8436b7ac0311378f879102f51b93d4700230e9a905,0.973,371,1,371,371,1,361,361,1.523E-235,719,1.000,1.000,at_least_80pct,True
826467007a12665214ad154d615c924d25a34c1e5a043dba21503d64697076da,7,a88a85bbb17a72f8772898d3d4dfa637342f4a5cf9ea0f813d22a23e239d2ce0,0.594,518,11,528,528,24,539,539,4.075E-197,616,0.981,0.957,a88a85bbb17a72f8772898d3d4dfa637342f4a5cf9ea0f813d22a23e239d2ce0,0.594,518,11,528,528,24,539,539,4.075E-197,616,0.981,0.957,50_to_80pct,True
8280ef09730084d1cd863a24dcd56afaf6693dd6a87d649943994a19b556b857,0,,,,,,,,,,,,,,,,,,,,,,,,,,,no_qualifying_hit,False
82b454435b345a6b083e1bafae1717b694a0ea8e9702d44ce19d2bb8f40cae42,0,,,,,,,,,,,,,,,,,,,,,,,,,,,no_qualifying_hit,False
82c0a3031038ef6aa7146b8caba871a1b0501b92ed75fe0f2ca02dcbbd2b748d,2,82c0a3031038ef6aa7146b8caba871a1b0501b92ed75fe0f2ca02dcbbd2b748d,1.000,225,1,225,225,1,225,225,2.040E-152,470,1.000,1.000,82c0a3031038ef6aa7146b8caba871a1b0501b92ed75fe0f2ca02dcbbd2b748d,1.000,225,1,225,225,1,225,225,2.040E-152,470,1.000,1.000,at_least_80pct,True
8310cae8a74bc05a80806650e6bc69925a7f5316350e1462694dca8da8d2a22e,0,,,,,,,,,,,,,,,,,,,,,,,,,,,no_qualifying_hit,False
8320475e2b154fd52ff2a3b1267f8e5d6237d1dc94e4864fec2b1ea569605946,0,,,,,,,,,,,,,,,,,,,,,,,,,,,no_qualifying_hit,False
83ac26de14da9d2510d9076aecd91d0c7b5018cbb3956a6c1a600b1b04c7f067,2,2f698d2c6518bfbf39f1a2d03e7b3181bf8c1551d42a972586af43d25a6ff06e,0.270,144,92,235,256,198,339,1604,1.960E-08,53,0.562,0.089,,,,,,,,,,,,,,no_qualifying_hit,False
83dfebb705017c3883a033060750d6fd8981a42f120d1f1597981dafdfb21ada,2,49058e778db430aa4df8b3d0d086bd7393f0be132efbe5b75ed64fd340f62dc4,0.989,577,1,571,571,1,577,577,0.000E+00,1049,1.000,1.000,49058e778db430aa4df8b3d0d086bd7393f0be132efbe5b75ed64fd340f62dc4,0.989,577,1,571,571,1,577,577,0.000E+00,1049,1.000,1.000,at_least_80pct,True
8461dea7357d3ed4d2df311354bf418418b651f6a417438a2d277a03d5fdf4fa,8,995ac325562c0f704e0db28a52d90e42d5c068a010151925cdb5da6ef5034b33,0.402,80,102,181,424,383,461,480,5.051E-10,60,0.189,0.165,,,,,,,,,,,,,,no_qualifying_hit,False
848fa9c62b163184fa88c845d363d8bfb31e954e47bfe671059720febdb3afc2,19,0109d7827258db081cc89240a49da2500deec2eff44b1896903344e0075a54be,0.882,314,1,314,314,1,314,314,1.245E-179,554,1.000,1.000,0109d7827258db081cc89240a49da2500deec2eff44b1896903344e0075a54be,0.882,314,1,314,314,1,314,314,1.245E-179,554,1.000,1.000,at_least_80pct,True
84911d713ee7b808f977aa96fbeeb4bd35cf84d5107608007cec33b511c410d0,0,,,,,,,,,,,,,,,,,,,,,,,,,,,no_qualifying_hit,False
849807281968ca7b1d3eabfe081068fe75f748f349204e80934d9b3a453f79a3,2,a49fe51765a07ff9d90832417c2602e7a5c7d1f40185f6666ee61608dd2e988e,0.551,183,26,208,213,20,200,205,1.159E-54,188,0.859,0.883,a49fe51765a07ff9d90832417c2602e7a5c7d1f40185f6666ee61608dd2e988e,0.551,183,26,208,213,20,200,205,1.159E-54,188,0.859,0.883,50_to_80pct,True
84bca0bfcf0baaf04c82c70d8b6e1ce9b52634489d2fb766e24db3ff87dc8601,3,776427b75a348fffda20be3de6cbb24143aad5b89402b507b288885b3a6d31c6,0.224,376,22,377,521,16,391,493,7.067E-06,47,0.683,0.763,,,,,,,,,,,,,,no_qualifying_hit,False
84e313c4c37758f79a6587c01165cde7d72ff419d4a82443fd7b24cd1bd3f528,1,84e313c4c37758f79a6587c01165cde7d72ff419d4a82443fd7b24cd1bd3f528,1.000,510,1,510,510,1,510,510,0.000E+00,1019,1.000,1.000,84e313c4c37758f79a6587c01165cde7d72ff419d4a82443fd7b24cd1bd3f528,1.000,510,1,510,510,1,510,510,0.000E+00,1019,1.000,1.000,at_least_80pct,True
850d57dc7483bddb164850ade6f542e799164fe9fa958b502298da17e70acdcb,0,,,,,,,,,,,,,,,,,,,,,,,,,,,no_qualifying_hit,False
8556c66fad6b019f1047b7193a4e1c20fc0cb9a7128e2ab9f9c24119539b01ef,0,,,,,,,,,,,,,,,,,,,,,,,,,,,no_qualifying_hit,False
85db39f9da5eafd23e09fba4c393ebc0e72d46cd7e06167a2b744b27be31df6f,134,0d1841c359a41e74834cc9e93711528e794917a88ac14c7b102e4dc68a2cf888,0.753,666,1,503,503,1,666,666,1.476E-314,954,1.000,1.000,4cd6d2c5f2e848d0b26737fbb8e87d1c46b09a043399076bf735f8ed79a18ec1,0.844,503,1,503,503,1,478,499,1.422E-288,879,1.000,0.958,at_least_80pct,True
85dcd5871dfdeb57dcae53d0446978c992ec78de47a5bc1c3e5476b17ce02de9,1,f49de9ace7f3886f098a69cc99ec56315e8c726896206b784239a244eb99b514,0.506,154,1,154,157,1,143,144,5.588E-46,160,0.981,0.993,f49de9ace7f3886f098a69cc99ec56315e8c726896206b784239a244eb99b514,0.506,154,1,154,157,1,143,144,5.588E-46,160,0.981,0.993,50_to_80pct,True
85fc271b1d6b5812d61cfbb942b4fdd1dd7974c91c1550dcda620f88377454a0,4,30cd754dce6beb20268e9da04eac9106846431bd8e91426ae1561b1a2bbc1e8b,0.440,350,1,350,354,1,340,356,2.215E-87,289,0.989,0.955,30cd754dce6beb20268e9da04eac9106846431bd8e91426ae1561b1a2bbc1e8b,0.440,350,1,350,354,1,340,356,2.215E-87,289,0.989,0.955,30_to_50pct,True
860198da99b81c5e50b3ee482f07a1761d1ebdc425b91c9c353380fe20b309f8,0,,,,,,,,,,,,,,,,,,,,,,,,,,,no_qualifying_hit,False
8609467d1963a0bfe3f96740d649c68e1448b4f703454dd14f95321436432040,2,e61a39338511a29b08f5434cb1b951e1c9f7ad0b2646d2b65a1b49fee6568aad,0.311,138,16,153,357,52,159,419,5.748E-08,53,0.387,0.258,,,,,,,,,,,,,,no_qualifying_hit,False
86324279578a43411c7e67d4457c09715bb7a1172148ce1e31a379fbcd739ebc,2,a78211866188de5bc3c94211acbe02e69de1004993d7398889d1e26ff8ce54ad,0.340,241,235,467,468,628,868,870,2.383E-27,115,0.498,0.277,,,,,,,,,,,,,,no_qualifying_hit,False
8662747d4a7fab97de252f659c3ea1935f6ffc9bf7281d1687796d25ebb7f3bd,0,,,,,,,,,,,,,,,,,,,,,,,,,,,no_qualifying_hit,False
86c6a402c38fc7ae05f031d8b87d180a2f85ed4ada389861a015bdbfc7e00d33,0,,,,,,,,,,,,,,,,,,,,,,,,,,,no_qualifying_hit,False
8736abc443cdf3d824b380dd62ee3fb70dd80d10be6132ed7300fef59eaa725a,4,8736abc443cdf3d824b380dd62ee3fb70dd80d10be6132ed7300fef59eaa725a,1.000,318,1,318,318,1,318,318,7.474E-225,685,1.000,1.000,8736abc443cdf3d824b380dd62ee3fb70dd80d10be6132ed7300fef59eaa725a,1.000,318,1,318,318,1,318,318,7.474E-225,685,1.000,1.000,at_least_80pct,True
87386ac4315947d0ad1094d2d48cb0118f9ce61c722e2beda3c80bd0e5bebbbe,6,0dc9f286fbf1368a5715f64d7fbe78ef12fafb76a89363f840ef946f61050f8f,0.333,75,10,84,391,18,92,616,1.001E-09,59,0.192,0.122,,,,,,,,,,,,,,no_qualifying_hit,False
8768a9a8631c1327ab6a026078126f095e52154fcca5afb0f8607415dc4bbf98,58,8768a9a8631c1327ab6a026078126f095e52154fcca5afb0f8607415dc4bbf98,1.000,390,1,390,390,1,390,390,3.283E-263,799,1.000,1.000,8768a9a8631c1327ab6a026078126f095e52154fcca5afb0f8607415dc4bbf98,1.000,390,1,390,390,1,390,390,3.283E-263,799,1.000,1.000,at_least_80pct,True
877609d2532761d1669c4f07f83b5652d0b053d6d279865ec5a74d9300139c98,0,,,,,,,,,,,,,,,,,,,,,,,,,,,no_qualifying_hit,False
87945af81642c0f1da930b4e6cc81f2dba32375ad25a622b19b8ba80f8d51a01,2,a0d1aed26930a2c5c97888236fb9845499288abe081e92873c0054300dd2f86a,1.000,274,13,286,286,1,274,274,1.569E-172,532,0.958,1.000,a0d1aed26930a2c5c97888236fb9845499288abe081e92873c0054300dd2f86a,1.000,274,13,286,286,1,274,274,1.569E-172,532,0.958,1.000,at_least_80pct,True
88435ae9baa98a9ef7c2df4cd5add9510748e5a65b1e0a73d9e5a73ee47d0cd8,4,7341d58d5cf31caddba1878d79b58410114183acc182211aa986f1880eb1b34f,0.237,258,190,447,494,262,501,2320,1.509E-05,46,0.522,0.103,,,,,,,,,,,,,,no_qualifying_hit,False
8851ecb876483ff71ddccc3f1c84dcb17e625487b2a1971c0becec19f0bc4ed2,2,73c19ffe3b9ea05174b742d245e68f96904bb0aa2c913726529740e4df5e6711,0.272,225,129,353,587,16,221,340,1.069E-08,56,0.383,0.606,,,,,,,,,,,,,,no_qualifying_hit,False
89720655ba14de2fe46be0039ba45fb61090f77c699173f43e98f8ceca3073dd,0,,,,,,,,,,,,,,,,,,,,,,,,,,,no_qualifying_hit,False
8a86b2197c710a28017e55e8581d2b278513c3b34dbf842489daf33f478f89df,36,8a86b2197c710a28017e55e8581d2b278513c3b34dbf842489daf33f478f89df,1.000,728,1,728,728,1,728,728,0.000E+00,1504,1.000,1.000,8a86b2197c710a28017e55e8581d2b278513c3b34dbf842489daf33f478f89df,1.000,728,1,728,728,1,728,728,0.000E+00,1504,1.000,1.000,at_least_80pct,True
8a8ac8343c561528d92cb6544657a04faed2113b106ac003258b8083ef944120,1,32583ff6ff165b76c829da053da5c77fe5b5bcd144258b966f52931e60ace0f7,0.271,81,204,284,294,160,239,261,1.457E-04,41,0.276,0.307,,,,,,,,,,,,,,no_qualifying_hit,False
8aa0ee4ea6d1aa4b41c74c7a53ac120332bb64bab6b8459f04c95861517e1cd2,1,682bb18244afffad85579f9386dbf8035b03136aa04735e8f425a9b0f45cda04,0.411,51,12,62,76,14,64,74,8.313E-08,46,0.671,0.689,,,,,,,,,,,,,,no_qualifying_hit,False
8b4fb9914646709e752e8c146e4cf54ddc8eb9f675aeb93a80ad24974553baeb,2,9c8af5e73bfd8612af589d75222d142bf2b64885410c3f21d3404ee0d3ef3d7d,0.318,248,165,412,415,78,272,272,8.188E-23,100,0.598,0.717,,,,,,,,,,,,,,no_qualifying_hit,False
8c19c0e0873fb1f90b72ed085bebdb6323b1256c1b7fb1116131f2bfb8a09efc,1,0a6aa1debade875f917132245b6e69b13523b85ec0a5a9c3cefbba21fe664a65,0.325,303,59,345,414,96,398,446,6.734E-45,168,0.693,0.679,,,,,,,,,,,,,,no_qualifying_hit,False
8c65b3dc686cd16d166442ac487cf2c924a5ff5a3ae941ce8f478578888317a0,4,72a14fa172f29b6c086d2261c00a718479e9a4190ef48e5ab1b3a52dba2c0e43,0.278,407,31,421,587,75,481,708,9.422E-46,175,0.666,0.575,,,,,,,,,,,,,,no_qualifying_hit,False
8c990dea969991290a12342db10cf81538bc5db3193fcbd142e0fddd5e90bc0b,56,969c279cc1dded3c70ed392471a7d8efc1672bef00a6338e5cb21f14e848d6d8,0.959,735,1,705,705,1,735,735,0.000E+00,1436,1.000,1.000,969c279cc1dded3c70ed392471a7d8efc1672bef00a6338e5cb21f14e848d6d8,0.959,735,1,705,705,1,735,735,0.000E+00,1436,1.000,1.000,at_least_80pct,True
8c9de1202d6c7fa7baf5b782f095ac78f83c275f1329c0e23f6d1b05613892d9,3,e127b2048673897c6a3a504f7aaf01734480f68c7615e756452f5f81d206099d,1.000,282,32,313,313,1,282,282,6.163E-196,601,0.901,1.000,e127b2048673897c6a3a504f7aaf01734480f68c7615e756452f5f81d206099d,1.000,282,32,313,313,1,282,282,6.163E-196,601,0.901,1.000,at_least_80pct,True
8d2761a93320beb481a8a44a2de24ff666eff829ad6b123aca9c130a6a45d355,6,43693e4136558f6bd5aba7715584408ce54bf44889178370d04c3aca47639bf7,0.987,77,229,305,305,1,77,128,1.113E-41,154,0.252,0.602,,,,,,,,,,,,,,no_qualifying_hit,False
8d3d5bc323dd4053df776f62d440be975434e441a70ec51c593fdf81436df239,5,ac72c071b70e39e7278f023142f2101331ffc59a604aea612e2af70e1bfaa226,0.435,62,333,394,395,357,416,416,1.429E-05,45,0.157,0.144,,,,,,,,,,,,,,no_qualifying_hit,False
8dcb145ed0748150fa69e6940d827338a9402dcd8ae0d7c49c0147f3691f26df,1,2219b9ba45b62c9c48eae37c8eed438ff252e2225c40aeb018577cef9d65f14b,1.000,317,58,374,374,1,317,317,4.251E-215,660,0.848,1.000,2219b9ba45b62c9c48eae37c8eed438ff252e2225c40aeb018577cef9d65f14b,1.000,317,58,374,374,1,317,317,4.251E-215,660,0.848,1.000,at_least_80pct,True
8e1d1be13c01d136e5b36bebfb9e6e20ca1137844bae1502d03a286e496c8a72,0,,,,,,,,,,,,,,,,,,,,,,,,,,,no_qualifying_hit,False
8e21483fccb6813ad6f6bc5c16e83bc2ffba0721a26e1460c4fc3705275d28e8,0,,,,,,,,,,,,,,,,,,,,,,,,,,,no_qualifying_hit,False
8e5ea4500851b2bb7a88d0190db24ba0adc7af920053c6dd9991f61bc359bd3c,1,aa4e8041b0ab048cdb6b10d362b84643077540f1889e95814ca56db9d96b614c,0.461,65,16,80,80,2,66,68,2.940E-13,61,0.812,0.956,aa4e8041b0ab048cdb6b10d362b84643077540f1889e95814ca56db9d96b614c,0.461,65,16,80,80,2,66,68,2.940E-13,61,0.812,0.956,30_to_50pct,True
8e6243dda6cb628412d9650d80763148742604dfe2f2f03e5782c827777400af,2,8e6243dda6cb628412d9650d80763148742604dfe2f2f03e5782c827777400af,1.000,334,1,334,334,1,334,334,3.138E-218,666,1.000,1.000,8e6243dda6cb628412d9650d80763148742604dfe2f2f03e5782c827777400af,1.000,334,1,334,334,1,334,334,3.138E-218,666,1.000,1.000,at_least_80pct,True
8ed0a40ede7397b9aba3d8250dc2606110eb00b9c22246fa8a0e2d82de4078e1,2,ef543afb44ce1cc1c5cef93baab77cac64643d5110b8891b0ece9daec2cb59b6,1.000,460,1,460,460,17,476,476,1.346E-298,906,1.000,0.966,ef543afb44ce1cc1c5cef93baab77cac64643d5110b8891b0ece9daec2cb59b6,1.000,460,1,460,460,17,476,476,1.346E-298,906,1.000,0.966,at_least_80pct,True
8f7b9f4a79271cf86e2f675ec2cf6ed26b3109ccc405aec4eb27e3cf75306cf0,135,6d08b504b5879d39fb4beb4a3193b009df8267998691df1fcf0ffe7f4e168d0a,0.498,347,324,664,677,15,361,367,3.813E-97,332,0.504,0.946,,,,,,,,,,,,,,no_qualifying_hit,False
8f84ab6cc9516aff4cde64c45bb8456e18bd7fd61d30ba14e9c946f9121d1cd5,0,,,,,,,,,,,,,,,,,,,,,,,,,,,no_qualifying_hit,False
8fea9619ff77d8aa61410b789e823e427539b1ad2601ee878ff73816c24f4788,1,8fea9619ff77d8aa61410b789e823e427539b1ad2601ee878ff73816c24f4788,1.000,578,1,578,578,1,578,578,0.000E+00,1186,1.000,1.000,8fea9619ff77d8aa61410b789e823e427539b1ad2601ee878ff73816c24f4788,1.000,578,1,578,578,1,578,578,0.000E+00,1186,1.000,1.000,at_least_80pct,True
900a91f8d0bd687a73161fcd06d3b3c8984398ee7a7399a9a62f18fc33e48cfa,0,,,,,,,,,,,,,,,,,,,,,,,,,,,no_qualifying_hit,False
90587a8e00cab6c11929a3d317c68c9411e81aed6a27a8be8b5e607f373bb7c7,8,1c4efd316a6cde125ca8e66e9cc2f32179b2f7c406ebcafe6750c70d4a75f4d1,0.689,726,11,736,736,1,716,716,6.696E-286,884,0.986,1.000,1c4efd316a6cde125ca8e66e9cc2f32179b2f7c406ebcafe6750c70d4a75f4d1,0.689,726,11,736,736,1,716,716,6.696E-286,884,0.986,1.000,50_to_80pct,True
908a688d4ee48e4069571a607c93ca51af1e0b24707c5e542f0392f01a44229b,0,,,,,,,,,,,,,,,,,,,,,,,,,,,no_qualifying_hit,False
90a8ffb1583aaff75cc64f5ec26bc36638ad319ca9a14cfac759c9efc08c1f1d,7,3ffc80d90700ad208b4bf95138ea1f0ad3d5c21572176a01dcee0fd0a94a14b1,1.000,743,24,766,766,1,743,743,0.000E+00,1288,0.970,1.000,3ffc80d90700ad208b4bf95138ea1f0ad3d5c21572176a01dcee0fd0a94a14b1,1.000,743,24,766,766,1,743,743,0.000E+00,1288,0.970,1.000,at_least_80pct,True
91017eb67c5c7eed769df6adc05abd362effc6829844c2c22a7e94489be985cf,5,f9ce8edd4318f49543897a068298b102c6752d410901ea30a3ec42966ba91441,0.229,270,65,334,489,57,294,350,2.829E-10,61,0.552,0.680,,,,,,,,,,,,,,no_qualifying_hit,False
910c70d678c6caab0fb00111b7ed24cbb6f8431cf8556a2efaebe551929fc410,3,910c70d678c6caab0fb00111b7ed24cbb6f8431cf8556a2efaebe551929fc410,1.000,380,1,380,380,1,380,380,1.776E-242,739,1.000,1.000,910c70d678c6caab0fb00111b7ed24cbb6f8431cf8556a2efaebe551929fc410,1.000,380,1,380,380,1,380,380,1.776E-242,739,1.000,1.000,at_least_80pct,True
917c9b644f9b9426fdfeab8e9d029a7c5de5c6a434d8e1bfa4823fffa86922e0,138,7628ba197a1668bbc3bc3ff210ece9c40783119c6512b5a9fed38556d2b2e002,0.503,267,10,276,490,12,274,426,1.516E-78,270,0.545,0.617,,,,,,,,,,,,,,no_qualifying_hit,False
9182c633d018eb9bc78fdfa96a446795666ee1005dc001cdf8ce24d18d0df7cb,5,7e2847e60b3d4241029838efaa803d9a398b3b63b2cbd8b1618eef65e581702e,0.309,152,119,270,292,24,172,944,2.036E-11,63,0.521,0.158,,,,,,,,,,,,,,no_qualifying_hit,False
9196f54a2a73d160b1c2aae63fcf3239fc746078f6cdf46fb74cc22db2a6bec8,2,65b377ef3c0fb2a6e96982339916b0c188702f1c0834c2bb503225aa167f809f,0.250,199,255,453,525,594,717,736,1.207E-12,69,0.379,0.168,,,,,,,,,,,,,,no_qualifying_hit,False
91a891547b3b392fdae57596ea0f58abee2d77505fbd6dcc21c9130e88b4cd3b,20,00a3061b1999f70db08972e8ddfa7d76ebb4aef833a5b6e358be2082fcb00b95,0.240,582,377,867,871,1205,1786,1832,1.648E-44,174,0.564,0.318,,,,,,,,,,,,,,no_qualifying_hit,False
91a8b2633849c09a981f7776c688c597217ab84afcb12287742feb977cd27bff,1,91a8b2633849c09a981f7776c688c597217ab84afcb12287742feb977cd27bff,1.000,985,1,985,985,1,985,985,0.000E+00,1919,1.000,1.000,91a8b2633849c09a981f7776c688c597217ab84afcb12287742feb977cd27bff,1.000,985,1,985,985,1,985,985,0.000E+00,1919,1.000,1.000,at_least_80pct,True
91cb679fe93130419a040e44d6c7ddae1c5a54848a5d884e1f419a3481163e6d,2,b227eec65d772af73e304473a171961741e2bf84e12a9b4391b93f5606afdead,0.283,178,171,348,389,75,243,363,4.276E-05,44,0.458,0.466,,,,,,,,,,,,,,no_qualifying_hit,False
91efd90cd4ecd8e140a720a12b9c226b590b16c92d615499e98b52fa5539d800,3,f02c60e924a95324de9f03ec21f5f8e9c369c3f63f32df00b37f53dde4ceff70,0.935,925,1,866,866,1618,2542,2542,0.000E+00,1665,1.000,0.364,,,,,,,,,,,,,,no_qualifying_hit,False
92d53328e65226907fa45f095d5677714ee0cc3c4a008b053a73676086a39201,1,9856241fce830c108ee9e7bdba35f7b96793bb6e664952090dd023de801bbec4,0.361,572,1,572,572,1,561,561,9.945E-91,309,1.000,1.000,9856241fce830c108ee9e7bdba35f7b96793bb6e664952090dd023de801bbec4,0.361,572,1,572,572,1,561,561,9.945E-91,309,1.000,1.000,30_to_50pct,True
92f0c13225fc1261556bfbce254a00641745feec8da9e77b6355daadd780b831,0,,,,,,,,,,,,,,,,,,,,,,,,,,,no_qualifying_hit,False
93577baae4587d50788c04efe3392e284d3e24f3fc698a17183f91396c89b65d,6,14dc23eca69b7dcd81b0563cb4346f62bad1adf9aa15d460b1b1e507946efb69,0.322,59,36,93,557,7,65,539,3.105E-05,45,0.104,0.109,,,,,,,,,,,,,,no_qualifying_hit,False
93796698cc888fe48b0685ee9f33e3f287116573a2794c986b221128e5aa7f91,2,93796698cc888fe48b0685ee9f33e3f287116573a2794c986b221128e5aa7f91,1.000,604,1,604,604,1,604,604,0.000E+00,1152,1.000,1.000,93796698cc888fe48b0685ee9f33e3f287116573a2794c986b221128e5aa7f91,1.000,604,1,604,604,1,604,604,0.000E+00,1152,1.000,1.000,at_least_80pct,True
9385d886d618fba3a6331892b8fb2a1a1f6ca3c4e660bc5e438f4cbe4a92bb06,1,9385d886d618fba3a6331892b8fb2a1a1f6ca3c4e660bc5e438f4cbe4a92bb06,1.000,360,1,360,360,1,360,360,6.819E-233,710,1.000,1.000,9385d886d618fba3a6331892b8fb2a1a1f6ca3c4e660bc5e438f4cbe4a92bb06,1.000,360,1,360,360,1,360,360,6.819E-233,710,1.000,1.000,at_least_80pct,True
93e2c7c4bc8cc1c180818bcc1980da434b2a32e441b7a0cab8baa3fdac4f4052,0,,,,,,,,,,,,,,,,,,,,,,,,,,,no_qualifying_hit,False
94291a1d1a5ba8c9ee5425d82adf80ca9335e85f11e335e1dcc0f826b9a4828a,1,5a83d132b471964987b7cf5dcec1dbae87eebcf998051e8152a99e9f2d829843,1.000,502,16,517,517,7,508,508,0.000E+00,1012,0.971,0.988,5a83d132b471964987b7cf5dcec1dbae87eebcf998051e8152a99e9f2d829843,1.000,502,16,517,517,7,508,508,0.000E+00,1012,0.971,0.988,at_least_80pct,True
9429fe8bfb2c7c0a4f1d1721147f9781d7cf17fbce7311834279554aede25c96,2,9429fe8bfb2c7c0a4f1d1721147f9781d7cf17fbce7311834279554aede25c96,1.000,437,1,437,437,1,437,437,9.756E-297,899,1.000,1.000,9429fe8bfb2c7c0a4f1d1721147f9781d7cf17fbce7311834279554aede25c96,1.000,437,1,437,437,1,437,437,9.756E-297,899,1.000,1.000,at_least_80pct,True
948f90e4db1ca669eba40d8f4cdc6c5a9c90326adb50ea45d74c8013fc6e2afb,0,,,,,,,,,,,,,,,,,,,,,,,,,,,no_qualifying_hit,False
94f959c5f3a4281116cd62af11cda19da5d3dec052859c86ed0c5bcfe111440d,1,94f959c5f3a4281116cd62af11cda19da5d3dec052859c86ed0c5bcfe111440d,1.000,194,1,194,194,1,194,194,2.651E-117,367,1.000,1.000,94f959c5f3a4281116cd62af11cda19da5d3dec052859c86ed0c5bcfe111440d,1.000,194,1,194,194,1,194,194,2.651E-117,367,1.000,1.000,at_least_80pct,True
95640b69f3fb6d91b482891253a7a4ea7bf65b6832869a3584dc82c270679223,13,048ec9910e4cebfb8dba760f36c938dd7f122dd7d0b91a28b1973d702209d1f9,0.333,143,361,493,597,9,151,200,1.290E-10,63,0.223,0.715,,,,,,,,,,,,,,no_qualifying_hit,False
9566a7e49510b778389615ffa3c00551151aaa16168c95a38857acfa049b4245,1,9566a7e49510b778389615ffa3c00551151aaa16168c95a38857acfa049b4245,1.000,542,1,542,542,1,542,542,0.000E+00,1109,1.000,1.000,9566a7e49510b778389615ffa3c00551151aaa16168c95a38857acfa049b4245,1.000,542,1,542,542,1,542,542,0.000E+00,1109,1.000,1.000,at_least_80pct,True
95ce7724f065f2ae1459563db00ef828f169414e597cbd3cd3d9a33e1b73b85a,9,a77bcae248ff3eac7c724354af48e3d9ed48d6d9181bb4447422a79ca0a0162a,0.351,102,276,377,441,489,590,828,4.847E-13,70,0.231,0.123,,,,,,,,,,,,,,no_qualifying_hit,False
9611dbe6b19f8059567772098d9ced4985e6d1e285d31426c05779dbf565cad8,59,9611dbe6b19f8059567772098d9ced4985e6d1e285d31426c05779dbf565cad8,1.000,513,1,513,513,1,513,513,0.000E+00,1072,1.000,1.000,9611dbe6b19f8059567772098d9ced4985e6d1e285d31426c05779dbf565cad8,1.000,513,1,513,513,1,513,513,0.000E+00,1072,1.000,1.000,at_least_80pct,True
961ce3bfb1e83b7979f7b168d4360e9b7d027fb2501ffdac036417188b23007e,1,961ce3bfb1e83b7979f7b168d4360e9b7d027fb2501ffdac036417188b23007e,1.000,205,1,205,205,1,205,205,5.909E-150,462,1.000,1.000,961ce3bfb1e83b7979f7b168d4360e9b7d027fb2501ffdac036417188b23007e,1.000,205,1,205,205,1,205,205,5.909E-150,462,1.000,1.000,at_least_80pct,True
9627c8f2f73c3ca667cf8cccde969f633b7523fc0af57a20ba18d9ba3c59fe75,0,,,,,,,,,,,,,,,,,,,,,,,,,,,no_qualifying_hit,False
96bf65bf89421b5c07aa479977bf96a9e08522430bda740ae6c0ef1a7026b0e9,0,,,,,,,,,,,,,,,,,,,,,,,,,,,no_qualifying_hit,False
970ef2d78adb6c5c08a1ac0a09c2216ec01a02fb7c14e7b4834df519abc0cf09,1,324a4191099aa2c2659dc68f40a0b22a527d54a1f2949eaa019a1513e4fce965,0.387,232,42,273,273,35,256,259,6.044E-38,142,0.850,0.857,324a4191099aa2c2659dc68f40a0b22a527d54a1f2949eaa019a1513e4fce965,0.387,232,42,273,273,35,256,259,6.044E-38,142,0.850,0.857,30_to_50pct,True
97978252c47558d9cda5c97b9b88f08da085a1c63f0d1e569a7713723cc9630b,1,a9fe5b486c4ac81f7f0aeb38f96655c054001fe0dc947aff0e59cbfb9d65d4c5,0.296,81,3,83,187,6,75,126,7.628E-04,38,0.433,0.556,,,,,,,,,,,,,,no_qualifying_hit,False
979da27ba05da5179fe27c5ac36d70fae31ef06049177ed71c886c168eb07ef5,2,979da27ba05da5179fe27c5ac36d70fae31ef06049177ed71c886c168eb07ef5,1.000,241,1,241,241,1,241,241,4.380E-162,499,1.000,1.000,979da27ba05da5179fe27c5ac36d70fae31ef06049177ed71c886c168eb07ef5,1.000,241,1,241,241,1,241,241,4.380E-162,499,1.000,1.000,at_least_80pct,True
980af9bc651ff76ebc98f365fdd44c5293915eeb3353603ff1bb5b31e0cfe4aa,3,980af9bc651ff76ebc98f365fdd44c5293915eeb3353603ff1bb5b31e0cfe4aa,1.000,254,1,254,254,1,254,254,7.147E-164,505,1.000,1.000,980af9bc651ff76ebc98f365fdd44c5293915eeb3353603ff1bb5b31e0cfe4aa,1.000,254,1,254,254,1,254,254,7.147E-164,505,1.000,1.000,at_least_80pct,True
984be53e0eddacab0a47f015f89c86141ab05e964688b1bebc733ba34709ff3a,43,984be53e0eddacab0a47f015f89c86141ab05e964688b1bebc733ba34709ff3a,1.000,525,1,525,525,1,525,525,0.000E+00,1038,1.000,1.000,984be53e0eddacab0a47f015f89c86141ab05e964688b1bebc733ba34709ff3a,1.000,525,1,525,525,1,525,525,0.000E+00,1038,1.000,1.000,at_least_80pct,True
985b38655b1af6f67dc49d5072a45067c899556d657eb91bf0958967851ed8c5,1,11c7d0a423e075c8f83696cd555f89fa5074655a0ed70bc96caef84c068f0a4c,0.271,212,16,215,227,23,234,237,1.734E-17,80,0.881,0.895,11c7d0a423e075c8f83696cd555f89fa5074655a0ed70bc96caef84c068f0a4c,0.271,212,16,215,227,23,234,237,1.734E-17,80,0.881,0.895,below_30pct,False
989d09bd54f47510efe05907a8a3bdafccc091740a957ccb0a46e0dae09a419d,4,7f0808d98041e4cc9a8519da779135f01c141d1cf32c44759b9bbffc4859602a,0.291,72,243,314,320,77,148,174,1.041E-06,48,0.225,0.414,,,,,,,,,,,,,,no_qualifying_hit,False
98edb71d5cbfd5f5d23b61c1911d51f9d256317ac4c4a0bc54bec4c8ae829d02,4,31715bb13b7c592c09ee43fc10b3287ec3b408377291cec0469201ff43102c5f,1.000,491,14,504,504,1,491,491,0.000E+00,984,0.974,1.000,31715bb13b7c592c09ee43fc10b3287ec3b408377291cec0469201ff43102c5f,1.000,491,14,504,504,1,491,491,0.000E+00,984,0.974,1.000,at_least_80pct,True
993fdbcfbd9df7767259fddd6d1c00a460ea47fbbd76f9b0b071b0b0ec6298d9,0,,,,,,,,,,,,,,,,,,,,,,,,,,,no_qualifying_hit,False
9947d2c5b5ddc2893700fa695c8c05d8b1cd28213fdf19298eb174d8e85d3013,4,72a14fa172f29b6c086d2261c00a718479e9a4190ef48e5ab1b3a52dba2c0e43,0.312,141,199,328,374,93,233,708,1.368E-13,71,0.348,0.199,,,,,,,,,,,,,,no_qualifying_hit,False
999cd0297e3fa121fbaf5597edb6670fd1a3e22be1f1cc94e1a1667f2257987f,6,e741ce836725966a29377180aa855b39db3b9af68ada14a42cb436a89e59da96,0.352,80,96,173,246,93,172,347,1.027E-06,48,0.317,0.231,,,,,,,,,,,,,,no_qualifying_hit,False
99c6ad2b025c5185787e5d604237f43a8533f379f5d392ce8c004e4f90e2630d,65,99c6ad2b025c5185787e5d604237f43a8533f379f5d392ce8c004e4f90e2630d,1.000,432,1,432,432,1,432,432,1.280E-285,867,1.000,1.000,99c6ad2b025c5185787e5d604237f43a8533f379f5d392ce8c004e4f90e2630d,1.000,432,1,432,432,1,432,432,1.280E-285,867,1.000,1.000,at_least_80pct,True
9aa4c0e6a32bc127ce8922122bdc3f43e8489d85219626ce47487b09a172012b,3,43693e4136558f6bd5aba7715584408ce54bf44889178370d04c3aca47639bf7,0.347,72,17,87,1126,1,72,128,3.227E-05,46,0.063,0.562,,,,,,,,,,,,,,no_qualifying_hit,False
9aca201391f0c22cd407d4c9b38e4441e423c689c199ebc8d5562b0b684bdf51,0,,,,,,,,,,,,,,,,,,,,,,,,,,,no_qualifying_hit,False
9ad3fd3033770bba614c3daf086e6b867725c7c21669266ed6a96201e8e90b09,1,260833ed3427baf541605ba9aedecb5dbe60c59859b7c84f78cc780e69e19b12,0.236,145,289,433,542,69,212,504,4.800E-04,41,0.268,0.286,,,,,,,,,,,,,,no_qualifying_hit,False
9ae9a09db2ed5ecc4292f836f654c774b1c6b53205cd3e452cf6096b51e6dcc9,9,e434b9022bf6208d4fded94b54dadb5d737802388839ac98dc28c9162c81b747,0.991,689,1,689,732,1,689,705,0.000E+00,1326,0.941,0.977,e434b9022bf6208d4fded94b54dadb5d737802388839ac98dc28c9162c81b747,0.991,689,1,689,732,1,689,705,0.000E+00,1326,0.941,0.977,at_least_80pct,True
9b3b8de75c1b4d176e962f2d3d0380fd600ebe43a780e8decae0944eabb87721,0,,,,,,,,,,,,,,,,,,,,,,,,,,,no_qualifying_hit,False
9ba7b67d976072a1d8657c4e3dda5b6f9c4871e46d62950e2072bba1706f5ab1,0,,,,,,,,,,,,,,,,,,,,,,,,,,,no_qualifying_hit,False
9bf5fd958c6389ac14909ede3cfcf7544708051076a0114ea456d50cd1d3b699,0,,,,,,,,,,,,,,,,,,,,,,,,,,,no_qualifying_hit,False
9c0306b47ac8fc3dbd1b8618e97865ada61ba4dd33a67a08f8a9d29020ba44fc,1,1c618bddba0c9b1464868b955586e58bdecfa6fc75c78d8063d9772634579c50,0.278,503,104,555,591,99,601,703,1.739E-18,88,0.765,0.716,,,,,,,,,,,,,,no_qualifying_hit,False
9c704456625a5f2acc3b840c434c81d22f8234a61c4ecead143496c46291940d,0,,,,,,,,,,,,,,,,,,,,,,,,,,,no_qualifying_hit,False
9c839f6687cf6aa9cd3d36bb9765f36b496f1ab53d21d095b474fd39564945b9,0,,,,,,,,,,,,,,,,,,,,,,,,,,,no_qualifying_hit,False
9cc5a6e66df7116aba00d1c43e1ab9e5743dc92978ee435f06c82766080dd8f3,3,9cc5a6e66df7116aba00d1c43e1ab9e5743dc92978ee435f06c82766080dd8f3,1.000,175,1,175,175,1,175,175,3.926E-114,357,1.000,1.000,9cc5a6e66df7116aba00d1c43e1ab9e5743dc92978ee435f06c82766080dd8f3,1.000,175,1,175,175,1,175,175,3.926E-114,357,1.000,1.000,at_least_80pct,True
9ce20ee1fee63d3707103903386760730e0f4fcb24d3de365ea995999682b201,1,d8b53d1259166b6830f1d50d78b434232971b8ddfd83bb10d64621cecc10081c,0.955,159,1,152,152,1,159,159,6.877E-98,309,1.000,1.000,d8b53d1259166b6830f1d50d78b434232971b8ddfd83bb10d64621cecc10081c,0.955,159,1,152,152,1,159,159,6.877E-98,309,1.000,1.000,at_least_80pct,True
9d75aee93178810d0108f43c26c806be8eb262b5e88882c21488cb68b5eb627d,10,fdaaec95cc6e97c777de57559d9cd0abf080be49912113eed3fe0331ddafc324,1.000,427,1,427,429,1,427,434,7.160E-275,835,0.995,0.984,fdaaec95cc6e97c777de57559d9cd0abf080be49912113eed3fe0331ddafc324,1.000,427,1,427,429,1,427,434,7.160E-275,835,0.995,0.984,at_least_80pct,True
9d9d3040cba7ae76874446fcd301d4c5bfeaa70fd7083e3c2d3f8e7d30f46e7d,9,5ed67168e66267e7ecede171c8737f22ec760d1e287a1395df8b6ef447b1cd8c,0.350,97,390,484,573,724,820,835,3.249E-12,68,0.166,0.116,,,,,,,,,,,,,,no_qualifying_hit,False
9dd4e973dc5f7bc4877cca819ae638c019f48c8778530e12f2f077fd2053d7a7,1,e19de3ab84b0e049bc9055670f478e1cab163f1dacd10045ba67830c34bb1c8a,0.522,373,43,415,425,20,387,438,1.004E-123,398,0.878,0.840,e19de3ab84b0e049bc9055670f478e1cab163f1dacd10045ba67830c34bb1c8a,0.522,373,43,415,425,20,387,438,1.004E-123,398,0.878,0.840,50_to_80pct,True
9e2103c22e85013c356c5b369e013f161c666115af50d10daad20ab582bfeaf9,7,9e2103c22e85013c356c5b369e013f161c666115af50d10daad20ab582bfeaf9,1.000,381,1,381,381,1,381,381,2.490E-245,747,1.000,1.000,9e2103c22e85013c356c5b369e013f161c666115af50d10daad20ab582bfeaf9,1.000,381,1,381,381,1,381,381,2.490E-245,747,1.000,1.000,at_least_80pct,True
9eb3a917eb21989aa47e3925b304aad27cec2053e254abee9781dba89be32cd5,0,,,,,,,,,,,,,,,,,,,,,,,,,,,no_qualifying_hit,False
9f24ee7436a11e0eabdf73741ca16816e670e014afd40a1ad518e25e021a5048,49,9f24ee7436a11e0eabdf73741ca16816e670e014afd40a1ad518e25e021a5048,1.000,630,1,630,630,1,630,630,0.000E+00,1254,1.000,1.000,9f24ee7436a11e0eabdf73741ca16816e670e014afd40a1ad518e25e021a5048,1.000,630,1,630,630,1,630,630,0.000E+00,1254,1.000,1.000,at_least_80pct,True
9f55b5b22eaaeeaac955fc74cd102befb9c1949f0342ce61bf81db3ee73447e7,0,,,,,,,,,,,,,,,,,,,,,,,,,,,no_qualifying_hit,False
9f6fb42ae79ea9e10a72d0f68b94b7853697112ab5df39a49c114d240f854c99,0,,,,,,,,,,,,,,,,,,,,,,,,,,,no_qualifying_hit,False
9fbb62d7254d33dbdd2d8e94de357307475a19638c1617215676ff229c497959,0,,,,,,,,,,,,,,,,,,,,,,,,,,,no_qualifying_hit,False
9fdc8c03c6b4713b7f1df55f9e135ee219bd1ddf2aa3b0197fcacd45ea846980,8,5ed67168e66267e7ecede171c8737f22ec760d1e287a1395df8b6ef447b1cd8c,0.440,84,139,220,509,735,818,835,2.552E-16,81,0.161,0.101,,,,,,,,,,,,,,no_qualifying_hit,False
a090cc1142f7d41f11b963007154645dc91fd883c341f0f9904d3d812de9b72d,2,776427b75a348fffda20be3de6cbb24143aad5b89402b507b288885b3a6d31c6,0.239,428,25,452,536,17,412,493,8.621E-08,53,0.799,0.803,,,,,,,,,,,,,,no_qualifying_hit,False
a09840f2abd01da17cd2e4c74c92bc1f855b8899e5aeae6bd06dbd010fa5a734,25,a09840f2abd01da17cd2e4c74c92bc1f855b8899e5aeae6bd06dbd010fa5a734,1.000,443,1,443,443,1,443,443,6.917E-323,975,1.000,1.000,a09840f2abd01da17cd2e4c74c92bc1f855b8899e5aeae6bd06dbd010fa5a734,1.000,443,1,443,443,1,443,443,6.917E-323,975,1.000,1.000,at_least_80pct,True
a0c8c652b7d734e8a8a2a69661d34e550f0010abcbb39ba9cfe5b2d43da7531f,16,02cd9fe282994502c12ea0f7782e619810cc9f9d00e83fbfefbdca32937a73fe,0.287,186,250,435,498,414,595,1914,5.123E-20,93,0.373,0.095,,,,,,,,,,,,,,no_qualifying_hit,False
a10aebfe24b4398a1f4695cac9a5f2b549a56b3c94b3501929be6a60a414584f,0,,,,,,,,,,,,,,,,,,,,,,,,,,,no_qualifying_hit,False
a114fe714d6a0ecf9442600e6274c5425d213c280c15b327186137487c38ac37,11,a114fe714d6a0ecf9442600e6274c5425d213c280c15b327186137487c38ac37,1.000,794,1,794,794,1,794,794,0.000E+00,1496,1.000,1.000,a114fe714d6a0ecf9442600e6274c5425d213c280c15b327186137487c38ac37,1.000,794,1,794,794,1,794,794,0.000E+00,1496,1.000,1.000,at_least_80pct,True
a1362a0e2fe3f91d8332f444aeae047142ddb9b2cd1e21082cb07ff6c5640d7a,0,,,,,,,,,,,,,,,,,,,,,,,,,,,no_qualifying_hit,False
a1522f5f794bdfcd1daf2f6cc27f18008a39cec9d87ee10935e6e31b5feae501,0,,,,,,,,,,,,,,,,,,,,,,,,,,,no_qualifying_hit,False
a18b4bbcdc1d2d36b2e3bf2ff6e048110d0e779780678877818b455f245a6052,8,4368b6ca2d41eea9f7d39396d3054e380555496e57d607818ca26db0d4627422,0.527,234,1,234,234,1,233,263,1.236E-74,246,1.000,0.886,4368b6ca2d41eea9f7d39396d3054e380555496e57d607818ca26db0d4627422,0.527,234,1,234,234,1,233,263,1.236E-74,246,1.000,0.886,50_to_80pct,True
a1a72307e1d749d8607d007d9557b96747b2d1e431dedd873ae56d068f3fcd7a,0,,,,,,,,,,,,,,,,,,,,,,,,,,,no_qualifying_hit,False
a1cd952d0a140024023d72ffd71a0c1524006db7d5e65a2586aecdc185c56f92,25,d6ffbcf3e53b4f93ef2d2a137f60fb1e8f1239f2979ce56ce73c83d0fe15c6a2,0.503,149,1,149,215,6,153,200,1.734E-45,161,0.693,0.740,,,,,,,,,,,,,,no_qualifying_hit,False
a24d4a2c3c269f0b36ce5e5021b95b6a5e4b09065d8c72ffa58d18c53d7e13bf,0,,,,,,,,,,,,,,,,,,,,,,,,,,,no_qualifying_hit,False
a257080379a06fb11249c2e2f74261818b9f653768b0959d0c4a45a286bd2704,0,,,,,,,,,,,,,,,,,,,,,,,,,,,no_qualifying_hit,False
a29bcb88df43b97261ffabdbb2d717f8e67e5fb803dd229daf50b048c4c25272,0,,,,,,,,,,,,,,,,,,,,,,,,,,,no_qualifying_hit,False
a2a1049379d45a02eba68215d3b11fcaf05c671c96065365d1b7f69404e883d9,1,8b9302b583aae10a9ff248299f546317cc7d2146112e47bb71205b22a473ddda,0.259,298,13,290,490,79,376,487,2.770E-14,74,0.567,0.612,,,,,,,,,,,,,,no_qualifying_hit,False
a2b741dd2f24cf766d7b0526d2b81778c13477e3f95659a736eb8c60dac74212,1,69bd214b3128995ccf583e70da05c2af6c657b285c1a197a341c1b0e1b4e31cc,0.775,98,1,98,103,1,98,98,1.701E-39,138,0.951,1.000,69bd214b3128995ccf583e70da05c2af6c657b285c1a197a341c1b0e1b4e31cc,0.775,98,1,98,103,1,98,98,1.701E-39,138,0.951,1.000,50_to_80pct,True
a2ba423b3a70332e8e7bfdf0a6353567a8ef960fe9b189cf15ec0a2ba3a7b9c9,1,c89391d6b8fd843fa45bb1c26e3d1c0c6754663cd2e16a9fab3eb41abe2704c9,0.248,158,246,403,507,646,802,894,3.438E-08,54,0.312,0.176,,,,,,,,,,,,,,no_qualifying_hit,False
a30623b9a44066e9066327dd70acdbbacf04814984ae17d9765c4b33b470d980,0,,,,,,,,,,,,,,,,,,,,,,,,,,,no_qualifying_hit,False
a32bcb9ceddf8e694b86d27dbeca43cea9064ec14fcdb19dda87de5a64393bbe,2,4136f7827fb1c4c762aabfeaa9ed2beda8bb69ec486e74fba5904822f6335c63,0.993,902,1,902,902,1,897,897,0.000E+00,1754,1.000,1.000,4136f7827fb1c4c762aabfeaa9ed2beda8bb69ec486e74fba5904822f6335c63,0.993,902,1,902,902,1,897,897,0.000E+00,1754,1.000,1.000,at_least_80pct,True
a32f38c3c4296832903270853b6db8c237bd79f74d189b590036c92e821fc0d9,2,67640092285c03eb6053ee428b083ff2140143d5c944b2ca3639958b1bf305e8,0.867,256,1,256,256,1,222,222,2.074E-137,429,1.000,1.000,67640092285c03eb6053ee428b083ff2140143d5c944b2ca3639958b1bf305e8,0.867,256,1,256,256,1,222,222,2.074E-137,429,1.000,1.000,at_least_80pct,True
a3313bd2ac2fb32de22c35e72c6bee636d8261efa3b6cbc3ef50440d7ad3e05e,3,f3a087ca407f8a75c3114e02fca0929ab68889792b752b81e94077ccfd12c032,1.000,315,9,323,323,1,315,315,1.746E-214,655,0.975,1.000,f3a087ca407f8a75c3114e02fca0929ab68889792b752b81e94077ccfd12c032,1.000,315,9,323,323,1,315,315,1.746E-214,655,0.975,1.000,at_least_80pct,True
a35d0790c5444576e1071398f5d2309590af763077511d7a92e9d95e129fcc39,0,,,,,,,,,,,,,,,,,,,,,,,,,,,no_qualifying_hit,False
a3ea707b48470581eafc78337eb0a0f98fa3f01032114fd967d7f8bd4dcdb4ba,3,a3ea707b48470581eafc78337eb0a0f98fa3f01032114fd967d7f8bd4dcdb4ba,1.000,281,1,281,281,1,281,281,3.728E-190,582,1.000,1.000,a3ea707b48470581eafc78337eb0a0f98fa3f01032114fd967d7f8bd4dcdb4ba,1.000,281,1,281,281,1,281,281,3.728E-190,582,1.000,1.000,at_least_80pct,True
a3fc7c3c95b6cd3faf5a519fe5e96bac84184425c48ab1bcfd0349f557520cbf,2,4d177a1c3b5dba920f683484121207d9e228688089ece402b52f28f6bce03e65,0.197,598,1,598,666,217,764,902,1.118E-20,96,0.898,0.608,,,,,,,,,,,,,,no_qualifying_hit,False
a40a14c9cbfd3123b956d2496374599308a9316016a55b8604021cfefd76b731,1,a40a14c9cbfd3123b956d2496374599308a9316016a55b8604021cfefd76b731,1.000,161,1,161,161,1,161,161,9.985E-94,297,1.000,1.000,a40a14c9cbfd3123b956d2496374599308a9316016a55b8604021cfefd76b731,1.000,161,1,161,161,1,161,161,9.985E-94,297,1.000,1.000,at_least_80pct,True
a42518b5a53e6afa3af71be7ef27bf92185daf163ea35b9d4a9d274abd67a5c0,1,5a695f03343d42844301771c66f521beb536e9b9e8bbce2aa48bd3ddfa61b45e,0.431,193,3,195,196,9,200,205,6.643E-44,156,0.985,0.937,5a695f03343d42844301771c66f521beb536e9b9e8bbce2aa48bd3ddfa61b45e,0.431,193,3,195,196,9,200,205,6.643E-44,156,0.985,0.937,30_to_50pct,True
a4527b80ce6b2c4adc5687374777842db8df58f9a246807a811e389a8827001c,1,a4527b80ce6b2c4adc5687374777842db8df58f9a246807a811e389a8827001c,1.000,274,1,274,274,1,274,274,1.131E-181,557,1.000,1.000,a4527b80ce6b2c4adc5687374777842db8df58f9a246807a811e389a8827001c,1.000,274,1,274,274,1,274,274,1.131E-181,557,1.000,1.000,at_least_80pct,True
a45fc01539c38ee0361a3b4516091bcb4ec0513d03a89ed1d6b02cf1bc7bea51,0,,,,,,,,,,,,,,,,,,,,,,,,,,,no_qualifying_hit,False
a45fd178ebf2da056c210f549fb045efac0edb7b3b24d3193a9c726063580710,0,,,,,,,,,,,,,,,,,,,,,,,,,,,no_qualifying_hit,False
a483c6065162d6202fd56b069eaa00b4eb1f0edf65e3599160b9781ea59d6eb2,12,902f693e3a2c631f5ccb8c2eb5931aab72a1ad8d09c8ff75d92f9eaf9aebcbe5,0.249,284,266,549,923,1682,1961,2627,2.012E-14,76,0.308,0.107,,,,,,,,,,,,,,no_qualifying_hit,False
a4c9f00237bb155c436b94834a77c3f95123c9031c40d0a7afeb8cbfad0f0abd,0,,,,,,,,,,,,,,,,,,,,,,,,,,,no_qualifying_hit,False
a59083a8b4605605d15aa3c836d76942207c4abf4d8fb850a10128169be71ba4,14,a59083a8b4605605d15aa3c836d76942207c4abf4d8fb850a10128169be71ba4,1.000,655,1,655,655,1,655,655,0.000E+00,1225,1.000,1.000,a59083a8b4605605d15aa3c836d76942207c4abf4d8fb850a10128169be71ba4,1.000,655,1,655,655,1,655,655,0.000E+00,1225,1.000,1.000,at_least_80pct,True
a5accf714119c3a78523d6e5b48f1816d902b31f8107af60f41fced1ba43e758,0,,,,,,,,,,,,,,,,,,,,,,,,,,,no_qualifying_hit,False
a6483e50fa7aabc6bb21ec757537817d1bdbcd5657d6ec676d2e9704edd98f0e,2,78ef5441cc703ed744902f90ecbc42af1b8c67a4396a693244a016e9818c03b8,0.994,190,47,236,236,843,1032,1032,2.968E-111,352,0.805,0.184,,,,,,,,,,,,,,no_qualifying_hit,False
a6b32a264dc4356f9e3046c543340e02100714d88b1b4a3842cb39bcaf4bff97,1,b5489faab538679f60e177a6f18b460f94e59d0691034b95900b7ad457fbc8fe,0.560,173,21,193,193,10,180,180,2.118E-59,200,0.896,0.950,b5489faab538679f60e177a6f18b460f94e59d0691034b95900b7ad457fbc8fe,0.560,173,21,193,193,10,180,180,2.118E-59,200,0.896,0.950,50_to_80pct,True
a6bef1024faecc6ce8a1dae10fc8286001d07611d4dbbd0ccddb8ff8c91ffe86,11,ba7ea3828b06bf8452004f020ca332961b2576e51de64b3189a227cc14d67d41,0.340,358,563,920,926,268,596,605,1.781E-46,181,0.387,0.544,,,,,,,,,,,,,,no_qualifying_hit,False
a6e92fa2a40593148aff918fda0a519cf20400b7438abdf7676c3c4a6e6bbe0b,0,,,,,,,,,,,,,,,,,,,,,,,,,,,no_qualifying_hit,False
a6fd55d59ff0f72ed41fc5478148c4c1078e58835344e0c912cd50d98ac274fe,5,5db811212ef9b2bae4aa46b47f6a655f29a2b748f6f9b10c15e25866c6eb5420,0.340,650,84,733,744,66,678,683,4.503E-91,316,0.874,0.898,5db811212ef9b2bae4aa46b47f6a655f29a2b748f6f9b10c15e25866c6eb5420,0.340,650,84,733,744,66,678,683,4.503E-91,316,0.874,0.898,30_to_50pct,True
a7c9c2d801bfac50e9c300ce06a56fa8ca2db6dd9bc0c8c9aa74b87be1f17f61,0,,,,,,,,,,,,,,,,,,,,,,,,,,,no_qualifying_hit,False
a7db26a1b45c809b7de1ab1fa5f511102c538136960720f73c71bcbcf3204d51,0,,,,,,,,,,,,,,,,,,,,,,,,,,,no_qualifying_hit,False
a80bc31104aebfe90ed943a8eb0214d6182c3f13325da71aa745d49c8309097d,1,198277e800f2abd031083e46d1c871a0f3f69dad1d7984867f9b848858039e07,0.323,66,111,174,364,308,373,498,3.630E-04,40,0.176,0.133,,,,,,,,,,,,,,no_qualifying_hit,False
a82bc14ae5477322ed76da80d4e24ef25606e709b2d1aba559e6770ee23641f4,2,281ef8f8dbce779f1fefd8a18b7d88139cbee34ea1a45862cc4b34fb4fdec01e,0.659,138,3,140,143,2,139,142,5.352E-59,196,0.965,0.972,281ef8f8dbce779f1fefd8a18b7d88139cbee34ea1a45862cc4b34fb4fdec01e,0.659,138,3,140,143,2,139,142,5.352E-59,196,0.965,0.972,50_to_80pct,True
a86c2ed55bd8906fc0c5241cffab4b11d8b41b5de89f35e506cf6a2332529ae4,16,00a3061b1999f70db08972e8ddfa7d76ebb4aef833a5b6e358be2082fcb00b95,0.240,439,336,629,720,228,666,1832,1.301E-32,135,0.408,0.240,,,,,,,,,,,,,,no_qualifying_hit,False
a89d65861b2618c2c7321740fc9c5efc92459319b13bc12340c38ae1a038b603,0,,,,,,,,,,,,,,,,,,,,,,,,,,,no_qualifying_hit,False
a8b18984096df098935f98a042adf6d3f7b34ea262dd7218f591bc72a76b2a4f,1,9bf9496809413419e8b9263df2ea2d61df5786a2f5a6e9179fc0a41b64aa8fe5,0.259,603,144,746,755,12,602,911,1.476E-45,177,0.799,0.649,,,,,,,,,,,,,,no_qualifying_hit,False
a8c6bccdf6b896acc7dc2ab2e58c603951b917fb6af9b52ce9b1e7871d0733fc,0,,,,,,,,,,,,,,,,,,,,,,,,,,,no_qualifying_hit,False
a91b17d022cb54488aec65b350296ec523d354eaaa308afd0156441da75ad1cc,2,3697ac4ef877701368f6946da6c142dee086b9d9585a643f4fb23594f291f3b8,0.268,261,1,261,265,1,251,253,1.746E-19,87,0.985,0.992,3697ac4ef877701368f6946da6c142dee086b9d9585a643f4fb23594f291f3b8,0.268,261,1,261,265,1,251,253,1.746E-19,87,0.985,0.992,below_30pct,False
a9277a7783841bbc656ab6874056d1b20a3e7dc8dc2226edb12508c550b2b91d,0,,,,,,,,,,,,,,,,,,,,,,,,,,,no_qualifying_hit,False
a930954709a7f2aed56546d81417f1e2d9988a77ab46e040f9e11b6241b90b7c,0,,,,,,,,,,,,,,,,,,,,,,,,,,,no_qualifying_hit,False
a9384a1fb330bf0d95333337baf9c646852ebd9836ef441da13f357c4086b475,3,14ee69b1a19a03372946f30cbf7f3656100e0be94e39f5b9ea9fb6e301e86081,0.342,70,77,145,220,115,184,930,7.895E-06,44,0.314,0.075,,,,,,,,,,,,,,no_qualifying_hit,False
a9683c2cf312edf53c216e39d817be659d505b7da845a7d45dc8616a021799a5,0,,,,,,,,,,,,,,,,,,,,,,,,,,,no_qualifying_hit,False
aa0a6270cb3b5074d445df3e8ecde2704aab4a987def929dbbaa4c5643d0247d,1,cc0fe1f5ed11e7374dd30ccded6b7cb0e4a94d1c326410171c5dc0cf2226f886,0.270,147,7,153,183,7,133,152,3.467E-06,45,0.803,0.836,cc0fe1f5ed11e7374dd30ccded6b7cb0e4a94d1c326410171c5dc0cf2226f886,0.270,147,7,153,183,7,133,152,3.467E-06,45,0.803,0.836,below_30pct,False
aa1ccd2dd28d0de7fd619f7cb205c3f9ce266f2f90e47f59f6ca78e54b050f3f,1,aa1ccd2dd28d0de7fd619f7cb205c3f9ce266f2f90e47f59f6ca78e54b050f3f,1.000,255,1,255,255,1,255,255,4.828E-166,511,1.000,1.000,aa1ccd2dd28d0de7fd619f7cb205c3f9ce266f2f90e47f59f6ca78e54b050f3f,1.000,255,1,255,255,1,255,255,4.828E-166,511,1.000,1.000,at_least_80pct,True
aa2984790383b6c435086603f8289dfcf0de16125095d5f0b51729fa2b373533,63,450e5282e7ace0067dece0c17c0eecebb03c8a24ba2d8844664ffec86a3ecf34,0.942,518,1,488,488,1,518,518,2.223E-322,976,1.000,1.000,450e5282e7ace0067dece0c17c0eecebb03c8a24ba2d8844664ffec86a3ecf34,0.942,518,1,488,488,1,518,518,2.223E-322,976,1.000,1.000,at_least_80pct,True
aa2aa4bb0351d5f5517774d07923f7c29bbcd9d3b4a5ee4752025e844d4f0ff5,0,,,,,,,,,,,,,,,,,,,,,,,,,,,no_qualifying_hit,False
ab74934954c012cdf2bf044b9f8c82712c4dacf3517c559c99168d214a215856,0,,,,,,,,,,,,,,,,,,,,,,,,,,,no_qualifying_hit,False
aba83fb9b710a8fe22a489804c706cee47eddf6f95bcfbc8744fe1f370c77435,1,9ae148e136a6561a7efc2e7a0fdb8e3cf6b5145fa077f97da639611e6f12af15,1.000,344,47,390,390,1,344,344,1.815E-231,708,0.882,1.000,9ae148e136a6561a7efc2e7a0fdb8e3cf6b5145fa077f97da639611e6f12af15,1.000,344,47,390,390,1,344,344,1.815E-231,708,0.882,1.000,at_least_80pct,True
ac66eb20f831fa83c04e087069d63c4abfd2e76ee2de838fc76e06b2554ae3dd,0,,,,,,,,,,,,,,,,,,,,,,,,,,,no_qualifying_hit,False
ac6904ffe51029d2cccd607c7eff11efcf3773013d9d9ad0ccebc14b196b9880,1,ac6904ffe51029d2cccd607c7eff11efcf3773013d9d9ad0ccebc14b196b9880,1.000,775,1,775,775,1,775,775,0.000E+00,1417,1.000,1.000,ac6904ffe51029d2cccd607c7eff11efcf3773013d9d9ad0ccebc14b196b9880,1.000,775,1,775,775,1,775,775,0.000E+00,1417,1.000,1.000,at_least_80pct,True
ac69c745c89ad94850f9573626a301d52d1cd3eeef5ec2c1a43ab518283e2655,1,0c16dfa5ccac7f362d28d2202b7c498f5a5a9996dc9a5f48bd82efbec9a10d3d,0.221,179,125,303,381,100,274,573,1.679E-04,42,0.470,0.305,,,,,,,,,,,,,,no_qualifying_hit,False
ac721d93fcd0604b127e98f17135075f9c34e6d016fb9018971bc8399f43d795,0,,,,,,,,,,,,,,,,,,,,,,,,,,,no_qualifying_hit,False
ac72c071b70e39e7278f023142f2101331ffc59a604aea612e2af70e1bfaa226,46,ac72c071b70e39e7278f023142f2101331ffc59a604aea612e2af70e1bfaa226,1.000,416,1,416,416,1,416,416,5.091E-268,815,1.000,1.000,ac72c071b70e39e7278f023142f2101331ffc59a604aea612e2af70e1bfaa226,1.000,416,1,416,416,1,416,416,5.091E-268,815,1.000,1.000,at_least_80pct,True
acb108c3f9cb076e216a76b8e90d05266c565f46e58e73dba0362a9119696fee,0,,,,,,,,,,,,,,,,,,,,,,,,,,,no_qualifying_hit,False
accba87058c75cca3f374c1b0d04488a62dc98c19ea3426f7ef8c6a874de8787,0,,,,,,,,,,,,,,,,,,,,,,,,,,,no_qualifying_hit,False
aced267a13020f233bccff50850b39f807d932ee6359b094a2d4748040db6877,1,63a5f005e6d69d4474a612df7d62427e15d7bb32c3545ad7f2a3d20c58ad54f1,0.238,441,330,770,805,285,713,745,1.025E-18,90,0.548,0.576,,,,,,,,,,,,,,no_qualifying_hit,False
ad8131d16e675cacfa8f416b75b9afc9823a82cfab1708a08275fe87839572c5,1,ad8131d16e675cacfa8f416b75b9afc9823a82cfab1708a08275fe87839572c5,1.000,245,1,245,245,1,245,245,4.633E-154,476,1.000,1.000,ad8131d16e675cacfa8f416b75b9afc9823a82cfab1708a08275fe87839572c5,1.000,245,1,245,245,1,245,245,4.633E-154,476,1.000,1.000,at_least_80pct,True
ae0af77fa5d9df72e097141930235abef21acb0deb0dda4f170d1fdaf585e770,9,1e14dcfe3014c6fd154735997680247ebf801718e67ac2416759cfb052fde797,0.293,141,161,301,534,339,470,890,8.769E-12,66,0.264,0.148,,,,,,,,,,,,,,no_qualifying_hit,False
ae24bc70903fd8fc95cee3bcf83ce73748174e4e262801dbbeda0ee8f16e1bbc,61,ae24bc70903fd8fc95cee3bcf83ce73748174e4e262801dbbeda0ee8f16e1bbc,1.000,304,1,304,304,1,304,304,4.262E-190,584,1.000,1.000,ae24bc70903fd8fc95cee3bcf83ce73748174e4e262801dbbeda0ee8f16e1bbc,1.000,304,1,304,304,1,304,304,4.262E-190,584,1.000,1.000,at_least_80pct,True
ae46d5d5cdd2bff208f601218956dd6889e2b9db2789b4a6ad7b0e3ab63cba4f,0,,,,,,,,,,,,,,,,,,,,,,,,,,,no_qualifying_hit,False
ae4bec2bfca43ca7d2a710719dd5f37743d7f00519ebc45616d9c09a6d0b27cd,6,ae4bec2bfca43ca7d2a710719dd5f37743d7f00519ebc45616d9c09a6d0b27cd,1.000,497,1,497,497,1,497,497,0.000E+00,1058,1.000,1.000,ae4bec2bfca43ca7d2a710719dd5f37743d7f00519ebc45616d9c09a6d0b27cd,1.000,497,1,497,497,1,497,497,0.000E+00,1058,1.000,1.000,at_least_80pct,True
aeb51baa4ee43159121391177e74bfffae3b5d9ec960d7e97337d1eaeb0f3b2f,0,,,,,,,,,,,,,,,,,,,,,,,,,,,no_qualifying_hit,False
aebedfe9244f61ece01855edf48e97f36b8e2de85d01c3174aaf8281ecbbc6a3,0,,,,,,,,,,,,,,,,,,,,,,,,,,,no_qualifying_hit,False
af02534b341728c2b9128974015c6fe6eb39cf08a8af73f70a1c2442f26e50b4,1,af02534b341728c2b9128974015c6fe6eb39cf08a8af73f70a1c2442f26e50b4,1.000,199,1,199,199,1,199,199,3.051E-126,393,1.000,1.000,af02534b341728c2b9128974015c6fe6eb39cf08a8af73f70a1c2442f26e50b4,1.000,199,1,199,199,1,199,199,3.051E-126,393,1.000,1.000,at_least_80pct,True
af725217bb2cbba16b5cb024e57e7ad4d17c8619f19706c20724a1b38ecc5f38,0,,,,,,,,,,,,,,,,,,,,,,,,,,,no_qualifying_hit,False
af9729d076bfbf47a7ac6fbd93be01563f0d6454978081683d5c708183283768,0,,,,,,,,,,,,,,,,,,,,,,,,,,,no_qualifying_hit,False
b003a8087b7ff478cebbfd21b06e20ba4183e39c3c1e69b2a725a363784f162e,0,,,,,,,,,,,,,,,,,,,,,,,,,,,no_qualifying_hit,False
b00d7a8f5b64a0453cdb612190553893402eda54581955af26aa07b415ab2147,1,5e62901219bb847a8df95a2c7be5b95ea2e1b083c310dfb5124f8a0f2a93f876,0.238,125,13,137,589,116,236,529,6.164E-09,57,0.212,0.229,,,,,,,,,,,,,,no_qualifying_hit,False
b06c736fe05cb640feb4531a5f86b44d2a704e4ded3c616f7006b3d30cb3e953,1,b06c736fe05cb640feb4531a5f86b44d2a704e4ded3c616f7006b3d30cb3e953,1.000,561,1,561,561,1,561,561,0.000E+00,1156,1.000,1.000,b06c736fe05cb640feb4531a5f86b44d2a704e4ded3c616f7006b3d30cb3e953,1.000,561,1,561,561,1,561,561,0.000E+00,1156,1.000,1.000,at_least_80pct,True
b0a74f6ce4ec1827e15043ff49b27995b5224dda9fd665c4c8d73692b72e47d9,46,b0a74f6ce4ec1827e15043ff49b27995b5224dda9fd665c4c8d73692b72e47d9,1.000,653,1,653,653,1,653,653,0.000E+00,1321,1.000,1.000,b0a74f6ce4ec1827e15043ff49b27995b5224dda9fd665c4c8d73692b72e47d9,1.000,653,1,653,653,1,653,653,0.000E+00,1321,1.000,1.000,at_least_80pct,True
b0d50f43bf5b7275c74b6297592921561bd92f1986279efd209329b04404887c,0,,,,,,,,,,,,,,,,,,,,,,,,,,,no_qualifying_hit,False
b0ee6c9541c18a100071428ee00de4e196d35215876551dfb45b94451b1cbe4d,1,b0ee6c9541c18a100071428ee00de4e196d35215876551dfb45b94451b1cbe4d,1.000,614,1,614,614,1,614,614,0.000E+00,1188,1.000,1.000,b0ee6c9541c18a100071428ee00de4e196d35215876551dfb45b94451b1cbe4d,1.000,614,1,614,614,1,614,614,0.000E+00,1188,1.000,1.000,at_least_80pct,True
b15b9a8fcf3a7d08e81415bbf40dc24952be1055a43a90bddd29a40c9182b2b0,7,f7378b5dc0b49c20b4c87182c12ba200840536589ae654e756720eaf78a88977,0.244,483,35,517,517,26,508,508,5.208E-38,149,0.934,0.951,f7378b5dc0b49c20b4c87182c12ba200840536589ae654e756720eaf78a88977,0.244,483,35,517,517,26,508,508,5.208E-38,149,0.934,0.951,below_30pct,False
b1941a50e3e5679e5bc92f860be4f08d487c7f8a64a3fe9140d75d07d740c0f1,16,b1941a50e3e5679e5bc92f860be4f08d487c7f8a64a3fe9140d75d07d740c0f1,1.000,870,1,870,870,1,870,870,0.000E+00,1799,1.000,1.000,b1941a50e3e5679e5bc92f860be4f08d487c7f8a64a3fe9140d75d07d740c0f1,1.000,870,1,870,870,1,870,870,0.000E+00,1799,1.000,1.000,at_least_80pct,True
b1ec8ec1b99bae87041732cda17d826484b4337f38450a777307430750cb7596,6,43693e4136558f6bd5aba7715584408ce54bf44889178370d04c3aca47639bf7,0.960,76,1,76,152,1,76,128,1.489E-41,147,0.500,0.594,,,,,,,,,,,,,,no_qualifying_hit,False
b1f11212b81efaeade1960611c2faee71c07886ac3bd7411583a4bc9800ad5e1,4,5ed67168e66267e7ecede171c8737f22ec760d1e287a1395df8b6ef447b1cd8c,0.368,57,6,61,804,375,431,835,3.444E-07,52,0.070,0.068,,,,,,,,,,,,,,no_qualifying_hit,False
b1fb8b8ca7dfa517d0939bb2514904d11c44942847d4939f6fc934730f98678e,1,f0846427bca67772ca73d932635628dc8164559d9c509751b693ed302ab26553,0.308,197,9,194,270,7,203,313,5.031E-11,61,0.689,0.629,,,,,,,,,,,,,,no_qualifying_hit,False
b20ab7bb0ec304acb914144b7b3c69cefc96089f5d49ceac483a10085b7dff54,0,,,,,,,,,,,,,,,,,,,,,,,,,,,no_qualifying_hit,False
b2156d328fb558456f044377e5a600f78bff725daaba12713439d401225bca40,0,,,,,,,,,,,,,,,,,,,,,,,,,,,no_qualifying_hit,False
b22ca59d454c26e6229f24c07fe92dad680942065eff7e95c2205100f2f7e9e8,0,,,,,,,,,,,,,,,,,,,,,,,,,,,no_qualifying_hit,False
b22e0196cec98fb4d9fb9b2d62df5840355d97f42cc643ed84c1f24baa390c8b,2,25c30a5c1a74e65251e97a3f45f023bdd42eb71516379b015bb7520ea2918205,0.351,486,15,500,500,19,460,917,7.699E-64,227,0.972,0.482,,,,,,,,,,,,,,no_qualifying_hit,False
b26f487c6bbeb45acdf61a31c315d71738f99ada315a178c80cac6a1254de4f5,4,b26f487c6bbeb45acdf61a31c315d71738f99ada315a178c80cac6a1254de4f5,1.000,292,1,292,292,1,292,292,1.067E-188,579,1.000,1.000,b26f487c6bbeb45acdf61a31c315d71738f99ada315a178c80cac6a1254de4f5,1.000,292,1,292,292,1,292,292,1.067E-188,579,1.000,1.000,at_least_80pct,True
b2a400a826cff07c729443aee7f789ff719264a170d27f2ad97d150920252d80,1,b2a400a826cff07c729443aee7f789ff719264a170d27f2ad97d150920252d80,1.000,295,1,295,295,1,295,295,5.056E-206,629,1.000,1.000,b2a400a826cff07c729443aee7f789ff719264a170d27f2ad97d150920252d80,1.000,295,1,295,295,1,295,295,5.056E-206,629,1.000,1.000,at_least_80pct,True
b2ae0ec1cf4a8dd7c9455be6fc4581abb5767b6a0fb6c6cf8c17ddcc806b3f0c,1,b2ae0ec1cf4a8dd7c9455be6fc4581abb5767b6a0fb6c6cf8c17ddcc806b3f0c,1.000,477,1,477,477,1,477,477,3.637E-313,949,1.000,1.000,b2ae0ec1cf4a8dd7c9455be6fc4581abb5767b6a0fb6c6cf8c17ddcc806b3f0c,1.000,477,1,477,477,1,477,477,3.637E-313,949,1.000,1.000,at_least_80pct,True
b389d84e677cbd4f630da21d41d4de2fa9cb7a9f0a7fb7d58d0b42aa9a52175b,0,,,,,,,,,,,,,,,,,,,,,,,,,,,no_qualifying_hit,False
b38e183c7f2ab595ce6b8682ce8b487d5dcc4589703b0e3240076c42d95e8053,0,,,,,,,,,,,,,,,,,,,,,,,,,,,no_qualifying_hit,False
b3f8bf82d95536b1d830eaa20aa7f27c1b366df8683bae9634ecfdb7c471fbd2,0,,,,,,,,,,,,,,,,,,,,,,,,,,,no_qualifying_hit,False
b457dcdfdde3ef12224358bf2707351d325930305fdfb09932f2a8ffca17b7fe,3,37bc1c034d815504e08d7a1604b16f211148b3c2900abb423c5f3d97a82ad8bb,0.399,240,554,787,876,442,681,775,3.477E-42,167,0.267,0.310,,,,,,,,,,,,,,no_qualifying_hit,False
b493a431a537c53b27c182d4888da25e73960ff18315b777beb1b67d86330b1f,0,,,,,,,,,,,,,,,,,,,,,,,,,,,no_qualifying_hit,False
b4fc93511b787a1abe84ae24113780e01ea9bc75e7c00f887d4ddf4b09731297,0,,,,,,,,,,,,,,,,,,,,,,,,,,,no_qualifying_hit,False
b5489faab538679f60e177a6f18b460f94e59d0691034b95900b7ad457fbc8fe,1,b5489faab538679f60e177a6f18b460f94e59d0691034b95900b7ad457fbc8fe,1.000,180,1,180,180,1,180,180,1.870E-117,367,1.000,1.000,b5489faab538679f60e177a6f18b460f94e59d0691034b95900b7ad457fbc8fe,1.000,180,1,180,180,1,180,180,1.870E-117,367,1.000,1.000,at_least_80pct,True
b5c7fcbfa9e377c640ee5dc1f8083b9f17438313574346cced9774e8bbe36bc3,2,b5c7fcbfa9e377c640ee5dc1f8083b9f17438313574346cced9774e8bbe36bc3,1.000,219,1,219,219,1,219,219,2.613E-141,438,1.000,1.000,b5c7fcbfa9e377c640ee5dc1f8083b9f17438313574346cced9774e8bbe36bc3,1.000,219,1,219,219,1,219,219,2.613E-141,438,1.000,1.000,at_least_80pct,True
b6007ac6b3184aee2e8efd14aebc33ae6586e00ba2236b8bad146592033e8c24,15,086b1123fb8d3e5b8c8cbf4878865068570af55f97fe58ed2c459346d3791ea4,0.230,324,314,615,640,106,429,434,3.076E-16,81,0.472,0.747,,,,,,,,,,,,,,no_qualifying_hit,False
b62d558fa8dc9c2f96ca79e98b94b3c8994ba78d62a0d201d0e8aa655ee93913,0,,,,,,,,,,,,,,,,,,,,,,,,,,,no_qualifying_hit,False
b646e208aaa95ef482698b5393bb863f5d4bfc673ded8dc394cb8f64f3737768,4,35c1e15113e082e8c23f026ab8d75e7110dbaf0e65f748cf3db6cc51babe1f49,0.549,51,31,81,269,243,293,397,3.849E-15,74,0.190,0.128,,,,,,,,,,,,,,no_qualifying_hit,False
b6821c2fb667d169f9faafdf29fdde5c08a0695359d723edd3038db6f11ca181,1,b6821c2fb667d169f9faafdf29fdde5c08a0695359d723edd3038db6f11ca181,1.000,389,1,389,389,1,389,389,1.052E-255,778,1.000,1.000,b6821c2fb667d169f9faafdf29fdde5c08a0695359d723edd3038db6f11ca181,1.000,389,1,389,389,1,389,389,1.052E-255,778,1.000,1.000,at_least_80pct,True
b6953b3bb59638a82071b3ec3111483679293356ed09a7f86e5233e132bef8aa,4,852227f2b5dd4b7d27ed353a65ab1f9e4352804bcbc1ae9dfe496952f0a2e608,0.433,304,3,299,299,70,373,463,2.713E-77,258,0.993,0.657,,,,,,,,,,,,,,no_qualifying_hit,False
b6c1180165210e8b71bfd8e071af04b7477e83a8fc78e0c298f06f816a958331,14,b6c1180165210e8b71bfd8e071af04b7477e83a8fc78e0c298f06f816a958331,1.000,478,1,478,478,1,478,478,0.000E+00,999,1.000,1.000,b6c1180165210e8b71bfd8e071af04b7477e83a8fc78e0c298f06f816a958331,1.000,478,1,478,478,1,478,478,0.000E+00,999,1.000,1.000,at_least_80pct,True
b6dd390514e6958dd653810c552807c302de55d6a77a73865a059494e375c8dc,1,57a176b7d7e4dbc38cee984aa6939488a71c6877a4f2be4cb056454e9d3dc5ed,0.277,264,23,286,290,54,295,297,5.794E-18,83,0.910,0.815,57a176b7d7e4dbc38cee984aa6939488a71c6877a4f2be4cb056454e9d3dc5ed,0.277,264,23,286,290,54,295,297,5.794E-18,83,0.910,0.815,below_30pct,False
b6f5c761aaef6783aacd51476c46bd6748cda1aaf97dda67276d727062571fd5,2,9665c35a14de36da889376c8d6756bec1225c1fc11617d28c696f879890c47e1,0.631,57,7,63,342,25,81,472,3.163E-16,79,0.167,0.121,,,,,,,,,,,,,,no_qualifying_hit,False
b6fa049cf8b141c7b12dd745177fdea30b8362946c607a4df4f51f80dcc368b5,5,f46b91aa3161a0bf81062cb49b2687e721042c3b3915a1f98be05ab377c36ca7,0.477,377,7,383,391,8,368,375,1.072E-113,368,0.964,0.963,f46b91aa3161a0bf81062cb49b2687e721042c3b3915a1f98be05ab377c36ca7,0.477,377,7,383,391,8,368,375,1.072E-113,368,0.964,0.963,30_to_50pct,True
b7b12c7fbe09f2a134061db602aae5508acb62faaea25598da2d3af722799f1d,0,,,,,,,,,,,,,,,,,,,,,,,,,,,no_qualifying_hit,False
b7c66b5f2b484f440d6aeedf9ea0249c68027db20f7e93388dd49971d00c1154,8,5ed67168e66267e7ecede171c8737f22ec760d1e287a1395df8b6ef447b1cd8c,0.385,96,101,194,500,729,824,835,4.060E-15,77,0.188,0.115,,,,,,,,,,,,,,no_qualifying_hit,False
b7d7832863f27ff1ae5855d79c2b2e5fb2ab0179e7dc61844a031c6bf969b165,1,bcad6550571d0a7f7420eb1f39dfe822a06df9217a1164bbb8bc2112684885aa,0.462,336,5,340,354,24,344,348,3.082E-90,298,0.949,0.922,bcad6550571d0a7f7420eb1f39dfe822a06df9217a1164bbb8bc2112684885aa,0.462,336,5,340,354,24,344,348,3.082E-90,298,0.949,0.922,30_to_50pct,True
b837dec0adacb755769db597eb19da349ea5cbaa91c10bbed76a96f35eba1ffd,2,6167d4e5f21ce0170c0431e522fab3056fb1e22c056053cdd63a1f37ee03b872,0.348,89,20,107,118,14,102,107,3.602E-12,60,0.746,0.832,,,,,,,,,,,,,,no_qualifying_hit,False
b84feb47c1620fe15ea6c5eec0240b79df86597ef5c0bf6ef23dc1209316d86a,2,b84feb47c1620fe15ea6c5eec0240b79df86597ef5c0bf6ef23dc1209316d86a,1.000,304,1,304,304,1,304,304,1.263E-197,605,1.000,1.000,b84feb47c1620fe15ea6c5eec0240b79df86597ef5c0bf6ef23dc1209316d86a,1.000,304,1,304,304,1,304,304,1.263E-197,605,1.000,1.000,at_least_80pct,True
b85a75d502d08665f5dfae0bf18f76310df2c4e4b44c68183d6fc7de5a7d4446,0,,,,,,,,,,,,,,,,,,,,,,,,,,,no_qualifying_hit,False
b85fe6e7305344c20f20b53ff21d136890fd544f011356b05ebabe4f6dd446f1,1,c6cb1a46779aa72421ead8dd2c669f67b86be9934f7e3950a2bdd4eb0c725344,0.265,113,329,430,575,464,576,1271,9.821E-05,43,0.177,0.089,,,,,,,,,,,,,,no_qualifying_hit,False
b90e403940419031e30b8fb842fd834012a2310b180195a9b0f03704fbd6472f,0,,,,,,,,,,,,,,,,,,,,,,,,,,,no_qualifying_hit,False
b9dc6a8f7a1509041a14d64f115d725abca7c8640ccb7dd83befb1ce6f679e46,3,31715bb13b7c592c09ee43fc10b3287ec3b408377291cec0469201ff43102c5f,0.307,259,62,320,451,141,382,491,1.500E-26,113,0.574,0.493,,,,,,,,,,,,,,no_qualifying_hit,False
b9dc70709aae861a6079a21c060615a94265dfd4ab7e312d9170555a2623164e,3,6ad334afb5873db84402dbc37777138d5b6f3610d0d0d0b9056a7dc985a2d5c7,0.395,138,1,138,163,44,177,209,5.292E-30,114,0.847,0.641,,,,,,,,,,,,,,no_qualifying_hit,False
b9dfe8002530e117c82909a874b531a0675508a6f5d9883e820dfc610950c899,2,d1cd75a0dd4ecc23a4cf430e9fb3d777e219283d6387f3607588492a4216c201,0.278,610,71,664,670,46,655,658,2.924E-61,224,0.887,0.927,d1cd75a0dd4ecc23a4cf430e9fb3d777e219283d6387f3607588492a4216c201,0.278,610,71,664,670,46,655,658,2.924E-61,224,0.887,0.927,below_30pct,False
babea4a60d6e244e63c729568c9dfe37614f13c2c2134290446d091f6818f0b5,0,,,,,,,,,,,,,,,,,,,,,,,,,,,no_qualifying_hit,False
bac6169d750c6ed701bed347ed820a2b76c48c26db371903b08850a4bd2aec7e,0,,,,,,,,,,,,,,,,,,,,,,,,,,,no_qualifying_hit,False
bae751cba2547be4702fc1249c70389d3917864edb2fa6d52f3ba786071e4d07,14,20b1d844a4e807d675f1306fa0ccc81812fab974f07f50364084687c43491472,0.332,502,336,826,837,36,537,555,6.757E-87,306,0.587,0.905,,,,,,,,,,,,,,no_qualifying_hit,False
baeec9095e1064350a9a11a19261408958ab0c1c82acaa4f5aee7ec7d421cbe0,0,,,,,,,,,,,,,,,,,,,,,,,,,,,no_qualifying_hit,False
bb3455cbaad33f865c363ff09fab0913d27d7960dd57768ca4597468eb52e837,1,e6ad40e04f266fea2f2f415cf7792552399e49fa0293b029f772b04cfe8ae11e,0.441,188,12,199,206,4,191,199,4.260E-48,168,0.913,0.945,e6ad40e04f266fea2f2f415cf7792552399e49fa0293b029f772b04cfe8ae11e,0.441,188,12,199,206,4,191,199,4.260E-48,168,0.913,0.945,30_to_50pct,True
bb59455fb018830bbcf0ec1f998a37aa1366d0c7bf617ad78dc8da298f8d0bd0,1,e6252f97c041a61a52f9a7434b0257e24f28b664349f2b61a644dafd14f0e44f,1.000,212,1,212,212,1,212,597,4.520E-127,396,1.000,0.355,,,,,,,,,,,,,,no_qualifying_hit,False
bb98b3a40aba5735f4248c2039a1f4812c47c7e27288d38309b52ca75c85377b,2,dd73276a874ac8499252e4fe6f7a77ff095b3177c71a809dfcbb2cc928b9e222,0.463,297,6,302,590,4,300,802,1.758E-62,226,0.503,0.370,,,,,,,,,,,,,,no_qualifying_hit,False
bbe3d8192dbc6e76294fa8a1f3df12d6a5dfb2587460421a6c9062ef28ddf53f,1,9ee69612f4a79af9cb723f511cb1f5fccf39459e9a54d97fa4aa95f7d8b94f23,0.648,292,17,308,316,38,326,381,3.154E-111,357,0.924,0.759,,,,,,,,,,,,,,no_qualifying_hit,False
bc5c0189077e8ac050487bfba9ce113303d5dfd48fdbd67edea37d3db6e5d24a,0,,,,,,,,,,,,,,,,,,,,,,,,,,,no_qualifying_hit,False
bcad6550571d0a7f7420eb1f39dfe822a06df9217a1164bbb8bc2112684885aa,1,bcad6550571d0a7f7420eb1f39dfe822a06df9217a1164bbb8bc2112684885aa,1.000,348,1,348,348,1,348,348,1.103E-233,712,1.000,1.000,bcad6550571d0a7f7420eb1f39dfe822a06df9217a1164bbb8bc2112684885aa,1.000,348,1,348,348,1,348,348,1.103E-233,712,1.000,1.000,at_least_80pct,True
bcb754e42e5ad0182d53b02f249035d21a7690d2a7088e150c78f3a5195162bb,7,d0ab90ec41dfb6e98da7a058eb1157f61190d5bddb6f07671e674e95f21efb3b,0.216,428,101,528,530,150,474,475,6.880E-17,83,0.808,0.684,,,,,,,,,,,,,,no_qualifying_hit,False
bcbe22fa1250f8c0239895826e153c97466c3fb9a42d5598d5dd8a6b74ad2358,5,d1c74b70ba2527a9a7c716539b89ee9412e3776f093a609395f2befe5217f76a,0.315,325,4,328,346,3,280,313,4.724E-33,130,0.939,0.888,d1c74b70ba2527a9a7c716539b89ee9412e3776f093a609395f2befe5217f76a,0.315,325,4,328,346,3,280,313,4.724E-33,130,0.939,0.888,30_to_50pct,True
bcf6ee71d024a98c3b7bed058c2e53e13f4bd778e082b4194492f3f5d53f0a89,0,,,,,,,,,,,,,,,,,,,,,,,,,,,no_qualifying_hit,False
bd6503c4229c9b800dedd318be8b5b15202ca7707869a93b220af455ed2ce160,0,,,,,,,,,,,,,,,,,,,,,,,,,,,no_qualifying_hit,False
bd9920df1492fe3016b2aa0ffa8daddccb06bdfdc7e41e61bbd4f82703e11fcf,64,bd9920df1492fe3016b2aa0ffa8daddccb06bdfdc7e41e61bbd4f82703e11fcf,1.000,574,1,574,574,1,574,574,0.000E+00,1186,1.000,1.000,bd9920df1492fe3016b2aa0ffa8daddccb06bdfdc7e41e61bbd4f82703e11fcf,1.000,574,1,574,574,1,574,574,0.000E+00,1186,1.000,1.000,at_least_80pct,True
be800af34bb2ca4f0d0d562f6ec01d6d2a45165be87a32cafd95ca31be068fb4,3,fe856aea3b48a96fdc015363d68387b17b1ceb10deb3f11a0f4936ceb0ea9be2,0.263,264,426,689,780,74,324,472,9.969E-13,70,0.338,0.532,,,,,,,,,,,,,,no_qualifying_hit,False
bec1ca438736bf57db11b6ca2656fc2ccbffc0d13c34dfa16031eced5098af25,1,ac72c071b70e39e7278f023142f2101331ffc59a604aea612e2af70e1bfaa226,0.279,155,2,156,714,5,153,416,4.281E-05,45,0.217,0.358,,,,,,,,,,,,,,no_qualifying_hit,False
bee8ce79d875fda31191fb98e81c4cfe60e54aaf2e2f4916cccce3de2ff0907e,2,239ba259b6fe3d3e714e053d6a93cbb99045f3707cec9c685478670b2753c477,1.000,176,1,176,176,400,575,575,8.215E-118,368,1.000,0.306,,,,,,,,,,,,,,no_qualifying_hit,False
bff2724099e6a1bb33eef9ca1188a25cfcfc68a10972eb8436bdf3899d0d4753,0,,,,,,,,,,,,,,,,,,,,,,,,,,,no_qualifying_hit,False
c06844445d2aa4f0b19b4863e1ae635684c44d4751542b3c0b5124a07148fd04,0,,,,,,,,,,,,,,,,,,,,,,,,,,,no_qualifying_hit,False
c0bfff56b2f15f10dbc1de3227ca11111578d55c9dfbdf3ee3b5ef3f2ce9d9f1,40,38c6292ebae67403a8860dcfb781ffcf08d903d9469d52aa8af6edcc2f00b103,0.496,332,2,333,524,31,326,447,1.828E-92,312,0.634,0.662,,,,,,,,,,,,,,no_qualifying_hit,False
c0ec900832850936af56a3c4ac705f4ef6a4804f55bca8faddef5bdcd086c211,24,0ccce2f7f3ddcabe62ba037745ebfa0cdd24fd54d77b5162ac4146d2672d05d3,0.325,118,5,122,222,841,956,1327,7.925E-11,60,0.532,0.087,,,,,,,,,,,,,,no_qualifying_hit,False
c0fd2e6f2f74c1f1827cc8b97b439f179c9bd79dbcbca97a92ca1b1215c8fe4c,4,c0fd2e6f2f74c1f1827cc8b97b439f179c9bd79dbcbca97a92ca1b1215c8fe4c,1.000,295,1,295,295,1,295,295,1.833E-202,619,1.000,1.000,c0fd2e6f2f74c1f1827cc8b97b439f179c9bd79dbcbca97a92ca1b1215c8fe4c,1.000,295,1,295,295,1,295,295,1.833E-202,619,1.000,1.000,at_least_80pct,True
c10b59902201e1b917e04e67ae8f2102f9d0a15b1279c4eb4a5ccb0cc43cc762,0,,,,,,,,,,,,,,,,,,,,,,,,,,,no_qualifying_hit,False
c12aef9dc735168a00d5c24cac60be209eec7f8baf67521179a28bd085e608c2,5,c12aef9dc735168a00d5c24cac60be209eec7f8baf67521179a28bd085e608c2,1.000,308,1,308,308,1,308,308,9.834E-200,612,1.000,1.000,c12aef9dc735168a00d5c24cac60be209eec7f8baf67521179a28bd085e608c2,1.000,308,1,308,308,1,308,308,9.834E-200,612,1.000,1.000,at_least_80pct,True
c13e7af9a4ae28bc3a22bf6e653c886240829509f81ff23feba88bbc4a7bbe82,0,,,,,,,,,,,,,,,,,,,,,,,,,,,no_qualifying_hit,False
c15931179e4c610c19e0c6b821bfa17b05a9390cc95625bd75cb2d058eebe165,20,c15931179e4c610c19e0c6b821bfa17b05a9390cc95625bd75cb2d058eebe165,1.000,777,1,777,777,1,777,777,0.000E+00,1485,1.000,1.000,c15931179e4c610c19e0c6b821bfa17b05a9390cc95625bd75cb2d058eebe165,1.000,777,1,777,777,1,777,777,0.000E+00,1485,1.000,1.000,at_least_80pct,True
c1be44dae7945d2b93bb5e6242dc8e0897109aca414465e6ab5f0a2530b90077,3,c5696c6d8de279057881efb46a28a4ec27018b4790f64c0609f969346774fe2a,0.322,788,89,876,876,360,1093,1093,2.220E-123,417,0.900,0.672,,,,,,,,,,,,,,no_qualifying_hit,False
c21586778fc6921b8c69a04d62b220d78cd78fa200442f7933bfd332e004f93d,1,5a80bc5dcf2b49d53b124d5b09c4a60fe703f09678e93bd1e8d1c505473bacda,0.240,372,81,452,453,29,341,410,1.978E-17,84,0.821,0.763,,,,,,,,,,,,,,no_qualifying_hit,False
c2556914ed25faa26f1932ee55fe0de707ff6c2c9aad8b0eb90c1eae85ac01e5,3,c2556914ed25faa26f1932ee55fe0de707ff6c2c9aad8b0eb90c1eae85ac01e5,1.000,767,1,767,767,1,767,767,0.000E+00,1590,1.000,1.000,c2556914ed25faa26f1932ee55fe0de707ff6c2c9aad8b0eb90c1eae85ac01e5,1.000,767,1,767,767,1,767,767,0.000E+00,1590,1.000,1.000,at_least_80pct,True
c334d9db9b9e4a6e1983f136252b76bd5b2727318012950784e8523cd0f3b7b0,7,d0ab90ec41dfb6e98da7a058eb1157f61190d5bddb6f07671e674e95f21efb3b,0.216,428,113,540,542,150,474,475,7.232E-17,83,0.790,0.684,,,,,,,,,,,,,,no_qualifying_hit,False
c3401e8e173d2f8b49c12785473f9dcb97bf6d7dfc565ed40af4b170bda66abc,2,c3401e8e173d2f8b49c12785473f9dcb97bf6d7dfc565ed40af4b170bda66abc,1.000,779,1,779,779,1,779,779,0.000E+00,1439,1.000,1.000,c3401e8e173d2f8b49c12785473f9dcb97bf6d7dfc565ed40af4b170bda66abc,1.000,779,1,779,779,1,779,779,0.000E+00,1439,1.000,1.000,at_least_80pct,True
c38bb19a19f36aa4028af9578f75d130b07695f6c676ed83bd14fb93f4741180,0,,,,,,,,,,,,,,,,,,,,,,,,,,,no_qualifying_hit,False
c418087c71935b1a357ab4d11c9539b8c9eeeedb87a46f232455db8e992dd8fb,3,c418087c71935b1a357ab4d11c9539b8c9eeeedb87a46f232455db8e992dd8fb,1.000,236,1,236,236,1,236,236,1.711E-148,460,1.000,1.000,c418087c71935b1a357ab4d11c9539b8c9eeeedb87a46f232455db8e992dd8fb,1.000,236,1,236,236,1,236,236,1.711E-148,460,1.000,1.000,at_least_80pct,True
c46466894cfb79037a4964fd73012f5ca6d99793805f66cedc37dfe2e0078269,0,,,,,,,,,,,,,,,,,,,,,,,,,,,no_qualifying_hit,False
c4b24fdbcbdf13c2bfad3ccad326c2726d814f30ea39be8132d9bccb763db4cd,1,ad257633670fa58dc73c82c7c2447ad7e11f84627b69f6996c9ffa9d3d5ab665,1.000,747,1,747,751,1,747,915,0.000E+00,1348,0.995,0.816,ad257633670fa58dc73c82c7c2447ad7e11f84627b69f6996c9ffa9d3d5ab665,1.000,747,1,747,751,1,747,915,0.000E+00,1348,0.995,0.816,at_least_80pct,True
c50715023e9295db76057feccfc45a5fe323d8d65961b111737041531f231868,1,2de3542b584807289698df675b665a2d0dfd1e2fcee40bb75106a4bb0cf29552,0.486,342,38,379,393,41,376,386,8.845E-100,327,0.870,0.870,2de3542b584807289698df675b665a2d0dfd1e2fcee40bb75106a4bb0cf29552,0.486,342,38,379,393,41,376,386,8.845E-100,327,0.870,0.870,30_to_50pct,True
c521bd57c3f6231de283ad98d60bc0772b856fc4c1209b7e2769b7dbd6e79e81,6,3b2738db2613269fe3b02af169ebdf167f141bda0fa98753846c97a5f58367e2,0.384,693,6,650,693,5,697,840,1.435E-135,445,0.931,0.825,3b2738db2613269fe3b02af169ebdf167f141bda0fa98753846c97a5f58367e2,0.384,693,6,650,693,5,697,840,1.435E-135,445,0.931,0.825,30_to_50pct,True
c64f538183f7988e01decfa88a8369d0b9e546dba0367b2996dad119afc1a98b,0,,,,,,,,,,,,,,,,,,,,,,,,,,,no_qualifying_hit,False
c66058c85f12d9c1d69ca30ea953f0d71111b3c455d7b32c83fee3a86e626eac,2,c66058c85f12d9c1d69ca30ea953f0d71111b3c455d7b32c83fee3a86e626eac,1.000,357,1,357,357,1,357,357,1.452E-238,726,1.000,1.000,c66058c85f12d9c1d69ca30ea953f0d71111b3c455d7b32c83fee3a86e626eac,1.000,357,1,357,357,1,357,357,1.452E-238,726,1.000,1.000,at_least_80pct,True
c6974f575b410b42576574ffafb181e1c1f4e336d49799f336b7a4a88c6538bf,1,e4c05cbd97774cd66bd6f305243cb458797f5832cb12c724ca71a056679ef6d3,0.948,445,1,422,422,1,445,445,1.810E-261,796,1.000,1.000,e4c05cbd97774cd66bd6f305243cb458797f5832cb12c724ca71a056679ef6d3,0.948,445,1,422,422,1,445,445,1.810E-261,796,1.000,1.000,at_least_80pct,True
c6c1e27f7571798600d9d32a93b24642348937810df7f99894d887698c6e06b1,4,bd861d923dd9f5341b6782a44062f81b72680a4aae46f985f8ba44fe86b22c49,0.983,1955,1,1923,1936,69,2023,2099,0.000E+00,3829,0.993,0.931,bd861d923dd9f5341b6782a44062f81b72680a4aae46f985f8ba44fe86b22c49,0.983,1955,1,1923,1936,69,2023,2099,0.000E+00,3829,0.993,0.931,at_least_80pct,True
c6c48d5670993790d12076b005f492cc92bfa39e762eb8d3689cbc1e9c1a6736,0,,,,,,,,,,,,,,,,,,,,,,,,,,,no_qualifying_hit,False
c6c98691279234b2b1e23a803aada709a14879c8cad96b8e06d72c62d9e5e3ad,0,,,,,,,,,,,,,,,,,,,,,,,,,,,no_qualifying_hit,False
c6ebdc4f2125dc2b0a50c7d35e07e81863cbb4bde86d816b8cd367e860b2cf26,0,,,,,,,,,,,,,,,,,,,,,,,,,,,no_qualifying_hit,False
c7db64e4b49abf3ee7e8b09bf302cc2ec2d6becb3e6925e6d987198733820f4e,0,,,,,,,,,,,,,,,,,,,,,,,,,,,no_qualifying_hit,False
c81a18b255a2039a9035cac1258b750e852013d7015d36f5d2d5f7fd5fe4233f,0,,,,,,,,,,,,,,,,,,,,,,,,,,,no_qualifying_hit,False
c874fa9e2dd70dfb90cc6b3b9b705691233a14dd58a7635c107815edf8adade3,1,c874fa9e2dd70dfb90cc6b3b9b705691233a14dd58a7635c107815edf8adade3,1.000,598,1,598,598,1,598,598,0.000E+00,1217,1.000,1.000,c874fa9e2dd70dfb90cc6b3b9b705691233a14dd58a7635c107815edf8adade3,1.000,598,1,598,598,1,598,598,0.000E+00,1217,1.000,1.000,at_least_80pct,True
c87ba5d94cdb6e81389076946ffe24d9e1e8625e8b8e92e74d5f83ce61d69a48,0,,,,,,,,,,,,,,,,,,,,,,,,,,,no_qualifying_hit,False
c8c9ae49cb8dcf9788b58bd1bbd8367d76101043dcf1a1a2244e158858f921e0,2,c79f2efc761cd38e327009bc20b51d3697ce48723a2951395e64dfbd1fc52f5b,0.253,126,126,251,306,440,561,808,2.073E-04,41,0.412,0.151,,,,,,,,,,,,,,no_qualifying_hit,False
c91f387d6cb02a8334f17cb2e0cace199ee8f9cb09be580c9af0496c7c0a08a4,0,,,,,,,,,,,,,,,,,,,,,,,,,,,no_qualifying_hit,False
c9b11f22a33fb82d1f31185d313869f0afff01b00746379e896e7d63570e3f00,7,efd4e2536795bf1eaafa6b87cbe22386e17efc2f1aef3ee8b66c0cbc282daf19,0.578,249,4,252,254,3,248,248,6.280E-88,286,0.980,0.992,efd4e2536795bf1eaafa6b87cbe22386e17efc2f1aef3ee8b66c0cbc282daf19,0.578,249,4,252,254,3,248,248,6.280E-88,286,0.980,0.992,50_to_80pct,True
c9e06685687023a01ceb84e69a5582f3a970f7d9c1e91259ac5c3ae2a1ef17d1,0,,,,,,,,,,,,,,,,,,,,,,,,,,,no_qualifying_hit,False
ca7335534706eaee0b3285e2bf144847454e478d92fb6f4aabbe2b78450349a2,1,b606c098eae182300f53c1c144db0b2dcc69e268edb382758e324acb4ebe6ea2,0.242,287,58,344,490,145,418,1046,5.690E-08,53,0.586,0.262,,,,,,,,,,,,,,no_qualifying_hit,False
caa30446ebda2de2cbadb68d8e056e87b920fb58c6176981a4cd4d62601bd431,2,81eb611d30306ee22b5814219bbbc937c6691d4393f94814a6e836cb11dcf2da,0.268,261,69,329,397,75,315,325,2.992E-20,92,0.657,0.742,,,,,,,,,,,,,,no_qualifying_hit,False
caf4d85e3086d7b83a32e29a4e9da3d958ab3626c9a2e88e9a5294433643c21b,0,,,,,,,,,,,,,,,,,,,,,,,,,,,no_qualifying_hit,False
cb28ba57257e39e09d34c14a9765ce24b7a410aeffad1f665adc96f57565ebd3,1,76f19ca75f567d74495201b75006c59ec68e4ca1d15e5c63a5ee93f4fda4d89e,0.428,49,57,105,110,35,80,86,4.631E-05,39,0.445,0.535,,,,,,,,,,,,,,no_qualifying_hit,False
cb59554f2a84e51401d3f685134479ae36055282873939c2ec09c7fa92db8da4,0,,,,,,,,,,,,,,,,,,,,,,,,,,,no_qualifying_hit,False
cb982a1108177ba72ae0e8db6602a67c69d1dd0d83193fedf6c3713004680116,4,f5544445a626ddfd801b50c219e328cd2f53e31f4165524fba01f1a3d212c6b9,0.343,286,52,337,340,92,351,355,2.135E-31,125,0.841,0.732,,,,,,,,,,,,,,no_qualifying_hit,False
ccc2025ca5d4ac8e53c622aa753c05cf7fc4e7db545988000857d52f1c276a66,1,ccc2025ca5d4ac8e53c622aa753c05cf7fc4e7db545988000857d52f1c276a66,1.000,377,1,377,377,1,377,377,1.304E-250,762,1.000,1.000,ccc2025ca5d4ac8e53c622aa753c05cf7fc4e7db545988000857d52f1c276a66,1.000,377,1,377,377,1,377,377,1.304E-250,762,1.000,1.000,at_least_80pct,True
ccce9788f3915b66b10c95984805423f74edfc35c20dbe56dbd8840477ad22bc,0,,,,,,,,,,,,,,,,,,,,,,,,,,,no_qualifying_hit,False
ccf8ce9646175f86a25bb96717345d33bc77e557d7ce6964a5a216585e55d98e,0,,,,,,,,,,,,,,,,,,,,,,,,,,,no_qualifying_hit,False
cd390cd121a89a5dd0bc34d8204b6054afb295bd6b1413461b6b373949938b37,16,7341d58d5cf31caddba1878d79b58410114183acc182211aa986f1880eb1b34f,0.254,167,98,256,906,185,351,2320,2.819E-12,69,0.175,0.072,,,,,,,,,,,,,,no_qualifying_hit,False
cd6611372c537cc8f71aa5635ce2374a756298982f561e4aa9bb734254e754e6,1,cd6611372c537cc8f71aa5635ce2374a756298982f561e4aa9bb734254e754e6,1.000,228,1,228,228,1,228,228,2.282E-155,479,1.000,1.000,cd6611372c537cc8f71aa5635ce2374a756298982f561e4aa9bb734254e754e6,1.000,228,1,228,228,1,228,228,2.282E-155,479,1.000,1.000,at_least_80pct,True
cd72f0041c68701d9e1d48fa8ebed61b74190028ed4d76dc670f5f2380789989,1,cd72f0041c68701d9e1d48fa8ebed61b74190028ed4d76dc670f5f2380789989,1.000,369,1,369,369,1,369,369,2.094E-249,758,1.000,1.000,cd72f0041c68701d9e1d48fa8ebed61b74190028ed4d76dc670f5f2380789989,1.000,369,1,369,369,1,369,369,2.094E-249,758,1.000,1.000,at_least_80pct,True
cd75cd08c87c1549b6186b8c94c436b4f9de10c62b7907e90bc47d22c2386429,0,,,,,,,,,,,,,,,,,,,,,,,,,,,no_qualifying_hit,False
cdc627d6f20b7cfc8c5c759caa97254602ee85d94e6f1bc2ed6a5e8534481067,0,,,,,,,,,,,,,,,,,,,,,,,,,,,no_qualifying_hit,False
cde3ca990099c3438013585f9897293c2ab5a030adc148dff01db5b59647191c,0,,,,,,,,,,,,,,,,,,,,,,,,,,,no_qualifying_hit,False
ce2327255dd514b0cb7f89f4cc4d60928af1a2111860979b919d44a408827971,0,,,,,,,,,,,,,,,,,,,,,,,,,,,no_qualifying_hit,False
ce43a7927f884e8d4b6b2dd6e2b06aeed40f924a399cb58e6e930d787faf22a9,141,87fcff83bbedca4907248b12ff28c75d4d5b827c34587504b9020f8c8b2b346b,0.315,632,62,693,705,39,642,646,1.520E-85,298,0.896,0.935,87fcff83bbedca4907248b12ff28c75d4d5b827c34587504b9020f8c8b2b346b,0.315,632,62,693,705,39,642,646,1.520E-85,298,0.896,0.935,30_to_50pct,True
ceaeb2122837178fe425d85d817133a0672e06bfa422e56285ea20a14bc6d895,0,,,,,,,,,,,,,,,,,,,,,,,,,,,no_qualifying_hit,False
cef4eef467ac33f4ed2cda7dc41de9384da7c7977dd582a7605e7ce345ce8aea,1,2b18e8f232f7c24c45ddd9f99f588dd34e6171df8efb4bcc3a6c0079292fdefa,0.216,360,101,460,465,70,382,387,5.989E-10,60,0.774,0.809,,,,,,,,,,,,,,no_qualifying_hit,False
cf1f213aba8456cec5fbf5f0a9ec004133274cbd8535e040c2f21252e7253e56,0,,,,,,,,,,,,,,,,,,,,,,,,,,,no_qualifying_hit,False
cf43e560fce528550f946e87cfc77ecf063bcbb950605fd9fa439eac83c8e1bf,2,3535c19d6bf82ce7ac0e6ccfd5b0d819bd2c0b115a67d0b2a8e2d37e42f0eb0d,0.355,237,1,237,246,1,237,245,1.037E-36,137,0.963,0.967,3535c19d6bf82ce7ac0e6ccfd5b0d819bd2c0b115a67d0b2a8e2d37e42f0eb0d,0.355,237,1,237,246,1,237,245,1.037E-36,137,0.963,0.967,30_to_50pct,True
cf5bb972e320ce3362cc90560e552ab80dd09dbc0df9369b84d11bbeaf8c9ea5,0,,,,,,,,,,,,,,,,,,,,,,,,,,,no_qualifying_hit,False
cf6babbf30bac15ad45ae49ca18f728c673cb8184297980615ab435ca8a5f0db,3,016c59e3a8d1b9dce396039892230a953410ecdd19a0ac7a0cd83e0c45537eba,0.497,765,4,768,768,9,765,765,8.448E-235,738,0.996,0.990,c2556914ed25faa26f1932ee55fe0de707ff6c2c9aad8b0eb90c1eae85ac01e5,0.500,762,4,765,768,9,764,767,1.580E-234,737,0.992,0.986,50_to_80pct,True
cf91b4c59edaf90cca66b436e170d980254b8459f21b45789691b88e2ac340a6,12,7341d58d5cf31caddba1878d79b58410114183acc182211aa986f1880eb1b34f,0.255,220,255,464,465,176,395,2320,3.600E-16,80,0.452,0.095,,,,,,,,,,,,,,no_qualifying_hit,False
d0356f274026d4bca67238ca58bacead0e07ca52e6b665a9c67462c49c25fee2,0,,,,,,,,,,,,,,,,,,,,,,,,,,,no_qualifying_hit,False
d0968c860802b7930450b15a40fd74a0e8a072d4fea27092e47ede4ca726d19e,21,00a3061b1999f70db08972e8ddfa7d76ebb4aef833a5b6e358be2082fcb00b95,0.239,337,278,554,554,1050,1386,1832,7.287E-30,124,0.500,0.184,,,,,,,,,,,,,,no_qualifying_hit,False
d0a383ab98778a88f5f5507977c7e6182cae1c3ce0c7ea92e3f05cd668c8e6b1,1,f0846427bca67772ca73d932635628dc8164559d9c509751b693ed302ab26553,0.254,221,10,220,297,8,228,313,9.221E-09,55,0.710,0.706,,,,,,,,,,,,,,no_qualifying_hit,False
d0c98517456db35f2dde796c4f83fb94b9754a819d29105c6c486ed997b84c6b,0,,,,,,,,,,,,,,,,,,,,,,,,,,,no_qualifying_hit,False
d17b6631c880902a5b5ba7ece1633c26401333ee8ad2b5f551407c3b4b8a0553,0,,,,,,,,,,,,,,,,,,,,,,,,,,,no_qualifying_hit,False
d1bf0cef15b14d1b0bb645050f1da2e1a5f4ea0792bb95e5a81e143f6c0b58fe,0,,,,,,,,,,,,,,,,,,,,,,,,,,,no_qualifying_hit,False
d1c74b70ba2527a9a7c716539b89ee9412e3776f093a609395f2befe5217f76a,6,d1c74b70ba2527a9a7c716539b89ee9412e3776f093a609395f2befe5217f76a,1.000,313,1,313,313,1,313,313,4.384E-199,610,1.000,1.000,d1c74b70ba2527a9a7c716539b89ee9412e3776f093a609395f2befe5217f76a,1.000,313,1,313,313,1,313,313,4.384E-199,610,1.000,1.000,at_least_80pct,True
d1cdefbc85a0d10998dfc3f22a237b36e111ccc312a14686a3921d73a0279ddf,6,d1cdefbc85a0d10998dfc3f22a237b36e111ccc312a14686a3921d73a0279ddf,1.000,315,1,315,315,1,315,315,1.060E-216,661,1.000,1.000,d1cdefbc85a0d10998dfc3f22a237b36e111ccc312a14686a3921d73a0279ddf,1.000,315,1,315,315,1,315,315,1.060E-216,661,1.000,1.000,at_least_80pct,True
d1fed40565c9b3a3f870297d91344285c7e9d4e9187dd6b89e76ce46064853d4,2,086b1123fb8d3e5b8c8cbf4878865068570af55f97fe58ed2c459346d3791ea4,0.226,355,61,415,431,87,426,434,5.173E-16,79,0.824,0.783,,,,,,,,,,,,,,no_qualifying_hit,False
d264e1d4490c29b89a112d4c4dbb1cb6ba24661162c9b07a79fc7c7a2409311b,4,44e9ab39df2a6bca60e99b8abd3fb0e629e4a9ea3e298ea87e27357577e3d082,0.424,139,1,133,138,1,139,139,2.460E-26,102,0.964,1.000,44e9ab39df2a6bca60e99b8abd3fb0e629e4a9ea3e298ea87e27357577e3d082,0.424,139,1,133,138,1,139,139,2.460E-26,102,0.964,1.000,30_to_50pct,True
d2673f3eec6c5a01ead7679c23d721e1243f994a131a87af905c31508937ffc9,0,,,,,,,,,,,,,,,,,,,,,,,,,,,no_qualifying_hit,False
d268e7e62d140359fb44c0b3bcde585a58218e9791d8cd10629257eae23c6376,1,d268e7e62d140359fb44c0b3bcde585a58218e9791d8cd10629257eae23c6376,1.000,168,1,168,168,1,168,168,1.027E-110,347,1.000,1.000,d268e7e62d140359fb44c0b3bcde585a58218e9791d8cd10629257eae23c6376,1.000,168,1,168,168,1,168,168,1.027E-110,347,1.000,1.000,at_least_80pct,True
d27874eaa68872d3fa83284eb78dae252e1216e908886e404ac811bd5dbbb896,4,df7238a5fa109da815a4fbd3f146393014024a41db37bb8a29071a55a8e6ac1d,0.522,109,1,109,110,1,108,108,1.162E-31,116,0.991,1.000,df7238a5fa109da815a4fbd3f146393014024a41db37bb8a29071a55a8e6ac1d,0.522,109,1,109,110,1,108,108,1.162E-31,116,0.991,1.000,50_to_80pct,True
d2a154f093232cf2a5b9fc7f5248012d18e7901d829746567585298ff1916a34,0,,,,,,,,,,,,,,,,,,,,,,,,,,,no_qualifying_hit,False
d2beb27ac5a09febc84420be765fee8dc920f861f24679e39b3493644dff67cc,0,,,,,,,,,,,,,,,,,,,,,,,,,,,no_qualifying_hit,False
d2f151b76fa3681544f53ac7a8eb80dbdcc90a61d618267121f2a85015341005,2,b094e2df5fc99cdea70574b5d502febbb8e55e3716912528fdf162944b905104,0.258,284,6,289,326,27,280,436,4.997E-10,59,0.871,0.583,,,,,,,,,,,,,,no_qualifying_hit,False
d30d4e4bb07f4124a751838c52f65d18e3bde9b3c4ea3f004cf8e1c79e390c41,0,,,,,,,,,,,,,,,,,,,,,,,,,,,no_qualifying_hit,False
d330dcaaff474020d8d834a26cad262282d27b95631c9561cf4c1cb8d4e86534,4,bd07a8a21e183539dae56b9b0b6c250012fc8b789420e4cf2238388819bde15e,0.274,214,190,403,418,150,352,394,8.620E-10,59,0.512,0.515,,,,,,,,,,,,,,no_qualifying_hit,False
d35f94ce5f3b3680ed48df2745f56f70a576afcc33089da232227ccebd07bc68,17,964648eb0a84a59a5448cd47227bece6e0e3b9d2e09846e5f4cff9ed6d9b9613,0.568,51,581,631,633,496,545,550,9.035E-09,57,0.081,0.091,,,,,,,,,,,,,,no_qualifying_hit,False
d3cb9d8afaab46aceb5b99a2950afc9cc007350b86ccd82ff197396862413549,0,,,,,,,,,,,,,,,,,,,,,,,,,,,no_qualifying_hit,False
d3f29385c08c0e4493517cf582af806f8d803c7c3625360208959763e67e2039,0,,,,,,,,,,,,,,,,,,,,,,,,,,,no_qualifying_hit,False
d3ff72f99e1818203128d8282c195c27b514236515c9100dc7363ba990f85472,0,,,,,,,,,,,,,,,,,,,,,,,,,,,no_qualifying_hit,False
d43df946ce149c0e76ee0c9ffc075f9eccc4aa0d004826cce2c37c14472bfd44,0,,,,,,,,,,,,,,,,,,,,,,,,,,,no_qualifying_hit,False
d46d768da670065d51f073a976ef975f993ea66486792aef4ca7e1497706fbc1,0,,,,,,,,,,,,,,,,,,,,,,,,,,,no_qualifying_hit,False
d482d789175e65a23770fe2dfe4c77cdc2113bbad10cab564eaa61596670c2a7,2,973414eac970d61a4a073cb56fd98868f2657bac2e81a6847bf947f8d9a2fab0,0.938,308,1,291,293,1275,1582,1584,2.756E-181,557,0.993,0.194,,,,,,,,,,,,,,no_qualifying_hit,False
d498c40159d7c993d9e7e36afbe2f4921d5e81e6ab08d5388cbab47cc0234a92,5,d498c40159d7c993d9e7e36afbe2f4921d5e81e6ab08d5388cbab47cc0234a92,1.000,375,1,375,375,1,375,375,1.277E-254,774,1.000,1.000,d498c40159d7c993d9e7e36afbe2f4921d5e81e6ab08d5388cbab47cc0234a92,1.000,375,1,375,375,1,375,375,1.277E-254,774,1.000,1.000,at_least_80pct,True
d50e59bd318414d026e46a83efdfc83f5a3734f4938bc3228ecb7644b2288c27,0,,,,,,,,,,,,,,,,,,,,,,,,,,,no_qualifying_hit,False
d535811c44f71ec5df6056b78f458d9e722640252a60f38687d6fb41809c5218,2,d535811c44f71ec5df6056b78f458d9e722640252a60f38687d6fb41809c5218,1.000,419,1,419,419,1,419,419,3.484E-253,772,1.000,1.000,d535811c44f71ec5df6056b78f458d9e722640252a60f38687d6fb41809c5218,1.000,419,1,419,419,1,419,419,3.484E-253,772,1.000,1.000,at_least_80pct,True
d53cc0c3f63d6866967e17510a9a90fbd61c64a39f7e3b0d260e119c8e4be8dc,1,0949de13d2ed928a394e2914534f809b2ef6d823f65084aba899cd4d7792329f,0.991,359,47,402,402,1,359,359,7.508E-227,695,0.886,1.000,0949de13d2ed928a394e2914534f809b2ef6d823f65084aba899cd4d7792329f,0.991,359,47,402,402,1,359,359,7.508E-227,695,0.886,1.000,at_least_80pct,True
d5c903bd0bc94e140fc5ac3514c6ba755efb426024ec00e29718cce6fd21e359,1,d5c903bd0bc94e140fc5ac3514c6ba755efb426024ec00e29718cce6fd21e359,1.000,298,1,298,298,1,298,298,1.460E-208,636,1.000,1.000,d5c903bd0bc94e140fc5ac3514c6ba755efb426024ec00e29718cce6fd21e359,1.000,298,1,298,298,1,298,298,1.460E-208,636,1.000,1.000,at_least_80pct,True
d5e2962e72d744d05935a96a3e9053fa5d8fb87d3a3ee3563652eef281092b04,0,,,,,,,,,,,,,,,,,,,,,,,,,,,no_qualifying_hit,False
d5ecaa68e8af40d79c0ccf57459218a96e06942834f716a0a1a8ddb358551050,2,d5ecaa68e8af40d79c0ccf57459218a96e06942834f716a0a1a8ddb358551050,1.000,325,1,325,325,1,325,325,7.789E-222,676,1.000,1.000,d5ecaa68e8af40d79c0ccf57459218a96e06942834f716a0a1a8ddb358551050,1.000,325,1,325,325,1,325,325,7.789E-222,676,1.000,1.000,at_least_80pct,True
d6321c9b3a59847df79e8f4da9e4c2d4d64d701a66aa303c2a855666134784aa,25,8a86b2197c710a28017e55e8581d2b278513c3b34dbf842489daf33f478f89df,0.315,92,11,102,317,34,123,728,1.475E-11,64,0.290,0.124,,,,,,,,,,,,,,no_qualifying_hit,False
d6e09313bf06978d2e1d98383b2a868aefe13ad56c3d3de99a99524df5368790,10,6518feb7ef47eaa3f757dc29ce752405eb9da543341fcbe34a41aff337b57aad,0.332,410,41,450,511,76,433,480,3.387E-46,174,0.802,0.746,,,,,,,,,,,,,,no_qualifying_hit,False
d7520ea932afc672282c5742619395c7facb30d322a69cb63b467e5a44165ea1,3,d7520ea932afc672282c5742619395c7facb30d322a69cb63b467e5a44165ea1,1.000,502,1,502,502,1,502,502,0.000E+00,1025,1.000,1.000,d7520ea932afc672282c5742619395c7facb30d322a69cb63b467e5a44165ea1,1.000,502,1,502,502,1,502,502,0.000E+00,1025,1.000,1.000,at_least_80pct,True
d7772a1550850db9da4d44713f04424a65773f43011fbbbfa5ef2980e11a515b,13,2f7be940bd2214856b6ad1f790e2d0a2a204ecdb9327ff1e90d5a005a5a22ae1,0.355,180,468,634,666,538,717,750,5.987E-24,106,0.251,0.240,,,,,,,,,,,,,,no_qualifying_hit,False
d7822af1f78a01cd926857746b05da9165be7aa5d4792b0510b86e2c1240b7de,2,d7822af1f78a01cd926857746b05da9165be7aa5d4792b0510b86e2c1240b7de,1.000,1001,1,1001,1001,1,1001,1001,0.000E+00,1851,1.000,1.000,d7822af1f78a01cd926857746b05da9165be7aa5d4792b0510b86e2c1240b7de,1.000,1001,1,1001,1001,1,1001,1001,0.000E+00,1851,1.000,1.000,at_least_80pct,True
d852ec340b184653e8953e07e3a7b0df2998d5d349cf354595ca298286803bfd,7,9ca6faaa1567fbae182aece2eec97c5519c1b1c4ca4dfb08a9b843f9e2207b52,0.992,830,1,830,830,1,824,824,0.000E+00,1645,1.000,1.000,9ca6faaa1567fbae182aece2eec97c5519c1b1c4ca4dfb08a9b843f9e2207b52,0.992,830,1,830,830,1,824,824,0.000E+00,1645,1.000,1.000,at_least_80pct,True
d8a111c657d78c90cd6b3bede1fb93110383b7d0e9654803e1f5fa7ef4b754f6,0,,,,,,,,,,,,,,,,,,,,,,,,,,,no_qualifying_hit,False
d8c81a767fda82bb29a7aa451ca725ac4b4b3f5660a754489017ec60d55f4a73,0,,,,,,,,,,,,,,,,,,,,,,,,,,,no_qualifying_hit,False
d939dd7e5feb3a7206d3cf8e9e2074071938b868bb76d7fb7c14c2b69bbd404d,1,d939dd7e5feb3a7206d3cf8e9e2074071938b868bb76d7fb7c14c2b69bbd404d,1.000,253,1,253,253,1,253,253,2.546E-157,486,1.000,1.000,d939dd7e5feb3a7206d3cf8e9e2074071938b868bb76d7fb7c14c2b69bbd404d,1.000,253,1,253,253,1,253,253,2.546E-157,486,1.000,1.000,at_least_80pct,True
d93d141bf99f66cb7ba873484964dede61a1c09c7a394dc9e3da1393275db6a3,0,,,,,,,,,,,,,,,,,,,,,,,,,,,no_qualifying_hit,False
d9402a56cb7ed71420b72ba5827e9f8a7f7c87b6ab1c1c8dbed0f1f8b5319e18,1,d9402a56cb7ed71420b72ba5827e9f8a7f7c87b6ab1c1c8dbed0f1f8b5319e18,1.000,299,1,299,299,1,299,299,1.345E-187,576,1.000,1.000,d9402a56cb7ed71420b72ba5827e9f8a7f7c87b6ab1c1c8dbed0f1f8b5319e18,1.000,299,1,299,299,1,299,299,1.345E-187,576,1.000,1.000,at_least_80pct,True
d99cf832b8b84bef446037245d90b2cc81b87dfb904c84586cd3099b3b09fb37,7,f7378b5dc0b49c20b4c87182c12ba200840536589ae654e756720eaf78a88977,0.309,494,15,506,522,6,499,508,4.173E-57,207,0.943,0.972,f7378b5dc0b49c20b4c87182c12ba200840536589ae654e756720eaf78a88977,0.309,494,15,506,522,6,499,508,4.173E-57,207,0.943,0.972,30_to_50pct,True
d9b506bb68ca7fea3a8b96368905c6c9f6962717b03a5a88ec81e9c80bc82a1d,3,72a14fa172f29b6c086d2261c00a718479e9a4190ef48e5ab1b3a52dba2c0e43,0.285,450,47,476,593,85,534,708,5.056E-48,182,0.725,0.636,,,,,,,,,,,,,,no_qualifying_hit,False
da005deac1f850b35b4999fc40d84e9bdf8209ed5fce1775eb1b85c323adf730,1,da005deac1f850b35b4999fc40d84e9bdf8209ed5fce1775eb1b85c323adf730,1.000,290,1,290,290,1,290,290,5.173E-189,580,1.000,1.000,da005deac1f850b35b4999fc40d84e9bdf8209ed5fce1775eb1b85c323adf730,1.000,290,1,290,290,1,290,290,5.173E-189,580,1.000,1.000,at_least_80pct,True
da56d97d69ca3d44a23782dfdbeb66ac63e3ccd1548596727de677957e8267a5,10,ffc512c0ac55dbc38cade33eb30a162721133c53852c3333e25b99cdcf02c17e,0.992,1639,1,1639,1639,1,1639,1639,0.000E+00,3230,1.000,1.000,ffc512c0ac55dbc38cade33eb30a162721133c53852c3333e25b99cdcf02c17e,0.992,1639,1,1639,1639,1,1639,1639,0.000E+00,3230,1.000,1.000,at_least_80pct,True
da6f1d4fec04fcc71b62cf6c7cbb0683151b5e29db9653e77276b8f3b27f2774,2,da6f1d4fec04fcc71b62cf6c7cbb0683151b5e29db9653e77276b8f3b27f2774,1.000,331,1,331,331,1,331,331,3.480E-214,655,1.000,1.000,da6f1d4fec04fcc71b62cf6c7cbb0683151b5e29db9653e77276b8f3b27f2774,1.000,331,1,331,331,1,331,331,3.480E-214,655,1.000,1.000,at_least_80pct,True
da95f104f046fb6730841dfc446a15fe7d9046f9049648d70f66bbe98221137a,1,da95f104f046fb6730841dfc446a15fe7d9046f9049648d70f66bbe98221137a,1.000,246,1,246,246,1,246,246,1.388E-164,507,1.000,1.000,da95f104f046fb6730841dfc446a15fe7d9046f9049648d70f66bbe98221137a,1.000,246,1,246,246,1,246,246,1.388E-164,507,1.000,1.000,at_least_80pct,True
da96c7930b5a68957160ca5440e7071b36765ca54548c177e1ef0aac8f1a1b42,0,,,,,,,,,,,,,,,,,,,,,,,,,,,no_qualifying_hit,False
daa4a970cbb5214786fac7f5e18b290ad950f28eab34e11f3955fff5c89b69dc,2,6b5a3c09081d984178ae31ddcc970d827061fa366413c7405c8d9e3e85ae06ff,0.301,658,62,682,753,20,677,747,1.106E-76,273,0.825,0.881,6b5a3c09081d984178ae31ddcc970d827061fa366413c7405c8d9e3e85ae06ff,0.301,658,62,682,753,20,677,747,1.106E-76,273,0.825,0.881,30_to_50pct,True
dab0977fc2ad18a8bd301015b0c11526f089db691198e9bf75aa8757f5e4997b,0,,,,,,,,,,,,,,,,,,,,,,,,,,,no_qualifying_hit,False
dae673807188237cc264c112eeb8e9342cd7494f5119f5e9adf032689faf96c2,0,,,,,,,,,,,,,,,,,,,,,,,,,,,no_qualifying_hit,False
db0c848d26f2719aa11d159afc8f0b1133f6037749ff3b62a403b4993a55b53d,5,f9ce8edd4318f49543897a068298b102c6752d410901ea30a3ec42966ba91441,0.277,313,7,319,347,11,291,350,1.185E-27,114,0.902,0.803,f9ce8edd4318f49543897a068298b102c6752d410901ea30a3ec42966ba91441,0.277,313,7,319,347,11,291,350,1.185E-27,114,0.902,0.803,below_30pct,False
db48b9d33c48982bfbcbe37586282db2dbf69cedd12cd07b72fcc1b0f0114496,2,db48b9d33c48982bfbcbe37586282db2dbf69cedd12cd07b72fcc1b0f0114496,1.000,331,1,331,331,1,331,331,8.547E-207,633,1.000,1.000,db48b9d33c48982bfbcbe37586282db2dbf69cedd12cd07b72fcc1b0f0114496,1.000,331,1,331,331,1,331,331,8.547E-207,633,1.000,1.000,at_least_80pct,True
dbb94d73a75cd9829060c36f8d48c6f17af417483945878388467467e583dd86,12,dbb94d73a75cd9829060c36f8d48c6f17af417483945878388467467e583dd86,1.000,316,1,316,316,1,316,316,6.235E-211,644,1.000,1.000,dbb94d73a75cd9829060c36f8d48c6f17af417483945878388467467e583dd86,1.000,316,1,316,316,1,316,316,6.235E-211,644,1.000,1.000,at_least_80pct,True
dc10a24355f8ed2055ebd5c531a6b61fe1416770ad4c6adf4aa71475e8fb6712,0,,,,,,,,,,,,,,,,,,,,,,,,,,,no_qualifying_hit,False
dc465e086875c3791e865ca3c81d0794f5f6f490e549db26f811534887aab0e0,0,,,,,,,,,,,,,,,,,,,,,,,,,,,no_qualifying_hit,False
dc4a731b82ce8937bd389ed4214763b8859d3b5f44b224dbdae7548a6f9ada48,0,,,,,,,,,,,,,,,,,,,,,,,,,,,no_qualifying_hit,False
dcfd3c5670016a2a09aebcdc251f52138393ba643dfeda3fe30db22ffd87fc09,24,89c38a20ba438704a52a16f7e84c9e7ea710ce15ae7952ec07c2d4007c49be86,0.322,308,11,282,533,43,350,907,1.413E-31,130,0.510,0.340,,,,,,,,,,,,,,no_qualifying_hit,False
dd62e7f5f68ed2508c88760a8dde70f4e335eb4970966aa86ca5bd29ef5b7506,9,17271b46fbc71300b16a3d88fae7ad122acb708c0f89a8900e9412ad27d96544,0.958,624,1,598,598,1,624,624,0.000E+00,1218,1.000,1.000,17271b46fbc71300b16a3d88fae7ad122acb708c0f89a8900e9412ad27d96544,0.958,624,1,598,598,1,624,624,0.000E+00,1218,1.000,1.000,at_least_80pct,True
dd64b89d24a1cdea08a521199de30c9fe91235f3482dd573fcb0b7e4ae595a19,5,9e62ed7fce0b01304350ed65fe685158bd77a0e9365e63398834a250c6394d1e,0.479,73,18,90,296,16,88,577,1.447E-18,85,0.247,0.127,,,,,,,,,,,,,,no_qualifying_hit,False
ddc247f561a1eb32f0d22f6619a8fcb7dea82d465353ccaf0a3e6d5fb3c1ed0c,0,,,,,,,,,,,,,,,,,,,,,,,,,,,no_qualifying_hit,False
de348bee48ba6789470837d6871656b79c548ea4c2d67613e731716b7445def6,0,,,,,,,,,,,,,,,,,,,,,,,,,,,no_qualifying_hit,False
ded843f8284453e73ea6d87b5d9068e5d182439f5b2c78374a74d3ce88183e04,5,ded843f8284453e73ea6d87b5d9068e5d182439f5b2c78374a74d3ce88183e04,1.000,176,1,176,176,1,176,176,1.061E-113,356,1.000,1.000,ded843f8284453e73ea6d87b5d9068e5d182439f5b2c78374a74d3ce88183e04,1.000,176,1,176,176,1,176,176,1.061E-113,356,1.000,1.000,at_least_80pct,True
df0a03147c7d0e3e7e3b837b89791ca6fd0a1e661161ec46d7686f2d197c4c22,0,,,,,,,,,,,,,,,,,,,,,,,,,,,no_qualifying_hit,False
df684be23b27033977ab81afa96e8214c1e74403044d8981a188623894a9aa00,0,,,,,,,,,,,,,,,,,,,,,,,,,,,no_qualifying_hit,False
dfee8032e507bba6963b07ec77b583ee8fa1e57eb010d47ee5fb0a783bdd7589,5,72d124ba090938e52184207d0eec5bb8f2d3d0ce73db28d58fc7cca4e85ded40,0.400,972,1,972,1002,1,692,693,1.469E-132,448,0.970,0.999,72d124ba090938e52184207d0eec5bb8f2d3d0ce73db28d58fc7cca4e85ded40,0.400,972,1,972,1002,1,692,693,1.469E-132,448,0.970,0.999,30_to_50pct,True
e05df0fefefaac0b8b8ecf42804219bdebb873e3b16243f2e8bf176621eef434,0,,,,,,,,,,,,,,,,,,,,,,,,,,,no_qualifying_hit,False
e0994d34ed825eedcb77af161b75cacde1582939e7dd37d285a401fb9871cfa9,6,43693e4136558f6bd5aba7715584408ce54bf44889178370d04c3aca47639bf7,0.898,128,1,128,128,1,128,128,3.707E-73,236,1.000,1.000,43693e4136558f6bd5aba7715584408ce54bf44889178370d04c3aca47639bf7,0.898,128,1,128,128,1,128,128,3.707E-73,236,1.000,1.000,at_least_80pct,True
e0ac1b6a64f68ca6227318b777a0c3fcc17d169f4fadcc79df096586f16c1dcf,0,,,,,,,,,,,,,,,,,,,,,,,,,,,no_qualifying_hit,False
e0ddbef1d5824e8a9af6cb37950d14e6ac92d7eba12f4360f2af6ef02b0fc128,0,,,,,,,,,,,,,,,,,,,,,,,,,,,no_qualifying_hit,False
e12da5fc8af6a7d41dc7c0bbf6595dfceab6450626006309155951b34026201a,1,927acc1a37ca13d792fa8f0e2839f75f31216d8c6962215f472e74f5949ebd15,0.337,222,3,224,226,10,209,227,1.177E-35,133,0.982,0.881,927acc1a37ca13d792fa8f0e2839f75f31216d8c6962215f472e74f5949ebd15,0.337,222,3,224,226,10,209,227,1.177E-35,133,0.982,0.881,30_to_50pct,True
e174c9f6039ae5060da05805845ee49c8d8af6c64ef66ebad3b065bae12f2b3d,1,e174c9f6039ae5060da05805845ee49c8d8af6c64ef66ebad3b065bae12f2b3d,1.000,562,1,562,562,1,562,562,0.000E+00,1086,1.000,1.000,e174c9f6039ae5060da05805845ee49c8d8af6c64ef66ebad3b065bae12f2b3d,1.000,562,1,562,562,1,562,562,0.000E+00,1086,1.000,1.000,at_least_80pct,True
e1a6480810e200eb1622baecf7323c5ad7b2653db37398ceb652c793cc813a35,0,,,,,,,,,,,,,,,,,,,,,,,,,,,no_qualifying_hit,False
e1e9260b1c1406ff386d6993d66349edcf18ef9e841a84be98d58c65f71081e4,1,8635ad2e4e6f9b70d9735b45a8a8dc2b8cf2da5a54d00208c99e054c3cdbaff4,0.935,390,1,365,365,1,390,390,9.460E-221,676,1.000,1.000,8635ad2e4e6f9b70d9735b45a8a8dc2b8cf2da5a54d00208c99e054c3cdbaff4,0.935,390,1,365,365,1,390,390,9.460E-221,676,1.000,1.000,at_least_80pct,True
e1f5470ac673d2c4a5a7e2226bb8431176f15ce407e229102ddf6d9e8c9cca5f,19,e1f5470ac673d2c4a5a7e2226bb8431176f15ce407e229102ddf6d9e8c9cca5f,1.000,309,1,309,309,1,309,309,2.653E-199,610,1.000,1.000,e1f5470ac673d2c4a5a7e2226bb8431176f15ce407e229102ddf6d9e8c9cca5f,1.000,309,1,309,309,1,309,309,2.653E-199,610,1.000,1.000,at_least_80pct,True
e1f71ed75a971fd2eab76b43d1e5610d952e107edc578c3f1fab1bea24a0e029,2,8c26a070bf449cb473b0e5e007a80c708e04e435370f44ff2acc64a464d5ce0c,0.339,344,12,355,399,1,335,341,9.164E-60,211,0.862,0.982,8c26a070bf449cb473b0e5e007a80c708e04e435370f44ff2acc64a464d5ce0c,0.339,344,12,355,399,1,335,341,9.164E-60,211,0.862,0.982,30_to_50pct,True
e1fd1c63db2a972e7c2216dae4ee7d66a99b9390d00ff5a39a56a955a8be490c,9,e1fd1c63db2a972e7c2216dae4ee7d66a99b9390d00ff5a39a56a955a8be490c,1.000,222,1,222,222,1,222,222,1.710E-145,450,1.000,1.000,e1fd1c63db2a972e7c2216dae4ee7d66a99b9390d00ff5a39a56a955a8be490c,1.000,222,1,222,222,1,222,222,1.710E-145,450,1.000,1.000,at_least_80pct,True
e265116e4da6ff943cbbb9e6f203d7537bbb7d065b945fb0ae5c193ac454dfed,1,cb40b70e272ccec5e7794d927225e16191b90f187121beb76cbd190d5b7f2490,0.295,131,41,171,244,20,143,182,3.051E-08,52,0.537,0.681,,,,,,,,,,,,,,no_qualifying_hit,False
e37572742dde799c588d1a6ebeb0cba89d11cff10be55aeba1b5f59b280a4e85,1,cdfa9973255f51000f7bdfa9ddf7417087ca6aa4db9ebcf0224ddf6f02ad268a,0.281,100,6,103,361,3,102,416,3.340E-08,53,0.271,0.240,,,,,,,,,,,,,,no_qualifying_hit,False
e3821b7d6caf7264780fb9ee60bb790bc32c6ca3ee6bab7e4b5d2b2ca30525a3,6,e06b6cc3e5f602f5f358afa200a33662ee0012229763d9e4fa7700dc8f340630,0.266,298,159,456,464,196,458,474,9.499E-28,117,0.642,0.555,,,,,,,,,,,,,,no_qualifying_hit,False
e3ae0b87a7b977ff35f5d4c1da46658596527a7467b730a8d988a8ee3a23431e,0,,,,,,,,,,,,,,,,,,,,,,,,,,,no_qualifying_hit,False
e4430c0896158118539bdb1c7638d18f176a1d74325e68a53d48d3baf769a69e,5,0dc9f286fbf1368a5715f64d7fbe78ef12fafb76a89363f840ef946f61050f8f,0.353,82,193,274,672,17,97,616,8.245E-07,50,0.122,0.131,,,,,,,,,,,,,,no_qualifying_hit,False
e4e767d3af8ff37d00b82869e2a74cabd50c660a494199b965d27c0d872d9406,0,,,,,,,,,,,,,,,,,,,,,,,,,,,no_qualifying_hit,False
e4f3ee088fb57f78bb68bea8c1132c6a1bb805d7697e8d04fbd5ef1e3744b43b,59,e4f3ee088fb57f78bb68bea8c1132c6a1bb805d7697e8d04fbd5ef1e3744b43b,1.000,299,1,299,299,1,299,299,5.226E-188,577,1.000,1.000,e4f3ee088fb57f78bb68bea8c1132c6a1bb805d7697e8d04fbd5ef1e3744b43b,1.000,299,1,299,299,1,299,299,5.226E-188,577,1.000,1.000,at_least_80pct,True
e5e011d1627b7ef57b34972be1721a4c3e8fa1c350a967d39bdf8ae14d5a4dd0,0,,,,,,,,,,,,,,,,,,,,,,,,,,,no_qualifying_hit,False
e6252f97c041a61a52f9a7434b0257e24f28b664349f2b61a644dafd14f0e44f,1,e6252f97c041a61a52f9a7434b0257e24f28b664349f2b61a644dafd14f0e44f,1.000,597,1,597,597,1,597,597,0.000E+00,1140,1.000,1.000,e6252f97c041a61a52f9a7434b0257e24f28b664349f2b61a644dafd14f0e44f,1.000,597,1,597,597,1,597,597,0.000E+00,1140,1.000,1.000,at_least_80pct,True
e7135c69494170838206ea5c8a5228fe7a120d80843879308deb3379496322d9,0,,,,,,,,,,,,,,,,,,,,,,,,,,,no_qualifying_hit,False
e7261aa202319ff10617d036b98e6099028e3fce74c3b579f66c185927fa4fe0,2,ced00862aaaf78f3139591a5a6bae3f17d2deaefb333c9b830ac489b44c839e1,0.716,148,6,153,160,8,155,155,5.973E-62,206,0.925,0.955,ced00862aaaf78f3139591a5a6bae3f17d2deaefb333c9b830ac489b44c839e1,0.716,148,6,153,160,8,155,155,5.973E-62,206,0.925,0.955,50_to_80pct,True
e741ce836725966a29377180aa855b39db3b9af68ada14a42cb436a89e59da96,14,e741ce836725966a29377180aa855b39db3b9af68ada14a42cb436a89e59da96,1.000,347,1,347,347,1,347,347,3.460E-216,661,1.000,1.000,e741ce836725966a29377180aa855b39db3b9af68ada14a42cb436a89e59da96,1.000,347,1,347,347,1,347,347,3.460E-216,661,1.000,1.000,at_least_80pct,True
e803851992413343182f82eedb6238a416678f7212fe14b62ac0681ce084c6ca,0,,,,,,,,,,,,,,,,,,,,,,,,,,,no_qualifying_hit,False
e871ea1bf83561d59d7464dd4593e4da803cd371d22d23852580faf9fc48e516,2,e871ea1bf83561d59d7464dd4593e4da803cd371d22d23852580faf9fc48e516,1.000,474,1,474,474,1,474,474,0.000E+00,1026,1.000,1.000,e871ea1bf83561d59d7464dd4593e4da803cd371d22d23852580faf9fc48e516,1.000,474,1,474,474,1,474,474,0.000E+00,1026,1.000,1.000,at_least_80pct,True
e8adc2c4c20fdaba68a64e43eaefd40ac2ae36271725d6aa5dd5f5de53143ad2,0,,,,,,,,,,,,,,,,,,,,,,,,,,,no_qualifying_hit,False
e91ac43b45acd1d804eda741a1144b661ed9dd513dda3777f3c3cf1a1a8c3608,3,e91ac43b45acd1d804eda741a1144b661ed9dd513dda3777f3c3cf1a1a8c3608,1.000,594,1,594,594,1,594,594,0.000E+00,1219,1.000,1.000,e91ac43b45acd1d804eda741a1144b661ed9dd513dda3777f3c3cf1a1a8c3608,1.000,594,1,594,594,1,594,594,0.000E+00,1219,1.000,1.000,at_least_80pct,True
e93837abdfe22c3d2ab3403c0b190a8ad4019a33200f8b626a9726209af0f759,2,ef82d630f6f7b512a029b37fc426bff15c4e72aa9c777314185f9361020ffe97,0.996,266,38,303,303,121,386,386,5.210E-173,534,0.878,0.689,,,,,,,,,,,,,,no_qualifying_hit,False
e97276c83b873f0afd7b471c6d702b65b8a6cff244015ba6fbfa8cd2ee2c51ee,1,e97276c83b873f0afd7b471c6d702b65b8a6cff244015ba6fbfa8cd2ee2c51ee,1.000,146,1,146,146,1,146,146,6.685E-94,297,1.000,1.000,e97276c83b873f0afd7b471c6d702b65b8a6cff244015ba6fbfa8cd2ee2c51ee,1.000,146,1,146,146,1,146,146,6.685E-94,297,1.000,1.000,at_least_80pct,True
e9a2c0084b54bba7c358cedeec89f059c6c1725f0d6226d0ce9dcd2acb7f658e,0,,,,,,,,,,,,,,,,,,,,,,,,,,,no_qualifying_hit,False
e9d9e0828d3f65046700c5aab6fbadf64dca8d4a4cba9346b4e88c04684f2d04,0,,,,,,,,,,,,,,,,,,,,,,,,,,,no_qualifying_hit,False
e9e6383e2014ce75eb36d1a3f4af83c28c2ef5c2cce63b474da8d8eb82727b58,0,,,,,,,,,,,,,,,,,,,,,,,,,,,no_qualifying_hit,False
ea230c7889e4980d764e9ed338891b5cb68c1375d9106d18fdc2e641f20b901a,0,,,,,,,,,,,,,,,,,,,,,,,,,,,no_qualifying_hit,False
eaaea939d8caea7be46551c237f6c993c6a73ccdd02c9ca3af20dbd1a16c6a15,1,c3a8e8da61289200fa1b7b4574c163984a31262187236149f15665f680278b11,0.996,642,1,640,640,1,642,642,0.000E+00,1313,1.000,1.000,c3a8e8da61289200fa1b7b4574c163984a31262187236149f15665f680278b11,0.996,642,1,640,640,1,642,642,0.000E+00,1313,1.000,1.000,at_least_80pct,True
eb3771722b767270e28abef9cfef30aaba39a1dc2d09e3c39e297bec2add4d01,0,,,,,,,,,,,,,,,,,,,,,,,,,,,no_qualifying_hit,False
ebfdf5775e61e48db217b923f7d86f33b64cbedbcd3312cf883187f747ed5b24,0,,,,,,,,,,,,,,,,,,,,,,,,,,,no_qualifying_hit,False
ecda0c094af12c55301cf0929b3b5cad0204b877066d9c728e6333c161655b17,0,,,,,,,,,,,,,,,,,,,,,,,,,,,no_qualifying_hit,False
ecda7e02024c7b906b42475a2e2e7508fc69d141dbaf527a458b80b2e7e5fbeb,0,,,,,,,,,,,,,,,,,,,,,,,,,,,no_qualifying_hit,False
ece82ef44c98d9da18487473c800323f36185e5ce530f949538681fa11236f82,6,e5cc6ebb1114f20144a676ae57ec26fdd53f8b1e2f6e752b18c8181de80014d4,0.468,93,47,139,378,126,214,377,5.918E-19,88,0.246,0.236,,,,,,,,,,,,,,no_qualifying_hit,False
ed2be9670058b4caffe708438b2d95af3c053d0f9ebe5b91273ac4d4bbc5d4ab,50,ed2be9670058b4caffe708438b2d95af3c053d0f9ebe5b91273ac4d4bbc5d4ab,1.000,465,1,465,465,1,465,465,4.208E-317,959,1.000,1.000,ed2be9670058b4caffe708438b2d95af3c053d0f9ebe5b91273ac4d4bbc5d4ab,1.000,465,1,465,465,1,465,465,4.208E-317,959,1.000,1.000,at_least_80pct,True
edfa71c3aca41539f7cca59acc4811206f1840bda6e827e73b52d50b2b983394,0,,,,,,,,,,,,,,,,,,,,,,,,,,,no_qualifying_hit,False
ef7e8545bf5a36ab900b8c1487bacf385c2436659269e26ff2031ea8719d22d7,0,,,,,,,,,,,,,,,,,,,,,,,,,,,no_qualifying_hit,False
ef9d9c236817f04e68827c56cef1945cf5c466b2e0a10baffbf1deaa6c9580d1,0,,,,,,,,,,,,,,,,,,,,,,,,,,,no_qualifying_hit,False
f0812143579cd64f02e6b81c17fa67871d4ff55aa87a773af9dd963a27c6f04c,0,,,,,,,,,,,,,,,,,,,,,,,,,,,no_qualifying_hit,False
f08529243c71bce2e6a765133af0bc13de075a198ce52c1eedb214fbb55870b7,42,f08529243c71bce2e6a765133af0bc13de075a198ce52c1eedb214fbb55870b7,1.000,486,1,486,486,1,486,486,1.864E-318,964,1.000,1.000,f08529243c71bce2e6a765133af0bc13de075a198ce52c1eedb214fbb55870b7,1.000,486,1,486,486,1,486,486,1.864E-318,964,1.000,1.000,at_least_80pct,True
f0a17c175f8534ee140068863586ec43b438085a9e74aa5958a12524a7cbc691,37,5e7490999456b68cc7262ce7ca13f7b623daa17229dac8400f48356ed31d7695,0.342,378,42,419,749,560,925,928,4.521E-50,191,0.505,0.394,,,,,,,,,,,,,,no_qualifying_hit,False
f0aea63fa8beccf0e75fffe55e4ead18eabb01f40ba1a93ea8967bee25f92b0f,1,0007113a4f2cc16fa13e279bb1814b07a21f95315190fecc6795e7c0fa5d2105,0.251,134,45,178,221,162,293,338,2.562E-05,43,0.606,0.391,,,,,,,,,,,,,,no_qualifying_hit,False
f106e16a6296112c9abe68552df07d9b04727ad03bbbe35aa5fd59f5c83b17ec,0,,,,,,,,,,,,,,,,,,,,,,,,,,,no_qualifying_hit,False
f11ccb74628590a55a6ed626f6a64b10fe3cfa90a4b428d8d464b51f1204dee7,0,,,,,,,,,,,,,,,,,,,,,,,,,,,no_qualifying_hit,False
f12d452ad1ebd08224c6de8681e70726854fe0457c7ba654917819951f89d401,5,d1c2a721898a28473ba330a563337364b28954b9b5cdb60be3f2ae6ae5cd069a,1.000,301,59,359,436,1,301,495,1.431E-198,616,0.690,0.608,,,,,,,,,,,,,,no_qualifying_hit,False
f150c9852059b424b1488684374ed2f4477d2b7c79f276407bbf531edf426e2e,2,a8a247e1c1928fb64f735d5f4bb0ba9feae41784866915aded66f463d57a0209,0.423,118,47,164,168,54,165,192,2.035E-28,109,0.702,0.583,,,,,,,,,,,,,,no_qualifying_hit,False
f1561467384c0d0bf2fae3ed2157b1160072fe4382c9f4b4197758bac1a346e4,1,cc9aa1f66bded53c69de3d3e43eac071cc5fa9d620063572ac785acc1106ea10,1.000,329,1,329,329,874,1202,1202,3.025E-207,634,1.000,0.274,,,,,,,,,,,,,,no_qualifying_hit,False
f17000703677b9b9b59429aa181767cbb146a29677af431a1fb354d2b949b813,1,b225f57a57c966ffd178e75ea834dffda5f3f0cf80d97a4e19e4896ad21b27a0,0.263,290,84,319,629,125,414,669,1.201E-23,105,0.375,0.433,,,,,,,,,,,,,,no_qualifying_hit,False
f20a39ca48d2b6fe6d97d2abdef56f5080ac2a46291c18626db9eef6854553e9,1,9c291504534c6e313e0b5ea8445042e29b5e1450c2c4ecb0e3efcb7c2e92c910,0.965,374,1,374,374,53,413,413,2.514E-229,701,1.000,0.874,9c291504534c6e313e0b5ea8445042e29b5e1450c2c4ecb0e3efcb7c2e92c910,0.965,374,1,374,374,53,413,413,2.514E-229,701,1.000,0.874,at_least_80pct,True
f297ea0c5f5536b8b50c23768d58dd3fc2b7b75bf1370804a1f971e743b24808,0,,,,,,,,,,,,,,,,,,,,,,,,,,,no_qualifying_hit,False
f2c70c6f00ae4384e9f6761311b937f0042a08abc7a5f5dc0d6d1cd0012d3d13,0,,,,,,,,,,,,,,,,,,,,,,,,,,,no_qualifying_hit,False
f30ee71cce7a2e813a9baa7727ac380b9093334726e0a7ec30f0e72c33930dd8,25,cc0a7e0fd540eb9df9dd713319b98dd5f8811e6eea4e88ba94396ea82a12edfd,0.805,144,5,148,148,4,147,147,2.756E-80,258,0.973,0.980,cc0a7e0fd540eb9df9dd713319b98dd5f8811e6eea4e88ba94396ea82a12edfd,0.805,144,5,148,148,4,147,147,2.756E-80,258,0.973,0.980,at_least_80pct,True
f348bfc999c7985bbd2554956145eeae49cfdf913c847cb749c79f629e1c1e0b,139,30d7099d81eda4dbd95c11514b8b85048f02e8e8c21169f9d5a93669f14a4d3d,0.384,316,93,408,1147,10,296,552,5.522E-59,223,0.276,0.520,,,,,,,,,,,,,,no_qualifying_hit,False
f3dc407483bb2bf8adac3711d9145551d4f73ffe6c5d33be61fdc91f0830d3f5,1,91a8b2633849c09a981f7776c688c597217ab84afcb12287742feb977cd27bff,0.821,985,1,811,811,1,985,985,0.000E+00,1504,1.000,1.000,91a8b2633849c09a981f7776c688c597217ab84afcb12287742feb977cd27bff,0.821,985,1,811,811,1,985,985,0.000E+00,1504,1.000,1.000,at_least_80pct,True
f3ea8c657dadb5663e7cdfe415a4c27f179323476a6d97ad245ba4279093c305,42,aa5c3fde5b07a5febb1af72c71bb02e473d1b036f3fd796873766bb2dc5f6330,0.655,328,1,326,452,1,328,358,2.047E-137,439,0.721,0.916,,,,,,,,,,,,,,no_qualifying_hit,False
f4376f88f910be7042059e7c8156d7a908d02409de46902270308eb207a88c76,4,488e23057b8ee6047c15d602e61dcb8c5084d2bec578856f5b2e561c50249853,0.261,355,80,389,400,46,400,620,4.656E-25,107,0.775,0.573,,,,,,,,,,,,,,no_qualifying_hit,False
f4423fc9d6fc0f2aac2e7e549ceef49a398048ef81ca86ff3b017b94f2ce340f,2,f4423fc9d6fc0f2aac2e7e549ceef49a398048ef81ca86ff3b017b94f2ce340f,1.000,646,1,646,646,1,646,646,0.000E+00,1253,1.000,1.000,f4423fc9d6fc0f2aac2e7e549ceef49a398048ef81ca86ff3b017b94f2ce340f,1.000,646,1,646,646,1,646,646,0.000E+00,1253,1.000,1.000,at_least_80pct,True
f4424d81c7c22314824d9e0f7b2fb0bee8017df453a3ee14354609cab12c4306,0,,,,,,,,,,,,,,,,,,,,,,,,,,,no_qualifying_hit,False
f4452b73c77ee0f33c7d79d53708242f7c43b7f5ded3a40430146cfa5fcb334e,0,,,,,,,,,,,,,,,,,,,,,,,,,,,no_qualifying_hit,False
f466ff647c5a92afb517388f83521d1b122d22bfc5b727eee20189a1fa72a20c,2,d7552f6298d92202ccebbd0103482ba36ccf826a9da3b7a5baabae9ebb08ef21,0.987,238,1,238,246,1,238,285,8.613E-160,493,0.967,0.835,d7552f6298d92202ccebbd0103482ba36ccf826a9da3b7a5baabae9ebb08ef21,0.987,238,1,238,246,1,238,285,8.613E-160,493,0.967,0.835,at_least_80pct,True
f46b91aa3161a0bf81062cb49b2687e721042c3b3915a1f98be05ab377c36ca7,5,f46b91aa3161a0bf81062cb49b2687e721042c3b3915a1f98be05ab377c36ca7,1.000,375,1,375,375,1,375,375,9.315E-255,774,1.000,1.000,f46b91aa3161a0bf81062cb49b2687e721042c3b3915a1f98be05ab377c36ca7,1.000,375,1,375,375,1,375,375,9.315E-255,774,1.000,1.000,at_least_80pct,True
f4764edddf82a853412d2594bd7a8022aa01c45b79f99dd44c270d8712a33ba6,0,,,,,,,,,,,,,,,,,,,,,,,,,,,no_qualifying_hit,False
f4af5dcc4d5a48cd844fbd4049bda1309400933208be5fffa8815fe16d10faf1,8,68d3bd7de5c7276a9dde6c4158c1c536d03bd1f6c1c850521dcab49b07cdc818,0.319,138,483,620,634,137,262,1346,2.988E-09,58,0.218,0.094,,,,,,,,,,,,,,no_qualifying_hit,False
f4b243f46964bab51ed01b92717f4cf59164507d3ba5127a4c5a95b84ac53292,1,333a14b5c14552beb77f6115dd929f3785ec825617afbebe218d292d00ed21dc,0.277,357,14,370,442,24,310,365,3.615E-30,124,0.808,0.786,,,,,,,,,,,,,,no_qualifying_hit,False
f4d01e8956b7b927e52d83b007e92e858ca8b19f68ef8ad5bb580ef3f7f7bbce,0,,,,,,,,,,,,,,,,,,,,,,,,,,,no_qualifying_hit,False
f53acd3c9a75be9acef82112dfd5ebec16ce1ef2ee674859b5b1889168f852b5,12,5a0f192fb3dfefbb6cd7818f8cf44efc601ed56db4cc46bd51d147f8c1d5b830,0.998,859,1,859,859,1,858,858,0.000E+00,1620,1.000,1.000,5a0f192fb3dfefbb6cd7818f8cf44efc601ed56db4cc46bd51d147f8c1d5b830,0.998,859,1,859,859,1,858,858,0.000E+00,1620,1.000,1.000,at_least_80pct,True
f54ca92f90e4e0014a41213069b07f98cf142e35e144645f7aaf47ae55167929,1,3220f2917bf7d48a95fbd8fdabaeeb674091f197e13b1a54fe96bb65cc9cf7d3,0.412,63,21,83,93,10,72,90,4.853E-16,70,0.677,0.700,,,,,,,,,,,,,,no_qualifying_hit,False
f5544445a626ddfd801b50c219e328cd2f53e31f4165524fba01f1a3d212c6b9,1,f5544445a626ddfd801b50c219e328cd2f53e31f4165524fba01f1a3d212c6b9,1.000,355,1,355,355,1,355,355,1.291E-215,660,1.000,1.000,f5544445a626ddfd801b50c219e328cd2f53e31f4165524fba01f1a3d212c6b9,1.000,355,1,355,355,1,355,355,1.291E-215,660,1.000,1.000,at_least_80pct,True
f559a3e306fc1d0a60dee5dc1cb46d2f73bed257f97aac3195ce477cae2debce,0,,,,,,,,,,,,,,,,,,,,,,,,,,,no_qualifying_hit,False
f58e7366a4f9cfef7cff43a494a4ef60dbf39f25cb93850e9187a3355befcd37,1,d5321933af6e363d62157c8b61f5ff45b1dc8e1386997e0e5498822cb9cc7520,0.295,341,80,420,529,45,358,436,1.027E-30,127,0.645,0.720,,,,,,,,,,,,,,no_qualifying_hit,False
f5d75532d3642bbdd18c5fb3c365785caeabf4cb2a5749cd6c2c253a85640e6e,4,f5d75532d3642bbdd18c5fb3c365785caeabf4cb2a5749cd6c2c253a85640e6e,1.000,589,1,589,589,1,589,589,0.000E+00,1091,1.000,1.000,f5d75532d3642bbdd18c5fb3c365785caeabf4cb2a5749cd6c2c253a85640e6e,1.000,589,1,589,589,1,589,589,0.000E+00,1091,1.000,1.000,at_least_80pct,True
f6303260e8746f9e6f7b42fb297a023115080814e53199f00499cfef446b10a0,5,f6303260e8746f9e6f7b42fb297a023115080814e53199f00499cfef446b10a0,1.000,691,1,691,691,1,691,691,0.000E+00,1305,1.000,1.000,f6303260e8746f9e6f7b42fb297a023115080814e53199f00499cfef446b10a0,1.000,691,1,691,691,1,691,691,0.000E+00,1305,1.000,1.000,at_least_80pct,True
f63edf834dbe3f91e06a119d95cf0ed1e83ef7e7875dda0c70b565fe557d5ca4,0,,,,,,,,,,,,,,,,,,,,,,,,,,,no_qualifying_hit,False
f6bcdc7b7abb2a6b4ec60cb60755b2f6ca42020c756b9aa64914c12f75a5a858,5,f6bcdc7b7abb2a6b4ec60cb60755b2f6ca42020c756b9aa64914c12f75a5a858,1.000,1094,1,1094,1094,1,1094,1094,0.000E+00,2204,1.000,1.000,f6bcdc7b7abb2a6b4ec60cb60755b2f6ca42020c756b9aa64914c12f75a5a858,1.000,1094,1,1094,1094,1,1094,1094,0.000E+00,2204,1.000,1.000,at_least_80pct,True
f6d4686987d4928170fd95b1aab8952194f9e27be3283551300c3b3bff334400,0,,,,,,,,,,,,,,,,,,,,,,,,,,,no_qualifying_hit,False
f70d27b83c5a170a8c53b302be870a8dee407289d5c6740bd2f33733a48e18e7,13,f70d27b83c5a170a8c53b302be870a8dee407289d5c6740bd2f33733a48e18e7,1.000,259,1,259,259,1,259,259,1.944E-171,527,1.000,1.000,f70d27b83c5a170a8c53b302be870a8dee407289d5c6740bd2f33733a48e18e7,1.000,259,1,259,259,1,259,259,1.944E-171,527,1.000,1.000,at_least_80pct,True
f725315b198a2299904db34542d5ad7579a10f6a361a79bfc7fe683a483aab08,5,72a14fa172f29b6c086d2261c00a718479e9a4190ef48e5ab1b3a52dba2c0e43,0.291,455,2,456,568,61,484,708,2.867E-41,160,0.801,0.599,,,,,,,,,,,,,,no_qualifying_hit,False
f7faaefbf2e4876211e5f08e5ca99c61b44e0c3906f68a7b8bf05397deb41895,3,1053c3afec2eb97e994b76f6c23d4d6fc46fd3cf73a753dc17f5265a3a929cc9,0.254,357,105,417,456,32,388,586,2.219E-22,100,0.686,0.609,,,,,,,,,,,,,,no_qualifying_hit,False
f83729807c51b49a1c40c9d7e49319c9933022a8d587b23fafb7be0129b4fa41,0,,,,,,,,,,,,,,,,,,,,,,,,,,,no_qualifying_hit,False
f89018d120392c03e461a758aeb46564b8a1432cc2afbcfb0c326564006e26d1,0,,,,,,,,,,,,,,,,,,,,,,,,,,,no_qualifying_hit,False
f8a1b926544824ed16c2e96f678d9416272ae90ac240bad0a07dc0e2ae8ee5c6,0,,,,,,,,,,,,,,,,,,,,,,,,,,,no_qualifying_hit,False
f8c039d7cce3e28373fd40b6f0a613026ed9bba1d1ba4a5e9cccca12aebd0c9a,1,bc5007edacb977af5009c5c7d7a9f6849269b365f141e6dc4ae07888629347ee,0.998,1091,2,1092,1092,43,1133,1133,0.000E+00,1994,0.999,0.963,bc5007edacb977af5009c5c7d7a9f6849269b365f141e6dc4ae07888629347ee,0.998,1091,2,1092,1092,43,1133,1133,0.000E+00,1994,0.999,0.963,at_least_80pct,True
f938c3959e4fc03aef8605d9f5e18c1ee9fc9c3a277802d283cc6d06d8895cfd,5,ff91cef7fbb40a23e2df022954470996ad1fd0fad36780f8f379c3f85ea395e5,0.361,592,1,592,595,1,571,574,2.380E-100,338,0.995,0.995,ff91cef7fbb40a23e2df022954470996ad1fd0fad36780f8f379c3f85ea395e5,0.361,592,1,592,595,1,571,574,2.380E-100,338,0.995,0.995,30_to_50pct,True
f9f1d945e76550d0d70e06826707e11cc64a28dcad1e9cf6628f521c517da7cf,8,8aaa3dd189e99d4f3e31d0cd954bbab120f3c76b37754400d84903bf93690fcf,0.309,219,51,269,305,13,230,269,1.408E-23,100,0.718,0.810,,,,,,,,,,,,,,no_qualifying_hit,False
f9f9b4bdf280d1f78b8911ea790d73c016ee14939cfc5b58bdaa80d88ab8919c,0,,,,,,,,,,,,,,,,,,,,,,,,,,,no_qualifying_hit,False
fa1659508d313f18dce6abdd6e5c8ba33d91c9c922b72c5c4ea1b7e9d4ca1e86,0,,,,,,,,,,,,,,,,,,,,,,,,,,,no_qualifying_hit,False
fa3227c3f1a937b6d84f53648fcc5958bc2124c3b7bb39734cb4461d8da3ce60,7,d0ab90ec41dfb6e98da7a058eb1157f61190d5bddb6f07671e674e95f21efb3b,0.216,428,84,511,513,150,474,475,6.382E-17,83,0.834,0.684,,,,,,,,,,,,,,no_qualifying_hit,False
fb14cf5b2f98bb6cd67ea15e91f6336ef9dc6909a316739d24e629570297c6b4,142,30d7099d81eda4dbd95c11514b8b85048f02e8e8c21169f9d5a93669f14a4d3d,0.424,534,52,585,633,13,470,552,2.524E-119,395,0.844,0.830,30d7099d81eda4dbd95c11514b8b85048f02e8e8c21169f9d5a93669f14a4d3d,0.424,534,52,585,633,13,470,552,2.524E-119,395,0.844,0.830,30_to_50pct,True
fb7792982e9928f0036d5d090309c0bab5a98e8285d14fe380913b5ff2fffb8c,6,fb7792982e9928f0036d5d090309c0bab5a98e8285d14fe380913b5ff2fffb8c,1.000,646,1,646,646,1,646,646,0.000E+00,1272,1.000,1.000,fb7792982e9928f0036d5d090309c0bab5a98e8285d14fe380913b5ff2fffb8c,1.000,646,1,646,646,1,646,646,0.000E+00,1272,1.000,1.000,at_least_80pct,True
fc933e8837fabdf2b40cdafa7a28a545f5904533a9a322627509fd8b571d86ee,0,,,,,,,,,,,,,,,,,,,,,,,,,,,no_qualifying_hit,False
fd861e175b5541a88409c2576a7b72fa27acd688f8b991f6558e091afd10e8d9,1,c7d27eb8660b810c7968e07e5345444e0b80c2e001f8c45722ad1418a63b8696,1.000,913,13,925,925,28,940,940,0.000E+00,1847,0.987,0.971,c7d27eb8660b810c7968e07e5345444e0b80c2e001f8c45722ad1418a63b8696,1.000,913,13,925,925,28,940,940,0.000E+00,1847,0.987,0.971,at_least_80pct,True
fd99e8994b93e64c557adcaccd43218f66131ee9feaf934637d6a49f2d352ab6,3,fd99e8994b93e64c557adcaccd43218f66131ee9feaf934637d6a49f2d352ab6,1.000,335,1,335,335,1,335,335,2.911E-220,672,1.000,1.000,fd99e8994b93e64c557adcaccd43218f66131ee9feaf934637d6a49f2d352ab6,1.000,335,1,335,335,1,335,335,2.911E-220,672,1.000,1.000,at_least_80pct,True
fdbe2d5339a70ed2f80dd1f5eb175ff0f24872f879140bc75eb50e6015ed46a1,0,,,,,,,,,,,,,,,,,,,,,,,,,,,no_qualifying_hit,False
fe0c46e2753277738c6b28315bfef26f7831034405c63c68f94298deae2ed1e5,0,,,,,,,,,,,,,,,,,,,,,,,,,,,no_qualifying_hit,False
fe1d64fe99abf055d457de363c386bf9dcb6ae37993f8e77b473bb5474351b38,0,,,,,,,,,,,,,,,,,,,,,,,,,,,no_qualifying_hit,False
fe22a11702aad53182de263bbf284a621c19d28c146a87f2fd5a92486cd15ac4,0,,,,,,,,,,,,,,,,,,,,,,,,,,,no_qualifying_hit,False
fe2c21ffcc40a5e59817ceb57a5db1cb09288428eb40725abb5a5c80044ab370,104,c1d8460d5126247ab038e25728de72367a0b8b3a5cad88ce58627800b516b936,0.997,499,1,498,498,1,499,499,0.000E+00,996,1.000,1.000,c1d8460d5126247ab038e25728de72367a0b8b3a5cad88ce58627800b516b936,0.997,499,1,498,498,1,499,499,0.000E+00,996,1.000,1.000,at_least_80pct,True
fe9b65a34beefe64ff6e2f57d46a4325f3b90270f2fa9f28d7ed1ca89e80a654,1,6a59e1c95718ef9fcb27677f089b054372d234a3edbe0950ee1382915e6f6383,0.614,270,101,370,373,17,285,299,8.323E-98,321,0.724,0.900,,,,,,,,,,,,,,no_qualifying_hit,False
fe9c7755ee6d8e4fd6f17d3559b33e6b785563a01c6d47c6197c7032973d51f5,37,8be022105872a3e7589b7015f755b42aeea295f4622271869eb1824e35abcd6f,1.000,339,3,341,341,162,500,500,9.435E-226,689,0.994,0.678,,,,,,,,,,,,,,no_qualifying_hit,False
feaecbbc29385682bf3c9d35e1fe5c3d9e32871cd3c76cb65e18f48046fed236,0,,,,,,,,,,,,,,,,,,,,,,,,,,,no_qualifying_hit,False
ff141ca075be005f1461472d431210743c081bb34ca1055dc39e8ec582da6255,1,8f2b63d15233c8ab3e485d7d4e7ca68ec2708a95b71fbde69dea538132326268,0.381,134,3,134,271,4,137,328,1.557E-21,93,0.487,0.409,,,,,,,,,,,,,,no_qualifying_hit,False
ff4c52ca2a7306ce5bd5eba9f4fd1b794a938d02e50461a293e11cf0634a7bf2,0,,,,,,,,,,,,,,,,,,,,,,,,,,,no_qualifying_hit,False
ff5f8564f37407d3d19f8e7eba17a9d6596b7aa231b8dd97ec869e1114a3096f,1,950f3e8999af4d010e38eb856e655099901daa4ac8c0fc34357ee0c30971c027,1.000,218,1,218,221,1,218,520,1.848E-143,444,0.986,0.419,,,,,,,,,,,,,,no_qualifying_hit,False
ffc08d65a0c39c17495a95556dd2c001303397671eb225b10874a27e84720d21,0,,,,,,,,,,,,,,,,,,,,,,,,,,,no_qualifying_hit,False
ffe983750864bdc2fa985e20a770afc3220e494caa13bfab9cee307972dcb23d,1,95f2da37d8240470eb385a82e1f07958357b494d0418a58d5dd755c21d0f2d35,0.304,228,274,501,501,93,309,309,3.774E-19,90,0.455,0.702,,,,,,,,,,,,,,no_qualifying_hit,False
