U_stratum,anchor_positive_uniprot,class,development_exposed_positive,homomeric,panel_row,partner_gene,partner_sequence_length,partner_sequence_sha256,partner_uniprot,query_gene,query_sequence_length,query_sequence_sha256,query_uniprot,ipin_baseline_score,ipin_optimized_score,tuna_original_score,tuna_retrained_seed20260803_score,tuna_retrained_seed20260817_score,tuna_retrained_seed20260831_score,tuna_retrained_score,ipin_baseline_rank,ipin_optimized_rank,tuna_original_rank,tuna_retrained_rank
,,P,False,False,1,GRB2,217,da732b5e8d2d70df356a38fcb7dcb1f2c8c200f00268f7978afe49f9a7b1783d,P62993,EGFR,1210,dbb4583267ad40a7dfd854ee3c44ce4be38e137d0570e3eb76cf1854a74e7246,P00533,-1.6319588820139568,-1.8957593441009521,0.807906985282898,-7.0762810707092285,-8.170791625976562,-6.6396870613098145,-7.295586585998535,76.0,93.0,5.0,20.0
,,P,False,False,2,SHC1,583,cd702150f493f2321a7dc5581223dc7875fb28231a79e3698845d224e838f537,P29353,EGFR,1210,dbb4583267ad40a7dfd854ee3c44ce4be38e137d0570e3eb76cf1854a74e7246,P00533,-2.3526440461476645,-2.27628763516744,0.8374773859977722,-8.024524688720703,-9.559273719787598,-8.102025985717773,-8.561941464742025,190.0,127.0,2.0,65.0
,,P,False,False,3,CBL,906,bba6e0dafdf327b9b3b711c2cb7bcd407fa67f119d02ffd6170feaffdd5bf468,P22681,EGFR,1210,dbb4583267ad40a7dfd854ee3c44ce4be38e137d0570e3eb76cf1854a74e7246,P00533,-1.5951319535573323,-2.13212513923645,0.853426456451416,-10.9114408493042,-11.603780746459961,-8.632756233215332,-10.382659276326498,67.0,116.0,1.0,165.0
context,P62993,U,False,False,4,MTAP,283,af08a7ff324698ac0c93d5fd04f80a3d35818f4c597b26ea95a3921c6103bdec,Q13126,EGFR,1210,dbb4583267ad40a7dfd854ee3c44ce4be38e137d0570e3eb76cf1854a74e7246,P00533,-3.345285495122274,-4.108867168426514,0.2804124653339386,-10.594189643859863,-12.136455535888672,-9.262249946594238,-10.664298375447592,283.0,283.0,221.0,187.0
context,P62993,U,False,False,5,HOATZ,169,5d86df5001c015d4cc0c173f7123149ad7f75e6a4d11256feba8c84de0308f61,Q6PI97,EGFR,1210,dbb4583267ad40a7dfd854ee3c44ce4be38e137d0570e3eb76cf1854a74e7246,P00533,-2.4850687980651855,-2.6995225747426352,0.24997100234031677,-11.119074821472168,-13.620155334472656,-13.0865478515625,-12.608592669169107,213.0,176.0,243.0,276.0
context,P62993,U,False,False,6,OXT,125,ed986ce17171ef8096eadcc4642b24ad8103f4ac0456c51c444b785dd605f6d1,P01178,EGFR,1210,dbb4583267ad40a7dfd854ee3c44ce4be38e137d0570e3eb76cf1854a74e7246,P00533,-1.1680797934532166,-0.5691398580869039,0.6774698495864868,-6.677452087402344,-10.256519317626953,-7.65226411819458,-8.195411841074625,32.0,20.0,29.0,45.0
context,P62993,U,False,False,7,RBPMS,196,2442a1f4027d5a6cde796a71ea633f7819602a2519852e5bfe98db999ef2b6cf,Q93062,EGFR,1210,dbb4583267ad40a7dfd854ee3c44ce4be38e137d0570e3eb76cf1854a74e7246,P00533,-2.1102890968322754,-3.050195296605428,0.24296022951602936,-11.04456901550293,-12.009629249572754,-9.71912670135498,-10.924441655476889,155.0,214.0,245.0,204.0
context,P62993,U,False,False,8,EIF1AY,144,e0225b7ed79df1c96893962fbeb3cbe80af72b545837f57ac528c0423e9f8f6f,O14602,EGFR,1210,dbb4583267ad40a7dfd854ee3c44ce4be38e137d0570e3eb76cf1854a74e7246,P00533,-2.0895320177078247,-1.7542198499043782,0.28846147656440735,-6.470009803771973,-8.908777236938477,-4.754144668579102,-6.710977236429851,150.0,80.0,215.0,14.0
context,P62993,U,False,False,9,RPUSD4,377,983d66617b8dd6c00f8068f77a5338c4fca89de5a23c3c75af436cdc3d1976a0,Q96CM3,EGFR,1210,dbb4583267ad40a7dfd854ee3c44ce4be38e137d0570e3eb76cf1854a74e7246,P00533,-2.503169536590576,-2.9702605406443277,0.22663193941116333,-13.253389358520508,-11.59424114227295,-8.634550094604492,-11.16072686513265,215.0,205.0,257.0,218.0
context,P62993,U,False,False,10,RPL13,211,b9355759f096594201cb500182e2270ba4e7daef37dded23d2dd5ba08f71a3f0,P26373,EGFR,1210,dbb4583267ad40a7dfd854ee3c44ce4be38e137d0570e3eb76cf1854a74e7246,P00533,-3.3596771558125815,-6.091978232065837,0.20587152242660522,-14.649042129516602,-12.895003318786621,-13.513771057128906,-13.685938835144043,285.0,302.0,272.0,297.0
context,P62993,U,False,False,11,IFI35,286,cc8809aedf29f325982ed997cd0fc31d30f5cf52b675ccb4d8ac304e603077ac,P80217,EGFR,1210,dbb4583267ad40a7dfd854ee3c44ce4be38e137d0570e3eb76cf1854a74e7246,P00533,-2.4819723765055337,-3.391934951146444,0.4952508807182312,-11.312252044677734,-10.85909366607666,-11.22525691986084,-11.132200876871744,212.0,243.0,102.0,217.0
context,P62993,U,False,False,12,TUBA4B,241,fe151222747a0e49c584d2656f5df8dc2345ecf59e179a3e0f3dea5bb8557d3f,Q9H853,EGFR,1210,dbb4583267ad40a7dfd854ee3c44ce4be38e137d0570e3eb76cf1854a74e7246,P00533,-2.2270774841308594,-2.6976420084635415,0.23532453179359436,-9.341182708740234,-11.814031600952148,-10.178297996520996,-10.444504102071127,176.0,175.0,253.0,171.0
context,P62993,U,False,False,13,EXO5,373,1c8cd508abe5e63492369b3ba5db820ccea54587c12dee2798fa906db6a3fde3,Q9H790,EGFR,1210,dbb4583267ad40a7dfd854ee3c44ce4be38e137d0570e3eb76cf1854a74e7246,P00533,-1.9460434118906658,-1.9256811141967773,0.14874981343746185,-10.597387313842773,-14.065967559814453,-5.622200012207031,-10.095184961954752,121.0,96.0,298.0,144.0
context,P62993,U,False,False,14,TSPY1,308,edfbddb42cfba39d10a43474cbb535bddf3fd813f3c76c8f21f105ccc25643c9,Q01534,EGFR,1210,dbb4583267ad40a7dfd854ee3c44ce4be38e137d0570e3eb76cf1854a74e7246,P00533,-2.975182215372721,-2.503770033518473,0.19002801179885864,-10.357542991638184,-13.055742263793945,-9.484126091003418,-10.965803782145182,261.0,149.0,283.0,207.0
context,P62993,U,False,False,15,STRADA,431,ae6734b8ead8b9a12dda3dd71651a6962ad090896f62a6056e5066245f026082,Q7RTN6,EGFR,1210,dbb4583267ad40a7dfd854ee3c44ce4be38e137d0570e3eb76cf1854a74e7246,P00533,-2.0857651233673096,-2.455969293912252,0.4987369477748871,-11.968595504760742,-10.36316204071045,-10.183248519897461,-10.838335355122885,147.0,144.0,98.0,197.0
context,P62993,U,False,False,16,ENKD1,346,4322c279ccba155d3a4aa9afa147e34cb10de7e76baa13601a191c2300a86c43,Q9H0I2,EGFR,1210,dbb4583267ad40a7dfd854ee3c44ce4be38e137d0570e3eb76cf1854a74e7246,P00533,-1.2539513508478801,0.36508679886658985,0.288472980260849,-5.543562412261963,-5.822051048278809,-4.326907634735107,-5.23084036509196,37.0,7.0,214.0,5.0
context,P62993,U,False,False,17,GPN3,284,34dd9317fd82e3ee1da27e96c639730894f74dcc5e854ec1adc398fa28e0d3da,Q9UHW5,EGFR,1210,dbb4583267ad40a7dfd854ee3c44ce4be38e137d0570e3eb76cf1854a74e7246,P00533,-1.0130733450253804,-1.3988663951555889,0.22022996842861176,-12.274491310119629,-11.713134765625,-9.651754379272461,-11.21312681833903,24.0,56.0,262.0,224.0
context,P62993,U,False,False,18,MYOZ2,264,515661a0c020b31c8dd6d52c89c3ebc1bd0b6a8cf3808b669508d8f8b59a0edb,Q9NPC6,EGFR,1210,dbb4583267ad40a7dfd854ee3c44ce4be38e137d0570e3eb76cf1854a74e7246,P00533,-2.2058876752853394,-3.9350883960723877,0.23004773259162903,-9.820963859558105,-12.407561302185059,-6.986687660217285,-9.738404273986816,171.0,269.0,256.0,121.0
context,P62993,U,False,False,19,TANK,425,2696d47a532da3fd931fd59dd495a530f1e979d021acf1c0b166d541c331bd08,Q92844,EGFR,1210,dbb4583267ad40a7dfd854ee3c44ce4be38e137d0570e3eb76cf1854a74e7246,P00533,-2.122572104136149,-2.6320595741271973,0.21716518700122833,-9.717105865478516,-11.00368881225586,-10.467293739318848,-10.396029472351074,159.0,168.0,268.0,167.0
context,P62993,U,False,False,20,SOHLH1,328,4a4c79afaae58625e13cffdb721ce71a73d767da59c1332072e0e949d4a385ba,Q5JUK2,EGFR,1210,dbb4583267ad40a7dfd854ee3c44ce4be38e137d0570e3eb76cf1854a74e7246,P00533,-2.1429386933644614,-0.844744602839152,0.358626127243042,-10.061620712280273,-9.419443130493164,-10.558808326721191,-10.013290723164877,163.0,29.0,161.0,137.0
context,P62993,U,False,False,21,MYOZ3,251,1abd3aa52d4d51eb60154c594fe4bb40b829073aa9f4fc7d0f1c4c0e26c2eedf,Q8TDC0,EGFR,1210,dbb4583267ad40a7dfd854ee3c44ce4be38e137d0570e3eb76cf1854a74e7246,P00533,-2.223930994669596,-1.1517204244931538,0.3589729070663452,-10.149518013000488,-9.611513137817383,-6.994974613189697,-8.918668588002523,174.0,46.0,160.0,84.0
context,P62993,U,False,False,22,SRSF7,238,cbe15fc80b0634f84d7299fa370a329e37024ef5afa603899deab1483df850ca,Q16629,EGFR,1210,dbb4583267ad40a7dfd854ee3c44ce4be38e137d0570e3eb76cf1854a74e7246,P00533,-2.6552274227142334,-2.5201381047566733,0.2404763549566269,-11.730966567993164,-12.40886402130127,-9.11797046661377,-11.085933685302734,233.0,151.0,247.0,214.0
context,P62993,U,False,False,23,EAPP,285,c15739dd5dcabdafc400cf8639f811c3c0db2b5b3beec729886f85d8292f69d1,Q56P03,EGFR,1210,dbb4583267ad40a7dfd854ee3c44ce4be38e137d0570e3eb76cf1854a74e7246,P00533,-1.8179317712783813,-3.3319292068481445,0.22229354083538055,-15.894732475280762,-14.416184425354004,-14.120536804199219,-14.810484568277994,97.0,241.0,261.0,301.0
context,P62993,U,False,False,24,STMN3,180,d024a542767dd22da35c3cc6fbbc81c3d57597b9f04753b491e19632174e3b66,Q9NZ72,EGFR,1210,dbb4583267ad40a7dfd854ee3c44ce4be38e137d0570e3eb76cf1854a74e7246,P00533,-1.861158808072408,-1.946803371111552,0.35501915216445923,-10.494880676269531,-9.977100372314453,-9.18896484375,-9.886981964111328,106.0,99.0,162.0,130.0
context,P62993,U,False,False,25,RALA,206,a1878810100fb6310cbf83c86001d5f814ddad57b55628ae178df778597a1ba8,P11233,EGFR,1210,dbb4583267ad40a7dfd854ee3c44ce4be38e137d0570e3eb76cf1854a74e7246,P00533,-2.8739914894104004,-3.571971337000529,0.6376122832298279,-13.814414978027344,-10.198003768920898,-13.792399406433105,-12.601606051127115,256.0,254.0,45.0,275.0
context,P62993,U,False,False,26,ANG,147,909597435fc4ddd2cdcb268302078a46cbb2aaee211ea5d8afe045ac3ff65593,P03950,EGFR,1210,dbb4583267ad40a7dfd854ee3c44ce4be38e137d0570e3eb76cf1854a74e7246,P00533,-1.6361523866653442,-2.276716709136963,0.5425552129745483,-9.17055606842041,-6.940896987915039,-8.105224609375,-8.07222588857015,78.0,128.0,85.0,36.0
context,P62993,U,False,False,27,GUK1,197,ad4f94972c4850d04bdbf2faca6cfcebefc4d336e289a8de524c7afd3be6641d,Q16774,EGFR,1210,dbb4583267ad40a7dfd854ee3c44ce4be38e137d0570e3eb76cf1854a74e7246,P00533,-4.0115729967753095,-3.9385414123535156,0.30371639132499695,-12.177688598632812,-15.89257526397705,-11.05953311920166,-13.043265660603842,299.0,272.0,201.0,286.0
context,P62993,U,False,False,28,POLDIP3,421,3154be708088a775e9bd002591328b34715ac8f6ce3eae6f5ac3fa56953d18d8,Q9BY77,EGFR,1210,dbb4583267ad40a7dfd854ee3c44ce4be38e137d0570e3eb76cf1854a74e7246,P00533,-2.8192969957987466,-4.0057053565979,0.14836552739143372,-10.646332740783691,-12.043338775634766,-11.383929252624512,-11.357866923014322,250.0,275.0,299.0,229.0
context,P62993,U,False,False,29,MAPKAPK3,382,38ebe4b31547db60c001fca20af7064f646aaa4865738ba58fb2d2663d425b96,Q16644,EGFR,1210,dbb4583267ad40a7dfd854ee3c44ce4be38e137d0570e3eb76cf1854a74e7246,P00533,-1.02902756134669,-1.3286754091580708,0.44081076979637146,-12.27293872833252,-6.687133312225342,-4.738471031188965,-7.899514357248942,26.0,53.0,121.0,31.0
context,P62993,U,False,False,30,DYNLT3,116,80309cd7812619a76e554d15804f3065810f115e947d95ba330de43df8d9dc6a,P51808,EGFR,1210,dbb4583267ad40a7dfd854ee3c44ce4be38e137d0570e3eb76cf1854a74e7246,P00533,-2.2269742091496787,-2.133334239323934,0.2188720405101776,-8.335855484008789,-11.260831832885742,-7.129530906677246,-8.90873940785726,175.0,117.0,264.0,83.0
context,P62993,U,False,False,31,LZTFL1,299,a455e040ff1f6e12b67e9d216b46c43e5048118b409af36e29276b4a5443e96e,Q9NQ48,EGFR,1210,dbb4583267ad40a7dfd854ee3c44ce4be38e137d0570e3eb76cf1854a74e7246,P00533,-2.088573972384135,-2.222352902094523,0.19186154007911682,-10.627056121826172,-10.242668151855469,-11.58163070678711,-10.817118326822916,149.0,123.0,280.0,196.0
context,P62993,U,False,False,32,ADH7,386,6d1d909910705b15641b86622c773ef97594e883e9a988cfd55ff4fea5b37810,P40394,EGFR,1210,dbb4583267ad40a7dfd854ee3c44ce4be38e137d0570e3eb76cf1854a74e7246,P00533,-3.3131814002990723,-3.494527498881022,0.3635180592536926,-8.189262390136719,-13.82586669921875,-9.351876258850098,-10.455668449401855,280.0,249.0,156.0,172.0
context,P62993,U,False,False,33,SRXN1,137,fe98c8a9bf90400b80f7f3d187868dc1836c0acf78fdaec687cb524aede537f8,Q9BYN0,EGFR,1210,dbb4583267ad40a7dfd854ee3c44ce4be38e137d0570e3eb76cf1854a74e7246,P00533,-2.6410983403523765,-2.395679235458374,0.41473326086997986,-9.404203414916992,-10.941665649414062,-8.659377098083496,-9.668415387471518,232.0,135.0,134.0,119.0
context,P62993,U,False,False,34,WDFY2,400,a132f2aadf343d5f1b1353d4be9592bf6216f673301380f3a85991afa9458bb9,Q96P53,EGFR,1210,dbb4583267ad40a7dfd854ee3c44ce4be38e137d0570e3eb76cf1854a74e7246,P00533,-0.7788569132486979,-0.456717848777771,0.3273701071739197,-9.999602317810059,-10.508711814880371,-10.245798110961914,-10.251370747884115,14.0,19.0,181.0,153.0
context,P62993,U,False,False,35,HAAO,286,4351d5da0923c75f72d563cfb7cb6e13f36325a5e6645ba419f60c9301ca69f9,P46952,EGFR,1210,dbb4583267ad40a7dfd854ee3c44ce4be38e137d0570e3eb76cf1854a74e7246,P00533,-3.1742990016937256,-4.591794331868489,0.45092886686325073,-9.539613723754883,-12.702165603637695,-7.735145568847656,-9.992308298746744,273.0,297.0,117.0,136.0
context,P62993,U,False,False,36,CCDC42,316,a3a72ff839db40e8a5e2843a7aa124aa9df99eacfa1e63b8319ca1b96f609d9a,Q96M95,EGFR,1210,dbb4583267ad40a7dfd854ee3c44ce4be38e137d0570e3eb76cf1854a74e7246,P00533,-3.4405945936838784,-4.523292541503906,0.13664698600769043,-13.10181713104248,-15.948777198791504,-15.591798782348633,-14.880797704060873,291.0,296.0,302.0,302.0
context,P62993,U,False,False,37,SAT1,171,f5d879c6897a50ea548a1b71eeb03f255d039d64e749929b638a9ecb1d3e0861,P21673,EGFR,1210,dbb4583267ad40a7dfd854ee3c44ce4be38e137d0570e3eb76cf1854a74e7246,P00533,-0.5976316730181376,-0.5701856811841329,0.3148233890533447,-5.094043731689453,-7.62075662612915,-5.527784824371338,-6.080861727396647,8.0,21.0,191.0,8.0
context,P62993,U,False,False,38,PEX7,323,fdb3e6713db7363cc43b0f494261d184ab2bd6d1d5f7672c969ef03db7b05dca,O00628,EGFR,1210,dbb4583267ad40a7dfd854ee3c44ce4be38e137d0570e3eb76cf1854a74e7246,P00533,-3.382713874181112,-2.338494618733724,0.4081830680370331,-9.721624374389648,-7.901819705963135,-8.338512420654297,-8.653985500335693,287.0,131.0,136.0,68.0
context,P62993,U,False,False,39,PSME3,254,980af9bc651ff76ebc98f365fdd44c5293915eeb3353603ff1bb5b31e0cfe4aa,P61289,EGFR,1210,dbb4583267ad40a7dfd854ee3c44ce4be38e137d0570e3eb76cf1854a74e7246,P00533,-1.9845384359359741,-2.5315645138422647,0.2925938367843628,-8.276864051818848,-7.640323162078857,-6.993235111236572,-7.636807441711426,129.0,153.0,211.0,27.0
context,P62993,U,False,False,40,PIERCE1,136,4c3c4e77e7255b9ee9283c5fb4b4b342936ceb48e1c638c160af7e40211ba3a1,Q5BN46,EGFR,1210,dbb4583267ad40a7dfd854ee3c44ce4be38e137d0570e3eb76cf1854a74e7246,P00533,-1.4021937449773152,-0.7557470202445984,0.4994516372680664,-8.645859718322754,-10.726234436035156,-8.01997184753418,-9.130688667297363,43.0,26.0,97.0,90.0
context,P62993,U,False,False,41,WDR54,334,e4ab47d09245a860af0f51bd7ac72595c556f21b2e9b1a5c54b9cb63a65bc64d,Q9H977,EGFR,1210,dbb4583267ad40a7dfd854ee3c44ce4be38e137d0570e3eb76cf1854a74e7246,P00533,-2.797524849573771,-1.9645791053771973,0.396901935338974,-8.23826789855957,-10.928030014038086,-7.444239139556885,-8.870179017384848,249.0,103.0,141.0,78.0
context,P62993,U,False,False,42,FDPS,419,265d3e283924e8ac4ea8bc436c687772d97f9703fd677b466a605ac7f1a560d7,P14324,EGFR,1210,dbb4583267ad40a7dfd854ee3c44ce4be38e137d0570e3eb76cf1854a74e7246,P00533,-2.461357275644938,-2.203378756841024,0.32037290930747986,-6.130852222442627,-9.034592628479004,-6.9595208168029785,-7.374988555908203,210.0,121.0,187.0,22.0
context,P62993,U,False,False,43,MAEA,396,4cff11673d322d548479532c4725c8bdb252e2122edf4ceeb4149467990923f8,Q7L5Y9,EGFR,1210,dbb4583267ad40a7dfd854ee3c44ce4be38e137d0570e3eb76cf1854a74e7246,P00533,-1.8084822098414104,-2.4301668802897134,0.4730011820793152,-6.108046531677246,-13.31602668762207,-13.487680435180664,-10.970584551493326,95.0,141.0,106.0,208.0
context,P62993,U,False,False,44,TPT1,172,9b5443243bb941445c0cb756368a6f3548ad73a9ef28f72ab6765c97f5587969,P13693,EGFR,1210,dbb4583267ad40a7dfd854ee3c44ce4be38e137d0570e3eb76cf1854a74e7246,P00533,-4.260087013244629,-4.676492849985759,0.30119216442108154,-10.272642135620117,-15.068653106689453,-9.24966049194336,-11.53031857808431,302.0,299.0,203.0,240.0
context,P62993,U,False,False,45,COMMD9,198,e5ab86b876399376665a028f6c5403e87f8f99e17ffc4e051094c25c2c5d063a,Q9P000,EGFR,1210,dbb4583267ad40a7dfd854ee3c44ce4be38e137d0570e3eb76cf1854a74e7246,P00533,-3.1202073891957602,-3.9241036574045816,0.36014944314956665,-10.992331504821777,-16.650455474853516,-11.449983596801758,-13.03092352549235,270.0,268.0,158.0,284.0
context,P62993,U,False,False,46,HABP4,413,4bdb9e65b7efcbdec0c85f654b073aeeef1800e0b41c0454dbb07c527166d834,Q5JVS0,EGFR,1210,dbb4583267ad40a7dfd854ee3c44ce4be38e137d0570e3eb76cf1854a74e7246,P00533,-2.571598529815674,-2.6219613552093506,0.21316199004650116,-12.744397163391113,-10.376413345336914,-10.656875610351562,-11.259228706359863,224.0,165.0,270.0,225.0
context,P62993,U,False,False,47,AKR1C1,323,4a269c619d2ffc03cca38012e458937eb27d2667a61c55c53c5c2a309ad20896,Q04828,EGFR,1210,dbb4583267ad40a7dfd854ee3c44ce4be38e137d0570e3eb76cf1854a74e7246,P00533,-2.7005980014801025,-2.3796300888061523,0.6347171664237976,-11.216440200805664,-14.015363693237305,-12.469740867614746,-12.567181587219238,239.0,134.0,47.0,274.0
context,P62993,U,False,False,48,PHB2,299,f0be76f0d4b9299894ca6a1fd1500db88fb55ab0b85a0c4bf53d0264017a8361,Q99623,EGFR,1210,dbb4583267ad40a7dfd854ee3c44ce4be38e137d0570e3eb76cf1854a74e7246,P00533,-2.3690271377563477,-3.0164217154184976,0.3306005001068115,-9.011155128479004,-9.880928039550781,-8.955414772033691,-9.282499313354492,193.0,212.0,180.0,98.0
context,P62993,U,False,False,49,GSTT2,244,0404379877fed2b0a266d76f928eae7fbe3e0a15896940b779d4ed99ef7542d4,P0CG29,EGFR,1210,dbb4583267ad40a7dfd854ee3c44ce4be38e137d0570e3eb76cf1854a74e7246,P00533,-1.5781963268915813,-3.1960481802622476,0.2777250111103058,-10.034551620483398,-12.05905818939209,-9.475994110107422,-10.52320130666097,63.0,228.0,222.0,179.0
context,P62993,U,False,False,50,FBXO4,387,98e1148b581be12f07c4c903890d5a5ff4ef0474d7a037bc56975b8149c72527,Q9UKT5,EGFR,1210,dbb4583267ad40a7dfd854ee3c44ce4be38e137d0570e3eb76cf1854a74e7246,P00533,-1.9080849091211955,-1.9384827613830566,0.37901571393013,-10.435274124145508,-9.211606979370117,-11.164713859558105,-10.27053165435791,114.0,98.0,148.0,157.0
context,P62993,U,False,False,51,RAB9A,201,dd0598443ea26cb3971689f5738df52996f847e2bf0f7062821a601c8555a89a,P51151,EGFR,1210,dbb4583267ad40a7dfd854ee3c44ce4be38e137d0570e3eb76cf1854a74e7246,P00533,-2.9531071186065674,-3.6777796745300293,0.5481079816818237,-10.070956230163574,-13.880749702453613,-11.931373596191406,-11.961026509602865,260.0,260.0,83.0,257.0
context,P62993,U,False,False,52,IL36B,164,a4afb02d0d474b5feb42d1356c90ec7514a20e6193e9df9c483d49db6ec0fb09,Q9NZH7,EGFR,1210,dbb4583267ad40a7dfd854ee3c44ce4be38e137d0570e3eb76cf1854a74e7246,P00533,-2.164466381072998,-2.76527468363444,0.3931695818901062,-8.471944808959961,-13.21245002746582,-8.639399528503418,-10.1079314549764,165.0,183.0,143.0,145.0
context,P62993,U,False,False,53,EIF4A3,411,b8d9424649e6338232cbd11956a20dc129570325944185ed15a1e60cfb3c2add,P38919,EGFR,1210,dbb4583267ad40a7dfd854ee3c44ce4be38e137d0570e3eb76cf1854a74e7246,P00533,-2.460302988688151,-2.629268010457357,0.2960927486419678,-12.698441505432129,-12.2339506149292,-12.742775917053223,-12.55838934580485,209.0,167.0,207.0,272.0
background,P62993,U,False,False,54,SPMIP8,216,28d12a5271e186a7fbfe3351ea592194ade4ba0807b475ac72151cca869b0120,Q6URK8,EGFR,1210,dbb4583267ad40a7dfd854ee3c44ce4be38e137d0570e3eb76cf1854a74e7246,P00533,-2.7177559534708657,-2.5369110902150473,0.49800989031791687,-11.925366401672363,-12.100289344787598,-9.929102897644043,-11.318252881368002,243.0,154.0,100.0,227.0
background,P62993,U,False,False,55,NOSIP,301,16baf65a8adbe738606113112e95100a4bf386c665fe52c4d193af09f879af9a,Q9Y314,EGFR,1210,dbb4583267ad40a7dfd854ee3c44ce4be38e137d0570e3eb76cf1854a74e7246,P00533,-1.5972421566645305,-1.79564102490743,0.3465062379837036,-6.467012882232666,-6.270493507385254,-11.28900146484375,-8.008835951487223,68.0,84.0,172.0,34.0
background,P62993,U,False,False,56,CSNK2B,215,feabc8446b38eabaabc0a48cb14d267357eac67b24b71ffc1835dd2abac6ab14,P67870,EGFR,1210,dbb4583267ad40a7dfd854ee3c44ce4be38e137d0570e3eb76cf1854a74e7246,P00533,-2.6851589679718018,-2.9629788398742676,0.3095777928829193,-6.443065166473389,-10.377896308898926,-9.152280807495117,-8.657747427622477,236.0,202.0,195.0,69.0
background,P62993,U,False,False,57,EMC8,210,4f06a8de7e852eb6b6d2abed603a598c027971f1bf1020b919d643f9258bebfb,O43402,EGFR,1210,dbb4583267ad40a7dfd854ee3c44ce4be38e137d0570e3eb76cf1854a74e7246,P00533,-1.0879109104474385,-0.8164596954981486,0.25066664814949036,-12.452202796936035,-9.48878002166748,-10.606104850769043,-10.849029223124186,28.0,28.0,242.0,199.0
background,P62993,U,False,False,58,NEU2,380,a3070009ec34b7196d776e54b58934737ff54206d7eaded8b8e1cd1ce02873e4,Q9Y3R4,EGFR,1210,dbb4583267ad40a7dfd854ee3c44ce4be38e137d0570e3eb76cf1854a74e7246,P00533,-4.234329541524251,-4.062417030334473,0.39618661999702454,-11.53058910369873,-11.273058891296387,-11.45041561126709,-11.418021202087402,301.0,280.0,142.0,232.0
background,P62993,U,False,False,59,DIPK2A,430,f53c8d31543da68e1a60f7ac1cd416193bb39463bc94da0b8f6ebc0bc4924df2,Q8NDZ4,EGFR,1210,dbb4583267ad40a7dfd854ee3c44ce4be38e137d0570e3eb76cf1854a74e7246,P00533,-0.7536092400550842,-1.6765766739845276,0.48562631011009216,-6.876719951629639,-9.736946105957031,-7.6307806968688965,-8.08148225148519,12.0,74.0,105.0,37.0
background,P62993,U,False,False,60,PRSS27,290,663ed60863b153282f75ae76dbdeb40b3c6742b5ed3a9ca59dd20a852d80366b,Q9BQR3,EGFR,1210,dbb4583267ad40a7dfd854ee3c44ce4be38e137d0570e3eb76cf1854a74e7246,P00533,-3.430665890375773,-4.020879586537679,0.7875490784645081,-8.593931198120117,-11.462034225463867,-9.199737548828125,-9.751900990804037,290.0,276.0,7.0,122.0
background,P62993,U,False,False,61,ZP3,424,d0c1db9b37078bb2936bf661c6e86941870708c064901d91ab4d07ded53883cf,P21754,EGFR,1210,dbb4583267ad40a7dfd854ee3c44ce4be38e137d0570e3eb76cf1854a74e7246,P00533,-1.7675721645355225,-1.4408743381500244,0.7540510296821594,-6.501080513000488,-8.819232940673828,-9.169685363769531,-8.16333293914795,89.0,58.0,12.0,43.0
background,P62993,U,False,False,62,CAPZA1,286,1b711a8aab5cbbc04ab25e586088115f3fa988a58240ead3750b22c672d9d6c2,P52907,EGFR,1210,dbb4583267ad40a7dfd854ee3c44ce4be38e137d0570e3eb76cf1854a74e7246,P00533,-3.0935680071512857,-3.2835694948832193,0.3210902810096741,-11.424458503723145,-11.260833740234375,-9.227290153503418,-10.637527465820312,268.0,235.0,185.0,184.0
background,P62993,U,False,False,63,EMC3,261,59823f2150e2041630a750cb69330e2e7da5c98b2aeec812c9de57bc37923ba7,Q9P0I2,EGFR,1210,dbb4583267ad40a7dfd854ee3c44ce4be38e137d0570e3eb76cf1854a74e7246,P00533,-2.2996830145517984,-2.5058985551198325,0.237635999917984,-7.111220836639404,-9.892343521118164,-8.093608856201172,-8.365724404652914,187.0,150.0,250.0,58.0
background,P62993,U,False,False,64,GPR78,363,16d02213674e599e8be10e5505d22724f00bd4775aeb53d7e064221f0ec36c83,Q96P69,EGFR,1210,dbb4583267ad40a7dfd854ee3c44ce4be38e137d0570e3eb76cf1854a74e7246,P00533,-1.2610486348470051,-0.9089089433352152,0.5981833338737488,-6.24376106262207,-7.500184059143066,-5.6606292724609375,-6.468191464742024,38.0,34.0,58.0,11.0
background,P62993,U,False,False,65,ENKUR,256,86a19d49ff5cf4d03f2fbace8267cde8829235160e749339f228f7dd23e03b59,Q8TC29,EGFR,1210,dbb4583267ad40a7dfd854ee3c44ce4be38e137d0570e3eb76cf1854a74e7246,P00533,-1.9671708345413208,-2.9742825031280518,0.2383180409669876,-9.103171348571777,-10.51368522644043,-9.175002098083496,-9.597286224365234,124.0,207.0,249.0,115.0
background,P62993,U,False,False,66,MSGN1,193,b82ced17f74384a1c82cae44a214393fa6a07d509a5f5eff3ebf3d58bb97eaa4,A6NI15,EGFR,1210,dbb4583267ad40a7dfd854ee3c44ce4be38e137d0570e3eb76cf1854a74e7246,P00533,-1.6819417476654053,-1.0344668527444203,0.3110024333000183,-9.955696105957031,-8.252239227294922,-8.510591506958008,-8.90617561340332,81.0,39.0,194.0,82.0
background,P62993,U,False,False,67,ZNF576,170,1f488e6c9de58d69347092e633ff99c4d96a6e58e172c3341a43b77bdf878e76,Q9H609,EGFR,1210,dbb4583267ad40a7dfd854ee3c44ce4be38e137d0570e3eb76cf1854a74e7246,P00533,-1.8148266077041626,-1.8245644966761272,0.3184431791305542,-11.091920852661133,-9.181479454040527,-13.020803451538086,-11.098067919413248,96.0,87.0,189.0,215.0
background,P62993,U,False,False,68,GKN1,185,d10cdb279f3b2078c8326ce7e25f26b48422c76af406a944e4d11f51e2118e85,Q9NS71,EGFR,1210,dbb4583267ad40a7dfd854ee3c44ce4be38e137d0570e3eb76cf1854a74e7246,P00533,-2.283280928929647,-2.634362061818441,0.5613617897033691,-7.598655700683594,-8.321670532226562,-8.580875396728516,-8.167067209879557,183.0,169.0,76.0,44.0
background,P62993,U,False,False,69,IGLV4-60,120,6a7b964e872a0daf4d55336561c9b7c0309cae90136bd29789d93ab0623ca17a,A0A075B6I1,EGFR,1210,dbb4583267ad40a7dfd854ee3c44ce4be38e137d0570e3eb76cf1854a74e7246,P00533,-2.195619503657023,-2.667605400085449,0.6625289916992188,-9.050718307495117,-10.439748764038086,-4.975363254547119,-8.155276775360107,167.0,171.0,33.0,42.0
background,P62993,U,False,False,70,CXCR6,342,c0d6d308e9b1922a23ba04241cffcf6e3baa852bf50939ab504e1fefb7eddeb0,O00574,EGFR,1210,dbb4583267ad40a7dfd854ee3c44ce4be38e137d0570e3eb76cf1854a74e7246,P00533,-2.6057183742523193,-1.1159578959147136,0.618667483329773,-9.456342697143555,-7.4918036460876465,-7.955516338348389,-8.301220893859863,230.0,42.0,50.0,51.0
background,P62993,U,False,False,71,KRTAP9-8,159,f04c37abc115092111f1b554fd373a06ea13f418d8fe980719a25e37a6af2ea9,Q9BYQ0,EGFR,1210,dbb4583267ad40a7dfd854ee3c44ce4be38e137d0570e3eb76cf1854a74e7246,P00533,-0.5094342529773712,0.046805620193481445,0.46555760502815247,-4.172056198120117,-7.502906322479248,-5.009417533874512,-5.561460018157959,7.0,10.0,111.0,7.0
background,P62993,U,False,False,72,FAHD1,221,90b4316c150366eef89a1b93a0b75346a91a4665b68b430c44815cb73e33a552,Q6P587,EGFR,1210,dbb4583267ad40a7dfd854ee3c44ce4be38e137d0570e3eb76cf1854a74e7246,P00533,-3.5944828192392984,-4.147067467371623,0.35291531682014465,-11.778848648071289,-12.174774169921875,-9.893046379089355,-11.282223065694174,294.0,284.0,164.0,226.0
background,P62993,U,False,False,73,CCDC43,224,7262ca98e91bbbc2f8e6c34838bd16130bc5c7705e3535d6f31ec5d6617a6dcd,Q96MW1,EGFR,1210,dbb4583267ad40a7dfd854ee3c44ce4be38e137d0570e3eb76cf1854a74e7246,P00533,-3.355209747950236,-4.193145036697388,0.21979449689388275,-10.294719696044922,-11.891831398010254,-10.650690078735352,-10.945747057596842,284.0,285.0,263.0,206.0
background,P62993,U,False,False,74,HLA-DQB1,261,a7932a343f7b312d85761aca27e29b64a9af1cc6518067355b996c041f399161,P01920,EGFR,1210,dbb4583267ad40a7dfd854ee3c44ce4be38e137d0570e3eb76cf1854a74e7246,P00533,-2.1247567733128867,-3.5191460450490317,0.7080020308494568,-8.853808403015137,-11.76043701171875,-8.838150978088379,-9.817465464274088,160.0,251.0,19.0,126.0
background,P62993,U,False,False,75,CREG1,220,9260fc3cf309747aac35b9988a4bce92aab09d79a292e584a59cca0d2fa875b4,O75629,EGFR,1210,dbb4583267ad40a7dfd854ee3c44ce4be38e137d0570e3eb76cf1854a74e7246,P00533,-2.0119940042495728,-1.612469772497813,0.4449478089809418,-10.097769737243652,-8.24098014831543,-3.4997525215148926,-7.279500802357991,134.0,72.0,119.0,18.0
background,P62993,U,False,False,76,POGLUT1,392,74b1b43374bb90b3d4eab7556eb4557d2f3c3f1f4d8503df9df7beb895e0a6a6,Q8NBL1,EGFR,1210,dbb4583267ad40a7dfd854ee3c44ce4be38e137d0570e3eb76cf1854a74e7246,P00533,-3.3282225926717124,-4.067521731058757,0.4147949814796448,-8.962368965148926,-10.302921295166016,-9.041013717651367,-9.435434659322103,281.0,281.0,133.0,103.0
background,P62993,U,False,False,77,RNASE6,150,f9dc299a3637e14a637e32a9030a06c56567fbc1ec8fdcfdb663241502915974,Q93091,EGFR,1210,dbb4583267ad40a7dfd854ee3c44ce4be38e137d0570e3eb76cf1854a74e7246,P00533,-2.7076985836029053,-2.4006946881612143,0.5759968757629395,-7.945531845092773,-10.908066749572754,-7.345181941986084,-8.732926845550537,240.0,137.0,72.0,76.0
background,P62993,U,False,False,78,KCNJ6,423,7886da2cd99cba9c58705219da63e440c9d6b5adff5736b34753cc66caa103bc,P48051,EGFR,1210,dbb4583267ad40a7dfd854ee3c44ce4be38e137d0570e3eb76cf1854a74e7246,P00533,-2.858034690221151,-3.1063876946767173,0.682511031627655,-4.638752460479736,-6.2330522537231445,-5.787095546722412,-5.552966753641765,255.0,222.0,23.0,6.0
background,P62993,U,False,False,79,HLA-DRB5,266,92beee5ed02f9085bbdc54e9d648ab6a44aacc1d93c577ac14c0335be02bf545,Q30154,EGFR,1210,dbb4583267ad40a7dfd854ee3c44ce4be38e137d0570e3eb76cf1854a74e7246,P00533,-2.3978734811147056,-3.3315916856129966,0.680894672870636,-9.5604829788208,-10.78787612915039,-9.756654739379883,-10.035004615783691,199.0,240.0,25.0,139.0
background,P62993,U,False,False,80,CHST1,411,01a7af5790d64e3f040e24f5cd5374e6fb9e078ad107678cf0fb6cea26b123c7,O43916,EGFR,1210,dbb4583267ad40a7dfd854ee3c44ce4be38e137d0570e3eb76cf1854a74e7246,P00533,-2.784950097401937,-2.772265672683716,0.4613528847694397,-8.035566329956055,-10.304421424865723,-10.414073944091797,-9.584687232971191,247.0,184.0,113.0,114.0
background,P62993,U,False,False,81,UBAP1L,381,13528613cae8fa38d0dd6c8c03ce5088aff15dbff6e93ddd9d75b032b7f383c0,F5GYI3,EGFR,1210,dbb4583267ad40a7dfd854ee3c44ce4be38e137d0570e3eb76cf1854a74e7246,P00533,-1.8926769892374675,-0.06581624845663707,0.4025236666202545,-7.530259132385254,-10.109475135803223,-12.596484184265137,-10.078739484151205,112.0,11.0,138.0,142.0
background,P62993,U,False,False,82,ACTL6A,429,a6dbc50f8caac2c85a2b66a2a880e57de5c73671387b960b98820eb6b71dc02f,O96019,EGFR,1210,dbb4583267ad40a7dfd854ee3c44ce4be38e137d0570e3eb76cf1854a74e7246,P00533,-4.35558557510376,-4.311748345692952,0.19184869527816772,-9.96965217590332,-12.97080135345459,-12.454301834106445,-11.798251787821451,303.0,287.0,281.0,250.0
background,P62993,U,False,False,83,MAGEB17,336,c4d148e902d60a5d5b787890990a4dddb731a582320fb4118b1df9347c5aca6c,A8MXT2,EGFR,1210,dbb4583267ad40a7dfd854ee3c44ce4be38e137d0570e3eb76cf1854a74e7246,P00533,-2.1121642192204795,-0.8585180640220642,0.35194897651672363,-7.883699893951416,-11.014551162719727,-11.157511711120605,-10.018587589263916,156.0,30.0,165.0,138.0
background,P62993,U,False,False,84,HSD11B2,405,6e6fe44af209f15f3e60dfa4d002c51978a865c286b4f14fe37443c9d567548b,P80365,EGFR,1210,dbb4583267ad40a7dfd854ee3c44ce4be38e137d0570e3eb76cf1854a74e7246,P00533,-1.6195512612660725,-1.9754478931427002,0.4011017680168152,-9.141145706176758,-7.829648971557617,-4.89752197265625,-7.289438883463542,73.0,104.0,139.0,19.0
background,P62993,U,False,False,85,SLC25A4,298,e49a55e2425fb5999400783ecbab986760c7bfc2bd8adc0378b4d23932e9cafd,P12235,EGFR,1210,dbb4583267ad40a7dfd854ee3c44ce4be38e137d0570e3eb76cf1854a74e7246,P00533,-3.23248283068339,-4.602903683980306,0.424821138381958,-10.535048484802246,-11.29018783569336,-9.486124038696289,-10.437120119730631,277.0,298.0,127.0,170.0
background,P62993,U,False,False,86,SGK1,431,b3f97b9d8c381d3fbe3728b02bfd6fe83fd9fcce7c707434ba6e40a440673ef9,O00141,EGFR,1210,dbb4583267ad40a7dfd854ee3c44ce4be38e137d0570e3eb76cf1854a74e7246,P00533,-2.5841809113820395,-4.09442154566447,0.5501661896705627,-12.840786933898926,-10.749817848205566,-9.762853622436523,-11.117819468180338,227.0,282.0,81.0,216.0
background,P62993,U,False,False,87,TMEM72,275,501010ec27c0a08e1cd9286e416f02030e118d7a8cb42956f048ffd2cd36eba8,A0PK05,EGFR,1210,dbb4583267ad40a7dfd854ee3c44ce4be38e137d0570e3eb76cf1854a74e7246,P00533,-1.614912708600362,-0.7580069104830424,0.5208393931388855,-7.957507133483887,-9.122383117675781,-5.621581077575684,-7.56715710957845,70.0,27.0,92.0,26.0
background,P62993,U,False,False,88,MTHFD2L,347,13f22f30de7af5a603b42bfa9395511f5946f2b7b2bde6d888144c93402eb984,Q9H903,EGFR,1210,dbb4583267ad40a7dfd854ee3c44ce4be38e137d0570e3eb76cf1854a74e7246,P00533,-2.1993892987569175,-2.5240976015726724,0.3144819736480713,-13.813239097595215,-15.427199363708496,-11.210672378540039,-13.48370361328125,169.0,152.0,192.0,292.0
background,P62993,U,False,False,89,DMTN,405,6860addb4434bdeea7fb5bb2889cdf21353f7982e0142d5326694de9d5db31c6,Q08495,EGFR,1210,dbb4583267ad40a7dfd854ee3c44ce4be38e137d0570e3eb76cf1854a74e7246,P00533,-2.296830177307129,-4.33176835378011,0.4227917492389679,-11.93703556060791,-13.140375137329102,-9.223810195922852,-11.433740297953287,185.0,288.0,129.0,234.0
background,P62993,U,False,False,90,TSFM,325,41adaac41114f030e18cf50a94d6157df9c45e983ca217caa9ef08390a40e272,P43897,EGFR,1210,dbb4583267ad40a7dfd854ee3c44ce4be38e137d0570e3eb76cf1854a74e7246,P00533,-1.4053988059361775,-2.801075299580892,0.3010734021663666,-10.320571899414062,-15.117379188537598,-10.415144920349121,-11.951032002766928,44.0,187.0,204.0,255.0
background,P62993,U,False,False,91,SSPN,243,c5785a0610dc197aa398ad59c1dd0b9d3e6bf21c3d55d569ecdacc618a6aae0d,Q14714,EGFR,1210,dbb4583267ad40a7dfd854ee3c44ce4be38e137d0570e3eb76cf1854a74e7246,P00533,-1.6278682152430217,-0.18826026717821756,0.5769718885421753,-8.09324836730957,-5.239170551300049,-8.928287506103516,-7.420235474904378,75.0,13.0,70.0,25.0
background,P62993,U,False,False,92,CD3E,207,5a043cd319d3f196bb50c385f5bb4932472256a7646c6cca861f2ef9f4b032fe,P07766,EGFR,1210,dbb4583267ad40a7dfd854ee3c44ce4be38e137d0570e3eb76cf1854a74e7246,P00533,-0.016733724623918533,-0.741109033425649,0.6940863132476807,-7.770824432373047,-6.808867454528809,-5.998159408569336,-6.8592837651570635,4.0,25.0,22.0,15.0
background,P62993,U,False,False,93,TSPAN8,237,52cd31489fca498b1fa74914c387351d8810a277639616ddbad78b9bb4ffb948,P19075,EGFR,1210,dbb4583267ad40a7dfd854ee3c44ce4be38e137d0570e3eb76cf1854a74e7246,P00533,-2.7198731104532876,-1.5397230784098308,0.510614275932312,-9.864974021911621,-8.744014739990234,-9.606907844543457,-9.405298868815104,244.0,66.0,95.0,101.0
background,P62993,U,False,False,94,CAMK1D,385,24f0eb74931b9c84a430b42185d7d44ee2b7410bb4f68a0f2b0a5f54105b6927,Q8IU85,EGFR,1210,dbb4583267ad40a7dfd854ee3c44ce4be38e137d0570e3eb76cf1854a74e7246,P00533,-1.4287199179331462,-1.7633686065673828,0.4231540858745575,-12.318201065063477,-10.296706199645996,-7.5806450843811035,-10.065184116363525,45.0,81.0,128.0,140.0
background,P62993,U,False,False,95,KLF1,362,d4363505cdd764fa4de3b9b1cc24a47de5d7c0403575943429957a8c5cf15e27,Q13351,EGFR,1210,dbb4583267ad40a7dfd854ee3c44ce4be38e137d0570e3eb76cf1854a74e7246,P00533,-1.4506134192148845,0.39727691809336346,0.28851518034935,-8.644323348999023,-9.137009620666504,-10.685324668884277,-9.488885879516602,48.0,6.0,213.0,108.0
background,P62993,U,False,False,96,LIPK,399,d3501740d24218ca02372b2b9e7d5fe7fd5efb65d12e554218512f6113f57402,Q5VXJ0,EGFR,1210,dbb4583267ad40a7dfd854ee3c44ce4be38e137d0570e3eb76cf1854a74e7246,P00533,-1.7628135283788045,-2.02227516969045,0.7572741508483887,-10.336175918579102,-6.312545299530029,-9.091466903686523,-8.580062707265219,88.0,109.0,11.0,67.0
background,P62993,U,False,False,97,ABI3,366,6a83d605096eb2b49493ebfc3ffe6d3bd535ca59badbe00d4d2cfc99e1b01b49,Q9P2A4,EGFR,1210,dbb4583267ad40a7dfd854ee3c44ce4be38e137d0570e3eb76cf1854a74e7246,P00533,-2.080299139022827,-2.123509963353475,0.73560631275177,-8.273473739624023,-14.853782653808594,-9.21827220916748,-10.781842867533365,146.0,114.0,15.0,195.0
background,P62993,U,False,False,98,FBXO17,278,522f65fe2c362be03a35b8e7304439b69cd5853a994ed2d2045504cdc2c6b2f9,Q96EF6,EGFR,1210,dbb4583267ad40a7dfd854ee3c44ce4be38e137d0570e3eb76cf1854a74e7246,P00533,-1.1946179866790771,-0.9280778368314108,0.49249231815338135,-12.938010215759277,-13.261276245117188,-5.3217644691467285,-10.507016976674398,34.0,35.0,103.0,177.0
background,P62993,U,False,False,99,TEX50,177,55ce554cc346e52b1d992a6f9e2312491505781053691b5ad9f95749f0c99633,A0A1B0GTY4,EGFR,1210,dbb4583267ad40a7dfd854ee3c44ce4be38e137d0570e3eb76cf1854a74e7246,P00533,-1.7802966435750325,-1.3442296187082927,0.4576055109500885,-9.252528190612793,-8.929154396057129,-7.947904109954834,-8.709862232208252,90.0,54.0,114.0,74.0
background,P62993,U,False,False,100,CDRT15,188,e38dccd17c0201e85ce319e1bfe1bef96d4714ef1b8f1f45a58770a6a8e192b4,Q96T59,EGFR,1210,dbb4583267ad40a7dfd854ee3c44ce4be38e137d0570e3eb76cf1854a74e7246,P00533,-2.7100677490234375,-1.9117017189661663,0.46959802508354187,-7.983156204223633,-8.820123672485352,-9.839530944824219,-8.880936940511068,241.0,95.0,109.0,80.0
background,P62993,U,False,False,101,GPATCH11,285,60935118174a6b898acfbfff3c5d32e9a0bb91293e99ceb11fa2aa205f3ba2f4,Q8N954,EGFR,1210,dbb4583267ad40a7dfd854ee3c44ce4be38e137d0570e3eb76cf1854a74e7246,P00533,-3.6548031171162925,-4.512831846872966,0.21809354424476624,-11.794890403747559,-13.466692924499512,-11.03278636932373,-12.0981232325236,295.0,294.0,266.0,260.0
background,P62993,U,False,False,102,SEC14L6,397,a73806bae6a4a66a576aec50677f52b014aeaddb95dc204a2a3f13edd05ca692,B5MCN3,EGFR,1210,dbb4583267ad40a7dfd854ee3c44ce4be38e137d0570e3eb76cf1854a74e7246,P00533,-1.8322807550430298,-3.615297555923462,0.4307601749897003,-8.309219360351562,-9.396645545959473,-7.4797868728637695,-8.395217259724935,99.0,255.0,125.0,60.0
background,P62993,U,False,False,103,KRTAP5-8,187,5c81ae3c50cbfae719d9ef557e9f050c0ac5aaed71475dc9ca246cfce5a95104,O75690,EGFR,1210,dbb4583267ad40a7dfd854ee3c44ce4be38e137d0570e3eb76cf1854a74e7246,P00533,2.847214619318644,2.8115498224894204,0.49820390343666077,-2.612154960632324,-4.6629638671875,-3.12511944770813,-3.4667460918426514,1.0,2.0,99.0,2.0
context,P29353,U,False,False,104,AZIN2,460,2f394645aafda19996487ea7278df71a30e34f0ce3f6821956b5965ccd1c5bcc,Q96A70,EGFR,1210,dbb4583267ad40a7dfd854ee3c44ce4be38e137d0570e3eb76cf1854a74e7246,P00533,-2.3829243183135986,-2.5920311212539673,0.4968265891075134,-8.187410354614258,-10.464399337768555,-9.666261672973633,-9.439357121785482,197.0,159.0,101.0,104.0
context,P29353,U,False,False,105,CABYR,493,c121348add8577228b4bf734e72612101c3548fdfd5afdad68565a3d6ced6bd5,O75952,EGFR,1210,dbb4583267ad40a7dfd854ee3c44ce4be38e137d0570e3eb76cf1854a74e7246,P00533,-1.8764386971791585,-0.9877196947733561,0.21829864382743835,-11.647954940795898,-11.974767684936523,-10.962543487548828,-11.528422037760416,109.0,37.0,265.0,239.0
context,P29353,U,False,False,106,ODAD1,670,e153924b72eb6322c151423e09041f0d74daf37059d00be2efe374996ed92c47,Q96M63,EGFR,1210,dbb4583267ad40a7dfd854ee3c44ce4be38e137d0570e3eb76cf1854a74e7246,P00533,-2.8414835135142007,-4.3607847690582275,0.22543828189373016,-13.289487838745117,-16.457218170166016,-15.542013168334961,-15.096239725748697,253.0,289.0,260.0,303.0
context,P29353,U,False,False,107,ACOT11,607,c31a46c028ae185f039a3d84753566a08576928895af4882c62345173f49fcb5,Q8WXI4,EGFR,1210,dbb4583267ad40a7dfd854ee3c44ce4be38e137d0570e3eb76cf1854a74e7246,P00533,-1.302299936612447,-1.4444632331530254,0.5415859222412109,-13.086191177368164,-11.149327278137207,-11.144048690795898,-11.79318904876709,41.0,60.0,86.0,249.0
context,P29353,U,False,False,108,SMYD5,418,bbf08f9ed14ecd849fbf6006f1714f2b6cfca0b941976cb14b9499c467e2bd51,Q6GMV2,EGFR,1210,dbb4583267ad40a7dfd854ee3c44ce4be38e137d0570e3eb76cf1854a74e7246,P00533,-2.0332084496816,-3.1939048767089844,0.3517807722091675,-13.24647045135498,-11.476706504821777,-10.305378913879395,-11.676185290018717,138.0,227.0,166.0,245.0
context,P29353,U,False,False,109,LORICRIN,312,ba8a9896eed69f9079e036f2618fb571c4b35d9db86a0b8f45b80b7c9dd5a16c,P23490,EGFR,1210,dbb4583267ad40a7dfd854ee3c44ce4be38e137d0570e3eb76cf1854a74e7246,P00533,0.8659396767616272,0.31941266854604083,0.5224550366401672,-3.954122543334961,-4.467952251434326,-4.981065273284912,-4.467713356018066,3.0,8.0,91.0,3.0
context,P29353,U,False,False,110,KCTD13,329,670e5e97d922394fdf9fdfab6d224123c1ed097e2420228c56143b2b6e2a8783,Q8WZ19,EGFR,1210,dbb4583267ad40a7dfd854ee3c44ce4be38e137d0570e3eb76cf1854a74e7246,P00533,-2.38053305943807,-2.724114259084066,0.4215439260005951,-10.126218795776367,-13.704079627990723,-11.403446197509766,-11.744581540425619,195.0,178.0,130.0,248.0
context,P29353,U,False,False,111,ACTRT3,372,beb508b6c46b05bac2ed46542823121a2f359984aba52706d84cbf406e5255cc,Q9BYD9,EGFR,1210,dbb4583267ad40a7dfd854ee3c44ce4be38e137d0570e3eb76cf1854a74e7246,P00533,-3.0554967721303306,-2.9231940110524497,0.24131156504154205,-10.296365737915039,-9.464715003967285,-10.48305606842041,-10.081378936767578,266.0,198.0,246.0,143.0
context,P29353,U,False,False,112,CASP7,303,46ebb6eccca9a8211ae63f0d5f0ce96b03eddc4e5eb65417010464d85df17516,P55210,EGFR,1210,dbb4583267ad40a7dfd854ee3c44ce4be38e137d0570e3eb76cf1854a74e7246,P00533,-0.7695108552773794,-1.2483966151873271,0.6449907422065735,-10.48031997680664,-10.562117576599121,-7.536149978637695,-9.526195844014486,13.0,50.0,41.0,109.0
context,P29353,U,False,False,113,FAM91A1,838,d21e28a9e8e64456f11541b4a178eb8abf3e82be453c0f324c42965bf11c1212,Q658Y4,EGFR,1210,dbb4583267ad40a7dfd854ee3c44ce4be38e137d0570e3eb76cf1854a74e7246,P00533,-1.761662522951762,-2.4650426705678306,0.3654232323169708,-14.066956520080566,-16.032514572143555,-11.775581359863281,-13.958350817362467,87.0,146.0,155.0,299.0
context,P29353,U,False,False,114,SRPX2,465,e5c0a4831bca51db114b1710b407b81b389c033e01bf30523dd81ffa86db57b6,O60687,EGFR,1210,dbb4583267ad40a7dfd854ee3c44ce4be38e137d0570e3eb76cf1854a74e7246,P00533,-0.796312948067983,-1.2835792700449626,0.7720150947570801,-4.084146499633789,-10.85227108001709,-8.146839141845703,-7.694418907165527,15.0,51.0,8.0,28.0
context,P29353,U,False,False,115,RNF34,372,2f2401f0093f94b144a6e8dffb380e2c038b449961d45da68bdaeceeb370776a,Q969K3,EGFR,1210,dbb4583267ad40a7dfd854ee3c44ce4be38e137d0570e3eb76cf1854a74e7246,P00533,-0.36814089864492416,-0.6033288575708866,0.44648298621177673,-5.932083606719971,-10.30605697631836,-5.993227958679199,-7.41045618057251,6.0,22.0,118.0,24.0
context,P29353,U,False,False,116,DCP1A,582,5a9b197a62a06caa05d97b98034e94a9e90ef1024aba2c865b51ad7d48492653,Q9NPI6,EGFR,1210,dbb4583267ad40a7dfd854ee3c44ce4be38e137d0570e3eb76cf1854a74e7246,P00533,-1.9553521871566772,-2.6010399659474692,0.19972480833530426,-9.041817665100098,-12.75353717803955,-11.416964530944824,-11.070773124694824,122.0,162.0,274.0,212.0
context,P29353,U,False,False,117,TTI1,1089,02b2e855e36a9df3ad0daeb0f72e8bb0c64d3dfdca57503c02ef185f20547e44,O43156,EGFR,1210,dbb4583267ad40a7dfd854ee3c44ce4be38e137d0570e3eb76cf1854a74e7246,P00533,-2.0495609045028687,-2.0126229921976724,0.25315797328948975,-8.161090850830078,-13.454391479492188,-7.313558101654053,-9.64301347732544,140.0,108.0,240.0,117.0
context,P29353,U,False,False,118,TRAF6,522,76a1b3b4f9a241cb2c1c2415ba7851b7f33e2803f817af8c553b845dcb76d2b4,Q9Y4K3,EGFR,1210,dbb4583267ad40a7dfd854ee3c44ce4be38e137d0570e3eb76cf1854a74e7246,P00533,-0.10789968073368073,0.6506165688236555,0.5341173410415649,-4.150404453277588,-8.555939674377441,-7.0407586097717285,-6.582367579142253,5.0,3.0,88.0,12.0
context,P29353,U,False,False,119,UFL1,794,0d2f7460697f2bd35c883d293a472313078b5fa49207c09e04a485d9637cf5e0,O94874,EGFR,1210,dbb4583267ad40a7dfd854ee3c44ce4be38e137d0570e3eb76cf1854a74e7246,P00533,-2.117547035217285,-3.4284801483154297,0.23523902893066406,-12.831467628479004,-12.474350929260254,-10.111517906188965,-11.805778821309408,157.0,244.0,254.0,251.0
context,P29353,U,False,False,120,CASP8,479,a23099a3856f1e0ce5a8563a28fdc25422081c8f516879f23e98abf0da67ba8d,Q14790,EGFR,1210,dbb4583267ad40a7dfd854ee3c44ce4be38e137d0570e3eb76cf1854a74e7246,P00533,-0.8301421403884888,-1.7290613651275635,0.6072500348091125,-12.945886611938477,-13.727392196655273,-7.404967308044434,-11.359415372212728,20.0,77.0,54.0,230.0
context,P29353,U,False,False,121,HARBI1,349,eb487d7e660a800641fa825a5c327371986bd223523cab2b31bd3b65fb59b3ea,Q96MB7,EGFR,1210,dbb4583267ad40a7dfd854ee3c44ce4be38e137d0570e3eb76cf1854a74e7246,P00533,-1.7065328359603882,-1.44355704387029,0.3306710720062256,-10.213643074035645,-11.552018165588379,-9.523838996887207,-10.42983341217041,83.0,59.0,179.0,168.0
context,P29353,U,False,False,122,SPATA1,459,d6b18a35bac6cf593489de810d6e00527d48bd116b35b93e5bfe6dafa93f53dc,Q5VX52,EGFR,1210,dbb4583267ad40a7dfd854ee3c44ce4be38e137d0570e3eb76cf1854a74e7246,P00533,-1.7836337486902873,-1.705806056658427,0.1964951604604721,-11.62426471710205,-13.938467979431152,-13.28993034362793,-12.950887680053711,91.0,76.0,276.0,282.0
context,P29353,U,False,False,123,RRAGC,399,c5b3ddbcc5b018da3dfbc6c72fc7c5cd0ed2d7110445394d242c899815612e4e,Q9HB90,EGFR,1210,dbb4583267ad40a7dfd854ee3c44ce4be38e137d0570e3eb76cf1854a74e7246,P00533,-2.5168710549672446,-2.144151051839193,0.2541700005531311,-9.105324745178223,-9.68123722076416,-9.882588386535645,-9.55638345082601,216.0,118.0,238.0,112.0
context,P29353,U,False,False,124,METTL2B,378,676b6da9a5ce492941a31bd20de84bfed5bbf2743d91c850469981e325d5ca69,Q6P1Q9,EGFR,1210,dbb4583267ad40a7dfd854ee3c44ce4be38e137d0570e3eb76cf1854a74e7246,P00533,-1.4913397630055745,-1.8213290770848591,0.3671405613422394,-15.210687637329102,-11.124761581420898,-10.861529350280762,-12.398992856343588,56.0,86.0,152.0,267.0
context,P29353,U,False,False,125,ZBTB33,672,25f8c590d55128ad3258b833575080784ef71ee26c3b488d1248c7f8335a0e89,Q86T24,EGFR,1210,dbb4583267ad40a7dfd854ee3c44ce4be38e137d0570e3eb76cf1854a74e7246,P00533,-2.5885846614837646,-4.025306224822998,0.17280608415603638,-12.36197280883789,-12.883691787719727,-12.108256340026855,-12.45130697886149,229.0,277.0,288.0,268.0
context,P29353,U,False,False,126,RPS6KA2,733,9bb9c74e2a5f534c5df9625ffff0bfc63c74d08053bd70f6210bb74abb6d684d,Q15349,EGFR,1210,dbb4583267ad40a7dfd854ee3c44ce4be38e137d0570e3eb76cf1854a74e7246,P00533,-2.457305828730265,-3.9365886052449546,0.560165524482727,-14.838555335998535,-12.595377922058105,-9.278510093688965,-12.237481117248535,208.0,270.0,78.0,264.0
context,P29353,U,False,False,127,PI4KB,816,3a907161380a3873709de6342dec9a9f21704b79ca62369479ec8a3fc313a2d8,Q9UBF8,EGFR,1210,dbb4583267ad40a7dfd854ee3c44ce4be38e137d0570e3eb76cf1854a74e7246,P00533,-2.693345626195272,-3.455003102620443,0.6716977953910828,-9.939591407775879,-12.678003311157227,-10.511016845703125,-11.04287052154541,237.0,247.0,30.0,209.0
context,P29353,U,False,False,128,AKR1E2,320,6f8d19c7687bc08f08266f46c21031ce87289bb92a1df7e17cbc165dd549c50a,Q96JD6,EGFR,1210,dbb4583267ad40a7dfd854ee3c44ce4be38e137d0570e3eb76cf1854a74e7246,P00533,-3.027621030807495,-3.3025546868642173,0.704081654548645,-15.564361572265625,-12.533541679382324,-11.667710304260254,-13.255204518636068,264.0,237.0,20.0,290.0
context,P29353,U,False,False,129,PSKH1,424,eeab712e7d32058c15b1daf597f3dd13a1f0a99337161054f8d1b84e791e3749,P11801,EGFR,1210,dbb4583267ad40a7dfd854ee3c44ce4be38e137d0570e3eb76cf1854a74e7246,P00533,-1.6213741699854534,-2.212987780570984,0.3915543854236603,-13.403180122375488,-10.81785774230957,-10.087202072143555,-11.436079978942871,74.0,122.0,145.0,235.0
context,P29353,U,False,False,130,LIMS1,325,01c3425bac9e75b75889e9c96b3d0357e86287618213ffd6575154d3d288927b,P48059,EGFR,1210,dbb4583267ad40a7dfd854ee3c44ce4be38e137d0570e3eb76cf1854a74e7246,P00533,-1.4876952568689983,-0.3839858869711558,0.3204634189605713,-6.911955833435059,-7.072469711303711,-5.94404411315918,-6.642823219299316,55.0,17.0,186.0,13.0
context,P29353,U,False,False,131,ADH4,380,fa711996295372ecf1fa82309cad731dc774670b2d8358067cae6a27024b9659,P08319,EGFR,1210,dbb4583267ad40a7dfd854ee3c44ce4be38e137d0570e3eb76cf1854a74e7246,P00533,-2.9213527838389077,-2.709587256113688,0.36871516704559326,-9.026199340820312,-14.815872192382812,-7.746123313903809,-10.529398282368978,257.0,177.0,151.0,180.0
context,P29353,U,False,False,132,SNX7,387,17444fd5fdfddeebd17507968b6c2b318c9825b1d409d93234b086587df6d716,Q9UNH6,EGFR,1210,dbb4583267ad40a7dfd854ee3c44ce4be38e137d0570e3eb76cf1854a74e7246,P00533,-2.746556599934896,-2.67706036567688,0.4348602890968323,-8.28468132019043,-10.749150276184082,-5.773994445800781,-8.269275347391764,245.0,173.0,123.0,48.0
context,P29353,U,False,False,133,CCDC66,948,6b789116a3c8d9b8f880af7615a0d933c08c6fa7079e786246bb6d8017c06bd5,A2RUB6,EGFR,1210,dbb4583267ad40a7dfd854ee3c44ce4be38e137d0570e3eb76cf1854a74e7246,P00533,-1.925405780474345,-2.9838408629099527,0.14310254156589508,-8.12867259979248,-9.613935470581055,-10.002739906311035,-9.248449325561523,117.0,208.0,301.0,96.0
context,P29353,U,False,False,134,BYSL,437,2ecaba3383507109dc5e5c603a7b2a75346f350208f8f195208058b9aab0c9c7,Q13895,EGFR,1210,dbb4583267ad40a7dfd854ee3c44ce4be38e137d0570e3eb76cf1854a74e7246,P00533,-2.078882654507955,-3.743706782658895,0.27153798937797546,-13.156765937805176,-14.923983573913574,-11.018924713134766,-13.033224741617838,145.0,263.0,225.0,285.0
context,P29353,U,False,False,135,DNAI7,716,e1e265ae474d758a0699209076b3ba2fa5dee6dc7b44e8c23178ffaf0bc81ac3,Q6TDU7,EGFR,1210,dbb4583267ad40a7dfd854ee3c44ce4be38e137d0570e3eb76cf1854a74e7246,P00533,-2.064416289329529,-3.212205251057943,0.3050517141819,-9.579269409179688,-12.93952751159668,-11.086139678955078,-11.201645533243815,142.0,231.0,199.0,222.0
context,P29353,U,False,False,136,BABAM1,329,469502023602c0a3360ee571fc077ad8fc8ad6fe8440f29c67ff9ac4bfd0a61b,Q9NWV8,EGFR,1210,dbb4583267ad40a7dfd854ee3c44ce4be38e137d0570e3eb76cf1854a74e7246,P00533,-2.0907713174819946,-2.741473118464152,0.36239689588546753,-10.70704174041748,-7.9753618240356445,-12.187320709228516,-10.289908091227213,151.0,181.0,157.0,158.0
context,P29353,U,False,False,137,TRIM7,511,b5199977562264d374dbe9217af0675f5efcc8bcc4495ccda65d8261c9f2525b,Q9C029,EGFR,1210,dbb4583267ad40a7dfd854ee3c44ce4be38e137d0570e3eb76cf1854a74e7246,P00533,-1.6181258360544841,-0.2190348282456398,0.5140559673309326,-7.149967670440674,-8.75458812713623,-8.116138458251953,-8.006898085276285,72.0,14.0,94.0,33.0
context,P29353,U,False,False,138,CCDC69,296,6b68fa3240e54391655f106acbb15b2d75cf7522dfd257a576bc97554716bb62,A6NI79,EGFR,1210,dbb4583267ad40a7dfd854ee3c44ce4be38e137d0570e3eb76cf1854a74e7246,P00533,-1.5384933551152546,-2.9947582880655923,0.3070974051952362,-9.416089057922363,-8.619866371154785,-11.890767097473145,-9.975574175516764,58.0,211.0,198.0,134.0
context,P29353,U,False,False,139,DDX39B,428,a11eb0f8e17bce69584fdce8aac45adcc76a6967306e629666f0221bc85c601b,Q13838,EGFR,1210,dbb4583267ad40a7dfd854ee3c44ce4be38e137d0570e3eb76cf1854a74e7246,P00533,-2.230302651723226,-2.155258536338806,0.33487313985824585,-10.796290397644043,-12.283699989318848,-13.1820650100708,-12.08735179901123,179.0,119.0,178.0,259.0
context,P29353,U,False,False,140,AEBP1,1158,d1a3c6589d8c6488e4db5e255a91fbaed4cba2178b7d98e9652a3532ab7e8757,Q8IUX7,EGFR,1210,dbb4583267ad40a7dfd854ee3c44ce4be38e137d0570e3eb76cf1854a74e7246,P00533,-1.6927673021952312,-2.0692776838938394,0.6458384394645691,-10.255875587463379,-8.59070110321045,-7.307754039764404,-8.71811024347941,82.0,111.0,40.0,75.0
context,P29353,U,False,False,141,RRAGA,313,b54fa907abb3d37d8f16c468736e0014ba60545efb16ef2dcd95e547ece9bc0c,Q7L523,EGFR,1210,dbb4583267ad40a7dfd854ee3c44ce4be38e137d0570e3eb76cf1854a74e7246,P00533,-1.6095743974049885,-3.293834924697876,0.37490367889404297,-14.021501541137695,-12.602428436279297,-10.94866943359375,-12.524199803670248,69.0,236.0,150.0,271.0
context,P29353,U,False,False,142,SHPK,478,15628048cdc0da2db3adb7ffd791285c66d5be45ba69980236927102f3934a75,Q9UHJ6,EGFR,1210,dbb4583267ad40a7dfd854ee3c44ce4be38e137d0570e3eb76cf1854a74e7246,P00533,-2.1755128701527915,-2.029806931813558,0.4409908950328827,-12.446542739868164,-14.332173347473145,-11.53735065460205,-12.772022247314453,166.0,110.0,120.0,280.0
context,P29353,U,False,False,143,PCBP2,365,d19abb85e8efab173b20be101ab23c595b62aa06850b2ee738002ed7111eba69,Q15366,EGFR,1210,dbb4583267ad40a7dfd854ee3c44ce4be38e137d0570e3eb76cf1854a74e7246,P00533,-2.7537099520365396,-3.6193780104319253,0.294443279504776,-11.760910034179688,-11.967324256896973,-6.653524398803711,-10.127252896626791,246.0,257.0,208.0,147.0
context,P29353,U,False,False,144,WARS1,471,7f953b08cbe3d816e5093183350e3b80e092fe64e78e2880ddaf03c886a485c1,P23381,EGFR,1210,dbb4583267ad40a7dfd854ee3c44ce4be38e137d0570e3eb76cf1854a74e7246,P00533,-1.6622341871261597,-4.212703466415405,0.16873592138290405,-5.968549728393555,-11.851862907409668,-9.375276565551758,-9.065229733784994,80.0,286.0,291.0,86.0
context,P29353,U,False,False,145,HIPK4,616,f400da208a3f5e988d1166d521230ca8db80a04de4798e3d1947845c3b0809df,Q8NE63,EGFR,1210,dbb4583267ad40a7dfd854ee3c44ce4be38e137d0570e3eb76cf1854a74e7246,P00533,-2.588529109954834,-2.948206901550293,0.41084223985671997,-11.287064552307129,-10.175859451293945,-9.488289833068848,-10.317071278889975,228.0,199.0,135.0,161.0
context,P29353,U,False,False,146,VTA1,307,2f347aa234bdb73e75ad42e0f89708bf3b21f96381bddb891a73e95fffa2431e,Q9NP79,EGFR,1210,dbb4583267ad40a7dfd854ee3c44ce4be38e137d0570e3eb76cf1854a74e7246,P00533,-1.5922513405481975,-3.263432264328003,0.2942754328250885,-11.039250373840332,-15.239885330200195,-10.473819732666016,-12.250985145568848,66.0,234.0,209.0,265.0
context,P29353,U,False,False,147,COPB1,953,3cde73e710d2e2558ffcf43744dbdada12131e50ab00e085f3341aad993cf17d,P53618,EGFR,1210,dbb4583267ad40a7dfd854ee3c44ce4be38e137d0570e3eb76cf1854a74e7246,P00533,-2.0937547286351523,-2.6766579151153564,0.28352004289627075,-10.156195640563965,-12.53577709197998,-9.843568801879883,-10.84518051147461,153.0,172.0,217.0,198.0
context,P29353,U,False,False,148,SEPTIN14,432,84e09ec1aaf4cf6416e9570d35dad90b65129d53d1238bf9c9ed5c732b68ba1c,Q6ZU15,EGFR,1210,dbb4583267ad40a7dfd854ee3c44ce4be38e137d0570e3eb76cf1854a74e7246,P00533,-2.445754051208496,-2.869443416595459,0.353412389755249,-14.151772499084473,-13.833649635314941,-11.763895988464355,-13.249772707621256,205.0,194.0,163.0,289.0
context,P29353,U,False,False,149,DENND1A,1009,8045d07ae099a02086a892a1216bdeb41829d6f4669245f412cdb53484b5e289,Q8TEH3,EGFR,1210,dbb4583267ad40a7dfd854ee3c44ce4be38e137d0570e3eb76cf1854a74e7246,P00533,-2.3848968346913657,-2.6361090342203775,0.8296605348587036,-6.528015613555908,-13.940983772277832,-7.149804592132568,-9.206267992655436,198.0,170.0,3.0,93.0
context,P29353,U,False,False,150,PLK1,603,03bfae282c699ad0b358e53c924c5fc3b921d43eccfec4f32b71a4382263a1f4,P53350,EGFR,1210,dbb4583267ad40a7dfd854ee3c44ce4be38e137d0570e3eb76cf1854a74e7246,P00533,-2.0295241276423135,-2.5609546502431235,0.47186392545700073,-11.0682373046875,-10.831720352172852,-9.011953353881836,-10.303970336914062,136.0,156.0,108.0,159.0
context,P29353,U,False,False,151,G3BP1,466,1143032ea0038400688e26047cdfdaf01adc090181ae8c9805e5826fd7ac630f,Q13283,EGFR,1210,dbb4583267ad40a7dfd854ee3c44ce4be38e137d0570e3eb76cf1854a74e7246,P00533,-2.5464982191721597,-2.786640008290609,0.3358393609523773,-13.081543922424316,-10.283098220825195,-14.31271743774414,-12.559119860331217,220.0,186.0,177.0,273.0
context,P29353,U,False,False,152,PPM1E,755,ed989624a09aff7342479815f47727abee920eaed1ce098eb43d1bf387af9c7b,Q8WY54,EGFR,1210,dbb4583267ad40a7dfd854ee3c44ce4be38e137d0570e3eb76cf1854a74e7246,P00533,-1.1340612570444744,-1.1495190262794495,0.5371274352073669,-10.514630317687988,-11.30532455444336,-5.601090431213379,-9.140348434448242,31.0,45.0,87.0,91.0
context,P29353,U,False,False,153,ERC2,957,6a9a35fd20f59507a99061d9a1f055b432c1d5bea27d9a77ddcaab6e42dcfc0b,O15083,EGFR,1210,dbb4583267ad40a7dfd854ee3c44ce4be38e137d0570e3eb76cf1854a74e7246,P00533,-2.841067314147949,-4.039369106292725,0.35922616720199585,-11.103532791137695,-11.777588844299316,-11.69076919555664,-11.523963610331217,252.0,279.0,159.0,238.0
background,P29353,U,False,False,154,EDNRA,427,0e420a3caffe9e2fed51346272f4f61da4238fe89ab9d3aac9b8c8852f50f20e,P25101,EGFR,1210,dbb4583267ad40a7dfd854ee3c44ce4be38e137d0570e3eb76cf1854a74e7246,P00533,-2.542370875676473,-1.540548324584961,0.6299659013748169,-10.248209953308105,-7.495053768157959,-10.647429466247559,-9.463564395904541,219.0,67.0,48.0,106.0
background,P29353,U,False,False,155,C16orf96,1141,5e746a521d9f22d5d546ebc5edbee7e51fd842bd67ff9a260c278befc639e2f4,A6NNT2,EGFR,1210,dbb4583267ad40a7dfd854ee3c44ce4be38e137d0570e3eb76cf1854a74e7246,P00533,-1.842294454574585,-2.3723181883494058,0.25804081559181213,-9.782792091369629,-12.91742992401123,-9.571598052978516,-10.757273356119791,102.0,133.0,237.0,192.0
background,P29353,U,False,False,156,MTG2,406,c24b70e86b5b026ea45c8279101ae938cfb7120fd32319b9754631abf0f8e3c4,Q9H4K7,EGFR,1210,dbb4583267ad40a7dfd854ee3c44ce4be38e137d0570e3eb76cf1854a74e7246,P00533,-1.9791870911916096,-2.3592087825139365,0.28236374258995056,-12.908438682556152,-12.901076316833496,-7.335646629333496,-11.048387209574381,126.0,132.0,219.0,210.0
background,P29353,U,False,False,157,DBF4B,615,eaceeb4177b9c123c30841280fc80d5f1507fee07cc3c9641e4287cdb9fc703a,Q8NFT6,EGFR,1210,dbb4583267ad40a7dfd854ee3c44ce4be38e137d0570e3eb76cf1854a74e7246,P00533,-2.0614827473958335,-1.6122156778971355,0.27275094389915466,-9.348444938659668,-12.427413940429688,-9.59488296508789,-10.456913948059082,141.0,71.0,224.0,173.0
background,P29353,U,False,False,158,GAA,952,70dda9e7bae131bb456a3b38859dd051dafc31855b16c33df9289fc7c396099b,P10253,EGFR,1210,dbb4583267ad40a7dfd854ee3c44ce4be38e137d0570e3eb76cf1854a74e7246,P00533,-1.7969698111216228,-1.8395304282506306,0.7120802998542786,-6.779971599578857,-9.100384712219238,-8.426225662231445,-8.10219399134318,92.0,88.0,17.0,39.0
background,P29353,U,False,False,159,ESRP1,681,c40650b27746c7d976a6e0088b7c9f46d1ede1a5a93ecdc970121069a4451067,Q6NXG1,EGFR,1210,dbb4583267ad40a7dfd854ee3c44ce4be38e137d0570e3eb76cf1854a74e7246,P00533,-2.092014710108439,-1.9610629479090373,0.6118239164352417,-11.111676216125488,-11.645081520080566,-10.859604835510254,-11.205454190572103,152.0,102.0,51.0,223.0
background,P29353,U,False,False,160,CDC23,597,7c91f1f086341552bfab3febf4089993ec46b55e5c490603ccd9b28746658d2c,Q9UJX2,EGFR,1210,dbb4583267ad40a7dfd854ee3c44ce4be38e137d0570e3eb76cf1854a74e7246,P00533,-1.2469266255696614,-1.2232911586761475,0.3029552102088928,-5.02182674407959,-7.460996627807617,-2.7192158699035645,-5.067346413930257,36.0,48.0,202.0,4.0
background,P29353,U,False,False,161,ACAP1,740,7b23a74864e4948f334e7cefb51be0c9a5cc4925d68df872b5ce369ccfceff01,Q15027,EGFR,1210,dbb4583267ad40a7dfd854ee3c44ce4be38e137d0570e3eb76cf1854a74e7246,P00533,-2.2125371297200522,-2.4269721508026123,0.5631494522094727,-12.8102445602417,-13.331310272216797,-11.005258560180664,-12.38227113087972,172.0,140.0,73.0,266.0
background,P29353,U,False,False,162,NAGPA,515,9447d1b27b1aa572882c4b2cae93803c1c7c99cc7411c9104d64cde8ea5ed9d6,Q9UK23,EGFR,1210,dbb4583267ad40a7dfd854ee3c44ce4be38e137d0570e3eb76cf1854a74e7246,P00533,-2.0057254632314048,-2.2272380590438843,0.7715403437614441,-8.061362266540527,-8.796269416809082,-8.105587005615234,-8.321072896321615,132.0,124.0,9.0,54.0
background,P29353,U,False,False,163,SLC6A13,602,ef98474e46bb860bd5343f0c094a574b1889476c81f59c06b44e170b871ddd4d,Q9NSD5,EGFR,1210,dbb4583267ad40a7dfd854ee3c44ce4be38e137d0570e3eb76cf1854a74e7246,P00533,-2.7004899183909097,-3.207455635070801,0.6105945706367493,-9.764543533325195,-9.8392333984375,-9.012641906738281,-9.538806279500326,238.0,229.0,53.0,111.0
background,P29353,U,False,False,164,HUNK,714,ba2cffdae812e771e377393bcd1ac0dd6ddfd6109279fd25dbd76b352b46fa4e,P57058,EGFR,1210,dbb4583267ad40a7dfd854ee3c44ce4be38e137d0570e3eb76cf1854a74e7246,P00533,-1.4701155026753743,-1.959794521331787,0.5908951163291931,-11.74101734161377,-9.786587715148926,-10.460834503173828,-10.662813186645508,54.0,101.0,64.0,185.0
background,P29353,U,False,False,165,CCDC81,652,166b1ecb9d897cd102482375e3d62540217f97ea77ef516169e306af31bc9ff3,Q6ZN84,EGFR,1210,dbb4583267ad40a7dfd854ee3c44ce4be38e137d0570e3eb76cf1854a74e7246,P00533,-1.8594228426615398,-3.303722620010376,0.1913885772228241,-13.709810256958008,-15.215707778930664,-10.612722396850586,-13.179413477579752,105.0,238.0,282.0,288.0
background,P29353,U,False,False,166,CXorf38,319,38b31412c01412e3c8d1d6add407ab10594d7ff974db3ef94d79659ca813ac5c,Q8TB03,EGFR,1210,dbb4583267ad40a7dfd854ee3c44ce4be38e137d0570e3eb76cf1854a74e7246,P00533,-1.4563944339752197,-2.410588582356771,0.5961589217185974,-7.218931674957275,-12.19618034362793,-6.5930328369140625,-8.669381618499756,49.0,138.0,60.0,71.0
background,P29353,U,False,False,167,TBC1D14,693,a807b2ec8832d02197f5e6d30ad3e765bbb9a385a60e4b1f18f452a1a4f23b56,Q9P2M4,EGFR,1210,dbb4583267ad40a7dfd854ee3c44ce4be38e137d0570e3eb76cf1854a74e7246,P00533,-1.5360823074976604,-3.0701721906661987,0.639013946056366,-7.556015491485596,-12.53572940826416,-11.529233932495117,-10.540326277414957,57.0,215.0,44.0,182.0
background,P29353,U,False,False,168,MBOAT2,520,022361e8da70f958fc73df6a6d24006f0f93a1d8fca50ba2c62c3ee4fa512d93,Q6ZWT7,EGFR,1210,dbb4583267ad40a7dfd854ee3c44ce4be38e137d0570e3eb76cf1854a74e7246,P00533,-2.500622351964315,-1.883467197418213,0.2929552495479584,-7.6203999519348145,-7.842469215393066,-6.74799108505249,-7.40362008412679,214.0,91.0,210.0,23.0
background,P29353,U,False,False,169,PCYT1B,369,7533535c16465d2844c66ab27b3861830ab32ca54653205e0364ba3570454631,Q9Y5K3,EGFR,1210,dbb4583267ad40a7dfd854ee3c44ce4be38e137d0570e3eb76cf1854a74e7246,P00533,-1.9700276851654053,-3.8180813789367676,0.26826348900794983,-12.683379173278809,-11.386223793029785,-5.234917163848877,-9.768173376719156,125.0,265.0,227.0,123.0
background,P29353,U,False,False,170,LMCD1,365,da94a810d76c74eb6f1a960dc7181215caa572f2ecae0db9821ac74c2212ecea,Q9NZU5,EGFR,1210,dbb4583267ad40a7dfd854ee3c44ce4be38e137d0570e3eb76cf1854a74e7246,P00533,-0.9574439922968546,-1.023310164610545,0.23881429433822632,-10.993579864501953,-8.462230682373047,-9.972323417663574,-9.809377988179525,23.0,38.0,248.0,124.0
background,P29353,U,False,False,171,SEPTIN2,361,8e1d36d4b1038ccaf303aa8436b7ac0311378f879102f51b93d4700230e9a905,Q15019,EGFR,1210,dbb4583267ad40a7dfd854ee3c44ce4be38e137d0570e3eb76cf1854a74e7246,P00533,-2.2287374337514243,-3.6165823141733804,0.43330755829811096,-12.497901916503906,-16.81961441040039,-12.229813575744629,-13.849109967549643,178.0,256.0,124.0,298.0
background,P29353,U,False,False,172,ZNF324,553,4f28ef115d7d2aeae040853360018e18468e6ecca0f9404950fb0016d50c339c,O75467,EGFR,1210,dbb4583267ad40a7dfd854ee3c44ce4be38e137d0570e3eb76cf1854a74e7246,P00533,-2.448872963587443,-1.299850881099701,0.28260722756385803,-13.430166244506836,-12.452672004699707,-8.404001235961914,-11.428946495056152,207.0,52.0,218.0,233.0
background,P29353,U,False,False,173,FSCB,825,bd4fcbbf79e3adb67eb556b6d3020f1a2066161c00f8309ed9963eca2ca5acbd,Q5H9T9,EGFR,1210,dbb4583267ad40a7dfd854ee3c44ce4be38e137d0570e3eb76cf1854a74e7246,P00533,-3.750530560811361,-2.5781553586324057,0.26865434646606445,-10.347213745117188,-11.334612846374512,-11.542817115783691,-11.074881235758463,296.0,157.0,226.0,213.0
background,P29353,U,False,False,174,BECN2,431,d0dc1e16b0331ac0253c5ad36deecd348960af3b369c7171d3721f4257b66b6c,A8MW95,EGFR,1210,dbb4583267ad40a7dfd854ee3c44ce4be38e137d0570e3eb76cf1854a74e7246,P00533,-2.5306801001230874,-2.9655649662017822,0.2672988176345825,-11.414838790893555,-11.701338768005371,-12.642147064208984,-11.91944154103597,218.0,203.0,228.0,254.0
background,P29353,U,False,False,175,SP5,398,dfb17988bcd2120e5d0868a22f87fdff236ae88066c4b5f06f086509aa602e4d,Q6BEB4,EGFR,1210,dbb4583267ad40a7dfd854ee3c44ce4be38e137d0570e3eb76cf1854a74e7246,P00533,-1.5857758124669392,-0.23447581132253012,0.28704050183296204,-10.19841480255127,-12.550993919372559,-9.893948554992676,-10.881119092305502,65.0,15.0,216.0,203.0
background,P29353,U,False,False,176,CWC25,425,f64f0f14754d0d740262b0fc68757c37bd5ec68b56cedfe0154d027cd9b95095,Q9NXE8,EGFR,1210,dbb4583267ad40a7dfd854ee3c44ce4be38e137d0570e3eb76cf1854a74e7246,P00533,-2.0961406230926514,-2.8566970427831015,0.10170934349298477,-11.581893920898438,-13.404969215393066,-11.396439552307129,-12.127767562866211,154.0,193.0,303.0,261.0
background,P29353,U,False,False,177,STOX2,926,430e11aa487d259d046563f9be77be6cf17fa03b4a96ae555d76fb57bf7dcb57,Q9P2F5,EGFR,1210,dbb4583267ad40a7dfd854ee3c44ce4be38e137d0570e3eb76cf1854a74e7246,P00533,-1.7352641423543294,-2.4599990844726562,0.4727625548839569,-11.184497833251953,-11.014300346374512,-8.847479820251465,-10.348759333292643,84.0,145.0,107.0,163.0
background,P29353,U,False,False,178,NLRC3,1065,09ec150847376204f4b0436920dc5623ce9ff39018cf7847bb7b1773b0499423,Q7RTR2,EGFR,1210,dbb4583267ad40a7dfd854ee3c44ce4be38e137d0570e3eb76cf1854a74e7246,P00533,-2.3230162461598716,-3.0900818506876626,0.558786153793335,-8.416470527648926,-9.342589378356934,-8.33922290802002,-8.699427604675293,189.0,218.0,79.0,73.0
background,P29353,U,False,False,179,GAS7,476,be645e863feba6d3b44c6fb78328810caedb4f49339538c206cef70a1309f074,O60861,EGFR,1210,dbb4583267ad40a7dfd854ee3c44ce4be38e137d0570e3eb76cf1854a74e7246,P00533,-1.8524915774663289,-2.336273988087972,0.6520962715148926,-11.350296020507812,-12.16246223449707,-7.9957122802734375,-10.50282351175944,103.0,130.0,37.0,175.0
background,P29353,U,False,False,180,TCTN1,587,855f7868cb070c0f043086b1447782e5b2da87ef3e61e56cfa11757729f38511,Q2MV58,EGFR,1210,dbb4583267ad40a7dfd854ee3c44ce4be38e137d0570e3eb76cf1854a74e7246,P00533,-4.190500577290853,-3.7126548290252686,0.5533084869384766,-8.42159366607666,-9.562202453613281,-7.3541717529296875,-8.445989290873209,300.0,262.0,80.0,62.0
background,P29353,U,False,False,181,ANKLE2,938,c9b1d5345232f6972507db92f66eb4520a6f4c3cbe5c4ab50c55bf2c5866736c,Q86XL3,EGFR,1210,dbb4583267ad40a7dfd854ee3c44ce4be38e137d0570e3eb76cf1854a74e7246,P00533,-1.4581090609232585,-1.9361604452133179,0.5933896899223328,-9.141718864440918,-10.4962739944458,-3.7703726291656494,-7.802788496017456,50.0,97.0,62.0,29.0
background,P29353,U,False,False,182,SEMA3A,771,e487ff281fa0d9059adcd7ec4ae4c854587cb23e3f61db155383c7e795e5fdbe,Q14563,EGFR,1210,dbb4583267ad40a7dfd854ee3c44ce4be38e137d0570e3eb76cf1854a74e7246,P00533,-3.261453072230021,-3.2419772148132324,0.8128141760826111,-6.805265426635742,-10.465227127075195,-7.807106018066406,-8.359199523925781,279.0,232.0,4.0,57.0
background,P29353,U,False,False,183,REPIN1,567,a222e61d313a7d440867c5ee2f652bb91029ed1a6a6c5301e5ae7ebc7b35387d,Q9BWE0,EGFR,1210,dbb4583267ad40a7dfd854ee3c44ce4be38e137d0570e3eb76cf1854a74e7246,P00533,-1.835159699122111,-1.5683139165242512,0.24938923120498657,-11.707444190979004,-11.050655364990234,-8.036459922790527,-10.264853159586588,100.0,68.0,244.0,154.0
background,P29353,U,False,False,184,BUD13,619,fe2f58ab5c0d00d21d306407b7b4272c66dcc1e9ad8ed24c8afdd3d8fef67482,Q9BRD0,EGFR,1210,dbb4583267ad40a7dfd854ee3c44ce4be38e137d0570e3eb76cf1854a74e7246,P00533,-2.3678461710611978,-2.4960761070251465,0.17089855670928955,-7.99446439743042,-14.35365104675293,-12.107061386108398,-11.485058943430582,192.0,148.0,290.0,237.0
background,P29353,U,False,False,185,ECSIT,431,467ced9005b2134d713330e197acbeda7b01e0d5d3d8cdc90ec6f5c08835e982,Q9BQ95,EGFR,1210,dbb4583267ad40a7dfd854ee3c44ce4be38e137d0570e3eb76cf1854a74e7246,P00533,-1.616235335667928,-1.6417702039082844,0.1961422711610794,-8.887992858886719,-10.24721622467041,-11.674355506896973,-10.269854863484701,71.0,73.0,277.0,156.0
background,P29353,U,False,False,186,NPLOC4,608,1e940fd20fcfed72795093cdaaf3636a1f1c78be4ec5368e48928a2b977eccbf,Q8TAT6,EGFR,1210,dbb4583267ad40a7dfd854ee3c44ce4be38e137d0570e3eb76cf1854a74e7246,P00533,-0.8091102441151937,-1.1020880937576294,0.4164089262485504,-14.604674339294434,-12.94145679473877,-11.749874114990234,-13.098668416341146,17.0,41.0,132.0,287.0
background,P29353,U,False,False,187,SNX21,373,ea1fe6efa3db976571d325768bff2f32b55e022a5aacc54e8c9cdbcc24d63936,Q969T3,EGFR,1210,dbb4583267ad40a7dfd854ee3c44ce4be38e137d0570e3eb76cf1854a74e7246,P00533,-1.5571248928705852,-1.887618859608968,0.5924880504608154,-9.930205345153809,-9.92807674407959,-8.047822952270508,-9.302035013834635,59.0,92.0,63.0,99.0
background,P29353,U,False,False,188,RHOBTB2,727,5401cf94b1b1461dc2d522d04ab720a956109f3c243c9f31be51777743a53272,Q9BYZ6,EGFR,1210,dbb4583267ad40a7dfd854ee3c44ce4be38e137d0570e3eb76cf1854a74e7246,P00533,-2.071412364641825,-3.0945382912953696,0.5301874876022339,-9.491884231567383,-9.607488632202148,-9.021903991699219,-9.373758951822916,143.0,220.0,89.0,100.0
background,P29353,U,False,False,189,SACK1D,585,4233327da7b2326f17b409fb6f95e38d49b7b35bba96a7516baad265ac505ce6,Q9H4H8,EGFR,1210,dbb4583267ad40a7dfd854ee3c44ce4be38e137d0570e3eb76cf1854a74e7246,P00533,-1.9617406924565632,-1.7886561155319214,0.3862479627132416,-7.557697772979736,-8.29351806640625,-8.81750774383545,-8.222907861073812,123.0,82.0,147.0,47.0
background,P29353,U,False,False,190,RAP1GAP2,730,b0257ea0c7ecf31b50749b9b77fca8c343d657908c119269f3043bcb3e19757f,Q684P5,EGFR,1210,dbb4583267ad40a7dfd854ee3c44ce4be38e137d0570e3eb76cf1854a74e7246,P00533,-2.5823753674825034,-3.075737635294596,0.6417807936668396,-13.49509048461914,-10.739598274230957,-10.744267463684082,-11.65965207417806,226.0,216.0,42.0,244.0
background,P29353,U,False,False,191,SLC16A1,500,0611bfb309482e20df1914813626e5eff859b71953e696fbcd53414a9a76db9e,P53985,EGFR,1210,dbb4583267ad40a7dfd854ee3c44ce4be38e137d0570e3eb76cf1854a74e7246,P00533,-1.8183485666910808,-1.4096463322639465,0.6240290999412537,-8.264647483825684,-8.758376121520996,-7.354040622711182,-8.125688076019287,98.0,57.0,49.0,40.0
background,P29353,U,False,False,192,SMARCAL1,954,5804ae73e49d53843e101b8abf5a2b0ee3f8531a809160f82f822e2f9b330458,Q9NZC9,EGFR,1210,dbb4583267ad40a7dfd854ee3c44ce4be38e137d0570e3eb76cf1854a74e7246,P00533,-2.0100172758102417,-2.8903199831644693,0.2607957422733307,-10.068256378173828,-12.492865562438965,-12.549247741699219,-11.70345656077067,133.0,196.0,235.0,246.0
background,P29353,U,False,False,193,P2RY12,342,8b858a0c09ffd4bb0f2b21d49eeed9f2271f787199ce6c5896d8aca87d3d3325,Q9H244,EGFR,1210,dbb4583267ad40a7dfd854ee3c44ce4be38e137d0570e3eb76cf1854a74e7246,P00533,-2.933718999226888,-1.9079418579737346,0.6796004176139832,-8.249704360961914,-8.292853355407715,-8.316414833068848,-8.286324183146158,258.0,94.0,26.0,50.0
background,P29353,U,False,False,194,ZNF154,437,c1935418c0c3e857cad5d99c9deb98618810c93f290961fd2cddfc0fc35388b8,Q13106,EGFR,1210,dbb4583267ad40a7dfd854ee3c44ce4be38e137d0570e3eb76cf1854a74e7246,P00533,-0.6331185499827067,-0.15952338774998984,0.3508095145225525,-12.133420944213867,-8.684623718261719,-9.524751663208008,-10.114265441894531,9.0,12.0,167.0,146.0
background,P29353,U,False,False,195,TRPC7,862,1dc00ea59c93a54851545ca7ba350ec8b46184f921e60f13a63750b34d83d3fb,Q9HCX4,EGFR,1210,dbb4583267ad40a7dfd854ee3c44ce4be38e137d0570e3eb76cf1854a74e7246,P00533,-2.414304574330648,-2.4393370946248374,0.5098896622657776,-9.227633476257324,-10.69738483428955,-7.874229431152344,-9.26641591389974,201.0,142.0,96.0,97.0
background,P29353,U,False,False,196,CYRIA,323,5712201dfa0298aebd3e25b4e962510a75fe4ed1afe1e83e6affabe8997b2563,Q9H0Q0,EGFR,1210,dbb4583267ad40a7dfd854ee3c44ce4be38e137d0570e3eb76cf1854a74e7246,P00533,-2.8578616778055825,-3.5018973350524902,0.318559467792511,-8.377873420715332,-11.10509967803955,-8.225560188293457,-9.236177762349447,254.0,250.0,188.0,95.0
background,P29353,U,False,False,197,PDE12,609,e40d28019e337fa1e6dec9a302632599b309568407ca51fbd1e84a711c7a7c06,Q6L8Q7,EGFR,1210,dbb4583267ad40a7dfd854ee3c44ce4be38e137d0570e3eb76cf1854a74e7246,P00533,-1.1903079350789387,-1.458303968111674,0.751550555229187,-14.197545051574707,-12.6951322555542,-7.192317485809326,-11.36166493097941,33.0,62.0,13.0,231.0
background,P29353,U,False,False,198,SELENOI,397,f0f419619ce8cd9f21609c892c97d43bc4ad97acbc8257d2066dda7cb84cef02,Q9C0D9,EGFR,1210,dbb4583267ad40a7dfd854ee3c44ce4be38e137d0570e3eb76cf1854a74e7246,P00533,-2.1966931025187173,-1.9851373434066772,0.21455377340316772,-8.787307739257812,-9.90622615814209,-6.353843688964844,-8.349125862121582,168.0,105.0,269.0,56.0
background,P29353,U,False,False,199,GNRHR,328,e23934806b97ce11617612267a1b8b684da0c358bb910fb12ef053e95127cb48,P30968,EGFR,1210,dbb4583267ad40a7dfd854ee3c44ce4be38e137d0570e3eb76cf1854a74e7246,P00533,-3.824488083521525,-4.031168619791667,0.5876206159591675,-11.854804992675781,-9.76807689666748,-9.045246124267578,-10.22270933787028,297.0,278.0,65.0,151.0
background,P29353,U,False,False,200,BRSK2,736,cf90d0333d1ad7d22995c184cfdbfae6aaf189fef8232ba9f9ccdd42ec07c54c,Q8IWQ3,EGFR,1210,dbb4583267ad40a7dfd854ee3c44ce4be38e137d0570e3eb76cf1854a74e7246,P00533,-2.001511295636495,-3.937673886617025,0.5426112413406372,-9.856657981872559,-10.914692878723145,-6.869344234466553,-9.213565031687418,131.0,271.0,84.0,94.0
background,P29353,U,False,False,201,BLMH,455,49f749b46e7410a0d34a8e3e9b056306245dd64a3e9bb413935620c6a778e53c,Q13867,EGFR,1210,dbb4583267ad40a7dfd854ee3c44ce4be38e137d0570e3eb76cf1854a74e7246,P00533,-3.566324551900228,-4.517152309417725,0.5245841145515442,-11.7667236328125,-14.66684341430664,-7.1712646484375,-11.201610565185547,292.0,295.0,90.0,221.0
background,P29353,U,False,False,202,RCOR3,495,d1c2a721898a28473ba330a563337364b28954b9b5cdb60be3f2ae6ae5cd069a,Q9P2K3,EGFR,1210,dbb4583267ad40a7dfd854ee3c44ce4be38e137d0570e3eb76cf1854a74e7246,P00533,-1.9254517157872517,-1.843658407529195,0.3002617061138153,-8.892967224121094,-11.906831741333008,-9.66568374633789,-10.155160903930664,118.0,89.0,205.0,148.0
background,P29353,U,False,False,203,TLL1,1013,5313f8b4c022cd1dfe9174ab5f622576a4de2531b2369a580eacdc347de655c1,O43897,EGFR,1210,dbb4583267ad40a7dfd854ee3c44ce4be38e137d0570e3eb76cf1854a74e7246,P00533,-3.2519105275472007,-4.4385247230529785,0.7967580556869507,-11.814704895019531,-11.367258071899414,-9.380553245544434,-10.854172070821127,278.0,292.0,6.0,200.0
context,P22681,U,False,False,204,RUFY4,571,937e8a54caa104b0e10dffbd0351126519fbe60c2843b6416ec2dd594dc01495,Q6ZNE9,EGFR,1210,dbb4583267ad40a7dfd854ee3c44ce4be38e137d0570e3eb76cf1854a74e7246,P00533,-0.6643710533777872,-0.41587400436401367,0.23651382327079773,-7.343642711639404,-10.815695762634277,-10.062240600585938,-9.407193024953207,10.0,18.0,251.0,102.0
context,P22681,U,False,False,205,PREPL,727,86abe12957607b3c907f3d0d943c9a0d8b5a1bde9f076eb63152684b0509579a,Q4J6C6,EGFR,1210,dbb4583267ad40a7dfd854ee3c44ce4be38e137d0570e3eb76cf1854a74e7246,P00533,-2.2283002138137817,-2.626942753791809,0.3467811942100525,-14.49925422668457,-14.03385066986084,-13.362706184387207,-13.965270360310873,177.0,166.0,171.0,300.0
context,P22681,U,False,False,206,GAS2L1,681,bf3139cc546e7dc498de139039f36d0102f707f2c7e0b9dc39ac471779ee2a8a,Q99501,EGFR,1210,dbb4583267ad40a7dfd854ee3c44ce4be38e137d0570e3eb76cf1854a74e7246,P00533,-2.0879151423772178,-2.001729885737101,0.5622407793998718,-10.547986030578613,-12.218960762023926,-10.038593292236328,-10.935180028279623,148.0,107.0,74.0,205.0
context,P22681,U,False,False,207,SASH1,1247,3e972be09e8482828e26ec4fa5f2c68ed29d079b9e55555b3bc8f10ff0e80d63,O94885,EGFR,1210,dbb4583267ad40a7dfd854ee3c44ce4be38e137d0570e3eb76cf1854a74e7246,P00533,-1.9882928530375164,-2.6160124937693277,0.6616438627243042,-11.514687538146973,-10.754898071289062,-10.014049530029297,-10.761211713155111,130.0,164.0,34.0,193.0
context,P22681,U,False,False,208,RBM42,480,995ac325562c0f704e0db28a52d90e42d5c068a010151925cdb5da6ef5034b33,Q9BTD8,EGFR,1210,dbb4583267ad40a7dfd854ee3c44ce4be38e137d0570e3eb76cf1854a74e7246,P00533,-3.1446100870768228,-2.95786722501119,0.1678992509841919,-12.831718444824219,-12.564042091369629,-15.244458198547363,-13.54673957824707,271.0,201.0,292.0,294.0
context,P22681,U,False,False,209,UBQLN1,589,f5d75532d3642bbdd18c5fb3c365785caeabf4cb2a5749cd6c2c253a85640e6e,Q9UMX0,EGFR,1210,dbb4583267ad40a7dfd854ee3c44ce4be38e137d0570e3eb76cf1854a74e7246,P00533,1.3199427127838135,3.498577435811361,0.2518007755279541,-2.2743618488311768,-2.707749843597412,-2.491241931915283,-2.4911178747812905,2.0,1.0,241.0,1.0
context,P22681,U,False,False,210,EXD1,514,0e1f634ba31bfb640c128224aa8db3b7ae3ba9ec5d65430d81c1fe74e6a9adb3,Q8NHP7,EGFR,1210,dbb4583267ad40a7dfd854ee3c44ce4be38e137d0570e3eb76cf1854a74e7246,P00533,-1.9134107828140259,-2.5987068017323813,0.26667964458465576,-7.491244316101074,-11.100945472717285,-8.11966323852539,-8.903951009114584,116.0,161.0,229.0,81.0
context,P22681,U,False,False,211,NGLY1,654,2d08f57524e313b968e075a8585b4ff6632c2a6159c78c05f8abbc49d2b8727e,Q96IV0,EGFR,1210,dbb4583267ad40a7dfd854ee3c44ce4be38e137d0570e3eb76cf1854a74e7246,P00533,-1.2384968996047974,-1.244442105293274,0.32533103227615356,-14.597805976867676,-11.790382385253906,-12.245414733886719,-12.877867698669434,35.0,49.0,183.0,281.0
context,P22681,U,False,False,212,CFAP221,840,04a37493d3ba031d6c41bb533337ddbbaf6658357d2c7668401fb53b86c66bf8,Q4G0U5,EGFR,1210,dbb4583267ad40a7dfd854ee3c44ce4be38e137d0570e3eb76cf1854a74e7246,P00533,-2.5803651014963784,-3.6276253859202066,0.17905789613723755,-10.782115936279297,-10.664318084716797,-9.608224868774414,-10.351552963256836,225.0,258.0,287.0,164.0
context,P22681,U,False,False,213,PLA2G3,509,0af2fd47dc590982040312618920cd4ad4bfc322043fffb0084b4338a46120d1,Q9NZ20,EGFR,1210,dbb4583267ad40a7dfd854ee3c44ce4be38e137d0570e3eb76cf1854a74e7246,P00533,-3.190739313761393,-2.971681276957194,0.6393530964851379,-7.496728420257568,-10.855594635009766,-6.457896709442139,-8.270073254903158,276.0,206.0,43.0,49.0
context,P22681,U,False,False,214,LIMK2,638,bf25d3f0fd9d470ba619e2f277923574a25c5048b01c17daa7fe044e8ab1ae98,P53671,EGFR,1210,dbb4583267ad40a7dfd854ee3c44ce4be38e137d0570e3eb76cf1854a74e7246,P00533,-1.1248443325360615,-1.6094403266906738,0.6110817193984985,-13.230426788330078,-9.861215591430664,-9.052803993225098,-10.714815457661947,30.0,70.0,52.0,189.0
context,P22681,U,False,False,215,RAVER2,691,7393456acbdb1ef5bd7971dd54319888e0ae19ea5d551d6a8a7cb8a8c56892f1,Q9HCJ3,EGFR,1210,dbb4583267ad40a7dfd854ee3c44ce4be38e137d0570e3eb76cf1854a74e7246,P00533,-0.7270696957906088,0.4164724349975586,0.1476079821586609,-8.461024284362793,-9.06751823425293,-9.322010040283203,-8.950184186299643,11.0,5.0,300.0,85.0
context,P22681,U,False,False,216,HASPIN,798,156a54656cbd089f3fa5dc90c7d33f1a96e549d5a7065e429a557db3a64d9e56,Q8TF76,EGFR,1210,dbb4583267ad40a7dfd854ee3c44ce4be38e137d0570e3eb76cf1854a74e7246,P00533,-2.0315229098002114,-3.1192827224731445,0.36555615067481995,-12.694009780883789,-13.061999320983887,-10.914932250976562,-12.223647117614746,137.0,224.0,154.0,263.0
context,P22681,U,False,False,217,ARMC5,935,a510afd74a571aa3e87c72029b1f28c258f366785d81d7e9c9d5c7e612eb8b0f,Q96C12,EGFR,1210,dbb4583267ad40a7dfd854ee3c44ce4be38e137d0570e3eb76cf1854a74e7246,P00533,-1.319318135579427,-1.8516462246576946,0.3915713429450989,-7.419911861419678,-12.953104019165039,-11.084943771362305,-10.485986550649008,42.0,90.0,144.0,174.0
context,P22681,U,False,False,218,ERCC6L2,1561,407847244f9016d8379738572609839b607cd4bdbffa053761ffe6903d3f8372,Q5T890,EGFR,1210,dbb4583267ad40a7dfd854ee3c44ce4be38e137d0570e3eb76cf1854a74e7246,P00533,-2.033413569132487,-2.8041510581970215,0.19665616750717163,-14.380297660827637,-10.244587898254395,-11.257034301757812,-11.960639953613281,139.0,188.0,275.0,256.0
context,P22681,U,False,False,219,KIF14,1648,e5f17b864a9187d9087d584c0a184f4364a8be24f3becc1bebbc77a44ff0d1a2,Q15058,EGFR,1210,dbb4583267ad40a7dfd854ee3c44ce4be38e137d0570e3eb76cf1854a74e7246,P00533,-2.3784989515940347,-3.895347754160563,0.1605030596256256,-12.088142395019531,-12.200427055358887,-10.122654914855957,-11.470408121744791,194.0,267.0,296.0,236.0
context,P22681,U,False,False,220,MTA3,594,3b32980313aba9644edc39a64898c7693ffa1a438b70648b9777397053fb7cac,Q9BTC8,EGFR,1210,dbb4583267ad40a7dfd854ee3c44ce4be38e137d0570e3eb76cf1854a74e7246,P00533,-2.142855167388916,-2.772574265797933,0.21762309968471527,-9.67275333404541,-12.583800315856934,-10.348512649536133,-10.868355433146158,162.0,185.0,267.0,202.0
context,P22681,U,False,False,221,USP10,798,2d5781fce851e0a4c29f25ac81e7bf89fa25654da8e20229e01d948167022b69,Q14694,EGFR,1210,dbb4583267ad40a7dfd854ee3c44ce4be38e137d0570e3eb76cf1854a74e7246,P00533,-2.3213983376820884,-2.5955660343170166,0.282343327999115,-8.896360397338867,-9.210371971130371,-10.601466178894043,-9.56939951578776,188.0,160.0,220.0,113.0
context,P22681,U,False,False,222,EDC3,508,b5ca13d65d2e53fdbed8cfda303be2aac93500bf7e0b8a8839dcc92ea1b3db6a,Q96F86,EGFR,1210,dbb4583267ad40a7dfd854ee3c44ce4be38e137d0570e3eb76cf1854a74e7246,P00533,-0.8230556845664978,-0.9010332028071085,0.34944769740104675,-9.114343643188477,-10.814868927001953,-11.623303413391113,-10.517505327860514,19.0,33.0,168.0,178.0
context,P22681,U,False,False,223,ARFGAP3,516,fff28e2cb49798d137547360daa31f127d44605951ca8cf0c5e30585e8258038,Q9NP61,EGFR,1210,dbb4583267ad40a7dfd854ee3c44ce4be38e137d0570e3eb76cf1854a74e7246,P00533,-1.9105006853739421,-2.128180662790934,0.3372282087802887,-7.1045732498168945,-7.019847869873047,-10.823506355285645,-8.315975824991861,115.0,115.0,174.0,53.0
context,P22681,U,False,False,224,SMC4,1288,51dc57b17d0cce38421858f0dd52eaf12f1cbeffdeba54012619554690727e8d,Q9NTJ3,EGFR,1210,dbb4583267ad40a7dfd854ee3c44ce4be38e137d0570e3eb76cf1854a74e7246,P00533,-3.5782738526662192,-6.107901891072591,0.1828220784664154,-12.526766777038574,-12.330451965332031,-15.580196380615234,-13.479138374328613,293.0,303.0,284.0,291.0
context,P22681,U,False,False,225,LGI3,548,5324283b38cb7e4c68ea7f4249b3e7b37e5bfeae435e0a8810f52a2d21408103,Q8N145,EGFR,1210,dbb4583267ad40a7dfd854ee3c44ce4be38e137d0570e3eb76cf1854a74e7246,P00533,-1.4636320273081462,-1.120227873325348,0.677558183670044,-7.434966087341309,-9.907601356506348,-8.26816463470459,-8.536910692850748,53.0,43.0,28.0,63.0
context,P22681,U,False,False,226,ADD3,706,e7aab46e8707052dfbda1d25275937129449430c1d1939b9747ad402bb14ab8e,Q9UEY8,EGFR,1210,dbb4583267ad40a7dfd854ee3c44ce4be38e137d0570e3eb76cf1854a74e7246,P00533,-1.8070386250813801,-3.7084620793660483,0.45750007033348083,-8.83784294128418,-12.295153617858887,-9.875417709350586,-10.336138089497885,94.0,261.0,115.0,162.0
context,P22681,U,False,False,227,SLAIN1,568,669697010e026f1f79d7aaa201dbcea6bacb043aa4b4b6855bd7e43687de5fbb,Q8ND83,EGFR,1210,dbb4583267ad40a7dfd854ee3c44ce4be38e137d0570e3eb76cf1854a74e7246,P00533,-2.3623904387156167,-0.9524144927660624,0.42036664485931396,-8.551536560058594,-9.241568565368652,-7.930780410766602,-8.574628512064615,191.0,36.0,131.0,66.0
context,P22681,U,False,False,228,DDHD1,900,cb2b4600f53f48a18814a2b44770ddd6ac7407ff3453453ac08e0b1f75c5b151,Q8NEL9,EGFR,1210,dbb4583267ad40a7dfd854ee3c44ce4be38e137d0570e3eb76cf1854a74e7246,P00533,-0.8867919643719991,-1.6003794272740681,0.43998342752456665,-8.993096351623535,-9.447189331054688,-5.683976650238037,-8.041420777638754,22.0,69.0,122.0,35.0
context,P22681,U,False,False,229,NAPRT,538,607185523662e805a18e0ca404403b7ca78eb3c70ca0241503744f8e09f65dee,Q6XQN6,EGFR,1210,dbb4583267ad40a7dfd854ee3c44ce4be38e137d0570e3eb76cf1854a74e7246,P00533,-2.435969829559326,-2.2989816665649414,0.3773513436317444,-6.414556503295898,-8.413047790527344,-4.519698619842529,-6.449100971221924,203.0,129.0,149.0,10.0
context,P22681,U,False,False,230,MECOM,1230,b2bb52b4ca66455a3b8e1f5312c655a4a30ee95eca6fc2dfd0746563cc87a472,Q03112,EGFR,1210,dbb4583267ad40a7dfd854ee3c44ce4be38e137d0570e3eb76cf1854a74e7246,P00533,-1.5700120131174724,-2.1062962214152017,0.2320713847875595,-7.130704879760742,-12.022979736328125,-8.128375053405762,-9.094019889831543,61.0,113.0,255.0,89.0
context,P22681,U,False,False,231,ZFP36L2,494,661a6d32fd521710bc01a11a31e33d7e28d74d61758d6d0742bff41c8576e1ac,P47974,EGFR,1210,dbb4583267ad40a7dfd854ee3c44ce4be38e137d0570e3eb76cf1854a74e7246,P00533,-0.810916523138682,0.6341070930163065,0.3095686137676239,-7.168610572814941,-9.262483596801758,-9.211167335510254,-8.547420501708984,18.0,4.0,196.0,64.0
context,P22681,U,False,False,232,PREP,710,294856bb670c9f3718525e0b769ef8b7917a102e16b2ec45bd2de712af1f1d6c,P48147,EGFR,1210,dbb4583267ad40a7dfd854ee3c44ce4be38e137d0570e3eb76cf1854a74e7246,P00533,-2.6566666762034097,-2.2457400957743325,0.3890497386455536,-10.990314483642578,-11.551986694335938,-8.390116691589355,-10.310805956522623,234.0,125.0,146.0,160.0
context,P22681,U,False,False,233,BIRC2,618,3e25ec144f4795b1d6dfa9bafbee067a2e4a5d02a2f02e3f2e0b5381c595f629,Q13490,EGFR,1210,dbb4583267ad40a7dfd854ee3c44ce4be38e137d0570e3eb76cf1854a74e7246,P00533,-1.0682975053787231,-1.4546861847241719,0.5958724021911621,-7.322104454040527,-10.182416915893555,-7.4369330406188965,-8.313818136850992,27.0,61.0,61.0,52.0
context,P22681,U,False,False,234,DMAP1,467,e44362d61217bc058e02ac3cbafbe77ac8e3e4302d0304aefc01d3a24dcb55a3,Q9NPF5,EGFR,1210,dbb4583267ad40a7dfd854ee3c44ce4be38e137d0570e3eb76cf1854a74e7246,P00533,-1.4313547611236572,-1.5187772115071614,0.16148874163627625,-8.36482048034668,-13.788145065307617,-10.014907836914062,-10.72262446085612,46.0,65.0,293.0,190.0
context,P22681,U,False,False,235,UBE3A,875,b180a7a287fc9a95adbc96ce5a4af88647cb89cac615b06a2f7119d6aa24acfe,Q05086,EGFR,1210,dbb4583267ad40a7dfd854ee3c44ce4be38e137d0570e3eb76cf1854a74e7246,P00533,-3.1143850485483804,-3.039301117261251,0.42952826619148254,-9.69485092163086,-10.760004997253418,-6.043969631195068,-8.83294185002645,269.0,213.0,126.0,77.0
context,P22681,U,False,False,236,HIP1R,1068,321f35dcf3990dbfa340cc69c13624a87baae41bff1a86fdc98fac8a6bd032fd,O75146,EGFR,1210,dbb4583267ad40a7dfd854ee3c44ce4be38e137d0570e3eb76cf1854a74e7246,P00533,-2.144717216491699,-3.1777469317118325,0.6789324283599854,-11.551641464233398,-15.496228218078613,-10.966043472290039,-12.67130438486735,164.0,225.0,27.0,278.0
context,P22681,U,False,False,237,PTPN23,1636,d2cf2952f7c6264121935f96ce136fb8f8caef872b108ff3507a4c45f926d98e,Q9H3S7,EGFR,1210,dbb4583267ad40a7dfd854ee3c44ce4be38e137d0570e3eb76cf1854a74e7246,P00533,-2.0729263623555503,-2.580070376396179,0.6813793182373047,-9.939781188964844,-12.24222183227539,-10.40795612335205,-10.863319714864096,144.0,158.0,24.0,201.0
context,P22681,U,False,False,238,AP5Z1,807,932f517758c6138ef50cfa051514ad0c64cad17b80a929eb14d149f889a7db8c,O43299,EGFR,1210,dbb4583267ad40a7dfd854ee3c44ce4be38e137d0570e3eb76cf1854a74e7246,P00533,-2.299352010091146,-2.8805253505706787,0.33690112829208374,-12.749382019042969,-12.235095977783203,-10.476996421813965,-11.820491472880045,186.0,195.0,176.0,253.0
context,P22681,U,False,False,239,NLRP1,1473,181c6729abacdb2824b8c6f6a35ca808bbe4e2e13104d31fe9025b6f5d3e083c,Q9C000,EGFR,1210,dbb4583267ad40a7dfd854ee3c44ce4be38e137d0570e3eb76cf1854a74e7246,P00533,-1.5587366024653118,-1.9972347418467205,0.5788189172744751,-9.427688598632812,-11.854362487792969,-7.091884613037109,-9.45797856648763,60.0,106.0,69.0,105.0
context,P22681,U,False,False,240,CCDC39,941,08439697bf07ba5f61ce635a3dfbe35843be7acbba9d28634980b6891480151e,Q9UFE4,EGFR,1210,dbb4583267ad40a7dfd854ee3c44ce4be38e137d0570e3eb76cf1854a74e7246,P00533,-3.404237985610962,-4.368714650472005,0.18089929223060608,-12.998456001281738,-13.198095321655273,-14.765059471130371,-13.653870264689127,289.0,290.0,286.0,296.0
context,P22681,U,False,False,241,BACH2,841,de485496a23e6aff7466a6d3085600f3eb42a557ae9e7345f271a46f29e461b4,Q9BYV9,EGFR,1210,dbb4583267ad40a7dfd854ee3c44ce4be38e137d0570e3eb76cf1854a74e7246,P00533,-1.8790878454844158,-1.7916957934697468,0.3266679346561432,-10.426165580749512,-10.31314468383789,-10.878447532653809,-10.539252599080404,110.0,83.0,182.0,181.0
context,P22681,U,False,False,242,LRRC49,686,6d090ea2b2ed746de3c53353d19bf7dbbc01300f7401be376f2909f3752df7c1,Q8IUZ0,EGFR,1210,dbb4583267ad40a7dfd854ee3c44ce4be38e137d0570e3eb76cf1854a74e7246,P00533,-2.4456229209899902,-3.798838456471761,0.2599376142024994,-12.117138862609863,-12.929604530334473,-11.152064323425293,-12.066269238789877,204.0,264.0,236.0,258.0
context,P22681,U,False,False,243,APEH,732,81346efbaf5f03e2d26fe6005fcbd0d9016eecbdde536ebb55f899982b2c503b,P13798,EGFR,1210,dbb4583267ad40a7dfd854ee3c44ce4be38e137d0570e3eb76cf1854a74e7246,P00533,-2.9356687863667807,-3.2103358109792075,0.3164374828338623,-13.056805610656738,-11.821793556213379,-13.228669166564941,-12.702422777811686,259.0,230.0,190.0,279.0
context,P22681,U,False,False,244,UBAP2,1119,d00b686addc778c87fc99e85cd5327a7402c39941bffc00eed2f4129dd49256e,Q5T6F2,EGFR,1210,dbb4583267ad40a7dfd854ee3c44ce4be38e137d0570e3eb76cf1854a74e7246,P00533,-0.8795477946599325,0.24071518580118814,0.16111299395561218,-7.0691237449646,-7.74453067779541,-7.238918304443359,-7.350857575734456,21.0,9.0,295.0,21.0
context,P22681,U,False,False,245,FCHSD1,690,27cd6e11e2624d4a7539626673fc9e7b337794a3f155ce925bbcba97a5cb6155,Q86WN1,EGFR,1210,dbb4583267ad40a7dfd854ee3c44ce4be38e137d0570e3eb76cf1854a74e7246,P00533,-2.4774221579233804,-2.1675812403361,0.6563790440559387,-9.182506561279297,-12.507387161254883,-10.30132007598877,-10.663737932840982,211.0,120.0,36.0,186.0
context,P22681,U,False,False,246,FBXL17,701,f086e32b89bf4adc59b45737d3868615d0941a14001bdcd64d1a31da453f1d29,Q9UF56,EGFR,1210,dbb4583267ad40a7dfd854ee3c44ce4be38e137d0570e3eb76cf1854a74e7246,P00533,-1.9301373561223347,-1.5032585461934407,0.3370342552661896,-10.991495132446289,-8.396212577819824,-11.288801193237305,-10.225502967834473,119.0,63.0,175.0,152.0
context,P22681,U,False,False,247,GRK4,578,8cfa67cb1599f49b70b038b8d8209898cba049b911ccdf928564b80ef598a0d5,P32298,EGFR,1210,dbb4583267ad40a7dfd854ee3c44ce4be38e137d0570e3eb76cf1854a74e7246,P00533,-2.640195608139038,-3.5238946278889975,0.5964131951332092,-12.689949989318848,-12.818197250366211,-7.999970436096191,-11.16937255859375,231.0,252.0,59.0,219.0
context,P22681,U,False,False,248,DZIP1L,767,80df7a31eef382dd2753fae51183504e14c41d597e4e4e5b8124e0647c1232cd,Q8IYY4,EGFR,1210,dbb4583267ad40a7dfd854ee3c44ce4be38e137d0570e3eb76cf1854a74e7246,P00533,-1.0151499311129253,-2.687952995300293,0.2263452112674713,-9.364372253417969,-9.569486618041992,-8.634126663208008,-9.18932851155599,25.0,174.0,258.0,92.0
context,P22681,U,False,False,249,TULP4,1543,69fe7b7fd8ac87f521f03af66bb335d11ad990f768f5df9d1d4725087217aaf0,Q9NRJ4,EGFR,1210,dbb4583267ad40a7dfd854ee3c44ce4be38e137d0570e3eb76cf1854a74e7246,P00533,-2.273078441619873,-2.8108201026916504,0.6581075191497803,-10.979792594909668,-10.161431312561035,-8.672961235046387,-9.938061714172363,182.0,189.0,35.0,131.0
context,P22681,U,False,False,250,WDR48,677,c87774f0852fc0b856d60e1c37650fabba0ca10facc5cf87ab2501f3e182e3b2,Q8TAF3,EGFR,1210,dbb4583267ad40a7dfd854ee3c44ce4be38e137d0570e3eb76cf1854a74e7246,P00533,-2.4462622801462808,-2.844252665837606,0.30952033400535583,-10.945225715637207,-12.455636024475098,-11.222498893737793,-11.541120211283365,206.0,191.0,197.0,241.0
context,P22681,U,False,False,251,SKIC2,1246,f027d3da302be86a75e865eb14688db15d4a39b6102aa261a892869089ed1183,Q15477,EGFR,1210,dbb4583267ad40a7dfd854ee3c44ce4be38e137d0570e3eb76cf1854a74e7246,P00533,-2.680941899617513,-3.429539998372396,0.3249335289001465,-12.468195915222168,-12.614368438720703,-9.786975860595703,-11.623180071512857,235.0,245.0,184.0,243.0
context,P22681,U,False,False,252,MPP2,576,1f35de5140e3091ca7def0c17e06f251d39fcb48e75447b440111d9e535b7f15,Q14168,EGFR,1210,dbb4583267ad40a7dfd854ee3c44ce4be38e137d0570e3eb76cf1854a74e7246,P00533,-1.7547249396642048,-2.41811066865921,0.7623037099838257,-13.103899955749512,-10.82368278503418,-11.53221321105957,-11.819931983947754,86.0,139.0,10.0,252.0
context,P22681,U,False,False,253,LARP6,491,991a78931ad5afa15e06710c258f07eddd9400a470c62dddf397e0d8524a242c,Q9BRS8,EGFR,1210,dbb4583267ad40a7dfd854ee3c44ce4be38e137d0570e3eb76cf1854a74e7246,P00533,-2.222069422403971,-3.11199418703715,0.27279800176620483,-12.899628639221191,-11.948038101196289,-10.369933128356934,-11.739199956258139,173.0,223.0,223.0,247.0
background,P22681,U,False,False,254,ASIC2,512,739a35637921104e290b43bb18cf4938f929e0a62d2562d892959726bb8c63d3,Q16515,EGFR,1210,dbb4583267ad40a7dfd854ee3c44ce4be38e137d0570e3eb76cf1854a74e7246,P00533,-3.886082887649536,-4.442862510681152,0.5806193351745605,-8.72571849822998,-11.018196105957031,-9.172574996948242,-9.638829867045084,298.0,293.0,68.0,116.0
background,P22681,U,False,False,255,DOT1L,1537,fee687778a3f8e1209fc64cb4c55875b5a9f68b1e5346d315d4a2accf8ef313c,Q8TEK3,EGFR,1210,dbb4583267ad40a7dfd854ee3c44ce4be38e137d0570e3eb76cf1854a74e7246,P00533,-2.2378220558166504,-2.4423105716705322,0.18226590752601624,-8.9301118850708,-11.979670524597168,-9.02800464630127,-9.979262351989746,180.0,143.0,285.0,135.0
background,P22681,U,False,False,256,NRXN1,472,0bcb76a3f7b5c45aa9c355cd82faad8544503cffc87bb0ebcd98f3f07836fc22,P58400,EGFR,1210,dbb4583267ad40a7dfd854ee3c44ce4be38e137d0570e3eb76cf1854a74e7246,P00533,-3.0308614571889243,-3.954209009806315,0.6515689492225647,-6.064846038818359,-12.169471740722656,-13.064608573913574,-10.43297545115153,265.0,273.0,38.0,169.0
background,P22681,U,False,False,257,MAK,623,52167ce29e8003d2543358b7d7a3a6d3c74e749babf6bb25fbc13b288d7d562c,P20794,EGFR,1210,dbb4583267ad40a7dfd854ee3c44ce4be38e137d0570e3eb76cf1854a74e7246,P00533,-1.652282953262329,-2.105396827061971,0.26509416103363037,-8.819051742553711,-11.167562484741211,-10.220555305480957,-10.069056510925293,79.0,112.0,231.0,141.0
background,P22681,U,False,False,258,RESF1,1747,56e5e5a75d374af471c32094bd77130131a534757ea5f4771203c0e17f390856,Q9HCM1,EGFR,1210,dbb4583267ad40a7dfd854ee3c44ce4be38e137d0570e3eb76cf1854a74e7246,P00533,-2.1996262073516846,-1.5160020391146343,0.16129685938358307,-6.466224670410156,-7.373167037963867,-7.271992206573486,-7.03712797164917,170.0,64.0,294.0,16.0
background,P22681,U,False,False,259,KIR3DL2,455,45e3d15803483be073e406c2154f2d6c4c8b88d207e6c354683e3d667214ee11,P43630,EGFR,1210,dbb4583267ad40a7dfd854ee3c44ce4be38e137d0570e3eb76cf1854a74e7246,P00533,-1.5797481536865234,-1.7448641061782837,0.6067211627960205,-6.071241855621338,-6.933355808258057,-8.432809829711914,-7.1458024978637695,64.0,79.0,55.0,17.0
background,P22681,U,False,False,260,RASIP1,963,99ac8f8340d9a063a995f4d70723ef458681a4b5ce9f7f3f6adc4ac1f7ab52fd,Q5U651,EGFR,1210,dbb4583267ad40a7dfd854ee3c44ce4be38e137d0570e3eb76cf1854a74e7246,P00533,-2.5483224391937256,-2.9500646591186523,0.7085149884223938,-10.518348693847656,-11.949931144714355,-9.047086715698242,-10.505122184753418,221.0,200.0,18.0,176.0
background,P22681,U,False,False,261,PNPT1,783,717d92e1e3092183497c72d3330238b9a00f0b212d7f946624284b97b1ce523f,Q8TCS8,EGFR,1210,dbb4583267ad40a7dfd854ee3c44ce4be38e137d0570e3eb76cf1854a74e7246,P00533,-2.3815662066141763,-2.990914980570475,0.20499667525291443,-12.50777816772461,-14.386959075927734,-10.556998252868652,-12.483911832173666,196.0,209.0,273.0,270.0
background,P22681,U,False,False,262,KIF9,790,8bf8f9ad3d025270abd260a1853510996b3b6c6cb9624333c7275420eb557457,Q9HAQ2,EGFR,1210,dbb4583267ad40a7dfd854ee3c44ce4be38e137d0570e3eb76cf1854a74e7246,P00533,-3.1636688709259033,-4.4188516934712725,0.26313287019729614,-13.788145065307617,-13.835038185119629,-13.108217239379883,-13.577133496602377,272.0,291.0,233.0,295.0
background,P22681,U,False,False,263,GCC1,775,ac6904ffe51029d2cccd607c7eff11efcf3773013d9d9ad0ccebc14b196b9880,Q96CN9,EGFR,1210,dbb4583267ad40a7dfd854ee3c44ce4be38e137d0570e3eb76cf1854a74e7246,P00533,-1.7470928033192952,-2.7442680199941,0.2096707671880722,-8.096713066101074,-10.439263343811035,-8.700873374938965,-9.078949928283691,85.0,182.0,271.0,88.0
background,P22681,U,False,False,264,KLF11,512,e272e67b47e27a12da522b42910b145c5394b9e0251c57dfd983c2790626f5ed,O14901,EGFR,1210,dbb4583267ad40a7dfd854ee3c44ce4be38e137d0570e3eb76cf1854a74e7246,P00533,-1.6360998153686523,-1.3487280110518138,0.2637948989868164,-12.467568397521973,-11.618361473083496,-10.699366569519043,-11.595098813374838,77.0,55.0,232.0,242.0
background,P22681,U,False,False,265,FZD7,574,8ecc09d746ea0a01c7d6990b41faecbfb0e1afee82c84b509dea60851eaecf1c,O75084,EGFR,1210,dbb4583267ad40a7dfd854ee3c44ce4be38e137d0570e3eb76cf1854a74e7246,P00533,-3.3855481147766113,-3.4316356976826987,0.7219487428665161,-7.8083696365356445,-8.470337867736816,-8.308501243591309,-8.195736249287924,288.0,246.0,16.0,46.0
background,P22681,U,False,False,266,UGT2B7,529,b278b42ab9dd97cdc232913059e552c49533c30b91ce59c487f20f18c9007840,P16662,EGFR,1210,dbb4583267ad40a7dfd854ee3c44ce4be38e137d0570e3eb76cf1854a74e7246,P00533,-3.3336726824442544,-3.377074639002482,0.46846386790275574,-8.691632270812988,-9.814461708068848,-10.093026161193848,-9.533040046691895,282.0,242.0,110.0,110.0
background,P22681,U,False,False,267,MAPKAPK5,473,528542a10fef0b8a0f93112ede0727889adc00b81a2b3f9391b82d79d775531a,Q8IW41,EGFR,1210,dbb4583267ad40a7dfd854ee3c44ce4be38e137d0570e3eb76cf1854a74e7246,P00533,-1.5772703488667805,-2.8143560886383057,0.34692469239234924,-11.305713653564453,-12.239127159118652,-7.26276969909668,-10.269203503926596,62.0,190.0,170.0,155.0
background,P22681,U,False,False,268,SELENOO,669,2afad154cc29898494edae40430bf7297c8816cf328feeb497280a72f349253a,Q9BVL4,EGFR,1210,dbb4583267ad40a7dfd854ee3c44ce4be38e137d0570e3eb76cf1854a74e7246,P00533,-3.0024779637654624,-3.3270328044891357,0.2923974394798279,-7.84940767288208,-13.490650177001953,-9.25467300415039,-10.198243618011475,263.0,239.0,212.0,150.0
background,P22681,U,False,False,269,PLCH2,1416,288d543c8f77ba57bc698f78bcbb9152800537b4a0835d3a0c7ef35e88063297,O75038,EGFR,1210,dbb4583267ad40a7dfd854ee3c44ce4be38e137d0570e3eb76cf1854a74e7246,P00533,-2.2486700216929116,-2.899115800857544,0.6978768110275269,-12.153953552246094,-11.008440971374512,-9.159392356872559,-10.773928960164389,181.0,197.0,21.0,194.0
background,P22681,U,False,False,270,SLC35F5,523,8386ad7a9e3f68ebf85140b47600988471501760808e60657ca10004c514ee54,Q8WV83,EGFR,1210,dbb4583267ad40a7dfd854ee3c44ce4be38e137d0570e3eb76cf1854a74e7246,P00533,-2.79377015431722,-3.4595967133839927,0.6484374403953552,-10.267044067382812,-10.518401145935059,-8.776439666748047,-9.853961626688639,248.0,248.0,39.0,129.0
background,P22681,U,False,False,271,IL2RB,551,7b744774df6ab963b0953dd2974c0be7235559538321e68982813ac0656550b9,P14784,EGFR,1210,dbb4583267ad40a7dfd854ee3c44ce4be38e137d0570e3eb76cf1854a74e7246,P00533,-1.8685428301493328,-1.6981896956761677,0.7510499954223633,-10.08528995513916,-9.096436500549316,-9.25399112701416,-9.478572527567545,107.0,75.0,14.0,107.0
background,P22681,U,False,False,272,STPG2,459,bbf0bde0f6f56aa15d16467c153c24fe24a8e27e15939a58bd4247a2e59f88ac,Q8N412,EGFR,1210,dbb4583267ad40a7dfd854ee3c44ce4be38e137d0570e3eb76cf1854a74e7246,P00533,-2.8231465816497803,-4.753238677978516,0.31204935908317566,-13.474404335021973,-10.347129821777344,-13.61445140838623,-12.47866185506185,251.0,300.0,193.0,269.0
background,P22681,U,False,False,273,POFUT3,479,9dcca052a2538e1c4d6e1e981ca0c7a13186232157ed25b0d9bb6795541097c3,Q6P4F1,EGFR,1210,dbb4583267ad40a7dfd854ee3c44ce4be38e137d0570e3eb76cf1854a74e7246,P00533,-1.8022868235905964,-2.255010962486267,0.5617965459823608,-5.906113147735596,-10.100626945495605,-8.95879077911377,-8.32184362411499,93.0,126.0,75.0,55.0
background,P22681,U,False,False,274,TBX5,518,eb8598e9c2c0a42c2d55a9898949fd16da65f7dc4c62a79a0404f5f44a697ba7,Q99593,EGFR,1210,dbb4583267ad40a7dfd854ee3c44ce4be38e137d0570e3eb76cf1854a74e7246,P00533,-1.2922024726867676,-0.8991324206193289,0.3986792266368866,-11.006575584411621,-11.537845611572266,-9.332235336303711,-10.6255521774292,40.0,32.0,140.0,183.0
background,P22681,U,False,False,275,CCAR1,1150,39b083cb5fa6d7c8ad6800ae093afc7e47619bdd6dfeaf5e77f8cb1bb53b3335,Q8IX12,EGFR,1210,dbb4583267ad40a7dfd854ee3c44ce4be38e137d0570e3eb76cf1854a74e7246,P00533,-1.1002140045166016,-2.3995379209518433,0.192643940448761,-12.779221534729004,-13.0618314743042,-13.12106990814209,-12.987374305725098,29.0,136.0,279.0,283.0
background,P22681,U,False,False,276,SMPD3,655,6b1a7d62560af45f412f6a495e43ca192c67e874726289822ea5b03afeaec995,Q9NY59,EGFR,1210,dbb4583267ad40a7dfd854ee3c44ce4be38e137d0570e3eb76cf1854a74e7246,P00533,-0.8004342913627625,-1.0794346332550049,0.5608389377593994,-8.944564819335938,-9.654166221618652,-6.643552780151367,-8.414094607035318,16.0,40.0,77.0,61.0
background,P22681,U,False,False,277,ATP1A2,1020,b6d090b3cc6fe8646de29faf12df30e95ecb18a1259625144f16ced8759dae5b,P50993,EGFR,1210,dbb4583267ad40a7dfd854ee3c44ce4be38e137d0570e3eb76cf1854a74e7246,P00533,-2.4017509619394937,-1.9486690362294514,0.4616003632545471,-8.574735641479492,-6.727261543273926,-8.657684326171875,-7.986560503641765,200.0,100.0,112.0,32.0
background,P22681,U,False,False,278,SERGEF,458,68ea5d7ad62ab558cd1a24ab23916481006a1a9d24a0a2d8165dd9ade4630e51,Q9UGK8,EGFR,1210,dbb4583267ad40a7dfd854ee3c44ce4be38e137d0570e3eb76cf1854a74e7246,P00533,-3.1884374618530273,-2.7289166847864785,0.40531301498413086,-9.833961486816406,-10.553351402282715,-9.129907608032227,-9.839073499043783,275.0,179.0,137.0,128.0
background,P22681,U,False,False,279,NLN,704,dd23c9eec0e91cd1f0dc088a32ef2b148599462ded9b6d9b1761b0cd11b58e23,Q9BYT8,EGFR,1210,dbb4583267ad40a7dfd854ee3c44ce4be38e137d0570e3eb76cf1854a74e7246,P00533,-1.9830989837646484,-3.0940725803375244,0.3407929539680481,-8.770120620727539,-13.857478141784668,-9.608443260192871,-10.745347340901693,128.0,219.0,173.0,191.0
background,P22681,U,False,False,280,WDSUB1,476,4d9b81af2e3147ceb5f86d74089268b443b3e3d98fb67142726514837766c40a,Q8N9V3,EGFR,1210,dbb4583267ad40a7dfd854ee3c44ce4be38e137d0570e3eb76cf1854a74e7246,P00533,-1.286105712254842,-0.7229995230833689,0.4571123719215393,-6.020322799682617,-8.351390838623047,-10.021186828613281,-8.130966822306315,39.0,24.0,116.0,41.0
background,P22681,U,False,False,281,ENTPD8,495,3f20c11685a86dff6e99cdf752c94239d954c7e3d9aa9d2ec2498a84e2740fdd,Q5MY95,EGFR,1210,dbb4583267ad40a7dfd854ee3c44ce4be38e137d0570e3eb76cf1854a74e7246,P00533,-2.7103021144866943,-2.5566487312316895,0.6021658182144165,-8.635560989379883,-10.661985397338867,-10.161892890930176,-9.819813092549643,242.0,155.0,56.0,127.0
background,P22681,U,False,False,282,TACR3,465,96c20248410c00a2e2effa4c4fb5f008c5cbd1f86f186a371dea80a29eddab48,P29371,EGFR,1210,dbb4583267ad40a7dfd854ee3c44ce4be38e137d0570e3eb76cf1854a74e7246,P00533,-2.561007022857666,-2.614845037460327,0.6687350869178772,-10.61290454864502,-9.726754188537598,-8.676170349121094,-9.671943028767904,223.0,163.0,31.0,120.0
background,P22681,U,False,False,283,IGF2BP2,599,c4825fecc4bc380e5bce3a3e3e9e00e83acbca438fbf1428a50d5b8fbd77cbb7,Q9Y6M1,EGFR,1210,dbb4583267ad40a7dfd854ee3c44ce4be38e137d0570e3eb76cf1854a74e7246,P00533,-3.18364151318868,-3.963663180669149,0.34865978360176086,-13.150999069213867,-11.78520679473877,-11.450689315795898,-12.128965059916178,274.0,274.0,169.0,262.0
background,P22681,U,False,False,284,CHADL,762,135a424f544fa68a319bb05cd90d9ca38dafedea82c85916f8904540a549823b,Q6NUI6,EGFR,1210,dbb4583267ad40a7dfd854ee3c44ce4be38e137d0570e3eb76cf1854a74e7246,P00533,-2.121949076652527,-1.732287049293518,0.548758864402771,-6.66800594329834,-8.09766674041748,-8.752779960632324,-7.839484214782715,158.0,78.0,82.0,30.0
background,P22681,U,False,False,285,ADCY5,1261,df36269db8cb4155c4dcc1ba77d9134a2e61a4a4ea14c524b6d85541baac813c,O95622,EGFR,1210,dbb4583267ad40a7dfd854ee3c44ce4be38e137d0570e3eb76cf1854a74e7246,P00533,-1.4442493120829265,-0.8746003384391466,0.5831354260444641,-6.1386919021606445,-7.278277397155762,-5.902706623077393,-6.439891974131267,47.0,31.0,67.0,9.0
background,P22681,U,False,False,286,MMS22L,1243,c9c05b3554300f88de7317e01bcbf05d69f378b6523d81e4aa1bae30cb27fb30,Q6ZRQ5,EGFR,1210,dbb4583267ad40a7dfd854ee3c44ce4be38e137d0570e3eb76cf1854a74e7246,P00533,-1.980407476425171,-2.992317279179891,0.2540389895439148,-9.897478103637695,-11.961332321166992,-7.967577934265137,-9.942129453023275,127.0,210.0,239.0,132.0
background,P22681,U,False,False,287,COL16A1,1604,3981ffd87a879b10950ba329bc085d96717775a9ba668119ed7497ef6cf3374b,Q07092,EGFR,1210,dbb4583267ad40a7dfd854ee3c44ce4be38e137d0570e3eb76cf1854a74e7246,P00533,-1.8899956941604614,-1.8056756655375164,0.5852945446968079,-7.404058456420898,-9.72106647491455,-8.939356803894043,-8.68816057840983,111.0,85.0,66.0,72.0
background,P22681,U,False,False,288,IRX1,480,f9ce639b86dbf97f4454dceadc03b74ef0870c49a6683712728d89719c59274a,P78414,EGFR,1210,dbb4583267ad40a7dfd854ee3c44ce4be38e137d0570e3eb76cf1854a74e7246,P00533,-1.4582709868748982,-0.7138314048449198,0.26262110471725464,-7.340870380401611,-10.94033432006836,-6.835415840148926,-8.372206846872965,51.0,23.0,234.0,59.0
background,P22681,U,False,False,289,ANKRD26,1710,5be93c2be7e326b7c05dd71ea7a502b60f8e29648f54015180f598d47147f589,Q9UPS8,EGFR,1210,dbb4583267ad40a7dfd854ee3c44ce4be38e137d0570e3eb76cf1854a74e7246,P00533,-1.8588987588882446,-3.077524741490682,0.2357897162437439,-11.021800994873047,-12.62308406829834,-9.53231430053711,-11.059066454569498,104.0,217.0,252.0,211.0
background,P22681,U,False,False,290,LENG9,501,0e8ed206ab1e43f831e8c88f84d55b31e99f95de6d946ae057a4b9b05c82cbd4,Q96B70,EGFR,1210,dbb4583267ad40a7dfd854ee3c44ce4be38e137d0570e3eb76cf1854a74e7246,P00533,-1.459121584892273,-0.26345263918240863,0.22547701001167297,-8.419929504394531,-11.716348648071289,-6.485683917999268,-8.873987356821695,52.0,16.0,259.0,79.0
background,P22681,U,False,False,291,CNR1,472,4cf523e4f20641bd9bbbe1036fb5a523dba1b2bf3127cd5b69b0a6d2e2cc6314,P21554,EGFR,1210,dbb4583267ad40a7dfd854ee3c44ce4be38e137d0570e3eb76cf1854a74e7246,P00533,-2.0163364013036094,-1.1573457717895508,0.6368418335914612,-10.103743553161621,-9.91707706451416,-11.130655288696289,-10.383825302124023,135.0,47.0,46.0,166.0
background,P22681,U,False,False,292,DDX11L8,907,211719c98eb554f545e5b24e6c8e2adcdc92402c11a590f20d1f6f332cbc0b3c,A8MPP1,EGFR,1210,dbb4583267ad40a7dfd854ee3c44ce4be38e137d0570e3eb76cf1854a74e7246,P00533,-2.522752602895101,-3.567315657933553,0.2980456054210663,-10.770652770996094,-10.183412551879883,-8.876262664794922,-9.943442662556967,217.0,253.0,206.0,133.0
background,P22681,U,False,False,293,MATCAP2,520,cb9e8aade428b8f0b6e97c39ce80309be3e2c0e19f3b3217d48192b98d362e09,Q8NCT3,EGFR,1210,dbb4583267ad40a7dfd854ee3c44ce4be38e137d0570e3eb76cf1854a74e7246,P00533,-2.4202841917673745,-3.632191220919291,0.304706871509552,-10.935962677001953,-11.821996688842773,-11.237054824829102,-11.331671396891275,202.0,259.0,200.0,228.0
background,P22681,U,False,False,294,CCDC185,623,d596cbe02171749c8889d6570055cb899a53486d0d13b15ca342fb22ce03e0da,Q8N715,EGFR,1210,dbb4583267ad40a7dfd854ee3c44ce4be38e137d0570e3eb76cf1854a74e7246,P00533,-1.9346359570821126,-1.1220813194910686,0.17209473252296448,-8.336216926574707,-8.893826484680176,-9.979265213012695,-9.069769541422525,120.0,44.0,289.0,87.0
background,P22681,U,False,False,295,PODXL2,605,dc23e0c8a291a3b29f0cf5264a067b2cbff42595854599440d3d9e6dc27c22d4,Q9NZ53,EGFR,1210,dbb4583267ad40a7dfd854ee3c44ce4be38e137d0570e3eb76cf1854a74e7246,P00533,-2.2867424885431924,-2.494924306869507,0.4912210702896118,-8.631495475769043,-9.856745719909668,-10.945663452148438,-9.811301549275717,184.0,147.0,104.0,125.0
background,P22681,U,False,False,296,COG2,738,340a9338edb0878c24c4d49bc8d85c932d6e42bdf9f00ba7cb73f671753d88a6,Q14746,EGFR,1210,dbb4583267ad40a7dfd854ee3c44ce4be38e137d0570e3eb76cf1854a74e7246,P00533,-1.8697975873947144,-3.1880815823872886,0.19526304304599762,-11.36861515045166,-13.051596641540527,-7.678685188293457,-10.699632326761881,108.0,226.0,278.0,188.0
background,P22681,U,False,False,297,FCRL5,977,5bdb053952ef7a0457676854b3d6757646861e6a22df3dcc4d5cb20a998fdbdf,Q96RD9,EGFR,1210,dbb4583267ad40a7dfd854ee3c44ce4be38e137d0570e3eb76cf1854a74e7246,P00533,-1.906510829925537,-3.1061367193857827,0.668494462966919,-9.183186531066895,-7.835664749145508,-7.279720783233643,-8.099524021148682,113.0,221.0,32.0,38.0
background,P22681,U,False,False,298,SNRK,765,eb6eb28a977f99a651fa45147d29f3768ae83e5e378e163c358162a85d3012d0,Q9NRH2,EGFR,1210,dbb4583267ad40a7dfd854ee3c44ce4be38e137d0570e3eb76cf1854a74e7246,P00533,-2.1382948557535806,-2.7324711879094443,0.5197948217391968,-10.639533996582031,-8.90966510772705,-11.040303230285645,-10.196500778198242,161.0,180.0,93.0,149.0
background,P22681,U,False,False,299,MYBPH,477,d3b4d4aafa0f3f445eaa909366f2525b6edbde65a93889147144233b998e894a,Q13203,EGFR,1210,dbb4583267ad40a7dfd854ee3c44ce4be38e137d0570e3eb76cf1854a74e7246,P00533,-3.000393867492676,-5.088998953501384,0.5767797827720642,-14.580100059509277,-12.622775077819824,-10.778782844543457,-12.660552660624186,262.0,301.0,71.0,277.0
background,P22681,U,False,False,300,MSL2,577,cc69d1025bd008516c6319695323caefc1ad3350cd60a7493a0fc004d21d35fb,Q9HCI7,EGFR,1210,dbb4583267ad40a7dfd854ee3c44ce4be38e137d0570e3eb76cf1854a74e7246,P00533,-3.0567869345347085,-2.8546340068181357,0.2666468024253845,-10.697334289550781,-13.255782127380371,-9.57823657989502,-11.177117665608725,267.0,192.0,230.0,220.0
background,P22681,U,False,False,301,MAOA,527,92962676f214e5a64a684dcb0daea96f595b5c4ccf2e8db1315ae9d36623e43b,P21397,EGFR,1210,dbb4583267ad40a7dfd854ee3c44ce4be38e137d0570e3eb76cf1854a74e7246,P00533,-1.8382490873336792,-3.261164824167887,0.3669773042201996,-10.873943328857422,-9.759749412536621,-8.328512191772461,-9.654068311055502,101.0,233.0,153.0,118.0
background,P22681,U,False,False,302,TRPC4,977,b2661d3fa2b00d7c20be9ad512373eaec77f7d0e189362e90ebc1faa6894c4d6,Q9UBN4,EGFR,1210,dbb4583267ad40a7dfd854ee3c44ce4be38e137d0570e3eb76cf1854a74e7246,P00533,-2.5532668431599936,-2.9701598485310874,0.6008284091949463,-9.195516586303711,-8.819154739379883,-7.991037845611572,-8.668569723765055,222.0,204.0,57.0,70.0
background,P22681,U,False,False,303,LIN54,749,757bc35b61884136ee3d6df6687204eaf16c646335eb9c17a6d79d79b35ce0ac,Q6MZP7,EGFR,1210,dbb4583267ad40a7dfd854ee3c44ce4be38e137d0570e3eb76cf1854a74e7246,P00533,-3.3720845381418862,-3.835285504659017,0.15806832909584045,-14.18324089050293,-13.79907512664795,-12.555051803588867,-13.512455940246582,286.0,266.0,297.0,293.0
