row_index,tuna_original_score,tuna_retrained_seed20260803_score,tuna_retrained_seed20260817_score,tuna_retrained_seed20260831_score,tuna_retrained_score
0,0.855528712272644,-3.997744560241699,-3.329434394836426,-3.683217763900757,-3.6701322396596274
1,0.6366562247276306,-12.144438743591309,-11.096648216247559,-10.450021743774414,-11.230369567871094
2,0.6879025101661682,-8.436973571777344,-7.716250419616699,-10.07099723815918,-8.74140707651774
3,0.6290624141693115,-9.185290336608887,-7.340869903564453,-9.323583602905273,-8.616581281026205
4,0.7315930724143982,-8.473287582397461,-6.369482517242432,-10.794147491455078,-8.545639197031656
5,0.5403941869735718,-10.44301700592041,-8.248045921325684,-8.159398078918457,-8.950153668721518
6,0.73058021068573,-9.01672649383545,-7.380712985992432,-8.548116683959961,-8.315185387929281
7,0.6436832547187805,-8.237491607666016,-8.21057415008545,-9.598264694213867,-8.682110150655111
8,0.5995590686798096,-7.859025478363037,-8.437607765197754,-10.288212776184082,-8.861615339914957
9,0.8165854215621948,-12.036287307739258,-8.549335479736328,-9.919879913330078,-10.168500900268555
10,0.6177635192871094,-8.233404159545898,-6.088027477264404,-10.219608306884766,-8.180346647898356
11,0.7511456608772278,-11.562939643859863,-9.30601692199707,-11.467741012573242,-10.778899192810059
12,0.8394128680229187,-12.155266761779785,-9.612780570983887,-8.108489990234375,-9.958845774332682
13,0.5814074873924255,-8.7688570022583,-11.515450477600098,-8.336811065673828,-9.540372848510742
14,0.6886041164398193,-9.185602188110352,-7.893035411834717,-11.07208251953125,-9.383573373158773
15,0.7664676308631897,-3.681627035140991,-4.644753456115723,-8.714314460754395,-5.680231650670369
16,0.6609507203102112,-11.87496566772461,-9.01740550994873,-10.001779556274414,-10.298050244649252
17,0.43902790546417236,-7.248323917388916,-11.244751930236816,-10.83230209350586,-9.775125980377197
18,0.714790940284729,-8.586393356323242,-7.060352802276611,-10.373574256896973,-8.673440138498941
19,0.7288134694099426,-6.438389301300049,-5.184866905212402,-9.061275482177734,-6.8948438962300616
20,0.8008968234062195,-7.473989009857178,-7.302804946899414,-8.841365814208984,-7.872719923655192
21,0.5768027305603027,-7.807001113891602,-7.288336753845215,-11.176094055175781,-8.7571439743042
22,0.6828725337982178,-8.218753814697266,-9.536531448364258,-7.978859901428223,-8.578048388163248
23,0.7773409485816956,-6.049386024475098,-7.842667579650879,-8.010518074035645,-7.300857226053874
24,0.7481327056884766,-6.099808692932129,-6.814147472381592,-10.42138957977295,-7.778448581695557
25,0.6991761922836304,-7.379550933837891,-6.510841369628906,-10.00062084197998,-7.963671048482259
26,0.6176654100418091,-8.604429244995117,-5.734988689422607,-8.202046394348145,-7.513821442921956
27,0.600214958190918,-6.910819053649902,-7.908614635467529,-13.474157333374023,-9.431197007497152
28,0.6262771487236023,-5.145759105682373,-6.146609306335449,-9.726428985595703,-7.006265799204509
29,0.6380963325500488,-9.327967643737793,-7.415477752685547,-9.035039901733398,-8.592828432718912
30,0.7286596894264221,-8.757064819335938,-5.231118202209473,-11.281250953674316,-8.423144658406576
31,0.7311602234840393,-5.827941417694092,-4.8752570152282715,-7.269690990447998,-5.990963141123454
32,0.7275397181510925,-11.044946670532227,-11.01212215423584,-9.942632675170898,-10.666567166646322
33,0.6233425140380859,-3.7301437854766846,-2.5644030570983887,-6.226284503936768,-4.17361044883728
34,0.6686314940452576,-5.994358062744141,-5.160697937011719,-7.698818683624268,-6.284624894460042
35,0.6557276248931885,-7.733059406280518,-5.200439453125,-9.082050323486328,-7.338516394297282
36,0.6264471411705017,-9.149147033691406,-5.277939319610596,-8.451727867126465,-7.626271406809489
37,0.5721760392189026,-6.060924053192139,-6.188024997711182,-7.388762950897217,-6.545904000600179
38,0.5450739860534668,-9.78253173828125,-8.458157539367676,-10.106207847595215,-9.448965708414713
39,0.55059814453125,-8.779308319091797,-7.626516819000244,-10.559922218322754,-8.988582452138266
40,0.6930866837501526,-7.670470714569092,-6.941453456878662,-9.461864471435547,-8.024596214294434
41,0.7085354924201965,-9.273313522338867,-7.454676151275635,-10.059781074523926,-8.929256916046143
42,0.7082763910293579,-8.20096492767334,-6.50294828414917,-7.326557636260986,-7.343490282694499
43,0.6646050214767456,-5.916894435882568,-5.815556049346924,-10.642822265625,-7.458424250284831
44,0.700320839881897,-8.680123329162598,-7.027843475341797,-10.16406536102295,-8.624010721842447
45,0.7246183156967163,-6.738100051879883,-6.62143087387085,-7.428085803985596,-6.929205576578776
46,0.7598296999931335,-6.835559844970703,-6.376075267791748,-9.744733810424805,-7.652122974395752
47,0.6532860994338989,-4.350443363189697,-5.206599235534668,-8.26158332824707,-5.9395419756571455
48,0.6092607975006104,-10.988630294799805,-8.704744338989258,-10.317313194274902,-10.003562609354654
49,0.7970573902130127,-5.8985676765441895,-5.434103965759277,-10.71141529083252,-7.348028977711995
50,0.6985945105552673,-9.325366020202637,-7.708622455596924,-12.352007865905762,-9.795332113901773
51,0.7866383790969849,-10.235503196716309,-8.5393705368042,-10.180290222167969,-9.651721318562826
52,0.6860869526863098,-8.384988784790039,-8.590152740478516,-6.992725372314453,-7.989288965861003
53,0.7337186336517334,-11.63730525970459,-11.116377830505371,-5.639894008636475,-9.464525699615479
54,0.5892758965492249,-8.18805980682373,-8.558238983154297,-11.886543273925781,-9.544280687967936
55,0.4771784245967865,-8.8545503616333,-11.088226318359375,-9.082683563232422,-9.675153414408365
56,0.4502491354942322,-11.70340347290039,-12.672012329101562,-5.487659931182861,-9.954358577728271
57,0.3557288348674774,-11.769518852233887,-8.513614654541016,-8.344991683959961,-9.542708396911621
58,0.44857504963874817,-13.005690574645996,-5.813657283782959,-12.039703369140625,-10.28635040918986
59,0.40997418761253357,-10.761000633239746,-13.517252922058105,-11.065040588378906,-11.781098047892252
60,0.7029245495796204,-3.609267473220825,-6.457947731018066,-9.068909645080566,-6.378708283106486
61,0.601634681224823,-13.329748153686523,-12.827256202697754,-9.764100074768066,-11.973701477050781
62,0.6870885491371155,-10.054736137390137,-12.910294532775879,-9.746110916137695,-10.903713862101236
63,0.3623143136501312,-12.186744689941406,-12.207169532775879,-12.1484956741333,-12.180803298950195
64,0.4706343710422516,-15.718801498413086,-14.612667083740234,-15.557741165161133,-15.296403249104818
65,0.273892879486084,-12.549878120422363,-10.049670219421387,-13.84195327758789,-12.147167205810547
66,0.7498414516448975,-8.178333282470703,-8.069591522216797,-11.007650375366211,-9.08519172668457
67,0.6280278563499451,-9.384414672851562,-8.240579605102539,-9.131282806396484,-8.918759028116861
68,0.3437260687351227,-10.088757514953613,-9.243917465209961,-9.520676612854004,-9.617783864339193
69,0.5642961263656616,-12.864543914794922,-9.672410011291504,-9.39306354522705,-10.643339157104492
70,0.42042502760887146,-9.505654335021973,-15.808838844299316,-9.745636940002441,-11.686710039774576
71,0.7006575465202332,-7.349892616271973,-9.44698715209961,-10.568817138671875,-9.121898969014486
72,0.3357933461666107,-11.890554428100586,-13.065964698791504,-10.628564834594727,-11.86169465382894
73,0.5919819474220276,-8.075934410095215,-8.866272926330566,-10.258779525756836,-9.066995620727539
74,0.5578846335411072,-8.26208209991455,-8.091728210449219,-10.504669189453125,-8.952826499938965
75,0.6966972947120667,-9.451469421386719,-11.053098678588867,-11.633283615112305,-10.71261723836263
76,0.6215780377388,-10.007047653198242,-9.88354206085205,-12.048894882202148,-10.64649486541748
77,0.6698858141899109,-10.173041343688965,-10.224957466125488,-10.191755294799805,-10.196584701538086
78,0.7262985706329346,-13.020108222961426,-8.555816650390625,-8.807732582092285,-10.127885818481445
79,0.7146298289299011,-7.734493732452393,-12.360111236572266,-10.16582202911377,-10.086808999379477
80,0.5890729427337646,-10.797359466552734,-10.308780670166016,-15.070023536682129,-12.058721224466959
81,0.4389967620372772,-13.170817375183105,-9.06245231628418,-10.466172218322754,-10.899813969930014
82,0.5722566843032837,-9.500664710998535,-13.166791915893555,-12.80506706237793,-11.824174563090006
83,0.697633683681488,-9.202580451965332,-9.039105415344238,-11.867281913757324,-10.036322593688965
84,0.4838463068008423,-12.735067367553711,-12.063570022583008,-10.917448043823242,-11.905361811319986
85,0.6286629438400269,-11.212239265441895,-12.535893440246582,-7.947664737701416,-10.565265814463297
86,0.4227394461631775,-11.90219783782959,-12.577103614807129,-11.896831512451172,-12.125377655029297
87,0.6103354692459106,-8.232969284057617,-7.610047340393066,-10.77534008026123,-8.872785568237305
88,0.21898607909679413,-12.577695846557617,-11.470253944396973,-11.94333553314209,-11.997095108032227
89,0.23629119992256165,-12.065433502197266,-10.422623634338379,-15.678458213806152,-12.722171783447266
90,0.7048879861831665,-8.858601570129395,-13.455801010131836,-11.54529857635498,-11.286567052205404
91,0.6052916646003723,-7.938358306884766,-6.058254241943359,-10.321738243103027,-8.106116930643717
92,0.2396032065153122,-12.988418579101562,-11.10024642944336,-14.326037406921387,-12.804900805155436
93,0.15809941291809082,-13.10203742980957,-13.17227840423584,-14.308672904968262,-13.527662913004557
94,0.7613234519958496,-11.672998428344727,-7.6589436531066895,-10.580034255981445,-9.970658779144287
95,0.2643069624900818,-10.48416805267334,-10.613693237304688,-10.215317726135254,-10.437726338704428
96,0.6572734713554382,-6.966966152191162,-6.6746978759765625,-7.988135814666748,-7.209933280944824
97,0.7748181223869324,-9.713988304138184,-8.579610824584961,-6.561549186706543,-8.285049438476562
98,0.38739609718322754,-14.182397842407227,-12.630967140197754,-13.548471450805664,-13.453945477803549
99,0.6096742749214172,-6.252982139587402,-6.350285530090332,-9.47378921508789,-7.359018961588542
100,0.699522852897644,-10.61892032623291,-9.420516014099121,-12.662168502807617,-10.900534947713217
101,0.4323762059211731,-8.885279655456543,-10.604636192321777,-9.526698112487793,-9.672204653422037
102,0.387799471616745,-12.649007797241211,-10.837127685546875,-11.230899810791016,-11.572345097859701
103,0.5449740290641785,-13.860915184020996,-9.273677825927734,-15.078441619873047,-12.737678209940592
104,0.5921058058738708,-8.094385147094727,-6.9497504234313965,-10.3971586227417,-8.480431397755941
105,0.28459393978118896,-9.791659355163574,-11.96900749206543,-10.134757995605469,-10.631808280944824
106,0.33939751982688904,-11.45602798461914,-10.75322151184082,-11.438673973083496,-11.215974489847818
107,0.5932796597480774,-12.591675758361816,-10.719744682312012,-10.596206665039062,-11.302542368570963
108,0.6646619439125061,-6.1975507736206055,-5.759629726409912,-11.105500221252441,-7.687560240427653
109,0.7501876354217529,-6.513427734375,-6.663652420043945,-9.170397758483887,-7.449159304300944
110,0.5769010782241821,-6.058027267456055,-8.363466262817383,-8.421133041381836,-7.614208857218425
111,0.4677874743938446,-11.689986228942871,-7.570494651794434,-9.457554817199707,-9.572678565979004
112,0.6519935727119446,-11.598282814025879,-8.658864974975586,-9.252141952514648,-9.836429913838705
113,0.6764015555381775,-12.603837013244629,-8.375432968139648,-10.160637855529785,-10.379969278971354
114,0.5538363456726074,-11.688931465148926,-11.813015937805176,-10.716827392578125,-11.406258265177408
115,0.7234670519828796,-10.175753593444824,-9.913236618041992,-10.717000007629395,-10.26866340637207
116,0.6425159573554993,-9.947720527648926,-8.324482917785645,-10.968582153320312,-9.746928532918295
117,0.8258811831474304,-8.05406379699707,-6.233054161071777,-11.589734077453613,-8.625617345174154
118,0.7058250308036804,-10.703207015991211,-9.368914604187012,-10.56466007232666,-10.212260564168295
119,0.5973339080810547,-12.565993309020996,-10.407135009765625,-10.887114524841309,-11.286747614542643
120,0.6232499480247498,-7.713248252868652,-6.358700752258301,-9.217803001403809,-7.763250668843587
121,0.7784015536308289,-9.995620727539062,-10.375801086425781,-9.773955345153809,-10.04845905303955
122,0.8073483109474182,-8.492364883422852,-10.289185523986816,-10.049038887023926,-9.610196431477865
123,0.5131540298461914,-9.208459854125977,-9.586477279663086,-9.402377128601074,-9.399104754130045
124,0.5199359655380249,-8.843557357788086,-6.655055046081543,-8.189051628112793,-7.895888010660808
125,0.39506086707115173,-14.5640869140625,-16.234256744384766,-14.626587867736816,-15.141643842061361
126,0.6862819194793701,-8.930551528930664,-5.800784587860107,-8.884597778320312,-7.871977965037028
127,0.5408694744110107,-9.04450798034668,-13.656862258911133,-11.390013694763184,-11.363794644673666
128,0.501832127571106,-7.667651176452637,-10.383796691894531,-8.72634220123291,-8.92593002319336
129,0.687480092048645,-7.341434001922607,-7.58662748336792,-11.966358184814453,-8.96480655670166
130,0.6222084164619446,-8.198958396911621,-9.371726036071777,-8.296398162841797,-8.622360865275065
131,0.4686807692050934,-11.806894302368164,-9.690095901489258,-10.319672584533691,-10.605554262797037
132,0.43283432722091675,-13.88634204864502,-11.915301322937012,-13.129976272583008,-12.977206548055014
133,0.675690770149231,-8.545504570007324,-6.415574073791504,-11.568745613098145,-8.84327475229899
134,0.7532378435134888,-9.57016372680664,-12.794158935546875,-13.3657865524292,-11.910036404927572
135,0.23210261762142181,-14.38318920135498,-13.143392562866211,-14.357683181762695,-13.961421648661295
136,0.6222413778305054,-8.227753639221191,-9.44893741607666,-10.1925630569458,-9.289751370747885
137,0.7555016279220581,-9.42304801940918,-8.766100883483887,-10.499590873718262,-9.562913258870443
138,0.6153217554092407,-12.393112182617188,-8.471552848815918,-12.830265998840332,-11.231643676757812
139,0.7339047789573669,-11.57248592376709,-7.915217399597168,-9.20363712310791,-9.563780148824057
140,0.5855210423469543,-11.331223487854004,-10.477715492248535,-8.974540710449219,-10.261159896850586
141,0.4091727137565613,-10.174166679382324,-8.195802688598633,-7.574390411376953,-8.648119926452637
142,0.345595121383667,-5.469215393066406,-8.846763610839844,-6.709367752075195,-7.0084489186604815
143,0.5830546021461487,-10.857234001159668,-6.2027082443237305,-11.328007698059082,-9.462649981180826
144,0.638454794883728,-9.686217308044434,-8.771462440490723,-7.885465621948242,-8.781048456827799
145,0.6127834916114807,-12.029661178588867,-10.299755096435547,-11.132118225097656,-11.153844833374023
146,0.4769432842731476,-12.272789001464844,-11.232895851135254,-11.706979751586914,-11.737554868062338
147,0.6908315420150757,-8.108596801757812,-8.183612823486328,-10.882489204406738,-9.058232943216959
148,0.21194173395633698,-11.967251777648926,-16.795089721679688,-13.087200164794922,-13.949847221374512
149,0.5087694525718689,-9.90395450592041,-10.042941093444824,-10.794929504394531,-10.247275034586588
150,0.6487762928009033,-9.542489051818848,-14.541504859924316,-9.255414962768555,-11.113136291503906
151,0.5561347007751465,-7.73093318939209,-8.14418888092041,-12.696881294250488,-9.524001121520996
152,0.6555976271629333,-12.085472106933594,-8.080108642578125,-11.160022735595703,-10.44186782836914
153,0.6626977324485779,-12.170730590820312,-9.871393203735352,-8.360376358032227,-10.134166717529297
154,0.6867765784263611,-7.7744460105896,-10.62796401977539,-11.039080619812012,-9.813830216725668
155,0.2504912316799164,-12.736809730529785,-7.574676513671875,-9.569775581359863,-9.960420608520508
156,0.22327464818954468,-12.318014144897461,-11.478812217712402,-13.960412979125977,-12.58574644724528
157,0.6754903793334961,-9.406311988830566,-8.438920974731445,-8.555787086486816,-8.800340016682943
158,0.17374952137470245,-8.070845603942871,-9.916105270385742,-11.686881065368652,-9.891277313232422
159,0.6986674666404724,-6.926769733428955,-5.75622034072876,-11.725324630737305,-8.136104901631674
160,0.19613447785377502,-11.992416381835938,-9.432931900024414,-10.711836814880371,-10.712395032246908
161,0.35947704315185547,-11.712137222290039,-9.971498489379883,-11.72927188873291,-11.137635866800943
162,0.4285692870616913,-9.871835708618164,-10.183927536010742,-11.422456741333008,-10.492739995320639
163,0.5074355602264404,-9.130873680114746,-4.887500762939453,-12.156949996948242,-8.72510814666748
164,0.7417275905609131,-8.630417823791504,-7.84224796295166,-9.207998275756836,-8.560221354166666
165,0.4122723639011383,-14.864264488220215,-15.064809799194336,-12.227938652038574,-14.052337646484375
166,0.45834314823150635,-6.723499298095703,-6.6280131340026855,-5.52197265625,-6.29116169611613
167,0.24564558267593384,-11.350347518920898,-12.211960792541504,-12.769730567932129,-12.110679626464844
168,0.5661270022392273,-8.636404037475586,-8.651595115661621,-10.134172439575195,-9.140723864237467
169,0.17741423845291138,-12.448784828186035,-12.806171417236328,-11.991689682006836,-12.4155486424764
170,0.6694810390472412,-6.517385482788086,-11.350358009338379,-9.688228607177734,-9.1853240331014
171,0.13876022398471832,-13.528904914855957,-13.989959716796875,-13.924164772033691,-13.814343134562174
172,0.747073769569397,-8.47940731048584,-6.761493682861328,-9.020179748535156,-8.087026913960775
173,0.5927746295928955,-11.168967247009277,-8.504040718078613,-8.471484184265137,-9.381497383117676
174,0.5984078645706177,-13.828341484069824,-8.698461532592773,-10.704590797424316,-11.077131271362305
175,0.5720078945159912,-8.47525405883789,-7.442465305328369,-11.261553764343262,-9.059757709503174
176,0.6193504929542542,-8.870715141296387,-9.713140487670898,-9.006739616394043,-9.19686508178711
177,0.5827094912528992,-10.94589900970459,-11.07985782623291,-11.982901573181152,-11.336219469706217
178,0.7282330989837646,-11.714354515075684,-13.589271545410156,-11.164862632751465,-12.156162897745768
179,0.5761750936508179,-7.474644660949707,-6.339515686035156,-5.737821578979492,-6.517327308654785
180,0.5035941004753113,-7.643858909606934,-7.258235454559326,-10.996267318725586,-8.632787227630615
181,0.666698694229126,-9.4041109085083,-8.138505935668945,-9.742844581604004,-9.09515380859375
182,0.6386131644248962,-5.652803897857666,-14.512679100036621,-7.4430108070373535,-9.202831268310547
183,0.6007735133171082,-8.474686622619629,-6.4114203453063965,-9.55674934387207,-8.147618770599365
184,0.72130286693573,-11.564126014709473,-8.801711082458496,-10.865462303161621,-10.410433133443197
185,0.44127920269966125,-13.029415130615234,-10.421184539794922,-7.322468280792236,-10.257689317067465
186,0.6546390652656555,-7.773151874542236,-9.375813484191895,-9.824721336364746,-8.991228898366293
187,0.6098276376724243,-7.441497325897217,-6.913088321685791,-10.606612205505371,-8.320399284362793
188,0.47507402300834656,-8.219277381896973,-12.6300048828125,-7.420883655548096,-9.423388640085856
189,0.19031108915805817,-6.924131870269775,-8.380406379699707,-10.410104751586914,-8.571547667185465
190,0.30137911438941956,-9.821640014648438,-7.312341213226318,-9.230110168457031,-8.78803046544393
191,0.4338112771511078,-8.421428680419922,-5.304928302764893,-8.553512573242188,-7.426623185475667
192,0.2834412157535553,-13.757391929626465,-11.491679191589355,-16.03953742980957,-13.762869517008463
193,0.24807076156139374,-10.542576789855957,-12.268523216247559,-10.756378173828125,-11.189159393310547
194,0.4474542737007141,-11.160204887390137,-11.604819297790527,-10.105119705200195,-10.956714630126953
195,0.5615801215171814,-4.929989814758301,-7.5963358879089355,-6.550488471984863,-6.358938058217366
196,0.5615993738174438,-9.251808166503906,-6.987003803253174,-10.510030746459961,-8.91628090540568
197,0.4128314256668091,-12.037030220031738,-9.763954162597656,-11.249786376953125,-11.016923586527506
198,0.6568548679351807,-8.95102310180664,-6.831521034240723,-11.919774055480957,-9.234106063842773
199,0.5497781038284302,-12.551980972290039,-13.7821626663208,-8.36059856414795,-11.564914067586264
200,0.528228223323822,-10.42041015625,-9.650556564331055,-7.756978988647461,-9.275981903076172
201,0.19172906875610352,-12.081945419311523,-11.188215255737305,-11.655402183532715,-11.641854286193848
202,0.24892160296440125,-13.278295516967773,-10.241792678833008,-9.979618072509766,-11.166568756103516
203,0.27090907096862793,-13.823197364807129,-13.630000114440918,-14.776442527770996,-14.076546669006348
204,0.6494048833847046,-13.135041236877441,-12.454449653625488,-7.749073028564453,-11.112854639689127
205,0.5790038108825684,-10.038008689880371,-7.250560760498047,-8.889764785766602,-8.72611141204834
206,0.5546407699584961,-8.780640602111816,-11.403982162475586,-12.051763534545898,-10.7454620997111
207,0.5674282908439636,-9.007262229919434,-13.376885414123535,-12.176197052001953,-11.52011489868164
208,0.7411235570907593,-11.1283597946167,-8.328267097473145,-12.31184196472168,-10.589489618937174
209,0.7601097226142883,-7.348219871520996,-6.810082912445068,-8.601263999938965,-7.586522261301677
210,0.5177918672561646,-9.870942115783691,-8.201945304870605,-11.890363693237305,-9.987750371297201
211,0.393888920545578,-9.051541328430176,-11.161675453186035,-12.057559967041016,-10.756925582885742
212,0.7032148838043213,-8.171648979187012,-7.442423343658447,-11.82923698425293,-9.147769769032797
213,0.6943296790122986,-5.400240421295166,-7.560937881469727,-8.643209457397461,-7.201462586720784
214,0.31648850440979004,-12.1251859664917,-11.516092300415039,-12.791695594787598,-12.14432462056478
215,0.6986740827560425,-9.747482299804688,-8.259533882141113,-12.530099868774414,-10.179038683573404
216,0.7033159732818604,-6.559337615966797,-7.7215070724487305,-10.114689826965332,-8.131844838460287
217,0.32764530181884766,-9.885554313659668,-9.806487083435059,-11.543267250061035,-10.41176954905192
218,0.6400723457336426,-13.177027702331543,-13.602070808410645,-8.48995304107666,-11.75635051727295
219,0.716031551361084,-5.626168727874756,-7.103797435760498,-10.984766006469727,-7.904910723368327
220,0.658794105052948,-9.149473190307617,-10.651989936828613,-8.236581802368164,-9.346014976501465
221,0.5444003343582153,-11.230947494506836,-9.85421085357666,-11.911395072937012,-10.99885114034017
222,0.742972195148468,-8.562494277954102,-8.065694808959961,-7.587343692779541,-8.071844259897867
223,0.6311971545219421,-7.813590049743652,-8.93225383758545,-7.5312323570251465,-8.092358748118082
224,0.6443817615509033,-9.679447174072266,-12.011500358581543,-9.598003387451172,-10.42965030670166
225,0.6669190526008606,-5.28062105178833,-8.920329093933105,-12.411351203918457,-8.87076711654663
226,0.7899320125579834,-8.148168563842773,-8.097171783447266,-11.048612594604492,-9.097984313964844
227,0.5460641384124756,-13.589653015136719,-11.146956443786621,-12.131940841674805,-12.289516766866049
228,0.6548488140106201,-8.033197402954102,-9.789070129394531,-12.298999786376953,-10.040422439575195
229,0.760815441608429,-7.692831993103027,-7.177296161651611,-8.14695930480957,-7.672362486521403
230,0.6562541127204895,-11.767480850219727,-8.651573181152344,-9.635225296020508,-10.01809310913086
231,0.578848659992218,-10.046270370483398,-4.823825836181641,-8.901409149169922,-7.923835118611653
232,0.7624041438102722,-7.913853168487549,-8.677875518798828,-11.441337585449219,-9.3443554242452
233,0.6335165500640869,-9.20256519317627,-7.337281703948975,-11.052396774291992,-9.197414557139078
234,0.28309202194213867,-9.449514389038086,-9.335168838500977,-11.961498260498047,-10.248727162679037
235,0.6679691076278687,-8.81855297088623,-7.959083557128906,-11.212050437927246,-9.329895655314127
236,0.6221292614936829,-7.3684186935424805,-9.965348243713379,-11.383807182312012,-9.572524706522623
237,0.6647568345069885,-9.342575073242188,-10.320697784423828,-8.04381275177002,-9.235695203145346
238,0.4547814726829529,-12.395236015319824,-9.219365119934082,-11.875151634216309,-11.163250923156738
239,0.7000882029533386,-14.345499038696289,-8.967472076416016,-10.671211242675781,-11.328060785929361
240,0.5996826887130737,-13.657423973083496,-13.082613945007324,-11.915504455566406,-12.885180791219076
241,0.8458292484283447,-8.708391189575195,-7.094951629638672,-11.036808013916016,-8.946716944376627
242,0.6928394436836243,-6.740264892578125,-8.322669982910156,-12.102608680725098,-9.055181185404459
243,0.7066605687141418,-9.055943489074707,-9.85466194152832,-10.678035736083984,-9.86288038889567
244,0.6854462623596191,-5.365915298461914,-4.004000186920166,-8.774490356445312,-6.048135280609131
245,0.55748051404953,-7.736071586608887,-8.118698120117188,-9.368144989013672,-8.407638231913248
246,0.665968120098114,-9.853860855102539,-7.732698917388916,-8.094194412231445,-8.560251394907633
247,0.5676339268684387,-10.06607437133789,-8.707500457763672,-12.445029258728027,-10.406201362609863
248,0.7084349393844604,-7.959909915924072,-9.024664878845215,-8.18922233581543,-8.391265710194906
249,0.6831738352775574,-12.7765474319458,-11.481239318847656,-9.923467636108398,-11.393751462300619
250,0.6895190477371216,-7.510031223297119,-5.243592262268066,-10.545866012573242,-7.766496499379476
251,0.655896782875061,-8.795886039733887,-10.465194702148438,-11.679035186767578,-10.313371976216635
252,0.6748629212379456,-5.223499298095703,-5.877108097076416,-9.97773265838623,-7.026113351186116
253,0.6162862777709961,-8.77189826965332,-6.9548163414001465,-4.506632328033447,-6.744448979695638
254,0.6493965983390808,-8.357280731201172,-10.815396308898926,-10.389448165893555,-9.854041735331217
255,0.29219457507133484,-11.516231536865234,-8.763012886047363,-11.26511287689209,-10.514785766601562
256,0.17923462390899658,-10.23139762878418,-12.324041366577148,-13.58449649810791,-12.046645164489746
257,0.49584075808525085,-11.727296829223633,-8.785131454467773,-9.967550277709961,-10.159992853800455
258,0.5796648859977722,-8.691625595092773,-10.303434371948242,-9.236394882202148,-9.41048494974772
259,0.2546849250793457,-11.086896896362305,-7.967043876647949,-13.205696105957031,-10.753212292989096
260,0.3287011682987213,-10.063508033752441,-9.758910179138184,-10.46226978302002,-10.094895998636881
261,0.20494750142097473,-10.213912963867188,-13.839005470275879,-14.423050880432129,-12.825323104858398
262,0.5021544098854065,-13.144265174865723,-15.23898983001709,-11.76431941986084,-13.382524808247885
263,0.26141059398651123,-8.555831909179688,-8.630043983459473,-10.256329536437988,-9.147401809692383
264,0.25532349944114685,-12.871606826782227,-14.177189826965332,-10.412418365478516,-12.487071673075357
265,0.6967401504516602,-15.48655891418457,-11.41917610168457,-9.917654991149902,-12.274463335673014
266,0.6911037564277649,-7.553396224975586,-9.352837562561035,-9.435790061950684,-8.780674616495768
267,0.6307580471038818,-10.173532485961914,-13.347024917602539,-4.041897296905518,-9.187484900156656
268,0.6350103616714478,-10.079717636108398,-10.063641548156738,-10.623506546020508,-10.255621910095215
269,0.502740204334259,-9.687384605407715,-13.030964851379395,-13.931267738342285,-12.216539065043131
270,0.7552250623703003,-7.544753074645996,-6.85690975189209,-8.541824340820312,-7.647829055786133
271,0.6444318294525146,-8.090447425842285,-10.623893737792969,-11.36292552947998,-10.025755564371744
272,0.40919065475463867,-6.874700546264648,-6.181471347808838,-9.094029426574707,-7.3834004402160645
273,0.43518513441085815,-13.639487266540527,-10.09532356262207,-8.658418655395508,-10.797743161519369
274,0.532544732093811,-14.620306968688965,-12.275978088378906,-10.284870147705078,-12.393718401590982
275,0.5740596652030945,-8.077471733093262,-8.80642318725586,-9.510872840881348,-8.798255920410156
276,0.7070783376693726,-11.394049644470215,-9.715795516967773,-12.322279930114746,-11.144041697184244
277,0.6557480096817017,-11.076529502868652,-9.137552261352539,-13.421998023986816,-11.212026596069336
278,0.5586401224136353,-6.041062355041504,-8.494827270507812,-10.23715877532959,-8.257682800292969
279,0.6321727633476257,-8.379558563232422,-8.175162315368652,-10.024628639221191,-8.859783172607422
280,0.3290156424045563,-13.189419746398926,-12.96750545501709,-8.831457138061523,-11.66279411315918
281,0.7355846166610718,-9.140460968017578,-7.411746501922607,-13.40129280090332,-9.984500090281168
282,0.6619533896446228,-9.109278678894043,-8.836057662963867,-10.76772689819336,-9.57102108001709
283,0.35119321942329407,-4.936750888824463,-12.860705375671387,-10.720057487487793,-9.50583791732788
284,0.3143341541290283,-13.043155670166016,-10.249165534973145,-11.749412536621094,-11.680577913920084
285,0.300385981798172,-13.15731430053711,-10.93075942993164,-13.594382286071777,-12.560818672180176
286,0.40022197365760803,-12.001886367797852,-9.5250244140625,-7.869435787200928,-9.798782189687094
287,0.46384790539741516,-13.450628280639648,-12.195816040039062,-10.202071189880371,-11.949505170186361
288,0.618800163269043,-9.49579906463623,-6.714239597320557,-9.931344985961914,-8.713794549306234
289,0.7001158595085144,-6.477047920227051,-8.033523559570312,-11.092918395996094,-8.534496625264486
290,0.421261191368103,-12.367734909057617,-8.296229362487793,-10.39262580871582,-10.35219669342041
291,0.2821582853794098,-10.86694049835205,-12.05961799621582,-12.68475341796875,-11.870437304178873
292,0.330892950296402,-14.19369125366211,-12.42022705078125,-13.95836067199707,-13.52409299214681
293,0.2694534361362457,-15.508143424987793,-10.946471214294434,-15.746299743652344,-14.06697146097819
294,0.19810764491558075,-6.0381269454956055,-6.401407241821289,-7.76840353012085,-6.735979239145915
295,0.2646346688270569,-9.202625274658203,-8.881223678588867,-8.381510734558105,-8.821786562601725
296,0.669914722442627,-6.17058801651001,-8.394011497497559,-8.150440216064453,-7.571679910024007
297,0.6200259923934937,-7.4356513023376465,-7.4997124671936035,-10.314164161682129,-8.416509310404459
298,0.4923758804798126,-11.558182716369629,-11.63904094696045,-12.251424789428711,-11.816216150919596
299,0.6007296442985535,-13.527695655822754,-9.818754196166992,-10.541707038879395,-11.29605229695638
300,0.6257246732711792,-4.815364360809326,-3.0160558223724365,-11.152374267578125,-6.327931483586629
301,0.5846422910690308,-7.246527671813965,-6.529032230377197,-11.538666725158691,-8.438075542449951
302,0.5292800664901733,-9.572030067443848,-5.279082775115967,-9.340386390686035,-8.063833077748617
303,0.6298492550849915,-8.904435157775879,-10.467901229858398,-11.748016357421875,-10.373450915018717
304,0.6912968754768372,-8.328788757324219,-7.1050639152526855,-9.973159790039062,-8.469004154205322
305,0.7699222564697266,-8.467462539672852,-7.685420513153076,-10.233430862426758,-8.795437971750895
306,0.5780792832374573,-7.237475395202637,-6.469318866729736,-7.436153411865234,-7.047649224599202
307,0.6191233992576599,-6.168680191040039,-6.653254508972168,-8.937621116638184,-7.253185272216797
308,0.6627503037452698,-9.010894775390625,-8.48711109161377,-10.037035942077637,-9.17834726969401
309,0.6682711839675903,-7.655653476715088,-8.820771217346191,-9.808171272277832,-8.761531988779703
310,0.7585819959640503,-8.191397666931152,-9.69062328338623,-12.268893241882324,-10.050304730733236
311,0.6786116361618042,-8.124053001403809,-9.407875061035156,-11.728516578674316,-9.75348154703776
312,0.5897743105888367,-9.74862003326416,-7.779714107513428,-8.160737991333008,-8.563024044036865
313,0.6881935000419617,-6.741455554962158,-5.005216598510742,-9.717386245727539,-7.1546861330668134
314,0.5618460178375244,-8.29220962524414,-7.877826690673828,-10.780255317687988,-8.983430544535318
315,0.5626851320266724,-9.099291801452637,-6.148016452789307,-9.50262451171875,-8.249977588653564
316,0.638298749923706,-5.821236610412598,-5.705622673034668,-7.356387138366699,-6.294415473937988
317,0.4741683900356293,-7.602998733520508,-10.054492950439453,-12.317336082458496,-9.991609255472818
318,0.7007735371589661,-10.060546875,-8.089777946472168,-11.923611640930176,-10.024645487467447
319,0.6662395000457764,-7.43525505065918,-8.194636344909668,-11.365031242370605,-8.998307545979818
320,0.7701874375343323,-8.340417861938477,-7.357008934020996,-10.490440368652344,-8.729289054870605
321,0.6673903465270996,-4.5976715087890625,-8.444714546203613,-10.533876419067383,-7.8587541580200195
322,0.6655216813087463,-8.981793403625488,-9.530104637145996,-8.805977821350098,-9.105958620707193
323,0.6193225979804993,-11.888548851013184,-9.121931076049805,-11.935131072998047,-10.981870333353678
324,0.5951291918754578,-8.316211700439453,-7.979738712310791,-9.288016319274902,-8.527988910675049
325,0.6673710942268372,-8.309100151062012,-6.483351707458496,-10.045355796813965,-8.279269218444824
326,0.7299095988273621,-8.6560697555542,-4.861987590789795,-5.72429084777832,-6.4141160647074384
327,0.8013863563537598,-6.192216396331787,-8.690459251403809,-8.784401893615723,-7.889025847117106
328,0.7491845488548279,-9.415750503540039,-9.20214557647705,-10.997258186340332,-9.871718088785807
329,0.5509132742881775,-8.81152629852295,-7.408790588378906,-12.295385360717773,-9.505234082539877
330,0.7630956768989563,-7.114364147186279,-9.887478828430176,-10.036182403564453,-9.012675126393637
331,0.7951886653900146,-6.407264709472656,-5.892181396484375,-9.10683536529541,-7.135427157084147
332,0.6387535929679871,-9.206009864807129,-9.350448608398438,-9.862293243408203,-9.472917238871256
333,0.6620510220527649,-9.499029159545898,-7.048252582550049,-7.147650241851807,-7.898310661315918
334,0.844002902507782,-7.676626205444336,-9.957353591918945,-10.127601623535156,-9.253860473632812
335,0.7505484223365784,-8.349671363830566,-8.119373321533203,-11.448709487915039,-9.305918057759603
336,0.6662226319313049,-4.365243434906006,-4.361319541931152,-7.737910747528076,-5.488157908121745
337,0.7289057374000549,-9.84150505065918,-8.791240692138672,-10.31986141204834,-9.650869051615397
338,0.779345691204071,-7.293720722198486,-7.915713310241699,-10.249322891235352,-8.486252307891846
339,0.678739070892334,-8.717976570129395,-9.865808486938477,-12.250510215759277,-10.278098424275717
340,0.5778321027755737,-7.807452201843262,-8.509751319885254,-10.297674179077148,-8.871625900268555
341,0.684253990650177,-10.905683517456055,-9.250387191772461,-13.256669998168945,-11.137580235799154
342,0.6703994274139404,-9.18881893157959,-9.685787200927734,-11.33005428314209,-10.068220138549805
343,0.7419949173927307,-8.53785514831543,-6.28578519821167,-7.8408308029174805,-7.554823716481526
344,0.6076326370239258,-7.434665203094482,-6.515576362609863,-11.937349319458008,-8.629196961720785
345,0.7717074155807495,-4.959152698516846,-4.650049209594727,-8.751267433166504,-6.120156447092692
346,0.6335059404373169,-5.384340286254883,-5.3595476150512695,-8.478341102600098,-6.40740966796875
347,0.642783522605896,-7.564095973968506,-4.774816036224365,-12.552684783935547,-8.297198931376139
348,0.563076376914978,-5.6326093673706055,-5.944879531860352,-8.317229270935059,-6.631572723388672
349,0.5385769009590149,-8.741227149963379,-7.160615921020508,-11.675742149353027,-9.19252840677897
350,0.6724539995193481,-11.848978996276855,-7.6604132652282715,-9.614310264587402,-9.707900842030844
351,0.8116632103919983,-7.513360500335693,-6.510898590087891,-8.53504467010498,-7.5197679201761884
352,0.7303196787834167,-6.050322532653809,-6.596357822418213,-7.403049468994141,-6.683243274688721
353,0.7425117492675781,-10.205065727233887,-5.5150580406188965,-8.033588409423828,-7.917904059092204
354,0.4105781018733978,-12.046148300170898,-9.56560230255127,-11.718542098999023,-11.110097567240397
355,0.6834759712219238,-9.1878662109375,-7.554172515869141,-9.428423881530762,-8.723487536112467
356,0.3939666748046875,-8.643437385559082,-9.649628639221191,-9.036932945251465,-9.109999656677246
357,0.5624175071716309,-6.656912326812744,-6.7198686599731445,-5.780887126922607,-6.385889371236165
358,0.32740241289138794,-11.121192932128906,-9.014575004577637,-9.064537048339844,-9.733434995015463
359,0.38261678814888,-9.354097366333008,-16.048810958862305,-11.766077995300293,-12.389662106831869
360,0.2657770812511444,-10.958476066589355,-11.498343467712402,-10.180541038513184,-10.879120190938314
361,0.231892928481102,-13.224334716796875,-9.693440437316895,-11.056557655334473,-11.324777603149414
362,0.2784980535507202,-13.07036018371582,-16.58495330810547,-16.423858642578125,-15.359724044799805
363,0.64928138256073,-13.697416305541992,-10.377679824829102,-11.188281059265137,-11.754459063212076
364,0.2942354679107666,-10.21237850189209,-8.895683288574219,-12.25134563446045,-10.45313580830892
365,0.5894332528114319,-11.380910873413086,-11.3519868850708,-10.120927810668945,-10.951275189717611
366,0.6081333160400391,-11.870128631591797,-10.495393753051758,-10.644221305847168,-11.00324789683024
367,0.6055609583854675,-9.871596336364746,-7.223582744598389,-10.91540241241455,-9.336860497792562
368,0.39157789945602417,-4.84071159362793,-5.986721992492676,-4.912733554840088,-5.246722380320231
369,0.5745681524276733,-8.485748291015625,-7.234456539154053,-11.462151527404785,-9.06078545252482
370,0.5446630716323853,-11.331530570983887,-10.082045555114746,-5.295923709869385,-8.90316661198934
371,0.49987295269966125,-14.532341003417969,-11.417301177978516,-10.460590362548828,-12.136744181315104
372,0.7081426382064819,-8.11674976348877,-7.522439479827881,-11.858749389648438,-9.165979544321695
373,0.42898544669151306,-13.240872383117676,-12.879975318908691,-7.805968761444092,-11.30893882115682
374,0.7252516150474548,-10.26956844329834,-6.55657434463501,-10.496910095214844,-9.10768429438273
375,0.4621545970439911,-12.45390796661377,-13.212862968444824,-12.539762496948242,-12.73551114400228
376,0.3963412642478943,-14.302092552185059,-7.90549373626709,-7.7726054191589355,-9.993397235870361
377,0.5625303983688354,-5.868374824523926,-5.4391679763793945,-9.153985023498535,-6.820509274800618
378,0.7954829335212708,-10.155183792114258,-11.0130033493042,-9.16120433807373,-10.109797159830729
379,0.5765388607978821,-9.971406936645508,-11.525924682617188,-11.176905632019043,-10.891412417093912
380,0.7365624308586121,-8.482340812683105,-10.844484329223633,-10.694587707519531,-10.007137616475424
381,0.5111257433891296,-7.418091773986816,-9.289532661437988,-7.858826637268066,-8.188817024230957
382,0.5824244618415833,-7.933612823486328,-7.062224864959717,-9.12328052520752,-8.039706071217855
383,0.3389909267425537,-10.092392921447754,-11.43575668334961,-11.354852676391602,-10.961000760396322
384,0.2649569511413574,-9.678592681884766,-10.182962417602539,-13.693501472473145,-11.18501885732015
385,0.8315712213516235,-9.020435333251953,-7.3512654304504395,-8.204167366027832,-8.191956043243408
386,0.36577731370925903,-9.528822898864746,-9.012625694274902,-10.984803199768066,-9.842083930969238
387,0.20617975294589996,-13.52130126953125,-12.469096183776855,-11.91533374786377,-12.635243733723959
388,0.19403409957885742,-10.806356430053711,-13.783673286437988,-11.765397071838379,-12.118475596110025
389,0.39024433493614197,-11.191572189331055,-11.228286743164062,-10.338343620300293,-10.919400850931803
390,0.15794247388839722,-10.6439790725708,-10.65697193145752,-14.663888931274414,-11.988279978434244
391,0.599539577960968,-9.768192291259766,-8.300253868103027,-13.123706817626953,-10.397384325663248
392,0.576152503490448,-10.753302574157715,-8.870361328125,-9.826075553894043,-9.816579818725586
393,0.22911375761032104,-12.704874992370605,-15.106486320495605,-11.186039924621582,-12.999133745829264
394,0.24959585070610046,-11.140565872192383,-11.416475296020508,-10.2356538772583,-10.930898348490397
395,0.26395338773727417,-11.69230842590332,-7.3538994789123535,-11.806684494018555,-10.284297466278076
396,0.6718631386756897,-9.31979751586914,-7.665183067321777,-9.722891807556152,-8.902624130249023
397,0.4897107481956482,-10.948932647705078,-12.42404842376709,-11.118173599243164,-11.497051556905111
398,0.2581014633178711,-11.632543563842773,-10.191061973571777,-12.004258155822754,-11.275954564412435
399,0.6019284725189209,-10.457106590270996,-7.3785200119018555,-10.806910514831543,-9.547512372334799
400,0.49088579416275024,-12.902655601501465,-11.218548774719238,-10.641575813293457,-11.58759339650472
401,0.7712132334709167,-8.545705795288086,-7.565189361572266,-7.533701419830322,-7.881532192230225
402,0.23298877477645874,-13.625465393066406,-8.911145210266113,-9.408951759338379,-10.648520787556967
403,0.4179248809814453,-11.929749488830566,-12.85055160522461,-13.014622688293457,-12.598307927449545
404,0.6187607049942017,-7.005260944366455,-7.504804611206055,-2.935692310333252,-5.815252621968587
405,0.6424752473831177,-7.427194118499756,-7.337255001068115,-4.233578681945801,-6.332675933837891
406,0.5492487549781799,-7.543209075927734,-8.774797439575195,-4.152007579803467,-6.823338031768799
407,0.4267413318157196,-4.108340263366699,-8.094115257263184,-4.43091344833374,-5.544456322987874
408,0.47782206535339355,-6.168807029724121,-8.725460052490234,-8.187189102172852,-7.693818728129069
409,0.532172679901123,-9.169617652893066,-8.70186996459961,-8.540973663330078,-8.804153760274252
410,0.480307936668396,-5.927943706512451,-9.22495174407959,-8.776444435119629,-7.976446628570557
411,0.3467950224876404,-6.264457702636719,-4.721953392028809,-4.462475776672363,-5.14962895711263
412,0.41255688667297363,-9.382479667663574,-9.41466999053955,-4.983993053436279,-7.927047570546468
413,0.587523341178894,-6.915438175201416,-7.401712894439697,-5.8981032371521,-6.738418102264404
414,0.5574474930763245,-7.702282428741455,-14.000263214111328,-6.36116361618042,-9.354569753011068
415,0.5806280970573425,-7.793402194976807,-9.62044620513916,-7.693487644195557,-8.369112014770508
416,0.32211917638778687,-8.368374824523926,-7.242136478424072,-6.724168300628662,-7.44489320119222
417,0.5657172203063965,-9.131394386291504,-9.792338371276855,-7.3397603034973145,-8.75449768702189
418,0.5045166611671448,-3.3538172245025635,-7.18467378616333,-4.408663272857666,-4.98238476117452
419,0.3222297430038452,-6.983421802520752,-11.46118450164795,-7.258520603179932,-8.567708969116211
420,0.4926047623157501,-4.877525329589844,-10.022260665893555,-6.436922073364258,-7.112236022949219
421,0.386292964220047,-8.782231330871582,-7.515510559082031,-5.583224296569824,-7.2936553955078125
422,0.5229591131210327,-8.214699745178223,-8.911657333374023,-6.276702404022217,-7.801019827524821
423,0.47708311676979065,-7.101616382598877,-7.953744888305664,-3.8828887939453125,-6.312750021616618
424,0.5775616765022278,-4.22346830368042,-8.240721702575684,-5.4734272956848145,-5.97920576731364
425,0.5068814158439636,-5.329413414001465,-4.339371681213379,-5.848740100860596,-5.1725083986918134
426,0.5054044127464294,-10.16388988494873,-11.03525447845459,-7.164493560791016,-9.454545974731445
427,0.5699042677879333,-5.107947826385498,-6.7368388175964355,-4.463298320770264,-5.4360283215840655
428,0.4328612983226776,-9.577890396118164,-8.472260475158691,-8.035664558410645,-8.695271809895834
429,0.44886335730552673,-10.314552307128906,-10.862776756286621,-5.648134231567383,-8.941821098327637
430,0.7178202271461487,-8.290260314941406,-9.143508911132812,-5.425816535949707,-7.619861920674642
431,0.5497514605522156,-6.192704677581787,-8.695220947265625,-6.333232879638672,-7.073719501495361
432,0.4535715579986572,-9.118217468261719,-11.121074676513672,-6.298135757446289,-8.84580930074056
433,0.4946901202201843,-6.7812275886535645,-5.9079909324646,-6.74611759185791,-6.478445370992024
434,0.7464011907577515,-4.252933502197266,-7.822964668273926,-2.1513819694519043,-4.742426713307698
435,0.6654614210128784,-5.650343894958496,-11.645380973815918,-3.940951108932495,-7.07889199256897
436,0.5718328356742859,-9.857526779174805,-10.708645820617676,-7.941944599151611,-9.502705732981363
437,0.6277315616607666,-9.323866844177246,-8.378262519836426,-5.623510360717773,-7.775213241577148
438,0.3564583659172058,-6.1370086669921875,-8.190361976623535,-6.113327503204346,-6.8135660489400225
439,0.43435177206993103,-13.088608741760254,-9.904498100280762,-8.857335090637207,-10.616813977559408
440,0.5048083662986755,-7.460864543914795,-12.42790412902832,-11.1376314163208,-10.342133363087973
441,0.3534829914569855,-11.003641128540039,-11.811145782470703,-10.909963607788086,-11.241583506266275
442,0.4816476106643677,-5.105288982391357,-7.070749282836914,-6.4426164627075195,-6.206218242645264
443,0.4894542694091797,-6.495161533355713,-9.933990478515625,-6.8984694480896,-7.7758738199869795
444,0.4406851828098297,-7.558846473693848,-9.540870666503906,-7.147508144378662,-8.082408428192139
445,0.3764033913612366,-8.59799575805664,-8.009536743164062,-8.773703575134277,-8.46041202545166
446,0.249952033162117,-10.479323387145996,-9.536803245544434,-8.400888442993164,-9.472338358561197
447,0.4538726210594177,-5.888972759246826,-8.60271167755127,-4.814759731292725,-6.4354813893636065
448,0.6669616103172302,-6.2820940017700195,-6.949544906616211,-4.64274787902832,-5.958128929138184
449,0.6501622796058655,-6.214325904846191,-6.746514797210693,-4.069862365722656,-5.676901022593181
450,0.4467988908290863,-7.351841926574707,-12.123313903808594,-6.429996013641357,-8.635050614674887
451,0.5976418852806091,-2.9831137657165527,-8.212907791137695,-4.245944976806641,-5.147322177886963
452,0.4421702027320862,-4.5343017578125,-7.770900726318359,-6.029271602630615,-6.111491362253825
453,0.43255794048309326,-7.837597370147705,-6.392394065856934,-4.195833206176758,-6.141941547393799
454,0.5998470783233643,-7.240859508514404,-9.14024543762207,-5.2086405754089355,-7.196581840515137
455,0.5798342227935791,-4.222988128662109,-6.548834800720215,-7.936260223388672,-6.236027717590332
456,0.46827232837677,-9.38121223449707,-9.75550651550293,-7.015810489654541,-8.717509746551514
457,0.2804184556007385,-8.542328834533691,-11.999288558959961,-8.915157318115234,-9.818924903869629
458,0.45709723234176636,-5.364386081695557,-8.015376091003418,-9.528042793273926,-7.635934988657634
459,0.3766898810863495,-5.0833001136779785,-9.267410278320312,-7.871880531311035,-7.407530307769775
460,0.370065301656723,-14.1345853805542,-14.715570449829102,-8.843801498413086,-12.564652442932129
461,0.5015296936035156,-7.83196496963501,-11.061984062194824,-5.694725036621094,-8.196224689483643
462,0.400434285402298,-8.958251953125,-7.438738822937012,-4.111845970153809,-6.836278915405273
463,0.4704844653606415,-7.109915733337402,-9.640138626098633,-4.025180339813232,-6.925078233083089
464,0.637001633644104,-6.762042045593262,-11.633723258972168,-5.68849515914917,-8.0280868212382
465,0.3812067210674286,-12.622380256652832,-13.659566879272461,-13.536225318908691,-13.272724151611328
466,0.2892952561378479,-15.667854309082031,-15.983298301696777,-12.9865083694458,-14.879220326741537
467,0.4311729669570923,-10.780431747436523,-9.213298797607422,-11.20679759979248,-10.400176048278809
468,0.5247819423675537,-7.700954437255859,-12.349727630615234,-6.979743957519531,-9.010142008463541
469,0.58246910572052,-6.53578519821167,-10.703022003173828,-8.95610237121582,-8.73163652420044
470,0.5270001888275146,-6.336617469787598,-8.419824600219727,-3.8093554973602295,-6.188599189122518
471,0.5003310441970825,-7.031567573547363,-10.451090812683105,-6.2852935791015625,-7.922650655110677
472,0.24833084642887115,-15.047835350036621,-10.33487606048584,-10.922613143920898,-12.10177485148112
473,0.2907019257545471,-10.047159194946289,-13.283767700195312,-11.500801086425781,-11.610575993855795
474,0.22052831947803497,-10.120006561279297,-9.905524253845215,-10.786325454711914,-10.270618756612143
475,0.5461204051971436,-4.497746467590332,-9.014605522155762,-4.656223297119141,-6.056191762288411
476,0.5595235228538513,-7.521371364593506,-8.37446117401123,-6.155099391937256,-7.350310643513997
477,0.5006003975868225,-8.888333320617676,-7.916632652282715,-5.798609733581543,-7.534525235493978
478,0.28343087434768677,-14.805509567260742,-12.813509941101074,-12.233261108398438,-13.284093538920084
479,0.3205796182155609,-11.215475082397461,-12.908623695373535,-9.105817794799805,-11.0766388575236
480,0.4566372036933899,-6.907594203948975,-9.510893821716309,-6.880880832672119,-7.766456286112468
481,0.6040610671043396,-9.01669979095459,-8.577620506286621,-8.67430305480957,-8.756207784016928
482,0.17464706301689148,-10.128552436828613,-10.793598175048828,-6.849958419799805,-9.257369677225748
483,0.48576080799102783,-5.651825428009033,-6.279790878295898,-4.066872596740723,-5.332829634348552
484,0.25941258668899536,-5.592469215393066,-8.484764099121094,-7.061801910400391,-7.046345074971517
485,0.6016136407852173,-7.137579917907715,-8.01988410949707,-7.4008708000183105,-7.519444942474365
486,0.35826656222343445,-6.087804794311523,-9.771371841430664,-4.509195804595947,-6.789457480112712
487,0.39490044116973877,-11.88393497467041,-16.599336624145508,-9.420583724975586,-12.634618441263834
488,0.530873715877533,-7.136244773864746,-6.502504348754883,-5.056311130523682,-6.2316867510477705
489,0.3254193961620331,-9.651958465576172,-14.48157787322998,-10.143190383911133,-11.425575574239096
490,0.38023412227630615,-5.83481502532959,-8.688981056213379,-6.727293491363525,-7.083696524302165
491,0.5916626453399658,-5.712643146514893,-8.955901145935059,-4.359825134277344,-6.342789808909099
492,0.36525020003318787,-12.84675407409668,-12.327727317810059,-9.24523639678955,-11.473239262898764
493,0.38254669308662415,-11.18801498413086,-10.959480285644531,-9.654199600219727,-10.600564956665039
494,0.5666520595550537,-6.213506698608398,-8.59134578704834,-4.0650153160095215,-6.289955933888753
495,0.3460220396518707,-9.219635009765625,-7.679633617401123,-7.001407623291016,-7.966892083485921
496,0.2809663414955139,-5.727319717407227,-10.685510635375977,-10.321288108825684,-8.911372820536295
497,0.3221047818660736,-14.480047225952148,-13.385188102722168,-11.71146297454834,-13.192232767740885
498,0.6558088064193726,-6.720309257507324,-6.689559459686279,-4.052849292755127,-5.820906003316243
499,0.4706931710243225,-10.102027893066406,-10.260011672973633,-5.803597927093506,-8.721879164377848
500,0.5473014712333679,-6.5276899337768555,-7.454254627227783,-4.060396194458008,-6.014113585154216
501,0.3336661756038666,-11.968527793884277,-8.607240676879883,-7.705996513366699,-9.427254994710287
502,0.6576380729675293,-7.469460487365723,-9.240354537963867,-4.909765720367432,-7.206526915232341
503,0.4509701728820801,-9.313455581665039,-12.873148918151855,-12.783740043640137,-11.656781514485678
504,0.532806396484375,-10.709439277648926,-11.676995277404785,-7.784549713134766,-10.056994756062826
505,0.5644690990447998,-8.494335174560547,-7.702988624572754,-5.612715244293213,-7.270013014475505
506,0.4194151759147644,-8.27489948272705,-10.24321460723877,-9.874293327331543,-9.464135805765787
507,0.5496941804885864,-7.263978958129883,-11.174352645874023,-9.179195404052734,-9.20584233601888
508,0.58743816614151,-8.865715980529785,-10.070647239685059,-6.923976421356201,-8.620113213857016
509,0.6784092783927917,-7.0253520011901855,-7.560827255249023,-3.2009739875793457,-5.9290510813395185
510,0.4323190450668335,-5.835048198699951,-10.561516761779785,-8.956292152404785,-8.450952370961508
511,0.5191074013710022,-6.205231189727783,-12.541377067565918,-8.15435791015625,-8.966988722483316
512,0.49137526750564575,-7.505455493927002,-8.467927932739258,-5.644713401794434,-7.2060322761535645
513,0.6479538083076477,-6.899783134460449,-9.018366813659668,-5.7244696617126465,-7.214206536610921
514,0.44961676001548767,-5.222130298614502,-8.50019359588623,-6.542328834533691,-6.754884243011475
515,0.4797708988189697,-6.889029026031494,-9.412264823913574,-4.927331924438477,-7.076208591461182
516,0.44862061738967896,-7.722917556762695,-11.594675064086914,-10.438669204711914,-9.918753941853842
517,0.44333627820014954,-7.627683639526367,-8.84890365600586,-9.216304779052734,-8.564297358194986
518,0.4814155399799347,-7.855517387390137,-9.538069725036621,-3.386535882949829,-6.926707665125529
519,0.5684908032417297,-6.608303070068359,-9.668722152709961,-6.095439910888672,-7.457488377888997
520,0.6277756094932556,-4.042630195617676,-7.015138149261475,-7.914549350738525,-6.324105898539226
521,0.5602352023124695,-6.238405704498291,-11.909269332885742,-6.099475860595703,-8.082383632659912
522,0.5879849195480347,-6.547903537750244,-5.33786678314209,-3.8161823749542236,-5.2339842319488525
523,0.5635822415351868,-5.89546537399292,-10.72407341003418,-6.472378253936768,-7.697305679321289
524,0.432253897190094,-4.9704437255859375,-9.873237609863281,-8.00658893585205,-7.616756757100423
525,0.5016792416572571,-4.38865327835083,-5.515775203704834,-4.8419599533081055,-4.915462811787923
526,0.20692113041877747,-6.847333908081055,-9.185720443725586,-7.852406978607178,-7.9618204434712725
527,0.7163209915161133,-6.416708946228027,-6.647319793701172,-6.74210262298584,-6.602043787638347
528,0.6199700832366943,-5.174302101135254,-6.175074100494385,-4.025820255279541,-5.1250654856363935
529,0.396873414516449,-7.2455339431762695,-8.776348114013672,-5.530499458312988,-7.18412717183431
530,0.5933213233947754,-6.665349006652832,-9.590093612670898,-4.948653697967529,-7.068032105763753
531,0.44209110736846924,-7.912045955657959,-12.755682945251465,-8.564385414123535,-9.744038105010986
532,0.5495043992996216,-6.827159404754639,-8.84732723236084,-5.810099124908447,-7.161528587341309
533,0.5339159965515137,-4.774490833282471,-6.081298351287842,-7.006307601928711,-5.954032262166341
534,0.414073646068573,-7.636250019073486,-8.01551628112793,-7.439637184143066,-7.697134494781494
535,0.4854342043399811,-4.628528118133545,-8.735367774963379,-5.813387870788574,-6.392427921295166
536,0.6064366698265076,-8.036213874816895,-6.702910423278809,-5.132785797119141,-6.623970031738281
537,0.43371954560279846,-5.770257949829102,-8.08431339263916,-5.147216320037842,-6.333929220835368
538,0.5255309343338013,-3.4410195350646973,-8.3725004196167,-6.324024200439453,-6.04584805170695
539,0.597540557384491,-5.790982246398926,-10.800969123840332,-5.504940509796143,-7.365630626678467
540,0.43306154012680054,-6.419963836669922,-5.94429874420166,-4.694180011749268,-5.686147530873616
541,0.5331209301948547,-6.138006210327148,-8.672623634338379,-6.478175640106201,-7.096268494923909
542,0.5248469710350037,-7.224301815032959,-10.141728401184082,-4.553378582000732,-7.306469599405925
543,0.6020684838294983,-7.488293647766113,-9.485939025878906,-8.103631019592285,-8.359287897745768
544,0.5409879088401794,-5.625140190124512,-7.9570159912109375,-8.405011177062988,-7.3290557861328125
545,0.4565947949886322,-7.650882244110107,-9.390213012695312,-5.103823184967041,-7.38163948059082
546,0.5303682684898376,-6.7541680335998535,-9.337602615356445,-4.278440952301025,-6.790070533752441
547,0.5246757864952087,-3.0804975032806396,-7.150113105773926,-4.547418117523193,-4.92600957552592
548,0.6589391231536865,-2.882467269897461,-10.686209678649902,-2.896968364715576,-5.4885484377543134
549,0.5945624113082886,-3.4368369579315186,-6.0104756355285645,-5.5127153396606445,-4.986675977706909
550,0.5166643261909485,-4.236020565032959,-6.387147426605225,-4.782399654388428,-5.135189215342204
551,0.5815774202346802,-2.9385390281677246,-5.469958305358887,-1.2433018684387207,-3.217266400655111
552,0.4718914330005646,-7.915190696716309,-11.525175094604492,-5.081561088562012,-8.173975626627604
553,0.62099289894104,-5.300251007080078,-7.324616432189941,-3.82808780670166,-5.4843184153238935
554,0.5414607524871826,-7.640480041503906,-9.048218727111816,-9.077868461608887,-8.588855743408203
555,0.6848456263542175,-6.785221099853516,-8.440187454223633,-4.474767208099365,-6.566725254058838
556,0.5087602734565735,-5.989874362945557,-7.693212985992432,-7.626806259155273,-7.103297869364421
557,0.6132376790046692,-6.251615524291992,-8.91334056854248,-7.526010513305664,-7.563655535380046
558,0.3042319715023041,-10.988166809082031,-7.2610182762146,-9.622823715209961,-9.290669600168863
559,0.4285377562046051,-9.75986385345459,-12.089768409729004,-8.076081275939941,-9.975237846374512
560,0.6015779376029968,-6.986866474151611,-7.872402191162109,-4.857318878173828,-6.572195847829183
561,0.40516847372055054,-5.867943286895752,-7.819684982299805,-7.211779594421387,-6.9664692878723145
562,0.39173683524131775,-10.776312828063965,-10.072275161743164,-8.202447891235352,-9.68367862701416
563,0.47854048013687134,-5.752404689788818,-8.429557800292969,-5.256253719329834,-6.479405403137207
564,0.3706582486629486,-6.833094120025635,-8.118461608886719,-8.726950645446777,-7.89283545811971
565,0.38356029987335205,-8.677560806274414,-7.7346343994140625,-9.320385932922363,-8.577527046203613
566,0.36430954933166504,-12.886731147766113,-10.75583553314209,-9.072874069213867,-10.905146916707357
567,0.38184091448783875,-8.681025505065918,-10.224302291870117,-7.817717552185059,-8.907681783040365
568,0.4386949837207794,-5.548486709594727,-11.364339828491211,-3.1548285484313965,-6.689218362172444
569,0.5074356198310852,-5.496840000152588,-7.5339674949646,-6.560471534729004,-6.5304263432820635
570,0.45664307475090027,-9.265729904174805,-11.429423332214355,-4.831282138824463,-8.508811791737875
571,0.4823790192604065,-3.3416478633880615,-7.50820779800415,-5.278184413909912,-5.376013358434041
572,0.5852764248847961,-7.811230659484863,-7.997993469238281,-6.100302696228027,-7.303175608317058
573,0.5495994091033936,-8.47470474243164,-7.097652435302734,-5.564596176147461,-7.045651117960612
574,0.4175263047218323,-10.707212448120117,-12.802474975585938,-7.748951435089111,-10.419546286265055
575,0.3443123400211334,-11.43807601928711,-11.709199905395508,-7.047823429107666,-10.065033117930094
576,0.35446396470069885,-10.91389274597168,-10.410107612609863,-8.836054801940918,-10.053351720174154
577,0.40980851650238037,-6.913820743560791,-11.81435775756836,-5.533223628997803,-8.08713404337565
578,0.3654312193393707,-10.618929862976074,-10.227190971374512,-4.935187339782715,-8.593769391377768
579,0.39222952723503113,-13.252481460571289,-14.513724327087402,-12.607097625732422,-13.457767804463705
580,0.2551572322845459,-9.189510345458984,-10.829829216003418,-5.167013645172119,-8.395451068878174
581,0.20769795775413513,-12.40836238861084,-13.323431015014648,-13.098970413208008,-12.943587938944498
582,0.3420131206512451,-8.412445068359375,-10.83538818359375,-6.560598850250244,-8.602810700734457
583,0.13438062369823456,-3.297171115875244,-8.072104454040527,-1.698081374168396,-4.355785648028056
584,0.24553273618221283,-8.676119804382324,-15.632018089294434,-9.689805030822754,-11.332647641499838
585,0.4317821264266968,-9.5571928024292,-15.07879638671875,-7.310344696044922,-10.648777961730957
586,0.3783293664455414,-14.774175643920898,-11.629049301147461,-10.023149490356445,-12.142124811808268
587,0.4796832799911499,-4.885829448699951,-8.394681930541992,-4.379855155944824,-5.886788845062256
588,0.6231130957603455,-5.610996723175049,-9.582443237304688,-6.325948238372803,-7.173129399617513
589,0.24631303548812866,-12.246955871582031,-13.607162475585938,-11.402694702148438,-12.418937683105469
590,0.36626940965652466,-6.664754390716553,-8.494364738464355,-5.494433879852295,-6.884517669677734
591,0.42659440636634827,-8.874322891235352,-9.605541229248047,-7.164133071899414,-8.547999064127604
592,0.6623127460479736,-8.107032775878906,-9.960539817810059,-4.977601051330566,-7.681724548339844
593,0.419323593378067,-6.403563499450684,-10.401029586791992,-7.07268762588501,-7.9590935707092285
594,0.5267480611801147,-7.376087188720703,-8.643051147460938,-4.443483829498291,-6.820874055226644
595,0.5081613063812256,-8.011967658996582,-10.196528434753418,-6.696234226226807,-8.301576773325602
596,0.37885934114456177,-13.00997543334961,-12.491964340209961,-10.85737133026123,-12.119770367940268
597,0.46806931495666504,-9.653909683227539,-9.757161140441895,-6.679636478424072,-8.696902434031168
598,0.29913246631622314,-12.600510597229004,-17.596933364868164,-14.56275463104248,-14.920066197713217
599,0.3559655249118805,-9.343749046325684,-12.368132591247559,-9.547348976135254,-10.419743537902832
600,0.29634395241737366,-6.505232810974121,-11.295995712280273,-7.496245384216309,-8.432491302490234
601,0.6583583354949951,-5.0516862869262695,-7.055978298187256,-4.211761951446533,-5.4398088455200195
602,0.5863469839096069,-5.734425067901611,-9.109053611755371,-6.554162979125977,-7.132547219594319
603,0.6386088728904724,-10.198461532592773,-9.009127616882324,-7.32107400894165,-8.84288771947225
604,0.44025859236717224,-6.111727714538574,-10.861861228942871,-4.440435409545898,-7.138008117675781
605,0.27103105187416077,-13.325118064880371,-9.598143577575684,-10.015522956848145,-10.979594866434732
606,0.45040223002433777,-13.47664737701416,-14.973072052001953,-10.566232681274414,-13.005317370096842
607,0.5223006010055542,-7.543045997619629,-11.276201248168945,-5.994344711303711,-8.271197319030762
608,0.5333837270736694,-5.375082015991211,-9.246463775634766,-4.523869037628174,-6.381804943084717
609,0.5266066193580627,-4.438930511474609,-8.024304389953613,-4.283985137939453,-5.582406679789226
610,0.5833237171173096,-9.428445816040039,-7.60837459564209,-3.930905342102051,-6.98924191792806
611,0.571642279624939,-5.452611446380615,-6.98809289932251,-4.437911510467529,-5.626205285390218
612,0.47814247012138367,-6.036535263061523,-6.517210483551025,-3.458462953567505,-5.337402900060018
613,0.6052889823913574,-6.936862468719482,-9.00019645690918,-4.306096076965332,-6.747718334197998
614,0.5325788259506226,-6.573350429534912,-9.271327018737793,-7.221953392028809,-7.688876946767171
615,0.6007440090179443,-7.035030841827393,-11.261341094970703,-3.5890772342681885,-7.295149723688762
616,0.6336984038352966,-6.568073749542236,-6.9446516036987305,-6.345098495483398,-6.619274616241455
617,0.643470287322998,-7.392391204833984,-8.907485008239746,-5.622701168060303,-7.307525793711345
618,0.6431424021720886,-8.160640716552734,-8.766064643859863,-5.302597999572754,-7.409767786661784
619,0.32107630372047424,-6.518823623657227,-13.580519676208496,-8.444642066955566,-9.51466178894043
620,0.5269904136657715,-6.880837917327881,-12.67220401763916,-7.843634605407715,-9.132225513458252
621,0.6095850467681885,-4.839339733123779,-7.532181262969971,-4.704036235809326,-5.691852410634358
622,0.44089651107788086,-8.347128868103027,-12.12197494506836,-6.652772426605225,-9.040625413258871
623,0.6186456680297852,-7.296566486358643,-10.120706558227539,-3.8918068408966064,-7.103026628494263
624,0.5199024677276611,-10.268142700195312,-12.76555061340332,-8.03792953491211,-10.357207616170248
625,0.5236436128616333,-7.470510482788086,-7.941801071166992,-4.784143924713135,-6.732151826222737
626,0.6676544547080994,-8.058846473693848,-7.052303314208984,-7.88124418258667,-7.664131323496501
627,0.5373194813728333,-6.876406192779541,-7.7225847244262695,-5.551827430725098,-6.716939449310303
628,0.5809789299964905,-6.620574951171875,-8.535322189331055,-7.791780471801758,-7.6492258707682295
629,0.4365839660167694,-6.927611827850342,-10.23364543914795,-4.890028476715088,-7.350428581237793
630,0.5906457304954529,-9.138111114501953,-7.0572638511657715,-6.377264499664307,-7.524213155110677
631,0.5887839794158936,-6.6052937507629395,-10.942048072814941,-4.65010404586792,-7.399148623148601
632,0.37914368510246277,-10.50329875946045,-11.275751113891602,-9.002997398376465,-10.260682423909506
633,0.5764102339744568,-7.898560047149658,-7.894801616668701,-6.285382270812988,-7.359581311543782
634,0.5189316272735596,-5.574904441833496,-11.094903945922852,-10.474525451660156,-9.048111279805502
635,0.5318393707275391,-6.187506198883057,-8.783991813659668,-4.855881214141846,-6.6091264088948565
636,0.5990534424781799,-8.019903182983398,-14.214993476867676,-10.843396186828613,-11.026097615559896
637,0.43526074290275574,-4.858687877655029,-8.168428421020508,-7.014951229095459,-6.680689175923665
638,0.675987958908081,-5.093118667602539,-10.554697036743164,-6.711073398590088,-7.452963034311931
639,0.6222513914108276,-8.605974197387695,-9.160953521728516,-7.7468390464782715,-8.504588921864828
640,0.3602663278579712,-7.597946643829346,-11.006185531616211,-6.639062404632568,-8.414398193359375
641,0.5990569591522217,-7.229101181030273,-10.176340103149414,-3.596308469772339,-7.000583251317342
642,0.6225168704986572,-7.280886173248291,-6.7707200050354,-6.382401466369629,-6.8113358815511065
643,0.42618873715400696,-9.038497924804688,-9.309309005737305,-8.518674850463867,-8.955493927001953
644,0.5197331309318542,-7.532901287078857,-8.766380310058594,-7.434169292449951,-7.911150296529134
645,0.6004762649536133,-6.911235332489014,-8.656932830810547,-5.971767902374268,-7.179978688557942
646,0.4917640686035156,-9.207756042480469,-8.51293659210205,-5.383116245269775,-7.701269626617432
647,0.3700839877128601,-10.758447647094727,-10.704474449157715,-5.368896961212158,-8.943939685821533
648,0.5030230283737183,-8.045475959777832,-10.699625968933105,-6.800896644592285,-8.51533285776774
649,0.6073012351989746,-7.068649768829346,-8.431861877441406,-3.4439775943756104,-6.314829746882121
650,0.25672444701194763,-6.819708824157715,-10.802248001098633,-4.5216383934021,-7.381198406219482
651,0.3637440502643585,-8.350532531738281,-11.67303466796875,-5.579507827758789,-8.534358342488607
652,0.5560997128486633,-6.020758152008057,-10.57092571258545,-5.505037307739258,-7.365573724110921
653,0.55882328748703,-5.2822771072387695,-9.940505027770996,-6.064241886138916,-7.0956746737162275
654,0.3246048390865326,-5.300915718078613,-8.502713203430176,-5.464380741119385,-6.422669887542725
655,0.55600905418396,-7.89540958404541,-10.657320022583008,-7.809420108795166,-8.787383238474527
656,0.3500688076019287,-8.073644638061523,-11.245953559875488,-5.4233012199401855,-8.247633139292398
657,0.628256618976593,-3.6479551792144775,-9.393954277038574,-5.202701091766357,-6.081536849339803
658,0.2884804308414459,-7.254327774047852,-8.66768741607666,-5.777167320251465,-7.233060836791992
659,0.650941014289856,-9.073444366455078,-7.571346282958984,-6.26138973236084,-7.635393460591634
660,0.4331700801849365,-3.2479147911071777,-5.891374588012695,-5.060922145843506,-4.73340384165446
661,0.2007063329219818,-12.902623176574707,-14.689127922058105,-13.543623924255371,-13.71179167429606
662,0.36544495820999146,-6.349826335906982,-12.212566375732422,-6.201981544494629,-8.254791418711344
663,0.6123278141021729,-7.206240653991699,-6.1572723388671875,-6.046854496002197,-6.470122496287028
664,0.36884039640426636,-6.312870502471924,-11.960664749145508,-5.900822162628174,-8.058119138081869
665,0.45748481154441833,-6.367196559906006,-12.132999420166016,-4.980745792388916,-7.8269805908203125
666,0.5490373969078064,-9.665532112121582,-10.414576530456543,-4.796475410461426,-8.292194684346518
667,0.638576090335846,-5.789346218109131,-10.360381126403809,-7.382905960083008,-7.844211101531982
668,0.3456856608390808,-9.401589393615723,-12.073386192321777,-10.214238166809082,-10.563071250915527
669,0.29537340998649597,-7.850125789642334,-9.701666831970215,-5.966271877288818,-7.839354832967122
670,0.5617849230766296,-8.367684364318848,-10.277209281921387,-5.2399797439575195,-7.961624463399251
671,0.27749666571617126,-8.588685989379883,-10.053522109985352,-8.726326942443848,-9.122845013936361
672,0.36397069692611694,-10.869980812072754,-12.975696563720703,-10.065193176269531,-11.30362351735433
673,0.3233456611633301,-7.030825614929199,-13.049888610839844,-4.802309989929199,-8.294341405232748
674,0.5483992099761963,-10.22561264038086,-8.220556259155273,-7.829501152038574,-8.758556683858236
675,0.48921164870262146,-6.141896724700928,-11.631118774414062,-3.8867509365081787,-7.219922145207723
676,0.47011247277259827,-7.956766128540039,-10.102248191833496,-7.355174541473389,-8.471396287282309
677,0.45706209540367126,-7.4424967765808105,-8.183112144470215,-5.3630876541137695,-6.996232191721599
678,0.5715936422348022,-5.12594747543335,-7.786797046661377,-4.784107208251953,-5.898950576782227
679,0.5060412287712097,-7.029098987579346,-9.325325012207031,-9.740667343139648,-8.698363780975342
680,0.5300979018211365,-8.860136032104492,-9.266549110412598,-4.751792907714844,-7.6261593500773115
681,0.4649659991264343,-7.43059778213501,-10.66504955291748,-5.32633638381958,-7.80732790629069
682,0.535096287727356,-6.686314582824707,-10.14648723602295,-3.4857850074768066,-6.772862275441487
683,0.3895810842514038,-8.030295372009277,-11.3036527633667,-4.945432186126709,-8.093126773834229
684,0.4658593535423279,-7.144423961639404,-6.537896156311035,-5.427552700042725,-6.369957605997722
685,0.5993046760559082,-6.837677478790283,-9.820216178894043,-5.5161566734313965,-7.391350110371907
686,0.32486361265182495,-7.281664848327637,-13.204599380493164,-5.9923624992370605,-8.826208909352621
687,0.5953366756439209,-7.019619941711426,-10.775104522705078,-7.743626117706299,-8.512783527374268
688,0.23242369294166565,-16.245140075683594,-12.884278297424316,-11.280373573303223,-13.469930648803711
689,0.5036758184432983,-4.910137176513672,-8.2432222366333,-4.871192932128906,-6.00818411509196
690,0.5001451373100281,-6.733068466186523,-10.592035293579102,-5.150900363922119,-7.492001374562581
691,0.525744616985321,-6.782997131347656,-10.285863876342773,-10.631085395812988,-9.233315467834473
692,0.6809326410293579,-11.169768333435059,-9.060052871704102,-6.363728046417236,-8.864516417185465
693,0.24799899756908417,-13.730122566223145,-17.273639678955078,-14.560011863708496,-15.18792470296224
694,0.4223302900791168,-10.696479797363281,-8.834739685058594,-7.349476337432861,-8.960231939951578
695,0.6079755425453186,-8.710811614990234,-10.153796195983887,-7.628350734710693,-8.830986181894938
696,0.5253388285636902,-5.6633501052856445,-8.26898193359375,-4.481607437133789,-6.137979825337728
697,0.33731400966644287,-7.019126892089844,-11.0387601852417,-5.160638809204102,-7.739508628845215
698,0.3846144676208496,-10.534078598022461,-9.559879302978516,-8.711701393127441,-9.601886431376139
699,0.5932170152664185,-7.629038333892822,-12.048430442810059,-6.92820405960083,-8.868557612101236
700,0.6185154318809509,-7.067502498626709,-9.919445991516113,-4.927740097045898,-7.304896195729573
701,0.4285222291946411,-8.192378044128418,-9.98325252532959,-5.592028617858887,-7.922553062438965
702,0.4765636622905731,-7.110630035400391,-11.019553184509277,-6.529971599578857,-8.220051606496176
703,0.30629199743270874,-6.5427117347717285,-9.404475212097168,-6.556912422180176,-7.5013664563496905
704,0.4642948806285858,-8.32051944732666,-12.554197311401367,-8.187686920166016,-9.687467892964682
705,0.4992777407169342,-9.132400512695312,-11.265545845031738,-5.058234214782715,-8.485393524169922
706,0.42712822556495667,-7.364647388458252,-6.594076156616211,-5.219533920288086,-6.392752488454183
707,0.807906985282898,-7.0762810707092285,-8.170791625976562,-6.6396870613098145,-7.295586585998535
708,0.8374773859977722,-8.024524688720703,-9.559273719787598,-8.102025985717773,-8.561941464742025
709,0.853426456451416,-10.9114408493042,-11.603780746459961,-8.632756233215332,-10.382659276326498
710,0.2804124653339386,-10.594189643859863,-12.136455535888672,-9.262249946594238,-10.664298375447592
711,0.24997100234031677,-11.119074821472168,-13.620155334472656,-13.0865478515625,-12.608592669169107
712,0.6774698495864868,-6.677452087402344,-10.256519317626953,-7.65226411819458,-8.195411841074625
713,0.24296022951602936,-11.04456901550293,-12.009629249572754,-9.71912670135498,-10.924441655476889
714,0.28846147656440735,-6.470009803771973,-8.908777236938477,-4.754144668579102,-6.710977236429851
715,0.22663193941116333,-13.253389358520508,-11.59424114227295,-8.634550094604492,-11.16072686513265
716,0.20587152242660522,-14.649042129516602,-12.895003318786621,-13.513771057128906,-13.685938835144043
717,0.4952508807182312,-11.312252044677734,-10.85909366607666,-11.22525691986084,-11.132200876871744
718,0.23532453179359436,-9.341182708740234,-11.814031600952148,-10.178297996520996,-10.444504102071127
719,0.14874981343746185,-10.597387313842773,-14.065967559814453,-5.622200012207031,-10.095184961954752
720,0.19002801179885864,-10.357542991638184,-13.055742263793945,-9.484126091003418,-10.965803782145182
721,0.4987369477748871,-11.968595504760742,-10.36316204071045,-10.183248519897461,-10.838335355122885
722,0.288472980260849,-5.543562412261963,-5.822051048278809,-4.326907634735107,-5.23084036509196
723,0.22022996842861176,-12.274491310119629,-11.713134765625,-9.651754379272461,-11.21312681833903
724,0.23004773259162903,-9.820963859558105,-12.407561302185059,-6.986687660217285,-9.738404273986816
725,0.21716518700122833,-9.717105865478516,-11.00368881225586,-10.467293739318848,-10.396029472351074
726,0.358626127243042,-10.061620712280273,-9.419443130493164,-10.558808326721191,-10.013290723164877
727,0.3589729070663452,-10.149518013000488,-9.611513137817383,-6.994974613189697,-8.918668588002523
728,0.2404763549566269,-11.730966567993164,-12.40886402130127,-9.11797046661377,-11.085933685302734
729,0.22229354083538055,-15.894732475280762,-14.416184425354004,-14.120536804199219,-14.810484568277994
730,0.35501915216445923,-10.494880676269531,-9.977100372314453,-9.18896484375,-9.886981964111328
731,0.6376122832298279,-13.814414978027344,-10.198003768920898,-13.792399406433105,-12.601606051127115
732,0.5425552129745483,-9.17055606842041,-6.940896987915039,-8.105224609375,-8.07222588857015
733,0.30371639132499695,-12.177688598632812,-15.89257526397705,-11.05953311920166,-13.043265660603842
734,0.14836552739143372,-10.646332740783691,-12.043338775634766,-11.383929252624512,-11.357866923014322
735,0.44081076979637146,-12.27293872833252,-6.687133312225342,-4.738471031188965,-7.899514357248942
736,0.2188720405101776,-8.335855484008789,-11.260831832885742,-7.129530906677246,-8.90873940785726
737,0.19186154007911682,-10.627056121826172,-10.242668151855469,-11.58163070678711,-10.817118326822916
738,0.3635180592536926,-8.189262390136719,-13.82586669921875,-9.351876258850098,-10.455668449401855
739,0.41473326086997986,-9.404203414916992,-10.941665649414062,-8.659377098083496,-9.668415387471518
740,0.3273701071739197,-9.999602317810059,-10.508711814880371,-10.245798110961914,-10.251370747884115
741,0.45092886686325073,-9.539613723754883,-12.702165603637695,-7.735145568847656,-9.992308298746744
742,0.13664698600769043,-13.10181713104248,-15.948777198791504,-15.591798782348633,-14.880797704060873
743,0.3148233890533447,-5.094043731689453,-7.62075662612915,-5.527784824371338,-6.080861727396647
744,0.4081830680370331,-9.721624374389648,-7.901819705963135,-8.338512420654297,-8.653985500335693
745,0.2925938367843628,-8.276864051818848,-7.640323162078857,-6.993235111236572,-7.636807441711426
746,0.4994516372680664,-8.645859718322754,-10.726234436035156,-8.01997184753418,-9.130688667297363
747,0.396901935338974,-8.23826789855957,-10.928030014038086,-7.444239139556885,-8.870179017384848
748,0.32037290930747986,-6.130852222442627,-9.034592628479004,-6.9595208168029785,-7.374988555908203
749,0.4730011820793152,-6.108046531677246,-13.31602668762207,-13.487680435180664,-10.970584551493326
750,0.30119216442108154,-10.272642135620117,-15.068653106689453,-9.24966049194336,-11.53031857808431
751,0.36014944314956665,-10.992331504821777,-16.650455474853516,-11.449983596801758,-13.03092352549235
752,0.21316199004650116,-12.744397163391113,-10.376413345336914,-10.656875610351562,-11.259228706359863
753,0.6347171664237976,-11.216440200805664,-14.015363693237305,-12.469740867614746,-12.567181587219238
754,0.3306005001068115,-9.011155128479004,-9.880928039550781,-8.955414772033691,-9.282499313354492
755,0.2777250111103058,-10.034551620483398,-12.05905818939209,-9.475994110107422,-10.52320130666097
756,0.37901571393013,-10.435274124145508,-9.211606979370117,-11.164713859558105,-10.27053165435791
757,0.5481079816818237,-10.070956230163574,-13.880749702453613,-11.931373596191406,-11.961026509602865
758,0.3931695818901062,-8.471944808959961,-13.21245002746582,-8.639399528503418,-10.1079314549764
759,0.2960927486419678,-12.698441505432129,-12.2339506149292,-12.742775917053223,-12.55838934580485
760,0.49800989031791687,-11.925366401672363,-12.100289344787598,-9.929102897644043,-11.318252881368002
761,0.3465062379837036,-6.467012882232666,-6.270493507385254,-11.28900146484375,-8.008835951487223
762,0.3095777928829193,-6.443065166473389,-10.377896308898926,-9.152280807495117,-8.657747427622477
763,0.25066664814949036,-12.452202796936035,-9.48878002166748,-10.606104850769043,-10.849029223124186
764,0.39618661999702454,-11.53058910369873,-11.273058891296387,-11.45041561126709,-11.418021202087402
765,0.48562631011009216,-6.876719951629639,-9.736946105957031,-7.6307806968688965,-8.08148225148519
766,0.7875490784645081,-8.593931198120117,-11.462034225463867,-9.199737548828125,-9.751900990804037
767,0.7540510296821594,-6.501080513000488,-8.819232940673828,-9.169685363769531,-8.16333293914795
768,0.3210902810096741,-11.424458503723145,-11.260833740234375,-9.227290153503418,-10.637527465820312
769,0.237635999917984,-7.111220836639404,-9.892343521118164,-8.093608856201172,-8.365724404652914
770,0.5981833338737488,-6.24376106262207,-7.500184059143066,-5.6606292724609375,-6.468191464742024
771,0.2383180409669876,-9.103171348571777,-10.51368522644043,-9.175002098083496,-9.597286224365234
772,0.3110024333000183,-9.955696105957031,-8.252239227294922,-8.510591506958008,-8.90617561340332
773,0.3184431791305542,-11.091920852661133,-9.181479454040527,-13.020803451538086,-11.098067919413248
774,0.5613617897033691,-7.598655700683594,-8.321670532226562,-8.580875396728516,-8.167067209879557
775,0.6625289916992188,-9.050718307495117,-10.439748764038086,-4.975363254547119,-8.155276775360107
776,0.618667483329773,-9.456342697143555,-7.4918036460876465,-7.955516338348389,-8.301220893859863
777,0.46555760502815247,-4.172056198120117,-7.502906322479248,-5.009417533874512,-5.561460018157959
778,0.35291531682014465,-11.778848648071289,-12.174774169921875,-9.893046379089355,-11.282223065694174
779,0.21979449689388275,-10.294719696044922,-11.891831398010254,-10.650690078735352,-10.945747057596842
780,0.7080020308494568,-8.853808403015137,-11.76043701171875,-8.838150978088379,-9.817465464274088
781,0.4449478089809418,-10.097769737243652,-8.24098014831543,-3.4997525215148926,-7.279500802357991
782,0.4147949814796448,-8.962368965148926,-10.302921295166016,-9.041013717651367,-9.435434659322103
783,0.5759968757629395,-7.945531845092773,-10.908066749572754,-7.345181941986084,-8.732926845550537
784,0.682511031627655,-4.638752460479736,-6.2330522537231445,-5.787095546722412,-5.552966753641765
785,0.680894672870636,-9.5604829788208,-10.78787612915039,-9.756654739379883,-10.035004615783691
786,0.4613528847694397,-8.035566329956055,-10.304421424865723,-10.414073944091797,-9.584687232971191
787,0.4025236666202545,-7.530259132385254,-10.109475135803223,-12.596484184265137,-10.078739484151205
788,0.19184869527816772,-9.96965217590332,-12.97080135345459,-12.454301834106445,-11.798251787821451
789,0.35194897651672363,-7.883699893951416,-11.014551162719727,-11.157511711120605,-10.018587589263916
790,0.4011017680168152,-9.141145706176758,-7.829648971557617,-4.89752197265625,-7.289438883463542
791,0.424821138381958,-10.535048484802246,-11.29018783569336,-9.486124038696289,-10.437120119730631
792,0.5501661896705627,-12.840786933898926,-10.749817848205566,-9.762853622436523,-11.117819468180338
793,0.5208393931388855,-7.957507133483887,-9.122383117675781,-5.621581077575684,-7.56715710957845
794,0.3144819736480713,-13.813239097595215,-15.427199363708496,-11.210672378540039,-13.48370361328125
795,0.4227917492389679,-11.93703556060791,-13.140375137329102,-9.223810195922852,-11.433740297953287
796,0.3010734021663666,-10.320571899414062,-15.117379188537598,-10.415144920349121,-11.951032002766928
797,0.5769718885421753,-8.09324836730957,-5.239170551300049,-8.928287506103516,-7.420235474904378
798,0.6940863132476807,-7.770824432373047,-6.808867454528809,-5.998159408569336,-6.8592837651570635
799,0.510614275932312,-9.864974021911621,-8.744014739990234,-9.606907844543457,-9.405298868815104
800,0.4231540858745575,-12.318201065063477,-10.296706199645996,-7.5806450843811035,-10.065184116363525
801,0.28851518034935,-8.644323348999023,-9.137009620666504,-10.685324668884277,-9.488885879516602
802,0.7572741508483887,-10.336175918579102,-6.312545299530029,-9.091466903686523,-8.580062707265219
803,0.73560631275177,-8.273473739624023,-14.853782653808594,-9.21827220916748,-10.781842867533365
804,0.49249231815338135,-12.938010215759277,-13.261276245117188,-5.3217644691467285,-10.507016976674398
805,0.4576055109500885,-9.252528190612793,-8.929154396057129,-7.947904109954834,-8.709862232208252
806,0.46959802508354187,-7.983156204223633,-8.820123672485352,-9.839530944824219,-8.880936940511068
807,0.21809354424476624,-11.794890403747559,-13.466692924499512,-11.03278636932373,-12.0981232325236
808,0.4307601749897003,-8.309219360351562,-9.396645545959473,-7.4797868728637695,-8.395217259724935
809,0.49820390343666077,-2.612154960632324,-4.6629638671875,-3.12511944770813,-3.4667460918426514
810,0.4968265891075134,-8.187410354614258,-10.464399337768555,-9.666261672973633,-9.439357121785482
811,0.21829864382743835,-11.647954940795898,-11.974767684936523,-10.962543487548828,-11.528422037760416
812,0.22543828189373016,-13.289487838745117,-16.457218170166016,-15.542013168334961,-15.096239725748697
813,0.5415859222412109,-13.086191177368164,-11.149327278137207,-11.144048690795898,-11.79318904876709
814,0.3517807722091675,-13.24647045135498,-11.476706504821777,-10.305378913879395,-11.676185290018717
815,0.5224550366401672,-3.954122543334961,-4.467952251434326,-4.981065273284912,-4.467713356018066
816,0.4215439260005951,-10.126218795776367,-13.704079627990723,-11.403446197509766,-11.744581540425619
817,0.24131156504154205,-10.296365737915039,-9.464715003967285,-10.48305606842041,-10.081378936767578
818,0.6449907422065735,-10.48031997680664,-10.562117576599121,-7.536149978637695,-9.526195844014486
819,0.3654232323169708,-14.066956520080566,-16.032514572143555,-11.775581359863281,-13.958350817362467
820,0.7720150947570801,-4.084146499633789,-10.85227108001709,-8.146839141845703,-7.694418907165527
821,0.44648298621177673,-5.932083606719971,-10.30605697631836,-5.993227958679199,-7.41045618057251
822,0.19972480833530426,-9.041817665100098,-12.75353717803955,-11.416964530944824,-11.070773124694824
823,0.25315797328948975,-8.161090850830078,-13.454391479492188,-7.313558101654053,-9.64301347732544
824,0.5341173410415649,-4.150404453277588,-8.555939674377441,-7.0407586097717285,-6.582367579142253
825,0.23523902893066406,-12.831467628479004,-12.474350929260254,-10.111517906188965,-11.805778821309408
826,0.6072500348091125,-12.945886611938477,-13.727392196655273,-7.404967308044434,-11.359415372212728
827,0.3306710720062256,-10.213643074035645,-11.552018165588379,-9.523838996887207,-10.42983341217041
828,0.1964951604604721,-11.62426471710205,-13.938467979431152,-13.28993034362793,-12.950887680053711
829,0.2541700005531311,-9.105324745178223,-9.68123722076416,-9.882588386535645,-9.55638345082601
830,0.3671405613422394,-15.210687637329102,-11.124761581420898,-10.861529350280762,-12.398992856343588
831,0.17280608415603638,-12.36197280883789,-12.883691787719727,-12.108256340026855,-12.45130697886149
832,0.560165524482727,-14.838555335998535,-12.595377922058105,-9.278510093688965,-12.237481117248535
833,0.6716977953910828,-9.939591407775879,-12.678003311157227,-10.511016845703125,-11.04287052154541
834,0.704081654548645,-15.564361572265625,-12.533541679382324,-11.667710304260254,-13.255204518636068
835,0.3915543854236603,-13.403180122375488,-10.81785774230957,-10.087202072143555,-11.436079978942871
836,0.3204634189605713,-6.911955833435059,-7.072469711303711,-5.94404411315918,-6.642823219299316
837,0.36871516704559326,-9.026199340820312,-14.815872192382812,-7.746123313903809,-10.529398282368978
838,0.4348602890968323,-8.28468132019043,-10.749150276184082,-5.773994445800781,-8.269275347391764
839,0.14310254156589508,-8.12867259979248,-9.613935470581055,-10.002739906311035,-9.248449325561523
840,0.27153798937797546,-13.156765937805176,-14.923983573913574,-11.018924713134766,-13.033224741617838
841,0.3050517141819,-9.579269409179688,-12.93952751159668,-11.086139678955078,-11.201645533243815
842,0.36239689588546753,-10.70704174041748,-7.9753618240356445,-12.187320709228516,-10.289908091227213
843,0.5140559673309326,-7.149967670440674,-8.75458812713623,-8.116138458251953,-8.006898085276285
844,0.3070974051952362,-9.416089057922363,-8.619866371154785,-11.890767097473145,-9.975574175516764
845,0.33487313985824585,-10.796290397644043,-12.283699989318848,-13.1820650100708,-12.08735179901123
846,0.6458384394645691,-10.255875587463379,-8.59070110321045,-7.307754039764404,-8.71811024347941
847,0.37490367889404297,-14.021501541137695,-12.602428436279297,-10.94866943359375,-12.524199803670248
848,0.4409908950328827,-12.446542739868164,-14.332173347473145,-11.53735065460205,-12.772022247314453
849,0.294443279504776,-11.760910034179688,-11.967324256896973,-6.653524398803711,-10.127252896626791
850,0.16873592138290405,-5.968549728393555,-11.851862907409668,-9.375276565551758,-9.065229733784994
851,0.41084223985671997,-11.287064552307129,-10.175859451293945,-9.488289833068848,-10.317071278889975
852,0.2942754328250885,-11.039250373840332,-15.239885330200195,-10.473819732666016,-12.250985145568848
853,0.28352004289627075,-10.156195640563965,-12.53577709197998,-9.843568801879883,-10.84518051147461
854,0.353412389755249,-14.151772499084473,-13.833649635314941,-11.763895988464355,-13.249772707621256
855,0.8296605348587036,-6.528015613555908,-13.940983772277832,-7.149804592132568,-9.206267992655436
856,0.47186392545700073,-11.0682373046875,-10.831720352172852,-9.011953353881836,-10.303970336914062
857,0.3358393609523773,-13.081543922424316,-10.283098220825195,-14.31271743774414,-12.559119860331217
858,0.5371274352073669,-10.514630317687988,-11.30532455444336,-5.601090431213379,-9.140348434448242
859,0.35922616720199585,-11.103532791137695,-11.777588844299316,-11.69076919555664,-11.523963610331217
860,0.6299659013748169,-10.248209953308105,-7.495053768157959,-10.647429466247559,-9.463564395904541
861,0.25804081559181213,-9.782792091369629,-12.91742992401123,-9.571598052978516,-10.757273356119791
862,0.28236374258995056,-12.908438682556152,-12.901076316833496,-7.335646629333496,-11.048387209574381
863,0.27275094389915466,-9.348444938659668,-12.427413940429688,-9.59488296508789,-10.456913948059082
864,0.7120802998542786,-6.779971599578857,-9.100384712219238,-8.426225662231445,-8.10219399134318
865,0.6118239164352417,-11.111676216125488,-11.645081520080566,-10.859604835510254,-11.205454190572103
866,0.3029552102088928,-5.02182674407959,-7.460996627807617,-2.7192158699035645,-5.067346413930257
867,0.5631494522094727,-12.8102445602417,-13.331310272216797,-11.005258560180664,-12.38227113087972
868,0.7715403437614441,-8.061362266540527,-8.796269416809082,-8.105587005615234,-8.321072896321615
869,0.6105945706367493,-9.764543533325195,-9.8392333984375,-9.012641906738281,-9.538806279500326
870,0.5908951163291931,-11.74101734161377,-9.786587715148926,-10.460834503173828,-10.662813186645508
871,0.1913885772228241,-13.709810256958008,-15.215707778930664,-10.612722396850586,-13.179413477579752
872,0.5961589217185974,-7.218931674957275,-12.19618034362793,-6.5930328369140625,-8.669381618499756
873,0.639013946056366,-7.556015491485596,-12.53572940826416,-11.529233932495117,-10.540326277414957
874,0.2929552495479584,-7.6203999519348145,-7.842469215393066,-6.74799108505249,-7.40362008412679
875,0.26826348900794983,-12.683379173278809,-11.386223793029785,-5.234917163848877,-9.768173376719156
876,0.23881429433822632,-10.993579864501953,-8.462230682373047,-9.972323417663574,-9.809377988179525
877,0.43330755829811096,-12.497901916503906,-16.81961441040039,-12.229813575744629,-13.849109967549643
878,0.28260722756385803,-13.430166244506836,-12.452672004699707,-8.404001235961914,-11.428946495056152
879,0.26865434646606445,-10.347213745117188,-11.334612846374512,-11.542817115783691,-11.074881235758463
880,0.2672988176345825,-11.414838790893555,-11.701338768005371,-12.642147064208984,-11.91944154103597
881,0.28704050183296204,-10.19841480255127,-12.550993919372559,-9.893948554992676,-10.881119092305502
882,0.10170934349298477,-11.581893920898438,-13.404969215393066,-11.396439552307129,-12.127767562866211
883,0.4727625548839569,-11.184497833251953,-11.014300346374512,-8.847479820251465,-10.348759333292643
884,0.558786153793335,-8.416470527648926,-9.342589378356934,-8.33922290802002,-8.699427604675293
885,0.6520962715148926,-11.350296020507812,-12.16246223449707,-7.9957122802734375,-10.50282351175944
886,0.5533084869384766,-8.42159366607666,-9.562202453613281,-7.3541717529296875,-8.445989290873209
887,0.5933896899223328,-9.141718864440918,-10.4962739944458,-3.7703726291656494,-7.802788496017456
888,0.8128141760826111,-6.805265426635742,-10.465227127075195,-7.807106018066406,-8.359199523925781
889,0.24938923120498657,-11.707444190979004,-11.050655364990234,-8.036459922790527,-10.264853159586588
890,0.17089855670928955,-7.99446439743042,-14.35365104675293,-12.107061386108398,-11.485058943430582
891,0.1961422711610794,-8.887992858886719,-10.24721622467041,-11.674355506896973,-10.269854863484701
892,0.4164089262485504,-14.604674339294434,-12.94145679473877,-11.749874114990234,-13.098668416341146
893,0.5924880504608154,-9.930205345153809,-9.92807674407959,-8.047822952270508,-9.302035013834635
894,0.5301874876022339,-9.491884231567383,-9.607488632202148,-9.021903991699219,-9.373758951822916
895,0.3862479627132416,-7.557697772979736,-8.29351806640625,-8.81750774383545,-8.222907861073812
896,0.6417807936668396,-13.49509048461914,-10.739598274230957,-10.744267463684082,-11.65965207417806
897,0.6240290999412537,-8.264647483825684,-8.758376121520996,-7.354040622711182,-8.125688076019287
898,0.2607957422733307,-10.068256378173828,-12.492865562438965,-12.549247741699219,-11.70345656077067
899,0.6796004176139832,-8.249704360961914,-8.292853355407715,-8.316414833068848,-8.286324183146158
900,0.3508095145225525,-12.133420944213867,-8.684623718261719,-9.524751663208008,-10.114265441894531
901,0.5098896622657776,-9.227633476257324,-10.69738483428955,-7.874229431152344,-9.26641591389974
902,0.318559467792511,-8.377873420715332,-11.10509967803955,-8.225560188293457,-9.236177762349447
903,0.751550555229187,-14.197545051574707,-12.6951322555542,-7.192317485809326,-11.36166493097941
904,0.21455377340316772,-8.787307739257812,-9.90622615814209,-6.353843688964844,-8.349125862121582
905,0.5876206159591675,-11.854804992675781,-9.76807689666748,-9.045246124267578,-10.22270933787028
906,0.5426112413406372,-9.856657981872559,-10.914692878723145,-6.869344234466553,-9.213565031687418
907,0.5245841145515442,-11.7667236328125,-14.66684341430664,-7.1712646484375,-11.201610565185547
908,0.3002617061138153,-8.892967224121094,-11.906831741333008,-9.66568374633789,-10.155160903930664
909,0.7967580556869507,-11.814704895019531,-11.367258071899414,-9.380553245544434,-10.854172070821127
910,0.23651382327079773,-7.343642711639404,-10.815695762634277,-10.062240600585938,-9.407193024953207
911,0.3467811942100525,-14.49925422668457,-14.03385066986084,-13.362706184387207,-13.965270360310873
912,0.5622407793998718,-10.547986030578613,-12.218960762023926,-10.038593292236328,-10.935180028279623
913,0.6616438627243042,-11.514687538146973,-10.754898071289062,-10.014049530029297,-10.761211713155111
914,0.1678992509841919,-12.831718444824219,-12.564042091369629,-15.244458198547363,-13.54673957824707
915,0.2518007755279541,-2.2743618488311768,-2.707749843597412,-2.491241931915283,-2.4911178747812905
916,0.26667964458465576,-7.491244316101074,-11.100945472717285,-8.11966323852539,-8.903951009114584
917,0.32533103227615356,-14.597805976867676,-11.790382385253906,-12.245414733886719,-12.877867698669434
918,0.17905789613723755,-10.782115936279297,-10.664318084716797,-9.608224868774414,-10.351552963256836
919,0.6393530964851379,-7.496728420257568,-10.855594635009766,-6.457896709442139,-8.270073254903158
920,0.6110817193984985,-13.230426788330078,-9.861215591430664,-9.052803993225098,-10.714815457661947
921,0.1476079821586609,-8.461024284362793,-9.06751823425293,-9.322010040283203,-8.950184186299643
922,0.36555615067481995,-12.694009780883789,-13.061999320983887,-10.914932250976562,-12.223647117614746
923,0.3915713429450989,-7.419911861419678,-12.953104019165039,-11.084943771362305,-10.485986550649008
924,0.19665616750717163,-14.380297660827637,-10.244587898254395,-11.257034301757812,-11.960639953613281
925,0.1605030596256256,-12.088142395019531,-12.200427055358887,-10.122654914855957,-11.470408121744791
926,0.21762309968471527,-9.67275333404541,-12.583800315856934,-10.348512649536133,-10.868355433146158
927,0.282343327999115,-8.896360397338867,-9.210371971130371,-10.601466178894043,-9.56939951578776
928,0.34944769740104675,-9.114343643188477,-10.814868927001953,-11.623303413391113,-10.517505327860514
929,0.3372282087802887,-7.1045732498168945,-7.019847869873047,-10.823506355285645,-8.315975824991861
930,0.1828220784664154,-12.526766777038574,-12.330451965332031,-15.580196380615234,-13.479138374328613
931,0.677558183670044,-7.434966087341309,-9.907601356506348,-8.26816463470459,-8.536910692850748
932,0.45750007033348083,-8.83784294128418,-12.295153617858887,-9.875417709350586,-10.336138089497885
933,0.42036664485931396,-8.551536560058594,-9.241568565368652,-7.930780410766602,-8.574628512064615
934,0.43998342752456665,-8.993096351623535,-9.447189331054688,-5.683976650238037,-8.041420777638754
935,0.3773513436317444,-6.414556503295898,-8.413047790527344,-4.519698619842529,-6.449100971221924
936,0.2320713847875595,-7.130704879760742,-12.022979736328125,-8.128375053405762,-9.094019889831543
937,0.3095686137676239,-7.168610572814941,-9.262483596801758,-9.211167335510254,-8.547420501708984
938,0.3890497386455536,-10.990314483642578,-11.551986694335938,-8.390116691589355,-10.310805956522623
939,0.5958724021911621,-7.322104454040527,-10.182416915893555,-7.4369330406188965,-8.313818136850992
940,0.16148874163627625,-8.36482048034668,-13.788145065307617,-10.014907836914062,-10.72262446085612
941,0.42952826619148254,-9.69485092163086,-10.760004997253418,-6.043969631195068,-8.83294185002645
942,0.6789324283599854,-11.551641464233398,-15.496228218078613,-10.966043472290039,-12.67130438486735
943,0.6813793182373047,-9.939781188964844,-12.24222183227539,-10.40795612335205,-10.863319714864096
944,0.33690112829208374,-12.749382019042969,-12.235095977783203,-10.476996421813965,-11.820491472880045
945,0.5788189172744751,-9.427688598632812,-11.854362487792969,-7.091884613037109,-9.45797856648763
946,0.18089929223060608,-12.998456001281738,-13.198095321655273,-14.765059471130371,-13.653870264689127
947,0.3266679346561432,-10.426165580749512,-10.31314468383789,-10.878447532653809,-10.539252599080404
948,0.2599376142024994,-12.117138862609863,-12.929604530334473,-11.152064323425293,-12.066269238789877
949,0.3164374828338623,-13.056805610656738,-11.821793556213379,-13.228669166564941,-12.702422777811686
950,0.16111299395561218,-7.0691237449646,-7.74453067779541,-7.238918304443359,-7.350857575734456
951,0.6563790440559387,-9.182506561279297,-12.507387161254883,-10.30132007598877,-10.663737932840982
952,0.3370342552661896,-10.991495132446289,-8.396212577819824,-11.288801193237305,-10.225502967834473
953,0.5964131951332092,-12.689949989318848,-12.818197250366211,-7.999970436096191,-11.16937255859375
954,0.2263452112674713,-9.364372253417969,-9.569486618041992,-8.634126663208008,-9.18932851155599
955,0.6581075191497803,-10.979792594909668,-10.161431312561035,-8.672961235046387,-9.938061714172363
956,0.30952033400535583,-10.945225715637207,-12.455636024475098,-11.222498893737793,-11.541120211283365
957,0.3249335289001465,-12.468195915222168,-12.614368438720703,-9.786975860595703,-11.623180071512857
958,0.7623037099838257,-13.103899955749512,-10.82368278503418,-11.53221321105957,-11.819931983947754
959,0.27279800176620483,-12.899628639221191,-11.948038101196289,-10.369933128356934,-11.739199956258139
960,0.5806193351745605,-8.72571849822998,-11.018196105957031,-9.172574996948242,-9.638829867045084
961,0.18226590752601624,-8.9301118850708,-11.979670524597168,-9.02800464630127,-9.979262351989746
962,0.6515689492225647,-6.064846038818359,-12.169471740722656,-13.064608573913574,-10.43297545115153
963,0.26509416103363037,-8.819051742553711,-11.167562484741211,-10.220555305480957,-10.069056510925293
964,0.16129685938358307,-6.466224670410156,-7.373167037963867,-7.271992206573486,-7.03712797164917
965,0.6067211627960205,-6.071241855621338,-6.933355808258057,-8.432809829711914,-7.1458024978637695
966,0.7085149884223938,-10.518348693847656,-11.949931144714355,-9.047086715698242,-10.505122184753418
967,0.20499667525291443,-12.50777816772461,-14.386959075927734,-10.556998252868652,-12.483911832173666
968,0.26313287019729614,-13.788145065307617,-13.835038185119629,-13.108217239379883,-13.577133496602377
969,0.2096707671880722,-8.096713066101074,-10.439263343811035,-8.700873374938965,-9.078949928283691
970,0.2637948989868164,-12.467568397521973,-11.618361473083496,-10.699366569519043,-11.595098813374838
971,0.7219487428665161,-7.8083696365356445,-8.470337867736816,-8.308501243591309,-8.195736249287924
972,0.46846386790275574,-8.691632270812988,-9.814461708068848,-10.093026161193848,-9.533040046691895
973,0.34692469239234924,-11.305713653564453,-12.239127159118652,-7.26276969909668,-10.269203503926596
974,0.2923974394798279,-7.84940767288208,-13.490650177001953,-9.25467300415039,-10.198243618011475
975,0.6978768110275269,-12.153953552246094,-11.008440971374512,-9.159392356872559,-10.773928960164389
976,0.6484374403953552,-10.267044067382812,-10.518401145935059,-8.776439666748047,-9.853961626688639
977,0.7510499954223633,-10.08528995513916,-9.096436500549316,-9.25399112701416,-9.478572527567545
978,0.31204935908317566,-13.474404335021973,-10.347129821777344,-13.61445140838623,-12.47866185506185
979,0.5617965459823608,-5.906113147735596,-10.100626945495605,-8.95879077911377,-8.32184362411499
980,0.3986792266368866,-11.006575584411621,-11.537845611572266,-9.332235336303711,-10.6255521774292
981,0.192643940448761,-12.779221534729004,-13.0618314743042,-13.12106990814209,-12.987374305725098
982,0.5608389377593994,-8.944564819335938,-9.654166221618652,-6.643552780151367,-8.414094607035318
983,0.4616003632545471,-8.574735641479492,-6.727261543273926,-8.657684326171875,-7.986560503641765
984,0.40531301498413086,-9.833961486816406,-10.553351402282715,-9.129907608032227,-9.839073499043783
985,0.3407929539680481,-8.770120620727539,-13.857478141784668,-9.608443260192871,-10.745347340901693
986,0.4571123719215393,-6.020322799682617,-8.351390838623047,-10.021186828613281,-8.130966822306315
987,0.6021658182144165,-8.635560989379883,-10.661985397338867,-10.161892890930176,-9.819813092549643
988,0.6687350869178772,-10.61290454864502,-9.726754188537598,-8.676170349121094,-9.671943028767904
989,0.34865978360176086,-13.150999069213867,-11.78520679473877,-11.450689315795898,-12.128965059916178
990,0.548758864402771,-6.66800594329834,-8.09766674041748,-8.752779960632324,-7.839484214782715
991,0.5831354260444641,-6.1386919021606445,-7.278277397155762,-5.902706623077393,-6.439891974131267
992,0.2540389895439148,-9.897478103637695,-11.961332321166992,-7.967577934265137,-9.942129453023275
993,0.5852945446968079,-7.404058456420898,-9.72106647491455,-8.939356803894043,-8.68816057840983
994,0.26262110471725464,-7.340870380401611,-10.94033432006836,-6.835415840148926,-8.372206846872965
995,0.2357897162437439,-11.021800994873047,-12.62308406829834,-9.53231430053711,-11.059066454569498
996,0.22547701001167297,-8.419929504394531,-11.716348648071289,-6.485683917999268,-8.873987356821695
997,0.6368418335914612,-10.103743553161621,-9.91707706451416,-11.130655288696289,-10.383825302124023
998,0.2980456054210663,-10.770652770996094,-10.183412551879883,-8.876262664794922,-9.943442662556967
999,0.304706871509552,-10.935962677001953,-11.821996688842773,-11.237054824829102,-11.331671396891275
1000,0.17209473252296448,-8.336216926574707,-8.893826484680176,-9.979265213012695,-9.069769541422525
1001,0.4912210702896118,-8.631495475769043,-9.856745719909668,-10.945663452148438,-9.811301549275717
1002,0.19526304304599762,-11.36861515045166,-13.051596641540527,-7.678685188293457,-10.699632326761881
1003,0.668494462966919,-9.183186531066895,-7.835664749145508,-7.279720783233643,-8.099524021148682
1004,0.5197948217391968,-10.639533996582031,-8.90966510772705,-11.040303230285645,-10.196500778198242
1005,0.5767797827720642,-14.580100059509277,-12.622775077819824,-10.778782844543457,-12.660552660624186
1006,0.2666468024253845,-10.697334289550781,-13.255782127380371,-9.57823657989502,-11.177117665608725
1007,0.3669773042201996,-10.873943328857422,-9.759749412536621,-8.328512191772461,-9.654068311055502
1008,0.6008284091949463,-9.195516586303711,-8.819154739379883,-7.991037845611572,-8.668569723765055
1009,0.15806832909584045,-14.18324089050293,-13.79907512664795,-12.555051803588867,-13.512455940246582
1010,0.6817493438720703,-3.5083348751068115,-4.595956325531006,-3.6624865531921387,-3.922259251276652
1011,0.48476284742355347,-5.297192573547363,-4.641768932342529,-3.585045337677002,-4.508002281188965
1012,0.7704581618309021,-4.871813774108887,-6.716676235198975,-7.890207767486572,-6.492899258931478
1013,0.6720409989356995,-6.293422222137451,-8.833767890930176,-11.176069259643555,-8.76775312423706
1014,0.5214126110076904,-8.479865074157715,-10.733002662658691,-6.791844367980957,-8.668237368265787
1015,0.294565349817276,-6.9120869636535645,-11.59604263305664,-8.348679542541504,-8.952269713083902
1016,0.46173757314682007,-5.813264846801758,-5.1840410232543945,-5.396321773529053,-5.464542547861735
1017,0.5823783874511719,-5.833414077758789,-10.556319236755371,-7.933910846710205,-8.107881387074789
1018,0.4020625948905945,-6.024247646331787,-6.079692840576172,-4.69165563583374,-5.598532040913899
1019,0.4145432114601135,-6.027822971343994,-5.623915195465088,-8.881102561950684,-6.844280242919922
1020,0.4212138056755066,-8.543522834777832,-10.815784454345703,-7.782767295837402,-9.047358194986979
1021,0.3851529657840729,-5.194189548492432,-9.220085144042969,-11.423969268798828,-8.61274798711141
1022,0.5157546997070312,-7.97655725479126,-8.998505592346191,-8.21168327331543,-8.39558204015096
1023,0.5571725964546204,-11.011762619018555,-9.806740760803223,-7.343739986419678,-9.387414455413818
1024,0.5764579176902771,-7.492010116577148,-2.468946695327759,-6.638464450836182,-5.533140420913696
1025,0.5283632278442383,-12.998586654663086,-9.602764129638672,-7.076803684234619,-9.892718156178793
1026,0.3746173679828644,-6.891556739807129,-8.197757720947266,-6.3924784660339355,-7.160597642262776
1027,0.4515892565250397,-4.9922261238098145,-12.233458518981934,-9.112200736999512,-8.779295126597086
1028,0.5569175481796265,-6.597070217132568,-5.161966323852539,-6.035435199737549,-5.931490580240886
1029,0.4793870449066162,-11.171578407287598,-9.956914901733398,-11.058574676513672,-10.729022661844889
1030,0.6039690971374512,-5.527822494506836,-9.729863166809082,-6.69881534576416,-7.318833669026692
1031,0.3715042769908905,-7.9657087326049805,-7.553947448730469,-12.581345558166504,-9.367000579833984
1032,0.38631024956703186,-6.310576438903809,-9.255758285522461,-8.811957359313965,-8.126097361246744
1033,0.6312470436096191,-10.778993606567383,-8.88397216796875,-9.153532981872559,-9.605499585469564
1034,0.35862380266189575,-6.646047115325928,-7.554832458496094,-7.106646537780762,-7.102508703867595
1035,0.444578617811203,-9.833706855773926,-9.853647232055664,-7.938337326049805,-9.208563804626465
1036,0.49922189116477966,-5.225673198699951,-8.844342231750488,-3.3408846855163574,-5.803633371988933
1037,0.5645461082458496,-10.226896286010742,-6.4094038009643555,-6.591375350952148,-7.742558479309082
1038,0.6392041444778442,-2.3672614097595215,-3.36042857170105,-3.942615032196045,-3.2234350045522056
1039,0.48188090324401855,-4.771791934967041,-7.205276966094971,-7.265982627868652,-6.414350509643555
1040,0.39290452003479004,-9.407933235168457,-8.346839904785156,-7.593994140625,-8.449589093526205
1041,0.7130016684532166,-6.185674667358398,-8.424210548400879,-5.378721237182617,-6.662868817647298
1042,0.37199756503105164,-11.555850982666016,-11.288140296936035,-12.06706428527832,-11.637018521626791
1043,0.4172534644603729,-1.9002450704574585,-8.461424827575684,-8.309094429016113,-6.2235881090164185
1044,0.47746741771698,-9.694765090942383,-12.259366989135742,-9.596651077270508,-10.516927719116211
1045,0.4528404176235199,-9.99479866027832,-10.881345748901367,-9.442156791687012,-10.1061004002889
1046,0.48945873975753784,-7.212418079376221,-6.546762466430664,-4.57180643081665,-6.110328992207845
1047,0.6908424496650696,-9.420865058898926,-9.549823760986328,-9.232080459594727,-9.400923093159994
1048,0.7673162817955017,-7.232532501220703,-6.850106716156006,-6.972017765045166,-7.018218994140625
1049,0.391971617937088,-5.351503849029541,-7.919907093048096,-5.3228607177734375,-6.198090553283691
1050,0.5292763710021973,-6.511774063110352,-9.838631629943848,-8.2990083694458,-8.216471354166666
1051,0.5343337655067444,-9.867066383361816,-6.592357158660889,-7.224188327789307,-7.894537289937337
1052,0.482649564743042,-5.204702377319336,-1.8393276929855347,-1.321271538734436,-2.788433869679769
1053,0.6668980717658997,-8.751679420471191,-9.391087532043457,-6.8691534996032715,-8.33730681737264
1054,0.445377379655838,-11.436787605285645,-9.820630073547363,-10.18623161315918,-10.481216430664062
1055,0.3249269425868988,-6.022531986236572,-9.825456619262695,-7.343181133270264,-7.730389912923177
1056,0.5821266174316406,-0.0664660856127739,-0.9186010956764221,-1.728051781654358,-0.9043729876478513
1057,0.3401574492454529,-10.419448852539062,-6.566978931427002,-7.791163921356201,-8.259197235107422
1058,0.5534175634384155,-8.446742057800293,-3.113736867904663,-7.0426459312438965,-6.201041618982951
1059,0.8149969577789307,-3.762582540512085,-2.904738664627075,-5.896485328674316,-4.187935511271159
1060,0.6272681951522827,-9.197293281555176,-9.491264343261719,-7.359434604644775,-8.682664076487223
1061,0.5044710040092468,-9.822816848754883,-9.439449310302734,-10.810306549072266,-10.024190902709961
1062,0.5620027184486389,-4.328242778778076,-6.752115726470947,-6.489561557769775,-5.856640021006267
1063,0.4375962018966675,-9.68890380859375,-6.348052978515625,-8.243446350097656,-8.093467712402344
1064,0.1991734802722931,-7.940708637237549,-10.42197036743164,-5.0092453956604,-7.79064146677653
1065,0.6630574464797974,-8.982612609863281,-9.156620979309082,-7.901576995849609,-8.680270195007324
1066,0.7372815608978271,-5.902713298797607,-5.388374328613281,-5.452121257781982,-5.581069628397624
1067,0.306892454624176,-12.663789749145508,-9.222589492797852,-9.176032066345215,-10.354137102762857
1068,0.3129257261753082,-8.149202346801758,-8.70919418334961,-9.345823287963867,-8.734739939371744
1069,0.41701123118400574,-5.190602779388428,-8.619446754455566,-5.920538425445557,-6.576862653096517
1070,0.5702335238456726,-4.671330451965332,-8.432208061218262,-4.252847671508789,-5.785462061564128
1071,0.6909012198448181,-3.8552632331848145,-2.9716172218322754,-3.6236648559570312,-3.4835151036580405
1072,0.42343461513519287,-12.011994361877441,-10.366286277770996,-9.112406730651855,-10.496895790100098
1073,0.3923806846141815,-8.323185920715332,-11.94932746887207,-8.92287540435791,-9.731796264648438
1074,0.46960192918777466,-7.238561630249023,-6.971136093139648,-8.11431884765625,-7.441338857014974
1075,0.27804630994796753,-8.837821960449219,-10.582923889160156,-11.253682136535645,-10.224809328715006
1076,0.4484354853630066,-11.245418548583984,-9.871895790100098,-6.5977783203125,-9.238364219665527
1077,0.27843329310417175,-11.779587745666504,-8.780489921569824,-8.60058879852295,-9.720222155253092
1078,0.5114120244979858,-8.17014217376709,-8.446953773498535,-8.853099822998047,-8.490065256754557
1079,0.7861760258674622,-4.418250560760498,-3.6982781887054443,-6.556397914886475,-4.890975554784139
1080,0.7358380556106567,-5.099916934967041,-4.2392449378967285,-6.250950336456299,-5.196704069773356
1081,0.49237746000289917,-7.634548664093018,-7.9207892417907715,-6.414323329925537,-7.323220411936442
1082,0.5626856088638306,-9.346601486206055,-7.828317165374756,-8.783843994140625,-8.652920881907145
1083,0.4768857955932617,-10.388960838317871,-9.291892051696777,-9.132735252380371,-9.60452938079834
1084,0.31969383358955383,-13.667914390563965,-9.475138664245605,-9.939875602722168,-11.027642885843912
1085,0.5464634299278259,-7.425980091094971,-7.452274799346924,-9.063437461853027,-7.980564117431641
1086,0.2811938524246216,-9.66069507598877,-12.307942390441895,-9.81256103515625,-10.593732833862305
1087,0.49224233627319336,-7.448076248168945,-9.351598739624023,-8.220062255859375,-8.339912414550781
1088,0.347136914730072,-9.74201774597168,-11.012227058410645,-10.53199291229248,-10.428745905558268
1089,0.5534153580665588,-5.795013427734375,-8.85098934173584,-7.439906597137451,-7.361969788869222
1090,0.31006401777267456,-10.9528226852417,-8.807703971862793,-9.180275917053223,-9.646934191385904
1091,0.294523149728775,-8.195942878723145,-9.473865509033203,-5.457584857940674,-7.709131081899007
1092,0.5394840240478516,-8.49570369720459,-5.0550217628479,-4.798677444458008,-6.116467634836833
1093,0.5729205012321472,-4.980515956878662,-5.194300651550293,-5.930954933166504,-5.368590513865153
1094,0.3619254231452942,-11.873525619506836,-9.361265182495117,-7.110503196716309,-9.448431332906088
1095,0.4521748125553131,-5.6890130043029785,-6.377052307128906,-3.843252420425415,-5.3031059106191
1096,0.1967562586069107,-7.863100051879883,-11.8585844039917,-9.378138542175293,-9.699940999348959
1097,0.3611750900745392,-11.318798065185547,-11.164602279663086,-8.890775680541992,-10.458058675130209
1098,0.4585614800453186,-10.265678405761719,-10.694849967956543,-8.781855583190918,-9.914127985636393
1099,0.6750779747962952,-3.0989129543304443,-4.577159881591797,-1.5507339239120483,-3.0756022532780967
1100,0.4284784197807312,-7.5588059425354,-6.798895835876465,-8.087876319885254,-7.48185936609904
1101,0.6664393544197083,-4.9579315185546875,-4.362131118774414,-4.379916191101074,-4.566659609476726
1102,0.5968669652938843,-4.348006248474121,-3.7987895011901855,-3.4304234981536865,-3.8590730826059976
1103,0.34165841341018677,-0.6962487697601318,-0.9722999334335327,-1.7080903053283691,-1.1255463361740112
1104,0.42680326104164124,-11.62979507446289,-10.020588874816895,-7.343742370605469,-9.664708773295084
1105,0.8073029518127441,-2.7672293186187744,-6.362130641937256,-7.305532455444336,-5.478297472000122
1106,0.5037097930908203,-5.747727394104004,-8.774513244628906,-8.320764541625977,-7.614335060119629
1107,0.4265632927417755,-10.660260200500488,-6.519871711730957,-7.6431097984313965,-8.274413903554281
1108,0.40750858187675476,-7.873229503631592,-7.192605972290039,-6.271912097930908,-7.112582524617513
1109,0.4270727038383484,-5.253924369812012,-7.944454669952393,-6.810402870178223,-6.669593969980876
1110,0.312065988779068,-10.189583778381348,-8.364873886108398,-12.894652366638184,-10.483036677042643
1111,0.5801593661308289,-7.0904951095581055,-5.700517177581787,-7.324884414672852,-6.705298900604248
1112,0.7170354127883911,-7.773364067077637,-4.313962459564209,-7.602245330810547,-6.563190619150798
1113,0.4644085466861725,-12.24808120727539,-11.442819595336914,-8.462074279785156,-10.717658360799154
1114,0.37121766805648804,-10.030807495117188,-9.814244270324707,-9.287557601928711,-9.710869789123535
1115,0.4311240017414093,-9.844757080078125,-7.315871715545654,-9.228291511535645,-8.79630676905314
1116,0.46198564767837524,-13.093852996826172,-10.435574531555176,-9.409164428710938,-10.979530652364096
1117,0.3211671710014343,-8.01353931427002,-9.511168479919434,-8.011630058288574,-8.512112617492676
1118,0.4534059166908264,-4.729098796844482,-9.99468994140625,-5.440988063812256,-6.721592267354329
1119,0.3341904878616333,-7.854142189025879,-9.067471504211426,-9.270869255065918,-8.730827649434408
1120,0.33014562726020813,-6.781930446624756,-10.065123558044434,-9.785709381103516,-8.877587795257568
1121,0.6958509087562561,-2.224747657775879,-4.041995525360107,-3.9390110969543457,-3.401918093363444
1122,0.7399673461914062,-7.1533331871032715,-7.33876895904541,-8.96455192565918,-7.81888469060262
1123,0.5581844449043274,-5.208029270172119,-5.272030830383301,-4.490016937255859,-4.990025679270427
1124,0.580020546913147,-7.983153820037842,-10.248265266418457,-5.481438636779785,-7.904285907745361
1125,0.5692919492721558,-7.268115520477295,-11.221222877502441,-10.351728439331055,-9.613688945770264
1126,0.5531307458877563,-6.354344844818115,-7.620640754699707,-8.641031265258789,-7.53867228825887
1127,0.3988577127456665,-12.752202987670898,-7.982100963592529,-9.344131469726562,-10.026145140329996
1128,0.8357781171798706,-6.009340286254883,-4.304218292236328,-4.754846096038818,-5.022801558176677
1129,0.7108719944953918,-5.046111106872559,-3.6893503665924072,-4.24943733215332,-4.328299601872762
1130,0.5077713131904602,-8.651092529296875,-11.887802124023438,-6.622467517852783,-9.053787390391031
1131,0.37535232305526733,-6.435324668884277,-7.667086601257324,-8.047822952270508,-7.383411407470703
1132,0.6810959577560425,-6.855545997619629,-7.2290358543396,-6.259461879730225,-6.781347910563151
1133,0.6546809673309326,-7.407557010650635,-8.761847496032715,-10.995133399963379,-9.054845968882242
1134,0.6107487082481384,-7.376893520355225,-9.868627548217773,-4.347416400909424,-7.197645823160808
1135,0.6498491764068604,-9.283730506896973,-5.759566307067871,-9.672174453735352,-8.238490422566732
1136,0.4028729796409607,-9.275163650512695,-9.274710655212402,-7.581040382385254,-8.710304896036783
1137,0.7124309539794922,-4.2327680587768555,-8.409730911254883,-7.48584508895874,-6.709448019663493
1138,0.5309144258499146,-7.360297203063965,-8.965608596801758,-5.018161296844482,-7.114689032236735
1139,0.5226293802261353,-7.823836326599121,-8.208107948303223,-5.231817722320557,-7.087920665740967
1140,0.6613791584968567,-5.466706275939941,-5.591786861419678,-4.966578006744385,-5.341690381368001
1141,0.5865048170089722,-5.226523399353027,-7.068899631500244,-9.525690078735352,-7.273704369862874
1142,0.44453713297843933,-7.817110538482666,-7.291547775268555,-9.667101860046387,-8.258586724599203
1143,0.4491384029388428,-8.143655776977539,-5.565088272094727,-8.091251373291016,-7.266665140787761
1144,0.4754219949245453,-6.902104377746582,-7.203329086303711,-5.924938678741455,-6.676790714263916
1145,0.7532708644866943,-8.345491409301758,-8.292579650878906,-7.401675701141357,-8.013248920440674
1146,0.4137099087238312,-8.801526069641113,-7.014489650726318,-7.973590850830078,-7.929868857065837
1147,0.2988668382167816,-8.992209434509277,-11.074089050292969,-10.315768241882324,-10.127355575561523
1148,0.3671502470970154,-7.063127517700195,-9.251694679260254,-10.425305366516113,-8.913375854492188
1149,0.44994643330574036,-7.135280132293701,-6.063455104827881,-7.4322028160095215,-6.876979351043701
1150,0.5633295178413391,-7.495344638824463,-9.156744956970215,-10.402661323547363,-9.018250306447348
1151,0.3250342607498169,-4.878862380981445,-3.3317806720733643,-4.844543933868408,-4.351728995641072
1152,0.43809059262275696,-7.595264434814453,-10.325206756591797,-8.820014953613281,-8.913495381673178
1153,0.530733048915863,-9.142518043518066,-6.3492913246154785,-7.154821395874023,-7.548876921335856
1154,0.5856290459632874,-3.7177278995513916,-5.1461501121521,-5.690379619598389,-4.85141921043396
1155,0.6515591144561768,-5.696150779724121,-6.573633193969727,-6.078339099884033,-6.11604102452596
1156,0.5566830635070801,-9.264787673950195,-11.935749053955078,-9.291624069213867,-10.164053599039713
1157,0.37960270047187805,-5.376717567443848,-9.136292457580566,-8.676817893981934,-7.729942639668782
1158,0.6877028942108154,-6.091846466064453,-10.093483924865723,-8.616071701049805,-8.267134030659994
1159,0.4110284149646759,-4.608827590942383,-6.300103664398193,-4.223511695861816,-5.044147650400798
1160,0.5267286896705627,-4.684593677520752,-7.496598243713379,-9.80966567993164,-7.330285867055257
1161,0.48105472326278687,-8.436163902282715,-9.244053840637207,-5.991748332977295,-7.890655358632405
1162,0.3056376874446869,-9.816213607788086,-8.38634967803955,-9.640839576721191,-9.281134287516275
1163,0.21937765181064606,-11.194272994995117,-10.146175384521484,-9.900504112243652,-10.413650830586752
1164,0.4592520594596863,-11.711405754089355,-11.130546569824219,-7.5982794761657715,-10.146743933359781
1165,0.4772549569606781,-9.322760581970215,-7.900871753692627,-9.703498840332031,-8.975710391998291
1166,0.23511171340942383,-9.087681770324707,-10.992121696472168,-8.653298377990723,-9.5777006149292
1167,0.4100070297718048,-8.733511924743652,-11.145715713500977,-8.895759582519531,-9.591662406921387
1168,0.32939860224723816,-11.88524341583252,-11.378396034240723,-10.48121452331543,-11.248284657796225
1169,0.7270682454109192,-3.1322994232177734,-3.695024013519287,-4.008429050445557,-3.611917495727539
1170,0.32998013496398926,-4.837791442871094,-10.026698112487793,-8.209790229797363,-7.691426595052083
1171,0.26257139444351196,-8.252955436706543,-8.499855041503906,-6.124879837036133,-7.62589677174886
1172,0.2814948260784149,-6.674750328063965,-8.481393814086914,-10.026399612426758,-8.394181251525879
1173,0.6974092125892639,-4.556975364685059,-5.034852027893066,-3.948305130004883,-4.513377507527669
1174,0.4374682605266571,-7.783344268798828,-7.09234619140625,-6.756157398223877,-7.210615952809651
1175,0.2953399419784546,-10.948223114013672,-7.2142767906188965,-7.768947124481201,-8.643815676371256
1176,0.8115668296813965,-3.5493838787078857,-5.741360187530518,-3.6686511039733887,-4.319798390070598
1177,0.4926520884037018,-6.637153148651123,-8.526710510253906,-10.185417175292969,-8.449760278066
1178,0.7869929075241089,-3.8721272945404053,-7.096277713775635,-5.684346675872803,-5.550917228062947
1179,0.4153199791908264,-6.512128829956055,-9.564109802246094,-7.5033183097839355,-7.859852313995361
1180,0.41700518131256104,-8.510481834411621,-9.998299598693848,-4.111799240112305,-7.540193557739258
1181,0.6442899107933044,-9.94260311126709,-5.517613887786865,-5.995311260223389,-7.151842753092448
1182,0.7109605073928833,-9.42505931854248,-7.1332316398620605,-8.666996955871582,-8.408429304758707
1183,0.5228660106658936,-7.150129318237305,-3.2739415168762207,-5.123347282409668,-5.1824727058410645
1184,0.5265047550201416,-4.6586384773254395,-6.249991416931152,-5.931177616119385,-5.613269170125325
1185,0.5082493424415588,-3.4739480018615723,-4.188246726989746,-8.193618774414062,-5.285271167755127
1186,0.7147552967071533,-5.353542327880859,-3.8518309593200684,-4.661156177520752,-4.62217648824056
1187,0.6403306722640991,-10.581798553466797,-8.603798866271973,-10.122735023498535,-9.769444147745768
1188,0.28251326084136963,-10.063892364501953,-11.270232200622559,-9.81486988067627,-10.38299814860026
1189,0.4957507252693176,-7.7488813400268555,-5.0504021644592285,-5.3536458015441895,-6.050976435343425
1190,0.7892250418663025,-3.3972012996673584,-2.3642737865448,-3.8036000728607178,-3.1883583863576255
1191,0.7255743741989136,-4.780218124389648,-6.3645920753479,-4.818209648132324,-5.321006615956624
1192,0.6037780046463013,-11.255657196044922,-5.681795120239258,-9.278865814208984,-8.738772710164389
1193,0.5525228381156921,-7.304775714874268,-6.302216053009033,-8.178924560546875,-7.261972109476726
1194,0.7606900334358215,-4.35814094543457,-8.15553092956543,-6.500283241271973,-6.337985038757324
1195,0.4668353796005249,-8.005278587341309,-8.658486366271973,-8.51425552368164,-8.39267349243164
1196,0.5353015661239624,-6.984969615936279,-6.301021575927734,-5.685343265533447,-6.32377815246582
1197,0.5499275326728821,-5.4401631355285645,-7.159804821014404,-7.946775913238525,-6.848914623260498
1198,0.615330159664154,-10.261292457580566,-6.277779579162598,-7.202029228210449,-7.913700421651204
1199,0.8068508505821228,-3.6812586784362793,-3.247511863708496,-4.2941975593566895,-3.740989367167155
1200,0.5373382568359375,-6.689679145812988,-8.301494598388672,-7.686192512512207,-7.559122085571289
1201,0.4850652515888214,-6.741240501403809,-7.282084941864014,-5.7099609375,-6.577762126922607
1202,0.34078070521354675,-7.23129940032959,-7.42180871963501,-7.036519527435303,-7.229875882466634
1203,0.3544371724128723,-11.37797737121582,-9.858661651611328,-12.117315292358398,-11.117984771728516
1204,0.41418004035949707,-8.12580394744873,-10.141656875610352,-10.949103355407715,-9.7388547261556
1205,0.3563508093357086,-6.832562446594238,-6.475189208984375,-9.841438293457031,-7.716396649678548
1206,0.7090884447097778,-8.087566375732422,-8.14974594116211,-7.476077079772949,-7.904463132222493
1207,0.31759706139564514,-10.612397193908691,-9.815610885620117,-7.792210102081299,-9.406739393870035
1208,0.564128577709198,-10.651230812072754,-10.949881553649902,-8.03236198425293,-9.877824783325195
1209,0.33699941635131836,-7.737537860870361,-6.7532854080200195,-9.00728988647461,-7.832704385121663
1210,0.7079641819000244,-2.501469612121582,-3.909641742706299,-3.678036689758301,-3.363049348195394
1211,0.6012467741966248,-9.318852424621582,-10.610738754272461,-9.68002700805664,-9.86987272898356
1212,0.6000113487243652,-8.286959648132324,-3.272775888442993,-5.672912120819092,-5.744215885798137
1213,0.481842041015625,-8.954487800598145,-8.286023139953613,-9.864764213562012,-9.035091718037924
1214,0.7014676928520203,-4.164667129516602,-7.220991611480713,-11.096900939941406,-7.494186560312907
1215,0.4255900979042053,-7.8843865394592285,-12.18154239654541,-7.868980884552002,-9.311636606852213
1216,0.7689396142959595,-5.373695373535156,-5.563578128814697,-5.9754228591918945,-5.637565453847249
1217,0.3184736371040344,-11.162095069885254,-7.7738494873046875,-11.04089069366455,-9.992278416951498
1218,0.4251585602760315,-11.165946006774902,-7.3546576499938965,-7.5322370529174805,-8.684280236562094
1219,0.2684200704097748,-10.303464889526367,-11.65890884399414,-10.056705474853516,-10.673026402791342
1220,0.6215079426765442,-8.442582130432129,-8.146228790283203,-7.7745232582092285,-8.121111392974854
1221,0.5121769309043884,-9.980810165405273,-9.978618621826172,-12.151793479919434,-10.703740755716959
1222,0.4807758629322052,-10.861189842224121,-9.995287895202637,-7.773632526397705,-9.543370087941488
1223,0.621451735496521,-6.813699245452881,-6.360012054443359,-8.875962257385254,-7.349891185760498
1224,0.7416949272155762,-5.721338272094727,-5.60167932510376,-4.814083099365234,-5.37903356552124
1225,0.48149845004081726,-8.623597145080566,-7.666993618011475,-7.648849010467529,-7.97981325785319
1226,0.5275875329971313,-2.467557907104492,-2.925220489501953,-7.739165782928467,-4.377314726511638
1227,0.6729385256767273,-5.878857135772705,-3.0614376068115234,-8.139182090759277,-5.693158944447835
1228,0.4911805987358093,-5.006887435913086,-5.557911396026611,-5.707717418670654,-5.424172083536784
1229,0.4800545573234558,-8.485365867614746,-5.051938056945801,-4.763736724853516,-6.1003468831380205
1230,0.302663654088974,-8.691713333129883,-9.839664459228516,-9.200555801391602,-9.243977864583334
1231,0.4912101626396179,-8.3469820022583,-9.347400665283203,-8.100334167480469,-8.598238945007324
1232,0.439946711063385,-7.091019630432129,-3.7084906101226807,-5.046413898468018,-5.281974713007609
1233,0.3622865676879883,-7.705196380615234,-7.687766075134277,-9.600130081176758,-8.33103084564209
1234,0.3248152434825897,-6.381089687347412,-7.509915828704834,-10.65778636932373,-8.182930628458658
1235,0.603801429271698,-12.18089485168457,-11.855234146118164,-9.1636962890625,-11.066608428955078
1236,0.4006419777870178,-7.148614406585693,-8.004603385925293,-8.95670223236084,-8.03664000829061
1237,0.3875739276409149,-8.357434272766113,-6.580413818359375,-8.048224449157715,-7.662024180094401
1238,0.5533698797225952,-10.874685287475586,-11.173699378967285,-5.892470836639404,-9.313618501027426
1239,0.5746415257453918,-8.404414176940918,-10.943470001220703,-9.123637199401855,-9.490507125854492
1240,0.468903511762619,-6.427335262298584,-7.954863548278809,-6.925342082977295,-7.1025136311848955
1241,0.4807896912097931,-6.810033321380615,-6.517899513244629,-6.064639091491699,-6.464190642038981
1242,0.5639656782150269,-9.01305103302002,-8.761821746826172,-7.673200607299805,-8.482691129048666
1243,0.3202534019947052,-2.411050319671631,-5.094750881195068,-5.624598026275635,-4.376799742380778
1244,0.31697770953178406,-5.756163597106934,-10.605121612548828,-10.059112548828125,-8.806799252827963
1245,0.5289017558097839,-5.78530740737915,-8.230674743652344,-2.3261170387268066,-5.447366396586101
1246,0.6686996221542358,-8.379029273986816,-7.233362197875977,-5.309352874755859,-6.973914782206218
1247,0.634682834148407,-7.294963359832764,-7.446651458740234,-4.620031356811523,-6.453882058461507
1248,0.5573354959487915,-5.266923427581787,-6.596671104431152,-4.429682731628418,-5.431092421213786
1249,0.8130806684494019,-4.416563987731934,-7.733720779418945,-3.4475150108337402,-5.19926659266154
1250,0.4253329634666443,-8.277445793151855,-9.460923194885254,-10.19918441772461,-9.312517801920572
1251,0.36482006311416626,-8.73395824432373,-10.37687873840332,-10.388647079467773,-9.833161354064941
1252,0.7114292979240417,-7.10737943649292,-9.885589599609375,-7.701866149902344,-8.231611728668213
1253,0.4824616611003876,-11.261902809143066,-12.506806373596191,-5.6324782371521,-9.800395806630453
1254,0.5670543313026428,-10.012072563171387,-7.949793815612793,-6.454843521118164,-8.138903299967447
1255,0.5437656044960022,-10.528484344482422,-11.23099136352539,-8.52169418334961,-10.09372329711914
1256,0.3656661808490753,-5.86354923248291,-9.898685455322266,-5.646803379058838,-7.136346022288005
1257,0.4118826389312744,-8.308323860168457,-8.75113582611084,-7.531591892242432,-8.197017192840576
1258,0.325921893119812,-6.695553779602051,-4.336021423339844,-4.5620222091674805,-5.197865804036458
1259,0.6893157362937927,-6.81417179107666,-6.603991985321045,-3.9154112339019775,-5.777858336766561
1260,0.3723788559436798,-5.7822089195251465,-7.485355377197266,-6.7809648513793945,-6.682843049367269
1261,0.6286324262619019,-8.031068801879883,-7.7244181632995605,-10.513968467712402,-8.756485144297281
1262,0.631635308265686,-9.2334566116333,-11.764941215515137,-11.715364456176758,-10.904587427775065
1263,0.46945375204086304,-11.540872573852539,-8.009405136108398,-6.849435806274414,-8.799904505411783
1264,0.34746861457824707,-9.326272964477539,-8.804800987243652,-5.756686210632324,-7.962586720784505
1265,0.3934890031814575,-5.982362270355225,-7.771474838256836,-4.983952522277832,-6.245929876963298
1266,0.6917943954467773,-3.5935094356536865,-1.096798300743103,-2.3279271125793457,-2.3394116163253784
1267,0.3441218137741089,-7.225261688232422,-8.672782897949219,-8.936771392822266,-8.278271993001303
1268,0.4199289381504059,-11.800454139709473,-7.92342472076416,-9.229293823242188,-9.651057561238607
1269,0.3901127278804779,-8.406993865966797,-5.592477798461914,-8.772137641906738,-7.590536435445149
1270,0.7272149920463562,-6.868709087371826,-4.404553413391113,-4.218793869018555,-5.164018789927165
1271,0.5017029643058777,-10.23808479309082,-9.436970710754395,-8.757120132446289,-9.477391878763834
1272,0.5569988489151001,-8.037321090698242,-9.175813674926758,-8.798318862915039,-8.67048454284668
1273,0.5018408298492432,-9.05435848236084,-8.13230037689209,-10.20816707611084,-9.131608645121256
1274,0.4674743115901947,-6.623621463775635,-5.491547107696533,-4.324701309204102,-5.47995662689209
1275,0.8092007637023926,-3.407831907272339,-1.361871361732483,-1.7324343919754028,-2.1673792203267417
1276,0.5259265899658203,-10.499419212341309,-7.640267848968506,-7.479376792907715,-8.539687951405844
1277,0.8300914764404297,-2.700986385345459,-3.644076108932495,-2.5500259399414062,-2.96502947807312
1278,0.7540016174316406,-4.355154514312744,-3.1107606887817383,-2.838047504425049,-3.4346542358398438
1279,0.4350605010986328,-6.390823841094971,-10.494926452636719,-6.873575210571289,-7.919775168100993
1280,0.41681212186813354,-6.988266468048096,-9.244332313537598,-10.9900484085083,-9.074215730031332
1281,0.5565894246101379,-6.675983428955078,-3.207313060760498,-5.285849571228027,-5.056382020314534
1282,0.702740490436554,-5.204544544219971,-4.267304420471191,-4.256024360656738,-4.575957775115967
1283,0.5906771421432495,-8.184776306152344,-6.869390964508057,-6.83651876449585,-7.296895345052083
1284,0.6590576767921448,-6.685109615325928,-8.991545677185059,-5.67423152923584,-7.116962273915608
1285,0.6873571276664734,-3.818253755569458,-3.6452596187591553,-2.442344903945923,-3.3019527594248452
1286,0.4671575129032135,-12.045838356018066,-10.59990406036377,-6.775348663330078,-9.80703035990397
1287,0.77442866563797,-5.932897090911865,-6.168408393859863,-5.833608627319336,-5.9783047040303545
1288,0.689140260219574,-9.007518768310547,-4.97625732421875,-4.349099636077881,-6.110958576202393
1289,0.47926774621009827,-6.425644397735596,-9.616969108581543,-6.8342084884643555,-7.625607331593831
1290,0.776879072189331,-6.581600666046143,-6.231064796447754,-6.878124713897705,-6.563596725463867
1291,0.7795235514640808,-3.763869285583496,-6.847198009490967,-4.750611305236816,-5.120559533437093
1292,0.7894671559333801,-5.722109794616699,-5.854341983795166,-6.20196008682251,-5.926137288411458
1293,0.3176203966140747,-6.604963779449463,-10.83846378326416,-6.935919761657715,-8.12644910812378
1294,0.46473655104637146,-8.921102523803711,-11.520909309387207,-10.103381156921387,-10.181797663370768
1295,0.6397629976272583,-7.3160576820373535,-5.024349212646484,-8.082618713378906,-6.807675202687581
1296,0.4236786365509033,-7.219845771789551,-7.860108375549316,-9.690603256225586,-8.256852467854818
1297,0.3623429834842682,-6.920719146728516,-9.510406494140625,-6.496748447418213,-7.642624696095784
1298,0.3017762005329132,-6.371321201324463,-6.862411022186279,-6.392225742340088,-6.541985988616943
1299,0.2815309166908264,-8.608209609985352,-5.760044574737549,-9.15534782409668,-7.841200669606526
1300,0.5377541780471802,-5.369557857513428,-10.411137580871582,-10.668498039245605,-8.816397825876871
1301,0.6020903587341309,-5.81154203414917,-3.537938356399536,-5.590017795562744,-4.979832728703816
1302,0.3353120684623718,-9.19963550567627,-9.800105094909668,-6.632025718688965,-8.543922106424967
1303,0.49724650382995605,-11.231987953186035,-9.187369346618652,-12.576591491699219,-10.998649597167969
1304,0.281710684299469,-6.600367546081543,-10.39246940612793,-7.95537805557251,-8.31607166926066
1305,0.5313571691513062,-7.834906101226807,-4.325851917266846,-5.9491424560546875,-6.036633491516113
1306,0.35378509759902954,-9.749679565429688,-6.113251686096191,-8.895903587341309,-8.252944946289062
1307,0.32437753677368164,-10.49902629852295,-9.283205032348633,-10.022662162780762,-9.934964497884115
1308,0.7212743163108826,-5.948065280914307,-7.309859752655029,-5.539061546325684,-6.26566219329834
1309,0.5544384121894836,-8.277987480163574,-2.8036537170410156,-8.849574089050293,-6.643738428751628
1310,0.6215596795082092,-5.614729881286621,-7.92909049987793,-7.319357872009277,-6.954392751057942
1311,0.6699835658073425,-5.350375175476074,-6.517638683319092,-4.910300254821777,-5.5927713712056475
1312,0.4842457175254822,-6.0177001953125,-3.052288055419922,-6.05608606338501,-5.0420247713724775
1313,0.508673906326294,-5.224294185638428,-8.98990535736084,-6.592756271362305,-6.935651938120524
1314,0.5333703756332397,-4.534743785858154,-10.031865119934082,-5.173401832580566,-6.580003579457601
1315,0.6626248359680176,-4.079543113708496,-7.379683494567871,-5.109133243560791,-5.522786617279053
1316,0.5149372816085815,-4.392237186431885,-8.044655799865723,-5.788232803344727,-6.075041929880778
1317,0.5920327305793762,-1.8695577383041382,-6.097280025482178,-6.5754313468933105,-4.8474230368932085
1318,0.4660814106464386,-3.768960952758789,-9.509761810302734,-5.765477657318115,-6.348066806793213
1319,0.6190515756607056,-3.306333541870117,-5.210629940032959,-3.1712899208068848,-3.896084467569987
1320,0.5148645043373108,-4.957801342010498,-5.562823295593262,-6.435339450836182,-5.6519880294799805
1321,0.6227152943611145,-2.1401143074035645,-6.2696533203125,-6.3932600021362305,-4.934342543284099
1322,0.5200241208076477,-5.65114688873291,-9.00894546508789,-8.375650405883789,-7.67858091990153
1323,0.5907930731773376,-2.5536041259765625,-5.933109283447266,-4.906225204467773,-4.4643128712972
1324,0.5447996258735657,-5.577966213226318,-6.9181013107299805,-5.843288898468018,-6.113118807474772
1325,0.48915961384773254,-4.542220592498779,-7.068882465362549,-8.293963432312012,-6.635022163391113
1326,0.5308946967124939,-3.6928083896636963,-7.447963237762451,-8.258538246154785,-6.4664366245269775
1327,0.629494845867157,-3.885734796524048,-9.407235145568848,-7.087221622467041,-6.7933971881866455
1328,0.576288640499115,-3.411238193511963,-8.15855598449707,-5.825811862945557,-5.798535346984863
1329,0.43402886390686035,-7.923953056335449,-9.588379859924316,-5.792474269866943,-7.768269062042236
1330,0.3971429765224457,-4.5091776847839355,-8.713301658630371,-5.311030864715576,-6.177836736043294
1331,0.6178774833679199,-5.129257678985596,-4.794107437133789,-3.249005079269409,-4.390790065129598
1332,0.40510720014572144,-3.2641189098358154,-4.399532794952393,-3.044283151626587,-3.5693116188049316
1333,0.4786207675933838,-4.984672546386719,-12.473377227783203,-10.09476375579834,-9.184271176656088
1334,0.5694712996482849,-2.519066333770752,-6.69265079498291,-4.9487714767456055,-4.720162868499756
1335,0.4379158020019531,-3.996877431869507,-10.18250560760498,-7.8380584716796875,-7.339147170384725
1336,0.4591616690158844,-4.398927688598633,-10.032621383666992,-7.06155252456665,-7.164367198944092
1337,0.5202471017837524,-3.4051833152770996,-5.666254043579102,-6.382090091705322,-5.151175816853841
1338,0.5922225117683411,-4.41933536529541,-8.749048233032227,-5.40261173248291,-6.190331776936849
1339,0.6573712229728699,-2.6213531494140625,-6.590742111206055,-7.355624198913574,-5.522573153177897
1340,0.6178880929946899,-3.9642062187194824,-4.186631679534912,-9.478669166564941,-5.876502354939778
1341,0.59123694896698,-2.4759328365325928,-5.11442756652832,-5.8366522789001465,-4.47567089398702
1342,0.5549100041389465,-3.224463939666748,-4.87832498550415,-8.493977546691895,-5.532255490620931
1343,0.45296528935432434,-5.937854766845703,-8.020299911499023,-3.6711809635162354,-5.876445213953654
1344,0.44355255365371704,-3.7937099933624268,-9.161749839782715,-3.8602335453033447,-5.605231126149495
1345,0.5392574071884155,-4.755807399749756,-4.753864765167236,-5.7829108238220215,-5.097527662913005
1346,0.3397228419780731,-5.347081184387207,-9.787723541259766,-7.720376968383789,-7.618393898010254
1347,0.38382887840270996,-4.4079790115356445,-9.836602210998535,-7.184910774230957,-7.143163998921712
1348,0.580241322517395,-4.235064506530762,-7.766453742980957,-2.6592864990234375,-4.886934916178386
1349,0.5638869404792786,-3.998053789138794,-7.4692301750183105,-4.698247909545898,-5.388510624567668
1350,0.6344941854476929,-3.173208475112915,-7.560398101806641,-4.338531017303467,-5.024045864741008
1351,0.4528326988220215,-2.378188371658325,-6.595033645629883,-6.214108943939209,-5.062443653742473
1352,0.6743009090423584,-3.507035732269287,-6.893345832824707,-4.538409233093262,-4.979596932729085
1353,0.6001600623130798,-3.6718571186065674,-6.910792350769043,-3.3940694332122803,-4.65890630086263
1354,0.3624717891216278,-3.220410108566284,-8.436012268066406,-5.865218639373779,-5.84054700533549
1355,0.4954240918159485,-3.749577522277832,-10.36950969696045,-7.218095779418945,-7.112394332885742
1356,0.5805319547653198,-4.124862194061279,-9.955077171325684,-7.8911237716674805,-7.323687712351481
1357,0.5128792524337769,-3.228875160217285,-8.327009201049805,-4.137333869934082,-5.231072743733724
1358,0.5439569354057312,-3.713514804840088,-6.207793712615967,-5.331955909729004,-5.084421475728353
1359,0.4951114058494568,-4.141889572143555,-12.919658660888672,-10.645539283752441,-9.235695838928223
1360,0.550733745098114,-3.679314374923706,-9.202847480773926,-4.590622425079346,-5.824261426925659
1361,0.5617456436157227,-2.7956693172454834,-7.703596115112305,-6.994014739990234,-5.831093390782674
1362,0.43854352831840515,-4.07138729095459,-6.750768661499023,-5.843095302581787,-5.555083751678467
1363,0.5634251236915588,-1.9354338645935059,-6.082389831542969,-7.070820331573486,-5.029548009236653
1364,0.5896989703178406,-3.2165093421936035,-8.935580253601074,-4.816604137420654,-5.65623124440511
1365,0.5012176632881165,-4.6610798835754395,-9.273426055908203,-6.453658103942871,-6.796054681142171
1366,0.5181628465652466,-5.326724529266357,-8.67282485961914,-8.89381217956543,-7.631120522816976
1367,0.4551008343696594,-4.262825012207031,-7.113898754119873,-9.522951126098633,-6.966558297475179
1368,0.4811580777168274,-4.059183120727539,-4.113609313964844,-5.166400909423828,-4.44639778137207
1369,0.42968499660491943,-4.836666107177734,-7.034185409545898,-3.4886672496795654,-5.119839588801066
1370,0.4981256425380707,-5.4412970542907715,-7.474086761474609,-8.504389762878418,-7.1399245262146
1371,0.4778743386268616,-5.783390998840332,-9.173709869384766,-6.988867282867432,-7.315322717030843
1372,0.37164396047592163,-3.095202922821045,-13.305069923400879,-13.065531730651855,-9.821934858957926
1373,0.3285764455795288,-4.979984283447266,-9.459829330444336,-5.88805627822876,-6.775956630706787
1374,0.50493323802948,-3.655074119567871,-11.095701217651367,-6.890402793884277,-7.213726043701172
1375,0.5553154349327087,-6.211477756500244,-9.2018461227417,-7.025363922119141,-7.479562600453694
1376,0.6035636067390442,-3.300264596939087,-6.851266860961914,-4.108004570007324,-4.753178675969441
1377,0.35672566294670105,-5.91227912902832,-8.84295654296875,-10.667508125305176,-8.474247932434082
1378,0.5825248956680298,-2.62558913230896,-4.722445964813232,-5.509269714355469,-4.285768270492554
1379,0.4044112265110016,-3.1391568183898926,-11.645757675170898,-7.404721260070801,-7.39654525121053
1380,0.5357096791267395,-3.107011079788208,-5.417036533355713,-4.877770900726318,-4.467272837956746
1381,0.6526674628257751,-4.132270812988281,-7.134124755859375,-5.175497055053711,-5.480630874633789
1382,0.5343127846717834,-3.678159475326538,-10.22720718383789,-5.450150489807129,-6.451839049657186
1383,0.39699894189834595,-3.9650986194610596,-11.149781227111816,-7.774994373321533,-7.629958073298137
1384,0.38323724269866943,-5.701598644256592,-12.310684204101562,-7.239969730377197,-8.417417526245117
1385,0.5254693627357483,-4.975889205932617,-7.484574794769287,-7.678200721740723,-6.712888240814209
1386,0.4826432466506958,-3.124274730682373,-4.041865825653076,-7.756582736968994,-4.9742410977681475
1387,0.46126827597618103,-4.0958733558654785,-11.34045124053955,-8.120469093322754,-7.852264563242595
1388,0.34793734550476074,-4.273848533630371,-13.278531074523926,-12.892905235290527,-10.148428281148275
1389,0.4272601902484894,-4.710012912750244,-9.456001281738281,-9.394219398498535,-7.8534111976623535
1390,0.32356512546539307,-3.655280828475952,-7.882880687713623,-8.844589233398438,-6.794250249862671
1391,0.44347551465034485,-4.245079040527344,-6.907249927520752,-6.559901237487793,-5.90407673517863
1392,0.4992066025733948,-4.276890277862549,-10.12812328338623,-9.182530403137207,-7.862514654795329
1393,0.47408413887023926,-5.7773895263671875,-10.27349853515625,-8.330459594726562,-8.127115885416666
1394,0.6454101204872131,-1.2108330726623535,-6.498849391937256,-3.9151008129119873,-3.8749277591705322
1395,0.3584064543247223,-5.573005199432373,-13.64166259765625,-11.831903457641602,-10.348857084910074
1396,0.5499552488327026,-3.253570318222046,-3.6697921752929688,-2.878267765045166,-3.267210086186727
1397,0.3896368443965912,-3.1790359020233154,-7.684373378753662,-6.730019569396973,-5.864476283391316
1398,0.5051909685134888,-3.804586172103882,-7.241797924041748,-5.017421722412109,-5.354601939519246
1399,0.45311182737350464,-4.8343586921691895,-8.600234985351562,-9.032936096191406,-7.489176591237386
1400,0.3882058262825012,-3.1355550289154053,-6.5084357261657715,-6.139019012451172,-5.261003255844116
1401,0.4477187991142273,-5.425968647003174,-8.128522872924805,-6.042693138122559,-6.532394886016846
1402,0.5391411185264587,-3.9958364963531494,-8.079825401306152,-4.729189395904541,-5.601617097854614
1403,0.5893577933311462,-2.964653491973877,-6.067601680755615,-5.152098178863525,-4.728117783864339
1404,0.5865973234176636,-6.3698930740356445,-8.799551963806152,-5.768914222717285,-6.979453086853027
1405,0.5384433269500732,-3.273346185684204,-7.317506790161133,-5.553151607513428,-5.381334861119588
1406,0.501652181148529,-3.197422742843628,-7.474409103393555,-5.898626804351807,-5.523486216862996
1407,0.6361219882965088,-2.203791856765747,-5.825259685516357,-4.338632106781006,-4.12256121635437
1408,0.44821202754974365,-4.894466876983643,-13.159571647644043,-12.160653114318848,-10.071563879648844
1409,0.44814157485961914,-4.495629787445068,-6.562424659729004,-3.55711030960083,-4.871721585591634
1410,0.377603679895401,-3.4855403900146484,-9.583145141601562,-6.530049800872803,-6.532911777496338
1411,0.5185030698776245,-4.262552261352539,-9.920358657836914,-6.776620388031006,-6.986510435740153
1412,0.5080276131629944,-4.805283546447754,-9.745452880859375,-11.235675811767578,-8.595470746358236
1413,0.45198148488998413,-5.478111743927002,-8.945974349975586,-5.108615398406982,-6.510900497436523
1414,0.5358325242996216,-2.928596019744873,-8.569028854370117,-5.3846540451049805,-5.627426306406657
1415,0.5940486788749695,-3.275705337524414,-7.496942520141602,-4.869834899902344,-5.214160919189453
1416,0.4874059855937958,-5.657534122467041,-10.824882507324219,-8.068731307983398,-8.183715979258219
1417,0.5083353519439697,-4.029876708984375,-10.351948738098145,-6.515972137451172,-6.965932528177897
1418,0.46763327717781067,-4.976326942443848,-8.447362899780273,-7.71441125869751,-7.04603370030721
1419,0.5817670822143555,-2.897653341293335,-8.766136169433594,-6.9704084396362305,-6.21139931678772
1420,0.46612489223480225,-3.8544418811798096,-6.263675212860107,-7.737013339996338,-5.951710144678752
1421,0.6112672686576843,-4.067498683929443,-5.28980016708374,-3.1681506633758545,-4.17514983812968
1422,0.4728225767612457,-6.030703067779541,-7.888648986816406,-6.529068946838379,-6.816140333811442
1423,0.5213568210601807,-3.4545533657073975,-4.441650867462158,-3.145693302154541,-3.6806325117746987
1424,0.4412843883037567,-2.292041778564453,-8.374649047851562,-1.2337933778762817,-3.9668280680974326
1425,0.44297197461128235,-4.368082046508789,-7.917133808135986,-7.226107597351074,-6.503774483998616
1426,0.42829734086990356,-3.9355480670928955,-5.127943992614746,-3.641225814819336,-4.234905958175659
1427,0.4449854791164398,-4.498157024383545,-9.054409980773926,-6.231494426727295,-6.594687143961589
1428,0.47552990913391113,-3.9837543964385986,-9.938315391540527,-5.894148826599121,-6.605406204859416
1429,0.5473004579544067,-4.273762226104736,-9.079182624816895,-4.125099182128906,-5.826014677683513
1430,0.5574222207069397,-5.504588603973389,-6.905646324157715,-7.540492057800293,-6.650242328643799
1431,0.47134843468666077,-4.794620037078857,-8.029598236083984,-6.5756306648254395,-6.466616312662761
1432,0.42812275886535645,-3.9815514087677,-5.094244003295898,-3.2615764141082764,-4.112457275390625
1433,0.48981449007987976,-2.900878429412842,-6.095673561096191,-4.094345569610596,-4.363632520039876
1434,0.5069783329963684,-3.5702998638153076,-7.802724361419678,-4.402365684509277,-5.258463303248088
1435,0.5304045677185059,-5.634278297424316,-6.582694053649902,-7.00167989730835,-6.4062174161275225
1436,0.568687915802002,-3.9357259273529053,-9.848139762878418,-7.335625648498535,-7.039830446243286
1437,0.5068009495735168,-5.872579574584961,-7.480210304260254,-5.0582990646362305,-6.137029647827148
1438,0.6537154912948608,-2.6218159198760986,-6.850147247314453,-3.8884758949279785,-4.453479687372844
1439,0.48780739307403564,-5.341367244720459,-10.581903457641602,-7.323763847351074,-7.749011516571045
1440,0.5450551509857178,-4.89198112487793,-7.54801082611084,-6.860424995422363,-6.433472315470378
1441,0.42382535338401794,-5.797621726989746,-7.773808002471924,-4.482685089111328,-6.018038272857666
1442,0.5447031259536743,-5.146389484405518,-7.884263515472412,-5.703638553619385,-6.2447638511657715
1443,0.4649893045425415,-2.6381232738494873,-5.055703163146973,-2.7156474590301514,-3.4698246320088706
1444,0.44759055972099304,-2.9322948455810547,-7.287914276123047,-5.211269378662109,-5.143826166788737
1445,0.49753403663635254,-3.3273675441741943,-7.678122520446777,-6.205211162567139,-5.736900409062703
1446,0.48200613260269165,-5.727292537689209,-9.148184776306152,-9.954086303710938,-8.2765212059021
1447,0.49264204502105713,-3.3857061862945557,-6.8069257736206055,-7.497459411621094,-5.896697123845418
1448,0.6694322228431702,-4.430422306060791,-5.883037567138672,-4.426634311676025,-4.913364728291829
1449,0.4721737205982208,-6.014726161956787,-9.556304931640625,-8.506223678588867,-8.02575159072876
1450,0.5590947866439819,-3.078857183456421,-11.291754722595215,-4.403618335723877,-6.258076747258504
1451,0.4246245324611664,-4.555912494659424,-10.5044527053833,-8.376662254333496,-7.812342484792073
1452,0.5596036911010742,-4.570596694946289,-9.231856346130371,-7.978813648223877,-7.260422229766846
1453,0.49654674530029297,-3.4115419387817383,-7.309319496154785,-9.26620864868164,-6.662356694539388
1454,0.4815230965614319,-3.4832987785339355,-7.341825008392334,-6.547769069671631,-5.790964285532634
1455,0.5008397698402405,-4.627391815185547,-9.432075500488281,-9.28802490234375,-7.782497406005859
1456,0.6341226100921631,-1.5164759159088135,-5.440732002258301,-4.700956344604492,-3.886054754257202
1457,0.4939725399017334,-4.078986644744873,-11.201630592346191,-10.346528053283691,-8.542381763458252
1458,0.5302099585533142,-4.892040252685547,-11.022289276123047,-5.557699203491211,-7.157342910766602
1459,0.4165177047252655,-2.2701170444488525,-7.650524139404297,-7.015383243560791,-5.6453414758046465
1460,0.5314935445785522,-4.433644771575928,-9.45422077178955,-6.58335542678833,-6.823740323384603
1461,0.5562155842781067,-3.467552661895752,-5.347023010253906,-5.31494665145874,-4.709840774536133
1462,0.613470733165741,-4.853873252868652,-10.224268913269043,-4.187276840209961,-6.421806335449219
1463,0.529811680316925,-3.5293965339660645,-8.735372543334961,-5.996312141418457,-6.087027072906494
1464,0.44777119159698486,-5.5065693855285645,-5.075220108032227,-5.335516452789307,-5.305768648783366
1465,0.503102719783783,-3.045470714569092,-6.736166954040527,-6.094283580780029,-5.29197374979655
1466,0.5957210063934326,-3.9772233963012695,-6.647774696350098,-5.041000843048096,-5.221999645233154
1467,0.48043355345726013,-4.587108612060547,-7.171509742736816,-8.477344512939453,-6.745320955912272
1468,0.6019399762153625,-3.765587091445923,-4.511889934539795,-7.586839199066162,-5.288105408350627
1469,0.5517516732215881,-4.6691508293151855,-7.408710479736328,-6.3506340980529785,-6.142831802368164
1470,0.41904833912849426,-5.25244140625,-10.78873348236084,-10.486771583557129,-8.84264882405599
1471,0.5381808876991272,-3.0954394340515137,-7.407599449157715,-5.911454200744629,-5.471497694651286
1472,0.5284472703933716,-4.34556245803833,-6.8604817390441895,-9.133272171020508,-6.779772122701009
1473,0.4869994819164276,-5.729759216308594,-8.621570587158203,-8.239240646362305,-7.530190149943034
1474,0.4668246805667877,-4.220595836639404,-10.228300094604492,-7.300867080688477,-7.249921003977458
1475,0.4544696509838104,-3.8233590126037598,-6.041626930236816,-10.858160018920898,-6.907715320587158
1476,0.40310096740722656,-4.539833068847656,-9.91693115234375,-9.128045082092285,-7.8616031010945635
1477,0.420041561126709,-4.647719860076904,-6.916205883026123,-6.0253190994262695,-5.863081614176433
1478,0.5343786478042603,-5.387556552886963,-7.361336708068848,-7.664475440979004,-6.8044562339782715
1479,0.5883254408836365,-1.5262037515640259,-7.10815954208374,-6.6766510009765625,-5.103671431541443
1480,0.45636647939682007,-5.432502269744873,-10.030525207519531,-12.179533004760742,-9.214186827341715
1481,0.5018102526664734,-4.559628963470459,-11.034358978271484,-9.606086730957031,-8.400024890899658
1482,0.4510078430175781,-2.5770370960235596,-4.219356536865234,-6.142361164093018,-4.3129182656606035
1483,0.41389504075050354,-3.5127196311950684,-10.664999961853027,-7.967483043670654,-7.381734212239583
1484,0.657302737236023,-3.859459400177002,-5.434720516204834,-3.9794623851776123,-4.424547433853149
1485,0.5331506729125977,-4.686488628387451,-7.9808197021484375,-5.214718341827393,-5.960675557454427
1486,0.5238250494003296,-4.665555477142334,-6.3561272621154785,-8.198258399963379,-6.4066470464070635
1487,0.3827429711818695,-4.606325149536133,-9.885066032409668,-7.925140380859375,-7.472177187601726
1488,0.4692758619785309,-5.285398483276367,-8.230143547058105,-7.013646125793457,-6.84306271870931
1489,0.5134311318397522,-4.557023525238037,-5.969904899597168,-5.610391139984131,-5.379106521606445
1490,0.6270167827606201,-4.455345630645752,-6.623571395874023,-7.219905376434326,-6.099607467651367
1491,0.34386858344078064,-5.1500139236450195,-13.161663055419922,-14.161062240600586,-10.824246406555176
1492,0.5626488327980042,-5.666092395782471,-8.200187683105469,-5.1248602867126465,-6.330380121866862
1493,0.47046661376953125,-5.214269638061523,-8.096295356750488,-6.393623352050781,-6.568062782287598
1494,0.4305959641933441,-3.23077654838562,-8.704597473144531,-6.603203773498535,-6.1795259316762285
1495,0.4205848276615143,-3.4017417430877686,-3.716337203979492,-9.219525337219238,-5.445868094762166
1496,0.32787349820137024,-6.621268272399902,-12.729397773742676,-12.186527252197266,-10.512397766113281
1497,0.5229646563529968,-3.7312519550323486,-6.43215799331665,-7.214163303375244,-5.792524417241414
1498,0.40590694546699524,-5.854707717895508,-8.694640159606934,-9.871840476989746,-8.140396118164062
1499,0.35744982957839966,-5.0971479415893555,-9.754549026489258,-8.826446533203125,-7.892714500427246
1500,0.41469359397888184,-4.171994686126709,-11.515731811523438,-12.157563209533691,-9.281763235727945
1501,0.4216141402721405,-5.769249439239502,-12.98074722290039,-10.268643379211426,-9.672880013783773
1502,0.47571468353271484,-5.866824626922607,-11.381294250488281,-9.983811378479004,-9.07731008529663
1503,0.5155353546142578,-3.8962104320526123,-7.32372522354126,-3.8596742153167725,-5.026536623636882
1504,0.5010603070259094,-3.9805407524108887,-9.395210266113281,-6.445250034332275,-6.607000350952148
1505,0.4142040014266968,-2.996540069580078,-9.728103637695312,-7.420180797576904,-6.714941501617432
1506,0.5370085835456848,-4.2844038009643555,-11.021061897277832,-10.723506927490234,-8.676324208577475
1507,0.51602703332901,-4.46811580657959,-5.728400230407715,-6.620052337646484,-5.605522791544597
1508,0.3270430266857147,-5.301486968994141,-13.944308280944824,-10.480684280395508,-9.90882651011149
1509,0.37195175886154175,-3.49800443649292,-7.2873454093933105,-3.906202793121338,-4.8971842130025225
1510,0.27925992012023926,-4.063263893127441,-13.323968887329102,-10.852311134338379,-9.41318130493164
1511,0.5350006818771362,-3.2118213176727295,-7.825023651123047,-6.986866474151611,-6.007903814315796
1512,0.48805198073387146,-3.59971022605896,-10.876279830932617,-9.023038864135742,-7.833009640375773
1513,0.5510870814323425,-4.479940414428711,-8.082778930664062,-5.572831153869629,-6.045183499654134
1514,0.5520705580711365,-5.497231960296631,-10.381570816040039,-8.326074600219727,-8.068292458852133
1515,0.3932958245277405,-5.475550651550293,-6.506872653961182,-9.574607849121094,-7.1856770515441895
1516,0.5372162461280823,-4.095006942749023,-6.49041223526001,-6.541752338409424,-5.709057172139485
1517,0.49719473719596863,-3.4442429542541504,-5.296313762664795,-5.6214399337768555,-4.787332216898601
1518,0.5613037943840027,-3.5063021183013916,-3.175964117050171,-1.7957160472869873,-2.82599409421285
1519,0.540206789970398,-3.2948784828186035,-9.123473167419434,-5.725161075592041,-6.047837575276692
1520,0.5372917652130127,-4.738132953643799,-6.62407112121582,-5.632537841796875,-5.664913972218831
1521,0.5572129487991333,-2.7357006072998047,-8.513778686523438,-5.858356952667236,-5.702612082163493
1522,0.4634198844432831,-3.352633237838745,-7.25382661819458,-6.195483207702637,-5.600647687911987
1523,0.39373672008514404,-6.764799118041992,-8.901607513427734,-3.323093891143799,-6.329833507537842
1524,0.5833569765090942,-4.259801387786865,-7.899112701416016,-7.339505672454834,-6.499473253885905
1525,0.5581395626068115,-4.450244903564453,-7.326953887939453,-3.2593374252319336,-5.012178738911946
1526,0.5072178244590759,-4.572094440460205,-8.887874603271484,-9.427220344543457,-7.629063129425049
1527,0.5686739087104797,-3.7120938301086426,-4.477356433868408,-2.040919542312622,-3.410123268763224
1528,0.42890357971191406,-4.537741661071777,-6.980792999267578,-6.847711086273193,-6.122081915537517
1529,0.5440977215766907,-4.427349090576172,-6.68074893951416,-5.935742378234863,-5.681280136108398
1530,0.4990241527557373,-4.067862510681152,-7.2483296394348145,-3.960054636001587,-5.092082262039185
1531,0.5861560106277466,-4.080123424530029,-6.380762100219727,-3.4978063106536865,-4.652897278467814
1532,0.4744700789451599,-5.996547698974609,-7.375396728515625,-6.775784492492676,-6.715909639994304
1533,0.5635883808135986,-1.6151304244995117,-6.285773277282715,-5.300565719604492,-4.400489807128906
1534,0.4356463849544525,-7.447306156158447,-10.637449264526367,-12.310808181762695,-10.13185453414917
1535,0.5205739736557007,-3.31242299079895,-6.951813697814941,-5.219785690307617,-5.161340792973836
1536,0.5254277586936951,-2.455625295639038,-9.413311958312988,-6.312294006347656,-6.0604104200998945
1537,0.5226229429244995,-4.974213600158691,-6.59289026260376,-5.867506504058838,-5.81153678894043
1538,0.5642408132553101,-2.6657564640045166,-6.564598560333252,-4.952484607696533,-4.727613210678101
1539,0.5132988691329956,-2.818211793899536,-8.660110473632812,-8.210983276367188,-6.563101847966512
1540,0.5998678207397461,-6.551307678222656,-8.476655006408691,-7.396633625030518,-7.474865436553955
1541,0.46326252818107605,-4.8064799308776855,-8.911947250366211,-7.200709819793701,-6.973045667012532
1542,0.5127679109573364,-4.518196105957031,-4.811522960662842,-3.6375699043273926,-4.322429656982422
1543,0.5701735615730286,-4.744146347045898,-4.625081539154053,-4.084226131439209,-4.484484672546387
1544,0.617694616317749,-3.054201602935791,-6.515873432159424,-7.396406173706055,-5.65549373626709
1545,0.46277400851249695,-5.315617561340332,-4.98057222366333,-3.6601438522338867,-4.652111212412517
1546,0.6555400490760803,-4.246328830718994,-10.973572731018066,-8.44407844543457,-7.887993335723877
1547,0.5355855226516724,-5.244583606719971,-9.356098175048828,-4.656044960021973,-6.418908913930257
1548,0.607421875,-3.9899027347564697,-4.965853214263916,-2.9195728302001953,-3.9584429264068604
1549,0.4529625475406647,-4.843959331512451,-7.538702487945557,-8.145722389221191,-6.842794736226399
1550,0.435964435338974,-3.7406880855560303,-4.9562249183654785,-3.23557448387146,-3.9774958292643228
1551,0.6051943302154541,-3.1954257488250732,-5.5523247718811035,-4.102736949920654,-4.283495823542277
1552,0.5643284916877747,-3.569659471511841,-6.616538047790527,-4.934675693511963,-5.04029107093811
1553,0.5272589325904846,-5.172591686248779,-5.5005011558532715,-5.945723056793213,-5.539605299631755
1554,0.3938635289669037,-5.332278251647949,-5.4674248695373535,-6.100294589996338,-5.63333257039388
1555,0.5204740762710571,-2.7017993927001953,-5.303792953491211,-4.616926670074463,-4.20750633875529
1556,0.5420128107070923,-3.8036749362945557,-9.193394660949707,-5.861553192138672,-6.2862075964609785
1557,0.41546931862831116,-5.187072277069092,-9.775920867919922,-10.837136268615723,-8.600043137868246
1558,0.36723434925079346,-4.40500545501709,-3.975850820541382,-5.590326309204102,-4.657060861587524
1559,0.4611814320087433,-5.238773345947266,-8.181416511535645,-8.065589904785156,-7.1619265874226885
1560,0.5286279916763306,-3.789332628250122,-6.420799732208252,-5.777417182922363,-5.329183181126912
1561,0.5600779056549072,-4.217092514038086,-6.514552116394043,-4.615349292755127,-5.115664641062419
1562,0.4840429127216339,-3.029014825820923,-7.279538631439209,-6.957100868225098,-5.755218108495076
1563,0.422590434551239,-5.610791206359863,-8.882428169250488,-7.141363143920898,-7.211527506510417
1564,0.5426831841468811,-3.5049569606781006,-7.00639009475708,-7.196232795715332,-5.902526617050171
1565,0.513130247592926,-3.5040085315704346,-5.932637691497803,-4.4426727294921875,-4.626439650853475
1566,0.5479071140289307,-4.5775675773620605,-8.02280330657959,-8.63865852355957,-7.079676469167073
1567,0.5500162243843079,-4.733962059020996,-6.66961145401001,-6.103158473968506,-5.835577328999837
1568,0.4284697473049164,-5.627839088439941,-6.4427266120910645,-8.132491111755371,-6.734352270762126
1569,0.5635557770729065,-5.6120500564575195,-7.916172027587891,-4.131069183349609,-5.886430422465007
1570,0.4743618965148926,-5.181789398193359,-6.546538352966309,-4.963608264923096,-5.563978672027588
1571,0.45451998710632324,-2.9149997234344482,-6.505270481109619,-6.027531623840332,-5.149267276128133
1572,0.42186611890792847,-2.499934196472168,-6.008732795715332,-5.228106498718262,-4.578924496968587
1573,0.5803465843200684,-3.1249568462371826,-4.509144306182861,-2.3798863887786865,-3.3379958470662436
1574,0.5730162262916565,-3.8519675731658936,-4.5381927490234375,-3.8646247386932373,-4.0849283536275225
1575,0.3991052508354187,-5.327001571655273,-12.825135231018066,-13.342583656311035,-10.498240152994791
1576,0.4675125777721405,-4.810127258300781,-11.032018661499023,-11.087267875671387,-8.976471265157064
1577,0.4244406819343567,-4.5292887687683105,-8.349413871765137,-6.4773335456848145,-6.452012062072754
1578,0.5348819494247437,-5.370070934295654,-8.620161056518555,-6.495145797729492,-6.8284592628479
1579,0.5233238935470581,-5.372189998626709,-10.008332252502441,-5.963903903961182,-7.114808718363444
1580,0.6309158205986023,-3.5228521823883057,-6.880794048309326,-5.893748760223389,-5.432464996973674
1581,0.5187557339668274,-4.915683269500732,-5.4867262840271,-6.830015182495117,-5.744141578674316
1582,0.4325335621833801,-4.228753089904785,-9.011009216308594,-7.635870456695557,-6.9585442543029785
1583,0.5752367377281189,-4.36074686050415,-7.96405029296875,-7.535244464874268,-6.62001387278239
1584,0.6186452507972717,-5.2635297775268555,-7.200411796569824,-7.399900913238525,-6.621280829111735
1585,0.48671719431877136,-1.7847473621368408,-6.088992118835449,-4.188704490661621,-4.020814657211304
1586,0.5202487111091614,-3.2433135509490967,-7.827533721923828,-7.46068000793457,-6.177175760269165
1587,0.5739176869392395,-2.924574851989746,-8.42011547088623,-6.608018398284912,-5.984236240386963
1588,0.6540894508361816,-6.167055130004883,-7.547101020812988,-6.960949897766113,-6.891702016194661
1589,0.31930315494537354,-5.219054698944092,-7.87822961807251,-7.404444217681885,-6.833909511566162
1590,0.5474537014961243,-6.635283470153809,-7.3770856857299805,-9.138976097106934,-7.717115084330241
1591,0.40071073174476624,-4.6053996086120605,-11.320940017700195,-10.46570873260498,-8.797349452972412
1592,0.6198039650917053,-3.204674482345581,-7.517851829528809,-6.992527008056641,-5.905017773310344
1593,0.6095467805862427,-4.1638593673706055,-6.781813144683838,-4.565860271453857,-5.170510927836101
1594,0.5564346313476562,-3.6021904945373535,-7.245314121246338,-4.886917591094971,-5.244807402292888
1595,0.5167608261108398,-4.295156478881836,-9.042780876159668,-5.937239170074463,-6.425058841705322
1596,0.5100033283233643,-3.8669166564941406,-8.193324089050293,-5.761817455291748,-5.940686066945394
1597,0.6571773886680603,-5.04770040512085,-6.29438591003418,-3.6747186183929443,-5.005601644515991
1598,0.5559954643249512,-5.1858673095703125,-8.842324256896973,-5.400948524475098,-6.476380030314128
1599,0.36661893129348755,-4.409615516662598,-11.47165298461914,-9.717665672302246,-8.532978057861328
1600,0.6046488881111145,-2.621366024017334,-8.136879920959473,-6.471164226531982,-5.743136723836263
1601,0.38905254006385803,-4.844824314117432,-13.457367897033691,-11.047045707702637,-9.783079306284586
1602,0.4467324912548065,-3.773942708969116,-9.220471382141113,-6.072134017944336,-6.3555160363515215
1603,0.5288633108139038,-4.135186672210693,-9.04342269897461,-7.417706489562988,-6.865438620249431
1604,0.45429518818855286,-4.099991321563721,-7.5033745765686035,-8.04280948638916,-6.548725128173828
1605,0.6026745438575745,-5.282698631286621,-8.43018913269043,-9.920417785644531,-7.877768516540527
1606,0.5808199048042297,-3.358724594116211,-7.131170272827148,-4.617970943450928,-5.035955270131429
1607,0.5123605132102966,-4.806478500366211,-4.3278398513793945,-4.230987548828125,-4.45510196685791
1608,0.46130722761154175,-3.210597276687622,-7.981667995452881,-6.972833156585693,-6.0550328095753985
1609,0.45344847440719604,-3.6247973442077637,-5.793515205383301,-5.894064903259277,-5.10412581761678
1610,0.40916383266448975,-4.724920272827148,-8.459371566772461,-7.058833122253418,-6.747708320617676
1611,0.5710555911064148,-3.6376259326934814,-7.750427722930908,-5.470890045166016,-5.619647900263469
1612,0.5815785527229309,-5.119320869445801,-6.675697326660156,-7.49857759475708,-6.431198596954346
1613,0.318121075630188,-5.742466926574707,-13.553960800170898,-6.43753719329834,-8.577988306681315
1614,0.4112251102924347,-3.4075844287872314,-10.742653846740723,-6.985774040222168,-7.045337438583374
1615,0.40884727239608765,-5.558627128601074,-8.624504089355469,-5.911752700805664,-6.698294639587402
1616,0.6228072643280029,-5.73940372467041,-5.7537407875061035,-5.308932781219482,-5.600692431131999
1617,0.5864367485046387,-5.260611057281494,-4.507133960723877,-2.8872904777526855,-4.2183451652526855
1618,0.6213306188583374,-4.779009819030762,-5.953915596008301,-6.699885845184326,-5.81093708674113
1619,0.48618844151496887,-7.975478649139404,-8.00963020324707,-8.068958282470703,-8.018022378285727
1620,0.45833101868629456,-5.366238594055176,-9.365340232849121,-5.637616157531738,-6.789731661478679
1621,0.46448951959609985,-6.141411304473877,-6.052767753601074,-6.089245319366455,-6.094474792480469
1622,0.5799671411514282,-6.142858505249023,-5.321937561035156,-5.999892711639404,-5.821562925974528
1623,0.3644651770591736,-6.118139743804932,-7.3582940101623535,-6.787799835205078,-6.754744529724121
1624,0.4804145097732544,-5.4450273513793945,-7.1573872566223145,-6.4648847579956055,-6.3557664553324384
1625,0.529852569103241,-6.573652267456055,-8.929523468017578,-8.867169380187988,-8.123448371887207
1626,0.4724653959274292,-8.158638954162598,-11.011791229248047,-7.710355281829834,-8.960261821746826
1627,0.36045482754707336,-4.438640117645264,-8.094075202941895,-5.244588375091553,-5.92576789855957
1628,0.37604188919067383,-6.128274917602539,-7.749495029449463,-5.015466690063477,-6.297745545705159
1629,0.5307527780532837,-7.750985622406006,-5.128132343292236,-8.475314140319824,-7.1181440353393555
1630,0.46812134981155396,-9.12983512878418,-10.451624870300293,-8.682857513427734,-9.421439170837402
1631,0.555137574672699,-5.350533485412598,-7.637200355529785,-4.867269992828369,-5.951667944590251
1632,0.3260878622531891,-10.008965492248535,-9.438239097595215,-8.03598690032959,-9.16106383005778
1633,0.5633675456047058,-9.521970748901367,-7.74149751663208,-11.78419017791748,-9.682552814483643
1634,0.3605690598487854,-10.649078369140625,-10.503703117370605,-8.897295951843262,-10.016692479451498
1635,0.4096596837043762,-7.819766044616699,-6.727519512176514,-5.600370407104492,-6.715885321299235
1636,0.37640079855918884,-7.066277027130127,-6.035702228546143,-6.211650848388672,-6.4378767013549805
1637,0.5785250067710876,-5.200343608856201,-5.306687355041504,-4.417609214782715,-4.97488005956014
1638,0.3978976011276245,-7.821845531463623,-6.311875343322754,-5.768879413604736,-6.634200096130371
1639,0.45580223202705383,-9.579554557800293,-12.649365425109863,-8.132884979248047,-10.120601654052734
1640,0.519143283367157,-8.361777305603027,-9.01735782623291,-8.40407657623291,-8.594403902689615
1641,0.5549841523170471,-5.246679782867432,-8.659648895263672,-7.851472854614258,-7.25260051091512
1642,0.4236071705818176,-9.24173355102539,-8.660082817077637,-11.101705551147461,-9.667840639750162
1643,0.5113379955291748,-6.879700660705566,-7.006062984466553,-6.616650581359863,-6.834138075510661
1644,0.5379951000213623,-7.038498401641846,-5.58540153503418,-8.00368595123291,-6.8758619626363116
1645,0.5513404607772827,-5.677243232727051,-9.21938705444336,-8.9807710647583,-7.959133783976237
1646,0.3149667978286743,-8.479077339172363,-7.871549129486084,-8.027966499328613,-8.126197655995687
1647,0.4868869185447693,-8.460787773132324,-9.595726013183594,-6.73071813583374,-8.262410640716553
1648,0.5695962309837341,-4.472529411315918,-6.747877597808838,-7.043075084686279,-6.087827364603679
1649,0.5282060503959656,-6.142054080963135,-8.193222999572754,-5.4676289558410645,-6.600968678792317
1650,0.58670973777771,-6.5579376220703125,-8.000385284423828,-7.147875785827637,-7.235399564107259
1651,0.5980110168457031,-8.771793365478516,-8.991655349731445,-8.775541305541992,-8.846330006917318
1652,0.4907846450805664,-6.370674133300781,-6.597362041473389,-6.802435398101807,-6.590157190958659
1653,0.3709423840045929,-6.475452899932861,-9.076051712036133,-5.241272926330566,-6.9309258460998535
1654,0.5013142228126526,-7.284438610076904,-8.235433578491211,-7.0930376052856445,-7.537636597951253
1655,0.42592987418174744,-4.304870128631592,-8.962565422058105,-5.21940803527832,-6.162281195322673
1656,0.5494140982627869,-5.370882034301758,-3.87662410736084,-5.027941703796387,-4.758482615152995
1657,0.36850908398628235,-5.7077436447143555,-6.564496040344238,-7.362617492675781,-6.544952392578125
1658,0.431022584438324,-5.908432483673096,-8.118326187133789,-5.712338447570801,-6.5796990394592285
1659,0.27266475558280945,-9.722004890441895,-9.689469337463379,-8.695460319519043,-9.368978182474772
1660,0.5186418890953064,-7.619280815124512,-7.25210428237915,-8.645023345947266,-7.838802814483643
1661,0.5805854201316833,-8.412423133850098,-9.196578979492188,-8.703850746154785,-8.77095095316569
1662,0.5462425351142883,-7.388023376464844,-5.836446285247803,-6.4602179527282715,-6.561562538146973
1663,0.589871883392334,-5.983610153198242,-6.272982120513916,-6.241487503051758,-6.166026592254639
1664,0.49299514293670654,-5.6462082862854,-9.971450805664062,-5.927128314971924,-7.181595802307129
1665,0.48000368475914,-4.313482761383057,-7.974093914031982,-6.197338581085205,-6.161638418833415
1666,0.3280477821826935,-5.65445613861084,-6.573545932769775,-7.363537788391113,-6.530513286590576
1667,0.5670607686042786,-4.5816874504089355,-6.404349327087402,-6.735383987426758,-5.907140254974365
1668,0.49361467361450195,-6.311934947967529,-5.524888038635254,-4.151682376861572,-5.329501787821452
1669,0.49596890807151794,-7.687370300292969,-10.16831111907959,-4.631894588470459,-7.495858669281006
1670,0.2412271946668625,-7.793835163116455,-9.564657211303711,-9.50135612487793,-8.953282833099365
1671,0.4164472222328186,-4.625644683837891,-6.558149814605713,-8.167911529541016,-6.450568675994873
1672,0.37900394201278687,-7.400927543640137,-10.220352172851562,-7.921070098876953,-8.514116605122885
1673,0.3831078112125397,-8.175429344177246,-8.825562477111816,-7.365363597869873,-8.122118473052979
1674,0.553123950958252,-7.582639217376709,-7.309395790100098,-5.073676586151123,-6.655237197875977
1675,0.3929779529571533,-6.358731746673584,-8.589594841003418,-7.412476539611816,-7.453601042429606
1676,0.4711979031562805,-7.709407806396484,-9.106870651245117,-6.639773845672607,-7.818684101104736
1677,0.1663108617067337,-7.817075252532959,-8.31108283996582,-6.3340349197387695,-7.48739767074585
1678,0.4630308151245117,-6.809099197387695,-8.162335395812988,-9.930926322937012,-8.300786972045898
1679,0.4065057039260864,-10.191329956054688,-12.170111656188965,-8.263612747192383,-10.208351453145346
1680,0.1632934957742691,-11.252618789672852,-9.829254150390625,-10.00220012664795,-10.361357688903809
1681,0.5631227493286133,-5.8566412925720215,-9.717991828918457,-7.702711582183838,-7.759114901224772
1682,0.17073018848896027,-9.497978210449219,-9.056218147277832,-9.213262557983398,-9.25581963857015
1683,0.46338024735450745,-6.599249839782715,-5.7267231941223145,-5.105034351348877,-5.810335795084636
1684,0.28646454215049744,-10.257587432861328,-10.56313419342041,-11.780586242675781,-10.86710262298584
1685,0.2762012183666229,-12.471321105957031,-13.453702926635742,-9.278592109680176,-11.734538714090982
1686,0.7178393006324768,-6.638875961303711,-7.551032543182373,-7.026806831359863,-7.072238445281982
1687,0.3651857078075409,-9.812862396240234,-12.091123580932617,-10.730111122131348,-10.878032366434732
1688,0.30713891983032227,-10.395018577575684,-10.663761138916016,-10.369353294372559,-10.476044336954752
1689,0.1791107952594757,-10.686050415039062,-9.120118141174316,-9.84777545928955,-9.884648005167643
1690,0.4819035530090332,-5.10788106918335,-4.647095203399658,-5.500194072723389,-5.085056781768799
1691,0.31946754455566406,-7.83530855178833,-10.154675483703613,-8.441252708435059,-8.810412247975668
1692,0.3563525080680847,-8.752315521240234,-9.420331001281738,-8.151577949523926,-8.774741490681967
1693,0.2163739800453186,-11.036779403686523,-10.647687911987305,-9.740683555603027,-10.475050290425619
1694,0.2225985825061798,-10.843563079833984,-10.104670524597168,-7.247014045715332,-9.398415883382162
1695,0.4753230810165405,-4.2150702476501465,-7.158047676086426,-5.836574554443359,-5.7365641593933105
1696,0.43425077199935913,-5.029640197753906,-8.785475730895996,-7.685911655426025,-7.167009194691976
1697,0.14118608832359314,-11.811959266662598,-11.714560508728027,-7.592057228088379,-10.372859001159668
1698,0.15717069804668427,-12.125768661499023,-10.598947525024414,-7.277568817138672,-10.00076166788737
1699,0.6165066957473755,-5.871657371520996,-7.000566005706787,-5.05512809753418,-5.975783824920654
1700,0.5552154183387756,-5.242947101593018,-7.308873653411865,-6.77417516708374,-6.441998640696208
1701,0.35465776920318604,-5.554054260253906,-8.997169494628906,-7.220150947570801,-7.257124900817871
1702,0.5278530716896057,-7.453255653381348,-9.13647747039795,-7.88913106918335,-8.159621397654215
1703,0.2860587537288666,-10.709541320800781,-10.212860107421875,-9.41828441619873,-10.113561948140463
1704,0.47976794838905334,-8.885079383850098,-6.892810821533203,-5.883957862854004,-7.2206160227457685
1705,0.40868210792541504,-7.871671676635742,-9.895413398742676,-6.797996997833252,-8.188360691070557
1706,0.3942974805831909,-7.172000408172607,-8.892997741699219,-9.354336738586426,-8.473111629486084
1707,0.36903807520866394,-7.6134514808654785,-9.594429969787598,-8.217535972595215,-8.475139141082764
1708,0.49173641204833984,-8.775186538696289,-10.615168571472168,-5.228071689605713,-8.20614226659139
1709,0.5271127820014954,-6.821896553039551,-10.470243453979492,-7.484040260314941,-8.258726755777994
1710,0.3229433298110962,-12.507755279541016,-11.216552734375,-8.036797523498535,-10.587035179138184
1711,0.30623117089271545,-11.020709037780762,-10.253825187683105,-10.07269287109375,-10.449075698852539
1712,0.5197650194168091,-6.619065761566162,-5.907630920410156,-6.910147666931152,-6.47894811630249
1713,0.49424752593040466,-4.17498779296875,-3.923443555831909,-3.2741899490356445,-3.7908737659454346
1714,0.264705628156662,-9.24107551574707,-8.83362102508545,-9.326400756835938,-9.133699099222818
1715,0.13314048945903778,-13.575990676879883,-12.660050392150879,-11.59788703918457,-12.611309369405111
1716,0.24704644083976746,-12.382891654968262,-10.604206085205078,-8.40499210357666,-10.464029947916666
1717,0.45005279779434204,-6.382596015930176,-7.804911136627197,-11.135969161987305,-8.441158771514893
1718,0.14469121396541595,-9.62253189086914,-12.304535865783691,-8.579906463623047,-10.168991406758627
1719,0.49485301971435547,-3.996345043182373,-6.3979268074035645,-5.373767852783203,-5.25601323445638
1720,0.3564673066139221,-8.519705772399902,-6.827588081359863,-7.724464416503906,-7.690586090087891
1721,0.3216839134693146,-7.073099136352539,-7.952800273895264,-4.6154704093933105,-6.547123273213704
1722,0.3768361210823059,-8.360119819641113,-10.499391555786133,-10.578152656555176,-9.812554677327475
1723,0.5215516090393066,-8.484116554260254,-7.698025703430176,-6.501758575439453,-7.561300277709961
1724,0.6227027177810669,-11.445009231567383,-10.280265808105469,-8.987581253051758,-10.237618764241537
1725,0.4425286650657654,-7.850856781005859,-8.345162391662598,-7.758657932281494,-7.98489236831665
1726,0.5162954926490784,-5.672837734222412,-5.166116237640381,-5.872902870178223,-5.570618947347005
1727,0.6392090916633606,-6.30195951461792,-6.807377815246582,-5.196462154388428,-6.1019331614176435
1728,0.5662068128585815,-5.980230331420898,-7.332957744598389,-6.543187141418457,-6.618791739145915
1729,0.5696495175361633,-6.077897548675537,-4.977633476257324,-3.9059197902679443,-4.987150271733602
1730,0.49718183279037476,-6.416786193847656,-7.082925796508789,-8.265751838684082,-7.255154609680176
1731,0.4925953447818756,-7.430404186248779,-8.07624340057373,-8.539775848388672,-8.015474478403727
1732,0.5607565641403198,-6.332876682281494,-7.0526957511901855,-7.7093682289123535,-7.031646887461345
1733,0.5533173680305481,-6.670297145843506,-7.5727105140686035,-7.963493347167969,-7.402167002360026
1734,0.3443584144115448,-10.105569839477539,-10.897480964660645,-10.597806930541992,-10.533619244893393
1735,0.47317951917648315,-6.7688679695129395,-9.447694778442383,-8.468541145324707,-8.228367964426676
1736,0.5896499752998352,-4.357261657714844,-4.500058650970459,-5.34533166885376,-4.7342173258463545
1737,0.5055944919586182,-7.078677177429199,-8.894479751586914,-4.692012310028076,-6.8883897463480634
1738,0.5906388163566589,-5.143037796020508,-9.357379913330078,-7.778794765472412,-7.426404158274333
1739,0.5409080982208252,-10.0723295211792,-10.024262428283691,-6.135560989379883,-8.744050979614258
1740,0.6345425248146057,-5.978085041046143,-7.767373085021973,-7.282960891723633,-7.009473005930583
1741,0.5836687684059143,-4.68287467956543,-5.601022720336914,-4.503133773803711,-4.929010391235352
1742,0.5900259017944336,-6.137662887573242,-6.136496543884277,-4.799463748931885,-5.691207726796468
1743,0.5953343510627747,-5.599054336547852,-5.0788140296936035,-3.7703986167907715,-4.816088994344075
1744,0.42347851395606995,-8.171792984008789,-9.564870834350586,-5.968221187591553,-7.901628335316976
1745,0.49329593777656555,-6.291256427764893,-5.690884590148926,-6.369225978851318,-6.117122332255046
1746,0.4837041199207306,-7.4858503341674805,-8.808975219726562,-9.809101104736328,-8.701308886210123
1747,0.37149277329444885,-6.881194114685059,-7.433054447174072,-7.3582305908203125,-7.2241597175598145
1748,0.4925903081893921,-5.814852237701416,-6.739137649536133,-5.2285308837890625,-5.927506923675537
1749,0.38267165422439575,-7.083305835723877,-8.246203422546387,-7.639732837677002,-7.656414031982422
1750,0.4595889747142792,-6.290492534637451,-6.961564540863037,-5.91552209854126,-6.389193058013916
1751,0.6063210368156433,-6.313797473907471,-6.197389125823975,-5.919268608093262,-6.143485069274902
1752,0.6563445925712585,-7.341763496398926,-8.669672012329102,-6.565569877624512,-7.525668462117513
1753,0.3866761326789856,-6.8915252685546875,-9.413851737976074,-7.492410182952881,-7.932595729827881
1754,0.5761073231697083,-6.570413112640381,-8.466201782226562,-6.6425700187683105,-7.226394971211751
1755,0.5975776314735413,-6.545584678649902,-8.42970085144043,-5.680830001831055,-6.885371843973796
1756,0.4720316231250763,-7.398037910461426,-8.585179328918457,-5.480462551116943,-7.154559930165608
1757,0.5698659420013428,-7.033044815063477,-8.524115562438965,-6.733315944671631,-7.430158774058024
1758,0.28306910395622253,-10.300435066223145,-9.351000785827637,-9.198030471801758,-9.616488774617514
1759,0.6021714806556702,-3.946542978286743,-6.232505798339844,-8.725728034973145,-6.301592270533244
1760,0.5896772146224976,-8.330798149108887,-8.779726028442383,-5.723543167114258,-7.611355781555176
1761,0.23277562856674194,-9.149723052978516,-7.970606327056885,-9.288597106933594,-8.802975495656332
1762,0.630736231803894,-7.418431282043457,-8.206122398376465,-6.457788944244385,-7.3607808748881025
1763,0.26796969771385193,-6.960579872131348,-11.069755554199219,-7.973214626312256,-8.667850017547607
1764,0.3868456184864044,-7.116039752960205,-8.658071517944336,-9.406425476074219,-8.39351224899292
1765,0.48129451274871826,-6.079843044281006,-7.80143404006958,-8.044966697692871,-7.308747927347819
1766,0.23698684573173523,-8.417956352233887,-8.68160343170166,-7.674801826477051,-8.2581205368042
1767,0.4523175060749054,-8.077820777893066,-7.986057758331299,-7.071805477142334,-7.711894671122233
1768,0.40368515253067017,-7.668535232543945,-5.230015754699707,-7.541871547698975,-6.813474178314209
1769,0.22431951761245728,-8.128596305847168,-9.956684112548828,-9.301712036132812,-9.128997484842936
1770,0.3446766436100006,-5.178936004638672,-10.79787540435791,-7.093234539031982,-7.6900153160095215
1771,0.5785443782806396,-7.492519378662109,-7.111540794372559,-5.175982475280762,-6.593347549438477
1772,0.5850359201431274,-5.470418930053711,-8.152287483215332,-5.635874271392822,-6.419526894887288
1773,0.5730429887771606,-5.837947368621826,-4.615947723388672,-4.177331447601318,-4.8770755132039385
1774,0.42398789525032043,-7.785357475280762,-9.702016830444336,-6.425695896148682,-7.971023400624593
1775,0.5948070883750916,-6.861138820648193,-6.931874752044678,-6.652052402496338,-6.815021991729736
1776,0.23847895860671997,-8.505655288696289,-7.223109245300293,-6.553911209106445,-7.427558581034343
1777,0.5922737717628479,-3.0895180702209473,-3.941176652908325,-3.6661508083343506,-3.565615177154541
1778,0.5306745171546936,-4.569279670715332,-6.6035685539245605,-3.668617010116577,-4.947155078252156
1779,0.4615003168582916,-7.760540962219238,-8.660660743713379,-6.955358505249023,-7.792186737060547
1780,0.36602306365966797,-6.115930080413818,-7.338232040405273,-5.063908576965332,-6.172690232594808
1781,0.37087106704711914,-3.3256430625915527,-9.83368968963623,-8.518289566040039,-7.225874106089274
1782,0.5241252779960632,-6.06227445602417,-8.605360984802246,-8.484210014343262,-7.717281818389893
1783,0.42178022861480713,-8.2376127243042,-8.840376853942871,-9.751023292541504,-8.943004290262857
1784,0.31455740332603455,-7.729824066162109,-7.163210391998291,-6.588376522064209,-7.160470326741536
1785,0.5348533391952515,-5.114760398864746,-6.302706718444824,-5.416215896606445,-5.611227671305339
1786,0.23679551482200623,-10.304367065429688,-10.34108829498291,-8.428606033325195,-9.691353797912598
1787,0.33407124876976013,-7.167295932769775,-8.901350975036621,-6.620999813079834,-7.563215573628743
1788,0.4907832145690918,-8.767841339111328,-8.622642517089844,-10.153584480285645,-9.181356112162272
1789,0.39682769775390625,-4.080557823181152,-9.673760414123535,-7.1262593269348145,-6.960192521413167
1790,0.17724214494228363,-11.063332557678223,-10.530620574951172,-8.898761749267578,-10.164238293965658
1791,0.17493848502635956,-11.950757026672363,-10.367209434509277,-9.615215301513672,-10.644393920898438
1792,0.5314413905143738,-5.874828338623047,-8.381294250488281,-6.452890872955322,-6.90300448735555
1793,0.5645485520362854,-8.0664644241333,-7.872061729431152,-9.672348976135254,-8.536958376566568
1794,0.4291006028652191,-7.419147968292236,-7.619420528411865,-6.4523701667785645,-7.163646221160889
1795,0.45762306451797485,-6.942744255065918,-8.344879150390625,-5.334264278411865,-6.87396256128947
1796,0.4532492756843567,-6.830763339996338,-8.257376670837402,-6.641900539398193,-7.2433468500773115
1797,0.618586003780365,-6.133419990539551,-5.696831226348877,-4.930721759796143,-5.58699099222819
1798,0.4898640215396881,-7.203125,-6.81027889251709,-7.888766765594482,-7.300723552703857
1799,0.36633995175361633,-8.653924942016602,-10.758102416992188,-8.544824600219727,-9.318950653076172
1800,0.19990907609462738,-12.392293930053711,-9.281957626342773,-9.55826473236084,-10.410838762919107
1801,0.3564246594905853,-7.839107990264893,-11.081826210021973,-8.411735534667969,-9.110889911651611
1802,0.11369815468788147,-11.061347961425781,-10.054208755493164,-9.130168914794922,-10.081908543904623
1803,0.30494627356529236,-2.1099648475646973,-6.719619274139404,-8.052471160888672,-5.627351760864258
1804,0.48448365926742554,-9.339829444885254,-7.274264335632324,-6.990265369415283,-7.868119716644287
1805,0.4227753281593323,-6.327413082122803,-8.767233848571777,-7.551425457000732,-7.5486907958984375
1806,0.16278326511383057,-6.7568182945251465,-9.60473918914795,-5.920650005340576,-7.427402496337891
1807,0.6114406585693359,-7.064230918884277,-5.359645843505859,-6.549836158752441,-6.324570973714192
1808,0.3483939468860626,-8.162299156188965,-8.127584457397461,-6.5522260665893555,-7.614036560058594
1809,0.5502293705940247,-6.416699409484863,-6.479701995849609,-6.985270023345947,-6.62722380956014
1810,0.5381484031677246,-7.431673049926758,-7.6774702072143555,-7.408071041107178,-7.505738099416097
1811,0.5476585030555725,-8.001389503479004,-9.22497844696045,-6.988101959228516,-8.071489969889322
1812,0.3771474361419678,-5.798494338989258,-7.891324520111084,-8.240854263305664,-7.310224374135335
1813,0.527558445930481,-5.38422966003418,-4.189703941345215,-4.063584327697754,-4.545839309692383
1814,0.35822007060050964,-7.584194660186768,-9.590383529663086,-9.021430015563965,-8.73200273513794
1815,0.21223139762878418,-6.325435638427734,-7.341769695281982,-5.778958320617676,-6.482054551442464
1816,0.5503496527671814,-4.454761028289795,-5.55851936340332,-5.415458679199219,-5.142913023630778
1817,0.40969163179397583,-8.766594886779785,-8.200909614562988,-5.967082500457764,-7.644862333933513
1818,0.6055173873901367,-4.2066121101379395,-4.790388107299805,-4.479852199554443,-4.4922841389973955
1819,0.5426865220069885,-5.5597147941589355,-5.554303169250488,-5.7715935707092285,-5.628537178039551
1820,0.4815853536128998,-6.300744533538818,-6.380743026733398,-7.619351387023926,-6.766946315765381
1821,0.4157361388206482,-7.2983503341674805,-9.08279800415039,-7.269937515258789,-7.883695284525554
1822,0.5803006291389465,-5.078412055969238,-4.185992240905762,-4.441955089569092,-4.56878646214803
1823,0.5130780935287476,-8.096423149108887,-9.733302116394043,-7.468463897705078,-8.432729721069336
1824,0.5635111927986145,-8.476350784301758,-8.021238327026367,-9.226439476013184,-8.574676195780436
1825,0.3804471790790558,-7.904708385467529,-7.569555759429932,-7.6187872886657715,-7.697683811187744
1826,0.5861731767654419,-3.058948040008545,-4.870319366455078,-5.242434978485107,-4.390567461649577
1827,0.48860278725624084,-6.547283172607422,-7.704974174499512,-5.315049648284912,-6.522435665130615
1828,0.6037404537200928,-5.864267826080322,-6.588097095489502,-5.32648229598999,-5.9262824058532715
1829,0.3484111428260803,-8.763867378234863,-9.742668151855469,-7.3083391189575195,-8.604958216349283
1830,0.2300136238336563,-8.973119735717773,-9.494457244873047,-12.057290077209473,-10.174955685933432
1831,0.5269792079925537,-8.800463676452637,-9.399975776672363,-7.197592258453369,-8.466010570526123
1832,0.4524786174297333,-8.55092716217041,-7.860990047454834,-7.032660007476807,-7.814859072367351
1833,0.5291463136672974,-8.81440258026123,-9.34736442565918,-6.64538049697876,-8.269049167633057
1834,0.5609046220779419,-5.571087837219238,-8.137328147888184,-4.492289066314697,-6.066901683807373
1835,0.5093500018119812,-7.003288745880127,-7.8130388259887695,-9.785902976989746,-8.200743516286215
1836,0.4491066038608551,-11.129088401794434,-10.726532936096191,-7.786181926727295,-9.880601088205973
1837,0.3738226592540741,-8.28736400604248,-9.705376625061035,-8.606520652770996,-8.86642042795817
1838,0.47344744205474854,-7.186115264892578,-6.816922664642334,-8.136906623840332,-7.379981517791748
1839,0.40444427728652954,-7.164592266082764,-9.188756942749023,-8.280253410339355,-8.211200873057047
1840,0.3760543465614319,-8.068634986877441,-9.901603698730469,-9.967432022094727,-9.312556902567545
1841,0.42796680331230164,-8.957897186279297,-8.126821517944336,-7.309203624725342,-8.131307442982992
1842,0.5017303228378296,-5.906124591827393,-7.316774368286133,-6.696963310241699,-6.639954090118408
1843,0.44749611616134644,-8.40250301361084,-7.642091274261475,-9.30860710144043,-8.451067129770914
1844,0.4407760798931122,-9.97171401977539,-9.13561725616455,-9.451977729797363,-9.519769668579102
1845,0.3828311264514923,-7.518687725067139,-8.943520545959473,-5.349851131439209,-7.2706864674886065
1846,0.45294302701950073,-7.1667585372924805,-7.279440402984619,-7.945859432220459,-7.4640194574991865
1847,0.42266982793807983,-6.3470025062561035,-6.8321123123168945,-5.683772563934326,-6.287629127502441
1848,0.49198824167251587,-9.031693458557129,-7.307388782501221,-5.930119037628174,-7.423067092895508
1849,0.5513691306114197,-7.605127811431885,-10.138556480407715,-8.316017150878906,-8.686567147572836
1850,0.45078590512275696,-10.091222763061523,-8.264684677124023,-9.818061828613281,-9.39132308959961
1851,0.585736870765686,-5.151274681091309,-5.182779312133789,-6.372499942779541,-5.568851312001546
1852,0.3321228325366974,-9.27814769744873,-12.502452850341797,-8.785489082336426,-10.18869654337565
1853,0.6677559614181519,-3.9034194946289062,-7.240691661834717,-10.199007987976074,-7.1143730481465655
1854,0.5574344992637634,-5.267027378082275,-6.102488994598389,-6.501387119293213,-5.956967830657959
1855,0.525908350944519,-6.065592288970947,-7.626538276672363,-7.30886697769165,-7.000332514444987
1856,0.4210200905799866,-5.945754051208496,-6.381947994232178,-7.947018623352051,-6.758240222930908
1857,0.5835074186325073,-6.017665386199951,-5.859633922576904,-6.627254962921143,-6.168184757232666
1858,0.33974114060401917,-6.9243388175964355,-6.440535545349121,-7.288547039031982,-6.88447380065918
1859,0.5982332229614258,-7.9761223793029785,-9.718998908996582,-9.309989929199219,-9.00170373916626
1860,0.49161022901535034,-6.257646083831787,-10.204944610595703,-6.921391010284424,-7.794660568237305
1861,0.45504850149154663,-4.72651481628418,-8.819211959838867,-6.3151750564575195,-6.6203006108601885
1862,0.33490437269210815,-6.5531697273254395,-9.50206184387207,-7.128290176391602,-7.727840582529704
1863,0.533890426158905,-6.343852519989014,-9.153375625610352,-8.898390769958496,-8.131872971852621
1864,0.36946573853492737,-9.308438301086426,-9.496550559997559,-9.439157485961914,-9.414715449015299
1865,0.560728907585144,-8.256173133850098,-7.2606706619262695,-9.372221946716309,-8.296355247497559
1866,0.4367808699607849,-6.654642581939697,-8.181903839111328,-7.557575225830078,-7.464707215627034
1867,0.3149992525577545,-8.395631790161133,-9.580794334411621,-7.119563102722168,-8.36532974243164
1868,0.5475050806999207,-6.721877098083496,-7.5513224601745605,-5.781847953796387,-6.685015837351481
1869,0.5948341488838196,-6.868027210235596,-5.4477763175964355,-4.1280598640441895,-5.481287797292073
1870,0.578031063079834,-4.827933311462402,-4.748171329498291,-3.1157066822052,-4.230603774388631
1871,0.5233331918716431,-6.543933391571045,-7.348260402679443,-5.896600246429443,-6.596264680226644
1872,0.5776020288467407,-7.014995098114014,-6.45235013961792,-5.568333625793457,-6.345226287841797
1873,0.28898945450782776,-5.94828462600708,-9.52677059173584,-7.486720085144043,-7.653925100962321
1874,0.39330607652664185,-8.40813159942627,-8.63915729522705,-7.119926452636719,-8.05573844909668
1875,0.4273303747177124,-5.532482624053955,-7.750276565551758,-4.600478649139404,-5.961079279581706
1876,0.582541823387146,-6.997328758239746,-6.469479084014893,-4.700934886932373,-6.055914243062337
1877,0.22751270234584808,-6.733331680297852,-9.345209121704102,-8.497727394104004,-8.192089398701986
1878,0.31462690234184265,-8.708667755126953,-9.59382152557373,-7.63251256942749,-8.64500061670939
1879,0.4816618859767914,-7.44125509262085,-7.262520790100098,-6.585262775421143,-7.096346219380696
1880,0.20290891826152802,-7.877081394195557,-7.500282287597656,-9.452977180480957,-8.276780287424723
1881,0.6769847869873047,-4.500664710998535,-6.238515377044678,-3.8969790935516357,-4.878719727198283
1882,0.17405398190021515,-11.559514045715332,-11.019327163696289,-11.64062786102295,-11.406489690144857
1883,0.4511755704879761,-6.57604455947876,-5.762845039367676,-8.35147476196289,-6.896788120269775
1884,0.3726838231086731,-7.757272720336914,-11.408080101013184,-7.957882404327393,-9.041078408559164
1885,0.30816733837127686,-7.650478363037109,-9.23872184753418,-7.445272922515869,-8.111491044362387
1886,0.3831758499145508,-7.465841293334961,-7.820556640625,-7.718352794647217,-7.6682502428690595
1887,0.4346156120300293,-9.776345252990723,-8.438530921936035,-7.554093837738037,-8.589656670888266
1888,0.44843998551368713,-6.149206161499023,-6.972904205322266,-6.232173919677734,-6.451428095499675
1889,0.38812559843063354,-3.2909905910491943,-11.627065658569336,-7.203359127044678,-7.373805125554402
1890,0.48342499136924744,-7.07114839553833,-6.853623390197754,-4.540714263916016,-6.1551620165507
1891,0.23713910579681396,-9.384185791015625,-8.993486404418945,-12.754112243652344,-10.377261479695639
1892,0.16206347942352295,-10.421969413757324,-10.124079704284668,-10.351097106933594,-10.29904874165853
1893,0.17697331309318542,-7.094883918762207,-9.077690124511719,-8.89228343963623,-8.354952494303385
1894,0.285174697637558,-7.965461730957031,-9.725257873535156,-4.289788246154785,-7.326835950215657
1895,0.41751551628112793,-7.143208980560303,-11.281265258789062,-7.456124782562256,-8.626866340637207
1896,0.3095022737979889,-7.909967422485352,-10.027067184448242,-10.107486724853516,-9.34817377726237
1897,0.35587695240974426,-7.248728275299072,-8.516648292541504,-7.8080363273620605,-7.857804298400879
1898,0.3589478135108948,-6.719956874847412,-6.235477924346924,-7.037935733795166,-6.664456844329834
1899,0.20038096606731415,-9.629939079284668,-9.188332557678223,-8.941876411437988,-9.253382682800293
1900,0.44463497400283813,-6.777649879455566,-6.667605876922607,-5.8979268074035645,-6.447727521260579
1901,0.45316803455352783,-8.916367530822754,-8.313485145568848,-6.9737091064453125,-8.067853927612305
1902,0.2927485406398773,-8.87802505493164,-11.14450740814209,-7.826261043548584,-9.282931168874105
1903,0.21342048048973083,-11.060285568237305,-8.92790699005127,-10.288721084594727,-10.092304547627768
1904,0.39593422412872314,-6.284763336181641,-10.286020278930664,-7.3956379890441895,-7.988807201385498
1905,0.5027061700820923,-7.221268653869629,-7.717658996582031,-6.8206610679626465,-7.2531962394714355
1906,0.520045816898346,-7.309859752655029,-5.642475128173828,-6.905823707580566,-6.619386196136475
1907,0.356932133436203,-6.060457706451416,-7.689333438873291,-8.904536247253418,-7.551442464192708
1908,0.2878304421901703,-9.822848320007324,-9.244943618774414,-8.447190284729004,-9.171660741170248
1909,0.40878525376319885,-8.100221633911133,-8.557665824890137,-7.124040603637695,-7.927309354146321
1910,0.5902209281921387,-7.111477375030518,-9.370479583740234,-7.641728401184082,-8.041228453318277
1911,0.520452082157135,-6.167030334472656,-6.218705654144287,-5.076597690582275,-5.820777893066406
1912,0.2136620581150055,-9.840128898620605,-10.223039627075195,-9.432247161865234,-9.831805229187012
1913,0.21259477734565735,-8.40301513671875,-7.174837112426758,-10.086295127868652,-8.554715792338053
1914,0.366108775138855,-7.539175987243652,-7.664391994476318,-7.959184169769287,-7.720917383829753
1915,0.4521150588989258,-9.027375221252441,-10.975407600402832,-8.37074089050293,-9.457841237386068
1916,0.17025941610336304,-11.710602760314941,-10.533712387084961,-10.632865905761719,-10.959060351053873
1917,0.19712422788143158,-9.409453392028809,-8.630988121032715,-9.303984642028809,-9.114808718363443
1918,0.16851426661014557,-8.56468391418457,-8.23404312133789,-8.449764251708984,-8.416163762410482
