U_stratum,anchor_positive_uniprot,class,development_exposed_positive,homomeric,panel_row,partner_gene,partner_sequence_length,partner_sequence_sha256,partner_uniprot,query_gene,query_sequence_length,query_sequence_sha256,query_uniprot,ipin_baseline_score,ipin_optimized_score,tuna_original_score,tuna_retrained_seed20260803_score,tuna_retrained_seed20260817_score,tuna_retrained_seed20260831_score,tuna_retrained_score,ipin_baseline_rank,ipin_optimized_rank,tuna_original_rank,tuna_retrained_rank
,,P,False,False,1,BARD1,777,b18dec6bdbf2816e497af46d99ec2e0dc350ad21a307a8bb884b1ba54b9da7b2,Q99728,BRCA1,1863,80d7199c8d1550a5ba8387043481c1acf0f070df410b47c2bc1375584b59bdf1,P38398,-0.5525114337603251,-0.03799167275428772,0.6228072643280029,-5.73940372467041,-5.7537407875061035,-5.308932781219482,-5.600692431131999,16.0,15.0,8.0,26.0
,,P,False,False,2,PALB2,1186,848e1c837f05f81497688db39709751dda67d0c3c1044aad526d4341d64e5f6e,Q86YC2,BRCA1,1863,80d7199c8d1550a5ba8387043481c1acf0f070df410b47c2bc1375584b59bdf1,P38398,-1.759886344273885,-0.563131054242452,0.5864367485046387,-5.260611057281494,-4.507133960723877,-2.8872904777526855,-4.2183451652526855,132.0,38.0,32.0,3.0
,,P,False,False,3,BRIP1,1249,d496560feb8f0af54a38e759a5504311d6933453003afeaccccbf33240fe7079,Q9BX63,BRCA1,1863,80d7199c8d1550a5ba8387043481c1acf0f070df410b47c2bc1375584b59bdf1,P38398,-1.826077143351237,-1.0274316569169362,0.6213306188583374,-4.779009819030762,-5.953915596008301,-6.699885845184326,-5.81093708674113,145.0,82.0,10.0,33.0
context,Q99728,U,False,False,4,DCLK3,648,c4fd525d2e7e71194349aa5f6636f6a9ddba8470c53d5c2f86d936a694a075c2,Q9C098,BRCA1,1863,80d7199c8d1550a5ba8387043481c1acf0f070df410b47c2bc1375584b59bdf1,P38398,-2.206730922063192,-3.1370091438293457,0.48618844151496887,-7.975478649139404,-8.00963020324707,-8.068958282470703,-8.018022378285727,191.0,270.0,124.0,186.0
context,Q99728,U,False,False,5,RAP1GDS1,607,f6be30a4ec50bf1721dffa0a6dab34ec3800713df037a0dfcb214a7cfc4e2540,P52306,BRCA1,1863,80d7199c8d1550a5ba8387043481c1acf0f070df410b47c2bc1375584b59bdf1,P38398,-1.7715717951456706,-0.6974834601084391,0.45833101868629456,-5.366238594055176,-9.365340232849121,-5.637616157531738,-6.789731661478679,135.0,49.0,147.0,95.0
context,Q99728,U,False,False,6,IKZF4,585,36640543b4ad7492fdc19abbc3a765035ca1ff4cc0581a5389e2c3c9252e4012,Q9H2S9,BRCA1,1863,80d7199c8d1550a5ba8387043481c1acf0f070df410b47c2bc1375584b59bdf1,P38398,-1.460547924041748,-0.9278711477915446,0.46448951959609985,-6.141411304473877,-6.052767753601074,-6.089245319366455,-6.094474792480469,92.0,72.0,142.0,47.0
context,Q99728,U,False,False,7,ZNF639,485,c64c393e6bf2f05a09f4e14744ae1ca1c35b2b3a39d4f9df5e1b30679150a7f0,Q9UID6,BRCA1,1863,80d7199c8d1550a5ba8387043481c1acf0f070df410b47c2bc1375584b59bdf1,P38398,0.752197782198588,0.507180412610372,0.5799671411514282,-6.142858505249023,-5.321937561035156,-5.999892711639404,-5.821562925974528,1.0,4.0,41.0,35.0
context,Q99728,U,False,False,8,DEPDC1,811,f267d3a9e03b0ed7e443f5e645d9e5118cef9184aff0a475ed2f27fdc08a8a69,Q5TB30,BRCA1,1863,80d7199c8d1550a5ba8387043481c1acf0f070df410b47c2bc1375584b59bdf1,P38398,-1.9204525152842205,-1.6507344643274944,0.3644651770591736,-6.118139743804932,-7.3582940101623535,-6.787799835205078,-6.754744529724121,154.0,147.0,223.0,92.0
context,Q99728,U,False,False,9,IRF9,393,fe68467d8f6eee4e47bb1aa02015ac87d9f23fd5b0459270244e2397c7d0f34d,Q00978,BRCA1,1863,80d7199c8d1550a5ba8387043481c1acf0f070df410b47c2bc1375584b59bdf1,P38398,-2.252784490585327,-1.2944082021713257,0.4804145097732544,-5.4450273513793945,-7.1573872566223145,-6.4648847579956055,-6.3557664553324384,192.0,110.0,132.0,62.0
context,Q99728,U,False,False,10,HASPIN,798,156a54656cbd089f3fa5dc90c7d33f1a96e549d5a7065e429a557db3a64d9e56,Q8TF76,BRCA1,1863,80d7199c8d1550a5ba8387043481c1acf0f070df410b47c2bc1375584b59bdf1,P38398,-1.0490223566691081,-2.158926844596863,0.529852569103241,-6.573652267456055,-8.929523468017578,-8.867169380187988,-8.123448371887207,41.0,204.0,83.0,193.0
context,Q99728,U,False,False,11,TOP1,765,fa554cc87a32d58ec860310b47bd8ba0682f5a1f4dee892685283f4289b12e2e,P11387,BRCA1,1863,80d7199c8d1550a5ba8387043481c1acf0f070df410b47c2bc1375584b59bdf1,P38398,-2.6919902165730796,-1.8600611686706543,0.4724653959274292,-8.158638954162598,-11.011791229248047,-7.710355281829834,-8.960261821746826,241.0,182.0,138.0,243.0
context,Q99728,U,False,False,12,STAT5B,787,3022e4ecd19d9622d20a4bcf5a82abbbbc2392dea73200afda92048e136c000f,P51692,BRCA1,1863,80d7199c8d1550a5ba8387043481c1acf0f070df410b47c2bc1375584b59bdf1,P38398,-1.0983614524205525,-0.9975699583689371,0.36045482754707336,-4.438640117645264,-8.094075202941895,-5.244588375091553,-5.92576789855957,49.0,78.0,225.0,37.0
context,Q99728,U,False,False,13,FBXW7,707,bfdc26fac48952f19f47f110a28251b1f7ec7812bb7a73933c72ddc40ef840ff,Q969H0,BRCA1,1863,80d7199c8d1550a5ba8387043481c1acf0f070df410b47c2bc1375584b59bdf1,P38398,-2.01667857170105,-1.4913420677185059,0.37604188919067383,-6.128274917602539,-7.749495029449463,-5.015466690063477,-6.297745545705159,168.0,129.0,210.0,58.0
context,Q99728,U,False,False,14,INTS12,462,cdb8c037136728cb114777945a61a218d274971fe7deba65782a4eec1644f8ad,Q96CB8,BRCA1,1863,80d7199c8d1550a5ba8387043481c1acf0f070df410b47c2bc1375584b59bdf1,P38398,-2.85406231880188,-2.3426138162612915,0.5307527780532837,-7.750985622406006,-5.128132343292236,-8.475314140319824,-7.1181440353393555,253.0,220.0,81.0,114.0
context,Q99728,U,False,False,15,DDX56,547,d4bf3f09a7472b079ca324f70477a2e050973a019f234fc848c78b4d8c1dc847,Q9NY93,BRCA1,1863,80d7199c8d1550a5ba8387043481c1acf0f070df410b47c2bc1375584b59bdf1,P38398,-2.638696273167928,-2.4362797339757285,0.46812134981155396,-9.12983512878418,-10.451624870300293,-8.682857513427734,-9.421439170837402,238.0,230.0,141.0,263.0
context,Q99728,U,False,False,16,SFMBT1,866,e8fd18bde8ab47cde0df23a9735039f87e9b1b583499ea1addf54378408bdb9e,Q9UHJ3,BRCA1,1863,80d7199c8d1550a5ba8387043481c1acf0f070df410b47c2bc1375584b59bdf1,P38398,-0.6483060518900553,0.07688965400060017,0.555137574672699,-5.350533485412598,-7.637200355529785,-4.867269992828369,-5.951667944590251,18.0,13.0,62.0,40.0
context,Q99728,U,False,False,17,ARRB1,418,b8c57f388780bdd610e940daed9376303e48088269cff487092179a7eb33a92b,P49407,BRCA1,1863,80d7199c8d1550a5ba8387043481c1acf0f070df410b47c2bc1375584b59bdf1,P38398,-0.8876512249310812,0.6013323962688446,0.3260878622531891,-10.008965492248535,-9.438239097595215,-8.03598690032959,-9.16106383005778,29.0,3.0,243.0,250.0
context,Q99728,U,False,False,18,GTF3C5,519,150d109a27949d3dba27b6584cec0b0a0699018e047f288cba6915b9022e8bd3,Q9Y5Q8,BRCA1,1863,80d7199c8d1550a5ba8387043481c1acf0f070df410b47c2bc1375584b59bdf1,P38398,-1.9418093363444011,-1.900145411491394,0.5633675456047058,-9.521970748901367,-7.74149751663208,-11.78419017791748,-9.682552814483643,159.0,185.0,55.0,268.0
context,Q99728,U,False,False,19,ACSS2,701,4b3334bba830c2f7d886e2ec16e1d2a9270108ea40b962522c22590594be467c,Q9NR19,BRCA1,1863,80d7199c8d1550a5ba8387043481c1acf0f070df410b47c2bc1375584b59bdf1,P38398,-2.0388625462849936,-2.4756091833114624,0.3605690598487854,-10.649078369140625,-10.503703117370605,-8.897295951843262,-10.016692479451498,169.0,234.0,224.0,275.0
context,Q99728,U,False,False,20,BCL9L,1499,d18ef2ec12184986deb86ad1cc45fb524eadcc668d16de46cad51aa3d7b2af5d,Q86UU0,BRCA1,1863,80d7199c8d1550a5ba8387043481c1acf0f070df410b47c2bc1375584b59bdf1,P38398,-3.7260104020436606,-2.1578450202941895,0.4096596837043762,-7.819766044616699,-6.727519512176514,-5.600370407104492,-6.715885321299235,291.0,203.0,185.0,91.0
context,Q99728,U,False,False,21,SAXO6,714,91a0be4d01423918e4f32e788eea041b2574c575a6c74b5bba0a7cb98a531395,Q8TC05,BRCA1,1863,80d7199c8d1550a5ba8387043481c1acf0f070df410b47c2bc1375584b59bdf1,P38398,-1.1977036794026692,-1.6324427127838135,0.37640079855918884,-7.066277027130127,-6.035702228546143,-6.211650848388672,-6.4378767013549805,59.0,143.0,208.0,65.0
context,Q99728,U,False,False,22,ZNF382,550,9c7afc854d29717c32e2ac1b567d70687d7e0e903525b0aedec03447f40cf16d,Q96SR6,BRCA1,1863,80d7199c8d1550a5ba8387043481c1acf0f070df410b47c2bc1375584b59bdf1,P38398,-0.4102693696816762,-1.2087046305338542,0.5785250067710876,-5.200343608856201,-5.306687355041504,-4.417609214782715,-4.97488005956014,13.0,103.0,43.0,16.0
context,Q99728,U,False,False,23,MED23,1368,9c7cd4e1000690e7e9384ff37b6fdc3f9d755ea5d58e0d10b204cab5a0cde040,Q9ULK4,BRCA1,1863,80d7199c8d1550a5ba8387043481c1acf0f070df410b47c2bc1375584b59bdf1,P38398,-2.5923930009206138,-1.7086170117060344,0.3978976011276245,-7.821845531463623,-6.311875343322754,-5.768879413604736,-6.634200096130371,234.0,160.0,191.0,86.0
context,Q99728,U,False,False,24,ZIC5,639,bb779aa460cf9d62880f98f605cc92f77174506f0af229d32382b527142bead0,Q96T25,BRCA1,1863,80d7199c8d1550a5ba8387043481c1acf0f070df410b47c2bc1375584b59bdf1,P38398,-4.043086051940918,-1.9323173761367798,0.45580223202705383,-9.579554557800293,-12.649365425109863,-8.132884979248047,-10.120601654052734,299.0,191.0,149.0,279.0
context,Q99728,U,False,False,25,BAHD1,780,0eea02061d8fd1302f402d0772113c1c510d7eec25721fd3187a5031cacffcc8,Q8TBE0,BRCA1,1863,80d7199c8d1550a5ba8387043481c1acf0f070df410b47c2bc1375584b59bdf1,P38398,-2.88114341100057,-2.6791231632232666,0.519143283367157,-8.361777305603027,-9.01735782623291,-8.40407657623291,-8.594403902689615,254.0,248.0,97.0,226.0
context,Q99728,U,False,False,26,MAK,623,52167ce29e8003d2543358b7d7a3a6d3c74e749babf6bb25fbc13b288d7d562c,P20794,BRCA1,1863,80d7199c8d1550a5ba8387043481c1acf0f070df410b47c2bc1375584b59bdf1,P38398,-1.0832196474075317,-0.5748468637466431,0.5549841523170471,-5.246679782867432,-8.659648895263672,-7.851472854614258,-7.25260051091512,46.0,39.0,63.0,126.0
context,Q99728,U,False,False,27,FOXI3,420,f0b42ed6b9f6b39e90416fc95e54cd2e1fd8e6cfb15472392e35ddb5f10ee026,A8MTJ6,BRCA1,1863,80d7199c8d1550a5ba8387043481c1acf0f070df410b47c2bc1375584b59bdf1,P38398,-2.739414850870768,-2.103700121243795,0.4236071705818176,-9.24173355102539,-8.660082817077637,-11.101705551147461,-9.667840639750162,243.0,200.0,175.0,267.0
context,Q99728,U,False,False,28,PHC3,983,7a7d96aa7ad108604cd7af7365bde276560cd930eda885270c0e854cff7280eb,Q8NDX5,BRCA1,1863,80d7199c8d1550a5ba8387043481c1acf0f070df410b47c2bc1375584b59bdf1,P38398,-2.131362199783325,-0.765136294066906,0.5113379955291748,-6.879700660705566,-7.006062984466553,-6.616650581359863,-6.834138075510661,182.0,55.0,101.0,98.0
context,Q99728,U,False,False,29,ZNF385D,395,cfbef40aade02728221097e8e084a69d311bb45fc27d49d3ab7bfc26201be779,Q9H6B1,BRCA1,1863,80d7199c8d1550a5ba8387043481c1acf0f070df410b47c2bc1375584b59bdf1,P38398,-2.1383652687072754,-2.427126328150431,0.5379951000213623,-7.038498401641846,-5.58540153503418,-8.00368595123291,-6.8758619626363116,183.0,228.0,77.0,100.0
context,Q99728,U,False,False,30,PHF8,1060,d66081596c80ed050012bed72fc55fe9e306d7d9c6b5bb7a126456a1aa4ac043,Q9UPP1,BRCA1,1863,80d7199c8d1550a5ba8387043481c1acf0f070df410b47c2bc1375584b59bdf1,P38398,-1.8566382726033528,-1.7714473803838093,0.5513404607772827,-5.677243232727051,-9.21938705444336,-8.9807710647583,-7.959133783976237,148.0,169.0,67.0,181.0
context,Q99728,U,False,False,31,NUAK1,661,3e47834d60d364507fbc198d6ad2e889e466bf1aad1c362ceb8b8ea590f033af,O60285,BRCA1,1863,80d7199c8d1550a5ba8387043481c1acf0f070df410b47c2bc1375584b59bdf1,P38398,-1.5326552788416545,-2.7994467417399087,0.3149667978286743,-8.479077339172363,-7.871549129486084,-8.027966499328613,-8.126197655995687,103.0,255.0,248.0,194.0
context,Q99728,U,False,False,32,ADAR,1226,4c6227d55a2a3c4faac5fee8b9211f1cb694554acbcbaaf1b25886b4a4120f19,P55265,BRCA1,1863,80d7199c8d1550a5ba8387043481c1acf0f070df410b47c2bc1375584b59bdf1,P38398,-1.966630220413208,-2.2929906050364175,0.4868869185447693,-8.460787773132324,-9.595726013183594,-6.73071813583374,-8.262410640716553,160.0,217.0,123.0,206.0
context,Q99728,U,False,False,33,ZNF18,549,36db86ef92ada45b5a91afee1a0cf96643f3983661081d0bad4118ddc2289bed,P17022,BRCA1,1863,80d7199c8d1550a5ba8387043481c1acf0f070df410b47c2bc1375584b59bdf1,P38398,-1.5718518495559692,-0.6911813616752625,0.5695962309837341,-4.472529411315918,-6.747877597808838,-7.043075084686279,-6.087827364603679,106.0,48.0,50.0,46.0
context,Q99728,U,False,False,34,CSTF1,431,41a1a69c5826aa17e8ab1f2cba897d7b56bfbef4c9b9f733d624610ae6476701,Q05048,BRCA1,1863,80d7199c8d1550a5ba8387043481c1acf0f070df410b47c2bc1375584b59bdf1,P38398,-1.6234676440556843,-0.09514339764912923,0.5282060503959656,-6.142054080963135,-8.193222999572754,-5.4676289558410645,-6.600968678792317,111.0,17.0,85.0,81.0
context,Q99728,U,False,False,35,DOT1L,1537,fee687778a3f8e1209fc64cb4c55875b5a9f68b1e5346d315d4a2accf8ef313c,Q8TEK3,BRCA1,1863,80d7199c8d1550a5ba8387043481c1acf0f070df410b47c2bc1375584b59bdf1,P38398,-2.313418388366699,-2.226997494697571,0.58670973777771,-6.5579376220703125,-8.000385284423828,-7.147875785827637,-7.235399564107259,201.0,211.0,31.0,124.0
context,Q99728,U,False,False,36,LRR1,414,fb29de6475c62029fe6a792723d58ea9620b569dc5d3da978452b639cfc74399,Q96L50,BRCA1,1863,80d7199c8d1550a5ba8387043481c1acf0f070df410b47c2bc1375584b59bdf1,P38398,-1.3819305896759033,-0.23794247706731161,0.5980110168457031,-8.771793365478516,-8.991655349731445,-8.775541305541992,-8.846330006917318,76.0,23.0,19.0,239.0
context,Q99728,U,False,False,37,ZNF687,1237,d6bf164a5db6060f86ad53c333eb40719a1d208a9faaa0c0cf5ecfcf5fef284b,Q8N1G0,BRCA1,1863,80d7199c8d1550a5ba8387043481c1acf0f070df410b47c2bc1375584b59bdf1,P38398,-2.5373826821645102,-1.6172504822413127,0.4907846450805664,-6.370674133300781,-6.597362041473389,-6.802435398101807,-6.590157190958659,229.0,140.0,119.0,78.0
context,Q99728,U,False,False,38,WTIP,430,e0239b8af92a4693a4117d647e141ebd324aa99ea382bdd25740aaba755f609d,A6NIX2,BRCA1,1863,80d7199c8d1550a5ba8387043481c1acf0f070df410b47c2bc1375584b59bdf1,P38398,-1.412862737973531,-0.7054069836934408,0.3709423840045929,-6.475452899932861,-9.076051712036133,-5.241272926330566,-6.9309258460998535,85.0,50.0,214.0,106.0
context,Q99728,U,False,False,39,MX2,715,9cafa4716b0b4bc85b1c4b7163ac8bc835083bb53e3ba458eb03af0580321885,P20592,BRCA1,1863,80d7199c8d1550a5ba8387043481c1acf0f070df410b47c2bc1375584b59bdf1,P38398,-1.6443156003952026,-1.508098880449931,0.5013142228126526,-7.284438610076904,-8.235433578491211,-7.0930376052856445,-7.537636597951253,115.0,132.0,106.0,151.0
context,Q99728,U,False,False,40,HSF1,529,e1332cd2b231cf13fb9f6a650c37a5841475fb58fa1b96299a204bf851ec62d1,Q00613,BRCA1,1863,80d7199c8d1550a5ba8387043481c1acf0f070df410b47c2bc1375584b59bdf1,P38398,-1.039116660753886,-0.6314192612965902,0.42592987418174744,-4.304870128631592,-8.962565422058105,-5.21940803527832,-6.162281195322673,40.0,43.0,173.0,53.0
context,Q99728,U,False,False,41,ZNF222,451,e2a70849dec3ee0aa1430e01fbf2d7c1da51f9466ad41d046e73125d573791ab,Q9UK12,BRCA1,1863,80d7199c8d1550a5ba8387043481c1acf0f070df410b47c2bc1375584b59bdf1,P38398,0.03880853081742922,-0.797689159711202,0.5494140982627869,-5.370882034301758,-3.87662410736084,-5.027941703796387,-4.758482615152995,6.0,57.0,70.0,10.0
context,Q99728,U,False,False,42,THOC1,657,db786d1ef2bb66259dcedd75fa4015de64f47f783058ac8aacd4d743c656ab87,Q96FV9,BRCA1,1863,80d7199c8d1550a5ba8387043481c1acf0f070df410b47c2bc1375584b59bdf1,P38398,-1.8756262063980103,-0.7991189360618591,0.36850908398628235,-5.7077436447143555,-6.564496040344238,-7.362617492675781,-6.544952392578125,151.0,58.0,218.0,74.0
context,Q99728,U,False,False,43,FBXO38,1188,0068ad7d9d6fb925e4dd832427e70f7f9ce5b298fea416c536348caf3683000c,Q6PIJ6,BRCA1,1863,80d7199c8d1550a5ba8387043481c1acf0f070df410b47c2bc1375584b59bdf1,P38398,-1.8207337061564128,-0.853255013624827,0.431022584438324,-5.908432483673096,-8.118326187133789,-5.712338447570801,-6.5796990394592285,143.0,63.0,169.0,77.0
context,Q99728,U,False,False,44,INPPL1,1258,90eb126213d7187353b8576a84b049128ad4419ba9c6fa21828cb4ac658a32a5,O15357,BRCA1,1863,80d7199c8d1550a5ba8387043481c1acf0f070df410b47c2bc1375584b59bdf1,P38398,-2.768999973932902,-2.21796186765035,0.27266475558280945,-9.722004890441895,-9.689469337463379,-8.695460319519043,-9.368978182474772,244.0,208.0,264.0,259.0
context,Q99728,U,False,False,45,DTL,730,214dcc052e189a0f2bbfd51e48b60843f587d8c18d2dbba10c5caa7831f0b28e,Q9NZJ0,BRCA1,1863,80d7199c8d1550a5ba8387043481c1acf0f070df410b47c2bc1375584b59bdf1,P38398,-2.1810315450032554,-1.234575629234314,0.5186418890953064,-7.619280815124512,-7.25210428237915,-8.645023345947266,-7.838802814483643,190.0,105.0,98.0,174.0
context,Q99728,U,False,False,46,CDK11A,783,beaadd7a1ba2db12e3477e0c1a2bab941db05c7abc017685aca3dfdf2f0f02fc,Q9UQ88,BRCA1,1863,80d7199c8d1550a5ba8387043481c1acf0f070df410b47c2bc1375584b59bdf1,P38398,-1.4712897141774495,-2.0472371180852256,0.5805854201316833,-8.412423133850098,-9.196578979492188,-8.703850746154785,-8.77095095316569,94.0,197.0,39.0,235.0
context,Q99728,U,False,False,47,GCM2,506,6b9b0f6eb8c91c3816a1a52290e92f8631e4983b97e08bc3121e9fdeea5fddd7,O75603,BRCA1,1863,80d7199c8d1550a5ba8387043481c1acf0f070df410b47c2bc1375584b59bdf1,P38398,-3.0686610539754233,-3.380688269933065,0.5462425351142883,-7.388023376464844,-5.836446285247803,-6.4602179527282715,-6.561562538146973,266.0,279.0,73.0,76.0
context,Q99728,U,False,False,48,MYBL1,752,b419535583576b54f9ec4fc2f823d9a0fb20d8ce70a71a6515e28aefd752a3d5,P10243,BRCA1,1863,80d7199c8d1550a5ba8387043481c1acf0f070df410b47c2bc1375584b59bdf1,P38398,-0.8946810563405355,-1.906924804051717,0.589871883392334,-5.983610153198242,-6.272982120513916,-6.241487503051758,-6.166026592254639,31.0,187.0,28.0,54.0
context,Q99728,U,False,False,49,USP25,1055,a0f81f5f3f729e811b03e4ec40869e2cb705c6591f53b3b42f5c5e650b6e0f6e,Q9UHP3,BRCA1,1863,80d7199c8d1550a5ba8387043481c1acf0f070df410b47c2bc1375584b59bdf1,P38398,-0.7843390703201294,-0.5083462968468666,0.49299514293670654,-5.6462082862854,-9.971450805664062,-5.927128314971924,-7.181595802307129,23.0,34.0,113.0,119.0
context,Q99728,U,False,False,50,USP8,1118,75d3870bdf21bdba60fa8975a7abe3b7be6183613427ad745a98f97bc7659331,P40818,BRCA1,1863,80d7199c8d1550a5ba8387043481c1acf0f070df410b47c2bc1375584b59bdf1,P38398,-0.9307667016983032,-1.055302123228709,0.48000368475914,-4.313482761383057,-7.974093914031982,-6.197338581085205,-6.161638418833415,32.0,86.0,133.0,52.0
context,Q99728,U,False,False,51,LHX5,402,2f612d60538c739c8e1d970fa243ce79dd00497a7ff968fb3c2762c8b1ca0970,Q9H2C1,BRCA1,1863,80d7199c8d1550a5ba8387043481c1acf0f070df410b47c2bc1375584b59bdf1,P38398,-0.5256396532058716,0.2918862501780192,0.3280477821826935,-5.65445613861084,-6.573545932769775,-7.363537788391113,-6.530513286590576,15.0,8.0,242.0,73.0
context,Q99728,U,False,False,52,POLD3,466,6680c385eb2aadede95bdb264e3870b65d4657ee553784e91719abf88a67848e,Q15054,BRCA1,1863,80d7199c8d1550a5ba8387043481c1acf0f070df410b47c2bc1375584b59bdf1,P38398,-1.6375701030095418,-1.4068649212519329,0.5670607686042786,-4.5816874504089355,-6.404349327087402,-6.735383987426758,-5.907140254974365,113.0,120.0,51.0,36.0
context,Q99728,U,False,False,53,BRF2,419,9ad4c07db22299e10a34d49ca8ae0abd45151bc8d205e83894358b16cdf29d9a,Q9HAW0,BRCA1,1863,80d7199c8d1550a5ba8387043481c1acf0f070df410b47c2bc1375584b59bdf1,P38398,-0.8397541443506876,0.49636709690093994,0.49361467361450195,-6.311934947967529,-5.524888038635254,-4.151682376861572,-5.329501787821452,27.0,5.0,111.0,21.0
background,Q99728,U,False,False,54,AHI1,1196,2c1160aaeeb0fccb2db563b97c46bed9dc3cf0f1565c129947fbc60992c94535,Q8N157,BRCA1,1863,80d7199c8d1550a5ba8387043481c1acf0f070df410b47c2bc1375584b59bdf1,P38398,-1.6950925588607788,-1.2070503234863281,0.49596890807151794,-7.687370300292969,-10.16831111907959,-4.631894588470459,-7.495858669281006,121.0,102.0,108.0,148.0
background,Q99728,U,False,False,55,SEMA5B,1151,e130baba06b6023b8c9701f4ce55f458f8e89ccf7613f430aebba9736f5e10fb,Q9P283,BRCA1,1863,80d7199c8d1550a5ba8387043481c1acf0f070df410b47c2bc1375584b59bdf1,P38398,-2.9384432633717856,-2.7392374674479165,0.2412271946668625,-7.793835163116455,-9.564657211303711,-9.50135612487793,-8.953282833099365,259.0,251.0,268.0,242.0
background,Q99728,U,False,False,56,PRIM2,509,f655c010e88eb41d43074f22bc956d23f7a2f7207987efd3c681df1f89a8fbaf,P49643,BRCA1,1863,80d7199c8d1550a5ba8387043481c1acf0f070df410b47c2bc1375584b59bdf1,P38398,-0.38716790576775867,-0.49580750862757367,0.4164472222328186,-4.625644683837891,-6.558149814605713,-8.167911529541016,-6.450568675994873,12.0,33.0,182.0,68.0
background,Q99728,U,False,False,57,PIPOX,390,bdc3f474ab2c309a04c71b189b1b8b65e2b250ab8ac6e11dc80225a0780b8e11,Q9P0Z9,BRCA1,1863,80d7199c8d1550a5ba8387043481c1acf0f070df410b47c2bc1375584b59bdf1,P38398,-3.355370044708252,-3.342365582784017,0.37900394201278687,-7.400927543640137,-10.220352172851562,-7.921070098876953,-8.514116605122885,281.0,278.0,205.0,221.0
background,Q99728,U,False,False,58,SREBF2,1141,6d5bd13c37b38aedead679c6ad09370938dde3972e33c3aed1130102745e9d8c,Q12772,BRCA1,1863,80d7199c8d1550a5ba8387043481c1acf0f070df410b47c2bc1375584b59bdf1,P38398,-1.5298982461293538,-0.9794293642044067,0.3831078112125397,-8.175429344177246,-8.825562477111816,-7.365363597869873,-8.122118473052979,101.0,76.0,201.0,192.0
background,Q99728,U,False,False,59,ERICH6,663,be57572441bc7c810d982a5134675a4141558ee7b3fe59a7c2364c5df1e30cf8,Q7L0X2,BRCA1,1863,80d7199c8d1550a5ba8387043481c1acf0f070df410b47c2bc1375584b59bdf1,P38398,-1.901029149691264,-1.9053223530451457,0.553123950958252,-7.582639217376709,-7.309395790100098,-5.073676586151123,-6.655237197875977,153.0,186.0,65.0,88.0
background,Q99728,U,False,False,60,ANKMY2,441,9243e22df71bd7084e37826c7dbf68c5fa22d3e4851d90039f9417d683001295,Q8IV38,BRCA1,1863,80d7199c8d1550a5ba8387043481c1acf0f070df410b47c2bc1375584b59bdf1,P38398,-1.9352583090464275,-1.4320168693860371,0.3929779529571533,-6.358731746673584,-8.589594841003418,-7.412476539611816,-7.453601042429606,158.0,121.0,196.0,144.0
background,Q99728,U,False,False,61,WDR72,1102,6f9438144ac6b921cf36fd8189aacb1b9f162a06be23e84f2a54762afa8ae6e4,Q3MJ13,BRCA1,1863,80d7199c8d1550a5ba8387043481c1acf0f070df410b47c2bc1375584b59bdf1,P38398,-3.108108123143514,-1.8214174906412761,0.4711979031562805,-7.709407806396484,-9.106870651245117,-6.639773845672607,-7.818684101104736,270.0,176.0,140.0,173.0
background,Q99728,U,False,False,62,PDZK1,519,e767177774abb2bda5d6a3360d871f68ba7c7c3b2cdb781466b053e3b2526776,Q5T2W1,BRCA1,1863,80d7199c8d1550a5ba8387043481c1acf0f070df410b47c2bc1375584b59bdf1,P38398,-1.0954726537068684,-1.0552354256312053,0.1663108617067337,-7.817075252532959,-8.31108283996582,-6.3340349197387695,-7.48739767074585,48.0,85.0,295.0,147.0
background,Q99728,U,False,False,63,UNC45A,944,7e2847e60b3d4241029838efaa803d9a398b3b63b2cbd8b1618eef65e581702e,Q9H3U1,BRCA1,1863,80d7199c8d1550a5ba8387043481c1acf0f070df410b47c2bc1375584b59bdf1,P38398,-1.9957126379013062,-0.8396636744340261,0.4630308151245117,-6.809099197387695,-8.162335395812988,-9.930926322937012,-8.300786972045898,166.0,62.0,144.0,210.0
background,Q99728,U,False,False,64,NLRX1,975,c2d4848c40edff9e6d93fa0713a31c9ce2ecf25b2a259db910be11228549942c,Q86UT6,BRCA1,1863,80d7199c8d1550a5ba8387043481c1acf0f070df410b47c2bc1375584b59bdf1,P38398,-2.4013036092122397,-1.6751822233200073,0.4065057039260864,-10.191329956054688,-12.170111656188965,-8.263612747192383,-10.208351453145346,212.0,152.0,188.0,284.0
background,Q99728,U,False,False,65,SLC5A9,681,0b9ff8022ce56d434928462fdf3222010a7ed24b8ff666a2bfc2dfe46d84060f,Q2M3M2,BRCA1,1863,80d7199c8d1550a5ba8387043481c1acf0f070df410b47c2bc1375584b59bdf1,P38398,-3.461104949315389,-5.420084794362386,0.1632934957742691,-11.252618789672852,-9.829254150390625,-10.00220012664795,-10.361357688903809,285.0,303.0,296.0,287.0
background,Q99728,U,False,False,66,PPP2R2D,453,5a78f8318f705ca22bc253fb712ea824f83687b6a899df214c44333f0d14dc4b,Q66LE6,BRCA1,1863,80d7199c8d1550a5ba8387043481c1acf0f070df410b47c2bc1375584b59bdf1,P38398,-3.787103811899821,-1.8370087544123332,0.5631227493286133,-5.8566412925720215,-9.717991828918457,-7.702711582183838,-7.759114901224772,293.0,178.0,56.0,169.0
background,Q99728,U,False,False,67,TAPT1,567,b3193764a4a6ca1bd62dcaf756a3bc0bfebf4c090d5f3cb8118b86741fbd8695,Q6NXT6,BRCA1,1863,80d7199c8d1550a5ba8387043481c1acf0f070df410b47c2bc1375584b59bdf1,P38398,-2.9325547218322754,-3.62349804242452,0.17073018848896027,-9.497978210449219,-9.056218147277832,-9.213262557983398,-9.25581963857015,257.0,285.0,292.0,254.0
background,Q99728,U,False,False,68,PNMA6E,647,dfcac7f170fa813160fa067e252051a8a41e65b9ab2d9cd63de2f2d7baf30486,A0A0J9YXQ4,BRCA1,1863,80d7199c8d1550a5ba8387043481c1acf0f070df410b47c2bc1375584b59bdf1,P38398,-3.120426336924235,-2.465287923812866,0.46338024735450745,-6.599249839782715,-5.7267231941223145,-5.105034351348877,-5.810335795084636,271.0,233.0,143.0,32.0
background,Q99728,U,False,False,69,KLKB1,638,4f30314865693bc9810ba484ea21699089d5bbcd2d4c75461668db8c9468bbf4,P03952,BRCA1,1863,80d7199c8d1550a5ba8387043481c1acf0f070df410b47c2bc1375584b59bdf1,P38398,-2.410287380218506,-2.588274876276652,0.28646454215049744,-10.257587432861328,-10.56313419342041,-11.780586242675781,-10.86710262298584,214.0,240.0,259.0,298.0
background,Q99728,U,False,False,70,BACE2,518,945503af92aaf7249f2e75bca39d256776f6291f530341444ebe0caf7edce7f3,Q9Y5Z0,BRCA1,1863,80d7199c8d1550a5ba8387043481c1acf0f070df410b47c2bc1375584b59bdf1,P38398,-3.828868786493937,-3.9868467648824057,0.2762012183666229,-12.471321105957031,-13.453702926635742,-9.278592109680176,-11.734538714090982,296.0,292.0,263.0,302.0
background,Q99728,U,False,False,71,PIBF1,757,2d54da39a8c4515f8825acc1803eb44649457516ac25290fc39473b1071ccd7c,Q8WXW3,BRCA1,1863,80d7199c8d1550a5ba8387043481c1acf0f070df410b47c2bc1375584b59bdf1,P38398,-0.16132972886164984,0.37707717219988507,0.7178393006324768,-6.638875961303711,-7.551032543182373,-7.026806831359863,-7.072238445281982,8.0,6.0,1.0,111.0
background,Q99728,U,False,False,72,GATA2,480,71d3f67643bca6ac1a1c3d96ff7a501dc30647ef3cbc8569c52e5466ab2a63ec,P23769,BRCA1,1863,80d7199c8d1550a5ba8387043481c1acf0f070df410b47c2bc1375584b59bdf1,P38398,-3.8072539965311685,-2.961511770884196,0.3651857078075409,-9.812862396240234,-12.091123580932617,-10.730111122131348,-10.878032366434732,295.0,263.0,222.0,299.0
background,Q99728,U,False,False,73,MTR,1265,f80abbb2d8b94387cc75ece5989cf57a56eea3589d346f0a2a94c7931906185b,Q99707,BRCA1,1863,80d7199c8d1550a5ba8387043481c1acf0f070df410b47c2bc1375584b59bdf1,P38398,-2.9302595456441245,-3.757448752721151,0.30713891983032227,-10.395018577575684,-10.663761138916016,-10.369353294372559,-10.476044336954752,256.0,287.0,253.0,294.0
background,Q99728,U,False,False,74,ANO10,660,3b40b4bfb9f9a70784e6fb433eca6a86918cb358d22071bab52419f6174da678,Q9NW15,BRCA1,1863,80d7199c8d1550a5ba8387043481c1acf0f070df410b47c2bc1375584b59bdf1,P38398,-2.6052486101786294,-3.7340118090311685,0.1791107952594757,-10.686050415039062,-9.120118141174316,-9.84777545928955,-9.884648005167643,235.0,286.0,287.0,273.0
background,Q99728,U,False,False,75,TRAF3IP3,551,c8af0f942d9757b19034a0c024e92dfa3e8368338916c51d59b3edc78388336f,Q9Y228,BRCA1,1863,80d7199c8d1550a5ba8387043481c1acf0f070df410b47c2bc1375584b59bdf1,P38398,0.2653248111406962,0.7466687659422556,0.4819035530090332,-5.10788106918335,-4.647095203399658,-5.500194072723389,-5.085056781768799,4.0,2.0,128.0,18.0
background,Q99728,U,False,False,76,FERMT2,680,ab20a5b7af519a1d9d2ffea0f1a05f1e86d05a71d38fbea9074db95168d3f7bb,Q96AC1,BRCA1,1863,80d7199c8d1550a5ba8387043481c1acf0f070df410b47c2bc1375584b59bdf1,P38398,-1.9820997714996338,-1.3876335422197978,0.31946754455566406,-7.83530855178833,-10.154675483703613,-8.441252708435059,-8.810412247975668,164.0,116.0,246.0,238.0
background,Q99728,U,False,False,77,DELE1,515,7c2cf315f2e66344d2021801198e994594d5d5d197b87a1d61491f59513f6f4f,Q14154,BRCA1,1863,80d7199c8d1550a5ba8387043481c1acf0f070df410b47c2bc1375584b59bdf1,P38398,-1.7213087876637776,-1.3654059171676636,0.3563525080680847,-8.752315521240234,-9.420331001281738,-8.151577949523926,-8.774741490681967,125.0,114.0,231.0,236.0
background,Q99728,U,False,False,78,GABRA3,492,0f3d4a587055bb5b934e059d9d3bd38f783a3ae09a8821792d023b48cf4621ae,P34903,BRCA1,1863,80d7199c8d1550a5ba8387043481c1acf0f070df410b47c2bc1375584b59bdf1,P38398,-4.008530616760254,-3.411129633585612,0.2163739800453186,-11.036779403686523,-10.647687911987305,-9.740683555603027,-10.475050290425619,298.0,280.0,278.0,293.0
background,Q99728,U,False,False,79,DRD1,446,d195ee4029e80e71159ac797fc03232c0ddf74d2f865f939179acd0fc14d81a6,P21728,BRCA1,1863,80d7199c8d1550a5ba8387043481c1acf0f070df410b47c2bc1375584b59bdf1,P38398,-3.758190155029297,-4.091552257537842,0.2225985825061798,-10.843563079833984,-10.104670524597168,-7.247014045715332,-9.398415883382162,292.0,296.0,277.0,261.0
background,Q99728,U,False,False,80,URI1,535,49162c510cdb5a79943ab0915c9de494815ff94c43d7a43aa5ad2f6e134bc5dd,O94763,BRCA1,1863,80d7199c8d1550a5ba8387043481c1acf0f070df410b47c2bc1375584b59bdf1,P38398,-1.7455422480901082,-1.8939505418141682,0.4753230810165405,-4.2150702476501465,-7.158047676086426,-5.836574554443359,-5.7365641593933105,128.0,184.0,135.0,31.0
background,Q99728,U,False,False,81,DNAJC3,504,9dae8237b0c4a29c411a5473ebccac93368bcc01288c559ac98a71eefb4f5f6b,Q13217,BRCA1,1863,80d7199c8d1550a5ba8387043481c1acf0f070df410b47c2bc1375584b59bdf1,P38398,-0.37997016807397205,-0.523392379283905,0.43425077199935913,-5.029640197753906,-8.785475730895996,-7.685911655426025,-7.167009194691976,11.0,35.0,168.0,118.0
background,Q99728,U,False,False,82,SLC26A9,791,e6bf345f6c69739f0ba9e25f973136846fa9d3ff265b81782b7d14d8af9c8807,Q7LBE3,BRCA1,1863,80d7199c8d1550a5ba8387043481c1acf0f070df410b47c2bc1375584b59bdf1,P38398,-3.2586207389831543,-4.081215778986613,0.14118608832359314,-11.811959266662598,-11.714560508728027,-7.592057228088379,-10.372859001159668,277.0,294.0,301.0,288.0
background,Q99728,U,False,False,83,TACR3,465,96c20248410c00a2e2effa4c4fb5f008c5cbd1f86f186a371dea80a29eddab48,P29371,BRCA1,1863,80d7199c8d1550a5ba8387043481c1acf0f070df410b47c2bc1375584b59bdf1,P38398,-3.5637519359588623,-3.059808333714803,0.15717069804668427,-12.125768661499023,-10.598947525024414,-7.277568817138672,-10.00076166788737,288.0,265.0,299.0,274.0
background,Q99728,U,False,False,84,TOPBP1,1522,0ced5241ed09ca4ccab79e3402166a62e2510d5e509f0df450517ee66347c4ad,Q92547,BRCA1,1863,80d7199c8d1550a5ba8387043481c1acf0f070df410b47c2bc1375584b59bdf1,P38398,-1.1933372815450032,-1.1321488221486409,0.6165066957473755,-5.871657371520996,-7.000566005706787,-5.05512809753418,-5.975783824920654,58.0,92.0,12.0,43.0
background,Q99728,U,False,False,85,LCOR,433,b1cfd592808015dbf121c95adefd3e69bd8820d1dd8223ab376cbcad4478c6c4,Q96JN0,BRCA1,1863,80d7199c8d1550a5ba8387043481c1acf0f070df410b47c2bc1375584b59bdf1,P38398,-1.574908932050069,-1.1760693192481995,0.5552154183387756,-5.242947101593018,-7.308873653411865,-6.77417516708374,-6.441998640696208,107.0,99.0,61.0,66.0
background,Q99728,U,False,False,86,KLHL21,597,4e87ce67ada582357654c01b854c8c0fa98402bd74f987d9fc1dab53b9891a17,Q9UJP4,BRCA1,1863,80d7199c8d1550a5ba8387043481c1acf0f070df410b47c2bc1375584b59bdf1,P38398,-2.641694704691569,-1.7359585762023926,0.35465776920318604,-5.554054260253906,-8.997169494628906,-7.220150947570801,-7.257124900817871,239.0,163.0,233.0,129.0
background,Q99728,U,False,False,87,DCAF11,546,835d5aa152de0dd0e135ececbae4813d63478415f9b8b95c95768835a586174e,Q8TEB1,BRCA1,1863,80d7199c8d1550a5ba8387043481c1acf0f070df410b47c2bc1375584b59bdf1,P38398,-2.296060562133789,-2.3320302963256836,0.5278530716896057,-7.453255653381348,-9.13647747039795,-7.88913106918335,-8.159621397654215,199.0,219.0,86.0,197.0
background,Q99728,U,False,False,88,LEMD3,911,97143cd55a5b2eb0bcf6d68afd6d48f19a708d65d5fef19c860c6feb3366e28e,Q9Y2U8,BRCA1,1863,80d7199c8d1550a5ba8387043481c1acf0f070df410b47c2bc1375584b59bdf1,P38398,-1.7068365812301636,-1.6621257066726685,0.2860587537288666,-10.709541320800781,-10.212860107421875,-9.41828441619873,-10.113561948140463,123.0,148.0,260.0,278.0
background,Q99728,U,False,False,89,EDC4,1401,1af15452c39e7a8313910ef62a564b95a77affbbb99d208c30e1e49b27f0b27d,Q6P2E9,BRCA1,1863,80d7199c8d1550a5ba8387043481c1acf0f070df410b47c2bc1375584b59bdf1,P38398,-2.2795417308807373,-1.1123229265213013,0.47976794838905334,-8.885079383850098,-6.892810821533203,-5.883957862854004,-7.2206160227457685,195.0,91.0,134.0,120.0
background,Q99728,U,False,False,90,ZC3H6,1189,453166384fae8d03d44871c606e00104b543ea5b672aad202fd9b85361b625d9,P61129,BRCA1,1863,80d7199c8d1550a5ba8387043481c1acf0f070df410b47c2bc1375584b59bdf1,P38398,-2.377192815144857,-2.230069359143575,0.40868210792541504,-7.871671676635742,-9.895413398742676,-6.797996997833252,-8.188360691070557,209.0,212.0,187.0,198.0
background,Q99728,U,False,False,91,DNAAF3,541,8f0e90b97e1cf85db13687eb52dcb34683c7868ef7f1db53a5d80adc74db4cb6,Q8N9W5,BRCA1,1863,80d7199c8d1550a5ba8387043481c1acf0f070df410b47c2bc1375584b59bdf1,P38398,-2.554871400197347,-2.231258749961853,0.3942974805831909,-7.172000408172607,-8.892997741699219,-9.354336738586426,-8.473111629486084,230.0,213.0,194.0,219.0
background,Q99728,U,False,False,92,TMEM102,508,c005eec0e2a5a33c085226925acca6c24936e1c3f843c925e209ed25e2dc2cba,Q8N9M5,BRCA1,1863,80d7199c8d1550a5ba8387043481c1acf0f070df410b47c2bc1375584b59bdf1,P38398,-2.3559621969858804,-1.3202913204828899,0.36903807520866394,-7.6134514808654785,-9.594429969787598,-8.217535972595215,-8.475139141082764,207.0,112.0,217.0,220.0
background,Q99728,U,False,False,93,EIF2A,585,69ef9d1ee5e99d8ff675049362646ce98154a7edce6631df597d0b51c7a0791a,Q9BY44,BRCA1,1863,80d7199c8d1550a5ba8387043481c1acf0f070df410b47c2bc1375584b59bdf1,P38398,-3.0194424788157144,-1.6090318361918132,0.49173641204833984,-8.775186538696289,-10.615168571472168,-5.228071689605713,-8.20614226659139,262.0,137.0,117.0,201.0
background,Q99728,U,False,False,94,RNF25,459,a03f3d7c23c01072887b04eb7c91cce88d7612ed694dd26bc478dcc447f4f156,Q96BH1,BRCA1,1863,80d7199c8d1550a5ba8387043481c1acf0f070df410b47c2bc1375584b59bdf1,P38398,-0.8381647070248922,-1.5647420088450115,0.5271127820014954,-6.821896553039551,-10.470243453979492,-7.484040260314941,-8.258726755777994,26.0,135.0,88.0,205.0
background,Q99728,U,False,False,95,CYP2E1,493,2357a72fbe2395cf0ece6f4d903b528ba0fe918807ff5c598ed54414e27839a4,P05181,BRCA1,1863,80d7199c8d1550a5ba8387043481c1acf0f070df410b47c2bc1375584b59bdf1,P38398,-2.169668436050415,-1.6283619403839111,0.3229433298110962,-12.507755279541016,-11.216552734375,-8.036797523498535,-10.587035179138184,188.0,142.0,244.0,296.0
background,Q99728,U,False,False,96,A2ML1,1454,e302d6ce0e1ee9a52353992462f9976b74ab9e403d7d8aef41f9ed7d74d87e53,A8K2U0,BRCA1,1863,80d7199c8d1550a5ba8387043481c1acf0f070df410b47c2bc1375584b59bdf1,P38398,-3.2168129285176597,-3.143305778503418,0.30623117089271545,-11.020709037780762,-10.253825187683105,-10.07269287109375,-10.449075698852539,275.0,271.0,254.0,291.0
background,Q99728,U,False,False,97,SP2,613,ba77f0f538d1974989dda05f42329db84aeabef9e27caf096d64661a2cea2798,Q02086,BRCA1,1863,80d7199c8d1550a5ba8387043481c1acf0f070df410b47c2bc1375584b59bdf1,P38398,-0.8926686843236288,0.11568341652552287,0.5197650194168091,-6.619065761566162,-5.907630920410156,-6.910147666931152,-6.47894811630249,30.0,10.0,96.0,70.0
background,Q99728,U,False,False,98,GOPC,462,e4616b58107ebe3c695d6b5919fd5ff2c7964d9face093857541d26a8ab474c4,Q9HD26,BRCA1,1863,80d7199c8d1550a5ba8387043481c1acf0f070df410b47c2bc1375584b59bdf1,P38398,-1.3160779078801472,0.1252015233039856,0.49424752593040466,-4.17498779296875,-3.923443555831909,-3.2741899490356445,-3.7908737659454346,69.0,9.0,110.0,2.0
background,Q99728,U,False,False,99,MMP23B,390,640d7a243c09a7a0c4bc185c827f189573955d177827c5efe0aa81dc305782db,O75900,BRCA1,1863,80d7199c8d1550a5ba8387043481c1acf0f070df410b47c2bc1375584b59bdf1,P38398,-3.6139090061187744,-2.403877337773641,0.264705628156662,-9.24107551574707,-8.83362102508545,-9.326400756835938,-9.133699099222818,289.0,226.0,266.0,249.0
background,Q99728,U,False,False,100,SPPL2A,520,46b8bcb88aa708d60ee5374ec338db6be09fae162705ff4356e00761749634a4,Q8TCT8,BRCA1,1863,80d7199c8d1550a5ba8387043481c1acf0f070df410b47c2bc1375584b59bdf1,P38398,-3.079886277516683,-5.035143534342448,0.13314048945903778,-13.575990676879883,-12.660050392150879,-11.59788703918457,-12.611309369405111,267.0,302.0,302.0,303.0
background,Q99728,U,False,False,101,CHRM5,532,7f99a3866638d052e67847fd928f4271427440a3b7622ff21e0269fe5f0e1e03,P08912,BRCA1,1863,80d7199c8d1550a5ba8387043481c1acf0f070df410b47c2bc1375584b59bdf1,P38398,-2.7806944052378335,-3.5536895593007407,0.24704644083976746,-12.382891654968262,-10.604206085205078,-8.40499210357666,-10.464029947916666,247.0,283.0,267.0,292.0
background,Q99728,U,False,False,102,NMT1,496,7ab1dfab2e9102945a1650384da8e67150b2fc4527be72df6505a068e0486545,P30419,BRCA1,1863,80d7199c8d1550a5ba8387043481c1acf0f070df410b47c2bc1375584b59bdf1,P38398,-2.5185877482096353,-1.4449000755945842,0.45005279779434204,-6.382596015930176,-7.804911136627197,-11.135969161987305,-8.441158771514893,226.0,124.0,159.0,216.0
background,Q99728,U,False,False,103,UGT2B11,529,98dc3e4fdd1ad99f08d1d8851de1eba2c65de506185f5f24c0b01b71c4117d30,O75310,BRCA1,1863,80d7199c8d1550a5ba8387043481c1acf0f070df410b47c2bc1375584b59bdf1,P38398,-3.638444741566976,-4.468814293543498,0.14469121396541595,-9.62253189086914,-12.304535865783691,-8.579906463623047,-10.168991406758627,290.0,299.0,300.0,281.0
context,Q86YC2,U,False,False,104,SRPK2,688,41b7f83599f74232022b2849406c8b66303ad8162b0f8c14ec41b50f9eec6c85,P78362,BRCA1,1863,80d7199c8d1550a5ba8387043481c1acf0f070df410b47c2bc1375584b59bdf1,P38398,-1.9300525188446045,-1.2595200538635254,0.49485301971435547,-3.996345043182373,-6.3979268074035645,-5.373767852783203,-5.25601323445638,157.0,107.0,109.0,20.0
context,Q86YC2,U,False,False,105,LPIN2,896,6d984e83a237b02e8ea0a3a61c485bf5d9f4200349e7edfdee4770099e3b4473,Q92539,BRCA1,1863,80d7199c8d1550a5ba8387043481c1acf0f070df410b47c2bc1375584b59bdf1,P38398,-2.495398998260498,-2.399639844894409,0.3564673066139221,-8.519705772399902,-6.827588081359863,-7.724464416503906,-7.690586090087891,223.0,225.0,229.0,163.0
context,Q86YC2,U,False,False,106,CUL2,745,07cc7e6b1f5474a9018e28474f11e53587bf6d0ae5f487700eea814f26ca7c96,Q13617,BRCA1,1863,80d7199c8d1550a5ba8387043481c1acf0f070df410b47c2bc1375584b59bdf1,P38398,-1.606932520866394,-0.598685085773468,0.3216839134693146,-7.073099136352539,-7.952800273895264,-4.6154704093933105,-6.547123273213704,110.0,40.0,245.0,75.0
context,Q86YC2,U,False,False,107,UBA7,1012,1cb1180614f627d1ed880264b938f98beb11a7d2b4870db2f9a1d7bfe80feedd,P41226,BRCA1,1863,80d7199c8d1550a5ba8387043481c1acf0f070df410b47c2bc1375584b59bdf1,P38398,-2.1718343098958335,-1.743564208348592,0.3768361210823059,-8.360119819641113,-10.499391555786133,-10.578152656555176,-9.812554677327475,189.0,165.0,207.0,270.0
context,Q86YC2,U,False,False,108,AHRR,697,5ff5c2ff91b73deeb437d0da361afe1d08acd07eb8b278f1d0257e0248d74451,A9YTQ3,BRCA1,1863,80d7199c8d1550a5ba8387043481c1acf0f070df410b47c2bc1375584b59bdf1,P38398,-2.9742857615152993,-3.292262554168701,0.5215516090393066,-8.484116554260254,-7.698025703430176,-6.501758575439453,-7.561300277709961,261.0,276.0,93.0,154.0
context,Q86YC2,U,False,False,109,CHAMP1,812,95da05e3a27537ad625959ca05a49ccb6af7270c1724788724cd8577ec3d469c,Q96JM3,BRCA1,1863,80d7199c8d1550a5ba8387043481c1acf0f070df410b47c2bc1375584b59bdf1,P38398,-3.1806235313415527,-3.0242393016815186,0.6227027177810669,-11.445009231567383,-10.280265808105469,-8.987581253051758,-10.237618764241537,273.0,264.0,9.0,285.0
context,Q86YC2,U,False,False,110,MED24,989,23b03442078f58445f9454f99ec3d4a47d6ad172b1b2137662301207c7f06992,O75448,BRCA1,1863,80d7199c8d1550a5ba8387043481c1acf0f070df410b47c2bc1375584b59bdf1,P38398,-2.325083335240682,-0.5396427512168884,0.4425286650657654,-7.850856781005859,-8.345162391662598,-7.758657932281494,-7.98489236831665,203.0,37.0,164.0,183.0
context,Q86YC2,U,False,False,111,POU6F1,611,aa4ab127f825d89550719f8600a51fbc176f8fe72301678d791701571795e1b4,Q14863,BRCA1,1863,80d7199c8d1550a5ba8387043481c1acf0f070df410b47c2bc1375584b59bdf1,P38398,-1.1995325088500977,0.3473101655642192,0.5162954926490784,-5.672837734222412,-5.166116237640381,-5.872902870178223,-5.570618947347005,60.0,7.0,99.0,24.0
context,Q86YC2,U,False,False,112,PHF20L1,1017,aac26fa6b1288fdeab483be096138233dede6f8b2fdcf8eb239820b09261ec54,A8MW92,BRCA1,1863,80d7199c8d1550a5ba8387043481c1acf0f070df410b47c2bc1375584b59bdf1,P38398,-1.1790890296300252,-1.149637758731842,0.6392090916633606,-6.30195951461792,-6.807377815246582,-5.196462154388428,-6.1019331614176435,56.0,95.0,5.0,48.0
context,Q86YC2,U,False,False,113,TGS1,853,4115cb422ee57da21b5c9e0ee88705e471d29f9dfceb3aa8d0851c8ad01fc208,Q96RS0,BRCA1,1863,80d7199c8d1550a5ba8387043481c1acf0f070df410b47c2bc1375584b59bdf1,P38398,-0.8776524265607198,-1.0022780001163483,0.5662068128585815,-5.980230331420898,-7.332957744598389,-6.543187141418457,-6.618791739145915,28.0,79.0,52.0,82.0
context,Q86YC2,U,False,False,114,ZBED1,694,7dc4708662d15148f5772b99749628e83af2ad99f2d44c972eaa01918669e6ac,O96006,BRCA1,1863,80d7199c8d1550a5ba8387043481c1acf0f070df410b47c2bc1375584b59bdf1,P38398,-1.1031121611595154,0.08955139418443044,0.5696495175361633,-6.077897548675537,-4.977633476257324,-3.9059197902679443,-4.987150271733602,50.0,12.0,49.0,17.0
context,Q86YC2,U,False,False,115,ZXDA,799,d1384f90f08898aec3f08c24a6fed161df9160ec301c0ec45b263af561e67c90,P98168,BRCA1,1863,80d7199c8d1550a5ba8387043481c1acf0f070df410b47c2bc1375584b59bdf1,P38398,-1.106041173140208,-1.2738388379414876,0.49718183279037476,-6.416786193847656,-7.082925796508789,-8.265751838684082,-7.255154609680176,51.0,109.0,107.0,128.0
context,Q86YC2,U,False,False,116,SF3B2,895,6393cb68dbede1293820a95483c36a1f194cf91591b35568f715683a60c219b3,Q13435,BRCA1,1863,80d7199c8d1550a5ba8387043481c1acf0f070df410b47c2bc1375584b59bdf1,P38398,-0.9742924769719442,-0.41743852694829303,0.4925953447818756,-7.430404186248779,-8.07624340057373,-8.539775848388672,-8.015474478403727,35.0,28.0,114.0,185.0
context,Q86YC2,U,False,False,117,ZRANB3,1079,4c675c686f42f2a180f28228e77c320ddad97e6064b95d07a8c6112b2e0209c4,Q5FWF4,BRCA1,1863,80d7199c8d1550a5ba8387043481c1acf0f070df410b47c2bc1375584b59bdf1,P38398,-1.411994735399882,-1.1909143527348836,0.5607565641403198,-6.332876682281494,-7.0526957511901855,-7.7093682289123535,-7.031646887461345,84.0,100.0,58.0,110.0
context,Q86YC2,U,False,False,118,PPARGC1A,798,17659308c69ac01d51fcc86fe96d838f4bfef869049bfc92b2e384f79ed58de3,Q9UBK2,BRCA1,1863,80d7199c8d1550a5ba8387043481c1acf0f070df410b47c2bc1375584b59bdf1,P38398,-1.4492489496866863,-2.0965023040771484,0.5533173680305481,-6.670297145843506,-7.5727105140686035,-7.963493347167969,-7.402167002360026,90.0,199.0,64.0,138.0
context,Q86YC2,U,False,False,119,TNKS2,1166,43b649a8e088a5c0054cc47c614cb08dbb1eac2e071a42ec86f2ab44f117d073,Q9H2K2,BRCA1,1863,80d7199c8d1550a5ba8387043481c1acf0f070df410b47c2bc1375584b59bdf1,P38398,-1.1136523683865864,-1.9149930477142334,0.3443584144115448,-10.105569839477539,-10.897480964660645,-10.597806930541992,-10.533619244893393,53.0,190.0,237.0,295.0
context,Q86YC2,U,False,False,120,DDX41,622,7412d568d35c2506c62bd4814befb803d938ed6c51b03ce438f7c47729e0aa87,Q9UJV9,BRCA1,1863,80d7199c8d1550a5ba8387043481c1acf0f070df410b47c2bc1375584b59bdf1,P38398,-2.3555855751037598,-2.623204747835795,0.47317951917648315,-6.7688679695129395,-9.447694778442383,-8.468541145324707,-8.228367964426676,206.0,244.0,137.0,203.0
context,Q86YC2,U,False,False,121,GEN1,908,841e78080115eecb3214fb6106c3d9f7abe5189df84b7d5bf1d3391b69ff6a96,Q17RS7,BRCA1,1863,80d7199c8d1550a5ba8387043481c1acf0f070df410b47c2bc1375584b59bdf1,P38398,-1.4386110305786133,-1.5053407947222393,0.5896499752998352,-4.357261657714844,-4.500058650970459,-5.34533166885376,-4.7342173258463545,88.0,131.0,30.0,9.0
context,Q86YC2,U,False,False,122,DCAF6,860,a81ceb2f0fd66bcd9e95b106d0c755d682530fee1bc583408741cbabe5bf9fc3,Q58WW2,BRCA1,1863,80d7199c8d1550a5ba8387043481c1acf0f070df410b47c2bc1375584b59bdf1,P38398,-1.211531162261963,-0.8568875392278036,0.5055944919586182,-7.078677177429199,-8.894479751586914,-4.692012310028076,-6.8883897463480634,61.0,65.0,103.0,103.0
context,Q86YC2,U,False,False,123,MORC2,1032,de1f68188a4eb2b7df75460b402cc8d2e84299396f4603caba75e33c3b434ed4,Q9Y6X9,BRCA1,1863,80d7199c8d1550a5ba8387043481c1acf0f070df410b47c2bc1375584b59bdf1,P38398,-1.48550279935201,-2.222718675931295,0.5906388163566589,-5.143037796020508,-9.357379913330078,-7.778794765472412,-7.426404158274333,96.0,209.0,25.0,140.0
context,Q86YC2,U,False,False,124,TAF1C,869,28a361454b52841094597cbcdd9c7e24c32b0f17a11d7910179a9e2ef73f1c39,Q15572,BRCA1,1863,80d7199c8d1550a5ba8387043481c1acf0f070df410b47c2bc1375584b59bdf1,P38398,-3.5360246499379477,-3.25088103612264,0.5409080982208252,-10.0723295211792,-10.024262428283691,-6.135560989379883,-8.744050979614258,287.0,275.0,75.0,234.0
context,Q86YC2,U,False,False,125,WRN,1432,44adbc3029efd6c690accac06bfd2f5b58e943b7492e8aa53c64b2fde151d155,Q14191,BRCA1,1863,80d7199c8d1550a5ba8387043481c1acf0f070df410b47c2bc1375584b59bdf1,P38398,-1.016897936662038,-0.30479590098063153,0.6345425248146057,-5.978085041046143,-7.767373085021973,-7.282960891723633,-7.009473005930583,36.0,25.0,6.0,109.0
context,Q86YC2,U,False,False,126,ZNF28,718,b6d5d212be5479fcf2849d92c94b946305ec458376e9a395be5a87c3c0e155d1,P17035,BRCA1,1863,80d7199c8d1550a5ba8387043481c1acf0f070df410b47c2bc1375584b59bdf1,P38398,-1.3222637573877971,-2.605419874191284,0.5836687684059143,-4.68287467956543,-5.601022720336914,-4.503133773803711,-4.929010391235352,70.0,242.0,36.0,14.0
context,Q86YC2,U,False,False,127,ZNF84,738,a92a821d3b6b2270a92cfad6b3bf07240355aed9a9273cb345efad2b1d778d63,P51523,BRCA1,1863,80d7199c8d1550a5ba8387043481c1acf0f070df410b47c2bc1375584b59bdf1,P38398,-1.3844579458236694,-2.623703201611837,0.5900259017944336,-6.137662887573242,-6.136496543884277,-4.799463748931885,-5.691207726796468,78.0,245.0,27.0,30.0
context,Q86YC2,U,False,False,128,ZFP37,630,b675c90acfed3aff0917885517882ed44a8cbd828a8b449f668bfd6ee583faef,Q9Y6Q3,BRCA1,1863,80d7199c8d1550a5ba8387043481c1acf0f070df410b47c2bc1375584b59bdf1,P38398,-0.8218331734339396,-1.7374712228775024,0.5953343510627747,-5.599054336547852,-5.0788140296936035,-3.7703986167907715,-4.816088994344075,25.0,164.0,21.0,11.0
context,Q86YC2,U,False,False,129,IPO11,975,f81bac09058db2688b27d63e23adb3ff9869659dd7a23b69def83fe48acccf56,Q9UI26,BRCA1,1863,80d7199c8d1550a5ba8387043481c1acf0f070df410b47c2bc1375584b59bdf1,P38398,-1.823639949162801,-0.34929750363032025,0.42347851395606995,-8.171792984008789,-9.564870834350586,-5.968221187591553,-7.901628335316976,144.0,26.0,176.0,178.0
context,Q86YC2,U,False,False,130,ZC3H11A,810,e295146d6988d3c1648023ff523b8c0f0979e2088ebf7a8b266bdcb2193f6ad2,O75152,BRCA1,1863,80d7199c8d1550a5ba8387043481c1acf0f070df410b47c2bc1375584b59bdf1,P38398,-2.3990660508473716,-2.7628326416015625,0.49329593777656555,-6.291256427764893,-5.690884590148926,-6.369225978851318,-6.117122332255046,210.0,253.0,112.0,49.0
context,Q86YC2,U,False,False,131,SMC2,1197,8d50b8f6cbd845496d8ea7f022f33178c159d7405ea5354b1ba34cb82fbb6df5,O95347,BRCA1,1863,80d7199c8d1550a5ba8387043481c1acf0f070df410b47c2bc1375584b59bdf1,P38398,-2.313995361328125,-1.8680880864461262,0.4837041199207306,-7.4858503341674805,-8.808975219726562,-9.809101104736328,-8.701308886210123,202.0,183.0,126.0,232.0
context,Q86YC2,U,False,False,132,NR4A3,626,6c45c8cdd5966fbac000a13d3d256fb752c7cf444077f6447545f62f8cecfa65,Q92570,BRCA1,1863,80d7199c8d1550a5ba8387043481c1acf0f070df410b47c2bc1375584b59bdf1,P38398,-3.0421013832092285,-2.9099504152933755,0.37149277329444885,-6.881194114685059,-7.433054447174072,-7.3582305908203125,-7.2241597175598145,263.0,261.0,213.0,121.0
context,Q86YC2,U,False,False,133,MAML3,1138,26381bc64a03b46c3b512df5eb6776ba85a3cedbb308cbdfdc7751fa3387adde,Q96JK9,BRCA1,1863,80d7199c8d1550a5ba8387043481c1acf0f070df410b47c2bc1375584b59bdf1,P38398,-2.774367570877075,-1.720170219739278,0.4925903081893921,-5.814852237701416,-6.739137649536133,-5.2285308837890625,-5.927506923675537,245.0,162.0,115.0,39.0
context,Q86YC2,U,False,False,134,MYO1C,1063,f5590930d3796d0307d63f311dfb103a0fd8fe593f12904245df75e414fd9e2a,O00159,BRCA1,1863,80d7199c8d1550a5ba8387043481c1acf0f070df410b47c2bc1375584b59bdf1,P38398,-2.003957509994507,-2.5047722260157266,0.38267165422439575,-7.083305835723877,-8.246203422546387,-7.639732837677002,-7.656414031982422,167.0,235.0,203.0,160.0
context,Q86YC2,U,False,False,135,LMNA,664,d1ba9877ad6626a2d6d1bf77fdadf06d0bb8fbc1aeeddf52b5da196b22b3ad45,P02545,BRCA1,1863,80d7199c8d1550a5ba8387043481c1acf0f070df410b47c2bc1375584b59bdf1,P38398,-1.4359829823176067,-0.6536553502082825,0.4595889747142792,-6.290492534637451,-6.961564540863037,-5.91552209854126,-6.389193058013916,87.0,46.0,146.0,63.0
context,Q86YC2,U,False,False,136,PHF20,1012,99a56ed3cb7d342e77db01cd7adc5ced0045a043b4b6170930f9a874529672d9,Q9BVI0,BRCA1,1863,80d7199c8d1550a5ba8387043481c1acf0f070df410b47c2bc1375584b59bdf1,P38398,-1.3897877136866252,-1.6273705959320068,0.6063210368156433,-6.313797473907471,-6.197389125823975,-5.919268608093262,-6.143485069274902,80.0,141.0,14.0,50.0
context,Q86YC2,U,False,False,137,GCFC2,781,40d0b13142199a02b27c2d216e683dcb77289fd7c5439de498c41dca5ef941f1,P16383,BRCA1,1863,80d7199c8d1550a5ba8387043481c1acf0f070df410b47c2bc1375584b59bdf1,P38398,-1.3081127802530925,-1.169817288716634,0.6563445925712585,-7.341763496398926,-8.669672012329102,-6.565569877624512,-7.525668462117513,68.0,98.0,4.0,150.0
context,Q86YC2,U,False,False,138,ATN1,1190,7c0784c5f56f67b5cb3518b4e88b51bc59499ff269dc73dc3cdc73d307c74cce,P54259,BRCA1,1863,80d7199c8d1550a5ba8387043481c1acf0f070df410b47c2bc1375584b59bdf1,P38398,-4.291612148284912,-2.4581971168518066,0.3866761326789856,-6.8915252685546875,-9.413851737976074,-7.492410182952881,-7.932595729827881,303.0,232.0,199.0,180.0
context,Q86YC2,U,False,False,139,PPP1R26,1209,7ebbea7c2bc26301dbe162849b8f8cca3a42ad1b93a34fa252dfd5a033c323a0,Q5T8A7,BRCA1,1863,80d7199c8d1550a5ba8387043481c1acf0f070df410b47c2bc1375584b59bdf1,P38398,-2.41160257657369,-3.071906248728434,0.5761073231697083,-6.570413112640381,-8.466201782226562,-6.6425700187683105,-7.226394971211751,215.0,266.0,46.0,123.0
context,Q86YC2,U,False,False,140,DACT1,836,8d2939763bfdec1c7d60b0b8bc19859c96e8116172255f0b23171b106fd55f96,Q9NYF0,BRCA1,1863,80d7199c8d1550a5ba8387043481c1acf0f070df410b47c2bc1375584b59bdf1,P38398,-1.537323792775472,-0.811136802037557,0.5975776314735413,-6.545584678649902,-8.42970085144043,-5.680830001831055,-6.885371843973796,104.0,59.0,20.0,102.0
context,Q86YC2,U,False,False,141,ECT2,914,11082fa960aa2ba8b2335c24eb46c82c0021984fb17691c3fbfee6b31cb2726c,Q9H8V3,BRCA1,1863,80d7199c8d1550a5ba8387043481c1acf0f070df410b47c2bc1375584b59bdf1,P38398,-1.8076591491699219,-1.7161244948705037,0.4720316231250763,-7.398037910461426,-8.585179328918457,-5.480462551116943,-7.154559930165608,140.0,161.0,139.0,115.0
context,Q86YC2,U,False,False,142,THOC5,683,9ddc8852e3ee7138c58d63bb6bfc897428434962211197103347c36bb2b0f11f,Q13769,BRCA1,1863,80d7199c8d1550a5ba8387043481c1acf0f070df410b47c2bc1375584b59bdf1,P38398,-1.7198667923609416,-0.6193473637104034,0.5698659420013428,-7.033044815063477,-8.524115562438965,-6.733315944671631,-7.430158774058024,124.0,41.0,48.0,143.0
context,Q86YC2,U,False,False,143,DGKI,1057,b1db6a44386ad945a8e8f33bb0012e9c51cb474e7fefbd8aa0e64d7ad61247a2,O75912,BRCA1,1863,80d7199c8d1550a5ba8387043481c1acf0f070df410b47c2bc1375584b59bdf1,P38398,-2.2964375019073486,-2.225792725880941,0.28306910395622253,-10.300435066223145,-9.351000785827637,-9.198030471801758,-9.616488774617514,200.0,210.0,262.0,266.0
context,Q86YC2,U,False,False,144,RAD54L,747,076621fb418cdba70cd223fb47dfeeec524a1dc685a22aea1fe1a3399d3a4917,Q92698,BRCA1,1863,80d7199c8d1550a5ba8387043481c1acf0f070df410b47c2bc1375584b59bdf1,P38398,-1.4966416756312053,-0.8663997054100037,0.6021714806556702,-3.946542978286743,-6.232505798339844,-8.725728034973145,-6.301592270533244,97.0,66.0,17.0,59.0
context,Q86YC2,U,False,False,145,KANSL1,1105,2ef35608125d7bc3e80dd231ecace7302e5b26ca8d2d9a84be862ea131a93262,Q7Z3B3,BRCA1,1863,80d7199c8d1550a5ba8387043481c1acf0f070df410b47c2bc1375584b59bdf1,P38398,-2.2632323106129966,-2.1728216807047525,0.5896772146224976,-8.330798149108887,-8.779726028442383,-5.723543167114258,-7.611355781555176,194.0,205.0,29.0,156.0
context,Q86YC2,U,False,False,146,BTK,659,2050e121c40716b1679af0b304ba648e1f3f6d4bf32ac563318974ec64d5167a,Q06187,BRCA1,1863,80d7199c8d1550a5ba8387043481c1acf0f070df410b47c2bc1375584b59bdf1,P38398,-1.4156672954559326,-1.0108307003974915,0.23277562856674194,-9.149723052978516,-7.970606327056885,-9.288597106933594,-8.802975495656332,86.0,81.0,273.0,237.0
context,Q86YC2,U,False,False,147,SAGE1,904,a71ae1e1c20b9fa5a5cf8bb854056fccfc32241ddcbf8177aba9bc6f38ef3232,Q9NXZ1,BRCA1,1863,80d7199c8d1550a5ba8387043481c1acf0f070df410b47c2bc1375584b59bdf1,P38398,-1.087844451268514,-1.6731346448262532,0.630736231803894,-7.418431282043457,-8.206122398376465,-6.457788944244385,-7.3607808748881025,47.0,151.0,7.0,135.0
context,Q86YC2,U,False,False,148,JAK2,1132,21017319c2c8714bf0b97157e13f2184664d2d13b899b37276195af86ca0720a,O60674,BRCA1,1863,80d7199c8d1550a5ba8387043481c1acf0f070df410b47c2bc1375584b59bdf1,P38398,-1.3541022936503093,-0.7690754731496176,0.26796969771385193,-6.960579872131348,-11.069755554199219,-7.973214626312256,-8.667850017547607,73.0,56.0,265.0,230.0
context,Q86YC2,U,False,False,149,UBA1,1058,faa60ebbeaa6c322d9924f88d5312f37546dbcff62a7518c974d2540b6702802,P22314,BRCA1,1863,80d7199c8d1550a5ba8387043481c1acf0f070df410b47c2bc1375584b59bdf1,P38398,-1.9831148783365886,-2.4297155936559043,0.3868456184864044,-7.116039752960205,-8.658071517944336,-9.406425476074219,-8.39351224899292,165.0,229.0,198.0,213.0
context,Q86YC2,U,False,False,150,STAG1,1258,5d2dc65e1ff8435d9f6cad2564584719a70893d94123ef250355358855781c3b,Q8WVM7,BRCA1,1863,80d7199c8d1550a5ba8387043481c1acf0f070df410b47c2bc1375584b59bdf1,P38398,-1.624692440032959,-1.091609517733256,0.48129451274871826,-6.079843044281006,-7.80143404006958,-8.044966697692871,-7.308747927347819,112.0,89.0,131.0,132.0
context,Q86YC2,U,False,False,151,PRKCE,737,c13770c67cf27f93bb1dd39b9eb4173c01253a2060e44225120f1e3a33625ade,Q02156,BRCA1,1863,80d7199c8d1550a5ba8387043481c1acf0f070df410b47c2bc1375584b59bdf1,P38398,-1.530091365178426,-0.8568328420321146,0.23698684573173523,-8.417956352233887,-8.68160343170166,-7.674801826477051,-8.2581205368042,102.0,64.0,271.0,204.0
context,Q86YC2,U,False,False,152,PLCZ1,608,2b7e2a28499d00a8167beefe81e45519271e27ddfc53bc9fdc06ee90552fbff7,Q86YW0,BRCA1,1863,80d7199c8d1550a5ba8387043481c1acf0f070df410b47c2bc1375584b59bdf1,P38398,-2.4074877897898355,-2.4431809186935425,0.4523175060749054,-8.077820777893066,-7.986057758331299,-7.071805477142334,-7.711894671122233,213.0,231.0,155.0,165.0
context,Q86YC2,U,False,False,153,INTS9,658,403b3854f583e63338caf9b007ca5c82f19ac999baec704a56cbd70db86d9c9a,Q9NV88,BRCA1,1863,80d7199c8d1550a5ba8387043481c1acf0f070df410b47c2bc1375584b59bdf1,P38398,-2.6167964140574136,-1.6478512287139893,0.40368515253067017,-7.668535232543945,-5.230015754699707,-7.541871547698975,-6.813474178314209,237.0,146.0,190.0,96.0
background,Q86YC2,U,False,False,154,GRN,593,6e617348e747f6b3ea0ecff6bea1ee137ad27b393ee24781864080aea3134f53,P28799,BRCA1,1863,80d7199c8d1550a5ba8387043481c1acf0f070df410b47c2bc1375584b59bdf1,P38398,-3.295398791631063,-2.398317893346151,0.22431951761245728,-8.128596305847168,-9.956684112548828,-9.301712036132812,-9.128997484842936,278.0,224.0,276.0,248.0
background,Q86YC2,U,False,False,155,KLHL40,621,fb607857d57663797d8522494f2f1054984ecd8e19c77d6db815b3f42af98c61,Q2TBA0,BRCA1,1863,80d7199c8d1550a5ba8387043481c1acf0f070df410b47c2bc1375584b59bdf1,P38398,-3.2976877689361572,-2.833096742630005,0.3446766436100006,-5.178936004638672,-10.79787540435791,-7.093234539031982,-7.6900153160095215,279.0,259.0,236.0,162.0
background,Q86YC2,U,False,False,156,CIZ1,898,0cb50db179c429b2dcb4241c169bb5b3a4508c408cf7314c46b7f9d05878fe95,Q9ULV3,BRCA1,1863,80d7199c8d1550a5ba8387043481c1acf0f070df410b47c2bc1375584b59bdf1,P38398,-1.7805521090825398,-1.389177938302358,0.5785443782806396,-7.492519378662109,-7.111540794372559,-5.175982475280762,-6.593347549438477,136.0,118.0,42.0,79.0
background,Q86YC2,U,False,False,157,CTDP1,961,847d8927e9fb49daa7c17efbd57e64e6b52656b9d443db9054e4f799cfaf3d85,Q9Y5B0,BRCA1,1863,80d7199c8d1550a5ba8387043481c1acf0f070df410b47c2bc1375584b59bdf1,P38398,-1.8111046155293782,-2.7150774002075195,0.5850359201431274,-5.470418930053711,-8.152287483215332,-5.635874271392822,-6.419526894887288,141.0,249.0,35.0,64.0
background,Q86YC2,U,False,False,158,ZSCAN12,611,28ef449a9de1c7053bcd76d00ced7fd937ed11aca98641103a2a93ff57027b27,O43309,BRCA1,1863,80d7199c8d1550a5ba8387043481c1acf0f070df410b47c2bc1375584b59bdf1,P38398,-0.5669697324434916,-0.6402949094772339,0.5730429887771606,-5.837947368621826,-4.615947723388672,-4.177331447601318,-4.8770755132039385,17.0,44.0,47.0,12.0
background,Q86YC2,U,False,False,159,WDR44,913,11d6d6c4ecc2f6327452f93ed94308ba990115a9431980c63e74d5d9a92dc962,Q5JSH3,BRCA1,1863,80d7199c8d1550a5ba8387043481c1acf0f070df410b47c2bc1375584b59bdf1,P38398,-2.044959783554077,-1.6931819915771484,0.42398789525032043,-7.785357475280762,-9.702016830444336,-6.425695896148682,-7.971023400624593,172.0,157.0,174.0,182.0
background,Q86YC2,U,False,False,160,HELQ,1101,d7d00db7bb96ea6aa7314c3693cbe770dbc108baa10164bcaf3675f520ff0173,Q8TDG4,BRCA1,1863,80d7199c8d1550a5ba8387043481c1acf0f070df410b47c2bc1375584b59bdf1,P38398,-1.5980942646662395,-1.6667507092158,0.5948070883750916,-6.861138820648193,-6.931874752044678,-6.652052402496338,-6.815021991729736,109.0,150.0,23.0,97.0
background,Q86YC2,U,False,False,161,PCDHA11,949,05dcc6e0f9c90d7fc7135bf5413a96d2cc99bbd65cb7933974471877de8ea3f0,Q9Y5I1,BRCA1,1863,80d7199c8d1550a5ba8387043481c1acf0f070df410b47c2bc1375584b59bdf1,P38398,-2.475841681162516,-1.6961325407028198,0.23847895860671997,-8.505655288696289,-7.223109245300293,-6.553911209106445,-7.427558581034343,222.0,158.0,269.0,142.0
background,Q86YC2,U,False,False,162,RESF1,1747,56e5e5a75d374af471c32094bd77130131a534757ea5f4771203c0e17f390856,Q9HCM1,BRCA1,1863,80d7199c8d1550a5ba8387043481c1acf0f070df410b47c2bc1375584b59bdf1,P38398,-1.0795092185338337,-0.4425385197003682,0.5922737717628479,-3.0895180702209473,-3.941176652908325,-3.6661508083343506,-3.565615177154541,45.0,32.0,24.0,1.0
background,Q86YC2,U,False,False,163,KIAA0408,694,53fdf05da39d05a7ed8e9440230cbed3a3cd616a3b790b113b69021b5d3a9b72,Q6ZU52,BRCA1,1863,80d7199c8d1550a5ba8387043481c1acf0f070df410b47c2bc1375584b59bdf1,P38398,-0.4498128791650136,-0.6205156048138937,0.5306745171546936,-4.569279670715332,-6.6035685539245605,-3.668617010116577,-4.947155078252156,14.0,42.0,82.0,15.0
background,Q86YC2,U,False,False,164,SF3B3,1217,212bb58911e1cdef1d6335a67929a6d91d31ac4895bf9f80086b7cb46b4f2afc,Q15393,BRCA1,1863,80d7199c8d1550a5ba8387043481c1acf0f070df410b47c2bc1375584b59bdf1,P38398,-2.850269397099813,-2.762997309366862,0.4615003168582916,-7.760540962219238,-8.660660743713379,-6.955358505249023,-7.792186737060547,252.0,254.0,145.0,170.0
background,Q86YC2,U,False,False,165,FRMPD2,1309,02ba8adadbe52975b0f18f1e0fe5181cdf10fdb5cdb52e87bd451d7c41222310,Q68DX3,BRCA1,1863,80d7199c8d1550a5ba8387043481c1acf0f070df410b47c2bc1375584b59bdf1,P38398,-2.0787265300750732,-0.8328554630279541,0.36602306365966797,-6.115930080413818,-7.338232040405273,-5.063908576965332,-6.172690232594808,174.0,60.0,221.0,56.0
background,Q86YC2,U,False,False,166,KLHL14,628,7c67c11306a6f55981496a7da28921921bfeafc7e118b111c03bbe6dcd9c6e27,Q9P2G3,BRCA1,1863,80d7199c8d1550a5ba8387043481c1acf0f070df410b47c2bc1375584b59bdf1,P38398,-2.444160223007202,-0.6635569135348002,0.37087106704711914,-3.3256430625915527,-9.83368968963623,-8.518289566040039,-7.225874106089274,218.0,47.0,215.0,122.0
background,Q86YC2,U,False,False,167,NOP56,594,d1c71d5b7309a0687ace6b723010db546c5d4140da4abdee35536caaa08e2b16,O00567,BRCA1,1863,80d7199c8d1550a5ba8387043481c1acf0f070df410b47c2bc1375584b59bdf1,P38398,-1.4526182015736897,-1.1471416056156158,0.5241252779960632,-6.06227445602417,-8.605360984802246,-8.484210014343262,-7.717281818389893,91.0,94.0,91.0,166.0
background,Q86YC2,U,False,False,168,PPIP5K2,1243,5541bedd9fd40203c3a0ced33a63c107ad0799fda4e800e59b9ee6fc539d4679,O43314,BRCA1,1863,80d7199c8d1550a5ba8387043481c1acf0f070df410b47c2bc1375584b59bdf1,P38398,-2.469290097554525,-3.104077100753784,0.42178022861480713,-8.2376127243042,-8.840376853942871,-9.751023292541504,-8.943004290262857,221.0,267.0,179.0,241.0
background,Q86YC2,U,False,False,169,ARFGEF3,2177,b0389873a8772c9a1375d62cd7c88ce74e246580d7dbcd74f59a0d2e54c391fd,Q5TH69,BRCA1,1863,80d7199c8d1550a5ba8387043481c1acf0f070df410b47c2bc1375584b59bdf1,P38398,-2.9533053239186606,-1.4580036997795105,0.31455740332603455,-7.729824066162109,-7.163210391998291,-6.588376522064209,-7.160470326741536,260.0,126.0,250.0,116.0
background,Q86YC2,U,False,False,170,BRME1,668,02df8b3bb9e44b33c56a24b5f19c081499a9635d77dc8b5ab55e9b623687fe52,Q0VDD7,BRCA1,1863,80d7199c8d1550a5ba8387043481c1acf0f070df410b47c2bc1375584b59bdf1,P38398,-1.9806463321050007,-1.966655969619751,0.5348533391952515,-5.114760398864746,-6.302706718444824,-5.416215896606445,-5.611227671305339,163.0,193.0,78.0,27.0
background,Q86YC2,U,False,False,171,PXDN,1479,d3da6ea899b72dd993a1e717d80d042752fc92194768417942be3fdd5cf5d18f,Q92626,BRCA1,1863,80d7199c8d1550a5ba8387043481c1acf0f070df410b47c2bc1375584b59bdf1,P38398,-2.9364564418792725,-2.2600208123524985,0.23679551482200623,-10.304367065429688,-10.34108829498291,-8.428606033325195,-9.691353797912598,258.0,215.0,272.0,269.0
background,Q86YC2,U,False,False,172,FER1L6,1857,ac09aee02d73e691cc907ec946f4947775a03182865e282c7048d3dab0c70532,Q2WGJ9,BRCA1,1863,80d7199c8d1550a5ba8387043481c1acf0f070df410b47c2bc1375584b59bdf1,P38398,-2.1152441104253135,-1.6163420677185059,0.33407124876976013,-7.167295932769775,-8.901350975036621,-6.620999813079834,-7.563215573628743,180.0,139.0,240.0,155.0
background,Q86YC2,U,False,False,173,ABCE1,599,94c28f95b9da82234879b5c15184312771712904d8feffe8bd024b655caa964f,P61221,BRCA1,1863,80d7199c8d1550a5ba8387043481c1acf0f070df410b47c2bc1375584b59bdf1,P38398,-2.9117148717244468,-2.6261298656463623,0.4907832145690918,-8.767841339111328,-8.622642517089844,-10.153584480285645,-9.181356112162272,255.0,246.0,120.0,252.0
background,Q86YC2,U,False,False,174,KLHL8,620,058375ca2698691c36726a43c7d5644e90e7db4f40d87c06604f82338cf31b1c,Q9P2G9,BRCA1,1863,80d7199c8d1550a5ba8387043481c1acf0f070df410b47c2bc1375584b59bdf1,P38398,-1.2367259661356609,0.010448892911275228,0.39682769775390625,-4.080557823181152,-9.673760414123535,-7.1262593269348145,-6.960192521413167,62.0,14.0,192.0,107.0
background,Q86YC2,U,False,False,175,SCN10A,1956,c345e66ed21d45f9acfe03a6e99ca5b9744199478b48087e17cb99e2ac0364f4,Q9Y5Y9,BRCA1,1863,80d7199c8d1550a5ba8387043481c1acf0f070df410b47c2bc1375584b59bdf1,P38398,-3.132451057434082,-4.082104047139485,0.17724214494228363,-11.063332557678223,-10.530620574951172,-8.898761749267578,-10.164238293965658,272.0,295.0,288.0,280.0
background,Q86YC2,U,False,False,176,SLC9A2,812,d346a521e96f86e11e38b355471d2b8d4d30783e76eeca8d536565009b0a4b58,Q9UBY0,BRCA1,1863,80d7199c8d1550a5ba8387043481c1acf0f070df410b47c2bc1375584b59bdf1,P38398,-2.7831430435180664,-4.180484771728516,0.17493848502635956,-11.950757026672363,-10.367209434509277,-9.615215301513672,-10.644393920898438,248.0,297.0,290.0,297.0
background,Q86YC2,U,False,False,177,LRCH3,777,807978126fc7d2c5e277f0e481d75de1e6d8edd01fd512184827ac155dfb8209,Q96II8,BRCA1,1863,80d7199c8d1550a5ba8387043481c1acf0f070df410b47c2bc1375584b59bdf1,P38398,-1.6857041120529175,-1.1919359763463337,0.5314413905143738,-5.874828338623047,-8.381294250488281,-6.452890872955322,-6.90300448735555,120.0,101.0,80.0,105.0
background,Q86YC2,U,False,False,178,EXOSC10,885,313117431a8c3892766e5d52d4cebab709f6dc830a45dc880f0e913fe80bec0e,Q01780,BRCA1,1863,80d7199c8d1550a5ba8387043481c1acf0f070df410b47c2bc1375584b59bdf1,P38398,-1.0611987709999084,-0.9503870010375977,0.5645485520362854,-8.0664644241333,-7.872061729431152,-9.672348976135254,-8.536958376566568,42.0,74.0,53.0,222.0
background,Q86YC2,U,False,False,179,GOLGA6L2,909,8f4e3346b71652af86af5f146960dafa70bf68e230bb96dee57e8c7bcd232330,Q8N9W4,BRCA1,1863,80d7199c8d1550a5ba8387043481c1acf0f070df410b47c2bc1375584b59bdf1,P38398,-0.9329734841982523,-1.1570380926132202,0.4291006028652191,-7.419147968292236,-7.619420528411865,-6.4523701667785645,-7.163646221160889,33.0,97.0,170.0,117.0
background,Q86YC2,U,False,False,180,KIAA1217,1943,1d9b73fb74b1fefd729fbf095fb6c3e328b60d0b08e6d8130e05d11397d6ff6b,Q5T5P2,BRCA1,1863,80d7199c8d1550a5ba8387043481c1acf0f070df410b47c2bc1375584b59bdf1,P38398,-2.4012970129648843,-2.7173832257588706,0.45762306451797485,-6.942744255065918,-8.344879150390625,-5.334264278411865,-6.87396256128947,211.0,250.0,148.0,99.0
background,Q86YC2,U,False,False,181,LRRC7,1575,2470f2465d4e0a0426f472ccf537d4d71ecff948979ded9207c7a1879bd30cbe,Q96NW7,BRCA1,1863,80d7199c8d1550a5ba8387043481c1acf0f070df410b47c2bc1375584b59bdf1,P38398,-2.2631401220957437,-2.811746040980021,0.4532492756843567,-6.830763339996338,-8.257376670837402,-6.641900539398193,-7.2433468500773115,193.0,256.0,151.0,125.0
background,Q86YC2,U,False,False,182,KIAA0586,1533,c1a013b602ad11865e27583969cb7a266532adfd669c2524fc27723d3a79dad3,Q9BVV6,BRCA1,1863,80d7199c8d1550a5ba8387043481c1acf0f070df410b47c2bc1375584b59bdf1,P38398,-2.420029799143473,-2.8821709950764975,0.618586003780365,-6.133419990539551,-5.696831226348877,-4.930721759796143,-5.58699099222819,217.0,260.0,11.0,25.0
background,Q86YC2,U,False,False,183,TTLL6,891,a33c0a856fac369b85b7a045e73f087d8fbf13a3fc719089b284677f2c8580b0,Q8N841,BRCA1,1863,80d7199c8d1550a5ba8387043481c1acf0f070df410b47c2bc1375584b59bdf1,P38398,-1.578529159228007,-2.212813973426819,0.4898640215396881,-7.203125,-6.81027889251709,-7.888766765594482,-7.300723552703857,108.0,206.0,121.0,131.0
background,Q86YC2,U,False,False,184,OTUD7B,843,ce879afb6bfdcb8eee83a6c8b1361cf6be6047a699486f973b97f0cab295a455,Q6GQQ9,BRCA1,1863,80d7199c8d1550a5ba8387043481c1acf0f070df410b47c2bc1375584b59bdf1,P38398,-2.1285398801167807,-2.2175825436909995,0.36633995175361633,-8.653924942016602,-10.758102416992188,-8.544824600219727,-9.318950653076172,181.0,207.0,219.0,257.0
background,Q86YC2,U,False,False,185,ABCC4,1325,8f8de0b7f934fd55631b7d5ea3bed9329ba7a3210043608df49b51d9af24adac,O15439,BRCA1,1863,80d7199c8d1550a5ba8387043481c1acf0f070df410b47c2bc1375584b59bdf1,P38398,-2.523505449295044,-3.4778380393981934,0.19990907609462738,-12.392293930053711,-9.281957626342773,-9.55826473236084,-10.410838762919107,227.0,282.0,285.0,290.0
background,Q86YC2,U,False,False,186,SIK1,783,36d163943c514e6a44cd402dad4fb4d044c9ccc93412ca5a316a497ed0917f7f,P57059,BRCA1,1863,80d7199c8d1550a5ba8387043481c1acf0f070df410b47c2bc1375584b59bdf1,P38398,-1.8037294149398804,-2.3636264403661094,0.3564246594905853,-7.839107990264893,-11.081826210021973,-8.411735534667969,-9.110889911651611,138.0,221.0,230.0,246.0
background,Q86YC2,U,False,False,187,SLC4A2,1241,b249f603f2506336ac9704838ee45e031a4030f2c25ae302797966db60708d62,P04920,BRCA1,1863,80d7199c8d1550a5ba8387043481c1acf0f070df410b47c2bc1375584b59bdf1,P38398,-3.0915726820627847,-4.594142436981201,0.11369815468788147,-11.061347961425781,-10.054208755493164,-9.130168914794922,-10.081908543904623,269.0,300.0,303.0,276.0
background,Q86YC2,U,False,False,188,RABGAP1L,815,38beaa137bfd3de345cfa7893a98b80f84909205d5bc73bcd91b777f9069f1c6,Q5R372,BRCA1,1863,80d7199c8d1550a5ba8387043481c1acf0f070df410b47c2bc1375584b59bdf1,P38398,-1.54704753557841,-0.43364637593428296,0.30494627356529236,-2.1099648475646973,-6.719619274139404,-8.052471160888672,-5.627351760864258,105.0,30.0,255.0,28.0
background,Q86YC2,U,False,False,189,MS4A14,679,28ea250fa715ce905b679a00049e75d299328c56527d7a5d7a20ae11b0cc7987,Q96JA4,BRCA1,1863,80d7199c8d1550a5ba8387043481c1acf0f070df410b47c2bc1375584b59bdf1,P38398,-1.6529614528020222,-2.0099082390467324,0.48448365926742554,-9.339829444885254,-7.274264335632324,-6.990265369415283,-7.868119716644287,117.0,195.0,125.0,176.0
background,Q86YC2,U,False,False,190,UBE4A,1066,cc748238144e65245f776034bd0a1d6cff6e109bb172756e83cddb90ab4e6e23,Q14139,BRCA1,1863,80d7199c8d1550a5ba8387043481c1acf0f070df410b47c2bc1375584b59bdf1,P38398,-2.508518934249878,-2.960010210673014,0.4227753281593323,-6.327413082122803,-8.767233848571777,-7.551425457000732,-7.5486907958984375,225.0,262.0,177.0,152.0
background,Q86YC2,U,False,False,191,ADAMTSL2,951,7d42df0510db350ee8f1f903091b09138df79a8cc9d37fe53ce2dc3428256338,Q86TH1,BRCA1,1863,80d7199c8d1550a5ba8387043481c1acf0f070df410b47c2bc1375584b59bdf1,P38398,-1.6522791385650635,-1.7949579954147339,0.16278326511383057,-6.7568182945251465,-9.60473918914795,-5.920650005340576,-7.427402496337891,116.0,171.0,297.0,141.0
background,Q86YC2,U,False,False,192,TDRD5,981,2baebe0067807b3273569ff93686a22b57160f2eb18163535b71dc6011f98018,Q8NAT2,BRCA1,1863,80d7199c8d1550a5ba8387043481c1acf0f070df410b47c2bc1375584b59bdf1,P38398,-2.092994451522827,-1.5007817546526592,0.6114406585693359,-7.064230918884277,-5.359645843505859,-6.549836158752441,-6.324570973714192,178.0,130.0,13.0,60.0
background,Q86YC2,U,False,False,193,PARP14,1801,77f918e5038ef6717daf03ddf5bdc516c3cb0fc48a85c47d5437841fb25a0a6d,Q460N5,BRCA1,1863,80d7199c8d1550a5ba8387043481c1acf0f070df410b47c2bc1375584b59bdf1,P38398,-1.6378817558288574,-1.2404566605885823,0.3483939468860626,-8.162299156188965,-8.127584457397461,-6.5522260665893555,-7.614036560058594,114.0,106.0,235.0,157.0
background,Q86YC2,U,False,False,194,ZNF516,1163,2f365110bed88e15774e89186b9c7ad3a4418fecc135a941f7d5ec5b4dcfb852,Q92618,BRCA1,1863,80d7199c8d1550a5ba8387043481c1acf0f070df410b47c2bc1375584b59bdf1,P38398,-2.805523951848348,-2.1307676633199057,0.5502293705940247,-6.416699409484863,-6.479701995849609,-6.985270023345947,-6.62722380956014,249.0,201.0,69.0,85.0
background,Q86YC2,U,False,False,195,MYO18A,2054,4390d9df3c78f6539d631097ee8f8e65af55a95ad5bbfbeca74fb88058417c0c,Q92614,BRCA1,1863,80d7199c8d1550a5ba8387043481c1acf0f070df410b47c2bc1375584b59bdf1,P38398,-1.2959946393966675,-1.4719847440719604,0.5381484031677246,-7.431673049926758,-7.6774702072143555,-7.408071041107178,-7.505738099416097,67.0,127.0,76.0,149.0
background,Q86YC2,U,False,False,196,TAOK3,898,59e4adea359919975e185ece55fafd31fbb24739704cf348b1826261cd0189fd,Q9H2K8,BRCA1,1863,80d7199c8d1550a5ba8387043481c1acf0f070df410b47c2bc1375584b59bdf1,P38398,-1.0176216959953308,-0.7547888358434042,0.5476585030555725,-8.001389503479004,-9.22497844696045,-6.988101959228516,-8.071489969889322,37.0,53.0,71.0,190.0
background,Q86YC2,U,False,False,197,ARHGAP30,1101,abd742b7d939d586f8f225fd9c69cb5dd063f1d1e53a9e9226130656b14bfce1,Q7Z6I6,BRCA1,1863,80d7199c8d1550a5ba8387043481c1acf0f070df410b47c2bc1375584b59bdf1,P38398,-3.802662213643392,-3.869408925374349,0.3771474361419678,-5.798494338989258,-7.891324520111084,-8.240854263305664,-7.310224374135335,294.0,290.0,206.0,133.0
background,Q86YC2,U,False,False,198,CFAP20DC,689,924922e27995bc08cd66842ea12f86fc94f858cd2aa2467c356f4245ff6ef288,Q6ZVT6,BRCA1,1863,80d7199c8d1550a5ba8387043481c1acf0f070df410b47c2bc1375584b59bdf1,P38398,-1.372474988301595,-1.4519662459691365,0.527558445930481,-5.38422966003418,-4.189703941345215,-4.063584327697754,-4.545839309692383,74.0,125.0,87.0,7.0
background,Q86YC2,U,False,False,199,DAAM2,1068,cd668e72d70d4bed39131ee2417469cbde3ca5becc0f0ca9049aec135930421d,Q86T65,BRCA1,1863,80d7199c8d1550a5ba8387043481c1acf0f070df410b47c2bc1375584b59bdf1,P38398,-1.9666430155436199,-1.6899821162223816,0.35822007060050964,-7.584194660186768,-9.590383529663086,-9.021430015563965,-8.73200273513794,161.0,156.0,227.0,233.0
background,Q86YC2,U,False,False,200,TMEM94,1356,da7cf2eef06369b44f4b2bbc5b92c9a165b89d249e82180c95a41fc58390aedb,Q12767,BRCA1,1863,80d7199c8d1550a5ba8387043481c1acf0f070df410b47c2bc1375584b59bdf1,P38398,-3.0641936461130777,-3.104987382888794,0.21223139762878418,-6.325435638427734,-7.341769695281982,-5.778958320617676,-6.482054551442464,265.0,268.0,282.0,71.0
background,Q86YC2,U,False,False,201,NOL4,638,e4ba5b5d6faf43ff7f9e1fb7b40add333c1528fb73cba324c8caba4f3c7222f3,O94818,BRCA1,1863,80d7199c8d1550a5ba8387043481c1acf0f070df410b47c2bc1375584b59bdf1,P38398,-0.9427404801050822,-0.9680452346801758,0.5503496527671814,-4.454761028289795,-5.55851936340332,-5.415458679199219,-5.142913023630778,34.0,75.0,68.0,19.0
background,Q86YC2,U,False,False,202,RPTOR,1335,4de3b0fd387989edf648014f92d2eee89d3285744c35a3219d7173452ebcbde4,Q8N122,BRCA1,1863,80d7199c8d1550a5ba8387043481c1acf0f070df410b47c2bc1375584b59bdf1,P38398,-1.4407037099202473,-1.002603014310201,0.40969163179397583,-8.766594886779785,-8.200909614562988,-5.967082500457764,-7.644862333933513,89.0,80.0,184.0,158.0
background,Q86YC2,U,False,False,203,ZNF224,707,3b99100d8ad8ce6efd702f2357de92227c5072c066b246aa0baea5c0ab6e9d9d,Q9NZL3,BRCA1,1863,80d7199c8d1550a5ba8387043481c1acf0f070df410b47c2bc1375584b59bdf1,P38398,-0.72283407052358,-1.9085094531377156,0.6055173873901367,-4.2066121101379395,-4.790388107299805,-4.479852199554443,-4.4922841389973955,21.0,188.0,15.0,6.0
context,Q9BX63,U,False,False,204,ANLN,1124,37733a3a61eb08c73137b1e3b8d7c9831ef19788d5aff3503135da450340b1b3,Q9NQW6,BRCA1,1863,80d7199c8d1550a5ba8387043481c1acf0f070df410b47c2bc1375584b59bdf1,P38398,-1.5080734491348267,-0.2102414071559906,0.5426865220069885,-5.5597147941589355,-5.554303169250488,-5.7715935707092285,-5.628537178039551,99.0,21.0,74.0,29.0
context,Q9BX63,U,False,False,205,NUP205,2012,6e00262c5560579863cec7807a2f4d641242123d561116dd0ff25689e757875f,Q92621,BRCA1,1863,80d7199c8d1550a5ba8387043481c1acf0f070df410b47c2bc1375584b59bdf1,P38398,-3.3163487911224365,-2.296074151992798,0.4815853536128998,-6.300744533538818,-6.380743026733398,-7.619351387023926,-6.766946315765381,280.0,218.0,130.0,94.0
context,Q9BX63,U,False,False,206,XPO7,1087,68f68a27f82bca49f2dbe50c0ab7ed8ddacf3454938b627c5ec685b6c49c02b0,Q9UIA9,BRCA1,1863,80d7199c8d1550a5ba8387043481c1acf0f070df410b47c2bc1375584b59bdf1,P38398,-1.7476918299992878,-0.9966055750846863,0.4157361388206482,-7.2983503341674805,-9.08279800415039,-7.269937515258789,-7.883695284525554,129.0,77.0,183.0,177.0
context,Q9BX63,U,False,False,207,ZNF473,871,91a891547b3b392fdae57596ea0f58abee2d77505fbd6dcc21c9130e88b4cd3b,Q8WTR7,BRCA1,1863,80d7199c8d1550a5ba8387043481c1acf0f070df410b47c2bc1375584b59bdf1,P38398,-0.800501823425293,-1.387835423151652,0.5803006291389465,-5.078412055969238,-4.185992240905762,-4.441955089569092,-4.56878646214803,24.0,117.0,40.0,8.0
context,Q9BX63,U,False,False,208,CC2D1B,858,8922a4d838637430e8387ad194337fffc09d32654a53eee875f32d5d99cb76c9,Q5T0F9,BRCA1,1863,80d7199c8d1550a5ba8387043481c1acf0f070df410b47c2bc1375584b59bdf1,P38398,-1.464075247446696,-1.683655063311259,0.5130780935287476,-8.096423149108887,-9.733302116394043,-7.468463897705078,-8.432729721069336,93.0,154.0,100.0,215.0
context,Q9BX63,U,False,False,209,ZMYM1,1142,e822cfaf1f69871017137626f47bbdab9c15ff2c2f6b1b0c10ccb087400decb1,Q5SVZ6,BRCA1,1863,80d7199c8d1550a5ba8387043481c1acf0f070df410b47c2bc1375584b59bdf1,P38398,-0.7789626320203146,-0.2595144708951314,0.5635111927986145,-8.476350784301758,-8.021238327026367,-9.226439476013184,-8.574676195780436,22.0,24.0,54.0,224.0
context,Q9BX63,U,False,False,210,POLR2B,1174,c48f3d647590c9c67cbf1fac3792999ac502b88be66392deb2f6dd1bf5ca4510,P30876,BRCA1,1863,80d7199c8d1550a5ba8387043481c1acf0f070df410b47c2bc1375584b59bdf1,P38398,-2.6078060468037925,-2.0044306914011636,0.3804471790790558,-7.904708385467529,-7.569555759429932,-7.6187872886657715,-7.697683811187744,236.0,194.0,204.0,164.0
context,Q9BX63,U,False,False,211,ZNF555,628,54c10d90214942536caaadb19972467e637b05a086fbb712287488357afea32a,Q8NEP9,BRCA1,1863,80d7199c8d1550a5ba8387043481c1acf0f070df410b47c2bc1375584b59bdf1,P38398,-0.26581216634561616,-1.433516224225362,0.5861731767654419,-3.058948040008545,-4.870319366455078,-5.242434978485107,-4.390567461649577,10.0,123.0,33.0,5.0
context,Q9BX63,U,False,False,212,AHR,848,37e405aacce2a3f7dce748db4891554b5e5bbedc23dc555869faf6d865e697b3,P35869,BRCA1,1863,80d7199c8d1550a5ba8387043481c1acf0f070df410b47c2bc1375584b59bdf1,P38398,-1.9280490080515544,-2.6330021222432456,0.48860278725624084,-6.547283172607422,-7.704974174499512,-5.315049648284912,-6.522435665130615,156.0,247.0,122.0,72.0
context,Q9BX63,U,False,False,213,ZNF337,751,b0f09e18730ae19037d82d691499bc759228bd135a3fd60046de2caf0ec28fff,Q9Y3M9,BRCA1,1863,80d7199c8d1550a5ba8387043481c1acf0f070df410b47c2bc1375584b59bdf1,P38398,-0.7023147145907084,-1.814961314201355,0.6037404537200928,-5.864267826080322,-6.588097095489502,-5.32648229598999,-5.9262824058532715,19.0,173.0,16.0,38.0
context,Q9BX63,U,False,False,214,CTNND1,968,3654c491186ae9d8a1ff3ccfdd2d1fcaa05e4f792654a32899f5896089dc67e8,O60716,BRCA1,1863,80d7199c8d1550a5ba8387043481c1acf0f070df410b47c2bc1375584b59bdf1,P38398,-1.6805678208669026,-1.6140222152074177,0.3484111428260803,-8.763867378234863,-9.742668151855469,-7.3083391189575195,-8.604958216349283,119.0,138.0,234.0,227.0
context,Q9BX63,U,False,False,215,POLR2A,1970,dc25ac2b0eb8f5eac638c8128dfef110ceadb388faef1e8dc0f705bd85f11995,P24928,BRCA1,1863,80d7199c8d1550a5ba8387043481c1acf0f070df410b47c2bc1375584b59bdf1,P38398,-2.0425780614217124,-1.6462451219558716,0.2300136238336563,-8.973119735717773,-9.494457244873047,-12.057290077209473,-10.174955685933432,171.0,145.0,274.0,282.0
context,Q9BX63,U,False,False,216,BOP1,746,3eaacca5ee1aa31f2fc05e29455359983d454b2b17e19bf54034bf15b0a201f2,Q14137,BRCA1,1863,80d7199c8d1550a5ba8387043481c1acf0f070df410b47c2bc1375584b59bdf1,P38398,-1.4735054969787598,-1.685267726580302,0.5269792079925537,-8.800463676452637,-9.399975776672363,-7.197592258453369,-8.466010570526123,95.0,155.0,89.0,218.0
context,Q9BX63,U,False,False,217,ZFPM1,1006,7acbfcded7876f8c953598e331684892e92ab260170b038f1a7f1613b6cf3f7c,Q8IX07,BRCA1,1863,80d7199c8d1550a5ba8387043481c1acf0f070df410b47c2bc1375584b59bdf1,P38398,-2.691305239995321,-1.5355453491210938,0.4524786174297333,-8.55092716217041,-7.860990047454834,-7.032660007476807,-7.814859072367351,240.0,133.0,154.0,172.0
context,Q9BX63,U,False,False,218,YTHDC1,727,7ef4247e612485b0f4347f1aabc647d1ccc3fd2a4f4ec4673c0c919548e66b9f,Q96MU7,BRCA1,1863,80d7199c8d1550a5ba8387043481c1acf0f070df410b47c2bc1375584b59bdf1,P38398,-1.8726228872934978,-2.6198383967081704,0.5291463136672974,-8.81440258026123,-9.34736442565918,-6.64538049697876,-8.269049167633057,149.0,243.0,84.0,207.0
context,Q9BX63,U,False,False,219,ZNF595,648,76975b84084f30073e9841918e967fcac39650f3d6e4de3469a19b0e720e05de,Q8IYB9,BRCA1,1863,80d7199c8d1550a5ba8387043481c1acf0f070df410b47c2bc1375584b59bdf1,P38398,-2.092574954032898,-3.231637477874756,0.5609046220779419,-5.571087837219238,-8.137328147888184,-4.492289066314697,-6.066901683807373,177.0,274.0,57.0,45.0
context,Q9BX63,U,False,False,220,NOL9,702,bb3c9007183232bc5909db1831ac2beeb8e81009416050f57bf293fe1f385398,Q5SY16,BRCA1,1863,80d7199c8d1550a5ba8387043481c1acf0f070df410b47c2bc1375584b59bdf1,P38398,-0.23002168039480844,-0.9215823411941528,0.5093500018119812,-7.003288745880127,-7.8130388259887695,-9.785902976989746,-8.200743516286215,9.0,70.0,102.0,200.0
context,Q9BX63,U,False,False,221,NLRP6,892,e5c5eb1ef6008cf297e70940ae244e27a579c39fee1b4bcb01d1b9c9723067db,P59044,BRCA1,1863,80d7199c8d1550a5ba8387043481c1acf0f070df410b47c2bc1375584b59bdf1,P38398,-3.085362990697225,-2.0595873594284058,0.4491066038608551,-11.129088401794434,-10.726532936096191,-7.786181926727295,-9.880601088205973,268.0,198.0,160.0,272.0
context,Q9BX63,U,False,False,222,FMN2,1722,51526131b62ce1f1fe342da48a3bd70ec585663a27797a3ef5945719f9230e9a,Q9NZ56,BRCA1,1863,80d7199c8d1550a5ba8387043481c1acf0f070df410b47c2bc1375584b59bdf1,P38398,-2.5628913243611655,-3.5646785895029702,0.3738226592540741,-8.28736400604248,-9.705376625061035,-8.606520652770996,-8.86642042795817,231.0,284.0,211.0,240.0
context,Q9BX63,U,False,False,223,NUP188,1749,1cca977413c35599b2b725588e145af6b727d06ab206ddcf1141714d65b447a1,Q5SRE5,BRCA1,1863,80d7199c8d1550a5ba8387043481c1acf0f070df410b47c2bc1375584b59bdf1,P38398,-2.460967222849528,-0.8381647864977518,0.47344744205474854,-7.186115264892578,-6.816922664642334,-8.136906623840332,-7.379981517791748,219.0,61.0,136.0,137.0
context,Q9BX63,U,False,False,224,ARMC8,673,ecfb650d44ec3207b3393555e3b15e4c96054a462ec8454c8d12c498c73015ae,Q8IUR7,BRCA1,1863,80d7199c8d1550a5ba8387043481c1acf0f070df410b47c2bc1375584b59bdf1,P38398,-1.6792478164037068,-0.7268992960453033,0.40444427728652954,-7.164592266082764,-9.188756942749023,-8.280253410339355,-8.211200873057047,118.0,52.0,189.0,202.0
context,Q9BX63,U,False,False,225,ILF3,894,38007c86c8964651573614630370c28d12e674fbbfd29ef28f32aad9ff298b37,Q12906,BRCA1,1863,80d7199c8d1550a5ba8387043481c1acf0f070df410b47c2bc1375584b59bdf1,P38398,-1.7539679209391277,-1.365854263305664,0.3760543465614319,-8.068634986877441,-9.901603698730469,-9.967432022094727,-9.312556902567545,131.0,115.0,209.0,256.0
context,Q9BX63,U,False,False,226,TSR1,804,da99f61069109e06ddda54674ee937736be9ea7a3c9fca25dba0ee6e05f76d07,Q2NL82,BRCA1,1863,80d7199c8d1550a5ba8387043481c1acf0f070df410b47c2bc1375584b59bdf1,P38398,-1.7257823546727498,-1.2142321070035298,0.42796680331230164,-8.957897186279297,-8.126821517944336,-7.309203624725342,-8.131307442982992,126.0,104.0,171.0,195.0
context,Q9BX63,U,False,False,227,DGCR8,773,404b4e7b1d0ed17cd02850d67a59d3574c9a4cd962d7faa23a4b2b15937f5c5c,Q8WYQ5,BRCA1,1863,80d7199c8d1550a5ba8387043481c1acf0f070df410b47c2bc1375584b59bdf1,P38398,-1.8309574127197266,-1.6375370820363362,0.5017303228378296,-5.906124591827393,-7.316774368286133,-6.696963310241699,-6.639954090118408,147.0,144.0,105.0,87.0
context,Q9BX63,U,False,False,228,MICAL2,1957,ca4ddb04fef2dea87868106ae8fe26ef3ad7fa8f97381f807dfd1591023fc12a,O94851,BRCA1,1863,80d7199c8d1550a5ba8387043481c1acf0f070df410b47c2bc1375584b59bdf1,P38398,-1.7684723138809204,-2.292809327443441,0.44749611616134644,-8.40250301361084,-7.642091274261475,-9.30860710144043,-8.451067129770914,133.0,216.0,162.0,217.0
context,Q9BX63,U,False,False,229,SAMD11,681,3fd331af0db174b4f752e55eca193ccb10f8a6ea951358b87bacd6debf228deb,Q96NU1,BRCA1,1863,80d7199c8d1550a5ba8387043481c1acf0f070df410b47c2bc1375584b59bdf1,P38398,-3.4092575709025064,-3.148184299468994,0.4407760798931122,-9.97171401977539,-9.13561725616455,-9.451977729797363,-9.519769668579102,282.0,272.0,165.0,265.0
context,Q9BX63,U,False,False,230,PPP6R3,873,b6c92b980004ec23c95a1a8c05bc6c673bf37d38d67453a6f52c42659c79d29d,Q5H9R7,BRCA1,1863,80d7199c8d1550a5ba8387043481c1acf0f070df410b47c2bc1375584b59bdf1,P38398,-1.8850005865097046,-0.7586822807788849,0.3828311264514923,-7.518687725067139,-8.943520545959473,-5.349851131439209,-7.2706864674886065,152.0,54.0,202.0,130.0
context,Q9BX63,U,False,False,231,UBR2,1755,ca94dd0e5e867b54dd4e2cf867982bb2847612a5488987d8177c81508b2c9f4c,Q8IWV8,BRCA1,1863,80d7199c8d1550a5ba8387043481c1acf0f070df410b47c2bc1375584b59bdf1,P38398,-2.331519842147827,-1.5866063634554546,0.45294302701950073,-7.1667585372924805,-7.279440402984619,-7.945859432220459,-7.4640194574991865,204.0,136.0,153.0,145.0
context,Q9BX63,U,False,False,232,PPP4R3B,849,efd4b6414170a374b77830abb437e38afe1f11899ff4d86e3e66c79abce0390d,Q5MIZ7,BRCA1,1863,80d7199c8d1550a5ba8387043481c1acf0f070df410b47c2bc1375584b59bdf1,P38398,-2.162044962247213,-0.4259170889854431,0.42266982793807983,-6.3470025062561035,-6.8321123123168945,-5.683772563934326,-6.287629127502441,187.0,29.0,178.0,57.0
context,Q9BX63,U,False,False,233,SIRT1,747,499d7bf59db33f2a877745045c7f1885e74a10e88dab5c10d5d7faddbbc8ab8f,Q96EB6,BRCA1,1863,80d7199c8d1550a5ba8387043481c1acf0f070df410b47c2bc1375584b59bdf1,P38398,-1.3444590171178181,-1.7866648435592651,0.49198824167251587,-9.031693458557129,-7.307388782501221,-5.930119037628174,-7.423067092895508,72.0,170.0,116.0,139.0
context,Q9BX63,U,False,False,234,EZH2,746,4c4d28512cf712104d0b7374cb68ae9d3cf5d4f5d7e81c617fb0ad49332165f7,Q15910,BRCA1,1863,80d7199c8d1550a5ba8387043481c1acf0f070df410b47c2bc1375584b59bdf1,P38398,-1.0302984118461609,-1.0297807455062866,0.5513691306114197,-7.605127811431885,-10.138556480407715,-8.316017150878906,-8.686567147572836,39.0,83.0,66.0,231.0
context,Q9BX63,U,False,False,235,FBXL19,694,207e7ac1bf9cb7c57c94299c4b051ccc1885e96768d53501bd390bcfb6d87a91,Q6PCT2,BRCA1,1863,80d7199c8d1550a5ba8387043481c1acf0f070df410b47c2bc1375584b59bdf1,P38398,-2.8138575553894043,-2.5699102878570557,0.45078590512275696,-10.091222763061523,-8.264684677124023,-9.818061828613281,-9.39132308959961,250.0,239.0,158.0,260.0
context,Q9BX63,U,False,False,236,ZNF263,683,c4f71ba247d1fe9df603bb874474ca3813c8618a8b538ab932d9d5b2a5ac2491,O14978,BRCA1,1863,80d7199c8d1550a5ba8387043481c1acf0f070df410b47c2bc1375584b59bdf1,P38398,-1.1516428391138713,-0.5381490687529246,0.585736870765686,-5.151274681091309,-5.182779312133789,-6.372499942779541,-5.568851312001546,54.0,36.0,34.0,23.0
context,Q9BX63,U,False,False,237,FGD2,655,3eb82387ef1e43ed5cbd1255434c028d2a8ff3951be3e1d2718f49650b96d98a,Q7Z6J4,BRCA1,1863,80d7199c8d1550a5ba8387043481c1acf0f070df410b47c2bc1375584b59bdf1,P38398,-1.8302418390909831,-1.770504077275594,0.3321228325366974,-9.27814769744873,-12.502452850341797,-8.785489082336426,-10.18869654337565,146.0,168.0,241.0,283.0
context,Q9BX63,U,False,False,238,USP26,913,32b32f3e4957bbabbed8ff687d28575f0a4c378159a94d24fb8e503ebd2e624c,Q9BXU7,BRCA1,1863,80d7199c8d1550a5ba8387043481c1acf0f070df410b47c2bc1375584b59bdf1,P38398,-1.0277102986971538,-0.050602356592814125,0.6677559614181519,-3.9034194946289062,-7.240691661834717,-10.199007987976074,-7.1143730481465655,38.0,16.0,3.0,113.0
context,Q9BX63,U,False,False,239,TPX2,747,d07722a95e38b3a5df0e01311cb4f97ec309d88e7d9f1eaba11f45263557c1e9,Q9ULW0,BRCA1,1863,80d7199c8d1550a5ba8387043481c1acf0f070df410b47c2bc1375584b59bdf1,P38398,0.4834195673465729,-0.1024002234141032,0.5574344992637634,-5.267027378082275,-6.102488994598389,-6.501387119293213,-5.956967830657959,3.0,18.0,60.0,41.0
context,Q9BX63,U,False,False,240,ZNF341,854,5e724a57b7a8b82a709c5d61e51a6571fe698867ab4654baf1dd614b6af8ed9c,Q9BYN7,BRCA1,1863,80d7199c8d1550a5ba8387043481c1acf0f070df410b47c2bc1375584b59bdf1,P38398,-1.8733612696329753,-0.901281495889028,0.525908350944519,-6.065592288970947,-7.626538276672363,-7.30886697769165,-7.000332514444987,150.0,68.0,90.0,108.0
context,Q9BX63,U,False,False,241,RFX4,735,36f48ad1b616ba639de1ec566beaf8eb81ba8908ff33b3c288c5326216253f26,Q33E94,BRCA1,1863,80d7199c8d1550a5ba8387043481c1acf0f070df410b47c2bc1375584b59bdf1,P38398,-1.9778887430826824,-1.8063854376475017,0.4210200905799866,-5.945754051208496,-6.381947994232178,-7.947018623352051,-6.758240222930908,162.0,172.0,180.0,93.0
context,Q9BX63,U,False,False,242,RNF169,708,aeb569dd2a52460e150e390cabd127052c98dbbf1a0bf62a3f4a38fe7164bcb2,Q8NCN4,BRCA1,1863,80d7199c8d1550a5ba8387043481c1acf0f070df410b47c2bc1375584b59bdf1,P38398,-1.267736832300822,-1.1328493158022563,0.5835074186325073,-6.017665386199951,-5.859633922576904,-6.627254962921143,-6.168184757232666,65.0,93.0,37.0,55.0
context,Q9BX63,U,False,False,243,CTNNA1,906,3f02d1069dd454f464710c51fdb466fee0477c628bfb5c4b58c133c2ff79bc42,P35221,BRCA1,1863,80d7199c8d1550a5ba8387043481c1acf0f070df410b47c2bc1375584b59bdf1,P38398,-1.1897406975428264,-0.9408729275067648,0.33974114060401917,-6.9243388175964355,-6.440535545349121,-7.288547039031982,-6.88447380065918,57.0,73.0,238.0,101.0
context,Q9BX63,U,False,False,244,DNMT3A,912,52ea10c47364c98bc0b066941229148e42ad779b70b1b8569855db412b95cacd,Q9Y6K1,BRCA1,1863,80d7199c8d1550a5ba8387043481c1acf0f070df410b47c2bc1375584b59bdf1,P38398,-1.108033279577891,-0.1532500038544337,0.5982332229614258,-7.9761223793029785,-9.718998908996582,-9.309989929199219,-9.00170373916626,52.0,20.0,18.0,244.0
context,Q9BX63,U,False,False,245,MN1,1320,ed9070dfffbddc30f1251633b05d04818cfd2b45637cdcaa4fef5a3e0779b0a4,Q10571,BRCA1,1863,80d7199c8d1550a5ba8387043481c1acf0f070df410b47c2bc1375584b59bdf1,P38398,-4.182687600453694,-3.4364203612009683,0.49161022901535034,-6.257646083831787,-10.204944610595703,-6.921391010284424,-7.794660568237305,302.0,281.0,118.0,171.0
context,Q9BX63,U,False,False,246,MED14,1454,596765fff18512a360c0e2fc162badfc7eec89033101904fda493baff370a428,O60244,BRCA1,1863,80d7199c8d1550a5ba8387043481c1acf0f070df410b47c2bc1375584b59bdf1,P38398,-1.408515453338623,-0.12429829438527425,0.45504850149154663,-4.72651481628418,-8.819211959838867,-6.3151750564575195,-6.6203006108601885,82.0,19.0,150.0,84.0
context,Q9BX63,U,False,False,247,WWP1,922,5d0e87795479c968942a4daa8e1f2b04ee8efb6f26487aee257eb4d04512b1e3,Q9H0M0,BRCA1,1863,80d7199c8d1550a5ba8387043481c1acf0f070df410b47c2bc1375584b59bdf1,P38398,-0.7191290458043417,-1.1005118290583293,0.33490437269210815,-6.5531697273254395,-9.50206184387207,-7.128290176391602,-7.727840582529704,20.0,90.0,239.0,168.0
context,Q9BX63,U,False,False,248,DHX35,703,9d4cad0bf4f4eabb90175b300f455229fbe023fe452d61e5683cedf307f9f013,Q9H5Z1,BRCA1,1863,80d7199c8d1550a5ba8387043481c1acf0f070df410b47c2bc1375584b59bdf1,P38398,-1.796246846516927,-2.259144147237142,0.533890426158905,-6.343852519989014,-9.153375625610352,-8.898390769958496,-8.131872971852621,137.0,214.0,79.0,196.0
context,Q9BX63,U,False,False,249,RBM12,932,9d753b4d0a2e9fa0ad7ac41e04eefb67e8032acc59fc2da3abf7fb23f80fad26,Q9NTZ6,BRCA1,1863,80d7199c8d1550a5ba8387043481c1acf0f070df410b47c2bc1375584b59bdf1,P38398,-2.2916366259256997,-1.7016638318697612,0.36946573853492737,-9.308438301086426,-9.496550559997559,-9.439157485961914,-9.414715449015299,198.0,159.0,216.0,262.0
context,Q9BX63,U,False,False,250,NAT10,1025,db5e44627aab2c073fc65040dc4139c336ba04e5db1739e7996335cf86955809,Q9H0A0,BRCA1,1863,80d7199c8d1550a5ba8387043481c1acf0f070df410b47c2bc1375584b59bdf1,P38398,-2.7274486223856607,-2.8309342861175537,0.560728907585144,-8.256173133850098,-7.2606706619262695,-9.372221946716309,-8.296355247497559,242.0,258.0,59.0,209.0
context,Q9BX63,U,False,False,251,ROCK2,1388,2674aa9015e37da743be74d67bce80b3cb35df6161e9182af9b87d25cb645d52,O75116,BRCA1,1863,80d7199c8d1550a5ba8387043481c1acf0f070df410b47c2bc1375584b59bdf1,P38398,0.18559286495049795,-0.21854209899902344,0.4367808699607849,-6.654642581939697,-8.181903839111328,-7.557575225830078,-7.464707215627034,5.0,22.0,166.0,146.0
context,Q9BX63,U,False,False,252,PLCB1,1216,ef03e09af362befb0880ceaf2719103f301dd0ce64b4fc386dd97fdb0d9c2910,Q9NQ66,BRCA1,1863,80d7199c8d1550a5ba8387043481c1acf0f070df410b47c2bc1375584b59bdf1,P38398,-2.086736798286438,-1.8200489282608032,0.3149992525577545,-8.395631790161133,-9.580794334411621,-7.119563102722168,-8.36532974243164,175.0,175.0,247.0,212.0
context,Q9BX63,U,False,False,253,AGTPBP1,1226,2779c5851568587e433899691e0827a11f5141561fe3bc22077807d529326b26,Q9UPW5,BRCA1,1863,80d7199c8d1550a5ba8387043481c1acf0f070df410b47c2bc1375584b59bdf1,P38398,-1.2864580154418945,-0.3606129089991252,0.5475050806999207,-6.721877098083496,-7.5513224601745605,-5.781847953796387,-6.685015837351481,66.0,27.0,72.0,90.0
background,Q9BX63,U,False,False,254,MLH3,1453,0a12dcb0a03eca75b1add9649e94770af66ed8fd0cd2cc6db6ab588fe052c9b1,Q9UHC1,BRCA1,1863,80d7199c8d1550a5ba8387043481c1acf0f070df410b47c2bc1375584b59bdf1,P38398,-1.5251603523890178,-0.9267071882883707,0.5948341488838196,-6.868027210235596,-5.4477763175964355,-4.1280598640441895,-5.481287797292073,100.0,71.0,22.0,22.0
background,Q9BX63,U,False,False,255,ZNF534,674,6b0af57fd418220a3ae355508e3b24cebcd2df94ad1e7e77609646a523ca49e8,Q76KX8,BRCA1,1863,80d7199c8d1550a5ba8387043481c1acf0f070df410b47c2bc1375584b59bdf1,P38398,-0.052775529523690544,-1.402057449022929,0.578031063079834,-4.827933311462402,-4.748171329498291,-3.1157066822052,-4.230603774388631,7.0,119.0,44.0,4.0
background,Q9BX63,U,False,False,256,SFI1,1242,e3d8ad05209c14fbf8b3dc93689555b411ed1487212aa2a4bb4b4288bbb33d64,A8K8P3,BRCA1,1863,80d7199c8d1550a5ba8387043481c1acf0f070df410b47c2bc1375584b59bdf1,P38398,-2.0719635089238486,-1.910617510477702,0.5233331918716431,-6.543933391571045,-7.348260402679443,-5.896600246429443,-6.596264680226644,173.0,189.0,92.0,80.0
background,Q9BX63,U,False,False,257,CTTNBP2NL,639,ebc3f1b2b1a534cbb4355f6cbc408a527dd8cfa3232429d6a34e8249c2720aa7,Q9P2B4,BRCA1,1863,80d7199c8d1550a5ba8387043481c1acf0f070df410b47c2bc1375584b59bdf1,P38398,-1.3726219336191814,-0.7135828187068304,0.5776020288467407,-7.014995098114014,-6.45235013961792,-5.568333625793457,-6.345226287841797,75.0,51.0,45.0,61.0
background,Q9BX63,U,False,False,258,PRKCQ,706,b660eba59ba780ead0e00597a62e12de788de08b05945f57b4a395943b46a036,Q04759,BRCA1,1863,80d7199c8d1550a5ba8387043481c1acf0f070df410b47c2bc1375584b59bdf1,P38398,-1.3862841924031575,-0.4361381232738495,0.28898945450782776,-5.94828462600708,-9.52677059173584,-7.486720085144043,-7.653925100962321,79.0,31.0,257.0,159.0
background,Q9BX63,U,False,False,259,IREB2,963,cd6585b350bad3e1acf73051a0b44ee9cf643b3ad18a7d9d30b591b96297f3d4,P48200,BRCA1,1863,80d7199c8d1550a5ba8387043481c1acf0f070df410b47c2bc1375584b59bdf1,P38398,-1.4020289580027263,-2.156009793281555,0.39330607652664185,-8.40813159942627,-8.63915729522705,-7.119926452636719,-8.05573844909668,81.0,202.0,195.0,188.0
background,Q9BX63,U,False,False,260,RNF216,866,dea9b3a78cd6494da8ec292faabeaa7ceabfa80156ad0aad733025537e42279e,Q9NWF9,BRCA1,1863,80d7199c8d1550a5ba8387043481c1acf0f070df410b47c2bc1375584b59bdf1,P38398,-1.0720422466595967,-1.4864600499471028,0.4273303747177124,-5.532482624053955,-7.750276565551758,-4.600478649139404,-5.961079279581706,44.0,128.0,172.0,42.0
background,Q9BX63,U,False,False,261,ZNF568,644,69298bc35c36028f4f426a92ee989b2193c83c0e97942f45ebf4dd3a3ce2c889,Q3ZCX4,BRCA1,1863,80d7199c8d1550a5ba8387043481c1acf0f070df410b47c2bc1375584b59bdf1,P38398,-2.2821362813313804,-3.191527843475342,0.582541823387146,-6.997328758239746,-6.469479084014893,-4.700934886932373,-6.055914243062337,196.0,273.0,38.0,44.0
background,Q9BX63,U,False,False,262,LTBP1,1721,252033e26f178f1869d658414e03cc94f58a0a4e907d625af681d473de6b3244,Q14766,BRCA1,1863,80d7199c8d1550a5ba8387043481c1acf0f070df410b47c2bc1375584b59bdf1,P38398,-2.4974857171376548,-2.5135064919789634,0.22751270234584808,-6.733331680297852,-9.345209121704102,-8.497727394104004,-8.192089398701986,224.0,236.0,275.0,199.0
background,Q9BX63,U,False,False,263,VWA5B2,1242,063e83bd9706b4077ab35464575a631c850de75cc47fa77e2277598a414cb67f,Q8N398,BRCA1,1863,80d7199c8d1550a5ba8387043481c1acf0f070df410b47c2bc1375584b59bdf1,P38398,-2.4623607794443765,-1.8424872159957886,0.31462690234184265,-8.708667755126953,-9.59382152557373,-7.63251256942749,-8.64500061670939,220.0,179.0,249.0,229.0
background,Q9BX63,U,False,False,264,EFHB,833,c5b477f29ce2f7c8a4f6f2600f09e07541d9da6d4b8b3a5c88c52f1c6fad74fa,Q8N7U6,BRCA1,1863,80d7199c8d1550a5ba8387043481c1acf0f070df410b47c2bc1375584b59bdf1,P38398,-2.0393754641215005,-1.8193989992141724,0.4816618859767914,-7.44125509262085,-7.262520790100098,-6.585262775421143,-7.096346219380696,170.0,174.0,129.0,112.0
background,Q9BX63,U,False,False,265,ATP8A2,1188,93dcf69a6cda714c519792f978c7824e8f7aca5a0cb52c0703a2c2619e9ad90b,Q9NTI2,BRCA1,1863,80d7199c8d1550a5ba8387043481c1acf0f070df410b47c2bc1375584b59bdf1,P38398,-1.705675760904948,-2.601931651433309,0.20290891826152802,-7.877081394195557,-7.500282287597656,-9.452977180480957,-8.276780287424723,122.0,241.0,283.0,208.0
background,Q9BX63,U,False,False,266,CCDC30,783,0940fb7520282124fe5f7c085b323421f67f60e6f690741580132322c239e271,Q5VVM6,BRCA1,1863,80d7199c8d1550a5ba8387043481c1acf0f070df410b47c2bc1375584b59bdf1,P38398,0.5574378867944082,1.6192636092503865,0.6769847869873047,-4.500664710998535,-6.238515377044678,-3.8969790935516357,-4.878719727198283,2.0,1.0,2.0,13.0
background,Q9BX63,U,False,False,267,PTCHD3,954,dfca6324da53e78528bbc7ea45df3d7ce5534df90e87552eade893008d5e810c,Q3KNS1,BRCA1,1863,80d7199c8d1550a5ba8387043481c1acf0f070df410b47c2bc1375584b59bdf1,P38398,-3.4992422262827554,-4.026118914286296,0.17405398190021515,-11.559514045715332,-11.019327163696289,-11.64062786102295,-11.406489690144857,286.0,293.0,291.0,301.0
background,Q9BX63,U,False,False,268,PARP1,1014,0ca26b54f0c45d0135ce37c885e5d97403dfe1e0e8b7752d3773a6b8966fa1a9,P09874,BRCA1,1863,80d7199c8d1550a5ba8387043481c1acf0f070df410b47c2bc1375584b59bdf1,P38398,-1.1711965799331665,-0.6428873141606649,0.4511755704879761,-6.57604455947876,-5.762845039367676,-8.35147476196289,-6.896788120269775,55.0,45.0,157.0,104.0
background,Q9BX63,U,False,False,269,PSD,1024,68be0f38f8f03ea6d14a28a06b5a162c1abed76bd17b4377f94095075f65c4f6,A5PKW4,BRCA1,1863,80d7199c8d1550a5ba8387043481c1acf0f070df410b47c2bc1375584b59bdf1,P38398,-3.4519434769948325,-2.826826016108195,0.3726838231086731,-7.757272720336914,-11.408080101013184,-7.957882404327393,-9.041078408559164,284.0,257.0,212.0,245.0
background,Q9BX63,U,False,False,270,EPB41L3,1087,76b747d935e10dd36f702957e2eaa92f661ef91d39a16bfeb24423491cab20bd,Q9Y2J2,BRCA1,1863,80d7199c8d1550a5ba8387043481c1acf0f070df410b47c2bc1375584b59bdf1,P38398,-2.3713372548421225,-2.393456300099691,0.30816733837127686,-7.650478363037109,-9.23872184753418,-7.445272922515869,-8.111491044362387,208.0,223.0,252.0,191.0
background,Q9BX63,U,False,False,271,SMARCA4,1647,93a32e58eb0310a18ce3069c4e0112de0472db029109a28b0254988aca1f7ca6,P51532,BRCA1,1863,80d7199c8d1550a5ba8387043481c1acf0f070df410b47c2bc1375584b59bdf1,P38398,-1.740962068239848,-1.053743342558543,0.3831758499145508,-7.465841293334961,-7.820556640625,-7.718352794647217,-7.6682502428690595,127.0,84.0,200.0,161.0
background,Q9BX63,U,False,False,272,LRRC32,662,2a2ba2ac0709034ea515dc8b177ea877da401496e697cca39edc64cba24c03b1,Q14392,BRCA1,1863,80d7199c8d1550a5ba8387043481c1acf0f070df410b47c2bc1375584b59bdf1,P38398,-3.9712769190470376,-2.750641345977783,0.4346156120300293,-9.776345252990723,-8.438530921936035,-7.554093837738037,-8.589656670888266,297.0,252.0,167.0,225.0
background,Q9BX63,U,False,False,273,FGD6,1430,66fb056fbd41f5abf0d03f4cdda82bb9e9d04cef1f47067b6364176c477b030e,Q6ZV73,BRCA1,1863,80d7199c8d1550a5ba8387043481c1acf0f070df410b47c2bc1375584b59bdf1,P38398,-1.4102267026901245,-1.0890207886695862,0.44843998551368713,-6.149206161499023,-6.972904205322266,-6.232173919677734,-6.451428095499675,83.0,88.0,161.0,69.0
background,Q9BX63,U,False,False,274,TNNI3K,835,762742da35b77dd86d21cfa5e00c0aaa0cfc5d94b1640f37d93609c86820d912,Q59H18,BRCA1,1863,80d7199c8d1550a5ba8387043481c1acf0f070df410b47c2bc1375584b59bdf1,P38398,-1.0642769734064739,-1.7580243746439617,0.38812559843063354,-3.2909905910491943,-11.627065658569336,-7.203359127044678,-7.373805125554402,43.0,167.0,197.0,136.0
background,Q9BX63,U,False,False,275,ZBTB47,747,8b6e1d388f59a163750cb015fe70d01412b4b4080dd9a78675e0c114d8e1c243,Q9UFB7,BRCA1,1863,80d7199c8d1550a5ba8387043481c1acf0f070df410b47c2bc1375584b59bdf1,P38398,-1.74806014696757,-1.5441619952519734,0.48342499136924744,-7.07114839553833,-6.853623390197754,-4.540714263916016,-6.1551620165507,130.0,134.0,127.0,51.0
background,Q9BX63,U,False,False,276,HGF,728,6b792f9f0f9499b4fd5f139e373266d8937f5ebb0da7814b0700fdac917414c6,P14210,BRCA1,1863,80d7199c8d1550a5ba8387043481c1acf0f070df410b47c2bc1375584b59bdf1,P38398,-2.7791027228037515,-3.314561367034912,0.23713910579681396,-9.384185791015625,-8.993486404418945,-12.754112243652344,-10.377261479695639,246.0,277.0,270.0,289.0
background,Q9BX63,U,False,False,277,CACNA1E,2313,b0623d1a82065dc98ca8c74682e6c721696a9c94038c25b7396036116d4cc444,Q15878,BRCA1,1863,80d7199c8d1550a5ba8387043481c1acf0f070df410b47c2bc1375584b59bdf1,P38398,-2.578716278076172,-3.8461732069651284,0.16206347942352295,-10.421969413757324,-10.124079704284668,-10.351097106933594,-10.29904874165853,232.0,289.0,298.0,286.0
background,Q9BX63,U,False,False,278,ITGA10,1167,99e8ba3957225436457038ded186b77e44aa3e644c7423d2c09fdb06a967d3aa,O75578,BRCA1,1863,80d7199c8d1550a5ba8387043481c1acf0f070df410b47c2bc1375584b59bdf1,P38398,-4.1297407150268555,-3.7655956745147705,0.17697331309318542,-7.094883918762207,-9.077690124511719,-8.89228343963623,-8.354952494303385,301.0,288.0,289.0,211.0
background,Q9BX63,U,False,False,279,NIBAN2,746,2f8a913b6b4a98135f15da5d35133a54cad272fd1c029ff6f314e620123fced8,Q96TA1,BRCA1,1863,80d7199c8d1550a5ba8387043481c1acf0f070df410b47c2bc1375584b59bdf1,P38398,-2.354211171468099,-1.8487672805786133,0.285174697637558,-7.965461730957031,-9.725257873535156,-4.289788246154785,-7.326835950215657,205.0,180.0,261.0,134.0
background,Q9BX63,U,False,False,280,RASAL3,1011,63a14cbc7edcfef669259ed4c31e084bded85c258e06369c9da151b4c3384356,Q86YV0,BRCA1,1863,80d7199c8d1550a5ba8387043481c1acf0f070df410b47c2bc1375584b59bdf1,P38398,-2.4156390031178794,-2.0133965810139975,0.41751551628112793,-7.143208980560303,-11.281265258789062,-7.456124782562256,-8.626866340637207,216.0,196.0,181.0,228.0
background,Q9BX63,U,False,False,281,FGD4,766,7dabaaa31d60df9f4b73d18a1a6b8a5fba5a4612b8bb4a07a6feeafa62702e91,Q96M96,BRCA1,1863,80d7199c8d1550a5ba8387043481c1acf0f070df410b47c2bc1375584b59bdf1,P38398,-1.3830560843149822,-1.318894386291504,0.3095022737979889,-7.909967422485352,-10.027067184448242,-10.107486724853516,-9.34817377726237,77.0,111.0,251.0,258.0
background,Q9BX63,U,False,False,282,HSPA4L,839,30295c8edc5071e9b5c913167c237bba714d5ead5b258e623e7e7bab3decf90c,O95757,BRCA1,1863,80d7199c8d1550a5ba8387043481c1acf0f070df410b47c2bc1375584b59bdf1,P38398,-1.2406422297159831,-0.9112528810898463,0.35587695240974426,-7.248728275299072,-8.516648292541504,-7.8080363273620605,-7.857804298400879,63.0,69.0,232.0,175.0
background,Q9BX63,U,False,False,283,SRPRA,638,3717eee95c247835f27a109289d7eefa352234be87970eaa11fd3f09daa2c6eb,P08240,BRCA1,1863,80d7199c8d1550a5ba8387043481c1acf0f070df410b47c2bc1375584b59bdf1,P38398,-1.7713383038838704,-1.662522594134013,0.3589478135108948,-6.719956874847412,-6.235477924346924,-7.037935733795166,-6.664456844329834,134.0,149.0,226.0,89.0
background,Q9BX63,U,False,False,284,TXNDC16,825,80e0353e9e430d6bb7edfb8e88a63d20a4e52430a621b827272a8efb1533dd54,Q9P2K2,BRCA1,1863,80d7199c8d1550a5ba8387043481c1acf0f070df410b47c2bc1375584b59bdf1,P38398,-2.157090743382772,-1.9649206002553303,0.20038096606731415,-9.629939079284668,-9.188332557678223,-8.941876411437988,-9.253382682800293,185.0,192.0,284.0,253.0
background,Q9BX63,U,False,False,285,NCOA2,1464,873e4d8992906f338e9327452047a9bcc1098d2abd79347002ead3dd34e2fabd,Q15596,BRCA1,1863,80d7199c8d1550a5ba8387043481c1acf0f070df410b47c2bc1375584b59bdf1,P38398,-2.283323605855306,-1.682093620300293,0.44463497400283813,-6.777649879455566,-6.667605876922607,-5.8979268074035645,-6.447727521260579,197.0,153.0,163.0,67.0
background,Q9BX63,U,False,False,286,SYMPK,1274,c789633dcae94f1348602f9e9fca0698ed3b6e053f82262f816006aeffa454eb,Q92797,BRCA1,1863,80d7199c8d1550a5ba8387043481c1acf0f070df410b47c2bc1375584b59bdf1,P38398,-2.1487015088399253,-1.061034878094991,0.45316803455352783,-8.916367530822754,-8.313485145568848,-6.9737091064453125,-8.067853927612305,184.0,87.0,152.0,189.0
background,Q9BX63,U,False,False,287,MAGI1,1491,f935637e8522d4fb0cd0b64cfb64f48f8b3d74031faddc4a031006e2a2dae024,Q96QZ7,BRCA1,1863,80d7199c8d1550a5ba8387043481c1acf0f070df410b47c2bc1375584b59bdf1,P38398,-1.9268283446629841,-1.3636802236239116,0.2927485406398773,-8.87802505493164,-11.14450740814209,-7.826261043548584,-9.282931168874105,155.0,113.0,256.0,255.0
background,Q9BX63,U,False,False,288,SCART1,1027,cf8ad16563de6d30f4c421c51caa61dd078d3b41895f846ca14d52860c08e6a5,Q4G0T1,BRCA1,1863,80d7199c8d1550a5ba8387043481c1acf0f070df410b47c2bc1375584b59bdf1,P38398,-2.8265886306762695,-2.404322067896525,0.21342048048973083,-11.060285568237305,-8.92790699005127,-10.288721084594727,-10.092304547627768,251.0,227.0,280.0,277.0
background,Q9BX63,U,False,False,289,ANGEL1,670,43cf05fa630cf1874a5537427ed2497aee42490cc3b02f244fee45d322b76063,Q9UNK9,BRCA1,1863,80d7199c8d1550a5ba8387043481c1acf0f070df410b47c2bc1375584b59bdf1,P38398,-2.0901097853978476,-2.5210616985956826,0.39593422412872314,-6.284763336181641,-10.286020278930664,-7.3956379890441895,-7.988807201385498,176.0,237.0,193.0,184.0
background,Q9BX63,U,False,False,290,ZNF609,1411,b54c964b395e34842c51fa29a23ca6b65551504f1c92ca600311d0cdb355f2d3,O15014,BRCA1,1863,80d7199c8d1550a5ba8387043481c1acf0f070df410b47c2bc1375584b59bdf1,P38398,-2.5268874168395996,-2.5414159297943115,0.5027061700820923,-7.221268653869629,-7.717658996582031,-6.8206610679626465,-7.2531962394714355,228.0,238.0,104.0,127.0
background,Q9BX63,U,False,False,291,ZBTB48,688,56b015597901732c37b5cde6f7b18e6e7c8c6b7f8770b611536ecf9a851ae243,P10074,BRCA1,1863,80d7199c8d1550a5ba8387043481c1acf0f070df410b47c2bc1375584b59bdf1,P38398,-1.3397265275319417,-1.1513612667719524,0.520045816898346,-7.309859752655029,-5.642475128173828,-6.905823707580566,-6.619386196136475,71.0,96.0,95.0,83.0
background,Q9BX63,U,False,False,292,PDE2A,941,ff29e54889434b99a973dfa4cf8631b9f46c18759527d7efbac1cef11a5d4c2a,O00408,BRCA1,1863,80d7199c8d1550a5ba8387043481c1acf0f070df410b47c2bc1375584b59bdf1,P38398,-1.8157143592834473,-0.8994035720825195,0.356932133436203,-6.060457706451416,-7.689333438873291,-8.904536247253418,-7.551442464192708,142.0,67.0,228.0,153.0
background,Q9BX63,U,False,False,293,MAP4K5,846,a7eb891318c7b005cda821c06bad05258265ef15f81cf44f14afece0ba58b63e,Q9Y4K4,BRCA1,1863,80d7199c8d1550a5ba8387043481c1acf0f070df410b47c2bc1375584b59bdf1,P38398,-1.8061227798461914,-1.2717784841855366,0.2878304421901703,-9.822848320007324,-9.244943618774414,-8.447190284729004,-9.171660741170248,139.0,108.0,258.0,251.0
background,Q9BX63,U,False,False,294,SIPA1L3,1781,e10e5d6971fa8f43e8a519b687c96ef9e192e1cd9fa73d3f4f66d286aaab5732,O60292,BRCA1,1863,80d7199c8d1550a5ba8387043481c1acf0f070df410b47c2bc1375584b59bdf1,P38398,-3.1896235942840576,-2.3924200534820557,0.40878525376319885,-8.100221633911133,-8.557665824890137,-7.124040603637695,-7.927309354146321,274.0,222.0,186.0,179.0
background,Q9BX63,U,False,False,295,DHX58,678,c9e670cb8f8b21cc31b314f8bc5c1c4ae9f33ab34a99f5cdfeb490d4e4483e0b,Q96C10,BRCA1,1863,80d7199c8d1550a5ba8387043481c1acf0f070df410b47c2bc1375584b59bdf1,P38398,-1.2596065998077393,0.11180178324381511,0.5902209281921387,-7.111477375030518,-9.370479583740234,-7.641728401184082,-8.041228453318277,64.0,11.0,26.0,187.0
background,Q9BX63,U,False,False,296,RPS6KC1,1066,92a0372ca5362eb20d366ed6467617874b09eca8469aa3f8fb22ab656de81e75,Q96S38,BRCA1,1863,80d7199c8d1550a5ba8387043481c1acf0f070df410b47c2bc1375584b59bdf1,P38398,-1.4997177521387737,-1.751502513885498,0.520452082157135,-6.167030334472656,-6.218705654144287,-5.076597690582275,-5.820777893066406,98.0,166.0,94.0,34.0
background,Q9BX63,U,False,False,297,ITGAL,1170,4dcc7bcfcead8f33eee44af53d05e2a520b1109d93ea0450cfc3cbfbb59ecb5f,P20701,BRCA1,1863,80d7199c8d1550a5ba8387043481c1acf0f070df410b47c2bc1375584b59bdf1,P38398,-4.093906323115031,-4.253020366032918,0.2136620581150055,-9.840128898620605,-10.223039627075195,-9.432247161865234,-9.831805229187012,300.0,298.0,279.0,271.0
background,Q9BX63,U,False,False,298,PCDHGB6,930,eb1a02815f37a3f63d1caacaa507f064ec322f182ec0078d6e69a0bc0ec2d7d4,Q9Y5F9,BRCA1,1863,80d7199c8d1550a5ba8387043481c1acf0f070df410b47c2bc1375584b59bdf1,P38398,-2.1588735580444336,-1.4330596725145976,0.21259477734565735,-8.40301513671875,-7.174837112426758,-10.086295127868652,-8.554715792338053,186.0,122.0,281.0,223.0
background,Q9BX63,U,False,False,299,WDR81,1941,7514462ad67127917afc0093b0922ae841c1f4beef12c6353c58b660fac9d255,Q562E7,BRCA1,1863,80d7199c8d1550a5ba8387043481c1acf0f070df410b47c2bc1375584b59bdf1,P38398,-2.097512722015381,-1.8232536315917969,0.366108775138855,-7.539175987243652,-7.664391994476318,-7.959184169769287,-7.720917383829753,179.0,177.0,220.0,167.0
background,Q9BX63,U,False,False,300,DACT2,774,770fb496aebe083f25b3ab6d0692871a2123b0a939aa0814bfdddeb68db42326,Q5SW24,BRCA1,1863,80d7199c8d1550a5ba8387043481c1acf0f070df410b47c2bc1375584b59bdf1,P38398,-3.237097899119059,-3.1295255025227866,0.4521150588989258,-9.027375221252441,-10.975407600402832,-8.37074089050293,-9.457841237386068,276.0,269.0,156.0,264.0
background,Q9BX63,U,False,False,301,ANO6,910,5c7146c6b5088cb442ad69847410b170092180ad4a375d9a5113075d7ffc8b75,Q4KMQ2,BRCA1,1863,80d7199c8d1550a5ba8387043481c1acf0f070df410b47c2bc1375584b59bdf1,P38398,-3.0626375675201416,-4.634018739064534,0.17025941610336304,-11.710602760314941,-10.533712387084961,-10.632865905761719,-10.959060351053873,264.0,301.0,293.0,300.0
background,Q9BX63,U,False,False,302,SLC15A1,708,d68e35088e10ce9deb1469c2256f9ab50794cabd4fe7b47abee92f06fc0940d3,P46059,BRCA1,1863,80d7199c8d1550a5ba8387043481c1acf0f070df410b47c2bc1375584b59bdf1,P38398,-3.4306788444519043,-3.914518117904663,0.19712422788143158,-9.409453392028809,-8.630988121032715,-9.303984642028809,-9.114808718363443,283.0,291.0,286.0,247.0
background,Q9BX63,U,False,False,303,PTPN21,1174,a38a01c0d3f2482ef859e0c61bafc8a9efcf94d39db016b101fd86a548553b44,Q16825,BRCA1,1863,80d7199c8d1550a5ba8387043481c1acf0f070df410b47c2bc1375584b59bdf1,P38398,-2.582712014516195,-1.8566457033157349,0.16851426661014557,-8.56468391418457,-8.23404312133789,-8.449764251708984,-8.416163762410482,233.0,181.0,294.0,214.0
