species,target_id,candidate_set,control,P,U,panel_size,P_vs_U_concordance,average_precision,first_positive_rank_min,first_positive_rank_max,first_positive_rank_expected,reciprocal_rank,recovered_P_at_5,recall_at_5,known_positive_precision_at_5,EF_at_5,NDCG_at_5,target_success_at_5,recovered_P_at_10,recall_at_10,known_positive_precision_at_10,EF_at_10,NDCG_at_10,target_success_at_10,recovered_P_at_20,recall_at_20,known_positive_precision_at_20,EF_at_20,NDCG_at_20,target_success_at_20
mouse,mouse:P22725,background,source_association_degree,2,100,102,0.2025,0.01725372279495991,72,72,72.0,0.013888888888888888,0.0,0.0,0.0,0.0,0.0,0.0,0.0,0.0,0.0,0.0,0.0,0.0,0.0,0.0,0.0,0.0,0.0,0.0
mouse,mouse:P22725,matched,source_association_degree,2,100,102,0.6,0.04523809523809524,8,15,11.5,0.09067148129648131,0.0,0.0,0.0,0.0,0.0,0.0,0.375,0.1875,0.0375,1.9124999999999999,0.06940517339761083,0.375,1.0,0.5,0.05,2.5500000000000003,0.17040497558404213,1.0
mouse,mouse:P22725,all_U,source_association_degree,2,200,202,0.40125,0.011400545667143044,79,86,82.5,0.01213057454332623,0.0,0.0,0.0,0.0,0.0,0.0,0.0,0.0,0.0,0.0,0.0,0.0,0.0,0.0,0.0,0.0,0.0,0.0
mouse,mouse:P47242,background,source_association_degree,2,100,102,0.2225,0.01862714013950539,76,76,76.0,0.013157894736842105,0.0,0.0,0.0,0.0,0.0,0.0,0.0,0.0,0.0,0.0,0.0,0.0,0.0,0.0,0.0,0.0,0.0,0.0
mouse,mouse:P47242,matched,source_association_degree,2,100,102,0.5525,0.07230392156862744,1,8,4.5,0.3397321428571428,0.625,0.3125,0.125,6.375,0.22597992896557703,0.625,1.0,0.5,0.1,5.1000000000000005,0.3030069587185672,1.0,1.0,0.5,0.05,2.5500000000000003,0.3030069587185672,1.0
mouse,mouse:P47242,all_U,source_association_degree,2,200,202,0.3875,0.01148857725985911,76,83,79.5,0.012589080265889837,0.0,0.0,0.0,0.0,0.0,0.0,0.0,0.0,0.0,0.0,0.0,0.0,0.0,0.0,0.0,0.0,0.0,0.0
mouse,mouse:Q9JL10,background,source_association_degree,7,100,107,0.4742857142857143,0.10391306496651592,4,4,4.0,0.25,1.0,0.14285714285714285,0.2,3.057142857142858,0.14606834984270645,1.0,1.0,0.14285714285714285,0.1,1.528571428571429,0.11838279295536293,1.0,2.0,0.2857142857142857,0.1,1.528571428571429,0.18710187618393564,1.0
mouse,mouse:Q9JL10,matched,source_association_degree,7,100,107,0.5485714285714286,0.12077834446255498,4,4,4.0,0.25,1.0,0.14285714285714285,0.2,3.057142857142858,0.14606834984270645,1.0,1.0,0.14285714285714285,0.1,1.528571428571429,0.11838279295536293,1.0,2.0,0.2857142857142857,0.1,1.528571428571429,0.19505760694825586,1.0
mouse,mouse:Q9JL10,all_U,source_association_degree,7,200,207,0.5114285714285715,0.0600423283348427,7,7,7.0,0.14285714285714285,0.0,0.0,0.0,0.0,0.0,0.0,1.0,0.14285714285714285,0.1,2.9571428571428577,0.09162544430476362,1.0,1.0,0.14285714285714285,0.05,1.4785714285714289,0.09162544430476362,1.0
mouse,mouse:Q6P9Y7,background,source_association_degree,2,100,102,0.49,0.030399274047186932,29,29,29.0,0.034482758620689655,0.0,0.0,0.0,0.0,0.0,0.0,0.0,0.0,0.0,0.0,0.0,0.0,0.0,0.0,0.0,0.0,0.0,0.0
mouse,mouse:Q6P9Y7,matched,source_association_degree,2,100,102,0.5675,0.03982930298719772,19,19,19.0,0.05263157894736842,0.0,0.0,0.0,0.0,0.0,0.0,0.0,0.0,0.0,0.0,0.0,0.0,1.0,0.5,0.05,2.5500000000000003,0.14186890186599416,1.0
mouse,mouse:Q6P9Y7,all_U,source_association_degree,2,200,202,0.52875,0.017395054629097184,47,47,47.0,0.02127659574468085,0.0,0.0,0.0,0.0,0.0,0.0,0.0,0.0,0.0,0.0,0.0,0.0,0.0,0.0,0.0,0.0,0.0,0.0
mouse,mouse:Q9CZA6,background,source_association_degree,5,100,105,0.522,0.14007048162443364,3,3,3.0,0.3333333333333333,1.0,0.2,0.2,4.2,0.16958010263680806,1.0,2.0,0.4,0.2,4.2,0.2716774977597197,1.0,2.0,0.4,0.1,2.1,0.2716774977597197,1.0
mouse,mouse:Q9CZA6,matched,source_association_degree,5,100,105,0.595,0.10720026350461133,5,5,5.0,0.2,1.0,0.2,0.2,4.2,0.13120507751234178,1.0,1.0,0.2,0.1,2.1,0.13120507751234178,1.0,2.0,0.4,0.1,2.1,0.22285910544067475,1.0
mouse,mouse:Q9CZA6,all_U,source_association_degree,5,200,205,0.5585,0.06562553848705764,7,7,7.0,0.14285714285714285,0.0,0.0,0.0,0.0,0.0,0.0,1.0,0.2,0.1,4.1,0.11305340175787204,1.0,2.0,0.4,0.1,4.1,0.19152768402897846,1.0
mouse,mouse:P70217,background,source_association_degree,2,100,102,0.2875,0.020173453996983406,68,68,68.0,0.014705882352941176,0.0,0.0,0.0,0.0,0.0,0.0,0.0,0.0,0.0,0.0,0.0,0.0,0.0,0.0,0.0,0.0,0.0,0.0
mouse,mouse:P70217,matched,source_association_degree,2,100,102,0.5575,0.1108695652173913,1,5,3.0,0.45666666666666667,1.0,0.5,0.2,10.200000000000001,0.36156788634492326,1.0,1.0,0.5,0.1,5.1000000000000005,0.36156788634492326,1.0,1.0,0.5,0.05,2.5500000000000003,0.36156788634492326,1.0
mouse,mouse:P70217,all_U,source_association_degree,2,200,202,0.4225,0.012896825396825396,68,72,70.0,0.014291549238597255,0.0,0.0,0.0,0.0,0.0,0.0,0.0,0.0,0.0,0.0,0.0,0.0,0.0,0.0,0.0,0.0,0.0,0.0
mouse,mouse:Q9QX99,background,source_association_degree,4,100,104,0.29,0.03313552463095842,70,70,70.0,0.014285714285714285,0.0,0.0,0.0,0.0,0.0,0.0,0.0,0.0,0.0,0.0,0.0,0.0,0.0,0.0,0.0,0.0,0.0,0.0
mouse,mouse:Q9QX99,matched,source_association_degree,4,100,104,0.5225,0.04695434948713445,24,29,26.5,0.037893714416702924,0.0,0.0,0.0,0.0,0.0,0.0,0.0,0.0,0.0,0.0,0.0,0.0,0.0,0.0,0.0,0.0,0.0,0.0
mouse,mouse:Q9QX99,all_U,source_association_degree,4,200,204,0.40625,0.019210543962575922,93,98,95.5,0.010474554747282051,0.0,0.0,0.0,0.0,0.0,0.0,0.0,0.0,0.0,0.0,0.0,0.0,0.0,0.0,0.0,0.0,0.0,0.0
mouse,mouse:P53776,background,source_association_degree,3,100,103,0.46166666666666667,0.03464590964590965,42,42,42.0,0.023809523809523808,0.0,0.0,0.0,0.0,0.0,0.0,0.0,0.0,0.0,0.0,0.0,0.0,0.0,0.0,0.0,0.0,0.0,0.0
mouse,mouse:P53776,matched,source_association_degree,3,100,103,0.505,0.03753583943931188,40,40,40.0,0.025,0.0,0.0,0.0,0.0,0.0,0.0,0.0,0.0,0.0,0.0,0.0,0.0,0.0,0.0,0.0,0.0,0.0,0.0
mouse,mouse:P53776,all_U,source_association_degree,3,200,203,0.48333333333333334,0.018362619798325167,81,81,81.0,0.012345679012345678,0.0,0.0,0.0,0.0,0.0,0.0,0.0,0.0,0.0,0.0,0.0,0.0,0.0,0.0,0.0,0.0,0.0,0.0
mouse,mouse:P08152,background,source_association_degree,2,100,102,0.3025,0.020114942528735632,58,58,58.0,0.017241379310344827,0.0,0.0,0.0,0.0,0.0,0.0,0.0,0.0,0.0,0.0,0.0,0.0,0.0,0.0,0.0,0.0,0.0,0.0
mouse,mouse:P08152,matched,source_association_degree,2,100,102,0.3075,0.020220588235294115,48,48,48.0,0.020833333333333332,0.0,0.0,0.0,0.0,0.0,0.0,0.0,0.0,0.0,0.0,0.0,0.0,0.0,0.0,0.0,0.0,0.0,0.0
mouse,mouse:P08152,all_U,source_association_degree,2,200,202,0.305,0.010109498344792463,105,105,105.0,0.009523809523809525,0.0,0.0,0.0,0.0,0.0,0.0,0.0,0.0,0.0,0.0,0.0,0.0,0.0,0.0,0.0,0.0,0.0,0.0
mouse,mouse:Q61909,background,source_association_degree,9,100,109,0.21888888888888888,0.06840093835638338,55,55,55.0,0.01818181818181818,0.0,0.0,0.0,0.0,0.0,0.0,0.0,0.0,0.0,0.0,0.0,0.0,0.0,0.0,0.0,0.0,0.0,0.0
mouse,mouse:Q61909,matched,source_association_degree,9,100,109,0.4022222222222222,0.08064373103977063,11,11,11.0,0.09090909090909091,0.0,0.0,0.0,0.0,0.0,0.0,0.0,0.0,0.0,0.0,0.0,0.0,1.0,0.1111111111111111,0.05,0.6055555555555555,0.06556429791586477,1.0
mouse,mouse:Q61909,all_U,source_association_degree,9,200,209,0.31055555555555553,0.037272930215123415,65,65,65.0,0.015384615384615385,0.0,0.0,0.0,0.0,0.0,0.0,0.0,0.0,0.0,0.0,0.0,0.0,0.0,0.0,0.0,0.0,0.0,0.0
mouse,mouse:P68040,background,source_association_degree,2,100,102,0.52,0.02986906710310966,47,47,47.0,0.02127659574468085,0.0,0.0,0.0,0.0,0.0,0.0,0.0,0.0,0.0,0.0,0.0,0.0,0.0,0.0,0.0,0.0,0.0,0.0
mouse,mouse:P68040,matched,source_association_degree,2,100,102,0.68,0.05890804597701149,12,12,12.0,0.08333333333333333,0.0,0.0,0.0,0.0,0.0,0.0,0.0,0.0,0.0,0.0,0.0,0.0,1.0,0.5,0.05,2.5500000000000003,0.16569576576522954,1.0
mouse,mouse:P68040,all_U,source_association_degree,2,200,202,0.6,0.017879948914431672,58,58,58.0,0.017241379310344827,0.0,0.0,0.0,0.0,0.0,0.0,0.0,0.0,0.0,0.0,0.0,0.0,0.0,0.0,0.0,0.0,0.0,0.0
mouse,mouse:P04228,background,source_association_degree,2,100,102,0.13,0.020833333333333332,81,95,85.66666666666667,0.011693761554606757,0.0,0.0,0.0,0.0,0.0,0.0,0.0,0.0,0.0,0.0,0.0,0.0,0.0,0.0,0.0,0.0,0.0,0.0
mouse,mouse:P04228,matched,source_association_degree,2,100,102,0.565,0.027777777777777776,18,71,35.66666666666667,0.03187242385646386,0.0,0.0,0.0,0.0,0.0,0.0,0.0,0.0,0.0,0.0,0.0,0.0,0.10909090909090909,0.05454545454545454,0.005454545454545454,0.27818181818181814,0.015483803276853305,0.1070707070707072
mouse,mouse:P04228,all_U,source_association_degree,2,200,202,0.3475,0.012048192771084338,98,165,120.33333333333333,0.00845407013394773,0.0,0.0,0.0,0.0,0.0,0.0,0.0,0.0,0.0,0.0,0.0,0.0,0.0,0.0,0.0,0.0,0.0,0.0
mouse,mouse:Q9CXU1,background,source_association_degree,3,100,103,0.22333333333333333,0.02398105309539546,68,68,68.0,0.014705882352941176,0.0,0.0,0.0,0.0,0.0,0.0,0.0,0.0,0.0,0.0,0.0,0.0,0.0,0.0,0.0,0.0,0.0,0.0
mouse,mouse:Q9CXU1,matched,source_association_degree,3,100,103,0.4583333333333333,0.03288427540958809,35,35,35.0,0.02857142857142857,0.0,0.0,0.0,0.0,0.0,0.0,0.0,0.0,0.0,0.0,0.0,0.0,0.0,0.0,0.0,0.0,0.0,0.0
mouse,mouse:Q9CXU1,all_U,source_association_degree,3,200,203,0.3408333333333333,0.01394324694459048,102,102,102.0,0.00980392156862745,0.0,0.0,0.0,0.0,0.0,0.0,0.0,0.0,0.0,0.0,0.0,0.0,0.0,0.0,0.0,0.0,0.0,0.0
mouse,mouse:Q9QZB6,background,source_association_degree,3,100,103,0.2733333333333333,0.02580077794689667,69,73,71.0,0.014090098795406281,0.0,0.0,0.0,0.0,0.0,0.0,0.0,0.0,0.0,0.0,0.0,0.0,0.0,0.0,0.0,0.0,0.0,0.0
mouse,mouse:Q9QZB6,matched,source_association_degree,3,100,103,0.43333333333333335,0.02915658228132233,31,43,37.0,0.027308576129341244,0.0,0.0,0.0,0.0,0.0,0.0,0.0,0.0,0.0,0.0,0.0,0.0,0.0,0.0,0.0,0.0,0.0,0.0
mouse,mouse:Q9QZB6,all_U,source_association_degree,3,200,203,0.35333333333333333,0.013551617731295849,99,115,107.0,0.009365459450796837,0.0,0.0,0.0,0.0,0.0,0.0,0.0,0.0,0.0,0.0,0.0,0.0,0.0,0.0,0.0,0.0,0.0,0.0
mouse,mouse:Q9QWH1,background,source_association_degree,4,100,104,0.475,0.04738175675675676,37,37,37.0,0.02702702702702703,0.0,0.0,0.0,0.0,0.0,0.0,0.0,0.0,0.0,0.0,0.0,0.0,0.0,0.0,0.0,0.0,0.0,0.0
mouse,mouse:Q9QWH1,matched,source_association_degree,4,100,104,0.13625,0.029381274040716766,66,66,66.0,0.015151515151515152,0.0,0.0,0.0,0.0,0.0,0.0,0.0,0.0,0.0,0.0,0.0,0.0,0.0,0.0,0.0,0.0,0.0,0.0
mouse,mouse:Q9QWH1,all_U,source_association_degree,4,200,204,0.305625,0.018492240950961282,102,102,102.0,0.00980392156862745,0.0,0.0,0.0,0.0,0.0,0.0,0.0,0.0,0.0,0.0,0.0,0.0,0.0,0.0,0.0,0.0,0.0,0.0
mouse,mouse:P70396,background,source_association_degree,7,100,107,0.39285714285714285,0.05932333857740795,29,29,29.0,0.034482758620689655,0.0,0.0,0.0,0.0,0.0,0.0,0.0,0.0,0.0,0.0,0.0,0.0,0.0,0.0,0.0,0.0,0.0,0.0
mouse,mouse:P70396,matched,source_association_degree,7,100,107,0.5164285714285715,0.0746902841321744,18,18,18.0,0.05555555555555555,0.0,0.0,0.0,0.0,0.0,0.0,0.0,0.0,0.0,0.0,0.0,0.0,1.0,0.14285714285714285,0.05,0.7642857142857145,0.06470833884155952,1.0
mouse,mouse:P70396,all_U,source_association_degree,7,200,207,0.4546428571428571,0.033297147168428326,46,46,46.0,0.021739130434782608,0.0,0.0,0.0,0.0,0.0,0.0,0.0,0.0,0.0,0.0,0.0,0.0,0.0,0.0,0.0,0.0,0.0,0.0
mouse,mouse:Q60809,background,source_association_degree,2,100,102,0.245,0.024390243902439025,72,81,75.0,0.013347324522873186,0.0,0.0,0.0,0.0,0.0,0.0,0.0,0.0,0.0,0.0,0.0,0.0,0.0,0.0,0.0,0.0,0.0,0.0
mouse,mouse:Q60809,matched,source_association_degree,2,100,102,0.905,0.09523809523809523,1,20,7.333333333333333,0.26453587047627286,0.47619047619047616,0.23809523809523808,0.09523809523809523,4.857142857142857,0.172175183973773,0.4285714285714287,0.9523809523809523,0.47619047619047616,0.09523809523809523,4.857142857142857,0.2653210146011574,0.7380952380952381,1.9047619047619047,0.9523809523809523,0.09523809523809523,4.857142857142857,0.41111626616112545,1.0
mouse,mouse:Q60809,all_U,source_association_degree,2,200,202,0.575,0.019801980198019802,72,100,81.33333333333333,0.012381796664112162,0.0,0.0,0.0,0.0,0.0,0.0,0.0,0.0,0.0,0.0,0.0,0.0,0.0,0.0,0.0,0.0,0.0,0.0
mouse,mouse:Q8BZL8,background,source_association_degree,5,100,105,0.481,0.054947797300738475,30,30,30.0,0.03333333333333333,0.0,0.0,0.0,0.0,0.0,0.0,0.0,0.0,0.0,0.0,0.0,0.0,0.0,0.0,0.0,0.0,0.0,0.0
mouse,mouse:Q8BZL8,matched,source_association_degree,5,100,105,0.505,0.06272156548453883,20,20,20.0,0.05,0.0,0.0,0.0,0.0,0.0,0.0,0.0,0.0,0.0,0.0,0.0,0.0,1.0,0.2,0.05,1.05,0.07721668828275381,1.0
mouse,mouse:Q8BZL8,all_U,source_association_degree,5,200,205,0.493,0.029702490138325488,49,49,49.0,0.02040816326530612,0.0,0.0,0.0,0.0,0.0,0.0,0.0,0.0,0.0,0.0,0.0,0.0,0.0,0.0,0.0,0.0,0.0,0.0
mouse,mouse:P60898,background,source_association_degree,9,100,109,0.28055555555555556,0.06160132139486011,36,36,36.0,0.027777777777777776,0.0,0.0,0.0,0.0,0.0,0.0,0.0,0.0,0.0,0.0,0.0,0.0,0.0,0.0,0.0,0.0,0.0,0.0
mouse,mouse:P60898,matched,source_association_degree,9,100,109,0.4638888888888889,0.08974339836535962,6,6,6.0,0.16666666666666666,0.0,0.0,0.0,0.0,0.0,0.0,1.0,0.1111111111111111,0.1,1.211111111111111,0.08372491399919348,1.0,1.0,0.1111111111111111,0.05,0.6055555555555555,0.08372491399919348,1.0
mouse,mouse:P60898,all_U,source_association_degree,9,200,209,0.37222222222222223,0.03546803830557979,41,41,41.0,0.024390243902439025,0.0,0.0,0.0,0.0,0.0,0.0,0.0,0.0,0.0,0.0,0.0,0.0,0.0,0.0,0.0,0.0,0.0,0.0
mouse,mouse:Q8CF60,background,source_association_degree,3,100,103,0.20333333333333334,0.023597087899240327,77,77,77.0,0.012987012987012988,0.0,0.0,0.0,0.0,0.0,0.0,0.0,0.0,0.0,0.0,0.0,0.0,0.0,0.0,0.0,0.0,0.0,0.0
mouse,mouse:Q8CF60,matched,source_association_degree,3,100,103,0.5016666666666667,0.03359201592897245,25,32,28.5,0.03531712721037665,0.0,0.0,0.0,0.0,0.0,0.0,0.0,0.0,0.0,0.0,0.0,0.0,0.0,0.0,0.0,0.0,0.0,0.0
mouse,mouse:Q8CF60,all_U,source_association_degree,3,200,203,0.3525,0.013780864197530864,101,108,104.5,0.00957398244835534,0.0,0.0,0.0,0.0,0.0,0.0,0.0,0.0,0.0,0.0,0.0,0.0,0.0,0.0,0.0,0.0,0.0,0.0
mouse,mouse:O55144,background,source_association_degree,10,100,110,0.478,0.08891937259988776,22,22,22.0,0.045454545454545456,0.0,0.0,0.0,0.0,0.0,0.0,0.0,0.0,0.0,0.0,0.0,0.0,0.0,0.0,0.0,0.0,0.0,0.0
mouse,mouse:O55144,matched,source_association_degree,10,100,110,0.454,0.08875659263517488,19,19,19.0,0.05263157894736842,0.0,0.0,0.0,0.0,0.0,0.0,0.0,0.0,0.0,0.0,0.0,0.0,1.0,0.1,0.05,0.55,0.050924439617225085,1.0
mouse,mouse:O55144,all_U,source_association_degree,10,200,210,0.466,0.04631035085775619,40,40,40.0,0.025,0.0,0.0,0.0,0.0,0.0,0.0,0.0,0.0,0.0,0.0,0.0,0.0,0.0,0.0,0.0,0.0,0.0,0.0
mouse,mouse:E9Q7L6,background,source_association_degree,2,100,102,0.47,0.026856763925729443,52,52,52.0,0.019230769230769232,0.0,0.0,0.0,0.0,0.0,0.0,0.0,0.0,0.0,0.0,0.0,0.0,0.0,0.0,0.0,0.0,0.0,0.0
mouse,mouse:E9Q7L6,matched,source_association_degree,2,100,102,0.03,0.015067079463364292,95,95,95.0,0.010526315789473684,0.0,0.0,0.0,0.0,0.0,0.0,0.0,0.0,0.0,0.0,0.0,0.0,0.0,0.0,0.0,0.0,0.0,0.0
mouse,mouse:E9Q7L6,all_U,source_association_degree,2,200,202,0.25,0.009753771458297207,146,146,146.0,0.00684931506849315,0.0,0.0,0.0,0.0,0.0,0.0,0.0,0.0,0.0,0.0,0.0,0.0,0.0,0.0,0.0,0.0,0.0,0.0
mouse,mouse:P83917,background,source_association_degree,2,100,102,0.47,0.027291105121293797,53,53,53.0,0.018867924528301886,0.0,0.0,0.0,0.0,0.0,0.0,0.0,0.0,0.0,0.0,0.0,0.0,0.0,0.0,0.0,0.0,0.0,0.0
mouse,mouse:P83917,matched,source_association_degree,2,100,102,0.155,0.01716185049518383,81,81,81.0,0.012345679012345678,0.0,0.0,0.0,0.0,0.0,0.0,0.0,0.0,0.0,0.0,0.0,0.0,0.0,0.0,0.0,0.0,0.0,0.0
mouse,mouse:P83917,all_U,source_association_degree,2,200,202,0.3125,0.010655950220378532,133,133,133.0,0.007518796992481203,0.0,0.0,0.0,0.0,0.0,0.0,0.0,0.0,0.0,0.0,0.0,0.0,0.0,0.0,0.0,0.0,0.0,0.0
mouse,mouse:Q06986,background,source_association_degree,2,100,102,0.255,0.018804949527841095,71,74,72.5,0.013796384895410557,0.0,0.0,0.0,0.0,0.0,0.0,0.0,0.0,0.0,0.0,0.0,0.0,0.0,0.0,0.0,0.0,0.0,0.0
mouse,mouse:Q06986,matched,source_association_degree,2,100,102,0.5825,0.029910714285714284,22,35,28.5,0.03581590816100941,0.0,0.0,0.0,0.0,0.0,0.0,0.0,0.0,0.0,0.0,0.0,0.0,0.0,0.0,0.0,0.0,0.0,0.0
mouse,mouse:Q06986,all_U,source_association_degree,2,200,202,0.41875,0.01152618135376756,92,108,100.0,0.010024103728760968,0.0,0.0,0.0,0.0,0.0,0.0,0.0,0.0,0.0,0.0,0.0,0.0,0.0,0.0,0.0,0.0,0.0,0.0
mouse,mouse:Q9WV74,background,source_association_degree,2,100,102,0.3725,0.022760290556900726,59,59,59.0,0.01694915254237288,0.0,0.0,0.0,0.0,0.0,0.0,0.0,0.0,0.0,0.0,0.0,0.0,0.0,0.0,0.0,0.0,0.0,0.0
mouse,mouse:Q9WV74,matched,source_association_degree,2,100,102,0.405,0.023973585989089864,43,43,43.0,0.023255813953488372,0.0,0.0,0.0,0.0,0.0,0.0,0.0,0.0,0.0,0.0,0.0,0.0,0.0,0.0,0.0,0.0,0.0,0.0
mouse,mouse:Q9WV74,all_U,source_association_degree,2,200,202,0.38875,0.011661904445478105,101,101,101.0,0.009900990099009901,0.0,0.0,0.0,0.0,0.0,0.0,0.0,0.0,0.0,0.0,0.0,0.0,0.0,0.0,0.0,0.0,0.0,0.0
mouse,mouse:P25425,background,source_association_degree,7,100,107,0.3242857142857143,0.052403719930208786,54,54,54.0,0.018518518518518517,0.0,0.0,0.0,0.0,0.0,0.0,0.0,0.0,0.0,0.0,0.0,0.0,0.0,0.0,0.0,0.0,0.0,0.0
mouse,mouse:P25425,matched,source_association_degree,7,100,107,0.5271428571428571,0.07453995739710025,14,14,14.0,0.07142857142857142,0.0,0.0,0.0,0.0,0.0,0.0,0.0,0.0,0.0,0.0,0.0,0.0,1.0,0.14285714285714285,0.05,0.7642857142857145,0.07035680323970717,1.0
mouse,mouse:P25425,all_U,source_association_degree,7,200,207,0.4257142857142857,0.03084299602110258,67,67,67.0,0.014925373134328358,0.0,0.0,0.0,0.0,0.0,0.0,0.0,0.0,0.0,0.0,0.0,0.0,0.0,0.0,0.0,0.0,0.0,0.0
mouse,mouse:P01887,background,source_association_degree,6,100,106,0.32416666666666666,0.05511243386243386,14,14,14.0,0.07142857142857142,0.0,0.0,0.0,0.0,0.0,0.0,0.0,0.0,0.0,0.0,0.0,0.0,1.0,0.16666666666666666,0.05,0.8833333333333334,0.07745351606183935,1.0
mouse,mouse:P01887,matched,source_association_degree,6,100,106,0.535,0.08833763390413636,6,6,6.0,0.16666666666666666,0.0,0.0,0.0,0.0,0.0,0.0,1.0,0.16666666666666666,0.1,1.7666666666666668,0.10778915452451095,1.0,1.5,0.25,0.075,1.325,0.14223593789329747,1.0
mouse,mouse:P01887,all_U,source_association_degree,6,200,206,0.4295833333333333,0.03391835442229947,19,19,19.0,0.05263157894736842,0.0,0.0,0.0,0.0,0.0,0.0,0.0,0.0,0.0,0.0,0.0,0.0,1.0,0.16666666666666666,0.05,1.7166666666666668,0.07001560573318605,1.0
mouse,mouse:Q9JHE6,background,source_association_degree,4,100,104,0.2425,0.030551804416241037,71,71,71.0,0.014084507042253521,0.0,0.0,0.0,0.0,0.0,0.0,0.0,0.0,0.0,0.0,0.0,0.0,0.0,0.0,0.0,0.0,0.0,0.0
mouse,mouse:Q9JHE6,matched,source_association_degree,4,100,104,0.59125,0.1026307424053581,1,4,2.5,0.5208333333333333,1.0,0.25,0.2,5.2,0.25,1.0,1.0,0.25,0.1,2.6,0.25,1.0,1.0,0.25,0.05,1.3,0.25,1.0
mouse,mouse:Q9JHE6,all_U,source_association_degree,4,200,204,0.416875,0.019533268007185876,71,74,72.5,0.013796384895410557,0.0,0.0,0.0,0.0,0.0,0.0,0.0,0.0,0.0,0.0,0.0,0.0,0.0,0.0,0.0,0.0,0.0,0.0
mouse,mouse:O54918,background,source_association_degree,2,100,102,0.6425,0.2636986301369863,2,2,2.0,0.5,1.0,0.5,0.2,10.200000000000001,0.38685280723454163,1.0,1.0,0.5,0.1,5.1000000000000005,0.38685280723454163,1.0,1.0,0.5,0.05,2.5500000000000003,0.38685280723454163,1.0
mouse,mouse:O54918,matched,source_association_degree,2,100,102,0.5275,0.2602040816326531,2,2,2.0,0.5,1.0,0.5,0.2,10.200000000000001,0.38685280723454163,1.0,1.0,0.5,0.1,5.1000000000000005,0.38685280723454163,1.0,1.0,0.5,0.05,2.5500000000000003,0.38685280723454163,1.0
mouse,mouse:O54918,all_U,source_association_degree,2,200,202,0.585,0.17258382642998027,3,3,3.0,0.3333333333333333,1.0,0.5,0.2,20.2,0.3065735963827292,1.0,1.0,0.5,0.1,10.1,0.3065735963827292,1.0,1.0,0.5,0.05,5.05,0.3065735963827292,1.0
mouse,mouse:Q8VHS6,background,source_association_degree,4,100,104,0.35625,0.035445675899443016,48,48,48.0,0.020833333333333332,0.0,0.0,0.0,0.0,0.0,0.0,0.0,0.0,0.0,0.0,0.0,0.0,0.0,0.0,0.0,0.0,0.0,0.0
mouse,mouse:Q8VHS6,matched,source_association_degree,4,100,104,0.5575,0.05360313445419828,22,22,22.0,0.045454545454545456,0.0,0.0,0.0,0.0,0.0,0.0,0.0,0.0,0.0,0.0,0.0,0.0,0.0,0.0,0.0,0.0,0.0,0.0
mouse,mouse:Q8VHS6,all_U,source_association_degree,4,200,204,0.456875,0.02075346316046993,69,69,69.0,0.014492753623188406,0.0,0.0,0.0,0.0,0.0,0.0,0.0,0.0,0.0,0.0,0.0,0.0,0.0,0.0,0.0,0.0,0.0,0.0
mouse,mouse:Q9QY53,background,source_association_degree,2,100,102,0.51,0.03021353930031804,31,31,31.0,0.03225806451612903,0.0,0.0,0.0,0.0,0.0,0.0,0.0,0.0,0.0,0.0,0.0,0.0,0.0,0.0,0.0,0.0,0.0,0.0
mouse,mouse:Q9QY53,matched,source_association_degree,2,100,102,0.6075,0.03603896103896104,28,28,28.0,0.03571428571428571,0.0,0.0,0.0,0.0,0.0,0.0,0.0,0.0,0.0,0.0,0.0,0.0,0.0,0.0,0.0,0.0,0.0,0.0
mouse,mouse:Q9QY53,all_U,source_association_degree,2,200,202,0.55875,0.01668520578420467,58,58,58.0,0.017241379310344827,0.0,0.0,0.0,0.0,0.0,0.0,0.0,0.0,0.0,0.0,0.0,0.0,0.0,0.0,0.0,0.0,0.0,0.0
mouse,mouse:P97762,background,source_association_degree,2,100,102,0.475,0.027031740495291244,47,47,47.0,0.02127659574468085,0.0,0.0,0.0,0.0,0.0,0.0,0.0,0.0,0.0,0.0,0.0,0.0,0.0,0.0,0.0,0.0,0.0,0.0
mouse,mouse:P97762,matched,source_association_degree,2,100,102,0.1175,0.016333374736057633,83,83,83.0,0.012048192771084338,0.0,0.0,0.0,0.0,0.0,0.0,0.0,0.0,0.0,0.0,0.0,0.0,0.0,0.0,0.0,0.0,0.0,0.0
mouse,mouse:P97762,all_U,source_association_degree,2,200,202,0.29625,0.010286225402504472,129,129,129.0,0.007751937984496124,0.0,0.0,0.0,0.0,0.0,0.0,0.0,0.0,0.0,0.0,0.0,0.0,0.0,0.0,0.0,0.0,0.0,0.0
mouse,mouse:Q7TNK1,background,source_association_degree,2,100,102,0.3675,0.022964015151515152,63,64,63.5,0.015749007936507936,0.0,0.0,0.0,0.0,0.0,0.0,0.0,0.0,0.0,0.0,0.0,0.0,0.0,0.0,0.0,0.0,0.0,0.0
mouse,mouse:Q7TNK1,matched,source_association_degree,2,100,102,0.4925,0.027543859649122808,50,50,50.0,0.02,0.0,0.0,0.0,0.0,0.0,0.0,0.0,0.0,0.0,0.0,0.0,0.0,0.0,0.0,0.0,0.0,0.0,0.0
mouse,mouse:Q7TNK1,all_U,source_association_degree,2,200,202,0.43,0.012689241570979302,112,113,112.5,0.008889064475347661,0.0,0.0,0.0,0.0,0.0,0.0,0.0,0.0,0.0,0.0,0.0,0.0,0.0,0.0,0.0,0.0,0.0,0.0
mouse,mouse:P16110,background,source_association_degree,2,100,102,0.515,0.029292929292929294,45,45,45.0,0.022222222222222223,0.0,0.0,0.0,0.0,0.0,0.0,0.0,0.0,0.0,0.0,0.0,0.0,0.0,0.0,0.0,0.0,0.0,0.0
mouse,mouse:P16110,matched,source_association_degree,2,100,102,0.41,0.024092970521541947,49,49,49.0,0.02040816326530612,0.0,0.0,0.0,0.0,0.0,0.0,0.0,0.0,0.0,0.0,0.0,0.0,0.0,0.0,0.0,0.0,0.0,0.0
mouse,mouse:P16110,all_U,source_association_degree,2,200,202,0.4625,0.013376344086021506,93,93,93.0,0.010752688172043012,0.0,0.0,0.0,0.0,0.0,0.0,0.0,0.0,0.0,0.0,0.0,0.0,0.0,0.0,0.0,0.0,0.0,0.0
mouse,mouse:Q61501,background,source_association_degree,3,100,103,0.315,0.027152014652014653,65,65,65.0,0.015384615384615385,0.0,0.0,0.0,0.0,0.0,0.0,0.0,0.0,0.0,0.0,0.0,0.0,0.0,0.0,0.0,0.0,0.0,0.0
mouse,mouse:Q61501,matched,source_association_degree,3,100,103,0.615,0.04904939115465431,15,19,17.0,0.05923546611627107,0.0,0.0,0.0,0.0,0.0,0.0,0.0,0.0,0.0,0.0,0.0,0.0,1.0,0.3333333333333333,0.05,1.7166666666666668,0.11274422661746111,1.0
mouse,mouse:Q61501,all_U,source_association_degree,3,200,203,0.465,0.016919827160791014,79,83,81.0,0.012349444316550159,0.0,0.0,0.0,0.0,0.0,0.0,0.0,0.0,0.0,0.0,0.0,0.0,0.0,0.0,0.0,0.0,0.0,0.0
mouse,mouse:P01867,background,source_association_degree,2,100,102,0.48,0.027445460942997886,49,49,49.0,0.02040816326530612,0.0,0.0,0.0,0.0,0.0,0.0,0.0,0.0,0.0,0.0,0.0,0.0,0.0,0.0,0.0,0.0,0.0,0.0
mouse,mouse:P01867,matched,source_association_degree,2,100,102,0.245,0.018980848153214776,68,68,68.0,0.014705882352941176,0.0,0.0,0.0,0.0,0.0,0.0,0.0,0.0,0.0,0.0,0.0,0.0,0.0,0.0,0.0,0.0,0.0,0.0
mouse,mouse:P01867,all_U,source_association_degree,2,200,202,0.3625,0.011352598348712967,116,116,116.0,0.008620689655172414,0.0,0.0,0.0,0.0,0.0,0.0,0.0,0.0,0.0,0.0,0.0,0.0,0.0,0.0,0.0,0.0,0.0,0.0
mouse,mouse:Q8VCD5,background,source_association_degree,2,100,102,0.4825,0.028782894736842105,31,32,31.5,0.031754032258064516,0.0,0.0,0.0,0.0,0.0,0.0,0.0,0.0,0.0,0.0,0.0,0.0,0.0,0.0,0.0,0.0,0.0,0.0
mouse,mouse:Q8VCD5,matched,source_association_degree,2,100,102,0.45,0.030219780219780223,26,26,26.0,0.038461538461538464,0.0,0.0,0.0,0.0,0.0,0.0,0.0,0.0,0.0,0.0,0.0,0.0,0.0,0.0,0.0,0.0,0.0,0.0
mouse,mouse:Q8VCD5,all_U,source_association_degree,2,200,202,0.46625,0.014832535885167464,56,57,56.5,0.01770050125313283,0.0,0.0,0.0,0.0,0.0,0.0,0.0,0.0,0.0,0.0,0.0,0.0,0.0,0.0,0.0,0.0,0.0,0.0
mouse,mouse:P61458,background,source_association_degree,10,100,110,0.3305,0.07340148297720114,12,12,12.0,0.08333333333333333,0.0,0.0,0.0,0.0,0.0,0.0,0.0,0.0,0.0,0.0,0.0,0.0,1.0,0.1,0.05,0.55,0.05947719272904215,1.0
mouse,mouse:P61458,matched,source_association_degree,10,100,110,0.5055,0.1101526512202501,4,4,4.0,0.25,1.0,0.1,0.2,2.2,0.14606834984270645,1.0,1.0,0.1,0.1,1.1,0.09478836436955078,1.0,1.0,0.1,0.05,0.55,0.09478836436955078,1.0
mouse,mouse:P61458,all_U,source_association_degree,10,200,210,0.418,0.044544164234321254,15,15,15.0,0.06666666666666667,0.0,0.0,0.0,0.0,0.0,0.0,0.0,0.0,0.0,0.0,0.0,0.0,1.0,0.1,0.05,1.05,0.05502294157452004,1.0
mouse,mouse:Q9CPV7,background,source_association_degree,8,100,108,0.40375,0.06592669947269725,23,23,23.0,0.043478260869565216,0.0,0.0,0.0,0.0,0.0,0.0,0.0,0.0,0.0,0.0,0.0,0.0,0.0,0.0,0.0,0.0,0.0,0.0
mouse,mouse:Q9CPV7,matched,source_association_degree,8,100,108,0.45,0.07279963141445925,15,15,15.0,0.06666666666666667,0.0,0.0,0.0,0.0,0.0,0.0,0.0,0.0,0.0,0.0,0.0,0.0,1.0,0.125,0.05,0.675,0.06323567569191428,1.0
mouse,mouse:Q9CPV7,all_U,source_association_degree,8,200,208,0.426875,0.03518845678033561,37,37,37.0,0.02702702702702703,0.0,0.0,0.0,0.0,0.0,0.0,0.0,0.0,0.0,0.0,0.0,0.0,0.0,0.0,0.0,0.0,0.0,0.0
mouse,mouse:Q8C7B8,background,source_association_degree,2,100,102,0.595,0.040625,20,20,20.0,0.05,0.0,0.0,0.0,0.0,0.0,0.0,0.0,0.0,0.0,0.0,0.0,0.0,1.0,0.5,0.05,2.5500000000000003,0.1395953738647505,1.0
mouse,mouse:Q8C7B8,matched,source_association_degree,2,100,102,0.6775,0.05220125786163522,15,15,15.0,0.06666666666666667,0.0,0.0,0.0,0.0,0.0,0.0,0.0,0.0,0.0,0.0,0.0,0.0,1.0,0.5,0.05,2.5500000000000003,0.1532867981913646,1.0
mouse,mouse:Q8C7B8,all_U,source_association_degree,2,200,202,0.63625,0.02340153452685422,34,34,34.0,0.029411764705882353,0.0,0.0,0.0,0.0,0.0,0.0,0.0,0.0,0.0,0.0,0.0,0.0,0.0,0.0,0.0,0.0,0.0,0.0
mouse,mouse:P70278,background,source_association_degree,6,100,106,0.5066666666666667,0.22798447408247627,1,1,1.0,1.0,1.0,0.16666666666666666,0.2,3.5333333333333337,0.3391602052736161,1.0,1.0,0.16666666666666666,0.1,1.7666666666666668,0.3026024134988135,1.0,2.0,0.3333333333333333,0.1,1.7666666666666668,0.3766342580075818,1.0
mouse,mouse:P70278,matched,source_association_degree,6,100,106,0.5366666666666666,0.2323017689150412,1,1,1.0,1.0,1.0,0.16666666666666666,0.2,3.5333333333333337,0.3391602052736161,1.0,1.0,0.16666666666666666,0.1,1.7666666666666668,0.3026024134988135,1.0,2.0,0.3333333333333333,0.1,1.7666666666666668,0.3800559295606528,1.0
mouse,mouse:P70278,all_U,source_association_degree,6,200,206,0.5216666666666666,0.1997937466160865,1,1,1.0,1.0,1.0,0.16666666666666666,0.2,6.866666666666667,0.3391602052736161,1.0,1.0,0.16666666666666666,0.1,3.4333333333333336,0.3026024134988135,1.0,1.0,0.16666666666666666,0.05,1.7166666666666668,0.3026024134988135,1.0
mouse,mouse:Q9CQV8,background,source_association_degree,2,100,102,0.6,0.03538011695906433,38,38,38.0,0.02631578947368421,0.0,0.0,0.0,0.0,0.0,0.0,0.0,0.0,0.0,0.0,0.0,0.0,0.0,0.0,0.0,0.0,0.0,0.0
mouse,mouse:Q9CQV8,matched,source_association_degree,2,100,102,0.425,0.02488425925925926,54,54,54.0,0.018518518518518517,0.0,0.0,0.0,0.0,0.0,0.0,0.0,0.0,0.0,0.0,0.0,0.0,0.0,0.0,0.0,0.0,0.0,0.0
mouse,mouse:Q9CQV8,all_U,source_association_degree,2,200,202,0.5125,0.014840299887028858,91,91,91.0,0.01098901098901099,0.0,0.0,0.0,0.0,0.0,0.0,0.0,0.0,0.0,0.0,0.0,0.0,0.0,0.0,0.0,0.0,0.0,0.0
mouse,mouse:Q60769,background,source_association_degree,6,100,106,0.30916666666666665,0.04580725510543361,64,64,64.0,0.015625,0.0,0.0,0.0,0.0,0.0,0.0,0.0,0.0,0.0,0.0,0.0,0.0,0.0,0.0,0.0,0.0,0.0,0.0
mouse,mouse:Q60769,matched,source_association_degree,6,100,106,0.5425,0.06921831555977896,30,30,30.0,0.03333333333333333,0.0,0.0,0.0,0.0,0.0,0.0,0.0,0.0,0.0,0.0,0.0,0.0,0.0,0.0,0.0,0.0,0.0,0.0
mouse,mouse:Q60769,all_U,source_association_degree,6,200,206,0.42583333333333334,0.027926244343215854,93,93,93.0,0.010752688172043012,0.0,0.0,0.0,0.0,0.0,0.0,0.0,0.0,0.0,0.0,0.0,0.0,0.0,0.0,0.0,0.0,0.0,0.0
mouse,mouse:Q9D275,background,source_association_degree,2,100,102,0.7,0.047379032258064516,31,31,31.0,0.03225806451612903,0.0,0.0,0.0,0.0,0.0,0.0,0.0,0.0,0.0,0.0,0.0,0.0,0.0,0.0,0.0,0.0,0.0,0.0
mouse,mouse:Q9D275,matched,source_association_degree,2,100,102,0.5725,0.03358585858585859,43,44,43.5,0.02299154334038055,0.0,0.0,0.0,0.0,0.0,0.0,0.0,0.0,0.0,0.0,0.0,0.0,0.0,0.0,0.0,0.0,0.0,0.0
mouse,mouse:Q9D275,all_U,source_association_degree,2,200,202,0.63625,0.020090090090090093,73,74,73.5,0.013606071825249907,0.0,0.0,0.0,0.0,0.0,0.0,0.0,0.0,0.0,0.0,0.0,0.0,0.0,0.0,0.0,0.0,0.0,0.0
mouse,mouse:Q924X6,background,source_association_degree,3,100,103,0.425,0.03259814897745932,55,56,55.5,0.01801948051948052,0.0,0.0,0.0,0.0,0.0,0.0,0.0,0.0,0.0,0.0,0.0,0.0,0.0,0.0,0.0,0.0,0.0,0.0
mouse,mouse:Q924X6,matched,source_association_degree,3,100,103,0.08333333333333333,0.020917807682513563,88,88,88.0,0.011363636363636364,0.0,0.0,0.0,0.0,0.0,0.0,0.0,0.0,0.0,0.0,0.0,0.0,0.0,0.0,0.0,0.0,0.0,0.0
mouse,mouse:Q924X6,all_U,source_association_degree,3,200,203,0.25416666666666665,0.012926755783898639,142,143,142.5,0.007017630257066877,0.0,0.0,0.0,0.0,0.0,0.0,0.0,0.0,0.0,0.0,0.0,0.0,0.0,0.0,0.0,0.0,0.0,0.0
mouse,mouse:P97318,background,source_association_degree,4,100,104,0.5425,0.09407609933925724,5,5,5.0,0.2,1.0,0.25,0.2,5.2,0.15101961822780524,1.0,1.0,0.25,0.1,2.6,0.15101961822780524,1.0,1.0,0.25,0.05,1.3,0.15101961822780524,1.0
mouse,mouse:P97318,matched,source_association_degree,4,100,104,0.5775,0.09809788941043311,5,5,5.0,0.2,1.0,0.25,0.2,5.2,0.15101961822780524,1.0,1.0,0.25,0.1,2.6,0.15101961822780524,1.0,2.0,0.5,0.1,2.6,0.24134505664819517,1.0
mouse,mouse:P97318,all_U,source_association_degree,4,200,204,0.56,0.05165214526416061,9,9,9.0,0.1111111111111111,0.0,0.0,0.0,0.0,0.0,0.0,1.0,0.25,0.1,5.1000000000000005,0.11751610475642714,1.0,1.0,0.25,0.05,2.5500000000000003,0.11751610475642714,1.0
mouse,mouse:Q9D6W8,background,source_association_degree,2,100,102,0.315,0.020442219440967878,51,51,51.0,0.0196078431372549,0.0,0.0,0.0,0.0,0.0,0.0,0.0,0.0,0.0,0.0,0.0,0.0,0.0,0.0,0.0,0.0,0.0,0.0
mouse,mouse:Q9D6W8,matched,source_association_degree,2,100,102,0.45,0.02426470588235294,40,40,40.0,0.025,0.0,0.0,0.0,0.0,0.0,0.0,0.0,0.0,0.0,0.0,0.0,0.0,0.0,0.0,0.0,0.0,0.0,0.0
mouse,mouse:Q9D6W8,all_U,source_association_degree,2,200,202,0.3825,0.01120527306967985,90,90,90.0,0.011111111111111112,0.0,0.0,0.0,0.0,0.0,0.0,0.0,0.0,0.0,0.0,0.0,0.0,0.0,0.0,0.0,0.0,0.0,0.0
mouse,mouse:O88653,background,source_association_degree,2,100,102,0.595,0.034759358288770054,33,33,33.0,0.030303030303030304,0.0,0.0,0.0,0.0,0.0,0.0,0.0,0.0,0.0,0.0,0.0,0.0,0.0,0.0,0.0,0.0,0.0,0.0
mouse,mouse:O88653,matched,source_association_degree,2,100,102,0.43,0.024954072259644827,46,46,46.0,0.021739130434782608,0.0,0.0,0.0,0.0,0.0,0.0,0.0,0.0,0.0,0.0,0.0,0.0,0.0,0.0,0.0,0.0,0.0,0.0
mouse,mouse:O88653,all_U,source_association_degree,2,200,202,0.5125,0.014743589743589743,78,78,78.0,0.01282051282051282,0.0,0.0,0.0,0.0,0.0,0.0,0.0,0.0,0.0,0.0,0.0,0.0,0.0,0.0,0.0,0.0,0.0,0.0
mouse,mouse:Q99PV5,background,source_association_degree,7,100,107,0.43857142857142856,0.06311510907029273,28,28,28.0,0.03571428571428571,0.0,0.0,0.0,0.0,0.0,0.0,0.0,0.0,0.0,0.0,0.0,0.0,0.0,0.0,0.0,0.0,0.0,0.0
mouse,mouse:Q99PV5,matched,source_association_degree,7,100,107,0.19857142857142857,0.044977326185923566,45,45,45.0,0.022222222222222223,0.0,0.0,0.0,0.0,0.0,0.0,0.0,0.0,0.0,0.0,0.0,0.0,0.0,0.0,0.0,0.0,0.0,0.0
mouse,mouse:Q99PV5,all_U,source_association_degree,7,200,207,0.31857142857142856,0.02707030950332597,72,72,72.0,0.013888888888888888,0.0,0.0,0.0,0.0,0.0,0.0,0.0,0.0,0.0,0.0,0.0,0.0,0.0,0.0,0.0,0.0,0.0,0.0
mouse,mouse:Q925B0,background,source_association_degree,2,100,102,0.28,0.019824628288219598,61,61,61.0,0.01639344262295082,0.0,0.0,0.0,0.0,0.0,0.0,0.0,0.0,0.0,0.0,0.0,0.0,0.0,0.0,0.0,0.0,0.0,0.0
mouse,mouse:Q925B0,matched,source_association_degree,2,100,102,0.545,0.030462666055886396,37,37,37.0,0.02702702702702703,0.0,0.0,0.0,0.0,0.0,0.0,0.0,0.0,0.0,0.0,0.0,0.0,0.0,0.0,0.0,0.0,0.0,0.0
mouse,mouse:Q925B0,all_U,source_association_degree,2,200,202,0.4125,0.012147646168264725,97,97,97.0,0.010309278350515464,0.0,0.0,0.0,0.0,0.0,0.0,0.0,0.0,0.0,0.0,0.0,0.0,0.0,0.0,0.0,0.0,0.0,0.0
fly,fly:P17336,background,source_association_degree,4,100,104,0.7125,0.11047728015691402,5,5,5.0,0.2,1.0,0.25,0.2,5.2,0.15101961822780524,1.0,1.0,0.25,0.1,2.6,0.15101961822780524,1.0,2.0,0.5,0.1,2.6,0.24134505664819517,1.0
fly,fly:P17336,matched,source_association_degree,4,100,104,0.465,0.12033166109253066,3,3,3.0,0.3333333333333333,1.0,0.25,0.2,5.2,0.19519002499605084,1.0,1.0,0.25,0.1,2.6,0.19519002499605084,1.0,1.0,0.25,0.05,1.3,0.19519002499605084,1.0
fly,fly:P17336,all_U,source_association_degree,4,200,204,0.58875,0.05930800465684186,7,7,7.0,0.14285714285714285,0.0,0.0,0.0,0.0,0.0,0.0,1.0,0.25,0.1,5.1000000000000005,0.13012668333070054,1.0,1.0,0.25,0.05,2.5500000000000003,0.13012668333070054,1.0
fly,fly:O44226,background,source_association_degree,3,100,103,0.6516666666666666,0.05185640185640185,30,30,30.0,0.03333333333333333,0.0,0.0,0.0,0.0,0.0,0.0,0.0,0.0,0.0,0.0,0.0,0.0,0.0,0.0,0.0,0.0,0.0,0.0
fly,fly:O44226,matched,source_association_degree,3,100,103,0.48,0.03541133918492409,39,39,39.0,0.02564102564102564,0.0,0.0,0.0,0.0,0.0,0.0,0.0,0.0,0.0,0.0,0.0,0.0,0.0,0.0,0.0,0.0,0.0,0.0
fly,fly:O44226,all_U,source_association_degree,3,200,203,0.5658333333333333,0.021486727369080312,68,68,68.0,0.014705882352941176,0.0,0.0,0.0,0.0,0.0,0.0,0.0,0.0,0.0,0.0,0.0,0.0,0.0,0.0,0.0,0.0,0.0,0.0
fly,fly:Q9VYM8,background,source_association_degree,2,100,102,0.485,0.027526395173453996,39,39,39.0,0.02564102564102564,0.0,0.0,0.0,0.0,0.0,0.0,0.0,0.0,0.0,0.0,0.0,0.0,0.0,0.0,0.0,0.0,0.0,0.0
fly,fly:Q9VYM8,matched,source_association_degree,2,100,102,0.515,0.03075489282385834,29,29,29.0,0.034482758620689655,0.0,0.0,0.0,0.0,0.0,0.0,0.0,0.0,0.0,0.0,0.0,0.0,0.0,0.0,0.0,0.0,0.0,0.0
fly,fly:Q9VYM8,all_U,source_association_degree,2,200,202,0.5,0.014605543710021322,67,67,67.0,0.014925373134328358,0.0,0.0,0.0,0.0,0.0,0.0,0.0,0.0,0.0,0.0,0.0,0.0,0.0,0.0,0.0,0.0,0.0,0.0
fly,fly:Q7JX41,background,source_association_degree,10,100,110,0.6105,0.12420053206608982,11,11,11.0,0.09090909090909091,0.0,0.0,0.0,0.0,0.0,0.0,0.0,0.0,0.0,0.0,0.0,0.0,2.0,0.2,0.1,1.1,0.11417379495202591,1.0
fly,fly:Q7JX41,matched,source_association_degree,10,100,110,0.5325,0.11985238633299305,4,4,4.0,0.25,1.0,0.1,0.2,2.2,0.14606834984270645,1.0,1.0,0.1,0.1,1.1,0.09478836436955078,1.0,1.0,0.1,0.05,0.55,0.09478836436955078,1.0
fly,fly:Q7JX41,all_U,source_association_degree,10,200,210,0.5715,0.062321200066423874,14,14,14.0,0.07142857142857142,0.0,0.0,0.0,0.0,0.0,0.0,0.0,0.0,0.0,0.0,0.0,0.0,1.0,0.1,0.05,1.05,0.05633425377856011,1.0
fly,fly:Q8IPT5,background,source_association_degree,7,100,107,0.6442857142857142,0.0951365386074261,22,22,22.0,0.045454545454545456,0.0,0.0,0.0,0.0,0.0,0.0,0.0,0.0,0.0,0.0,0.0,0.0,0.0,0.0,0.0,0.0,0.0,0.0
fly,fly:Q8IPT5,matched,source_association_degree,7,100,107,0.3357142857142857,0.0531720172027119,38,38,38.0,0.02631578947368421,0.0,0.0,0.0,0.0,0.0,0.0,0.0,0.0,0.0,0.0,0.0,0.0,0.0,0.0,0.0,0.0,0.0,0.0
fly,fly:Q8IPT5,all_U,source_association_degree,7,200,207,0.49,0.03539544385600033,59,59,59.0,0.01694915254237288,0.0,0.0,0.0,0.0,0.0,0.0,0.0,0.0,0.0,0.0,0.0,0.0,0.0,0.0,0.0,0.0,0.0,0.0
fly,fly:Q9V3Q4,background,source_association_degree,3,100,103,0.5733333333333334,0.051374172857548805,14,14,14.0,0.07142857142857142,0.0,0.0,0.0,0.0,0.0,0.0,0.0,0.0,0.0,0.0,0.0,0.0,1.0,0.3333333333333333,0.05,1.7166666666666668,0.12011565579805131,1.0
fly,fly:Q9V3Q4,matched,source_association_degree,3,100,103,0.58,0.06520196154342495,9,9,9.0,0.1111111111111111,0.0,0.0,0.0,0.0,0.0,0.0,1.0,0.3333333333333333,0.1,3.4333333333333336,0.14126697285982898,1.0,1.0,0.3333333333333333,0.05,1.7166666666666668,0.14126697285982898,1.0
fly,fly:Q9V3Q4,all_U,source_association_degree,3,200,203,0.5766666666666667,0.029225589225589224,22,22,22.0,0.045454545454545456,0.0,0.0,0.0,0.0,0.0,0.0,0.0,0.0,0.0,0.0,0.0,0.0,0.0,0.0,0.0,0.0,0.0,0.0
fly,fly:Q9VR26,background,source_association_degree,10,100,110,0.614,0.12151522539842909,11,11,11.0,0.09090909090909091,0.0,0.0,0.0,0.0,0.0,0.0,0.0,0.0,0.0,0.0,0.0,0.0,2.0,0.2,0.1,1.1,0.11231748522197163,1.0
fly,fly:Q9VR26,matched,source_association_degree,10,100,110,0.4775,0.09447915252039876,15,15,15.0,0.06666666666666667,0.0,0.0,0.0,0.0,0.0,0.0,0.0,0.0,0.0,0.0,0.0,0.0,1.0,0.1,0.05,0.55,0.05502294157452004,1.0
fly,fly:Q9VR26,all_U,source_association_degree,10,200,210,0.54575,0.05612142402682002,25,25,25.0,0.04,0.0,0.0,0.0,0.0,0.0,0.0,0.0,0.0,0.0,0.0,0.0,0.0,0.0,0.0,0.0,0.0,0.0,0.0
fly,fly:Q9W004,background,source_association_degree,3,100,103,0.6333333333333333,0.05018105584143319,30,30,30.0,0.03333333333333333,0.0,0.0,0.0,0.0,0.0,0.0,0.0,0.0,0.0,0.0,0.0,0.0,0.0,0.0,0.0,0.0,0.0,0.0
fly,fly:Q9W004,matched,source_association_degree,3,100,103,0.43833333333333335,0.034654861019338346,35,35,35.0,0.02857142857142857,0.0,0.0,0.0,0.0,0.0,0.0,0.0,0.0,0.0,0.0,0.0,0.0,0.0,0.0,0.0,0.0,0.0,0.0
fly,fly:Q9W004,all_U,source_association_degree,3,200,203,0.5358333333333334,0.020810786435786436,64,64,64.0,0.015625,0.0,0.0,0.0,0.0,0.0,0.0,0.0,0.0,0.0,0.0,0.0,0.0,0.0,0.0,0.0,0.0,0.0,0.0
fly,fly:Q7KAH0,background,source_association_degree,2,100,102,0.48,0.027661064425770307,51,51,51.0,0.0196078431372549,0.0,0.0,0.0,0.0,0.0,0.0,0.0,0.0,0.0,0.0,0.0,0.0,0.0,0.0,0.0,0.0,0.0,0.0
fly,fly:Q7KAH0,matched,source_association_degree,2,100,102,0.0475,0.015277334185031407,93,93,93.0,0.010752688172043012,0.0,0.0,0.0,0.0,0.0,0.0,0.0,0.0,0.0,0.0,0.0,0.0,0.0,0.0,0.0,0.0,0.0,0.0
fly,fly:Q7KAH0,all_U,source_association_degree,2,200,202,0.26375,0.009948116399729303,143,143,143.0,0.006993006993006993,0.0,0.0,0.0,0.0,0.0,0.0,0.0,0.0,0.0,0.0,0.0,0.0,0.0,0.0,0.0,0.0,0.0,0.0
fly,fly:Q27889,background,source_association_degree,10,100,110,0.4995,0.09418441732662347,17,17,17.0,0.058823529411764705,0.0,0.0,0.0,0.0,0.0,0.0,0.0,0.0,0.0,0.0,0.0,0.0,2.0,0.2,0.1,1.1,0.10370518896450444,1.0
fly,fly:Q27889,matched,source_association_degree,10,100,110,0.4725,0.09901192769272305,11,11,11.0,0.09090909090909091,0.0,0.0,0.0,0.0,0.0,0.0,0.0,0.0,0.0,0.0,0.0,0.0,2.0,0.2,0.1,1.1,0.12087023833378871,1.0
fly,fly:Q27889,all_U,source_association_degree,10,200,210,0.486,0.05011763559581525,27,27,27.0,0.037037037037037035,0.0,0.0,0.0,0.0,0.0,0.0,0.0,0.0,0.0,0.0,0.0,0.0,0.0,0.0,0.0,0.0,0.0,0.0
fly,fly:Q9VUZ0,background,source_association_degree,10,100,110,0.5355,0.09824930409677611,13,13,13.0,0.07692307692307693,0.0,0.0,0.0,0.0,0.0,0.0,0.0,0.0,0.0,0.0,0.0,0.0,1.0,0.1,0.05,0.55,0.05780700008370542,1.0
fly,fly:Q9VUZ0,matched,source_association_degree,10,100,110,0.47,0.09200141989139803,9,9,9.0,0.1111111111111111,0.0,0.0,0.0,0.0,0.0,0.0,1.0,0.1,0.1,1.1,0.06625422345438903,1.0,1.0,0.1,0.05,0.55,0.06625422345438903,1.0
fly,fly:Q9VUZ0,all_U,source_association_degree,10,200,210,0.50275,0.049580411784033884,21,21,21.0,0.047619047619047616,0.0,0.0,0.0,0.0,0.0,0.0,0.0,0.0,0.0,0.0,0.0,0.0,0.0,0.0,0.0,0.0,0.0,0.0
fly,fly:Q9VTC2,background,source_association_degree,8,100,108,0.646875,0.11611996534597155,11,11,11.0,0.09090909090909091,0.0,0.0,0.0,0.0,0.0,0.0,0.0,0.0,0.0,0.0,0.0,0.0,3.0,0.375,0.15,2.025,0.19076036284464482,1.0
fly,fly:Q9VTC2,matched,source_association_degree,8,100,108,0.604375,0.11648087687362116,9,9,9.0,0.1111111111111111,0.0,0.0,0.0,0.0,0.0,0.0,1.0,0.125,0.1,1.35,0.07614334071738352,1.0,3.0,0.375,0.15,2.025,0.2027686246648059,1.0
fly,fly:Q9VTC2,all_U,source_association_degree,8,200,208,0.625625,0.0614705585969383,19,19,19.0,0.05263157894736842,0.0,0.0,0.0,0.0,0.0,0.0,0.0,0.0,0.0,0.0,0.0,0.0,1.0,0.125,0.05,1.3,0.05852543059818058,1.0
fly,fly:Q9VD26,background,source_association_degree,10,100,110,0.494,0.0996996028978507,8,8,8.0,0.125,0.0,0.0,0.0,0.0,0.0,0.0,1.0,0.1,0.1,1.1,0.06943122193677727,1.0,2.0,0.2,0.1,1.1,0.11994761533000758,1.0
fly,fly:Q9VD26,matched,source_association_degree,10,100,110,0.502,0.1001828470942886,9,9,9.0,0.1111111111111111,0.0,0.0,0.0,0.0,0.0,0.0,1.0,0.1,0.1,1.1,0.06625422345438903,1.0,2.0,0.2,0.1,1.1,0.11636257062362461,1.0
fly,fly:Q9VD26,all_U,source_association_degree,10,200,210,0.498,0.05258425695294633,16,16,16.0,0.0625,0.0,0.0,0.0,0.0,0.0,0.0,0.0,0.0,0.0,0.0,0.0,0.0,1.0,0.1,0.05,1.05,0.053845569940583225,1.0
fly,fly:Q9W1R3,background,source_association_degree,4,100,104,0.72,0.09258044832229828,16,16,16.0,0.0625,0.0,0.0,0.0,0.0,0.0,0.0,0.0,0.0,0.0,0.0,0.0,0.0,2.0,0.5,0.1,2.6,0.18583212928309778,1.0
fly,fly:Q9W1R3,matched,source_association_degree,4,100,104,0.61125,0.07908653846153846,16,16,16.0,0.0625,0.0,0.0,0.0,0.0,0.0,0.0,0.0,0.0,0.0,0.0,0.0,0.0,2.0,0.5,0.1,2.6,0.1843846139307386,1.0
fly,fly:Q9W1R3,all_U,source_association_degree,4,200,204,0.665625,0.04461150814009612,31,31,31.0,0.03225806451612903,0.0,0.0,0.0,0.0,0.0,0.0,0.0,0.0,0.0,0.0,0.0,0.0,0.0,0.0,0.0,0.0,0.0,0.0
fly,fly:Q9W1Z1,background,source_association_degree,10,100,110,0.3185,0.07573257082663655,55,55,55.0,0.01818181818181818,0.0,0.0,0.0,0.0,0.0,0.0,0.0,0.0,0.0,0.0,0.0,0.0,0.0,0.0,0.0,0.0,0.0,0.0
fly,fly:Q9W1Z1,matched,source_association_degree,10,100,110,0.684,0.19063611826769722,2,3,2.5,0.41666666666666663,1.5,0.15,0.3,3.3,0.2573857224418387,1.0,2.0,0.2,0.2,2.2,0.20622485682144545,1.0,2.0,0.2,0.1,1.1,0.20622485682144545,1.0
fly,fly:Q9W1Z1,all_U,source_association_degree,10,200,210,0.50125,0.052070951098561094,56,57,56.5,0.01770050125313283,0.0,0.0,0.0,0.0,0.0,0.0,0.0,0.0,0.0,0.0,0.0,0.0,0.0,0.0,0.0,0.0,0.0,0.0
fly,fly:Q9VLI1,background,source_association_degree,9,100,109,0.7088888888888889,0.17032874852276875,8,8,8.0,0.125,0.0,0.0,0.0,0.0,0.0,0.0,2.0,0.2222222222222222,0.2,2.422222222222222,0.14490437600615516,1.0,4.0,0.4444444444444444,0.2,2.422222222222222,0.25565564820178205,1.0
fly,fly:Q9VLI1,matched,source_association_degree,9,100,109,0.5933333333333334,0.12729254515386398,10,10,10.0,0.1,0.0,0.0,0.0,0.0,0.0,0.0,1.0,0.1111111111111111,0.1,1.211111111111111,0.06794340091829076,1.0,2.0,0.2222222222222222,0.1,1.211111111111111,0.12670478827191212,1.0
fly,fly:Q9VLI1,all_U,source_association_degree,9,200,209,0.6511111111111111,0.07867626537976169,17,17,17.0,0.058823529411764705,0.0,0.0,0.0,0.0,0.0,0.0,0.0,0.0,0.0,0.0,0.0,0.0,1.0,0.1111111111111111,0.05,1.1611111111111112,0.05636685296094937,1.0
fly,fly:Q0E8F8,background,source_association_degree,10,100,110,0.6095,0.13459140498304584,4,4,4.0,0.25,1.0,0.1,0.2,2.2,0.14606834984270645,1.0,1.0,0.1,0.1,1.1,0.09478836436955078,1.0,2.0,0.2,0.1,1.1,0.14489671153878633,1.0
fly,fly:Q0E8F8,matched,source_association_degree,10,100,110,0.4455,0.09048334232190079,8,8,8.0,0.125,0.0,0.0,0.0,0.0,0.0,0.0,1.0,0.1,0.1,1.1,0.06943122193677727,1.0,1.0,0.1,0.05,0.55,0.06943122193677727,1.0
fly,fly:Q0E8F8,all_U,source_association_degree,10,200,210,0.5275,0.057019374557958385,11,11,11.0,0.09090909090909091,0.0,0.0,0.0,0.0,0.0,0.0,0.0,0.0,0.0,0.0,0.0,0.0,1.0,0.1,0.05,1.05,0.06139304560474655,1.0
fly,fly:Q9W0A8,background,source_association_degree,10,100,110,0.4545,0.08772780364312172,13,13,13.0,0.07692307692307693,0.0,0.0,0.0,0.0,0.0,0.0,0.0,0.0,0.0,0.0,0.0,0.0,1.0,0.1,0.05,0.55,0.05780700008370542,1.0
fly,fly:Q9W0A8,matched,source_association_degree,10,100,110,0.4915,0.11607621679708793,4,4,4.0,0.25,1.0,0.1,0.2,2.2,0.14606834984270645,1.0,1.0,0.1,0.1,1.1,0.09478836436955078,1.0,2.0,0.2,0.1,1.1,0.15426555709859294,1.0
fly,fly:Q9W0A8,all_U,source_association_degree,10,200,210,0.473,0.05024436486403631,16,16,16.0,0.0625,0.0,0.0,0.0,0.0,0.0,0.0,0.0,0.0,0.0,0.0,0.0,0.0,1.0,0.1,0.05,1.05,0.053845569940583225,1.0
fly,fly:Q9VCQ7,background,source_association_degree,3,100,103,0.6066666666666667,0.047619047619047616,21,21,21.0,0.047619047619047616,0.0,0.0,0.0,0.0,0.0,0.0,0.0,0.0,0.0,0.0,0.0,0.0,0.0,0.0,0.0,0.0,0.0,0.0
fly,fly:Q9VCQ7,matched,source_association_degree,3,100,103,0.4816666666666667,0.03660714285714285,28,28,28.0,0.03571428571428571,0.0,0.0,0.0,0.0,0.0,0.0,0.0,0.0,0.0,0.0,0.0,0.0,0.0,0.0,0.0,0.0,0.0,0.0
fly,fly:Q9VCQ7,all_U,source_association_degree,3,200,203,0.5441666666666667,0.02113513180586351,48,48,48.0,0.020833333333333332,0.0,0.0,0.0,0.0,0.0,0.0,0.0,0.0,0.0,0.0,0.0,0.0,0.0,0.0,0.0,0.0,0.0,0.0
fly,fly:Q9VF20,background,source_association_degree,2,100,102,0.695,0.08035714285714285,8,8,8.0,0.125,0.0,0.0,0.0,0.0,0.0,0.0,1.0,0.5,0.1,5.1000000000000005,0.19342640361727081,1.0,1.0,0.5,0.05,2.5500000000000003,0.19342640361727081,1.0
fly,fly:Q9VF20,matched,source_association_degree,2,100,102,0.705,0.11724137931034484,4,5,4.5,0.225,1.0,0.5,0.2,10.200000000000001,0.25063291767094353,1.0,1.0,0.5,0.1,5.1000000000000005,0.25063291767094353,1.0,1.0,0.5,0.05,2.5500000000000003,0.25063291767094353,1.0
fly,fly:Q9VF20,all_U,source_association_degree,2,200,202,0.7,0.050595238095238096,11,12,11.5,0.08712121212121213,0.0,0.0,0.0,0.0,0.0,0.0,0.0,0.0,0.0,0.0,0.0,0.0,1.0,0.5,0.05,5.05,0.16836442491647383,1.0
fly,fly:Q9VT29,background,source_association_degree,4,100,104,0.7225,0.08025415444770284,20,20,20.0,0.05,0.0,0.0,0.0,0.0,0.0,0.0,0.0,0.0,0.0,0.0,0.0,0.0,1.0,0.25,0.05,1.3,0.08887792306803073,1.0
fly,fly:Q9VT29,matched,source_association_degree,4,100,104,0.42625,0.040255902489945046,35,35,35.0,0.02857142857142857,0.0,0.0,0.0,0.0,0.0,0.0,0.0,0.0,0.0,0.0,0.0,0.0,0.0,0.0,0.0,0.0,0.0,0.0
fly,fly:Q9VT29,all_U,source_association_degree,4,200,204,0.574375,0.027547037537786843,54,54,54.0,0.018518518518518517,0.0,0.0,0.0,0.0,0.0,0.0,0.0,0.0,0.0,0.0,0.0,0.0,0.0,0.0,0.0,0.0,0.0,0.0
fly,fly:Q9XZ16,background,source_association_degree,2,100,102,0.835,0.15625,4,4,4.0,0.25,1.0,0.5,0.2,10.200000000000001,0.2640681225725909,1.0,1.0,0.5,0.1,5.1000000000000005,0.2640681225725909,1.0,1.0,0.5,0.05,2.5500000000000003,0.2640681225725909,1.0
fly,fly:Q9XZ16,matched,source_association_degree,2,100,102,0.645,0.04849137931034483,16,16,16.0,0.0625,0.0,0.0,0.0,0.0,0.0,0.0,0.0,0.0,0.0,0.0,0.0,0.0,1.0,0.5,0.05,2.5500000000000003,0.15000679310833784,1.0
fly,fly:Q9XZ16,all_U,source_association_degree,2,200,202,0.74,0.037679425837320576,19,19,19.0,0.05263157894736842,0.0,0.0,0.0,0.0,0.0,0.0,0.0,0.0,0.0,0.0,0.0,0.0,1.0,0.5,0.05,5.05,0.14186890186599416,1.0
fly,fly:Q9VHA9,background,source_association_degree,10,100,110,0.6245,0.1436760698510295,5,5,5.0,0.2,1.0,0.1,0.2,2.2,0.13120507751234178,1.0,2.0,0.2,0.2,2.2,0.15457433957839825,1.0,2.0,0.2,0.1,1.1,0.15457433957839825,1.0
fly,fly:Q9VHA9,matched,source_association_degree,10,100,110,0.525,0.11629577447458539,8,8,8.0,0.125,0.0,0.0,0.0,0.0,0.0,0.0,2.0,0.2,0.2,2.2,0.13568544539116628,1.0,2.0,0.2,0.1,1.1,0.13568544539116628,1.0
fly,fly:Q9VHA9,all_U,source_association_degree,10,200,210,0.57475,0.06886783388134111,12,12,12.0,0.08333333333333333,0.0,0.0,0.0,0.0,0.0,0.0,0.0,0.0,0.0,0.0,0.0,0.0,2.0,0.2,0.1,2.1,0.1145001343035622,1.0
fly,fly:P09083,background,source_association_degree,2,100,102,0.705,0.047089947089947085,27,27,27.0,0.037037037037037035,0.0,0.0,0.0,0.0,0.0,0.0,0.0,0.0,0.0,0.0,0.0,0.0,0.0,0.0,0.0,0.0,0.0,0.0
fly,fly:P09083,matched,source_association_degree,2,100,102,0.25,0.019070010449320794,66,66,66.0,0.015151515151515152,0.0,0.0,0.0,0.0,0.0,0.0,0.0,0.0,0.0,0.0,0.0,0.0,0.0,0.0,0.0,0.0,0.0,0.0
fly,fly:P09083,all_U,source_association_degree,2,200,202,0.4775,0.013768115942028985,92,92,92.0,0.010869565217391304,0.0,0.0,0.0,0.0,0.0,0.0,0.0,0.0,0.0,0.0,0.0,0.0,0.0,0.0,0.0,0.0,0.0,0.0
fly,fly:Q9VUB1,background,source_association_degree,10,100,110,0.6835,0.25972737550397734,2,2,2.0,0.5,2.0,0.2,0.4,4.4,0.38356636737133565,1.0,3.0,0.3,0.3,3.3,0.3222722491219547,1.0,4.0,0.4,0.2,2.2,0.37238059629119025,1.0
fly,fly:Q9VUB1,matched,source_association_degree,10,100,110,0.5775,0.24988144752850638,1,1,1.0,1.0,1.0,0.1,0.2,2.2,0.3391602052736161,1.0,3.0,0.3,0.3,3.3,0.3647442587311445,1.0,3.0,0.3,0.15,1.65,0.3647442587311445,1.0
fly,fly:Q9VUB1,all_U,source_association_degree,10,200,210,0.6305,0.15031051478750512,2,2,2.0,0.5,1.0,0.1,0.2,4.2,0.21398626473452756,1.0,2.0,0.2,0.2,4.2,0.21222636597291458,1.0,3.0,0.3,0.15,3.15,0.27003336605662,1.0
fly,fly:Q9XYU1,background,source_association_degree,2,100,102,0.58,0.05482456140350877,12,12,12.0,0.08333333333333333,0.0,0.0,0.0,0.0,0.0,0.0,0.0,0.0,0.0,0.0,0.0,0.0,1.0,0.5,0.05,2.5500000000000003,0.16569576576522954,1.0
fly,fly:Q9XYU1,matched,source_association_degree,2,100,102,0.5875,0.048701298701298704,14,14,14.0,0.07142857142857142,0.0,0.0,0.0,0.0,0.0,0.0,0.0,0.0,0.0,0.0,0.0,0.0,1.0,0.5,0.05,2.5500000000000003,0.15693994437792994,1.0
fly,fly:Q9XYU1,all_U,source_association_degree,2,200,202,0.58375,0.02662251655629139,25,25,25.0,0.04,0.0,0.0,0.0,0.0,0.0,0.0,0.0,0.0,0.0,0.0,0.0,0.0,0.0,0.0,0.0,0.0,0.0,0.0
fly,fly:Q4V6I0,background,source_association_degree,10,100,110,0.634,0.13501336268550454,6,6,6.0,0.16666666666666666,0.0,0.0,0.0,0.0,0.0,0.0,1.0,0.1,0.1,1.1,0.07839826897867533,1.0,2.0,0.2,0.1,1.1,0.13787546170771747,1.0
fly,fly:Q4V6I0,matched,source_association_degree,10,100,110,0.513,0.11851087817558241,5,5,5.0,0.2,1.0,0.1,0.2,2.2,0.13120507751234178,1.0,1.0,0.1,0.1,1.1,0.08514311764162098,1.0,2.0,0.2,0.1,1.1,0.14462031037066314,1.0
fly,fly:Q4V6I0,all_U,source_association_degree,10,200,210,0.5735,0.06694822973022255,10,10,10.0,0.1,0.0,0.0,0.0,0.0,0.0,0.0,1.0,0.1,0.1,2.1,0.06362078819895171,1.0,1.0,0.1,0.05,1.05,0.06362078819895171,1.0
fly,fly:Q9VEW6,background,source_association_degree,3,100,103,0.5083333333333333,0.0383349479593611,27,27,27.0,0.037037037037037035,0.0,0.0,0.0,0.0,0.0,0.0,0.0,0.0,0.0,0.0,0.0,0.0,0.0,0.0,0.0,0.0,0.0,0.0
fly,fly:Q9VEW6,matched,source_association_degree,3,100,103,0.39166666666666666,0.03165490676581601,32,32,32.0,0.03125,0.0,0.0,0.0,0.0,0.0,0.0,0.0,0.0,0.0,0.0,0.0,0.0,0.0,0.0,0.0,0.0,0.0,0.0
fly,fly:Q9VEW6,all_U,source_association_degree,3,200,203,0.45,0.017604833946663033,58,58,58.0,0.017241379310344827,0.0,0.0,0.0,0.0,0.0,0.0,0.0,0.0,0.0,0.0,0.0,0.0,0.0,0.0,0.0,0.0,0.0,0.0
fly,fly:Q9VJK3,background,source_association_degree,10,100,110,0.5205,0.1102191208278161,5,5,5.0,0.2,1.0,0.1,0.2,2.2,0.13120507751234178,1.0,1.0,0.1,0.1,1.1,0.08514311764162098,1.0,1.0,0.1,0.05,0.55,0.08514311764162098,1.0
fly,fly:Q9VJK3,matched,source_association_degree,10,100,110,0.4315,0.08907210424622308,8,8,8.0,0.125,0.0,0.0,0.0,0.0,0.0,0.0,1.0,0.1,0.1,1.1,0.06943122193677727,1.0,1.0,0.1,0.05,0.55,0.06943122193677727,1.0
fly,fly:Q9VJK3,all_U,source_association_degree,10,200,210,0.476,0.051757567078766956,12,12,12.0,0.08333333333333333,0.0,0.0,0.0,0.0,0.0,0.0,0.0,0.0,0.0,0.0,0.0,0.0,1.0,0.1,0.05,1.05,0.05947719272904215,1.0
fly,fly:Q9VK36,background,source_association_degree,2,100,102,0.5875,0.036962365591397844,24,24,24.0,0.041666666666666664,0.0,0.0,0.0,0.0,0.0,0.0,0.0,0.0,0.0,0.0,0.0,0.0,0.0,0.0,0.0,0.0,0.0,0.0
fly,fly:Q9VK36,matched,source_association_degree,2,100,102,0.51,0.032388663967611336,26,26,26.0,0.038461538461538464,0.0,0.0,0.0,0.0,0.0,0.0,0.0,0.0,0.0,0.0,0.0,0.0,0.0,0.0,0.0,0.0,0.0,0.0
fly,fly:Q9VK36,all_U,source_association_degree,2,200,202,0.54875,0.01755702280912365,49,49,49.0,0.02040816326530612,0.0,0.0,0.0,0.0,0.0,0.0,0.0,0.0,0.0,0.0,0.0,0.0,0.0,0.0,0.0,0.0,0.0,0.0
fly,fly:Q9VNU3,background,source_association_degree,10,100,110,0.7035,0.1474558807474517,12,12,12.0,0.08333333333333333,0.0,0.0,0.0,0.0,0.0,0.0,0.0,0.0,0.0,0.0,0.0,0.0,1.0,0.1,0.05,0.55,0.05947719272904215,1.0
fly,fly:Q9VNU3,matched,source_association_degree,10,100,110,0.4135,0.07978696177464285,22,22,22.0,0.045454545454545456,0.0,0.0,0.0,0.0,0.0,0.0,0.0,0.0,0.0,0.0,0.0,0.0,0.0,0.0,0.0,0.0,0.0,0.0
fly,fly:Q9VNU3,all_U,source_association_degree,10,200,210,0.5585,0.0547214542381884,33,33,33.0,0.030303030303030304,0.0,0.0,0.0,0.0,0.0,0.0,0.0,0.0,0.0,0.0,0.0,0.0,0.0,0.0,0.0,0.0,0.0,0.0
fly,fly:Q9VXI1,background,source_association_degree,3,100,103,0.8533333333333334,0.15163398692810456,6,6,6.0,0.16666666666666666,0.0,0.0,0.0,0.0,0.0,0.0,2.0,0.6666666666666666,0.2,6.866666666666667,0.30281242839865,1.0,2.0,0.6666666666666666,0.1,3.4333333333333336,0.30281242839865,1.0
fly,fly:Q9VXI1,matched,source_association_degree,3,100,103,0.73,0.10744810744810744,7,7,7.0,0.14285714285714285,0.0,0.0,0.0,0.0,0.0,0.0,1.0,0.3333333333333333,0.1,3.4333333333333336,0.15642624200758548,1.0,2.0,0.6666666666666666,0.1,3.4333333333333336,0.27374592351327454,1.0
fly,fly:Q9VXI1,all_U,source_association_degree,3,200,203,0.7916666666666666,0.06717995169082125,12,12,12.0,0.08333333333333333,0.0,0.0,0.0,0.0,0.0,0.0,0.0,0.0,0.0,0.0,0.0,0.0,1.0,0.3333333333333333,0.05,3.3833333333333337,0.12681701683239352,1.0
fly,fly:Q9VQU9,background,source_association_degree,10,100,110,0.603,0.11808337998117292,7,7,7.0,0.14285714285714285,0.0,0.0,0.0,0.0,0.0,0.0,1.0,0.1,0.1,1.1,0.07336392209936005,1.0,1.0,0.1,0.05,0.55,0.07336392209936005,1.0
fly,fly:Q9VQU9,matched,source_association_degree,10,100,110,0.42,0.08770609685825793,7,7,7.0,0.14285714285714285,0.0,0.0,0.0,0.0,0.0,0.0,1.0,0.1,0.1,1.1,0.07336392209936005,1.0,1.0,0.1,0.05,0.55,0.07336392209936005,1.0
fly,fly:Q9VQU9,all_U,source_association_degree,10,200,210,0.5115,0.05298457179987708,13,13,13.0,0.07692307692307693,0.0,0.0,0.0,0.0,0.0,0.0,0.0,0.0,0.0,0.0,0.0,0.0,1.0,0.1,0.05,1.05,0.05780700008370542,1.0
fly,fly:Q9VCG8,background,source_association_degree,3,100,103,0.6533333333333333,0.08676470588235294,8,8,8.0,0.125,0.0,0.0,0.0,0.0,0.0,0.0,1.0,0.3333333333333333,0.1,3.4333333333333336,0.1480409554829326,1.0,2.0,0.6666666666666666,0.1,3.4333333333333336,0.2548817597447228,1.0
fly,fly:Q9VCG8,matched,source_association_degree,3,100,103,0.5733333333333334,0.06868309683843664,10,10,10.0,0.1,0.0,0.0,0.0,0.0,0.0,0.0,1.0,0.3333333333333333,0.1,3.4333333333333336,0.13565197343244778,1.0,1.0,0.3333333333333333,0.05,1.7166666666666668,0.13565197343244778,1.0
fly,fly:Q9VCG8,all_U,source_association_degree,3,200,203,0.6133333333333333,0.04016476369417546,17,17,17.0,0.058823529411764705,0.0,0.0,0.0,0.0,0.0,0.0,0.0,0.0,0.0,0.0,0.0,0.0,1.0,0.3333333333333333,0.05,3.3833333333333337,0.1125388887954676,1.0
fly,fly:P09775,background,source_association_degree,10,100,110,0.567,0.10388505479682067,17,17,17.0,0.058823529411764705,0.0,0.0,0.0,0.0,0.0,0.0,0.0,0.0,0.0,0.0,0.0,0.0,1.0,0.1,0.05,0.55,0.05278074934727935,1.0
fly,fly:P09775,matched,source_association_degree,10,100,110,0.464,0.08591764748200126,18,18,18.0,0.05555555555555555,0.0,0.0,0.0,0.0,0.0,0.0,0.0,0.0,0.0,0.0,0.0,0.0,1.0,0.1,0.05,0.55,0.051811563545175146,1.0
fly,fly:P09775,all_U,source_association_degree,10,200,210,0.5155,0.04937715232141721,34,34,34.0,0.029411764705882353,0.0,0.0,0.0,0.0,0.0,0.0,0.0,0.0,0.0,0.0,0.0,0.0,0.0,0.0,0.0,0.0,0.0,0.0
fly,fly:Q9W187,background,source_association_degree,2,100,102,0.765,0.0946843853820598,7,7,7.0,0.14285714285714285,0.0,0.0,0.0,0.0,0.0,0.0,1.0,0.5,0.1,5.1000000000000005,0.20438239758848611,1.0,1.0,0.5,0.05,2.5500000000000003,0.20438239758848611,1.0
fly,fly:Q9W187,matched,source_association_degree,2,100,102,0.5275,0.06136363636363637,10,10,10.0,0.1,0.0,0.0,0.0,0.0,0.0,0.0,1.0,0.5,0.1,5.1000000000000005,0.17723928678404774,1.0,1.0,0.5,0.05,2.5500000000000003,0.17723928678404774,1.0
fly,fly:Q9W187,all_U,source_association_degree,2,200,202,0.64625,0.039001937984496124,16,16,16.0,0.0625,0.0,0.0,0.0,0.0,0.0,0.0,0.0,0.0,0.0,0.0,0.0,0.0,1.0,0.5,0.05,5.05,0.15000679310833784,1.0
fly,fly:Q00748,background,source_association_degree,8,100,108,0.65875,0.12085415939092985,6,6,6.0,0.16666666666666666,0.0,0.0,0.0,0.0,0.0,0.0,1.0,0.125,0.1,1.35,0.0901000086523677,1.0,1.0,0.125,0.05,0.675,0.0901000086523677,1.0
fly,fly:Q00748,matched,source_association_degree,8,100,108,0.479375,0.07765913983979135,14,14,14.0,0.07142857142857142,0.0,0.0,0.0,0.0,0.0,0.0,0.0,0.0,0.0,0.0,0.0,0.0,1.0,0.125,0.05,0.675,0.06474271459046578,1.0
fly,fly:Q00748,all_U,source_association_degree,8,200,208,0.5690625,0.049368299424818025,19,19,19.0,0.05263157894736842,0.0,0.0,0.0,0.0,0.0,0.0,0.0,0.0,0.0,0.0,0.0,0.0,1.0,0.125,0.05,1.3,0.05852543059818058,1.0
fly,fly:Q9VGG3,background,source_association_degree,10,100,110,0.596,0.1355348748014421,3,3,3.0,0.3333333333333333,1.0,0.1,0.2,2.2,0.16958010263680806,1.0,1.0,0.1,0.1,1.1,0.11004588314904008,1.0,1.0,0.1,0.05,0.55,0.11004588314904008,1.0
fly,fly:Q9VGG3,matched,source_association_degree,10,100,110,0.5095,0.1380488326830288,2,2,2.0,0.5,1.0,0.1,0.2,2.2,0.21398626473452756,1.0,1.0,0.1,0.1,1.1,0.13886244387355454,1.0,1.0,0.1,0.05,0.55,0.13886244387355454,1.0
fly,fly:Q9VGG3,all_U,source_association_degree,10,200,210,0.55275,0.07481293961760968,4,4,4.0,0.25,1.0,0.1,0.2,4.2,0.14606834984270645,1.0,1.0,0.1,0.1,2.1,0.09478836436955078,1.0,1.0,0.1,0.05,1.05,0.09478836436955078,1.0
fly,fly:Q9VVE3,background,source_association_degree,3,100,103,0.47,0.037595341166769734,24,24,24.0,0.041666666666666664,0.0,0.0,0.0,0.0,0.0,0.0,0.0,0.0,0.0,0.0,0.0,0.0,0.0,0.0,0.0,0.0,0.0,0.0
fly,fly:Q9VVE3,matched,source_association_degree,3,100,103,0.455,0.03796484110885734,20,20,20.0,0.05,0.0,0.0,0.0,0.0,0.0,0.0,0.0,0.0,0.0,0.0,0.0,0.0,1.0,0.3333333333333333,0.05,1.7166666666666668,0.10684080426179023,1.0
fly,fly:Q9VVE3,all_U,source_association_degree,3,200,203,0.4625,0.019151649384207523,43,43,43.0,0.023255813953488372,0.0,0.0,0.0,0.0,0.0,0.0,0.0,0.0,0.0,0.0,0.0,0.0,0.0,0.0,0.0,0.0,0.0,0.0
fly,fly:Q9VWZ8,background,source_association_degree,4,100,104,0.5125,0.057513425393172224,12,12,12.0,0.08333333333333333,0.0,0.0,0.0,0.0,0.0,0.0,0.0,0.0,0.0,0.0,0.0,0.0,1.0,0.25,0.05,1.3,0.10549558423511038,1.0
fly,fly:Q9VWZ8,matched,source_association_degree,4,100,104,0.57,0.058854574349486474,13,13,13.0,0.07692307692307693,0.0,0.0,0.0,0.0,0.0,0.0,0.0,0.0,0.0,0.0,0.0,0.0,1.0,0.25,0.05,1.3,0.10253313861822189,1.0
fly,fly:Q9VWZ8,all_U,source_association_degree,4,200,204,0.54125,0.02992353308364544,24,24,24.0,0.041666666666666664,0.0,0.0,0.0,0.0,0.0,0.0,0.0,0.0,0.0,0.0,0.0,0.0,0.0,0.0,0.0,0.0,0.0,0.0
fly,fly:O77051,background,source_association_degree,10,100,110,0.4555,0.084244183777943,20,20,20.0,0.05,0.0,0.0,0.0,0.0,0.0,0.0,0.0,0.0,0.0,0.0,0.0,0.0,1.0,0.1,0.05,0.55,0.05010834716923557,1.0
fly,fly:O77051,matched,source_association_degree,10,100,110,0.4425,0.08653588020478613,12,12,12.0,0.08333333333333333,0.0,0.0,0.0,0.0,0.0,0.0,0.0,0.0,0.0,0.0,0.0,0.0,1.0,0.1,0.05,0.55,0.05947719272904215,1.0
fly,fly:O77051,all_U,source_association_degree,10,200,210,0.449,0.04396907071876298,31,31,31.0,0.03225806451612903,0.0,0.0,0.0,0.0,0.0,0.0,0.0,0.0,0.0,0.0,0.0,0.0,0.0,0.0,0.0,0.0,0.0,0.0
fly,fly:Q9W2N0,background,source_association_degree,7,100,107,0.5807142857142857,0.21228029269381649,1,1,1.0,1.0,1.0,0.14285714285714285,0.2,3.057142857142858,0.3391602052736161,1.0,1.0,0.14285714285714285,0.1,1.528571428571429,0.27487633291429087,1.0,1.0,0.14285714285714285,0.05,0.7642857142857145,0.27487633291429087,1.0
fly,fly:Q9W2N0,matched,source_association_degree,7,100,107,0.49142857142857144,0.20851475120134744,1,1,1.0,1.0,1.0,0.14285714285714285,0.2,3.057142857142858,0.3391602052736161,1.0,1.0,0.14285714285714285,0.1,1.528571428571429,0.27487633291429087,1.0,2.0,0.2857142857142857,0.1,1.528571428571429,0.34286019646005284,1.0
fly,fly:Q9W2N0,all_U,source_association_degree,7,200,207,0.5360714285714285,0.1767477961832815,1,1,1.0,1.0,1.0,0.14285714285714285,0.2,5.9142857142857155,0.3391602052736161,1.0,1.0,0.14285714285714285,0.1,2.9571428571428577,0.27487633291429087,1.0,1.0,0.14285714285714285,0.05,1.4785714285714289,0.27487633291429087,1.0
fly,fly:Q7KSI9,background,source_association_degree,2,100,102,0.845,0.08893280632411067,11,11,11.0,0.09090909090909091,0.0,0.0,0.0,0.0,0.0,0.0,0.0,0.0,0.0,0.0,0.0,0.0,1.0,0.5,0.05,2.5500000000000003,0.1710330840677181,1.0
fly,fly:Q7KSI9,matched,source_association_degree,2,100,102,0.62,0.037241379310344824,29,29,29.0,0.034482758620689655,0.0,0.0,0.0,0.0,0.0,0.0,0.0,0.0,0.0,0.0,0.0,0.0,0.0,0.0,0.0,0.0,0.0,0.0
fly,fly:Q7KSI9,all_U,source_association_degree,2,200,202,0.7325,0.02690501986276634,39,39,39.0,0.02564102564102564,0.0,0.0,0.0,0.0,0.0,0.0,0.0,0.0,0.0,0.0,0.0,0.0,0.0,0.0,0.0,0.0,0.0,0.0
fly,fly:Q27368,background,source_association_degree,9,100,109,0.5822222222222222,0.10013162919169873,13,13,13.0,0.07692307692307693,0.0,0.0,0.0,0.0,0.0,0.0,0.0,0.0,0.0,0.0,0.0,0.0,1.0,0.1111111111111111,0.05,0.6055555555555555,0.0617346042662763,1.0
fly,fly:Q27368,matched,source_association_degree,9,100,109,0.4083333333333333,0.07787072689596322,9,9,9.0,0.1111111111111111,0.0,0.0,0.0,0.0,0.0,0.0,1.0,0.1111111111111111,0.1,1.211111111111111,0.07075576072108063,1.0,1.0,0.1111111111111111,0.05,0.6055555555555555,0.07075576072108063,1.0
fly,fly:Q27368,all_U,source_association_degree,9,200,209,0.49527777777777776,0.04536158082062198,21,21,21.0,0.047619047619047616,0.0,0.0,0.0,0.0,0.0,0.0,0.0,0.0,0.0,0.0,0.0,0.0,0.0,0.0,0.0,0.0,0.0,0.0
fly,fly:P07665,background,source_association_degree,10,100,110,0.5555,0.10460179139101858,22,22,22.0,0.045454545454545456,0.0,0.0,0.0,0.0,0.0,0.0,0.0,0.0,0.0,0.0,0.0,0.0,0.0,0.0,0.0,0.0,0.0,0.0
fly,fly:P07665,matched,source_association_degree,10,100,110,0.432,0.08279978804499308,30,30,30.0,0.03333333333333333,0.0,0.0,0.0,0.0,0.0,0.0,0.0,0.0,0.0,0.0,0.0,0.0,0.0,0.0,0.0,0.0,0.0,0.0
fly,fly:P07665,all_U,source_association_degree,10,200,210,0.49375,0.04854526108560144,51,51,51.0,0.0196078431372549,0.0,0.0,0.0,0.0,0.0,0.0,0.0,0.0,0.0,0.0,0.0,0.0,0.0,0.0,0.0,0.0,0.0,0.0
fly,fly:Q9VQW7,background,source_association_degree,5,100,105,0.555,0.07099496074065395,10,10,10.0,0.1,0.0,0.0,0.0,0.0,0.0,0.0,1.0,0.2,0.1,2.1,0.09803928583135704,1.0,1.0,0.2,0.05,1.05,0.09803928583135704,1.0
fly,fly:Q9VQW7,matched,source_association_degree,5,100,105,0.439,0.048786424281459836,23,23,23.0,0.043478260869565216,0.0,0.0,0.0,0.0,0.0,0.0,0.0,0.0,0.0,0.0,0.0,0.0,0.0,0.0,0.0,0.0,0.0,0.0
fly,fly:Q9VQW7,all_U,source_association_degree,5,200,205,0.497,0.029253771442250238,32,32,32.0,0.03125,0.0,0.0,0.0,0.0,0.0,0.0,0.0,0.0,0.0,0.0,0.0,0.0,0.0,0.0,0.0,0.0,0.0,0.0
fly,fly:Q9W4C4,background,source_association_degree,2,100,102,0.625,0.04224137931034483,20,20,20.0,0.05,0.0,0.0,0.0,0.0,0.0,0.0,0.0,0.0,0.0,0.0,0.0,0.0,1.0,0.5,0.05,2.5500000000000003,0.1395953738647505,1.0
fly,fly:Q9W4C4,matched,source_association_degree,2,100,102,0.58,0.03612903225806452,25,25,25.0,0.04,0.0,0.0,0.0,0.0,0.0,0.0,0.0,0.0,0.0,0.0,0.0,0.0,0.0,0.0,0.0,0.0,0.0,0.0
fly,fly:Q9W4C4,all_U,source_association_degree,2,200,202,0.6025,0.019838212634822806,44,44,44.0,0.022727272727272728,0.0,0.0,0.0,0.0,0.0,0.0,0.0,0.0,0.0,0.0,0.0,0.0,0.0,0.0,0.0,0.0,0.0,0.0
fly,fly:Q9VNI4,background,source_association_degree,10,100,110,0.7225,0.17528364366130325,7,7,7.0,0.14285714285714285,0.0,0.0,0.0,0.0,0.0,0.0,2.0,0.2,0.2,2.2,0.14279514403613733,1.0,4.0,0.4,0.2,2.2,0.2467490611459561,1.0
fly,fly:Q9VNI4,matched,source_association_degree,10,100,110,0.486,0.11065143732419272,8,8,8.0,0.125,0.0,0.0,0.0,0.0,0.0,0.0,1.0,0.1,0.1,1.1,0.06943122193677727,1.0,2.0,0.2,0.1,1.1,0.1289084146658194,1.0
fly,fly:Q9VNI4,all_U,source_association_degree,10,200,210,0.60425,0.0725606325904728,14,14,14.0,0.07142857142857142,0.0,0.0,0.0,0.0,0.0,0.0,0.0,0.0,0.0,0.0,0.0,0.0,2.0,0.2,0.1,2.1,0.10814581732373525,1.0
fly,fly:P22812,background,source_association_degree,3,100,103,0.75,0.07792207792207792,11,11,11.0,0.09090909090909091,0.0,0.0,0.0,0.0,0.0,0.0,0.0,0.0,0.0,0.0,0.0,0.0,1.0,0.3333333333333333,0.05,1.7166666666666668,0.1309019901681972,1.0
fly,fly:P22812,matched,source_association_degree,3,100,103,0.515,0.04054605172124999,22,22,22.0,0.045454545454545456,0.0,0.0,0.0,0.0,0.0,0.0,0.0,0.0,0.0,0.0,0.0,0.0,0.0,0.0,0.0,0.0,0.0,0.0
fly,fly:P22812,all_U,source_association_degree,3,200,203,0.6325,0.02737736660929432,32,32,32.0,0.03125,0.0,0.0,0.0,0.0,0.0,0.0,0.0,0.0,0.0,0.0,0.0,0.0,0.0,0.0,0.0,0.0,0.0,0.0
fly,fly:Q9V447,background,source_association_degree,8,100,108,0.424375,0.06727579469514954,42,42,42.0,0.023809523809523808,0.0,0.0,0.0,0.0,0.0,0.0,0.0,0.0,0.0,0.0,0.0,0.0,0.0,0.0,0.0,0.0,0.0,0.0
fly,fly:Q9V447,matched,source_association_degree,8,100,108,0.366875,0.0615341621363579,48,48,48.0,0.020833333333333332,0.0,0.0,0.0,0.0,0.0,0.0,0.0,0.0,0.0,0.0,0.0,0.0,0.0,0.0,0.0,0.0,0.0,0.0
fly,fly:Q9V447,all_U,source_association_degree,8,200,208,0.395625,0.03330134156581595,89,89,89.0,0.011235955056179775,0.0,0.0,0.0,0.0,0.0,0.0,0.0,0.0,0.0,0.0,0.0,0.0,0.0,0.0,0.0,0.0,0.0,0.0
worm,worm:Q9XTC6,background,source_association_degree,5,100,105,0.605,0.07914478785864629,9,10,9.5,0.10555555555555556,0.0,0.0,0.0,0.0,0.0,0.0,1.0,0.2,0.1,2.1,0.10006834047713435,1.0,2.0,0.4,0.1,2.1,0.1799096758578023,1.0
worm,worm:Q9XTC6,matched,source_association_degree,5,100,105,0.579,0.2458478776125835,1,1,1.0,1.0,1.0,0.2,0.2,4.2,0.3391602052736161,1.0,1.0,0.2,0.1,2.1,0.3391602052736161,1.0,1.0,0.2,0.05,1.05,0.3391602052736161,1.0
worm,worm:Q9XTC6,all_U,source_association_degree,5,200,205,0.592,0.046201596216376005,9,10,9.5,0.10555555555555556,0.0,0.0,0.0,0.0,0.0,0.0,1.0,0.2,0.1,4.1,0.10006834047713435,1.0,1.0,0.2,0.05,2.05,0.10006834047713435,1.0
worm,worm:Q20778,background,source_association_degree,4,100,104,0.65875,0.11016753192505072,8,8,8.0,0.125,0.0,0.0,0.0,0.0,0.0,0.0,2.0,0.5,0.2,5.2,0.2406672991267921,1.0,2.0,0.5,0.1,2.6,0.2406672991267921,1.0
worm,worm:Q20778,matched,source_association_degree,4,100,104,0.59125,0.06665650480489226,14,16,15.0,0.06686507936507936,0.0,0.0,0.0,0.0,0.0,0.0,0.0,0.0,0.0,0.0,0.0,0.0,2.0,0.5,0.1,2.6,0.1912922059815526,1.0
worm,worm:Q20778,all_U,source_association_degree,4,200,204,0.625,0.0431870358823196,21,23,22.0,0.045517284647719425,0.0,0.0,0.0,0.0,0.0,0.0,0.0,0.0,0.0,0.0,0.0,0.0,0.0,0.0,0.0,0.0,0.0,0.0
worm,worm:O44408,background,source_association_degree,3,100,103,0.785,0.08113958113958114,11,11,11.0,0.09090909090909091,0.0,0.0,0.0,0.0,0.0,0.0,0.0,0.0,0.0,0.0,0.0,0.0,1.0,0.3333333333333333,0.05,1.7166666666666668,0.1309019901681972,1.0
worm,worm:O44408,matched,source_association_degree,3,100,103,0.5616666666666666,0.045025417574437177,15,17,16.0,0.06266339869281046,0.0,0.0,0.0,0.0,0.0,0.0,0.0,0.0,0.0,0.0,0.0,0.0,1.0,0.3333333333333333,0.05,1.7166666666666668,0.11488928834239151,1.0
worm,worm:O44408,all_U,source_association_degree,3,200,203,0.6733333333333333,0.029699339844267376,25,27,26.0,0.03849952516619183,0.0,0.0,0.0,0.0,0.0,0.0,0.0,0.0,0.0,0.0,0.0,0.0,0.0,0.0,0.0,0.0,0.0,0.0
worm,worm:Q9BIC2,background,source_association_degree,2,100,102,0.8225,0.5238095238095238,1,1,1.0,1.0,1.0,0.5,0.2,10.200000000000001,0.6131471927654584,1.0,1.0,0.5,0.1,5.1000000000000005,0.6131471927654584,1.0,1.0,0.5,0.05,2.5500000000000003,0.6131471927654584,1.0
worm,worm:Q9BIC2,matched,source_association_degree,2,100,102,0.54,0.25980392156862747,2,2,2.0,0.5,1.0,0.5,0.2,10.200000000000001,0.38685280723454163,1.0,1.0,0.5,0.1,5.1000000000000005,0.38685280723454163,1.0,1.0,0.5,0.05,2.5500000000000003,0.38685280723454163,1.0
worm,worm:Q9BIC2,all_U,source_association_degree,2,200,202,0.68125,0.25704225352112675,2,2,2.0,0.5,1.0,0.5,0.2,20.2,0.38685280723454163,1.0,1.0,0.5,0.1,10.1,0.38685280723454163,1.0,1.0,0.5,0.05,5.05,0.38685280723454163,1.0
worm,worm:Q0G819,background,source_association_degree,3,100,103,0.6783333333333333,0.37020408163265306,1,1,1.0,1.0,1.0,0.3333333333333333,0.2,6.866666666666667,0.46927872602275644,1.0,1.0,0.3333333333333333,0.1,3.4333333333333336,0.46927872602275644,1.0,1.0,0.3333333333333333,0.05,1.7166666666666668,0.46927872602275644,1.0
worm,worm:Q0G819,matched,source_association_degree,3,100,103,0.5583333333333333,0.3561139666222476,1,1,1.0,1.0,1.0,0.3333333333333333,0.2,6.866666666666667,0.46927872602275644,1.0,1.0,0.3333333333333333,0.1,3.4333333333333336,0.46927872602275644,1.0,1.0,0.3333333333333333,0.05,1.7166666666666668,0.46927872602275644,1.0
worm,worm:Q0G819,all_U,source_association_degree,3,200,203,0.6183333333333333,0.34739284739284737,1,1,1.0,1.0,1.0,0.3333333333333333,0.2,13.533333333333335,0.46927872602275644,1.0,1.0,0.3333333333333333,0.1,6.7666666666666675,0.46927872602275644,1.0,1.0,0.3333333333333333,0.05,3.3833333333333337,0.46927872602275644,1.0
worm,worm:Q22212,background,source_association_degree,3,100,103,0.935,0.2777777777777778,3,3,3.0,0.3333333333333333,1.0,0.3333333333333333,0.2,6.866666666666667,0.23463936301137822,1.0,2.0,0.6666666666666666,0.2,6.866666666666667,0.40179981797758046,1.0,3.0,1.0,0.15,5.1499999999999995,0.5155848829741485,1.0
worm,worm:Q22212,matched,source_association_degree,3,100,103,0.56,0.04235360089722022,30,30,30.0,0.03333333333333333,0.0,0.0,0.0,0.0,0.0,0.0,0.0,0.0,0.0,0.0,0.0,0.0,0.0,0.0,0.0,0.0,0.0,0.0
worm,worm:Q22212,all_U,source_association_degree,3,200,203,0.7475,0.0376533189033189,32,32,32.0,0.03125,0.0,0.0,0.0,0.0,0.0,0.0,0.0,0.0,0.0,0.0,0.0,0.0,0.0,0.0,0.0,0.0,0.0,0.0
worm,worm:P34555,background,source_association_degree,3,100,103,0.85,0.12925400045075502,6,6,6.0,0.16666666666666666,0.0,0.0,0.0,0.0,0.0,0.0,1.0,0.3333333333333333,0.1,3.4333333333333336,0.16716045496620227,1.0,2.0,0.6666666666666666,0.1,3.4333333333333336,0.280834546726945,1.0
worm,worm:P34555,matched,source_association_degree,3,100,103,0.5066666666666667,0.04106053845009668,20,20,20.0,0.05,0.0,0.0,0.0,0.0,0.0,0.0,0.0,0.0,0.0,0.0,0.0,0.0,1.0,0.3333333333333333,0.05,1.7166666666666668,0.10684080426179023,1.0
worm,worm:P34555,all_U,source_association_degree,3,200,203,0.6783333333333333,0.032169481008731106,25,25,25.0,0.04,0.0,0.0,0.0,0.0,0.0,0.0,0.0,0.0,0.0,0.0,0.0,0.0,0.0,0.0,0.0,0.0,0.0,0.0
worm,worm:Q03571,background,source_association_degree,2,100,102,0.8425,0.10714285714285714,7,7,7.0,0.14285714285714285,0.0,0.0,0.0,0.0,0.0,0.0,1.0,0.5,0.1,5.1000000000000005,0.20438239758848611,1.0,1.0,0.5,0.05,2.5500000000000003,0.20438239758848611,1.0
worm,worm:Q03571,matched,source_association_degree,2,100,102,0.62,0.2619047619047619,1,2,1.5,0.75,1.0,0.5,0.2,10.200000000000001,0.5,1.0,1.0,0.5,0.1,5.1000000000000005,0.5,1.0,1.0,0.5,0.05,2.5500000000000003,0.5,1.0
worm,worm:Q03571,all_U,source_association_degree,2,200,202,0.73125,0.0715909090909091,7,8,7.5,0.13392857142857142,0.0,0.0,0.0,0.0,0.0,0.0,1.0,0.5,0.1,10.1,0.19890440060287848,1.0,1.0,0.5,0.05,5.05,0.19890440060287848,1.0
worm,worm:O18015,background,source_association_degree,3,100,103,0.9483333333333334,0.26948051948051943,4,4,4.0,0.25,1.0,0.3333333333333333,0.2,6.866666666666667,0.20210734650054757,1.0,2.5,0.8333333333333334,0.25,8.583333333333334,0.4263595752243569,1.0,3.0,1.0,0.15,5.1499999999999995,0.49181057030845554,1.0
worm,worm:O18015,matched,source_association_degree,3,100,103,0.505,0.04112399643175736,20,20,20.0,0.05,0.0,0.0,0.0,0.0,0.0,0.0,0.0,0.0,0.0,0.0,0.0,0.0,1.0,0.3333333333333333,0.05,1.7166666666666668,0.10684080426179023,1.0
worm,worm:O18015,all_U,source_association_degree,3,200,203,0.7266666666666667,0.036814182194616976,23,23,23.0,0.043478260869565216,0.0,0.0,0.0,0.0,0.0,0.0,0.0,0.0,0.0,0.0,0.0,0.0,0.0,0.0,0.0,0.0,0.0,0.0
worm,worm:O44949,background,source_association_degree,3,100,103,0.88,0.14070048309178743,8,8,8.0,0.125,0.0,0.0,0.0,0.0,0.0,0.0,1.0,0.3333333333333333,0.1,3.4333333333333336,0.1480409554829326,1.0,2.0,0.6666666666666666,0.1,3.4333333333333336,0.2748579723153261,1.0
worm,worm:O44949,matched,source_association_degree,3,100,103,0.4166666666666667,0.03101010101010101,43,44,43.5,0.02299154334038055,0.0,0.0,0.0,0.0,0.0,0.0,0.0,0.0,0.0,0.0,0.0,0.0,0.0,0.0,0.0,0.0,0.0,0.0
worm,worm:O44949,all_U,source_association_degree,3,200,203,0.6483333333333333,0.025834193326453387,50,51,50.5,0.019803921568627453,0.0,0.0,0.0,0.0,0.0,0.0,0.0,0.0,0.0,0.0,0.0,0.0,0.0,0.0,0.0,0.0,0.0,0.0
worm,worm:Q17549,background,source_association_degree,6,100,106,0.4866666666666667,0.057791315592734024,25,27,26.0,0.03849952516619183,0.0,0.0,0.0,0.0,0.0,0.0,0.0,0.0,0.0,0.0,0.0,0.0,0.0,0.0,0.0,0.0,0.0,0.0
worm,worm:Q17549,matched,source_association_degree,6,100,106,0.4708333333333333,0.05643406209443945,13,21,17.0,0.060238669616894586,0.0,0.0,0.0,0.0,0.0,0.0,0.0,0.0,0.0,0.0,0.0,0.0,0.8888888888888888,0.14814814814814814,0.04444444444444444,0.7851851851851851,0.065480739570796,0.8888888888888888
worm,worm:Q17549,all_U,source_association_degree,6,200,206,0.47875,0.029309835286422618,37,47,42.0,0.023945876812376952,0.0,0.0,0.0,0.0,0.0,0.0,0.0,0.0,0.0,0.0,0.0,0.0,0.0,0.0,0.0,0.0,0.0,0.0
worm,worm:P34260,background,source_association_degree,2,100,102,0.38,0.01899189918991899,42,55,48.5,0.02076278064909091,0.0,0.0,0.0,0.0,0.0,0.0,0.0,0.0,0.0,0.0,0.0,0.0,0.0,0.0,0.0,0.0,0.0,0.0
worm,worm:P34260,matched,source_association_degree,2,100,102,0.67,0.03285024154589372,1,23,12.0,0.16236050048203648,0.21739130434782608,0.10869565217391304,0.043478260869565216,2.217391304347826,0.07860171442280939,0.21739130434782628,0.43478260869565216,0.21739130434782608,0.043478260869565216,2.217391304347826,0.12112481101357189,0.4347826086956522,0.8695652173913043,0.43478260869565216,0.043478260869565216,2.217391304347826,0.18768351281268772,0.8695652173913043
worm,worm:P34260,all_U,source_association_degree,2,200,202,0.525,0.011784511784511785,42,77,59.5,0.017349090428835763,0.0,0.0,0.0,0.0,0.0,0.0,0.0,0.0,0.0,0.0,0.0,0.0,0.0,0.0,0.0,0.0,0.0,0.0
worm,worm:O45599,background,source_association_degree,2,100,102,0.97,0.625,1,1,1.0,1.0,1.0,0.5,0.2,10.200000000000001,0.6131471927654584,1.0,2.0,1.0,0.2,10.200000000000001,0.8065735963827293,1.0,2.0,1.0,0.1,5.1000000000000005,0.8065735963827293,1.0
worm,worm:O45599,matched,source_association_degree,2,100,102,0.7275,0.5169491525423728,1,1,1.0,1.0,1.0,0.5,0.2,10.200000000000001,0.6131471927654584,1.0,1.0,0.5,0.1,5.1000000000000005,0.6131471927654584,1.0,1.0,0.5,0.05,2.5500000000000003,0.6131471927654584,1.0
worm,worm:O45599,all_U,source_association_degree,2,200,202,0.84875,0.5153846153846153,1,1,1.0,1.0,1.0,0.5,0.2,20.2,0.6131471927654584,1.0,1.0,0.5,0.1,10.1,0.6131471927654584,1.0,1.0,0.5,0.05,5.05,0.6131471927654584,1.0
worm,worm:Q95ZQ4,background,source_association_degree,10,100,110,0.671,0.15784157310669328,6,6,6.0,0.16666666666666666,0.0,0.0,0.0,0.0,0.0,0.0,1.0,0.1,0.1,1.1,0.07839826897867533,1.0,4.0,0.4,0.2,2.2,0.24135884204509805,1.0
worm,worm:Q95ZQ4,matched,source_association_degree,10,100,110,0.5495,0.12584861801267633,7,7,7.0,0.14285714285714285,0.0,0.0,0.0,0.0,0.0,0.0,1.0,0.1,0.1,1.1,0.07336392209936005,1.0,2.0,0.2,0.1,1.1,0.1328411148284022,1.0
worm,worm:Q95ZQ4,all_U,source_association_degree,10,200,210,0.61025,0.0750032951620554,12,12,12.0,0.08333333333333333,0.0,0.0,0.0,0.0,0.0,0.0,0.0,0.0,0.0,0.0,0.0,0.0,1.0,0.1,0.05,1.05,0.05947719272904215,1.0
worm,worm:Q65XX1,background,source_association_degree,2,100,102,0.83,0.1285714285714286,5,5,5.0,0.2,1.0,0.5,0.2,10.200000000000001,0.23719771276929622,1.0,1.0,0.5,0.1,5.1000000000000005,0.23719771276929622,1.0,1.0,0.5,0.05,2.5500000000000003,0.23719771276929622,1.0
worm,worm:Q65XX1,matched,source_association_degree,2,100,102,0.5275,0.1764705882352941,2,3,2.5,0.41666666666666663,1.0,0.5,0.2,10.200000000000001,0.3467132018086354,1.0,1.0,0.5,0.1,5.1000000000000005,0.3467132018086354,1.0,1.0,0.5,0.05,2.5500000000000003,0.3467132018086354,1.0
worm,worm:Q65XX1,all_U,source_association_degree,2,200,202,0.67875,0.07883597883597883,6,7,6.5,0.15476190476190477,0.0,0.0,0.0,0.0,0.0,0.0,1.0,0.5,0.1,10.1,0.21139491720332515,1.0,1.0,0.5,0.05,5.05,0.21139491720332515,1.0
worm,worm:P34447,background,source_association_degree,5,100,105,0.926,0.5103030303030303,1,1,1.0,1.0,2.0,0.4,0.4,8.4,0.4703652827859579,1.0,4.0,0.8,0.4,8.4,0.6981697178527159,1.0,4.0,0.8,0.2,4.2,0.6981697178527159,1.0
worm,worm:P34447,matched,source_association_degree,5,100,105,0.523,0.057502000976577254,28,28,28.0,0.03571428571428571,0.0,0.0,0.0,0.0,0.0,0.0,0.0,0.0,0.0,0.0,0.0,0.0,0.0,0.0,0.0,0.0,0.0,0.0
worm,worm:P34447,all_U,source_association_degree,5,200,205,0.7245,0.052198119557900685,28,28,28.0,0.03571428571428571,0.0,0.0,0.0,0.0,0.0,0.0,0.0,0.0,0.0,0.0,0.0,0.0,0.0,0.0,0.0,0.0,0.0,0.0
worm,worm:O01530,background,source_association_degree,4,100,104,0.9375,0.5037878787878788,1,1,1.0,1.0,2.0,0.5,0.4,10.4,0.5585075862632192,1.0,3.0,0.75,0.3,7.799999999999999,0.6760236910196463,1.0,3.3333333333333335,0.8333333333333334,0.16666666666666669,4.333333333333334,0.7056496653756565,1.0
worm,worm:O01530,matched,source_association_degree,4,100,104,0.605,0.08205119279680682,7,7,7.0,0.14285714285714285,0.0,0.0,0.0,0.0,0.0,0.0,1.0,0.25,0.1,2.6,0.13012668333070054,1.0,1.0,0.25,0.05,1.3,0.13012668333070054,1.0
worm,worm:O01530,all_U,source_association_degree,4,200,204,0.77125,0.07695082695082694,7,7,7.0,0.14285714285714285,0.0,0.0,0.0,0.0,0.0,0.0,1.0,0.25,0.1,5.1000000000000005,0.13012668333070054,1.0,1.0,0.25,0.05,2.5500000000000003,0.13012668333070054,1.0
worm,worm:O44180,background,source_association_degree,2,100,102,0.825,0.11036036036036036,5,6,5.5,0.18333333333333335,0.5,0.25,0.1,5.1000000000000005,0.11859885638464811,0.5,1.0,0.5,0.1,5.1000000000000005,0.22780257479373017,1.0,1.0,0.5,0.05,2.5500000000000003,0.22780257479373017,1.0
worm,worm:O44180,matched,source_association_degree,2,100,102,0.305,0.020442219440967878,46,47,46.5,0.02150786308973173,0.0,0.0,0.0,0.0,0.0,0.0,0.0,0.0,0.0,0.0,0.0,0.0,0.0,0.0,0.0,0.0,0.0,0.0
worm,worm:O44180,all_U,source_association_degree,2,200,202,0.565,0.016914654688377315,50,52,51.0,0.019612870789341375,0.0,0.0,0.0,0.0,0.0,0.0,0.0,0.0,0.0,0.0,0.0,0.0,0.0,0.0,0.0,0.0,0.0,0.0
worm,worm:Q9XVF7,background,source_association_degree,5,100,105,0.872,0.21693290107083213,2,3,2.5,0.41666666666666663,1.0,0.2,0.2,4.2,0.19178318368566782,1.0,2.0,0.4,0.2,4.2,0.2918515241628022,1.0,3.0,0.6,0.15,3.15,0.3809317943810366,1.0
worm,worm:Q9XVF7,matched,source_association_degree,5,100,105,0.502,0.05764366896698827,9,15,12.0,0.08576740719597861,0.0,0.0,0.0,0.0,0.0,0.0,0.2857142857142857,0.05714285714285714,0.02857142857142857,0.6,0.028590954422038385,0.2857142857142857,1.0,0.2,0.05,1.05,0.09243973619454725,1.0
worm,worm:Q9XVF7,all_U,source_association_degree,5,200,205,0.687,0.04747231836876736,10,17,13.5,0.07632303358406299,0.0,0.0,0.0,0.0,0.0,0.0,0.125,0.025,0.0125,0.5125,0.01225491072891963,0.125,1.0,0.2,0.05,2.05,0.08866141646405723,1.0
worm,worm:Q17561,background,source_association_degree,2,100,102,0.8225,0.10173160173160173,7,7,7.0,0.14285714285714285,0.0,0.0,0.0,0.0,0.0,0.0,1.0,0.5,0.1,5.1000000000000005,0.20438239758848611,1.0,1.0,0.5,0.05,2.5500000000000003,0.20438239758848611,1.0
worm,worm:Q17561,matched,source_association_degree,2,100,102,0.375,0.024509803921568627,34,34,34.0,0.029411764705882353,0.0,0.0,0.0,0.0,0.0,0.0,0.0,0.0,0.0,0.0,0.0,0.0,0.0,0.0,0.0,0.0,0.0,0.0
worm,worm:Q17561,all_U,source_association_degree,2,200,202,0.59875,0.020018796992481203,40,40,40.0,0.025,0.0,0.0,0.0,0.0,0.0,0.0,0.0,0.0,0.0,0.0,0.0,0.0,0.0,0.0,0.0,0.0,0.0,0.0
worm,worm:Q9XVS2,background,source_association_degree,10,100,110,0.6915,0.27392043044674624,1,1,1.0,1.0,1.0,0.1,0.2,2.2,0.3391602052736161,1.0,3.0,0.3,0.3,3.3,0.3531437764338092,1.0,4.0,0.4,0.2,2.2,0.40406821605103427,1.0
worm,worm:Q9XVS2,matched,source_association_degree,10,100,110,0.497,0.187989011098833,1,1,1.0,1.0,1.0,0.1,0.2,2.2,0.3391602052736161,1.0,1.0,0.1,0.1,1.1,0.22009176629808017,1.0,1.0,0.1,0.05,0.55,0.22009176629808017,1.0
worm,worm:Q9XVS2,all_U,source_association_degree,10,200,210,0.59425,0.16071442091442173,1,1,1.0,1.0,1.0,0.1,0.2,4.2,0.3391602052736161,1.0,1.0,0.1,0.1,2.1,0.22009176629808017,1.0,1.0,0.1,0.05,1.05,0.22009176629808017,1.0
worm,worm:Q9U2C9,background,source_association_degree,4,100,104,0.91625,0.22162698412698412,5,5,5.0,0.2,1.0,0.25,0.2,5.2,0.15101961822780524,1.0,2.0,0.5,0.2,5.2,0.2685357229842324,1.0,4.0,1.0,0.2,5.2,0.4650074811857344,1.0
worm,worm:Q9U2C9,matched,source_association_degree,4,100,104,0.5675,0.053799917930352714,18,18,18.0,0.05555555555555555,0.0,0.0,0.0,0.0,0.0,0.0,0.0,0.0,0.0,0.0,0.0,0.0,1.0,0.25,0.05,1.3,0.09189894336865458,1.0
worm,worm:Q9U2C9,all_U,source_association_degree,4,200,204,0.741875,0.04520808687475354,22,22,22.0,0.045454545454545456,0.0,0.0,0.0,0.0,0.0,0.0,0.0,0.0,0.0,0.0,0.0,0.0,0.0,0.0,0.0,0.0,0.0,0.0
worm,worm:Q9TZ37,background,source_association_degree,5,100,105,0.958,0.4466666666666667,2,2,2.0,0.5,2.0,0.4,0.4,8.4,0.36005461457723403,1.0,4.0,0.8,0.4,8.4,0.583242521717239,1.0,5.0,1.0,0.25,5.25,0.668032573035643,1.0
worm,worm:Q9TZ37,matched,source_association_degree,5,100,105,0.503,0.055408026755852845,24,25,24.5,0.04083333333333333,0.0,0.0,0.0,0.0,0.0,0.0,0.0,0.0,0.0,0.0,0.0,0.0,0.0,0.0,0.0,0.0,0.0,0.0
worm,worm:Q9TZ37,all_U,source_association_degree,5,200,205,0.7305,0.05159859748095042,25,26,25.5,0.039230769230769236,0.0,0.0,0.0,0.0,0.0,0.0,0.0,0.0,0.0,0.0,0.0,0.0,0.0,0.0,0.0,0.0,0.0,0.0
worm,worm:O45189,background,source_association_degree,6,100,106,0.7833333333333333,0.13634842986847948,9,9,9.0,0.1111111111111111,0.0,0.0,0.0,0.0,0.0,0.0,1.0,0.16666666666666666,0.1,1.7666666666666668,0.09109240322345807,1.0,3.0,0.5,0.15,2.65,0.23800050552067697,1.0
worm,worm:O45189,matched,source_association_degree,6,100,106,0.5525,0.08262060024173347,7,7,7.0,0.14285714285714285,0.0,0.0,0.0,0.0,0.0,0.0,1.0,0.16666666666666666,0.1,1.7666666666666668,0.10086747116627115,1.0,1.0,0.16666666666666666,0.05,0.8833333333333334,0.10086747116627115,1.0
worm,worm:O45189,all_U,source_association_degree,6,200,206,0.6679166666666667,0.05207737044835119,15,15,15.0,0.06666666666666667,0.0,0.0,0.0,0.0,0.0,0.0,0.0,0.0,0.0,0.0,0.0,0.0,1.0,0.16666666666666666,0.05,1.7166666666666668,0.07565060337470338,1.0
worm,worm:O17586,background,source_association_degree,6,100,106,0.7325,0.13518518518518519,4,4,4.0,0.25,1.0,0.16666666666666666,0.2,3.5333333333333337,0.14606834984270645,1.0,1.0,0.16666666666666666,0.1,1.7666666666666668,0.13032376591037065,1.0,2.3333333333333335,0.3888888888888889,0.11666666666666667,2.061111111111111,0.228316518597233,1.0
worm,worm:O17586,matched,source_association_degree,6,100,106,0.49583333333333335,0.07429890417035712,7,7,7.0,0.14285714285714285,0.0,0.0,0.0,0.0,0.0,0.0,1.0,0.16666666666666666,0.1,1.7666666666666668,0.10086747116627115,1.0,1.0,0.16666666666666666,0.05,0.8833333333333334,0.10086747116627115,1.0
worm,worm:O17586,all_U,source_association_degree,6,200,206,0.6141666666666666,0.05029304580284486,10,10,10.0,0.1,0.0,0.0,0.0,0.0,0.0,0.0,1.0,0.16666666666666666,0.1,3.4333333333333336,0.08747171410140821,1.0,1.0,0.16666666666666666,0.05,1.7166666666666668,0.08747171410140821,1.0
worm,worm:G5ED85,background,source_association_degree,3,100,103,0.8083333333333333,0.11651102217139953,9,9,9.0,0.1111111111111111,0.0,0.0,0.0,0.0,0.0,0.0,1.0,0.3333333333333333,0.1,3.4333333333333336,0.14126697285982898,1.0,2.0,0.6666666666666666,0.1,3.4333333333333336,0.27216896302802623,1.0
worm,worm:G5ED85,matched,source_association_degree,3,100,103,0.46,0.032573599240265906,42,45,43.5,0.023003708178126782,0.0,0.0,0.0,0.0,0.0,0.0,0.0,0.0,0.0,0.0,0.0,0.0,0.0,0.0,0.0,0.0,0.0,0.0
worm,worm:G5ED85,all_U,source_association_degree,3,200,203,0.6341666666666667,0.02468381875811121,50,53,51.5,0.019426634224081505,0.0,0.0,0.0,0.0,0.0,0.0,0.0,0.0,0.0,0.0,0.0,0.0,0.0,0.0,0.0,0.0,0.0,0.0
worm,worm:G5EFY5,background,source_association_degree,3,100,103,0.7333333333333333,0.07572751322751323,7,9,8.0,0.1263227513227513,0.0,0.0,0.0,0.0,0.0,0.0,1.0,0.3333333333333333,0.1,3.4333333333333336,0.14857805678344901,1.0,1.0,0.3333333333333333,0.05,1.7166666666666668,0.14857805678344901,1.0
worm,worm:G5EFY5,matched,source_association_degree,3,100,103,0.515,0.03709764491531142,25,28,26.5,0.0378032153032153,0.0,0.0,0.0,0.0,0.0,0.0,0.0,0.0,0.0,0.0,0.0,0.0,0.0,0.0,0.0,0.0,0.0,0.0
worm,worm:G5EFY5,all_U,source_association_degree,3,200,203,0.6241666666666666,0.02477152477152477,31,36,33.5,0.029928677645708005,0.0,0.0,0.0,0.0,0.0,0.0,0.0,0.0,0.0,0.0,0.0,0.0,0.0,0.0,0.0,0.0,0.0,0.0
worm,worm:P34682,background,source_association_degree,2,100,102,0.935,0.5666666666666667,1,1,1.0,1.0,1.0,0.5,0.2,10.200000000000001,0.6131471927654584,1.0,1.0,0.5,0.1,5.1000000000000005,0.6131471927654584,1.0,2.0,1.0,0.1,5.1000000000000005,0.766433990956823,1.0
worm,worm:P34682,matched,source_association_degree,2,100,102,0.7125,0.11785714285714285,5,5,5.0,0.2,1.0,0.5,0.2,10.200000000000001,0.23719771276929622,1.0,1.0,0.5,0.1,5.1000000000000005,0.23719771276929622,1.0,1.0,0.5,0.05,2.5500000000000003,0.23719771276929622,1.0
worm,worm:P34682,all_U,source_association_degree,2,200,202,0.82375,0.1144927536231884,5,5,5.0,0.2,1.0,0.5,0.2,20.2,0.23719771276929622,1.0,1.0,0.5,0.1,10.1,0.23719771276929622,1.0,1.0,0.5,0.05,5.05,0.23719771276929622,1.0
worm,worm:Q7JMA9,background,source_association_degree,3,100,103,0.745,0.06763136288998357,16,16,16.0,0.0625,0.0,0.0,0.0,0.0,0.0,0.0,0.0,0.0,0.0,0.0,0.0,0.0,1.0,0.3333333333333333,0.05,1.7166666666666668,0.11480929472601784,1.0
worm,worm:Q7JMA9,matched,source_association_degree,3,100,103,0.4766666666666667,0.04646087461621441,12,13,12.5,0.08012820512820512,0.0,0.0,0.0,0.0,0.0,0.0,0.0,0.0,0.0,0.0,0.0,0.0,1.0,0.3333333333333333,0.05,1.7166666666666668,0.12503642801255854,1.0
worm,worm:Q7JMA9,all_U,source_association_degree,3,200,203,0.6108333333333333,0.02660985067493081,27,28,27.5,0.036375661375661374,0.0,0.0,0.0,0.0,0.0,0.0,0.0,0.0,0.0,0.0,0.0,0.0,0.0,0.0,0.0,0.0,0.0,0.0
worm,worm:O44732,background,source_association_degree,2,100,102,0.5125,0.03194321206743567,21,23,22.0,0.045517284647719425,0.0,0.0,0.0,0.0,0.0,0.0,0.0,0.0,0.0,0.0,0.0,0.0,0.0,0.0,0.0,0.0,0.0,0.0
worm,worm:O44732,matched,source_association_degree,2,100,102,0.5375,0.039512774806892456,10,17,13.5,0.07632303358406299,0.0,0.0,0.0,0.0,0.0,0.0,0.125,0.0625,0.0125,0.6375000000000001,0.022154910848005967,0.125,1.0,0.5,0.05,2.5500000000000003,0.16028560475628076,1.0
worm,worm:O44732,all_U,source_association_degree,2,200,202,0.525,0.017948717948717947,30,39,34.5,0.029188924134931828,0.0,0.0,0.0,0.0,0.0,0.0,0.0,0.0,0.0,0.0,0.0,0.0,0.0,0.0,0.0,0.0,0.0,0.0
worm,worm:Q9N3F7,background,source_association_degree,2,100,102,0.98,0.45,2,2,2.0,0.5,2.0,1.0,0.4,20.400000000000002,0.6240505200038379,1.0,2.0,1.0,0.2,10.200000000000001,0.6240505200038379,1.0,2.0,1.0,0.1,5.1000000000000005,0.6240505200038379,1.0
worm,worm:Q9N3F7,matched,source_association_degree,2,100,102,0.63,0.038098693759071114,23,26,24.5,0.040901616499442586,0.0,0.0,0.0,0.0,0.0,0.0,0.0,0.0,0.0,0.0,0.0,0.0,0.0,0.0,0.0,0.0,0.0,0.0
worm,worm:Q9N3F7,all_U,source_association_degree,2,200,202,0.805,0.036375661375661374,24,27,25.5,0.03929131054131054,0.0,0.0,0.0,0.0,0.0,0.0,0.0,0.0,0.0,0.0,0.0,0.0,0.0,0.0,0.0,0.0,0.0,0.0
worm,worm:O17927,background,source_association_degree,2,100,102,0.9225,0.22916666666666666,3,3,3.0,0.3333333333333333,1.0,0.5,0.2,10.200000000000001,0.3065735963827292,1.0,1.0,0.5,0.1,5.1000000000000005,0.3065735963827292,1.0,2.0,1.0,0.1,5.1000000000000005,0.45822039203258036,1.0
worm,worm:O17927,matched,source_association_degree,2,100,102,0.5575,0.03070175438596491,36,38,37.0,0.02704019809282967,0.0,0.0,0.0,0.0,0.0,0.0,0.0,0.0,0.0,0.0,0.0,0.0,0.0,0.0,0.0,0.0,0.0,0.0
worm,worm:O17927,all_U,source_association_degree,2,200,202,0.74,0.02658450704225352,38,40,39.0,0.02565227170490328,0.0,0.0,0.0,0.0,0.0,0.0,0.0,0.0,0.0,0.0,0.0,0.0,0.0,0.0,0.0,0.0,0.0,0.0
worm,worm:P46502,background,source_association_degree,2,100,102,0.95,0.22619047619047616,6,6,6.0,0.16666666666666666,0.0,0.0,0.0,0.0,0.0,0.0,2.0,1.0,0.2,10.200000000000001,0.4227898344066503,1.0,2.0,1.0,0.1,5.1000000000000005,0.4227898344066503,1.0
worm,worm:P46502,matched,source_association_degree,2,100,102,0.865,0.09126984126984126,11,14,12.5,0.08064851814851814,0.0,0.0,0.0,0.0,0.0,0.0,0.0,0.0,0.0,0.0,0.0,0.0,2.0,1.0,0.1,5.1000000000000005,0.3093682323495871,1.0
worm,worm:P46502,all_U,source_association_degree,2,200,202,0.9075,0.06979405034324943,16,19,17.5,0.057377665978672165,0.0,0.0,0.0,0.0,0.0,0.0,0.0,0.0,0.0,0.0,0.0,0.0,1.0,0.5,0.05,5.05,0.14581408750586586,1.0
worm,worm:Q21127,background,source_association_degree,9,100,109,0.8694444444444445,0.45844810413916104,1,1,1.0,1.0,2.0,0.2222222222222222,0.4,4.844444444444444,0.5531464700081437,1.0,4.0,0.4444444444444444,0.4,4.844444444444444,0.5364172748035136,1.0,5.166666666666667,0.5740740740740741,0.25833333333333336,3.128703703703704,0.6011854230887038,1.0
worm,worm:Q21127,matched,source_association_degree,9,100,109,0.545,0.1644642399869431,3,3,3.0,0.3333333333333333,2.0,0.2222222222222222,0.4,4.844444444444444,0.30078518014914984,1.0,2.0,0.2222222222222222,0.2,2.422222222222222,0.20845080532622157,1.0,3.0,0.3333333333333333,0.15,1.8166666666666664,0.2686125998946911,1.0
worm,worm:Q21127,all_U,source_association_degree,9,200,209,0.7072222222222222,0.14846918116029156,3,3,3.0,0.3333333333333333,2.0,0.2222222222222222,0.4,9.28888888888889,0.30078518014914984,1.0,2.0,0.2222222222222222,0.2,4.644444444444445,0.20845080532622157,1.0,3.0,0.3333333333333333,0.15,3.483333333333333,0.2648176582871709,1.0
worm,worm:O45799,background,source_association_degree,10,100,110,0.9095,0.368733904983905,2,3,2.5,0.41666666666666663,1.0,0.1,0.2,2.2,0.19178318368566782,1.0,3.0,0.3,0.3,3.3,0.2664732206889244,1.0,8.5,0.85,0.425,4.675,0.5709639530582974,1.0
worm,worm:O45799,matched,source_association_degree,10,100,110,0.5505,0.12351766914336437,5,5,5.0,0.2,1.0,0.1,0.2,2.2,0.13120507751234178,1.0,1.0,0.1,0.1,1.1,0.08514311764162098,1.0,2.0,0.2,0.1,1.1,0.14653616324636753,1.0
worm,worm:O45799,all_U,source_association_degree,10,200,210,0.73,0.10018216366827426,6,7,6.5,0.15476190476190477,0.0,0.0,0.0,0.0,0.0,0.0,1.0,0.1,0.1,2.1,0.07588109553901769,1.0,2.0,0.2,0.1,2.1,0.1309040371135377,1.0
worm,worm:Q9U2M8,background,source_association_degree,5,100,105,0.444,0.05275080906148867,36,52,40.0,0.02517717526823656,0.0,0.0,0.0,0.0,0.0,0.0,0.0,0.0,0.0,0.0,0.0,0.0,0.0,0.0,0.0,0.0,0.0,0.0
worm,worm:Q9U2M8,matched,source_association_degree,5,100,105,0.709,0.09540816326530613,1,22,6.25,0.31035793333002376,0.625,0.125,0.125,2.625,0.125,0.5212450592885376,1.25,0.25,0.125,2.625,0.19262431472236236,0.8201581027667985,2.5,0.5,0.125,2.625,0.298472358699316,0.9980237154150198
worm,worm:Q9U2M8,all_U,source_association_degree,5,200,205,0.5765,0.034204081632653066,36,73,45.25,0.02266633977863524,0.0,0.0,0.0,0.0,0.0,0.0,0.0,0.0,0.0,0.0,0.0,0.0,0.0,0.0,0.0,0.0,0.0,0.0
worm,worm:Q9XVU2,background,source_association_degree,3,100,103,0.59,0.045504385964912276,30,32,31.0,0.032280465949820786,0.0,0.0,0.0,0.0,0.0,0.0,0.0,0.0,0.0,0.0,0.0,0.0,0.0,0.0,0.0,0.0,0.0,0.0
worm,worm:Q9XVU2,matched,source_association_degree,3,100,103,0.65,0.05416666666666667,14,16,15.0,0.06686507936507936,0.0,0.0,0.0,0.0,0.0,0.0,0.0,0.0,0.0,0.0,0.0,0.0,1.0,0.3333333333333333,0.05,1.7166666666666668,0.11741487734325275,1.0
worm,worm:Q9XVU2,all_U,source_association_degree,3,200,203,0.62,0.02463605823068309,43,47,45.0,0.022244207016489357,0.0,0.0,0.0,0.0,0.0,0.0,0.0,0.0,0.0,0.0,0.0,0.0,0.0,0.0,0.0,0.0,0.0,0.0
worm,worm:G5EFV8,background,source_association_degree,10,100,110,0.826,0.31792212360972977,1,1,1.0,1.0,1.0,0.1,0.2,2.2,0.3391602052736161,1.0,3.0,0.3,0.3,3.3,0.35970991185182927,1.0,4.0,0.4,0.2,2.2,0.4125869646567858,1.0
worm,worm:G5EFV8,matched,source_association_degree,10,100,110,0.517,0.14118109695700876,2,2,2.0,0.5,1.0,0.1,0.2,2.2,0.21398626473452756,1.0,1.0,0.1,0.1,1.1,0.13886244387355454,1.0,2.0,0.2,0.1,1.1,0.19270801381413774,1.0
worm,worm:G5EFV8,all_U,source_association_degree,10,200,210,0.6715,0.11927286164128272,2,2,2.0,0.5,1.0,0.1,0.2,4.2,0.21398626473452756,1.0,1.0,0.1,0.1,2.1,0.13886244387355454,1.0,1.0,0.1,0.05,1.05,0.13886244387355454,1.0
worm,worm:P53013,background,source_association_degree,10,100,110,0.891,0.4169247311827957,1,1,1.0,1.0,2.0,0.2,0.4,4.4,0.48522855511632257,1.0,4.0,0.4,0.4,4.4,0.4447551423209717,1.0,6.0,0.6,0.3,3.3,0.552900959644707,1.0
worm,worm:P53013,matched,source_association_degree,10,100,110,0.505,0.139174409915908,3,3,3.0,0.3333333333333333,1.0,0.1,0.2,2.2,0.16958010263680806,1.0,2.0,0.2,0.2,2.2,0.17947710508581735,1.0,2.0,0.2,0.1,1.1,0.17947710508581735,1.0
worm,worm:P53013,all_U,source_association_degree,10,200,210,0.698,0.12064183667864699,3,3,3.0,0.3333333333333333,1.0,0.1,0.2,4.2,0.16958010263680806,1.0,2.0,0.2,0.2,4.2,0.1736666713479918,1.0,2.0,0.2,0.1,2.1,0.1736666713479918,1.0
worm,worm:Q9U3S8,background,source_association_degree,10,100,110,0.937,0.6798806366047746,1,1,1.0,1.0,3.0,0.3,0.6,6.6,0.7227265726449519,1.0,6.0,0.6,0.6,6.6,0.6901935063354876,1.0,8.0,0.8,0.4,4.4,0.8030234479937131,1.0
worm,worm:Q9U3S8,matched,source_association_degree,10,100,110,0.5785,0.2526523656535054,2,2,2.0,0.5,3.0,0.3,0.6,6.6,0.5147714448836774,1.0,3.0,0.3,0.3,3.3,0.3340514446642156,1.0,3.0,0.3,0.15,1.65,0.3340514446642156,1.0
worm,worm:Q9U3S8,all_U,source_association_degree,10,200,210,0.75775,0.2457579182057511,2,2,2.0,0.5,3.0,0.3,0.6,12.6,0.5147714448836774,1.0,3.0,0.3,0.3,6.3,0.3340514446642156,1.0,3.0,0.3,0.15,3.15,0.3340514446642156,1.0
worm,worm:Q22289,background,source_association_degree,10,100,110,0.6525,0.14813558175925676,10,10,10.0,0.1,0.0,0.0,0.0,0.0,0.0,0.0,1.0,0.1,0.1,1.1,0.06362078819895171,1.0,4.0,0.4,0.2,2.2,0.22649018255413397,1.0
worm,worm:Q22289,matched,source_association_degree,10,100,110,0.504,0.09604864071844824,17,17,17.0,0.058823529411764705,0.0,0.0,0.0,0.0,0.0,0.0,0.0,0.0,0.0,0.0,0.0,0.0,2.0,0.2,0.1,1.1,0.10370518896450444,1.0
worm,worm:Q22289,all_U,source_association_degree,10,200,210,0.57825,0.061146246932764436,26,26,26.0,0.038461538461538464,0.0,0.0,0.0,0.0,0.0,0.0,0.0,0.0,0.0,0.0,0.0,0.0,0.0,0.0,0.0,0.0,0.0,0.0
worm,worm:O17006,background,source_association_degree,2,100,102,0.985,0.7,1,1,1.0,1.0,2.0,1.0,0.4,20.400000000000002,0.8503449055347546,1.0,2.0,1.0,0.2,10.200000000000001,0.8503449055347546,1.0,2.0,1.0,0.1,5.1000000000000005,0.8503449055347546,1.0
worm,worm:O17006,matched,source_association_degree,2,100,102,0.5975,0.0756578947368421,8,8,8.0,0.125,0.0,0.0,0.0,0.0,0.0,0.0,1.0,0.5,0.1,5.1000000000000005,0.19342640361727081,1.0,1.0,0.5,0.05,2.5500000000000003,0.19342640361727081,1.0
worm,worm:O17006,all_U,source_association_degree,2,200,202,0.79125,0.07515822784810126,8,8,8.0,0.125,0.0,0.0,0.0,0.0,0.0,0.0,1.0,0.5,0.1,10.1,0.19342640361727081,1.0,1.0,0.5,0.05,5.05,0.19342640361727081,1.0
worm,worm:Q17589,background,source_association_degree,3,100,103,0.92,0.19583333333333333,5,5,5.0,0.2,1.0,0.3333333333333333,0.2,6.866666666666667,0.18154179253735267,1.0,2.0,0.6666666666666666,0.2,6.866666666666667,0.3200012656834911,1.0,3.0,1.0,0.15,5.1499999999999995,0.43606575379934454,1.0
worm,worm:Q17589,matched,source_association_degree,3,100,103,0.39666666666666667,0.03039246819718678,34,34,34.0,0.029411764705882353,0.0,0.0,0.0,0.0,0.0,0.0,0.0,0.0,0.0,0.0,0.0,0.0,0.0,0.0,0.0,0.0,0.0,0.0
worm,worm:Q17589,all_U,source_association_degree,3,200,203,0.6583333333333333,0.02700661310597366,38,38,38.0,0.02631578947368421,0.0,0.0,0.0,0.0,0.0,0.0,0.0,0.0,0.0,0.0,0.0,0.0,0.0,0.0,0.0,0.0,0.0,0.0
worm,worm:Q20228,background,source_association_degree,3,100,103,0.8933333333333333,0.1563352826510721,9,9,9.0,0.1111111111111111,0.0,0.0,0.0,0.0,0.0,0.0,2.0,0.6666666666666666,0.2,6.866666666666667,0.2769189462922768,1.0,3.0,1.0,0.15,5.1499999999999995,0.38549981939331035,1.0
worm,worm:Q20228,matched,source_association_degree,3,100,103,0.3983333333333333,0.030409710717471644,55,56,55.5,0.01801948051948052,0.0,0.0,0.0,0.0,0.0,0.0,0.0,0.0,0.0,0.0,0.0,0.0,0.0,0.0,0.0,0.0,0.0,0.0
worm,worm:Q20228,all_U,source_association_degree,3,200,203,0.6458333333333334,0.02602814730694354,63,64,63.5,0.015749007936507936,0.0,0.0,0.0,0.0,0.0,0.0,0.0,0.0,0.0,0.0,0.0,0.0,0.0,0.0,0.0,0.0,0.0,0.0
worm,worm:Q21636,background,source_association_degree,3,100,103,0.9733333333333334,0.44285714285714284,2,2,2.0,0.5,2.0,0.6666666666666666,0.4,13.733333333333334,0.4776237035032179,1.0,3.0,1.0,0.3,10.299999999999999,0.6340499455108034,1.0,3.0,1.0,0.15,5.1499999999999995,0.6340499455108034,1.0
worm,worm:Q21636,matched,source_association_degree,3,100,103,0.5016666666666667,0.03751602508575586,31,31,31.0,0.03225806451612903,0.0,0.0,0.0,0.0,0.0,0.0,0.0,0.0,0.0,0.0,0.0,0.0,0.0,0.0,0.0,0.0,0.0,0.0
worm,worm:Q21636,all_U,source_association_degree,3,200,203,0.7375,0.035737179487179485,32,32,32.0,0.03125,0.0,0.0,0.0,0.0,0.0,0.0,0.0,0.0,0.0,0.0,0.0,0.0,0.0,0.0,0.0,0.0,0.0,0.0
worm,worm:O45784,background,source_association_degree,10,100,110,0.91,0.6775324675324677,1,1,1.0,1.0,4.0,0.4,0.8,8.8,0.8687949224876582,1.0,6.0,0.6,0.6,6.6,0.715550648768261,1.0,6.5,0.65,0.325,3.575,0.7408088454648761,1.0
worm,worm:O45784,matched,source_association_degree,10,100,110,0.5695,0.2567879074788571,1,1,1.0,1.0,2.0,0.2,0.4,4.4,0.5087403079104241,1.0,2.0,0.2,0.2,2.2,0.33013764944712026,1.0,2.0,0.2,0.1,1.1,0.33013764944712026,1.0
worm,worm:O45784,all_U,source_association_degree,10,200,210,0.73975,0.24773367411825972,1,1,1.0,1.0,2.0,0.2,0.4,8.4,0.5087403079104241,1.0,2.0,0.2,0.2,4.2,0.33013764944712026,1.0,2.0,0.2,0.1,2.1,0.33013764944712026,1.0
worm,worm:Q9TYT3,background,source_association_degree,2,100,102,0.86,0.10846560846560846,5,7,6.0,0.16984126984126985,0.3333333333333333,0.16666666666666666,0.06666666666666667,3.4,0.07906590425643206,0.33333333333333337,1.0,0.5,0.1,5.1000000000000005,0.2199958490586488,1.0,1.0,0.5,0.05,2.5500000000000003,0.2199958490586488,1.0
worm,worm:Q9TYT3,matched,source_association_degree,2,100,102,0.6825,0.18137254901960784,1,3,2.0,0.6111111111111112,1.0,0.5,0.2,10.200000000000001,0.43552453212757647,1.0,1.0,0.5,0.1,5.1000000000000005,0.43552453212757647,1.0,1.0,0.5,0.05,2.5500000000000003,0.43552453212757647,1.0
worm,worm:Q9TYT3,all_U,source_association_degree,2,200,202,0.77125,0.06630824372759857,5,9,7.0,0.14912698412698414,0.2,0.1,0.04,4.04,0.047439542553859244,0.19999999999999996,1.0,0.5,0.1,10.1,0.20759792951455713,1.0,1.0,0.5,0.05,5.05,0.20759792951455713,1.0
worm,worm:O01456,background,source_association_degree,2,100,102,0.8575,0.13333333333333333,4,5,4.5,0.225,1.0,0.5,0.2,10.200000000000001,0.25063291767094353,1.0,1.0,0.5,0.1,5.1000000000000005,0.25063291767094353,1.0,1.0,0.5,0.05,2.5500000000000003,0.25063291767094353,1.0
worm,worm:O01456,matched,source_association_degree,2,100,102,0.355,0.021627308861351415,46,47,46.5,0.02150786308973173,0.0,0.0,0.0,0.0,0.0,0.0,0.0,0.0,0.0,0.0,0.0,0.0,0.0,0.0,0.0,0.0,0.0,0.0
worm,worm:O01456,all_U,source_association_degree,2,200,202,0.60625,0.018207282913165264,49,51,50.0,0.02000533546752034,0.0,0.0,0.0,0.0,0.0,0.0,0.0,0.0,0.0,0.0,0.0,0.0,0.0,0.0,0.0,0.0,0.0,0.0
worm,worm:P06125,background,source_association_degree,2,100,102,0.9525,0.34090909090909094,2,2,2.0,0.5,1.0,0.5,0.2,10.200000000000001,0.38685280723454163,1.0,1.5,0.75,0.15,7.6499999999999995,0.4754724506265655,1.0,2.0,1.0,0.1,5.1000000000000005,0.5609889926604246,1.0
worm,worm:P06125,matched,source_association_degree,2,100,102,0.7,0.07373737373737374,8,9,8.5,0.11805555555555555,0.0,0.0,0.0,0.0,0.0,0.0,1.0,0.5,0.1,5.1000000000000005,0.18900105019841948,1.0,1.0,0.5,0.05,2.5500000000000003,0.18900105019841948,1.0
worm,worm:P06125,all_U,source_association_degree,2,200,202,0.82625,0.065625,9,10,9.5,0.10555555555555556,0.0,0.0,0.0,0.0,0.0,0.0,1.0,0.5,0.1,10.1,0.18090749178180798,1.0,1.0,0.5,0.05,5.05,0.18090749178180798,1.0
worm,worm:P18948,background,source_association_degree,4,100,104,0.93,0.28176725235548766,3,3,3.0,0.3333333333333333,1.0,0.25,0.2,5.2,0.19519002499605084,1.0,2.0,0.5,0.2,5.2,0.32531670832675136,1.0,4.0,1.0,0.2,5.2,0.5278284720825799,1.0
worm,worm:P18948,matched,source_association_degree,4,100,104,0.5575,0.05282012195121952,21,22,21.5,0.046536796536796536,0.0,0.0,0.0,0.0,0.0,0.0,0.0,0.0,0.0,0.0,0.0,0.0,0.0,0.0,0.0,0.0,0.0,0.0
worm,worm:P18948,all_U,source_association_degree,4,200,204,0.74375,0.046361257874415765,23,24,23.5,0.04257246376811594,0.0,0.0,0.0,0.0,0.0,0.0,0.0,0.0,0.0,0.0,0.0,0.0,0.0,0.0,0.0,0.0,0.0,0.0
yeast,yeast:Q02767,background,source_association_degree,2,100,102,0.275,0.020007209805335255,72,73,72.5,0.013793759512937594,0.0,0.0,0.0,0.0,0.0,0.0,0.0,0.0,0.0,0.0,0.0,0.0,0.0,0.0,0.0,0.0,0.0,0.0
yeast,yeast:Q02767,matched,source_association_degree,2,100,102,0.255,0.018378812199036917,63,70,66.5,0.01505548372566483,0.0,0.0,0.0,0.0,0.0,0.0,0.0,0.0,0.0,0.0,0.0,0.0,0.0,0.0,0.0,0.0,0.0,0.0
yeast,yeast:Q02767,all_U,source_association_degree,2,200,202,0.265,0.009656096085716754,134,142,138.0,0.007248915098387756,0.0,0.0,0.0,0.0,0.0,0.0,0.0,0.0,0.0,0.0,0.0,0.0,0.0,0.0,0.0,0.0,0.0,0.0
yeast,yeast:Q03558,background,source_association_degree,2,100,102,0.94,0.5714285714285714,1,1,1.0,1.0,1.0,0.5,0.2,10.200000000000001,0.6131471927654584,1.0,1.0,0.5,0.1,5.1000000000000005,0.6131471927654584,1.0,2.0,1.0,0.1,5.1000000000000005,0.7700871371433883,1.0
yeast,yeast:Q03558,matched,source_association_degree,2,100,102,0.91,0.55,1,1,1.0,1.0,1.0,0.5,0.2,10.200000000000001,0.6131471927654584,1.0,1.0,0.5,0.1,5.1000000000000005,0.6131471927654584,1.0,2.0,1.0,0.1,5.1000000000000005,0.7527425666302089,1.0
yeast,yeast:Q03558,all_U,source_association_degree,2,200,202,0.925,0.53125,1,1,1.0,1.0,1.0,0.5,0.2,20.2,0.6131471927654584,1.0,1.0,0.5,0.1,10.1,0.6131471927654584,1.0,1.0,0.5,0.05,5.05,0.6131471927654584,1.0
yeast,yeast:Q12200,background,source_association_degree,2,100,102,0.915,0.14646464646464646,9,9,9.0,0.1111111111111111,0.0,0.0,0.0,0.0,0.0,0.0,1.0,0.5,0.1,5.1000000000000005,0.18457569677956817,1.0,2.0,1.0,0.1,5.1000000000000005,0.3556087808472863,1.0
yeast,yeast:Q12200,matched,source_association_degree,2,100,102,0.9,0.12698412698412698,9,9,9.0,0.1111111111111111,0.0,0.0,0.0,0.0,0.0,0.0,1.0,0.5,0.1,5.1000000000000005,0.18457569677956817,1.0,2.0,1.0,0.1,5.1000000000000005,0.3415156411574981,1.0
yeast,yeast:Q12200,all_U,source_association_degree,2,200,202,0.9075,0.07289002557544758,17,17,17.0,0.058823529411764705,0.0,0.0,0.0,0.0,0.0,0.0,0.0,0.0,0.0,0.0,0.0,0.0,1.0,0.5,0.05,5.05,0.14704034066641014,1.0
yeast,yeast:Q03323,background,source_association_degree,5,100,105,0.668,0.17418184501959688,2,2,2.0,0.5,1.0,0.2,0.2,4.2,0.21398626473452756,1.0,1.0,0.2,0.1,2.1,0.21398626473452756,1.0,2.0,0.4,0.1,2.1,0.303066534952762,1.0
yeast,yeast:Q03323,matched,source_association_degree,5,100,105,0.54,0.15986542112857904,2,2,2.0,0.5,1.0,0.2,0.2,4.2,0.21398626473452756,1.0,1.0,0.2,0.1,2.1,0.21398626473452756,1.0,2.0,0.4,0.1,2.1,0.3019317879616079,1.0
yeast,yeast:Q03323,all_U,source_association_degree,5,200,205,0.604,0.10141663806392945,3,3,3.0,0.3333333333333333,1.0,0.2,0.2,8.2,0.16958010263680806,1.0,1.0,0.2,0.1,4.1,0.16958010263680806,1.0,1.0,0.2,0.05,2.05,0.16958010263680806,1.0
yeast,yeast:Q12418,background,source_association_degree,4,100,104,0.6975,0.09567363530778164,6,6,6.0,0.16666666666666666,0.0,0.0,0.0,0.0,0.0,0.0,1.0,0.25,0.1,2.6,0.13905617951077562,1.0,1.0,0.25,0.05,1.3,0.13905617951077562,1.0
yeast,yeast:Q12418,matched,source_association_degree,4,100,104,0.40375,0.039659753131739556,25,25,25.0,0.04,0.0,0.0,0.0,0.0,0.0,0.0,0.0,0.0,0.0,0.0,0.0,0.0,0.0,0.0,0.0,0.0,0.0,0.0
yeast,yeast:Q12418,all_U,source_association_degree,4,200,204,0.550625,0.027950410014442005,30,30,30.0,0.03333333333333333,0.0,0.0,0.0,0.0,0.0,0.0,0.0,0.0,0.0,0.0,0.0,0.0,0.0,0.0,0.0,0.0,0.0,0.0
yeast,yeast:P38166,background,source_association_degree,2,100,102,0.4375,0.030752688172043012,25,25,25.0,0.04,0.0,0.0,0.0,0.0,0.0,0.0,0.0,0.0,0.0,0.0,0.0,0.0,0.0,0.0,0.0,0.0,0.0,0.0
yeast,yeast:P38166,matched,source_association_degree,2,100,102,0.55,0.03,29,30,29.5,0.0339080459770115,0.0,0.0,0.0,0.0,0.0,0.0,0.0,0.0,0.0,0.0,0.0,0.0,0.0,0.0,0.0,0.0,0.0,0.0
yeast,yeast:P38166,all_U,source_association_degree,2,200,202,0.49375,0.015283355644801428,53,54,53.5,0.0186932215234102,0.0,0.0,0.0,0.0,0.0,0.0,0.0,0.0,0.0,0.0,0.0,0.0,0.0,0.0,0.0,0.0,0.0,0.0
yeast,yeast:P38862,background,source_association_degree,6,100,106,0.36,0.050729049622409775,44,44,44.0,0.022727272727272728,0.0,0.0,0.0,0.0,0.0,0.0,0.0,0.0,0.0,0.0,0.0,0.0,0.0,0.0,0.0,0.0,0.0,0.0
yeast,yeast:P38862,matched,source_association_degree,6,100,106,0.5333333333333333,0.07190909724567979,23,23,23.0,0.043478260869565216,0.0,0.0,0.0,0.0,0.0,0.0,0.0,0.0,0.0,0.0,0.0,0.0,0.0,0.0,0.0,0.0,0.0,0.0
yeast,yeast:P38862,all_U,source_association_degree,6,200,206,0.44666666666666666,0.030362425099267204,66,66,66.0,0.015151515151515152,0.0,0.0,0.0,0.0,0.0,0.0,0.0,0.0,0.0,0.0,0.0,0.0,0.0,0.0,0.0,0.0,0.0,0.0
yeast,yeast:Q03790,background,source_association_degree,7,100,107,0.6092857142857143,0.09417899444356657,9,9,9.0,0.1111111111111111,0.0,0.0,0.0,0.0,0.0,0.0,1.0,0.14285714285714285,0.1,1.528571428571429,0.08274602130532004,1.0,1.0,0.14285714285714285,0.05,0.7642857142857145,0.08274602130532004,1.0
yeast,yeast:Q03790,matched,source_association_degree,7,100,107,0.49357142857142855,0.07425082311950101,12,12,12.0,0.08333333333333333,0.0,0.0,0.0,0.0,0.0,0.0,0.0,0.0,0.0,0.0,0.0,0.0,1.0,0.14285714285714285,0.05,0.7642857142857145,0.07428207290250749,1.0
yeast,yeast:Q03790,all_U,source_association_degree,7,200,207,0.5514285714285714,0.0432908111269004,20,20,20.0,0.05,0.0,0.0,0.0,0.0,0.0,0.0,0.0,0.0,0.0,0.0,0.0,0.0,1.0,0.14285714285714285,0.05,1.4785714285714289,0.06258116307550304,1.0
yeast,yeast:P00635,background,source_association_degree,3,100,103,0.2633333333333333,0.02547838626068168,67,67,67.0,0.014925373134328358,0.0,0.0,0.0,0.0,0.0,0.0,0.0,0.0,0.0,0.0,0.0,0.0,0.0,0.0,0.0,0.0,0.0,0.0
yeast,yeast:P00635,matched,source_association_degree,3,100,103,0.30333333333333334,0.02660082470983472,58,58,58.0,0.017241379310344827,0.0,0.0,0.0,0.0,0.0,0.0,0.0,0.0,0.0,0.0,0.0,0.0,0.0,0.0,0.0,0.0,0.0,0.0
yeast,yeast:P00635,all_U,source_association_degree,3,200,203,0.2833333333333333,0.013168807431531182,124,124,124.0,0.008064516129032258,0.0,0.0,0.0,0.0,0.0,0.0,0.0,0.0,0.0,0.0,0.0,0.0,0.0,0.0,0.0,0.0,0.0,0.0
yeast,yeast:P19454,background,source_association_degree,6,100,106,0.8891666666666667,0.6409508247743543,1,1,1.0,1.0,3.0,0.5,0.6,10.6,0.7227265726449519,1.0,4.0,0.6666666666666666,0.4,7.066666666666667,0.7359168896506131,1.0,5.0,0.8333333333333334,0.25,4.416666666666667,0.8084847208212331,1.0
yeast,yeast:P19454,matched,source_association_degree,6,100,106,0.8066666666666666,0.6071472230145469,1,1,1.0,1.0,3.0,0.5,0.6,10.6,0.7227265726449519,1.0,3.0,0.5,0.3,5.3,0.644824486427155,1.0,4.0,0.6666666666666666,0.2,3.5333333333333337,0.7292332950096552,1.0
yeast,yeast:P19454,all_U,source_association_degree,6,200,206,0.8479166666666667,0.5722789115646258,1,1,1.0,1.0,3.0,0.5,0.6,20.599999999999998,0.7227265726449519,1.0,3.0,0.5,0.3,10.299999999999999,0.644824486427155,1.0,4.0,0.6666666666666666,0.2,6.866666666666667,0.7188563309359233,1.0
yeast,yeast:P07274,background,source_association_degree,3,100,103,0.9066666666666666,0.5344827586206896,1,1,1.0,1.0,2.0,0.6666666666666666,0.4,13.733333333333334,0.6713860725233041,1.0,2.0,0.6666666666666666,0.2,6.866666666666667,0.6713860725233041,1.0,2.0,0.6666666666666666,0.1,3.4333333333333336,0.6713860725233041,1.0
yeast,yeast:P07274,matched,source_association_degree,3,100,103,0.7933333333333333,0.24074074074074073,2,2,2.0,0.5,1.0,0.3333333333333333,0.2,6.866666666666667,0.2960819109658652,1.0,1.0,0.3333333333333333,0.1,3.4333333333333336,0.2960819109658652,1.0,2.0,0.6666666666666666,0.1,3.4333333333333336,0.4228989277982588,1.0
yeast,yeast:P07274,all_U,source_association_degree,3,200,203,0.85,0.22678571428571428,2,2,2.0,0.5,1.0,0.3333333333333333,0.2,13.533333333333335,0.2960819109658652,1.0,1.0,0.3333333333333333,0.1,6.7666666666666675,0.2960819109658652,1.0,2.0,0.6666666666666666,0.1,6.7666666666666675,0.4161975667639165,1.0
yeast,yeast:Q12208,background,source_association_degree,6,100,106,0.7633333333333333,0.15859722714561425,7,7,7.0,0.14285714285714285,0.0,0.0,0.0,0.0,0.0,0.0,2.0,0.3333333333333333,0.2,3.5333333333333337,0.18833918526767934,1.0,3.0,0.5,0.15,2.65,0.2678175684742753,1.0
yeast,yeast:Q12208,matched,source_association_degree,6,100,106,0.6566666666666666,0.12645462440295266,6,6,6.0,0.16666666666666666,0.0,0.0,0.0,0.0,0.0,0.0,2.0,0.3333333333333333,0.2,3.5333333333333337,0.19526086862591915,1.0,2.0,0.3333333333333333,0.1,1.7666666666666668,0.19526086862591915,1.0
yeast,yeast:Q12208,all_U,source_association_degree,6,200,206,0.71,0.07490655978559205,12,12,12.0,0.08333333333333333,0.0,0.0,0.0,0.0,0.0,0.0,0.0,0.0,0.0,0.0,0.0,0.0,2.0,0.3333333333333333,0.1,3.4333333333333336,0.15301002309304984,1.0
yeast,yeast:P22289,background,source_association_degree,2,100,102,0.925,0.3125,2,2,2.0,0.5,1.0,0.5,0.2,10.200000000000001,0.38685280723454163,1.0,1.0,0.5,0.1,5.1000000000000005,0.38685280723454163,1.0,2.0,1.0,0.1,5.1000000000000005,0.5368596003428795,1.0
yeast,yeast:P22289,matched,source_association_degree,2,100,102,0.76,0.07045454545454546,11,11,11.0,0.09090909090909091,0.0,0.0,0.0,0.0,0.0,0.0,0.0,0.0,0.0,0.0,0.0,0.0,1.0,0.5,0.05,2.5500000000000003,0.1710330840677181,1.0
yeast,yeast:P22289,all_U,source_association_degree,2,200,202,0.8425,0.06018518518518518,12,12,12.0,0.08333333333333333,0.0,0.0,0.0,0.0,0.0,0.0,0.0,0.0,0.0,0.0,0.0,0.0,1.0,0.5,0.05,5.05,0.16569576576522954,1.0
yeast,yeast:P38130,background,source_association_degree,6,100,106,0.6183333333333333,0.07861516282339442,20,20,20.0,0.05,0.0,0.0,0.0,0.0,0.0,0.0,0.0,0.0,0.0,0.0,0.0,0.0,1.0,0.16666666666666666,0.05,0.8833333333333334,0.06889356673757308,1.0
yeast,yeast:P38130,matched,source_association_degree,6,100,106,0.3883333333333333,0.050655480621044,36,36,36.0,0.027777777777777776,0.0,0.0,0.0,0.0,0.0,0.0,0.0,0.0,0.0,0.0,0.0,0.0,0.0,0.0,0.0,0.0,0.0,0.0
yeast,yeast:P38130,all_U,source_association_degree,6,200,206,0.5033333333333333,0.031816917458522886,55,55,55.0,0.01818181818181818,0.0,0.0,0.0,0.0,0.0,0.0,0.0,0.0,0.0,0.0,0.0,0.0,0.0,0.0,0.0,0.0,0.0,0.0
yeast,yeast:Q12527,background,source_association_degree,10,100,110,0.794,0.36286312944718113,1,1,1.0,1.0,2.0,0.2,0.4,4.4,0.4703652827859579,1.0,4.0,0.4,0.4,4.4,0.4480300279758384,1.0,5.0,0.5,0.25,2.75,0.5018755979164217,1.0
yeast,yeast:Q12527,matched,source_association_degree,10,100,110,0.6795,0.3112654833782673,1,1,1.0,1.0,2.0,0.2,0.4,4.4,0.4703652827859579,1.0,4.0,0.4,0.4,4.4,0.43828689407543014,1.0,5.0,0.5,0.25,2.75,0.48921133369265524,1.0
yeast,yeast:Q12527,all_U,source_association_degree,10,200,210,0.73675,0.23906266462945697,1,1,1.0,1.0,1.0,0.1,0.2,4.2,0.3391602052736161,1.0,2.0,0.2,0.2,4.2,0.28952298823485745,1.0,4.0,0.4,0.2,4.2,0.4053344347424597,1.0
yeast,yeast:Q12334,background,source_association_degree,3,100,103,0.75,0.11785714285714285,5,5,5.0,0.2,1.0,0.3333333333333333,0.2,6.866666666666667,0.18154179253735267,1.0,1.0,0.3333333333333333,0.1,3.4333333333333336,0.18154179253735267,1.0,2.0,0.6666666666666666,0.1,3.4333333333333336,0.28838259679914285,1.0
yeast,yeast:Q12334,matched,source_association_degree,3,100,103,0.7016666666666667,0.21886936592818945,1,2,1.5,0.75,1.0,0.3333333333333333,0.2,6.866666666666667,0.38268031849431083,1.0,1.0,0.3333333333333333,0.1,3.4333333333333336,0.38268031849431083,1.0,2.0,0.6666666666666666,0.1,3.4333333333333336,0.4952192072897785,1.0
yeast,yeast:Q12334,all_U,source_association_degree,3,200,203,0.7258333333333333,0.0822954822954823,5,6,5.5,0.18333333333333335,0.5,0.16666666666666666,0.1,6.7666666666666675,0.09077089626867633,0.5,1.0,0.3333333333333333,0.1,6.7666666666666675,0.17435112375177747,1.0,1.0,0.3333333333333333,0.05,3.3833333333333337,0.17435112375177747,1.0
yeast,yeast:P32833,background,source_association_degree,6,100,106,0.6166666666666667,0.08298000381333714,27,27,27.0,0.037037037037037035,0.0,0.0,0.0,0.0,0.0,0.0,0.0,0.0,0.0,0.0,0.0,0.0,0.0,0.0,0.0,0.0,0.0,0.0
yeast,yeast:P32833,matched,source_association_degree,6,100,106,0.5083333333333333,0.06628089229202462,34,34,34.0,0.029411764705882353,0.0,0.0,0.0,0.0,0.0,0.0,0.0,0.0,0.0,0.0,0.0,0.0,0.0,0.0,0.0,0.0,0.0,0.0
yeast,yeast:P32833,all_U,source_association_degree,6,200,206,0.5625,0.03841897776201044,60,60,60.0,0.016666666666666666,0.0,0.0,0.0,0.0,0.0,0.0,0.0,0.0,0.0,0.0,0.0,0.0,0.0,0.0,0.0,0.0,0.0,0.0
yeast,yeast:P46983,background,source_association_degree,3,100,103,0.4483333333333333,0.03325476992143658,44,44,44.0,0.022727272727272728,0.0,0.0,0.0,0.0,0.0,0.0,0.0,0.0,0.0,0.0,0.0,0.0,0.0,0.0,0.0,0.0,0.0,0.0
yeast,yeast:P46983,matched,source_association_degree,3,100,103,0.37,0.029524555903866247,50,50,50.0,0.02,0.0,0.0,0.0,0.0,0.0,0.0,0.0,0.0,0.0,0.0,0.0,0.0,0.0,0.0,0.0,0.0,0.0,0.0
yeast,yeast:P46983,all_U,source_association_degree,3,200,203,0.4091666666666667,0.015894835451287063,93,93,93.0,0.010752688172043012,0.0,0.0,0.0,0.0,0.0,0.0,0.0,0.0,0.0,0.0,0.0,0.0,0.0,0.0,0.0,0.0,0.0,0.0
yeast,yeast:P39529,background,source_association_degree,2,100,102,0.715,0.048611111111111105,24,24,24.0,0.041666666666666664,0.0,0.0,0.0,0.0,0.0,0.0,0.0,0.0,0.0,0.0,0.0,0.0,0.0,0.0,0.0,0.0,0.0,0.0
yeast,yeast:P39529,matched,source_association_degree,2,100,102,0.455,0.026022913256955812,47,47,47.0,0.02127659574468085,0.0,0.0,0.0,0.0,0.0,0.0,0.0,0.0,0.0,0.0,0.0,0.0,0.0,0.0,0.0,0.0,0.0,0.0
yeast,yeast:P39529,all_U,source_association_degree,2,200,202,0.585,0.017243867243867245,70,70,70.0,0.014285714285714285,0.0,0.0,0.0,0.0,0.0,0.0,0.0,0.0,0.0,0.0,0.0,0.0,0.0,0.0,0.0,0.0,0.0,0.0
yeast,yeast:Q3E792,background,source_association_degree,2,100,102,0.965,0.6111111111111112,1,1,1.0,1.0,1.0,0.5,0.2,10.200000000000001,0.6131471927654584,1.0,2.0,1.0,0.2,10.200000000000001,0.7977228895450266,1.0,2.0,1.0,0.1,5.1000000000000005,0.7977228895450266,1.0
yeast,yeast:Q3E792,matched,source_association_degree,2,100,102,0.855,0.2011494252873563,3,3,3.0,0.3333333333333333,1.0,0.5,0.2,10.200000000000001,0.3065735963827292,1.0,1.0,0.5,0.1,5.1000000000000005,0.3065735963827292,1.0,1.0,0.5,0.05,2.5500000000000003,0.3065735963827292,1.0
yeast,yeast:Q3E792,all_U,source_association_degree,2,200,202,0.91,0.19444444444444442,3,3,3.0,0.3333333333333333,1.0,0.5,0.2,20.2,0.3065735963827292,1.0,1.0,0.5,0.1,10.1,0.3065735963827292,1.0,1.0,0.5,0.05,5.05,0.3065735963827292,1.0
yeast,yeast:P29469,background,source_association_degree,9,100,109,0.8161111111111111,0.3851079083105227,2,2,2.0,0.5,3.0,0.3333333333333333,0.6,7.266666666666666,0.5147714448836774,1.0,4.0,0.4444444444444444,0.4,4.844444444444444,0.4308966511814452,1.0,6.0,0.6666666666666666,0.3,3.633333333333333,0.5461441341380293,1.0
yeast,yeast:P29469,matched,source_association_degree,9,100,109,0.68,0.24326016573959341,2,2,2.0,0.5,2.0,0.2222222222222222,0.4,4.844444444444444,0.34519134224686937,1.0,3.0,0.3333333333333333,0.3,3.633333333333333,0.3133738764742025,1.0,4.0,0.4444444444444444,0.2,2.422222222222222,0.37087789756093265,1.0
yeast,yeast:P29469,all_U,source_association_degree,9,200,209,0.7480555555555556,0.18160175519127963,3,3,3.0,0.3333333333333333,1.0,0.1111111111111111,0.2,4.644444444444445,0.16958010263680806,1.0,3.0,0.3333333333333333,0.3,6.966666666666666,0.26919108962472693,1.0,4.0,0.4444444444444444,0.2,4.644444444444445,0.3227039683150348,1.0
yeast,yeast:P53969,background,source_association_degree,2,100,102,0.83,0.08166666666666667,12,12,12.0,0.08333333333333333,0.0,0.0,0.0,0.0,0.0,0.0,0.0,0.0,0.0,0.0,0.0,0.0,1.0,0.5,0.05,2.5500000000000003,0.16569576576522954,1.0
yeast,yeast:P53969,matched,source_association_degree,2,100,102,0.825,0.07846153846153847,13,13,13.0,0.07692307692307693,0.0,0.0,0.0,0.0,0.0,0.0,0.0,0.0,0.0,0.0,0.0,0.0,1.0,0.5,0.05,2.5500000000000003,0.16104282508920814,1.0
yeast,yeast:P53969,all_U,source_association_degree,2,200,202,0.8275,0.041666666666666664,24,24,24.0,0.041666666666666664,0.0,0.0,0.0,0.0,0.0,0.0,0.0,0.0,0.0,0.0,0.0,0.0,0.0,0.0,0.0,0.0,0.0,0.0
yeast,yeast:Q02555,background,source_association_degree,2,100,102,0.9,0.5454545454545454,1,1,1.0,1.0,1.0,0.5,0.2,10.200000000000001,0.6131471927654584,1.0,1.0,0.5,0.1,5.1000000000000005,0.6131471927654584,1.0,1.0,0.5,0.05,2.5500000000000003,0.6131471927654584,1.0
yeast,yeast:Q02555,matched,source_association_degree,2,100,102,0.86,0.20238095238095238,3,3,3.0,0.3333333333333333,1.0,0.5,0.2,10.200000000000001,0.3065735963827292,1.0,1.0,0.5,0.1,5.1000000000000005,0.3065735963827292,1.0,1.0,0.5,0.05,2.5500000000000003,0.3065735963827292,1.0
yeast,yeast:Q02555,all_U,source_association_degree,2,200,202,0.88,0.1875,3,3,3.0,0.3333333333333333,1.0,0.5,0.2,20.2,0.3065735963827292,1.0,1.0,0.5,0.1,10.1,0.3065735963827292,1.0,1.0,0.5,0.05,5.05,0.3065735963827292,1.0
yeast,yeast:P53035,background,source_association_degree,7,100,107,0.3892857142857143,0.056613965744400516,32,32,32.0,0.03125,0.0,0.0,0.0,0.0,0.0,0.0,0.0,0.0,0.0,0.0,0.0,0.0,0.0,0.0,0.0,0.0,0.0,0.0
yeast,yeast:P53035,matched,source_association_degree,7,100,107,0.51,0.08215268035915599,9,9,9.0,0.1111111111111111,0.0,0.0,0.0,0.0,0.0,0.0,1.0,0.14285714285714285,0.1,1.528571428571429,0.08274602130532004,1.0,1.0,0.14285714285714285,0.05,0.7642857142857145,0.08274602130532004,1.0
yeast,yeast:P53035,all_U,source_association_degree,7,200,207,0.4496428571428571,0.03327244619346195,40,40,40.0,0.025,0.0,0.0,0.0,0.0,0.0,0.0,0.0,0.0,0.0,0.0,0.0,0.0,0.0,0.0,0.0,0.0,0.0,0.0
yeast,yeast:P32500,background,source_association_degree,4,100,104,0.655,0.06429455339678485,21,21,21.0,0.047619047619047616,0.0,0.0,0.0,0.0,0.0,0.0,0.0,0.0,0.0,0.0,0.0,0.0,0.0,0.0,0.0,0.0,0.0,0.0
yeast,yeast:P32500,matched,source_association_degree,4,100,104,0.41625,0.0395487409320609,29,29,29.0,0.034482758620689655,0.0,0.0,0.0,0.0,0.0,0.0,0.0,0.0,0.0,0.0,0.0,0.0,0.0,0.0,0.0,0.0,0.0,0.0
yeast,yeast:P32500,all_U,source_association_degree,4,200,204,0.535625,0.025065517262361114,49,49,49.0,0.02040816326530612,0.0,0.0,0.0,0.0,0.0,0.0,0.0,0.0,0.0,0.0,0.0,0.0,0.0,0.0,0.0,0.0,0.0,0.0
yeast,yeast:P47083,background,source_association_degree,10,100,110,0.935,0.5743497183819766,2,2,2.0,0.5,3.0,0.3,0.6,6.6,0.4912596920895758,1.0,7.0,0.7,0.7,7.699999999999999,0.606241562353928,1.0,8.0,0.8,0.4,4.4,0.6657187550829702,1.0
yeast,yeast:P47083,matched,source_association_degree,10,100,110,0.893,0.6776766513056837,1,1,1.0,1.0,4.0,0.4,0.8,8.8,0.7860137352654724,1.0,7.0,0.7,0.7,7.699999999999999,0.7312625444731047,1.0,8.0,0.8,0.4,4.4,0.7907397372021469,1.0
yeast,yeast:P47083,all_U,source_association_degree,10,200,210,0.914,0.46951526543631805,2,2,2.0,0.5,2.0,0.2,0.4,8.4,0.34519134224686937,1.0,7.0,0.7,0.7,14.7,0.5750739861833288,1.0,8.0,0.8,0.4,8.4,0.628919556123912,1.0
yeast,yeast:P38249,background,source_association_degree,2,100,102,1.0,1.0,1,1,1.0,1.0,2.0,1.0,0.4,20.400000000000002,1.0,1.0,2.0,1.0,0.2,10.200000000000001,1.0,1.0,2.0,1.0,0.1,5.1000000000000005,1.0,1.0
yeast,yeast:P38249,matched,source_association_degree,2,100,102,1.0,1.0,1,1,1.0,1.0,2.0,1.0,0.4,20.400000000000002,1.0,1.0,2.0,1.0,0.2,10.200000000000001,1.0,1.0,2.0,1.0,0.1,5.1000000000000005,1.0,1.0
yeast,yeast:P38249,all_U,source_association_degree,2,200,202,1.0,1.0,1,1,1.0,1.0,2.0,1.0,0.4,40.4,1.0,1.0,2.0,1.0,0.2,20.2,1.0,1.0,2.0,1.0,0.1,10.1,1.0,1.0
yeast,yeast:P38770,background,source_association_degree,2,100,102,0.53,0.03023156089193825,44,44,44.0,0.022727272727272728,0.0,0.0,0.0,0.0,0.0,0.0,0.0,0.0,0.0,0.0,0.0,0.0,0.0,0.0,0.0,0.0,0.0,0.0
yeast,yeast:P38770,matched,source_association_degree,2,100,102,0.1575,0.017019822282980178,76,77,76.5,0.013072453861927546,0.0,0.0,0.0,0.0,0.0,0.0,0.0,0.0,0.0,0.0,0.0,0.0,0.0,0.0,0.0,0.0,0.0,0.0
yeast,yeast:P38770,all_U,source_association_degree,2,200,202,0.34375,0.011015981735159816,119,120,119.5,0.008368347338935574,0.0,0.0,0.0,0.0,0.0,0.0,0.0,0.0,0.0,0.0,0.0,0.0,0.0,0.0,0.0,0.0,0.0,0.0
yeast,yeast:P38753,background,source_association_degree,2,100,102,0.1825,0.017243867243867245,69,70,69.5,0.014389233954451346,0.0,0.0,0.0,0.0,0.0,0.0,0.0,0.0,0.0,0.0,0.0,0.0,0.0,0.0,0.0,0.0,0.0,0.0
yeast,yeast:P38753,matched,source_association_degree,2,100,102,0.565,0.030776515151515152,30,32,31.0,0.032280465949820786,0.0,0.0,0.0,0.0,0.0,0.0,0.0,0.0,0.0,0.0,0.0,0.0,0.0,0.0,0.0,0.0,0.0,0.0
yeast,yeast:P38753,all_U,source_association_degree,2,200,202,0.37375,0.011085464374658325,98,101,99.5,0.010051520458168267,0.0,0.0,0.0,0.0,0.0,0.0,0.0,0.0,0.0,0.0,0.0,0.0,0.0,0.0,0.0,0.0,0.0,0.0
yeast,yeast:P38071,background,source_association_degree,2,100,102,0.795,0.06696428571428571,16,16,16.0,0.0625,0.0,0.0,0.0,0.0,0.0,0.0,0.0,0.0,0.0,0.0,0.0,0.0,1.0,0.5,0.05,2.5500000000000003,0.15000679310833784,1.0
yeast,yeast:P38071,matched,source_association_degree,2,100,102,0.675,0.04290876242095754,27,27,27.0,0.037037037037037035,0.0,0.0,0.0,0.0,0.0,0.0,0.0,0.0,0.0,0.0,0.0,0.0,0.0,0.0,0.0,0.0,0.0,0.0
yeast,yeast:P38071,all_U,source_association_degree,2,200,202,0.735,0.026830135039090264,42,42,42.0,0.023809523809523808,0.0,0.0,0.0,0.0,0.0,0.0,0.0,0.0,0.0,0.0,0.0,0.0,0.0,0.0,0.0,0.0,0.0,0.0
yeast,yeast:Q06628,background,source_association_degree,7,100,107,0.7292857142857143,0.14547023025283892,9,9,9.0,0.1111111111111111,0.0,0.0,0.0,0.0,0.0,0.0,1.0,0.14285714285714285,0.1,1.528571428571429,0.08274602130532004,1.0,3.0,0.42857142857142855,0.15,2.292857142857143,0.2289587785323529,1.0
yeast,yeast:Q06628,matched,source_association_degree,7,100,107,0.6457142857142857,0.13975878941035735,7,7,7.0,0.14285714285714285,0.0,0.0,0.0,0.0,0.0,0.0,1.0,0.14285714285714285,0.1,1.528571428571429,0.09162544430476362,1.0,3.0,0.42857142857142855,0.15,2.292857142857143,0.24258233120016404,1.0
yeast,yeast:Q06628,all_U,source_association_degree,7,200,207,0.6875,0.0763352649913084,15,15,15.0,0.06666666666666667,0.0,0.0,0.0,0.0,0.0,0.0,0.0,0.0,0.0,0.0,0.0,0.0,2.0,0.2857142857142857,0.1,2.9571428571428577,0.13130024630407577,1.0
yeast,yeast:P15790,background,source_association_degree,10,100,110,0.9185,0.8051526458616012,1,1,1.0,1.0,5.0,0.5,1.0,11.0,1.0,1.0,7.0,0.7,0.7,7.699999999999999,0.7967610662472993,1.0,8.0,0.8,0.4,4.4,0.8581541118520458,1.0
yeast,yeast:P15790,matched,source_association_degree,10,100,110,0.866,0.7715674874601003,1,1,1.0,1.0,5.0,0.5,1.0,11.0,1.0,1.0,7.0,0.7,0.7,7.699999999999999,0.7967610662472993,1.0,8.0,0.8,0.4,4.4,0.8517840078218193,1.0
yeast,yeast:P15790,all_U,source_association_degree,10,200,210,0.89225,0.7425740303983228,1,1,1.0,1.0,5.0,0.5,1.0,21.0,1.0,1.0,7.0,0.7,0.7,14.7,0.793584067764911,1.0,8.0,0.8,0.4,8.4,0.8453956313100861,1.0
yeast,yeast:P53583,background,source_association_degree,3,100,103,0.425,0.03211640211640211,36,36,36.0,0.027777777777777776,0.0,0.0,0.0,0.0,0.0,0.0,0.0,0.0,0.0,0.0,0.0,0.0,0.0,0.0,0.0,0.0,0.0,0.0
yeast,yeast:P53583,matched,source_association_degree,3,100,103,0.3983333333333333,0.03566985026942504,21,21,21.0,0.047619047619047616,0.0,0.0,0.0,0.0,0.0,0.0,0.0,0.0,0.0,0.0,0.0,0.0,0.0,0.0,0.0,0.0,0.0,0.0
yeast,yeast:P53583,all_U,source_association_degree,3,200,203,0.4116666666666667,0.016736818741500903,56,56,56.0,0.017857142857142856,0.0,0.0,0.0,0.0,0.0,0.0,0.0,0.0,0.0,0.0,0.0,0.0,0.0,0.0,0.0,0.0,0.0,0.0
yeast,yeast:Q04401,background,source_association_degree,3,100,103,0.7666666666666667,0.2113095238095238,2,2,2.0,0.5,1.0,0.3333333333333333,0.2,6.866666666666667,0.2960819109658652,1.0,1.0,0.3333333333333333,0.1,3.4333333333333336,0.2960819109658652,1.0,1.0,0.3333333333333333,0.05,1.7166666666666668,0.2960819109658652,1.0
yeast,yeast:Q04401,matched,source_association_degree,3,100,103,0.6666666666666666,0.09948883508205542,5,5,5.0,0.2,1.0,0.3333333333333333,0.2,6.866666666666667,0.18154179253735267,1.0,1.0,0.3333333333333333,0.1,3.4333333333333336,0.18154179253735267,1.0,1.0,0.3333333333333333,0.05,1.7166666666666668,0.18154179253735267,1.0
yeast,yeast:Q04401,all_U,source_association_degree,3,200,203,0.7166666666666667,0.07501889644746787,6,6,6.0,0.16666666666666666,0.0,0.0,0.0,0.0,0.0,0.0,1.0,0.3333333333333333,0.1,6.7666666666666675,0.16716045496620227,1.0,1.0,0.3333333333333333,0.05,3.3833333333333337,0.16716045496620227,1.0
yeast,yeast:Q07500,background,source_association_degree,2,100,102,0.26,0.01951637471439452,52,52,52.0,0.019230769230769232,0.0,0.0,0.0,0.0,0.0,0.0,0.0,0.0,0.0,0.0,0.0,0.0,0.0,0.0,0.0,0.0,0.0,0.0
yeast,yeast:Q07500,matched,source_association_degree,2,100,102,0.3825,0.021708683473389355,42,42,42.0,0.023809523809523808,0.0,0.0,0.0,0.0,0.0,0.0,0.0,0.0,0.0,0.0,0.0,0.0,0.0,0.0,0.0,0.0,0.0,0.0
yeast,yeast:Q07500,all_U,source_association_degree,2,200,202,0.32125,0.010351468464130958,93,93,93.0,0.010752688172043012,0.0,0.0,0.0,0.0,0.0,0.0,0.0,0.0,0.0,0.0,0.0,0.0,0.0,0.0,0.0,0.0,0.0,0.0
yeast,yeast:P47050,background,source_association_degree,5,100,105,0.592,0.06991022331949276,19,19,19.0,0.05263157894736842,0.0,0.0,0.0,0.0,0.0,0.0,0.0,0.0,0.0,0.0,0.0,0.0,1.0,0.2,0.05,1.05,0.07847428227110642,1.0
yeast,yeast:P47050,matched,source_association_degree,5,100,105,0.571,0.08515641696877278,13,13,13.0,0.07692307692307693,0.0,0.0,0.0,0.0,0.0,0.0,0.0,0.0,0.0,0.0,0.0,0.0,2.0,0.4,0.1,2.1,0.16892160559890235,1.0
yeast,yeast:P47050,all_U,source_association_degree,5,200,205,0.5815,0.039327478068719154,31,31,31.0,0.03225806451612903,0.0,0.0,0.0,0.0,0.0,0.0,0.0,0.0,0.0,0.0,0.0,0.0,0.0,0.0,0.0,0.0,0.0,0.0
yeast,yeast:P40454,background,source_association_degree,7,100,107,0.6914285714285714,0.12967683938108315,9,9,9.0,0.1111111111111111,0.0,0.0,0.0,0.0,0.0,0.0,1.0,0.14285714285714285,0.1,1.528571428571429,0.08274602130532004,1.0,3.0,0.42857142857142855,0.15,2.292857142857143,0.21670321929464292,1.0
yeast,yeast:P40454,matched,source_association_degree,7,100,107,0.6407142857142857,0.14380002339653944,5,5,5.0,0.2,1.0,0.14285714285714285,0.2,3.057142857142858,0.13120507751234178,1.0,2.0,0.2857142857142857,0.2,3.057142857142858,0.19796212533499347,1.0,2.0,0.2857142857142857,0.1,1.528571428571429,0.19796212533499347,1.0
yeast,yeast:P40454,all_U,source_association_degree,7,200,207,0.6660714285714285,0.07011650853512302,13,13,13.0,0.07692307692307693,0.0,0.0,0.0,0.0,0.0,0.0,0.0,0.0,0.0,0.0,0.0,0.0,2.0,0.2857142857142857,0.1,2.9571428571428577,0.13579653578228304,1.0
yeast,yeast:P15315,background,source_association_degree,8,100,108,0.689375,0.14399550832120128,5,5,5.0,0.2,1.0,0.125,0.2,2.7,0.13120507751234178,1.0,1.0,0.125,0.1,1.35,0.09785159463516042,1.0,2.0,0.25,0.1,1.35,0.16428687790813665,1.0
yeast,yeast:P15315,matched,source_association_degree,8,100,108,0.519375,0.08675738590367776,12,13,12.5,0.08012820512820512,0.0,0.0,0.0,0.0,0.0,0.0,0.0,0.0,0.0,0.0,0.0,0.0,1.0,0.125,0.05,0.675,0.067395026222383,1.0
yeast,yeast:P15315,all_U,source_association_degree,8,200,208,0.604375,0.05672201710087774,16,17,16.5,0.06066176470588235,0.0,0.0,0.0,0.0,0.0,0.0,0.0,0.0,0.0,0.0,0.0,0.0,1.0,0.125,0.05,1.3,0.06127069140403912,1.0
yeast,yeast:P21825,background,source_association_degree,10,100,110,0.5135,0.09648660236476844,34,34,34.0,0.029411764705882353,0.0,0.0,0.0,0.0,0.0,0.0,0.0,0.0,0.0,0.0,0.0,0.0,0.0,0.0,0.0,0.0,0.0,0.0
yeast,yeast:P21825,matched,source_association_degree,10,100,110,0.4095,0.080657523839674,41,41,41.0,0.024390243902439025,0.0,0.0,0.0,0.0,0.0,0.0,0.0,0.0,0.0,0.0,0.0,0.0,0.0,0.0,0.0,0.0,0.0,0.0
yeast,yeast:P21825,all_U,source_association_degree,10,200,210,0.4615,0.046130837969810275,74,74,74.0,0.013513513513513514,0.0,0.0,0.0,0.0,0.0,0.0,0.0,0.0,0.0,0.0,0.0,0.0,0.0,0.0,0.0,0.0,0.0,0.0
yeast,yeast:P25337,background,source_association_degree,3,100,103,0.73,0.07024886877828054,13,13,13.0,0.07692307692307693,0.0,0.0,0.0,0.0,0.0,0.0,0.0,0.0,0.0,0.0,0.0,0.0,1.0,0.3333333333333333,0.05,1.7166666666666668,0.12325583919272352,1.0
yeast,yeast:P25337,matched,source_association_degree,3,100,103,0.4633333333333333,0.03445214226980878,36,36,36.0,0.027777777777777776,0.0,0.0,0.0,0.0,0.0,0.0,0.0,0.0,0.0,0.0,0.0,0.0,0.0,0.0,0.0,0.0,0.0,0.0
yeast,yeast:P25337,all_U,source_association_degree,3,200,203,0.5966666666666667,0.023442760942760942,48,48,48.0,0.020833333333333332,0.0,0.0,0.0,0.0,0.0,0.0,0.0,0.0,0.0,0.0,0.0,0.0,0.0,0.0,0.0,0.0,0.0,0.0
yeast,yeast:P39958,background,source_association_degree,10,100,110,0.5565,0.10289729158786882,26,26,26.0,0.038461538461538464,0.0,0.0,0.0,0.0,0.0,0.0,0.0,0.0,0.0,0.0,0.0,0.0,0.0,0.0,0.0,0.0,0.0,0.0
yeast,yeast:P39958,matched,source_association_degree,10,100,110,0.426,0.08225749925330397,36,36,36.0,0.027777777777777776,0.0,0.0,0.0,0.0,0.0,0.0,0.0,0.0,0.0,0.0,0.0,0.0,0.0,0.0,0.0,0.0,0.0,0.0
yeast,yeast:P39958,all_U,source_association_degree,10,200,210,0.49125,0.04804375500085567,61,61,61.0,0.01639344262295082,0.0,0.0,0.0,0.0,0.0,0.0,0.0,0.0,0.0,0.0,0.0,0.0,0.0,0.0,0.0,0.0,0.0,0.0
yeast,yeast:P40187,background,source_association_degree,2,100,102,0.7275,0.05195681511470985,18,19,18.5,0.054093567251461985,0.0,0.0,0.0,0.0,0.0,0.0,0.0,0.0,0.0,0.0,0.0,0.0,1.0,0.5,0.05,2.5500000000000003,0.1431046081243577,1.0
yeast,yeast:P40187,matched,source_association_degree,2,100,102,0.435,0.02638888888888889,36,36,36.0,0.027777777777777776,0.0,0.0,0.0,0.0,0.0,0.0,0.0,0.0,0.0,0.0,0.0,0.0,0.0,0.0,0.0,0.0,0.0,0.0
yeast,yeast:P40187,all_U,source_association_degree,2,200,202,0.58125,0.017806267806267807,53,54,53.5,0.0186932215234102,0.0,0.0,0.0,0.0,0.0,0.0,0.0,0.0,0.0,0.0,0.0,0.0,0.0,0.0,0.0,0.0,0.0,0.0
yeast,yeast:P40554,background,source_association_degree,3,100,103,0.6966666666666667,0.06369047619047619,14,14,14.0,0.07142857142857142,0.0,0.0,0.0,0.0,0.0,0.0,0.0,0.0,0.0,0.0,0.0,0.0,1.0,0.3333333333333333,0.05,1.7166666666666668,0.12011565579805131,1.0
yeast,yeast:P40554,matched,source_association_degree,3,100,103,0.39,0.031226985574811662,33,33,33.0,0.030303030303030304,0.0,0.0,0.0,0.0,0.0,0.0,0.0,0.0,0.0,0.0,0.0,0.0,0.0,0.0,0.0,0.0,0.0,0.0
yeast,yeast:P40554,all_U,source_association_degree,3,200,203,0.5433333333333333,0.021348367973022274,46,46,46.0,0.021739130434782608,0.0,0.0,0.0,0.0,0.0,0.0,0.0,0.0,0.0,0.0,0.0,0.0,0.0,0.0,0.0,0.0,0.0,0.0
yeast,yeast:P50946,background,source_association_degree,3,100,103,0.96,0.3206349206349206,5,5,5.0,0.2,1.0,0.3333333333333333,0.2,6.866666666666667,0.18154179253735267,1.0,3.0,1.0,0.3,10.299999999999999,0.5051284895111403,1.0,3.0,1.0,0.15,5.1499999999999995,0.5051284895111403,1.0
yeast,yeast:P50946,matched,source_association_degree,3,100,103,0.9233333333333333,0.19924242424242422,8,8,8.0,0.125,0.0,0.0,0.0,0.0,0.0,0.0,2.0,0.6666666666666666,0.2,6.866666666666667,0.2836929289153804,1.0,3.0,1.0,0.15,5.1499999999999995,0.4145949190835776,1.0
yeast,yeast:P50946,all_U,source_association_degree,3,200,203,0.9416666666666667,0.14206349206349206,12,12,12.0,0.08333333333333333,0.0,0.0,0.0,0.0,0.0,0.0,0.0,0.0,0.0,0.0,0.0,0.0,3.0,1.0,0.15,10.15,0.36425235413613394,1.0
yeast,yeast:P25453,background,source_association_degree,4,100,104,0.4225,0.05434718538166814,10,10,10.0,0.1,0.0,0.0,0.0,0.0,0.0,0.0,1.0,0.25,0.1,2.6,0.11284514134893527,1.0,1.0,0.25,0.05,1.3,0.11284514134893527,1.0
yeast,yeast:P25453,matched,source_association_degree,4,100,104,0.5025,0.055436704384724186,12,12,12.0,0.08333333333333333,0.0,0.0,0.0,0.0,0.0,0.0,0.0,0.0,0.0,0.0,0.0,0.0,1.0,0.25,0.05,1.3,0.10549558423511038,1.0
yeast,yeast:P25453,all_U,source_association_degree,4,200,204,0.4625,0.028097835000820075,21,21,21.0,0.047619047619047616,0.0,0.0,0.0,0.0,0.0,0.0,0.0,0.0,0.0,0.0,0.0,0.0,0.0,0.0,0.0,0.0,0.0,0.0
yeast,yeast:P25343,background,source_association_degree,5,100,105,0.822,0.6363636363636365,1,1,1.0,1.0,3.0,0.6,0.6,12.6,0.7227265726449519,1.0,3.0,0.6,0.3,6.3,0.7227265726449519,1.0,3.0,0.6,0.15,3.15,0.7227265726449519,1.0
yeast,yeast:P25343,matched,source_association_degree,5,100,105,0.695,0.5721948591657688,1,1,1.0,1.0,3.0,0.6,0.6,12.6,0.6992148198508501,1.0,3.0,0.6,0.3,6.3,0.6992148198508501,1.0,3.0,0.6,0.15,3.15,0.6992148198508501,1.0
yeast,yeast:P25343,all_U,source_association_degree,5,200,205,0.7585,0.5642738906220157,1,1,1.0,1.0,3.0,0.6,0.6,24.599999999999998,0.6992148198508501,1.0,3.0,0.6,0.3,12.299999999999999,0.6992148198508501,1.0,3.0,0.6,0.15,6.1499999999999995,0.6992148198508501,1.0
yeast,yeast:P37366,background,source_association_degree,4,100,104,0.6325,0.06161604599104599,26,26,26.0,0.038461538461538464,0.0,0.0,0.0,0.0,0.0,0.0,0.0,0.0,0.0,0.0,0.0,0.0,0.0,0.0,0.0,0.0,0.0,0.0
yeast,yeast:P37366,matched,source_association_degree,4,100,104,0.255,0.031000289565562365,59,59,59.0,0.01694915254237288,0.0,0.0,0.0,0.0,0.0,0.0,0.0,0.0,0.0,0.0,0.0,0.0,0.0,0.0,0.0,0.0,0.0,0.0
yeast,yeast:P37366,all_U,source_association_degree,4,200,204,0.44375,0.021035347160287408,84,84,84.0,0.011904761904761904,0.0,0.0,0.0,0.0,0.0,0.0,0.0,0.0,0.0,0.0,0.0,0.0,0.0,0.0,0.0,0.0,0.0,0.0
yeast,yeast:P32618,background,source_association_degree,3,100,103,0.8733333333333333,0.1784221525600836,4,4,4.0,0.25,1.0,0.3333333333333333,0.2,6.866666666666667,0.20210734650054757,1.0,1.0,0.3333333333333333,0.1,3.4333333333333336,0.20210734650054757,1.0,2.0,0.6666666666666666,0.1,3.4333333333333336,0.3330093366687448,1.0
yeast,yeast:P32618,matched,source_association_degree,3,100,103,0.7716666666666666,0.10311493018259935,7,7,7.0,0.14285714285714285,0.0,0.0,0.0,0.0,0.0,0.0,1.0,0.3333333333333333,0.1,3.4333333333333336,0.15642624200758548,1.0,2.0,0.6666666666666666,0.1,3.4333333333333336,0.265007115108619,1.0
yeast,yeast:P32618,all_U,source_association_degree,3,200,203,0.8225,0.07047619047619047,10,10,10.0,0.1,0.0,0.0,0.0,0.0,0.0,0.0,1.0,0.3333333333333333,0.1,6.7666666666666675,0.13565197343244778,1.0,1.0,0.3333333333333333,0.05,3.3833333333333337,0.13565197343244778,1.0
yeast,yeast:Q01684,background,source_association_degree,2,100,102,0.645,0.03943452380952381,32,32,32.0,0.03125,0.0,0.0,0.0,0.0,0.0,0.0,0.0,0.0,0.0,0.0,0.0,0.0,0.0,0.0,0.0,0.0,0.0,0.0
yeast,yeast:Q01684,matched,source_association_degree,2,100,102,0.48,0.027526395173453996,39,39,39.0,0.02564102564102564,0.0,0.0,0.0,0.0,0.0,0.0,0.0,0.0,0.0,0.0,0.0,0.0,0.0,0.0,0.0,0.0,0.0,0.0
yeast,yeast:Q01684,all_U,source_association_degree,2,200,202,0.5625,0.0164021164021164,70,70,70.0,0.014285714285714285,0.0,0.0,0.0,0.0,0.0,0.0,0.0,0.0,0.0,0.0,0.0,0.0,0.0,0.0,0.0,0.0,0.0,0.0
yeast,yeast:P54999,background,source_association_degree,9,100,109,0.6055555555555555,0.13727188708632757,10,10,10.0,0.1,0.0,0.0,0.0,0.0,0.0,0.0,1.0,0.1111111111111111,0.1,1.211111111111111,0.06794340091829076,1.0,3.0,0.3333333333333333,0.15,1.8166666666666664,0.19702597431428145,1.0
yeast,yeast:P54999,matched,source_association_degree,9,100,109,0.5177777777777778,0.12103329994092085,10,11,10.5,0.09545454545454546,0.0,0.0,0.0,0.0,0.0,0.0,0.5,0.05555555555555555,0.05,0.6055555555555555,0.03397170045914538,0.5,3.0,0.3333333333333333,0.15,1.8166666666666664,0.19200672916348,1.0
yeast,yeast:P54999,all_U,source_association_degree,9,200,209,0.5616666666666666,0.06946080290431506,19,20,19.5,0.05131578947368421,0.0,0.0,0.0,0.0,0.0,0.0,0.0,0.0,0.0,0.0,0.0,0.0,1.0,0.1111111111111111,0.05,1.1611111111111112,0.05394864896249267,1.0
arabidopsis,arabidopsis:Q9FRL3,background,source_association_degree,2,100,102,0.965,0.30952380952380953,3,3,3.0,0.3333333333333333,1.0,0.5,0.2,10.200000000000001,0.3065735963827292,1.0,2.0,1.0,0.2,10.200000000000001,0.5109559939712153,1.0,2.0,1.0,0.1,5.1000000000000005,0.5109559939712153,1.0
arabidopsis,arabidopsis:Q9FRL3,matched,source_association_degree,2,100,102,0.9,0.14215686274509803,6,6,6.0,0.16666666666666666,0.0,0.0,0.0,0.0,0.0,0.0,1.0,0.5,0.1,5.1000000000000005,0.21840743681816419,1.0,2.0,1.0,0.1,5.1000000000000005,0.3654477774845743,1.0
arabidopsis,arabidopsis:Q9FRL3,all_U,source_association_degree,2,200,202,0.9325,0.10795454545454546,8,8,8.0,0.125,0.0,0.0,0.0,0.0,0.0,0.0,1.0,0.5,0.1,10.1,0.19342640361727081,1.0,1.0,0.5,0.05,5.05,0.19342640361727081,1.0
arabidopsis,arabidopsis:Q39090,background,source_association_degree,6,100,106,0.7616666666666667,0.15962639236296522,6,6,6.0,0.16666666666666666,0.0,0.0,0.0,0.0,0.0,0.0,2.0,0.3333333333333333,0.2,3.5333333333333337,0.2086566256907821,1.0,3.0,0.5,0.15,2.65,0.28122445686140224,1.0
arabidopsis,arabidopsis:Q39090,matched,source_association_degree,6,100,106,0.485,0.06440387309952528,20,20,20.0,0.05,0.0,0.0,0.0,0.0,0.0,0.0,0.0,0.0,0.0,0.0,0.0,0.0,1.0,0.16666666666666666,0.05,0.8833333333333334,0.06889356673757308,1.0
arabidopsis,arabidopsis:Q39090,all_U,source_association_degree,6,200,206,0.6233333333333333,0.04754214534702062,25,25,25.0,0.04,0.0,0.0,0.0,0.0,0.0,0.0,0.0,0.0,0.0,0.0,0.0,0.0,0.0,0.0,0.0,0.0,0.0,0.0
arabidopsis,arabidopsis:F4I2H2,background,source_association_degree,2,100,102,0.6775,0.042444821731748725,30,31,30.5,0.03279569892473118,0.0,0.0,0.0,0.0,0.0,0.0,0.0,0.0,0.0,0.0,0.0,0.0,0.0,0.0,0.0,0.0,0.0,0.0
arabidopsis,arabidopsis:F4I2H2,matched,source_association_degree,2,100,102,0.68,0.04380952380952381,18,21,19.5,0.0514515455304929,0.0,0.0,0.0,0.0,0.0,0.0,0.0,0.0,0.0,0.0,0.0,0.0,0.75,0.375,0.0375,1.9124999999999999,0.10645114752836647,0.75
arabidopsis,arabidopsis:F4I2H2,all_U,source_association_degree,2,200,202,0.67875,0.021431828545371637,47,51,49.0,0.020425187096115044,0.0,0.0,0.0,0.0,0.0,0.0,0.0,0.0,0.0,0.0,0.0,0.0,0.0,0.0,0.0,0.0,0.0,0.0
arabidopsis,arabidopsis:Q9XGR4,background,source_association_degree,6,100,106,0.5525,0.07015919688734443,15,15,15.0,0.06666666666666667,0.0,0.0,0.0,0.0,0.0,0.0,0.0,0.0,0.0,0.0,0.0,0.0,1.0,0.16666666666666666,0.05,0.8833333333333334,0.07565060337470338,1.0
arabidopsis,arabidopsis:Q9XGR4,matched,source_association_degree,6,100,106,0.44416666666666665,0.07011792452830189,8,8,8.0,0.125,0.0,0.0,0.0,0.0,0.0,0.0,1.0,0.16666666666666666,0.1,1.7666666666666668,0.09546043308946735,1.0,1.0,0.16666666666666666,0.05,0.8833333333333334,0.09546043308946735,1.0
arabidopsis,arabidopsis:Q9XGR4,all_U,source_association_degree,6,200,206,0.49833333333333335,0.03510514565234127,22,22,22.0,0.045454545454545456,0.0,0.0,0.0,0.0,0.0,0.0,0.0,0.0,0.0,0.0,0.0,0.0,0.0,0.0,0.0,0.0,0.0,0.0
arabidopsis,arabidopsis:Q5PP65,background,source_association_degree,10,100,110,0.823,0.3746277038496718,1,1,1.0,1.0,2.0,0.2,0.4,4.4,0.4703652827859579,1.0,4.0,0.4,0.4,4.4,0.4569970750177365,1.0,4.0,0.4,0.2,2.2,0.4569970750177365,1.0
arabidopsis,arabidopsis:Q5PP65,matched,source_association_degree,10,100,110,0.477,0.2040213013552229,1,1,1.0,1.0,1.0,0.1,0.2,2.2,0.3391602052736161,1.0,1.0,0.1,0.1,1.1,0.22009176629808017,1.0,3.0,0.3,0.15,1.65,0.3324092515200518,1.0
arabidopsis,arabidopsis:Q5PP65,all_U,source_association_degree,10,200,210,0.65,0.18296926886323173,1,1,1.0,1.0,1.0,0.1,0.2,4.2,0.3391602052736161,1.0,1.0,0.1,0.1,2.1,0.22009176629808017,1.0,2.0,0.2,0.1,2.1,0.27642602007664024,1.0
arabidopsis,arabidopsis:O64688,background,source_association_degree,2,100,102,0.8375,0.15625,3,4,3.5,0.29166666666666663,1.0,0.5,0.2,10.200000000000001,0.28532085947766006,1.0,1.0,0.5,0.1,5.1000000000000005,0.28532085947766006,1.0,1.0,0.5,0.05,2.5500000000000003,0.28532085947766006,1.0
arabidopsis,arabidopsis:O64688,matched,source_association_degree,2,100,102,0.5725,0.07454819277108433,7,8,7.5,0.13392857142857142,0.0,0.0,0.0,0.0,0.0,0.0,1.0,0.5,0.1,5.1000000000000005,0.19890440060287848,1.0,1.0,0.5,0.05,2.5500000000000003,0.19890440060287848,1.0
arabidopsis,arabidopsis:O64688,all_U,source_association_degree,2,200,202,0.705,0.05430410297666935,9,11,10.0,0.10067340067340066,0.0,0.0,0.0,0.0,0.0,0.0,0.6666666666666666,0.3333333333333333,0.06666666666666667,6.733333333333333,0.12060499452120531,0.6666666666666667,1.0,0.5,0.05,5.05,0.177616022543778,1.0
arabidopsis,arabidopsis:Q949Z8,background,source_association_degree,2,100,102,0.425,0.025151515151515154,32,33,32.5,0.030776515151515152,0.0,0.0,0.0,0.0,0.0,0.0,0.0,0.0,0.0,0.0,0.0,0.0,0.0,0.0,0.0,0.0,0.0,0.0
arabidopsis,arabidopsis:Q949Z8,matched,source_association_degree,2,100,102,0.43,0.02393018018018018,35,37,36.0,0.02779207779207779,0.0,0.0,0.0,0.0,0.0,0.0,0.0,0.0,0.0,0.0,0.0,0.0,0.0,0.0,0.0,0.0,0.0,0.0
arabidopsis,arabidopsis:Q949Z8,all_U,source_association_degree,2,200,202,0.4275,0.012401015986851935,66,69,67.5,0.014818881065493275,0.0,0.0,0.0,0.0,0.0,0.0,0.0,0.0,0.0,0.0,0.0,0.0,0.0,0.0,0.0,0.0,0.0,0.0
arabidopsis,arabidopsis:Q8W4C8,background,source_association_degree,2,100,102,0.85,0.08888888888888888,15,15,15.0,0.06666666666666667,0.0,0.0,0.0,0.0,0.0,0.0,0.0,0.0,0.0,0.0,0.0,0.0,2.0,1.0,0.1,5.1000000000000005,0.29762711257408586,1.0
arabidopsis,arabidopsis:Q8W4C8,matched,source_association_degree,2,100,102,0.17,0.017208672086720868,78,82,80.0,0.012503908326435855,0.0,0.0,0.0,0.0,0.0,0.0,0.0,0.0,0.0,0.0,0.0,0.0,0.0,0.0,0.0,0.0,0.0,0.0
arabidopsis,arabidopsis:Q8W4C8,all_U,source_association_degree,2,200,202,0.51,0.014642295597484277,92,96,94.0,0.010640706743583018,0.0,0.0,0.0,0.0,0.0,0.0,0.0,0.0,0.0,0.0,0.0,0.0,0.0,0.0,0.0,0.0,0.0,0.0
arabidopsis,arabidopsis:Q9LZK5,background,source_association_degree,3,100,103,0.5033333333333333,0.052192701664532645,11,11,11.0,0.09090909090909091,0.0,0.0,0.0,0.0,0.0,0.0,0.0,0.0,0.0,0.0,0.0,0.0,1.0,0.3333333333333333,0.05,1.7166666666666668,0.1309019901681972,1.0
arabidopsis,arabidopsis:Q9LZK5,matched,source_association_degree,3,100,103,0.5,0.04284084809447128,16,16,16.0,0.0625,0.0,0.0,0.0,0.0,0.0,0.0,0.0,0.0,0.0,0.0,0.0,0.0,1.0,0.3333333333333333,0.05,1.7166666666666668,0.11480929472601784,1.0
arabidopsis,arabidopsis:Q9LZK5,all_U,source_association_degree,3,200,203,0.5016666666666667,0.023980544618959588,26,26,26.0,0.038461538461538464,0.0,0.0,0.0,0.0,0.0,0.0,0.0,0.0,0.0,0.0,0.0,0.0,0.0,0.0,0.0,0.0,0.0,0.0
arabidopsis,arabidopsis:Q9LSM6,background,source_association_degree,3,100,103,0.6016666666666667,0.04507975684446272,34,34,34.0,0.029411764705882353,0.0,0.0,0.0,0.0,0.0,0.0,0.0,0.0,0.0,0.0,0.0,0.0,0.0,0.0,0.0,0.0,0.0,0.0
arabidopsis,arabidopsis:Q9LSM6,matched,source_association_degree,3,100,103,0.4583333333333333,0.032688221007893134,32,36,34.0,0.0294628002716238,0.0,0.0,0.0,0.0,0.0,0.0,0.0,0.0,0.0,0.0,0.0,0.0,0.0,0.0,0.0,0.0,0.0,0.0
arabidopsis,arabidopsis:Q9LSM6,all_U,source_association_degree,3,200,203,0.53,0.019209396538589083,65,69,67.0,0.014932027929317694,0.0,0.0,0.0,0.0,0.0,0.0,0.0,0.0,0.0,0.0,0.0,0.0,0.0,0.0,0.0,0.0,0.0,0.0
arabidopsis,arabidopsis:Q7PCC6,background,source_association_degree,6,100,106,0.37083333333333335,0.056186620333945274,46,48,47.0,0.021283019837598928,0.0,0.0,0.0,0.0,0.0,0.0,0.0,0.0,0.0,0.0,0.0,0.0,0.0,0.0,0.0,0.0,0.0,0.0
arabidopsis,arabidopsis:Q7PCC6,matched,source_association_degree,6,100,106,0.6233333333333333,0.09240299205236091,7,10,8.5,0.11974206349206348,0.0,0.0,0.0,0.0,0.0,0.0,1.0,0.16666666666666666,0.1,1.7666666666666668,0.0937230053951512,1.0,1.0,0.16666666666666666,0.05,0.8833333333333334,0.0937230053951512,1.0
arabidopsis,arabidopsis:Q7PCC6,all_U,source_association_degree,6,200,206,0.4970833333333333,0.03472474289171204,52,57,54.5,0.01836667216094558,0.0,0.0,0.0,0.0,0.0,0.0,0.0,0.0,0.0,0.0,0.0,0.0,0.0,0.0,0.0,0.0,0.0,0.0
arabidopsis,arabidopsis:Q9M310,background,source_association_degree,10,100,110,0.6465,0.1276866451134272,13,13,13.0,0.07692307692307693,0.0,0.0,0.0,0.0,0.0,0.0,0.0,0.0,0.0,0.0,0.0,0.0,1.0,0.1,0.05,0.55,0.05780700008370542,1.0
arabidopsis,arabidopsis:Q9M310,matched,source_association_degree,10,100,110,0.4715,0.09592967930426072,8,8,8.0,0.125,0.0,0.0,0.0,0.0,0.0,0.0,1.0,0.1,0.1,1.1,0.06943122193677727,1.0,1.0,0.1,0.05,0.55,0.06943122193677727,1.0
arabidopsis,arabidopsis:Q9M310,all_U,source_association_degree,10,200,210,0.559,0.05665535431997653,20,20,20.0,0.05,0.0,0.0,0.0,0.0,0.0,0.0,0.0,0.0,0.0,0.0,0.0,0.0,1.0,0.1,0.05,1.05,0.05010834716923557,1.0
arabidopsis,arabidopsis:Q8RX71,background,source_association_degree,3,100,103,0.9066666666666666,0.16865079365079363,8,8,8.0,0.125,0.0,0.0,0.0,0.0,0.0,0.0,1.0,0.3333333333333333,0.1,3.4333333333333336,0.1480409554829326,1.0,3.0,1.0,0.15,5.1499999999999995,0.3949736281133774,1.0
arabidopsis,arabidopsis:Q8RX71,matched,source_association_degree,3,100,103,0.38166666666666665,0.030303442275273262,36,37,36.5,0.027402402402402402,0.0,0.0,0.0,0.0,0.0,0.0,0.0,0.0,0.0,0.0,0.0,0.0,0.0,0.0,0.0,0.0,0.0,0.0
arabidopsis,arabidopsis:Q8RX71,all_U,source_association_degree,3,200,203,0.6441666666666667,0.026332526040128375,43,44,43.5,0.02299154334038055,0.0,0.0,0.0,0.0,0.0,0.0,0.0,0.0,0.0,0.0,0.0,0.0,0.0,0.0,0.0,0.0,0.0,0.0
arabidopsis,arabidopsis:Q9LW00,background,source_association_degree,4,100,104,0.80125,0.10782342657342658,10,10,10.0,0.1,0.0,0.0,0.0,0.0,0.0,0.0,1.0,0.25,0.1,2.6,0.11284514134893527,1.0,1.0,0.25,0.05,1.3,0.11284514134893527,1.0
arabidopsis,arabidopsis:Q9LW00,matched,source_association_degree,4,100,104,0.5575,0.05270002145002145,18,18,18.0,0.05555555555555555,0.0,0.0,0.0,0.0,0.0,0.0,0.0,0.0,0.0,0.0,0.0,0.0,1.0,0.25,0.05,1.3,0.09189894336865458,1.0
arabidopsis,arabidopsis:Q9LW00,all_U,source_association_degree,4,200,204,0.679375,0.03662136784299492,27,27,27.0,0.037037037037037035,0.0,0.0,0.0,0.0,0.0,0.0,0.0,0.0,0.0,0.0,0.0,0.0,0.0,0.0,0.0,0.0,0.0,0.0
arabidopsis,arabidopsis:Q9SR06,background,source_association_degree,4,100,104,0.65625,0.06486494282126981,22,22,22.0,0.045454545454545456,0.0,0.0,0.0,0.0,0.0,0.0,0.0,0.0,0.0,0.0,0.0,0.0,0.0,0.0,0.0,0.0,0.0,0.0
arabidopsis,arabidopsis:Q9SR06,matched,source_association_degree,4,100,104,0.43,0.04018268553152274,33,33,33.0,0.030303030303030304,0.0,0.0,0.0,0.0,0.0,0.0,0.0,0.0,0.0,0.0,0.0,0.0,0.0,0.0,0.0,0.0,0.0,0.0
arabidopsis,arabidopsis:Q9SR06,all_U,source_association_degree,4,200,204,0.543125,0.025434101784716914,54,54,54.0,0.018518518518518517,0.0,0.0,0.0,0.0,0.0,0.0,0.0,0.0,0.0,0.0,0.0,0.0,0.0,0.0,0.0,0.0,0.0,0.0
arabidopsis,arabidopsis:Q9SIZ5,background,source_association_degree,10,100,110,0.665,0.13655134989313697,25,25,25.0,0.04,0.0,0.0,0.0,0.0,0.0,0.0,0.0,0.0,0.0,0.0,0.0,0.0,0.0,0.0,0.0,0.0,0.0,0.0
arabidopsis,arabidopsis:Q9SIZ5,matched,source_association_degree,10,100,110,0.4825,0.09431945235103528,24,24,24.0,0.041666666666666664,0.0,0.0,0.0,0.0,0.0,0.0,0.0,0.0,0.0,0.0,0.0,0.0,0.0,0.0,0.0,0.0,0.0,0.0
arabidopsis,arabidopsis:Q9SIZ5,all_U,source_association_degree,10,200,210,0.57375,0.0586110496830311,48,48,48.0,0.020833333333333332,0.0,0.0,0.0,0.0,0.0,0.0,0.0,0.0,0.0,0.0,0.0,0.0,0.0,0.0,0.0,0.0,0.0,0.0
arabidopsis,arabidopsis:Q9FNZ4,background,source_association_degree,10,100,110,0.754,0.25771666357072004,1,1,1.0,1.0,1.0,0.1,0.2,2.2,0.3391602052736161,1.0,1.0,0.1,0.1,1.1,0.22009176629808017,1.0,2.0,0.2,0.1,1.1,0.27287251564535947,1.0
arabidopsis,arabidopsis:Q9FNZ4,matched,source_association_degree,10,100,110,0.565,0.13239261113615025,3,3,3.0,0.3333333333333333,1.0,0.1,0.2,2.2,0.16958010263680806,1.0,1.0,0.1,0.1,1.1,0.11004588314904008,1.0,2.0,0.2,0.1,1.1,0.16097032276626516,1.0
arabidopsis,arabidopsis:Q9FNZ4,all_U,source_association_degree,10,200,210,0.6595,0.09841141652447012,3,3,3.0,0.3333333333333333,1.0,0.1,0.2,4.2,0.16958010263680806,1.0,1.0,0.1,0.1,2.1,0.11004588314904008,1.0,1.0,0.1,0.05,1.05,0.11004588314904008,1.0
arabidopsis,arabidopsis:F4JN35,background,source_association_degree,10,100,110,0.4395,0.08600196295507224,22,23,22.5,0.044466403162055336,0.0,0.0,0.0,0.0,0.0,0.0,0.0,0.0,0.0,0.0,0.0,0.0,0.0,0.0,0.0,0.0,0.0,0.0
arabidopsis,arabidopsis:F4JN35,matched,source_association_degree,10,100,110,0.494,0.09253903075666076,21,21,21.0,0.047619047619047616,0.0,0.0,0.0,0.0,0.0,0.0,0.0,0.0,0.0,0.0,0.0,0.0,0.0,0.0,0.0,0.0,0.0,0.0
arabidopsis,arabidopsis:F4JN35,all_U,source_association_degree,10,200,210,0.46675,0.04646587785746898,42,43,42.5,0.02353266888150609,0.0,0.0,0.0,0.0,0.0,0.0,0.0,0.0,0.0,0.0,0.0,0.0,0.0,0.0,0.0,0.0,0.0,0.0
arabidopsis,arabidopsis:Q4FE47,background,source_association_degree,3,100,103,0.8833333333333333,0.1622222222222222,6,6,6.0,0.16666666666666666,0.0,0.0,0.0,0.0,0.0,0.0,2.0,0.6666666666666666,0.2,6.866666666666667,0.30281242839865,1.0,2.0,0.6666666666666666,0.1,3.4333333333333336,0.30281242839865,1.0
arabidopsis,arabidopsis:Q4FE47,matched,source_association_degree,3,100,103,0.6516666666666666,0.06167133520074696,17,17,17.0,0.058823529411764705,0.0,0.0,0.0,0.0,0.0,0.0,0.0,0.0,0.0,0.0,0.0,0.0,1.0,0.3333333333333333,0.05,1.7166666666666668,0.1125388887954676,1.0
arabidopsis,arabidopsis:Q4FE47,all_U,source_association_degree,3,200,203,0.7675,0.046854413702239785,22,22,22.0,0.045454545454545456,0.0,0.0,0.0,0.0,0.0,0.0,0.0,0.0,0.0,0.0,0.0,0.0,0.0,0.0,0.0,0.0,0.0,0.0
arabidopsis,arabidopsis:Q2HIK4,background,source_association_degree,5,100,105,0.516,0.05561427887776161,35,36,35.5,0.02817460317460317,0.0,0.0,0.0,0.0,0.0,0.0,0.0,0.0,0.0,0.0,0.0,0.0,0.0,0.0,0.0,0.0,0.0,0.0
arabidopsis,arabidopsis:Q2HIK4,matched,source_association_degree,5,100,105,0.437,0.04664356664356665,34,37,35.5,0.028196999520528933,0.0,0.0,0.0,0.0,0.0,0.0,0.0,0.0,0.0,0.0,0.0,0.0,0.0,0.0,0.0,0.0,0.0,0.0
arabidopsis,arabidopsis:Q2HIK4,all_U,source_association_degree,5,200,205,0.4765,0.02596292322201282,68,72,70.0,0.014291549238597255,0.0,0.0,0.0,0.0,0.0,0.0,0.0,0.0,0.0,0.0,0.0,0.0,0.0,0.0,0.0,0.0,0.0,0.0
arabidopsis,arabidopsis:F4JS25,background,source_association_degree,3,100,103,0.2866666666666667,0.02487353663824252,54,55,54.5,0.01835016835016835,0.0,0.0,0.0,0.0,0.0,0.0,0.0,0.0,0.0,0.0,0.0,0.0,0.0,0.0,0.0,0.0,0.0,0.0
arabidopsis,arabidopsis:F4JS25,matched,source_association_degree,3,100,103,0.475,0.045302861389817914,7,13,10.0,0.10430482216196503,0.0,0.0,0.0,0.0,0.0,0.0,0.5714285714285714,0.19047619047619047,0.05714285714285714,1.9619047619047618,0.08305516339754213,0.5714285714285714,1.0,0.3333333333333333,0.05,1.7166666666666668,0.13748014142515846,1.0
arabidopsis,arabidopsis:F4JS25,all_U,source_association_degree,3,200,203,0.38083333333333336,0.014728382393957011,60,67,63.5,0.015768582636394596,0.0,0.0,0.0,0.0,0.0,0.0,0.0,0.0,0.0,0.0,0.0,0.0,0.0,0.0,0.0,0.0,0.0,0.0
arabidopsis,arabidopsis:Q6AWX6,background,source_association_degree,6,100,106,0.5733333333333334,0.07083968279070646,35,36,35.5,0.02817460317460317,0.0,0.0,0.0,0.0,0.0,0.0,0.0,0.0,0.0,0.0,0.0,0.0,0.0,0.0,0.0,0.0,0.0,0.0
arabidopsis,arabidopsis:Q6AWX6,matched,source_association_degree,6,100,106,0.6425,0.08007691823168013,14,16,15.0,0.06686507936507936,0.0,0.0,0.0,0.0,0.0,0.0,0.0,0.0,0.0,0.0,0.0,0.0,1.0,0.16666666666666666,0.05,0.8833333333333334,0.07571198798177035,1.0
arabidopsis,arabidopsis:Q6AWX6,all_U,source_association_degree,6,200,206,0.6079166666666667,0.038332340960319934,48,51,49.5,0.020212334933973588,0.0,0.0,0.0,0.0,0.0,0.0,0.0,0.0,0.0,0.0,0.0,0.0,0.0,0.0,0.0,0.0,0.0,0.0
arabidopsis,arabidopsis:Q9M8T0,background,source_association_degree,2,100,102,0.8475,0.08596491228070174,14,15,14.5,0.06904761904761905,0.0,0.0,0.0,0.0,0.0,0.0,0.0,0.0,0.0,0.0,0.0,0.0,2.0,1.0,0.1,5.1000000000000005,0.2969822731506414,1.0
arabidopsis,arabidopsis:Q9M8T0,matched,source_association_degree,2,100,102,0.4475,0.025384615384615387,49,50,49.5,0.02020408163265306,0.0,0.0,0.0,0.0,0.0,0.0,0.0,0.0,0.0,0.0,0.0,0.0,0.0,0.0,0.0,0.0,0.0,0.0
arabidopsis,arabidopsis:Q9M8T0,all_U,source_association_degree,2,200,202,0.6475,0.020007621951219513,62,64,63.0,0.015875682710360127,0.0,0.0,0.0,0.0,0.0,0.0,0.0,0.0,0.0,0.0,0.0,0.0,0.0,0.0,0.0,0.0,0.0,0.0
arabidopsis,arabidopsis:Q8W4S5,background,source_association_degree,9,100,109,0.7072222222222222,0.17920711259051975,2,2,2.0,0.5,1.0,0.1111111111111111,0.2,2.422222222222222,0.21398626473452756,1.0,1.0,0.1111111111111111,0.1,1.211111111111111,0.14829723057014912,1.0,1.0,0.1111111111111111,0.05,0.6055555555555555,0.14829723057014912,1.0
arabidopsis,arabidopsis:Q8W4S5,matched,source_association_degree,9,100,109,0.3888888888888889,0.08650628271810061,5,5,5.0,0.2,1.0,0.1111111111111111,0.2,2.422222222222222,0.13120507751234178,1.0,1.0,0.1111111111111111,0.1,1.211111111111111,0.09092803061897885,1.0,1.0,0.1111111111111111,0.05,0.6055555555555555,0.09092803061897885,1.0
arabidopsis,arabidopsis:Q8W4S5,all_U,source_association_degree,9,200,209,0.5480555555555555,0.063054787434344,6,6,6.0,0.16666666666666666,0.0,0.0,0.0,0.0,0.0,0.0,1.0,0.1111111111111111,0.1,2.3222222222222224,0.08372491399919348,1.0,1.0,0.1111111111111111,0.05,1.1611111111111112,0.08372491399919348,1.0
arabidopsis,arabidopsis:Q9ZVX8,background,source_association_degree,10,100,110,0.888,0.5625062845651081,1,1,1.0,1.0,3.0,0.3,0.6,6.6,0.6992148198508501,1.0,5.0,0.5,0.5,5.5,0.5836175861945262,1.0,8.0,0.8,0.4,4.4,0.754747348947857,1.0
arabidopsis,arabidopsis:Q9ZVX8,matched,source_association_degree,10,100,110,0.63,0.1998500788333678,2,2,2.0,0.5,1.0,0.1,0.2,2.2,0.21398626473452756,1.0,2.0,0.2,0.2,2.2,0.21222636597291458,1.0,3.0,0.3,0.15,1.65,0.2717035587019567,1.0
arabidopsis,arabidopsis:Q9ZVX8,all_U,source_association_degree,10,200,210,0.759,0.18231475682558482,2,2,2.0,0.5,1.0,0.1,0.2,4.2,0.21398626473452756,1.0,2.0,0.2,0.2,4.2,0.21222636597291458,1.0,3.0,0.3,0.15,3.15,0.27003336605662,1.0
arabidopsis,arabidopsis:Q9SF14,background,source_association_degree,2,100,102,0.2875,0.018620689655172412,53,58,55.5,0.018035107174208177,0.0,0.0,0.0,0.0,0.0,0.0,0.0,0.0,0.0,0.0,0.0,0.0,0.0,0.0,0.0,0.0,0.0,0.0
arabidopsis,arabidopsis:Q9SF14,matched,source_association_degree,2,100,102,0.505,0.030309278350515466,20,25,22.5,0.04470308676830416,0.0,0.0,0.0,0.0,0.0,0.0,0.0,0.0,0.0,0.0,0.0,0.0,0.16666666666666666,0.08333333333333333,0.008333333333333333,0.425,0.02326589564412508,0.16666666666666663
arabidopsis,arabidopsis:Q9SF14,all_U,source_association_degree,2,200,202,0.39625,0.011225766103814885,72,82,77.0,0.013008983202614219,0.0,0.0,0.0,0.0,0.0,0.0,0.0,0.0,0.0,0.0,0.0,0.0,0.0,0.0,0.0,0.0,0.0,0.0
arabidopsis,arabidopsis:Q9M0U9,background,source_association_degree,2,100,102,0.9025,0.14215686274509803,6,6,6.0,0.16666666666666666,0.0,0.0,0.0,0.0,0.0,0.0,1.0,0.5,0.1,5.1000000000000005,0.21840743681816419,1.0,2.0,1.0,0.1,5.1000000000000005,0.3669310037055382,1.0
arabidopsis,arabidopsis:Q9M0U9,matched,source_association_degree,2,100,102,0.4125,0.02506265664160401,37,38,37.5,0.02667140825035562,0.0,0.0,0.0,0.0,0.0,0.0,0.0,0.0,0.0,0.0,0.0,0.0,0.0,0.0,0.0,0.0,0.0,0.0
arabidopsis,arabidopsis:Q9M0U9,all_U,source_association_degree,2,200,202,0.6575,0.02172891707775429,42,43,42.5,0.02353266888150609,0.0,0.0,0.0,0.0,0.0,0.0,0.0,0.0,0.0,0.0,0.0,0.0,0.0,0.0,0.0,0.0,0.0,0.0
arabidopsis,arabidopsis:C0SVM5,background,source_association_degree,10,100,110,0.713,0.16940805515480117,4,4,4.0,0.25,1.0,0.1,0.2,2.2,0.14606834984270645,1.0,1.0,0.1,0.1,1.1,0.09478836436955078,1.0,2.0,0.2,0.1,1.1,0.15426555709859294,1.0
arabidopsis,arabidopsis:C0SVM5,matched,source_association_degree,10,100,110,0.4985,0.10637189954296924,9,9,9.0,0.1111111111111111,0.0,0.0,0.0,0.0,0.0,0.0,1.0,0.1,0.1,1.1,0.06625422345438903,1.0,2.0,0.2,0.1,1.1,0.1257314161834312,1.0
arabidopsis,arabidopsis:C0SVM5,all_U,source_association_degree,10,200,210,0.60575,0.06921974816656828,12,12,12.0,0.08333333333333333,0.0,0.0,0.0,0.0,0.0,0.0,0.0,0.0,0.0,0.0,0.0,0.0,1.0,0.1,0.05,1.05,0.05947719272904215,1.0
arabidopsis,arabidopsis:Q9SEE9,background,source_association_degree,4,100,104,0.65875,0.06992862427645036,22,23,22.5,0.044466403162055336,0.0,0.0,0.0,0.0,0.0,0.0,0.0,0.0,0.0,0.0,0.0,0.0,0.0,0.0,0.0,0.0,0.0,0.0
arabidopsis,arabidopsis:Q9SEE9,matched,source_association_degree,4,100,104,0.54375,0.06575091575091575,9,10,9.5,0.10555555555555556,0.0,0.0,0.0,0.0,0.0,0.0,1.0,0.25,0.1,2.6,0.1151806230526812,1.0,1.0,0.25,0.05,1.3,0.1151806230526812,1.0
arabidopsis,arabidopsis:Q9SEE9,all_U,source_association_degree,4,200,204,0.60125,0.032717047032280455,30,32,31.0,0.032280465949820786,0.0,0.0,0.0,0.0,0.0,0.0,0.0,0.0,0.0,0.0,0.0,0.0,0.0,0.0,0.0,0.0,0.0,0.0
arabidopsis,arabidopsis:P48001,background,source_association_degree,10,100,110,0.753,0.1798909000655315,7,7,7.0,0.14285714285714285,0.0,0.0,0.0,0.0,0.0,0.0,2.0,0.2,0.2,2.2,0.13698471029831175,1.0,3.0,0.3,0.15,1.65,0.19331896407687185,1.0
arabidopsis,arabidopsis:P48001,matched,source_association_degree,10,100,110,0.5275,0.1040711070624799,14,14,14.0,0.07142857142857142,0.0,0.0,0.0,0.0,0.0,0.0,0.0,0.0,0.0,0.0,0.0,0.0,3.0,0.3,0.15,1.65,0.1582541644929708,1.0
arabidopsis,arabidopsis:P48001,all_U,source_association_degree,10,200,210,0.64025,0.07058941900146243,20,20,20.0,0.05,0.0,0.0,0.0,0.0,0.0,0.0,0.0,0.0,0.0,0.0,0.0,0.0,1.0,0.1,0.05,1.05,0.05010834716923557,1.0
arabidopsis,arabidopsis:Q93W54,background,source_association_degree,2,100,102,0.9875,0.5,1,2,1.5,0.75,2.0,1.0,0.4,20.400000000000002,0.7640681225725908,1.0,2.0,1.0,0.2,10.200000000000001,0.7640681225725908,1.0,2.0,1.0,0.1,5.1000000000000005,0.7640681225725908,1.0
arabidopsis,arabidopsis:Q93W54,matched,source_association_degree,2,100,102,0.8575,0.10989010989010989,5,7,6.0,0.16984126984126985,0.3333333333333333,0.16666666666666666,0.06666666666666667,3.4,0.07906590425643206,0.33333333333333337,1.0,0.5,0.1,5.1000000000000005,0.2199958490586488,1.0,1.0,0.5,0.05,2.5500000000000003,0.2199958490586488,1.0
arabidopsis,arabidopsis:Q93W54,all_U,source_association_degree,2,200,202,0.9225,0.09821428571428571,5,8,6.5,0.15863095238095237,0.25,0.125,0.05,5.05,0.059299428192324054,0.25,1.0,0.5,0.1,10.1,0.21335348769830434,1.0,1.0,0.5,0.05,5.05,0.21335348769830434,1.0
arabidopsis,arabidopsis:Q94AF2,background,source_association_degree,3,100,103,0.7516666666666667,0.08228590581531758,9,9,9.0,0.1111111111111111,0.0,0.0,0.0,0.0,0.0,0.0,1.0,0.3333333333333333,0.1,3.4333333333333336,0.14126697285982898,1.0,1.0,0.3333333333333333,0.05,1.7166666666666668,0.14126697285982898,1.0
arabidopsis,arabidopsis:Q94AF2,matched,source_association_degree,3,100,103,0.45,0.05704492191777821,9,9,9.0,0.1111111111111111,0.0,0.0,0.0,0.0,0.0,0.0,1.0,0.3333333333333333,0.1,3.4333333333333336,0.14126697285982898,1.0,1.0,0.3333333333333333,0.05,1.7166666666666668,0.14126697285982898,1.0
arabidopsis,arabidopsis:Q94AF2,all_U,source_association_degree,3,200,203,0.6008333333333333,0.03378068264342774,17,17,17.0,0.058823529411764705,0.0,0.0,0.0,0.0,0.0,0.0,0.0,0.0,0.0,0.0,0.0,0.0,1.0,0.3333333333333333,0.05,3.3833333333333337,0.1125388887954676,1.0
arabidopsis,arabidopsis:Q9LM76,background,source_association_degree,2,100,102,0.5675,0.03285024154589372,42,45,43.5,0.023003708178126782,0.0,0.0,0.0,0.0,0.0,0.0,0.0,0.0,0.0,0.0,0.0,0.0,0.0,0.0,0.0,0.0,0.0,0.0
arabidopsis,arabidopsis:Q9LM76,matched,source_association_degree,2,100,102,0.905,0.09545454545454546,1,11,6.0,0.27453430407975865,0.45454545454545453,0.22727272727272727,0.09090909090909091,4.636363636363637,0.1643490392476924,0.4545454545454547,0.9090909090909091,0.45454545454545453,0.09090909090909091,4.636363636363637,0.25326096848292307,0.9090909090909092,2.0,1.0,0.1,5.1000000000000005,0.4199002148166691,1.0
arabidopsis,arabidopsis:Q9LM76,all_U,source_association_degree,2,200,202,0.73625,0.02471590909090909,42,55,48.5,0.02076278064909091,0.0,0.0,0.0,0.0,0.0,0.0,0.0,0.0,0.0,0.0,0.0,0.0,0.0,0.0,0.0,0.0,0.0,0.0
arabidopsis,arabidopsis:Q8L746,background,source_association_degree,10,100,110,0.6605,0.1506900693026526,3,3,3.0,0.3333333333333333,1.0,0.1,0.2,2.2,0.16958010263680806,1.0,1.0,0.1,0.1,1.1,0.11004588314904008,1.0,1.0,0.1,0.05,0.55,0.11004588314904008,1.0
arabidopsis,arabidopsis:Q8L746,matched,source_association_degree,10,100,110,0.5705,0.14994617041128616,3,3,3.0,0.3333333333333333,1.0,0.1,0.2,2.2,0.16958010263680806,1.0,1.0,0.1,0.1,1.1,0.11004588314904008,1.0,3.0,0.3,0.15,1.65,0.22200113919934517,1.0
arabidopsis,arabidopsis:Q8L746,all_U,source_association_degree,10,200,210,0.6155,0.07984954738147951,5,5,5.0,0.2,1.0,0.1,0.2,4.2,0.13120507751234178,1.0,1.0,0.1,0.1,2.1,0.08514311764162098,1.0,1.0,0.1,0.05,1.05,0.08514311764162098,1.0
arabidopsis,arabidopsis:Q9SJI8,background,source_association_degree,5,100,105,0.896,0.35131578947368425,2,2,2.0,0.5,2.0,0.4,0.4,8.4,0.37181049097428487,1.0,3.0,0.6,0.3,6.3,0.4788036233415487,1.0,4.0,0.8,0.2,4.2,0.5617793514266677,1.0
arabidopsis,arabidopsis:Q9SJI8,matched,source_association_degree,5,100,105,0.634,0.09259441365198563,9,9,9.0,0.1111111111111111,0.0,0.0,0.0,0.0,0.0,0.0,1.0,0.2,0.1,2.1,0.10209739512291163,1.0,1.0,0.2,0.05,1.05,0.10209739512291163,1.0
arabidopsis,arabidopsis:Q9SJI8,all_U,source_association_degree,5,200,205,0.765,0.07865338796668407,10,10,10.0,0.1,0.0,0.0,0.0,0.0,0.0,0.0,1.0,0.2,0.1,4.1,0.09803928583135704,1.0,1.0,0.2,0.05,2.05,0.09803928583135704,1.0
arabidopsis,arabidopsis:Q9XEC3,background,source_association_degree,10,100,110,0.9395,0.5055507455507455,2,2,2.0,0.5,2.0,0.2,0.4,4.4,0.36005461457723403,1.0,6.0,0.6,0.6,6.6,0.5088381373722409,1.0,8.0,0.8,0.4,4.4,0.6240767529175706,1.0
arabidopsis,arabidopsis:Q9XEC3,matched,source_association_degree,10,100,110,0.678,0.2416098788979941,1,1,1.0,1.0,1.0,0.1,0.2,2.2,0.3391602052736161,1.0,1.0,0.1,0.1,1.1,0.22009176629808017,1.0,2.0,0.2,0.1,1.1,0.27642602007664024,1.0
arabidopsis,arabidopsis:Q9XEC3,all_U,source_association_degree,10,200,210,0.80875,0.17352497412966458,2,2,2.0,0.5,1.0,0.1,0.2,4.2,0.21398626473452756,1.0,1.0,0.1,0.1,2.1,0.13886244387355454,1.0,2.0,0.2,0.1,2.1,0.19270801381413774,1.0
arabidopsis,arabidopsis:Q9LZD3,background,source_association_degree,2,100,102,0.205,0.016394496592516395,68,77,72.5,0.013814813090067454,0.0,0.0,0.0,0.0,0.0,0.0,0.0,0.0,0.0,0.0,0.0,0.0,0.0,0.0,0.0,0.0,0.0,0.0
arabidopsis,arabidopsis:Q9LZD3,matched,source_association_degree,2,100,102,0.5775,0.023346828609986506,1,39,20.0,0.10906520612657372,0.1282051282051282,0.0641025641025641,0.02564102564102564,1.3076923076923077,0.046354857223708114,0.1282051282051282,0.2564102564102564,0.1282051282051282,0.02564102564102564,1.3076923076923077,0.07143258085415778,0.2564102564102565,0.5128205128205128,0.2564102564102564,0.02564102564102564,1.3076923076923077,0.11068514858184149,0.5128205128205131
arabidopsis,arabidopsis:Q9LZD3,all_U,source_association_degree,2,200,202,0.39125,0.009502465262214254,68,115,91.5,0.011190352308873506,0.0,0.0,0.0,0.0,0.0,0.0,0.0,0.0,0.0,0.0,0.0,0.0,0.0,0.0,0.0,0.0,0.0,0.0
arabidopsis,arabidopsis:P59220,background,source_association_degree,3,100,103,0.39666666666666667,0.030015646454002617,52,55,53.5,0.01869975761485195,0.0,0.0,0.0,0.0,0.0,0.0,0.0,0.0,0.0,0.0,0.0,0.0,0.0,0.0,0.0,0.0,0.0,0.0
arabidopsis,arabidopsis:P59220,matched,source_association_degree,3,100,103,0.42,0.028783413188752993,17,32,24.5,0.04236038763797042,0.0,0.0,0.0,0.0,0.0,0.0,0.0,0.0,0.0,0.0,0.0,0.0,0.25,0.08333333333333333,0.0125,0.4291666666666667,0.027402060069836802,0.25
arabidopsis,arabidopsis:P59220,all_U,source_association_degree,3,200,203,0.4083333333333333,0.014418220574962072,68,86,77.0,0.013053328424620904,0.0,0.0,0.0,0.0,0.0,0.0,0.0,0.0,0.0,0.0,0.0,0.0,0.0,0.0,0.0,0.0,0.0,0.0
arabidopsis,arabidopsis:Q9SVU5,background,source_association_degree,2,100,102,0.97,0.625,1,1,1.0,1.0,1.0,0.5,0.2,10.200000000000001,0.6131471927654584,1.0,2.0,1.0,0.2,10.200000000000001,0.8065735963827293,1.0,2.0,1.0,0.1,5.1000000000000005,0.8065735963827293,1.0
arabidopsis,arabidopsis:Q9SVU5,matched,source_association_degree,2,100,102,0.86,0.5333333333333333,1,1,1.0,1.0,1.0,0.5,0.2,10.200000000000001,0.6131471927654584,1.0,1.0,0.5,0.1,5.1000000000000005,0.6131471927654584,1.0,1.0,0.5,0.05,2.5500000000000003,0.6131471927654584,1.0
arabidopsis,arabidopsis:Q9SVU5,all_U,source_association_degree,2,200,202,0.915,0.5277777777777778,1,1,1.0,1.0,1.0,0.5,0.2,20.2,0.6131471927654584,1.0,1.0,0.5,0.1,10.1,0.6131471927654584,1.0,1.0,0.5,0.05,5.05,0.6131471927654584,1.0
arabidopsis,arabidopsis:Q84JE5,background,source_association_degree,5,100,105,0.631,0.07245263375442404,20,23,21.5,0.04663796348578957,0.0,0.0,0.0,0.0,0.0,0.0,0.0,0.0,0.0,0.0,0.0,0.0,0.25,0.05,0.0125,0.2625,0.019304172070688453,0.25
arabidopsis,arabidopsis:Q84JE5,matched,source_association_degree,5,100,105,0.497,0.054848732393709916,29,29,29.0,0.034482758620689655,0.0,0.0,0.0,0.0,0.0,0.0,0.0,0.0,0.0,0.0,0.0,0.0,0.0,0.0,0.0,0.0,0.0,0.0
arabidopsis,arabidopsis:Q84JE5,all_U,source_association_degree,5,200,205,0.564,0.03225598627068283,48,51,49.5,0.020212334933973588,0.0,0.0,0.0,0.0,0.0,0.0,0.0,0.0,0.0,0.0,0.0,0.0,0.0,0.0,0.0,0.0,0.0,0.0
arabidopsis,arabidopsis:P48007,background,source_association_degree,7,100,107,0.6992857142857143,0.1270916640962724,8,8,8.0,0.125,0.0,0.0,0.0,0.0,0.0,0.0,1.0,0.14285714285714285,0.1,1.528571428571429,0.08671382849411974,1.0,2.0,0.2857142857142857,0.1,1.528571428571429,0.16338864248701265,1.0
arabidopsis,arabidopsis:P48007,matched,source_association_degree,7,100,107,0.5028571428571429,0.08296190862825895,11,11,11.0,0.09090909090909091,0.0,0.0,0.0,0.0,0.0,0.0,0.0,0.0,0.0,0.0,0.0,0.0,2.0,0.2857142857142857,0.1,1.528571428571429,0.14621275722703286,1.0
arabidopsis,arabidopsis:P48007,all_U,source_association_degree,7,200,207,0.6010714285714286,0.052841088567083236,18,18,18.0,0.05555555555555555,0.0,0.0,0.0,0.0,0.0,0.0,0.0,0.0,0.0,0.0,0.0,0.0,1.0,0.14285714285714285,0.05,1.4785714285714289,0.06470833884155952,1.0
arabidopsis,arabidopsis:Q9M0I9,background,source_association_degree,2,100,102,0.73,0.05714285714285714,15,15,15.0,0.06666666666666667,0.0,0.0,0.0,0.0,0.0,0.0,0.0,0.0,0.0,0.0,0.0,0.0,1.0,0.5,0.05,2.5500000000000003,0.1532867981913646,1.0
arabidopsis,arabidopsis:Q9M0I9,matched,source_association_degree,2,100,102,0.4375,0.030219780219780223,26,26,26.0,0.038461538461538464,0.0,0.0,0.0,0.0,0.0,0.0,0.0,0.0,0.0,0.0,0.0,0.0,0.0,0.0,0.0,0.0,0.0,0.0
arabidopsis,arabidopsis:Q9M0I9,all_U,source_association_degree,2,200,202,0.58375,0.02013358778625954,40,40,40.0,0.025,0.0,0.0,0.0,0.0,0.0,0.0,0.0,0.0,0.0,0.0,0.0,0.0,0.0,0.0,0.0,0.0,0.0,0.0
arabidopsis,arabidopsis:B3H7D8,background,source_association_degree,10,100,110,0.5735,0.12178863065904222,6,6,6.0,0.16666666666666666,0.0,0.0,0.0,0.0,0.0,0.0,1.0,0.1,0.1,1.1,0.07839826897867533,1.0,1.6666666666666665,0.16666666666666666,0.08333333333333333,0.9166666666666666,0.11207586457416222,1.0
arabidopsis,arabidopsis:B3H7D8,matched,source_association_degree,10,100,110,0.4595,0.08720032759980954,14,15,14.5,0.06904761904761905,0.0,0.0,0.0,0.0,0.0,0.0,0.0,0.0,0.0,0.0,0.0,0.0,1.0,0.1,0.05,0.55,0.05567859767654007,1.0
arabidopsis,arabidopsis:B3H7D8,all_U,source_association_degree,10,200,210,0.5165,0.052800364129356084,19,20,19.5,0.05131578947368421,0.0,0.0,0.0,0.0,0.0,0.0,0.0,0.0,0.0,0.0,0.0,0.0,1.0,0.1,0.05,1.05,0.05051639339323032,1.0
arabidopsis,arabidopsis:Q9ZQX4,background,source_association_degree,3,100,103,0.7633333333333333,0.08201581027667984,11,11,11.0,0.09090909090909091,0.0,0.0,0.0,0.0,0.0,0.0,0.0,0.0,0.0,0.0,0.0,0.0,1.0,0.3333333333333333,0.05,1.7166666666666668,0.1309019901681972,1.0
arabidopsis,arabidopsis:Q9ZQX4,matched,source_association_degree,3,100,103,0.3516666666666667,0.02991075806609787,33,33,33.0,0.030303030303030304,0.0,0.0,0.0,0.0,0.0,0.0,0.0,0.0,0.0,0.0,0.0,0.0,0.0,0.0,0.0,0.0,0.0,0.0
arabidopsis,arabidopsis:Q9ZQX4,all_U,source_association_degree,3,200,203,0.5575,0.022359217677982712,43,43,43.0,0.023255813953488372,0.0,0.0,0.0,0.0,0.0,0.0,0.0,0.0,0.0,0.0,0.0,0.0,0.0,0.0,0.0,0.0,0.0,0.0
arabidopsis,arabidopsis:P45724,background,source_association_degree,4,100,104,0.3975,0.04814326298701299,55,62,56.75,0.017636567353190427,0.0,0.0,0.0,0.0,0.0,0.0,0.0,0.0,0.0,0.0,0.0,0.0,0.0,0.0,0.0,0.0,0.0,0.0
arabidopsis,arabidopsis:P45724,matched,source_association_degree,4,100,104,0.44125,0.048489010989011,39,58,43.75,0.023041602202471312,0.0,0.0,0.0,0.0,0.0,0.0,0.0,0.0,0.0,0.0,0.0,0.0,0.0,0.0,0.0,0.0,0.0,0.0
arabidopsis,arabidopsis:P45724,all_U,source_association_degree,4,200,204,0.419375,0.024692602297923805,93,119,99.5,0.010078797549792963,0.0,0.0,0.0,0.0,0.0,0.0,0.0,0.0,0.0,0.0,0.0,0.0,0.0,0.0,0.0,0.0,0.0,0.0
arabidopsis,arabidopsis:Q9LZ65,background,source_association_degree,5,100,105,0.806,0.12731624813668158,9,9,9.0,0.1111111111111111,0.0,0.0,0.0,0.0,0.0,0.0,1.0,0.2,0.1,2.1,0.10209739512291163,1.0,2.0,0.4,0.1,2.1,0.18057167739401803,1.0
arabidopsis,arabidopsis:Q9LZ65,matched,source_association_degree,5,100,105,0.409,0.04509763359715574,35,35,35.0,0.02857142857142857,0.0,0.0,0.0,0.0,0.0,0.0,0.0,0.0,0.0,0.0,0.0,0.0,0.0,0.0,0.0,0.0,0.0,0.0
arabidopsis,arabidopsis:Q9LZ65,all_U,source_association_degree,5,200,205,0.6075,0.03437856099635675,43,43,43.0,0.023255813953488372,0.0,0.0,0.0,0.0,0.0,0.0,0.0,0.0,0.0,0.0,0.0,0.0,0.0,0.0,0.0,0.0,0.0,0.0
arabidopsis,arabidopsis:Q93V36,background,source_association_degree,2,100,102,0.42,0.023859191655801824,54,59,56.5,0.017715311843220012,0.0,0.0,0.0,0.0,0.0,0.0,0.0,0.0,0.0,0.0,0.0,0.0,0.0,0.0,0.0,0.0,0.0,0.0
arabidopsis,arabidopsis:Q93V36,matched,source_association_degree,2,100,102,0.5625,0.02890749601275917,35,44,39.5,0.025451590288366716,0.0,0.0,0.0,0.0,0.0,0.0,0.0,0.0,0.0,0.0,0.0,0.0,0.0,0.0,0.0,0.0,0.0,0.0
arabidopsis,arabidopsis:Q93V36,all_U,source_association_degree,2,200,202,0.49125,0.013235294117647059,88,102,95.0,0.010548168599311286,0.0,0.0,0.0,0.0,0.0,0.0,0.0,0.0,0.0,0.0,0.0,0.0,0.0,0.0,0.0,0.0,0.0,0.0
arabidopsis,arabidopsis:B2C6R6,background,source_association_degree,2,100,102,0.6825,0.04265202702702703,29,32,30.5,0.032831039117538006,0.0,0.0,0.0,0.0,0.0,0.0,0.0,0.0,0.0,0.0,0.0,0.0,0.0,0.0,0.0,0.0,0.0,0.0
arabidopsis,arabidopsis:B2C6R6,matched,source_association_degree,2,100,102,0.4875,0.029324894514767934,28,30,29.0,0.034510125889436236,0.0,0.0,0.0,0.0,0.0,0.0,0.0,0.0,0.0,0.0,0.0,0.0,0.0,0.0,0.0,0.0,0.0,0.0
arabidopsis,arabidopsis:B2C6R6,all_U,source_association_degree,2,200,202,0.585,0.016968651136036815,56,61,58.5,0.017108607274766808,0.0,0.0,0.0,0.0,0.0,0.0,0.0,0.0,0.0,0.0,0.0,0.0,0.0,0.0,0.0,0.0,0.0,0.0
arabidopsis,arabidopsis:Q8VYW1,background,source_association_degree,6,100,106,0.4558333333333333,0.07804515296207873,5,5,5.0,0.2,1.0,0.16666666666666666,0.2,3.5333333333333337,0.13120507751234178,1.0,1.0,0.16666666666666666,0.1,1.7666666666666668,0.11706259313796355,1.0,1.0,0.16666666666666666,0.05,0.8833333333333334,0.11706259313796355,1.0
arabidopsis,arabidopsis:Q8VYW1,matched,source_association_degree,6,100,106,0.5116666666666667,0.10605331598746227,3,3,3.0,0.3333333333333333,1.0,0.16666666666666666,0.2,3.5333333333333337,0.16958010263680806,1.0,1.0,0.16666666666666666,0.1,1.7666666666666668,0.15130120674940675,1.0,1.0,0.16666666666666666,0.05,0.8833333333333334,0.15130120674940675,1.0
arabidopsis,arabidopsis:Q8VYW1,all_U,source_association_degree,6,200,206,0.48375,0.04812308052735297,7,7,7.0,0.14285714285714285,0.0,0.0,0.0,0.0,0.0,0.0,1.0,0.16666666666666666,0.1,3.4333333333333336,0.10086747116627115,1.0,1.0,0.16666666666666666,0.05,1.7166666666666668,0.10086747116627115,1.0
arabidopsis,arabidopsis:Q9LR64,background,source_association_degree,3,100,103,0.7983333333333333,0.08607006020799124,14,14,14.0,0.07142857142857142,0.0,0.0,0.0,0.0,0.0,0.0,0.0,0.0,0.0,0.0,0.0,0.0,1.0,0.3333333333333333,0.05,1.7166666666666668,0.12011565579805131,1.0
arabidopsis,arabidopsis:Q9LR64,matched,source_association_degree,3,100,103,0.4716666666666667,0.035280516003407564,25,30,27.5,0.03650482552781403,0.0,0.0,0.0,0.0,0.0,0.0,0.0,0.0,0.0,0.0,0.0,0.0,0.0,0.0,0.0,0.0,0.0,0.0
arabidopsis,arabidopsis:Q9LR64,all_U,source_association_degree,3,200,203,0.635,0.025584258569110285,38,43,40.5,0.024735399463360175,0.0,0.0,0.0,0.0,0.0,0.0,0.0,0.0,0.0,0.0,0.0,0.0,0.0,0.0,0.0,0.0,0.0,0.0
ecoli,ecoli:P17410,background,source_association_degree,6,100,106,0.555,0.07919134102163651,8,8,8.0,0.125,0.0,0.0,0.0,0.0,0.0,0.0,1.0,0.16666666666666666,0.1,1.7666666666666668,0.09546043308946735,1.0,1.0,0.16666666666666666,0.05,0.8833333333333334,0.09546043308946735,1.0
ecoli,ecoli:P17410,matched,source_association_degree,6,100,106,0.4125,0.07345454130372166,7,7,7.0,0.14285714285714285,0.0,0.0,0.0,0.0,0.0,0.0,1.0,0.16666666666666666,0.1,1.7666666666666668,0.10086747116627115,1.0,2.0,0.3333333333333333,0.1,1.7666666666666668,0.16976103790384423,1.0
ecoli,ecoli:P17410,all_U,source_association_degree,6,200,206,0.48375,0.039074641038650326,14,14,14.0,0.07142857142857142,0.0,0.0,0.0,0.0,0.0,0.0,0.0,0.0,0.0,0.0,0.0,0.0,1.0,0.16666666666666666,0.05,1.7166666666666668,0.07745351606183935,1.0
ecoli,ecoli:P0A8R9,background,source_association_degree,5,100,105,0.5,0.05591657818072912,35,35,35.0,0.02857142857142857,0.0,0.0,0.0,0.0,0.0,0.0,0.0,0.0,0.0,0.0,0.0,0.0,0.0,0.0,0.0,0.0,0.0,0.0
ecoli,ecoli:P0A8R9,matched,source_association_degree,5,100,105,0.488,0.05485192179922469,20,20,20.0,0.05,0.0,0.0,0.0,0.0,0.0,0.0,0.0,0.0,0.0,0.0,0.0,0.0,1.0,0.2,0.05,1.05,0.07721668828275381,1.0
ecoli,ecoli:P0A8R9,all_U,source_association_degree,5,200,205,0.494,0.02791032757929144,54,54,54.0,0.018518518518518517,0.0,0.0,0.0,0.0,0.0,0.0,0.0,0.0,0.0,0.0,0.0,0.0,0.0,0.0,0.0,0.0,0.0,0.0
ecoli,ecoli:P78271,background,source_association_degree,2,100,102,0.5875,0.04941291585127201,14,14,14.0,0.07142857142857142,0.0,0.0,0.0,0.0,0.0,0.0,0.0,0.0,0.0,0.0,0.0,0.0,1.0,0.5,0.05,2.5500000000000003,0.15693994437792994,1.0
ecoli,ecoli:P78271,matched,source_association_degree,2,100,102,0.6125,0.047619047619047616,15,15,15.0,0.06666666666666667,0.0,0.0,0.0,0.0,0.0,0.0,0.0,0.0,0.0,0.0,0.0,0.0,1.0,0.5,0.05,2.5500000000000003,0.1532867981913646,1.0
ecoli,ecoli:P78271,all_U,source_association_degree,2,200,202,0.6,0.02494934143870314,28,28,28.0,0.03571428571428571,0.0,0.0,0.0,0.0,0.0,0.0,0.0,0.0,0.0,0.0,0.0,0.0,0.0,0.0,0.0,0.0,0.0,0.0
ecoli,ecoli:P0ADI4,background,source_association_degree,5,100,105,0.794,0.14180890133831311,7,7,7.0,0.14285714285714285,0.0,0.0,0.0,0.0,0.0,0.0,2.0,0.4,0.2,4.2,0.21109268758922906,1.0,2.0,0.4,0.1,2.1,0.21109268758922906,1.0
ecoli,ecoli:P0ADI4,matched,source_association_degree,5,100,105,0.493,0.05913005662856765,18,18,18.0,0.05555555555555555,0.0,0.0,0.0,0.0,0.0,0.0,0.0,0.0,0.0,0.0,0.0,0.0,1.0,0.2,0.05,1.05,0.07984133538066794,1.0
ecoli,ecoli:P0ADI4,all_U,source_association_degree,5,200,205,0.6435,0.04347186700767264,24,24,24.0,0.041666666666666664,0.0,0.0,0.0,0.0,0.0,0.0,0.0,0.0,0.0,0.0,0.0,0.0,0.0,0.0,0.0,0.0,0.0,0.0
ecoli,ecoli:P37759,background,source_association_degree,3,100,103,0.6983333333333334,0.11599511599511599,6,6,6.0,0.16666666666666666,0.0,0.0,0.0,0.0,0.0,0.0,1.0,0.3333333333333333,0.1,3.4333333333333336,0.16716045496620227,1.0,2.0,0.6666666666666666,0.1,3.4333333333333336,0.28884620246158965,1.0
ecoli,ecoli:P37759,matched,source_association_degree,3,100,103,0.7,0.10522138680033416,7,7,7.0,0.14285714285714285,0.0,0.0,0.0,0.0,0.0,0.0,1.0,0.3333333333333333,0.1,3.4333333333333336,0.15642624200758548,1.0,2.0,0.6666666666666666,0.1,3.4333333333333336,0.27374592351327454,1.0
ecoli,ecoli:P37759,all_U,source_association_degree,3,200,203,0.6991666666666667,0.05909165235876052,12,12,12.0,0.08333333333333333,0.0,0.0,0.0,0.0,0.0,0.0,0.0,0.0,0.0,0.0,0.0,0.0,1.0,0.3333333333333333,0.05,3.3833333333333337,0.12681701683239352,1.0
ecoli,ecoli:P0A7A5,background,source_association_degree,2,100,102,0.6125,0.037241379310344824,23,25,24.0,0.041714975845410625,0.0,0.0,0.0,0.0,0.0,0.0,0.0,0.0,0.0,0.0,0.0,0.0,0.0,0.0,0.0,0.0,0.0,0.0
ecoli,ecoli:P0A7A5,matched,source_association_degree,2,100,102,0.36,0.025932953826691967,31,31,31.0,0.03225806451612903,0.0,0.0,0.0,0.0,0.0,0.0,0.0,0.0,0.0,0.0,0.0,0.0,0.0,0.0,0.0,0.0,0.0,0.0
ecoli,ecoli:P0A7A5,all_U,source_association_degree,2,200,202,0.48625,0.015420023014959722,53,55,54.0,0.018522753742879528,0.0,0.0,0.0,0.0,0.0,0.0,0.0,0.0,0.0,0.0,0.0,0.0,0.0,0.0,0.0,0.0,0.0,0.0
ecoli,ecoli:P20605,background,source_association_degree,4,100,104,0.2475,0.06009615384615385,8,8,8.0,0.125,0.0,0.0,0.0,0.0,0.0,0.0,1.0,0.25,0.1,2.6,0.123151194370365,1.0,1.0,0.25,0.05,1.3,0.123151194370365,1.0
ecoli,ecoli:P20605,matched,source_association_degree,4,100,104,0.40375,0.06729323308270677,7,7,7.0,0.14285714285714285,0.0,0.0,0.0,0.0,0.0,0.0,1.0,0.25,0.1,2.6,0.13012668333070054,1.0,1.0,0.25,0.05,1.3,0.13012668333070054,1.0
ecoli,ecoli:P20605,all_U,source_association_degree,4,200,204,0.325625,0.03324175824175824,14,14,14.0,0.07142857142857142,0.0,0.0,0.0,0.0,0.0,0.0,0.0,0.0,0.0,0.0,0.0,0.0,1.0,0.25,0.05,2.5500000000000003,0.09992090652113537,1.0
ecoli,ecoli:P77650,background,source_association_degree,5,100,105,0.667,0.08309409888357257,18,19,18.5,0.054093567251461985,0.0,0.0,0.0,0.0,0.0,0.0,0.0,0.0,0.0,0.0,0.0,0.0,1.0,0.2,0.05,1.05,0.07915780882588719,1.0
ecoli,ecoli:P77650,matched,source_association_degree,5,100,105,0.639,0.08339657550561425,14,14,14.0,0.07142857142857142,0.0,0.0,0.0,0.0,0.0,0.0,0.0,0.0,0.0,0.0,0.0,0.0,1.0,0.2,0.05,1.05,0.08681077623592635,1.0
ecoli,ecoli:P77650,all_U,source_association_degree,5,200,205,0.653,0.043003810970754425,31,32,31.5,0.031754032258064516,0.0,0.0,0.0,0.0,0.0,0.0,0.0,0.0,0.0,0.0,0.0,0.0,0.0,0.0,0.0,0.0,0.0,0.0
ecoli,ecoli:P0A858,background,source_association_degree,2,100,102,0.835,0.13225806451612904,5,5,5.0,0.2,1.0,0.5,0.2,10.200000000000001,0.23719771276929622,1.0,1.0,0.5,0.1,5.1000000000000005,0.23719771276929622,1.0,1.0,0.5,0.05,2.5500000000000003,0.23719771276929622,1.0
ecoli,ecoli:P0A858,matched,source_association_degree,2,100,102,0.625,0.13833333333333334,4,4,4.0,0.25,1.0,0.5,0.2,10.200000000000001,0.2640681225725909,1.0,1.0,0.5,0.1,5.1000000000000005,0.2640681225725909,1.0,1.0,0.5,0.05,2.5500000000000003,0.2640681225725909,1.0
ecoli,ecoli:P0A858,all_U,source_association_degree,2,200,202,0.73,0.07211538461538461,8,8,8.0,0.125,0.0,0.0,0.0,0.0,0.0,0.0,1.0,0.5,0.1,10.1,0.19342640361727081,1.0,1.0,0.5,0.05,5.05,0.19342640361727081,1.0
ecoli,ecoli:P33129,background,source_association_degree,5,100,105,0.763,0.10980263157894737,10,10,10.0,0.1,0.0,0.0,0.0,0.0,0.0,0.0,1.0,0.2,0.1,2.1,0.09803928583135704,1.0,2.0,0.4,0.1,2.1,0.18192217553311854,1.0
ecoli,ecoli:P33129,matched,source_association_degree,5,100,105,0.555,0.06234292816208928,19,19,19.0,0.05263157894736842,0.0,0.0,0.0,0.0,0.0,0.0,0.0,0.0,0.0,0.0,0.0,0.0,1.0,0.2,0.05,1.05,0.07847428227110642,1.0
ecoli,ecoli:P33129,all_U,source_association_degree,5,200,205,0.659,0.04140875862540138,28,28,28.0,0.03571428571428571,0.0,0.0,0.0,0.0,0.0,0.0,0.0,0.0,0.0,0.0,0.0,0.0,0.0,0.0,0.0,0.0,0.0,0.0
ecoli,ecoli:P75691,background,source_association_degree,2,100,102,0.655,0.040740740740740744,27,27,27.0,0.037037037037037035,0.0,0.0,0.0,0.0,0.0,0.0,0.0,0.0,0.0,0.0,0.0,0.0,0.0,0.0,0.0,0.0,0.0,0.0
ecoli,ecoli:P75691,matched,source_association_degree,2,100,102,0.5075,0.028665028665028666,36,37,36.5,0.027402402402402402,0.0,0.0,0.0,0.0,0.0,0.0,0.0,0.0,0.0,0.0,0.0,0.0,0.0,0.0,0.0,0.0,0.0,0.0
ecoli,ecoli:P75691,all_U,source_association_degree,2,200,202,0.58125,0.01711081986311344,62,63,62.5,0.016001024065540194,0.0,0.0,0.0,0.0,0.0,0.0,0.0,0.0,0.0,0.0,0.0,0.0,0.0,0.0,0.0,0.0,0.0,0.0
ecoli,ecoli:P0AG51,background,source_association_degree,2,100,102,0.56,0.03182957393483709,35,35,35.0,0.02857142857142857,0.0,0.0,0.0,0.0,0.0,0.0,0.0,0.0,0.0,0.0,0.0,0.0,0.0,0.0,0.0,0.0,0.0,0.0
ecoli,ecoli:P0AG51,matched,source_association_degree,2,100,102,0.3925,0.02452153110047847,38,38,38.0,0.02631578947368421,0.0,0.0,0.0,0.0,0.0,0.0,0.0,0.0,0.0,0.0,0.0,0.0,0.0,0.0,0.0,0.0,0.0,0.0
ecoli,ecoli:P0AG51,all_U,source_association_degree,2,200,202,0.47625,0.013937451437451436,72,72,72.0,0.013888888888888888,0.0,0.0,0.0,0.0,0.0,0.0,0.0,0.0,0.0,0.0,0.0,0.0,0.0,0.0,0.0,0.0,0.0,0.0
ecoli,ecoli:P32669,background,source_association_degree,4,100,104,0.595,0.07230325230325231,9,9,9.0,0.1111111111111111,0.0,0.0,0.0,0.0,0.0,0.0,1.0,0.25,0.1,2.6,0.11751610475642714,1.0,1.0,0.25,0.05,1.3,0.11751610475642714,1.0
ecoli,ecoli:P32669,matched,source_association_degree,4,100,104,0.48125,0.05078457578457579,15,15,15.0,0.06666666666666667,0.0,0.0,0.0,0.0,0.0,0.0,0.0,0.0,0.0,0.0,0.0,0.0,1.0,0.25,0.05,1.3,0.09759501249802542,1.0
ecoli,ecoli:P32669,all_U,source_association_degree,4,200,204,0.538125,0.03065760238347725,23,23,23.0,0.043478260869565216,0.0,0.0,0.0,0.0,0.0,0.0,0.0,0.0,0.0,0.0,0.0,0.0,0.0,0.0,0.0,0.0,0.0,0.0
ecoli,ecoli:P69222,background,source_association_degree,3,100,103,0.6733333333333333,0.12564935064935065,5,5,5.0,0.2,1.0,0.3333333333333333,0.2,6.866666666666667,0.18154179253735267,1.0,1.0,0.3333333333333333,0.1,3.4333333333333336,0.18154179253735267,1.0,2.0,0.6666666666666666,0.1,3.4333333333333336,0.3016574483354039,1.0
ecoli,ecoli:P69222,matched,source_association_degree,3,100,103,0.465,0.039338367493707296,30,30,30.0,0.03333333333333333,0.0,0.0,0.0,0.0,0.0,0.0,0.0,0.0,0.0,0.0,0.0,0.0,0.0,0.0,0.0,0.0,0.0,0.0
ecoli,ecoli:P69222,all_U,source_association_degree,3,200,203,0.5691666666666667,0.029011959393686552,34,34,34.0,0.029411764705882353,0.0,0.0,0.0,0.0,0.0,0.0,0.0,0.0,0.0,0.0,0.0,0.0,0.0,0.0,0.0,0.0,0.0,0.0
ecoli,ecoli:P0A6E6,background,source_association_degree,3,100,103,0.9333333333333333,0.5476190476190477,1,1,1.0,1.0,2.0,0.6666666666666666,0.4,13.733333333333334,0.6713860725233041,1.0,2.0,0.6666666666666666,0.2,6.866666666666667,0.6713860725233041,1.0,2.0,0.6666666666666666,0.1,3.4333333333333336,0.6713860725233041,1.0
ecoli,ecoli:P0A6E6,matched,source_association_degree,3,100,103,0.7683333333333333,0.12651515151515152,5,5,5.0,0.2,1.0,0.3333333333333333,0.2,6.866666666666667,0.18154179253735267,1.0,1.0,0.3333333333333333,0.1,3.4333333333333336,0.18154179253735267,1.0,2.0,0.6666666666666666,0.1,3.4333333333333336,0.2963510872633705,1.0
ecoli,ecoli:P0A6E6,all_U,source_association_degree,3,200,203,0.8508333333333333,0.11740233384069,5,5,5.0,0.2,1.0,0.3333333333333333,0.2,13.533333333333335,0.18154179253735267,1.0,1.0,0.3333333333333333,0.1,6.7666666666666675,0.18154179253735267,1.0,2.0,0.6666666666666666,0.1,6.7666666666666675,0.29201418749645014,1.0
ecoli,ecoli:P39265,background,source_association_degree,2,100,102,0.3925,0.02492401215805471,34,35,34.5,0.028991596638655463,0.0,0.0,0.0,0.0,0.0,0.0,0.0,0.0,0.0,0.0,0.0,0.0,0.0,0.0,0.0,0.0,0.0,0.0
ecoli,ecoli:P39265,matched,source_association_degree,2,100,102,0.4475,0.023137254901960787,49,51,50.0,0.02000533546752034,0.0,0.0,0.0,0.0,0.0,0.0,0.0,0.0,0.0,0.0,0.0,0.0,0.0,0.0,0.0,0.0,0.0,0.0
ecoli,ecoli:P39265,all_U,source_association_degree,2,200,202,0.42,0.01187037689327228,82,85,83.5,0.011978195627354674,0.0,0.0,0.0,0.0,0.0,0.0,0.0,0.0,0.0,0.0,0.0,0.0,0.0,0.0,0.0,0.0,0.0,0.0
ecoli,ecoli:P63284,background,source_association_degree,2,100,102,0.4825,0.02701252236135957,41,43,42.0,0.023818527221817067,0.0,0.0,0.0,0.0,0.0,0.0,0.0,0.0,0.0,0.0,0.0,0.0,0.0,0.0,0.0,0.0,0.0,0.0
ecoli,ecoli:P63284,matched,source_association_degree,2,100,102,0.6325,0.04503676470588235,14,17,15.5,0.0648546918767507,0.0,0.0,0.0,0.0,0.0,0.0,0.0,0.0,0.0,0.0,0.0,0.0,1.0,0.5,0.05,2.5500000000000003,0.15181846908601063,1.0
ecoli,ecoli:P63284,all_U,source_association_degree,2,200,202,0.5575,0.016348592019217935,54,59,56.5,0.017715311843220012,0.0,0.0,0.0,0.0,0.0,0.0,0.0,0.0,0.0,0.0,0.0,0.0,0.0,0.0,0.0,0.0,0.0,0.0
ecoli,ecoli:P0A6T3,background,source_association_degree,4,100,104,0.735,0.09305323299888517,8,8,8.0,0.125,0.0,0.0,0.0,0.0,0.0,0.0,1.0,0.25,0.1,2.6,0.123151194370365,1.0,1.0,0.25,0.05,1.3,0.123151194370365,1.0
ecoli,ecoli:P0A6T3,matched,source_association_degree,4,100,104,0.54875,0.054876399007496565,16,16,16.0,0.0625,0.0,0.0,0.0,0.0,0.0,0.0,0.0,0.0,0.0,0.0,0.0,0.0,1.0,0.25,0.05,1.3,0.09550669086270785,1.0
ecoli,ecoli:P0A6T3,all_U,source_association_degree,4,200,204,0.641875,0.035641089988916075,23,23,23.0,0.043478260869565216,0.0,0.0,0.0,0.0,0.0,0.0,0.0,0.0,0.0,0.0,0.0,0.0,0.0,0.0,0.0,0.0,0.0,0.0
ecoli,ecoli:P0A9I3,background,source_association_degree,3,100,103,0.8433333333333334,0.15659340659340656,7,7,7.0,0.14285714285714285,0.0,0.0,0.0,0.0,0.0,0.0,2.0,0.6666666666666666,0.2,6.866666666666667,0.3044671974905181,1.0,2.0,0.6666666666666666,0.1,3.4333333333333336,0.3044671974905181,1.0
ecoli,ecoli:P0A9I3,matched,source_association_degree,3,100,103,0.6216666666666667,0.06498936924167258,17,17,17.0,0.058823529411764705,0.0,0.0,0.0,0.0,0.0,0.0,0.0,0.0,0.0,0.0,0.0,0.0,2.0,0.6666666666666666,0.1,3.4333333333333336,0.21937969305725782,1.0
ecoli,ecoli:P0A9I3,all_U,source_association_degree,3,200,203,0.7325,0.04853714060875186,23,23,23.0,0.043478260869565216,0.0,0.0,0.0,0.0,0.0,0.0,0.0,0.0,0.0,0.0,0.0,0.0,0.0,0.0,0.0,0.0,0.0,0.0
ecoli,ecoli:P75864,background,source_association_degree,4,100,104,0.79375,0.45865776789024837,1,1,1.0,1.0,2.0,0.5,0.4,10.4,0.5855700749881525,1.0,2.0,0.5,0.2,5.2,0.5855700749881525,1.0,2.0,0.5,0.1,2.6,0.5855700749881525,1.0
ecoli,ecoli:P75864,matched,source_association_degree,4,100,104,0.655,0.22168109668109667,2,2,2.0,0.5,1.0,0.25,0.2,5.2,0.24630238874073,1.0,2.0,0.5,0.2,5.2,0.38089382016146806,1.0,2.0,0.5,0.1,2.6,0.38089382016146806,1.0
ecoli,ecoli:P75864,all_U,source_association_degree,4,200,204,0.724375,0.20372431506849314,2,2,2.0,0.5,1.0,0.25,0.2,10.200000000000001,0.24630238874073,1.0,2.0,0.5,0.2,10.200000000000001,0.37294132759126275,1.0,2.0,0.5,0.1,5.1000000000000005,0.37294132759126275,1.0
ecoli,ecoli:P64559,background,source_association_degree,2,100,102,0.7025,0.5153846153846153,1,1,1.0,1.0,1.0,0.5,0.2,10.200000000000001,0.6131471927654584,1.0,1.0,0.5,0.1,5.1000000000000005,0.6131471927654584,1.0,1.0,0.5,0.05,2.5500000000000003,0.6131471927654584,1.0
ecoli,ecoli:P64559,matched,source_association_degree,2,100,102,0.5275,0.13530927835051546,4,4,4.0,0.25,1.0,0.5,0.2,10.200000000000001,0.2640681225725909,1.0,1.0,0.5,0.1,5.1000000000000005,0.2640681225725909,1.0,1.0,0.5,0.05,2.5500000000000003,0.2640681225725909,1.0
ecoli,ecoli:P64559,all_U,source_association_degree,2,200,202,0.615,0.13125,4,4,4.0,0.25,1.0,0.5,0.2,20.2,0.2640681225725909,1.0,1.0,0.5,0.1,10.1,0.2640681225725909,1.0,1.0,0.5,0.05,5.05,0.2640681225725909,1.0
ecoli,ecoli:P0AG30,background,source_association_degree,5,100,105,0.798,0.505909090909091,1,1,1.0,1.0,2.0,0.4,0.4,8.4,0.5531464700081437,1.0,2.0,0.4,0.2,4.2,0.5531464700081437,1.0,4.0,0.8,0.2,4.2,0.7255983019917381,1.0
ecoli,ecoli:P0AG30,matched,source_association_degree,5,100,105,0.591,0.36756339881141414,1,1,1.0,1.0,2.0,0.4,0.4,8.4,0.5087403079104241,1.0,2.0,0.4,0.2,4.2,0.5087403079104241,1.0,2.0,0.4,0.1,2.1,0.5087403079104241,1.0
ecoli,ecoli:P0AG30,all_U,source_association_degree,5,200,205,0.6945,0.359200127395462,1,1,1.0,1.0,2.0,0.4,0.4,16.4,0.5087403079104241,1.0,2.0,0.4,0.2,8.2,0.5087403079104241,1.0,2.0,0.4,0.1,4.1,0.5087403079104241,1.0
ecoli,ecoli:P18811,background,source_association_degree,3,100,103,0.7583333333333333,0.07330153683094859,17,17,17.0,0.058823529411764705,0.0,0.0,0.0,0.0,0.0,0.0,0.0,0.0,0.0,0.0,0.0,0.0,1.0,0.3333333333333333,0.05,1.7166666666666668,0.1125388887954676,1.0
ecoli,ecoli:P18811,matched,source_association_degree,3,100,103,0.345,0.029384663790003592,36,36,36.0,0.027777777777777776,0.0,0.0,0.0,0.0,0.0,0.0,0.0,0.0,0.0,0.0,0.0,0.0,0.0,0.0,0.0,0.0,0.0,0.0
ecoli,ecoli:P18811,all_U,source_association_degree,3,200,203,0.5516666666666666,0.021372361732291255,52,52,52.0,0.019230769230769232,0.0,0.0,0.0,0.0,0.0,0.0,0.0,0.0,0.0,0.0,0.0,0.0,0.0,0.0,0.0,0.0,0.0,0.0
ecoli,ecoli:P08839,background,source_association_degree,2,100,102,0.61,0.05974025974025974,11,11,11.0,0.09090909090909091,0.0,0.0,0.0,0.0,0.0,0.0,0.0,0.0,0.0,0.0,0.0,0.0,1.0,0.5,0.05,2.5500000000000003,0.1710330840677181,1.0
ecoli,ecoli:P08839,matched,source_association_degree,2,100,102,0.6375,0.04554079696394687,17,17,17.0,0.058823529411764705,0.0,0.0,0.0,0.0,0.0,0.0,0.0,0.0,0.0,0.0,0.0,0.0,1.0,0.5,0.05,2.5500000000000003,0.14704034066641014,1.0
ecoli,ecoli:P08839,all_U,source_association_degree,2,200,202,0.62375,0.02621082621082621,27,27,27.0,0.037037037037037035,0.0,0.0,0.0,0.0,0.0,0.0,0.0,0.0,0.0,0.0,0.0,0.0,0.0,0.0,0.0,0.0,0.0,0.0
ecoli,ecoli:P17115,background,source_association_degree,2,100,102,0.835,0.08846153846153847,10,10,10.0,0.1,0.0,0.0,0.0,0.0,0.0,0.0,1.0,0.5,0.1,5.1000000000000005,0.17723928678404774,1.0,1.0,0.5,0.05,2.5500000000000003,0.17723928678404774,1.0
ecoli,ecoli:P17115,matched,source_association_degree,2,100,102,0.3825,0.023669467787114845,42,42,42.0,0.023809523809523808,0.0,0.0,0.0,0.0,0.0,0.0,0.0,0.0,0.0,0.0,0.0,0.0,0.0,0.0,0.0,0.0,0.0,0.0
ecoli,ecoli:P17115,all_U,source_association_degree,2,200,202,0.60875,0.018978233495232956,51,51,51.0,0.0196078431372549,0.0,0.0,0.0,0.0,0.0,0.0,0.0,0.0,0.0,0.0,0.0,0.0,0.0,0.0,0.0,0.0,0.0,0.0
ecoli,ecoli:P37640,background,source_association_degree,3,100,103,0.79,0.3938679245283019,1,1,1.0,1.0,1.0,0.3333333333333333,0.2,6.866666666666667,0.46927872602275644,1.0,1.0,0.3333333333333333,0.1,3.4333333333333336,0.46927872602275644,1.0,2.0,0.6666666666666666,0.1,3.4333333333333336,0.5840880207487743,1.0
ecoli,ecoli:P37640,matched,source_association_degree,3,100,103,0.62,0.36620234604105567,1,1,1.0,1.0,1.0,0.3333333333333333,0.2,6.866666666666667,0.46927872602275644,1.0,1.0,0.3333333333333333,0.1,3.4333333333333336,0.46927872602275644,1.0,1.0,0.3333333333333333,0.05,1.7166666666666668,0.46927872602275644,1.0
ecoli,ecoli:P37640,all_U,source_association_degree,3,200,203,0.705,0.35539452495974233,1,1,1.0,1.0,1.0,0.3333333333333333,0.2,13.533333333333335,0.46927872602275644,1.0,1.0,0.3333333333333333,0.1,6.7666666666666675,0.46927872602275644,1.0,1.0,0.3333333333333333,0.05,3.3833333333333337,0.46927872602275644,1.0
ecoli,ecoli:P15070,background,source_association_degree,10,100,110,0.6505,0.16989981013173178,3,3,3.0,0.3333333333333333,1.0,0.1,0.2,2.2,0.16958010263680806,1.0,2.0,0.2,0.2,2.2,0.17947710508581735,1.0,2.0,0.2,0.1,1.1,0.17947710508581735,1.0
ecoli,ecoli:P15070,matched,source_association_degree,10,100,110,0.494,0.10437229977256515,9,9,9.0,0.1111111111111111,0.0,0.0,0.0,0.0,0.0,0.0,1.0,0.1,0.1,1.1,0.06625422345438903,1.0,2.0,0.2,0.1,1.1,0.12406122353809447,1.0
ecoli,ecoli:P15070,all_U,source_association_degree,10,200,210,0.57225,0.06802671394817257,11,11,11.0,0.09090909090909091,0.0,0.0,0.0,0.0,0.0,0.0,0.0,0.0,0.0,0.0,0.0,0.0,2.0,0.2,0.1,2.1,0.11231748522197163,1.0
ecoli,ecoli:P0A8I5,background,source_association_degree,4,100,104,0.4925,0.04821428571428571,40,42,41.0,0.02439992257065428,0.0,0.0,0.0,0.0,0.0,0.0,0.0,0.0,0.0,0.0,0.0,0.0,0.0,0.0,0.0,0.0,0.0,0.0
ecoli,ecoli:P0A8I5,matched,source_association_degree,4,100,104,0.415,0.0440891472868217,14,18,16.0,0.06299486461251168,0.0,0.0,0.0,0.0,0.0,0.0,0.0,0.0,0.0,0.0,0.0,0.0,1.0,0.25,0.05,1.3,0.09570791118762394,1.0
ecoli,ecoli:P0A8I5,all_U,source_association_degree,4,200,204,0.45375,0.022290049146100707,53,59,56.0,0.01787997079823171,0.0,0.0,0.0,0.0,0.0,0.0,0.0,0.0,0.0,0.0,0.0,0.0,0.0,0.0,0.0,0.0,0.0,0.0
ecoli,ecoli:P0A7L8,background,source_association_degree,4,100,104,0.78125,0.362015562438619,1,1,1.0,1.0,1.0,0.25,0.2,5.2,0.3903800499921017,1.0,2.0,0.5,0.2,5.2,0.5205067333228022,1.0,2.0,0.5,0.1,2.6,0.5205067333228022,1.0
ecoli,ecoli:P0A7L8,matched,source_association_degree,4,100,104,0.56875,0.3022735640648012,1,1,1.0,1.0,1.0,0.25,0.2,5.2,0.3903800499921017,1.0,1.0,0.25,0.1,2.6,0.3903800499921017,1.0,2.0,0.5,0.1,2.6,0.4858867408548096,1.0
ecoli,ecoli:P0A7L8,all_U,source_association_degree,4,200,204,0.675,0.2879560915275201,1,1,1.0,1.0,1.0,0.25,0.2,10.200000000000001,0.3903800499921017,1.0,1.0,0.25,0.1,5.1000000000000005,0.3903800499921017,1.0,1.0,0.25,0.05,2.5500000000000003,0.3903800499921017,1.0
ecoli,ecoli:P0A8A8,background,source_association_degree,4,100,104,0.58,0.2925863991081383,1,1,1.0,1.0,1.0,0.25,0.2,5.2,0.3903800499921017,1.0,1.0,0.25,0.1,2.6,0.3903800499921017,1.0,1.0,0.25,0.05,1.3,0.3903800499921017,1.0
ecoli,ecoli:P0A8A8,matched,source_association_degree,4,100,104,0.56375,0.10168791709391652,4,4,4.0,0.25,1.0,0.25,0.2,5.2,0.16812753627111746,1.0,1.0,0.25,0.1,2.6,0.16812753627111746,1.0,1.0,0.25,0.05,1.3,0.16812753627111746,1.0
ecoli,ecoli:P0A8A8,all_U,source_association_degree,4,200,204,0.571875,0.08344970064929591,4,4,4.0,0.25,1.0,0.25,0.2,10.200000000000001,0.16812753627111746,1.0,1.0,0.25,0.1,5.1000000000000005,0.16812753627111746,1.0,1.0,0.25,0.05,2.5500000000000003,0.16812753627111746,1.0
ecoli,ecoli:P0AAF6,background,source_association_degree,6,100,106,0.7325,0.1351801362766275,8,8,8.0,0.125,0.0,0.0,0.0,0.0,0.0,0.0,2.0,0.3333333333333333,0.2,3.5333333333333337,0.1865528363129254,1.0,3.0,0.5,0.15,2.65,0.25656844204611146,1.0
ecoli,ecoli:P0AAF6,matched,source_association_degree,6,100,106,0.5341666666666667,0.08752835556959268,11,11,11.0,0.09090909090909091,0.0,0.0,0.0,0.0,0.0,0.0,0.0,0.0,0.0,0.0,0.0,0.0,2.0,0.3333333333333333,0.1,1.7666666666666668,0.16186232464433958,1.0
ecoli,ecoli:P0AAF6,all_U,source_association_degree,6,200,206,0.6333333333333333,0.05641376426260147,18,18,18.0,0.05555555555555555,0.0,0.0,0.0,0.0,0.0,0.0,0.0,0.0,0.0,0.0,0.0,0.0,1.0,0.16666666666666666,0.05,1.7166666666666668,0.07123530534387783,1.0
ecoli,ecoli:P08142,background,source_association_degree,2,100,102,0.2775,0.019203664552501762,62,66,64.0,0.015632635733442184,0.0,0.0,0.0,0.0,0.0,0.0,0.0,0.0,0.0,0.0,0.0,0.0,0.0,0.0,0.0,0.0,0.0,0.0
ecoli,ecoli:P08142,matched,source_association_degree,2,100,102,0.3225,0.020220588235294115,48,51,49.5,0.020212334933973588,0.0,0.0,0.0,0.0,0.0,0.0,0.0,0.0,0.0,0.0,0.0,0.0,0.0,0.0,0.0,0.0,0.0,0.0
ecoli,ecoli:P08142,all_U,source_association_degree,2,200,202,0.3,0.009865900383141762,109,116,112.5,0.008892578828858225,0.0,0.0,0.0,0.0,0.0,0.0,0.0,0.0,0.0,0.0,0.0,0.0,0.0,0.0,0.0,0.0,0.0,0.0
ecoli,ecoli:P0A7B1,background,source_association_degree,6,100,106,0.5966666666666667,0.08652349828820416,14,14,14.0,0.07142857142857142,0.0,0.0,0.0,0.0,0.0,0.0,0.0,0.0,0.0,0.0,0.0,0.0,1.0,0.16666666666666666,0.05,0.8833333333333334,0.07745351606183935,1.0
ecoli,ecoli:P0A7B1,matched,source_association_degree,6,100,106,0.4241666666666667,0.05681733056426808,21,21,21.0,0.047619047619047616,0.0,0.0,0.0,0.0,0.0,0.0,0.0,0.0,0.0,0.0,0.0,0.0,0.0,0.0,0.0,0.0,0.0,0.0
ecoli,ecoli:P0A7B1,all_U,source_association_degree,6,200,206,0.5104166666666666,0.035134112276438624,34,34,34.0,0.029411764705882353,0.0,0.0,0.0,0.0,0.0,0.0,0.0,0.0,0.0,0.0,0.0,0.0,0.0,0.0,0.0,0.0,0.0,0.0
ecoli,ecoli:P07649,background,source_association_degree,5,100,105,0.682,0.08550834879406309,11,11,11.0,0.09090909090909091,0.0,0.0,0.0,0.0,0.0,0.0,0.0,0.0,0.0,0.0,0.0,0.0,1.0,0.2,0.05,1.05,0.09460634670666435,1.0
ecoli,ecoli:P07649,matched,source_association_degree,5,100,105,0.495,0.0574159478964971,15,15,15.0,0.06666666666666667,0.0,0.0,0.0,0.0,0.0,0.0,0.0,0.0,0.0,0.0,0.0,0.0,1.0,0.2,0.05,1.05,0.08479005131840403,1.0
ecoli,ecoli:P07649,all_U,source_association_degree,5,200,205,0.5885,0.03549997761521449,25,25,25.0,0.04,0.0,0.0,0.0,0.0,0.0,0.0,0.0,0.0,0.0,0.0,0.0,0.0,0.0,0.0,0.0,0.0,0.0,0.0
ecoli,ecoli:P33358,background,source_association_degree,3,100,103,0.4266666666666667,0.03183059063656078,37,39,38.0,0.026327947380578955,0.0,0.0,0.0,0.0,0.0,0.0,0.0,0.0,0.0,0.0,0.0,0.0,0.0,0.0,0.0,0.0,0.0,0.0
ecoli,ecoli:P33358,matched,source_association_degree,3,100,103,0.6916666666666667,0.06785714285714287,9,10,9.5,0.10555555555555556,0.0,0.0,0.0,0.0,0.0,0.0,1.0,0.3333333333333333,0.1,3.4333333333333336,0.1384594731461384,1.0,1.0,0.3333333333333333,0.05,1.7166666666666668,0.1384594731461384,1.0
ecoli,ecoli:P33358,all_U,source_association_degree,3,200,203,0.5591666666666667,0.021106150793650795,45,48,46.5,0.021517820433754754,0.0,0.0,0.0,0.0,0.0,0.0,0.0,0.0,0.0,0.0,0.0,0.0,0.0,0.0,0.0,0.0,0.0,0.0
ecoli,ecoli:P46144,background,source_association_degree,5,100,105,0.692,0.1148851148851149,7,7,7.0,0.14285714285714285,0.0,0.0,0.0,0.0,0.0,0.0,1.0,0.2,0.1,2.1,0.11305340175787204,1.0,1.3333333333333333,0.26666666666666666,0.06666666666666667,1.4000000000000001,0.1387922978521233,1.0
ecoli,ecoli:P46144,matched,source_association_degree,5,100,105,0.391,0.04772727272727273,33,33,33.0,0.030303030303030304,0.0,0.0,0.0,0.0,0.0,0.0,0.0,0.0,0.0,0.0,0.0,0.0,0.0,0.0,0.0,0.0,0.0,0.0
ecoli,ecoli:P46144,all_U,source_association_degree,5,200,205,0.5415,0.03380878329900099,39,39,39.0,0.02564102564102564,0.0,0.0,0.0,0.0,0.0,0.0,0.0,0.0,0.0,0.0,0.0,0.0,0.0,0.0,0.0,0.0,0.0,0.0
ecoli,ecoli:P30138,background,source_association_degree,3,100,103,0.51,0.07793809347638425,6,6,6.0,0.16666666666666666,0.0,0.0,0.0,0.0,0.0,0.0,1.0,0.3333333333333333,0.1,3.4333333333333336,0.16716045496620227,1.0,1.0,0.3333333333333333,0.05,1.7166666666666668,0.16716045496620227,1.0
ecoli,ecoli:P30138,matched,source_association_degree,3,100,103,0.44666666666666666,0.04554595731066319,13,13,13.0,0.07692307692307693,0.0,0.0,0.0,0.0,0.0,0.0,0.0,0.0,0.0,0.0,0.0,0.0,1.0,0.3333333333333333,0.05,1.7166666666666668,0.12325583919272352,1.0
ecoli,ecoli:P30138,all_U,source_association_degree,3,200,203,0.47833333333333333,0.02917126446538211,18,18,18.0,0.05555555555555555,0.0,0.0,0.0,0.0,0.0,0.0,0.0,0.0,0.0,0.0,0.0,0.0,1.0,0.3333333333333333,0.05,3.3833333333333337,0.11047239495909743,1.0
ecoli,ecoli:P28903,background,source_association_degree,3,100,103,0.46166666666666667,0.0333745947539051,36,39,37.5,0.026690404979878665,0.0,0.0,0.0,0.0,0.0,0.0,0.0,0.0,0.0,0.0,0.0,0.0,0.0,0.0,0.0,0.0,0.0,0.0
ecoli,ecoli:P28903,matched,source_association_degree,3,100,103,0.5183333333333333,0.04261840237449993,15,18,16.5,0.06088643790849673,0.0,0.0,0.0,0.0,0.0,0.0,0.0,0.0,0.0,0.0,0.0,0.0,1.0,0.3333333333333333,0.05,1.7166666666666668,0.113785064996568,1.0
ecoli,ecoli:P28903,all_U,source_association_degree,3,200,203,0.49,0.018398268398268396,50,56,53.0,0.018894859493400796,0.0,0.0,0.0,0.0,0.0,0.0,0.0,0.0,0.0,0.0,0.0,0.0,0.0,0.0,0.0,0.0,0.0,0.0
ecoli,ecoli:P33225,background,source_association_degree,2,100,102,0.565,0.2608695652173913,2,2,2.0,0.5,1.0,0.5,0.2,10.200000000000001,0.38685280723454163,1.0,1.0,0.5,0.1,5.1000000000000005,0.38685280723454163,1.0,1.0,0.5,0.05,2.5500000000000003,0.38685280723454163,1.0
ecoli,ecoli:P33225,matched,source_association_degree,2,100,102,0.5575,0.5108695652173914,1,1,1.0,1.0,1.0,0.5,0.2,10.200000000000001,0.6131471927654584,1.0,1.0,0.5,0.1,5.1000000000000005,0.6131471927654584,1.0,1.0,0.5,0.05,2.5500000000000003,0.6131471927654584,1.0
ecoli,ecoli:P33225,all_U,source_association_degree,2,200,202,0.56125,0.2554945054945055,2,2,2.0,0.5,1.0,0.5,0.2,20.2,0.38685280723454163,1.0,1.0,0.5,0.1,10.1,0.38685280723454163,1.0,1.0,0.5,0.05,5.05,0.38685280723454163,1.0
ecoli,ecoli:P41443,background,source_association_degree,3,100,103,0.37333333333333335,0.03286831536673007,36,38,37.0,0.02704019809282967,0.0,0.0,0.0,0.0,0.0,0.0,0.0,0.0,0.0,0.0,0.0,0.0,0.0,0.0,0.0,0.0,0.0,0.0
ecoli,ecoli:P41443,matched,source_association_degree,3,100,103,0.41833333333333333,0.052525252525252523,10,11,10.5,0.09545454545454546,0.0,0.0,0.0,0.0,0.0,0.0,0.5,0.16666666666666666,0.05,1.7166666666666668,0.06782598671622389,0.5,1.0,0.3333333333333333,0.05,1.7166666666666668,0.1332769818003225,1.0
ecoli,ecoli:P41443,all_U,source_association_degree,3,200,203,0.3958333333333333,0.018709150326797385,45,48,46.5,0.021517820433754754,0.0,0.0,0.0,0.0,0.0,0.0,0.0,0.0,0.0,0.0,0.0,0.0,0.0,0.0,0.0,0.0,0.0,0.0
ecoli,ecoli:P0AD68,background,source_association_degree,7,100,107,0.655,0.09798332340693547,16,17,16.5,0.06066176470588235,0.0,0.0,0.0,0.0,0.0,0.0,0.0,0.0,0.0,0.0,0.0,0.0,1.0,0.14285714285714285,0.05,0.7642857142857145,0.0665837076301651,1.0
ecoli,ecoli:P0AD68,matched,source_association_degree,7,100,107,0.5421428571428571,0.0802982823294384,14,14,14.0,0.07142857142857142,0.0,0.0,0.0,0.0,0.0,0.0,0.0,0.0,0.0,0.0,0.0,0.0,1.0,0.14285714285714285,0.05,0.7642857142857145,0.07035680323970717,1.0
ecoli,ecoli:P0AD68,all_U,source_association_degree,7,200,207,0.5985714285714285,0.045792834335814256,29,30,29.5,0.0339080459770115,0.0,0.0,0.0,0.0,0.0,0.0,0.0,0.0,0.0,0.0,0.0,0.0,0.0,0.0,0.0,0.0,0.0,0.0
ecoli,ecoli:P0A850,background,source_association_degree,3,100,103,0.6883333333333334,0.20008183306055644,2,2,2.0,0.5,1.0,0.3333333333333333,0.2,6.866666666666667,0.2960819109658652,1.0,1.0,0.3333333333333333,0.1,3.4333333333333336,0.2960819109658652,1.0,1.0,0.3333333333333333,0.05,1.7166666666666668,0.2960819109658652,1.0
ecoli,ecoli:P0A850,matched,source_association_degree,3,100,103,0.4683333333333333,0.3531357882623705,1,1,1.0,1.0,1.0,0.3333333333333333,0.2,6.866666666666667,0.46927872602275644,1.0,1.0,0.3333333333333333,0.1,3.4333333333333336,0.46927872602275644,1.0,1.0,0.3333333333333333,0.05,1.7166666666666668,0.46927872602275644,1.0
ecoli,ecoli:P0A850,all_U,source_association_degree,3,200,203,0.5783333333333334,0.17934228082568085,2,2,2.0,0.5,1.0,0.3333333333333333,0.2,13.533333333333335,0.2960819109658652,1.0,1.0,0.3333333333333333,0.1,6.7666666666666675,0.2960819109658652,1.0,1.0,0.3333333333333333,0.05,3.3833333333333337,0.2960819109658652,1.0
ecoli,ecoli:P77493,background,source_association_degree,2,100,102,0.62,0.11315789473684211,5,5,5.0,0.2,1.0,0.5,0.2,10.200000000000001,0.23719771276929622,1.0,1.0,0.5,0.1,5.1000000000000005,0.23719771276929622,1.0,1.0,0.5,0.05,2.5500000000000003,0.23719771276929622,1.0
ecoli,ecoli:P77493,matched,source_association_degree,2,100,102,0.5575,0.06136363636363637,10,10,10.0,0.1,0.0,0.0,0.0,0.0,0.0,0.0,1.0,0.5,0.1,5.1000000000000005,0.17723928678404774,1.0,1.0,0.5,0.05,2.5500000000000003,0.17723928678404774,1.0
ecoli,ecoli:P77493,all_U,source_association_degree,2,200,202,0.58875,0.04188712522045855,14,14,14.0,0.07142857142857142,0.0,0.0,0.0,0.0,0.0,0.0,0.0,0.0,0.0,0.0,0.0,0.0,1.0,0.5,0.05,5.05,0.15693994437792994,1.0
ecoli,ecoli:P0AAY6,background,source_association_degree,7,100,107,0.7057142857142857,0.12631594304388422,6,6,6.0,0.16666666666666666,0.0,0.0,0.0,0.0,0.0,0.0,1.0,0.14285714285714285,0.1,1.528571428571429,0.09791292534996782,1.0,2.0,0.2857142857142857,0.1,1.528571428571429,0.16516156921291905,1.0
ecoli,ecoli:P0AAY6,matched,source_association_degree,7,100,107,0.4492857142857143,0.0658687850433581,14,14,14.0,0.07142857142857142,0.0,0.0,0.0,0.0,0.0,0.0,0.0,0.0,0.0,0.0,0.0,0.0,1.0,0.14285714285714285,0.05,0.7642857142857145,0.07035680323970717,1.0
ecoli,ecoli:P0AAY6,all_U,source_association_degree,7,200,207,0.5775,0.045046649508187354,19,19,19.0,0.05263157894736842,0.0,0.0,0.0,0.0,0.0,0.0,0.0,0.0,0.0,0.0,0.0,0.0,1.0,0.14285714285714285,0.05,1.4785714285714289,0.06360039474961572,1.0
ecoli,ecoli:P00895,background,source_association_degree,4,100,104,0.7475,0.08399329836829837,16,16,16.0,0.0625,0.0,0.0,0.0,0.0,0.0,0.0,0.0,0.0,0.0,0.0,0.0,0.0,1.0,0.25,0.05,1.3,0.09550669086270785,1.0
ecoli,ecoli:P00895,matched,source_association_degree,4,100,104,0.565,0.053342245989304815,18,18,18.0,0.05555555555555555,0.0,0.0,0.0,0.0,0.0,0.0,0.0,0.0,0.0,0.0,0.0,0.0,1.0,0.25,0.05,1.3,0.09189894336865458,1.0
ecoli,ecoli:P00895,all_U,source_association_degree,4,200,204,0.65625,0.03346096602807054,33,33,33.0,0.030303030303030304,0.0,0.0,0.0,0.0,0.0,0.0,0.0,0.0,0.0,0.0,0.0,0.0,0.0,0.0,0.0,0.0,0.0,0.0
ecoli,ecoli:P77378,background,source_association_degree,4,100,104,0.47,0.05660697991952053,11,12,11.5,0.08712121212121213,0.0,0.0,0.0,0.0,0.0,0.0,0.0,0.0,0.0,0.0,0.0,0.0,1.0,0.25,0.05,1.3,0.10719467265167129,1.0
ecoli,ecoli:P77378,matched,source_association_degree,4,100,104,0.4425,0.04351826167360148,21,21,21.0,0.047619047619047616,0.0,0.0,0.0,0.0,0.0,0.0,0.0,0.0,0.0,0.0,0.0,0.0,0.0,0.0,0.0,0.0,0.0,0.0
ecoli,ecoli:P77378,all_U,source_association_degree,4,200,204,0.45625,0.02478644192479342,31,32,31.5,0.031754032258064516,0.0,0.0,0.0,0.0,0.0,0.0,0.0,0.0,0.0,0.0,0.0,0.0,0.0,0.0,0.0,0.0,0.0,0.0
ecoli,ecoli:P25522,background,source_association_degree,3,100,103,0.6716666666666666,0.06305361305361304,11,12,11.5,0.08712121212121213,0.0,0.0,0.0,0.0,0.0,0.0,0.0,0.0,0.0,0.0,0.0,0.0,1.0,0.3333333333333333,0.05,1.7166666666666668,0.12885950350029537,1.0
ecoli,ecoli:P25522,matched,source_association_degree,3,100,103,0.5133333333333333,0.04917369452253173,12,13,12.5,0.08012820512820512,0.0,0.0,0.0,0.0,0.0,0.0,0.0,0.0,0.0,0.0,0.0,0.0,1.0,0.3333333333333333,0.05,1.7166666666666668,0.12503642801255854,1.0
ecoli,ecoli:P25522,all_U,source_association_degree,3,200,203,0.5925,0.028303724481845094,22,24,23.0,0.04353315766359244,0.0,0.0,0.0,0.0,0.0,0.0,0.0,0.0,0.0,0.0,0.0,0.0,0.0,0.0,0.0,0.0,0.0,0.0
ecoli,ecoli:P0ABA6,background,source_association_degree,6,100,106,0.6458333333333334,0.08553689385592513,16,16,16.0,0.0625,0.0,0.0,0.0,0.0,0.0,0.0,0.0,0.0,0.0,0.0,0.0,0.0,1.0,0.16666666666666666,0.05,0.8833333333333334,0.07403184450876832,1.0
ecoli,ecoli:P0ABA6,matched,source_association_degree,6,100,106,0.505,0.08104794203158637,9,9,9.0,0.1111111111111111,0.0,0.0,0.0,0.0,0.0,0.0,1.0,0.16666666666666666,0.1,1.7666666666666668,0.09109240322345807,1.0,2.0,0.3333333333333333,0.1,1.7666666666666668,0.16955835285767573,1.0
ecoli,ecoli:P0ABA6,all_U,source_association_degree,6,200,206,0.5754166666666667,0.041109364187163516,24,24,24.0,0.041666666666666664,0.0,0.0,0.0,0.0,0.0,0.0,0.0,0.0,0.0,0.0,0.0,0.0,0.0,0.0,0.0,0.0,0.0,0.0
ecoli,ecoli:P69910,background,source_association_degree,2,100,102,0.6925,0.18253968253968253,3,3,3.0,0.3333333333333333,1.0,0.5,0.2,10.200000000000001,0.3065735963827292,1.0,1.0,0.5,0.1,5.1000000000000005,0.3065735963827292,1.0,1.0,0.5,0.05,2.5500000000000003,0.3065735963827292,1.0
ecoli,ecoli:P69910,matched,source_association_degree,2,100,102,0.675,0.0992063492063492,6,6,6.0,0.16666666666666666,0.0,0.0,0.0,0.0,0.0,0.0,1.0,0.5,0.1,5.1000000000000005,0.21840743681816419,1.0,1.0,0.5,0.05,2.5500000000000003,0.21840743681816419,1.0
ecoli,ecoli:P69910,all_U,source_association_degree,2,200,202,0.68375,0.07056451612903225,8,8,8.0,0.125,0.0,0.0,0.0,0.0,0.0,0.0,1.0,0.5,0.1,10.1,0.19342640361727081,1.0,1.0,0.5,0.05,5.05,0.19342640361727081,1.0
ecoli,ecoli:P0A7Q1,background,source_association_degree,3,100,103,0.8166666666666667,0.12698412698412698,5,5,5.0,0.2,1.0,0.3333333333333333,0.2,6.866666666666667,0.18154179253735267,1.0,1.0,0.3333333333333333,0.1,3.4333333333333336,0.18154179253735267,1.0,1.0,0.3333333333333333,0.05,1.7166666666666668,0.18154179253735267,1.0
ecoli,ecoli:P0A7Q1,matched,source_association_degree,3,100,103,0.5383333333333333,0.04891774891774891,14,14,14.0,0.07142857142857142,0.0,0.0,0.0,0.0,0.0,0.0,0.0,0.0,0.0,0.0,0.0,0.0,1.0,0.3333333333333333,0.05,1.7166666666666668,0.12011565579805131,1.0
ecoli,ecoli:P0A7Q1,all_U,source_association_degree,3,200,203,0.6775,0.03670183945413303,18,18,18.0,0.05555555555555555,0.0,0.0,0.0,0.0,0.0,0.0,0.0,0.0,0.0,0.0,0.0,0.0,1.0,0.3333333333333333,0.05,3.3833333333333337,0.11047239495909743,1.0
