species,target_id,candidate_set,model,homologous_endpoint_count,P,U,P_vs_U_concordance
mouse,mouse:P22725,background,ipin_baseline,2,2,40,0.75
mouse,mouse:P22725,background,ipin_optimized,2,2,40,0.725
mouse,mouse:P22725,background,tuna_retrained,2,2,40,0.8
mouse,mouse:P22725,matched,ipin_baseline,2,2,45,0.6222222222222222
mouse,mouse:P22725,matched,ipin_optimized,2,2,45,0.5777777777777777
mouse,mouse:P22725,matched,tuna_retrained,2,2,45,0.7333333333333333
mouse,mouse:P22725,all_U,ipin_baseline,2,2,85,0.6823529411764706
mouse,mouse:P22725,all_U,ipin_optimized,2,2,85,0.6470588235294118
mouse,mouse:P22725,all_U,tuna_retrained,2,2,85,0.7647058823529411
mouse,mouse:P47242,background,ipin_baseline,1,1,66,0.9848484848484849
mouse,mouse:P47242,background,ipin_baseline,2,1,34,1.0
mouse,mouse:P47242,background,ipin_optimized,1,1,66,1.0
mouse,mouse:P47242,background,ipin_optimized,2,1,34,1.0
mouse,mouse:P47242,background,tuna_retrained,1,1,66,1.0
mouse,mouse:P47242,background,tuna_retrained,2,1,34,1.0
mouse,mouse:P47242,matched,ipin_baseline,1,1,60,0.9666666666666667
mouse,mouse:P47242,matched,ipin_baseline,2,1,40,1.0
mouse,mouse:P47242,matched,ipin_optimized,1,1,60,1.0
mouse,mouse:P47242,matched,ipin_optimized,2,1,40,1.0
mouse,mouse:P47242,matched,tuna_retrained,1,1,60,0.9
mouse,mouse:P47242,matched,tuna_retrained,2,1,40,1.0
mouse,mouse:P47242,all_U,ipin_baseline,1,1,126,0.9761904761904762
mouse,mouse:P47242,all_U,ipin_baseline,2,1,74,1.0
mouse,mouse:P47242,all_U,ipin_optimized,1,1,126,1.0
mouse,mouse:P47242,all_U,ipin_optimized,2,1,74,1.0
mouse,mouse:P47242,all_U,tuna_retrained,1,1,126,0.9523809523809523
mouse,mouse:P47242,all_U,tuna_retrained,2,1,74,1.0
mouse,mouse:Q9JL10,background,ipin_baseline,1,4,65,0.5461538461538461
mouse,mouse:Q9JL10,background,ipin_baseline,2,3,35,0.37142857142857144
mouse,mouse:Q9JL10,background,ipin_optimized,1,4,65,0.6192307692307693
mouse,mouse:Q9JL10,background,ipin_optimized,2,3,35,0.5238095238095238
mouse,mouse:Q9JL10,background,tuna_retrained,1,4,65,0.6038461538461538
mouse,mouse:Q9JL10,background,tuna_retrained,2,3,35,0.24761904761904763
mouse,mouse:Q9JL10,matched,ipin_baseline,1,4,66,0.5681818181818182
mouse,mouse:Q9JL10,matched,ipin_baseline,2,3,34,0.5294117647058824
mouse,mouse:Q9JL10,matched,ipin_optimized,1,4,66,0.571969696969697
mouse,mouse:Q9JL10,matched,ipin_optimized,2,3,34,0.696078431372549
mouse,mouse:Q9JL10,matched,tuna_retrained,1,4,66,0.6098484848484849
mouse,mouse:Q9JL10,matched,tuna_retrained,2,3,34,0.30392156862745096
mouse,mouse:Q9JL10,all_U,ipin_baseline,1,4,131,0.5572519083969466
mouse,mouse:Q9JL10,all_U,ipin_baseline,2,3,69,0.4492753623188406
mouse,mouse:Q9JL10,all_U,ipin_optimized,1,4,131,0.5954198473282443
mouse,mouse:Q9JL10,all_U,ipin_optimized,2,3,69,0.6086956521739131
mouse,mouse:Q9JL10,all_U,tuna_retrained,1,4,131,0.6068702290076335
mouse,mouse:Q9JL10,all_U,tuna_retrained,2,3,69,0.2753623188405797
mouse,mouse:Q6P9Y7,background,ipin_baseline,0,1,64,0.8125
mouse,mouse:Q6P9Y7,background,ipin_baseline,1,1,36,0.3333333333333333
mouse,mouse:Q6P9Y7,background,ipin_optimized,0,1,64,0.828125
mouse,mouse:Q6P9Y7,background,ipin_optimized,1,1,36,0.6944444444444444
mouse,mouse:Q6P9Y7,background,tuna_retrained,0,1,64,0.484375
mouse,mouse:Q6P9Y7,background,tuna_retrained,1,1,36,0.3055555555555556
mouse,mouse:Q6P9Y7,matched,ipin_baseline,0,1,48,0.7083333333333334
mouse,mouse:Q6P9Y7,matched,ipin_baseline,1,1,52,0.17307692307692307
mouse,mouse:Q6P9Y7,matched,ipin_optimized,0,1,48,0.75
mouse,mouse:Q6P9Y7,matched,ipin_optimized,1,1,52,0.5384615384615384
mouse,mouse:Q6P9Y7,matched,tuna_retrained,0,1,48,0.3125
mouse,mouse:Q6P9Y7,matched,tuna_retrained,1,1,52,0.4423076923076923
mouse,mouse:Q6P9Y7,all_U,ipin_baseline,0,1,112,0.7678571428571429
mouse,mouse:Q6P9Y7,all_U,ipin_baseline,1,1,88,0.23863636363636365
mouse,mouse:Q6P9Y7,all_U,ipin_optimized,0,1,112,0.7946428571428571
mouse,mouse:Q6P9Y7,all_U,ipin_optimized,1,1,88,0.6022727272727273
mouse,mouse:Q6P9Y7,all_U,tuna_retrained,0,1,112,0.4107142857142857
mouse,mouse:Q6P9Y7,all_U,tuna_retrained,1,1,88,0.38636363636363635
mouse,mouse:Q9CZA6,background,ipin_baseline,0,2,63,0.3492063492063492
mouse,mouse:Q9CZA6,background,ipin_baseline,1,3,37,0.5045045045045045
mouse,mouse:Q9CZA6,background,ipin_optimized,0,2,63,0.38095238095238093
mouse,mouse:Q9CZA6,background,ipin_optimized,1,3,37,0.6036036036036037
mouse,mouse:Q9CZA6,background,tuna_retrained,0,2,63,0.6587301587301587
mouse,mouse:Q9CZA6,background,tuna_retrained,1,3,37,0.6576576576576577
mouse,mouse:Q9CZA6,matched,ipin_baseline,0,2,58,0.35344827586206895
mouse,mouse:Q9CZA6,matched,ipin_baseline,1,3,42,0.5873015873015873
mouse,mouse:Q9CZA6,matched,ipin_optimized,0,2,58,0.4482758620689655
mouse,mouse:Q9CZA6,matched,ipin_optimized,1,3,42,0.7142857142857143
mouse,mouse:Q9CZA6,matched,tuna_retrained,0,2,58,0.6724137931034483
mouse,mouse:Q9CZA6,matched,tuna_retrained,1,3,42,0.7142857142857143
mouse,mouse:Q9CZA6,all_U,ipin_baseline,0,2,121,0.3512396694214876
mouse,mouse:Q9CZA6,all_U,ipin_baseline,1,3,79,0.5485232067510548
mouse,mouse:Q9CZA6,all_U,ipin_optimized,0,2,121,0.4132231404958678
mouse,mouse:Q9CZA6,all_U,ipin_optimized,1,3,79,0.6624472573839663
mouse,mouse:Q9CZA6,all_U,tuna_retrained,0,2,121,0.6652892561983471
mouse,mouse:Q9CZA6,all_U,tuna_retrained,1,3,79,0.6877637130801688
mouse,mouse:P70217,background,ipin_baseline,1,2,40,0.9875
mouse,mouse:P70217,background,ipin_optimized,1,2,40,1.0
mouse,mouse:P70217,background,tuna_retrained,1,2,40,0.9375
mouse,mouse:P70217,matched,ipin_baseline,1,2,50,0.91
mouse,mouse:P70217,matched,ipin_optimized,1,2,50,0.96
mouse,mouse:P70217,matched,tuna_retrained,1,2,50,0.84
mouse,mouse:P70217,all_U,ipin_baseline,1,2,90,0.9444444444444444
mouse,mouse:P70217,all_U,ipin_optimized,1,2,90,0.9777777777777777
mouse,mouse:P70217,all_U,tuna_retrained,1,2,90,0.8833333333333333
mouse,mouse:Q9QX99,background,ipin_baseline,1,2,67,0.9701492537313433
mouse,mouse:Q9QX99,background,ipin_baseline,2,2,33,0.9696969696969697
mouse,mouse:Q9QX99,background,ipin_optimized,1,2,67,0.8955223880597015
mouse,mouse:Q9QX99,background,ipin_optimized,2,2,33,0.9090909090909091
mouse,mouse:Q9QX99,background,tuna_retrained,1,2,67,0.9850746268656716
mouse,mouse:Q9QX99,background,tuna_retrained,2,2,33,0.9848484848484849
mouse,mouse:Q9QX99,matched,ipin_baseline,1,2,50,0.92
mouse,mouse:Q9QX99,matched,ipin_baseline,2,2,50,0.99
mouse,mouse:Q9QX99,matched,ipin_optimized,1,2,50,0.86
mouse,mouse:Q9QX99,matched,ipin_optimized,2,2,50,0.82
mouse,mouse:Q9QX99,matched,tuna_retrained,1,2,50,0.95
mouse,mouse:Q9QX99,matched,tuna_retrained,2,2,50,0.96
mouse,mouse:Q9QX99,all_U,ipin_baseline,1,2,117,0.9487179487179487
mouse,mouse:Q9QX99,all_U,ipin_baseline,2,2,83,0.9819277108433735
mouse,mouse:Q9QX99,all_U,ipin_optimized,1,2,117,0.8803418803418803
mouse,mouse:Q9QX99,all_U,ipin_optimized,2,2,83,0.8554216867469879
mouse,mouse:Q9QX99,all_U,tuna_retrained,1,2,117,0.9700854700854701
mouse,mouse:Q9QX99,all_U,tuna_retrained,2,2,83,0.9698795180722891
mouse,mouse:P53776,background,ipin_baseline,1,3,63,0.8359788359788359
mouse,mouse:P53776,background,ipin_optimized,1,3,63,0.8677248677248677
mouse,mouse:P53776,background,tuna_retrained,1,3,63,0.7142857142857143
mouse,mouse:P53776,matched,ipin_baseline,1,3,62,0.8064516129032258
mouse,mouse:P53776,matched,ipin_optimized,1,3,62,0.8602150537634409
mouse,mouse:P53776,matched,tuna_retrained,1,3,62,0.6989247311827957
mouse,mouse:P53776,all_U,ipin_baseline,1,3,125,0.8213333333333334
mouse,mouse:P53776,all_U,ipin_optimized,1,3,125,0.864
mouse,mouse:P53776,all_U,tuna_retrained,1,3,125,0.7066666666666667
mouse,mouse:P08152,background,ipin_baseline,1,2,38,0.9605263157894737
mouse,mouse:P08152,background,ipin_optimized,1,2,38,0.8552631578947368
mouse,mouse:P08152,background,tuna_retrained,1,2,38,0.9078947368421053
mouse,mouse:P08152,matched,ipin_baseline,1,2,45,0.8555555555555555
mouse,mouse:P08152,matched,ipin_optimized,1,2,45,0.7888888888888889
mouse,mouse:P08152,matched,tuna_retrained,1,2,45,0.8666666666666667
mouse,mouse:P08152,all_U,ipin_baseline,1,2,83,0.9036144578313253
mouse,mouse:P08152,all_U,ipin_optimized,1,2,83,0.8192771084337349
mouse,mouse:P08152,all_U,tuna_retrained,1,2,83,0.8855421686746988
mouse,mouse:Q61909,background,ipin_baseline,0,6,56,0.625
mouse,mouse:Q61909,background,ipin_baseline,1,3,44,0.6287878787878788
mouse,mouse:Q61909,background,ipin_optimized,0,6,56,0.5
mouse,mouse:Q61909,background,ipin_optimized,1,3,44,0.4772727272727273
mouse,mouse:Q61909,background,tuna_retrained,0,6,56,0.8809523809523809
mouse,mouse:Q61909,background,tuna_retrained,1,3,44,0.5454545454545454
mouse,mouse:Q61909,matched,ipin_baseline,0,6,47,0.6099290780141844
mouse,mouse:Q61909,matched,ipin_baseline,1,3,53,0.5031446540880503
mouse,mouse:Q61909,matched,ipin_optimized,0,6,47,0.5035460992907801
mouse,mouse:Q61909,matched,ipin_optimized,1,3,53,0.46540880503144655
mouse,mouse:Q61909,matched,tuna_retrained,0,6,47,0.8865248226950354
mouse,mouse:Q61909,matched,tuna_retrained,1,3,53,0.5911949685534591
mouse,mouse:Q61909,all_U,ipin_baseline,0,6,103,0.6181229773462783
mouse,mouse:Q61909,all_U,ipin_baseline,1,3,97,0.5601374570446735
mouse,mouse:Q61909,all_U,ipin_optimized,0,6,103,0.5016181229773463
mouse,mouse:Q61909,all_U,ipin_optimized,1,3,97,0.47079037800687284
mouse,mouse:Q61909,all_U,tuna_retrained,0,6,103,0.883495145631068
mouse,mouse:Q61909,all_U,tuna_retrained,1,3,97,0.570446735395189
mouse,mouse:P68040,background,ipin_baseline,0,2,62,0.7983870967741935
mouse,mouse:P68040,background,ipin_optimized,0,2,62,0.532258064516129
mouse,mouse:P68040,background,tuna_retrained,0,2,62,0.782258064516129
mouse,mouse:P68040,matched,ipin_baseline,0,2,59,0.8135593220338984
mouse,mouse:P68040,matched,ipin_optimized,0,2,59,0.635593220338983
mouse,mouse:P68040,matched,tuna_retrained,0,2,59,0.8050847457627118
mouse,mouse:P68040,all_U,ipin_baseline,0,2,121,0.8057851239669421
mouse,mouse:P68040,all_U,ipin_optimized,0,2,121,0.5826446280991735
mouse,mouse:P68040,all_U,tuna_retrained,0,2,121,0.7933884297520661
mouse,mouse:P04228,background,ipin_baseline,2,2,44,0.8863636363636364
mouse,mouse:P04228,background,ipin_optimized,2,2,44,0.8863636363636364
mouse,mouse:P04228,background,tuna_retrained,2,2,44,0.8863636363636364
mouse,mouse:P04228,matched,ipin_baseline,2,2,43,0.7674418604651163
mouse,mouse:P04228,matched,ipin_optimized,2,2,43,0.8255813953488372
mouse,mouse:P04228,matched,tuna_retrained,2,2,43,0.8023255813953488
mouse,mouse:P04228,all_U,ipin_baseline,2,2,87,0.8275862068965517
mouse,mouse:P04228,all_U,ipin_optimized,2,2,87,0.8563218390804598
mouse,mouse:P04228,all_U,tuna_retrained,2,2,87,0.8448275862068966
mouse,mouse:Q9CXU1,background,ipin_baseline,1,3,39,0.717948717948718
mouse,mouse:Q9CXU1,background,ipin_optimized,1,3,39,0.6239316239316239
mouse,mouse:Q9CXU1,background,tuna_retrained,1,3,39,0.6837606837606838
mouse,mouse:Q9CXU1,matched,ipin_baseline,1,3,39,0.6324786324786325
mouse,mouse:Q9CXU1,matched,ipin_optimized,1,3,39,0.6837606837606838
mouse,mouse:Q9CXU1,matched,tuna_retrained,1,3,39,0.6495726495726496
mouse,mouse:Q9CXU1,all_U,ipin_baseline,1,3,78,0.6752136752136753
mouse,mouse:Q9CXU1,all_U,ipin_optimized,1,3,78,0.6538461538461539
mouse,mouse:Q9CXU1,all_U,tuna_retrained,1,3,78,0.6666666666666666
mouse,mouse:Q9QZB6,background,ipin_baseline,1,1,59,0.9322033898305084
mouse,mouse:Q9QZB6,background,ipin_baseline,2,2,41,0.6707317073170732
mouse,mouse:Q9QZB6,background,ipin_optimized,1,1,59,0.6779661016949152
mouse,mouse:Q9QZB6,background,ipin_optimized,2,2,41,0.6707317073170732
mouse,mouse:Q9QZB6,background,tuna_retrained,1,1,59,0.7627118644067796
mouse,mouse:Q9QZB6,background,tuna_retrained,2,2,41,0.47560975609756095
mouse,mouse:Q9QZB6,matched,ipin_baseline,1,1,56,0.8392857142857143
mouse,mouse:Q9QZB6,matched,ipin_baseline,2,2,44,0.5909090909090909
mouse,mouse:Q9QZB6,matched,ipin_optimized,1,1,56,0.6428571428571429
mouse,mouse:Q9QZB6,matched,ipin_optimized,2,2,44,0.6477272727272727
mouse,mouse:Q9QZB6,matched,tuna_retrained,1,1,56,0.625
mouse,mouse:Q9QZB6,matched,tuna_retrained,2,2,44,0.5
mouse,mouse:Q9QZB6,all_U,ipin_baseline,1,1,115,0.8869565217391304
mouse,mouse:Q9QZB6,all_U,ipin_baseline,2,2,85,0.6294117647058823
mouse,mouse:Q9QZB6,all_U,ipin_optimized,1,1,115,0.6608695652173913
mouse,mouse:Q9QZB6,all_U,ipin_optimized,2,2,85,0.6588235294117647
mouse,mouse:Q9QZB6,all_U,tuna_retrained,1,1,115,0.6956521739130435
mouse,mouse:Q9QZB6,all_U,tuna_retrained,2,2,85,0.48823529411764705
mouse,mouse:Q9QWH1,background,ipin_baseline,1,4,63,0.753968253968254
mouse,mouse:Q9QWH1,background,ipin_optimized,1,4,63,0.7142857142857143
mouse,mouse:Q9QWH1,background,tuna_retrained,1,4,63,0.9007936507936508
mouse,mouse:Q9QWH1,matched,ipin_baseline,1,4,54,0.8009259259259259
mouse,mouse:Q9QWH1,matched,ipin_optimized,1,4,54,0.7916666666666666
mouse,mouse:Q9QWH1,matched,tuna_retrained,1,4,54,0.9444444444444444
mouse,mouse:Q9QWH1,all_U,ipin_baseline,1,4,117,0.7756410256410257
mouse,mouse:Q9QWH1,all_U,ipin_optimized,1,4,117,0.75
mouse,mouse:Q9QWH1,all_U,tuna_retrained,1,4,117,0.9209401709401709
mouse,mouse:P70396,background,ipin_baseline,1,5,63,0.9174603174603174
mouse,mouse:P70396,background,ipin_baseline,2,2,37,0.9594594594594594
mouse,mouse:P70396,background,ipin_optimized,1,5,63,0.8571428571428571
mouse,mouse:P70396,background,ipin_optimized,2,2,37,0.9459459459459459
mouse,mouse:P70396,background,tuna_retrained,1,5,63,0.9206349206349206
mouse,mouse:P70396,background,tuna_retrained,2,2,37,0.9324324324324325
mouse,mouse:P70396,matched,ipin_baseline,1,5,48,0.8375
mouse,mouse:P70396,matched,ipin_baseline,2,2,52,0.8653846153846154
mouse,mouse:P70396,matched,ipin_optimized,1,5,48,0.8166666666666667
mouse,mouse:P70396,matched,ipin_optimized,2,2,52,0.9134615384615384
mouse,mouse:P70396,matched,tuna_retrained,1,5,48,0.85
mouse,mouse:P70396,matched,tuna_retrained,2,2,52,0.8846153846153846
mouse,mouse:P70396,all_U,ipin_baseline,1,5,111,0.8828828828828829
mouse,mouse:P70396,all_U,ipin_baseline,2,2,89,0.9044943820224719
mouse,mouse:P70396,all_U,ipin_optimized,1,5,111,0.8396396396396396
mouse,mouse:P70396,all_U,ipin_optimized,2,2,89,0.9269662921348315
mouse,mouse:P70396,all_U,tuna_retrained,1,5,111,0.8900900900900901
mouse,mouse:P70396,all_U,tuna_retrained,2,2,89,0.9044943820224719
mouse,mouse:Q60809,background,ipin_baseline,2,2,32,0.390625
mouse,mouse:Q60809,background,ipin_optimized,2,2,32,0.578125
mouse,mouse:Q60809,background,tuna_retrained,2,2,32,0.71875
mouse,mouse:Q60809,matched,ipin_baseline,2,2,45,0.3
mouse,mouse:Q60809,matched,ipin_optimized,2,2,45,0.7333333333333333
mouse,mouse:Q60809,matched,tuna_retrained,2,2,45,0.7444444444444445
mouse,mouse:Q60809,all_U,ipin_baseline,2,2,77,0.33766233766233766
mouse,mouse:Q60809,all_U,ipin_optimized,2,2,77,0.6688311688311688
mouse,mouse:Q60809,all_U,tuna_retrained,2,2,77,0.7337662337662337
mouse,mouse:Q8BZL8,background,ipin_baseline,1,4,62,0.6733870967741935
mouse,mouse:Q8BZL8,background,ipin_baseline,2,1,38,0.8421052631578947
mouse,mouse:Q8BZL8,background,ipin_optimized,1,4,62,0.5645161290322581
mouse,mouse:Q8BZL8,background,ipin_optimized,2,1,38,0.7105263157894737
mouse,mouse:Q8BZL8,background,tuna_retrained,1,4,62,0.6290322580645161
mouse,mouse:Q8BZL8,background,tuna_retrained,2,1,38,0.631578947368421
mouse,mouse:Q8BZL8,matched,ipin_baseline,1,4,67,0.6455223880597015
mouse,mouse:Q8BZL8,matched,ipin_baseline,2,1,33,0.7575757575757576
mouse,mouse:Q8BZL8,matched,ipin_optimized,1,4,67,0.582089552238806
mouse,mouse:Q8BZL8,matched,ipin_optimized,2,1,33,0.6060606060606061
mouse,mouse:Q8BZL8,matched,tuna_retrained,1,4,67,0.6007462686567164
mouse,mouse:Q8BZL8,matched,tuna_retrained,2,1,33,0.6060606060606061
mouse,mouse:Q8BZL8,all_U,ipin_baseline,1,4,129,0.6589147286821705
mouse,mouse:Q8BZL8,all_U,ipin_baseline,2,1,71,0.8028169014084507
mouse,mouse:Q8BZL8,all_U,ipin_optimized,1,4,129,0.5736434108527132
mouse,mouse:Q8BZL8,all_U,ipin_optimized,2,1,71,0.6619718309859155
mouse,mouse:Q8BZL8,all_U,tuna_retrained,1,4,129,0.6143410852713178
mouse,mouse:Q8BZL8,all_U,tuna_retrained,2,1,71,0.6197183098591549
mouse,mouse:P60898,background,ipin_baseline,0,1,54,0.5370370370370371
mouse,mouse:P60898,background,ipin_baseline,1,8,46,0.970108695652174
mouse,mouse:P60898,background,ipin_optimized,0,1,54,0.2037037037037037
mouse,mouse:P60898,background,ipin_optimized,1,8,46,0.9239130434782609
mouse,mouse:P60898,background,tuna_retrained,0,1,54,0.5925925925925926
mouse,mouse:P60898,background,tuna_retrained,1,8,46,0.6059782608695652
mouse,mouse:P60898,matched,ipin_baseline,0,1,63,0.38095238095238093
mouse,mouse:P60898,matched,ipin_baseline,1,8,37,0.9425675675675675
mouse,mouse:P60898,matched,ipin_optimized,0,1,63,0.20634920634920634
mouse,mouse:P60898,matched,ipin_optimized,1,8,37,0.8547297297297297
mouse,mouse:P60898,matched,tuna_retrained,0,1,63,0.47619047619047616
mouse,mouse:P60898,matched,tuna_retrained,1,8,37,0.4527027027027027
mouse,mouse:P60898,all_U,ipin_baseline,0,1,117,0.452991452991453
mouse,mouse:P60898,all_U,ipin_baseline,1,8,83,0.9578313253012049
mouse,mouse:P60898,all_U,ipin_optimized,0,1,117,0.20512820512820512
mouse,mouse:P60898,all_U,ipin_optimized,1,8,83,0.8930722891566265
mouse,mouse:P60898,all_U,tuna_retrained,0,1,117,0.5299145299145299
mouse,mouse:P60898,all_U,tuna_retrained,1,8,83,0.5376506024096386
mouse,mouse:Q8CF60,background,ipin_baseline,0,3,61,0.8142076502732241
mouse,mouse:Q8CF60,background,ipin_optimized,0,3,61,0.6666666666666666
mouse,mouse:Q8CF60,background,tuna_retrained,0,3,61,0.5300546448087432
mouse,mouse:Q8CF60,matched,ipin_baseline,0,3,64,0.8072916666666666
mouse,mouse:Q8CF60,matched,ipin_optimized,0,3,64,0.609375
mouse,mouse:Q8CF60,matched,tuna_retrained,0,3,64,0.5520833333333334
mouse,mouse:Q8CF60,all_U,ipin_baseline,0,3,125,0.8106666666666666
mouse,mouse:Q8CF60,all_U,ipin_optimized,0,3,125,0.6373333333333333
mouse,mouse:Q8CF60,all_U,tuna_retrained,0,3,125,0.5413333333333333
mouse,mouse:O55144,background,ipin_baseline,1,5,69,0.5797101449275363
mouse,mouse:O55144,background,ipin_baseline,2,5,31,0.7161290322580646
mouse,mouse:O55144,background,ipin_optimized,1,5,69,0.6869565217391305
mouse,mouse:O55144,background,ipin_optimized,2,5,31,0.7354838709677419
mouse,mouse:O55144,background,tuna_retrained,1,5,69,0.6927536231884058
mouse,mouse:O55144,background,tuna_retrained,2,5,31,0.6258064516129033
mouse,mouse:O55144,matched,ipin_baseline,1,5,57,0.6491228070175439
mouse,mouse:O55144,matched,ipin_baseline,2,5,43,0.6744186046511628
mouse,mouse:O55144,matched,ipin_optimized,1,5,57,0.7578947368421053
mouse,mouse:O55144,matched,ipin_optimized,2,5,43,0.7255813953488373
mouse,mouse:O55144,matched,tuna_retrained,1,5,57,0.7228070175438597
mouse,mouse:O55144,matched,tuna_retrained,2,5,43,0.6325581395348837
mouse,mouse:O55144,all_U,ipin_baseline,1,5,126,0.6111111111111112
mouse,mouse:O55144,all_U,ipin_baseline,2,5,74,0.6918918918918919
mouse,mouse:O55144,all_U,ipin_optimized,1,5,126,0.719047619047619
mouse,mouse:O55144,all_U,ipin_optimized,2,5,74,0.7297297297297297
mouse,mouse:O55144,all_U,tuna_retrained,1,5,126,0.7063492063492064
mouse,mouse:O55144,all_U,tuna_retrained,2,5,74,0.6297297297297297
mouse,mouse:E9Q7L6,background,ipin_baseline,0,1,56,0.9642857142857143
mouse,mouse:E9Q7L6,background,ipin_baseline,1,1,44,0.9772727272727273
mouse,mouse:E9Q7L6,background,ipin_optimized,0,1,56,0.8035714285714286
mouse,mouse:E9Q7L6,background,ipin_optimized,1,1,44,0.9772727272727273
mouse,mouse:E9Q7L6,background,tuna_retrained,0,1,56,0.9285714285714286
mouse,mouse:E9Q7L6,background,tuna_retrained,1,1,44,1.0
mouse,mouse:E9Q7L6,matched,ipin_baseline,0,1,66,0.9848484848484849
mouse,mouse:E9Q7L6,matched,ipin_baseline,1,1,34,0.9411764705882353
mouse,mouse:E9Q7L6,matched,ipin_optimized,0,1,66,0.8333333333333334
mouse,mouse:E9Q7L6,matched,ipin_optimized,1,1,34,0.9705882352941176
mouse,mouse:E9Q7L6,matched,tuna_retrained,0,1,66,0.9848484848484849
mouse,mouse:E9Q7L6,matched,tuna_retrained,1,1,34,1.0
mouse,mouse:E9Q7L6,all_U,ipin_baseline,0,1,122,0.9754098360655737
mouse,mouse:E9Q7L6,all_U,ipin_baseline,1,1,78,0.9615384615384616
mouse,mouse:E9Q7L6,all_U,ipin_optimized,0,1,122,0.819672131147541
mouse,mouse:E9Q7L6,all_U,ipin_optimized,1,1,78,0.9743589743589743
mouse,mouse:E9Q7L6,all_U,tuna_retrained,0,1,122,0.9590163934426229
mouse,mouse:E9Q7L6,all_U,tuna_retrained,1,1,78,1.0
mouse,mouse:P83917,background,ipin_baseline,1,1,61,0.7540983606557377
mouse,mouse:P83917,background,ipin_baseline,2,1,39,1.0
mouse,mouse:P83917,background,ipin_optimized,1,1,61,0.9836065573770492
mouse,mouse:P83917,background,ipin_optimized,2,1,39,1.0
mouse,mouse:P83917,background,tuna_retrained,1,1,61,0.7049180327868853
mouse,mouse:P83917,background,tuna_retrained,2,1,39,0.9743589743589743
mouse,mouse:P83917,matched,ipin_baseline,1,1,58,0.7241379310344828
mouse,mouse:P83917,matched,ipin_baseline,2,1,42,1.0
mouse,mouse:P83917,matched,ipin_optimized,1,1,58,0.9310344827586207
mouse,mouse:P83917,matched,ipin_optimized,2,1,42,1.0
mouse,mouse:P83917,matched,tuna_retrained,1,1,58,0.6206896551724138
mouse,mouse:P83917,matched,tuna_retrained,2,1,42,0.9285714285714286
mouse,mouse:P83917,all_U,ipin_baseline,1,1,119,0.7394957983193278
mouse,mouse:P83917,all_U,ipin_baseline,2,1,81,1.0
mouse,mouse:P83917,all_U,ipin_optimized,1,1,119,0.957983193277311
mouse,mouse:P83917,all_U,ipin_optimized,2,1,81,1.0
mouse,mouse:P83917,all_U,tuna_retrained,1,1,119,0.6638655462184874
mouse,mouse:P83917,all_U,tuna_retrained,2,1,81,0.9506172839506173
mouse,mouse:Q06986,background,ipin_baseline,0,1,57,0.6666666666666666
mouse,mouse:Q06986,background,ipin_baseline,1,1,43,0.8604651162790697
mouse,mouse:Q06986,background,ipin_optimized,0,1,57,0.6666666666666666
mouse,mouse:Q06986,background,ipin_optimized,1,1,43,1.0
mouse,mouse:Q06986,background,tuna_retrained,0,1,57,0.3157894736842105
mouse,mouse:Q06986,background,tuna_retrained,1,1,43,1.0
mouse,mouse:Q06986,matched,ipin_baseline,0,1,65,0.46153846153846156
mouse,mouse:Q06986,matched,ipin_baseline,1,1,35,0.7142857142857143
mouse,mouse:Q06986,matched,ipin_optimized,0,1,65,0.46153846153846156
mouse,mouse:Q06986,matched,ipin_optimized,1,1,35,0.8857142857142857
mouse,mouse:Q06986,matched,tuna_retrained,0,1,65,0.23076923076923078
mouse,mouse:Q06986,matched,tuna_retrained,1,1,35,0.9428571428571428
mouse,mouse:Q06986,all_U,ipin_baseline,0,1,122,0.5573770491803278
mouse,mouse:Q06986,all_U,ipin_baseline,1,1,78,0.7948717948717948
mouse,mouse:Q06986,all_U,ipin_optimized,0,1,122,0.5573770491803278
mouse,mouse:Q06986,all_U,ipin_optimized,1,1,78,0.9487179487179487
mouse,mouse:Q06986,all_U,tuna_retrained,0,1,122,0.27049180327868855
mouse,mouse:Q06986,all_U,tuna_retrained,1,1,78,0.9743589743589743
mouse,mouse:Q9WV74,background,ipin_baseline,1,1,68,0.8529411764705882
mouse,mouse:Q9WV74,background,ipin_baseline,2,1,32,1.0
mouse,mouse:Q9WV74,background,ipin_optimized,1,1,68,0.4852941176470588
mouse,mouse:Q9WV74,background,ipin_optimized,2,1,32,0.8125
mouse,mouse:Q9WV74,background,tuna_retrained,1,1,68,0.17647058823529413
mouse,mouse:Q9WV74,background,tuna_retrained,2,1,32,0.9375
mouse,mouse:Q9WV74,matched,ipin_baseline,1,1,61,0.819672131147541
mouse,mouse:Q9WV74,matched,ipin_baseline,2,1,39,0.9487179487179487
mouse,mouse:Q9WV74,matched,ipin_optimized,1,1,61,0.3770491803278688
mouse,mouse:Q9WV74,matched,ipin_optimized,2,1,39,0.7692307692307693
mouse,mouse:Q9WV74,matched,tuna_retrained,1,1,61,0.14754098360655737
mouse,mouse:Q9WV74,matched,tuna_retrained,2,1,39,0.9230769230769231
mouse,mouse:Q9WV74,all_U,ipin_baseline,1,1,129,0.8372093023255814
mouse,mouse:Q9WV74,all_U,ipin_baseline,2,1,71,0.971830985915493
mouse,mouse:Q9WV74,all_U,ipin_optimized,1,1,129,0.43410852713178294
mouse,mouse:Q9WV74,all_U,ipin_optimized,2,1,71,0.7887323943661971
mouse,mouse:Q9WV74,all_U,tuna_retrained,1,1,129,0.16279069767441862
mouse,mouse:Q9WV74,all_U,tuna_retrained,2,1,71,0.9295774647887324
mouse,mouse:P25425,background,ipin_baseline,1,3,68,0.6911764705882353
mouse,mouse:P25425,background,ipin_baseline,2,4,32,0.921875
mouse,mouse:P25425,background,ipin_optimized,1,3,68,0.8431372549019608
mouse,mouse:P25425,background,ipin_optimized,2,4,32,0.890625
mouse,mouse:P25425,background,tuna_retrained,1,3,68,0.75
mouse,mouse:P25425,background,tuna_retrained,2,4,32,0.9140625
mouse,mouse:P25425,matched,ipin_baseline,1,3,59,0.6610169491525424
mouse,mouse:P25425,matched,ipin_baseline,2,4,41,0.9085365853658537
mouse,mouse:P25425,matched,ipin_optimized,1,3,59,0.8700564971751412
mouse,mouse:P25425,matched,ipin_optimized,2,4,41,0.8841463414634146
mouse,mouse:P25425,matched,tuna_retrained,1,3,59,0.807909604519774
mouse,mouse:P25425,matched,tuna_retrained,2,4,41,0.8475609756097561
mouse,mouse:P25425,all_U,ipin_baseline,1,3,127,0.6771653543307087
mouse,mouse:P25425,all_U,ipin_baseline,2,4,73,0.9143835616438356
mouse,mouse:P25425,all_U,ipin_optimized,1,3,127,0.8556430446194225
mouse,mouse:P25425,all_U,ipin_optimized,2,4,73,0.886986301369863
mouse,mouse:P25425,all_U,tuna_retrained,1,3,127,0.7769028871391076
mouse,mouse:P25425,all_U,tuna_retrained,2,4,73,0.8767123287671232
mouse,mouse:P01887,background,ipin_baseline,0,1,61,0.9508196721311475
mouse,mouse:P01887,background,ipin_baseline,1,5,39,0.9384615384615385
mouse,mouse:P01887,background,ipin_optimized,0,1,61,0.8688524590163934
mouse,mouse:P01887,background,ipin_optimized,1,5,39,0.6358974358974359
mouse,mouse:P01887,background,tuna_retrained,0,1,61,0.4918032786885246
mouse,mouse:P01887,background,tuna_retrained,1,5,39,0.8205128205128205
mouse,mouse:P01887,matched,ipin_baseline,0,1,59,0.9830508474576272
mouse,mouse:P01887,matched,ipin_baseline,1,5,41,0.9121951219512195
mouse,mouse:P01887,matched,ipin_optimized,0,1,59,0.847457627118644
mouse,mouse:P01887,matched,ipin_optimized,1,5,41,0.4634146341463415
mouse,mouse:P01887,matched,tuna_retrained,0,1,59,0.4745762711864407
mouse,mouse:P01887,matched,tuna_retrained,1,5,41,0.7707317073170732
mouse,mouse:P01887,all_U,ipin_baseline,0,1,120,0.9666666666666667
mouse,mouse:P01887,all_U,ipin_baseline,1,5,80,0.925
mouse,mouse:P01887,all_U,ipin_optimized,0,1,120,0.8583333333333333
mouse,mouse:P01887,all_U,ipin_optimized,1,5,80,0.5475
mouse,mouse:P01887,all_U,tuna_retrained,0,1,120,0.48333333333333334
mouse,mouse:P01887,all_U,tuna_retrained,1,5,80,0.795
mouse,mouse:Q9JHE6,background,ipin_baseline,1,1,68,0.6470588235294118
mouse,mouse:Q9JHE6,background,ipin_baseline,2,3,32,0.4583333333333333
mouse,mouse:Q9JHE6,background,ipin_optimized,1,1,68,0.8235294117647058
mouse,mouse:Q9JHE6,background,ipin_optimized,2,3,32,0.3229166666666667
mouse,mouse:Q9JHE6,background,tuna_retrained,1,1,68,0.38235294117647056
mouse,mouse:Q9JHE6,background,tuna_retrained,2,3,32,0.7604166666666666
mouse,mouse:Q9JHE6,matched,ipin_baseline,1,1,56,0.5357142857142857
mouse,mouse:Q9JHE6,matched,ipin_baseline,2,3,44,0.5
mouse,mouse:Q9JHE6,matched,ipin_optimized,1,1,56,0.7678571428571429
mouse,mouse:Q9JHE6,matched,ipin_optimized,2,3,44,0.4318181818181818
mouse,mouse:Q9JHE6,matched,tuna_retrained,1,1,56,0.39285714285714285
mouse,mouse:Q9JHE6,matched,tuna_retrained,2,3,44,0.803030303030303
mouse,mouse:Q9JHE6,all_U,ipin_baseline,1,1,124,0.5967741935483871
mouse,mouse:Q9JHE6,all_U,ipin_baseline,2,3,76,0.4824561403508772
mouse,mouse:Q9JHE6,all_U,ipin_optimized,1,1,124,0.7983870967741935
mouse,mouse:Q9JHE6,all_U,ipin_optimized,2,3,76,0.38596491228070173
mouse,mouse:Q9JHE6,all_U,tuna_retrained,1,1,124,0.3870967741935484
mouse,mouse:Q9JHE6,all_U,tuna_retrained,2,3,76,0.7850877192982456
mouse,mouse:O54918,background,ipin_baseline,2,2,34,0.9117647058823529
mouse,mouse:O54918,background,ipin_optimized,2,2,34,0.9264705882352942
mouse,mouse:O54918,background,tuna_retrained,2,2,34,0.9264705882352942
mouse,mouse:O54918,matched,ipin_baseline,2,2,38,0.9342105263157895
mouse,mouse:O54918,matched,ipin_optimized,2,2,38,0.9473684210526315
mouse,mouse:O54918,matched,tuna_retrained,2,2,38,0.868421052631579
mouse,mouse:O54918,all_U,ipin_baseline,2,2,72,0.9236111111111112
mouse,mouse:O54918,all_U,ipin_optimized,2,2,72,0.9375
mouse,mouse:O54918,all_U,tuna_retrained,2,2,72,0.8958333333333334
mouse,mouse:Q8VHS6,background,ipin_baseline,1,3,66,0.6464646464646465
mouse,mouse:Q8VHS6,background,ipin_baseline,2,1,34,0.7058823529411765
mouse,mouse:Q8VHS6,background,ipin_optimized,1,3,66,0.7222222222222222
mouse,mouse:Q8VHS6,background,ipin_optimized,2,1,34,0.7058823529411765
mouse,mouse:Q8VHS6,background,tuna_retrained,1,3,66,0.4898989898989899
mouse,mouse:Q8VHS6,background,tuna_retrained,2,1,34,0.7058823529411765
mouse,mouse:Q8VHS6,matched,ipin_baseline,1,3,61,0.5901639344262295
mouse,mouse:Q8VHS6,matched,ipin_baseline,2,1,39,0.7948717948717948
mouse,mouse:Q8VHS6,matched,ipin_optimized,1,3,61,0.6502732240437158
mouse,mouse:Q8VHS6,matched,ipin_optimized,2,1,39,0.5384615384615384
mouse,mouse:Q8VHS6,matched,tuna_retrained,1,3,61,0.5628415300546448
mouse,mouse:Q8VHS6,matched,tuna_retrained,2,1,39,0.6153846153846154
mouse,mouse:Q8VHS6,all_U,ipin_baseline,1,3,127,0.6194225721784777
mouse,mouse:Q8VHS6,all_U,ipin_baseline,2,1,73,0.7534246575342466
mouse,mouse:Q8VHS6,all_U,ipin_optimized,1,3,127,0.6876640419947506
mouse,mouse:Q8VHS6,all_U,ipin_optimized,2,1,73,0.6164383561643836
mouse,mouse:Q8VHS6,all_U,tuna_retrained,1,3,127,0.5249343832020997
mouse,mouse:Q8VHS6,all_U,tuna_retrained,2,1,73,0.6575342465753424
mouse,mouse:Q9QY53,background,ipin_baseline,0,1,70,0.9
mouse,mouse:Q9QY53,background,ipin_baseline,1,1,30,0.9666666666666667
mouse,mouse:Q9QY53,background,ipin_optimized,0,1,70,0.9857142857142858
mouse,mouse:Q9QY53,background,ipin_optimized,1,1,30,0.9666666666666667
mouse,mouse:Q9QY53,background,tuna_retrained,0,1,70,0.9714285714285714
mouse,mouse:Q9QY53,background,tuna_retrained,1,1,30,0.6666666666666666
mouse,mouse:Q9QY53,matched,ipin_baseline,0,1,63,0.873015873015873
mouse,mouse:Q9QY53,matched,ipin_baseline,1,1,37,0.7567567567567568
mouse,mouse:Q9QY53,matched,ipin_optimized,0,1,63,0.9682539682539683
mouse,mouse:Q9QY53,matched,ipin_optimized,1,1,37,0.8648648648648649
mouse,mouse:Q9QY53,matched,tuna_retrained,0,1,63,1.0
mouse,mouse:Q9QY53,matched,tuna_retrained,1,1,37,0.6216216216216216
mouse,mouse:Q9QY53,all_U,ipin_baseline,0,1,133,0.8872180451127819
mouse,mouse:Q9QY53,all_U,ipin_baseline,1,1,67,0.8507462686567164
mouse,mouse:Q9QY53,all_U,ipin_optimized,0,1,133,0.9774436090225563
mouse,mouse:Q9QY53,all_U,ipin_optimized,1,1,67,0.9104477611940298
mouse,mouse:Q9QY53,all_U,tuna_retrained,0,1,133,0.9849624060150376
mouse,mouse:Q9QY53,all_U,tuna_retrained,1,1,67,0.6417910447761194
mouse,mouse:P97762,background,ipin_baseline,2,2,35,0.9857142857142858
mouse,mouse:P97762,background,ipin_optimized,2,2,35,0.9857142857142858
mouse,mouse:P97762,background,tuna_retrained,2,2,35,0.9857142857142858
mouse,mouse:P97762,matched,ipin_baseline,2,2,40,1.0
mouse,mouse:P97762,matched,ipin_optimized,2,2,40,1.0
mouse,mouse:P97762,matched,tuna_retrained,2,2,40,1.0
mouse,mouse:P97762,all_U,ipin_baseline,2,2,75,0.9933333333333333
mouse,mouse:P97762,all_U,ipin_optimized,2,2,75,0.9933333333333333
mouse,mouse:P97762,all_U,tuna_retrained,2,2,75,0.9933333333333333
mouse,mouse:Q7TNK1,background,ipin_baseline,0,1,65,0.9384615384615385
mouse,mouse:Q7TNK1,background,ipin_baseline,1,1,35,0.8857142857142857
mouse,mouse:Q7TNK1,background,ipin_optimized,0,1,65,0.8923076923076924
mouse,mouse:Q7TNK1,background,ipin_optimized,1,1,35,0.9714285714285714
mouse,mouse:Q7TNK1,background,tuna_retrained,0,1,65,0.9384615384615385
mouse,mouse:Q7TNK1,background,tuna_retrained,1,1,35,1.0
mouse,mouse:Q7TNK1,matched,ipin_baseline,0,1,50,0.9
mouse,mouse:Q7TNK1,matched,ipin_baseline,1,1,50,0.84
mouse,mouse:Q7TNK1,matched,ipin_optimized,0,1,50,0.86
mouse,mouse:Q7TNK1,matched,ipin_optimized,1,1,50,0.82
mouse,mouse:Q7TNK1,matched,tuna_retrained,0,1,50,0.98
mouse,mouse:Q7TNK1,matched,tuna_retrained,1,1,50,0.98
mouse,mouse:Q7TNK1,all_U,ipin_baseline,0,1,115,0.9217391304347826
mouse,mouse:Q7TNK1,all_U,ipin_baseline,1,1,85,0.8588235294117647
mouse,mouse:Q7TNK1,all_U,ipin_optimized,0,1,115,0.8782608695652174
mouse,mouse:Q7TNK1,all_U,ipin_optimized,1,1,85,0.8823529411764706
mouse,mouse:Q7TNK1,all_U,tuna_retrained,0,1,115,0.9565217391304348
mouse,mouse:Q7TNK1,all_U,tuna_retrained,1,1,85,0.9882352941176471
mouse,mouse:P16110,background,ipin_baseline,2,2,44,0.8409090909090909
mouse,mouse:P16110,background,ipin_optimized,2,2,44,0.9545454545454546
mouse,mouse:P16110,background,tuna_retrained,2,2,44,0.9318181818181818
mouse,mouse:P16110,matched,ipin_baseline,2,2,34,0.7941176470588235
mouse,mouse:P16110,matched,ipin_optimized,2,2,34,0.8823529411764706
mouse,mouse:P16110,matched,tuna_retrained,2,2,34,0.9411764705882353
mouse,mouse:P16110,all_U,ipin_baseline,2,2,78,0.8205128205128205
mouse,mouse:P16110,all_U,ipin_optimized,2,2,78,0.9230769230769231
mouse,mouse:P16110,all_U,tuna_retrained,2,2,78,0.9358974358974359
mouse,mouse:Q61501,background,ipin_baseline,0,2,62,0.8870967741935484
mouse,mouse:Q61501,background,ipin_baseline,1,1,38,0.631578947368421
mouse,mouse:Q61501,background,ipin_optimized,0,2,62,0.9193548387096774
mouse,mouse:Q61501,background,ipin_optimized,1,1,38,0.5526315789473685
mouse,mouse:Q61501,background,tuna_retrained,0,2,62,0.7903225806451613
mouse,mouse:Q61501,background,tuna_retrained,1,1,38,0.8947368421052632
mouse,mouse:Q61501,matched,ipin_baseline,0,2,52,0.8653846153846154
mouse,mouse:Q61501,matched,ipin_baseline,1,1,48,0.4583333333333333
mouse,mouse:Q61501,matched,ipin_optimized,0,2,52,0.9134615384615384
mouse,mouse:Q61501,matched,ipin_optimized,1,1,48,0.5416666666666666
mouse,mouse:Q61501,matched,tuna_retrained,0,2,52,0.7692307692307693
mouse,mouse:Q61501,matched,tuna_retrained,1,1,48,0.8125
mouse,mouse:Q61501,all_U,ipin_baseline,0,2,114,0.8771929824561403
mouse,mouse:Q61501,all_U,ipin_baseline,1,1,86,0.5348837209302325
mouse,mouse:Q61501,all_U,ipin_optimized,0,2,114,0.9166666666666666
mouse,mouse:Q61501,all_U,ipin_optimized,1,1,86,0.5465116279069767
mouse,mouse:Q61501,all_U,tuna_retrained,0,2,114,0.7807017543859649
mouse,mouse:Q61501,all_U,tuna_retrained,1,1,86,0.8488372093023255
mouse,mouse:P01867,background,ipin_baseline,0,2,66,0.9621212121212122
mouse,mouse:P01867,background,ipin_optimized,0,2,66,0.7878787878787878
mouse,mouse:P01867,background,tuna_retrained,0,2,66,1.0
mouse,mouse:P01867,matched,ipin_baseline,0,2,63,0.8888888888888888
mouse,mouse:P01867,matched,ipin_optimized,0,2,63,0.6825396825396826
mouse,mouse:P01867,matched,tuna_retrained,0,2,63,0.9365079365079365
mouse,mouse:P01867,all_U,ipin_baseline,0,2,129,0.9263565891472868
mouse,mouse:P01867,all_U,ipin_optimized,0,2,129,0.7364341085271318
mouse,mouse:P01867,all_U,tuna_retrained,0,2,129,0.9689922480620154
mouse,mouse:Q8VCD5,background,ipin_baseline,0,1,61,0.9180327868852459
mouse,mouse:Q8VCD5,background,ipin_baseline,1,1,39,0.6153846153846154
mouse,mouse:Q8VCD5,background,ipin_optimized,0,1,61,0.45901639344262296
mouse,mouse:Q8VCD5,background,ipin_optimized,1,1,39,0.5641025641025641
mouse,mouse:Q8VCD5,background,tuna_retrained,0,1,61,0.29508196721311475
mouse,mouse:Q8VCD5,background,tuna_retrained,1,1,39,0.5641025641025641
mouse,mouse:Q8VCD5,matched,ipin_baseline,0,1,49,0.9183673469387755
mouse,mouse:Q8VCD5,matched,ipin_baseline,1,1,51,0.6862745098039216
mouse,mouse:Q8VCD5,matched,ipin_optimized,0,1,49,0.673469387755102
mouse,mouse:Q8VCD5,matched,ipin_optimized,1,1,51,0.5294117647058824
mouse,mouse:Q8VCD5,matched,tuna_retrained,0,1,49,0.4897959183673469
mouse,mouse:Q8VCD5,matched,tuna_retrained,1,1,51,0.4117647058823529
mouse,mouse:Q8VCD5,all_U,ipin_baseline,0,1,110,0.9181818181818182
mouse,mouse:Q8VCD5,all_U,ipin_baseline,1,1,90,0.6555555555555556
mouse,mouse:Q8VCD5,all_U,ipin_optimized,0,1,110,0.5545454545454546
mouse,mouse:Q8VCD5,all_U,ipin_optimized,1,1,90,0.5444444444444444
mouse,mouse:Q8VCD5,all_U,tuna_retrained,0,1,110,0.38181818181818183
mouse,mouse:Q8VCD5,all_U,tuna_retrained,1,1,90,0.4777777777777778
mouse,mouse:P61458,background,ipin_baseline,0,5,54,0.5444444444444444
mouse,mouse:P61458,background,ipin_baseline,1,5,46,0.3782608695652174
mouse,mouse:P61458,background,ipin_optimized,0,5,54,0.3925925925925926
mouse,mouse:P61458,background,ipin_optimized,1,5,46,0.6739130434782609
mouse,mouse:P61458,background,tuna_retrained,0,5,54,0.4925925925925926
mouse,mouse:P61458,background,tuna_retrained,1,5,46,0.3826086956521739
mouse,mouse:P61458,matched,ipin_baseline,0,5,59,0.36271186440677966
mouse,mouse:P61458,matched,ipin_baseline,1,5,41,0.424390243902439
mouse,mouse:P61458,matched,ipin_optimized,0,5,59,0.39661016949152544
mouse,mouse:P61458,matched,ipin_optimized,1,5,41,0.7902439024390244
mouse,mouse:P61458,matched,tuna_retrained,0,5,59,0.5389830508474577
mouse,mouse:P61458,matched,tuna_retrained,1,5,41,0.3463414634146341
mouse,mouse:P61458,all_U,ipin_baseline,0,5,113,0.4495575221238938
mouse,mouse:P61458,all_U,ipin_baseline,1,5,87,0.4
mouse,mouse:P61458,all_U,ipin_optimized,0,5,113,0.39469026548672564
mouse,mouse:P61458,all_U,ipin_optimized,1,5,87,0.728735632183908
mouse,mouse:P61458,all_U,tuna_retrained,0,5,113,0.5168141592920354
mouse,mouse:P61458,all_U,tuna_retrained,1,5,87,0.36551724137931035
mouse,mouse:Q9CPV7,background,ipin_baseline,0,4,68,0.6286764705882353
mouse,mouse:Q9CPV7,background,ipin_baseline,1,4,32,0.296875
mouse,mouse:Q9CPV7,background,ipin_optimized,0,4,68,0.6617647058823529
mouse,mouse:Q9CPV7,background,ipin_optimized,1,4,32,0.4453125
mouse,mouse:Q9CPV7,background,tuna_retrained,0,4,68,0.43014705882352944
mouse,mouse:Q9CPV7,background,tuna_retrained,1,4,32,0.28125
mouse,mouse:Q9CPV7,matched,ipin_baseline,0,4,66,0.571969696969697
mouse,mouse:Q9CPV7,matched,ipin_baseline,1,4,34,0.2647058823529412
mouse,mouse:Q9CPV7,matched,ipin_optimized,0,4,66,0.6060606060606061
mouse,mouse:Q9CPV7,matched,ipin_optimized,1,4,34,0.49264705882352944
mouse,mouse:Q9CPV7,matched,tuna_retrained,0,4,66,0.44696969696969696
mouse,mouse:Q9CPV7,matched,tuna_retrained,1,4,34,0.4485294117647059
mouse,mouse:Q9CPV7,all_U,ipin_baseline,0,4,134,0.6007462686567164
mouse,mouse:Q9CPV7,all_U,ipin_baseline,1,4,66,0.2803030303030303
mouse,mouse:Q9CPV7,all_U,ipin_optimized,0,4,134,0.6343283582089553
mouse,mouse:Q9CPV7,all_U,ipin_optimized,1,4,66,0.4696969696969697
mouse,mouse:Q9CPV7,all_U,tuna_retrained,0,4,134,0.43843283582089554
mouse,mouse:Q9CPV7,all_U,tuna_retrained,1,4,66,0.36742424242424243
mouse,mouse:Q8C7B8,background,ipin_baseline,0,1,62,1.0
mouse,mouse:Q8C7B8,background,ipin_baseline,1,1,38,0.9736842105263158
mouse,mouse:Q8C7B8,background,ipin_optimized,0,1,62,0.9516129032258065
mouse,mouse:Q8C7B8,background,ipin_optimized,1,1,38,0.8421052631578947
mouse,mouse:Q8C7B8,background,tuna_retrained,0,1,62,0.8709677419354839
mouse,mouse:Q8C7B8,background,tuna_retrained,1,1,38,0.7894736842105263
mouse,mouse:Q8C7B8,matched,ipin_baseline,0,1,56,1.0
mouse,mouse:Q8C7B8,matched,ipin_baseline,1,1,44,0.9090909090909091
mouse,mouse:Q8C7B8,matched,ipin_optimized,0,1,56,0.9821428571428571
mouse,mouse:Q8C7B8,matched,ipin_optimized,1,1,44,0.75
mouse,mouse:Q8C7B8,matched,tuna_retrained,0,1,56,0.9107142857142857
mouse,mouse:Q8C7B8,matched,tuna_retrained,1,1,44,0.8863636363636364
mouse,mouse:Q8C7B8,all_U,ipin_baseline,0,1,118,1.0
mouse,mouse:Q8C7B8,all_U,ipin_baseline,1,1,82,0.9390243902439024
mouse,mouse:Q8C7B8,all_U,ipin_optimized,0,1,118,0.9661016949152542
mouse,mouse:Q8C7B8,all_U,ipin_optimized,1,1,82,0.7926829268292683
mouse,mouse:Q8C7B8,all_U,tuna_retrained,0,1,118,0.8898305084745762
mouse,mouse:Q8C7B8,all_U,tuna_retrained,1,1,82,0.8414634146341463
mouse,mouse:P70278,background,ipin_baseline,1,4,60,0.7125
mouse,mouse:P70278,background,ipin_baseline,2,2,40,0.3
mouse,mouse:P70278,background,ipin_optimized,1,4,60,0.7708333333333334
mouse,mouse:P70278,background,ipin_optimized,2,2,40,0.5375
mouse,mouse:P70278,background,tuna_retrained,1,4,60,0.6541666666666667
mouse,mouse:P70278,background,tuna_retrained,2,2,40,0.6875
mouse,mouse:P70278,matched,ipin_baseline,1,4,67,0.6007462686567164
mouse,mouse:P70278,matched,ipin_baseline,2,2,33,0.3484848484848485
mouse,mouse:P70278,matched,ipin_optimized,1,4,67,0.75
mouse,mouse:P70278,matched,ipin_optimized,2,2,33,0.5757575757575758
mouse,mouse:P70278,matched,tuna_retrained,1,4,67,0.5559701492537313
mouse,mouse:P70278,matched,tuna_retrained,2,2,33,0.8333333333333334
mouse,mouse:P70278,all_U,ipin_baseline,1,4,127,0.6535433070866141
mouse,mouse:P70278,all_U,ipin_baseline,2,2,73,0.3219178082191781
mouse,mouse:P70278,all_U,ipin_optimized,1,4,127,0.7598425196850394
mouse,mouse:P70278,all_U,ipin_optimized,2,2,73,0.5547945205479452
mouse,mouse:P70278,all_U,tuna_retrained,1,4,127,0.6023622047244095
mouse,mouse:P70278,all_U,tuna_retrained,2,2,73,0.7534246575342466
mouse,mouse:Q9CQV8,background,ipin_baseline,0,1,68,0.6617647058823529
mouse,mouse:Q9CQV8,background,ipin_baseline,1,1,32,0.90625
mouse,mouse:Q9CQV8,background,ipin_optimized,0,1,68,0.27941176470588236
mouse,mouse:Q9CQV8,background,ipin_optimized,1,1,32,0.625
mouse,mouse:Q9CQV8,background,tuna_retrained,0,1,68,0.8235294117647058
mouse,mouse:Q9CQV8,background,tuna_retrained,1,1,32,0.53125
mouse,mouse:Q9CQV8,matched,ipin_baseline,0,1,63,0.6825396825396826
mouse,mouse:Q9CQV8,matched,ipin_baseline,1,1,37,0.7027027027027027
mouse,mouse:Q9CQV8,matched,ipin_optimized,0,1,63,0.30158730158730157
mouse,mouse:Q9CQV8,matched,ipin_optimized,1,1,37,0.5405405405405406
mouse,mouse:Q9CQV8,matched,tuna_retrained,0,1,63,0.8571428571428571
mouse,mouse:Q9CQV8,matched,tuna_retrained,1,1,37,0.3783783783783784
mouse,mouse:Q9CQV8,all_U,ipin_baseline,0,1,131,0.6717557251908397
mouse,mouse:Q9CQV8,all_U,ipin_baseline,1,1,69,0.7971014492753623
mouse,mouse:Q9CQV8,all_U,ipin_optimized,0,1,131,0.2900763358778626
mouse,mouse:Q9CQV8,all_U,ipin_optimized,1,1,69,0.5797101449275363
mouse,mouse:Q9CQV8,all_U,tuna_retrained,0,1,131,0.8396946564885496
mouse,mouse:Q9CQV8,all_U,tuna_retrained,1,1,69,0.4492753623188406
mouse,mouse:Q60769,background,ipin_baseline,1,3,58,0.7586206896551724
mouse,mouse:Q60769,background,ipin_baseline,2,3,42,0.8888888888888888
mouse,mouse:Q60769,background,ipin_optimized,1,3,58,0.8218390804597702
mouse,mouse:Q60769,background,ipin_optimized,2,3,42,0.8888888888888888
mouse,mouse:Q60769,background,tuna_retrained,1,3,58,0.8333333333333334
mouse,mouse:Q60769,background,tuna_retrained,2,3,42,0.873015873015873
mouse,mouse:Q60769,matched,ipin_baseline,1,3,53,0.5723270440251572
mouse,mouse:Q60769,matched,ipin_baseline,2,3,47,0.9219858156028369
mouse,mouse:Q60769,matched,ipin_optimized,1,3,53,0.6855345911949685
mouse,mouse:Q60769,matched,ipin_optimized,2,3,47,0.851063829787234
mouse,mouse:Q60769,matched,tuna_retrained,1,3,53,0.8176100628930818
mouse,mouse:Q60769,matched,tuna_retrained,2,3,47,0.8368794326241135
mouse,mouse:Q60769,all_U,ipin_baseline,1,3,111,0.6696696696696697
mouse,mouse:Q60769,all_U,ipin_baseline,2,3,89,0.9063670411985019
mouse,mouse:Q60769,all_U,ipin_optimized,1,3,111,0.7567567567567568
mouse,mouse:Q60769,all_U,ipin_optimized,2,3,89,0.8689138576779026
mouse,mouse:Q60769,all_U,tuna_retrained,1,3,111,0.8258258258258259
mouse,mouse:Q60769,all_U,tuna_retrained,2,3,89,0.8539325842696629
mouse,mouse:Q9D275,background,ipin_baseline,0,2,56,0.9017857142857143
mouse,mouse:Q9D275,background,ipin_optimized,0,2,56,0.9642857142857143
mouse,mouse:Q9D275,background,tuna_retrained,0,2,56,1.0
mouse,mouse:Q9D275,matched,ipin_baseline,0,2,64,0.9140625
mouse,mouse:Q9D275,matched,ipin_optimized,0,2,64,0.96875
mouse,mouse:Q9D275,matched,tuna_retrained,0,2,64,1.0
mouse,mouse:Q9D275,all_U,ipin_baseline,0,2,120,0.9083333333333333
mouse,mouse:Q9D275,all_U,ipin_optimized,0,2,120,0.9666666666666667
mouse,mouse:Q9D275,all_U,tuna_retrained,0,2,120,1.0
mouse,mouse:Q924X6,background,ipin_baseline,0,3,63,0.5026455026455027
mouse,mouse:Q924X6,background,ipin_optimized,0,3,63,0.5185185185185185
mouse,mouse:Q924X6,background,tuna_retrained,0,3,63,0.38095238095238093
mouse,mouse:Q924X6,matched,ipin_baseline,0,3,63,0.5555555555555556
mouse,mouse:Q924X6,matched,ipin_optimized,0,3,63,0.5925925925925926
mouse,mouse:Q924X6,matched,tuna_retrained,0,3,63,0.4126984126984127
mouse,mouse:Q924X6,all_U,ipin_baseline,0,3,126,0.5291005291005291
mouse,mouse:Q924X6,all_U,ipin_optimized,0,3,126,0.5555555555555556
mouse,mouse:Q924X6,all_U,tuna_retrained,0,3,126,0.3968253968253968
mouse,mouse:P97318,background,ipin_baseline,0,4,62,0.3064516129032258
mouse,mouse:P97318,background,ipin_optimized,0,4,62,0.22983870967741934
mouse,mouse:P97318,background,tuna_retrained,0,4,62,0.008064516129032258
mouse,mouse:P97318,matched,ipin_baseline,0,4,70,0.25357142857142856
mouse,mouse:P97318,matched,ipin_optimized,0,4,70,0.19285714285714287
mouse,mouse:P97318,matched,tuna_retrained,0,4,70,0.07142857142857142
mouse,mouse:P97318,all_U,ipin_baseline,0,4,132,0.2784090909090909
mouse,mouse:P97318,all_U,ipin_optimized,0,4,132,0.21022727272727273
mouse,mouse:P97318,all_U,tuna_retrained,0,4,132,0.041666666666666664
mouse,mouse:Q9D6W8,background,ipin_baseline,1,2,54,0.7407407407407407
mouse,mouse:Q9D6W8,background,ipin_optimized,1,2,54,0.8333333333333334
mouse,mouse:Q9D6W8,background,tuna_retrained,1,2,54,0.9444444444444444
mouse,mouse:Q9D6W8,matched,ipin_baseline,1,2,70,0.8
mouse,mouse:Q9D6W8,matched,ipin_optimized,1,2,70,0.9142857142857143
mouse,mouse:Q9D6W8,matched,tuna_retrained,1,2,70,0.9571428571428572
mouse,mouse:Q9D6W8,all_U,ipin_baseline,1,2,124,0.7741935483870968
mouse,mouse:Q9D6W8,all_U,ipin_optimized,1,2,124,0.8790322580645161
mouse,mouse:Q9D6W8,all_U,tuna_retrained,1,2,124,0.9516129032258065
mouse,mouse:O88653,background,ipin_baseline,1,2,36,0.7638888888888888
mouse,mouse:O88653,background,ipin_optimized,1,2,36,0.9305555555555556
mouse,mouse:O88653,background,tuna_retrained,1,2,36,0.8472222222222222
mouse,mouse:O88653,matched,ipin_baseline,1,2,33,0.7272727272727273
mouse,mouse:O88653,matched,ipin_optimized,1,2,33,0.8484848484848485
mouse,mouse:O88653,matched,tuna_retrained,1,2,33,0.8939393939393939
mouse,mouse:O88653,all_U,ipin_baseline,1,2,69,0.7463768115942029
mouse,mouse:O88653,all_U,ipin_optimized,1,2,69,0.8913043478260869
mouse,mouse:O88653,all_U,tuna_retrained,1,2,69,0.8695652173913043
mouse,mouse:Q99PV5,background,ipin_baseline,1,4,67,0.7089552238805971
mouse,mouse:Q99PV5,background,ipin_baseline,2,3,33,0.4444444444444444
mouse,mouse:Q99PV5,background,ipin_optimized,1,4,67,0.5298507462686567
mouse,mouse:Q99PV5,background,ipin_optimized,2,3,33,0.5858585858585859
mouse,mouse:Q99PV5,background,tuna_retrained,1,4,67,0.6529850746268657
mouse,mouse:Q99PV5,background,tuna_retrained,2,3,33,0.696969696969697
mouse,mouse:Q99PV5,matched,ipin_baseline,1,4,63,0.7936507936507936
mouse,mouse:Q99PV5,matched,ipin_baseline,2,3,37,0.4864864864864865
mouse,mouse:Q99PV5,matched,ipin_optimized,1,4,63,0.5317460317460317
mouse,mouse:Q99PV5,matched,ipin_optimized,2,3,37,0.5495495495495496
mouse,mouse:Q99PV5,matched,tuna_retrained,1,4,63,0.5873015873015873
mouse,mouse:Q99PV5,matched,tuna_retrained,2,3,37,0.8018018018018018
mouse,mouse:Q99PV5,all_U,ipin_baseline,1,4,130,0.75
mouse,mouse:Q99PV5,all_U,ipin_baseline,2,3,70,0.4666666666666667
mouse,mouse:Q99PV5,all_U,ipin_optimized,1,4,130,0.5307692307692308
mouse,mouse:Q99PV5,all_U,ipin_optimized,2,3,70,0.5666666666666667
mouse,mouse:Q99PV5,all_U,tuna_retrained,1,4,130,0.6211538461538462
mouse,mouse:Q99PV5,all_U,tuna_retrained,2,3,70,0.7523809523809524
mouse,mouse:Q925B0,background,ipin_baseline,0,1,61,0.01639344262295082
mouse,mouse:Q925B0,background,ipin_baseline,1,1,39,0.8974358974358975
mouse,mouse:Q925B0,background,ipin_optimized,0,1,61,0.04918032786885246
mouse,mouse:Q925B0,background,ipin_optimized,1,1,39,0.6153846153846154
mouse,mouse:Q925B0,background,tuna_retrained,0,1,61,0.3114754098360656
mouse,mouse:Q925B0,background,tuna_retrained,1,1,39,0.20512820512820512
mouse,mouse:Q925B0,matched,ipin_baseline,0,1,71,0.0
mouse,mouse:Q925B0,matched,ipin_baseline,1,1,29,0.8275862068965517
mouse,mouse:Q925B0,matched,ipin_optimized,0,1,71,0.028169014084507043
mouse,mouse:Q925B0,matched,ipin_optimized,1,1,29,0.5517241379310345
mouse,mouse:Q925B0,matched,tuna_retrained,0,1,71,0.38028169014084506
mouse,mouse:Q925B0,matched,tuna_retrained,1,1,29,0.20689655172413793
mouse,mouse:Q925B0,all_U,ipin_baseline,0,1,132,0.007575757575757576
mouse,mouse:Q925B0,all_U,ipin_baseline,1,1,68,0.8676470588235294
mouse,mouse:Q925B0,all_U,ipin_optimized,0,1,132,0.03787878787878788
mouse,mouse:Q925B0,all_U,ipin_optimized,1,1,68,0.5882352941176471
mouse,mouse:Q925B0,all_U,tuna_retrained,0,1,132,0.3484848484848485
mouse,mouse:Q925B0,all_U,tuna_retrained,1,1,68,0.20588235294117646
fly,fly:P17336,background,ipin_baseline,0,4,85,0.8029411764705883
fly,fly:P17336,background,ipin_optimized,0,4,85,0.5882352941176471
fly,fly:P17336,background,tuna_retrained,0,4,85,0.6264705882352941
fly,fly:P17336,matched,ipin_baseline,0,4,84,0.8422619047619048
fly,fly:P17336,matched,ipin_optimized,0,4,84,0.6666666666666666
fly,fly:P17336,matched,tuna_retrained,0,4,84,0.6220238095238095
fly,fly:P17336,all_U,ipin_baseline,0,4,169,0.8224852071005917
fly,fly:P17336,all_U,ipin_optimized,0,4,169,0.6272189349112426
fly,fly:P17336,all_U,tuna_retrained,0,4,169,0.6242603550295858
fly,fly:O44226,background,ipin_baseline,0,3,86,0.7441860465116279
fly,fly:O44226,background,ipin_optimized,0,3,86,0.6589147286821705
fly,fly:O44226,background,tuna_retrained,0,3,86,0.5891472868217055
fly,fly:O44226,matched,ipin_baseline,0,3,88,0.5871212121212122
fly,fly:O44226,matched,ipin_optimized,0,3,88,0.4659090909090909
fly,fly:O44226,matched,tuna_retrained,0,3,88,0.553030303030303
fly,fly:O44226,all_U,ipin_baseline,0,3,174,0.6647509578544061
fly,fly:O44226,all_U,ipin_optimized,0,3,174,0.5613026819923371
fly,fly:O44226,all_U,tuna_retrained,0,3,174,0.5708812260536399
fly,fly:Q9VYM8,background,ipin_baseline,1,2,89,0.9943820224719101
fly,fly:Q9VYM8,background,ipin_optimized,1,2,89,0.9101123595505618
fly,fly:Q9VYM8,background,tuna_retrained,1,2,89,0.6741573033707865
fly,fly:Q9VYM8,matched,ipin_baseline,1,2,87,0.9827586206896551
fly,fly:Q9VYM8,matched,ipin_optimized,1,2,87,0.9080459770114943
fly,fly:Q9VYM8,matched,tuna_retrained,1,2,87,0.7586206896551724
fly,fly:Q9VYM8,all_U,ipin_baseline,1,2,176,0.9886363636363636
fly,fly:Q9VYM8,all_U,ipin_optimized,1,2,176,0.9090909090909091
fly,fly:Q9VYM8,all_U,tuna_retrained,1,2,176,0.7159090909090909
fly,fly:Q7JX41,background,ipin_baseline,0,10,91,0.5461538461538461
fly,fly:Q7JX41,background,ipin_optimized,0,10,91,0.6329670329670329
fly,fly:Q7JX41,background,tuna_retrained,0,10,91,0.8296703296703297
fly,fly:Q7JX41,matched,ipin_baseline,0,10,84,0.5261904761904762
fly,fly:Q7JX41,matched,ipin_optimized,0,10,84,0.6214285714285714
fly,fly:Q7JX41,matched,tuna_retrained,0,10,84,0.7761904761904762
fly,fly:Q7JX41,all_U,ipin_baseline,0,10,175,0.5365714285714286
fly,fly:Q7JX41,all_U,ipin_optimized,0,10,175,0.6274285714285714
fly,fly:Q7JX41,all_U,tuna_retrained,0,10,175,0.804
fly,fly:Q8IPT5,background,ipin_baseline,0,5,93,0.6817204301075269
fly,fly:Q8IPT5,background,ipin_baseline,1,2,7,0.5714285714285714
fly,fly:Q8IPT5,background,ipin_optimized,0,5,93,0.4881720430107527
fly,fly:Q8IPT5,background,ipin_optimized,1,2,7,0.6428571428571429
fly,fly:Q8IPT5,background,tuna_retrained,0,5,93,0.7075268817204301
fly,fly:Q8IPT5,background,tuna_retrained,1,2,7,0.6428571428571429
fly,fly:Q8IPT5,matched,ipin_baseline,0,5,85,0.6094117647058823
fly,fly:Q8IPT5,matched,ipin_baseline,1,2,15,0.16666666666666666
fly,fly:Q8IPT5,matched,ipin_optimized,0,5,85,0.4164705882352941
fly,fly:Q8IPT5,matched,ipin_optimized,1,2,15,0.43333333333333335
fly,fly:Q8IPT5,matched,tuna_retrained,0,5,85,0.7741176470588236
fly,fly:Q8IPT5,matched,tuna_retrained,1,2,15,0.7666666666666667
fly,fly:Q8IPT5,all_U,ipin_baseline,0,5,178,0.647191011235955
fly,fly:Q8IPT5,all_U,ipin_baseline,1,2,22,0.29545454545454547
fly,fly:Q8IPT5,all_U,ipin_optimized,0,5,178,0.45393258426966293
fly,fly:Q8IPT5,all_U,ipin_optimized,1,2,22,0.5
fly,fly:Q8IPT5,all_U,tuna_retrained,0,5,178,0.7393258426966293
fly,fly:Q8IPT5,all_U,tuna_retrained,1,2,22,0.7272727272727273
fly,fly:Q9V3Q4,background,ipin_baseline,0,3,89,0.37453183520599254
fly,fly:Q9V3Q4,background,ipin_optimized,0,3,89,0.3970037453183521
fly,fly:Q9V3Q4,background,tuna_retrained,0,3,89,0.40074906367041196
fly,fly:Q9V3Q4,matched,ipin_baseline,0,3,86,0.34108527131782945
fly,fly:Q9V3Q4,matched,ipin_optimized,0,3,86,0.43023255813953487
fly,fly:Q9V3Q4,matched,tuna_retrained,0,3,86,0.35658914728682173
fly,fly:Q9V3Q4,all_U,ipin_baseline,0,3,175,0.3580952380952381
fly,fly:Q9V3Q4,all_U,ipin_optimized,0,3,175,0.41333333333333333
fly,fly:Q9V3Q4,all_U,tuna_retrained,0,3,175,0.379047619047619
fly,fly:Q9VR26,background,ipin_baseline,0,8,89,0.5589887640449438
fly,fly:Q9VR26,background,ipin_baseline,1,2,11,0.9090909090909091
fly,fly:Q9VR26,background,ipin_optimized,0,8,89,0.6376404494382022
fly,fly:Q9VR26,background,ipin_optimized,1,2,11,0.9090909090909091
fly,fly:Q9VR26,background,tuna_retrained,0,8,89,0.7120786516853933
fly,fly:Q9VR26,background,tuna_retrained,1,2,11,0.9090909090909091
fly,fly:Q9VR26,matched,ipin_baseline,0,8,83,0.6144578313253012
fly,fly:Q9VR26,matched,ipin_baseline,1,2,17,0.9705882352941176
fly,fly:Q9VR26,matched,ipin_optimized,0,8,83,0.697289156626506
fly,fly:Q9VR26,matched,ipin_optimized,1,2,17,0.9411764705882353
fly,fly:Q9VR26,matched,tuna_retrained,0,8,83,0.7439759036144579
fly,fly:Q9VR26,matched,tuna_retrained,1,2,17,0.9411764705882353
fly,fly:Q9VR26,all_U,ipin_baseline,0,8,172,0.5857558139534884
fly,fly:Q9VR26,all_U,ipin_baseline,1,2,28,0.9464285714285714
fly,fly:Q9VR26,all_U,ipin_optimized,0,8,172,0.6664244186046512
fly,fly:Q9VR26,all_U,ipin_optimized,1,2,28,0.9285714285714286
fly,fly:Q9VR26,all_U,tuna_retrained,0,8,172,0.7274709302325582
fly,fly:Q9VR26,all_U,tuna_retrained,1,2,28,0.9285714285714286
fly,fly:Q9W004,background,ipin_baseline,0,3,86,0.6976744186046512
fly,fly:Q9W004,background,ipin_optimized,0,3,86,0.624031007751938
fly,fly:Q9W004,background,tuna_retrained,0,3,86,0.7054263565891473
fly,fly:Q9W004,matched,ipin_baseline,0,3,84,0.6388888888888888
fly,fly:Q9W004,matched,ipin_optimized,0,3,84,0.6309523809523809
fly,fly:Q9W004,matched,tuna_retrained,0,3,84,0.6626984126984127
fly,fly:Q9W004,all_U,ipin_baseline,0,3,170,0.6686274509803921
fly,fly:Q9W004,all_U,ipin_optimized,0,3,170,0.6274509803921569
fly,fly:Q9W004,all_U,tuna_retrained,0,3,170,0.6843137254901961
fly,fly:Q7KAH0,background,ipin_baseline,0,2,84,0.6190476190476191
fly,fly:Q7KAH0,background,ipin_optimized,0,2,84,0.5952380952380952
fly,fly:Q7KAH0,background,tuna_retrained,0,2,84,0.7083333333333334
fly,fly:Q7KAH0,matched,ipin_baseline,0,2,84,0.6309523809523809
fly,fly:Q7KAH0,matched,ipin_optimized,0,2,84,0.6547619047619048
fly,fly:Q7KAH0,matched,tuna_retrained,0,2,84,0.7916666666666666
fly,fly:Q7KAH0,all_U,ipin_baseline,0,2,168,0.625
fly,fly:Q7KAH0,all_U,ipin_optimized,0,2,168,0.625
fly,fly:Q7KAH0,all_U,tuna_retrained,0,2,168,0.75
fly,fly:Q27889,background,ipin_baseline,1,9,82,0.6531165311653117
fly,fly:Q27889,background,ipin_baseline,2,1,18,0.05555555555555555
fly,fly:Q27889,background,ipin_optimized,1,9,82,0.516260162601626
fly,fly:Q27889,background,ipin_optimized,2,1,18,0.0
fly,fly:Q27889,background,tuna_retrained,1,9,82,0.4634146341463415
fly,fly:Q27889,background,tuna_retrained,2,1,18,0.3333333333333333
fly,fly:Q27889,matched,ipin_baseline,1,9,81,0.5967078189300411
fly,fly:Q27889,matched,ipin_baseline,2,1,19,0.10526315789473684
fly,fly:Q27889,matched,ipin_optimized,1,9,81,0.5473251028806584
fly,fly:Q27889,matched,ipin_optimized,2,1,19,0.0
fly,fly:Q27889,matched,tuna_retrained,1,9,81,0.5130315500685871
fly,fly:Q27889,matched,tuna_retrained,2,1,19,0.5263157894736842
fly,fly:Q27889,all_U,ipin_baseline,1,9,163,0.6250852079072938
fly,fly:Q27889,all_U,ipin_baseline,2,1,37,0.08108108108108109
fly,fly:Q27889,all_U,ipin_optimized,1,9,163,0.5316973415132924
fly,fly:Q27889,all_U,ipin_optimized,2,1,37,0.0
fly,fly:Q27889,all_U,tuna_retrained,1,9,163,0.48807089297886846
fly,fly:Q27889,all_U,tuna_retrained,2,1,37,0.43243243243243246
fly,fly:Q9VUZ0,background,ipin_baseline,0,9,88,0.6868686868686869
fly,fly:Q9VUZ0,background,ipin_baseline,1,1,12,0.75
fly,fly:Q9VUZ0,background,ipin_optimized,0,9,88,0.7373737373737373
fly,fly:Q9VUZ0,background,ipin_optimized,1,1,12,0.9166666666666666
fly,fly:Q9VUZ0,background,tuna_retrained,0,9,88,0.9217171717171717
fly,fly:Q9VUZ0,background,tuna_retrained,1,1,12,1.0
fly,fly:Q9VUZ0,matched,ipin_baseline,0,9,81,0.6145404663923183
fly,fly:Q9VUZ0,matched,ipin_baseline,1,1,19,0.631578947368421
fly,fly:Q9VUZ0,matched,ipin_optimized,0,9,81,0.6886145404663924
fly,fly:Q9VUZ0,matched,ipin_optimized,1,1,19,1.0
fly,fly:Q9VUZ0,matched,tuna_retrained,0,9,81,0.8655692729766804
fly,fly:Q9VUZ0,matched,tuna_retrained,1,1,19,1.0
fly,fly:Q9VUZ0,all_U,ipin_baseline,0,9,169,0.6522024983563445
fly,fly:Q9VUZ0,all_U,ipin_baseline,1,1,31,0.6774193548387096
fly,fly:Q9VUZ0,all_U,ipin_optimized,0,9,169,0.7140039447731755
fly,fly:Q9VUZ0,all_U,ipin_optimized,1,1,31,0.967741935483871
fly,fly:Q9VUZ0,all_U,tuna_retrained,0,9,169,0.8948060486522025
fly,fly:Q9VUZ0,all_U,tuna_retrained,1,1,31,1.0
fly,fly:Q9VTC2,background,ipin_baseline,0,8,92,0.6820652173913043
fly,fly:Q9VTC2,background,ipin_optimized,0,8,92,0.751358695652174
fly,fly:Q9VTC2,background,tuna_retrained,0,8,92,0.8084239130434783
fly,fly:Q9VTC2,matched,ipin_baseline,0,8,85,0.7088235294117647
fly,fly:Q9VTC2,matched,ipin_optimized,0,8,85,0.7617647058823529
fly,fly:Q9VTC2,matched,tuna_retrained,0,8,85,0.8
fly,fly:Q9VTC2,all_U,ipin_baseline,0,8,177,0.6949152542372882
fly,fly:Q9VTC2,all_U,ipin_optimized,0,8,177,0.7563559322033898
fly,fly:Q9VTC2,all_U,tuna_retrained,0,8,177,0.8043785310734464
fly,fly:Q9VD26,background,ipin_baseline,1,9,84,0.48544973544973546
fly,fly:Q9VD26,background,ipin_baseline,2,1,16,0.375
fly,fly:Q9VD26,background,ipin_optimized,1,9,84,0.6759259259259259
fly,fly:Q9VD26,background,ipin_optimized,2,1,16,0.5625
fly,fly:Q9VD26,background,tuna_retrained,1,9,84,0.671957671957672
fly,fly:Q9VD26,background,tuna_retrained,2,1,16,0.8125
fly,fly:Q9VD26,matched,ipin_baseline,1,9,87,0.5376756066411239
fly,fly:Q9VD26,matched,ipin_baseline,2,1,13,0.6153846153846154
fly,fly:Q9VD26,matched,ipin_optimized,1,9,87,0.6909323116219668
fly,fly:Q9VD26,matched,ipin_optimized,2,1,13,0.6153846153846154
fly,fly:Q9VD26,matched,tuna_retrained,1,9,87,0.7164750957854407
fly,fly:Q9VD26,matched,tuna_retrained,2,1,13,0.9230769230769231
fly,fly:Q9VD26,all_U,ipin_baseline,1,9,171,0.5120207927225471
fly,fly:Q9VD26,all_U,ipin_baseline,2,1,29,0.4827586206896552
fly,fly:Q9VD26,all_U,ipin_optimized,1,9,171,0.6835607537361923
fly,fly:Q9VD26,all_U,ipin_optimized,2,1,29,0.5862068965517241
fly,fly:Q9VD26,all_U,tuna_retrained,1,9,171,0.6946068875893437
fly,fly:Q9VD26,all_U,tuna_retrained,2,1,29,0.8620689655172413
fly,fly:Q9W1R3,background,ipin_baseline,0,4,87,0.5919540229885057
fly,fly:Q9W1R3,background,ipin_optimized,0,4,87,0.7959770114942529
fly,fly:Q9W1R3,background,tuna_retrained,0,4,87,0.6839080459770115
fly,fly:Q9W1R3,matched,ipin_baseline,0,4,89,0.5393258426966292
fly,fly:Q9W1R3,matched,ipin_optimized,0,4,89,0.7584269662921348
fly,fly:Q9W1R3,matched,tuna_retrained,0,4,89,0.598314606741573
fly,fly:Q9W1R3,all_U,ipin_baseline,0,4,176,0.5653409090909091
fly,fly:Q9W1R3,all_U,ipin_optimized,0,4,176,0.7769886363636364
fly,fly:Q9W1R3,all_U,tuna_retrained,0,4,176,0.640625
fly,fly:Q9W1Z1,background,ipin_baseline,0,10,90,0.6611111111111111
fly,fly:Q9W1Z1,background,ipin_optimized,0,10,90,0.5977777777777777
fly,fly:Q9W1Z1,background,tuna_retrained,0,10,90,0.89
fly,fly:Q9W1Z1,matched,ipin_baseline,0,10,91,0.6230769230769231
fly,fly:Q9W1Z1,matched,ipin_optimized,0,10,91,0.5846153846153846
fly,fly:Q9W1Z1,matched,tuna_retrained,0,10,91,0.8032967032967033
fly,fly:Q9W1Z1,all_U,ipin_baseline,0,10,181,0.6419889502762431
fly,fly:Q9W1Z1,all_U,ipin_optimized,0,10,181,0.5911602209944752
fly,fly:Q9W1Z1,all_U,tuna_retrained,0,10,181,0.8464088397790055
fly,fly:Q9VLI1,background,ipin_baseline,0,9,87,0.37420178799489145
fly,fly:Q9VLI1,background,ipin_optimized,0,9,87,0.5031928480204342
fly,fly:Q9VLI1,background,tuna_retrained,0,9,87,0.598978288633461
fly,fly:Q9VLI1,matched,ipin_baseline,0,9,82,0.3685636856368564
fly,fly:Q9VLI1,matched,ipin_optimized,0,9,82,0.5338753387533876
fly,fly:Q9VLI1,matched,tuna_retrained,0,9,82,0.6273712737127372
fly,fly:Q9VLI1,all_U,ipin_baseline,0,9,169,0.3714661406969099
fly,fly:Q9VLI1,all_U,ipin_optimized,0,9,169,0.5180802103879028
fly,fly:Q9VLI1,all_U,tuna_retrained,0,9,169,0.6127547666009204
fly,fly:Q0E8F8,background,ipin_baseline,0,9,87,0.8275862068965517
fly,fly:Q0E8F8,background,ipin_baseline,1,1,13,0.9230769230769231
fly,fly:Q0E8F8,background,ipin_optimized,0,9,87,0.6436781609195402
fly,fly:Q0E8F8,background,ipin_optimized,1,1,13,0.6153846153846154
fly,fly:Q0E8F8,background,tuna_retrained,0,9,87,0.735632183908046
fly,fly:Q0E8F8,background,tuna_retrained,1,1,13,1.0
fly,fly:Q0E8F8,matched,ipin_baseline,0,9,85,0.7830065359477124
fly,fly:Q0E8F8,matched,ipin_baseline,1,1,15,0.8666666666666667
fly,fly:Q0E8F8,matched,ipin_optimized,0,9,85,0.6666666666666666
fly,fly:Q0E8F8,matched,ipin_optimized,1,1,15,0.4666666666666667
fly,fly:Q0E8F8,matched,tuna_retrained,0,9,85,0.6745098039215687
fly,fly:Q0E8F8,matched,tuna_retrained,1,1,15,0.9333333333333333
fly,fly:Q0E8F8,all_U,ipin_baseline,0,9,172,0.8055555555555556
fly,fly:Q0E8F8,all_U,ipin_baseline,1,1,28,0.8928571428571429
fly,fly:Q0E8F8,all_U,ipin_optimized,0,9,172,0.6550387596899225
fly,fly:Q0E8F8,all_U,ipin_optimized,1,1,28,0.5357142857142857
fly,fly:Q0E8F8,all_U,tuna_retrained,0,9,172,0.7054263565891473
fly,fly:Q0E8F8,all_U,tuna_retrained,1,1,28,0.9642857142857143
fly,fly:Q9W0A8,background,ipin_baseline,0,7,88,0.41883116883116883
fly,fly:Q9W0A8,background,ipin_baseline,1,3,12,0.4444444444444444
fly,fly:Q9W0A8,background,ipin_optimized,0,7,88,0.4301948051948052
fly,fly:Q9W0A8,background,ipin_optimized,1,3,12,0.5833333333333334
fly,fly:Q9W0A8,background,tuna_retrained,0,7,88,0.6607142857142857
fly,fly:Q9W0A8,background,tuna_retrained,1,3,12,0.7222222222222222
fly,fly:Q9W0A8,matched,ipin_baseline,0,7,84,0.4812925170068027
fly,fly:Q9W0A8,matched,ipin_baseline,1,3,16,0.3958333333333333
fly,fly:Q9W0A8,matched,ipin_optimized,0,7,84,0.47959183673469385
fly,fly:Q9W0A8,matched,ipin_optimized,1,3,16,0.4583333333333333
fly,fly:Q9W0A8,matched,tuna_retrained,0,7,84,0.70578231292517
fly,fly:Q9W0A8,matched,tuna_retrained,1,3,16,0.6666666666666666
fly,fly:Q9W0A8,all_U,ipin_baseline,0,7,172,0.44933554817275745
fly,fly:Q9W0A8,all_U,ipin_baseline,1,3,28,0.4166666666666667
fly,fly:Q9W0A8,all_U,ipin_optimized,0,7,172,0.4543189368770764
fly,fly:Q9W0A8,all_U,ipin_optimized,1,3,28,0.5119047619047619
fly,fly:Q9W0A8,all_U,tuna_retrained,0,7,172,0.6827242524916943
fly,fly:Q9W0A8,all_U,tuna_retrained,1,3,28,0.6904761904761905
fly,fly:Q9VCQ7,background,ipin_baseline,0,3,83,0.7871485943775101
fly,fly:Q9VCQ7,background,ipin_optimized,0,3,83,0.5903614457831325
fly,fly:Q9VCQ7,background,tuna_retrained,0,3,83,0.7550200803212851
fly,fly:Q9VCQ7,matched,ipin_baseline,0,3,88,0.8106060606060606
fly,fly:Q9VCQ7,matched,ipin_optimized,0,3,88,0.6022727272727273
fly,fly:Q9VCQ7,matched,tuna_retrained,0,3,88,0.8674242424242424
fly,fly:Q9VCQ7,all_U,ipin_baseline,0,3,171,0.7992202729044834
fly,fly:Q9VCQ7,all_U,ipin_optimized,0,3,171,0.5964912280701754
fly,fly:Q9VCQ7,all_U,tuna_retrained,0,3,171,0.8128654970760234
fly,fly:Q9VF20,background,ipin_baseline,0,2,88,0.5227272727272727
fly,fly:Q9VF20,background,ipin_optimized,0,2,88,0.5113636363636364
fly,fly:Q9VF20,background,tuna_retrained,0,2,88,0.4318181818181818
fly,fly:Q9VF20,matched,ipin_baseline,0,2,86,0.5988372093023255
fly,fly:Q9VF20,matched,ipin_optimized,0,2,86,0.622093023255814
fly,fly:Q9VF20,matched,tuna_retrained,0,2,86,0.4883720930232558
fly,fly:Q9VF20,all_U,ipin_baseline,0,2,174,0.5603448275862069
fly,fly:Q9VF20,all_U,ipin_optimized,0,2,174,0.5660919540229885
fly,fly:Q9VF20,all_U,tuna_retrained,0,2,174,0.45977011494252873
fly,fly:Q9VT29,background,ipin_baseline,0,1,92,0.42391304347826086
fly,fly:Q9VT29,background,ipin_baseline,1,3,8,0.7083333333333334
fly,fly:Q9VT29,background,ipin_optimized,0,1,92,0.34782608695652173
fly,fly:Q9VT29,background,ipin_optimized,1,3,8,0.625
fly,fly:Q9VT29,background,tuna_retrained,0,1,92,0.5978260869565217
fly,fly:Q9VT29,background,tuna_retrained,1,3,8,0.25
fly,fly:Q9VT29,matched,ipin_baseline,0,1,92,0.44565217391304346
fly,fly:Q9VT29,matched,ipin_baseline,1,3,8,0.5416666666666666
fly,fly:Q9VT29,matched,ipin_optimized,0,1,92,0.31521739130434784
fly,fly:Q9VT29,matched,ipin_optimized,1,3,8,0.4583333333333333
fly,fly:Q9VT29,matched,tuna_retrained,0,1,92,0.6304347826086957
fly,fly:Q9VT29,matched,tuna_retrained,1,3,8,0.041666666666666664
fly,fly:Q9VT29,all_U,ipin_baseline,0,1,184,0.43478260869565216
fly,fly:Q9VT29,all_U,ipin_baseline,1,3,16,0.625
fly,fly:Q9VT29,all_U,ipin_optimized,0,1,184,0.33152173913043476
fly,fly:Q9VT29,all_U,ipin_optimized,1,3,16,0.5416666666666666
fly,fly:Q9VT29,all_U,tuna_retrained,0,1,184,0.6141304347826086
fly,fly:Q9VT29,all_U,tuna_retrained,1,3,16,0.14583333333333334
fly,fly:Q9XZ16,background,ipin_baseline,2,2,17,0.6176470588235294
fly,fly:Q9XZ16,background,ipin_optimized,2,2,17,0.6470588235294118
fly,fly:Q9XZ16,background,tuna_retrained,2,2,17,0.8823529411764706
fly,fly:Q9XZ16,matched,ipin_baseline,2,2,9,1.0
fly,fly:Q9XZ16,matched,ipin_optimized,2,2,9,0.8888888888888888
fly,fly:Q9XZ16,matched,tuna_retrained,2,2,9,0.8333333333333334
fly,fly:Q9XZ16,all_U,ipin_baseline,2,2,26,0.75
fly,fly:Q9XZ16,all_U,ipin_optimized,2,2,26,0.7307692307692307
fly,fly:Q9XZ16,all_U,tuna_retrained,2,2,26,0.8653846153846154
fly,fly:Q9VHA9,background,ipin_baseline,0,9,87,0.8301404853128991
fly,fly:Q9VHA9,background,ipin_baseline,1,1,13,0.6923076923076923
fly,fly:Q9VHA9,background,ipin_optimized,0,9,87,0.8045977011494253
fly,fly:Q9VHA9,background,ipin_optimized,1,1,13,0.7692307692307693
fly,fly:Q9VHA9,background,tuna_retrained,0,9,87,0.8416347381864623
fly,fly:Q9VHA9,background,tuna_retrained,1,1,13,0.15384615384615385
fly,fly:Q9VHA9,matched,ipin_baseline,0,9,89,0.8014981273408239
fly,fly:Q9VHA9,matched,ipin_baseline,1,1,11,0.8181818181818182
fly,fly:Q9VHA9,matched,ipin_optimized,0,9,89,0.7615480649188514
fly,fly:Q9VHA9,matched,ipin_optimized,1,1,11,0.8181818181818182
fly,fly:Q9VHA9,matched,tuna_retrained,0,9,89,0.83645443196005
fly,fly:Q9VHA9,matched,tuna_retrained,1,1,11,0.36363636363636365
fly,fly:Q9VHA9,all_U,ipin_baseline,0,9,176,0.8156565656565656
fly,fly:Q9VHA9,all_U,ipin_baseline,1,1,24,0.75
fly,fly:Q9VHA9,all_U,ipin_optimized,0,9,176,0.7828282828282829
fly,fly:Q9VHA9,all_U,ipin_optimized,1,1,24,0.7916666666666666
fly,fly:Q9VHA9,all_U,tuna_retrained,0,9,176,0.8390151515151515
fly,fly:Q9VHA9,all_U,tuna_retrained,1,1,24,0.25
fly,fly:P09083,background,ipin_baseline,0,2,85,0.8941176470588236
fly,fly:P09083,background,ipin_optimized,0,2,85,0.9411764705882353
fly,fly:P09083,background,tuna_retrained,0,2,85,0.8647058823529412
fly,fly:P09083,matched,ipin_baseline,0,2,90,0.9277777777777778
fly,fly:P09083,matched,ipin_optimized,0,2,90,0.9611111111111111
fly,fly:P09083,matched,tuna_retrained,0,2,90,0.8722222222222222
fly,fly:P09083,all_U,ipin_baseline,0,2,175,0.9114285714285715
fly,fly:P09083,all_U,ipin_optimized,0,2,175,0.9514285714285714
fly,fly:P09083,all_U,tuna_retrained,0,2,175,0.8685714285714285
fly,fly:Q9VUB1,background,ipin_baseline,0,7,83,0.6609294320137694
fly,fly:Q9VUB1,background,ipin_baseline,1,3,17,0.7843137254901961
fly,fly:Q9VUB1,background,ipin_optimized,0,7,83,0.6695352839931153
fly,fly:Q9VUB1,background,ipin_optimized,1,3,17,0.5882352941176471
fly,fly:Q9VUB1,background,tuna_retrained,0,7,83,0.8003442340791739
fly,fly:Q9VUB1,background,tuna_retrained,1,3,17,0.4117647058823529
fly,fly:Q9VUB1,matched,ipin_baseline,0,7,88,0.7045454545454546
fly,fly:Q9VUB1,matched,ipin_baseline,1,3,12,0.8888888888888888
fly,fly:Q9VUB1,matched,ipin_optimized,0,7,88,0.7012987012987013
fly,fly:Q9VUB1,matched,ipin_optimized,1,3,12,0.5277777777777778
fly,fly:Q9VUB1,matched,tuna_retrained,0,7,88,0.8376623376623377
fly,fly:Q9VUB1,matched,tuna_retrained,1,3,12,0.6944444444444444
fly,fly:Q9VUB1,all_U,ipin_baseline,0,7,171,0.683375104427736
fly,fly:Q9VUB1,all_U,ipin_baseline,1,3,29,0.8275862068965517
fly,fly:Q9VUB1,all_U,ipin_optimized,0,7,171,0.6858813700918964
fly,fly:Q9VUB1,all_U,ipin_optimized,1,3,29,0.5632183908045977
fly,fly:Q9VUB1,all_U,tuna_retrained,0,7,171,0.8195488721804511
fly,fly:Q9VUB1,all_U,tuna_retrained,1,3,29,0.5287356321839081
fly,fly:Q9XYU1,background,ipin_baseline,0,1,90,0.8888888888888888
fly,fly:Q9XYU1,background,ipin_baseline,1,1,10,0.6
fly,fly:Q9XYU1,background,ipin_optimized,0,1,90,0.9111111111111111
fly,fly:Q9XYU1,background,ipin_optimized,1,1,10,1.0
fly,fly:Q9XYU1,background,tuna_retrained,0,1,90,0.9222222222222223
fly,fly:Q9XYU1,background,tuna_retrained,1,1,10,1.0
fly,fly:Q9XYU1,matched,ipin_baseline,0,1,91,0.8571428571428571
fly,fly:Q9XYU1,matched,ipin_baseline,1,1,9,0.8888888888888888
fly,fly:Q9XYU1,matched,ipin_optimized,0,1,91,0.8791208791208791
fly,fly:Q9XYU1,matched,ipin_optimized,1,1,9,1.0
fly,fly:Q9XYU1,matched,tuna_retrained,0,1,91,0.8901098901098901
fly,fly:Q9XYU1,matched,tuna_retrained,1,1,9,1.0
fly,fly:Q9XYU1,all_U,ipin_baseline,0,1,181,0.8729281767955801
fly,fly:Q9XYU1,all_U,ipin_baseline,1,1,19,0.7368421052631579
fly,fly:Q9XYU1,all_U,ipin_optimized,0,1,181,0.8950276243093923
fly,fly:Q9XYU1,all_U,ipin_optimized,1,1,19,1.0
fly,fly:Q9XYU1,all_U,tuna_retrained,0,1,181,0.9060773480662984
fly,fly:Q9XYU1,all_U,tuna_retrained,1,1,19,1.0
fly,fly:Q4V6I0,background,ipin_baseline,1,10,85,0.5752941176470588
fly,fly:Q4V6I0,background,ipin_optimized,1,10,85,0.6341176470588236
fly,fly:Q4V6I0,background,tuna_retrained,1,10,85,0.7623529411764706
fly,fly:Q4V6I0,matched,ipin_baseline,1,10,92,0.6152173913043478
fly,fly:Q4V6I0,matched,ipin_optimized,1,10,92,0.6608695652173913
fly,fly:Q4V6I0,matched,tuna_retrained,1,10,92,0.7869565217391304
fly,fly:Q4V6I0,all_U,ipin_baseline,1,10,177,0.596045197740113
fly,fly:Q4V6I0,all_U,ipin_optimized,1,10,177,0.6480225988700565
fly,fly:Q4V6I0,all_U,tuna_retrained,1,10,177,0.7751412429378531
fly,fly:Q9VEW6,background,ipin_baseline,0,3,91,0.73992673992674
fly,fly:Q9VEW6,background,ipin_optimized,0,3,91,0.6263736263736264
fly,fly:Q9VEW6,background,tuna_retrained,0,3,91,0.8461538461538461
fly,fly:Q9VEW6,matched,ipin_baseline,0,3,88,0.6818181818181818
fly,fly:Q9VEW6,matched,ipin_optimized,0,3,88,0.5568181818181818
fly,fly:Q9VEW6,matched,tuna_retrained,0,3,88,0.8712121212121212
fly,fly:Q9VEW6,all_U,ipin_baseline,0,3,179,0.7113594040968343
fly,fly:Q9VEW6,all_U,ipin_optimized,0,3,179,0.5921787709497207
fly,fly:Q9VEW6,all_U,tuna_retrained,0,3,179,0.8584729981378026
fly,fly:Q9VJK3,background,ipin_baseline,0,8,90,0.6902777777777778
fly,fly:Q9VJK3,background,ipin_baseline,1,2,10,0.9
fly,fly:Q9VJK3,background,ipin_optimized,0,8,90,0.6916666666666667
fly,fly:Q9VJK3,background,ipin_optimized,1,2,10,0.6
fly,fly:Q9VJK3,background,tuna_retrained,0,8,90,0.5361111111111111
fly,fly:Q9VJK3,background,tuna_retrained,1,2,10,0.5
fly,fly:Q9VJK3,matched,ipin_baseline,0,8,88,0.6988636363636364
fly,fly:Q9VJK3,matched,ipin_baseline,1,2,12,0.6666666666666666
fly,fly:Q9VJK3,matched,ipin_optimized,0,8,88,0.7230113636363636
fly,fly:Q9VJK3,matched,ipin_optimized,1,2,12,0.5833333333333334
fly,fly:Q9VJK3,matched,tuna_retrained,0,8,88,0.5
fly,fly:Q9VJK3,matched,tuna_retrained,1,2,12,0.375
fly,fly:Q9VJK3,all_U,ipin_baseline,0,8,178,0.6945224719101124
fly,fly:Q9VJK3,all_U,ipin_baseline,1,2,22,0.7727272727272727
fly,fly:Q9VJK3,all_U,ipin_optimized,0,8,178,0.7071629213483146
fly,fly:Q9VJK3,all_U,ipin_optimized,1,2,22,0.5909090909090909
fly,fly:Q9VJK3,all_U,tuna_retrained,0,8,178,0.5182584269662921
fly,fly:Q9VJK3,all_U,tuna_retrained,1,2,22,0.4318181818181818
fly,fly:Q9VK36,background,ipin_baseline,0,2,85,0.7235294117647059
fly,fly:Q9VK36,background,ipin_optimized,0,2,85,0.6470588235294118
fly,fly:Q9VK36,background,tuna_retrained,0,2,85,0.8470588235294118
fly,fly:Q9VK36,matched,ipin_baseline,0,2,84,0.7440476190476191
fly,fly:Q9VK36,matched,ipin_optimized,0,2,84,0.6666666666666666
fly,fly:Q9VK36,matched,tuna_retrained,0,2,84,0.8333333333333334
fly,fly:Q9VK36,all_U,ipin_baseline,0,2,169,0.7337278106508875
fly,fly:Q9VK36,all_U,ipin_optimized,0,2,169,0.6568047337278107
fly,fly:Q9VK36,all_U,tuna_retrained,0,2,169,0.8402366863905325
fly,fly:Q9VNU3,background,ipin_baseline,0,7,91,0.8084772370486656
fly,fly:Q9VNU3,background,ipin_baseline,1,3,9,0.7777777777777778
fly,fly:Q9VNU3,background,ipin_optimized,0,7,91,0.7331240188383046
fly,fly:Q9VNU3,background,ipin_optimized,1,3,9,0.5925925925925926
fly,fly:Q9VNU3,background,tuna_retrained,0,7,91,0.6985871271585558
fly,fly:Q9VNU3,background,tuna_retrained,1,3,9,0.7407407407407407
fly,fly:Q9VNU3,matched,ipin_baseline,0,7,88,0.8457792207792207
fly,fly:Q9VNU3,matched,ipin_baseline,1,3,12,0.6388888888888888
fly,fly:Q9VNU3,matched,ipin_optimized,0,7,88,0.7743506493506493
fly,fly:Q9VNU3,matched,ipin_optimized,1,3,12,0.3611111111111111
fly,fly:Q9VNU3,matched,tuna_retrained,0,7,88,0.6672077922077922
fly,fly:Q9VNU3,matched,tuna_retrained,1,3,12,0.6111111111111112
fly,fly:Q9VNU3,all_U,ipin_baseline,0,7,179,0.8268156424581006
fly,fly:Q9VNU3,all_U,ipin_baseline,1,3,21,0.6984126984126984
fly,fly:Q9VNU3,all_U,ipin_optimized,0,7,179,0.753391859537111
fly,fly:Q9VNU3,all_U,ipin_optimized,1,3,21,0.4603174603174603
fly,fly:Q9VNU3,all_U,tuna_retrained,0,7,179,0.6831604150039904
fly,fly:Q9VNU3,all_U,tuna_retrained,1,3,21,0.6666666666666666
fly,fly:Q9VXI1,background,ipin_baseline,0,3,85,0.596078431372549
fly,fly:Q9VXI1,background,ipin_optimized,0,3,85,0.5058823529411764
fly,fly:Q9VXI1,background,tuna_retrained,0,3,85,0.5803921568627451
fly,fly:Q9VXI1,matched,ipin_baseline,0,3,83,0.6947791164658634
fly,fly:Q9VXI1,matched,ipin_optimized,0,3,83,0.4859437751004016
fly,fly:Q9VXI1,matched,tuna_retrained,0,3,83,0.5863453815261044
fly,fly:Q9VXI1,all_U,ipin_baseline,0,3,168,0.6448412698412699
fly,fly:Q9VXI1,all_U,ipin_optimized,0,3,168,0.49603174603174605
fly,fly:Q9VXI1,all_U,tuna_retrained,0,3,168,0.5833333333333334
fly,fly:Q9VQU9,background,ipin_baseline,0,8,91,0.7541208791208791
fly,fly:Q9VQU9,background,ipin_baseline,1,2,9,0.7222222222222222
fly,fly:Q9VQU9,background,ipin_optimized,0,8,91,0.7431318681318682
fly,fly:Q9VQU9,background,ipin_optimized,1,2,9,0.8333333333333334
fly,fly:Q9VQU9,background,tuna_retrained,0,8,91,0.8310439560439561
fly,fly:Q9VQU9,background,tuna_retrained,1,2,9,0.7777777777777778
fly,fly:Q9VQU9,matched,ipin_baseline,0,8,82,0.7759146341463414
fly,fly:Q9VQU9,matched,ipin_baseline,1,2,18,0.9722222222222222
fly,fly:Q9VQU9,matched,ipin_optimized,0,8,82,0.7423780487804879
fly,fly:Q9VQU9,matched,ipin_optimized,1,2,18,0.9444444444444444
fly,fly:Q9VQU9,matched,tuna_retrained,0,8,82,0.875
fly,fly:Q9VQU9,matched,tuna_retrained,1,2,18,0.9444444444444444
fly,fly:Q9VQU9,all_U,ipin_baseline,0,8,173,0.7644508670520231
fly,fly:Q9VQU9,all_U,ipin_baseline,1,2,27,0.8888888888888888
fly,fly:Q9VQU9,all_U,ipin_optimized,0,8,173,0.7427745664739884
fly,fly:Q9VQU9,all_U,ipin_optimized,1,2,27,0.9074074074074074
fly,fly:Q9VQU9,all_U,tuna_retrained,0,8,173,0.851878612716763
fly,fly:Q9VQU9,all_U,tuna_retrained,1,2,27,0.8888888888888888
fly,fly:Q9VCG8,background,ipin_baseline,0,3,87,0.8773946360153256
fly,fly:Q9VCG8,background,ipin_optimized,0,3,87,0.9272030651340997
fly,fly:Q9VCG8,background,tuna_retrained,0,3,87,0.7011494252873564
fly,fly:Q9VCG8,matched,ipin_baseline,0,3,81,0.8600823045267489
fly,fly:Q9VCG8,matched,ipin_optimized,0,3,81,0.9259259259259259
fly,fly:Q9VCG8,matched,tuna_retrained,0,3,81,0.7613168724279835
fly,fly:Q9VCG8,all_U,ipin_baseline,0,3,168,0.8690476190476191
fly,fly:Q9VCG8,all_U,ipin_optimized,0,3,168,0.9265873015873016
fly,fly:Q9VCG8,all_U,tuna_retrained,0,3,168,0.7301587301587301
fly,fly:P09775,background,ipin_baseline,0,8,89,0.5828651685393258
fly,fly:P09775,background,ipin_baseline,1,2,11,0.9545454545454546
fly,fly:P09775,background,ipin_optimized,0,8,89,0.8455056179775281
fly,fly:P09775,background,ipin_optimized,1,2,11,1.0
fly,fly:P09775,background,tuna_retrained,0,8,89,0.8469101123595506
fly,fly:P09775,background,tuna_retrained,1,2,11,0.9090909090909091
fly,fly:P09775,matched,ipin_baseline,0,8,87,0.5977011494252874
fly,fly:P09775,matched,ipin_baseline,1,2,13,0.9230769230769231
fly,fly:P09775,matched,ipin_optimized,0,8,87,0.7931034482758621
fly,fly:P09775,matched,ipin_optimized,1,2,13,0.9615384615384616
fly,fly:P09775,matched,tuna_retrained,0,8,87,0.7931034482758621
fly,fly:P09775,matched,tuna_retrained,1,2,13,0.8846153846153846
fly,fly:P09775,all_U,ipin_baseline,0,8,176,0.5901988636363636
fly,fly:P09775,all_U,ipin_baseline,1,2,24,0.9375
fly,fly:P09775,all_U,ipin_optimized,0,8,176,0.8196022727272727
fly,fly:P09775,all_U,ipin_optimized,1,2,24,0.9791666666666666
fly,fly:P09775,all_U,tuna_retrained,0,8,176,0.8203125
fly,fly:P09775,all_U,tuna_retrained,1,2,24,0.8958333333333334
fly,fly:Q9W187,background,ipin_baseline,0,2,86,0.13953488372093023
fly,fly:Q9W187,background,ipin_optimized,0,2,86,0.23837209302325582
fly,fly:Q9W187,background,tuna_retrained,0,2,86,0.5523255813953488
fly,fly:Q9W187,matched,ipin_baseline,0,2,82,0.15853658536585366
fly,fly:Q9W187,matched,ipin_optimized,0,2,82,0.2682926829268293
fly,fly:Q9W187,matched,tuna_retrained,0,2,82,0.5548780487804879
fly,fly:Q9W187,all_U,ipin_baseline,0,2,168,0.1488095238095238
fly,fly:Q9W187,all_U,ipin_optimized,0,2,168,0.25297619047619047
fly,fly:Q9W187,all_U,tuna_retrained,0,2,168,0.5535714285714286
fly,fly:Q00748,background,ipin_baseline,0,6,88,0.6761363636363636
fly,fly:Q00748,background,ipin_baseline,1,2,12,0.5416666666666666
fly,fly:Q00748,background,ipin_optimized,0,6,88,0.42234848484848486
fly,fly:Q00748,background,ipin_optimized,1,2,12,0.5
fly,fly:Q00748,background,tuna_retrained,0,6,88,0.4015151515151515
fly,fly:Q00748,background,tuna_retrained,1,2,12,0.8333333333333334
fly,fly:Q00748,matched,ipin_baseline,0,6,90,0.7074074074074074
fly,fly:Q00748,matched,ipin_baseline,1,2,10,0.6
fly,fly:Q00748,matched,ipin_optimized,0,6,90,0.5203703703703704
fly,fly:Q00748,matched,ipin_optimized,1,2,10,0.5
fly,fly:Q00748,matched,tuna_retrained,0,6,90,0.4425925925925926
fly,fly:Q00748,matched,tuna_retrained,1,2,10,0.8
fly,fly:Q00748,all_U,ipin_baseline,0,6,178,0.6919475655430711
fly,fly:Q00748,all_U,ipin_baseline,1,2,22,0.5681818181818182
fly,fly:Q00748,all_U,ipin_optimized,0,6,178,0.47191011235955055
fly,fly:Q00748,all_U,ipin_optimized,1,2,22,0.5
fly,fly:Q00748,all_U,tuna_retrained,0,6,178,0.42228464419475653
fly,fly:Q00748,all_U,tuna_retrained,1,2,22,0.8181818181818182
fly,fly:Q9VGG3,background,ipin_baseline,0,7,90,0.5825396825396826
fly,fly:Q9VGG3,background,ipin_baseline,1,3,10,0.3333333333333333
fly,fly:Q9VGG3,background,ipin_optimized,0,7,90,0.8063492063492064
fly,fly:Q9VGG3,background,ipin_optimized,1,3,10,0.26666666666666666
fly,fly:Q9VGG3,background,tuna_retrained,0,7,90,0.6968253968253968
fly,fly:Q9VGG3,background,tuna_retrained,1,3,10,0.3333333333333333
fly,fly:Q9VGG3,matched,ipin_baseline,0,7,79,0.6148282097649186
fly,fly:Q9VGG3,matched,ipin_baseline,1,3,21,0.1111111111111111
fly,fly:Q9VGG3,matched,ipin_optimized,0,7,79,0.7920433996383364
fly,fly:Q9VGG3,matched,ipin_optimized,1,3,21,0.047619047619047616
fly,fly:Q9VGG3,matched,tuna_retrained,0,7,79,0.705244122965642
fly,fly:Q9VGG3,matched,tuna_retrained,1,3,21,0.2222222222222222
fly,fly:Q9VGG3,all_U,ipin_baseline,0,7,169,0.5976331360946746
fly,fly:Q9VGG3,all_U,ipin_baseline,1,3,31,0.1827956989247312
fly,fly:Q9VGG3,all_U,ipin_optimized,0,7,169,0.7996618765849535
fly,fly:Q9VGG3,all_U,ipin_optimized,1,3,31,0.11827956989247312
fly,fly:Q9VGG3,all_U,tuna_retrained,0,7,169,0.7007607776838546
fly,fly:Q9VGG3,all_U,tuna_retrained,1,3,31,0.25806451612903225
fly,fly:Q9VVE3,background,ipin_baseline,1,3,89,0.3782771535580524
fly,fly:Q9VVE3,background,ipin_optimized,1,3,89,0.31086142322097376
fly,fly:Q9VVE3,background,tuna_retrained,1,3,89,0.3895131086142322
fly,fly:Q9VVE3,matched,ipin_baseline,1,3,88,0.4090909090909091
fly,fly:Q9VVE3,matched,ipin_optimized,1,3,88,0.3484848484848485
fly,fly:Q9VVE3,matched,tuna_retrained,1,3,88,0.3787878787878788
fly,fly:Q9VVE3,all_U,ipin_baseline,1,3,177,0.3935969868173258
fly,fly:Q9VVE3,all_U,ipin_optimized,1,3,177,0.3295668549905838
fly,fly:Q9VVE3,all_U,tuna_retrained,1,3,177,0.384180790960452
fly,fly:Q9VWZ8,background,ipin_baseline,0,3,89,0.5355805243445693
fly,fly:Q9VWZ8,background,ipin_baseline,1,1,11,0.7272727272727273
fly,fly:Q9VWZ8,background,ipin_optimized,0,3,89,0.5131086142322098
fly,fly:Q9VWZ8,background,ipin_optimized,1,1,11,0.8181818181818182
fly,fly:Q9VWZ8,background,tuna_retrained,0,3,89,0.704119850187266
fly,fly:Q9VWZ8,background,tuna_retrained,1,1,11,0.8181818181818182
fly,fly:Q9VWZ8,matched,ipin_baseline,0,3,87,0.5670498084291188
fly,fly:Q9VWZ8,matched,ipin_baseline,1,1,13,0.7692307692307693
fly,fly:Q9VWZ8,matched,ipin_optimized,0,3,87,0.5708812260536399
fly,fly:Q9VWZ8,matched,ipin_optimized,1,1,13,0.7692307692307693
fly,fly:Q9VWZ8,matched,tuna_retrained,0,3,87,0.7394636015325671
fly,fly:Q9VWZ8,matched,tuna_retrained,1,1,13,0.6153846153846154
fly,fly:Q9VWZ8,all_U,ipin_baseline,0,3,176,0.5511363636363636
fly,fly:Q9VWZ8,all_U,ipin_baseline,1,1,24,0.75
fly,fly:Q9VWZ8,all_U,ipin_optimized,0,3,176,0.5416666666666666
fly,fly:Q9VWZ8,all_U,ipin_optimized,1,1,24,0.7916666666666666
fly,fly:Q9VWZ8,all_U,tuna_retrained,0,3,176,0.7215909090909091
fly,fly:Q9VWZ8,all_U,tuna_retrained,1,1,24,0.7083333333333334
fly,fly:O77051,background,ipin_baseline,0,10,87,0.5850574712643678
fly,fly:O77051,background,ipin_optimized,0,10,87,0.5206896551724138
fly,fly:O77051,background,tuna_retrained,0,10,87,0.5149425287356322
fly,fly:O77051,matched,ipin_baseline,0,10,87,0.48735632183908045
fly,fly:O77051,matched,ipin_optimized,0,10,87,0.45517241379310347
fly,fly:O77051,matched,tuna_retrained,0,10,87,0.5574712643678161
fly,fly:O77051,all_U,ipin_baseline,0,10,174,0.5362068965517242
fly,fly:O77051,all_U,ipin_optimized,0,10,174,0.4879310344827586
fly,fly:O77051,all_U,tuna_retrained,0,10,174,0.5362068965517242
fly,fly:Q9W2N0,background,ipin_baseline,0,7,89,0.5906902086677368
fly,fly:Q9W2N0,background,ipin_optimized,0,7,89,0.6709470304975923
fly,fly:Q9W2N0,background,tuna_retrained,0,7,89,0.651685393258427
fly,fly:Q9W2N0,matched,ipin_baseline,0,7,79,0.593128390596745
fly,fly:Q9W2N0,matched,ipin_optimized,0,7,79,0.6419529837251357
fly,fly:Q9W2N0,matched,tuna_retrained,0,7,79,0.6292947558770343
fly,fly:Q9W2N0,all_U,ipin_baseline,0,7,168,0.5918367346938775
fly,fly:Q9W2N0,all_U,ipin_optimized,0,7,168,0.657312925170068
fly,fly:Q9W2N0,all_U,tuna_retrained,0,7,168,0.641156462585034
fly,fly:Q7KSI9,background,ipin_baseline,0,1,92,0.5108695652173914
fly,fly:Q7KSI9,background,ipin_baseline,1,1,8,0.125
fly,fly:Q7KSI9,background,ipin_optimized,0,1,92,0.2608695652173913
fly,fly:Q7KSI9,background,ipin_optimized,1,1,8,0.375
fly,fly:Q7KSI9,background,tuna_retrained,0,1,92,0.43478260869565216
fly,fly:Q7KSI9,background,tuna_retrained,1,1,8,0.25
fly,fly:Q7KSI9,matched,ipin_baseline,0,1,89,0.550561797752809
fly,fly:Q7KSI9,matched,ipin_baseline,1,1,11,0.0
fly,fly:Q7KSI9,matched,ipin_optimized,0,1,89,0.30337078651685395
fly,fly:Q7KSI9,matched,ipin_optimized,1,1,11,0.09090909090909091
fly,fly:Q7KSI9,matched,tuna_retrained,0,1,89,0.5280898876404494
fly,fly:Q7KSI9,matched,tuna_retrained,1,1,11,0.18181818181818182
fly,fly:Q7KSI9,all_U,ipin_baseline,0,1,181,0.5303867403314917
fly,fly:Q7KSI9,all_U,ipin_baseline,1,1,19,0.05263157894736842
fly,fly:Q7KSI9,all_U,ipin_optimized,0,1,181,0.281767955801105
fly,fly:Q7KSI9,all_U,ipin_optimized,1,1,19,0.21052631578947367
fly,fly:Q7KSI9,all_U,tuna_retrained,0,1,181,0.48066298342541436
fly,fly:Q7KSI9,all_U,tuna_retrained,1,1,19,0.21052631578947367
fly,fly:Q27368,background,ipin_baseline,0,9,93,0.7096774193548387
fly,fly:Q27368,background,ipin_optimized,0,9,93,0.6296296296296297
fly,fly:Q27368,background,tuna_retrained,0,9,93,0.6881720430107527
fly,fly:Q27368,matched,ipin_baseline,0,9,86,0.7286821705426356
fly,fly:Q27368,matched,ipin_optimized,0,9,86,0.6356589147286822
fly,fly:Q27368,matched,tuna_retrained,0,9,86,0.7067183462532299
fly,fly:Q27368,all_U,ipin_baseline,0,9,179,0.7188081936685289
fly,fly:Q27368,all_U,ipin_optimized,0,9,179,0.6325263811297331
fly,fly:Q27368,all_U,tuna_retrained,0,9,179,0.6970825574177529
fly,fly:P07665,background,ipin_baseline,0,9,87,0.8135376756066411
fly,fly:P07665,background,ipin_baseline,1,1,13,0.9230769230769231
fly,fly:P07665,background,ipin_optimized,0,9,87,0.8186462324393359
fly,fly:P07665,background,ipin_optimized,1,1,13,1.0
fly,fly:P07665,background,tuna_retrained,0,9,87,0.8186462324393359
fly,fly:P07665,background,tuna_retrained,1,1,13,1.0
fly,fly:P07665,matched,ipin_baseline,0,9,86,0.7829457364341085
fly,fly:P07665,matched,ipin_baseline,1,1,14,0.9285714285714286
fly,fly:P07665,matched,ipin_optimized,0,9,86,0.7881136950904393
fly,fly:P07665,matched,ipin_optimized,1,1,14,1.0
fly,fly:P07665,matched,tuna_retrained,0,9,86,0.7596899224806202
fly,fly:P07665,matched,tuna_retrained,1,1,14,0.9285714285714286
fly,fly:P07665,all_U,ipin_baseline,0,9,173,0.798330122029544
fly,fly:P07665,all_U,ipin_baseline,1,1,27,0.9259259259259259
fly,fly:P07665,all_U,ipin_optimized,0,9,173,0.8034682080924855
fly,fly:P07665,all_U,ipin_optimized,1,1,27,1.0
fly,fly:P07665,all_U,tuna_retrained,0,9,173,0.7893384714193963
fly,fly:P07665,all_U,tuna_retrained,1,1,27,0.9629629629629629
fly,fly:Q9VQW7,background,ipin_baseline,0,5,86,0.727906976744186
fly,fly:Q9VQW7,background,ipin_optimized,0,5,86,0.6465116279069767
fly,fly:Q9VQW7,background,tuna_retrained,0,5,86,0.6697674418604651
fly,fly:Q9VQW7,matched,ipin_baseline,0,5,82,0.7097560975609756
fly,fly:Q9VQW7,matched,ipin_optimized,0,5,82,0.6682926829268293
fly,fly:Q9VQW7,matched,tuna_retrained,0,5,82,0.7073170731707317
fly,fly:Q9VQW7,all_U,ipin_baseline,0,5,168,0.719047619047619
fly,fly:Q9VQW7,all_U,ipin_optimized,0,5,168,0.6571428571428571
fly,fly:Q9VQW7,all_U,tuna_retrained,0,5,168,0.6880952380952381
fly,fly:Q9W4C4,background,ipin_baseline,0,2,84,0.6785714285714286
fly,fly:Q9W4C4,background,ipin_optimized,0,2,84,0.5654761904761905
fly,fly:Q9W4C4,background,tuna_retrained,0,2,84,0.23809523809523808
fly,fly:Q9W4C4,matched,ipin_baseline,0,2,84,0.6071428571428571
fly,fly:Q9W4C4,matched,ipin_optimized,0,2,84,0.5297619047619048
fly,fly:Q9W4C4,matched,tuna_retrained,0,2,84,0.20238095238095238
fly,fly:Q9W4C4,all_U,ipin_baseline,0,2,168,0.6428571428571429
fly,fly:Q9W4C4,all_U,ipin_optimized,0,2,168,0.5476190476190477
fly,fly:Q9W4C4,all_U,tuna_retrained,0,2,168,0.22023809523809523
fly,fly:Q9VNI4,background,ipin_baseline,0,10,85,0.6823529411764706
fly,fly:Q9VNI4,background,ipin_optimized,0,10,85,0.7941176470588235
fly,fly:Q9VNI4,background,tuna_retrained,0,10,85,0.6964705882352941
fly,fly:Q9VNI4,matched,ipin_baseline,0,10,89,0.702247191011236
fly,fly:Q9VNI4,matched,ipin_optimized,0,10,89,0.7831460674157303
fly,fly:Q9VNI4,matched,tuna_retrained,0,10,89,0.7651685393258427
fly,fly:Q9VNI4,all_U,ipin_baseline,0,10,174,0.6925287356321839
fly,fly:Q9VNI4,all_U,ipin_optimized,0,10,174,0.7885057471264367
fly,fly:Q9VNI4,all_U,tuna_retrained,0,10,174,0.7316091954022989
fly,fly:P22812,background,ipin_baseline,0,2,91,0.4230769230769231
fly,fly:P22812,background,ipin_baseline,1,1,9,0.8888888888888888
fly,fly:P22812,background,ipin_optimized,0,2,91,0.5494505494505495
fly,fly:P22812,background,ipin_optimized,1,1,9,0.3333333333333333
fly,fly:P22812,background,tuna_retrained,0,2,91,0.6153846153846154
fly,fly:P22812,background,tuna_retrained,1,1,9,0.6666666666666666
fly,fly:P22812,matched,ipin_baseline,0,2,88,0.36363636363636365
fly,fly:P22812,matched,ipin_baseline,1,1,12,0.5833333333333334
fly,fly:P22812,matched,ipin_optimized,0,2,88,0.45454545454545453
fly,fly:P22812,matched,ipin_optimized,1,1,12,0.16666666666666666
fly,fly:P22812,matched,tuna_retrained,0,2,88,0.6079545454545454
fly,fly:P22812,matched,tuna_retrained,1,1,12,0.5833333333333334
fly,fly:P22812,all_U,ipin_baseline,0,2,179,0.39385474860335196
fly,fly:P22812,all_U,ipin_baseline,1,1,21,0.7142857142857143
fly,fly:P22812,all_U,ipin_optimized,0,2,179,0.5027932960893855
fly,fly:P22812,all_U,ipin_optimized,1,1,21,0.23809523809523808
fly,fly:P22812,all_U,tuna_retrained,0,2,179,0.611731843575419
fly,fly:P22812,all_U,tuna_retrained,1,1,21,0.6190476190476191
fly,fly:Q9V447,background,ipin_baseline,0,8,89,0.8918539325842697
fly,fly:Q9V447,background,ipin_optimized,0,8,89,0.7584269662921348
fly,fly:Q9V447,background,tuna_retrained,0,8,89,0.8637640449438202
fly,fly:Q9V447,matched,ipin_baseline,0,8,83,0.9246987951807228
fly,fly:Q9V447,matched,ipin_optimized,0,8,83,0.8102409638554217
fly,fly:Q9V447,matched,tuna_retrained,0,8,83,0.9051204819277109
fly,fly:Q9V447,all_U,ipin_baseline,0,8,172,0.907703488372093
fly,fly:Q9V447,all_U,ipin_optimized,0,8,172,0.7834302325581395
fly,fly:Q9V447,all_U,tuna_retrained,0,8,172,0.8837209302325582
worm,worm:Q9XTC6,background,ipin_baseline,0,5,90,0.25333333333333335
worm,worm:Q9XTC6,background,ipin_optimized,0,5,90,0.25333333333333335
worm,worm:Q9XTC6,background,tuna_retrained,0,5,90,0.4711111111111111
worm,worm:Q9XTC6,matched,ipin_baseline,0,5,90,0.20666666666666667
worm,worm:Q9XTC6,matched,ipin_optimized,0,5,90,0.20444444444444446
worm,worm:Q9XTC6,matched,tuna_retrained,0,5,90,0.41333333333333333
worm,worm:Q9XTC6,all_U,ipin_baseline,0,5,180,0.23
worm,worm:Q9XTC6,all_U,ipin_optimized,0,5,180,0.2288888888888889
worm,worm:Q9XTC6,all_U,tuna_retrained,0,5,180,0.44222222222222224
worm,worm:Q20778,background,ipin_baseline,0,3,81,0.4279835390946502
worm,worm:Q20778,background,ipin_baseline,1,1,19,0.7894736842105263
worm,worm:Q20778,background,ipin_optimized,0,3,81,0.4773662551440329
worm,worm:Q20778,background,ipin_optimized,1,1,19,0.8947368421052632
worm,worm:Q20778,background,tuna_retrained,0,3,81,0.5267489711934157
worm,worm:Q20778,background,tuna_retrained,1,1,19,0.05263157894736842
worm,worm:Q20778,matched,ipin_baseline,0,3,92,0.47101449275362317
worm,worm:Q20778,matched,ipin_baseline,1,1,8,1.0
worm,worm:Q20778,matched,ipin_optimized,0,3,92,0.572463768115942
worm,worm:Q20778,matched,ipin_optimized,1,1,8,0.875
worm,worm:Q20778,matched,tuna_retrained,0,3,92,0.5362318840579711
worm,worm:Q20778,matched,tuna_retrained,1,1,8,0.0
worm,worm:Q20778,all_U,ipin_baseline,0,3,173,0.4508670520231214
worm,worm:Q20778,all_U,ipin_baseline,1,1,27,0.8518518518518519
worm,worm:Q20778,all_U,ipin_optimized,0,3,173,0.5279383429672447
worm,worm:Q20778,all_U,ipin_optimized,1,1,27,0.8888888888888888
worm,worm:Q20778,all_U,tuna_retrained,0,3,173,0.5317919075144508
worm,worm:Q20778,all_U,tuna_retrained,1,1,27,0.037037037037037035
worm,worm:O44408,background,ipin_baseline,1,3,93,0.7562724014336918
worm,worm:O44408,background,ipin_optimized,1,3,93,0.7168458781362007
worm,worm:O44408,background,tuna_retrained,1,3,93,0.7849462365591398
worm,worm:O44408,matched,ipin_baseline,1,3,87,0.7088122605363985
worm,worm:O44408,matched,ipin_optimized,1,3,87,0.6590038314176245
worm,worm:O44408,matched,tuna_retrained,1,3,87,0.8122605363984674
worm,worm:O44408,all_U,ipin_baseline,1,3,180,0.7333333333333333
worm,worm:O44408,all_U,ipin_optimized,1,3,180,0.6888888888888889
worm,worm:O44408,all_U,tuna_retrained,1,3,180,0.7981481481481482
worm,worm:Q9BIC2,background,ipin_baseline,0,2,85,0.47058823529411764
worm,worm:Q9BIC2,background,ipin_optimized,0,2,85,0.6941176470588235
worm,worm:Q9BIC2,background,tuna_retrained,0,2,85,0.4647058823529412
worm,worm:Q9BIC2,matched,ipin_baseline,0,2,84,0.3333333333333333
worm,worm:Q9BIC2,matched,ipin_optimized,0,2,84,0.5297619047619048
worm,worm:Q9BIC2,matched,tuna_retrained,0,2,84,0.2976190476190476
worm,worm:Q9BIC2,all_U,ipin_baseline,0,2,169,0.40236686390532544
worm,worm:Q9BIC2,all_U,ipin_optimized,0,2,169,0.6124260355029586
worm,worm:Q9BIC2,all_U,tuna_retrained,0,2,169,0.3816568047337278
worm,worm:Q0G819,background,ipin_baseline,1,3,88,0.3484848484848485
worm,worm:Q0G819,background,ipin_optimized,1,3,88,0.3939393939393939
worm,worm:Q0G819,background,tuna_retrained,1,3,88,0.5151515151515151
worm,worm:Q0G819,matched,ipin_baseline,1,3,82,0.2967479674796748
worm,worm:Q0G819,matched,ipin_optimized,1,3,82,0.34146341463414637
worm,worm:Q0G819,matched,tuna_retrained,1,3,82,0.44715447154471544
worm,worm:Q0G819,all_U,ipin_baseline,1,3,170,0.3235294117647059
worm,worm:Q0G819,all_U,ipin_optimized,1,3,170,0.3686274509803922
worm,worm:Q0G819,all_U,tuna_retrained,1,3,170,0.4823529411764706
worm,worm:Q22212,background,ipin_baseline,0,3,89,0.6853932584269663
worm,worm:Q22212,background,ipin_optimized,0,3,89,0.6554307116104869
worm,worm:Q22212,background,tuna_retrained,0,3,89,0.6292134831460674
worm,worm:Q22212,matched,ipin_baseline,0,3,84,0.5674603174603174
worm,worm:Q22212,matched,ipin_optimized,0,3,84,0.6031746031746031
worm,worm:Q22212,matched,tuna_retrained,0,3,84,0.5396825396825397
worm,worm:Q22212,all_U,ipin_baseline,0,3,173,0.628131021194605
worm,worm:Q22212,all_U,ipin_optimized,0,3,173,0.630057803468208
worm,worm:Q22212,all_U,tuna_retrained,0,3,173,0.5857418111753372
worm,worm:P34555,background,ipin_baseline,0,3,92,0.822463768115942
worm,worm:P34555,background,ipin_optimized,0,3,92,0.8623188405797102
worm,worm:P34555,background,tuna_retrained,0,3,92,0.7898550724637681
worm,worm:P34555,matched,ipin_baseline,0,3,91,0.7252747252747253
worm,worm:P34555,matched,ipin_optimized,0,3,91,0.8498168498168498
worm,worm:P34555,matched,tuna_retrained,0,3,91,0.7252747252747253
worm,worm:P34555,all_U,ipin_baseline,0,3,183,0.7741347905282332
worm,worm:P34555,all_U,ipin_optimized,0,3,183,0.8561020036429873
worm,worm:P34555,all_U,tuna_retrained,0,3,183,0.7577413479052824
worm,worm:Q03571,background,ipin_baseline,0,2,92,0.42391304347826086
worm,worm:Q03571,background,ipin_optimized,0,2,92,0.6086956521739131
worm,worm:Q03571,background,tuna_retrained,0,2,92,0.6358695652173914
worm,worm:Q03571,matched,ipin_baseline,0,2,82,0.2804878048780488
worm,worm:Q03571,matched,ipin_optimized,0,2,82,0.4695121951219512
worm,worm:Q03571,matched,tuna_retrained,0,2,82,0.4817073170731707
worm,worm:Q03571,all_U,ipin_baseline,0,2,174,0.3563218390804598
worm,worm:Q03571,all_U,ipin_optimized,0,2,174,0.5431034482758621
worm,worm:Q03571,all_U,tuna_retrained,0,2,174,0.5632183908045977
worm,worm:O18015,background,ipin_baseline,0,2,90,0.7111111111111111
worm,worm:O18015,background,ipin_baseline,1,1,10,0.6
worm,worm:O18015,background,ipin_optimized,0,2,90,0.8388888888888889
worm,worm:O18015,background,ipin_optimized,1,1,10,0.3
worm,worm:O18015,background,tuna_retrained,0,2,90,0.5388888888888889
worm,worm:O18015,background,tuna_retrained,1,1,10,0.0
worm,worm:O18015,matched,ipin_baseline,0,2,84,0.7261904761904762
worm,worm:O18015,matched,ipin_baseline,1,1,16,0.625
worm,worm:O18015,matched,ipin_optimized,0,2,84,0.8452380952380952
worm,worm:O18015,matched,ipin_optimized,1,1,16,0.4375
worm,worm:O18015,matched,tuna_retrained,0,2,84,0.6845238095238095
worm,worm:O18015,matched,tuna_retrained,1,1,16,0.0
worm,worm:O18015,all_U,ipin_baseline,0,2,174,0.7183908045977011
worm,worm:O18015,all_U,ipin_baseline,1,1,26,0.6153846153846154
worm,worm:O18015,all_U,ipin_optimized,0,2,174,0.8419540229885057
worm,worm:O18015,all_U,ipin_optimized,1,1,26,0.38461538461538464
worm,worm:O18015,all_U,tuna_retrained,0,2,174,0.6091954022988506
worm,worm:O18015,all_U,tuna_retrained,1,1,26,0.0
worm,worm:O44949,background,ipin_baseline,0,2,87,0.9252873563218391
worm,worm:O44949,background,ipin_baseline,1,1,13,0.6923076923076923
worm,worm:O44949,background,ipin_optimized,0,2,87,0.9137931034482759
worm,worm:O44949,background,ipin_optimized,1,1,13,0.8461538461538461
worm,worm:O44949,background,tuna_retrained,0,2,87,0.5632183908045977
worm,worm:O44949,background,tuna_retrained,1,1,13,0.5384615384615384
worm,worm:O44949,matched,ipin_baseline,0,2,85,0.9647058823529412
worm,worm:O44949,matched,ipin_baseline,1,1,15,0.8
worm,worm:O44949,matched,ipin_optimized,0,2,85,0.8941176470588236
worm,worm:O44949,matched,ipin_optimized,1,1,15,0.7333333333333333
worm,worm:O44949,matched,tuna_retrained,0,2,85,0.5235294117647059
worm,worm:O44949,matched,tuna_retrained,1,1,15,0.6
worm,worm:O44949,all_U,ipin_baseline,0,2,172,0.9447674418604651
worm,worm:O44949,all_U,ipin_baseline,1,1,28,0.75
worm,worm:O44949,all_U,ipin_optimized,0,2,172,0.9040697674418605
worm,worm:O44949,all_U,ipin_optimized,1,1,28,0.7857142857142857
worm,worm:O44949,all_U,tuna_retrained,0,2,172,0.5436046511627907
worm,worm:O44949,all_U,tuna_retrained,1,1,28,0.5714285714285714
worm,worm:Q17549,background,ipin_baseline,0,6,91,0.3717948717948718
worm,worm:Q17549,background,ipin_optimized,0,6,91,0.33882783882783885
worm,worm:Q17549,background,tuna_retrained,0,6,91,0.46886446886446886
worm,worm:Q17549,matched,ipin_baseline,0,6,85,0.403921568627451
worm,worm:Q17549,matched,ipin_optimized,0,6,85,0.35294117647058826
worm,worm:Q17549,matched,tuna_retrained,0,6,85,0.42745098039215684
worm,worm:Q17549,all_U,ipin_baseline,0,6,176,0.3873106060606061
worm,worm:Q17549,all_U,ipin_optimized,0,6,176,0.3456439393939394
worm,worm:Q17549,all_U,tuna_retrained,0,6,176,0.44886363636363635
worm,worm:P34260,background,ipin_baseline,0,2,88,0.5965909090909091
worm,worm:P34260,background,ipin_optimized,0,2,88,0.6477272727272727
worm,worm:P34260,background,tuna_retrained,0,2,88,0.48295454545454547
worm,worm:P34260,matched,ipin_baseline,0,2,88,0.5284090909090909
worm,worm:P34260,matched,ipin_optimized,0,2,88,0.6647727272727273
worm,worm:P34260,matched,tuna_retrained,0,2,88,0.4772727272727273
worm,worm:P34260,all_U,ipin_baseline,0,2,176,0.5625
worm,worm:P34260,all_U,ipin_optimized,0,2,176,0.65625
worm,worm:P34260,all_U,tuna_retrained,0,2,176,0.48011363636363635
worm,worm:O45599,background,ipin_baseline,0,2,88,0.42613636363636365
worm,worm:O45599,background,ipin_optimized,0,2,88,0.5568181818181818
worm,worm:O45599,background,tuna_retrained,0,2,88,0.875
worm,worm:O45599,matched,ipin_baseline,0,2,90,0.37222222222222223
worm,worm:O45599,matched,ipin_optimized,0,2,90,0.5055555555555555
worm,worm:O45599,matched,tuna_retrained,0,2,90,0.9
worm,worm:O45599,all_U,ipin_baseline,0,2,178,0.398876404494382
worm,worm:O45599,all_U,ipin_optimized,0,2,178,0.5308988764044944
worm,worm:O45599,all_U,tuna_retrained,0,2,178,0.8876404494382022
worm,worm:Q95ZQ4,background,ipin_baseline,1,10,88,0.4863636363636364
worm,worm:Q95ZQ4,background,ipin_optimized,1,10,88,0.55
worm,worm:Q95ZQ4,background,tuna_retrained,1,10,88,0.45681818181818185
worm,worm:Q95ZQ4,matched,ipin_baseline,1,10,81,0.48271604938271606
worm,worm:Q95ZQ4,matched,ipin_optimized,1,10,81,0.5728395061728395
worm,worm:Q95ZQ4,matched,tuna_retrained,1,10,81,0.4888888888888889
worm,worm:Q95ZQ4,all_U,ipin_baseline,1,10,169,0.4846153846153846
worm,worm:Q95ZQ4,all_U,ipin_optimized,1,10,169,0.5609467455621302
worm,worm:Q95ZQ4,all_U,tuna_retrained,1,10,169,0.47218934911242605
worm,worm:Q65XX1,background,ipin_baseline,0,1,89,0.5280898876404494
worm,worm:Q65XX1,background,ipin_baseline,1,1,11,0.2727272727272727
worm,worm:Q65XX1,background,ipin_optimized,0,1,89,0.898876404494382
worm,worm:Q65XX1,background,ipin_optimized,1,1,11,0.45454545454545453
worm,worm:Q65XX1,background,tuna_retrained,0,1,89,0.9775280898876404
worm,worm:Q65XX1,background,tuna_retrained,1,1,11,0.45454545454545453
worm,worm:Q65XX1,matched,ipin_baseline,0,1,88,0.3181818181818182
worm,worm:Q65XX1,matched,ipin_baseline,1,1,12,0.0
worm,worm:Q65XX1,matched,ipin_optimized,0,1,88,0.8295454545454546
worm,worm:Q65XX1,matched,ipin_optimized,1,1,12,0.25
worm,worm:Q65XX1,matched,tuna_retrained,0,1,88,0.9772727272727273
worm,worm:Q65XX1,matched,tuna_retrained,1,1,12,0.4166666666666667
worm,worm:Q65XX1,all_U,ipin_baseline,0,1,177,0.423728813559322
worm,worm:Q65XX1,all_U,ipin_baseline,1,1,23,0.13043478260869565
worm,worm:Q65XX1,all_U,ipin_optimized,0,1,177,0.864406779661017
worm,worm:Q65XX1,all_U,ipin_optimized,1,1,23,0.34782608695652173
worm,worm:Q65XX1,all_U,tuna_retrained,0,1,177,0.9774011299435028
worm,worm:Q65XX1,all_U,tuna_retrained,1,1,23,0.43478260869565216
worm,worm:P34447,background,ipin_baseline,0,5,89,0.8921348314606742
worm,worm:P34447,background,ipin_optimized,0,5,89,0.8584269662921349
worm,worm:P34447,background,tuna_retrained,0,5,89,0.8786516853932584
worm,worm:P34447,matched,ipin_baseline,0,5,90,0.84
worm,worm:P34447,matched,ipin_optimized,0,5,90,0.7977777777777778
worm,worm:P34447,matched,tuna_retrained,0,5,90,0.8733333333333333
worm,worm:P34447,all_U,ipin_baseline,0,5,179,0.8659217877094972
worm,worm:P34447,all_U,ipin_optimized,0,5,179,0.8279329608938547
worm,worm:P34447,all_U,tuna_retrained,0,5,179,0.8759776536312849
worm,worm:O01530,background,ipin_baseline,1,4,88,0.7301136363636364
worm,worm:O01530,background,ipin_optimized,1,4,88,0.7073863636363636
worm,worm:O01530,background,tuna_retrained,1,4,88,0.5767045454545454
worm,worm:O01530,matched,ipin_baseline,1,4,85,0.6764705882352942
worm,worm:O01530,matched,ipin_optimized,1,4,85,0.6441176470588236
worm,worm:O01530,matched,tuna_retrained,1,4,85,0.5705882352941176
worm,worm:O01530,all_U,ipin_baseline,1,4,173,0.703757225433526
worm,worm:O01530,all_U,ipin_optimized,1,4,173,0.6763005780346821
worm,worm:O01530,all_U,tuna_retrained,1,4,173,0.5736994219653179
worm,worm:O44180,background,ipin_baseline,0,1,85,0.09411764705882353
worm,worm:O44180,background,ipin_baseline,1,1,15,0.3333333333333333
worm,worm:O44180,background,ipin_optimized,0,1,85,0.6
worm,worm:O44180,background,ipin_optimized,1,1,15,0.6
worm,worm:O44180,background,tuna_retrained,0,1,85,0.5764705882352941
worm,worm:O44180,background,tuna_retrained,1,1,15,0.0
worm,worm:O44180,matched,ipin_baseline,0,1,89,0.12359550561797752
worm,worm:O44180,matched,ipin_baseline,1,1,11,0.2727272727272727
worm,worm:O44180,matched,ipin_optimized,0,1,89,0.5393258426966292
worm,worm:O44180,matched,ipin_optimized,1,1,11,0.2727272727272727
worm,worm:O44180,matched,tuna_retrained,0,1,89,0.42696629213483145
worm,worm:O44180,matched,tuna_retrained,1,1,11,0.0
worm,worm:O44180,all_U,ipin_baseline,0,1,174,0.10919540229885058
worm,worm:O44180,all_U,ipin_baseline,1,1,26,0.3076923076923077
worm,worm:O44180,all_U,ipin_optimized,0,1,174,0.5689655172413793
worm,worm:O44180,all_U,ipin_optimized,1,1,26,0.46153846153846156
worm,worm:O44180,all_U,tuna_retrained,0,1,174,0.5
worm,worm:O44180,all_U,tuna_retrained,1,1,26,0.0
worm,worm:Q9XVF7,background,ipin_baseline,0,4,89,0.4943820224719101
worm,worm:Q9XVF7,background,ipin_baseline,1,1,11,1.0
worm,worm:Q9XVF7,background,ipin_optimized,0,4,89,0.5421348314606742
worm,worm:Q9XVF7,background,ipin_optimized,1,1,11,0.7272727272727273
worm,worm:Q9XVF7,background,tuna_retrained,0,4,89,0.5112359550561798
worm,worm:Q9XVF7,background,tuna_retrained,1,1,11,0.18181818181818182
worm,worm:Q9XVF7,matched,ipin_baseline,0,4,85,0.42058823529411765
worm,worm:Q9XVF7,matched,ipin_baseline,1,1,15,1.0
worm,worm:Q9XVF7,matched,ipin_optimized,0,4,85,0.48823529411764705
worm,worm:Q9XVF7,matched,ipin_optimized,1,1,15,0.5333333333333333
worm,worm:Q9XVF7,matched,tuna_retrained,0,4,85,0.4235294117647059
worm,worm:Q9XVF7,matched,tuna_retrained,1,1,15,0.4
worm,worm:Q9XVF7,all_U,ipin_baseline,0,4,174,0.4583333333333333
worm,worm:Q9XVF7,all_U,ipin_baseline,1,1,26,1.0
worm,worm:Q9XVF7,all_U,ipin_optimized,0,4,174,0.5158045977011494
worm,worm:Q9XVF7,all_U,ipin_optimized,1,1,26,0.6153846153846154
worm,worm:Q9XVF7,all_U,tuna_retrained,0,4,174,0.46839080459770116
worm,worm:Q9XVF7,all_U,tuna_retrained,1,1,26,0.3076923076923077
worm,worm:Q17561,background,ipin_baseline,0,2,95,0.25263157894736843
worm,worm:Q17561,background,ipin_optimized,0,2,95,0.5210526315789473
worm,worm:Q17561,background,tuna_retrained,0,2,95,0.7578947368421053
worm,worm:Q17561,matched,ipin_baseline,0,2,86,0.29651162790697677
worm,worm:Q17561,matched,ipin_optimized,0,2,86,0.4883720930232558
worm,worm:Q17561,matched,tuna_retrained,0,2,86,0.8372093023255814
worm,worm:Q17561,all_U,ipin_baseline,0,2,181,0.27348066298342544
worm,worm:Q17561,all_U,ipin_optimized,0,2,181,0.505524861878453
worm,worm:Q17561,all_U,tuna_retrained,0,2,181,0.7955801104972375
worm,worm:Q9XVS2,background,ipin_baseline,1,8,88,0.703125
worm,worm:Q9XVS2,background,ipin_baseline,2,2,12,0.375
worm,worm:Q9XVS2,background,ipin_optimized,1,8,88,0.7940340909090909
worm,worm:Q9XVS2,background,ipin_optimized,2,2,12,0.5833333333333334
worm,worm:Q9XVS2,background,tuna_retrained,1,8,88,0.7741477272727273
worm,worm:Q9XVS2,background,tuna_retrained,2,2,12,0.7083333333333334
worm,worm:Q9XVS2,matched,ipin_baseline,1,8,86,0.627906976744186
worm,worm:Q9XVS2,matched,ipin_baseline,2,2,14,0.35714285714285715
worm,worm:Q9XVS2,matched,ipin_optimized,1,8,86,0.7340116279069767
worm,worm:Q9XVS2,matched,ipin_optimized,2,2,14,0.5
worm,worm:Q9XVS2,matched,tuna_retrained,1,8,86,0.7558139534883721
worm,worm:Q9XVS2,matched,tuna_retrained,2,2,14,0.42857142857142855
worm,worm:Q9XVS2,all_U,ipin_baseline,1,8,174,0.665948275862069
worm,worm:Q9XVS2,all_U,ipin_baseline,2,2,26,0.36538461538461536
worm,worm:Q9XVS2,all_U,ipin_optimized,1,8,174,0.764367816091954
worm,worm:Q9XVS2,all_U,ipin_optimized,2,2,26,0.5384615384615384
worm,worm:Q9XVS2,all_U,tuna_retrained,1,8,174,0.7650862068965517
worm,worm:Q9XVS2,all_U,tuna_retrained,2,2,26,0.5576923076923077
worm,worm:Q9U2C9,background,ipin_baseline,0,3,84,0.6547619047619048
worm,worm:Q9U2C9,background,ipin_baseline,1,1,16,1.0
worm,worm:Q9U2C9,background,ipin_optimized,0,3,84,0.8412698412698413
worm,worm:Q9U2C9,background,ipin_optimized,1,1,16,1.0
worm,worm:Q9U2C9,background,tuna_retrained,0,3,84,0.8611111111111112
worm,worm:Q9U2C9,background,tuna_retrained,1,1,16,0.9375
worm,worm:Q9U2C9,matched,ipin_baseline,0,3,81,0.6172839506172839
worm,worm:Q9U2C9,matched,ipin_baseline,1,1,19,0.8421052631578947
worm,worm:Q9U2C9,matched,ipin_optimized,0,3,81,0.7489711934156379
worm,worm:Q9U2C9,matched,ipin_optimized,1,1,19,1.0
worm,worm:Q9U2C9,matched,tuna_retrained,0,3,81,0.8271604938271605
worm,worm:Q9U2C9,matched,tuna_retrained,1,1,19,0.8947368421052632
worm,worm:Q9U2C9,all_U,ipin_baseline,0,3,165,0.6363636363636364
worm,worm:Q9U2C9,all_U,ipin_baseline,1,1,35,0.9142857142857143
worm,worm:Q9U2C9,all_U,ipin_optimized,0,3,165,0.795959595959596
worm,worm:Q9U2C9,all_U,ipin_optimized,1,1,35,1.0
worm,worm:Q9U2C9,all_U,tuna_retrained,0,3,165,0.8444444444444444
worm,worm:Q9U2C9,all_U,tuna_retrained,1,1,35,0.9142857142857143
worm,worm:Q9TZ37,background,ipin_baseline,0,4,87,0.882183908045977
worm,worm:Q9TZ37,background,ipin_baseline,1,1,13,1.0
worm,worm:Q9TZ37,background,ipin_optimized,0,4,87,0.7931034482758621
worm,worm:Q9TZ37,background,ipin_optimized,1,1,13,1.0
worm,worm:Q9TZ37,background,tuna_retrained,0,4,87,0.8045977011494253
worm,worm:Q9TZ37,background,tuna_retrained,1,1,13,0.9230769230769231
worm,worm:Q9TZ37,matched,ipin_baseline,0,4,85,0.7911764705882353
worm,worm:Q9TZ37,matched,ipin_baseline,1,1,15,1.0
worm,worm:Q9TZ37,matched,ipin_optimized,0,4,85,0.7294117647058823
worm,worm:Q9TZ37,matched,ipin_optimized,1,1,15,1.0
worm,worm:Q9TZ37,matched,tuna_retrained,0,4,85,0.7529411764705882
worm,worm:Q9TZ37,matched,tuna_retrained,1,1,15,1.0
worm,worm:Q9TZ37,all_U,ipin_baseline,0,4,172,0.8372093023255814
worm,worm:Q9TZ37,all_U,ipin_baseline,1,1,28,1.0
worm,worm:Q9TZ37,all_U,ipin_optimized,0,4,172,0.7616279069767442
worm,worm:Q9TZ37,all_U,ipin_optimized,1,1,28,1.0
worm,worm:Q9TZ37,all_U,tuna_retrained,0,4,172,0.7790697674418605
worm,worm:Q9TZ37,all_U,tuna_retrained,1,1,28,0.9642857142857143
worm,worm:O45189,background,ipin_baseline,0,6,91,0.9816849816849816
worm,worm:O45189,background,ipin_optimized,0,6,91,0.9908424908424909
worm,worm:O45189,background,tuna_retrained,0,6,91,0.978021978021978
worm,worm:O45189,matched,ipin_baseline,0,6,82,0.9532520325203252
worm,worm:O45189,matched,ipin_optimized,0,6,82,0.9735772357723578
worm,worm:O45189,matched,tuna_retrained,0,6,82,0.9329268292682927
worm,worm:O45189,all_U,ipin_baseline,0,6,173,0.9682080924855492
worm,worm:O45189,all_U,ipin_optimized,0,6,173,0.9826589595375722
worm,worm:O45189,all_U,tuna_retrained,0,6,173,0.9566473988439307
worm,worm:O17586,background,ipin_baseline,1,3,85,0.788235294117647
worm,worm:O17586,background,ipin_baseline,2,3,15,0.9111111111111111
worm,worm:O17586,background,ipin_optimized,1,3,85,0.8627450980392157
worm,worm:O17586,background,ipin_optimized,2,3,15,0.8
worm,worm:O17586,background,tuna_retrained,1,3,85,0.5764705882352941
worm,worm:O17586,background,tuna_retrained,2,3,15,0.7333333333333333
worm,worm:O17586,matched,ipin_baseline,1,3,81,0.7119341563786008
worm,worm:O17586,matched,ipin_baseline,2,3,19,0.8596491228070176
worm,worm:O17586,matched,ipin_optimized,1,3,81,0.8888888888888888
worm,worm:O17586,matched,ipin_optimized,2,3,19,0.7894736842105263
worm,worm:O17586,matched,tuna_retrained,1,3,81,0.522633744855967
worm,worm:O17586,matched,tuna_retrained,2,3,19,0.6666666666666666
worm,worm:O17586,all_U,ipin_baseline,1,3,166,0.751004016064257
worm,worm:O17586,all_U,ipin_baseline,2,3,34,0.8823529411764706
worm,worm:O17586,all_U,ipin_optimized,1,3,166,0.8755020080321285
worm,worm:O17586,all_U,ipin_optimized,2,3,34,0.7941176470588235
worm,worm:O17586,all_U,tuna_retrained,1,3,166,0.5502008032128514
worm,worm:O17586,all_U,tuna_retrained,2,3,34,0.696078431372549
worm,worm:G5ED85,background,ipin_baseline,0,3,90,0.6703703703703704
worm,worm:G5ED85,background,ipin_optimized,0,3,90,0.43703703703703706
worm,worm:G5ED85,background,tuna_retrained,0,3,90,0.337037037037037
worm,worm:G5ED85,matched,ipin_baseline,0,3,80,0.5041666666666667
worm,worm:G5ED85,matched,ipin_optimized,0,3,80,0.35
worm,worm:G5ED85,matched,tuna_retrained,0,3,80,0.20416666666666666
worm,worm:G5ED85,all_U,ipin_baseline,0,3,170,0.592156862745098
worm,worm:G5ED85,all_U,ipin_optimized,0,3,170,0.396078431372549
worm,worm:G5ED85,all_U,tuna_retrained,0,3,170,0.27450980392156865
worm,worm:G5EFY5,background,ipin_baseline,0,3,90,0.14444444444444443
worm,worm:G5EFY5,background,ipin_optimized,0,3,90,0.15185185185185185
worm,worm:G5EFY5,background,tuna_retrained,0,3,90,0.5814814814814815
worm,worm:G5EFY5,matched,ipin_baseline,0,3,88,0.14772727272727273
worm,worm:G5EFY5,matched,ipin_optimized,0,3,88,0.12878787878787878
worm,worm:G5EFY5,matched,tuna_retrained,0,3,88,0.5037878787878788
worm,worm:G5EFY5,all_U,ipin_baseline,0,3,178,0.14606741573033707
worm,worm:G5EFY5,all_U,ipin_optimized,0,3,178,0.1404494382022472
worm,worm:G5EFY5,all_U,tuna_retrained,0,3,178,0.5430711610486891
worm,worm:P34682,background,ipin_baseline,0,2,88,0.5113636363636364
worm,worm:P34682,background,ipin_optimized,0,2,88,0.45454545454545453
worm,worm:P34682,background,tuna_retrained,0,2,88,0.4090909090909091
worm,worm:P34682,matched,ipin_baseline,0,2,84,0.3869047619047619
worm,worm:P34682,matched,ipin_optimized,0,2,84,0.38095238095238093
worm,worm:P34682,matched,tuna_retrained,0,2,84,0.4642857142857143
worm,worm:P34682,all_U,ipin_baseline,0,2,172,0.45058139534883723
worm,worm:P34682,all_U,ipin_optimized,0,2,172,0.4186046511627907
worm,worm:P34682,all_U,tuna_retrained,0,2,172,0.436046511627907
worm,worm:Q7JMA9,background,ipin_baseline,0,3,93,0.5985663082437276
worm,worm:Q7JMA9,background,ipin_optimized,0,3,93,0.6989247311827957
worm,worm:Q7JMA9,background,tuna_retrained,0,3,93,0.6989247311827957
worm,worm:Q7JMA9,matched,ipin_baseline,0,3,88,0.553030303030303
worm,worm:Q7JMA9,matched,ipin_optimized,0,3,88,0.7386363636363636
worm,worm:Q7JMA9,matched,tuna_retrained,0,3,88,0.8143939393939394
worm,worm:Q7JMA9,all_U,ipin_baseline,0,3,181,0.576427255985267
worm,worm:Q7JMA9,all_U,ipin_optimized,0,3,181,0.7182320441988951
worm,worm:Q7JMA9,all_U,tuna_retrained,0,3,181,0.7550644567219152
worm,worm:O44732,background,ipin_baseline,1,2,85,0.6588235294117647
worm,worm:O44732,background,ipin_optimized,1,2,85,0.6529411764705882
worm,worm:O44732,background,tuna_retrained,1,2,85,0.5058823529411764
worm,worm:O44732,matched,ipin_baseline,1,2,90,0.8222222222222222
worm,worm:O44732,matched,ipin_optimized,1,2,90,0.7944444444444444
worm,worm:O44732,matched,tuna_retrained,1,2,90,0.55
worm,worm:O44732,all_U,ipin_baseline,1,2,175,0.7428571428571429
worm,worm:O44732,all_U,ipin_optimized,1,2,175,0.7257142857142858
worm,worm:O44732,all_U,tuna_retrained,1,2,175,0.5285714285714286
worm,worm:Q9N3F7,background,ipin_baseline,0,2,85,0.6176470588235294
worm,worm:Q9N3F7,background,ipin_optimized,0,2,85,0.6352941176470588
worm,worm:Q9N3F7,background,tuna_retrained,0,2,85,0.7823529411764706
worm,worm:Q9N3F7,matched,ipin_baseline,0,2,82,0.6097560975609756
worm,worm:Q9N3F7,matched,ipin_optimized,0,2,82,0.5853658536585366
worm,worm:Q9N3F7,matched,tuna_retrained,0,2,82,0.725609756097561
worm,worm:Q9N3F7,all_U,ipin_baseline,0,2,167,0.6137724550898204
worm,worm:Q9N3F7,all_U,ipin_optimized,0,2,167,0.6107784431137725
worm,worm:Q9N3F7,all_U,tuna_retrained,0,2,167,0.7544910179640718
worm,worm:O17927,background,ipin_baseline,0,2,84,0.35714285714285715
worm,worm:O17927,background,ipin_optimized,0,2,84,0.5357142857142857
worm,worm:O17927,background,tuna_retrained,0,2,84,0.6011904761904762
worm,worm:O17927,matched,ipin_baseline,0,2,84,0.35714285714285715
worm,worm:O17927,matched,ipin_optimized,0,2,84,0.5
worm,worm:O17927,matched,tuna_retrained,0,2,84,0.4880952380952381
worm,worm:O17927,all_U,ipin_baseline,0,2,168,0.35714285714285715
worm,worm:O17927,all_U,ipin_optimized,0,2,168,0.5178571428571429
worm,worm:O17927,all_U,tuna_retrained,0,2,168,0.5446428571428571
worm,worm:P46502,background,ipin_baseline,0,1,91,0.978021978021978
worm,worm:P46502,background,ipin_baseline,1,1,9,0.1111111111111111
worm,worm:P46502,background,ipin_optimized,0,1,91,0.9120879120879121
worm,worm:P46502,background,ipin_optimized,1,1,9,0.2222222222222222
worm,worm:P46502,background,tuna_retrained,0,1,91,0.7032967032967034
worm,worm:P46502,background,tuna_retrained,1,1,9,0.2222222222222222
worm,worm:P46502,matched,ipin_baseline,0,1,77,0.8961038961038961
worm,worm:P46502,matched,ipin_baseline,1,1,23,0.13043478260869565
worm,worm:P46502,matched,ipin_optimized,0,1,77,0.8181818181818182
worm,worm:P46502,matched,ipin_optimized,1,1,23,0.21739130434782608
worm,worm:P46502,matched,tuna_retrained,0,1,77,0.6753246753246753
worm,worm:P46502,matched,tuna_retrained,1,1,23,0.391304347826087
worm,worm:P46502,all_U,ipin_baseline,0,1,168,0.9404761904761905
worm,worm:P46502,all_U,ipin_baseline,1,1,32,0.125
worm,worm:P46502,all_U,ipin_optimized,0,1,168,0.8690476190476191
worm,worm:P46502,all_U,ipin_optimized,1,1,32,0.21875
worm,worm:P46502,all_U,tuna_retrained,0,1,168,0.6904761904761905
worm,worm:P46502,all_U,tuna_retrained,1,1,32,0.34375
worm,worm:Q21127,background,ipin_baseline,0,7,88,0.4594155844155844
worm,worm:Q21127,background,ipin_baseline,1,2,12,0.625
worm,worm:Q21127,background,ipin_optimized,0,7,88,0.5925324675324676
worm,worm:Q21127,background,ipin_optimized,1,2,12,0.625
worm,worm:Q21127,background,tuna_retrained,0,7,88,0.4967532467532468
worm,worm:Q21127,background,tuna_retrained,1,2,12,0.4166666666666667
worm,worm:Q21127,matched,ipin_baseline,0,7,82,0.4651567944250871
worm,worm:Q21127,matched,ipin_baseline,1,2,18,0.5555555555555556
worm,worm:Q21127,matched,ipin_optimized,0,7,82,0.5609756097560976
worm,worm:Q21127,matched,ipin_optimized,1,2,18,0.4722222222222222
worm,worm:Q21127,matched,tuna_retrained,0,7,82,0.48606271777003485
worm,worm:Q21127,matched,tuna_retrained,1,2,18,0.3888888888888889
worm,worm:Q21127,all_U,ipin_baseline,0,7,170,0.46218487394957986
worm,worm:Q21127,all_U,ipin_baseline,1,2,30,0.5833333333333334
worm,worm:Q21127,all_U,ipin_optimized,0,7,170,0.5773109243697478
worm,worm:Q21127,all_U,ipin_optimized,1,2,30,0.5333333333333333
worm,worm:Q21127,all_U,tuna_retrained,0,7,170,0.49159663865546216
worm,worm:Q21127,all_U,tuna_retrained,1,2,30,0.4
worm,worm:O45799,background,ipin_baseline,1,9,88,0.6856060606060606
worm,worm:O45799,background,ipin_baseline,2,1,12,0.5833333333333334
worm,worm:O45799,background,ipin_optimized,1,9,88,0.6578282828282829
worm,worm:O45799,background,ipin_optimized,2,1,12,1.0
worm,worm:O45799,background,tuna_retrained,1,9,88,0.7525252525252525
worm,worm:O45799,background,tuna_retrained,2,1,12,0.9166666666666666
worm,worm:O45799,matched,ipin_baseline,1,9,80,0.6694444444444444
worm,worm:O45799,matched,ipin_baseline,2,1,20,0.7
worm,worm:O45799,matched,ipin_optimized,1,9,80,0.6291666666666667
worm,worm:O45799,matched,ipin_optimized,2,1,20,0.85
worm,worm:O45799,matched,tuna_retrained,1,9,80,0.6958333333333333
worm,worm:O45799,matched,tuna_retrained,2,1,20,0.9
worm,worm:O45799,all_U,ipin_baseline,1,9,168,0.6779100529100529
worm,worm:O45799,all_U,ipin_baseline,2,1,32,0.65625
worm,worm:O45799,all_U,ipin_optimized,1,9,168,0.6441798941798942
worm,worm:O45799,all_U,ipin_optimized,2,1,32,0.90625
worm,worm:O45799,all_U,tuna_retrained,1,9,168,0.7255291005291006
worm,worm:O45799,all_U,tuna_retrained,2,1,32,0.90625
worm,worm:Q9U2M8,background,ipin_baseline,0,4,88,0.5255681818181818
worm,worm:Q9U2M8,background,ipin_baseline,1,1,12,0.08333333333333333
worm,worm:Q9U2M8,background,ipin_optimized,0,4,88,0.48295454545454547
worm,worm:Q9U2M8,background,ipin_optimized,1,1,12,0.5
worm,worm:Q9U2M8,background,tuna_retrained,0,4,88,0.39488636363636365
worm,worm:Q9U2M8,background,tuna_retrained,1,1,12,0.0
worm,worm:Q9U2M8,matched,ipin_baseline,0,4,93,0.5806451612903226
worm,worm:Q9U2M8,matched,ipin_baseline,1,1,7,0.0
worm,worm:Q9U2M8,matched,ipin_optimized,0,4,93,0.553763440860215
worm,worm:Q9U2M8,matched,ipin_optimized,1,1,7,0.5714285714285714
worm,worm:Q9U2M8,matched,tuna_retrained,0,4,93,0.4032258064516129
worm,worm:Q9U2M8,matched,tuna_retrained,1,1,7,0.0
worm,worm:Q9U2M8,all_U,ipin_baseline,0,4,181,0.5538674033149171
worm,worm:Q9U2M8,all_U,ipin_baseline,1,1,19,0.05263157894736842
worm,worm:Q9U2M8,all_U,ipin_optimized,0,4,181,0.5193370165745856
worm,worm:Q9U2M8,all_U,ipin_optimized,1,1,19,0.5263157894736842
worm,worm:Q9U2M8,all_U,tuna_retrained,0,4,181,0.39917127071823205
worm,worm:Q9U2M8,all_U,tuna_retrained,1,1,19,0.0
worm,worm:Q9XVU2,background,ipin_baseline,0,3,89,0.7940074906367042
worm,worm:Q9XVU2,background,ipin_optimized,0,3,89,0.8014981273408239
worm,worm:Q9XVU2,background,tuna_retrained,0,3,89,0.6479400749063671
worm,worm:Q9XVU2,matched,ipin_baseline,0,3,93,0.8566308243727598
worm,worm:Q9XVU2,matched,ipin_optimized,0,3,93,0.8279569892473119
worm,worm:Q9XVU2,matched,tuna_retrained,0,3,93,0.6129032258064516
worm,worm:Q9XVU2,all_U,ipin_baseline,0,3,182,0.826007326007326
worm,worm:Q9XVU2,all_U,ipin_optimized,0,3,182,0.815018315018315
worm,worm:Q9XVU2,all_U,tuna_retrained,0,3,182,0.63003663003663
worm,worm:G5EFV8,background,ipin_baseline,0,9,92,0.8164251207729468
worm,worm:G5EFV8,background,ipin_baseline,1,1,8,0.625
worm,worm:G5EFV8,background,ipin_optimized,0,9,92,0.7789855072463768
worm,worm:G5EFV8,background,ipin_optimized,1,1,8,1.0
worm,worm:G5EFV8,background,tuna_retrained,0,9,92,0.8297101449275363
worm,worm:G5EFV8,background,tuna_retrained,1,1,8,1.0
worm,worm:G5EFV8,matched,ipin_baseline,0,9,86,0.7067183462532299
worm,worm:G5EFV8,matched,ipin_baseline,1,1,14,0.42857142857142855
worm,worm:G5EFV8,matched,ipin_optimized,0,9,86,0.6744186046511628
worm,worm:G5EFV8,matched,ipin_optimized,1,1,14,0.9285714285714286
worm,worm:G5EFV8,matched,tuna_retrained,0,9,86,0.7622739018087855
worm,worm:G5EFV8,matched,tuna_retrained,1,1,14,0.8571428571428571
worm,worm:G5EFV8,all_U,ipin_baseline,0,9,178,0.7634207240948814
worm,worm:G5EFV8,all_U,ipin_baseline,1,1,22,0.5
worm,worm:G5EFV8,all_U,ipin_optimized,0,9,178,0.7284644194756554
worm,worm:G5EFV8,all_U,ipin_optimized,1,1,22,0.9545454545454546
worm,worm:G5EFV8,all_U,tuna_retrained,0,9,178,0.7971285892634207
worm,worm:G5EFV8,all_U,tuna_retrained,1,1,22,0.9090909090909091
worm,worm:P53013,background,ipin_baseline,1,9,92,0.605072463768116
worm,worm:P53013,background,ipin_baseline,2,1,8,0.75
worm,worm:P53013,background,ipin_optimized,1,9,92,0.6727053140096618
worm,worm:P53013,background,ipin_optimized,2,1,8,0.875
worm,worm:P53013,background,tuna_retrained,1,9,92,0.6461352657004831
worm,worm:P53013,background,tuna_retrained,2,1,8,0.875
worm,worm:P53013,matched,ipin_baseline,1,9,83,0.48460508701472554
worm,worm:P53013,matched,ipin_baseline,2,1,17,0.7647058823529411
worm,worm:P53013,matched,ipin_optimized,1,9,83,0.6492637215528781
worm,worm:P53013,matched,ipin_optimized,2,1,17,1.0
worm,worm:P53013,matched,tuna_retrained,1,9,83,0.6157965194109772
worm,worm:P53013,matched,tuna_retrained,2,1,17,1.0
worm,worm:P53013,all_U,ipin_baseline,1,9,175,0.5479365079365079
worm,worm:P53013,all_U,ipin_baseline,2,1,25,0.76
worm,worm:P53013,all_U,ipin_optimized,1,9,175,0.6615873015873016
worm,worm:P53013,all_U,ipin_optimized,2,1,25,0.96
worm,worm:P53013,all_U,tuna_retrained,1,9,175,0.6317460317460317
worm,worm:P53013,all_U,tuna_retrained,2,1,25,0.96
worm,worm:Q9U3S8,background,ipin_baseline,0,10,85,0.6929411764705883
worm,worm:Q9U3S8,background,ipin_optimized,0,10,85,0.72
worm,worm:Q9U3S8,background,tuna_retrained,0,10,85,0.6823529411764706
worm,worm:Q9U3S8,matched,ipin_baseline,0,10,84,0.6785714285714286
worm,worm:Q9U3S8,matched,ipin_optimized,0,10,84,0.6785714285714286
worm,worm:Q9U3S8,matched,tuna_retrained,0,10,84,0.6738095238095239
worm,worm:Q9U3S8,all_U,ipin_baseline,0,10,169,0.6857988165680473
worm,worm:Q9U3S8,all_U,ipin_optimized,0,10,169,0.6994082840236686
worm,worm:Q9U3S8,all_U,tuna_retrained,0,10,169,0.6781065088757396
worm,worm:Q22289,background,ipin_baseline,0,10,90,0.6444444444444445
worm,worm:Q22289,background,ipin_optimized,0,10,90,0.6333333333333333
worm,worm:Q22289,background,tuna_retrained,0,10,90,0.6577777777777778
worm,worm:Q22289,matched,ipin_baseline,0,10,87,0.5459770114942529
worm,worm:Q22289,matched,ipin_optimized,0,10,87,0.593103448275862
worm,worm:Q22289,matched,tuna_retrained,0,10,87,0.674712643678161
worm,worm:Q22289,all_U,ipin_baseline,0,10,177,0.596045197740113
worm,worm:Q22289,all_U,ipin_optimized,0,10,177,0.6135593220338983
worm,worm:Q22289,all_U,tuna_retrained,0,10,177,0.6661016949152543
worm,worm:O17006,background,ipin_baseline,0,2,84,0.6190476190476191
worm,worm:O17006,background,ipin_optimized,0,2,84,0.8333333333333334
worm,worm:O17006,background,tuna_retrained,0,2,84,0.6428571428571429
worm,worm:O17006,matched,ipin_baseline,0,2,89,0.7191011235955056
worm,worm:O17006,matched,ipin_optimized,0,2,89,0.8595505617977528
worm,worm:O17006,matched,tuna_retrained,0,2,89,0.6741573033707865
worm,worm:O17006,all_U,ipin_baseline,0,2,173,0.6705202312138728
worm,worm:O17006,all_U,ipin_optimized,0,2,173,0.846820809248555
worm,worm:O17006,all_U,tuna_retrained,0,2,173,0.6589595375722543
worm,worm:Q17589,background,ipin_baseline,0,3,91,0.5714285714285714
worm,worm:Q17589,background,ipin_optimized,0,3,91,0.5567765567765568
worm,worm:Q17589,background,tuna_retrained,0,3,91,0.5897435897435898
worm,worm:Q17589,matched,ipin_baseline,0,3,79,0.48523206751054854
worm,worm:Q17589,matched,ipin_optimized,0,3,79,0.4767932489451477
worm,worm:Q17589,matched,tuna_retrained,0,3,79,0.6033755274261603
worm,worm:Q17589,all_U,ipin_baseline,0,3,170,0.5313725490196078
worm,worm:Q17589,all_U,ipin_optimized,0,3,170,0.5196078431372549
worm,worm:Q17589,all_U,tuna_retrained,0,3,170,0.596078431372549
worm,worm:Q20228,background,ipin_baseline,0,2,86,0.3488372093023256
worm,worm:Q20228,background,ipin_baseline,1,1,14,0.8571428571428571
worm,worm:Q20228,background,ipin_optimized,0,2,86,0.26744186046511625
worm,worm:Q20228,background,ipin_optimized,1,1,14,0.5714285714285714
worm,worm:Q20228,background,tuna_retrained,0,2,86,0.7848837209302325
worm,worm:Q20228,background,tuna_retrained,1,1,14,0.14285714285714285
worm,worm:Q20228,matched,ipin_baseline,0,2,84,0.25595238095238093
worm,worm:Q20228,matched,ipin_baseline,1,1,16,0.75
worm,worm:Q20228,matched,ipin_optimized,0,2,84,0.19047619047619047
worm,worm:Q20228,matched,ipin_optimized,1,1,16,0.5
worm,worm:Q20228,matched,tuna_retrained,0,2,84,0.7797619047619048
worm,worm:Q20228,matched,tuna_retrained,1,1,16,0.1875
worm,worm:Q20228,all_U,ipin_baseline,0,2,170,0.3029411764705882
worm,worm:Q20228,all_U,ipin_baseline,1,1,30,0.8
worm,worm:Q20228,all_U,ipin_optimized,0,2,170,0.22941176470588234
worm,worm:Q20228,all_U,ipin_optimized,1,1,30,0.5333333333333333
worm,worm:Q20228,all_U,tuna_retrained,0,2,170,0.7823529411764706
worm,worm:Q20228,all_U,tuna_retrained,1,1,30,0.16666666666666666
worm,worm:Q21636,background,ipin_baseline,0,2,87,0.9942528735632183
worm,worm:Q21636,background,ipin_baseline,1,1,13,1.0
worm,worm:Q21636,background,ipin_optimized,0,2,87,0.9655172413793104
worm,worm:Q21636,background,ipin_optimized,1,1,13,0.9230769230769231
worm,worm:Q21636,background,tuna_retrained,0,2,87,0.9770114942528736
worm,worm:Q21636,background,tuna_retrained,1,1,13,1.0
worm,worm:Q21636,matched,ipin_baseline,0,2,83,0.9819277108433735
worm,worm:Q21636,matched,ipin_baseline,1,1,17,1.0
worm,worm:Q21636,matched,ipin_optimized,0,2,83,0.9819277108433735
worm,worm:Q21636,matched,ipin_optimized,1,1,17,1.0
worm,worm:Q21636,matched,tuna_retrained,0,2,83,0.9337349397590361
worm,worm:Q21636,matched,tuna_retrained,1,1,17,0.8823529411764706
worm,worm:Q21636,all_U,ipin_baseline,0,2,170,0.9882352941176471
worm,worm:Q21636,all_U,ipin_baseline,1,1,30,1.0
worm,worm:Q21636,all_U,ipin_optimized,0,2,170,0.9735294117647059
worm,worm:Q21636,all_U,ipin_optimized,1,1,30,0.9666666666666667
worm,worm:Q21636,all_U,tuna_retrained,0,2,170,0.9558823529411765
worm,worm:Q21636,all_U,tuna_retrained,1,1,30,0.9333333333333333
worm,worm:O45784,background,ipin_baseline,0,10,89,0.6831460674157304
worm,worm:O45784,background,ipin_optimized,0,10,89,0.7
worm,worm:O45784,background,tuna_retrained,0,10,89,0.7730337078651686
worm,worm:O45784,matched,ipin_baseline,0,10,85,0.6764705882352942
worm,worm:O45784,matched,ipin_optimized,0,10,85,0.6905882352941176
worm,worm:O45784,matched,tuna_retrained,0,10,85,0.7541176470588236
worm,worm:O45784,all_U,ipin_baseline,0,10,174,0.6798850574712644
worm,worm:O45784,all_U,ipin_optimized,0,10,174,0.6954022988505747
worm,worm:O45784,all_U,tuna_retrained,0,10,174,0.7637931034482759
worm,worm:Q9TYT3,background,ipin_baseline,0,1,88,0.42045454545454547
worm,worm:Q9TYT3,background,ipin_baseline,1,1,12,1.0
worm,worm:Q9TYT3,background,ipin_optimized,0,1,88,0.32954545454545453
worm,worm:Q9TYT3,background,ipin_optimized,1,1,12,0.9166666666666666
worm,worm:Q9TYT3,background,tuna_retrained,0,1,88,0.5227272727272727
worm,worm:Q9TYT3,background,tuna_retrained,1,1,12,0.9166666666666666
worm,worm:Q9TYT3,matched,ipin_baseline,0,1,87,0.26436781609195403
worm,worm:Q9TYT3,matched,ipin_baseline,1,1,13,0.9230769230769231
worm,worm:Q9TYT3,matched,ipin_optimized,0,1,87,0.14942528735632185
worm,worm:Q9TYT3,matched,ipin_optimized,1,1,13,0.9230769230769231
worm,worm:Q9TYT3,matched,tuna_retrained,0,1,87,0.4482758620689655
worm,worm:Q9TYT3,matched,tuna_retrained,1,1,13,0.8461538461538461
worm,worm:Q9TYT3,all_U,ipin_baseline,0,1,175,0.34285714285714286
worm,worm:Q9TYT3,all_U,ipin_baseline,1,1,25,0.96
worm,worm:Q9TYT3,all_U,ipin_optimized,0,1,175,0.24
worm,worm:Q9TYT3,all_U,ipin_optimized,1,1,25,0.92
worm,worm:Q9TYT3,all_U,tuna_retrained,0,1,175,0.4857142857142857
worm,worm:Q9TYT3,all_U,tuna_retrained,1,1,25,0.88
worm,worm:O01456,background,ipin_baseline,0,2,91,0.5604395604395604
worm,worm:O01456,background,ipin_optimized,0,2,91,0.3626373626373626
worm,worm:O01456,background,tuna_retrained,0,2,91,0.38461538461538464
worm,worm:O01456,matched,ipin_baseline,0,2,83,0.4879518072289157
worm,worm:O01456,matched,ipin_optimized,0,2,83,0.3795180722891566
worm,worm:O01456,matched,tuna_retrained,0,2,83,0.536144578313253
worm,worm:O01456,all_U,ipin_baseline,0,2,174,0.5258620689655172
worm,worm:O01456,all_U,ipin_optimized,0,2,174,0.3706896551724138
worm,worm:O01456,all_U,tuna_retrained,0,2,174,0.45689655172413796
worm,worm:P06125,background,ipin_baseline,0,1,80,0.9625
worm,worm:P06125,background,ipin_baseline,1,1,20,0.2
worm,worm:P06125,background,ipin_optimized,0,1,80,0.75
worm,worm:P06125,background,ipin_optimized,1,1,20,0.15
worm,worm:P06125,background,tuna_retrained,0,1,80,0.6625
worm,worm:P06125,background,tuna_retrained,1,1,20,0.5
worm,worm:P06125,matched,ipin_baseline,0,1,86,0.9418604651162791
worm,worm:P06125,matched,ipin_baseline,1,1,14,0.0
worm,worm:P06125,matched,ipin_optimized,0,1,86,0.7790697674418605
worm,worm:P06125,matched,ipin_optimized,1,1,14,0.14285714285714285
worm,worm:P06125,matched,tuna_retrained,0,1,86,0.6627906976744186
worm,worm:P06125,matched,tuna_retrained,1,1,14,0.5714285714285714
worm,worm:P06125,all_U,ipin_baseline,0,1,166,0.9518072289156626
worm,worm:P06125,all_U,ipin_baseline,1,1,34,0.11764705882352941
worm,worm:P06125,all_U,ipin_optimized,0,1,166,0.7650602409638554
worm,worm:P06125,all_U,ipin_optimized,1,1,34,0.14705882352941177
worm,worm:P06125,all_U,tuna_retrained,0,1,166,0.6626506024096386
worm,worm:P06125,all_U,tuna_retrained,1,1,34,0.5294117647058824
worm,worm:P18948,background,ipin_baseline,0,4,91,0.7582417582417582
worm,worm:P18948,background,ipin_optimized,0,4,91,0.6153846153846154
worm,worm:P18948,background,tuna_retrained,0,4,91,0.6098901098901099
worm,worm:P18948,matched,ipin_baseline,0,4,83,0.7259036144578314
worm,worm:P18948,matched,ipin_optimized,0,4,83,0.5813253012048193
worm,worm:P18948,matched,tuna_retrained,0,4,83,0.6114457831325302
worm,worm:P18948,all_U,ipin_baseline,0,4,174,0.742816091954023
worm,worm:P18948,all_U,ipin_optimized,0,4,174,0.5991379310344828
worm,worm:P18948,all_U,tuna_retrained,0,4,174,0.610632183908046
yeast,yeast:Q02767,background,ipin_baseline,1,1,90,0.3111111111111111
yeast,yeast:Q02767,background,ipin_baseline,2,1,10,0.7
yeast,yeast:Q02767,background,ipin_optimized,1,1,90,0.26666666666666666
yeast,yeast:Q02767,background,ipin_optimized,2,1,10,1.0
yeast,yeast:Q02767,background,tuna_retrained,1,1,90,0.7111111111111111
yeast,yeast:Q02767,background,tuna_retrained,2,1,10,1.0
yeast,yeast:Q02767,matched,ipin_baseline,1,1,89,0.23595505617977527
yeast,yeast:Q02767,matched,ipin_baseline,2,1,11,0.7272727272727273
yeast,yeast:Q02767,matched,ipin_optimized,1,1,89,0.29213483146067415
yeast,yeast:Q02767,matched,ipin_optimized,2,1,11,0.8181818181818182
yeast,yeast:Q02767,matched,tuna_retrained,1,1,89,0.7303370786516854
yeast,yeast:Q02767,matched,tuna_retrained,2,1,11,1.0
yeast,yeast:Q02767,all_U,ipin_baseline,1,1,179,0.2737430167597765
yeast,yeast:Q02767,all_U,ipin_baseline,2,1,21,0.7142857142857143
yeast,yeast:Q02767,all_U,ipin_optimized,1,1,179,0.27932960893854747
yeast,yeast:Q02767,all_U,ipin_optimized,2,1,21,0.9047619047619048
yeast,yeast:Q02767,all_U,tuna_retrained,1,1,179,0.7206703910614525
yeast,yeast:Q02767,all_U,tuna_retrained,2,1,21,1.0
yeast,yeast:Q03558,background,ipin_baseline,1,2,5,0.7
yeast,yeast:Q03558,background,ipin_optimized,1,2,5,0.5
yeast,yeast:Q03558,background,tuna_retrained,1,2,5,0.3
yeast,yeast:Q03558,matched,ipin_baseline,1,2,7,0.42857142857142855
yeast,yeast:Q03558,matched,ipin_optimized,1,2,7,0.42857142857142855
yeast,yeast:Q03558,matched,tuna_retrained,1,2,7,0.2857142857142857
yeast,yeast:Q03558,all_U,ipin_baseline,1,2,12,0.5416666666666666
yeast,yeast:Q03558,all_U,ipin_optimized,1,2,12,0.4583333333333333
yeast,yeast:Q03558,all_U,tuna_retrained,1,2,12,0.2916666666666667
yeast,yeast:Q12200,background,ipin_baseline,1,2,5,1.0
yeast,yeast:Q12200,background,ipin_optimized,1,2,5,1.0
yeast,yeast:Q12200,background,tuna_retrained,1,2,5,0.6
yeast,yeast:Q12200,matched,ipin_baseline,1,2,12,0.9166666666666666
yeast,yeast:Q12200,matched,ipin_optimized,1,2,12,0.8333333333333334
yeast,yeast:Q12200,matched,tuna_retrained,1,2,12,0.625
yeast,yeast:Q12200,all_U,ipin_baseline,1,2,17,0.9411764705882353
yeast,yeast:Q12200,all_U,ipin_optimized,1,2,17,0.8823529411764706
yeast,yeast:Q12200,all_U,tuna_retrained,1,2,17,0.6176470588235294
yeast,yeast:Q03323,background,ipin_baseline,0,4,92,0.5190217391304348
yeast,yeast:Q03323,background,ipin_baseline,1,1,8,1.0
yeast,yeast:Q03323,background,ipin_optimized,0,4,92,0.45652173913043476
yeast,yeast:Q03323,background,ipin_optimized,1,1,8,1.0
yeast,yeast:Q03323,background,tuna_retrained,0,4,92,0.6385869565217391
yeast,yeast:Q03323,background,tuna_retrained,1,1,8,0.75
yeast,yeast:Q03323,matched,ipin_baseline,0,4,94,0.4574468085106383
yeast,yeast:Q03323,matched,ipin_baseline,1,1,6,1.0
yeast,yeast:Q03323,matched,ipin_optimized,0,4,94,0.425531914893617
yeast,yeast:Q03323,matched,ipin_optimized,1,1,6,1.0
yeast,yeast:Q03323,matched,tuna_retrained,0,4,94,0.6356382978723404
yeast,yeast:Q03323,matched,tuna_retrained,1,1,6,0.8333333333333334
yeast,yeast:Q03323,all_U,ipin_baseline,0,4,186,0.4879032258064516
yeast,yeast:Q03323,all_U,ipin_baseline,1,1,14,1.0
yeast,yeast:Q03323,all_U,ipin_optimized,0,4,186,0.44086021505376344
yeast,yeast:Q03323,all_U,ipin_optimized,1,1,14,1.0
yeast,yeast:Q03323,all_U,tuna_retrained,0,4,186,0.6370967741935484
yeast,yeast:Q03323,all_U,tuna_retrained,1,1,14,0.7857142857142857
yeast,yeast:Q12418,background,ipin_baseline,0,4,95,0.4763157894736842
yeast,yeast:Q12418,background,ipin_optimized,0,4,95,0.7789473684210526
yeast,yeast:Q12418,background,tuna_retrained,0,4,95,0.8184210526315789
yeast,yeast:Q12418,matched,ipin_baseline,0,4,96,0.4921875
yeast,yeast:Q12418,matched,ipin_optimized,0,4,96,0.8125
yeast,yeast:Q12418,matched,tuna_retrained,0,4,96,0.8411458333333334
yeast,yeast:Q12418,all_U,ipin_baseline,0,4,191,0.48429319371727747
yeast,yeast:Q12418,all_U,ipin_optimized,0,4,191,0.7958115183246073
yeast,yeast:Q12418,all_U,tuna_retrained,0,4,191,0.8298429319371727
yeast,yeast:P38166,background,ipin_baseline,0,2,96,0.4947916666666667
yeast,yeast:P38166,background,ipin_optimized,0,2,96,0.4739583333333333
yeast,yeast:P38166,background,tuna_retrained,0,2,96,0.17708333333333334
yeast,yeast:P38166,matched,ipin_baseline,0,2,94,0.48404255319148937
yeast,yeast:P38166,matched,ipin_optimized,0,2,94,0.4787234042553192
yeast,yeast:P38166,matched,tuna_retrained,0,2,94,0.21808510638297873
yeast,yeast:P38166,all_U,ipin_baseline,0,2,190,0.48947368421052634
yeast,yeast:P38166,all_U,ipin_optimized,0,2,190,0.4763157894736842
yeast,yeast:P38166,all_U,tuna_retrained,0,2,190,0.19736842105263158
yeast,yeast:P38862,background,ipin_baseline,0,5,89,0.4853932584269663
yeast,yeast:P38862,background,ipin_baseline,1,1,11,0.9090909090909091
yeast,yeast:P38862,background,ipin_optimized,0,5,89,0.5146067415730337
yeast,yeast:P38862,background,ipin_optimized,1,1,11,1.0
yeast,yeast:P38862,background,tuna_retrained,0,5,89,0.6089887640449438
yeast,yeast:P38862,background,tuna_retrained,1,1,11,0.2727272727272727
yeast,yeast:P38862,matched,ipin_baseline,0,5,89,0.45617977528089887
yeast,yeast:P38862,matched,ipin_baseline,1,1,11,1.0
yeast,yeast:P38862,matched,ipin_optimized,0,5,89,0.48764044943820223
yeast,yeast:P38862,matched,ipin_optimized,1,1,11,1.0
yeast,yeast:P38862,matched,tuna_retrained,0,5,89,0.5955056179775281
yeast,yeast:P38862,matched,tuna_retrained,1,1,11,0.45454545454545453
yeast,yeast:P38862,all_U,ipin_baseline,0,5,178,0.4707865168539326
yeast,yeast:P38862,all_U,ipin_baseline,1,1,22,0.9545454545454546
yeast,yeast:P38862,all_U,ipin_optimized,0,5,178,0.501123595505618
yeast,yeast:P38862,all_U,ipin_optimized,1,1,22,1.0
yeast,yeast:P38862,all_U,tuna_retrained,0,5,178,0.6022471910112359
yeast,yeast:P38862,all_U,tuna_retrained,1,1,22,0.36363636363636365
yeast,yeast:Q03790,background,ipin_baseline,0,7,93,0.6267281105990783
yeast,yeast:Q03790,background,ipin_optimized,0,7,93,0.6620583717357911
yeast,yeast:Q03790,background,tuna_retrained,0,7,93,0.5529953917050692
yeast,yeast:Q03790,matched,ipin_baseline,0,7,91,0.6514913657770801
yeast,yeast:Q03790,matched,ipin_optimized,0,7,91,0.706436420722135
yeast,yeast:Q03790,matched,tuna_retrained,0,7,91,0.5259026687598116
yeast,yeast:Q03790,all_U,ipin_baseline,0,7,184,0.6389751552795031
yeast,yeast:Q03790,all_U,ipin_optimized,0,7,184,0.6840062111801242
yeast,yeast:Q03790,all_U,tuna_retrained,0,7,184,0.5395962732919255
yeast,yeast:P00635,background,ipin_baseline,0,3,89,0.7153558052434457
yeast,yeast:P00635,background,ipin_optimized,0,3,89,0.8127340823970037
yeast,yeast:P00635,background,tuna_retrained,0,3,89,0.7752808988764045
yeast,yeast:P00635,matched,ipin_baseline,0,3,91,0.7545787545787546
yeast,yeast:P00635,matched,ipin_optimized,0,3,91,0.8461538461538461
yeast,yeast:P00635,matched,tuna_retrained,0,3,91,0.8644688644688645
yeast,yeast:P00635,all_U,ipin_baseline,0,3,180,0.7351851851851852
yeast,yeast:P00635,all_U,ipin_optimized,0,3,180,0.8296296296296296
yeast,yeast:P00635,all_U,tuna_retrained,0,3,180,0.8203703703703704
yeast,yeast:P19454,background,ipin_baseline,1,4,94,0.550531914893617
yeast,yeast:P19454,background,ipin_baseline,2,2,6,0.75
yeast,yeast:P19454,background,ipin_optimized,1,4,94,0.5425531914893617
yeast,yeast:P19454,background,ipin_optimized,2,2,6,0.8333333333333334
yeast,yeast:P19454,background,tuna_retrained,1,4,94,0.6595744680851063
yeast,yeast:P19454,background,tuna_retrained,2,2,6,0.8333333333333334
yeast,yeast:P19454,matched,ipin_baseline,1,4,90,0.5388888888888889
yeast,yeast:P19454,matched,ipin_baseline,2,2,10,0.6
yeast,yeast:P19454,matched,ipin_optimized,1,4,90,0.525
yeast,yeast:P19454,matched,ipin_optimized,2,2,10,0.75
yeast,yeast:P19454,matched,tuna_retrained,1,4,90,0.6361111111111111
yeast,yeast:P19454,matched,tuna_retrained,2,2,10,0.75
yeast,yeast:P19454,all_U,ipin_baseline,1,4,184,0.5448369565217391
yeast,yeast:P19454,all_U,ipin_baseline,2,2,16,0.65625
yeast,yeast:P19454,all_U,ipin_optimized,1,4,184,0.5339673913043478
yeast,yeast:P19454,all_U,ipin_optimized,2,2,16,0.78125
yeast,yeast:P19454,all_U,tuna_retrained,1,4,184,0.6480978260869565
yeast,yeast:P19454,all_U,tuna_retrained,2,2,16,0.78125
yeast,yeast:P07274,background,ipin_baseline,0,1,91,0.17582417582417584
yeast,yeast:P07274,background,ipin_baseline,1,2,9,0.6111111111111112
yeast,yeast:P07274,background,ipin_optimized,0,1,91,0.25274725274725274
yeast,yeast:P07274,background,ipin_optimized,1,2,9,0.8888888888888888
yeast,yeast:P07274,background,tuna_retrained,0,1,91,0.6043956043956044
yeast,yeast:P07274,background,tuna_retrained,1,2,9,0.9444444444444444
yeast,yeast:P07274,matched,ipin_baseline,0,1,90,0.14444444444444443
yeast,yeast:P07274,matched,ipin_baseline,1,2,10,0.75
yeast,yeast:P07274,matched,ipin_optimized,0,1,90,0.2111111111111111
yeast,yeast:P07274,matched,ipin_optimized,1,2,10,0.95
yeast,yeast:P07274,matched,tuna_retrained,0,1,90,0.5
yeast,yeast:P07274,matched,tuna_retrained,1,2,10,1.0
yeast,yeast:P07274,all_U,ipin_baseline,0,1,181,0.16022099447513813
yeast,yeast:P07274,all_U,ipin_baseline,1,2,19,0.6842105263157895
yeast,yeast:P07274,all_U,ipin_optimized,0,1,181,0.23204419889502761
yeast,yeast:P07274,all_U,ipin_optimized,1,2,19,0.9210526315789473
yeast,yeast:P07274,all_U,tuna_retrained,0,1,181,0.5524861878453039
yeast,yeast:P07274,all_U,tuna_retrained,1,2,19,0.9736842105263158
yeast,yeast:Q12208,background,ipin_baseline,0,6,94,0.6099290780141844
yeast,yeast:Q12208,background,ipin_optimized,0,6,94,0.7163120567375887
yeast,yeast:Q12208,background,tuna_retrained,0,6,94,0.6436170212765957
yeast,yeast:Q12208,matched,ipin_baseline,0,6,87,0.6015325670498084
yeast,yeast:Q12208,matched,ipin_optimized,0,6,87,0.7260536398467433
yeast,yeast:Q12208,matched,tuna_retrained,0,6,87,0.6226053639846744
yeast,yeast:Q12208,all_U,ipin_baseline,0,6,181,0.6058931860036832
yeast,yeast:Q12208,all_U,ipin_optimized,0,6,181,0.7209944751381215
yeast,yeast:Q12208,all_U,tuna_retrained,0,6,181,0.6335174953959485
yeast,yeast:P22289,background,ipin_baseline,0,1,94,0.5319148936170213
yeast,yeast:P22289,background,ipin_baseline,1,1,6,0.0
yeast,yeast:P22289,background,ipin_optimized,0,1,94,0.7659574468085106
yeast,yeast:P22289,background,ipin_optimized,1,1,6,0.16666666666666666
yeast,yeast:P22289,background,tuna_retrained,0,1,94,0.2765957446808511
yeast,yeast:P22289,background,tuna_retrained,1,1,6,0.16666666666666666
yeast,yeast:P22289,matched,ipin_baseline,0,1,93,0.5806451612903226
yeast,yeast:P22289,matched,ipin_baseline,1,1,7,0.2857142857142857
yeast,yeast:P22289,matched,ipin_optimized,0,1,93,0.8387096774193549
yeast,yeast:P22289,matched,ipin_optimized,1,1,7,0.2857142857142857
yeast,yeast:P22289,matched,tuna_retrained,0,1,93,0.17204301075268819
yeast,yeast:P22289,matched,tuna_retrained,1,1,7,0.5714285714285714
yeast,yeast:P22289,all_U,ipin_baseline,0,1,187,0.5561497326203209
yeast,yeast:P22289,all_U,ipin_baseline,1,1,13,0.15384615384615385
yeast,yeast:P22289,all_U,ipin_optimized,0,1,187,0.8021390374331551
yeast,yeast:P22289,all_U,ipin_optimized,1,1,13,0.23076923076923078
yeast,yeast:P22289,all_U,tuna_retrained,0,1,187,0.22459893048128343
yeast,yeast:P22289,all_U,tuna_retrained,1,1,13,0.38461538461538464
yeast,yeast:P38130,background,ipin_baseline,0,5,89,0.4786516853932584
yeast,yeast:P38130,background,ipin_baseline,1,1,11,0.18181818181818182
yeast,yeast:P38130,background,ipin_optimized,0,5,89,0.5775280898876405
yeast,yeast:P38130,background,ipin_optimized,1,1,11,0.0
yeast,yeast:P38130,background,tuna_retrained,0,5,89,0.43820224719101125
yeast,yeast:P38130,background,tuna_retrained,1,1,11,0.5454545454545454
yeast,yeast:P38130,matched,ipin_baseline,0,5,88,0.5613636363636364
yeast,yeast:P38130,matched,ipin_baseline,1,1,12,0.4166666666666667
yeast,yeast:P38130,matched,ipin_optimized,0,5,88,0.6136363636363636
yeast,yeast:P38130,matched,ipin_optimized,1,1,12,0.08333333333333333
yeast,yeast:P38130,matched,tuna_retrained,0,5,88,0.5590909090909091
yeast,yeast:P38130,matched,tuna_retrained,1,1,12,0.3333333333333333
yeast,yeast:P38130,all_U,ipin_baseline,0,5,177,0.519774011299435
yeast,yeast:P38130,all_U,ipin_baseline,1,1,23,0.30434782608695654
yeast,yeast:P38130,all_U,ipin_optimized,0,5,177,0.5954802259887005
yeast,yeast:P38130,all_U,ipin_optimized,1,1,23,0.043478260869565216
yeast,yeast:P38130,all_U,tuna_retrained,0,5,177,0.49830508474576274
yeast,yeast:P38130,all_U,tuna_retrained,1,1,23,0.43478260869565216
yeast,yeast:Q12527,background,ipin_baseline,0,10,94,0.6127659574468085
yeast,yeast:Q12527,background,ipin_optimized,0,10,94,0.6191489361702127
yeast,yeast:Q12527,background,tuna_retrained,0,10,94,0.6138297872340426
yeast,yeast:Q12527,matched,ipin_baseline,0,10,93,0.678494623655914
yeast,yeast:Q12527,matched,ipin_optimized,0,10,93,0.6591397849462366
yeast,yeast:Q12527,matched,tuna_retrained,0,10,93,0.6397849462365591
yeast,yeast:Q12527,all_U,ipin_baseline,0,10,187,0.6454545454545455
yeast,yeast:Q12527,all_U,ipin_optimized,0,10,187,0.6390374331550802
yeast,yeast:Q12527,all_U,tuna_retrained,0,10,187,0.6267379679144385
yeast,yeast:Q12334,background,ipin_baseline,0,3,94,0.40070921985815605
yeast,yeast:Q12334,background,ipin_optimized,0,3,94,0.4148936170212766
yeast,yeast:Q12334,background,tuna_retrained,0,3,94,0.3262411347517731
yeast,yeast:Q12334,matched,ipin_baseline,0,3,93,0.5089605734767025
yeast,yeast:Q12334,matched,ipin_optimized,0,3,93,0.5555555555555556
yeast,yeast:Q12334,matched,tuna_retrained,0,3,93,0.40860215053763443
yeast,yeast:Q12334,all_U,ipin_baseline,0,3,187,0.45454545454545453
yeast,yeast:Q12334,all_U,ipin_optimized,0,3,187,0.48484848484848486
yeast,yeast:Q12334,all_U,tuna_retrained,0,3,187,0.3672014260249554
yeast,yeast:P32833,background,ipin_baseline,0,6,95,0.8192982456140351
yeast,yeast:P32833,background,ipin_optimized,0,6,95,0.8333333333333334
yeast,yeast:P32833,background,tuna_retrained,0,6,95,0.7929824561403509
yeast,yeast:P32833,matched,ipin_baseline,0,6,92,0.8188405797101449
yeast,yeast:P32833,matched,ipin_optimized,0,6,92,0.7880434782608695
yeast,yeast:P32833,matched,tuna_retrained,0,6,92,0.8297101449275363
yeast,yeast:P32833,all_U,ipin_baseline,0,6,187,0.8190730837789661
yeast,yeast:P32833,all_U,ipin_optimized,0,6,187,0.8110516934046346
yeast,yeast:P32833,all_U,tuna_retrained,0,6,187,0.8110516934046346
yeast,yeast:P46983,background,ipin_baseline,0,3,93,0.46953405017921146
yeast,yeast:P46983,background,ipin_optimized,0,3,93,0.5089605734767025
yeast,yeast:P46983,background,tuna_retrained,0,3,93,0.7849462365591398
yeast,yeast:P46983,matched,ipin_baseline,0,3,94,0.5957446808510638
yeast,yeast:P46983,matched,ipin_optimized,0,3,94,0.624113475177305
yeast,yeast:P46983,matched,tuna_retrained,0,3,94,0.8085106382978723
yeast,yeast:P46983,all_U,ipin_baseline,0,3,187,0.5329768270944741
yeast,yeast:P46983,all_U,ipin_optimized,0,3,187,0.5668449197860963
yeast,yeast:P46983,all_U,tuna_retrained,0,3,187,0.7967914438502673
yeast,yeast:P39529,background,ipin_baseline,0,2,94,0.5531914893617021
yeast,yeast:P39529,background,ipin_optimized,0,2,94,0.75
yeast,yeast:P39529,background,tuna_retrained,0,2,94,0.7978723404255319
yeast,yeast:P39529,matched,ipin_baseline,0,2,88,0.6590909090909091
yeast,yeast:P39529,matched,ipin_optimized,0,2,88,0.7954545454545454
yeast,yeast:P39529,matched,tuna_retrained,0,2,88,0.7613636363636364
yeast,yeast:P39529,all_U,ipin_baseline,0,2,182,0.6043956043956044
yeast,yeast:P39529,all_U,ipin_optimized,0,2,182,0.771978021978022
yeast,yeast:P39529,all_U,tuna_retrained,0,2,182,0.7802197802197802
yeast,yeast:Q3E792,background,ipin_baseline,0,2,92,1.0
yeast,yeast:Q3E792,background,ipin_optimized,0,2,92,0.9565217391304348
yeast,yeast:Q3E792,background,tuna_retrained,0,2,92,0.8804347826086957
yeast,yeast:Q3E792,matched,ipin_baseline,0,2,94,0.9840425531914894
yeast,yeast:Q3E792,matched,ipin_optimized,0,2,94,0.9202127659574468
yeast,yeast:Q3E792,matched,tuna_retrained,0,2,94,0.9361702127659575
yeast,yeast:Q3E792,all_U,ipin_baseline,0,2,186,0.9919354838709677
yeast,yeast:Q3E792,all_U,ipin_optimized,0,2,186,0.9381720430107527
yeast,yeast:Q3E792,all_U,tuna_retrained,0,2,186,0.9086021505376344
yeast,yeast:P29469,background,ipin_baseline,1,7,97,0.8114874815905744
yeast,yeast:P29469,background,ipin_baseline,2,2,3,0.6666666666666666
yeast,yeast:P29469,background,ipin_optimized,1,7,97,0.7761413843888071
yeast,yeast:P29469,background,ipin_optimized,2,2,3,1.0
yeast,yeast:P29469,background,tuna_retrained,1,7,97,0.7231222385861561
yeast,yeast:P29469,background,tuna_retrained,2,2,3,0.8333333333333334
yeast,yeast:P29469,matched,ipin_baseline,1,7,92,0.7003105590062112
yeast,yeast:P29469,matched,ipin_baseline,2,2,8,0.8125
yeast,yeast:P29469,matched,ipin_optimized,1,7,92,0.6444099378881988
yeast,yeast:P29469,matched,ipin_optimized,2,2,8,1.0
yeast,yeast:P29469,matched,tuna_retrained,1,7,92,0.6583850931677019
yeast,yeast:P29469,matched,tuna_retrained,2,2,8,0.875
yeast,yeast:P29469,all_U,ipin_baseline,1,7,189,0.7573696145124716
yeast,yeast:P29469,all_U,ipin_baseline,2,2,11,0.7727272727272727
yeast,yeast:P29469,all_U,ipin_optimized,1,7,189,0.7120181405895691
yeast,yeast:P29469,all_U,ipin_optimized,2,2,11,1.0
yeast,yeast:P29469,all_U,tuna_retrained,1,7,189,0.691609977324263
yeast,yeast:P29469,all_U,tuna_retrained,2,2,11,0.8636363636363636
yeast,yeast:P53969,background,ipin_baseline,0,1,95,0.7052631578947368
yeast,yeast:P53969,background,ipin_baseline,1,1,5,0.6
yeast,yeast:P53969,background,ipin_optimized,0,1,95,0.8631578947368421
yeast,yeast:P53969,background,ipin_optimized,1,1,5,0.2
yeast,yeast:P53969,background,tuna_retrained,0,1,95,0.49473684210526314
yeast,yeast:P53969,background,tuna_retrained,1,1,5,0.4
yeast,yeast:P53969,matched,ipin_baseline,0,1,87,0.6551724137931034
yeast,yeast:P53969,matched,ipin_baseline,1,1,13,0.7692307692307693
yeast,yeast:P53969,matched,ipin_optimized,0,1,87,0.896551724137931
yeast,yeast:P53969,matched,ipin_optimized,1,1,13,0.23076923076923078
yeast,yeast:P53969,matched,tuna_retrained,0,1,87,0.4942528735632184
yeast,yeast:P53969,matched,tuna_retrained,1,1,13,0.3076923076923077
yeast,yeast:P53969,all_U,ipin_baseline,0,1,182,0.6813186813186813
yeast,yeast:P53969,all_U,ipin_baseline,1,1,18,0.7222222222222222
yeast,yeast:P53969,all_U,ipin_optimized,0,1,182,0.8791208791208791
yeast,yeast:P53969,all_U,ipin_optimized,1,1,18,0.2222222222222222
yeast,yeast:P53969,all_U,tuna_retrained,0,1,182,0.4945054945054945
yeast,yeast:P53969,all_U,tuna_retrained,1,1,18,0.3333333333333333
yeast,yeast:Q02555,background,ipin_baseline,0,1,92,0.043478260869565216
yeast,yeast:Q02555,background,ipin_baseline,1,1,8,0.75
yeast,yeast:Q02555,background,ipin_optimized,0,1,92,0.03260869565217391
yeast,yeast:Q02555,background,ipin_optimized,1,1,8,0.375
yeast,yeast:Q02555,background,tuna_retrained,0,1,92,0.08695652173913043
yeast,yeast:Q02555,background,tuna_retrained,1,1,8,0.125
yeast,yeast:Q02555,matched,ipin_baseline,0,1,93,0.08602150537634409
yeast,yeast:Q02555,matched,ipin_baseline,1,1,7,0.8571428571428571
yeast,yeast:Q02555,matched,ipin_optimized,0,1,93,0.06451612903225806
yeast,yeast:Q02555,matched,ipin_optimized,1,1,7,0.7142857142857143
yeast,yeast:Q02555,matched,tuna_retrained,0,1,93,0.10752688172043011
yeast,yeast:Q02555,matched,tuna_retrained,1,1,7,0.0
yeast,yeast:Q02555,all_U,ipin_baseline,0,1,185,0.06486486486486487
yeast,yeast:Q02555,all_U,ipin_baseline,1,1,15,0.8
yeast,yeast:Q02555,all_U,ipin_optimized,0,1,185,0.04864864864864865
yeast,yeast:Q02555,all_U,ipin_optimized,1,1,15,0.5333333333333333
yeast,yeast:Q02555,all_U,tuna_retrained,0,1,185,0.0972972972972973
yeast,yeast:Q02555,all_U,tuna_retrained,1,1,15,0.06666666666666667
yeast,yeast:P53035,background,ipin_baseline,0,7,92,0.5186335403726708
yeast,yeast:P53035,background,ipin_optimized,0,7,92,0.5496894409937888
yeast,yeast:P53035,background,tuna_retrained,0,7,92,0.6164596273291926
yeast,yeast:P53035,matched,ipin_baseline,0,7,94,0.4635258358662614
yeast,yeast:P53035,matched,ipin_optimized,0,7,94,0.46808510638297873
yeast,yeast:P53035,matched,tuna_retrained,0,7,94,0.6367781155015197
yeast,yeast:P53035,all_U,ipin_baseline,0,7,186,0.49078341013824883
yeast,yeast:P53035,all_U,ipin_optimized,0,7,186,0.5084485407066052
yeast,yeast:P53035,all_U,tuna_retrained,0,7,186,0.6267281105990783
yeast,yeast:P32500,background,ipin_baseline,0,4,92,0.41847826086956524
yeast,yeast:P32500,background,ipin_optimized,0,4,92,0.5407608695652174
yeast,yeast:P32500,background,tuna_retrained,0,4,92,0.6168478260869565
yeast,yeast:P32500,matched,ipin_baseline,0,4,97,0.4587628865979381
yeast,yeast:P32500,matched,ipin_optimized,0,4,97,0.5309278350515464
yeast,yeast:P32500,matched,tuna_retrained,0,4,97,0.729381443298969
yeast,yeast:P32500,all_U,ipin_baseline,0,4,189,0.43915343915343913
yeast,yeast:P32500,all_U,ipin_optimized,0,4,189,0.5357142857142857
yeast,yeast:P32500,all_U,tuna_retrained,0,4,189,0.6746031746031746
yeast,yeast:P47083,background,ipin_baseline,0,8,94,0.6914893617021277
yeast,yeast:P47083,background,ipin_baseline,1,2,6,0.75
yeast,yeast:P47083,background,ipin_optimized,0,8,94,0.8789893617021277
yeast,yeast:P47083,background,ipin_optimized,1,2,6,1.0
yeast,yeast:P47083,background,tuna_retrained,0,8,94,0.7446808510638298
yeast,yeast:P47083,background,tuna_retrained,1,2,6,1.0
yeast,yeast:P47083,matched,ipin_baseline,0,8,95,0.7723684210526316
yeast,yeast:P47083,matched,ipin_baseline,1,2,5,0.3
yeast,yeast:P47083,matched,ipin_optimized,0,8,95,0.8907894736842106
yeast,yeast:P47083,matched,ipin_optimized,1,2,5,0.7
yeast,yeast:P47083,matched,tuna_retrained,0,8,95,0.7526315789473684
yeast,yeast:P47083,matched,tuna_retrained,1,2,5,1.0
yeast,yeast:P47083,all_U,ipin_baseline,0,8,189,0.7321428571428571
yeast,yeast:P47083,all_U,ipin_baseline,1,2,11,0.5454545454545454
yeast,yeast:P47083,all_U,ipin_optimized,0,8,189,0.8849206349206349
yeast,yeast:P47083,all_U,ipin_optimized,1,2,11,0.8636363636363636
yeast,yeast:P47083,all_U,tuna_retrained,0,8,189,0.7486772486772487
yeast,yeast:P47083,all_U,tuna_retrained,1,2,11,1.0
yeast,yeast:P38249,background,ipin_baseline,0,2,97,0.8092783505154639
yeast,yeast:P38249,background,ipin_optimized,0,2,97,0.8762886597938144
yeast,yeast:P38249,background,tuna_retrained,0,2,97,0.654639175257732
yeast,yeast:P38249,matched,ipin_baseline,0,2,94,0.7819148936170213
yeast,yeast:P38249,matched,ipin_optimized,0,2,94,0.8404255319148937
yeast,yeast:P38249,matched,tuna_retrained,0,2,94,0.601063829787234
yeast,yeast:P38249,all_U,ipin_baseline,0,2,191,0.7958115183246073
yeast,yeast:P38249,all_U,ipin_optimized,0,2,191,0.8586387434554974
yeast,yeast:P38249,all_U,tuna_retrained,0,2,191,0.6282722513089005
yeast,yeast:P38770,background,ipin_baseline,0,2,96,0.5989583333333334
yeast,yeast:P38770,background,ipin_optimized,0,2,96,0.8125
yeast,yeast:P38770,background,tuna_retrained,0,2,96,0.7083333333333334
yeast,yeast:P38770,matched,ipin_baseline,0,2,92,0.7391304347826086
yeast,yeast:P38770,matched,ipin_optimized,0,2,92,0.9021739130434783
yeast,yeast:P38770,matched,tuna_retrained,0,2,92,0.8858695652173914
yeast,yeast:P38770,all_U,ipin_baseline,0,2,188,0.6675531914893617
yeast,yeast:P38770,all_U,ipin_optimized,0,2,188,0.8563829787234043
yeast,yeast:P38770,all_U,tuna_retrained,0,2,188,0.7952127659574468
yeast,yeast:P38753,background,ipin_baseline,0,2,96,0.8854166666666666
yeast,yeast:P38753,background,ipin_optimized,0,2,96,0.8333333333333334
yeast,yeast:P38753,background,tuna_retrained,0,2,96,0.9947916666666666
yeast,yeast:P38753,matched,ipin_baseline,0,2,98,0.8316326530612245
yeast,yeast:P38753,matched,ipin_optimized,0,2,98,0.7704081632653061
yeast,yeast:P38753,matched,tuna_retrained,0,2,98,0.8826530612244898
yeast,yeast:P38753,all_U,ipin_baseline,0,2,194,0.8582474226804123
yeast,yeast:P38753,all_U,ipin_optimized,0,2,194,0.8015463917525774
yeast,yeast:P38753,all_U,tuna_retrained,0,2,194,0.9381443298969072
yeast,yeast:P38071,background,ipin_baseline,0,1,92,0.22826086956521738
yeast,yeast:P38071,background,ipin_baseline,1,1,8,0.5
yeast,yeast:P38071,background,ipin_optimized,0,1,92,0.5543478260869565
yeast,yeast:P38071,background,ipin_optimized,1,1,8,0.25
yeast,yeast:P38071,background,tuna_retrained,0,1,92,0.5434782608695652
yeast,yeast:P38071,background,tuna_retrained,1,1,8,0.125
yeast,yeast:P38071,matched,ipin_baseline,0,1,91,0.2857142857142857
yeast,yeast:P38071,matched,ipin_baseline,1,1,9,0.5555555555555556
yeast,yeast:P38071,matched,ipin_optimized,0,1,91,0.5384615384615384
yeast,yeast:P38071,matched,ipin_optimized,1,1,9,0.2222222222222222
yeast,yeast:P38071,matched,tuna_retrained,0,1,91,0.5714285714285714
yeast,yeast:P38071,matched,tuna_retrained,1,1,9,0.3333333333333333
yeast,yeast:P38071,all_U,ipin_baseline,0,1,183,0.2568306010928962
yeast,yeast:P38071,all_U,ipin_baseline,1,1,17,0.5294117647058824
yeast,yeast:P38071,all_U,ipin_optimized,0,1,183,0.546448087431694
yeast,yeast:P38071,all_U,ipin_optimized,1,1,17,0.23529411764705882
yeast,yeast:P38071,all_U,tuna_retrained,0,1,183,0.5573770491803278
yeast,yeast:P38071,all_U,tuna_retrained,1,1,17,0.23529411764705882
yeast,yeast:Q06628,background,ipin_baseline,0,6,92,0.6213768115942029
yeast,yeast:Q06628,background,ipin_baseline,1,1,8,0.75
yeast,yeast:Q06628,background,ipin_optimized,0,6,92,0.6666666666666666
yeast,yeast:Q06628,background,ipin_optimized,1,1,8,0.625
yeast,yeast:Q06628,background,tuna_retrained,0,6,92,0.7608695652173914
yeast,yeast:Q06628,background,tuna_retrained,1,1,8,1.0
yeast,yeast:Q06628,matched,ipin_baseline,0,6,92,0.6123188405797102
yeast,yeast:Q06628,matched,ipin_baseline,1,1,8,0.625
yeast,yeast:Q06628,matched,ipin_optimized,0,6,92,0.657608695652174
yeast,yeast:Q06628,matched,ipin_optimized,1,1,8,0.625
yeast,yeast:Q06628,matched,tuna_retrained,0,6,92,0.6666666666666666
yeast,yeast:Q06628,matched,tuna_retrained,1,1,8,0.75
yeast,yeast:Q06628,all_U,ipin_baseline,0,6,184,0.6168478260869565
yeast,yeast:Q06628,all_U,ipin_baseline,1,1,16,0.6875
yeast,yeast:Q06628,all_U,ipin_optimized,0,6,184,0.6621376811594203
yeast,yeast:Q06628,all_U,ipin_optimized,1,1,16,0.625
yeast,yeast:Q06628,all_U,tuna_retrained,0,6,184,0.7137681159420289
yeast,yeast:Q06628,all_U,tuna_retrained,1,1,16,0.875
yeast,yeast:P15790,background,ipin_baseline,1,9,92,0.4577294685990338
yeast,yeast:P15790,background,ipin_baseline,2,1,8,1.0
yeast,yeast:P15790,background,ipin_optimized,1,9,92,0.5942028985507246
yeast,yeast:P15790,background,ipin_optimized,2,1,8,1.0
yeast,yeast:P15790,background,tuna_retrained,1,9,92,0.45652173913043476
yeast,yeast:P15790,background,tuna_retrained,2,1,8,1.0
yeast,yeast:P15790,matched,ipin_baseline,1,9,87,0.44699872286079184
yeast,yeast:P15790,matched,ipin_baseline,2,1,13,1.0
yeast,yeast:P15790,matched,ipin_optimized,1,9,87,0.5900383141762452
yeast,yeast:P15790,matched,ipin_optimized,2,1,13,1.0
yeast,yeast:P15790,matched,tuna_retrained,1,9,87,0.454661558109834
yeast,yeast:P15790,matched,tuna_retrained,2,1,13,1.0
yeast,yeast:P15790,all_U,ipin_baseline,1,9,179,0.45251396648044695
yeast,yeast:P15790,all_U,ipin_baseline,2,1,21,1.0
yeast,yeast:P15790,all_U,ipin_optimized,1,9,179,0.5921787709497207
yeast,yeast:P15790,all_U,ipin_optimized,2,1,21,1.0
yeast,yeast:P15790,all_U,tuna_retrained,1,9,179,0.45561762880198636
yeast,yeast:P15790,all_U,tuna_retrained,2,1,21,1.0
yeast,yeast:P53583,background,ipin_baseline,0,3,93,0.2007168458781362
yeast,yeast:P53583,background,ipin_optimized,0,3,93,0.2903225806451613
yeast,yeast:P53583,background,tuna_retrained,0,3,93,0.4229390681003584
yeast,yeast:P53583,matched,ipin_baseline,0,3,89,0.21348314606741572
yeast,yeast:P53583,matched,ipin_optimized,0,3,89,0.32209737827715357
yeast,yeast:P53583,matched,tuna_retrained,0,3,89,0.40823970037453183
yeast,yeast:P53583,all_U,ipin_baseline,0,3,182,0.20695970695970695
yeast,yeast:P53583,all_U,ipin_optimized,0,3,182,0.3058608058608059
yeast,yeast:P53583,all_U,tuna_retrained,0,3,182,0.4157509157509158
yeast,yeast:Q04401,background,ipin_baseline,0,3,93,0.2867383512544803
yeast,yeast:Q04401,background,ipin_optimized,0,3,93,0.5017921146953405
yeast,yeast:Q04401,background,tuna_retrained,0,3,93,0.48028673835125446
yeast,yeast:Q04401,matched,ipin_baseline,0,3,88,0.2537878787878788
yeast,yeast:Q04401,matched,ipin_optimized,0,3,88,0.4090909090909091
yeast,yeast:Q04401,matched,tuna_retrained,0,3,88,0.4318181818181818
yeast,yeast:Q04401,all_U,ipin_baseline,0,3,181,0.27071823204419887
yeast,yeast:Q04401,all_U,ipin_optimized,0,3,181,0.4567219152854512
yeast,yeast:Q04401,all_U,tuna_retrained,0,3,181,0.4567219152854512
yeast,yeast:Q07500,background,ipin_baseline,0,2,95,0.6736842105263158
yeast,yeast:Q07500,background,ipin_optimized,0,2,95,0.5526315789473685
yeast,yeast:Q07500,background,tuna_retrained,0,2,95,0.7736842105263158
yeast,yeast:Q07500,matched,ipin_baseline,0,2,99,0.5656565656565656
yeast,yeast:Q07500,matched,ipin_optimized,0,2,99,0.5505050505050505
yeast,yeast:Q07500,matched,tuna_retrained,0,2,99,0.6666666666666666
yeast,yeast:Q07500,all_U,ipin_baseline,0,2,194,0.6185567010309279
yeast,yeast:Q07500,all_U,ipin_optimized,0,2,194,0.5515463917525774
yeast,yeast:Q07500,all_U,tuna_retrained,0,2,194,0.7190721649484536
yeast,yeast:P47050,background,ipin_baseline,0,4,92,0.5842391304347826
yeast,yeast:P47050,background,ipin_baseline,1,1,8,0.25
yeast,yeast:P47050,background,ipin_optimized,0,4,92,0.6114130434782609
yeast,yeast:P47050,background,ipin_optimized,1,1,8,0.125
yeast,yeast:P47050,background,tuna_retrained,0,4,92,0.6005434782608695
yeast,yeast:P47050,background,tuna_retrained,1,1,8,0.0
yeast,yeast:P47050,matched,ipin_baseline,0,4,92,0.6793478260869565
yeast,yeast:P47050,matched,ipin_baseline,1,1,8,0.375
yeast,yeast:P47050,matched,ipin_optimized,0,4,92,0.6630434782608695
yeast,yeast:P47050,matched,ipin_optimized,1,1,8,0.125
yeast,yeast:P47050,matched,tuna_retrained,0,4,92,0.6195652173913043
yeast,yeast:P47050,matched,tuna_retrained,1,1,8,0.0
yeast,yeast:P47050,all_U,ipin_baseline,0,4,184,0.6317934782608695
yeast,yeast:P47050,all_U,ipin_baseline,1,1,16,0.3125
yeast,yeast:P47050,all_U,ipin_optimized,0,4,184,0.6372282608695652
yeast,yeast:P47050,all_U,ipin_optimized,1,1,16,0.125
yeast,yeast:P47050,all_U,tuna_retrained,0,4,184,0.6100543478260869
yeast,yeast:P47050,all_U,tuna_retrained,1,1,16,0.0
yeast,yeast:P40454,background,ipin_baseline,0,6,92,0.8134057971014492
yeast,yeast:P40454,background,ipin_baseline,1,1,8,0.5
yeast,yeast:P40454,background,ipin_optimized,0,6,92,0.7663043478260869
yeast,yeast:P40454,background,ipin_optimized,1,1,8,1.0
yeast,yeast:P40454,background,tuna_retrained,0,6,92,0.5869565217391305
yeast,yeast:P40454,background,tuna_retrained,1,1,8,0.875
yeast,yeast:P40454,matched,ipin_baseline,0,6,92,0.8532608695652174
yeast,yeast:P40454,matched,ipin_baseline,1,1,8,1.0
yeast,yeast:P40454,matched,ipin_optimized,0,6,92,0.75
yeast,yeast:P40454,matched,ipin_optimized,1,1,8,1.0
yeast,yeast:P40454,matched,tuna_retrained,0,6,92,0.6105072463768116
yeast,yeast:P40454,matched,tuna_retrained,1,1,8,1.0
yeast,yeast:P40454,all_U,ipin_baseline,0,6,184,0.8333333333333334
yeast,yeast:P40454,all_U,ipin_baseline,1,1,16,0.75
yeast,yeast:P40454,all_U,ipin_optimized,0,6,184,0.7581521739130435
yeast,yeast:P40454,all_U,ipin_optimized,1,1,16,1.0
yeast,yeast:P40454,all_U,tuna_retrained,0,6,184,0.5987318840579711
yeast,yeast:P40454,all_U,tuna_retrained,1,1,16,0.9375
yeast,yeast:P15315,background,ipin_baseline,0,6,93,0.45340501792114696
yeast,yeast:P15315,background,ipin_baseline,1,2,7,0.2857142857142857
yeast,yeast:P15315,background,ipin_optimized,0,6,93,0.46953405017921146
yeast,yeast:P15315,background,ipin_optimized,1,2,7,0.2857142857142857
yeast,yeast:P15315,background,tuna_retrained,0,6,93,0.6738351254480287
yeast,yeast:P15315,background,tuna_retrained,1,2,7,0.8571428571428571
yeast,yeast:P15315,matched,ipin_baseline,0,6,93,0.45340501792114696
yeast,yeast:P15315,matched,ipin_baseline,1,2,7,0.5714285714285714
yeast,yeast:P15315,matched,ipin_optimized,0,6,93,0.4910394265232975
yeast,yeast:P15315,matched,ipin_optimized,1,2,7,0.42857142857142855
yeast,yeast:P15315,matched,tuna_retrained,0,6,93,0.7114695340501792
yeast,yeast:P15315,matched,tuna_retrained,1,2,7,0.9285714285714286
yeast,yeast:P15315,all_U,ipin_baseline,0,6,186,0.45340501792114696
yeast,yeast:P15315,all_U,ipin_baseline,1,2,14,0.42857142857142855
yeast,yeast:P15315,all_U,ipin_optimized,0,6,186,0.48028673835125446
yeast,yeast:P15315,all_U,ipin_optimized,1,2,14,0.35714285714285715
yeast,yeast:P15315,all_U,tuna_retrained,0,6,186,0.692652329749104
yeast,yeast:P15315,all_U,tuna_retrained,1,2,14,0.8928571428571429
yeast,yeast:P21825,background,ipin_baseline,0,8,92,0.7092391304347826
yeast,yeast:P21825,background,ipin_baseline,1,2,8,0.6875
yeast,yeast:P21825,background,ipin_optimized,0,8,92,0.779891304347826
yeast,yeast:P21825,background,ipin_optimized,1,2,8,0.9375
yeast,yeast:P21825,background,tuna_retrained,0,8,92,0.8654891304347826
yeast,yeast:P21825,background,tuna_retrained,1,2,8,0.9375
yeast,yeast:P21825,matched,ipin_baseline,0,8,92,0.7296195652173914
yeast,yeast:P21825,matched,ipin_baseline,1,2,8,0.6875
yeast,yeast:P21825,matched,ipin_optimized,0,8,92,0.8057065217391305
yeast,yeast:P21825,matched,ipin_optimized,1,2,8,0.875
yeast,yeast:P21825,matched,tuna_retrained,0,8,92,0.873641304347826
yeast,yeast:P21825,matched,tuna_retrained,1,2,8,0.9375
yeast,yeast:P21825,all_U,ipin_baseline,0,8,184,0.7194293478260869
yeast,yeast:P21825,all_U,ipin_baseline,1,2,16,0.6875
yeast,yeast:P21825,all_U,ipin_optimized,0,8,184,0.7927989130434783
yeast,yeast:P21825,all_U,ipin_optimized,1,2,16,0.90625
yeast,yeast:P21825,all_U,tuna_retrained,0,8,184,0.8695652173913043
yeast,yeast:P21825,all_U,tuna_retrained,1,2,16,0.9375
yeast,yeast:P25337,background,ipin_baseline,1,3,90,0.6592592592592592
yeast,yeast:P25337,background,ipin_optimized,1,3,90,0.6962962962962963
yeast,yeast:P25337,background,tuna_retrained,1,3,90,0.6888888888888889
yeast,yeast:P25337,matched,ipin_baseline,1,3,93,0.6917562724014337
yeast,yeast:P25337,matched,ipin_optimized,1,3,93,0.6630824372759857
yeast,yeast:P25337,matched,tuna_retrained,1,3,93,0.7168458781362007
yeast,yeast:P25337,all_U,ipin_baseline,1,3,183,0.6757741347905283
yeast,yeast:P25337,all_U,ipin_optimized,1,3,183,0.6794171220400729
yeast,yeast:P25337,all_U,tuna_retrained,1,3,183,0.7030965391621129
yeast,yeast:P39958,background,ipin_baseline,0,1,93,0.0
yeast,yeast:P39958,background,ipin_baseline,1,9,7,0.20634920634920634
yeast,yeast:P39958,background,ipin_optimized,0,1,93,0.10752688172043011
yeast,yeast:P39958,background,ipin_optimized,1,9,7,0.0
yeast,yeast:P39958,background,tuna_retrained,0,1,93,0.3548387096774194
yeast,yeast:P39958,background,tuna_retrained,1,9,7,0.14285714285714285
yeast,yeast:P39958,matched,ipin_baseline,0,1,87,0.0
yeast,yeast:P39958,matched,ipin_baseline,1,9,13,0.23076923076923078
yeast,yeast:P39958,matched,ipin_optimized,0,1,87,0.12643678160919541
yeast,yeast:P39958,matched,ipin_optimized,1,9,13,0.07692307692307693
yeast,yeast:P39958,matched,tuna_retrained,0,1,87,0.3218390804597701
yeast,yeast:P39958,matched,tuna_retrained,1,9,13,0.1794871794871795
yeast,yeast:P39958,all_U,ipin_baseline,0,1,180,0.0
yeast,yeast:P39958,all_U,ipin_baseline,1,9,20,0.2222222222222222
yeast,yeast:P39958,all_U,ipin_optimized,0,1,180,0.11666666666666667
yeast,yeast:P39958,all_U,ipin_optimized,1,9,20,0.05
yeast,yeast:P39958,all_U,tuna_retrained,0,1,180,0.3388888888888889
yeast,yeast:P39958,all_U,tuna_retrained,1,9,20,0.16666666666666666
yeast,yeast:P40187,background,ipin_baseline,0,2,96,0.8333333333333334
yeast,yeast:P40187,background,ipin_optimized,0,2,96,0.890625
yeast,yeast:P40187,background,tuna_retrained,0,2,96,0.9010416666666666
yeast,yeast:P40187,matched,ipin_baseline,0,2,92,0.8858695652173914
yeast,yeast:P40187,matched,ipin_optimized,0,2,92,0.9130434782608695
yeast,yeast:P40187,matched,tuna_retrained,0,2,92,0.9565217391304348
yeast,yeast:P40187,all_U,ipin_baseline,0,2,188,0.8590425531914894
yeast,yeast:P40187,all_U,ipin_optimized,0,2,188,0.901595744680851
yeast,yeast:P40187,all_U,tuna_retrained,0,2,188,0.9281914893617021
yeast,yeast:P40554,background,ipin_baseline,0,3,95,0.6631578947368421
yeast,yeast:P40554,background,ipin_optimized,0,3,95,0.44912280701754387
yeast,yeast:P40554,background,tuna_retrained,0,3,95,0.7052631578947368
yeast,yeast:P40554,matched,ipin_baseline,0,3,90,0.7037037037037037
yeast,yeast:P40554,matched,ipin_optimized,0,3,90,0.43333333333333335
yeast,yeast:P40554,matched,tuna_retrained,0,3,90,0.7074074074074074
yeast,yeast:P40554,all_U,ipin_baseline,0,3,185,0.6828828828828829
yeast,yeast:P40554,all_U,ipin_optimized,0,3,185,0.44144144144144143
yeast,yeast:P40554,all_U,tuna_retrained,0,3,185,0.7063063063063063
yeast,yeast:P50946,background,ipin_baseline,0,3,94,0.9042553191489362
yeast,yeast:P50946,background,ipin_optimized,0,3,94,0.8971631205673759
yeast,yeast:P50946,background,tuna_retrained,0,3,94,0.8723404255319149
yeast,yeast:P50946,matched,ipin_baseline,0,3,91,0.9560439560439561
yeast,yeast:P50946,matched,ipin_optimized,0,3,91,0.9304029304029304
yeast,yeast:P50946,matched,tuna_retrained,0,3,91,0.9340659340659341
yeast,yeast:P50946,all_U,ipin_baseline,0,3,185,0.9297297297297298
yeast,yeast:P50946,all_U,ipin_optimized,0,3,185,0.9135135135135135
yeast,yeast:P50946,all_U,tuna_retrained,0,3,185,0.9027027027027027
yeast,yeast:P25453,background,ipin_baseline,1,3,92,0.3115942028985507
yeast,yeast:P25453,background,ipin_baseline,2,1,8,1.0
yeast,yeast:P25453,background,ipin_optimized,1,3,92,0.5108695652173914
yeast,yeast:P25453,background,ipin_optimized,2,1,8,0.875
yeast,yeast:P25453,background,tuna_retrained,1,3,92,0.5
yeast,yeast:P25453,background,tuna_retrained,2,1,8,0.125
yeast,yeast:P25453,matched,ipin_baseline,1,3,92,0.3333333333333333
yeast,yeast:P25453,matched,ipin_baseline,2,1,8,0.625
yeast,yeast:P25453,matched,ipin_optimized,1,3,92,0.5579710144927537
yeast,yeast:P25453,matched,ipin_optimized,2,1,8,0.25
yeast,yeast:P25453,matched,tuna_retrained,1,3,92,0.4855072463768116
yeast,yeast:P25453,matched,tuna_retrained,2,1,8,0.125
yeast,yeast:P25453,all_U,ipin_baseline,1,3,184,0.322463768115942
yeast,yeast:P25453,all_U,ipin_baseline,2,1,16,0.8125
yeast,yeast:P25453,all_U,ipin_optimized,1,3,184,0.5344202898550725
yeast,yeast:P25453,all_U,ipin_optimized,2,1,16,0.5625
yeast,yeast:P25453,all_U,tuna_retrained,1,3,184,0.4927536231884058
yeast,yeast:P25453,all_U,tuna_retrained,2,1,16,0.125
yeast,yeast:P25343,background,ipin_baseline,0,4,95,0.65
yeast,yeast:P25343,background,ipin_baseline,1,1,5,0.2
yeast,yeast:P25343,background,ipin_optimized,0,4,95,0.7578947368421053
yeast,yeast:P25343,background,ipin_optimized,1,1,5,0.4
yeast,yeast:P25343,background,tuna_retrained,0,4,95,0.7763157894736842
yeast,yeast:P25343,background,tuna_retrained,1,1,5,0.2
yeast,yeast:P25343,matched,ipin_baseline,0,4,96,0.6848958333333334
yeast,yeast:P25343,matched,ipin_baseline,1,1,4,0.5
yeast,yeast:P25343,matched,ipin_optimized,0,4,96,0.7630208333333334
yeast,yeast:P25343,matched,ipin_optimized,1,1,4,0.5
yeast,yeast:P25343,matched,tuna_retrained,0,4,96,0.8151041666666666
yeast,yeast:P25343,matched,tuna_retrained,1,1,4,0.75
yeast,yeast:P25343,all_U,ipin_baseline,0,4,191,0.6675392670157068
yeast,yeast:P25343,all_U,ipin_baseline,1,1,9,0.3333333333333333
yeast,yeast:P25343,all_U,ipin_optimized,0,4,191,0.7604712041884817
yeast,yeast:P25343,all_U,ipin_optimized,1,1,9,0.4444444444444444
yeast,yeast:P25343,all_U,tuna_retrained,0,4,191,0.7958115183246073
yeast,yeast:P25343,all_U,tuna_retrained,1,1,9,0.4444444444444444
yeast,yeast:P37366,background,ipin_baseline,0,2,96,0.4114583333333333
yeast,yeast:P37366,background,ipin_baseline,1,2,4,0.75
yeast,yeast:P37366,background,ipin_optimized,0,2,96,0.3958333333333333
yeast,yeast:P37366,background,ipin_optimized,1,2,4,0.875
yeast,yeast:P37366,background,tuna_retrained,0,2,96,0.40625
yeast,yeast:P37366,background,tuna_retrained,1,2,4,1.0
yeast,yeast:P37366,matched,ipin_baseline,0,2,89,0.3595505617977528
yeast,yeast:P37366,matched,ipin_baseline,1,2,11,0.5
yeast,yeast:P37366,matched,ipin_optimized,0,2,89,0.37640449438202245
yeast,yeast:P37366,matched,ipin_optimized,1,2,11,0.8636363636363636
yeast,yeast:P37366,matched,tuna_retrained,0,2,89,0.38764044943820225
yeast,yeast:P37366,matched,tuna_retrained,1,2,11,0.9090909090909091
yeast,yeast:P37366,all_U,ipin_baseline,0,2,185,0.3864864864864865
yeast,yeast:P37366,all_U,ipin_baseline,1,2,15,0.5666666666666667
yeast,yeast:P37366,all_U,ipin_optimized,0,2,185,0.3864864864864865
yeast,yeast:P37366,all_U,ipin_optimized,1,2,15,0.8666666666666667
yeast,yeast:P37366,all_U,tuna_retrained,0,2,185,0.3972972972972973
yeast,yeast:P37366,all_U,tuna_retrained,1,2,15,0.9333333333333333
yeast,yeast:P32618,background,ipin_baseline,0,3,94,0.7304964539007093
yeast,yeast:P32618,background,ipin_optimized,0,3,94,0.7588652482269503
yeast,yeast:P32618,background,tuna_retrained,0,3,94,0.6524822695035462
yeast,yeast:P32618,matched,ipin_baseline,0,3,92,0.6956521739130435
yeast,yeast:P32618,matched,ipin_optimized,0,3,92,0.8007246376811594
yeast,yeast:P32618,matched,tuna_retrained,0,3,92,0.7028985507246377
yeast,yeast:P32618,all_U,ipin_baseline,0,3,186,0.7132616487455197
yeast,yeast:P32618,all_U,ipin_optimized,0,3,186,0.7795698924731183
yeast,yeast:P32618,all_U,tuna_retrained,0,3,186,0.6774193548387096
yeast,yeast:Q01684,background,ipin_baseline,0,2,95,0.18421052631578946
yeast,yeast:Q01684,background,ipin_optimized,0,2,95,0.24210526315789474
yeast,yeast:Q01684,background,tuna_retrained,0,2,95,0.5789473684210527
yeast,yeast:Q01684,matched,ipin_baseline,0,2,94,0.18617021276595744
yeast,yeast:Q01684,matched,ipin_optimized,0,2,94,0.2074468085106383
yeast,yeast:Q01684,matched,tuna_retrained,0,2,94,0.5478723404255319
yeast,yeast:Q01684,all_U,ipin_baseline,0,2,189,0.18518518518518517
yeast,yeast:Q01684,all_U,ipin_optimized,0,2,189,0.22486772486772486
yeast,yeast:Q01684,all_U,tuna_retrained,0,2,189,0.5634920634920635
yeast,yeast:P54999,background,ipin_baseline,1,7,91,0.576138147566719
yeast,yeast:P54999,background,ipin_baseline,2,2,9,0.9444444444444444
yeast,yeast:P54999,background,ipin_optimized,1,7,91,0.6216640502354788
yeast,yeast:P54999,background,ipin_optimized,2,2,9,1.0
yeast,yeast:P54999,background,tuna_retrained,1,7,91,0.4897959183673469
yeast,yeast:P54999,background,tuna_retrained,2,2,9,1.0
yeast,yeast:P54999,matched,ipin_baseline,1,7,92,0.6133540372670807
yeast,yeast:P54999,matched,ipin_baseline,2,2,8,0.9375
yeast,yeast:P54999,matched,ipin_optimized,1,7,92,0.656832298136646
yeast,yeast:P54999,matched,ipin_optimized,2,2,8,1.0
yeast,yeast:P54999,matched,tuna_retrained,1,7,92,0.4704968944099379
yeast,yeast:P54999,matched,tuna_retrained,2,2,8,1.0
yeast,yeast:P54999,all_U,ipin_baseline,1,7,183,0.594847775175644
yeast,yeast:P54999,all_U,ipin_baseline,2,2,17,0.9411764705882353
yeast,yeast:P54999,all_U,ipin_optimized,1,7,183,0.639344262295082
yeast,yeast:P54999,all_U,ipin_optimized,2,2,17,1.0
yeast,yeast:P54999,all_U,tuna_retrained,1,7,183,0.48009367681498827
yeast,yeast:P54999,all_U,tuna_retrained,2,2,17,1.0
arabidopsis,arabidopsis:Q9FRL3,background,ipin_baseline,1,1,90,0.5
arabidopsis,arabidopsis:Q9FRL3,background,ipin_baseline,2,1,10,1.0
arabidopsis,arabidopsis:Q9FRL3,background,ipin_optimized,1,1,90,0.6111111111111112
arabidopsis,arabidopsis:Q9FRL3,background,ipin_optimized,2,1,10,1.0
arabidopsis,arabidopsis:Q9FRL3,background,tuna_retrained,1,1,90,0.9666666666666667
arabidopsis,arabidopsis:Q9FRL3,background,tuna_retrained,2,1,10,1.0
arabidopsis,arabidopsis:Q9FRL3,matched,ipin_baseline,1,1,86,0.5232558139534884
arabidopsis,arabidopsis:Q9FRL3,matched,ipin_baseline,2,1,14,1.0
arabidopsis,arabidopsis:Q9FRL3,matched,ipin_optimized,1,1,86,0.6395348837209303
arabidopsis,arabidopsis:Q9FRL3,matched,ipin_optimized,2,1,14,1.0
arabidopsis,arabidopsis:Q9FRL3,matched,tuna_retrained,1,1,86,0.9883720930232558
arabidopsis,arabidopsis:Q9FRL3,matched,tuna_retrained,2,1,14,1.0
arabidopsis,arabidopsis:Q9FRL3,all_U,ipin_baseline,1,1,176,0.5113636363636364
arabidopsis,arabidopsis:Q9FRL3,all_U,ipin_baseline,2,1,24,1.0
arabidopsis,arabidopsis:Q9FRL3,all_U,ipin_optimized,1,1,176,0.625
arabidopsis,arabidopsis:Q9FRL3,all_U,ipin_optimized,2,1,24,1.0
arabidopsis,arabidopsis:Q9FRL3,all_U,tuna_retrained,1,1,176,0.9772727272727273
arabidopsis,arabidopsis:Q9FRL3,all_U,tuna_retrained,2,1,24,1.0
arabidopsis,arabidopsis:Q39090,background,ipin_baseline,1,6,4,0.2916666666666667
arabidopsis,arabidopsis:Q39090,background,ipin_optimized,1,6,4,0.5
arabidopsis,arabidopsis:Q39090,background,tuna_retrained,1,6,4,0.9583333333333334
arabidopsis,arabidopsis:Q39090,matched,ipin_baseline,1,6,8,0.125
arabidopsis,arabidopsis:Q39090,matched,ipin_optimized,1,6,8,0.6666666666666666
arabidopsis,arabidopsis:Q39090,matched,tuna_retrained,1,6,8,0.8541666666666666
arabidopsis,arabidopsis:Q39090,all_U,ipin_baseline,1,6,12,0.18055555555555555
arabidopsis,arabidopsis:Q39090,all_U,ipin_optimized,1,6,12,0.6111111111111112
arabidopsis,arabidopsis:Q39090,all_U,tuna_retrained,1,6,12,0.8888888888888888
arabidopsis,arabidopsis:F4I2H2,background,ipin_baseline,0,2,96,0.6770833333333334
arabidopsis,arabidopsis:F4I2H2,background,ipin_optimized,0,2,96,0.8489583333333334
arabidopsis,arabidopsis:F4I2H2,background,tuna_retrained,0,2,96,0.6822916666666666
arabidopsis,arabidopsis:F4I2H2,matched,ipin_baseline,0,2,95,0.6578947368421053
arabidopsis,arabidopsis:F4I2H2,matched,ipin_optimized,0,2,95,0.7684210526315789
arabidopsis,arabidopsis:F4I2H2,matched,tuna_retrained,0,2,95,0.5684210526315789
arabidopsis,arabidopsis:F4I2H2,all_U,ipin_baseline,0,2,191,0.6675392670157068
arabidopsis,arabidopsis:F4I2H2,all_U,ipin_optimized,0,2,191,0.8089005235602095
arabidopsis,arabidopsis:F4I2H2,all_U,tuna_retrained,0,2,191,0.6256544502617801
arabidopsis,arabidopsis:Q9XGR4,background,ipin_baseline,1,6,95,0.5754385964912281
arabidopsis,arabidopsis:Q9XGR4,background,ipin_optimized,1,6,95,0.6350877192982456
arabidopsis,arabidopsis:Q9XGR4,background,tuna_retrained,1,6,95,0.5280701754385965
arabidopsis,arabidopsis:Q9XGR4,matched,ipin_baseline,1,6,95,0.5491228070175439
arabidopsis,arabidopsis:Q9XGR4,matched,ipin_optimized,1,6,95,0.6228070175438597
arabidopsis,arabidopsis:Q9XGR4,matched,tuna_retrained,1,6,95,0.49473684210526314
arabidopsis,arabidopsis:Q9XGR4,all_U,ipin_baseline,1,6,190,0.5622807017543859
arabidopsis,arabidopsis:Q9XGR4,all_U,ipin_optimized,1,6,190,0.6289473684210526
arabidopsis,arabidopsis:Q9XGR4,all_U,tuna_retrained,1,6,190,0.5114035087719299
arabidopsis,arabidopsis:Q5PP65,background,ipin_baseline,0,10,93,0.7569892473118279
arabidopsis,arabidopsis:Q5PP65,background,ipin_optimized,0,10,93,0.6806451612903226
arabidopsis,arabidopsis:Q5PP65,background,tuna_retrained,0,10,93,0.7935483870967742
arabidopsis,arabidopsis:Q5PP65,matched,ipin_baseline,0,10,93,0.810752688172043
arabidopsis,arabidopsis:Q5PP65,matched,ipin_optimized,0,10,93,0.6913978494623656
arabidopsis,arabidopsis:Q5PP65,matched,tuna_retrained,0,10,93,0.8741935483870967
arabidopsis,arabidopsis:Q5PP65,all_U,ipin_baseline,0,10,186,0.7838709677419354
arabidopsis,arabidopsis:Q5PP65,all_U,ipin_optimized,0,10,186,0.6860215053763441
arabidopsis,arabidopsis:Q5PP65,all_U,tuna_retrained,0,10,186,0.8338709677419355
arabidopsis,arabidopsis:O64688,background,ipin_baseline,0,2,94,0.5159574468085106
arabidopsis,arabidopsis:O64688,background,ipin_optimized,0,2,94,0.48404255319148937
arabidopsis,arabidopsis:O64688,background,tuna_retrained,0,2,94,0.5691489361702128
arabidopsis,arabidopsis:O64688,matched,ipin_baseline,0,2,92,0.5271739130434783
arabidopsis,arabidopsis:O64688,matched,ipin_optimized,0,2,92,0.532608695652174
arabidopsis,arabidopsis:O64688,matched,tuna_retrained,0,2,92,0.5760869565217391
arabidopsis,arabidopsis:O64688,all_U,ipin_baseline,0,2,186,0.521505376344086
arabidopsis,arabidopsis:O64688,all_U,ipin_optimized,0,2,186,0.5080645161290323
arabidopsis,arabidopsis:O64688,all_U,tuna_retrained,0,2,186,0.5725806451612904
arabidopsis,arabidopsis:Q949Z8,background,ipin_baseline,1,2,91,0.989010989010989
arabidopsis,arabidopsis:Q949Z8,background,ipin_optimized,1,2,91,0.989010989010989
arabidopsis,arabidopsis:Q949Z8,background,tuna_retrained,1,2,91,1.0
arabidopsis,arabidopsis:Q949Z8,matched,ipin_baseline,1,2,88,0.9772727272727273
arabidopsis,arabidopsis:Q949Z8,matched,ipin_optimized,1,2,88,0.9772727272727273
arabidopsis,arabidopsis:Q949Z8,matched,tuna_retrained,1,2,88,0.9772727272727273
arabidopsis,arabidopsis:Q949Z8,all_U,ipin_baseline,1,2,179,0.9832402234636871
arabidopsis,arabidopsis:Q949Z8,all_U,ipin_optimized,1,2,179,0.9832402234636871
arabidopsis,arabidopsis:Q949Z8,all_U,tuna_retrained,1,2,179,0.9888268156424581
arabidopsis,arabidopsis:Q8W4C8,background,ipin_baseline,1,2,92,0.9945652173913043
arabidopsis,arabidopsis:Q8W4C8,background,ipin_optimized,1,2,92,0.9510869565217391
arabidopsis,arabidopsis:Q8W4C8,background,tuna_retrained,1,2,92,0.9456521739130435
arabidopsis,arabidopsis:Q8W4C8,matched,ipin_baseline,1,2,88,1.0
arabidopsis,arabidopsis:Q8W4C8,matched,ipin_optimized,1,2,88,0.9715909090909091
arabidopsis,arabidopsis:Q8W4C8,matched,tuna_retrained,1,2,88,0.9034090909090909
arabidopsis,arabidopsis:Q8W4C8,all_U,ipin_baseline,1,2,180,0.9972222222222222
arabidopsis,arabidopsis:Q8W4C8,all_U,ipin_optimized,1,2,180,0.9611111111111111
arabidopsis,arabidopsis:Q8W4C8,all_U,tuna_retrained,1,2,180,0.925
arabidopsis,arabidopsis:Q9LZK5,background,ipin_baseline,2,3,6,0.16666666666666666
arabidopsis,arabidopsis:Q9LZK5,background,ipin_optimized,2,3,6,0.3333333333333333
arabidopsis,arabidopsis:Q9LZK5,background,tuna_retrained,2,3,6,1.0
arabidopsis,arabidopsis:Q9LZK5,matched,ipin_baseline,2,3,8,0.375
arabidopsis,arabidopsis:Q9LZK5,matched,ipin_optimized,2,3,8,0.0
arabidopsis,arabidopsis:Q9LZK5,matched,tuna_retrained,2,3,8,0.875
arabidopsis,arabidopsis:Q9LZK5,all_U,ipin_baseline,2,3,14,0.2857142857142857
arabidopsis,arabidopsis:Q9LZK5,all_U,ipin_optimized,2,3,14,0.14285714285714285
arabidopsis,arabidopsis:Q9LZK5,all_U,tuna_retrained,2,3,14,0.9285714285714286
arabidopsis,arabidopsis:Q9LSM6,background,ipin_baseline,0,3,95,0.08070175438596491
arabidopsis,arabidopsis:Q9LSM6,background,ipin_optimized,0,3,95,0.06666666666666667
arabidopsis,arabidopsis:Q9LSM6,background,tuna_retrained,0,3,95,0.256140350877193
arabidopsis,arabidopsis:Q9LSM6,matched,ipin_baseline,0,3,91,0.12087912087912088
arabidopsis,arabidopsis:Q9LSM6,matched,ipin_optimized,0,3,91,0.11721611721611722
arabidopsis,arabidopsis:Q9LSM6,matched,tuna_retrained,0,3,91,0.2087912087912088
arabidopsis,arabidopsis:Q9LSM6,all_U,ipin_baseline,0,3,186,0.1003584229390681
arabidopsis,arabidopsis:Q9LSM6,all_U,ipin_optimized,0,3,186,0.0913978494623656
arabidopsis,arabidopsis:Q9LSM6,all_U,tuna_retrained,0,3,186,0.23297491039426524
arabidopsis,arabidopsis:Q7PCC6,background,ipin_baseline,0,6,96,0.5225694444444444
arabidopsis,arabidopsis:Q7PCC6,background,ipin_optimized,0,6,96,0.5625
arabidopsis,arabidopsis:Q7PCC6,background,tuna_retrained,0,6,96,0.4583333333333333
arabidopsis,arabidopsis:Q7PCC6,matched,ipin_baseline,0,6,96,0.4409722222222222
arabidopsis,arabidopsis:Q7PCC6,matched,ipin_optimized,0,6,96,0.5034722222222222
arabidopsis,arabidopsis:Q7PCC6,matched,tuna_retrained,0,6,96,0.4288194444444444
arabidopsis,arabidopsis:Q7PCC6,all_U,ipin_baseline,0,6,192,0.4817708333333333
arabidopsis,arabidopsis:Q7PCC6,all_U,ipin_optimized,0,6,192,0.5329861111111112
arabidopsis,arabidopsis:Q7PCC6,all_U,tuna_retrained,0,6,192,0.4435763888888889
arabidopsis,arabidopsis:Q9M310,background,ipin_baseline,0,3,90,0.4
arabidopsis,arabidopsis:Q9M310,background,ipin_baseline,1,7,10,0.2571428571428571
arabidopsis,arabidopsis:Q9M310,background,ipin_optimized,0,3,90,0.5222222222222223
arabidopsis,arabidopsis:Q9M310,background,ipin_optimized,1,7,10,0.5285714285714286
arabidopsis,arabidopsis:Q9M310,background,tuna_retrained,0,3,90,0.45185185185185184
arabidopsis,arabidopsis:Q9M310,background,tuna_retrained,1,7,10,0.9
arabidopsis,arabidopsis:Q9M310,matched,ipin_baseline,0,3,94,0.2978723404255319
arabidopsis,arabidopsis:Q9M310,matched,ipin_baseline,1,7,6,0.09523809523809523
arabidopsis,arabidopsis:Q9M310,matched,ipin_optimized,0,3,94,0.41134751773049644
arabidopsis,arabidopsis:Q9M310,matched,ipin_optimized,1,7,6,0.6428571428571429
arabidopsis,arabidopsis:Q9M310,matched,tuna_retrained,0,3,94,0.33687943262411346
arabidopsis,arabidopsis:Q9M310,matched,tuna_retrained,1,7,6,0.8571428571428571
arabidopsis,arabidopsis:Q9M310,all_U,ipin_baseline,0,3,184,0.34782608695652173
arabidopsis,arabidopsis:Q9M310,all_U,ipin_baseline,1,7,16,0.19642857142857142
arabidopsis,arabidopsis:Q9M310,all_U,ipin_optimized,0,3,184,0.46557971014492755
arabidopsis,arabidopsis:Q9M310,all_U,ipin_optimized,1,7,16,0.5714285714285714
arabidopsis,arabidopsis:Q9M310,all_U,tuna_retrained,0,3,184,0.39311594202898553
arabidopsis,arabidopsis:Q9M310,all_U,tuna_retrained,1,7,16,0.8839285714285714
arabidopsis,arabidopsis:Q8RX71,background,ipin_baseline,0,2,91,0.9615384615384616
arabidopsis,arabidopsis:Q8RX71,background,ipin_baseline,1,1,9,0.7777777777777778
arabidopsis,arabidopsis:Q8RX71,background,ipin_optimized,0,2,91,0.8351648351648352
arabidopsis,arabidopsis:Q8RX71,background,ipin_optimized,1,1,9,0.7777777777777778
arabidopsis,arabidopsis:Q8RX71,background,tuna_retrained,0,2,91,0.8626373626373627
arabidopsis,arabidopsis:Q8RX71,background,tuna_retrained,1,1,9,0.6666666666666666
arabidopsis,arabidopsis:Q8RX71,matched,ipin_baseline,0,2,87,0.9540229885057471
arabidopsis,arabidopsis:Q8RX71,matched,ipin_baseline,1,1,13,0.9230769230769231
arabidopsis,arabidopsis:Q8RX71,matched,ipin_optimized,0,2,87,0.8793103448275862
arabidopsis,arabidopsis:Q8RX71,matched,ipin_optimized,1,1,13,0.6923076923076923
arabidopsis,arabidopsis:Q8RX71,matched,tuna_retrained,0,2,87,0.9367816091954023
arabidopsis,arabidopsis:Q8RX71,matched,tuna_retrained,1,1,13,0.6153846153846154
arabidopsis,arabidopsis:Q8RX71,all_U,ipin_baseline,0,2,178,0.9578651685393258
arabidopsis,arabidopsis:Q8RX71,all_U,ipin_baseline,1,1,22,0.8636363636363636
arabidopsis,arabidopsis:Q8RX71,all_U,ipin_optimized,0,2,178,0.8567415730337079
arabidopsis,arabidopsis:Q8RX71,all_U,ipin_optimized,1,1,22,0.7272727272727273
arabidopsis,arabidopsis:Q8RX71,all_U,tuna_retrained,0,2,178,0.898876404494382
arabidopsis,arabidopsis:Q8RX71,all_U,tuna_retrained,1,1,22,0.6363636363636364
arabidopsis,arabidopsis:Q9LW00,background,ipin_baseline,0,4,88,0.4943181818181818
arabidopsis,arabidopsis:Q9LW00,background,ipin_optimized,0,4,88,0.7244318181818182
arabidopsis,arabidopsis:Q9LW00,background,tuna_retrained,0,4,88,0.5823863636363636
arabidopsis,arabidopsis:Q9LW00,matched,ipin_baseline,0,4,91,0.5384615384615384
arabidopsis,arabidopsis:Q9LW00,matched,ipin_optimized,0,4,91,0.7994505494505495
arabidopsis,arabidopsis:Q9LW00,matched,tuna_retrained,0,4,91,0.554945054945055
arabidopsis,arabidopsis:Q9LW00,all_U,ipin_baseline,0,4,179,0.5167597765363129
arabidopsis,arabidopsis:Q9LW00,all_U,ipin_optimized,0,4,179,0.7625698324022346
arabidopsis,arabidopsis:Q9LW00,all_U,tuna_retrained,0,4,179,0.5684357541899442
arabidopsis,arabidopsis:Q9SR06,background,ipin_baseline,1,4,90,0.46111111111111114
arabidopsis,arabidopsis:Q9SR06,background,ipin_optimized,1,4,90,0.6638888888888889
arabidopsis,arabidopsis:Q9SR06,background,tuna_retrained,1,4,90,0.46944444444444444
arabidopsis,arabidopsis:Q9SR06,matched,ipin_baseline,1,4,94,0.4015957446808511
arabidopsis,arabidopsis:Q9SR06,matched,ipin_optimized,1,4,94,0.5478723404255319
arabidopsis,arabidopsis:Q9SR06,matched,tuna_retrained,1,4,94,0.3271276595744681
arabidopsis,arabidopsis:Q9SR06,all_U,ipin_baseline,1,4,184,0.43070652173913043
arabidopsis,arabidopsis:Q9SR06,all_U,ipin_optimized,1,4,184,0.6046195652173914
arabidopsis,arabidopsis:Q9SR06,all_U,tuna_retrained,1,4,184,0.3967391304347826
arabidopsis,arabidopsis:Q9SIZ5,background,ipin_baseline,0,10,92,0.8554347826086957
arabidopsis,arabidopsis:Q9SIZ5,background,ipin_optimized,0,10,92,0.8347826086956521
arabidopsis,arabidopsis:Q9SIZ5,background,tuna_retrained,0,10,92,0.9532608695652174
arabidopsis,arabidopsis:Q9SIZ5,matched,ipin_baseline,0,10,85,0.8035294117647059
arabidopsis,arabidopsis:Q9SIZ5,matched,ipin_optimized,0,10,85,0.7952941176470588
arabidopsis,arabidopsis:Q9SIZ5,matched,tuna_retrained,0,10,85,0.8917647058823529
arabidopsis,arabidopsis:Q9SIZ5,all_U,ipin_baseline,0,10,177,0.8305084745762712
arabidopsis,arabidopsis:Q9SIZ5,all_U,ipin_optimized,0,10,177,0.8158192090395481
arabidopsis,arabidopsis:Q9SIZ5,all_U,tuna_retrained,0,10,177,0.923728813559322
arabidopsis,arabidopsis:Q9FNZ4,background,ipin_baseline,0,10,91,0.6472527472527473
arabidopsis,arabidopsis:Q9FNZ4,background,ipin_optimized,0,10,91,0.6835164835164835
arabidopsis,arabidopsis:Q9FNZ4,background,tuna_retrained,0,10,91,0.6285714285714286
arabidopsis,arabidopsis:Q9FNZ4,matched,ipin_baseline,0,10,91,0.621978021978022
arabidopsis,arabidopsis:Q9FNZ4,matched,ipin_optimized,0,10,91,0.667032967032967
arabidopsis,arabidopsis:Q9FNZ4,matched,tuna_retrained,0,10,91,0.6362637362637362
arabidopsis,arabidopsis:Q9FNZ4,all_U,ipin_baseline,0,10,182,0.6346153846153846
arabidopsis,arabidopsis:Q9FNZ4,all_U,ipin_optimized,0,10,182,0.6752747252747253
arabidopsis,arabidopsis:Q9FNZ4,all_U,tuna_retrained,0,10,182,0.6324175824175824
arabidopsis,arabidopsis:F4JN35,background,ipin_baseline,0,10,94,0.39787234042553193
arabidopsis,arabidopsis:F4JN35,background,ipin_optimized,0,10,94,0.5117021276595745
arabidopsis,arabidopsis:F4JN35,background,tuna_retrained,0,10,94,0.7914893617021277
arabidopsis,arabidopsis:F4JN35,matched,ipin_baseline,0,10,93,0.46021505376344085
arabidopsis,arabidopsis:F4JN35,matched,ipin_optimized,0,10,93,0.5172043010752688
arabidopsis,arabidopsis:F4JN35,matched,tuna_retrained,0,10,93,0.7935483870967742
arabidopsis,arabidopsis:F4JN35,all_U,ipin_baseline,0,10,187,0.4288770053475936
arabidopsis,arabidopsis:F4JN35,all_U,ipin_optimized,0,10,187,0.5144385026737968
arabidopsis,arabidopsis:F4JN35,all_U,tuna_retrained,0,10,187,0.7925133689839572
arabidopsis,arabidopsis:Q4FE47,background,ipin_baseline,0,3,89,0.7752808988764045
arabidopsis,arabidopsis:Q4FE47,background,ipin_optimized,0,3,89,0.8801498127340824
arabidopsis,arabidopsis:Q4FE47,background,tuna_retrained,0,3,89,0.5730337078651685
arabidopsis,arabidopsis:Q4FE47,matched,ipin_baseline,0,3,90,0.8074074074074075
arabidopsis,arabidopsis:Q4FE47,matched,ipin_optimized,0,3,90,0.9222222222222223
arabidopsis,arabidopsis:Q4FE47,matched,tuna_retrained,0,3,90,0.662962962962963
arabidopsis,arabidopsis:Q4FE47,all_U,ipin_baseline,0,3,179,0.7914338919925512
arabidopsis,arabidopsis:Q4FE47,all_U,ipin_optimized,0,3,179,0.9013035381750466
arabidopsis,arabidopsis:Q4FE47,all_U,tuna_retrained,0,3,179,0.6182495344506518
arabidopsis,arabidopsis:Q2HIK4,background,ipin_baseline,1,5,92,0.6347826086956522
arabidopsis,arabidopsis:Q2HIK4,background,ipin_optimized,1,5,92,0.508695652173913
arabidopsis,arabidopsis:Q2HIK4,background,tuna_retrained,1,5,92,0.7804347826086957
arabidopsis,arabidopsis:Q2HIK4,matched,ipin_baseline,1,5,98,0.6428571428571429
arabidopsis,arabidopsis:Q2HIK4,matched,ipin_optimized,1,5,98,0.4959183673469388
arabidopsis,arabidopsis:Q2HIK4,matched,tuna_retrained,1,5,98,0.7612244897959184
arabidopsis,arabidopsis:Q2HIK4,all_U,ipin_baseline,1,5,190,0.6389473684210526
arabidopsis,arabidopsis:Q2HIK4,all_U,ipin_optimized,1,5,190,0.5021052631578947
arabidopsis,arabidopsis:Q2HIK4,all_U,tuna_retrained,1,5,190,0.7705263157894737
arabidopsis,arabidopsis:F4JS25,background,ipin_baseline,0,3,94,0.09219858156028368
arabidopsis,arabidopsis:F4JS25,background,ipin_optimized,0,3,94,0.2624113475177305
arabidopsis,arabidopsis:F4JS25,background,tuna_retrained,0,3,94,0.6347517730496454
arabidopsis,arabidopsis:F4JS25,matched,ipin_baseline,0,3,98,0.1292517006802721
arabidopsis,arabidopsis:F4JS25,matched,ipin_optimized,0,3,98,0.22789115646258504
arabidopsis,arabidopsis:F4JS25,matched,tuna_retrained,0,3,98,0.4897959183673469
arabidopsis,arabidopsis:F4JS25,all_U,ipin_baseline,0,3,192,0.1111111111111111
arabidopsis,arabidopsis:F4JS25,all_U,ipin_optimized,0,3,192,0.24479166666666666
arabidopsis,arabidopsis:F4JS25,all_U,tuna_retrained,0,3,192,0.5607638888888888
arabidopsis,arabidopsis:Q6AWX6,background,ipin_baseline,0,4,91,0.6483516483516484
arabidopsis,arabidopsis:Q6AWX6,background,ipin_baseline,1,2,9,0.2222222222222222
arabidopsis,arabidopsis:Q6AWX6,background,ipin_optimized,0,4,91,0.5054945054945055
arabidopsis,arabidopsis:Q6AWX6,background,ipin_optimized,1,2,9,0.7222222222222222
arabidopsis,arabidopsis:Q6AWX6,background,tuna_retrained,0,4,91,0.945054945054945
arabidopsis,arabidopsis:Q6AWX6,background,tuna_retrained,1,2,9,0.7777777777777778
arabidopsis,arabidopsis:Q6AWX6,matched,ipin_baseline,0,4,94,0.5132978723404256
arabidopsis,arabidopsis:Q6AWX6,matched,ipin_baseline,1,2,6,0.16666666666666666
arabidopsis,arabidopsis:Q6AWX6,matched,ipin_optimized,0,4,94,0.3776595744680851
arabidopsis,arabidopsis:Q6AWX6,matched,ipin_optimized,1,2,6,0.5833333333333334
arabidopsis,arabidopsis:Q6AWX6,matched,tuna_retrained,0,4,94,0.9122340425531915
arabidopsis,arabidopsis:Q6AWX6,matched,tuna_retrained,1,2,6,0.8333333333333334
arabidopsis,arabidopsis:Q6AWX6,all_U,ipin_baseline,0,4,185,0.5797297297297297
arabidopsis,arabidopsis:Q6AWX6,all_U,ipin_baseline,1,2,15,0.2
arabidopsis,arabidopsis:Q6AWX6,all_U,ipin_optimized,0,4,185,0.44054054054054054
arabidopsis,arabidopsis:Q6AWX6,all_U,ipin_optimized,1,2,15,0.6666666666666666
arabidopsis,arabidopsis:Q6AWX6,all_U,tuna_retrained,0,4,185,0.9283783783783783
arabidopsis,arabidopsis:Q6AWX6,all_U,tuna_retrained,1,2,15,0.8
arabidopsis,arabidopsis:Q9M8T0,background,ipin_baseline,0,2,92,0.7228260869565217
arabidopsis,arabidopsis:Q9M8T0,background,ipin_optimized,0,2,92,0.6467391304347826
arabidopsis,arabidopsis:Q9M8T0,background,tuna_retrained,0,2,92,0.9239130434782609
arabidopsis,arabidopsis:Q9M8T0,matched,ipin_baseline,0,2,95,0.8105263157894737
arabidopsis,arabidopsis:Q9M8T0,matched,ipin_optimized,0,2,95,0.6736842105263158
arabidopsis,arabidopsis:Q9M8T0,matched,tuna_retrained,0,2,95,0.9105263157894737
arabidopsis,arabidopsis:Q9M8T0,all_U,ipin_baseline,0,2,187,0.767379679144385
arabidopsis,arabidopsis:Q9M8T0,all_U,ipin_optimized,0,2,187,0.660427807486631
arabidopsis,arabidopsis:Q9M8T0,all_U,tuna_retrained,0,2,187,0.9171122994652406
arabidopsis,arabidopsis:Q8W4S5,background,ipin_baseline,0,9,91,0.6800976800976801
arabidopsis,arabidopsis:Q8W4S5,background,ipin_optimized,0,9,91,0.7191697191697192
arabidopsis,arabidopsis:Q8W4S5,background,tuna_retrained,0,9,91,0.905982905982906
arabidopsis,arabidopsis:Q8W4S5,matched,ipin_baseline,0,9,95,0.7590643274853801
arabidopsis,arabidopsis:Q8W4S5,matched,ipin_optimized,0,9,95,0.7976608187134503
arabidopsis,arabidopsis:Q8W4S5,matched,tuna_retrained,0,9,95,0.8982456140350877
arabidopsis,arabidopsis:Q8W4S5,all_U,ipin_baseline,0,9,186,0.7204301075268817
arabidopsis,arabidopsis:Q8W4S5,all_U,ipin_optimized,0,9,186,0.7592592592592593
arabidopsis,arabidopsis:Q8W4S5,all_U,tuna_retrained,0,9,186,0.9020310633213859
arabidopsis,arabidopsis:Q9ZVX8,background,ipin_baseline,1,3,92,0.8695652173913043
arabidopsis,arabidopsis:Q9ZVX8,background,ipin_baseline,2,7,8,1.0
arabidopsis,arabidopsis:Q9ZVX8,background,ipin_optimized,1,3,92,0.9021739130434783
arabidopsis,arabidopsis:Q9ZVX8,background,ipin_optimized,2,7,8,1.0
arabidopsis,arabidopsis:Q9ZVX8,background,tuna_retrained,1,3,92,0.967391304347826
arabidopsis,arabidopsis:Q9ZVX8,background,tuna_retrained,2,7,8,1.0
arabidopsis,arabidopsis:Q9ZVX8,matched,ipin_baseline,1,3,90,0.8629629629629629
arabidopsis,arabidopsis:Q9ZVX8,matched,ipin_baseline,2,7,10,1.0
arabidopsis,arabidopsis:Q9ZVX8,matched,ipin_optimized,1,3,90,0.8592592592592593
arabidopsis,arabidopsis:Q9ZVX8,matched,ipin_optimized,2,7,10,1.0
arabidopsis,arabidopsis:Q9ZVX8,matched,tuna_retrained,1,3,90,0.9481481481481482
arabidopsis,arabidopsis:Q9ZVX8,matched,tuna_retrained,2,7,10,1.0
arabidopsis,arabidopsis:Q9ZVX8,all_U,ipin_baseline,1,3,182,0.8663003663003663
arabidopsis,arabidopsis:Q9ZVX8,all_U,ipin_baseline,2,7,18,1.0
arabidopsis,arabidopsis:Q9ZVX8,all_U,ipin_optimized,1,3,182,0.8809523809523809
arabidopsis,arabidopsis:Q9ZVX8,all_U,ipin_optimized,2,7,18,1.0
arabidopsis,arabidopsis:Q9ZVX8,all_U,tuna_retrained,1,3,182,0.9578754578754579
arabidopsis,arabidopsis:Q9ZVX8,all_U,tuna_retrained,2,7,18,1.0
arabidopsis,arabidopsis:Q9SF14,background,ipin_baseline,0,1,88,0.9204545454545454
arabidopsis,arabidopsis:Q9SF14,background,ipin_baseline,1,1,12,0.75
arabidopsis,arabidopsis:Q9SF14,background,ipin_optimized,0,1,88,0.9659090909090909
arabidopsis,arabidopsis:Q9SF14,background,ipin_optimized,1,1,12,0.25
arabidopsis,arabidopsis:Q9SF14,background,tuna_retrained,0,1,88,0.5795454545454546
arabidopsis,arabidopsis:Q9SF14,background,tuna_retrained,1,1,12,0.16666666666666666
arabidopsis,arabidopsis:Q9SF14,matched,ipin_baseline,0,1,98,0.9183673469387755
arabidopsis,arabidopsis:Q9SF14,matched,ipin_baseline,1,1,2,0.5
arabidopsis,arabidopsis:Q9SF14,matched,ipin_optimized,0,1,98,0.9693877551020408
arabidopsis,arabidopsis:Q9SF14,matched,ipin_optimized,1,1,2,0.0
arabidopsis,arabidopsis:Q9SF14,matched,tuna_retrained,0,1,98,0.5510204081632653
arabidopsis,arabidopsis:Q9SF14,matched,tuna_retrained,1,1,2,0.0
arabidopsis,arabidopsis:Q9SF14,all_U,ipin_baseline,0,1,186,0.9193548387096774
arabidopsis,arabidopsis:Q9SF14,all_U,ipin_baseline,1,1,14,0.7142857142857143
arabidopsis,arabidopsis:Q9SF14,all_U,ipin_optimized,0,1,186,0.967741935483871
arabidopsis,arabidopsis:Q9SF14,all_U,ipin_optimized,1,1,14,0.21428571428571427
arabidopsis,arabidopsis:Q9SF14,all_U,tuna_retrained,0,1,186,0.5645161290322581
arabidopsis,arabidopsis:Q9SF14,all_U,tuna_retrained,1,1,14,0.14285714285714285
arabidopsis,arabidopsis:Q9M0U9,background,ipin_baseline,0,1,92,0.10869565217391304
arabidopsis,arabidopsis:Q9M0U9,background,ipin_baseline,1,1,8,0.125
arabidopsis,arabidopsis:Q9M0U9,background,ipin_optimized,0,1,92,0.2608695652173913
arabidopsis,arabidopsis:Q9M0U9,background,ipin_optimized,1,1,8,0.75
arabidopsis,arabidopsis:Q9M0U9,background,tuna_retrained,0,1,92,0.07608695652173914
arabidopsis,arabidopsis:Q9M0U9,background,tuna_retrained,1,1,8,0.875
arabidopsis,arabidopsis:Q9M0U9,matched,ipin_baseline,0,1,92,0.09782608695652174
arabidopsis,arabidopsis:Q9M0U9,matched,ipin_baseline,1,1,8,0.125
arabidopsis,arabidopsis:Q9M0U9,matched,ipin_optimized,0,1,92,0.30434782608695654
arabidopsis,arabidopsis:Q9M0U9,matched,ipin_optimized,1,1,8,1.0
arabidopsis,arabidopsis:Q9M0U9,matched,tuna_retrained,0,1,92,0.18478260869565216
arabidopsis,arabidopsis:Q9M0U9,matched,tuna_retrained,1,1,8,0.75
arabidopsis,arabidopsis:Q9M0U9,all_U,ipin_baseline,0,1,184,0.10326086956521739
arabidopsis,arabidopsis:Q9M0U9,all_U,ipin_baseline,1,1,16,0.125
arabidopsis,arabidopsis:Q9M0U9,all_U,ipin_optimized,0,1,184,0.2826086956521739
arabidopsis,arabidopsis:Q9M0U9,all_U,ipin_optimized,1,1,16,0.875
arabidopsis,arabidopsis:Q9M0U9,all_U,tuna_retrained,0,1,184,0.13043478260869565
arabidopsis,arabidopsis:Q9M0U9,all_U,tuna_retrained,1,1,16,0.8125
arabidopsis,arabidopsis:C0SVM5,background,ipin_baseline,0,10,93,0.9236559139784947
arabidopsis,arabidopsis:C0SVM5,background,ipin_optimized,0,10,93,0.9096774193548387
arabidopsis,arabidopsis:C0SVM5,background,tuna_retrained,0,10,93,0.8795698924731182
arabidopsis,arabidopsis:C0SVM5,matched,ipin_baseline,0,10,92,0.8989130434782608
arabidopsis,arabidopsis:C0SVM5,matched,ipin_optimized,0,10,92,0.8891304347826087
arabidopsis,arabidopsis:C0SVM5,matched,tuna_retrained,0,10,92,0.825
arabidopsis,arabidopsis:C0SVM5,all_U,ipin_baseline,0,10,185,0.9113513513513514
arabidopsis,arabidopsis:C0SVM5,all_U,ipin_optimized,0,10,185,0.8994594594594595
arabidopsis,arabidopsis:C0SVM5,all_U,tuna_retrained,0,10,185,0.8524324324324324
arabidopsis,arabidopsis:Q9SEE9,background,ipin_baseline,0,4,94,0.9601063829787234
arabidopsis,arabidopsis:Q9SEE9,background,ipin_optimized,0,4,94,0.9867021276595744
arabidopsis,arabidopsis:Q9SEE9,background,tuna_retrained,0,4,94,0.9787234042553191
arabidopsis,arabidopsis:Q9SEE9,matched,ipin_baseline,0,4,91,0.9560439560439561
arabidopsis,arabidopsis:Q9SEE9,matched,ipin_optimized,0,4,91,0.9752747252747253
arabidopsis,arabidopsis:Q9SEE9,matched,tuna_retrained,0,4,91,0.9642857142857143
arabidopsis,arabidopsis:Q9SEE9,all_U,ipin_baseline,0,4,185,0.9581081081081081
arabidopsis,arabidopsis:Q9SEE9,all_U,ipin_optimized,0,4,185,0.981081081081081
arabidopsis,arabidopsis:Q9SEE9,all_U,tuna_retrained,0,4,185,0.9716216216216216
arabidopsis,arabidopsis:P48001,background,ipin_baseline,0,9,98,0.7414965986394558
arabidopsis,arabidopsis:P48001,background,ipin_baseline,1,1,2,0.5
arabidopsis,arabidopsis:P48001,background,ipin_optimized,0,9,98,0.8378684807256236
arabidopsis,arabidopsis:P48001,background,ipin_optimized,1,1,2,0.0
arabidopsis,arabidopsis:P48001,background,tuna_retrained,0,9,98,0.8594104308390023
arabidopsis,arabidopsis:P48001,background,tuna_retrained,1,1,2,0.0
arabidopsis,arabidopsis:P48001,matched,ipin_baseline,0,9,95,0.7192982456140351
arabidopsis,arabidopsis:P48001,matched,ipin_baseline,1,1,5,0.2
arabidopsis,arabidopsis:P48001,matched,ipin_optimized,0,9,95,0.7988304093567251
arabidopsis,arabidopsis:P48001,matched,ipin_optimized,1,1,5,0.0
arabidopsis,arabidopsis:P48001,matched,tuna_retrained,0,9,95,0.8385964912280702
arabidopsis,arabidopsis:P48001,matched,tuna_retrained,1,1,5,0.2
arabidopsis,arabidopsis:P48001,all_U,ipin_baseline,0,9,193,0.7305699481865285
arabidopsis,arabidopsis:P48001,all_U,ipin_baseline,1,1,7,0.2857142857142857
arabidopsis,arabidopsis:P48001,all_U,ipin_optimized,0,9,193,0.8186528497409327
arabidopsis,arabidopsis:P48001,all_U,ipin_optimized,1,1,7,0.0
arabidopsis,arabidopsis:P48001,all_U,tuna_retrained,0,9,193,0.8491652274035694
arabidopsis,arabidopsis:P48001,all_U,tuna_retrained,1,1,7,0.14285714285714285
arabidopsis,arabidopsis:Q93W54,background,ipin_baseline,0,1,91,0.6703296703296703
arabidopsis,arabidopsis:Q93W54,background,ipin_baseline,1,1,9,0.8888888888888888
arabidopsis,arabidopsis:Q93W54,background,ipin_optimized,0,1,91,0.7252747252747253
arabidopsis,arabidopsis:Q93W54,background,ipin_optimized,1,1,9,1.0
arabidopsis,arabidopsis:Q93W54,background,tuna_retrained,0,1,91,1.0
arabidopsis,arabidopsis:Q93W54,background,tuna_retrained,1,1,9,1.0
arabidopsis,arabidopsis:Q93W54,matched,ipin_baseline,0,1,89,0.6966292134831461
arabidopsis,arabidopsis:Q93W54,matched,ipin_baseline,1,1,11,1.0
arabidopsis,arabidopsis:Q93W54,matched,ipin_optimized,0,1,89,0.7078651685393258
arabidopsis,arabidopsis:Q93W54,matched,ipin_optimized,1,1,11,1.0
arabidopsis,arabidopsis:Q93W54,matched,tuna_retrained,0,1,89,0.9775280898876404
arabidopsis,arabidopsis:Q93W54,matched,tuna_retrained,1,1,11,1.0
arabidopsis,arabidopsis:Q93W54,all_U,ipin_baseline,0,1,180,0.6833333333333333
arabidopsis,arabidopsis:Q93W54,all_U,ipin_baseline,1,1,20,0.95
arabidopsis,arabidopsis:Q93W54,all_U,ipin_optimized,0,1,180,0.7166666666666667
arabidopsis,arabidopsis:Q93W54,all_U,ipin_optimized,1,1,20,1.0
arabidopsis,arabidopsis:Q93W54,all_U,tuna_retrained,0,1,180,0.9888888888888889
arabidopsis,arabidopsis:Q93W54,all_U,tuna_retrained,1,1,20,1.0
arabidopsis,arabidopsis:Q94AF2,background,ipin_baseline,1,2,94,0.3723404255319149
arabidopsis,arabidopsis:Q94AF2,background,ipin_baseline,2,1,6,0.0
arabidopsis,arabidopsis:Q94AF2,background,ipin_optimized,1,2,94,0.7712765957446809
arabidopsis,arabidopsis:Q94AF2,background,ipin_optimized,2,1,6,0.0
arabidopsis,arabidopsis:Q94AF2,background,tuna_retrained,1,2,94,0.6223404255319149
arabidopsis,arabidopsis:Q94AF2,background,tuna_retrained,2,1,6,0.6666666666666666
arabidopsis,arabidopsis:Q94AF2,matched,ipin_baseline,1,2,94,0.3776595744680851
arabidopsis,arabidopsis:Q94AF2,matched,ipin_baseline,2,1,6,0.3333333333333333
arabidopsis,arabidopsis:Q94AF2,matched,ipin_optimized,1,2,94,0.8138297872340425
arabidopsis,arabidopsis:Q94AF2,matched,ipin_optimized,2,1,6,0.16666666666666666
arabidopsis,arabidopsis:Q94AF2,matched,tuna_retrained,1,2,94,0.6223404255319149
arabidopsis,arabidopsis:Q94AF2,matched,tuna_retrained,2,1,6,0.6666666666666666
arabidopsis,arabidopsis:Q94AF2,all_U,ipin_baseline,1,2,188,0.375
arabidopsis,arabidopsis:Q94AF2,all_U,ipin_baseline,2,1,12,0.16666666666666666
arabidopsis,arabidopsis:Q94AF2,all_U,ipin_optimized,1,2,188,0.7925531914893617
arabidopsis,arabidopsis:Q94AF2,all_U,ipin_optimized,2,1,12,0.08333333333333333
arabidopsis,arabidopsis:Q94AF2,all_U,tuna_retrained,1,2,188,0.6223404255319149
arabidopsis,arabidopsis:Q94AF2,all_U,tuna_retrained,2,1,12,0.6666666666666666
arabidopsis,arabidopsis:Q9LM76,background,ipin_baseline,0,2,93,0.5483870967741935
arabidopsis,arabidopsis:Q9LM76,background,ipin_optimized,0,2,93,0.5752688172043011
arabidopsis,arabidopsis:Q9LM76,background,tuna_retrained,0,2,93,0.5268817204301075
arabidopsis,arabidopsis:Q9LM76,matched,ipin_baseline,0,2,91,0.521978021978022
arabidopsis,arabidopsis:Q9LM76,matched,ipin_optimized,0,2,91,0.5714285714285714
arabidopsis,arabidopsis:Q9LM76,matched,tuna_retrained,0,2,91,0.5439560439560439
arabidopsis,arabidopsis:Q9LM76,all_U,ipin_baseline,0,2,184,0.5353260869565217
arabidopsis,arabidopsis:Q9LM76,all_U,ipin_optimized,0,2,184,0.5733695652173914
arabidopsis,arabidopsis:Q9LM76,all_U,tuna_retrained,0,2,184,0.5353260869565217
arabidopsis,arabidopsis:Q8L746,background,ipin_baseline,0,9,86,0.6537467700258398
arabidopsis,arabidopsis:Q8L746,background,ipin_baseline,1,1,14,0.5
arabidopsis,arabidopsis:Q8L746,background,ipin_optimized,0,9,86,0.6589147286821705
arabidopsis,arabidopsis:Q8L746,background,ipin_optimized,1,1,14,0.8571428571428571
arabidopsis,arabidopsis:Q8L746,background,tuna_retrained,0,9,86,0.39147286821705424
arabidopsis,arabidopsis:Q8L746,background,tuna_retrained,1,1,14,0.7857142857142857
arabidopsis,arabidopsis:Q8L746,matched,ipin_baseline,0,9,90,0.528395061728395
arabidopsis,arabidopsis:Q8L746,matched,ipin_baseline,1,1,10,0.5
arabidopsis,arabidopsis:Q8L746,matched,ipin_optimized,0,9,90,0.6024691358024692
arabidopsis,arabidopsis:Q8L746,matched,ipin_optimized,1,1,10,0.6
arabidopsis,arabidopsis:Q8L746,matched,tuna_retrained,0,9,90,0.408641975308642
arabidopsis,arabidopsis:Q8L746,matched,tuna_retrained,1,1,10,0.5
arabidopsis,arabidopsis:Q8L746,all_U,ipin_baseline,0,9,176,0.5896464646464646
arabidopsis,arabidopsis:Q8L746,all_U,ipin_baseline,1,1,24,0.5
arabidopsis,arabidopsis:Q8L746,all_U,ipin_optimized,0,9,176,0.6300505050505051
arabidopsis,arabidopsis:Q8L746,all_U,ipin_optimized,1,1,24,0.75
arabidopsis,arabidopsis:Q8L746,all_U,tuna_retrained,0,9,176,0.40025252525252525
arabidopsis,arabidopsis:Q8L746,all_U,tuna_retrained,1,1,24,0.6666666666666666
arabidopsis,arabidopsis:Q9SJI8,background,ipin_baseline,1,5,92,0.5760869565217391
arabidopsis,arabidopsis:Q9SJI8,background,ipin_optimized,1,5,92,0.6
arabidopsis,arabidopsis:Q9SJI8,background,tuna_retrained,1,5,92,0.7217391304347827
arabidopsis,arabidopsis:Q9SJI8,matched,ipin_baseline,1,5,77,0.5402597402597402
arabidopsis,arabidopsis:Q9SJI8,matched,ipin_optimized,1,5,77,0.5558441558441558
arabidopsis,arabidopsis:Q9SJI8,matched,tuna_retrained,1,5,77,0.7324675324675325
arabidopsis,arabidopsis:Q9SJI8,all_U,ipin_baseline,1,5,169,0.5597633136094674
arabidopsis,arabidopsis:Q9SJI8,all_U,ipin_optimized,1,5,169,0.5798816568047337
arabidopsis,arabidopsis:Q9SJI8,all_U,tuna_retrained,1,5,169,0.7266272189349112
arabidopsis,arabidopsis:Q9XEC3,background,ipin_baseline,0,9,88,0.9318181818181818
arabidopsis,arabidopsis:Q9XEC3,background,ipin_baseline,1,1,12,0.8333333333333334
arabidopsis,arabidopsis:Q9XEC3,background,ipin_optimized,0,9,88,0.8901515151515151
arabidopsis,arabidopsis:Q9XEC3,background,ipin_optimized,1,1,12,0.9166666666666666
arabidopsis,arabidopsis:Q9XEC3,background,tuna_retrained,0,9,88,0.9343434343434344
arabidopsis,arabidopsis:Q9XEC3,background,tuna_retrained,1,1,12,0.5
arabidopsis,arabidopsis:Q9XEC3,matched,ipin_baseline,0,9,84,0.9735449735449735
arabidopsis,arabidopsis:Q9XEC3,matched,ipin_baseline,1,1,16,0.75
arabidopsis,arabidopsis:Q9XEC3,matched,ipin_optimized,0,9,84,0.9325396825396826
arabidopsis,arabidopsis:Q9XEC3,matched,ipin_optimized,1,1,16,0.875
arabidopsis,arabidopsis:Q9XEC3,matched,tuna_retrained,0,9,84,0.9629629629629629
arabidopsis,arabidopsis:Q9XEC3,matched,tuna_retrained,1,1,16,0.5625
arabidopsis,arabidopsis:Q9XEC3,all_U,ipin_baseline,0,9,172,0.9521963824289406
arabidopsis,arabidopsis:Q9XEC3,all_U,ipin_baseline,1,1,28,0.7857142857142857
arabidopsis,arabidopsis:Q9XEC3,all_U,ipin_optimized,0,9,172,0.9108527131782945
arabidopsis,arabidopsis:Q9XEC3,all_U,ipin_optimized,1,1,28,0.8928571428571429
arabidopsis,arabidopsis:Q9XEC3,all_U,tuna_retrained,0,9,172,0.9483204134366925
arabidopsis,arabidopsis:Q9XEC3,all_U,tuna_retrained,1,1,28,0.5357142857142857
arabidopsis,arabidopsis:Q9LZD3,background,ipin_baseline,0,2,88,0.7897727272727273
arabidopsis,arabidopsis:Q9LZD3,background,ipin_optimized,0,2,88,0.6875
arabidopsis,arabidopsis:Q9LZD3,background,tuna_retrained,0,2,88,0.7443181818181818
arabidopsis,arabidopsis:Q9LZD3,matched,ipin_baseline,0,2,98,0.8316326530612245
arabidopsis,arabidopsis:Q9LZD3,matched,ipin_optimized,0,2,98,0.7244897959183674
arabidopsis,arabidopsis:Q9LZD3,matched,tuna_retrained,0,2,98,0.7397959183673469
arabidopsis,arabidopsis:Q9LZD3,all_U,ipin_baseline,0,2,186,0.8118279569892473
arabidopsis,arabidopsis:Q9LZD3,all_U,ipin_optimized,0,2,186,0.706989247311828
arabidopsis,arabidopsis:Q9LZD3,all_U,tuna_retrained,0,2,186,0.7419354838709677
arabidopsis,arabidopsis:P59220,background,ipin_baseline,0,2,92,0.6630434782608695
arabidopsis,arabidopsis:P59220,background,ipin_baseline,1,1,8,0.375
arabidopsis,arabidopsis:P59220,background,ipin_optimized,0,2,92,0.8206521739130435
arabidopsis,arabidopsis:P59220,background,ipin_optimized,1,1,8,0.625
arabidopsis,arabidopsis:P59220,background,tuna_retrained,0,2,92,0.5054347826086957
arabidopsis,arabidopsis:P59220,background,tuna_retrained,1,1,8,0.75
arabidopsis,arabidopsis:P59220,matched,ipin_baseline,0,2,95,0.7052631578947368
arabidopsis,arabidopsis:P59220,matched,ipin_baseline,1,1,5,0.2
arabidopsis,arabidopsis:P59220,matched,ipin_optimized,0,2,95,0.8473684210526315
arabidopsis,arabidopsis:P59220,matched,ipin_optimized,1,1,5,0.4
arabidopsis,arabidopsis:P59220,matched,tuna_retrained,0,2,95,0.5684210526315789
arabidopsis,arabidopsis:P59220,matched,tuna_retrained,1,1,5,0.6
arabidopsis,arabidopsis:P59220,all_U,ipin_baseline,0,2,187,0.6844919786096256
arabidopsis,arabidopsis:P59220,all_U,ipin_baseline,1,1,13,0.3076923076923077
arabidopsis,arabidopsis:P59220,all_U,ipin_optimized,0,2,187,0.8342245989304813
arabidopsis,arabidopsis:P59220,all_U,ipin_optimized,1,1,13,0.5384615384615384
arabidopsis,arabidopsis:P59220,all_U,tuna_retrained,0,2,187,0.5374331550802139
arabidopsis,arabidopsis:P59220,all_U,tuna_retrained,1,1,13,0.6923076923076923
arabidopsis,arabidopsis:Q9SVU5,background,ipin_baseline,0,2,85,0.8294117647058824
arabidopsis,arabidopsis:Q9SVU5,background,ipin_optimized,0,2,85,0.9058823529411765
arabidopsis,arabidopsis:Q9SVU5,background,tuna_retrained,0,2,85,0.8705882352941177
arabidopsis,arabidopsis:Q9SVU5,matched,ipin_baseline,0,2,85,0.8411764705882353
arabidopsis,arabidopsis:Q9SVU5,matched,ipin_optimized,0,2,85,0.8823529411764706
arabidopsis,arabidopsis:Q9SVU5,matched,tuna_retrained,0,2,85,0.8529411764705882
arabidopsis,arabidopsis:Q9SVU5,all_U,ipin_baseline,0,2,170,0.8352941176470589
arabidopsis,arabidopsis:Q9SVU5,all_U,ipin_optimized,0,2,170,0.8941176470588236
arabidopsis,arabidopsis:Q9SVU5,all_U,tuna_retrained,0,2,170,0.861764705882353
arabidopsis,arabidopsis:Q84JE5,background,ipin_baseline,0,5,89,0.8966292134831461
arabidopsis,arabidopsis:Q84JE5,background,ipin_optimized,0,5,89,0.9146067415730337
arabidopsis,arabidopsis:Q84JE5,background,tuna_retrained,0,5,89,0.9348314606741573
arabidopsis,arabidopsis:Q84JE5,matched,ipin_baseline,0,5,93,0.8903225806451613
arabidopsis,arabidopsis:Q84JE5,matched,ipin_optimized,0,5,93,0.9290322580645162
arabidopsis,arabidopsis:Q84JE5,matched,tuna_retrained,0,5,93,0.9505376344086022
arabidopsis,arabidopsis:Q84JE5,all_U,ipin_baseline,0,5,182,0.8934065934065935
arabidopsis,arabidopsis:Q84JE5,all_U,ipin_optimized,0,5,182,0.921978021978022
arabidopsis,arabidopsis:Q84JE5,all_U,tuna_retrained,0,5,182,0.9428571428571428
arabidopsis,arabidopsis:P48007,background,ipin_baseline,0,7,89,0.7078651685393258
arabidopsis,arabidopsis:P48007,background,ipin_optimized,0,7,89,0.6998394863563403
arabidopsis,arabidopsis:P48007,background,tuna_retrained,0,7,89,0.723916532905297
arabidopsis,arabidopsis:P48007,matched,ipin_baseline,0,7,96,0.6726190476190477
arabidopsis,arabidopsis:P48007,matched,ipin_optimized,0,7,96,0.6517857142857143
arabidopsis,arabidopsis:P48007,matched,tuna_retrained,0,7,96,0.6770833333333334
arabidopsis,arabidopsis:P48007,all_U,ipin_baseline,0,7,185,0.6895752895752896
arabidopsis,arabidopsis:P48007,all_U,ipin_optimized,0,7,185,0.6749034749034749
arabidopsis,arabidopsis:P48007,all_U,tuna_retrained,0,7,185,0.6996138996138996
arabidopsis,arabidopsis:Q9M0I9,background,ipin_baseline,0,2,91,0.5054945054945055
arabidopsis,arabidopsis:Q9M0I9,background,ipin_optimized,0,2,91,0.6758241758241759
arabidopsis,arabidopsis:Q9M0I9,background,tuna_retrained,0,2,91,0.8626373626373627
arabidopsis,arabidopsis:Q9M0I9,matched,ipin_baseline,0,2,88,0.5681818181818182
arabidopsis,arabidopsis:Q9M0I9,matched,ipin_optimized,0,2,88,0.6931818181818182
arabidopsis,arabidopsis:Q9M0I9,matched,tuna_retrained,0,2,88,0.8465909090909091
arabidopsis,arabidopsis:Q9M0I9,all_U,ipin_baseline,0,2,179,0.5363128491620112
arabidopsis,arabidopsis:Q9M0I9,all_U,ipin_optimized,0,2,179,0.6843575418994413
arabidopsis,arabidopsis:Q9M0I9,all_U,tuna_retrained,0,2,179,0.8547486033519553
arabidopsis,arabidopsis:B3H7D8,background,ipin_baseline,0,10,89,0.4067415730337079
arabidopsis,arabidopsis:B3H7D8,background,ipin_optimized,0,10,89,0.5550561797752809
arabidopsis,arabidopsis:B3H7D8,background,tuna_retrained,0,10,89,0.7303370786516854
arabidopsis,arabidopsis:B3H7D8,matched,ipin_baseline,0,10,90,0.44333333333333336
arabidopsis,arabidopsis:B3H7D8,matched,ipin_optimized,0,10,90,0.5933333333333334
arabidopsis,arabidopsis:B3H7D8,matched,tuna_retrained,0,10,90,0.6477777777777778
arabidopsis,arabidopsis:B3H7D8,all_U,ipin_baseline,0,10,179,0.4251396648044693
arabidopsis,arabidopsis:B3H7D8,all_U,ipin_optimized,0,10,179,0.5743016759776536
arabidopsis,arabidopsis:B3H7D8,all_U,tuna_retrained,0,10,179,0.6888268156424581
arabidopsis,arabidopsis:Q9ZQX4,background,ipin_baseline,0,3,93,0.46953405017921146
arabidopsis,arabidopsis:Q9ZQX4,background,ipin_optimized,0,3,93,0.6129032258064516
arabidopsis,arabidopsis:Q9ZQX4,background,tuna_retrained,0,3,93,0.8422939068100358
arabidopsis,arabidopsis:Q9ZQX4,matched,ipin_baseline,0,3,92,0.4492753623188406
arabidopsis,arabidopsis:Q9ZQX4,matched,ipin_optimized,0,3,92,0.5615942028985508
arabidopsis,arabidopsis:Q9ZQX4,matched,tuna_retrained,0,3,92,0.8115942028985508
arabidopsis,arabidopsis:Q9ZQX4,all_U,ipin_baseline,0,3,185,0.4594594594594595
arabidopsis,arabidopsis:Q9ZQX4,all_U,ipin_optimized,0,3,185,0.5873873873873874
arabidopsis,arabidopsis:Q9ZQX4,all_U,tuna_retrained,0,3,185,0.827027027027027
arabidopsis,arabidopsis:P45724,background,ipin_baseline,0,4,94,0.45478723404255317
arabidopsis,arabidopsis:P45724,background,ipin_optimized,0,4,94,0.5851063829787234
arabidopsis,arabidopsis:P45724,background,tuna_retrained,0,4,94,0.8297872340425532
arabidopsis,arabidopsis:P45724,matched,ipin_baseline,0,4,92,0.4701086956521739
arabidopsis,arabidopsis:P45724,matched,ipin_optimized,0,4,92,0.6304347826086957
arabidopsis,arabidopsis:P45724,matched,tuna_retrained,0,4,92,0.8695652173913043
arabidopsis,arabidopsis:P45724,all_U,ipin_baseline,0,4,186,0.46236559139784944
arabidopsis,arabidopsis:P45724,all_U,ipin_optimized,0,4,186,0.6075268817204301
arabidopsis,arabidopsis:P45724,all_U,tuna_retrained,0,4,186,0.8494623655913979
arabidopsis,arabidopsis:Q9LZ65,background,ipin_baseline,0,5,95,0.5368421052631579
arabidopsis,arabidopsis:Q9LZ65,background,ipin_optimized,0,5,95,0.6336842105263157
arabidopsis,arabidopsis:Q9LZ65,background,tuna_retrained,0,5,95,0.5368421052631579
arabidopsis,arabidopsis:Q9LZ65,matched,ipin_baseline,0,5,87,0.5218390804597701
arabidopsis,arabidopsis:Q9LZ65,matched,ipin_optimized,0,5,87,0.5747126436781609
arabidopsis,arabidopsis:Q9LZ65,matched,tuna_retrained,0,5,87,0.5885057471264368
arabidopsis,arabidopsis:Q9LZ65,all_U,ipin_baseline,0,5,182,0.5296703296703297
arabidopsis,arabidopsis:Q9LZ65,all_U,ipin_optimized,0,5,182,0.6054945054945055
arabidopsis,arabidopsis:Q9LZ65,all_U,tuna_retrained,0,5,182,0.5615384615384615
arabidopsis,arabidopsis:Q93V36,background,ipin_baseline,0,2,94,0.7553191489361702
arabidopsis,arabidopsis:Q93V36,background,ipin_optimized,0,2,94,0.7819148936170213
arabidopsis,arabidopsis:Q93V36,background,tuna_retrained,0,2,94,0.9042553191489362
arabidopsis,arabidopsis:Q93V36,matched,ipin_baseline,0,2,96,0.7395833333333334
arabidopsis,arabidopsis:Q93V36,matched,ipin_optimized,0,2,96,0.7760416666666666
arabidopsis,arabidopsis:Q93V36,matched,tuna_retrained,0,2,96,0.8958333333333334
arabidopsis,arabidopsis:Q93V36,all_U,ipin_baseline,0,2,190,0.7473684210526316
arabidopsis,arabidopsis:Q93V36,all_U,ipin_optimized,0,2,190,0.7789473684210526
arabidopsis,arabidopsis:Q93V36,all_U,tuna_retrained,0,2,190,0.9
arabidopsis,arabidopsis:B2C6R6,background,ipin_baseline,0,2,92,0.6956521739130435
arabidopsis,arabidopsis:B2C6R6,background,ipin_optimized,0,2,92,0.7065217391304348
arabidopsis,arabidopsis:B2C6R6,background,tuna_retrained,0,2,92,0.3858695652173913
arabidopsis,arabidopsis:B2C6R6,matched,ipin_baseline,0,2,95,0.7
arabidopsis,arabidopsis:B2C6R6,matched,ipin_optimized,0,2,95,0.7473684210526316
arabidopsis,arabidopsis:B2C6R6,matched,tuna_retrained,0,2,95,0.46842105263157896
arabidopsis,arabidopsis:B2C6R6,all_U,ipin_baseline,0,2,187,0.6978609625668449
arabidopsis,arabidopsis:B2C6R6,all_U,ipin_optimized,0,2,187,0.7272727272727273
arabidopsis,arabidopsis:B2C6R6,all_U,tuna_retrained,0,2,187,0.42780748663101603
arabidopsis,arabidopsis:Q8VYW1,background,ipin_baseline,0,6,92,0.4384057971014493
arabidopsis,arabidopsis:Q8VYW1,background,ipin_optimized,0,6,92,0.5416666666666666
arabidopsis,arabidopsis:Q8VYW1,background,tuna_retrained,0,6,92,0.572463768115942
arabidopsis,arabidopsis:Q8VYW1,matched,ipin_baseline,0,6,91,0.5146520146520146
arabidopsis,arabidopsis:Q8VYW1,matched,ipin_optimized,0,6,91,0.5512820512820513
arabidopsis,arabidopsis:Q8VYW1,matched,tuna_retrained,0,6,91,0.652014652014652
arabidopsis,arabidopsis:Q8VYW1,all_U,ipin_baseline,0,6,183,0.4763205828779599
arabidopsis,arabidopsis:Q8VYW1,all_U,ipin_optimized,0,6,183,0.546448087431694
arabidopsis,arabidopsis:Q8VYW1,all_U,tuna_retrained,0,6,183,0.6120218579234973
arabidopsis,arabidopsis:Q9LR64,background,ipin_baseline,0,3,92,0.8369565217391305
arabidopsis,arabidopsis:Q9LR64,background,ipin_optimized,0,3,92,0.8152173913043478
arabidopsis,arabidopsis:Q9LR64,background,tuna_retrained,0,3,92,0.605072463768116
arabidopsis,arabidopsis:Q9LR64,matched,ipin_baseline,0,3,88,0.7954545454545454
arabidopsis,arabidopsis:Q9LR64,matched,ipin_optimized,0,3,88,0.7613636363636364
arabidopsis,arabidopsis:Q9LR64,matched,tuna_retrained,0,3,88,0.571969696969697
arabidopsis,arabidopsis:Q9LR64,all_U,ipin_baseline,0,3,180,0.8166666666666667
arabidopsis,arabidopsis:Q9LR64,all_U,ipin_optimized,0,3,180,0.7888888888888889
arabidopsis,arabidopsis:Q9LR64,all_U,tuna_retrained,0,3,180,0.5888888888888889
ecoli,ecoli:P17410,background,ipin_baseline,0,6,99,0.8653198653198653
ecoli,ecoli:P17410,background,ipin_optimized,0,6,99,0.835016835016835
ecoli,ecoli:P17410,background,tuna_retrained,0,6,99,0.696969696969697
ecoli,ecoli:P17410,matched,ipin_baseline,0,6,97,0.8676975945017182
ecoli,ecoli:P17410,matched,ipin_optimized,0,6,97,0.8367697594501718
ecoli,ecoli:P17410,matched,tuna_retrained,0,6,97,0.634020618556701
ecoli,ecoli:P17410,all_U,ipin_baseline,0,6,196,0.8664965986394558
ecoli,ecoli:P17410,all_U,ipin_optimized,0,6,196,0.8358843537414966
ecoli,ecoli:P17410,all_U,tuna_retrained,0,6,196,0.6658163265306123
ecoli,ecoli:P0A8R9,background,ipin_baseline,0,5,96,0.7875
ecoli,ecoli:P0A8R9,background,ipin_optimized,0,5,96,0.85625
ecoli,ecoli:P0A8R9,background,tuna_retrained,0,5,96,0.6708333333333333
ecoli,ecoli:P0A8R9,matched,ipin_baseline,0,5,99,0.7616161616161616
ecoli,ecoli:P0A8R9,matched,ipin_optimized,0,5,99,0.797979797979798
ecoli,ecoli:P0A8R9,matched,tuna_retrained,0,5,99,0.591919191919192
ecoli,ecoli:P0A8R9,all_U,ipin_baseline,0,5,195,0.7743589743589744
ecoli,ecoli:P0A8R9,all_U,ipin_optimized,0,5,195,0.8266666666666667
ecoli,ecoli:P0A8R9,all_U,tuna_retrained,0,5,195,0.6307692307692307
ecoli,ecoli:P78271,background,ipin_baseline,0,2,98,0.16326530612244897
ecoli,ecoli:P78271,background,ipin_optimized,0,2,98,0.20918367346938777
ecoli,ecoli:P78271,background,tuna_retrained,0,2,98,0.24489795918367346
ecoli,ecoli:P78271,matched,ipin_baseline,0,2,99,0.1919191919191919
ecoli,ecoli:P78271,matched,ipin_optimized,0,2,99,0.2676767676767677
ecoli,ecoli:P78271,matched,tuna_retrained,0,2,99,0.2727272727272727
ecoli,ecoli:P78271,all_U,ipin_baseline,0,2,197,0.17766497461928935
ecoli,ecoli:P78271,all_U,ipin_optimized,0,2,197,0.23857868020304568
ecoli,ecoli:P78271,all_U,tuna_retrained,0,2,197,0.25888324873096447
ecoli,ecoli:P0ADI4,background,ipin_baseline,0,5,98,0.6448979591836734
ecoli,ecoli:P0ADI4,background,ipin_optimized,0,5,98,0.5857142857142857
ecoli,ecoli:P0ADI4,background,tuna_retrained,0,5,98,0.7020408163265306
ecoli,ecoli:P0ADI4,matched,ipin_baseline,0,5,98,0.6244897959183674
ecoli,ecoli:P0ADI4,matched,ipin_optimized,0,5,98,0.5816326530612245
ecoli,ecoli:P0ADI4,matched,tuna_retrained,0,5,98,0.763265306122449
ecoli,ecoli:P0ADI4,all_U,ipin_baseline,0,5,196,0.6346938775510204
ecoli,ecoli:P0ADI4,all_U,ipin_optimized,0,5,196,0.5836734693877551
ecoli,ecoli:P0ADI4,all_U,tuna_retrained,0,5,196,0.7326530612244898
ecoli,ecoli:P37759,background,ipin_baseline,0,3,100,0.66
ecoli,ecoli:P37759,background,ipin_optimized,0,3,100,0.5366666666666666
ecoli,ecoli:P37759,background,tuna_retrained,0,3,100,0.43
ecoli,ecoli:P37759,matched,ipin_baseline,0,3,97,0.7491408934707904
ecoli,ecoli:P37759,matched,ipin_optimized,0,3,97,0.5670103092783505
ecoli,ecoli:P37759,matched,tuna_retrained,0,3,97,0.4536082474226804
ecoli,ecoli:P37759,all_U,ipin_baseline,0,3,197,0.7038917089678511
ecoli,ecoli:P37759,all_U,ipin_optimized,0,3,197,0.5516074450084603
ecoli,ecoli:P37759,all_U,tuna_retrained,0,3,197,0.4416243654822335
ecoli,ecoli:P0A7A5,background,ipin_baseline,1,2,98,0.7091836734693877
ecoli,ecoli:P0A7A5,background,ipin_optimized,1,2,98,0.7091836734693877
ecoli,ecoli:P0A7A5,background,tuna_retrained,1,2,98,0.8877551020408163
ecoli,ecoli:P0A7A5,matched,ipin_baseline,1,2,98,0.6683673469387755
ecoli,ecoli:P0A7A5,matched,ipin_optimized,1,2,98,0.6377551020408163
ecoli,ecoli:P0A7A5,matched,tuna_retrained,1,2,98,0.826530612244898
ecoli,ecoli:P0A7A5,all_U,ipin_baseline,1,2,196,0.6887755102040817
ecoli,ecoli:P0A7A5,all_U,ipin_optimized,1,2,196,0.673469387755102
ecoli,ecoli:P0A7A5,all_U,tuna_retrained,1,2,196,0.8571428571428571
ecoli,ecoli:P20605,background,ipin_baseline,0,4,95,0.3894736842105263
ecoli,ecoli:P20605,background,ipin_optimized,0,4,95,0.5026315789473684
ecoli,ecoli:P20605,background,tuna_retrained,0,4,95,0.3105263157894737
ecoli,ecoli:P20605,matched,ipin_baseline,0,4,97,0.4587628865979381
ecoli,ecoli:P20605,matched,ipin_optimized,0,4,97,0.6082474226804123
ecoli,ecoli:P20605,matched,tuna_retrained,0,4,97,0.3247422680412371
ecoli,ecoli:P20605,all_U,ipin_baseline,0,4,192,0.4244791666666667
ecoli,ecoli:P20605,all_U,ipin_optimized,0,4,192,0.5559895833333334
ecoli,ecoli:P20605,all_U,tuna_retrained,0,4,192,0.3177083333333333
ecoli,ecoli:P77650,background,ipin_baseline,0,5,100,0.546
ecoli,ecoli:P77650,background,ipin_optimized,0,5,100,0.514
ecoli,ecoli:P77650,background,tuna_retrained,0,5,100,0.666
ecoli,ecoli:P77650,matched,ipin_baseline,0,5,98,0.5938775510204082
ecoli,ecoli:P77650,matched,ipin_optimized,0,5,98,0.563265306122449
ecoli,ecoli:P77650,matched,tuna_retrained,0,5,98,0.6571428571428571
ecoli,ecoli:P77650,all_U,ipin_baseline,0,5,198,0.5696969696969697
ecoli,ecoli:P77650,all_U,ipin_optimized,0,5,198,0.5383838383838384
ecoli,ecoli:P77650,all_U,tuna_retrained,0,5,198,0.6616161616161617
ecoli,ecoli:P0A858,background,ipin_baseline,0,2,97,0.19072164948453607
ecoli,ecoli:P0A858,background,ipin_optimized,0,2,97,0.30927835051546393
ecoli,ecoli:P0A858,background,tuna_retrained,0,2,97,0.5154639175257731
ecoli,ecoli:P0A858,matched,ipin_baseline,0,2,98,0.15816326530612246
ecoli,ecoli:P0A858,matched,ipin_optimized,0,2,98,0.23979591836734693
ecoli,ecoli:P0A858,matched,tuna_retrained,0,2,98,0.5663265306122449
ecoli,ecoli:P0A858,all_U,ipin_baseline,0,2,195,0.17435897435897435
ecoli,ecoli:P0A858,all_U,ipin_optimized,0,2,195,0.2743589743589744
ecoli,ecoli:P0A858,all_U,tuna_retrained,0,2,195,0.541025641025641
ecoli,ecoli:P33129,background,ipin_baseline,0,5,100,0.398
ecoli,ecoli:P33129,background,ipin_optimized,0,5,100,0.384
ecoli,ecoli:P33129,background,tuna_retrained,0,5,100,0.596
ecoli,ecoli:P33129,matched,ipin_baseline,0,5,98,0.4489795918367347
ecoli,ecoli:P33129,matched,ipin_optimized,0,5,98,0.45510204081632655
ecoli,ecoli:P33129,matched,tuna_retrained,0,5,98,0.6693877551020408
ecoli,ecoli:P33129,all_U,ipin_baseline,0,5,198,0.42323232323232324
ecoli,ecoli:P33129,all_U,ipin_optimized,0,5,198,0.41919191919191917
ecoli,ecoli:P33129,all_U,tuna_retrained,0,5,198,0.6323232323232323
ecoli,ecoli:P75691,background,ipin_baseline,0,2,99,0.7878787878787878
ecoli,ecoli:P75691,background,ipin_optimized,0,2,99,0.7878787878787878
ecoli,ecoli:P75691,background,tuna_retrained,0,2,99,0.9494949494949495
ecoli,ecoli:P75691,matched,ipin_baseline,0,2,98,0.7755102040816326
ecoli,ecoli:P75691,matched,ipin_optimized,0,2,98,0.8214285714285714
ecoli,ecoli:P75691,matched,tuna_retrained,0,2,98,0.923469387755102
ecoli,ecoli:P75691,all_U,ipin_baseline,0,2,197,0.7817258883248731
ecoli,ecoli:P75691,all_U,ipin_optimized,0,2,197,0.8045685279187818
ecoli,ecoli:P75691,all_U,tuna_retrained,0,2,197,0.9365482233502538
ecoli,ecoli:P0AG51,background,ipin_baseline,0,2,97,0.4329896907216495
ecoli,ecoli:P0AG51,background,ipin_optimized,0,2,97,0.5773195876288659
ecoli,ecoli:P0AG51,background,tuna_retrained,0,2,97,0.5927835051546392
ecoli,ecoli:P0AG51,matched,ipin_baseline,0,2,98,0.4387755102040816
ecoli,ecoli:P0AG51,matched,ipin_optimized,0,2,98,0.5408163265306123
ecoli,ecoli:P0AG51,matched,tuna_retrained,0,2,98,0.4846938775510204
ecoli,ecoli:P0AG51,all_U,ipin_baseline,0,2,195,0.4358974358974359
ecoli,ecoli:P0AG51,all_U,ipin_optimized,0,2,195,0.558974358974359
ecoli,ecoli:P0AG51,all_U,tuna_retrained,0,2,195,0.5384615384615384
ecoli,ecoli:P32669,background,ipin_baseline,0,4,97,0.595360824742268
ecoli,ecoli:P32669,background,ipin_optimized,0,4,97,0.5902061855670103
ecoli,ecoli:P32669,background,tuna_retrained,0,4,97,0.6030927835051546
ecoli,ecoli:P32669,matched,ipin_baseline,0,4,96,0.6041666666666666
ecoli,ecoli:P32669,matched,ipin_optimized,0,4,96,0.59375
ecoli,ecoli:P32669,matched,tuna_retrained,0,4,96,0.578125
ecoli,ecoli:P32669,all_U,ipin_baseline,0,4,193,0.5997409326424871
ecoli,ecoli:P32669,all_U,ipin_optimized,0,4,193,0.5919689119170984
ecoli,ecoli:P32669,all_U,tuna_retrained,0,4,193,0.5906735751295337
ecoli,ecoli:P69222,background,ipin_baseline,0,3,97,0.41924398625429554
ecoli,ecoli:P69222,background,ipin_optimized,0,3,97,0.47079037800687284
ecoli,ecoli:P69222,background,tuna_retrained,0,3,97,0.44329896907216493
ecoli,ecoli:P69222,matched,ipin_baseline,0,3,97,0.4329896907216495
ecoli,ecoli:P69222,matched,ipin_optimized,0,3,97,0.4948453608247423
ecoli,ecoli:P69222,matched,tuna_retrained,0,3,97,0.41580756013745707
ecoli,ecoli:P69222,all_U,ipin_baseline,0,3,194,0.4261168384879725
ecoli,ecoli:P69222,all_U,ipin_optimized,0,3,194,0.48281786941580757
ecoli,ecoli:P69222,all_U,tuna_retrained,0,3,194,0.42955326460481097
ecoli,ecoli:P0A6E6,background,ipin_baseline,0,3,97,0.7250859106529209
ecoli,ecoli:P0A6E6,background,ipin_optimized,0,3,97,0.711340206185567
ecoli,ecoli:P0A6E6,background,tuna_retrained,0,3,97,0.6804123711340206
ecoli,ecoli:P0A6E6,matched,ipin_baseline,0,3,96,0.7465277777777778
ecoli,ecoli:P0A6E6,matched,ipin_optimized,0,3,96,0.6736111111111112
ecoli,ecoli:P0A6E6,matched,tuna_retrained,0,3,96,0.6736111111111112
ecoli,ecoli:P0A6E6,all_U,ipin_baseline,0,3,193,0.7357512953367875
ecoli,ecoli:P0A6E6,all_U,ipin_optimized,0,3,193,0.6925734024179621
ecoli,ecoli:P0A6E6,all_U,tuna_retrained,0,3,193,0.6770293609671848
ecoli,ecoli:P39265,background,ipin_baseline,0,2,98,0.46938775510204084
ecoli,ecoli:P39265,background,ipin_optimized,0,2,98,0.42346938775510207
ecoli,ecoli:P39265,background,tuna_retrained,0,2,98,0.4336734693877551
ecoli,ecoli:P39265,matched,ipin_baseline,0,2,98,0.5357142857142857
ecoli,ecoli:P39265,matched,ipin_optimized,0,2,98,0.4489795918367347
ecoli,ecoli:P39265,matched,tuna_retrained,0,2,98,0.3673469387755102
ecoli,ecoli:P39265,all_U,ipin_baseline,0,2,196,0.5025510204081632
ecoli,ecoli:P39265,all_U,ipin_optimized,0,2,196,0.4362244897959184
ecoli,ecoli:P39265,all_U,tuna_retrained,0,2,196,0.4005102040816326
ecoli,ecoli:P63284,background,ipin_baseline,0,2,100,0.45
ecoli,ecoli:P63284,background,ipin_optimized,0,2,100,0.385
ecoli,ecoli:P63284,background,tuna_retrained,0,2,100,0.63
ecoli,ecoli:P63284,matched,ipin_baseline,0,2,100,0.47
ecoli,ecoli:P63284,matched,ipin_optimized,0,2,100,0.545
ecoli,ecoli:P63284,matched,tuna_retrained,0,2,100,0.715
ecoli,ecoli:P63284,all_U,ipin_baseline,0,2,200,0.46
ecoli,ecoli:P63284,all_U,ipin_optimized,0,2,200,0.465
ecoli,ecoli:P63284,all_U,tuna_retrained,0,2,200,0.6725
ecoli,ecoli:P0A6T3,background,ipin_baseline,0,4,99,0.19696969696969696
ecoli,ecoli:P0A6T3,background,ipin_optimized,0,4,99,0.33585858585858586
ecoli,ecoli:P0A6T3,background,tuna_retrained,0,4,99,0.7323232323232324
ecoli,ecoli:P0A6T3,matched,ipin_baseline,0,4,99,0.21717171717171718
ecoli,ecoli:P0A6T3,matched,ipin_optimized,0,4,99,0.31313131313131315
ecoli,ecoli:P0A6T3,matched,tuna_retrained,0,4,99,0.696969696969697
ecoli,ecoli:P0A6T3,all_U,ipin_baseline,0,4,198,0.20707070707070707
ecoli,ecoli:P0A6T3,all_U,ipin_optimized,0,4,198,0.3244949494949495
ecoli,ecoli:P0A6T3,all_U,tuna_retrained,0,4,198,0.7146464646464646
ecoli,ecoli:P0A9I3,background,ipin_baseline,0,3,99,0.39730639730639733
ecoli,ecoli:P0A9I3,background,ipin_optimized,0,3,99,0.41414141414141414
ecoli,ecoli:P0A9I3,background,tuna_retrained,0,3,99,0.6296296296296297
ecoli,ecoli:P0A9I3,matched,ipin_baseline,0,3,94,0.36524822695035464
ecoli,ecoli:P0A9I3,matched,ipin_optimized,0,3,94,0.3900709219858156
ecoli,ecoli:P0A9I3,matched,tuna_retrained,0,3,94,0.6312056737588653
ecoli,ecoli:P0A9I3,all_U,ipin_baseline,0,3,193,0.38169257340241797
ecoli,ecoli:P0A9I3,all_U,ipin_optimized,0,3,193,0.40241796200345425
ecoli,ecoli:P0A9I3,all_U,tuna_retrained,0,3,193,0.6303972366148531
ecoli,ecoli:P75864,background,ipin_baseline,0,4,98,0.7091836734693877
ecoli,ecoli:P75864,background,ipin_optimized,0,4,98,0.5204081632653061
ecoli,ecoli:P75864,background,tuna_retrained,0,4,98,0.6198979591836735
ecoli,ecoli:P75864,matched,ipin_baseline,0,4,97,0.615979381443299
ecoli,ecoli:P75864,matched,ipin_optimized,0,4,97,0.49226804123711343
ecoli,ecoli:P75864,matched,tuna_retrained,0,4,97,0.6958762886597938
ecoli,ecoli:P75864,all_U,ipin_baseline,0,4,195,0.6628205128205128
ecoli,ecoli:P75864,all_U,ipin_optimized,0,4,195,0.5064102564102564
ecoli,ecoli:P75864,all_U,tuna_retrained,0,4,195,0.6576923076923077
ecoli,ecoli:P64559,background,ipin_baseline,0,2,98,0.23469387755102042
ecoli,ecoli:P64559,background,ipin_optimized,0,2,98,0.4336734693877551
ecoli,ecoli:P64559,background,tuna_retrained,0,2,98,0.336734693877551
ecoli,ecoli:P64559,matched,ipin_baseline,0,2,96,0.3333333333333333
ecoli,ecoli:P64559,matched,ipin_optimized,0,2,96,0.4947916666666667
ecoli,ecoli:P64559,matched,tuna_retrained,0,2,96,0.40625
ecoli,ecoli:P64559,all_U,ipin_baseline,0,2,194,0.28350515463917525
ecoli,ecoli:P64559,all_U,ipin_optimized,0,2,194,0.4639175257731959
ecoli,ecoli:P64559,all_U,tuna_retrained,0,2,194,0.3711340206185567
ecoli,ecoli:P0AG30,background,ipin_baseline,0,5,100,0.48
ecoli,ecoli:P0AG30,background,ipin_optimized,0,5,100,0.6
ecoli,ecoli:P0AG30,background,tuna_retrained,0,5,100,0.528
ecoli,ecoli:P0AG30,matched,ipin_baseline,0,5,98,0.6040816326530613
ecoli,ecoli:P0AG30,matched,ipin_optimized,0,5,98,0.6632653061224489
ecoli,ecoli:P0AG30,matched,tuna_retrained,0,5,98,0.5204081632653061
ecoli,ecoli:P0AG30,all_U,ipin_baseline,0,5,198,0.5414141414141415
ecoli,ecoli:P0AG30,all_U,ipin_optimized,0,5,198,0.6313131313131313
ecoli,ecoli:P0AG30,all_U,tuna_retrained,0,5,198,0.5242424242424243
ecoli,ecoli:P18811,background,ipin_baseline,0,3,98,0.3741496598639456
ecoli,ecoli:P18811,background,ipin_optimized,0,3,98,0.3741496598639456
ecoli,ecoli:P18811,background,tuna_retrained,0,3,98,0.4387755102040816
ecoli,ecoli:P18811,matched,ipin_baseline,0,3,98,0.336734693877551
ecoli,ecoli:P18811,matched,ipin_optimized,0,3,98,0.2789115646258503
ecoli,ecoli:P18811,matched,tuna_retrained,0,3,98,0.43197278911564624
ecoli,ecoli:P18811,all_U,ipin_baseline,0,3,196,0.3554421768707483
ecoli,ecoli:P18811,all_U,ipin_optimized,0,3,196,0.32653061224489793
ecoli,ecoli:P18811,all_U,tuna_retrained,0,3,196,0.43537414965986393
ecoli,ecoli:P08839,background,ipin_baseline,0,2,100,0.545
ecoli,ecoli:P08839,background,ipin_optimized,0,2,100,0.645
ecoli,ecoli:P08839,background,tuna_retrained,0,2,100,0.56
ecoli,ecoli:P08839,matched,ipin_baseline,0,2,96,0.5416666666666666
ecoli,ecoli:P08839,matched,ipin_optimized,0,2,96,0.5885416666666666
ecoli,ecoli:P08839,matched,tuna_retrained,0,2,96,0.5
ecoli,ecoli:P08839,all_U,ipin_baseline,0,2,196,0.5433673469387755
ecoli,ecoli:P08839,all_U,ipin_optimized,0,2,196,0.6173469387755102
ecoli,ecoli:P08839,all_U,tuna_retrained,0,2,196,0.5306122448979592
ecoli,ecoli:P17115,background,ipin_baseline,0,2,98,0.3520408163265306
ecoli,ecoli:P17115,background,ipin_optimized,0,2,98,0.17346938775510204
ecoli,ecoli:P17115,background,tuna_retrained,0,2,98,0.6530612244897959
ecoli,ecoli:P17115,matched,ipin_baseline,0,2,99,0.41414141414141414
ecoli,ecoli:P17115,matched,ipin_optimized,0,2,99,0.2727272727272727
ecoli,ecoli:P17115,matched,tuna_retrained,0,2,99,0.6767676767676768
ecoli,ecoli:P17115,all_U,ipin_baseline,0,2,197,0.383248730964467
ecoli,ecoli:P17115,all_U,ipin_optimized,0,2,197,0.2233502538071066
ecoli,ecoli:P17115,all_U,tuna_retrained,0,2,197,0.6649746192893401
ecoli,ecoli:P37640,background,ipin_baseline,0,2,98,0.33163265306122447
ecoli,ecoli:P37640,background,ipin_baseline,1,1,2,1.0
ecoli,ecoli:P37640,background,ipin_optimized,0,2,98,0.45918367346938777
ecoli,ecoli:P37640,background,ipin_optimized,1,1,2,1.0
ecoli,ecoli:P37640,background,tuna_retrained,0,2,98,0.4387755102040816
ecoli,ecoli:P37640,background,tuna_retrained,1,1,2,1.0
ecoli,ecoli:P37640,matched,ipin_baseline,0,2,99,0.2676767676767677
ecoli,ecoli:P37640,matched,ipin_baseline,1,1,1,0.0
ecoli,ecoli:P37640,matched,ipin_optimized,0,2,99,0.35353535353535354
ecoli,ecoli:P37640,matched,ipin_optimized,1,1,1,0.0
ecoli,ecoli:P37640,matched,tuna_retrained,0,2,99,0.46464646464646464
ecoli,ecoli:P37640,matched,tuna_retrained,1,1,1,0.0
ecoli,ecoli:P37640,all_U,ipin_baseline,0,2,197,0.29949238578680204
ecoli,ecoli:P37640,all_U,ipin_baseline,1,1,3,0.6666666666666666
ecoli,ecoli:P37640,all_U,ipin_optimized,0,2,197,0.40609137055837563
ecoli,ecoli:P37640,all_U,ipin_optimized,1,1,3,0.6666666666666666
ecoli,ecoli:P37640,all_U,tuna_retrained,0,2,197,0.4517766497461929
ecoli,ecoli:P37640,all_U,tuna_retrained,1,1,3,0.6666666666666666
ecoli,ecoli:P15070,background,ipin_baseline,0,8,98,0.6224489795918368
ecoli,ecoli:P15070,background,ipin_baseline,1,2,2,0.75
ecoli,ecoli:P15070,background,ipin_optimized,0,8,98,0.5625
ecoli,ecoli:P15070,background,ipin_optimized,1,2,2,0.5
ecoli,ecoli:P15070,background,tuna_retrained,0,8,98,0.6020408163265306
ecoli,ecoli:P15070,background,tuna_retrained,1,2,2,0.75
ecoli,ecoli:P15070,matched,ipin_baseline,0,8,97,0.5786082474226805
ecoli,ecoli:P15070,matched,ipin_baseline,1,2,3,0.5
ecoli,ecoli:P15070,matched,ipin_optimized,0,8,97,0.4884020618556701
ecoli,ecoli:P15070,matched,ipin_optimized,1,2,3,0.16666666666666666
ecoli,ecoli:P15070,matched,tuna_retrained,0,8,97,0.5115979381443299
ecoli,ecoli:P15070,matched,tuna_retrained,1,2,3,0.5
ecoli,ecoli:P15070,all_U,ipin_baseline,0,8,195,0.6006410256410256
ecoli,ecoli:P15070,all_U,ipin_baseline,1,2,5,0.6
ecoli,ecoli:P15070,all_U,ipin_optimized,0,8,195,0.5256410256410257
ecoli,ecoli:P15070,all_U,ipin_optimized,1,2,5,0.3
ecoli,ecoli:P15070,all_U,tuna_retrained,0,8,195,0.5570512820512821
ecoli,ecoli:P15070,all_U,tuna_retrained,1,2,5,0.6
ecoli,ecoli:P0A8I5,background,ipin_baseline,0,4,95,0.5105263157894737
ecoli,ecoli:P0A8I5,background,ipin_optimized,0,4,95,0.37105263157894736
ecoli,ecoli:P0A8I5,background,tuna_retrained,0,4,95,0.3973684210526316
ecoli,ecoli:P0A8I5,matched,ipin_baseline,0,4,99,0.48484848484848486
ecoli,ecoli:P0A8I5,matched,ipin_optimized,0,4,99,0.398989898989899
ecoli,ecoli:P0A8I5,matched,tuna_retrained,0,4,99,0.39141414141414144
ecoli,ecoli:P0A8I5,all_U,ipin_baseline,0,4,194,0.49742268041237114
ecoli,ecoli:P0A8I5,all_U,ipin_optimized,0,4,194,0.3853092783505155
ecoli,ecoli:P0A8I5,all_U,tuna_retrained,0,4,194,0.3943298969072165
ecoli,ecoli:P0A7L8,background,ipin_baseline,0,4,98,0.4030612244897959
ecoli,ecoli:P0A7L8,background,ipin_optimized,0,4,98,0.6913265306122449
ecoli,ecoli:P0A7L8,background,tuna_retrained,0,4,98,0.6147959183673469
ecoli,ecoli:P0A7L8,matched,ipin_baseline,0,4,99,0.3838383838383838
ecoli,ecoli:P0A7L8,matched,ipin_optimized,0,4,99,0.6464646464646465
ecoli,ecoli:P0A7L8,matched,tuna_retrained,0,4,99,0.6262626262626263
ecoli,ecoli:P0A7L8,all_U,ipin_baseline,0,4,197,0.3934010152284264
ecoli,ecoli:P0A7L8,all_U,ipin_optimized,0,4,197,0.6687817258883249
ecoli,ecoli:P0A7L8,all_U,tuna_retrained,0,4,197,0.6205583756345178
ecoli,ecoli:P0A8A8,background,ipin_baseline,0,4,99,0.7222222222222222
ecoli,ecoli:P0A8A8,background,ipin_optimized,0,4,99,0.6085858585858586
ecoli,ecoli:P0A8A8,background,tuna_retrained,0,4,99,0.4595959595959596
ecoli,ecoli:P0A8A8,matched,ipin_baseline,0,4,98,0.6989795918367347
ecoli,ecoli:P0A8A8,matched,ipin_optimized,0,4,98,0.6020408163265306
ecoli,ecoli:P0A8A8,matched,tuna_retrained,0,4,98,0.45153061224489793
ecoli,ecoli:P0A8A8,all_U,ipin_baseline,0,4,197,0.7106598984771574
ecoli,ecoli:P0A8A8,all_U,ipin_optimized,0,4,197,0.6053299492385786
ecoli,ecoli:P0A8A8,all_U,tuna_retrained,0,4,197,0.45558375634517767
ecoli,ecoli:P0AAF6,background,ipin_baseline,0,6,96,0.5885416666666666
ecoli,ecoli:P0AAF6,background,ipin_optimized,0,6,96,0.6875
ecoli,ecoli:P0AAF6,background,tuna_retrained,0,6,96,0.578125
ecoli,ecoli:P0AAF6,matched,ipin_baseline,0,6,97,0.6048109965635738
ecoli,ecoli:P0AAF6,matched,ipin_optimized,0,6,97,0.7010309278350515
ecoli,ecoli:P0AAF6,matched,tuna_retrained,0,6,97,0.5893470790378007
ecoli,ecoli:P0AAF6,all_U,ipin_baseline,0,6,193,0.5967184801381693
ecoli,ecoli:P0AAF6,all_U,ipin_optimized,0,6,193,0.694300518134715
ecoli,ecoli:P0AAF6,all_U,tuna_retrained,0,6,193,0.5837651122625216
ecoli,ecoli:P08142,background,ipin_baseline,0,2,98,0.6377551020408163
ecoli,ecoli:P08142,background,ipin_optimized,0,2,98,0.8010204081632653
ecoli,ecoli:P08142,background,tuna_retrained,0,2,98,0.6938775510204082
ecoli,ecoli:P08142,matched,ipin_baseline,0,2,100,0.615
ecoli,ecoli:P08142,matched,ipin_optimized,0,2,100,0.84
ecoli,ecoli:P08142,matched,tuna_retrained,0,2,100,0.645
ecoli,ecoli:P08142,all_U,ipin_baseline,0,2,198,0.6262626262626263
ecoli,ecoli:P08142,all_U,ipin_optimized,0,2,198,0.8207070707070707
ecoli,ecoli:P08142,all_U,tuna_retrained,0,2,198,0.6691919191919192
ecoli,ecoli:P0A7B1,background,ipin_baseline,0,6,97,0.5137457044673539
ecoli,ecoli:P0A7B1,background,ipin_optimized,0,6,97,0.6323024054982818
ecoli,ecoli:P0A7B1,background,tuna_retrained,0,6,97,0.5498281786941581
ecoli,ecoli:P0A7B1,matched,ipin_baseline,0,6,99,0.5168350168350169
ecoli,ecoli:P0A7B1,matched,ipin_optimized,0,6,99,0.6178451178451179
ecoli,ecoli:P0A7B1,matched,tuna_retrained,0,6,99,0.5656565656565656
ecoli,ecoli:P0A7B1,all_U,ipin_baseline,0,6,196,0.5153061224489796
ecoli,ecoli:P0A7B1,all_U,ipin_optimized,0,6,196,0.625
ecoli,ecoli:P0A7B1,all_U,tuna_retrained,0,6,196,0.5578231292517006
ecoli,ecoli:P07649,background,ipin_baseline,0,5,95,0.6
ecoli,ecoli:P07649,background,ipin_optimized,0,5,95,0.5326315789473685
ecoli,ecoli:P07649,background,tuna_retrained,0,5,95,0.5894736842105263
ecoli,ecoli:P07649,matched,ipin_baseline,0,5,98,0.6122448979591837
ecoli,ecoli:P07649,matched,ipin_optimized,0,5,98,0.5285714285714286
ecoli,ecoli:P07649,matched,tuna_retrained,0,5,98,0.5530612244897959
ecoli,ecoli:P07649,all_U,ipin_baseline,0,5,193,0.6062176165803109
ecoli,ecoli:P07649,all_U,ipin_optimized,0,5,193,0.5305699481865285
ecoli,ecoli:P07649,all_U,tuna_retrained,0,5,193,0.5709844559585492
ecoli,ecoli:P33358,background,ipin_baseline,0,2,98,0.8622448979591837
ecoli,ecoli:P33358,background,ipin_baseline,1,1,2,0.0
ecoli,ecoli:P33358,background,ipin_optimized,0,2,98,0.7857142857142857
ecoli,ecoli:P33358,background,ipin_optimized,1,1,2,0.0
ecoli,ecoli:P33358,background,tuna_retrained,0,2,98,0.6836734693877551
ecoli,ecoli:P33358,background,tuna_retrained,1,1,2,1.0
ecoli,ecoli:P33358,matched,ipin_baseline,0,2,98,0.8316326530612245
ecoli,ecoli:P33358,matched,ipin_baseline,1,1,2,0.0
ecoli,ecoli:P33358,matched,ipin_optimized,0,2,98,0.7193877551020408
ecoli,ecoli:P33358,matched,ipin_optimized,1,1,2,0.0
ecoli,ecoli:P33358,matched,tuna_retrained,0,2,98,0.6020408163265306
ecoli,ecoli:P33358,matched,tuna_retrained,1,1,2,0.5
ecoli,ecoli:P33358,all_U,ipin_baseline,0,2,196,0.8469387755102041
ecoli,ecoli:P33358,all_U,ipin_baseline,1,1,4,0.0
ecoli,ecoli:P33358,all_U,ipin_optimized,0,2,196,0.7525510204081632
ecoli,ecoli:P33358,all_U,ipin_optimized,1,1,4,0.0
ecoli,ecoli:P33358,all_U,tuna_retrained,0,2,196,0.6428571428571429
ecoli,ecoli:P33358,all_U,tuna_retrained,1,1,4,0.75
ecoli,ecoli:P46144,background,ipin_baseline,0,5,100,0.49
ecoli,ecoli:P46144,background,ipin_optimized,0,5,100,0.384
ecoli,ecoli:P46144,background,tuna_retrained,0,5,100,0.53
ecoli,ecoli:P46144,matched,ipin_baseline,0,5,99,0.6
ecoli,ecoli:P46144,matched,ipin_optimized,0,5,99,0.42828282828282827
ecoli,ecoli:P46144,matched,tuna_retrained,0,5,99,0.5858585858585859
ecoli,ecoli:P46144,all_U,ipin_baseline,0,5,199,0.5447236180904522
ecoli,ecoli:P46144,all_U,ipin_optimized,0,5,199,0.40603015075376886
ecoli,ecoli:P46144,all_U,tuna_retrained,0,5,199,0.5577889447236181
ecoli,ecoli:P30138,background,ipin_baseline,0,3,99,0.6734006734006734
ecoli,ecoli:P30138,background,ipin_optimized,0,3,99,0.6835016835016835
ecoli,ecoli:P30138,background,tuna_retrained,0,3,99,0.8417508417508418
ecoli,ecoli:P30138,matched,ipin_baseline,0,3,99,0.7171717171717171
ecoli,ecoli:P30138,matched,ipin_optimized,0,3,99,0.7171717171717171
ecoli,ecoli:P30138,matched,tuna_retrained,0,3,99,0.8619528619528619
ecoli,ecoli:P30138,all_U,ipin_baseline,0,3,198,0.6952861952861953
ecoli,ecoli:P30138,all_U,ipin_optimized,0,3,198,0.7003367003367004
ecoli,ecoli:P30138,all_U,tuna_retrained,0,3,198,0.8518518518518519
ecoli,ecoli:P28903,background,ipin_baseline,0,3,99,0.734006734006734
ecoli,ecoli:P28903,background,ipin_optimized,0,3,99,0.7845117845117845
ecoli,ecoli:P28903,background,tuna_retrained,0,3,99,0.6666666666666666
ecoli,ecoli:P28903,matched,ipin_baseline,0,3,98,0.7210884353741497
ecoli,ecoli:P28903,matched,ipin_optimized,0,3,98,0.7346938775510204
ecoli,ecoli:P28903,matched,tuna_retrained,0,3,98,0.6020408163265306
ecoli,ecoli:P28903,all_U,ipin_baseline,0,3,197,0.727580372250423
ecoli,ecoli:P28903,all_U,ipin_optimized,0,3,197,0.7597292724196277
ecoli,ecoli:P28903,all_U,tuna_retrained,0,3,197,0.6345177664974619
ecoli,ecoli:P33225,background,ipin_baseline,0,1,96,0.4895833333333333
ecoli,ecoli:P33225,background,ipin_baseline,1,1,4,0.5
ecoli,ecoli:P33225,background,ipin_optimized,0,1,96,0.6041666666666666
ecoli,ecoli:P33225,background,ipin_optimized,1,1,4,0.5
ecoli,ecoli:P33225,background,tuna_retrained,0,1,96,0.90625
ecoli,ecoli:P33225,background,tuna_retrained,1,1,4,0.0
ecoli,ecoli:P33225,matched,ipin_baseline,0,1,97,0.6288659793814433
ecoli,ecoli:P33225,matched,ipin_baseline,1,1,3,0.3333333333333333
ecoli,ecoli:P33225,matched,ipin_optimized,0,1,97,0.6185567010309279
ecoli,ecoli:P33225,matched,ipin_optimized,1,1,3,0.0
ecoli,ecoli:P33225,matched,tuna_retrained,0,1,97,0.8144329896907216
ecoli,ecoli:P33225,matched,tuna_retrained,1,1,3,0.0
ecoli,ecoli:P33225,all_U,ipin_baseline,0,1,193,0.5595854922279793
ecoli,ecoli:P33225,all_U,ipin_baseline,1,1,7,0.42857142857142855
ecoli,ecoli:P33225,all_U,ipin_optimized,0,1,193,0.6113989637305699
ecoli,ecoli:P33225,all_U,ipin_optimized,1,1,7,0.2857142857142857
ecoli,ecoli:P33225,all_U,tuna_retrained,0,1,193,0.8601036269430051
ecoli,ecoli:P33225,all_U,tuna_retrained,1,1,7,0.0
ecoli,ecoli:P41443,background,ipin_baseline,0,3,97,0.5945017182130584
ecoli,ecoli:P41443,background,ipin_optimized,0,3,97,0.7216494845360825
ecoli,ecoli:P41443,background,tuna_retrained,0,3,97,0.5360824742268041
ecoli,ecoli:P41443,matched,ipin_baseline,0,3,98,0.6394557823129252
ecoli,ecoli:P41443,matched,ipin_optimized,0,3,98,0.7414965986394558
ecoli,ecoli:P41443,matched,tuna_retrained,0,3,98,0.5272108843537415
ecoli,ecoli:P41443,all_U,ipin_baseline,0,3,195,0.6170940170940171
ecoli,ecoli:P41443,all_U,ipin_optimized,0,3,195,0.7316239316239316
ecoli,ecoli:P41443,all_U,tuna_retrained,0,3,195,0.5316239316239316
ecoli,ecoli:P0AD68,background,ipin_baseline,0,7,99,0.8701298701298701
ecoli,ecoli:P0AD68,background,ipin_optimized,0,7,99,0.873015873015873
ecoli,ecoli:P0AD68,background,tuna_retrained,0,7,99,0.6998556998556998
ecoli,ecoli:P0AD68,matched,ipin_baseline,0,7,99,0.8441558441558441
ecoli,ecoli:P0AD68,matched,ipin_optimized,0,7,99,0.8427128427128427
ecoli,ecoli:P0AD68,matched,tuna_retrained,0,7,99,0.6940836940836941
ecoli,ecoli:P0AD68,all_U,ipin_baseline,0,7,198,0.8571428571428571
ecoli,ecoli:P0AD68,all_U,ipin_optimized,0,7,198,0.8578643578643579
ecoli,ecoli:P0AD68,all_U,tuna_retrained,0,7,198,0.696969696969697
ecoli,ecoli:P0A850,background,ipin_baseline,0,3,97,0.4879725085910653
ecoli,ecoli:P0A850,background,ipin_optimized,0,3,97,0.4845360824742268
ecoli,ecoli:P0A850,background,tuna_retrained,0,3,97,0.3848797250859107
ecoli,ecoli:P0A850,matched,ipin_baseline,0,3,96,0.5451388888888888
ecoli,ecoli:P0A850,matched,ipin_optimized,0,3,96,0.4826388888888889
ecoli,ecoli:P0A850,matched,tuna_retrained,0,3,96,0.3402777777777778
ecoli,ecoli:P0A850,all_U,ipin_baseline,0,3,193,0.5164075993091537
ecoli,ecoli:P0A850,all_U,ipin_optimized,0,3,193,0.4835924006908463
ecoli,ecoli:P0A850,all_U,tuna_retrained,0,3,193,0.3626943005181347
ecoli,ecoli:P77493,background,ipin_baseline,0,2,99,0.9090909090909091
ecoli,ecoli:P77493,background,ipin_optimized,0,2,99,0.7727272727272727
ecoli,ecoli:P77493,background,tuna_retrained,0,2,99,0.5808080808080808
ecoli,ecoli:P77493,matched,ipin_baseline,0,2,97,0.8505154639175257
ecoli,ecoli:P77493,matched,ipin_optimized,0,2,97,0.6855670103092784
ecoli,ecoli:P77493,matched,tuna_retrained,0,2,97,0.6237113402061856
ecoli,ecoli:P77493,all_U,ipin_baseline,0,2,196,0.8801020408163265
ecoli,ecoli:P77493,all_U,ipin_optimized,0,2,196,0.7295918367346939
ecoli,ecoli:P77493,all_U,tuna_retrained,0,2,196,0.6020408163265306
ecoli,ecoli:P0AAY6,background,ipin_baseline,0,7,98,0.60932944606414
ecoli,ecoli:P0AAY6,background,ipin_optimized,0,7,98,0.6924198250728864
ecoli,ecoli:P0AAY6,background,tuna_retrained,0,7,98,0.6224489795918368
ecoli,ecoli:P0AAY6,matched,ipin_baseline,0,7,99,0.5800865800865801
ecoli,ecoli:P0AAY6,matched,ipin_optimized,0,7,99,0.6998556998556998
ecoli,ecoli:P0AAY6,matched,tuna_retrained,0,7,99,0.56998556998557
ecoli,ecoli:P0AAY6,all_U,ipin_baseline,0,7,197,0.5946337926033357
ecoli,ecoli:P0AAY6,all_U,ipin_optimized,0,7,197,0.6961566352429297
ecoli,ecoli:P0AAY6,all_U,tuna_retrained,0,7,197,0.5960841189267585
ecoli,ecoli:P00895,background,ipin_baseline,0,4,96,0.5130208333333334
ecoli,ecoli:P00895,background,ipin_optimized,0,4,96,0.5442708333333334
ecoli,ecoli:P00895,background,tuna_retrained,0,4,96,0.4947916666666667
ecoli,ecoli:P00895,matched,ipin_baseline,0,4,98,0.5892857142857143
ecoli,ecoli:P00895,matched,ipin_optimized,0,4,98,0.5994897959183674
ecoli,ecoli:P00895,matched,tuna_retrained,0,4,98,0.4897959183673469
ecoli,ecoli:P00895,all_U,ipin_baseline,0,4,194,0.5515463917525774
ecoli,ecoli:P00895,all_U,ipin_optimized,0,4,194,0.5721649484536082
ecoli,ecoli:P00895,all_U,tuna_retrained,0,4,194,0.49226804123711343
ecoli,ecoli:P77378,background,ipin_baseline,0,4,94,0.35106382978723405
ecoli,ecoli:P77378,background,ipin_optimized,0,4,94,0.4787234042553192
ecoli,ecoli:P77378,background,tuna_retrained,0,4,94,0.4574468085106383
ecoli,ecoli:P77378,matched,ipin_baseline,0,4,98,0.35459183673469385
ecoli,ecoli:P77378,matched,ipin_optimized,0,4,98,0.5025510204081632
ecoli,ecoli:P77378,matched,tuna_retrained,0,4,98,0.49489795918367346
ecoli,ecoli:P77378,all_U,ipin_baseline,0,4,192,0.3528645833333333
ecoli,ecoli:P77378,all_U,ipin_optimized,0,4,192,0.4908854166666667
ecoli,ecoli:P77378,all_U,tuna_retrained,0,4,192,0.4765625
ecoli,ecoli:P25522,background,ipin_baseline,1,3,99,0.5757575757575758
ecoli,ecoli:P25522,background,ipin_optimized,1,3,99,0.6161616161616161
ecoli,ecoli:P25522,background,tuna_retrained,1,3,99,0.48484848484848486
ecoli,ecoli:P25522,matched,ipin_baseline,1,3,98,0.5578231292517006
ecoli,ecoli:P25522,matched,ipin_optimized,1,3,98,0.6054421768707483
ecoli,ecoli:P25522,matched,tuna_retrained,1,3,98,0.5
ecoli,ecoli:P25522,all_U,ipin_baseline,1,3,197,0.5668358714043993
ecoli,ecoli:P25522,all_U,ipin_optimized,1,3,197,0.61082910321489
ecoli,ecoli:P25522,all_U,tuna_retrained,1,3,197,0.49238578680203043
ecoli,ecoli:P0ABA6,background,ipin_baseline,0,6,97,0.5652920962199313
ecoli,ecoli:P0ABA6,background,ipin_optimized,0,6,97,0.6683848797250859
ecoli,ecoli:P0ABA6,background,tuna_retrained,0,6,97,0.5584192439862543
ecoli,ecoli:P0ABA6,matched,ipin_baseline,0,6,97,0.6065292096219931
ecoli,ecoli:P0ABA6,matched,ipin_optimized,0,6,97,0.6821305841924399
ecoli,ecoli:P0ABA6,matched,tuna_retrained,0,6,97,0.5343642611683849
ecoli,ecoli:P0ABA6,all_U,ipin_baseline,0,6,194,0.5859106529209622
ecoli,ecoli:P0ABA6,all_U,ipin_optimized,0,6,194,0.6752577319587629
ecoli,ecoli:P0ABA6,all_U,tuna_retrained,0,6,194,0.5463917525773195
ecoli,ecoli:P69910,background,ipin_baseline,0,2,100,0.57
ecoli,ecoli:P69910,background,ipin_optimized,0,2,100,0.685
ecoli,ecoli:P69910,background,tuna_retrained,0,2,100,0.295
ecoli,ecoli:P69910,matched,ipin_baseline,0,2,99,0.6363636363636364
ecoli,ecoli:P69910,matched,ipin_optimized,0,2,99,0.702020202020202
ecoli,ecoli:P69910,matched,tuna_retrained,0,2,99,0.3181818181818182
ecoli,ecoli:P69910,all_U,ipin_baseline,0,2,199,0.6030150753768844
ecoli,ecoli:P69910,all_U,ipin_optimized,0,2,199,0.6934673366834171
ecoli,ecoli:P69910,all_U,tuna_retrained,0,2,199,0.3065326633165829
ecoli,ecoli:P0A7Q1,background,ipin_baseline,0,3,100,0.5933333333333334
ecoli,ecoli:P0A7Q1,background,ipin_optimized,0,3,100,0.4266666666666667
ecoli,ecoli:P0A7Q1,background,tuna_retrained,0,3,100,0.43
ecoli,ecoli:P0A7Q1,matched,ipin_baseline,0,3,97,0.5223367697594502
ecoli,ecoli:P0A7Q1,matched,ipin_optimized,0,3,97,0.32646048109965636
ecoli,ecoli:P0A7Q1,matched,tuna_retrained,0,3,97,0.46735395189003437
ecoli,ecoli:P0A7Q1,all_U,ipin_baseline,0,3,197,0.5583756345177665
ecoli,ecoli:P0A7Q1,all_U,ipin_optimized,0,3,197,0.377326565143824
ecoli,ecoli:P0A7Q1,all_U,tuna_retrained,0,3,197,0.44839255499153974
