query_gene,partner_gene,query_uniprot,partner_uniprot,class,U_stratum,original_tuna_prior_pair,prior_train_development_pair,query_training_accession_positive_degree,query_training_accession_sampled_negative_degree,query_training_exact_sequence_positive_degree,query_training_exact_sequence_sampled_negative_degree,query_validation_accession_positive_degree,query_validation_accession_sampled_negative_degree,query_validation_exact_sequence_positive_degree,query_validation_exact_sequence_sampled_negative_degree,partner_training_accession_positive_degree,partner_training_accession_sampled_negative_degree,partner_training_exact_sequence_positive_degree,partner_training_exact_sequence_sampled_negative_degree,partner_validation_accession_positive_degree,partner_validation_accession_sampled_negative_degree,partner_validation_exact_sequence_positive_degree,partner_validation_exact_sequence_sampled_negative_degree,partner_training_seen,partner_positive_degree,partner_positive_degree_fraction
ERN1,ERN1,O75460,O75460,P,,False,False,24,26,24,26,0,0,0,0,24,26,24,26,0,0,0,0,1,24,0.4807692307692308
ERN1,HSPA5,O75460,P11021,P,,False,False,24,26,24,26,0,0,0,0,0,0,0,0,0,0,0,0,0,0,0.5
ERN1,PDIA6,O75460,Q15084,P,,False,False,24,26,24,26,0,0,0,0,0,0,0,0,0,0,0,0,0,0,0.5
ERN1,SEC61A1,O75460,P61619,P,,False,False,24,26,24,26,0,0,0,0,0,0,0,0,0,0,0,0,0,0,0.5
ERN1,CFTR,O75460,P13569,U,context,False,False,24,26,24,26,0,0,0,0,333,315,333,315,0,0,0,0,1,333,0.5138461538461538
ERN1,TLR7,O75460,Q9NYK1,U,context,False,False,24,26,24,26,0,0,0,0,0,0,0,0,5,5,5,5,0,0,0.5
ERN1,STT3B,O75460,Q8TCJ2,U,context,False,False,24,26,24,26,0,0,0,0,0,0,0,0,35,29,35,29,0,0,0.5
ERN1,NRROS,O75460,Q86YC3,U,context,False,False,24,26,24,26,0,0,0,0,0,0,0,0,0,0,0,0,0,0,0.5
ERN1,B3GALNT2,O75460,Q8NCR0,U,context,False,False,24,26,24,26,0,0,0,0,0,0,0,0,0,0,0,0,0,0,0.5
ERN1,ABCG1,O75460,P45844,U,context,False,False,24,26,24,26,0,0,0,0,7,7,7,7,0,0,0,0,1,7,0.5
ERN1,EXTL3,O75460,O43909,U,context,False,False,24,26,24,26,0,0,0,0,14,16,14,16,0,0,0,0,1,14,0.46875
ERN1,PIGS,O75460,Q96S52,U,context,False,False,24,26,24,26,0,0,0,0,0,0,0,0,0,0,0,0,0,0,0.5
ERN1,CDKAL1,O75460,Q5VV42,U,context,False,False,24,26,24,26,0,0,0,0,47,49,47,49,0,0,0,0,1,47,0.4897959183673469
ERN1,PDZD8,O75460,Q8NEN9,U,context,False,False,24,26,24,26,0,0,0,0,31,33,31,33,0,0,0,0,1,31,0.48484848484848486
ERN1,PIGN,O75460,O95427,U,context,False,False,24,26,24,26,0,0,0,0,0,0,0,0,0,0,0,0,0,0,0.5
ERN1,SACM1L,O75460,Q9NTJ5,U,context,False,False,24,26,24,26,0,0,0,0,22,35,22,35,0,0,0,0,1,22,0.3898305084745763
ERN1,STIM2,O75460,Q9P246,U,context,False,False,24,26,24,26,0,0,0,0,26,28,26,28,0,0,0,0,1,26,0.48214285714285715
ERN1,POM121,O75460,Q96HA1,U,context,False,False,24,26,24,26,0,0,0,0,0,0,0,0,0,0,0,0,0,0,0.5
ERN1,CYP4F11,O75460,Q9HBI6,U,context,False,False,24,26,24,26,0,0,0,0,0,0,0,0,0,0,0,0,0,0,0.5
ERN1,CLPTM1L,O75460,Q96KA5,U,context,False,False,24,26,24,26,0,0,0,0,0,0,0,0,0,0,0,0,0,0,0.5
ERN1,PKD2,O75460,Q13563,U,context,False,False,24,26,24,26,0,0,0,0,0,0,0,0,15,28,15,28,0,0,0.5
ERN1,TMEM151B,O75460,Q8IW70,U,context,False,False,24,26,24,26,0,0,0,0,0,0,0,0,0,0,0,0,0,0,0.5
ERN1,ESYT1,O75460,Q9BSJ8,U,context,False,False,24,26,24,26,0,0,0,0,53,56,53,56,0,0,0,0,1,53,0.4864864864864865
ERN1,RNF103,O75460,O00237,U,context,False,False,24,26,24,26,0,0,0,0,7,7,7,7,0,0,0,0,1,7,0.5
ERN1,AMFR,O75460,Q9UKV5,U,context,False,False,24,26,24,26,0,0,0,0,0,0,0,0,0,0,0,0,0,0,0.5
ERN1,RNF145,O75460,Q96MT1,U,context,False,False,24,26,24,26,0,0,0,0,10,9,10,9,0,0,0,0,1,10,0.5238095238095238
ERN1,SLC37A2,O75460,Q8TED4,U,context,False,False,24,26,24,26,0,0,0,0,0,0,0,0,0,0,0,0,0,0,0.5
ERN1,SEZ6L,O75460,Q9BYH1,U,context,False,False,24,26,24,26,0,0,0,0,0,0,0,0,3,5,3,5,0,0,0.5
ERN1,CANX,O75460,P27824,U,context,False,False,24,26,24,26,0,0,0,0,0,0,0,0,0,0,0,0,0,0,0.5
ERN1,CLSTN2,O75460,Q9H4D0,U,context,False,False,24,26,24,26,0,0,0,0,0,0,0,0,0,0,0,0,0,0,0.5
ERN1,CYP7A1,O75460,P22680,U,context,False,False,24,26,24,26,0,0,0,0,0,0,0,0,0,0,0,0,0,0,0.5
ERN1,ATP2A2,O75460,P16615,U,context,False,False,24,26,24,26,0,0,0,0,0,0,0,0,0,0,0,0,0,0,0.5
ERN1,PNPLA8,O75460,Q9NP80,U,context,False,False,24,26,24,26,0,0,0,0,0,0,0,0,0,0,0,0,0,0,0.5
ERN1,CREB3L1,O75460,Q96BA8,U,context,False,False,24,26,24,26,0,0,0,0,0,0,0,0,0,0,0,0,0,0,0.5
ERN1,ATP8B1,O75460,O43520,U,context,False,False,24,26,24,26,0,0,0,0,0,0,0,0,0,0,0,0,0,0,0.5
ERN1,HHATL,O75460,Q9HCP6,U,context,False,False,24,26,24,26,0,0,0,0,0,0,0,0,0,0,0,0,0,0,0.5
ERN1,TRPM8,O75460,Q7Z2W7,U,context,False,False,24,26,24,26,0,0,0,0,6,4,6,4,0,0,0,0,1,6,0.5833333333333334
ERN1,JPH1,O75460,Q9HDC5,U,context,False,False,24,26,24,26,0,0,0,0,0,0,0,0,0,0,0,0,0,0,0.5
ERN1,ROBO1,O75460,Q9Y6N7,U,context,False,False,24,26,24,26,0,0,0,0,0,0,0,0,0,0,0,0,0,0,0.5
ERN1,WLS,O75460,Q5T9L3,U,context,False,False,24,26,24,26,0,0,0,0,0,0,0,0,0,0,0,0,0,0,0.5
ERN1,SLC27A4,O75460,Q6P1M0,U,context,False,False,24,26,24,26,0,0,0,0,0,0,0,0,0,0,0,0,0,0,0.5
ERN1,RFT1,O75460,Q96AA3,U,context,False,False,24,26,24,26,0,0,0,0,0,0,0,0,0,0,0,0,0,0,0.5
ERN1,DHCR24,O75460,Q15392,U,context,False,False,24,26,24,26,0,0,0,0,23,28,23,28,0,0,0,0,1,23,0.4528301886792453
ERN1,CLGN,O75460,O14967,U,context,False,False,24,26,24,26,0,0,0,0,0,0,0,0,72,54,72,54,0,0,0.5
ERN1,LBR,O75460,Q14739,U,context,False,False,24,26,24,26,0,0,0,0,0,0,0,0,33,31,33,31,0,0,0.5
ERN1,GRAMD1A,O75460,Q96CP6,U,context,False,False,24,26,24,26,0,0,0,0,0,0,0,0,0,0,0,0,0,0,0.5
ERN1,ERMP1,O75460,Q7Z2K6,U,context,False,False,24,26,24,26,0,0,0,0,0,0,0,0,36,37,36,37,0,0,0.5
ERN1,SLC30A1,O75460,Q9Y6M5,U,context,False,False,24,26,24,26,0,0,0,0,0,0,0,0,0,0,0,0,0,0,0.5
ERN1,ANO5,O75460,Q75V66,U,context,False,False,24,26,24,26,0,0,0,0,0,0,0,0,0,0,0,0,0,0,0.5
ERN1,DSE,O75460,Q9UL01,U,context,False,False,24,26,24,26,0,0,0,0,0,0,0,0,13,14,13,14,0,0,0.5
ERN1,CSPG5,O75460,O95196,U,context,False,False,24,26,24,26,0,0,0,0,0,0,0,0,8,12,8,12,0,0,0.5
ERN1,RHBDF2,O75460,Q6PJF5,U,context,False,False,24,26,24,26,0,0,0,0,0,0,0,0,39,37,39,37,0,0,0.5
ERN1,TMEM67,O75460,Q5HYA8,U,context,False,False,24,26,24,26,0,0,0,0,0,0,0,0,35,45,35,45,0,0,0.5
ERN1,ANKLE2,O75460,Q86XL3,U,context,False,False,24,26,24,26,0,0,0,0,53,53,53,53,0,0,0,0,1,53,0.5
ERN1,SEMA4B,O75460,Q9NPR2,U,background,False,False,24,26,24,26,0,0,0,0,0,0,0,0,12,16,12,16,0,0,0.5
ERN1,ARCN1,O75460,P48444,U,background,False,False,24,26,24,26,0,0,0,0,49,45,49,45,0,0,0,0,1,49,0.5208333333333334
ERN1,INTS3,O75460,Q68E01,U,background,False,False,24,26,24,26,0,0,0,0,0,0,0,0,0,0,0,0,0,0,0.5
ERN1,DCAF8L2,O75460,P0C7V8,U,background,False,False,24,26,24,26,0,0,0,0,0,0,0,0,0,0,0,0,0,0,0.5
ERN1,DCLRE1C,O75460,Q96SD1,U,background,False,False,24,26,24,26,0,0,0,0,0,0,0,0,7,7,7,7,0,0,0.5
ERN1,SYN1,O75460,P17600,U,background,False,False,24,26,24,26,0,0,0,0,20,32,20,32,0,0,0,0,1,20,0.3888888888888889
ERN1,TGM1,O75460,P22735,U,background,False,False,24,26,24,26,0,0,0,0,0,0,0,0,39,38,39,38,0,0,0.5
ERN1,NLRP10,O75460,Q86W26,U,background,False,False,24,26,24,26,0,0,0,0,0,0,0,0,1,8,1,8,0,0,0.5
ERN1,LGALS3BP,O75460,Q08380,U,background,False,False,24,26,24,26,0,0,0,0,0,0,0,0,0,0,0,0,0,0,0.5
ERN1,NCOA2,O75460,Q15596,U,background,False,False,24,26,24,26,0,0,0,0,0,0,0,0,0,0,0,0,0,0,0.5
ERN1,CTNND1,O75460,O60716,U,background,False,False,24,26,24,26,0,0,0,0,60,81,60,81,0,0,0,0,1,60,0.42657342657342656
ERN1,FLYWCH1,O75460,Q4VC44,U,background,False,False,24,26,24,26,0,0,0,0,0,0,0,0,3,3,3,3,0,0,0.5
ERN1,ANO8,O75460,Q9HCE9,U,background,False,False,24,26,24,26,0,0,0,0,0,0,0,0,0,0,0,0,0,0,0.5
ERN1,PRKD1,O75460,Q15139,U,background,False,False,24,26,24,26,0,0,0,0,40,56,40,56,0,0,0,0,1,40,0.41836734693877553
ERN1,ZNF546,O75460,Q86UE3,U,background,False,False,24,26,24,26,0,0,0,0,0,0,0,0,0,0,0,0,0,0,0.5
ERN1,NPHP4,O75460,O75161,U,background,False,False,24,26,24,26,0,0,0,0,0,0,0,0,0,0,0,0,0,0,0.5
ERN1,DENND1A,O75460,Q8TEH3,U,background,False,False,24,26,24,26,0,0,0,0,31,38,31,38,0,0,0,0,1,31,0.4507042253521127
ERN1,ENTPD2,O75460,Q9Y5L3,U,background,False,False,24,26,24,26,0,0,0,0,0,0,0,0,0,0,0,0,0,0,0.5
ERN1,EXO1,O75460,Q9UQ84,U,background,False,False,24,26,24,26,0,0,0,0,0,0,0,0,0,0,0,0,0,0,0.5
ERN1,ITGA6,O75460,P23229,U,background,False,False,24,26,24,26,0,0,0,0,0,0,0,0,0,0,0,0,0,0,0.5
ERN1,DLL4,O75460,Q9NR61,U,background,False,False,24,26,24,26,0,0,0,0,0,0,0,0,0,0,0,0,0,0,0.5
ERN1,ANKRD13C,O75460,Q8N6S4,U,background,False,False,24,26,24,26,0,0,0,0,3,3,3,3,0,0,0,0,1,3,0.5
ERN1,EPHA6,O75460,Q9UF33,U,background,False,False,24,26,24,26,0,0,0,0,3,4,3,4,0,0,0,0,1,3,0.4444444444444444
ERN1,CYP1B1,O75460,Q16678,U,background,False,False,24,26,24,26,0,0,0,0,0,0,0,0,1,2,1,2,0,0,0.5
ERN1,SESN3,O75460,P58005,U,background,False,False,24,26,24,26,0,0,0,0,0,0,0,0,0,0,0,0,0,0,0.5
ERN1,AP1G2,O75460,O75843,U,background,False,False,24,26,24,26,0,0,0,0,0,0,0,0,0,0,0,0,0,0,0.5
ERN1,MARK4,O75460,Q96L34,U,background,False,False,24,26,24,26,0,0,0,0,0,0,0,0,0,0,0,0,0,0,0.5
ERN1,ZSWIM6,O75460,Q9HCJ5,U,background,False,False,24,26,24,26,0,0,0,0,0,0,0,0,2,3,2,3,0,0,0.5
ERN1,MAP3K11,O75460,Q16584,U,background,False,False,24,26,24,26,0,0,0,0,0,0,0,0,0,0,0,0,0,0,0.5
ERN1,SLC22A10,O75460,Q63ZE4,U,background,False,False,24,26,24,26,0,0,0,0,0,0,0,0,0,0,0,0,0,0,0.5
ERN1,STK31,O75460,Q9BXU1,U,background,False,False,24,26,24,26,0,0,0,0,3,5,3,5,0,0,0,0,1,3,0.4
ERN1,FAM91A1,O75460,Q658Y4,U,background,False,False,24,26,24,26,0,0,0,0,32,46,32,46,0,0,0,0,1,32,0.4125
ERN1,DLAT,O75460,P10515,U,background,False,False,24,26,24,26,0,0,0,0,54,54,54,54,0,0,0,0,1,54,0.5
ERN1,SLC6A4,O75460,P31645,U,background,False,False,24,26,24,26,0,0,0,0,0,0,0,0,0,0,0,0,0,0,0.5
ERN1,CCDC14,O75460,Q49A88,U,background,False,False,24,26,24,26,0,0,0,0,60,58,60,58,0,0,0,0,1,60,0.5083333333333333
ERN1,EIF4G3,O75460,O43432,U,background,False,False,24,26,24,26,0,0,0,0,0,0,0,0,0,0,0,0,0,0,0.5
ERN1,NUP160,O75460,Q12769,U,background,False,False,24,26,24,26,0,0,0,0,0,0,0,0,28,29,28,29,0,0,0.5
ERN1,ADAM11,O75460,O75078,U,background,False,False,24,26,24,26,0,0,0,0,0,0,0,0,0,0,0,0,0,0,0.5
ERN1,PLAG1,O75460,Q6DJT9,U,background,False,False,24,26,24,26,0,0,0,0,0,0,0,0,0,0,0,0,0,0,0.5
ERN1,REXO1,O75460,Q8N1G1,U,background,False,False,24,26,24,26,0,0,0,0,2,2,2,2,0,0,0,0,1,2,0.5
ERN1,ACVRL1,O75460,P37023,U,background,False,False,24,26,24,26,0,0,0,0,0,0,0,0,0,0,0,0,0,0,0.5
ERN1,ZNF287,O75460,Q9HBT7,U,background,False,False,24,26,24,26,0,0,0,0,0,0,0,0,0,0,0,0,0,0,0.5
ERN1,TFRC,O75460,P02786,U,background,False,False,24,26,24,26,0,0,0,0,0,0,0,0,0,0,0,0,0,0,0.5
ERN1,KCNH1,O75460,O95259,U,background,False,False,24,26,24,26,0,0,0,0,0,0,0,0,4,9,4,9,0,0,0.5
ERN1,DIAPH1,O75460,O60610,U,background,False,False,24,26,24,26,0,0,0,0,28,47,28,47,0,0,0,0,1,28,0.37662337662337664
ERN1,PHTF2,O75460,Q8N3S3,U,background,False,False,24,26,24,26,0,0,0,0,0,0,0,0,0,0,0,0,0,0,0.5
ERN1,PGLYRP2,O75460,Q96PD5,U,background,False,False,24,26,24,26,0,0,0,0,0,0,0,0,0,0,0,0,0,0,0.5
ERN1,PHACTR4,O75460,Q8IZ21,U,background,False,False,24,26,24,26,0,0,0,0,0,0,0,0,10,17,10,17,0,0,0.5
ERN1,KANK1,O75460,Q14678,U,background,False,False,24,26,24,26,0,0,0,0,14,20,14,20,0,0,0,0,1,14,0.4166666666666667
ERN1,ROCK2,O75460,O75116,U,background,False,False,24,26,24,26,0,0,0,0,30,53,30,53,0,0,0,0,1,30,0.36470588235294116
ERN1,POGLUT1,O75460,Q8NBL1,U,context,False,False,24,26,24,26,0,0,0,0,0,0,0,0,7,8,7,8,0,0,0.5
ERN1,SIRT6,O75460,Q8N6T7,U,context,False,False,24,26,24,26,0,0,0,0,0,0,0,0,0,0,0,0,0,0,0.5
ERN1,ATG14,O75460,Q6ZNE5,U,context,False,False,24,26,24,26,0,0,0,0,24,27,24,27,0,0,0,0,1,24,0.4716981132075472
ERN1,MTMR9,O75460,Q96QG7,U,context,False,False,24,26,24,26,0,0,0,0,22,32,22,32,0,0,0,0,1,22,0.4107142857142857
ERN1,PRSS50,O75460,Q9UI38,U,context,False,False,24,26,24,26,0,0,0,0,0,0,0,0,8,8,8,8,0,0,0.5
ERN1,SCYL1,O75460,Q96KG9,U,context,False,False,24,26,24,26,0,0,0,0,0,0,0,0,0,0,0,0,0,0,0.5
ERN1,TRIM32,O75460,Q13049,U,context,False,False,24,26,24,26,0,0,0,0,55,58,55,58,0,0,0,0,1,55,0.48695652173913045
ERN1,NHLRC1,O75460,Q6VVB1,U,context,False,False,24,26,24,26,0,0,0,0,6,1,6,1,0,0,0,0,1,6,0.7777777777777778
ERN1,SULF2,O75460,Q8IWU5,U,context,False,False,24,26,24,26,0,0,0,0,0,0,0,0,0,0,0,0,0,0,0.5
ERN1,CYP2C18,O75460,P33260,U,context,False,False,24,26,24,26,0,0,0,0,0,0,0,0,0,0,0,0,0,0,0.5
ERN1,TESPA1,O75460,A2RU30,U,context,False,False,24,26,24,26,0,0,0,0,0,0,0,0,1,0,1,0,0,0,0.5
ERN1,CYP26A1,O75460,O43174,U,context,False,False,24,26,24,26,0,0,0,0,0,0,0,0,0,0,0,0,0,0,0.5
ERN1,CYP2F1,O75460,P24903,U,context,False,False,24,26,24,26,0,0,0,0,0,0,0,0,0,0,0,0,0,0,0.5
ERN1,NPHS2,O75460,Q9NP85,U,context,False,False,24,26,24,26,0,0,0,0,2,0,2,0,0,0,0,0,1,2,0.75
ERN1,CYP2J2,O75460,P51589,U,context,False,False,24,26,24,26,0,0,0,0,0,0,0,0,4,5,4,5,0,0,0.5
ERN1,ASPSCR1,O75460,Q9BZE9,U,context,False,False,24,26,24,26,0,0,0,0,24,25,24,25,0,0,0,0,1,24,0.49019607843137253
ERN1,PDIA4,O75460,P13667,U,context,False,False,24,26,24,26,0,0,0,0,0,0,0,0,0,0,0,0,0,0,0.5
ERN1,RSAD2,O75460,Q8WXG1,U,context,False,False,24,26,24,26,0,0,0,0,13,6,13,6,0,0,0,0,1,13,0.6666666666666666
ERN1,RCN3,O75460,Q96D15,U,context,False,False,24,26,24,26,0,0,0,0,0,0,0,0,0,0,0,0,0,0,0.5
ERN1,KLHL14,O75460,Q9P2G3,U,context,False,False,24,26,24,26,0,0,0,0,0,0,0,0,0,0,0,0,0,0,0.5
ERN1,CALR,O75460,P27797,U,context,False,False,24,26,24,26,0,0,0,0,0,0,0,0,89,89,89,89,0,0,0.5
ERN1,SEC24D,O75460,O94855,U,context,False,False,24,26,24,26,0,0,0,0,0,0,0,0,0,0,0,0,0,0,0.5
ERN1,PLOD3,O75460,O60568,U,context,False,False,24,26,24,26,0,0,0,0,0,0,0,0,35,49,35,49,0,0,0.5
ERN1,SRP68,O75460,Q9UHB9,U,context,False,False,24,26,24,26,0,0,0,0,40,45,40,45,0,0,0,0,1,40,0.47126436781609193
ERN1,LGI1,O75460,O95970,U,context,False,False,24,26,24,26,0,0,0,0,0,0,0,0,13,15,13,15,0,0,0.5
ERN1,GASK1A,O75460,Q9UFP1,U,context,False,False,24,26,24,26,0,0,0,0,0,0,0,0,0,0,0,0,0,0,0.5
ERN1,RASGRP1,O75460,O95267,U,context,False,False,24,26,24,26,0,0,0,0,2,4,2,4,0,0,0,0,1,2,0.375
ERN1,AZIN2,O75460,Q96A70,U,context,False,False,24,26,24,26,0,0,0,0,0,0,0,0,0,0,0,0,0,0,0.5
ERN1,DDN,O75460,O94850,U,context,False,False,24,26,24,26,0,0,0,0,3,4,3,4,0,0,0,0,1,3,0.4444444444444444
ERN1,COLGALT1,O75460,Q8NBJ5,U,context,False,False,24,26,24,26,0,0,0,0,0,0,0,0,0,0,0,0,0,0,0.5
ERN1,P3H1,O75460,Q32P28,U,context,False,False,24,26,24,26,0,0,0,0,0,0,0,0,0,0,0,0,0,0,0.5
ERN1,CTTN,O75460,Q14247,U,context,False,False,24,26,24,26,0,0,0,0,97,86,97,86,0,0,0,0,1,97,0.5297297297297298
ERN1,MMP27,O75460,Q9H306,U,context,False,False,24,26,24,26,0,0,0,0,0,0,0,0,0,0,0,0,0,0,0.5
ERN1,CYP26B1,O75460,Q9NR63,U,context,False,False,24,26,24,26,0,0,0,0,0,0,0,0,7,2,7,2,0,0,0.5
ERN1,PIP4K2C,O75460,Q8TBX8,U,context,False,False,24,26,24,26,0,0,0,0,0,0,0,0,0,0,0,0,0,0,0.5
ERN1,CYP3A43,O75460,Q9HB55,U,context,False,False,24,26,24,26,0,0,0,0,0,0,0,0,0,0,0,0,0,0,0.5
ERN1,LSG1,O75460,Q9H089,U,context,False,False,24,26,24,26,0,0,0,0,31,21,31,21,0,0,0,0,1,31,0.5925925925925926
ERN1,AHCY,O75460,P23526,U,context,False,False,24,26,24,26,0,0,0,0,0,0,0,0,0,0,0,0,0,0,0.5
ERN1,NCK2,O75460,O43639,U,context,False,False,24,26,24,26,0,0,0,0,90,63,90,63,0,0,0,0,1,90,0.5870967741935483
ERN1,UBA5,O75460,Q9GZZ9,U,context,False,False,24,26,24,26,0,0,0,0,33,28,33,28,0,0,0,0,1,33,0.5396825396825397
ERN1,CYP2W1,O75460,Q8TAV3,U,context,False,False,24,26,24,26,0,0,0,0,0,0,0,0,0,0,0,0,0,0,0.5
ERN1,SQSTM1,O75460,Q13501,U,context,False,False,24,26,24,26,0,0,0,0,316,283,316,283,0,0,0,0,1,316,0.5274542429284526
ERN1,UFL1,O75460,O94874,U,context,False,False,24,26,24,26,0,0,0,0,286,220,286,220,0,0,0,0,1,286,0.5649606299212598
ERN1,POFUT1,O75460,Q9H488,U,context,False,False,24,26,24,26,0,0,0,0,9,9,9,9,0,0,0,0,1,9,0.5
ERN1,ZC3H12A,O75460,Q5D1E8,U,context,False,False,24,26,24,26,0,0,0,0,0,0,0,0,0,0,0,0,0,0,0.5
ERN1,CLEC18A,O75460,A5D8T8,U,context,False,False,24,26,24,26,0,0,0,0,0,0,0,0,3,2,3,2,0,0,0.5
ERN1,GORASP2,O75460,Q9H8Y8,U,context,False,False,24,26,24,26,0,0,0,0,88,101,88,101,0,0,0,0,1,88,0.46596858638743455
ERN1,HYAL3,O75460,O43820,U,context,False,False,24,26,24,26,0,0,0,0,0,0,0,0,0,0,0,0,0,0,0.5
ERN1,CYP1A1,O75460,P04798,U,context,False,False,24,26,24,26,0,0,0,0,0,0,0,0,0,0,0,0,0,0,0.5
ERN1,LPIN1,O75460,Q14693,U,context,False,False,24,26,24,26,0,0,0,0,0,0,0,0,0,0,0,0,0,0,0.5
ERN1,TMC8,O75460,Q8IU68,U,background,False,False,24,26,24,26,0,0,0,0,2,2,2,2,0,0,0,0,1,2,0.5
ERN1,DLX2,O75460,Q07687,U,background,False,False,24,26,24,26,0,0,0,0,0,0,0,0,5,9,5,9,0,0,0.5
ERN1,ETV6,O75460,P41212,U,background,False,False,24,26,24,26,0,0,0,0,26,40,26,40,0,0,0,0,1,26,0.39705882352941174
ERN1,OSBPL10,O75460,Q9BXB5,U,background,False,False,24,26,24,26,0,0,0,0,15,20,15,20,0,0,0,0,1,15,0.43243243243243246
ERN1,HLX,O75460,Q14774,U,background,False,False,24,26,24,26,0,0,0,0,0,0,0,0,3,3,3,3,0,0,0.5
ERN1,MMP15,O75460,P51511,U,background,False,False,24,26,24,26,0,0,0,0,0,0,0,0,12,9,12,9,0,0,0.5
ERN1,PELI2,O75460,Q9HAT8,U,background,False,False,24,26,24,26,0,0,0,0,0,0,0,0,0,0,0,0,0,0,0.5
ERN1,TEKT3,O75460,Q9BXF9,U,background,False,False,24,26,24,26,0,0,0,0,12,11,12,11,0,0,0,0,1,12,0.52
ERN1,NFKBIZ,O75460,Q9BYH8,U,background,False,False,24,26,24,26,0,0,0,0,4,6,4,6,0,0,0,0,1,4,0.4166666666666667
ERN1,HAPLN1,O75460,P10915,U,background,False,False,24,26,24,26,0,0,0,0,0,0,0,0,0,0,0,0,0,0,0.5
ERN1,CATSPERG,O75460,Q6ZRH7,U,background,False,False,24,26,24,26,0,0,0,0,0,0,0,0,0,0,0,0,0,0,0.5
ERN1,CASS4,O75460,Q9NQ75,U,background,False,False,24,26,24,26,0,0,0,0,17,6,17,6,0,0,0,0,1,17,0.72
ERN1,CPNE2,O75460,Q96FN4,U,background,False,False,24,26,24,26,0,0,0,0,0,0,0,0,0,0,0,0,0,0,0.5
ERN1,ZBTB49,O75460,Q6ZSB9,U,background,False,False,24,26,24,26,0,0,0,0,0,0,0,0,0,0,0,0,0,0,0.5
ERN1,ITGAM,O75460,P11215,U,background,False,False,24,26,24,26,0,0,0,0,0,0,0,0,0,0,0,0,0,0,0.5
ERN1,ZNF687,O75460,Q8N1G0,U,background,False,False,24,26,24,26,0,0,0,0,0,0,0,0,0,0,0,0,0,0,0.5
ERN1,GNAQ,O75460,P50148,U,background,False,False,24,26,24,26,0,0,0,0,0,0,0,0,0,0,0,0,0,0,0.5
ERN1,QKI,O75460,Q96PU8,U,background,False,False,24,26,24,26,0,0,0,0,56,62,56,62,0,0,0,0,1,56,0.475
ERN1,FOLH1,O75460,Q04609,U,background,False,False,24,26,24,26,0,0,0,0,0,0,0,0,0,0,0,0,0,0,0.5
ERN1,POLRMT,O75460,O00411,U,background,False,False,24,26,24,26,0,0,0,0,0,0,0,0,45,31,45,31,0,0,0.5
ERN1,TTLL2,O75460,Q9BWV7,U,background,False,False,24,26,24,26,0,0,0,0,0,0,0,0,0,0,0,0,0,0,0.5
ERN1,ADAM22,O75460,Q9P0K1,U,background,False,False,24,26,24,26,0,0,0,0,0,0,0,0,4,8,4,8,0,0,0.5
ERN1,CPB2,O75460,Q96IY4,U,background,False,False,24,26,24,26,0,0,0,0,0,0,0,0,0,0,0,0,0,0,0.5
ERN1,ODAD4,O75460,Q96NG3,U,background,False,False,24,26,24,26,0,0,0,0,0,0,0,0,0,0,0,0,0,0,0.5
ERN1,PPM1B,O75460,O75688,U,background,False,False,24,26,24,26,0,0,0,0,0,0,0,0,26,30,26,30,0,0,0.5
ERN1,GPC4,O75460,O75487,U,background,False,False,24,26,24,26,0,0,0,0,0,0,0,0,0,0,0,0,0,0,0.5
ERN1,OTOP1,O75460,Q7RTM1,U,background,False,False,24,26,24,26,0,0,0,0,0,0,0,0,0,0,0,0,0,0,0.5
ERN1,ERVS71-1,O75460,P61550,U,background,False,False,24,26,24,26,0,0,0,0,0,0,0,0,0,0,0,0,0,0,0.5
ERN1,TGFBRAP1,O75460,Q8WUH2,U,background,False,False,24,26,24,26,0,0,0,0,0,0,0,0,8,13,8,13,0,0,0.5
ERN1,CA12,O75460,O43570,U,background,False,False,24,26,24,26,0,0,0,0,0,0,0,0,3,5,3,5,0,0,0.5
ERN1,CAMK1,O75460,Q14012,U,background,False,False,24,26,24,26,0,0,0,0,0,0,0,0,0,0,0,0,0,0,0.5
ERN1,RABEPK,O75460,Q7Z6M1,U,background,False,False,24,26,24,26,0,0,0,0,0,0,0,0,0,0,0,0,0,0,0.5
ERN1,LRRC8B,O75460,Q6P9F7,U,background,False,False,24,26,24,26,0,0,0,0,0,0,0,0,0,0,0,0,0,0,0.5
ERN1,TTC39A,O75460,Q5SRH9,U,background,False,False,24,26,24,26,0,0,0,0,0,0,0,0,0,0,0,0,0,0,0.5
ERN1,ARK2C,O75460,Q6ZSG1,U,background,False,False,24,26,24,26,0,0,0,0,0,0,0,0,0,0,0,0,0,0,0.5
ERN1,BEND7,O75460,Q8N7W2,U,background,False,False,24,26,24,26,0,0,0,0,34,43,0,0,0,0,0,0,0,0,0.5
ERN1,TOB1,O75460,P50616,U,background,False,False,24,26,24,26,0,0,0,0,0,0,0,0,8,11,8,11,0,0,0.5
ERN1,CDC37,O75460,Q16543,U,background,False,False,24,26,24,26,0,0,0,0,220,236,220,236,0,0,0,0,1,220,0.48253275109170307
ERN1,CCDC39,O75460,Q9UFE4,U,background,False,False,24,26,24,26,0,0,0,0,2,2,2,2,0,0,0,0,1,2,0.5
ERN1,TRPS1,O75460,Q9UHF7,U,background,False,False,24,26,24,26,0,0,0,0,0,0,0,0,0,0,0,0,0,0,0.5
ERN1,RFX6,O75460,Q8HWS3,U,background,False,False,24,26,24,26,0,0,0,0,12,12,12,12,0,0,0,0,1,12,0.5
ERN1,TEX11,O75460,Q8IYF3,U,background,False,False,24,26,24,26,0,0,0,0,26,23,26,23,0,0,0,0,1,26,0.5294117647058824
ERN1,COL23A1,O75460,Q86Y22,U,background,False,False,24,26,24,26,0,0,0,0,0,0,0,0,0,0,0,0,0,0,0.5
ERN1,SNX9,O75460,Q9Y5X1,U,background,False,False,24,26,24,26,0,0,0,0,44,51,44,51,0,0,0,0,1,44,0.4639175257731959
ERN1,SLC6A7,O75460,Q99884,U,background,False,False,24,26,24,26,0,0,0,0,0,0,0,0,0,0,0,0,0,0,0.5
ERN1,RARG,O75460,P13631,U,background,False,False,24,26,24,26,0,0,0,0,0,0,0,0,0,0,0,0,0,0,0.5
ERN1,EPM2A,O75460,B3EWF7,U,background,False,False,24,26,24,26,0,0,0,0,0,0,0,0,0,0,0,0,0,0,0.5
ERN1,POU3F3,O75460,P20264,U,background,False,False,24,26,24,26,0,0,0,0,0,0,0,0,4,4,4,4,0,0,0.5
ERN1,PNMA3,O75460,Q9UL41,U,background,False,False,24,26,24,26,0,0,0,0,0,0,0,0,0,0,0,0,0,0,0.5
ERN1,TJAP1,O75460,Q5JTD0,U,background,False,False,24,26,24,26,0,0,0,0,17,17,17,17,0,0,0,0,1,17,0.5
ERN1,HMGCLL1,O75460,Q8TB92,U,context,False,False,24,26,24,26,0,0,0,0,0,0,0,0,0,0,0,0,0,0,0.5
ERN1,PDIA5,O75460,Q14554,U,context,False,False,24,26,24,26,0,0,0,0,0,0,0,0,0,0,0,0,0,0,0.5
ERN1,ATG4B,O75460,Q9Y4P1,U,context,False,False,24,26,24,26,0,0,0,0,0,0,0,0,0,0,0,0,0,0,0.5
ERN1,PSMF1,O75460,Q92530,U,context,False,False,24,26,24,26,0,0,0,0,29,18,29,18,0,0,0,0,1,29,0.6122448979591837
ERN1,UBXN4,O75460,Q92575,U,context,False,False,24,26,24,26,0,0,0,0,37,38,37,38,0,0,0,0,1,37,0.4935064935064935
ERN1,HSD17B3,O75460,P37058,U,context,False,False,24,26,24,26,0,0,0,0,0,0,0,0,0,0,0,0,0,0,0.5
ERN1,LOXL2,O75460,Q9Y4K0,U,context,False,False,24,26,24,26,0,0,0,0,0,0,0,0,30,31,30,31,0,0,0.5
ERN1,RINT1,O75460,Q6NUQ1,U,context,False,False,24,26,24,26,0,0,0,0,0,0,0,0,0,0,0,0,0,0,0.5
ERN1,JMJD8,O75460,Q96S16,U,context,False,False,24,26,24,26,0,0,0,0,0,0,0,0,12,8,12,8,0,0,0.5
ERN1,CES3,O75460,Q6UWW8,U,context,False,False,24,26,24,26,0,0,0,0,0,0,0,0,7,5,7,5,0,0,0.5
ERN1,TP53,O75460,P04637,U,context,False,False,24,26,24,26,0,0,0,0,0,0,0,0,0,0,0,0,0,0,0.5
ERN1,FKBP10,O75460,Q96AY3,U,context,False,False,24,26,24,26,0,0,0,0,0,0,0,0,22,28,22,28,0,0,0.5
ERN1,ZFYVE1,O75460,Q9HBF4,U,context,False,False,24,26,24,26,0,0,0,0,16,14,16,14,0,0,0,0,1,16,0.53125
ERN1,MAPK8IP1,O75460,Q9UQF2,U,context,False,False,24,26,24,26,0,0,0,0,12,12,12,12,0,0,0,0,1,12,0.5
ERN1,PNKD,O75460,Q8N490,U,context,False,False,24,26,24,26,0,0,0,0,0,0,0,0,0,0,0,0,0,0,0.5
ERN1,AUP1,O75460,Q9Y679,U,context,False,False,24,26,24,26,0,0,0,0,0,0,0,0,45,50,45,50,0,0,0.5
ERN1,GIMAP8,O75460,Q8ND71,U,context,False,False,24,26,24,26,0,0,0,0,9,10,9,10,0,0,0,0,1,9,0.47619047619047616
ERN1,DNASE1L3,O75460,Q13609,U,context,False,False,24,26,24,26,0,0,0,0,0,0,0,0,0,0,0,0,0,0,0.5
ERN1,HSPA13,O75460,P48723,U,context,False,False,24,26,24,26,0,0,0,0,0,0,0,0,27,33,27,33,0,0,0.5
ERN1,HSP90B1,O75460,P14625,U,context,False,False,24,26,24,26,0,0,0,0,0,0,0,0,77,74,77,74,0,0,0.5
ERN1,RAP1GDS1,O75460,P52306,U,context,False,False,24,26,24,26,0,0,0,0,40,58,40,58,0,0,0,0,1,40,0.41
ERN1,PRDX4,O75460,Q13162,U,context,False,False,24,26,24,26,0,0,0,0,0,0,0,0,0,0,0,0,0,0,0.5
ERN1,CALU,O75460,O43852,U,context,False,False,24,26,24,26,0,0,0,0,0,0,0,0,0,0,0,0,0,0,0.5
ERN1,PLCD4,O75460,Q9BRC7,U,context,False,False,24,26,24,26,0,0,0,0,0,0,0,0,0,0,0,0,0,0,0.5
ERN1,CERCAM,O75460,Q5T4B2,U,context,False,False,24,26,24,26,0,0,0,0,0,0,0,0,0,0,0,0,0,0,0.5
ERN1,PKMYT1,O75460,Q99640,U,context,False,False,24,26,24,26,0,0,0,0,28,22,28,22,0,0,0,0,1,28,0.5576923076923077
ERN1,CYP2C9,O75460,P11712,U,context,False,False,24,26,24,26,0,0,0,0,0,0,0,0,0,0,0,0,0,0,0.5
ERN1,SCP2,O75460,P22307,U,context,False,False,24,26,24,26,0,0,0,0,0,0,0,0,0,0,0,0,0,0,0.5
ERN1,ERP44,O75460,Q9BS26,U,context,False,False,24,26,24,26,0,0,0,0,0,0,0,0,0,0,0,0,0,0,0.5
ERN1,POGLUT2,O75460,Q6UW63,U,context,False,False,24,26,24,26,0,0,0,0,0,0,0,0,0,0,0,0,0,0,0.5
ERN1,HAP1,O75460,P54257,U,context,False,False,24,26,24,26,0,0,0,0,32,44,32,44,0,0,0,0,1,32,0.4230769230769231
ERN1,EOGT,O75460,Q5NDL2,U,context,False,False,24,26,24,26,0,0,0,0,0,0,0,0,5,8,5,8,0,0,0.5
ERN1,CRELD2,O75460,Q6UXH1,U,context,False,False,24,26,24,26,0,0,0,0,0,0,0,0,0,0,0,0,0,0,0.5
ERN1,TRAPPC12,O75460,Q8WVT3,U,context,False,False,24,26,24,26,0,0,0,0,6,8,6,8,0,0,0,0,1,6,0.4375
ERN1,MAPKAP1,O75460,Q9BPZ7,U,context,False,False,24,26,24,26,0,0,0,0,0,0,0,0,0,0,0,0,0,0,0.5
ERN1,CYP2B6,O75460,P20813,U,context,False,False,24,26,24,26,0,0,0,0,0,0,0,0,0,0,0,0,0,0,0.5
ERN1,NPLOC4,O75460,Q8TAT6,U,context,False,False,24,26,24,26,0,0,0,0,53,44,53,44,0,0,0,0,1,53,0.5454545454545454
ERN1,SPAST,O75460,Q9UBP0,U,context,False,False,24,26,24,26,0,0,0,0,16,13,16,13,0,0,0,0,1,16,0.5483870967741935
ERN1,PPT1,O75460,P50897,U,context,False,False,24,26,24,26,0,0,0,0,56,69,56,69,0,0,0,0,1,56,0.44881889763779526
ERN1,PROC,O75460,P04070,U,context,False,False,24,26,24,26,0,0,0,0,0,0,0,0,9,14,9,14,0,0,0.5
ERN1,TREX1,O75460,Q9NSU2,U,context,False,False,24,26,24,26,0,0,0,0,0,0,0,0,13,11,13,11,0,0,0.5
ERN1,CHI3L1,O75460,P36222,U,context,False,False,24,26,24,26,0,0,0,0,0,0,0,0,0,0,0,0,0,0,0.5
ERN1,ASB11,O75460,Q8WXH4,U,context,False,False,24,26,24,26,0,0,0,0,0,0,0,0,0,0,0,0,0,0,0.5
ERN1,TXNDC5,O75460,Q8NBS9,U,context,False,False,24,26,24,26,0,0,0,0,0,0,0,0,0,0,0,0,0,0,0.5
ERN1,TXNDC16,O75460,Q9P2K2,U,context,False,False,24,26,24,26,0,0,0,0,0,0,0,0,0,0,0,0,0,0,0.5
ERN1,DHDDS,O75460,Q86SQ9,U,context,False,False,24,26,24,26,0,0,0,0,1,0,1,0,0,0,0,0,1,1,0.6666666666666666
ERN1,CYP4F2,O75460,P78329,U,context,False,False,24,26,24,26,0,0,0,0,0,0,0,0,0,0,0,0,0,0,0.5
ERN1,FKBP9,O75460,O95302,U,context,False,False,24,26,24,26,0,0,0,0,0,0,0,0,0,0,0,0,0,0,0.5
ERN1,P4HA3,O75460,Q7Z4N8,U,context,False,False,24,26,24,26,0,0,0,0,0,0,0,0,22,17,22,17,0,0,0.5
ERN1,CASQ1,O75460,P31415,U,context,False,False,24,26,24,26,0,0,0,0,0,0,0,0,0,0,0,0,0,0,0.5
ERN1,LRRC8A,O75460,Q8IWT6,U,background,False,False,24,26,24,26,0,0,0,0,0,0,0,0,0,0,0,0,0,0,0.5
ERN1,MRPL1,O75460,Q9BYD6,U,background,False,False,24,26,24,26,0,0,0,0,0,0,0,0,0,0,0,0,0,0,0.5
ERN1,MAMLD1,O75460,Q13495,U,background,False,False,24,26,24,26,0,0,0,0,0,0,0,0,0,0,0,0,0,0,0.5
ERN1,GALE,O75460,Q14376,U,background,False,False,24,26,24,26,0,0,0,0,0,0,0,0,0,0,0,0,0,0,0.5
ERN1,CHRDL1,O75460,Q9BU40,U,background,False,False,24,26,24,26,0,0,0,0,0,0,0,0,1,3,1,3,0,0,0.5
ERN1,TRAIP,O75460,Q9BWF2,U,background,False,False,24,26,24,26,0,0,0,0,39,29,39,29,0,0,0,0,1,39,0.5714285714285714
ERN1,CLOCK,O75460,O15516,U,background,False,False,24,26,24,26,0,0,0,0,0,0,0,0,0,0,0,0,0,0,0.5
ERN1,CCDC154,O75460,A6NI56,U,background,False,False,24,26,24,26,0,0,0,0,2,1,2,1,0,0,0,0,1,2,0.6
ERN1,C1QBP,O75460,Q07021,U,background,False,False,24,26,24,26,0,0,0,0,0,0,0,0,168,143,168,143,0,0,0.5
ERN1,BLZF1,O75460,Q9H2G9,U,background,True,False,24,26,24,26,0,0,0,0,45,44,45,44,0,0,0,0,1,45,0.5054945054945055
ERN1,KLF10,O75460,Q13118,U,background,False,False,24,26,24,26,0,0,0,0,0,0,0,0,0,0,0,0,0,0,0.5
ERN1,FBXL5,O75460,Q9UKA1,U,background,False,False,24,26,24,26,0,0,0,0,16,15,16,15,0,0,0,0,1,16,0.5151515151515151
ERN1,HEXD,O75460,Q8WVB3,U,background,False,False,24,26,24,26,0,0,0,0,0,0,0,0,0,0,0,0,0,0,0.5
ERN1,LYPLA1,O75460,O75608,U,background,False,False,24,26,24,26,0,0,0,0,0,0,0,0,0,0,0,0,0,0,0.5
ERN1,EPHX2,O75460,P34913,U,background,False,False,24,26,24,26,0,0,0,0,5,7,5,7,0,0,0,0,1,5,0.42857142857142855
ERN1,HSF2BP,O75460,O75031,U,background,False,False,24,26,24,26,0,0,0,0,111,99,111,99,0,0,0,0,1,111,0.5283018867924528
ERN1,STT3A,O75460,P46977,U,background,False,False,24,26,24,26,0,0,0,0,0,0,0,0,0,0,0,0,0,0,0.5
ERN1,WIF1,O75460,Q9Y5W5,U,background,False,False,24,26,24,26,0,0,0,0,0,0,0,0,26,23,26,23,0,0,0.5
ERN1,PDE1B,O75460,Q01064,U,background,False,False,24,26,24,26,0,0,0,0,0,0,0,0,0,0,0,0,0,0,0.5
ERN1,ALDH9A1,O75460,P49189,U,background,False,False,24,26,24,26,0,0,0,0,0,0,0,0,9,7,9,7,0,0,0.5
ERN1,CASP9,O75460,P55211,U,background,False,False,24,26,24,26,0,0,0,0,0,0,0,0,12,8,12,8,0,0,0.5
ERN1,OSCAR,O75460,Q8IYS5,U,background,False,False,24,26,24,26,0,0,0,0,0,0,0,0,1,0,1,0,0,0,0.5
ERN1,FSHR,O75460,P23945,U,background,False,False,24,26,24,26,0,0,0,0,0,0,0,0,0,0,0,0,0,0,0.5
ERN1,PLPP1,O75460,O14494,U,background,False,False,24,26,24,26,0,0,0,0,0,0,0,0,0,0,0,0,0,0,0.5
ERN1,CD1C,O75460,P29017,U,background,False,False,24,26,24,26,0,0,0,0,0,0,0,0,0,0,0,0,0,0,0.5
ERN1,HTR1A,O75460,P08908,U,background,False,False,24,26,24,26,0,0,0,0,0,0,0,0,0,0,0,0,0,0,0.5
ERN1,RECQL,O75460,P46063,U,background,False,False,24,26,24,26,0,0,0,0,0,0,0,0,0,0,0,0,0,0,0.5
ERN1,C1QC,O75460,P02747,U,background,False,False,24,26,24,26,0,0,0,0,0,0,0,0,0,0,0,0,0,0,0.5
ERN1,STK38L,O75460,Q9Y2H1,U,background,False,False,24,26,24,26,0,0,0,0,0,0,0,0,0,0,0,0,0,0,0.5
ERN1,RUBCNL,O75460,Q9H714,U,background,False,False,24,26,24,26,0,0,0,0,0,0,0,0,0,0,0,0,0,0,0.5
ERN1,MEIS3P2,O75460,A8K0S8,U,background,False,False,24,26,24,26,0,0,0,0,0,0,0,0,0,0,0,0,0,0,0.5
ERN1,GORAB,O75460,Q5T7V8,U,background,False,False,24,26,24,26,0,0,0,0,19,14,19,14,0,0,0,0,1,19,0.5714285714285714
ERN1,ZNF724,O75460,A8MTY0,U,background,False,False,24,26,24,26,0,0,0,0,0,0,0,0,0,0,0,0,0,0,0.5
ERN1,PLEKHA3,O75460,Q9HB20,U,background,False,False,24,26,24,26,0,0,0,0,0,0,0,0,0,0,0,0,0,0,0.5
ERN1,CXCR6,O75460,O00574,U,background,False,False,24,26,24,26,0,0,0,0,0,0,0,0,0,0,0,0,0,0,0.5
ERN1,ITGB5,O75460,P18084,U,background,False,False,24,26,24,26,0,0,0,0,0,0,0,0,28,38,28,38,0,0,0.5
ERN1,PARS2,O75460,Q7L3T8,U,background,False,False,24,26,24,26,0,0,0,0,0,0,0,0,7,7,7,7,0,0,0.5
ERN1,AJUBA,O75460,Q96IF1,U,background,False,False,24,26,24,26,0,0,0,0,0,0,0,0,0,0,0,0,0,0,0.5
ERN1,RNF169,O75460,Q8NCN4,U,background,False,False,24,26,24,26,0,0,0,0,28,23,28,23,0,0,0,0,1,28,0.5471698113207547
ERN1,CFAP263,O75460,Q9H0I3,U,background,False,False,24,26,24,26,0,0,0,0,6,1,6,1,0,0,0,0,1,6,0.7777777777777778
ERN1,PITX1,O75460,P78337,U,background,False,False,24,26,24,26,0,0,0,0,0,0,0,0,0,0,0,0,0,0,0.5
ERN1,EEF1A1,O75460,P68104,U,background,False,False,24,26,24,26,0,0,0,0,0,0,0,0,0,0,0,0,0,0,0.5
ERN1,GHSR,O75460,Q92847,U,background,False,False,24,26,24,26,0,0,0,0,0,0,0,0,0,0,0,0,0,0,0.5
ERN1,MS4A10,O75460,Q96PG2,U,background,False,False,24,26,24,26,0,0,0,0,0,0,0,0,0,0,0,0,0,0,0.5
ERN1,CILK1,O75460,Q9UPZ9,U,background,False,False,24,26,24,26,0,0,0,0,0,0,0,0,0,0,0,0,0,0,0.5
ERN1,RAB21,O75460,Q9UL25,U,background,False,False,24,26,24,26,0,0,0,0,19,28,19,28,0,0,0,0,1,19,0.40816326530612246
ERN1,RTP1,O75460,P59025,U,background,False,False,24,26,24,26,0,0,0,0,0,0,0,0,0,0,0,0,0,0,0.5
ERN1,LDLRAD3,O75460,Q86YD5,U,background,False,False,24,26,24,26,0,0,0,0,0,0,0,0,0,0,0,0,0,0,0.5
ERN1,PSG7,O75460,Q13046,U,background,False,False,24,26,24,26,0,0,0,0,0,0,0,0,0,0,0,0,0,0,0.5
ERN1,MMP17,O75460,Q9ULZ9,U,background,False,False,24,26,24,26,0,0,0,0,0,0,0,0,0,1,0,1,0,0,0.5
ERN1,UBE2J2,O75460,Q8N2K1,U,context,False,False,24,26,24,26,0,0,0,0,0,0,0,0,0,0,0,0,0,0,0.5
ERN1,UGT1A8,O75460,Q9HAW9,U,context,False,False,24,26,24,26,0,0,0,0,0,0,0,0,0,0,0,0,0,0,0.5
ERN1,JPH2,O75460,Q9BR39,U,context,False,False,24,26,24,26,0,0,0,0,0,0,0,0,0,0,0,0,0,0,0.5
ERN1,DOLK,O75460,Q9UPQ8,U,context,False,False,24,26,24,26,0,0,0,0,0,0,0,0,0,0,0,0,0,0,0.5
ERN1,HLA-DQB2,O75460,P05538,U,context,False,False,24,26,24,26,0,0,0,0,0,0,0,0,0,0,0,0,0,0,0.5
ERN1,EMC3,O75460,Q9P0I2,U,context,False,False,24,26,24,26,0,0,0,0,0,0,0,0,30,24,30,24,0,0,0.5
ERN1,PIGT,O75460,Q969N2,U,context,False,False,24,26,24,26,0,0,0,0,0,0,0,0,49,50,49,50,0,0,0.5
ERN1,RCE1,O75460,Q9Y256,U,context,False,False,24,26,24,26,0,0,0,0,0,0,0,0,1,2,1,2,0,0,0.5
ERN1,TLR3,O75460,O15455,U,context,False,False,24,26,24,26,0,0,0,0,0,0,0,0,14,15,14,15,0,0,0.5
ERN1,SLC39A7,O75460,Q92504,U,context,False,False,24,26,24,26,0,0,0,0,0,0,0,0,18,17,18,17,0,0,0.5
ERN1,SHISA2,O75460,Q6UWI4,U,context,False,False,24,26,24,26,0,0,0,0,0,0,0,0,0,0,0,0,0,0,0.5
ERN1,SLC37A3,O75460,Q8NCC5,U,context,False,False,24,26,24,26,0,0,0,0,0,0,0,0,0,0,0,0,0,0,0.5
ERN1,ATL1,O75460,Q8WXF7,U,context,False,False,24,26,24,26,0,0,0,0,0,0,0,0,0,0,0,0,0,0,0.5
ERN1,TMEM174,O75460,Q8WUU8,U,context,False,False,24,26,24,26,0,0,0,0,0,0,0,0,0,0,0,0,0,0,0.5
ERN1,DPY19L3,O75460,Q6ZPD9,U,context,False,False,24,26,24,26,0,0,0,0,0,0,0,0,0,0,0,0,0,0,0.5
ERN1,MOXD1,O75460,Q6UVY6,U,context,False,False,24,26,24,26,0,0,0,0,0,0,0,0,0,0,0,0,0,0,0.5
ERN1,UGT1A10,O75460,Q9HAW8,U,context,False,False,24,26,24,26,0,0,0,0,0,0,0,0,0,0,0,0,0,0,0.5
ERN1,RNF43,O75460,Q68DV7,U,context,False,False,24,26,24,26,0,0,0,0,5,12,5,12,0,0,0,0,1,5,0.3157894736842105
ERN1,CTDNEP1,O75460,O95476,U,context,False,False,24,26,24,26,0,0,0,0,0,0,0,0,24,10,24,10,0,0,0.5
ERN1,TAAR1,O75460,Q96RJ0,U,context,False,False,24,26,24,26,0,0,0,0,0,0,0,0,0,0,0,0,0,0,0.5
ERN1,HLA-DRB1,O75460,P01911,U,context,False,False,24,26,24,26,0,0,0,0,0,0,0,0,0,0,0,0,0,0,0.5
ERN1,RNF139,O75460,Q8WU17,U,context,False,False,24,26,24,26,0,0,0,0,11,12,11,12,0,0,0,0,1,11,0.48
ERN1,GRAMD1C,O75460,Q8IYS0,U,context,False,False,24,26,24,26,0,0,0,0,0,0,0,0,0,0,0,0,0,0,0.5
ERN1,LPCAT2,O75460,Q7L5N7,U,context,False,False,24,26,24,26,0,0,0,0,0,0,0,0,23,19,23,19,0,0,0.5
ERN1,FICD,O75460,Q9BVA6,U,context,False,False,24,26,24,26,0,0,0,0,0,1,0,1,0,0,0,0,1,0,0.3333333333333333
ERN1,MSMO1,O75460,Q15800,U,context,False,False,24,26,24,26,0,0,0,0,0,0,0,0,0,0,0,0,0,0,0.5
ERN1,ACSL3,O75460,O95573,U,context,False,False,24,26,24,26,0,0,0,0,0,0,0,0,41,33,41,33,0,0,0.5
ERN1,HSD11B1,O75460,P28845,U,context,False,False,24,26,24,26,0,0,0,0,0,0,0,0,0,0,0,0,0,0,0.5
ERN1,ALG9,O75460,Q9H6U8,U,context,False,False,24,26,24,26,0,0,0,0,0,0,0,0,19,26,19,26,0,0,0.5
ERN1,PIGZ,O75460,Q86VD9,U,context,False,False,24,26,24,26,0,0,0,0,0,0,0,0,0,0,0,0,0,0,0.5
ERN1,DMPK,O75460,Q09013,U,context,False,False,24,26,24,26,0,0,0,0,0,0,0,0,0,0,0,0,0,0,0.5
ERN1,UGT2B7,O75460,P16662,U,context,False,False,24,26,24,26,0,0,0,0,0,0,0,0,0,0,0,0,0,0,0.5
ERN1,SARAF,O75460,Q96BY9,U,context,False,False,24,26,24,26,0,0,0,0,0,0,0,0,44,69,44,69,0,0,0.5
ERN1,CYP4F22,O75460,Q6NT55,U,context,False,False,24,26,24,26,0,0,0,0,0,0,0,0,2,3,2,3,0,0,0.5
ERN1,ATP6AP2,O75460,O75787,U,context,False,False,24,26,24,26,0,0,0,0,66,61,66,61,0,0,0,0,1,66,0.5193798449612403
ERN1,KCNK2,O75460,O95069,U,context,False,False,24,26,24,26,0,0,0,0,0,0,0,0,0,0,0,0,0,0,0.5
ERN1,DEGS2,O75460,Q6QHC5,U,context,False,False,24,26,24,26,0,0,0,0,0,0,0,0,0,0,0,0,0,0,0.5
ERN1,VMP1,O75460,Q96GC9,U,context,False,False,24,26,24,26,0,0,0,0,0,0,0,0,35,32,35,32,0,0,0.5
ERN1,TMC6,O75460,Q7Z403,U,context,False,False,24,26,24,26,0,0,0,0,7,7,7,7,0,0,0,0,1,7,0.5
ERN1,HSD17B7,O75460,P56937,U,context,False,False,24,26,24,26,0,0,0,0,0,0,0,0,0,0,0,0,0,0,0.5
ERN1,ATF6B,O75460,Q99941,U,context,False,False,24,26,24,26,0,0,0,0,0,0,0,0,0,0,0,0,0,0,0.5
ERN1,YIF1A,O75460,O95070,U,context,False,False,24,26,24,26,0,0,0,0,0,0,0,0,0,0,0,0,0,0,0.5
ERN1,TRIM59,O75460,Q8IWR1,U,context,False,False,24,26,24,26,0,0,0,0,13,9,13,9,0,0,0,0,1,13,0.5833333333333334
ERN1,DOLPP1,O75460,Q86YN1,U,context,False,False,24,26,24,26,0,0,0,0,0,0,0,0,0,0,0,0,0,0,0.5
ERN1,TMCC3,O75460,Q9ULS5,U,context,False,False,24,26,24,26,0,0,0,0,0,0,0,0,0,0,0,0,0,0,0.5
ERN1,ELOVL4,O75460,Q9GZR5,U,context,False,False,24,26,24,26,0,0,0,0,0,0,0,0,0,0,0,0,0,0,0.5
ERN1,CYP19A1,O75460,P11511,U,context,False,False,24,26,24,26,0,0,0,0,0,0,0,0,10,17,10,17,0,0,0.5
ERN1,TEX264,O75460,Q9Y6I9,U,context,False,False,24,26,24,26,0,0,0,0,0,0,0,0,30,21,30,21,0,0,0.5
ERN1,LMAN1,O75460,P49257,U,context,False,False,24,26,24,26,0,0,0,0,124,121,124,121,0,0,0,0,1,124,0.5060728744939271
ERN1,SLC35D3,O75460,Q5M8T2,U,context,False,False,24,26,24,26,0,0,0,0,0,0,0,0,0,0,0,0,0,0,0.5
ERN1,CAP2,O75460,P40123,U,background,False,False,24,26,24,26,0,0,0,0,0,0,0,0,4,2,4,2,0,0,0.5
ERN1,GRIA2,O75460,P42262,U,background,False,False,24,26,24,26,0,0,0,0,0,0,0,0,0,0,0,0,0,0,0.5
ERN1,PICK1,O75460,Q9NRD5,U,background,False,False,24,26,24,26,0,0,0,0,112,121,112,121,0,0,0,0,1,112,0.4808510638297872
ERN1,AHCYL1,O75460,O43865,U,background,False,False,24,26,24,26,0,0,0,0,0,0,0,0,0,0,0,0,0,0,0.5
ERN1,RABEP1,O75460,Q15276,U,background,False,False,24,26,24,26,0,0,0,0,62,56,62,56,0,0,0,0,1,62,0.525
ERN1,EBF3,O75460,Q9H4W6,U,background,False,False,24,26,24,26,0,0,0,0,0,0,0,0,0,0,0,0,0,0,0.5
ERN1,LHX2,O75460,P50458,U,background,False,False,24,26,24,26,0,0,0,0,0,0,0,0,29,21,29,21,0,0,0.5
ERN1,PAK1IP1,O75460,Q9NWT1,U,background,False,False,24,26,24,26,0,0,0,0,30,23,30,23,0,0,0,0,1,30,0.5636363636363636
ERN1,ANXA11,O75460,P50995,U,background,False,False,24,26,24,26,0,0,0,0,20,24,20,24,0,0,0,0,1,20,0.45652173913043476
ERN1,PSMC1,O75460,P62191,U,background,False,False,24,26,24,26,0,0,0,0,96,76,96,76,0,0,0,0,1,96,0.5574712643678161
ERN1,EFHD2,O75460,Q96C19,U,background,False,False,24,26,24,26,0,0,0,0,0,0,0,0,20,15,20,15,0,0,0.5
ERN1,MCM6,O75460,Q14566,U,background,False,False,24,26,24,26,0,0,0,0,69,50,69,50,0,0,0,0,1,69,0.5785123966942148
ERN1,DNAJB5,O75460,O75953,U,background,False,False,24,26,24,26,0,0,0,0,0,0,0,0,0,0,0,0,0,0,0.5
ERN1,SLC5A4,O75460,Q9NY91,U,background,False,False,24,26,24,26,0,0,0,0,0,0,0,0,0,0,0,0,0,0,0.5
ERN1,GLRX3,O75460,O76003,U,background,False,False,24,26,24,26,0,0,0,0,0,0,0,0,0,0,0,0,0,0,0.5
ERN1,GPR88,O75460,Q9GZN0,U,background,False,False,24,26,24,26,0,0,0,0,0,0,0,0,0,0,0,0,0,0,0.5
ERN1,DAW1,O75460,Q8N136,U,background,False,False,24,26,24,26,0,0,0,0,0,0,0,0,0,0,0,0,0,0,0.5
ERN1,DERA,O75460,Q9Y315,U,background,False,False,24,26,24,26,0,0,0,0,10,8,10,8,0,0,0,0,1,10,0.55
ERN1,POGLUT3,O75460,Q7Z4H8,U,background,False,False,24,26,24,26,0,0,0,0,0,0,0,0,0,0,0,0,0,0,0.5
ERN1,SAGE1,O75460,Q9NXZ1,U,background,False,False,24,26,24,26,0,0,0,0,0,0,0,0,0,0,0,0,0,0,0.5
ERN1,CYP4F12,O75460,Q9HCS2,U,background,False,False,24,26,24,26,0,0,0,0,0,0,0,0,0,0,0,0,0,0,0.5
ERN1,SYDE1,O75460,Q6ZW31,U,background,False,False,24,26,24,26,0,0,0,0,28,28,28,28,0,0,0,0,1,28,0.5
ERN1,PLEKHA1,O75460,Q9HB21,U,background,False,False,24,26,24,26,0,0,0,0,0,0,0,0,0,0,0,0,0,0,0.5
ERN1,CNST,O75460,Q6PJW8,U,background,False,False,24,26,24,26,0,0,0,0,0,0,0,0,11,12,11,12,0,0,0.5
ERN1,KCNA7,O75460,Q96RP8,U,background,False,False,24,26,24,26,0,0,0,0,0,0,0,0,0,0,0,0,0,0,0.5
ERN1,ZYG11B,O75460,Q9C0D3,U,background,False,False,24,26,24,26,0,0,0,0,0,0,0,0,0,0,0,0,0,0,0.5
ERN1,STOML2,O75460,Q9UJZ1,U,background,False,False,24,26,24,26,0,0,0,0,69,64,69,64,0,0,0,0,1,69,0.5185185185185185
ERN1,MAPK14,O75460,Q16539,U,background,False,False,24,26,24,26,0,0,0,0,0,0,0,0,0,0,0,0,0,0,0.5
ERN1,MS4A14,O75460,Q96JA4,U,background,False,False,24,26,24,26,0,0,0,0,0,0,0,0,0,0,0,0,0,0,0.5
ERN1,WTIP,O75460,A6NIX2,U,background,False,False,24,26,24,26,0,0,0,0,0,0,0,0,0,0,0,0,0,0,0.5
ERN1,MTF1,O75460,Q14872,U,background,False,False,24,26,24,26,0,0,0,0,0,0,0,0,0,0,0,0,0,0,0.5
ERN1,KCNC1,O75460,P48547,U,background,False,False,24,26,24,26,0,0,0,0,0,0,0,0,0,0,0,0,0,0,0.5
ERN1,ZNF443,O75460,Q9Y2A4,U,background,False,False,24,26,24,26,0,0,0,0,0,0,0,0,0,0,0,0,0,0,0.5
ERN1,SPMIP4,O75460,Q8N865,U,background,False,False,24,26,24,26,0,0,0,0,9,7,9,7,0,0,0,0,1,9,0.5555555555555556
ERN1,DNAJC17,O75460,Q9NVM6,U,background,False,False,24,26,24,26,0,0,0,0,0,0,0,0,0,0,0,0,0,0,0.5
ERN1,TRAF1,O75460,Q13077,U,background,False,False,24,26,24,26,0,0,0,0,0,0,0,0,0,0,0,0,0,0,0.5
ERN1,SP9,O75460,P0CG40,U,background,False,False,24,26,24,26,0,0,0,0,0,0,0,0,0,0,0,0,0,0,0.5
ERN1,SLCO4A1,O75460,Q96BD0,U,background,False,False,24,26,24,26,0,0,0,0,0,0,0,0,0,0,0,0,0,0,0.5
ERN1,FGFRL1,O75460,Q8N441,U,background,False,False,24,26,24,26,0,0,0,0,0,0,0,0,14,17,14,17,0,0,0.5
ERN1,EOMES,O75460,O95936,U,background,False,False,24,26,24,26,0,0,0,0,0,0,0,0,0,0,0,0,0,0,0.5
ERN1,EYA1,O75460,Q99502,U,background,False,False,24,26,24,26,0,0,0,0,0,0,0,0,0,0,0,0,0,0,0.5
ERN1,SIM2,O75460,Q14190,U,background,False,False,24,26,24,26,0,0,0,0,0,0,0,0,0,0,0,0,0,0,0.5
ERN1,GBA1,O75460,P04062,U,background,False,False,24,26,24,26,0,0,0,0,0,0,0,0,0,0,0,0,0,0,0.5
ERN1,SIRT2,O75460,Q8IXJ6,U,background,False,False,24,26,24,26,0,0,0,0,0,0,0,0,0,0,0,0,0,0,0.5
ERN1,SPIDR,O75460,Q14159,U,background,False,False,24,26,24,26,0,0,0,0,0,0,0,0,0,0,0,0,0,0,0.5
ERN1,SLC35A3,O75460,Q9Y2D2,U,background,False,False,24,26,24,26,0,0,0,0,0,0,0,0,0,0,0,0,0,0,0.5
ERN1,PURA,O75460,Q00577,U,background,False,False,24,26,24,26,0,0,0,0,0,0,0,0,0,0,0,0,0,0,0.5
ERN1,PKD2L1,O75460,Q9P0L9,U,background,False,False,24,26,24,26,0,0,0,0,0,0,0,0,0,0,0,0,0,0,0.5
ERN1,METAP1,O75460,P53582,U,background,False,False,24,26,24,26,0,0,0,0,0,0,0,0,0,0,0,0,0,0,0.5
ERN1,SFRP5,O75460,Q5T4F7,U,background,False,False,24,26,24,26,0,0,0,0,0,0,0,0,1,2,1,2,0,0,0.5
ERN1,SUPT5H,O75460,O00267,U,low_plausibility,False,False,24,26,24,26,0,0,0,0,103,93,103,93,0,0,0,0,1,103,0.5252525252525253
ERN1,TCERG1,O75460,O14776,U,low_plausibility,False,False,24,26,24,26,0,0,0,0,52,59,52,59,0,0,0,0,1,52,0.4690265486725664
ERN1,U2SURP,O75460,O15042,U,low_plausibility,False,False,24,26,24,26,0,0,0,0,56,60,56,60,0,0,0,0,1,56,0.4830508474576271
ERN1,SMARCA5,O75460,O60264,U,low_plausibility,False,False,24,26,24,26,0,0,0,0,0,0,0,0,0,0,0,0,0,0,0.5
ERN1,RNF40,O75460,O75150,U,low_plausibility,False,False,24,26,24,26,0,0,0,0,46,35,46,35,0,0,0,0,1,46,0.5662650602409639
ERN1,PHF2,O75460,O75151,U,low_plausibility,False,False,24,26,24,26,0,0,0,0,0,0,0,0,0,0,0,0,0,0,0.5
ERN1,KDM4A,O75460,O75164,U,low_plausibility,False,False,24,26,24,26,0,0,0,0,0,0,0,0,0,0,0,0,0,0,0.5
ERN1,ZBTB11,O75460,O95625,U,low_plausibility,False,False,24,26,24,26,0,0,0,0,0,0,0,0,0,0,0,0,0,0,0.5
ERN1,BRD1,O75460,O95696,U,low_plausibility,False,False,24,26,24,26,0,0,0,0,0,0,0,0,0,0,0,0,0,0,0.5
ERN1,ERCC6,O75460,P0DP91,U,low_plausibility,False,False,24,26,24,26,0,0,0,0,0,0,0,0,0,0,0,0,0,0,0.5
ERN1,MTREX,O75460,P42285,U,low_plausibility,False,False,24,26,24,26,0,0,0,0,0,0,0,0,0,0,0,0,0,0,0.5
ERN1,MSH2,O75460,P43246,U,low_plausibility,False,False,24,26,24,26,0,0,0,0,69,75,69,75,0,0,0,0,1,69,0.4794520547945205
ERN1,RBM10,O75460,P98175,U,low_plausibility,False,False,24,26,24,26,0,0,0,0,70,59,70,59,0,0,0,0,1,70,0.5419847328244275
ERN1,SF3B2,O75460,Q13435,U,low_plausibility,False,False,24,26,24,26,0,0,0,0,111,119,111,119,0,0,0,0,1,111,0.4827586206896552
ERN1,HLTF,O75460,Q14527,U,low_plausibility,False,False,24,26,24,26,0,0,0,0,29,39,29,39,0,0,0,0,1,29,0.42857142857142855
ERN1,ZRANB3,O75460,Q5FWF4,U,low_plausibility,False,False,24,26,24,26,0,0,0,0,7,4,7,4,0,0,0,0,1,7,0.6153846153846154
ERN1,PITRM1,O75460,Q5JRX3,U,low_plausibility,False,False,24,26,24,26,0,0,0,0,17,29,17,29,0,0,0,0,1,17,0.375
ERN1,SFMBT2,O75460,Q5VUG0,U,low_plausibility,False,False,24,26,24,26,0,0,0,0,0,0,0,0,0,0,0,0,0,0,0.5
ERN1,DCLRE1A,O75460,Q6PJP8,U,low_plausibility,False,False,24,26,24,26,0,0,0,0,0,0,0,0,0,2,0,2,0,0,0.5
ERN1,DDX46,O75460,Q7L014,U,low_plausibility,False,False,24,26,24,26,0,0,0,0,0,0,0,0,0,0,0,0,0,0,0.5
ERN1,MCM10,O75460,Q7L590,U,low_plausibility,False,False,24,26,24,26,0,0,0,0,35,28,35,28,0,0,0,0,1,35,0.5538461538461539
ERN1,POLN,O75460,Q7Z5Q5,U,low_plausibility,False,False,24,26,24,26,0,0,0,0,0,0,0,0,0,0,0,0,0,0,0.5
ERN1,CHD1L,O75460,Q86WJ1,U,low_plausibility,False,False,24,26,24,26,0,0,0,0,22,15,22,15,0,0,0,0,1,22,0.5897435897435898
ERN1,NPAS3,O75460,Q8IXF0,U,low_plausibility,False,False,24,26,24,26,0,0,0,0,0,0,0,0,0,0,0,0,0,0,0.5
ERN1,SRRM1,O75460,Q8IYB3,U,low_plausibility,False,False,24,26,24,26,0,0,0,0,0,0,0,0,36,32,36,32,0,0,0.5
ERN1,RBM15B,O75460,Q8NDT2,U,low_plausibility,False,False,24,26,24,26,0,0,0,0,28,27,28,27,0,0,0,0,1,28,0.5087719298245614
ERN1,PHC3,O75460,Q8NDX5,U,low_plausibility,False,False,24,26,24,26,0,0,0,0,0,0,0,0,0,0,0,0,0,0,0.5
ERN1,ZNF473,O75460,Q8WTR7,U,low_plausibility,False,False,24,26,24,26,0,0,0,0,0,0,0,0,0,0,0,0,0,0,0.5
ERN1,MAML1,O75460,Q92585,U,low_plausibility,False,False,24,26,24,26,0,0,0,0,0,0,0,0,0,0,0,0,0,0,0.5
ERN1,MBD6,O75460,Q96DN6,U,low_plausibility,False,False,24,26,24,26,0,0,0,0,0,0,0,0,2,0,2,0,0,0,0.5
ERN1,ZNF512B,O75460,Q96KM6,U,low_plausibility,False,False,24,26,24,26,0,0,0,0,0,0,0,0,0,0,0,0,0,0,0.5
ERN1,PPP1R10,O75460,Q96QC0,U,low_plausibility,False,False,24,26,24,26,0,0,0,0,46,49,46,49,0,0,0,0,1,46,0.4845360824742268
ERN1,PHF12,O75460,Q96QT6,U,low_plausibility,False,False,24,26,24,26,0,0,0,0,0,0,0,0,0,0,0,0,0,0,0.5
ERN1,USP28,O75460,Q96RU2,U,low_plausibility,False,False,24,26,24,26,0,0,0,0,0,0,0,0,22,32,22,32,0,0,0.5
ERN1,POP1,O75460,Q99575,U,low_plausibility,False,False,24,26,24,26,0,0,0,0,0,0,0,0,39,32,39,32,0,0,0.5
ERN1,RBBP8,O75460,Q99708,U,low_plausibility,False,False,24,26,24,26,0,0,0,0,0,0,0,0,0,0,0,0,0,0,0.5
ERN1,XRN2,O75460,Q9H0D6,U,low_plausibility,False,False,24,26,24,26,0,0,0,0,0,0,0,0,43,38,43,38,0,0,0.5
ERN1,SAP130,O75460,Q9H0E3,U,low_plausibility,False,False,24,26,24,26,0,0,0,0,0,0,0,0,21,23,21,23,0,0,0.5
ERN1,ZHX3,O75460,Q9H4I2,U,low_plausibility,False,False,24,26,24,26,0,0,0,0,0,0,0,0,9,5,9,5,0,0,0.5
ERN1,SMARCAD1,O75460,Q9H4L7,U,low_plausibility,False,False,24,26,24,26,0,0,0,0,62,59,62,59,0,0,0,0,1,62,0.5121951219512195
ERN1,RBM12,O75460,Q9NTZ6,U,low_plausibility,False,False,24,26,24,26,0,0,0,0,25,16,25,16,0,0,0,0,1,25,0.6046511627906976
ERN1,SMARCAL1,O75460,Q9NZC9,U,low_plausibility,False,False,24,26,24,26,0,0,0,0,8,12,8,12,0,0,0,0,1,8,0.4090909090909091
ERN1,POLK,O75460,Q9UBT6,U,low_plausibility,False,False,24,26,24,26,0,0,0,0,0,0,0,0,12,10,12,10,0,0,0.5
ERN1,ZHX1,O75460,Q9UKY1,U,low_plausibility,False,False,24,26,24,26,0,0,0,0,0,0,0,0,11,13,11,13,0,0,0.5
ERN1,ZBTB21,O75460,Q9ULJ3,U,low_plausibility,False,False,24,26,24,26,0,0,0,0,0,0,0,0,0,0,0,0,0,0,0.5
ERN1,WDR3,O75460,Q9UNX4,U,low_plausibility,False,False,24,26,24,26,0,0,0,0,27,40,27,40,0,0,0,0,1,27,0.4057971014492754
ERN1,PHF8,O75460,Q9UPP1,U,low_plausibility,False,False,24,26,24,26,0,0,0,0,0,0,0,0,0,0,0,0,0,0,0.5
ERN1,THRAP3,O75460,Q9Y2W1,U,low_plausibility,False,False,24,26,24,26,0,0,0,0,0,0,0,0,46,39,46,39,0,0,0.5
ERN1,ZNF281,O75460,Q9Y2X9,U,low_plausibility,False,False,24,26,24,26,0,0,0,0,0,0,0,0,0,0,0,0,0,0,0.5
ERN1,SUPT16H,O75460,Q9Y5B9,U,low_plausibility,False,False,24,26,24,26,0,0,0,0,95,85,95,85,0,0,0,0,1,95,0.5274725274725275
ERN1,MPHOSPH10,O75460,O00566,U,low_plausibility,False,False,24,26,24,26,0,0,0,0,0,0,0,0,0,0,0,0,0,0,0.5
ERN1,NKRF,O75460,O15226,U,low_plausibility,False,False,24,26,24,26,0,0,0,0,54,58,54,58,0,0,0,0,1,54,0.4824561403508772
ERN1,PRPF3,O75460,O43395,U,low_plausibility,False,False,24,26,24,26,0,0,0,0,0,0,0,0,33,31,33,31,0,0,0.5
ERN1,PIAS2,O75460,O75928,U,low_plausibility,False,False,24,26,24,26,0,0,0,0,0,0,0,0,0,0,0,0,0,0,0.5
ERN1,RAD17,O75460,O75943,U,low_plausibility,False,False,24,26,24,26,0,0,0,0,28,21,28,21,0,0,0,0,1,28,0.5686274509803921
ERN1,MTA2,O75460,O94776,U,low_plausibility,False,False,24,26,24,26,0,0,0,0,0,0,0,0,0,0,0,0,0,0,0.5
ERN1,NOL4,O75460,O94818,U,low_plausibility,False,False,24,26,24,26,0,0,0,0,9,8,9,8,0,0,0,0,1,9,0.5263157894736842
ERN1,ZNF432,O75460,O94892,U,low_plausibility,False,False,24,26,24,26,0,0,0,0,0,0,0,0,0,0,0,0,0,0,0.5
ERN1,LMNA,O75460,P02545,U,low_plausibility,False,False,24,26,24,26,0,0,0,0,310,225,310,225,0,0,0,0,1,310,0.5791433891992551
ERN1,ATXN1L,O75460,P0C7T5,U,low_plausibility,False,False,24,26,24,26,0,0,0,0,0,0,0,0,0,0,0,0,0,0,0.5
ERN1,TCF3,O75460,P15923,U,low_plausibility,False,False,24,26,24,26,0,0,0,0,0,0,0,0,0,0,0,0,0,0,0.5
ERN1,ZNF16,O75460,P17020,U,low_plausibility,False,False,24,26,24,26,0,0,0,0,0,0,0,0,0,0,0,0,0,0,0.5
ERN1,XRCC1,O75460,P18887,U,low_plausibility,False,False,24,26,24,26,0,0,0,0,0,0,0,0,27,37,27,37,0,0,0.5
ERN1,RPA1,O75460,P27694,U,low_plausibility,False,False,24,26,24,26,0,0,0,0,0,0,0,0,84,99,84,99,0,0,0.5
ERN1,WEE1,O75460,P30291,U,low_plausibility,False,False,24,26,24,26,0,0,0,0,22,29,22,29,0,0,0,0,1,22,0.4339622641509434
ERN1,PUM3,O75460,Q15397,U,low_plausibility,False,False,24,26,24,26,0,0,0,0,0,0,0,0,0,0,0,0,0,0,0.5
ERN1,SETMAR,O75460,Q53H47,U,low_plausibility,False,False,24,26,24,26,0,0,0,0,0,0,0,0,0,0,0,0,0,0,0.5
ERN1,GRHL2,O75460,Q6ISB3,U,low_plausibility,False,False,24,26,24,26,0,0,0,0,0,0,0,0,0,0,0,0,0,0,0.5
ERN1,ESRP1,O75460,Q6NXG1,U,low_plausibility,False,False,24,26,24,26,0,0,0,0,0,0,0,0,0,0,0,0,0,0,0.5
ERN1,GATAD2A,O75460,Q86YP4,U,low_plausibility,False,False,24,26,24,26,0,0,0,0,0,0,0,0,0,0,0,0,0,0,0.5
ERN1,CREBRF,O75460,Q8IUR6,U,low_plausibility,False,False,24,26,24,26,0,0,0,0,0,0,0,0,0,0,0,0,0,0,0.5
ERN1,NEK11,O75460,Q8NG66,U,low_plausibility,False,False,24,26,24,26,0,0,0,0,6,6,6,6,0,0,0,0,1,6,0.5
ERN1,NELFB,O75460,Q8WX92,U,low_plausibility,False,False,24,26,24,26,0,0,0,0,27,36,0,0,0,0,0,0,0,0,0.5
ERN1,BMAL2,O75460,Q8WYA1,U,low_plausibility,False,False,24,26,24,26,0,0,0,0,0,0,0,0,0,0,0,0,0,0,0.5
ERN1,UTP4,O75460,Q969X6,U,low_plausibility,False,False,24,26,24,26,0,0,0,0,0,0,0,0,0,0,0,0,0,0,0.5
ERN1,TBRG4,O75460,Q969Z0,U,low_plausibility,False,False,24,26,24,26,0,0,0,0,0,0,0,0,0,0,0,0,0,0,0.5
ERN1,PPWD1,O75460,Q96BP3,U,low_plausibility,False,False,24,26,24,26,0,0,0,0,5,8,5,8,0,0,0,0,1,5,0.4
ERN1,GCNA,O75460,Q96QF7,U,low_plausibility,False,False,24,26,24,26,0,0,0,0,0,0,0,0,0,0,0,0,0,0,0.5
ERN1,ELF4,O75460,Q99607,U,low_plausibility,False,False,24,26,24,26,0,0,0,0,29,42,29,42,0,0,0,0,1,29,0.410958904109589
ERN1,BUD13,O75460,Q9BRD0,U,low_plausibility,False,False,24,26,24,26,0,0,0,0,23,22,23,22,0,0,0,0,1,23,0.5106382978723404
ERN1,NOL10,O75460,Q9BSC4,U,low_plausibility,False,False,24,26,24,26,0,0,0,0,31,22,31,22,0,0,0,0,1,31,0.5818181818181818
ERN1,FOXP1,O75460,Q9H334,U,low_plausibility,False,False,24,26,24,26,0,0,0,0,0,0,0,0,0,0,0,0,0,0,0.5
ERN1,TP63,O75460,Q9H3D4,U,low_plausibility,False,False,24,26,24,26,0,0,0,0,0,0,0,0,21,21,21,21,0,0,0.5
ERN1,ACSS3,O75460,Q9H6R3,U,low_plausibility,False,False,24,26,24,26,0,0,0,0,0,0,0,0,1,1,1,1,0,0,0.5
ERN1,RIOX1,O75460,Q9H6W3,U,low_plausibility,False,False,24,26,24,26,0,0,0,0,0,0,0,0,0,0,0,0,0,0,0.5
ERN1,RMI1,O75460,Q9H9A7,U,low_plausibility,False,False,24,26,24,26,0,0,0,0,0,0,0,0,10,7,10,7,0,0,0.5
ERN1,SP110,O75460,Q9HB58,U,low_plausibility,False,False,24,26,24,26,0,0,0,0,0,0,0,0,0,0,0,0,0,0,0.5
ERN1,PATZ1,O75460,Q9HBE1,U,low_plausibility,False,False,24,26,24,26,0,0,0,0,0,0,0,0,0,0,0,0,0,0,0.5
ERN1,PRDM8,O75460,Q9NQV8,U,low_plausibility,False,False,24,26,24,26,0,0,0,0,0,0,0,0,0,0,0,0,0,0,0.5
ERN1,PRDM5,O75460,Q9NQX1,U,low_plausibility,False,False,24,26,24,26,0,0,0,0,0,0,0,0,0,0,0,0,0,0,0.5
ERN1,POT1,O75460,Q9NUX5,U,low_plausibility,False,False,24,26,24,26,0,0,0,0,0,0,0,0,41,53,41,53,0,0,0.5
ERN1,DDX18,O75460,Q9NVP1,U,low_plausibility,False,False,24,26,24,26,0,0,0,0,0,0,0,0,0,0,0,0,0,0,0.5
ERN1,SDAD1,O75460,Q9NVU7,U,low_plausibility,False,False,24,26,24,26,0,0,0,0,0,0,0,0,0,0,0,0,0,0,0.5
ERN1,RRN3,O75460,Q9NYV6,U,low_plausibility,False,False,24,26,24,26,0,0,0,0,0,0,0,0,0,0,0,0,0,0,0.5
ERN1,CXXC1,O75460,Q9P0U4,U,low_plausibility,False,False,24,26,24,26,0,0,0,0,0,0,0,0,0,0,0,0,0,0,0.5
ERN1,DBF4,O75460,Q9UBU7,U,low_plausibility,False,False,24,26,24,26,0,0,0,0,0,0,0,0,4,2,4,2,0,0,0.5
ERN1,ZNF256,O75460,Q9Y2P7,U,low_plausibility,False,False,24,26,24,26,0,0,0,0,0,0,0,0,0,0,0,0,0,0,0.5
ERN1,DYRK1B,O75460,Q9Y463,U,low_plausibility,False,False,24,26,24,26,0,0,0,0,0,0,0,0,0,0,0,0,0,0,0.5
ERN1,NUB1,O75460,Q9Y5A7,U,low_plausibility,False,False,24,26,24,26,0,0,0,0,0,0,0,0,1,3,1,3,0,0,0.5
ERN1,TAF6L,O75460,Q9Y6J9,U,low_plausibility,False,False,24,26,24,26,0,0,0,0,0,0,0,0,0,0,0,0,0,0,0.5
ERN1,MACROD2,O75460,A1Z1Q3,U,low_plausibility,False,False,24,26,24,26,0,0,0,0,1,4,1,4,0,0,0,0,1,1,0.2857142857142857
ERN1,TBXT,O75460,O15178,U,low_plausibility,False,False,24,26,24,26,0,0,0,0,0,0,0,0,0,0,0,0,0,0,0.5
ERN1,TIMM44,O75460,O43615,U,low_plausibility,False,False,24,26,24,26,0,0,0,0,0,0,0,0,0,0,0,0,0,0,0.5
ERN1,TADA3,O75460,O75528,U,low_plausibility,False,False,24,26,24,26,0,0,0,0,28,22,28,22,0,0,0,0,1,28,0.5576923076923077
ERN1,SUPT7L,O75460,O94864,U,low_plausibility,False,False,24,26,24,26,0,0,0,0,15,20,15,20,0,0,0,0,1,15,0.43243243243243246
ERN1,LUC7L3,O75460,O95232,U,low_plausibility,False,False,24,26,24,26,0,0,0,0,45,49,45,49,0,0,0,0,1,45,0.4791666666666667
ERN1,CBX6,O75460,O95503,U,low_plausibility,False,False,24,26,24,26,0,0,0,0,71,64,71,64,0,0,0,0,1,71,0.5255474452554745
ERN1,POLR3D,O75460,P05423,U,low_plausibility,False,False,24,26,24,26,0,0,0,0,0,0,0,0,14,16,14,16,0,0,0.5
ERN1,TFAP2A,O75460,P05549,U,low_plausibility,False,False,24,26,24,26,0,0,0,0,0,0,0,0,0,0,0,0,0,0,0.5
ERN1,SNRNP70,O75460,P08621,U,low_plausibility,False,False,24,26,24,26,0,0,0,0,299,218,299,218,0,0,0,0,1,299,0.5780346820809249
ERN1,ACAA1,O75460,P09110,U,low_plausibility,False,False,24,26,24,26,0,0,0,0,0,0,0,0,10,8,10,8,0,0,0.5
ERN1,GATA1,O75460,P15976,U,low_plausibility,False,False,24,26,24,26,0,0,0,0,0,0,0,0,0,0,0,0,0,0,0.5
ERN1,YY1,O75460,P25490,U,low_plausibility,False,False,24,26,24,26,0,0,0,0,0,0,0,0,0,0,0,0,0,0,0.5
ERN1,TEAD1,O75460,P28347,U,low_plausibility,False,False,24,26,24,26,0,0,0,0,0,0,0,0,0,0,0,0,0,0,0.5
ERN1,GTF2E1,O75460,P29083,U,low_plausibility,False,False,24,26,24,26,0,0,0,0,0,0,0,0,0,0,0,0,0,0,0.5
ERN1,RBM34,O75460,P42696,U,low_plausibility,False,False,24,26,24,26,0,0,0,0,64,65,64,65,0,0,0,0,1,64,0.4961832061068702
ERN1,GATA4,O75460,P43694,U,low_plausibility,False,False,24,26,24,26,0,0,0,0,0,0,0,0,0,0,0,0,0,0,0.5
ERN1,TUFM,O75460,P49411,U,low_plausibility,False,False,24,26,24,26,0,0,0,0,0,0,0,0,0,0,0,0,0,0,0.5
ERN1,HNRNPH2,O75460,P55795,U,low_plausibility,False,False,24,26,24,26,0,0,0,0,0,0,0,0,0,0,0,0,0,0,0.5
ERN1,FLI1,O75460,Q01543,U,low_plausibility,False,False,24,26,24,26,0,0,0,0,0,0,0,0,0,0,0,0,0,0,0.5
ERN1,CSTF1,O75460,Q05048,U,low_plausibility,False,False,24,26,24,26,0,0,0,0,29,28,29,28,0,0,0,0,1,29,0.5084745762711864
ERN1,RBBP4,O75460,Q09028,U,low_plausibility,False,False,24,26,24,26,0,0,0,0,0,0,0,0,0,0,0,0,0,0,0.5
ERN1,GTF2H2,O75460,Q13888,U,low_plausibility,False,False,24,26,24,26,0,0,0,0,0,0,0,0,0,0,0,0,0,0,0.5
ERN1,RBBP7,O75460,Q16576,U,low_plausibility,False,False,24,26,24,26,0,0,0,0,83,68,83,68,0,0,0,0,1,83,0.5490196078431373
ERN1,TBRG1,O75460,Q3YBR2,U,low_plausibility,False,False,24,26,24,26,0,0,0,0,0,0,0,0,3,1,3,1,0,0,0.5
ERN1,ABRAXAS1,O75460,Q6UWZ7,U,low_plausibility,False,False,24,26,24,26,0,0,0,0,0,0,0,0,0,0,0,0,0,0,0.5
ERN1,THAP5,O75460,Q7Z6K1,U,low_plausibility,False,False,24,26,24,26,0,0,0,0,0,0,0,0,0,0,0,0,0,0,0.5
ERN1,UHMK1,O75460,Q8TAS1,U,low_plausibility,False,False,24,26,24,26,0,0,0,0,13,24,13,24,0,0,0,0,1,13,0.358974358974359
ERN1,TFAP2C,O75460,Q92754,U,low_plausibility,False,False,24,26,24,26,0,0,0,0,0,0,0,0,0,0,0,0,0,0,0.5
ERN1,SMARCE1,O75460,Q969G3,U,low_plausibility,False,False,24,26,24,26,0,0,0,0,66,84,66,84,0,0,0,0,1,66,0.4407894736842105
ERN1,ACD,O75460,Q96AP0,U,low_plausibility,False,False,24,26,24,26,0,0,0,0,0,0,0,0,14,13,14,13,0,0,0.5
ERN1,RBM17,O75460,Q96I25,U,low_plausibility,False,False,24,26,24,26,0,0,0,0,45,55,45,55,0,0,0,0,1,45,0.45098039215686275
ERN1,LCOR,O75460,Q96JN0,U,low_plausibility,False,False,24,26,24,26,0,0,0,0,0,0,0,0,11,11,11,11,0,0,0.5
ERN1,EGLN2,O75460,Q96KS0,U,low_plausibility,False,False,24,26,24,26,0,0,0,0,0,0,0,0,0,0,0,0,0,0,0.5
ERN1,NSUN5,O75460,Q96P11,U,low_plausibility,False,False,24,26,24,26,0,0,0,0,0,0,0,0,6,10,6,10,0,0,0.5
ERN1,GRWD1,O75460,Q9BQ67,U,low_plausibility,False,False,24,26,24,26,0,0,0,0,107,106,107,106,0,0,0,0,1,107,0.5023255813953489
ERN1,TINF2,O75460,Q9BSI4,U,low_plausibility,False,False,24,26,24,26,0,0,0,0,36,30,36,30,0,0,0,0,1,36,0.5441176470588235
ERN1,METTL22,O75460,Q9BUU2,U,low_plausibility,False,False,24,26,24,26,0,0,0,0,0,0,0,0,1,3,1,3,0,0,0.5
ERN1,REXO4,O75460,Q9GZR2,U,low_plausibility,False,False,24,26,24,26,0,0,0,0,51,41,51,41,0,0,0,0,1,51,0.5531914893617021
ERN1,POLR1E,O75460,Q9GZS1,U,low_plausibility,False,False,24,26,24,26,0,0,0,0,79,85,79,85,0,0,0,0,1,79,0.4819277108433735
ERN1,DDX47,O75460,Q9H0S4,U,low_plausibility,False,False,24,26,24,26,0,0,0,0,0,0,0,0,0,0,0,0,0,0,0.5
ERN1,TSPYL1,O75460,Q9H0U9,U,low_plausibility,False,False,24,26,24,26,0,0,0,0,34,33,34,33,0,0,0,0,1,34,0.5072463768115942
ERN1,ALX4,O75460,Q9H161,U,low_plausibility,False,False,24,26,24,26,0,0,0,0,0,0,0,0,3,5,3,5,0,0,0.5
ERN1,BRF2,O75460,Q9HAW0,U,low_plausibility,False,False,24,26,24,26,0,0,0,0,0,0,0,0,0,0,0,0,0,0,0.5
ERN1,ELL3,O75460,Q9HB65,U,low_plausibility,False,False,24,26,24,26,0,0,0,0,3,5,3,5,0,0,0,0,1,3,0.4
ERN1,METTL14,O75460,Q9HCE5,U,low_plausibility,False,False,24,26,24,26,0,0,0,0,0,0,0,0,0,0,0,0,0,0,0.5
ERN1,TMLHE,O75460,Q9NVH6,U,low_plausibility,False,False,24,26,24,26,0,0,0,0,0,0,0,0,0,0,0,0,0,0,0.5
ERN1,CWC25,O75460,Q9NXE8,U,low_plausibility,False,False,24,26,24,26,0,0,0,0,0,0,0,0,0,0,0,0,0,0,0.5
ERN1,MBD2,O75460,Q9UBB5,U,low_plausibility,False,False,24,26,24,26,0,0,0,0,0,0,0,0,0,0,0,0,0,0,0.5
ERN1,NARF,O75460,Q9UHQ1,U,low_plausibility,False,False,24,26,24,26,0,0,0,0,10,4,10,4,0,0,0,0,1,10,0.6875
ERN1,RNMT,O75460,O43148,U,low_plausibility,False,False,24,26,24,26,0,0,0,0,0,0,0,0,6,6,6,6,0,0,0.5
ERN1,PRPF4,O75460,O43172,U,low_plausibility,False,False,24,26,24,26,0,0,0,0,74,74,74,74,0,0,0,0,1,74,0.5
ERN1,HBP1,O75460,O60381,U,low_plausibility,False,False,24,26,24,26,0,0,0,0,41,36,41,36,0,0,0,0,1,41,0.5316455696202531
ERN1,PMPCB,O75460,O75439,U,low_plausibility,False,False,24,26,24,26,0,0,0,0,0,0,0,0,98,93,98,93,0,0,0.5
ERN1,UBXN7,O75460,O94888,U,low_plausibility,False,False,24,26,24,26,0,0,0,0,0,0,0,0,21,28,21,28,0,0,0.5
ERN1,DERPC,O75460,P0CG12,U,low_plausibility,False,False,24,26,24,26,0,0,0,0,0,0,0,0,0,0,0,0,0,0,0.5
ERN1,SRF,O75460,P11831,U,low_plausibility,False,False,24,26,24,26,0,0,0,0,0,0,0,0,26,20,26,20,0,0,0.5
ERN1,PAX3,O75460,P23760,U,low_plausibility,False,False,24,26,24,26,0,0,0,0,0,0,0,0,0,0,0,0,0,0,0.5
ERN1,CDC25C,O75460,P30307,U,low_plausibility,False,False,24,26,24,26,0,0,0,0,0,0,0,0,12,21,12,21,0,0,0.5
ERN1,RORA,O75460,P35398,U,low_plausibility,False,False,24,26,24,26,0,0,0,0,0,0,0,0,3,0,3,0,0,0,0.5
ERN1,FUS,O75460,P35637,U,low_plausibility,False,False,24,26,24,26,0,0,0,0,0,0,0,0,0,0,0,0,0,0,0.5
ERN1,SOX9,O75460,P48436,U,low_plausibility,False,False,24,26,24,26,0,0,0,0,15,22,15,22,0,0,0,0,1,15,0.41025641025641024
ERN1,POLD2,O75460,P49005,U,low_plausibility,False,False,24,26,24,26,0,0,0,0,0,0,0,0,0,0,0,0,0,0,0.5
ERN1,CLK2,O75460,P49760,U,low_plausibility,False,False,24,26,24,26,0,0,0,0,0,0,0,0,0,0,0,0,0,0,0.5
ERN1,RORC,O75460,P51449,U,low_plausibility,False,False,24,26,24,26,0,0,0,0,0,0,0,0,8,16,8,16,0,0,0.5
ERN1,FOXA1,O75460,P55317,U,low_plausibility,False,False,24,26,24,26,0,0,0,0,0,0,0,0,0,0,0,0,0,0,0.5
ERN1,RRP1,O75460,P56182,U,low_plausibility,False,False,24,26,24,26,0,0,0,0,0,0,0,0,0,0,0,0,0,0,0.5
ERN1,SRSF4,O75460,Q08170,U,low_plausibility,False,False,24,26,24,26,0,0,0,0,84,74,84,74,0,0,0,0,1,84,0.53125
ERN1,PMPCA,O75460,Q10713,U,low_plausibility,False,False,24,26,24,26,0,0,0,0,0,0,0,0,94,73,94,73,0,0,0.5
ERN1,SF3A3,O75460,Q12874,U,low_plausibility,False,False,24,26,24,26,0,0,0,0,0,0,0,0,0,0,0,0,0,0,0.5
ERN1,HDAC1,O75460,Q13547,U,low_plausibility,False,False,24,26,24,26,0,0,0,0,0,0,0,0,0,0,0,0,0,0,0.5
ERN1,VEZF1,O75460,Q14119,U,low_plausibility,False,False,24,26,24,26,0,0,0,0,0,0,0,0,0,0,0,0,0,0,0.5
ERN1,NONO,O75460,Q15233,U,low_plausibility,False,False,24,26,24,26,0,0,0,0,0,0,0,0,0,0,0,0,0,0,0.5
ERN1,SF3A2,O75460,Q15428,U,low_plausibility,False,False,24,26,24,26,0,0,0,0,0,0,0,0,0,0,0,0,0,0,0.5
ERN1,ZSCAN26,O75460,Q16670,U,low_plausibility,False,False,24,26,24,26,0,0,0,0,0,0,0,0,0,0,0,0,0,0,0.5
ERN1,ZNF385B,O75460,Q569K4,U,low_plausibility,False,False,24,26,24,26,0,0,0,0,0,0,0,0,0,0,0,0,0,0,0.5
ERN1,CCDC174,O75460,Q6PII3,U,low_plausibility,False,False,24,26,24,26,0,0,0,0,0,0,0,0,0,0,0,0,0,0,0.5
ERN1,SMARCD3,O75460,Q6STE5,U,low_plausibility,False,False,24,26,24,26,0,0,0,0,0,0,0,0,0,0,0,0,0,0,0.5
ERN1,AEBP2,O75460,Q6ZN18,U,low_plausibility,False,False,24,26,24,26,0,0,0,0,0,0,0,0,0,0,0,0,0,0,0.5
ERN1,RIOX2,O75460,Q8IUF8,U,low_plausibility,False,False,24,26,24,26,0,0,0,0,0,0,0,0,0,0,0,0,0,0,0.5
ERN1,PGBD5,O75460,Q8N414,U,low_plausibility,False,False,24,26,24,26,0,0,0,0,0,0,0,0,0,0,0,0,0,0,0.5
ERN1,PRPF31,O75460,Q8WWY3,U,low_plausibility,False,False,24,26,24,26,0,0,0,0,0,0,0,0,37,38,37,38,0,0,0.5
ERN1,PRCC,O75460,Q92733,U,low_plausibility,False,False,24,26,24,26,0,0,0,0,0,0,0,0,11,12,11,12,0,0,0.5
ERN1,GPKOW,O75460,Q92917,U,low_plausibility,False,False,24,26,24,26,0,0,0,0,0,0,0,0,0,0,0,0,0,0,0.5
ERN1,SAAL1,O75460,Q96ER3,U,low_plausibility,False,False,24,26,24,26,0,0,0,0,0,0,0,0,0,0,0,0,0,0,0.5
ERN1,RNPC3,O75460,Q96LT9,U,low_plausibility,False,False,24,26,24,26,0,0,0,0,0,0,0,0,0,0,0,0,0,0,0.5
ERN1,PNKP,O75460,Q96T60,U,low_plausibility,False,False,24,26,24,26,0,0,0,0,38,33,38,33,0,0,0,0,1,38,0.5342465753424658
ERN1,FOXC2,O75460,Q99958,U,low_plausibility,False,False,24,26,24,26,0,0,0,0,0,0,0,0,0,0,0,0,0,0,0.5
ERN1,TBL1Y,O75460,Q9BQ87,U,low_plausibility,False,False,24,26,24,26,0,0,0,0,0,0,0,0,0,0,0,0,0,0,0.5
ERN1,HEMGN,O75460,Q9BXL5,U,low_plausibility,False,False,24,26,24,26,0,0,0,0,0,0,0,0,8,3,8,3,0,0,0.5
ERN1,SPRTN,O75460,Q9H040,U,low_plausibility,False,False,24,26,24,26,0,0,0,0,0,0,0,0,0,0,0,0,0,0,0.5
ERN1,RNF38,O75460,Q9H0F5,U,low_plausibility,False,False,24,26,24,26,0,0,0,0,8,11,8,11,0,0,0,0,1,8,0.42857142857142855
ERN1,NELFA,O75460,Q9H3P2,U,low_plausibility,False,False,24,26,24,26,0,0,0,0,0,0,0,0,13,14,13,14,0,0,0.5
ERN1,NLE1,O75460,Q9NVX2,U,low_plausibility,False,False,24,26,24,26,0,0,0,0,18,19,18,19,0,0,0,0,1,18,0.48717948717948717
ERN1,GPATCH2,O75460,Q9NW75,U,low_plausibility,False,False,24,26,24,26,0,0,0,0,0,0,0,0,0,0,0,0,0,0,0.5
ERN1,NUFIP1,O75460,Q9UHK0,U,low_plausibility,False,False,24,26,24,26,0,0,0,0,0,0,0,0,0,0,0,0,0,0,0.5
ERN1,ZNF639,O75460,Q9UID6,U,low_plausibility,False,False,24,26,24,26,0,0,0,0,0,0,0,0,0,0,0,0,0,0,0.5
ERN1,CCNL1,O75460,Q9UK58,U,low_plausibility,False,False,24,26,24,26,0,0,0,0,0,0,0,0,0,0,0,0,0,0,0.5
ERN1,TCFL5,O75460,Q9UL49,U,low_plausibility,False,False,24,26,24,26,0,0,0,0,0,0,0,0,0,0,0,0,0,0,0.5
ERN1,HSF4,O75460,Q9ULV5,U,low_plausibility,False,False,24,26,24,26,0,0,0,0,16,22,16,22,0,0,0,0,1,16,0.425
TP53,MDM2,P04637,Q00987,P,,False,False,0,0,0,0,0,0,0,0,278,258,278,258,0,0,0,0,1,278,0.5185873605947955
TP53,MDM4,P04637,O15151,P,,False,False,0,0,0,0,0,0,0,0,24,31,24,31,0,0,0,0,1,24,0.43859649122807015
TP53,EP300,P04637,Q09472,P,,False,False,0,0,0,0,0,0,0,0,0,0,0,0,0,0,0,0,0,0,0.5
TP53,ZNF778,P04637,Q96MU6,U,context,False,False,0,0,0,0,0,0,0,0,0,0,0,0,0,0,0,0,0,0,0.5
TP53,ZNF583,P04637,Q96ND8,U,context,False,False,0,0,0,0,0,0,0,0,0,0,0,0,0,0,0,0,0,0,0.5
TP53,KANSL3,P04637,Q9P2N6,U,context,False,False,0,0,0,0,0,0,0,0,0,0,0,0,9,11,9,11,0,0,0.5
TP53,ZFP69,P04637,Q49AA0,U,context,False,False,0,0,0,0,0,0,0,0,0,0,0,0,0,0,0,0,0,0,0.5
TP53,POLGARF,P04637,A0A3B3IS91,U,context,False,False,0,0,0,0,0,0,0,0,0,0,0,0,0,0,0,0,0,0,0.5
TP53,ACD,P04637,Q96AP0,U,context,False,False,0,0,0,0,0,0,0,0,0,0,0,0,14,13,14,13,0,0,0.5
TP53,PHF10,P04637,Q8WUB8,U,context,False,False,0,0,0,0,0,0,0,0,0,0,0,0,0,0,0,0,0,0,0.5
TP53,RBFOX2,P04637,O43251,U,context,False,False,0,0,0,0,0,0,0,0,0,0,0,0,0,0,0,0,0,0,0.5
TP53,FEZF2,P04637,Q8TBJ5,U,context,False,False,0,0,0,0,0,0,0,0,0,0,0,0,0,0,0,0,0,0,0.5
TP53,ACTB,P04637,P60709,U,context,False,False,0,0,0,0,0,0,0,0,0,0,0,0,0,0,0,0,0,0,0.5
TP53,CCNE2,P04637,O96020,U,context,False,False,0,0,0,0,0,0,0,0,0,0,0,0,0,0,0,0,0,0,0.5
TP53,ZNF440,P04637,Q8IYI8,U,context,False,False,0,0,0,0,0,0,0,0,0,0,0,0,0,0,0,0,0,0,0.5
TP53,CRNKL1,P04637,Q9BZJ0,U,context,False,False,0,0,0,0,0,0,0,0,43,48,43,48,0,0,0,0,1,43,0.4731182795698925
TP53,ZNF784,P04637,Q8NCA9,U,context,False,False,0,0,0,0,0,0,0,0,0,0,0,0,0,0,0,0,0,0,0.5
TP53,NUFIP2,P04637,Q7Z417,U,context,False,False,0,0,0,0,0,0,0,0,0,0,0,0,50,41,50,41,0,0,0.5
TP53,RPS6,P04637,P62753,U,context,False,False,0,0,0,0,0,0,0,0,218,162,218,162,0,0,0,0,1,218,0.5732984293193717
TP53,ZNF724,P04637,A8MTY0,U,context,False,False,0,0,0,0,0,0,0,0,0,0,0,0,0,0,0,0,0,0,0.5
TP53,BRD2,P04637,P25440,U,context,False,False,0,0,0,0,0,0,0,0,0,0,0,0,0,0,0,0,0,0,0.5
TP53,TRAIP,P04637,Q9BWF2,U,context,False,False,0,0,0,0,0,0,0,0,39,29,39,29,0,0,0,0,1,39,0.5714285714285714
TP53,COPS7B,P04637,Q9H9Q2,U,context,False,False,0,0,0,0,0,0,0,0,0,0,0,0,0,0,0,0,0,0,0.5
TP53,HOXB5,P04637,P09067,U,context,False,False,0,0,0,0,0,0,0,0,0,0,0,0,0,0,0,0,0,0,0.5
TP53,DPH1,P04637,Q9BZG8,U,context,False,False,0,0,0,0,0,0,0,0,13,8,0,0,0,0,0,0,0,0,0.5
TP53,POLD2,P04637,P49005,U,context,False,False,0,0,0,0,0,0,0,0,0,0,0,0,0,0,0,0,0,0,0.5
TP53,ALKBH1,P04637,Q13686,U,context,False,False,0,0,0,0,0,0,0,0,0,0,0,0,0,0,0,0,0,0,0.5
TP53,SP2,P04637,Q02086,U,context,False,False,0,0,0,0,0,0,0,0,0,0,0,0,0,0,0,0,0,0,0.5
TP53,NASP,P04637,P49321,U,context,False,False,0,0,0,0,0,0,0,0,31,34,31,34,0,0,0,0,1,31,0.47761194029850745
TP53,NSMCE1,P04637,Q8WV22,U,context,False,False,0,0,0,0,0,0,0,0,7,6,7,6,0,0,0,0,1,7,0.5333333333333333
TP53,RNGTT,P04637,O60942,U,context,False,False,0,0,0,0,0,0,0,0,0,0,0,0,19,17,19,17,0,0,0.5
TP53,ARIH1,P04637,Q9Y4X5,U,context,False,False,0,0,0,0,0,0,0,0,62,79,62,79,0,0,0,0,1,62,0.4405594405594406
TP53,SMU1,P04637,Q2TAY7,U,context,False,False,0,0,0,0,0,0,0,0,41,43,41,43,0,0,0,0,1,41,0.4883720930232558
TP53,ATXN1,P04637,P54253,U,context,False,False,0,0,0,0,0,0,0,0,0,0,0,0,0,0,0,0,0,0,0.5
TP53,NET1,P04637,Q7Z628,U,context,False,False,0,0,0,0,0,0,0,0,10,13,10,13,0,0,0,0,1,10,0.44
TP53,ANAPC5,P04637,Q9UJX4,U,context,False,False,0,0,0,0,0,0,0,0,0,0,0,0,0,0,0,0,0,0,0.5
TP53,FGD2,P04637,Q7Z6J4,U,context,False,False,0,0,0,0,0,0,0,0,0,0,0,0,0,0,0,0,0,0,0.5
TP53,PLEKHO1,P04637,Q53GL0,U,context,False,False,0,0,0,0,0,0,0,0,24,19,24,19,0,0,0,0,1,24,0.5555555555555556
TP53,ZNF585A,P04637,Q6P3V2,U,context,False,False,0,0,0,0,0,0,0,0,0,0,0,0,0,0,0,0,0,0,0.5
TP53,ZNF2,P04637,Q9BSG1,U,context,False,False,0,0,0,0,0,0,0,0,0,0,0,0,0,0,0,0,0,0,0.5
TP53,RPS6KA3,P04637,P51812,U,context,False,False,0,0,0,0,0,0,0,0,0,0,0,0,0,0,0,0,0,0,0.5
TP53,TLE6,P04637,Q9H808,U,context,False,False,0,0,0,0,0,0,0,0,1,3,1,3,0,0,0,0,1,1,0.3333333333333333
TP53,TUBD1,P04637,Q9UJT1,U,context,False,False,0,0,0,0,0,0,0,0,0,0,0,0,0,0,0,0,0,0,0.5
TP53,MX2,P04637,P20592,U,context,False,False,0,0,0,0,0,0,0,0,3,4,3,4,0,0,0,0,1,3,0.4444444444444444
TP53,RAD52,P04637,P43351,U,context,False,False,0,0,0,0,0,0,0,0,0,0,0,0,0,0,0,0,0,0,0.5
TP53,UNKL,P04637,Q9H9P5,U,context,False,False,0,0,0,0,0,0,0,0,0,0,0,0,0,0,0,0,0,0,0.5
TP53,NUP107,P04637,P57740,U,context,False,False,0,0,0,0,0,0,0,0,50,47,50,47,0,0,0,0,1,50,0.5151515151515151
TP53,ELL,P04637,P55199,U,context,False,False,0,0,0,0,0,0,0,0,16,12,16,12,0,0,0,0,1,16,0.5666666666666667
TP53,GCAT,P04637,O75600,U,context,False,False,0,0,0,0,0,0,0,0,17,16,17,16,0,0,0,0,1,17,0.5142857142857142
TP53,DUX4,P04637,Q9UBX2,U,context,False,False,0,0,0,0,0,0,0,0,0,0,0,0,31,37,31,37,0,0,0.5
TP53,AFMID,P04637,Q63HM1,U,context,False,False,0,0,0,0,0,0,0,0,0,0,0,0,0,0,0,0,0,0,0.5
TP53,ZNF230,P04637,Q9UIE0,U,context,False,False,0,0,0,0,0,0,0,0,0,0,0,0,0,0,0,0,0,0,0.5
TP53,WDR77,P04637,Q9BQA1,U,context,False,False,0,0,0,0,0,0,0,0,87,93,87,93,0,0,0,0,1,87,0.4835164835164835
TP53,RASL12,P04637,Q9NYN1,U,background,False,False,0,0,0,0,0,0,0,0,3,3,3,3,0,0,0,0,1,3,0.5
TP53,ZNF780B,P04637,Q9Y6R6,U,background,False,False,0,0,0,0,0,0,0,0,0,0,0,0,0,0,0,0,0,0,0.5
TP53,WDR83,P04637,Q9BRX9,U,background,False,False,0,0,0,0,0,0,0,0,71,68,71,68,0,0,0,0,1,71,0.5106382978723404
TP53,ADGRF4,P04637,Q8IZF3,U,background,False,False,0,0,0,0,0,0,0,0,0,0,0,0,0,0,0,0,0,0,0.5
TP53,EXOSC10,P04637,Q01780,U,background,False,False,0,0,0,0,0,0,0,0,0,0,0,0,40,43,40,43,0,0,0.5
TP53,ACTR3B,P04637,Q9P1U1,U,background,False,False,0,0,0,0,0,0,0,0,10,15,10,15,0,0,0,0,1,10,0.4074074074074074
TP53,FIGNL2,P04637,A6NMB9,U,background,False,False,0,0,0,0,0,0,0,0,0,1,0,1,0,0,0,0,1,0,0.3333333333333333
TP53,ANXA11,P04637,P50995,U,background,False,False,0,0,0,0,0,0,0,0,20,24,20,24,0,0,0,0,1,20,0.45652173913043476
TP53,GRM2,P04637,Q14416,U,background,False,False,0,0,0,0,0,0,0,0,0,0,0,0,0,0,0,0,0,0,0.5
TP53,KCNK18,P04637,Q7Z418,U,background,False,False,0,0,0,0,0,0,0,0,0,0,0,0,9,5,9,5,0,0,0.5
TP53,C1QTNF3,P04637,Q9BXJ4,U,background,False,False,0,0,0,0,0,0,0,0,0,0,0,0,2,1,2,1,0,0,0.5
TP53,DCAF12L2,P04637,Q5VW00,U,background,False,False,0,0,0,0,0,0,0,0,0,0,0,0,0,0,0,0,0,0,0.5
TP53,CAPNS1,P04637,P04632,U,background,False,False,0,0,0,0,0,0,0,0,0,0,0,0,0,0,0,0,0,0,0.5
TP53,PHYHD1,P04637,Q5SRE7,U,background,False,False,0,0,0,0,0,0,0,0,0,0,0,0,0,0,0,0,0,0,0.5
TP53,ANKRD1,P04637,Q15327,U,background,False,False,0,0,0,0,0,0,0,0,0,0,0,0,0,0,0,0,0,0,0.5
TP53,ADAM30,P04637,Q9UKF2,U,background,False,False,0,0,0,0,0,0,0,0,0,0,0,0,18,19,18,19,0,0,0.5
TP53,GCNT4,P04637,Q9P109,U,background,False,False,0,0,0,0,0,0,0,0,0,0,0,0,0,0,0,0,0,0,0.5
TP53,AGPAT2,P04637,O15120,U,background,False,False,0,0,0,0,0,0,0,0,0,0,0,0,0,0,0,0,0,0,0.5
TP53,CACUL1,P04637,Q86Y37,U,background,False,False,0,0,0,0,0,0,0,0,0,0,0,0,0,0,0,0,0,0,0.5
TP53,ZBTB12,P04637,Q9Y330,U,background,False,False,0,0,0,0,0,0,0,0,0,0,0,0,0,0,0,0,0,0,0.5
TP53,RPL3,P04637,P39023,U,background,False,False,0,0,0,0,0,0,0,0,0,0,0,0,0,0,0,0,0,0,0.5
TP53,NXPE3,P04637,Q969Y0,U,background,False,False,0,0,0,0,0,0,0,0,0,0,0,0,0,0,0,0,0,0,0.5
TP53,CYP4A22,P04637,Q5TCH4,U,background,False,False,0,0,0,0,0,0,0,0,0,0,0,0,0,0,0,0,0,0,0.5
TP53,CD2AP,P04637,Q9Y5K6,U,background,False,False,0,0,0,0,0,0,0,0,65,76,65,76,0,0,0,0,1,65,0.46153846153846156
TP53,UMPS,P04637,P11172,U,background,False,False,0,0,0,0,0,0,0,0,14,17,14,17,0,0,0,0,1,14,0.45454545454545453
TP53,RUSF1,P04637,Q96GQ5,U,background,False,False,0,0,0,0,0,0,0,0,0,0,0,0,0,0,0,0,0,0,0.5
TP53,TBC1D23,P04637,Q9NUY8,U,background,False,False,0,0,0,0,0,0,0,0,0,0,0,0,8,10,8,10,0,0,0.5
TP53,APOE,P04637,P02649,U,background,False,False,0,0,0,0,0,0,0,0,61,52,61,52,0,0,0,0,1,61,0.5391304347826087
TP53,PGM1,P04637,P36871,U,background,False,False,0,0,0,0,0,0,0,0,0,0,0,0,0,0,0,0,0,0,0.5
TP53,KRT16,P04637,P08779,U,background,False,False,0,0,0,0,0,0,0,0,0,0,0,0,0,0,0,0,0,0,0.5
TP53,PTX3,P04637,P26022,U,background,False,False,0,0,0,0,0,0,0,0,0,0,0,0,22,24,22,24,0,0,0.5
TP53,PNMA5,P04637,Q96PV4,U,background,False,False,0,0,0,0,0,0,0,0,0,0,0,0,0,0,0,0,0,0,0.5
TP53,SLC44A2,P04637,Q8IWA5,U,background,False,False,0,0,0,0,0,0,0,0,0,0,0,0,0,0,0,0,0,0,0.5
TP53,MARK4,P04637,Q96L34,U,background,False,False,0,0,0,0,0,0,0,0,0,0,0,0,0,0,0,0,0,0,0.5
TP53,NEUROG2,P04637,Q9H2A3,U,background,False,False,0,0,0,0,0,0,0,0,0,0,0,0,0,0,0,0,0,0,0.5
TP53,MRGPRF,P04637,Q96AM1,U,background,False,False,0,0,0,0,0,0,0,0,0,0,0,0,0,0,0,0,0,0,0.5
TP53,RNF167,P04637,Q9H6Y7,U,background,False,False,0,0,0,0,0,0,0,0,0,0,0,0,0,0,0,0,0,0,0.5
TP53,PPP3CB,P04637,P16298,U,background,False,False,0,0,0,0,0,0,0,0,0,0,0,0,14,25,14,25,0,0,0.5
TP53,ALPI,P04637,P09923,U,background,False,False,0,0,0,0,0,0,0,0,0,0,0,0,0,0,0,0,0,0,0.5
TP53,HAP1,P04637,P54257,U,background,False,False,0,0,0,0,0,0,0,0,32,44,32,44,0,0,0,0,1,32,0.4230769230769231
TP53,QRFPR,P04637,Q96P65,U,background,False,False,0,0,0,0,0,0,0,0,0,0,0,0,0,0,0,0,0,0,0.5
TP53,C2orf42,P04637,Q9NWW7,U,background,False,False,0,0,0,0,0,0,0,0,0,0,0,0,1,1,1,1,0,0,0.5
TP53,FAM131C,P04637,Q96AQ9,U,background,False,False,0,0,0,0,0,0,0,0,5,2,5,2,0,0,0,0,1,5,0.6666666666666666
TP53,FTO,P04637,Q9C0B1,U,background,False,False,0,0,0,0,0,0,0,0,19,26,19,26,0,0,0,0,1,19,0.425531914893617
TP53,CDHR4,P04637,A6H8M9,U,background,False,False,0,0,0,0,0,0,0,0,0,0,0,0,0,0,0,0,0,0,0.5
TP53,HNRNPU,P04637,Q00839,U,background,False,False,0,0,0,0,0,0,0,0,0,0,0,0,0,0,0,0,0,0,0.5
TP53,SEZ6L2,P04637,Q6UXD5,U,background,False,False,0,0,0,0,0,0,0,0,0,0,0,0,0,0,0,0,0,0,0.5
TP53,POMC,P04637,P01189,U,background,False,False,0,0,0,0,0,0,0,0,0,0,0,0,0,0,0,0,0,0,0.5
TP53,ESCO1,P04637,Q5FWF5,U,background,False,False,0,0,0,0,0,0,0,0,0,0,0,0,0,0,0,0,0,0,0.5
TP53,SULF1,P04637,Q8IWU6,U,background,False,False,0,0,0,0,0,0,0,0,0,0,0,0,8,9,8,9,0,0,0.5
TP53,BRIX1,P04637,Q8TDN6,U,context,False,False,0,0,0,0,0,0,0,0,0,0,0,0,49,33,49,33,0,0,0.5
TP53,IMPDH1,P04637,P20839,U,context,False,False,0,0,0,0,0,0,0,0,0,0,0,0,29,29,29,29,0,0,0.5
TP53,TBX5,P04637,Q99593,U,context,False,False,0,0,0,0,0,0,0,0,0,0,0,0,0,0,0,0,0,0,0.5
TP53,INPP4A,P04637,Q96PE3,U,context,False,False,0,0,0,0,0,0,0,0,8,8,8,8,0,0,0,0,1,8,0.5
TP53,A1CF,P04637,Q9NQ94,U,context,False,False,0,0,0,0,0,0,0,0,7,9,7,9,0,0,0,0,1,7,0.4444444444444444
TP53,IP6K1,P04637,Q92551,U,context,False,False,0,0,0,0,0,0,0,0,0,0,0,0,9,11,9,11,0,0,0.5
TP53,GABPB1,P04637,Q06547,U,context,False,False,0,0,0,0,0,0,0,0,0,0,0,0,0,0,0,0,0,0,0.5
TP53,SENP1,P04637,Q9P0U3,U,context,False,False,0,0,0,0,0,0,0,0,0,0,0,0,19,21,19,21,0,0,0.5
TP53,SRSF6,P04637,Q13247,U,context,False,False,0,0,0,0,0,0,0,0,0,0,0,0,0,0,0,0,0,0,0.5
TP53,UTP11,P04637,Q9Y3A2,U,context,False,False,0,0,0,0,0,0,0,0,17,14,17,14,0,0,0,0,1,17,0.5454545454545454
TP53,DYRK3,P04637,O43781,U,context,False,False,0,0,0,0,0,0,0,0,0,0,0,0,0,0,0,0,0,0,0.5
TP53,INTS14,P04637,Q96SY0,U,context,False,False,0,0,0,0,0,0,0,0,0,0,0,0,0,0,0,0,0,0,0.5
TP53,NCOA5,P04637,Q9HCD5,U,context,False,False,0,0,0,0,0,0,0,0,40,37,40,37,0,0,0,0,1,40,0.5189873417721519
TP53,CAPG,P04637,P40121,U,context,False,False,0,0,0,0,0,0,0,0,0,0,0,0,0,0,0,0,0,0,0.5
TP53,RDM1,P04637,Q8NG50,U,context,False,False,0,0,0,0,0,0,0,0,5,3,5,3,0,0,0,0,1,5,0.6
TP53,HORMAD2,P04637,Q8N7B1,U,context,False,False,0,0,0,0,0,0,0,0,0,0,0,0,0,0,0,0,0,0,0.5
TP53,PPAN,P04637,Q9NQ55,U,context,False,False,0,0,0,0,0,0,0,0,0,0,0,0,49,35,49,35,0,0,0.5
TP53,ZNF671,P04637,Q8TAW3,U,context,False,False,0,0,0,0,0,0,0,0,0,0,0,0,0,0,0,0,0,0,0.5
TP53,CPNE2,P04637,Q96FN4,U,context,False,False,0,0,0,0,0,0,0,0,0,0,0,0,0,0,0,0,0,0,0.5
TP53,ECSIT,P04637,Q9BQ95,U,context,False,False,0,0,0,0,0,0,0,0,0,0,0,0,0,0,0,0,0,0,0.5
TP53,NACC1,P04637,Q96RE7,U,context,False,False,0,0,0,0,0,0,0,0,0,0,0,0,0,0,0,0,0,0,0.5
TP53,MLLT1,P04637,Q03111,U,context,False,False,0,0,0,0,0,0,0,0,0,0,0,0,0,0,0,0,0,0,0.5
TP53,DCAF13,P04637,Q9NV06,U,context,False,False,0,0,0,0,0,0,0,0,51,48,51,48,0,0,0,0,1,51,0.5148514851485149
TP53,TNFAIP3,P04637,P21580,U,context,False,False,0,0,0,0,0,0,0,0,0,0,0,0,36,30,36,30,0,0,0.5
TP53,PPID,P04637,Q08752,U,context,False,False,0,0,0,0,0,0,0,0,24,19,24,19,0,0,0,0,1,24,0.5555555555555556
TP53,EED,P04637,O75530,U,context,False,False,0,0,0,0,0,0,0,0,153,147,153,147,0,0,0,0,1,153,0.5099337748344371
TP53,ZNF284,P04637,Q2VY69,U,context,False,False,0,0,0,0,0,0,0,0,0,0,0,0,0,0,0,0,0,0,0.5
TP53,BOP1,P04637,Q14137,U,context,False,False,0,0,0,0,0,0,0,0,42,45,42,45,0,0,0,0,1,42,0.48314606741573035
TP53,URI1,P04637,O94763,U,context,False,False,0,0,0,0,0,0,0,0,51,49,51,49,0,0,0,0,1,51,0.5098039215686274
TP53,FOS,P04637,P01100,U,context,False,False,0,0,0,0,0,0,0,0,0,0,0,0,0,0,0,0,0,0,0.5
TP53,FGF2,P04637,P09038,U,context,False,False,0,0,0,0,0,0,0,0,0,0,0,0,17,21,17,21,0,0,0.5
TP53,PBX1,P04637,P40424,U,context,False,False,0,0,0,0,0,0,0,0,0,0,0,0,0,0,0,0,0,0,0.5
TP53,PRDM13,P04637,Q9H4Q3,U,context,False,False,0,0,0,0,0,0,0,0,0,0,0,0,0,0,0,0,0,0,0.5
TP53,TGFB1I1,P04637,O43294,U,context,False,False,0,0,0,0,0,0,0,0,0,0,0,0,0,0,0,0,0,0,0.5
TP53,TEAD2,P04637,Q15562,U,context,False,False,0,0,0,0,0,0,0,0,0,0,0,0,0,0,0,0,0,0,0.5
TP53,SRSF5,P04637,Q13243,U,context,False,False,0,0,0,0,0,0,0,0,0,0,0,0,0,0,0,0,0,0,0.5
TP53,IGF2BP2,P04637,Q9Y6M1,U,context,False,False,0,0,0,0,0,0,0,0,90,90,90,90,0,0,0,0,1,90,0.5
TP53,ZNF311,P04637,Q5JNZ3,U,context,False,False,0,0,0,0,0,0,0,0,0,0,0,0,0,0,0,0,0,0,0.5
TP53,ZNF775,P04637,Q96BV0,U,context,False,False,0,0,0,0,0,0,0,0,0,0,0,0,0,0,0,0,0,0,0.5
TP53,HOXD3,P04637,P31249,U,context,False,False,0,0,0,0,0,0,0,0,0,0,0,0,0,0,0,0,0,0,0.5
TP53,TIGD4,P04637,Q8IY51,U,context,False,False,0,0,0,0,0,0,0,0,0,0,0,0,0,0,0,0,0,0,0.5
TP53,OAS1,P04637,P00973,U,context,False,False,0,0,0,0,0,0,0,0,0,0,0,0,0,0,0,0,0,0,0.5
TP53,TRIM5,P04637,Q9C035,U,context,False,False,0,0,0,0,0,0,0,0,0,0,0,0,0,0,0,0,0,0,0.5
TP53,ZNF841,P04637,Q6ZN19,U,context,False,False,0,0,0,0,0,0,0,0,0,0,0,0,0,0,0,0,0,0,0.5
TP53,TSG101,P04637,Q99816,U,context,False,False,0,0,0,0,0,0,0,0,121,101,121,101,0,0,0,0,1,121,0.5446428571428571
TP53,SNRNP70,P04637,P08621,U,context,False,False,0,0,0,0,0,0,0,0,299,218,299,218,0,0,0,0,1,299,0.5780346820809249
TP53,LMX1B,P04637,O60663,U,context,False,False,0,0,0,0,0,0,0,0,0,0,0,0,8,10,8,10,0,0,0.5
TP53,ZNF350,P04637,Q9GZX5,U,context,False,False,0,0,0,0,0,0,0,0,0,0,0,0,0,0,0,0,0,0,0.5
TP53,NR4A2,P04637,P43354,U,context,False,False,0,0,0,0,0,0,0,0,0,0,0,0,0,0,0,0,0,0,0.5
TP53,ZNF333,P04637,Q96JL9,U,context,False,False,0,0,0,0,0,0,0,0,0,0,0,0,0,0,0,0,0,0,0.5
TP53,ZNF396,P04637,Q96N95,U,background,False,False,0,0,0,0,0,0,0,0,0,0,0,0,0,0,0,0,0,0,0.5
TP53,CDH26,P04637,Q8IXH8,U,background,False,False,0,0,0,0,0,0,0,0,0,0,0,0,0,0,0,0,0,0,0.5
TP53,UTP3,P04637,Q9NQZ2,U,background,False,False,0,0,0,0,0,0,0,0,32,26,32,26,0,0,0,0,1,32,0.55
TP53,TWF1,P04637,Q12792,U,background,False,False,0,0,0,0,0,0,0,0,0,0,0,0,0,0,0,0,0,0,0.5
TP53,PDLIM3,P04637,Q53GG5,U,background,False,False,0,0,0,0,0,0,0,0,0,0,0,0,0,0,0,0,0,0,0.5
TP53,CD74,P04637,P04233,U,background,False,False,0,0,0,0,0,0,0,0,0,0,0,0,26,32,26,32,0,0,0.5
TP53,PANK4,P04637,Q9NVE7,U,background,False,False,0,0,0,0,0,0,0,0,17,11,17,11,0,0,0,0,1,17,0.6
TP53,FASTKD5,P04637,Q7L8L6,U,background,False,False,0,0,0,0,0,0,0,0,0,0,0,0,80,68,80,68,0,0,0.5
TP53,HSD17B1,P04637,P14061,U,background,False,False,0,0,0,0,0,0,0,0,0,0,0,0,0,0,0,0,0,0,0.5
TP53,PCOLCE2,P04637,Q9UKZ9,U,background,False,False,0,0,0,0,0,0,0,0,0,0,0,0,0,0,0,0,0,0,0.5
TP53,PLEKHG7,P04637,Q6ZR37,U,background,False,False,0,0,0,0,0,0,0,0,18,18,18,18,0,0,0,0,1,18,0.5
TP53,CXorf38,P04637,Q8TB03,U,background,False,False,0,0,0,0,0,0,0,0,2,5,2,5,0,0,0,0,1,2,0.3333333333333333
TP53,ZNF829,P04637,Q3KNS6,U,background,False,False,0,0,0,0,0,0,0,0,0,0,0,0,0,0,0,0,0,0,0.5
TP53,ZRSR2P1,P04637,Q15695,U,background,False,False,0,0,0,0,0,0,0,0,0,0,0,0,0,0,0,0,0,0,0.5
TP53,ZNF442,P04637,Q9H7R0,U,background,False,False,0,0,0,0,0,0,0,0,0,0,0,0,0,0,0,0,0,0,0.5
TP53,USP46,P04637,P62068,U,background,False,False,0,0,0,0,0,0,0,0,0,0,0,0,0,0,0,0,0,0,0.5
TP53,MARS1,P04637,P56192,U,background,False,False,0,0,0,0,0,0,0,0,0,0,0,0,0,0,0,0,0,0,0.5
TP53,SPIRE1,P04637,Q08AE8,U,background,False,False,0,0,0,0,0,0,0,0,9,15,9,15,0,0,0,0,1,9,0.38461538461538464
TP53,MRGPRX3,P04637,Q96LB0,U,background,False,False,0,0,0,0,0,0,0,0,0,0,0,0,0,0,0,0,0,0,0.5
TP53,POM121L12,P04637,Q8N7R1,U,background,False,False,0,0,0,0,0,0,0,0,0,0,0,0,0,0,0,0,0,0,0.5
TP53,ZNF324B,P04637,Q6AW86,U,background,False,False,0,0,0,0,0,0,0,0,0,0,0,0,0,0,0,0,0,0,0.5
TP53,CNOT10,P04637,Q9H9A5,U,background,False,False,0,0,0,0,0,0,0,0,0,0,0,0,0,0,0,0,0,0,0.5
TP53,PTGDR,P04637,Q13258,U,background,False,False,0,0,0,0,0,0,0,0,0,0,0,0,0,0,0,0,0,0,0.5
TP53,ENPP2,P04637,Q13822,U,background,False,False,0,0,0,0,0,0,0,0,0,0,0,0,0,0,0,0,0,0,0.5
TP53,PTCHD4,P04637,Q6ZW05,U,background,False,False,0,0,0,0,0,0,0,0,0,0,0,0,0,0,0,0,0,0,0.5
TP53,WDR41,P04637,Q9HAD4,U,background,False,False,0,0,0,0,0,0,0,0,33,50,33,50,0,0,0,0,1,33,0.4
TP53,COG6,P04637,Q9Y2V7,U,background,False,False,0,0,0,0,0,0,0,0,56,51,56,51,0,0,0,0,1,56,0.5229357798165137
TP53,GJD2,P04637,Q9UKL4,U,background,False,False,0,0,0,0,0,0,0,0,0,0,0,0,0,0,0,0,0,0,0.5
TP53,CDK5R2,P04637,Q13319,U,background,False,False,0,0,0,0,0,0,0,0,0,0,0,0,0,2,0,2,0,0,0.5
TP53,CMKLR1,P04637,Q99788,U,background,False,False,0,0,0,0,0,0,0,0,0,0,0,0,0,0,0,0,0,0,0.5
TP53,NKX6-1,P04637,P78426,U,background,False,False,0,0,0,0,0,0,0,0,0,0,0,0,0,0,0,0,0,0,0.5
TP53,NOVA2,P04637,Q9UNW9,U,background,False,False,0,0,0,0,0,0,0,0,0,0,0,0,0,0,0,0,0,0,0.5
TP53,SLC18A1,P04637,P54219,U,background,False,False,0,0,0,0,0,0,0,0,0,0,0,0,0,0,0,0,0,0,0.5
TP53,MT-CYB,P04637,P00156,U,background,False,False,0,0,0,0,0,0,0,0,0,0,0,0,0,0,0,0,0,0,0.5
TP53,ANKRA2,P04637,Q9H9E1,U,background,False,False,0,0,0,0,0,0,0,0,8,3,8,3,0,0,0,0,1,8,0.6923076923076923
TP53,FOXL1,P04637,Q12952,U,background,False,False,0,0,0,0,0,0,0,0,0,0,0,0,0,0,0,0,0,0,0.5
TP53,MAPT,P04637,P10636,U,background,False,False,0,0,0,0,0,0,0,0,209,199,209,199,0,0,0,0,1,209,0.5121951219512195
TP53,NKX6-3,P04637,A6NJ46,U,background,False,False,0,0,0,0,0,0,0,0,0,0,0,0,0,0,0,0,0,0,0.5
TP53,LPIN1,P04637,Q14693,U,background,False,False,0,0,0,0,0,0,0,0,0,0,0,0,0,0,0,0,0,0,0.5
TP53,C1orf159,P04637,Q96HA4,U,background,False,False,0,0,0,0,0,0,0,0,3,1,3,1,0,0,0,0,1,3,0.6666666666666666
TP53,MAP4K5,P04637,Q9Y4K4,U,background,False,False,0,0,0,0,0,0,0,0,0,0,0,0,0,0,0,0,0,0,0.5
TP53,NIPA2,P04637,Q8N8Q9,U,background,False,False,0,0,0,0,0,0,0,0,0,0,0,0,0,0,0,0,0,0,0.5
TP53,OR10J5,P04637,Q8NHC4,U,background,False,False,0,0,0,0,0,0,0,0,0,0,0,0,0,0,0,0,0,0,0.5
TP53,PDK3,P04637,Q15120,U,background,False,False,0,0,0,0,0,0,0,0,0,0,0,0,0,0,0,0,0,0,0.5
TP53,CAPN6,P04637,Q9Y6Q1,U,background,False,False,0,0,0,0,0,0,0,0,0,0,0,0,1,3,1,3,0,0,0.5
TP53,DDX41,P04637,Q9UJV9,U,background,False,False,0,0,0,0,0,0,0,0,0,0,0,0,0,0,0,0,0,0,0.5
TP53,ZBTB2,P04637,Q8N680,U,background,False,False,0,0,0,0,0,0,0,0,0,0,0,0,0,0,0,0,0,0,0.5
TP53,CFHR4,P04637,Q92496,U,background,False,False,0,0,0,0,0,0,0,0,0,0,0,0,5,6,5,6,0,0,0.5
TP53,MEGF9,P04637,Q9H1U4,U,background,False,False,0,0,0,0,0,0,0,0,0,0,0,0,0,3,0,3,0,0,0.5
TP53,TLR1,P04637,Q15399,U,background,False,False,0,0,0,0,0,0,0,0,0,0,0,0,0,0,0,0,0,0,0.5
TP53,HEATR1,P04637,Q9H583,U,context,False,False,0,0,0,0,0,0,0,0,0,0,0,0,0,0,0,0,0,0,0.5
TP53,CUX1,P04637,P39880,U,context,False,False,0,0,0,0,0,0,0,0,0,0,0,0,0,0,0,0,0,0,0.5
TP53,ZNF609,P04637,O15014,U,context,False,False,0,0,0,0,0,0,0,0,0,0,0,0,0,0,0,0,0,0,0.5
TP53,CHD2,P04637,O14647,U,context,False,False,0,0,0,0,0,0,0,0,0,0,0,0,0,0,0,0,0,0,0.5
TP53,TRPS1,P04637,Q9UHF7,U,context,False,False,0,0,0,0,0,0,0,0,0,0,0,0,0,0,0,0,0,0,0.5
TP53,MBD5,P04637,Q9P267,U,context,False,False,0,0,0,0,0,0,0,0,0,0,0,0,4,2,4,2,0,0,0.5
TP53,SCAF11,P04637,Q99590,U,context,False,False,0,0,0,0,0,0,0,0,25,20,25,20,0,0,0,0,1,25,0.5531914893617021
TP53,TTLL5,P04637,Q6EMB2,U,context,False,False,0,0,0,0,0,0,0,0,0,0,0,0,0,0,0,0,0,0,0.5
TP53,CRAMP1,P04637,Q96RY5,U,context,False,False,0,0,0,0,0,0,0,0,0,0,0,0,0,0,0,0,0,0,0.5
TP53,ZNF462,P04637,Q96JM2,U,context,False,False,0,0,0,0,0,0,0,0,0,0,0,0,0,0,0,0,0,0,0.5
TP53,PRDM2,P04637,Q13029,U,context,False,False,0,0,0,0,0,0,0,0,0,0,0,0,0,0,0,0,0,0,0.5
TP53,CAD,P04637,P27708,U,context,False,False,0,0,0,0,0,0,0,0,0,0,0,0,0,0,0,0,0,0,0.5
TP53,NEK1,P04637,Q96PY6,U,context,False,False,0,0,0,0,0,0,0,0,10,15,10,15,0,0,0,0,1,10,0.4074074074074074
TP53,BAZ1A,P04637,Q9NRL2,U,context,False,False,0,0,0,0,0,0,0,0,0,0,0,0,0,0,0,0,0,0,0.5
TP53,RAD54L2,P04637,Q9Y4B4,U,context,False,False,0,0,0,0,0,0,0,0,12,20,12,20,0,0,0,0,1,12,0.38235294117647056
TP53,SPEG,P04637,Q15772,U,context,False,False,0,0,0,0,0,0,0,0,0,0,0,0,0,0,0,0,0,0,0.5
TP53,KDM2B,P04637,Q8NHM5,U,context,False,False,0,0,0,0,0,0,0,0,0,0,0,0,25,16,25,16,0,0,0.5
TP53,ERBIN,P04637,Q96RT1,U,context,False,False,0,0,0,0,0,0,0,0,0,0,0,0,0,0,0,0,0,0,0.5
TP53,CASP8AP2,P04637,Q9UKL3,U,context,False,False,0,0,0,0,0,0,0,0,0,0,0,0,0,0,0,0,0,0,0.5
TP53,SCAND3,P04637,Q6R2W3,U,context,False,False,0,0,0,0,0,0,0,0,0,0,0,0,0,0,0,0,0,0,0.5
TP53,ZNF541,P04637,Q9H0D2,U,context,False,False,0,0,0,0,0,0,0,0,0,0,0,0,0,0,0,0,0,0,0.5
TP53,PPRC1,P04637,Q5VV67,U,context,False,False,0,0,0,0,0,0,0,0,0,0,0,0,0,0,0,0,0,0,0.5
TP53,ZNF208,P04637,O43345,U,context,False,False,0,0,0,0,0,0,0,0,0,0,0,0,0,0,0,0,0,0,0.5
TP53,ZNF292,P04637,O60281,U,context,False,False,0,0,0,0,0,0,0,0,0,0,0,0,0,0,0,0,0,0,0.5
TP53,DIDO1,P04637,Q9BTC0,U,context,False,False,0,0,0,0,0,0,0,0,0,0,0,0,0,0,0,0,0,0,0.5
TP53,RALGAPA1,P04637,Q6GYQ0,U,context,False,False,0,0,0,0,0,0,0,0,0,0,0,0,0,0,0,0,0,0,0.5
TP53,RECQL4,P04637,O94761,U,context,False,False,0,0,0,0,0,0,0,0,0,0,0,0,0,0,0,0,0,0,0.5
TP53,PARP4,P04637,Q9UKK3,U,context,False,False,0,0,0,0,0,0,0,0,0,0,0,0,0,0,0,0,0,0,0.5
TP53,EP400,P04637,Q96L91,U,context,False,False,0,0,0,0,0,0,0,0,0,0,0,0,0,0,0,0,0,0,0.5
TP53,SVEP1,P04637,Q4LDE5,U,context,False,False,0,0,0,0,0,0,0,0,0,0,0,0,0,0,0,0,0,0,0.5
TP53,DOCK10,P04637,Q96BY6,U,context,False,False,0,0,0,0,0,0,0,0,0,0,0,0,0,0,0,0,0,0,0.5
TP53,DHX9,P04637,Q08211,U,context,False,False,0,0,0,0,0,0,0,0,0,0,0,0,0,0,0,0,0,0,0.5
TP53,ZFAT,P04637,Q9P243,U,context,False,False,0,0,0,0,0,0,0,0,0,0,0,0,0,0,0,0,0,0,0.5
TP53,FMN2,P04637,Q9NZ56,U,context,False,False,0,0,0,0,0,0,0,0,0,0,0,0,0,0,0,0,0,0,0.5
TP53,SPOCD1,P04637,Q6ZMY3,U,context,False,False,0,0,0,0,0,0,0,0,0,0,0,0,0,0,0,0,0,0,0.5
TP53,ZNF521,P04637,Q96K83,U,context,False,False,0,0,0,0,0,0,0,0,0,0,0,0,0,0,0,0,0,0,0.5
TP53,POLQ,P04637,O75417,U,context,False,False,0,0,0,0,0,0,0,0,0,0,0,0,0,0,0,0,0,0,0.5
TP53,ZGRF1,P04637,Q86YA3,U,context,False,False,0,0,0,0,0,0,0,0,0,0,0,0,0,0,0,0,0,0,0.5
TP53,ZNF687,P04637,Q8N1G0,U,context,False,False,0,0,0,0,0,0,0,0,0,0,0,0,0,0,0,0,0,0,0.5
TP53,NLRP1,P04637,Q9C000,U,context,False,False,0,0,0,0,0,0,0,0,0,0,0,0,0,0,0,0,0,0,0.5
TP53,NCAPD3,P04637,P42695,U,context,False,False,0,0,0,0,0,0,0,0,80,80,80,80,0,0,0,0,1,80,0.5
TP53,FMN1,P04637,Q68DA7,U,context,False,False,0,0,0,0,0,0,0,0,3,6,3,6,0,0,0,0,1,3,0.36363636363636365
TP53,NCOA3,P04637,Q9Y6Q9,U,context,False,False,0,0,0,0,0,0,0,0,0,0,0,0,0,0,0,0,0,0,0.5
TP53,ZNF469,P04637,Q96JG9,U,context,False,False,0,0,0,0,0,0,0,0,0,0,0,0,0,0,0,0,0,0,0.5
TP53,PPP1R26,P04637,Q5T8A7,U,context,False,False,0,0,0,0,0,0,0,0,0,0,0,0,1,1,1,1,0,0,0.5
TP53,GTF3C1,P04637,Q12789,U,context,False,False,0,0,0,0,0,0,0,0,0,0,0,0,0,0,0,0,0,0,0.5
TP53,DCAF1,P04637,Q9Y4B6,U,context,False,False,0,0,0,0,0,0,0,0,0,0,0,0,0,0,0,0,0,0,0.5
TP53,PIK3C2B,P04637,O00750,U,context,False,False,0,0,0,0,0,0,0,0,0,0,0,0,0,0,0,0,0,0,0.5
TP53,URB1,P04637,O60287,U,context,False,False,0,0,0,0,0,0,0,0,0,0,0,0,0,0,0,0,0,0,0.5
TP53,SKIC2,P04637,Q15477,U,context,False,False,0,0,0,0,0,0,0,0,0,0,0,0,0,0,0,0,0,0,0.5
TP53,USP47,P04637,Q96K76,U,background,False,False,0,0,0,0,0,0,0,0,0,0,0,0,25,30,25,30,0,0,0.5
TP53,RIMS2,P04637,Q9UQ26,U,background,False,False,0,0,0,0,0,0,0,0,4,5,4,5,0,0,0,0,1,4,0.45454545454545453
TP53,KDM3A,P04637,Q9Y4C1,U,background,False,False,0,0,0,0,0,0,0,0,16,17,16,17,0,0,0,0,1,16,0.4857142857142857
TP53,FLG,P04637,P20930,U,background,False,False,0,0,0,0,0,0,0,0,0,0,0,0,0,0,0,0,0,0,0.5
TP53,DSEL,P04637,Q8IZU8,U,background,False,False,0,0,0,0,0,0,0,0,0,0,0,0,2,0,2,0,0,0,0.5
TP53,RIMBP3,P04637,Q9UFD9,U,background,False,False,0,0,0,0,0,0,0,0,0,0,0,0,0,0,0,0,0,0,0.5
TP53,RLF,P04637,Q13129,U,background,False,False,0,0,0,0,0,0,0,0,0,0,0,0,0,0,0,0,0,0,0.5
TP53,RIMBP3C,P04637,A6NJZ7,U,background,False,False,0,0,0,0,0,0,0,0,0,0,0,0,0,0,0,0,0,0,0.5
TP53,ALPK3,P04637,Q96L96,U,background,False,False,0,0,0,0,0,0,0,0,0,0,0,0,0,0,0,0,0,0,0.5
TP53,GLI2,P04637,P10070,U,background,False,False,0,0,0,0,0,0,0,0,0,0,0,0,0,0,0,0,0,0,0.5
TP53,DICER1,P04637,Q9UPY3,U,background,False,False,0,0,0,0,0,0,0,0,0,0,0,0,0,0,0,0,0,0,0.5
TP53,NRCAM,P04637,Q92823,U,background,False,False,0,0,0,0,0,0,0,0,0,0,0,0,0,0,0,0,0,0,0.5
TP53,CPLANE1,P04637,Q9H799,U,background,False,False,0,0,0,0,0,0,0,0,0,0,0,0,0,0,0,0,0,0,0.5
TP53,YLPM1,P04637,P49750,U,background,False,False,0,0,0,0,0,0,0,0,0,0,0,0,0,0,0,0,0,0,0.5
TP53,DCTN1,P04637,Q14203,U,background,False,False,0,0,0,0,0,0,0,0,172,165,172,165,0,0,0,0,1,172,0.5103244837758112
TP53,PLXND1,P04637,Q9Y4D7,U,background,False,False,0,0,0,0,0,0,0,0,0,0,0,0,0,0,0,0,0,0,0.5
TP53,CTNND2,P04637,Q9UQB3,U,background,False,False,0,0,0,0,0,0,0,0,12,11,12,11,0,0,0,0,1,12,0.52
TP53,NID1,P04637,P14543,U,background,False,False,0,0,0,0,0,0,0,0,0,0,0,0,11,14,11,14,0,0,0.5
TP53,CNOT1,P04637,A5YKK6,U,background,False,False,0,0,0,0,0,0,0,0,0,0,0,0,0,0,0,0,0,0,0.5
TP53,WDR17,P04637,Q8IZU2,U,background,False,False,0,0,0,0,0,0,0,0,0,0,0,0,0,0,0,0,0,0,0.5
TP53,ZNF729,P04637,A6NN14,U,background,False,False,0,0,0,0,0,0,0,0,0,0,0,0,0,0,0,0,0,0,0.5
TP53,FLNC,P04637,Q14315,U,background,False,False,0,0,0,0,0,0,0,0,0,0,0,0,0,0,0,0,0,0,0.5
TP53,NUP188,P04637,Q5SRE5,U,background,False,False,0,0,0,0,0,0,0,0,0,0,0,0,0,0,0,0,0,0,0.5
TP53,ANKRD17,P04637,O75179,U,background,False,False,0,0,0,0,0,0,0,0,0,0,0,0,0,0,0,0,0,0,0.5
TP53,CDC42BPG,P04637,Q6DT37,U,background,False,False,0,0,0,0,0,0,0,0,0,0,0,0,0,0,0,0,0,0,0.5
TP53,ARID1B,P04637,Q8NFD5,U,background,False,False,0,0,0,0,0,0,0,0,0,0,0,0,0,0,0,0,0,0,0.5
TP53,CARMIL3,P04637,Q8ND23,U,background,False,False,0,0,0,0,0,0,0,0,0,0,0,0,0,0,0,0,0,0,0.5
TP53,KCP,P04637,Q6ZWJ8,U,background,False,False,0,0,0,0,0,0,0,0,0,0,0,0,0,0,0,0,0,0,0.5
TP53,CPSF1,P04637,Q10570,U,background,False,False,0,0,0,0,0,0,0,0,0,0,0,0,19,13,19,13,0,0,0.5
TP53,CEP164,P04637,Q9UPV0,U,background,False,False,0,0,0,0,0,0,0,0,53,47,53,47,0,0,0,0,1,53,0.5294117647058824
TP53,NBAS,P04637,A2RRP1,U,background,False,False,0,0,0,0,0,0,0,0,0,0,0,0,0,0,0,0,0,0,0.5
TP53,GPR158,P04637,Q5T848,U,background,False,False,0,0,0,0,0,0,0,0,0,0,0,0,1,1,1,1,0,0,0.5
TP53,CLTCL1,P04637,P53675,U,background,False,False,0,0,0,0,0,0,0,0,0,0,0,0,0,0,0,0,0,0,0.5
TP53,TTBK1,P04637,Q5TCY1,U,background,False,False,0,0,0,0,0,0,0,0,9,6,9,6,0,0,0,0,1,9,0.5882352941176471
TP53,PPIP5K1,P04637,Q6PFW1,U,background,False,False,0,0,0,0,0,0,0,0,0,0,0,0,10,11,10,11,0,0,0.5
TP53,NLRC5,P04637,Q86WI3,U,background,False,False,0,0,0,0,0,0,0,0,0,0,0,0,0,0,0,0,0,0,0.5
TP53,NPC1L1,P04637,Q9UHC9,U,background,False,False,0,0,0,0,0,0,0,0,0,0,0,0,0,0,0,0,0,0,0.5
TP53,PASK,P04637,Q96RG2,U,background,False,False,0,0,0,0,0,0,0,0,49,46,49,46,0,0,0,0,1,49,0.5154639175257731
TP53,BAZ2A,P04637,Q9UIF9,U,background,False,False,0,0,0,0,0,0,0,0,0,0,0,0,0,0,0,0,0,0,0.5
TP53,CAND1,P04637,Q86VP6,U,background,False,False,0,0,0,0,0,0,0,0,0,0,0,0,0,0,0,0,0,0,0.5
TP53,ARHGEF17,P04637,Q96PE2,U,background,False,False,0,0,0,0,0,0,0,0,0,0,0,0,0,0,0,0,0,0,0.5
TP53,PLXNA1,P04637,Q9UIW2,U,background,False,False,0,0,0,0,0,0,0,0,0,0,0,0,0,0,0,0,0,0,0.5
TP53,SUPT6H,P04637,Q7KZ85,U,background,False,False,0,0,0,0,0,0,0,0,0,0,0,0,0,0,0,0,0,0,0.5
TP53,SETD1B,P04637,Q9UPS6,U,background,False,False,0,0,0,0,0,0,0,0,0,0,0,0,0,0,0,0,0,0,0.5
TP53,DIP2C,P04637,Q9Y2E4,U,background,False,False,0,0,0,0,0,0,0,0,0,0,0,0,0,0,0,0,0,0,0.5
TP53,DHX38,P04637,Q92620,U,background,False,False,0,0,0,0,0,0,0,0,0,0,0,0,0,0,0,0,0,0,0.5
TP53,SPTBN1,P04637,Q01082,U,background,False,False,0,0,0,0,0,0,0,0,0,0,0,0,0,0,0,0,0,0,0.5
TP53,TRO,P04637,Q12816,U,background,False,False,0,0,0,0,0,0,0,0,0,0,0,0,15,6,15,6,0,0,0.5
TP53,PTPRT,P04637,O14522,U,background,False,False,0,0,0,0,0,0,0,0,0,0,0,0,0,0,0,0,0,0,0.5
TP53,FHOD3,P04637,Q2V2M9,U,background,False,False,0,0,0,0,0,0,0,0,4,1,4,1,0,0,0,0,1,4,0.7142857142857143
TP53,GREP1,P04637,A0A0J9YXV3,U,low_plausibility,False,False,0,0,0,0,0,0,0,0,0,0,0,0,0,0,0,0,0,0,0.5
TP53,MASP2,P04637,O00187,U,low_plausibility,False,False,0,0,0,0,0,0,0,0,0,0,0,0,0,0,0,0,0,0,0.5
TP53,ANGPT2,P04637,O15123,U,low_plausibility,False,False,0,0,0,0,0,0,0,0,0,0,0,0,0,0,0,0,0,0,0.5
TP53,COCH,P04637,O43405,U,low_plausibility,False,False,0,0,0,0,0,0,0,0,0,0,0,0,18,11,18,11,0,0,0.5
TP53,ANGPTL1,P04637,O95841,U,low_plausibility,False,False,0,0,0,0,0,0,0,0,0,0,0,0,0,0,0,0,0,0,0.5
TP53,PLAU,P04637,P00749,U,low_plausibility,False,False,0,0,0,0,0,0,0,0,0,0,0,0,20,35,20,35,0,0,0.5
TP53,FGA,P04637,P02671,U,low_plausibility,False,False,0,0,0,0,0,0,0,0,0,0,0,0,19,24,19,24,0,0,0.5
TP53,FGB,P04637,P02675,U,low_plausibility,False,False,0,0,0,0,0,0,0,0,0,0,0,0,48,55,48,55,0,0,0.5
TP53,PROC,P04637,P04070,U,low_plausibility,False,False,0,0,0,0,0,0,0,0,0,0,0,0,9,14,9,14,0,0,0.5
TP53,HRG,P04637,P04196,U,low_plausibility,False,False,0,0,0,0,0,0,0,0,0,0,0,0,14,14,14,14,0,0,0.5
TP53,WNT1,P04637,P04628,U,low_plausibility,False,False,0,0,0,0,0,0,0,0,0,0,0,0,0,0,0,0,0,0,0.5
TP53,CHGB,P04637,P05060,U,low_plausibility,False,False,0,0,0,0,0,0,0,0,0,0,0,0,10,8,10,8,0,0,0.5
TP53,SERPING1,P04637,P05155,U,low_plausibility,False,False,0,0,0,0,0,0,0,0,0,0,0,0,21,29,21,29,0,0,0.5
TP53,CFI,P04637,P05156,U,low_plausibility,False,False,0,0,0,0,0,0,0,0,0,0,0,0,8,8,8,8,0,0,0.5
TP53,BCHE,P04637,P06276,U,low_plausibility,False,False,0,0,0,0,0,0,0,0,0,0,0,0,0,0,0,0,0,0,0.5
TP53,PSAP,P04637,P07602,U,low_plausibility,False,False,0,0,0,0,0,0,0,0,0,0,0,0,18,19,18,19,0,0,0.5
TP53,ACAA1,P04637,P09110,U,low_plausibility,False,False,0,0,0,0,0,0,0,0,0,0,0,0,10,8,10,8,0,0,0.5
TP53,LIPC,P04637,P11150,U,low_plausibility,False,False,0,0,0,0,0,0,0,0,0,0,0,0,0,0,0,0,0,0,0.5
TP53,CETP,P04637,P11597,U,low_plausibility,False,False,0,0,0,0,0,0,0,0,2,3,2,3,0,0,0,0,1,2,0.42857142857142855
TP53,PDIA4,P04637,P13667,U,low_plausibility,False,False,0,0,0,0,0,0,0,0,0,0,0,0,0,0,0,0,0,0,0.5
TP53,HSP90B1,P04637,P14625,U,low_plausibility,False,False,0,0,0,0,0,0,0,0,0,0,0,0,77,74,77,74,0,0,0.5
TP53,PNLIP,P04637,P16233,U,low_plausibility,False,False,0,0,0,0,0,0,0,0,0,0,0,0,0,0,0,0,0,0,0.5
TP53,SMPD1,P04637,P17405,U,low_plausibility,False,False,0,0,0,0,0,0,0,0,0,0,0,0,13,11,13,11,0,0,0.5
TP53,PDIA3,P04637,P30101,U,low_plausibility,False,False,0,0,0,0,0,0,0,0,0,0,0,0,0,0,0,0,0,0,0.5
TP53,PNLIPRP1,P04637,P54315,U,low_plausibility,False,False,0,0,0,0,0,0,0,0,0,0,0,0,0,0,0,0,0,0,0.5
TP53,HTRA3,P04637,P83110,U,low_plausibility,False,False,0,0,0,0,0,0,0,0,0,0,0,0,0,0,0,0,0,0,0.5
TP53,HGFAC,P04637,Q04756,U,low_plausibility,False,False,0,0,0,0,0,0,0,0,0,0,0,0,8,13,8,13,0,0,0.5
TP53,LGALS3BP,P04637,Q08380,U,low_plausibility,False,False,0,0,0,0,0,0,0,0,0,0,0,0,0,0,0,0,0,0,0.5
TP53,LOXL1,P04637,Q08397,U,low_plausibility,False,False,0,0,0,0,0,0,0,0,0,0,0,0,2,5,2,5,0,0,0.5
TP53,OS9,P04637,Q13438,U,low_plausibility,False,False,0,0,0,0,0,0,0,0,26,33,26,33,0,0,0,0,1,26,0.4426229508196721
TP53,HABP2,P04637,Q14520,U,low_plausibility,False,False,0,0,0,0,0,0,0,0,0,0,0,0,2,6,2,6,0,0,0.5
TP53,ANGPT1,P04637,Q15389,U,low_plausibility,False,False,0,0,0,0,0,0,0,0,0,0,0,0,0,0,0,0,0,0,0.5
TP53,PRSS53,P04637,Q2L4Q9,U,low_plausibility,False,False,0,0,0,0,0,0,0,0,0,0,0,0,0,0,0,0,0,0,0.5
TP53,PKDCC,P04637,Q504Y2,U,low_plausibility,False,False,0,0,0,0,0,0,0,0,4,5,4,5,0,0,0,0,1,4,0.45454545454545453
TP53,ARSI,P04637,Q5FYB1,U,low_plausibility,False,False,0,0,0,0,0,0,0,0,0,0,0,0,2,1,2,1,0,0,0.5
TP53,C16orf89,P04637,Q6UX73,U,low_plausibility,False,False,0,0,0,0,0,0,0,0,0,0,0,0,0,0,0,0,0,0,0.5
TP53,COLGALT1,P04637,Q8NBJ5,U,low_plausibility,False,False,0,0,0,0,0,0,0,0,0,0,0,0,0,0,0,0,0,0,0.5
TP53,POGLUT1,P04637,Q8NBL1,U,low_plausibility,False,False,0,0,0,0,0,0,0,0,0,0,0,0,7,8,7,8,0,0,0.5
TP53,PLBD2,P04637,Q8NHP8,U,low_plausibility,False,False,0,0,0,0,0,0,0,0,14,16,14,16,0,0,0,0,1,14,0.46875
TP53,MUC7,P04637,Q8TAX7,U,low_plausibility,False,False,0,0,0,0,0,0,0,0,0,0,0,0,0,0,0,0,0,0,0.5
TP53,NDNF,P04637,Q8TB73,U,low_plausibility,False,False,0,0,0,0,0,0,0,0,0,0,0,0,1,0,1,0,0,0,0.5
TP53,HPSE2,P04637,Q8WWQ2,U,low_plausibility,False,False,0,0,0,0,0,0,0,0,3,2,3,2,0,0,0,0,1,3,0.5714285714285714
TP53,CNDP1,P04637,Q96KN2,U,low_plausibility,False,False,0,0,0,0,0,0,0,0,0,1,0,1,0,0,0,0,1,0,0.3333333333333333
TP53,FAM20A,P04637,Q96MK3,U,low_plausibility,False,False,0,0,0,0,0,0,0,0,0,0,0,0,0,0,0,0,0,0,0.5
TP53,EDEM2,P04637,Q9BV94,U,low_plausibility,False,False,0,0,0,0,0,0,0,0,0,0,0,0,0,0,0,0,0,0,0.5
TP53,PECR,P04637,Q9BY49,U,low_plausibility,False,False,0,0,0,0,0,0,0,0,0,0,0,0,0,0,0,0,0,0,0.5
TP53,MEPE,P04637,Q9NQ76,U,low_plausibility,False,False,0,0,0,0,0,0,0,0,3,4,3,4,0,0,0,0,1,3,0.4444444444444444
TP53,CRTAC1,P04637,Q9NQ79,U,low_plausibility,False,False,0,0,0,0,0,0,0,0,0,0,0,0,8,7,8,7,0,0,0.5
TP53,ADA2,P04637,Q9NZK5,U,low_plausibility,False,False,0,0,0,0,0,0,0,0,0,0,0,0,0,0,0,0,0,0,0.5
TP53,LIPG,P04637,Q9Y5X9,U,low_plausibility,False,False,0,0,0,0,0,0,0,0,0,0,0,0,22,25,22,25,0,0,0.5
TP53,CLEC18A,P04637,A5D8T8,U,low_plausibility,False,False,0,0,0,0,0,0,0,0,0,0,0,0,3,2,3,2,0,0,0.5
TP53,WNT10B,P04637,O00744,U,low_plausibility,False,False,0,0,0,0,0,0,0,0,0,0,0,0,0,0,0,0,0,0,0.5
TP53,WNT9A,P04637,O14904,U,low_plausibility,False,False,0,0,0,0,0,0,0,0,0,0,0,0,0,0,0,0,0,0,0.5
TP53,ENTPD5,P04637,O75356,U,low_plausibility,False,False,0,0,0,0,0,0,0,0,0,0,0,0,0,0,0,0,0,0,0.5
TP53,CRLF1,P04637,O75462,U,low_plausibility,False,False,0,0,0,0,0,0,0,0,0,0,0,0,23,24,23,24,0,0,0.5
TP53,F9,P04637,P00740,U,low_plausibility,False,False,0,0,0,0,0,0,0,0,0,0,0,0,0,0,0,0,0,0,0.5
TP53,TGFB1,P04637,P01137,U,low_plausibility,False,False,0,0,0,0,0,0,0,0,0,0,0,0,65,66,0,0,0,0,0.5
TP53,FGG,P04637,P02679,U,low_plausibility,False,False,0,0,0,0,0,0,0,0,0,0,0,0,19,31,19,31,0,0,0.5
TP53,GC,P04637,P02774,U,low_plausibility,False,False,0,0,0,0,0,0,0,0,7,16,7,16,0,0,0,0,1,7,0.32
TP53,VTN,P04637,P04004,U,low_plausibility,False,False,0,0,0,0,0,0,0,0,0,0,0,0,51,45,51,45,0,0,0.5
TP53,PRB1,P04637,P04280,U,low_plausibility,False,False,0,0,0,0,0,0,0,0,0,0,0,0,0,0,0,0,0,0,0.5
TP53,SERPINE1,P04637,P05121,U,low_plausibility,False,False,0,0,0,0,0,0,0,0,0,0,0,0,14,18,14,18,0,0,0.5
TP53,SERPINA5,P04637,P05154,U,low_plausibility,False,False,0,0,0,0,0,0,0,0,0,0,0,0,0,0,0,0,0,0,0.5
TP53,F7,P04637,P08709,U,low_plausibility,False,False,0,0,0,0,0,0,0,0,0,0,0,0,7,10,7,10,0,0,0.5
TP53,SPP1,P04637,P10451,U,low_plausibility,False,False,0,0,0,0,0,0,0,0,0,0,0,0,30,28,30,28,0,0,0.5
TP53,CFP,P04637,P27918,U,low_plausibility,False,False,0,0,0,0,0,0,0,0,0,0,0,0,16,13,16,13,0,0,0.5
TP53,LOX,P04637,P28300,U,low_plausibility,False,False,0,0,0,0,0,0,0,0,0,0,0,0,0,0,0,0,0,0,0.5
TP53,LRPAP1,P04637,P30533,U,low_plausibility,False,False,0,0,0,0,0,0,0,0,0,0,0,0,36,45,36,45,0,0,0.5
TP53,SERPINF1,P04637,P36955,U,low_plausibility,False,False,0,0,0,0,0,0,0,0,0,0,0,0,6,10,6,10,0,0,0.5
TP53,MMP13,P04637,P45452,U,low_plausibility,False,False,0,0,0,0,0,0,0,0,0,0,0,0,0,0,0,0,0,0,0.5
TP53,VEGFC,P04637,P49767,U,low_plausibility,False,False,0,0,0,0,0,0,0,0,0,0,0,0,0,0,0,0,0,0,0.5
TP53,PPT1,P04637,P50897,U,low_plausibility,False,False,0,0,0,0,0,0,0,0,56,69,56,69,0,0,0,0,1,56,0.44881889763779526
TP53,TGFB2,P04637,P61812,U,low_plausibility,False,False,0,0,0,0,0,0,0,0,0,0,0,0,11,11,11,11,0,0,0.5
TP53,HYAL1,P04637,Q12794,U,low_plausibility,False,False,0,0,0,0,0,0,0,0,0,0,0,0,0,0,0,0,0,0,0.5
TP53,PLA2G7,P04637,Q13093,U,low_plausibility,False,False,0,0,0,0,0,0,0,0,0,0,0,0,1,1,1,1,0,0,0.5
TP53,CEACAM16,P04637,Q2WEN9,U,low_plausibility,False,False,0,0,0,0,0,0,0,0,0,0,0,0,1,1,1,1,0,0,0.5
TP53,APOA5,P04637,Q6Q788,U,low_plausibility,False,False,0,0,0,0,0,0,0,0,4,3,4,3,0,0,0,0,1,4,0.5555555555555556
TP53,OLFML1,P04637,Q6UWY5,U,low_plausibility,False,False,0,0,0,0,0,0,0,0,0,0,0,0,0,0,0,0,0,0,0.5
TP53,PI16,P04637,Q6UXB8,U,low_plausibility,False,False,0,0,0,0,0,0,0,0,0,0,0,0,4,6,4,6,0,0,0.5
TP53,ADAMTSL5,P04637,Q6ZMM2,U,low_plausibility,False,False,0,0,0,0,0,0,0,0,0,0,0,0,1,3,1,3,0,0,0.5
TP53,CPA6,P04637,Q8N4T0,U,low_plausibility,False,False,0,0,0,0,0,0,0,0,0,0,0,0,2,2,2,2,0,0,0.5
TP53,ACOT4,P04637,Q8N9L9,U,low_plausibility,False,False,0,0,0,0,0,0,0,0,0,0,0,0,0,0,0,0,0,0,0.5
TP53,SUMF1,P04637,Q8NBK3,U,low_plausibility,False,False,0,0,0,0,0,0,0,0,0,0,0,0,0,0,0,0,0,0,0.5
TP53,GGH,P04637,Q92820,U,low_plausibility,False,False,0,0,0,0,0,0,0,0,0,0,0,0,62,74,62,74,0,0,0.5
TP53,RCN3,P04637,Q96D15,U,low_plausibility,False,False,0,0,0,0,0,0,0,0,0,0,0,0,0,0,0,0,0,0,0.5
TP53,ERLEC1,P04637,Q96DZ1,U,low_plausibility,False,False,0,0,0,0,0,0,0,0,0,0,0,0,32,25,32,25,0,0,0.5
TP53,ERO1A,P04637,Q96HE7,U,low_plausibility,False,False,0,0,0,0,0,0,0,0,0,0,0,0,0,0,0,0,0,0,0.5
TP53,CALR3,P04637,Q96L12,U,low_plausibility,False,False,0,0,0,0,0,0,0,0,0,0,0,0,0,0,0,0,0,0,0.5
TP53,GDF15,P04637,Q99988,U,low_plausibility,False,False,0,0,0,0,0,0,0,0,0,0,0,0,14,17,14,17,0,0,0.5
TP53,ERP44,P04637,Q9BS26,U,low_plausibility,False,False,0,0,0,0,0,0,0,0,0,0,0,0,0,0,0,0,0,0,0.5
TP53,TINAGL1,P04637,Q9GZM7,U,low_plausibility,False,False,0,0,0,0,0,0,0,0,0,0,0,0,0,0,0,0,0,0,0.5
TP53,PDGFD,P04637,Q9GZP0,U,low_plausibility,False,False,0,0,0,0,0,0,0,0,0,0,0,0,2,3,2,3,0,0,0.5
TP53,WNT10A,P04637,Q9GZT5,U,low_plausibility,False,False,0,0,0,0,0,0,0,0,0,0,0,0,0,0,0,0,0,0,0.5
TP53,SIL1,P04637,Q9H173,U,low_plausibility,False,False,0,0,0,0,0,0,0,0,6,7,6,7,0,0,0,0,1,6,0.4666666666666667
TP53,OLFML3,P04637,Q9NRN5,U,low_plausibility,False,False,0,0,0,0,0,0,0,0,4,3,4,3,0,0,0,0,1,4,0.5555555555555556
TP53,C1RL,P04637,Q9NZP8,U,low_plausibility,False,False,0,0,0,0,0,0,0,0,0,0,0,0,0,0,0,0,0,0,0.5
TP53,PIPOX,P04637,Q9P0Z9,U,low_plausibility,False,False,0,0,0,0,0,0,0,0,3,2,3,2,0,0,0,0,1,3,0.5714285714285714
TP53,DNAJB11,P04637,Q9UBS4,U,low_plausibility,False,False,0,0,0,0,0,0,0,0,0,0,0,0,0,0,0,0,0,0,0.5
TP53,GDF2,P04637,Q9UK05,U,low_plausibility,False,False,0,0,0,0,0,0,0,0,0,0,0,0,1,1,1,1,0,0,0.5
TP53,CPQ,P04637,Q9Y646,U,low_plausibility,False,False,0,0,0,0,0,0,0,0,0,0,0,0,0,0,0,0,0,0,0.5
TP53,COL6A6,P04637,A6NMZ7,U,low_plausibility,False,False,0,0,0,0,0,0,0,0,0,0,0,0,0,0,0,0,0,0,0.5
TP53,A2ML1,P04637,A8K2U0,U,low_plausibility,False,False,0,0,0,0,0,0,0,0,0,0,0,0,23,22,23,22,0,0,0.5
TP53,COL6A5,P04637,A8TX70,U,low_plausibility,False,False,0,0,0,0,0,0,0,0,0,0,0,0,0,0,0,0,0,0,0.5
TP53,NCAN,P04637,O14594,U,low_plausibility,False,False,0,0,0,0,0,0,0,0,0,0,0,0,4,5,4,5,0,0,0.5
TP53,SLIT2,P04637,O94813,U,low_plausibility,False,False,0,0,0,0,0,0,0,0,0,0,0,0,0,0,0,0,0,0,0.5
TP53,F8,P04637,P00451,U,low_plausibility,False,False,0,0,0,0,0,0,0,0,0,0,0,0,0,0,0,0,0,0,0.5
TP53,A2M,P04637,P01023,U,low_plausibility,False,False,0,0,0,0,0,0,0,0,0,0,0,0,0,0,0,0,0,0,0.5
TP53,C3,P04637,P01024,U,low_plausibility,False,False,0,0,0,0,0,0,0,0,0,0,0,0,0,0,0,0,0,0,0.5
TP53,TG,P04637,P01266,U,low_plausibility,False,False,0,0,0,0,0,0,0,0,0,0,0,0,0,0,0,0,0,0,0.5
TP53,COL1A1,P04637,P02452,U,low_plausibility,False,False,0,0,0,0,0,0,0,0,0,0,0,0,0,0,0,0,0,0,0.5
TP53,COL3A1,P04637,P02461,U,low_plausibility,False,False,0,0,0,0,0,0,0,0,0,0,0,0,0,0,0,0,0,0,0.5
TP53,FN1,P04637,P02751,U,low_plausibility,False,False,0,0,0,0,0,0,0,0,0,0,0,0,0,0,0,0,0,0,0.5
TP53,VWF,P04637,P04275,U,low_plausibility,False,False,0,0,0,0,0,0,0,0,0,0,0,0,0,0,0,0,0,0,0.5
TP53,COL5A2,P04637,P05997,U,low_plausibility,False,False,0,0,0,0,0,0,0,0,0,0,0,0,0,0,0,0,0,0,0.5
TP53,COL1A2,P04637,P08123,U,low_plausibility,False,False,0,0,0,0,0,0,0,0,0,0,0,0,0,0,0,0,0,0,0.5
TP53,FREM3,P04637,P0C091,U,low_plausibility,False,False,0,0,0,0,0,0,0,0,0,0,0,0,0,0,0,0,0,0,0.5
TP53,COL11A1,P04637,P12107,U,low_plausibility,False,False,0,0,0,0,0,0,0,0,0,0,0,0,0,0,0,0,0,0,0.5
TP53,COL6A3,P04637,P12111,U,low_plausibility,False,False,0,0,0,0,0,0,0,0,0,0,0,0,0,0,0,0,0,0,0.5
TP53,F5,P04637,P12259,U,low_plausibility,False,False,0,0,0,0,0,0,0,0,0,0,0,0,0,0,0,0,0,0,0.5
TP53,COL11A2,P04637,P13942,U,low_plausibility,False,False,0,0,0,0,0,0,0,0,0,0,0,0,0,0,0,0,0,0,0.5
TP53,ACAN,P04637,P16112,U,low_plausibility,False,False,0,0,0,0,0,0,0,0,0,0,0,0,0,0,0,0,0,0,0.5
TP53,PZP,P04637,P20742,U,low_plausibility,False,False,0,0,0,0,0,0,0,0,0,0,0,0,5,9,5,9,0,0,0.5
TP53,COL5A1,P04637,P20908,U,low_plausibility,False,False,0,0,0,0,0,0,0,0,0,0,0,0,0,0,0,0,0,0,0.5
TP53,TNXB,P04637,P22105,U,low_plausibility,False,False,0,0,0,0,0,0,0,0,0,0,0,0,0,0,0,0,0,0,0.5
TP53,TNC,P04637,P24821,U,low_plausibility,False,False,0,0,0,0,0,0,0,0,0,0,0,0,0,0,0,0,0,0,0.5
TP53,COL15A1,P04637,P39059,U,low_plausibility,False,False,0,0,0,0,0,0,0,0,0,0,0,0,0,0,0,0,0,0,0.5
TP53,RELN,P04637,P78509,U,low_plausibility,False,False,0,0,0,0,0,0,0,0,0,0,0,0,0,0,0,0,0,0,0.5
TP53,ADAMTSL3,P04637,P82987,U,low_plausibility,False,False,0,0,0,0,0,0,0,0,0,0,0,0,0,0,0,0,0,0,0.5
TP53,COL14A1,P04637,Q05707,U,low_plausibility,False,False,0,0,0,0,0,0,0,0,0,0,0,0,0,0,0,0,0,0,0.5
TP53,MMRN1,P04637,Q13201,U,low_plausibility,False,False,0,0,0,0,0,0,0,0,0,0,0,0,3,7,3,7,0,0,0.5
TP53,PAPPA,P04637,Q13219,U,low_plausibility,False,False,0,0,0,0,0,0,0,0,0,0,0,0,0,0,0,0,0,0,0.5
TP53,LTBP1,P04637,Q14766,U,low_plausibility,False,False,0,0,0,0,0,0,0,0,0,0,0,0,0,0,0,0,0,0,0.5
TP53,LTBP2,P04637,Q14767,U,low_plausibility,False,False,0,0,0,0,0,0,0,0,0,0,0,0,0,0,0,0,0,0,0.5
TP53,COL24A1,P04637,Q17RW2,U,low_plausibility,False,False,0,0,0,0,0,0,0,0,0,0,0,0,0,0,0,0,0,0,0.5
TP53,MUC6,P04637,Q6W4X9,U,low_plausibility,False,False,0,0,0,0,0,0,0,0,0,0,0,0,0,0,0,0,0,0,0.5
TP53,IGSF10,P04637,Q6WRI0,U,low_plausibility,False,False,0,0,0,0,0,0,0,0,0,0,0,0,0,0,0,0,0,0,0.5
TP53,APOLTP,P04637,Q6ZTK2,U,low_plausibility,False,False,0,0,0,0,0,0,0,0,0,0,0,0,0,0,0,0,0,0,0.5
TP53,FBN3,P04637,Q75N90,U,low_plausibility,False,False,0,0,0,0,0,0,0,0,0,0,0,0,0,0,0,0,0,0,0.5
TP53,ADAMTS13,P04637,Q76LX8,U,low_plausibility,False,False,0,0,0,0,0,0,0,0,0,0,0,0,3,10,3,10,0,0,0.5
TP53,COL27A1,P04637,Q8IZC6,U,low_plausibility,False,False,0,0,0,0,0,0,0,0,0,0,0,0,0,0,0,0,0,0,0.5
TP53,LTBP4,P04637,Q8N2S1,U,low_plausibility,False,False,0,0,0,0,0,0,0,0,0,0,0,0,0,0,0,0,0,0,0.5
TP53,ADAMTSL1,P04637,Q8N6G6,U,low_plausibility,False,False,0,0,0,0,0,0,0,0,0,0,0,0,0,0,0,0,0,0,0.5
TP53,SNED1,P04637,Q8TER0,U,low_plausibility,False,False,0,0,0,0,0,0,0,0,0,0,0,0,1,2,1,2,0,0,0.5
TP53,PRG4,P04637,Q92954,U,low_plausibility,False,False,0,0,0,0,0,0,0,0,0,0,0,0,0,0,0,0,0,0,0.5
TP53,PAPPA2,P04637,Q9BXP8,U,low_plausibility,False,False,0,0,0,0,0,0,0,0,0,0,0,0,0,0,0,0,0,0,0.5
TP53,LTBP3,P04637,Q9NS15,U,low_plausibility,False,False,0,0,0,0,0,0,0,0,0,0,0,0,9,11,9,11,0,0,0.5
TP53,UGGT2,P04637,Q9NYU1,U,low_plausibility,False,False,0,0,0,0,0,0,0,0,0,0,0,0,0,0,0,0,0,0,0.5
TP53,ADAMTS9,P04637,Q9P2N4,U,low_plausibility,False,False,0,0,0,0,0,0,0,0,0,0,0,0,0,0,0,0,0,0,0.5
TP53,ADAMTS7,P04637,Q9UKP4,U,low_plausibility,False,False,0,0,0,0,0,0,0,0,0,0,0,0,0,0,0,0,0,0,0.5
TP53,TNN,P04637,Q9UQP3,U,low_plausibility,False,False,0,0,0,0,0,0,0,0,0,0,0,0,1,1,1,1,0,0,0.5
EGFR,GRB2,P00533,P62993,P,,False,False,0,0,0,0,0,0,0,0,0,0,0,0,0,0,0,0,0,0,0.5
EGFR,SHC1,P00533,P29353,P,,False,False,0,0,0,0,0,0,0,0,0,0,0,0,0,0,0,0,0,0,0.5
EGFR,CBL,P00533,P22681,P,,False,False,0,0,0,0,0,0,0,0,0,0,0,0,0,0,0,0,0,0,0.5
EGFR,MTAP,P00533,Q13126,U,context,False,False,0,0,0,0,0,0,0,0,0,0,0,0,0,0,0,0,0,0,0.5
EGFR,HOATZ,P00533,Q6PI97,U,context,False,False,0,0,0,0,0,0,0,0,0,0,0,0,0,0,0,0,0,0,0.5
EGFR,OXT,P00533,P01178,U,context,False,False,0,0,0,0,0,0,0,0,0,0,0,0,0,0,0,0,0,0,0.5
EGFR,RBPMS,P00533,Q93062,U,context,False,False,0,0,0,0,0,0,0,0,0,0,0,0,0,0,0,0,0,0,0.5
EGFR,EIF1AY,P00533,O14602,U,context,False,False,0,0,0,0,0,0,0,0,0,0,0,0,0,0,0,0,0,0,0.5
EGFR,RPUSD4,P00533,Q96CM3,U,context,False,False,0,0,0,0,0,0,0,0,0,0,0,0,59,42,59,42,0,0,0.5
EGFR,RPL13,P00533,P26373,U,context,False,False,0,0,0,0,0,0,0,0,0,0,0,0,0,0,0,0,0,0,0.5
EGFR,IFI35,P00533,P80217,U,context,False,False,0,0,0,0,0,0,0,0,13,10,13,10,0,0,0,0,1,13,0.56
EGFR,TUBA4B,P00533,Q9H853,U,context,False,False,0,0,0,0,0,0,0,0,0,0,0,0,0,0,0,0,0,0,0.5
EGFR,EXO5,P00533,Q9H790,U,context,False,False,0,0,0,0,0,0,0,0,0,0,0,0,1,0,1,0,0,0,0.5
EGFR,TSPY1,P00533,Q01534,U,context,False,False,0,0,0,0,0,0,0,0,2,1,2,1,0,0,0,0,1,2,0.6
EGFR,STRADA,P00533,Q7RTN6,U,context,False,False,0,0,0,0,0,0,0,0,4,3,4,3,0,0,0,0,1,4,0.5555555555555556
EGFR,ENKD1,P00533,Q9H0I2,U,context,False,False,0,0,0,0,0,0,0,0,0,0,0,0,0,0,0,0,0,0,0.5
EGFR,GPN3,P00533,Q9UHW5,U,context,False,False,0,0,0,0,0,0,0,0,30,29,30,29,0,0,0,0,1,30,0.5081967213114754
EGFR,MYOZ2,P00533,Q9NPC6,U,context,False,False,0,0,0,0,0,0,0,0,0,0,0,0,4,4,4,4,0,0,0.5
EGFR,TANK,P00533,Q92844,U,context,False,False,0,0,0,0,0,0,0,0,0,0,0,0,42,41,42,41,0,0,0.5
EGFR,SOHLH1,P00533,Q5JUK2,U,context,False,False,0,0,0,0,0,0,0,0,0,0,0,0,0,0,0,0,0,0,0.5
EGFR,MYOZ3,P00533,Q8TDC0,U,context,False,False,0,0,0,0,0,0,0,0,0,0,0,0,8,6,8,6,0,0,0.5
EGFR,SRSF7,P00533,Q16629,U,context,False,False,0,0,0,0,0,0,0,0,0,0,0,0,0,0,0,0,0,0,0.5
EGFR,EAPP,P00533,Q56P03,U,context,False,False,0,0,0,0,0,0,0,0,0,0,0,0,0,0,0,0,0,0,0.5
EGFR,STMN3,P00533,Q9NZ72,U,context,False,False,0,0,0,0,0,0,0,0,0,0,0,0,0,0,0,0,0,0,0.5
EGFR,RALA,P00533,P11233,U,context,False,False,0,0,0,0,0,0,0,0,0,0,0,0,0,0,0,0,0,0,0.5
EGFR,ANG,P00533,P03950,U,context,False,False,0,0,0,0,0,0,0,0,41,41,41,41,0,0,0,0,1,41,0.5
EGFR,GUK1,P00533,Q16774,U,context,False,False,0,0,0,0,0,0,0,0,11,11,11,11,0,0,0,0,1,11,0.5
EGFR,POLDIP3,P00533,Q9BY77,U,context,False,False,0,0,0,0,0,0,0,0,56,62,56,62,0,0,0,0,1,56,0.475
EGFR,MAPKAPK3,P00533,Q16644,U,context,False,False,0,0,0,0,0,0,0,0,0,0,0,0,0,0,0,0,0,0,0.5
EGFR,DYNLT3,P00533,P51808,U,context,False,False,0,0,0,0,0,0,0,0,0,0,0,0,0,0,0,0,0,0,0.5
EGFR,LZTFL1,P00533,Q9NQ48,U,context,False,False,0,0,0,0,0,0,0,0,20,11,20,11,0,0,0,0,1,20,0.6363636363636364
EGFR,ADH7,P00533,P40394,U,context,False,False,0,0,0,0,0,0,0,0,0,0,0,0,0,0,0,0,0,0,0.5
EGFR,SRXN1,P00533,Q9BYN0,U,context,False,False,0,0,0,0,0,0,0,0,16,19,16,19,0,0,0,0,1,16,0.4594594594594595
EGFR,WDFY2,P00533,Q96P53,U,context,False,False,0,0,0,0,0,0,0,0,0,0,0,0,0,0,0,0,0,0,0.5
EGFR,HAAO,P00533,P46952,U,context,False,False,0,0,0,0,0,0,0,0,0,0,0,0,0,0,0,0,0,0,0.5
EGFR,CCDC42,P00533,Q96M95,U,context,False,False,0,0,0,0,0,0,0,0,4,5,4,5,0,0,0,0,1,4,0.45454545454545453
EGFR,SAT1,P00533,P21673,U,context,False,False,0,0,0,0,0,0,0,0,22,23,22,23,0,0,0,0,1,22,0.48936170212765956
EGFR,PEX7,P00533,O00628,U,context,False,False,0,0,0,0,0,0,0,0,15,14,15,14,0,0,0,0,1,15,0.5161290322580645
EGFR,PSME3,P00533,P61289,U,context,False,False,0,0,0,0,0,0,0,0,109,111,109,111,0,0,0,0,1,109,0.4954954954954955
EGFR,PIERCE1,P00533,Q5BN46,U,context,False,False,0,0,0,0,0,0,0,0,0,0,0,0,0,0,0,0,0,0,0.5
EGFR,WDR54,P00533,Q9H977,U,context,False,False,0,0,0,0,0,0,0,0,12,10,12,10,0,0,0,0,1,12,0.5416666666666666
EGFR,FDPS,P00533,P14324,U,context,False,False,0,0,0,0,0,0,0,0,27,32,27,32,0,0,0,0,1,27,0.45901639344262296
EGFR,MAEA,P00533,Q7L5Y9,U,context,False,False,0,0,0,0,0,0,0,0,25,27,25,27,0,0,0,0,1,25,0.48148148148148145
EGFR,TPT1,P00533,P13693,U,context,False,False,0,0,0,0,0,0,0,0,65,63,65,63,0,0,0,0,1,65,0.5076923076923077
EGFR,COMMD9,P00533,Q9P000,U,context,False,False,0,0,0,0,0,0,0,0,0,0,0,0,9,3,9,3,0,0,0.5
EGFR,HABP4,P00533,Q5JVS0,U,context,False,False,0,0,0,0,0,0,0,0,0,0,0,0,29,23,29,23,0,0,0.5
EGFR,AKR1C1,P00533,Q04828,U,context,False,False,0,0,0,0,0,0,0,0,0,0,0,0,0,0,0,0,0,0,0.5
EGFR,PHB2,P00533,Q99623,U,context,False,False,0,0,0,0,0,0,0,0,146,134,146,134,0,0,0,0,1,146,0.5212765957446809
EGFR,GSTT2,P00533,P0CG29,U,context,False,False,0,0,0,0,0,0,0,0,0,0,0,0,0,0,0,0,0,0,0.5
EGFR,FBXO4,P00533,Q9UKT5,U,context,False,False,0,0,0,0,0,0,0,0,8,7,8,7,0,0,0,0,1,8,0.5294117647058824
EGFR,RAB9A,P00533,P51151,U,context,False,False,0,0,0,0,0,0,0,0,0,0,0,0,0,0,0,0,0,0,0.5
EGFR,IL36B,P00533,Q9NZH7,U,context,False,False,0,0,0,0,0,0,0,0,0,0,0,0,0,0,0,0,0,0,0.5
EGFR,EIF4A3,P00533,P38919,U,context,False,False,0,0,0,0,0,0,0,0,0,0,0,0,0,0,0,0,0,0,0.5
EGFR,SPMIP8,P00533,Q6URK8,U,background,False,False,0,0,0,0,0,0,0,0,0,0,0,0,1,0,0,0,0,0,0.5
EGFR,NOSIP,P00533,Q9Y314,U,background,False,False,0,0,0,0,0,0,0,0,12,7,12,7,0,0,0,0,1,12,0.6190476190476191
EGFR,CSNK2B,P00533,P67870,U,background,False,False,0,0,0,0,0,0,0,0,0,0,0,0,0,0,0,0,0,0,0.5
EGFR,EMC8,P00533,O43402,U,background,False,False,0,0,0,0,0,0,0,0,46,54,46,54,0,0,0,0,1,46,0.46078431372549017
EGFR,NEU2,P00533,Q9Y3R4,U,background,False,False,0,0,0,0,0,0,0,0,0,0,0,0,0,0,0,0,0,0,0.5
EGFR,DIPK2A,P00533,Q8NDZ4,U,background,False,False,0,0,0,0,0,0,0,0,0,0,0,0,0,0,0,0,0,0,0.5
EGFR,PRSS27,P00533,Q9BQR3,U,background,False,False,0,0,0,0,0,0,0,0,0,0,0,0,0,0,0,0,0,0,0.5
EGFR,ZP3,P00533,P21754,U,background,False,False,0,0,0,0,0,0,0,0,0,0,0,0,0,0,0,0,0,0,0.5
EGFR,CAPZA1,P00533,P52907,U,background,False,False,0,0,0,0,0,0,0,0,0,0,0,0,31,34,31,34,0,0,0.5
EGFR,EMC3,P00533,Q9P0I2,U,background,False,False,0,0,0,0,0,0,0,0,0,0,0,0,30,24,30,24,0,0,0.5
EGFR,GPR78,P00533,Q96P69,U,background,False,False,0,0,0,0,0,0,0,0,0,0,0,0,0,0,0,0,0,0,0.5
EGFR,ENKUR,P00533,Q8TC29,U,background,False,False,0,0,0,0,0,0,0,0,5,9,5,9,0,0,0,0,1,5,0.375
EGFR,MSGN1,P00533,A6NI15,U,background,False,False,0,0,0,0,0,0,0,0,0,0,0,0,0,0,0,0,0,0,0.5
EGFR,ZNF576,P00533,Q9H609,U,background,False,False,0,0,0,0,0,0,0,0,0,0,0,0,0,0,0,0,0,0,0.5
EGFR,GKN1,P00533,Q9NS71,U,background,False,False,0,0,0,0,0,0,0,0,0,0,0,0,5,3,5,3,0,0,0.5
EGFR,IGLV4-60,P00533,A0A075B6I1,U,background,False,False,0,0,0,0,0,0,0,0,0,0,0,0,0,0,0,0,0,0,0.5
EGFR,CXCR6,P00533,O00574,U,background,False,False,0,0,0,0,0,0,0,0,0,0,0,0,0,0,0,0,0,0,0.5
EGFR,KRTAP9-8,P00533,Q9BYQ0,U,background,False,False,0,0,0,0,0,0,0,0,0,0,0,0,0,0,0,0,0,0,0.5
EGFR,FAHD1,P00533,Q6P587,U,background,False,False,0,0,0,0,0,0,0,0,0,0,0,0,52,30,0,0,0,0,0.5
EGFR,CCDC43,P00533,Q96MW1,U,background,False,False,0,0,0,0,0,0,0,0,0,0,0,0,0,0,0,0,0,0,0.5
EGFR,HLA-DQB1,P00533,P01920,U,background,False,False,0,0,0,0,0,0,0,0,0,0,0,0,0,0,0,0,0,0,0.5
EGFR,CREG1,P00533,O75629,U,background,False,False,0,0,0,0,0,0,0,0,0,0,0,0,0,0,0,0,0,0,0.5
EGFR,POGLUT1,P00533,Q8NBL1,U,background,False,False,0,0,0,0,0,0,0,0,0,0,0,0,7,8,7,8,0,0,0.5
EGFR,RNASE6,P00533,Q93091,U,background,False,False,0,0,0,0,0,0,0,0,0,0,0,0,0,0,0,0,0,0,0.5
EGFR,KCNJ6,P00533,P48051,U,background,False,False,0,0,0,0,0,0,0,0,0,0,0,0,0,0,0,0,0,0,0.5
EGFR,HLA-DRB5,P00533,Q30154,U,background,False,False,0,0,0,0,0,0,0,0,0,0,0,0,0,0,0,0,0,0,0.5
EGFR,CHST1,P00533,O43916,U,background,False,False,0,0,0,0,0,0,0,0,0,0,0,0,0,0,0,0,0,0,0.5
EGFR,UBAP1L,P00533,F5GYI3,U,background,False,False,0,0,0,0,0,0,0,0,0,0,0,0,0,0,0,0,0,0,0.5
EGFR,ACTL6A,P00533,O96019,U,background,False,False,0,0,0,0,0,0,0,0,49,63,49,63,0,0,0,0,1,49,0.43859649122807015
EGFR,MAGEB17,P00533,A8MXT2,U,background,False,False,0,0,0,0,0,0,0,0,0,0,0,0,0,0,0,0,0,0,0.5
EGFR,HSD11B2,P00533,P80365,U,background,False,False,0,0,0,0,0,0,0,0,0,0,0,0,0,0,0,0,0,0,0.5
EGFR,SLC25A4,P00533,P12235,U,background,False,False,0,0,0,0,0,0,0,0,0,0,0,0,0,0,0,0,0,0,0.5
EGFR,SGK1,P00533,O00141,U,background,False,False,0,0,0,0,0,0,0,0,0,0,0,0,0,0,0,0,0,0,0.5
EGFR,TMEM72,P00533,A0PK05,U,background,False,False,0,0,0,0,0,0,0,0,0,0,0,0,19,15,19,15,0,0,0.5
EGFR,MTHFD2L,P00533,Q9H903,U,background,False,False,0,0,0,0,0,0,0,0,0,0,0,0,0,0,0,0,0,0,0.5
EGFR,DMTN,P00533,Q08495,U,background,False,False,0,0,0,0,0,0,0,0,0,0,0,0,0,0,0,0,0,0,0.5
EGFR,TSFM,P00533,P43897,U,background,False,False,0,0,0,0,0,0,0,0,0,0,0,0,92,79,92,79,0,0,0.5
EGFR,SSPN,P00533,Q14714,U,background,False,False,0,0,0,0,0,0,0,0,0,0,0,0,1,2,1,2,0,0,0.5
EGFR,CD3E,P00533,P07766,U,background,False,False,0,0,0,0,0,0,0,0,0,0,0,0,16,17,16,17,0,0,0.5
EGFR,TSPAN8,P00533,P19075,U,background,False,False,0,0,0,0,0,0,0,0,14,3,14,3,0,0,0,0,1,14,0.7894736842105263
EGFR,CAMK1D,P00533,Q8IU85,U,background,False,False,0,0,0,0,0,0,0,0,0,0,0,0,0,0,0,0,0,0,0.5
EGFR,KLF1,P00533,Q13351,U,background,False,False,0,0,0,0,0,0,0,0,0,0,0,0,0,0,0,0,0,0,0.5
EGFR,LIPK,P00533,Q5VXJ0,U,background,False,False,0,0,0,0,0,0,0,0,0,0,0,0,0,0,0,0,0,0,0.5
EGFR,ABI3,P00533,Q9P2A4,U,background,False,False,0,0,0,0,0,0,0,0,33,35,33,35,0,0,0,0,1,33,0.4857142857142857
EGFR,FBXO17,P00533,Q96EF6,U,background,False,False,0,0,0,0,0,0,0,0,17,19,17,19,0,0,0,0,1,17,0.47368421052631576
EGFR,TEX50,P00533,A0A1B0GTY4,U,background,False,False,0,0,0,0,0,0,0,0,0,0,0,0,0,0,0,0,0,0,0.5
EGFR,CDRT15,P00533,Q96T59,U,background,False,False,0,0,0,0,0,0,0,0,0,0,0,0,0,0,0,0,0,0,0.5
EGFR,GPATCH11,P00533,Q8N954,U,background,False,False,0,0,0,0,0,0,0,0,0,0,0,0,0,0,0,0,0,0,0.5
EGFR,SEC14L6,P00533,B5MCN3,U,background,False,False,0,0,0,0,0,0,0,0,0,0,0,0,0,0,0,0,0,0,0.5
EGFR,KRTAP5-8,P00533,O75690,U,background,False,False,0,0,0,0,0,0,0,0,0,0,0,0,0,0,0,0,0,0,0.5
EGFR,AZIN2,P00533,Q96A70,U,context,False,False,0,0,0,0,0,0,0,0,0,0,0,0,0,0,0,0,0,0,0.5
EGFR,CABYR,P00533,O75952,U,context,False,False,0,0,0,0,0,0,0,0,0,0,0,0,1,1,1,1,0,0,0.5
EGFR,ODAD1,P00533,Q96M63,U,context,False,False,0,0,0,0,0,0,0,0,0,0,0,0,0,0,0,0,0,0,0.5
EGFR,ACOT11,P00533,Q8WXI4,U,context,False,False,0,0,0,0,0,0,0,0,6,4,6,4,0,0,0,0,1,6,0.5833333333333334
EGFR,SMYD5,P00533,Q6GMV2,U,context,False,False,0,0,0,0,0,0,0,0,0,0,0,0,0,0,0,0,0,0,0.5
EGFR,LORICRIN,P00533,P23490,U,context,False,False,0,0,0,0,0,0,0,0,0,0,0,0,0,0,0,0,0,0,0.5
EGFR,KCTD13,P00533,Q8WZ19,U,context,False,False,0,0,0,0,0,0,0,0,0,0,0,0,9,9,9,9,0,0,0.5
EGFR,ACTRT3,P00533,Q9BYD9,U,context,False,False,0,0,0,0,0,0,0,0,0,0,0,0,0,0,0,0,0,0,0.5
EGFR,CASP7,P00533,P55210,U,context,False,False,0,0,0,0,0,0,0,0,0,0,0,0,23,26,23,26,0,0,0.5
EGFR,FAM91A1,P00533,Q658Y4,U,context,False,False,0,0,0,0,0,0,0,0,32,46,32,46,0,0,0,0,1,32,0.4125
EGFR,SRPX2,P00533,O60687,U,context,False,False,0,0,0,0,0,0,0,0,0,0,0,0,2,4,2,4,0,0,0.5
EGFR,RNF34,P00533,Q969K3,U,context,False,False,0,0,0,0,0,0,0,0,20,11,20,11,0,0,0,0,1,20,0.6363636363636364
EGFR,DCP1A,P00533,Q9NPI6,U,context,False,False,0,0,0,0,0,0,0,0,0,0,0,0,0,0,0,0,0,0,0.5
EGFR,TTI1,P00533,O43156,U,context,False,False,0,0,0,0,0,0,0,0,0,0,0,0,0,0,0,0,0,0,0.5
EGFR,TRAF6,P00533,Q9Y4K3,U,context,False,False,0,0,0,0,0,0,0,0,212,185,212,185,0,0,0,0,1,212,0.5338345864661654
EGFR,UFL1,P00533,O94874,U,context,False,False,0,0,0,0,0,0,0,0,286,220,286,220,0,0,0,0,1,286,0.5649606299212598
EGFR,CASP8,P00533,Q14790,U,context,False,False,0,0,0,0,0,0,0,0,0,0,0,0,60,55,60,55,0,0,0.5
EGFR,HARBI1,P00533,Q96MB7,U,context,False,False,0,0,0,0,0,0,0,0,1,0,1,0,0,0,0,0,1,1,0.6666666666666666
EGFR,SPATA1,P00533,Q5VX52,U,context,False,False,0,0,0,0,0,0,0,0,7,9,7,9,0,0,0,0,1,7,0.4444444444444444
EGFR,RRAGC,P00533,Q9HB90,U,context,False,False,0,0,0,0,0,0,0,0,0,0,0,0,0,0,0,0,0,0,0.5
EGFR,METTL2B,P00533,Q6P1Q9,U,context,False,False,0,0,0,0,0,0,0,0,0,0,0,0,3,3,3,3,0,0,0.5
EGFR,ZBTB33,P00533,Q86T24,U,context,False,False,0,0,0,0,0,0,0,0,0,0,0,0,0,0,0,0,0,0,0.5
EGFR,RPS6KA2,P00533,Q15349,U,context,False,False,0,0,0,0,0,0,0,0,0,0,0,0,0,0,0,0,0,0,0.5
EGFR,PI4KB,P00533,Q9UBF8,U,context,False,False,0,0,0,0,0,0,0,0,28,39,28,39,0,0,0,0,1,28,0.42028985507246375
EGFR,AKR1E2,P00533,Q96JD6,U,context,False,False,0,0,0,0,0,0,0,0,0,0,0,0,0,0,0,0,0,0,0.5
EGFR,PSKH1,P00533,P11801,U,context,False,False,0,0,0,0,0,0,0,0,18,18,18,18,0,0,0,0,1,18,0.5
EGFR,LIMS1,P00533,P48059,U,context,False,False,0,0,0,0,0,0,0,0,0,0,0,0,0,0,0,0,0,0,0.5
EGFR,ADH4,P00533,P08319,U,context,False,False,0,0,0,0,0,0,0,0,0,0,0,0,0,0,0,0,0,0,0.5
EGFR,SNX7,P00533,Q9UNH6,U,context,False,False,0,0,0,0,0,0,0,0,0,0,0,0,0,0,0,0,0,0,0.5
EGFR,CCDC66,P00533,A2RUB6,U,context,False,False,0,0,0,0,0,0,0,0,0,0,0,0,0,0,0,0,0,0,0.5
EGFR,BYSL,P00533,Q13895,U,context,False,False,0,0,0,0,0,0,0,0,0,0,0,0,39,32,39,32,0,0,0.5
EGFR,DNAI7,P00533,Q6TDU7,U,context,False,False,0,0,0,0,0,0,0,0,0,0,0,0,0,0,0,0,0,0,0.5
EGFR,BABAM1,P00533,Q9NWV8,U,context,False,False,0,0,0,0,0,0,0,0,0,0,0,0,16,16,16,16,0,0,0.5
EGFR,TRIM7,P00533,Q9C029,U,context,False,False,0,0,0,0,0,0,0,0,18,15,18,15,0,0,0,0,1,18,0.5428571428571428
EGFR,CCDC69,P00533,A6NI79,U,context,False,False,0,0,0,0,0,0,0,0,7,6,7,6,0,0,0,0,1,7,0.5333333333333333
EGFR,DDX39B,P00533,Q13838,U,context,False,False,0,0,0,0,0,0,0,0,0,0,0,0,0,0,0,0,0,0,0.5
EGFR,AEBP1,P00533,Q8IUX7,U,context,False,False,0,0,0,0,0,0,0,0,0,0,0,0,0,0,0,0,0,0,0.5
EGFR,RRAGA,P00533,Q7L523,U,context,False,False,0,0,0,0,0,0,0,0,0,0,0,0,0,0,0,0,0,0,0.5
EGFR,SHPK,P00533,Q9UHJ6,U,context,False,False,0,0,0,0,0,0,0,0,0,0,0,0,3,1,3,1,0,0,0.5
EGFR,PCBP2,P00533,Q15366,U,context,False,False,0,0,0,0,0,0,0,0,0,0,0,0,0,0,0,0,0,0,0.5
EGFR,WARS1,P00533,P23381,U,context,False,False,0,0,0,0,0,0,0,0,0,0,0,0,0,0,0,0,0,0,0.5
EGFR,HIPK4,P00533,Q8NE63,U,context,False,False,0,0,0,0,0,0,0,0,9,6,9,6,0,0,0,0,1,9,0.5882352941176471
EGFR,VTA1,P00533,Q9NP79,U,context,False,False,0,0,0,0,0,0,0,0,22,34,22,34,0,0,0,0,1,22,0.39655172413793105
EGFR,COPB1,P00533,P53618,U,context,False,False,0,0,0,0,0,0,0,0,69,53,69,53,0,0,0,0,1,69,0.5645161290322581
EGFR,SEPTIN14,P00533,Q6ZU15,U,context,False,False,0,0,0,0,0,0,0,0,0,0,0,0,0,0,0,0,0,0,0.5
EGFR,DENND1A,P00533,Q8TEH3,U,context,False,False,0,0,0,0,0,0,0,0,31,38,31,38,0,0,0,0,1,31,0.4507042253521127
EGFR,PLK1,P00533,P53350,U,context,False,False,0,0,0,0,0,0,0,0,183,144,183,144,0,0,0,0,1,183,0.5592705167173252
EGFR,G3BP1,P00533,Q13283,U,context,False,False,0,0,0,0,0,0,0,0,0,0,0,0,0,0,0,0,0,0,0.5
EGFR,PPM1E,P00533,Q8WY54,U,context,False,False,0,0,0,0,0,0,0,0,0,0,0,0,9,12,9,12,0,0,0.5
EGFR,ERC2,P00533,O15083,U,context,False,False,0,0,0,0,0,0,0,0,0,0,0,0,0,0,0,0,0,0,0.5
EGFR,EDNRA,P00533,P25101,U,background,False,False,0,0,0,0,0,0,0,0,0,0,0,0,0,0,0,0,0,0,0.5
EGFR,C16orf96,P00533,A6NNT2,U,background,False,False,0,0,0,0,0,0,0,0,3,0,3,0,0,0,0,0,1,3,0.8
EGFR,MTG2,P00533,Q9H4K7,U,background,False,False,0,0,0,0,0,0,0,0,0,0,0,0,0,0,0,0,0,0,0.5
EGFR,DBF4B,P00533,Q8NFT6,U,background,False,False,0,0,0,0,0,0,0,0,0,0,0,0,0,0,0,0,0,0,0.5
EGFR,GAA,P00533,P10253,U,background,False,False,0,0,0,0,0,0,0,0,0,0,0,0,0,0,0,0,0,0,0.5
EGFR,ESRP1,P00533,Q6NXG1,U,background,False,False,0,0,0,0,0,0,0,0,0,0,0,0,0,0,0,0,0,0,0.5
EGFR,CDC23,P00533,Q9UJX2,U,background,False,False,0,0,0,0,0,0,0,0,79,81,79,81,0,0,0,0,1,79,0.49382716049382713
EGFR,ACAP1,P00533,Q15027,U,background,False,False,0,0,0,0,0,0,0,0,0,0,0,0,0,0,0,0,0,0,0.5
EGFR,NAGPA,P00533,Q9UK23,U,background,False,False,0,0,0,0,0,0,0,0,0,0,0,0,6,5,6,5,0,0,0.5
EGFR,SLC6A13,P00533,Q9NSD5,U,background,False,False,0,0,0,0,0,0,0,0,0,0,0,0,0,0,0,0,0,0,0.5
EGFR,HUNK,P00533,P57058,U,background,False,False,0,0,0,0,0,0,0,0,4,4,4,4,0,0,0,0,1,4,0.5
EGFR,CCDC81,P00533,Q6ZN84,U,background,False,False,0,0,0,0,0,0,0,0,0,0,0,0,0,0,0,0,0,0,0.5
EGFR,CXorf38,P00533,Q8TB03,U,background,False,False,0,0,0,0,0,0,0,0,2,5,2,5,0,0,0,0,1,2,0.3333333333333333
EGFR,TBC1D14,P00533,Q9P2M4,U,background,False,False,0,0,0,0,0,0,0,0,0,0,0,0,0,0,0,0,0,0,0.5
EGFR,MBOAT2,P00533,Q6ZWT7,U,background,False,False,0,0,0,0,0,0,0,0,0,0,0,0,4,4,4,4,0,0,0.5
EGFR,PCYT1B,P00533,Q9Y5K3,U,background,False,False,0,0,0,0,0,0,0,0,0,0,0,0,5,3,5,3,0,0,0.5
EGFR,LMCD1,P00533,Q9NZU5,U,background,False,False,0,0,0,0,0,0,0,0,0,0,0,0,0,0,0,0,0,0,0.5
EGFR,SEPTIN2,P00533,Q15019,U,background,False,False,0,0,0,0,0,0,0,0,0,0,0,0,0,0,0,0,0,0,0.5
EGFR,ZNF324,P00533,O75467,U,background,False,False,0,0,0,0,0,0,0,0,0,0,0,0,0,0,0,0,0,0,0.5
EGFR,FSCB,P00533,Q5H9T9,U,background,False,False,0,0,0,0,0,0,0,0,0,0,0,0,0,0,0,0,0,0,0.5
EGFR,BECN2,P00533,A8MW95,U,background,False,False,0,0,0,0,0,0,0,0,0,0,0,0,0,0,0,0,0,0,0.5
EGFR,SP5,P00533,Q6BEB4,U,background,False,False,0,0,0,0,0,0,0,0,0,0,0,0,0,0,0,0,0,0,0.5
EGFR,CWC25,P00533,Q9NXE8,U,background,False,False,0,0,0,0,0,0,0,0,0,0,0,0,0,0,0,0,0,0,0.5
EGFR,STOX2,P00533,Q9P2F5,U,background,False,False,0,0,0,0,0,0,0,0,0,0,0,0,0,0,0,0,0,0,0.5
EGFR,NLRC3,P00533,Q7RTR2,U,background,False,False,0,0,0,0,0,0,0,0,0,0,0,0,2,2,2,2,0,0,0.5
EGFR,GAS7,P00533,O60861,U,background,False,False,0,0,0,0,0,0,0,0,12,12,12,12,0,0,0,0,1,12,0.5
EGFR,TCTN1,P00533,Q2MV58,U,background,False,False,0,0,0,0,0,0,0,0,0,0,0,0,45,51,45,51,0,0,0.5
EGFR,ANKLE2,P00533,Q86XL3,U,background,False,False,0,0,0,0,0,0,0,0,53,53,53,53,0,0,0,0,1,53,0.5
EGFR,SEMA3A,P00533,Q14563,U,background,False,False,0,0,0,0,0,0,0,0,0,0,0,0,0,0,0,0,0,0,0.5
EGFR,REPIN1,P00533,Q9BWE0,U,background,False,False,0,0,0,0,0,0,0,0,0,0,0,0,0,0,0,0,0,0,0.5
EGFR,BUD13,P00533,Q9BRD0,U,background,False,False,0,0,0,0,0,0,0,0,23,22,23,22,0,0,0,0,1,23,0.5106382978723404
EGFR,ECSIT,P00533,Q9BQ95,U,background,False,False,0,0,0,0,0,0,0,0,0,0,0,0,0,0,0,0,0,0,0.5
EGFR,NPLOC4,P00533,Q8TAT6,U,background,False,False,0,0,0,0,0,0,0,0,53,44,53,44,0,0,0,0,1,53,0.5454545454545454
EGFR,SNX21,P00533,Q969T3,U,background,False,False,0,0,0,0,0,0,0,0,16,15,16,15,0,0,0,0,1,16,0.5151515151515151
EGFR,RHOBTB2,P00533,Q9BYZ6,U,background,False,False,0,0,0,0,0,0,0,0,55,56,55,56,0,0,0,0,1,55,0.49557522123893805
EGFR,SACK1D,P00533,Q9H4H8,U,background,False,False,0,0,0,0,0,0,0,0,0,0,0,0,8,11,8,11,0,0,0.5
EGFR,RAP1GAP2,P00533,Q684P5,U,background,False,False,0,0,0,0,0,0,0,0,2,4,2,4,0,0,0,0,1,2,0.375
EGFR,SLC16A1,P00533,P53985,U,background,False,False,0,0,0,0,0,0,0,0,0,0,0,0,0,0,0,0,0,0,0.5
EGFR,SMARCAL1,P00533,Q9NZC9,U,background,False,False,0,0,0,0,0,0,0,0,8,12,8,12,0,0,0,0,1,8,0.4090909090909091
EGFR,P2RY12,P00533,Q9H244,U,background,False,False,0,0,0,0,0,0,0,0,0,0,0,0,0,0,0,0,0,0,0.5
EGFR,ZNF154,P00533,Q13106,U,background,False,False,0,0,0,0,0,0,0,0,0,0,0,0,0,0,0,0,0,0,0.5
EGFR,TRPC7,P00533,Q9HCX4,U,background,False,False,0,0,0,0,0,0,0,0,0,0,0,0,0,0,0,0,0,0,0.5
EGFR,CYRIA,P00533,Q9H0Q0,U,background,False,False,0,0,0,0,0,0,0,0,0,0,0,0,0,0,0,0,0,0,0.5
EGFR,PDE12,P00533,Q6L8Q7,U,background,False,False,0,0,0,0,0,0,0,0,0,0,0,0,25,20,25,20,0,0,0.5
EGFR,SELENOI,P00533,Q9C0D9,U,background,False,False,0,0,0,0,0,0,0,0,0,0,0,0,0,0,0,0,0,0,0.5
EGFR,GNRHR,P00533,P30968,U,background,False,False,0,0,0,0,0,0,0,0,0,0,0,0,0,0,0,0,0,0,0.5
EGFR,BRSK2,P00533,Q8IWQ3,U,background,False,False,0,0,0,0,0,0,0,0,0,0,0,0,0,0,0,0,0,0,0.5
EGFR,BLMH,P00533,Q13867,U,background,False,False,0,0,0,0,0,0,0,0,0,0,0,0,0,0,0,0,0,0,0.5
EGFR,RCOR3,P00533,Q9P2K3,U,background,False,False,0,0,0,0,0,0,0,0,0,0,0,0,0,0,0,0,0,0,0.5
EGFR,TLL1,P00533,O43897,U,background,False,False,0,0,0,0,0,0,0,0,0,0,0,0,0,0,0,0,0,0,0.5
EGFR,RUFY4,P00533,Q6ZNE9,U,context,False,False,0,0,0,0,0,0,0,0,6,12,6,12,0,0,0,0,1,6,0.35
EGFR,PREPL,P00533,Q4J6C6,U,context,False,False,0,0,0,0,0,0,0,0,0,0,0,0,32,21,32,21,0,0,0.5
EGFR,GAS2L1,P00533,Q99501,U,context,False,False,0,0,0,0,0,0,0,0,14,9,14,9,0,0,0,0,1,14,0.6
EGFR,SASH1,P00533,O94885,U,context,False,False,0,0,0,0,0,0,0,0,20,26,20,26,0,0,0,0,1,20,0.4375
EGFR,RBM42,P00533,Q9BTD8,U,context,False,False,0,0,0,0,0,0,0,0,48,42,48,42,0,0,0,0,1,48,0.532608695652174
EGFR,UBQLN1,P00533,Q9UMX0,U,context,False,False,0,0,0,0,0,0,0,0,0,0,0,0,0,0,0,0,0,0,0.5
EGFR,EXD1,P00533,Q8NHP7,U,context,False,False,0,0,0,0,0,0,0,0,0,0,0,0,0,0,0,0,0,0,0.5
EGFR,NGLY1,P00533,Q96IV0,U,context,False,False,0,0,0,0,0,0,0,0,7,6,7,6,0,0,0,0,1,7,0.5333333333333333
EGFR,CFAP221,P00533,Q4G0U5,U,context,False,False,0,0,0,0,0,0,0,0,0,0,0,0,0,0,0,0,0,0,0.5
EGFR,PLA2G3,P00533,Q9NZ20,U,context,False,False,0,0,0,0,0,0,0,0,0,0,0,0,1,1,1,1,0,0,0.5
EGFR,LIMK2,P00533,P53671,U,context,False,False,0,0,0,0,0,0,0,0,0,0,0,0,0,0,0,0,0,0,0.5
EGFR,RAVER2,P00533,Q9HCJ3,U,context,False,False,0,0,0,0,0,0,0,0,3,4,3,4,0,0,0,0,1,3,0.4444444444444444
EGFR,HASPIN,P00533,Q8TF76,U,context,False,False,0,0,0,0,0,0,0,0,32,43,32,43,0,0,0,0,1,32,0.42857142857142855
EGFR,ARMC5,P00533,Q96C12,U,context,False,False,0,0,0,0,0,0,0,0,0,0,0,0,0,0,0,0,0,0,0.5
EGFR,ERCC6L2,P00533,Q5T890,U,context,False,False,0,0,0,0,0,0,0,0,0,0,0,0,0,0,0,0,0,0,0.5
EGFR,KIF14,P00533,Q15058,U,context,False,False,0,0,0,0,0,0,0,0,0,0,0,0,0,0,0,0,0,0,0.5
EGFR,MTA3,P00533,Q9BTC8,U,context,False,False,0,0,0,0,0,0,0,0,0,0,0,0,0,0,0,0,0,0,0.5
EGFR,USP10,P00533,Q14694,U,context,False,False,0,0,0,0,0,0,0,0,0,0,0,0,34,29,34,29,0,0,0.5
EGFR,EDC3,P00533,Q96F86,U,context,False,False,0,0,0,0,0,0,0,0,0,0,0,0,16,11,16,11,0,0,0.5
EGFR,ARFGAP3,P00533,Q9NP61,U,context,False,False,0,0,0,0,0,0,0,0,0,0,0,0,0,0,0,0,0,0,0.5
EGFR,SMC4,P00533,Q9NTJ3,U,context,False,False,0,0,0,0,0,0,0,0,50,52,50,52,0,0,0,0,1,50,0.49038461538461536
EGFR,LGI3,P00533,Q8N145,U,context,False,False,0,0,0,0,0,0,0,0,0,0,0,0,0,0,0,0,0,0,0.5
EGFR,ADD3,P00533,Q9UEY8,U,context,False,False,0,0,0,0,0,0,0,0,0,0,0,0,0,0,0,0,0,0,0.5
EGFR,SLAIN1,P00533,Q8ND83,U,context,False,False,0,0,0,0,0,0,0,0,0,0,0,0,0,0,0,0,0,0,0.5
EGFR,DDHD1,P00533,Q8NEL9,U,context,False,False,0,0,0,0,0,0,0,0,12,8,12,8,0,0,0,0,1,12,0.5909090909090909
EGFR,NAPRT,P00533,Q6XQN6,U,context,False,False,0,0,0,0,0,0,0,0,0,0,0,0,8,9,8,9,0,0,0.5
EGFR,MECOM,P00533,Q03112,U,context,False,False,0,0,0,0,0,0,0,0,0,0,0,0,0,0,0,0,0,0,0.5
EGFR,ZFP36L2,P00533,P47974,U,context,False,False,0,0,0,0,0,0,0,0,57,56,57,56,0,0,0,0,1,57,0.5043478260869565
EGFR,PREP,P00533,P48147,U,context,False,False,0,0,0,0,0,0,0,0,0,0,0,0,12,8,12,8,0,0,0.5
EGFR,BIRC2,P00533,Q13490,U,context,False,False,0,0,0,0,0,0,0,0,76,81,76,81,0,0,0,0,1,76,0.48427672955974843
EGFR,DMAP1,P00533,Q9NPF5,U,context,False,False,0,0,0,0,0,0,0,0,38,52,38,52,0,0,0,0,1,38,0.42391304347826086
EGFR,UBE3A,P00533,Q05086,U,context,False,False,0,0,0,0,0,0,0,0,110,138,110,138,0,0,0,0,1,110,0.444
EGFR,HIP1R,P00533,O75146,U,context,False,False,0,0,0,0,0,0,0,0,36,45,36,45,0,0,0,0,1,36,0.4457831325301205
EGFR,PTPN23,P00533,Q9H3S7,U,context,False,False,0,0,0,0,0,0,0,0,0,0,0,0,0,0,0,0,0,0,0.5
EGFR,AP5Z1,P00533,O43299,U,context,False,False,0,0,0,0,0,0,0,0,0,0,0,0,4,5,4,5,0,0,0.5
EGFR,NLRP1,P00533,Q9C000,U,context,False,False,0,0,0,0,0,0,0,0,0,0,0,0,0,0,0,0,0,0,0.5
EGFR,CCDC39,P00533,Q9UFE4,U,context,False,False,0,0,0,0,0,0,0,0,2,2,2,2,0,0,0,0,1,2,0.5
EGFR,BACH2,P00533,Q9BYV9,U,context,False,False,0,0,0,0,0,0,0,0,0,0,0,0,0,0,0,0,0,0,0.5
EGFR,LRRC49,P00533,Q8IUZ0,U,context,False,False,0,0,0,0,0,0,0,0,0,0,0,0,13,9,13,9,0,0,0.5
EGFR,APEH,P00533,P13798,U,context,False,False,0,0,0,0,0,0,0,0,0,0,0,0,14,12,14,12,0,0,0.5
EGFR,UBAP2,P00533,Q5T6F2,U,context,False,False,0,0,0,0,0,0,0,0,0,0,0,0,0,0,0,0,0,0,0.5
EGFR,FCHSD1,P00533,Q86WN1,U,context,False,False,0,0,0,0,0,0,0,0,9,12,9,12,0,0,0,0,1,9,0.43478260869565216
EGFR,FBXL17,P00533,Q9UF56,U,context,False,False,0,0,0,0,0,0,0,0,0,0,0,0,12,13,12,13,0,0,0.5
EGFR,GRK4,P00533,P32298,U,context,False,False,0,0,0,0,0,0,0,0,0,0,0,0,0,0,0,0,0,0,0.5
EGFR,DZIP1L,P00533,Q8IYY4,U,context,False,False,0,0,0,0,0,0,0,0,0,0,0,0,0,0,0,0,0,0,0.5
EGFR,TULP4,P00533,Q9NRJ4,U,context,False,False,0,0,0,0,0,0,0,0,0,0,0,0,0,0,0,0,0,0,0.5
EGFR,WDR48,P00533,Q8TAF3,U,context,False,False,0,0,0,0,0,0,0,0,41,39,41,39,0,0,0,0,1,41,0.5121951219512195
EGFR,SKIC2,P00533,Q15477,U,context,False,False,0,0,0,0,0,0,0,0,0,0,0,0,0,0,0,0,0,0,0.5
EGFR,MPP2,P00533,Q14168,U,context,False,False,0,0,0,0,0,0,0,0,9,11,9,11,0,0,0,0,1,9,0.45454545454545453
EGFR,LARP6,P00533,Q9BRS8,U,context,False,False,0,0,0,0,0,0,0,0,0,0,0,0,1,2,1,2,0,0,0.5
EGFR,ASIC2,P00533,Q16515,U,background,False,False,0,0,0,0,0,0,0,0,0,0,0,0,0,0,0,0,0,0,0.5
EGFR,DOT1L,P00533,Q8TEK3,U,background,False,False,0,0,0,0,0,0,0,0,0,0,0,0,0,0,0,0,0,0,0.5
EGFR,NRXN1,P00533,P58400,U,background,False,False,0,0,0,0,0,0,0,0,0,0,0,0,0,0,0,0,0,0,0.5
EGFR,MAK,P00533,P20794,U,background,False,False,0,0,0,0,0,0,0,0,9,9,9,9,0,0,0,0,1,9,0.5
EGFR,RESF1,P00533,Q9HCM1,U,background,False,False,0,0,0,0,0,0,0,0,0,0,0,0,0,0,0,0,0,0,0.5
EGFR,KIR3DL2,P00533,P43630,U,background,False,False,0,0,0,0,0,0,0,0,0,0,0,0,7,9,7,9,0,0,0.5
EGFR,RASIP1,P00533,Q5U651,U,background,False,False,0,0,0,0,0,0,0,0,8,17,8,17,0,0,0,0,1,8,0.3333333333333333
EGFR,PNPT1,P00533,Q8TCS8,U,background,False,False,0,0,0,0,0,0,0,0,0,0,0,0,29,20,29,20,0,0,0.5
EGFR,KIF9,P00533,Q9HAQ2,U,background,False,False,0,0,0,0,0,0,0,0,27,27,27,27,0,0,0,0,1,27,0.5
EGFR,GCC1,P00533,Q96CN9,U,background,False,False,0,0,0,0,0,0,0,0,38,37,38,37,0,0,0,0,1,38,0.5064935064935064
EGFR,KLF11,P00533,O14901,U,background,False,False,0,0,0,0,0,0,0,0,0,0,0,0,0,0,0,0,0,0,0.5
EGFR,FZD7,P00533,O75084,U,background,False,False,0,0,0,0,0,0,0,0,0,0,0,0,0,0,0,0,0,0,0.5
EGFR,UGT2B7,P00533,P16662,U,background,False,False,0,0,0,0,0,0,0,0,0,0,0,0,0,0,0,0,0,0,0.5
EGFR,MAPKAPK5,P00533,Q8IW41,U,background,False,False,0,0,0,0,0,0,0,0,9,21,9,21,0,0,0,0,1,9,0.3125
EGFR,SELENOO,P00533,Q9BVL4,U,background,False,False,0,0,0,0,0,0,0,0,0,0,0,0,0,0,0,0,0,0,0.5
EGFR,PLCH2,P00533,O75038,U,background,False,False,0,0,0,0,0,0,0,0,0,0,0,0,0,0,0,0,0,0,0.5
EGFR,SLC35F5,P00533,Q8WV83,U,background,False,False,0,0,0,0,0,0,0,0,0,0,0,0,9,7,9,7,0,0,0.5
EGFR,IL2RB,P00533,P14784,U,background,False,False,0,0,0,0,0,0,0,0,0,0,0,0,5,1,5,1,0,0,0.5
EGFR,STPG2,P00533,Q8N412,U,background,False,False,0,0,0,0,0,0,0,0,0,0,0,0,0,0,0,0,0,0,0.5
EGFR,POFUT3,P00533,Q6P4F1,U,background,False,False,0,0,0,0,0,0,0,0,0,0,0,0,0,0,0,0,0,0,0.5
EGFR,TBX5,P00533,Q99593,U,background,False,False,0,0,0,0,0,0,0,0,0,0,0,0,0,0,0,0,0,0,0.5
EGFR,CCAR1,P00533,Q8IX12,U,background,False,False,0,0,0,0,0,0,0,0,0,0,0,0,13,16,13,16,0,0,0.5
EGFR,SMPD3,P00533,Q9NY59,U,background,False,False,0,0,0,0,0,0,0,0,10,7,10,7,0,0,0,0,1,10,0.5789473684210527
EGFR,ATP1A2,P00533,P50993,U,background,False,False,0,0,0,0,0,0,0,0,0,0,0,0,0,0,0,0,0,0,0.5
EGFR,SERGEF,P00533,Q9UGK8,U,background,False,False,0,0,0,0,0,0,0,0,4,4,4,4,0,0,0,0,1,4,0.5
EGFR,NLN,P00533,Q9BYT8,U,background,False,False,0,0,0,0,0,0,0,0,11,14,11,14,0,0,0,0,1,11,0.4444444444444444
EGFR,WDSUB1,P00533,Q8N9V3,U,background,False,False,0,0,0,0,0,0,0,0,2,1,2,1,0,0,0,0,1,2,0.6
EGFR,ENTPD8,P00533,Q5MY95,U,background,False,False,0,0,0,0,0,0,0,0,0,0,0,0,0,0,0,0,0,0,0.5
EGFR,TACR3,P00533,P29371,U,background,False,False,0,0,0,0,0,0,0,0,0,0,0,0,0,0,0,0,0,0,0.5
EGFR,IGF2BP2,P00533,Q9Y6M1,U,background,False,False,0,0,0,0,0,0,0,0,90,90,90,90,0,0,0,0,1,90,0.5
EGFR,CHADL,P00533,Q6NUI6,U,background,False,False,0,0,0,0,0,0,0,0,0,0,0,0,0,0,0,0,0,0,0.5
EGFR,ADCY5,P00533,O95622,U,background,False,False,0,0,0,0,0,0,0,0,0,0,0,0,0,0,0,0,0,0,0.5
EGFR,MMS22L,P00533,Q6ZRQ5,U,background,False,False,0,0,0,0,0,0,0,0,13,9,13,9,0,0,0,0,1,13,0.5833333333333334
EGFR,COL16A1,P00533,Q07092,U,background,False,False,0,0,0,0,0,0,0,0,0,0,0,0,0,0,0,0,0,0,0.5
EGFR,IRX1,P00533,P78414,U,background,False,False,0,0,0,0,0,0,0,0,0,0,0,0,1,0,1,0,0,0,0.5
EGFR,ANKRD26,P00533,Q9UPS8,U,background,False,False,0,0,0,0,0,0,0,0,0,0,0,0,0,0,0,0,0,0,0.5
EGFR,LENG9,P00533,Q96B70,U,background,False,False,0,0,0,0,0,0,0,0,0,0,0,0,0,0,0,0,0,0,0.5
EGFR,CNR1,P00533,P21554,U,background,False,False,0,0,0,0,0,0,0,0,0,0,0,0,0,0,0,0,0,0,0.5
EGFR,DDX11L8,P00533,A8MPP1,U,background,False,False,0,0,0,0,0,0,0,0,0,0,0,0,0,0,0,0,0,0,0.5
EGFR,MATCAP2,P00533,Q8NCT3,U,background,False,False,0,0,0,0,0,0,0,0,0,0,0,0,0,0,0,0,0,0,0.5
EGFR,CCDC185,P00533,Q8N715,U,background,False,False,0,0,0,0,0,0,0,0,0,0,0,0,0,0,0,0,0,0,0.5
EGFR,PODXL2,P00533,Q9NZ53,U,background,False,False,0,0,0,0,0,0,0,0,0,0,0,0,0,0,0,0,0,0,0.5
EGFR,COG2,P00533,Q14746,U,background,False,False,0,0,0,0,0,0,0,0,17,12,17,12,0,0,0,0,1,17,0.5806451612903226
EGFR,FCRL5,P00533,Q96RD9,U,background,False,False,0,0,0,0,0,0,0,0,0,0,0,0,3,1,3,1,0,0,0.5
EGFR,SNRK,P00533,Q9NRH2,U,background,False,False,0,0,0,0,0,0,0,0,10,9,10,9,0,0,0,0,1,10,0.5238095238095238
EGFR,MYBPH,P00533,Q13203,U,background,False,False,0,0,0,0,0,0,0,0,0,0,0,0,0,0,0,0,0,0,0.5
EGFR,MSL2,P00533,Q9HCI7,U,background,False,False,0,0,0,0,0,0,0,0,5,8,5,8,0,0,0,0,1,5,0.4
EGFR,MAOA,P00533,P21397,U,background,False,False,0,0,0,0,0,0,0,0,0,0,0,0,2,3,2,3,0,0,0.5
EGFR,TRPC4,P00533,Q9UBN4,U,background,False,False,0,0,0,0,0,0,0,0,5,8,5,8,0,0,0,0,1,5,0.4
EGFR,LIN54,P00533,Q6MZP7,U,background,False,False,0,0,0,0,0,0,0,0,0,0,0,0,21,16,21,16,0,0,0.5
EGFR,NDUFAB1,P00533,O14561,U,low_plausibility,False,False,0,0,0,0,0,0,0,0,0,0,0,0,61,60,61,60,0,0,0.5
EGFR,PHYH,P00533,O14832,U,low_plausibility,False,False,0,0,0,0,0,0,0,0,14,10,14,10,0,0,0,0,1,14,0.5769230769230769
EGFR,NIPSNAP2,P00533,O75323,U,low_plausibility,False,False,0,0,0,0,0,0,0,0,51,40,51,40,0,0,0,0,1,51,0.5591397849462365
EGFR,FDX1,P00533,P10109,U,low_plausibility,False,False,0,0,0,0,0,0,0,0,0,0,0,0,0,0,0,0,0,0,0.5
EGFR,ETFA,P00533,P13804,U,low_plausibility,False,False,0,0,0,0,0,0,0,0,0,0,0,0,53,51,53,51,0,0,0.5
EGFR,AK4,P00533,P27144,U,low_plausibility,False,False,0,0,0,0,0,0,0,0,47,39,47,39,0,0,0,0,1,47,0.5454545454545454
EGFR,PPIF,P00533,P30405,U,low_plausibility,False,False,0,0,0,0,0,0,0,0,0,0,0,0,0,0,0,0,0,0,0.5
EGFR,ETFB,P00533,P38117,U,low_plausibility,False,False,0,0,0,0,0,0,0,0,0,0,0,0,0,0,0,0,0,0,0.5
EGFR,MDH2,P00533,P40926,U,low_plausibility,False,False,0,0,0,0,0,0,0,0,140,102,140,102,0,0,0,0,1,140,0.5778688524590164
EGFR,MRPL19,P00533,P49406,U,low_plausibility,False,False,0,0,0,0,0,0,0,0,52,46,52,46,0,0,0,0,1,52,0.53
EGFR,MRPL12,P00533,P52815,U,low_plausibility,False,False,0,0,0,0,0,0,0,0,89,83,89,83,0,0,0,0,1,89,0.5172413793103449
EGFR,MRPS25,P00533,P82663,U,low_plausibility,False,False,0,0,0,0,0,0,0,0,0,0,0,0,53,44,53,44,0,0,0.5
EGFR,MRPS11,P00533,P82912,U,low_plausibility,False,False,0,0,0,0,0,0,0,0,0,0,0,0,0,0,0,0,0,0,0.5
EGFR,MRPS15,P00533,P82914,U,low_plausibility,False,False,0,0,0,0,0,0,0,0,29,31,29,31,0,0,0,0,1,29,0.4838709677419355
EGFR,MRPS34,P00533,P82930,U,low_plausibility,False,False,0,0,0,0,0,0,0,0,0,0,0,0,0,0,0,0,0,0,0.5
EGFR,MRPS6,P00533,P82932,U,low_plausibility,False,False,0,0,0,0,0,0,0,0,0,0,0,0,0,0,0,0,0,0,0.5
EGFR,MRPL28,P00533,Q13084,U,low_plausibility,False,False,0,0,0,0,0,0,0,0,59,54,59,54,0,0,0,0,1,59,0.5217391304347826
EGFR,IDI1,P00533,Q13907,U,low_plausibility,False,False,0,0,0,0,0,0,0,0,0,0,0,0,0,0,0,0,0,0,0.5
EGFR,CLPP,P00533,Q16740,U,low_plausibility,False,False,0,0,0,0,0,0,0,0,0,0,0,0,0,0,0,0,0,0,0.5
EGFR,MRPL14,P00533,Q6P1L8,U,low_plausibility,False,False,0,0,0,0,0,0,0,0,40,28,40,28,0,0,0,0,1,40,0.5857142857142857
EGFR,MRPL10,P00533,Q7Z7H8,U,low_plausibility,False,False,0,0,0,0,0,0,0,0,0,0,0,0,0,0,0,0,0,0,0.5
EGFR,GLRX5,P00533,Q86SX6,U,low_plausibility,False,False,0,0,0,0,0,0,0,0,0,0,0,0,0,0,0,0,0,0,0.5
EGFR,MRPL41,P00533,Q8IXM3,U,low_plausibility,False,False,0,0,0,0,0,0,0,0,60,52,60,52,0,0,0,0,1,60,0.5350877192982456
EGFR,NDUFAF2,P00533,Q8N183,U,low_plausibility,False,False,0,0,0,0,0,0,0,0,0,0,0,0,0,0,0,0,0,0,0.5
EGFR,ABHD11,P00533,Q8NFV4,U,low_plausibility,False,False,0,0,0,0,0,0,0,0,20,15,0,0,0,0,0,0,0,0,0.5
EGFR,GRPEL2,P00533,Q8TAA5,U,low_plausibility,False,False,0,0,0,0,0,0,0,0,2,2,2,2,0,0,0,0,1,2,0.5
EGFR,NUBPL,P00533,Q8TB37,U,low_plausibility,False,False,0,0,0,0,0,0,0,0,0,0,0,0,0,0,0,0,0,0,0.5
EGFR,MAIP1,P00533,Q8WWC4,U,low_plausibility,False,False,0,0,0,0,0,0,0,0,0,0,0,0,0,0,0,0,0,0,0.5
EGFR,MALSU1,P00533,Q96EH3,U,low_plausibility,False,False,0,0,0,0,0,0,0,0,53,37,53,37,0,0,0,0,1,53,0.5869565217391305
EGFR,MRPL53,P00533,Q96EL3,U,low_plausibility,False,False,0,0,0,0,0,0,0,0,0,0,0,0,0,0,0,0,0,0,0.5
EGFR,MRPL48,P00533,Q96GC5,U,low_plausibility,False,False,0,0,0,0,0,0,0,0,0,0,0,0,34,21,34,21,0,0,0.5
EGFR,NMNAT3,P00533,Q96T66,U,low_plausibility,False,False,0,0,0,0,0,0,0,0,0,0,0,0,0,0,0,0,0,0,0.5
EGFR,TXN2,P00533,Q99757,U,low_plausibility,False,False,0,0,0,0,0,0,0,0,0,0,0,0,0,0,0,0,0,0,0.5
EGFR,MGME1,P00533,Q9BQP7,U,low_plausibility,False,False,0,0,0,0,0,0,0,0,0,0,0,0,0,0,0,0,0,0,0.5
EGFR,TACO1,P00533,Q9BSH4,U,low_plausibility,False,False,0,0,0,0,0,0,0,0,0,0,0,0,86,74,86,74,0,0,0.5
EGFR,ALKBH7,P00533,Q9BT30,U,low_plausibility,False,False,0,0,0,0,0,0,0,0,0,0,0,0,5,3,5,3,0,0,0.5
EGFR,HINT2,P00533,Q9BX68,U,low_plausibility,False,False,0,0,0,0,0,0,0,0,0,0,0,0,0,0,0,0,0,0,0.5
EGFR,PECR,P00533,Q9BY49,U,low_plausibility,False,False,0,0,0,0,0,0,0,0,0,0,0,0,0,0,0,0,0,0,0.5
EGFR,MRPL20,P00533,Q9BYC9,U,low_plausibility,False,False,0,0,0,0,0,0,0,0,0,0,0,0,0,0,0,0,0,0,0.5
EGFR,MRPL9,P00533,Q9BYD2,U,low_plausibility,False,False,0,0,0,0,0,0,0,0,0,0,0,0,54,45,54,45,0,0,0.5
EGFR,MRPS26,P00533,Q9BYN8,U,low_plausibility,False,False,0,0,0,0,0,0,0,0,135,126,135,126,0,0,0,0,1,135,0.5171102661596958
EGFR,MRPL18,P00533,Q9H0U6,U,low_plausibility,False,False,0,0,0,0,0,0,0,0,0,0,0,0,0,0,0,0,0,0,0.5
EGFR,PPA2,P00533,Q9H2U2,U,low_plausibility,False,False,0,0,0,0,0,0,0,0,0,0,0,0,25,15,25,15,0,0,0.5
EGFR,MRPL47,P00533,Q9HD33,U,low_plausibility,False,False,0,0,0,0,0,0,0,0,52,54,52,54,0,0,0,0,1,52,0.49074074074074076
EGFR,MRPL39,P00533,Q9NYK5,U,low_plausibility,False,False,0,0,0,0,0,0,0,0,0,0,0,0,46,26,46,26,0,0,0.5
EGFR,AK3,P00533,Q9UIJ7,U,low_plausibility,False,False,0,0,0,0,0,0,0,0,0,0,0,0,0,0,0,0,0,0,0.5
EGFR,CA5B,P00533,Q9Y2D0,U,low_plausibility,False,False,0,0,0,0,0,0,0,0,0,0,0,0,0,0,0,0,0,0,0.5
EGFR,GSTK1,P00533,Q9Y2Q3,U,low_plausibility,False,False,0,0,0,0,0,0,0,0,0,0,0,0,0,0,0,0,0,0,0.5
EGFR,MRPS28,P00533,Q9Y2Q9,U,low_plausibility,False,False,0,0,0,0,0,0,0,0,0,0,0,0,50,36,50,36,0,0,0.5
EGFR,MRPS2,P00533,Q9Y399,U,low_plausibility,False,False,0,0,0,0,0,0,0,0,0,0,0,0,55,42,55,42,0,0,0.5
EGFR,ACOX3,P00533,O15254,U,low_plausibility,False,False,0,0,0,0,0,0,0,0,8,5,8,5,0,0,0,0,1,8,0.6
EGFR,TIMM44,P00533,O43615,U,low_plausibility,False,False,0,0,0,0,0,0,0,0,0,0,0,0,0,0,0,0,0,0,0.5
EGFR,CDC40,P00533,O60508,U,low_plausibility,False,False,0,0,0,0,0,0,0,0,38,42,38,42,0,0,0,0,1,38,0.47560975609756095
EGFR,PMPCB,P00533,O75439,U,low_plausibility,False,False,0,0,0,0,0,0,0,0,0,0,0,0,98,93,98,93,0,0,0.5
EGFR,TRMU,P00533,O75648,U,low_plausibility,False,False,0,0,0,0,0,0,0,0,0,0,0,0,16,18,16,18,0,0,0.5
EGFR,GATB,P00533,O75879,U,low_plausibility,False,False,0,0,0,0,0,0,0,0,0,0,0,0,0,0,0,0,0,0,0.5
EGFR,CCNK,P00533,O75909,U,low_plausibility,False,False,0,0,0,0,0,0,0,0,0,0,0,0,0,0,0,0,0,0,0.5
EGFR,OTC,P00533,P00480,U,low_plausibility,False,False,0,0,0,0,0,0,0,0,0,0,0,0,30,25,30,25,0,0,0.5
EGFR,ACAA1,P00533,P09110,U,low_plausibility,False,False,0,0,0,0,0,0,0,0,0,0,0,0,10,8,10,8,0,0,0.5
EGFR,ME2,P00533,P23368,U,low_plausibility,False,False,0,0,0,0,0,0,0,0,0,0,0,0,0,0,0,0,0,0,0.5
EGFR,ACAT1,P00533,P24752,U,low_plausibility,False,False,0,0,0,0,0,0,0,0,0,0,0,0,34,25,34,25,0,0,0.5
EGFR,CSTF2,P00533,P33240,U,low_plausibility,False,False,0,0,0,0,0,0,0,0,0,0,0,0,0,0,0,0,0,0,0.5
EGFR,COIL,P00533,P38432,U,low_plausibility,False,False,0,0,0,0,0,0,0,0,144,122,144,122,0,0,0,0,1,144,0.5410447761194029
EGFR,GLUD2,P00533,P49448,U,low_plausibility,False,False,0,0,0,0,0,0,0,0,0,0,0,0,0,0,0,0,0,0,0.5
EGFR,HARS2,P00533,P49590,U,low_plausibility,False,False,0,0,0,0,0,0,0,0,45,25,45,25,0,0,0,0,1,45,0.6388888888888888
EGFR,ARG2,P00533,P78540,U,low_plausibility,False,False,0,0,0,0,0,0,0,0,0,0,0,0,5,3,5,3,0,0,0.5
EGFR,MRPS22,P00533,P82650,U,low_plausibility,False,False,0,0,0,0,0,0,0,0,0,0,0,0,0,0,0,0,0,0,0.5
EGFR,MRPS9,P00533,P82933,U,low_plausibility,False,False,0,0,0,0,0,0,0,0,0,0,0,0,68,58,68,58,0,0,0.5
EGFR,ARID5A,P00533,Q03989,U,low_plausibility,False,False,0,0,0,0,0,0,0,0,0,0,0,0,0,0,0,0,0,0,0.5
EGFR,PMPCA,P00533,Q10713,U,low_plausibility,False,False,0,0,0,0,0,0,0,0,0,0,0,0,94,73,94,73,0,0,0.5
EGFR,PCK2,P00533,Q16822,U,low_plausibility,False,False,0,0,0,0,0,0,0,0,0,0,0,0,23,27,23,27,0,0,0.5
EGFR,NADK2,P00533,Q4G0N4,U,low_plausibility,False,False,0,0,0,0,0,0,0,0,0,0,0,0,0,0,0,0,0,0,0.5
EGFR,ACSF3,P00533,Q4G176,U,low_plausibility,False,False,0,0,0,0,0,0,0,0,0,0,0,0,14,16,14,16,0,0,0.5
EGFR,IBA57,P00533,Q5T440,U,low_plausibility,False,False,0,0,0,0,0,0,0,0,23,24,23,24,0,0,0,0,1,23,0.4897959183673469
EGFR,MRM1,P00533,Q6IN84,U,low_plausibility,False,False,0,0,0,0,0,0,0,0,0,0,0,0,91,78,91,78,0,0,0.5
EGFR,IRF2BP1,P00533,Q8IU81,U,low_plausibility,False,False,0,0,0,0,0,0,0,0,20,17,20,17,0,0,0,0,1,20,0.5384615384615384
EGFR,MCAT,P00533,Q8IVS2,U,low_plausibility,False,False,0,0,0,0,0,0,0,0,0,0,0,0,0,0,0,0,0,0,0.5
EGFR,ACOT4,P00533,Q8N9L9,U,low_plausibility,False,False,0,0,0,0,0,0,0,0,0,0,0,0,0,0,0,0,0,0,0.5
EGFR,GATA6,P00533,Q92908,U,low_plausibility,False,False,0,0,0,0,0,0,0,0,0,0,0,0,0,0,0,0,0,0,0.5
EGFR,TOP1MT,P00533,Q969P6,U,low_plausibility,False,False,0,0,0,0,0,0,0,0,0,0,0,0,0,0,0,0,0,0,0.5
EGFR,MRPL38,P00533,Q96DV4,U,low_plausibility,False,False,0,0,0,0,0,0,0,0,0,0,0,0,0,0,0,0,0,0,0.5
EGFR,PTCD3,P00533,Q96EY7,U,low_plausibility,False,False,0,0,0,0,0,0,0,0,0,0,0,0,54,42,54,42,0,0,0.5
EGFR,TEFM,P00533,Q96QE5,U,low_plausibility,False,False,0,0,0,0,0,0,0,0,0,0,0,0,68,62,68,62,0,0,0.5
EGFR,PRR14,P00533,Q9BWN1,U,low_plausibility,False,False,0,0,0,0,0,0,0,0,0,0,0,0,5,4,5,4,0,0,0.5
EGFR,MRPL37,P00533,Q9BZE1,U,low_plausibility,False,False,0,0,0,0,0,0,0,0,57,45,57,45,0,0,0,0,1,57,0.5576923076923077
EGFR,IKZF4,P00533,Q9H2S9,U,low_plausibility,False,False,0,0,0,0,0,0,0,0,0,0,0,0,0,0,0,0,0,0,0.5
EGFR,OSGEPL1,P00533,Q9H4B0,U,low_plausibility,False,False,0,0,0,0,0,0,0,0,0,0,0,0,0,0,0,0,0,0,0.5
EGFR,ACSS3,P00533,Q9H6R3,U,low_plausibility,False,False,0,0,0,0,0,0,0,0,0,0,0,0,1,1,1,1,0,0,0.5
EGFR,L2HGDH,P00533,Q9H9P8,U,low_plausibility,False,False,0,0,0,0,0,0,0,0,0,0,0,0,14,16,14,16,0,0,0.5
EGFR,MRM3,P00533,Q9HC36,U,low_plausibility,False,False,0,0,0,0,0,0,0,0,0,0,0,0,0,0,0,0,0,0,0.5
EGFR,MCCC2,P00533,Q9HCC0,U,low_plausibility,False,False,0,0,0,0,0,0,0,0,44,46,44,46,0,0,0,0,1,44,0.4891304347826087
EGFR,TMLHE,P00533,Q9NVH6,U,low_plausibility,False,False,0,0,0,0,0,0,0,0,0,0,0,0,0,0,0,0,0,0,0.5
EGFR,RMND1,P00533,Q9NWS8,U,low_plausibility,False,False,0,0,0,0,0,0,0,0,0,0,0,0,0,0,0,0,0,0,0.5
EGFR,CDKN2AIP,P00533,Q9NXV6,U,low_plausibility,False,False,0,0,0,0,0,0,0,0,0,0,0,0,0,0,0,0,0,0,0.5
EGFR,PIPOX,P00533,Q9P0Z9,U,low_plausibility,False,False,0,0,0,0,0,0,0,0,3,2,3,2,0,0,0,0,1,3,0.5714285714285714
EGFR,SUCLA2,P00533,Q9P2R7,U,low_plausibility,False,False,0,0,0,0,0,0,0,0,48,44,48,44,0,0,0,0,1,48,0.5212765957446809
EGFR,WARS2,P00533,Q9UGM6,U,low_plausibility,False,False,0,0,0,0,0,0,0,0,0,0,0,0,6,3,6,3,0,0,0.5
EGFR,PARP2,P00533,Q9UGN5,U,low_plausibility,False,False,0,0,0,0,0,0,0,0,32,26,32,26,0,0,0,0,1,32,0.55
EGFR,POLL,P00533,Q9UGP5,U,low_plausibility,False,False,0,0,0,0,0,0,0,0,0,0,0,0,0,0,0,0,0,0,0.5
EGFR,MTF2,P00533,Q9Y483,U,low_plausibility,False,False,0,0,0,0,0,0,0,0,0,0,0,0,0,0,0,0,0,0,0.5
EGFR,POLRMT,P00533,O00411,U,low_plausibility,False,False,0,0,0,0,0,0,0,0,0,0,0,0,45,31,45,31,0,0,0.5
EGFR,NVL,P00533,O15381,U,low_plausibility,False,False,0,0,0,0,0,0,0,0,36,58,36,58,0,0,0,0,1,36,0.3854166666666667
EGFR,PCCA,P00533,P05165,U,low_plausibility,False,False,0,0,0,0,0,0,0,0,30,23,30,23,0,0,0,0,1,30,0.5636363636363636
EGFR,PC,P00533,P11498,U,low_plausibility,False,False,0,0,0,0,0,0,0,0,38,45,38,45,0,0,0,0,1,38,0.4588235294117647
EGFR,MSH2,P00533,P43246,U,low_plausibility,False,False,0,0,0,0,0,0,0,0,69,75,69,75,0,0,0,0,1,69,0.4794520547945205
EGFR,HSD17B4,P00533,P51659,U,low_plausibility,False,False,0,0,0,0,0,0,0,0,0,0,0,0,0,0,0,0,0,0,0.5
EGFR,POLG,P00533,P54098,U,low_plausibility,False,False,0,0,0,0,0,0,0,0,32,28,32,28,0,0,0,0,1,32,0.532258064516129
EGFR,ALDH18A1,P00533,P54886,U,low_plausibility,False,False,0,0,0,0,0,0,0,0,0,0,0,0,0,0,0,0,0,0,0.5
EGFR,NOP14,P00533,P78316,U,low_plausibility,False,False,0,0,0,0,0,0,0,0,0,0,0,0,22,20,22,20,0,0,0.5
EGFR,RBM10,P00533,P98175,U,low_plausibility,False,False,0,0,0,0,0,0,0,0,70,59,70,59,0,0,0,0,1,70,0.5419847328244275
EGFR,EHHADH,P00533,Q08426,U,low_plausibility,False,False,0,0,0,0,0,0,0,0,64,53,64,53,0,0,0,0,1,64,0.5462184873949579
EGFR,TRAP1,P00533,Q12931,U,low_plausibility,False,False,0,0,0,0,0,0,0,0,0,0,0,0,86,67,86,67,0,0,0.5
EGFR,SF3B2,P00533,Q13435,U,low_plausibility,False,False,0,0,0,0,0,0,0,0,111,119,111,119,0,0,0,0,1,111,0.4827586206896552
EGFR,SPIDR,P00533,Q14159,U,low_plausibility,False,False,0,0,0,0,0,0,0,0,0,0,0,0,0,0,0,0,0,0,0.5
EGFR,ALDH1L2,P00533,Q3SY69,U,low_plausibility,False,False,0,0,0,0,0,0,0,0,0,0,0,0,6,3,6,3,0,0,0.5
EGFR,NOM1,P00533,Q5C9Z4,U,low_plausibility,False,False,0,0,0,0,0,0,0,0,29,33,29,33,0,0,0,0,1,29,0.46875
EGFR,PITRM1,P00533,Q5JRX3,U,low_plausibility,False,False,0,0,0,0,0,0,0,0,17,29,17,29,0,0,0,0,1,17,0.375
EGFR,AARS2,P00533,Q5JTZ9,U,low_plausibility,False,False,0,0,0,0,0,0,0,0,92,65,92,65,0,0,0,0,1,92,0.5849056603773585
EGFR,SFMBT2,P00533,Q5VUG0,U,low_plausibility,False,False,0,0,0,0,0,0,0,0,0,0,0,0,0,0,0,0,0,0,0.5
EGFR,RADX,P00533,Q6NSI4,U,low_plausibility,False,False,0,0,0,0,0,0,0,0,0,0,0,0,0,0,0,0,0,0,0.5
EGFR,MTHFD1L,P00533,Q6UB35,U,low_plausibility,False,False,0,0,0,0,0,0,0,0,37,33,37,33,0,0,0,0,1,37,0.5277777777777778
EGFR,MCM10,P00533,Q7L590,U,low_plausibility,False,False,0,0,0,0,0,0,0,0,35,28,35,28,0,0,0,0,1,35,0.5538461538461539
EGFR,POLN,P00533,Q7Z5Q5,U,low_plausibility,False,False,0,0,0,0,0,0,0,0,0,0,0,0,0,0,0,0,0,0,0.5
EGFR,LONP2,P00533,Q86WA8,U,low_plausibility,False,False,0,0,0,0,0,0,0,0,19,23,19,23,0,0,0,0,1,19,0.45454545454545453
EGFR,FBXO11,P00533,Q86XK2,U,low_plausibility,False,False,0,0,0,0,0,0,0,0,34,31,34,31,0,0,0,0,1,34,0.5223880597014925
EGFR,NPAS3,P00533,Q8IXF0,U,low_plausibility,False,False,0,0,0,0,0,0,0,0,0,0,0,0,0,0,0,0,0,0,0.5
EGFR,PHC2,P00533,Q8IXK0,U,low_plausibility,False,False,0,0,0,0,0,0,0,0,0,0,0,0,0,0,0,0,0,0,0.5
EGFR,SRRM1,P00533,Q8IYB3,U,low_plausibility,False,False,0,0,0,0,0,0,0,0,0,0,0,0,36,32,36,32,0,0,0.5
EGFR,RBM15B,P00533,Q8NDT2,U,low_plausibility,False,False,0,0,0,0,0,0,0,0,28,27,28,27,0,0,0,0,1,28,0.5087719298245614
EGFR,PHC3,P00533,Q8NDX5,U,low_plausibility,False,False,0,0,0,0,0,0,0,0,0,0,0,0,0,0,0,0,0,0,0.5
EGFR,ZNF473,P00533,Q8WTR7,U,low_plausibility,False,False,0,0,0,0,0,0,0,0,0,0,0,0,0,0,0,0,0,0,0.5
EGFR,DHTKD1,P00533,Q96HY7,U,low_plausibility,False,False,0,0,0,0,0,0,0,0,13,7,13,7,0,0,0,0,1,13,0.6363636363636364
EGFR,ZNF512B,P00533,Q96KM6,U,low_plausibility,False,False,0,0,0,0,0,0,0,0,0,0,0,0,0,0,0,0,0,0,0.5
EGFR,PPP1R10,P00533,Q96QC0,U,low_plausibility,False,False,0,0,0,0,0,0,0,0,46,49,46,49,0,0,0,0,1,46,0.4845360824742268
EGFR,MCCC1,P00533,Q96RQ3,U,low_plausibility,False,False,0,0,0,0,0,0,0,0,49,46,49,46,0,0,0,0,1,49,0.5154639175257731
EGFR,RBBP8,P00533,Q99708,U,low_plausibility,False,False,0,0,0,0,0,0,0,0,0,0,0,0,0,0,0,0,0,0,0.5
EGFR,HNRNPUL1,P00533,Q9BUJ2,U,low_plausibility,False,False,0,0,0,0,0,0,0,0,0,0,0,0,0,0,0,0,0,0,0.5
EGFR,ZHX3,P00533,Q9H4I2,U,low_plausibility,False,False,0,0,0,0,0,0,0,0,0,0,0,0,9,5,9,5,0,0,0.5
EGFR,RBM12,P00533,Q9NTZ6,U,low_plausibility,False,False,0,0,0,0,0,0,0,0,25,16,25,16,0,0,0,0,1,25,0.6046511627906976
EGFR,SAGE1,P00533,Q9NXZ1,U,low_plausibility,False,False,0,0,0,0,0,0,0,0,0,0,0,0,0,0,0,0,0,0,0.5
EGFR,FASTKD2,P00533,Q9NYY8,U,low_plausibility,False,False,0,0,0,0,0,0,0,0,78,60,78,60,0,0,0,0,1,78,0.5642857142857143
EGFR,DNMT3B,P00533,Q9UBC3,U,low_plausibility,False,False,0,0,0,0,0,0,0,0,0,0,0,0,0,0,0,0,0,0,0.5
EGFR,POLK,P00533,Q9UBT6,U,low_plausibility,False,False,0,0,0,0,0,0,0,0,0,0,0,0,12,10,12,10,0,0,0.5
EGFR,SFMBT1,P00533,Q9UHJ3,U,low_plausibility,False,False,0,0,0,0,0,0,0,0,0,0,0,0,0,0,0,0,0,0,0.5
EGFR,ZHX1,P00533,Q9UKY1,U,low_plausibility,False,False,0,0,0,0,0,0,0,0,0,0,0,0,11,13,11,13,0,0,0.5
EGFR,WDR3,P00533,Q9UNX4,U,low_plausibility,False,False,0,0,0,0,0,0,0,0,27,40,27,40,0,0,0,0,1,27,0.4057971014492754
EGFR,EXO1,P00533,Q9UQ84,U,low_plausibility,False,False,0,0,0,0,0,0,0,0,0,0,0,0,0,0,0,0,0,0,0.5
EGFR,THRAP3,P00533,Q9Y2W1,U,low_plausibility,False,False,0,0,0,0,0,0,0,0,0,0,0,0,46,39,46,39,0,0,0.5
EGFR,ZNF281,P00533,Q9Y2X9,U,low_plausibility,False,False,0,0,0,0,0,0,0,0,0,0,0,0,0,0,0,0,0,0,0.5
EGFR,ZHX2,P00533,Q9Y6X8,U,low_plausibility,False,False,0,0,0,0,0,0,0,0,0,0,0,0,15,16,15,16,0,0,0.5
BCL2,BCL2L11,P10415,O43521,P,,True,False,0,0,0,0,33,39,33,39,0,0,0,0,21,22,21,22,0,0,0.5
BCL2,BAD,P10415,Q92934,P,,True,False,0,0,0,0,33,39,33,39,0,0,0,0,25,17,25,17,0,0,0.5
BCL2,BBC3,P10415,Q9BXH1,P,,True,False,0,0,0,0,33,39,33,39,0,0,0,0,7,4,7,4,0,0,0.5
BCL2,NIPSNAP1,P10415,Q9BPW8,U,context,False,False,0,0,0,0,33,39,33,39,0,0,0,0,0,0,0,0,0,0,0.5
BCL2,AKR1B15,P10415,C9JRZ8,U,context,False,False,0,0,0,0,33,39,33,39,0,0,0,0,0,0,0,0,0,0,0.5
BCL2,MRPS11,P10415,P82912,U,context,False,False,0,0,0,0,33,39,33,39,0,0,0,0,0,0,0,0,0,0,0.5
BCL2,MRRF,P10415,Q96E11,U,context,False,False,0,0,0,0,33,39,33,39,103,80,103,80,0,0,0,0,1,103,0.5621621621621622
BCL2,KLK6,P10415,Q92876,U,context,False,False,0,0,0,0,33,39,33,39,0,0,0,0,0,0,0,0,0,0,0.5
BCL2,RPS3,P10415,P23396,U,context,False,False,0,0,0,0,33,39,33,39,0,0,0,0,0,0,0,0,0,0,0.5
BCL2,MRPS12,P10415,O15235,U,context,False,False,0,0,0,0,33,39,33,39,0,0,0,0,0,0,0,0,0,0,0.5
BCL2,ECHDC2,P10415,Q86YB7,U,context,False,False,0,0,0,0,33,39,33,39,0,0,0,0,0,0,0,0,0,0,0.5
BCL2,CCN6,P10415,O95389,U,context,False,False,0,0,0,0,33,39,33,39,0,0,0,0,0,0,0,0,0,0,0.5
BCL2,NDUFA8,P10415,P51970,U,context,False,False,0,0,0,0,33,39,33,39,43,40,43,40,0,0,0,0,1,43,0.5176470588235295
BCL2,PPP3R2,P10415,Q96LZ3,U,context,False,False,0,0,0,0,33,39,33,39,0,0,0,0,0,0,0,0,0,0,0.5
BCL2,COQ10B,P10415,Q9H8M1,U,context,False,False,0,0,0,0,33,39,33,39,0,0,0,0,0,0,0,0,0,0,0.5
BCL2,PDHA2,P10415,P29803,U,context,False,False,0,0,0,0,33,39,33,39,0,0,0,0,0,0,0,0,0,0,0.5
BCL2,GADD45GIP1,P10415,Q8TAE8,U,context,False,False,0,0,0,0,33,39,33,39,0,0,0,0,0,0,0,0,0,0,0.5
BCL2,NUDT13,P10415,Q86X67,U,context,False,False,0,0,0,0,33,39,33,39,7,4,7,4,0,0,0,0,1,7,0.6153846153846154
BCL2,NDUFAB1,P10415,O14561,U,context,False,False,0,0,0,0,33,39,33,39,0,0,0,0,61,60,61,60,0,0,0.5
BCL2,TACO1,P10415,Q9BSH4,U,context,False,False,0,0,0,0,33,39,33,39,0,0,0,0,86,74,86,74,0,0,0.5
BCL2,MSRB2,P10415,Q9Y3D2,U,context,False,False,0,0,0,0,33,39,33,39,0,0,0,0,0,0,0,0,0,0,0.5
BCL2,PFDN4,P10415,Q9NQP4,U,context,False,False,0,0,0,0,33,39,33,39,49,48,49,48,0,0,0,0,1,49,0.5050505050505051
BCL2,SIRT4,P10415,Q9Y6E7,U,context,False,False,0,0,0,0,33,39,33,39,0,0,0,0,0,0,0,0,0,0,0.5
BCL2,DUT,P10415,P33316,U,context,False,False,0,0,0,0,33,39,33,39,37,40,37,40,0,0,0,0,1,37,0.4810126582278481
BCL2,MRPS34,P10415,P82930,U,context,False,False,0,0,0,0,33,39,33,39,0,0,0,0,0,0,0,0,0,0,0.5
BCL2,MPG,P10415,P29372,U,context,False,False,0,0,0,0,33,39,33,39,30,32,30,32,0,0,0,0,1,30,0.484375
BCL2,RIDA,P10415,P52758,U,context,False,False,0,0,0,0,33,39,33,39,0,0,0,0,0,0,0,0,0,0,0.5
BCL2,PARK7,P10415,Q99497,U,context,False,False,0,0,0,0,33,39,33,39,0,0,0,0,0,0,0,0,0,0,0.5
BCL2,RBFA,P10415,Q8N0V3,U,context,False,False,0,0,0,0,33,39,33,39,0,0,0,0,0,0,0,0,0,0,0.5
BCL2,PUSL1,P10415,Q8N0Z8,U,context,False,False,0,0,0,0,33,39,33,39,0,0,0,0,9,15,9,15,0,0,0.5
BCL2,MRPL1,P10415,Q9BYD6,U,context,False,False,0,0,0,0,33,39,33,39,0,0,0,0,0,0,0,0,0,0,0.5
BCL2,COQ7,P10415,Q99807,U,context,False,False,0,0,0,0,33,39,33,39,15,16,15,16,0,0,0,0,1,15,0.48484848484848486
BCL2,RPUSD3,P10415,Q6P087,U,context,False,False,0,0,0,0,33,39,33,39,0,0,0,0,45,30,45,30,0,0,0.5
BCL2,MRPS31,P10415,Q92665,U,context,False,False,0,0,0,0,33,39,33,39,0,0,0,0,0,0,0,0,0,0,0.5
BCL2,TRUB2,P10415,O95900,U,context,False,False,0,0,0,0,33,39,33,39,114,90,114,90,0,0,0,0,1,114,0.558252427184466
BCL2,SLIRP,P10415,Q9GZT3,U,context,False,False,0,0,0,0,33,39,33,39,109,93,109,93,0,0,0,0,1,109,0.5392156862745098
BCL2,IBA57,P10415,Q5T440,U,context,False,False,0,0,0,0,33,39,33,39,23,24,23,24,0,0,0,0,1,23,0.4897959183673469
BCL2,RAB32,P10415,Q13637,U,context,False,False,0,0,0,0,33,39,33,39,12,30,12,30,0,0,0,0,1,12,0.29545454545454547
BCL2,NDUFA2,P10415,O43678,U,context,False,False,0,0,0,0,33,39,33,39,48,40,48,40,0,0,0,0,1,48,0.5444444444444444
BCL2,MRPL36,P10415,Q9P0J6,U,context,False,False,0,0,0,0,33,39,33,39,1,4,1,4,0,0,0,0,1,1,0.2857142857142857
BCL2,MTHFD2,P10415,P13995,U,context,False,False,0,0,0,0,33,39,33,39,25,20,25,20,0,0,0,0,1,25,0.5531914893617021
BCL2,ATPAF1,P10415,Q5TC12,U,context,False,False,0,0,0,0,33,39,33,39,34,30,34,30,0,0,0,0,1,34,0.5303030303030303
BCL2,UBB,P10415,P0CG47,U,context,False,False,0,0,0,0,33,39,33,39,0,0,0,0,79,63,79,63,0,0,0.5
BCL2,GSTP1,P10415,P09211,U,context,False,False,0,0,0,0,33,39,33,39,0,0,0,0,29,25,29,25,0,0,0.5
BCL2,PFDN2,P10415,Q9UHV9,U,context,False,False,0,0,0,0,33,39,33,39,80,76,80,76,0,0,0,0,1,80,0.5126582278481012
BCL2,NDUFS4,P10415,O43181,U,context,False,False,0,0,0,0,33,39,33,39,0,0,0,0,44,47,44,47,0,0,0.5
BCL2,ATCAY,P10415,Q86WG3,U,context,False,False,0,0,0,0,33,39,33,39,0,0,0,0,0,0,0,0,0,0,0.5
BCL2,ALKBH1,P10415,Q13686,U,context,False,False,0,0,0,0,33,39,33,39,0,0,0,0,0,0,0,0,0,0,0.5
BCL2,TYMS,P10415,P04818,U,context,False,False,0,0,0,0,33,39,33,39,0,0,0,0,9,11,9,11,0,0,0.5
BCL2,CCDC127,P10415,Q96BQ5,U,context,False,False,0,0,0,0,33,39,33,39,6,3,6,3,0,0,0,0,1,6,0.6363636363636364
BCL2,CHCHD6,P10415,Q9BRQ6,U,context,False,False,0,0,0,0,33,39,33,39,0,0,0,0,0,0,0,0,0,0,0.5
BCL2,DDAH2,P10415,O95865,U,context,False,False,0,0,0,0,33,39,33,39,0,0,0,0,0,0,0,0,0,0,0.5
BCL2,MRPS24,P10415,Q96EL2,U,context,False,False,0,0,0,0,33,39,33,39,0,0,0,0,0,0,0,0,0,0,0.5
BCL2,ANP32B,P10415,Q92688,U,background,False,False,0,0,0,0,33,39,33,39,0,0,0,0,0,0,0,0,0,0,0.5
BCL2,UTP11,P10415,Q9Y3A2,U,background,False,False,0,0,0,0,33,39,33,39,17,14,17,14,0,0,0,0,1,17,0.5454545454545454
BCL2,GUCA2B,P10415,Q16661,U,background,False,False,0,0,0,0,33,39,33,39,0,0,0,0,1,1,1,1,0,0,0.5
BCL2,CD82,P10415,P27701,U,background,False,False,0,0,0,0,33,39,33,39,13,8,13,8,0,0,0,0,1,13,0.6086956521739131
BCL2,TGIF2LY,P10415,Q8IUE0,U,background,False,False,0,0,0,0,33,39,33,39,0,0,0,0,0,0,0,0,0,0,0.5
BCL2,C9orf78,P10415,Q9NZ63,U,background,False,False,0,0,0,0,33,39,33,39,0,0,0,0,0,0,0,0,0,0,0.5
BCL2,UBE2QL1,P10415,A1L167,U,background,False,False,0,0,0,0,33,39,33,39,0,0,0,0,0,0,0,0,0,0,0.5
BCL2,SIAH3,P10415,Q8IW03,U,background,False,False,0,0,0,0,33,39,33,39,0,0,0,0,0,0,0,0,0,0,0.5
BCL2,CMTM3,P10415,Q96MX0,U,background,False,False,0,0,0,0,33,39,33,39,0,0,0,0,0,0,0,0,0,0,0.5
BCL2,PARD6A,P10415,Q9NPB6,U,background,False,False,0,0,0,0,33,39,33,39,0,0,0,0,0,0,0,0,0,0,0.5
BCL2,ELAC1,P10415,Q9H777,U,background,False,False,0,0,0,0,33,39,33,39,0,0,0,0,0,0,0,0,0,0,0.5
BCL2,LYZL4,P10415,Q96KX0,U,background,False,False,0,0,0,0,33,39,33,39,0,0,0,0,0,0,0,0,0,0,0.5
BCL2,METTL1,P10415,Q9UBP6,U,background,False,False,0,0,0,0,33,39,33,39,0,0,0,0,9,6,9,6,0,0,0.5
BCL2,RFPL4AL1,P10415,F8VTS6,U,background,False,False,0,0,0,0,33,39,33,39,0,0,0,0,0,0,0,0,0,0,0.5
BCL2,SPAG7,P10415,O75391,U,background,False,False,0,0,0,0,33,39,33,39,0,0,0,0,0,0,0,0,0,0,0.5
BCL2,CRYGC,P10415,P07315,U,background,False,False,0,0,0,0,33,39,33,39,0,0,0,0,0,0,0,0,0,0,0.5
BCL2,TM2D2,P10415,Q9BX73,U,background,False,False,0,0,0,0,33,39,33,39,0,0,0,0,5,5,5,5,0,0,0.5
BCL2,LAPTM5,P10415,Q13571,U,background,False,False,0,0,0,0,33,39,33,39,0,0,0,0,8,7,8,7,0,0,0.5
BCL2,KRTAP10-3,P10415,P60369,U,background,False,False,0,0,0,0,33,39,33,39,0,0,0,0,0,0,0,0,0,0,0.5
BCL2,TIPIN,P10415,Q9BVW5,U,background,False,False,0,0,0,0,33,39,33,39,0,0,0,0,0,0,0,0,0,0,0.5
BCL2,PSTK,P10415,Q8IV42,U,background,False,False,0,0,0,0,33,39,33,39,0,0,0,0,0,0,0,0,0,0,0.5
BCL2,TDP2,P10415,O95551,U,background,False,False,0,0,0,0,33,39,33,39,0,0,0,0,10,11,10,11,0,0,0.5
BCL2,NCR3,P10415,O14931,U,background,False,False,0,0,0,0,33,39,33,39,0,0,0,0,42,41,42,41,0,0,0.5
BCL2,CEBPE,P10415,Q15744,U,background,False,False,0,0,0,0,33,39,33,39,12,12,12,12,0,0,0,0,1,12,0.5
BCL2,TPK1,P10415,Q9H3S4,U,background,False,False,0,0,0,0,33,39,33,39,0,0,0,0,6,11,6,11,0,0,0.5
BCL2,DTWD1,P10415,Q8N5C7,U,background,False,False,0,0,0,0,33,39,33,39,0,0,0,0,0,0,0,0,0,0,0.5
BCL2,PRSS57,P10415,Q6UWY2,U,background,False,False,0,0,0,0,33,39,33,39,0,0,0,0,0,0,0,0,0,0,0.5
BCL2,CBX3,P10415,Q13185,U,background,False,False,0,0,0,0,33,39,33,39,0,0,0,0,0,0,0,0,0,0,0.5
BCL2,ARC,P10415,Q7LC44,U,background,False,False,0,0,0,0,33,39,33,39,6,12,6,12,0,0,0,0,1,6,0.35
BCL2,IGLV5-45,P10415,A0A087WSX0,U,background,False,False,0,0,0,0,33,39,33,39,0,0,0,0,0,0,0,0,0,0,0.5
BCL2,NIPAL2,P10415,Q9H841,U,background,False,False,0,0,0,0,33,39,33,39,0,0,0,0,0,0,0,0,0,0,0.5
BCL2,AIM2,P10415,O14862,U,background,False,False,0,0,0,0,33,39,33,39,34,29,34,29,0,0,0,0,1,34,0.5384615384615384
BCL2,VASP,P10415,P50552,U,background,False,False,0,0,0,0,33,39,33,39,0,0,0,0,0,0,0,0,0,0,0.5
BCL2,SNRPD2,P10415,P62316,U,background,False,False,0,0,0,0,33,39,33,39,98,111,98,111,0,0,0,0,1,98,0.46919431279620855
BCL2,EURL,P10415,Q9NYK6,U,background,False,False,0,0,0,0,33,39,33,39,0,0,0,0,1,3,1,3,0,0,0.5
BCL2,HSF2BP,P10415,O75031,U,background,False,False,0,0,0,0,33,39,33,39,111,99,111,99,0,0,0,0,1,111,0.5283018867924528
BCL2,NAPA,P10415,P54920,U,background,False,False,0,0,0,0,33,39,33,39,0,0,0,0,0,0,0,0,0,0,0.5
BCL2,EIF5AL1,P10415,Q6IS14,U,background,False,False,0,0,0,0,33,39,33,39,0,0,0,0,0,0,0,0,0,0,0.5
BCL2,DNASE2,P10415,O00115,U,background,False,False,0,0,0,0,33,39,33,39,0,0,0,0,4,0,4,0,0,0,0.5
BCL2,APOA2,P10415,P02652,U,background,False,False,0,0,0,0,33,39,33,39,19,19,19,19,0,0,0,0,1,19,0.5
BCL2,MEOX2,P10415,P50222,U,background,True,False,0,0,0,0,33,39,33,39,0,0,0,0,112,127,112,127,0,0,0.5
BCL2,PDLIM4,P10415,P50479,U,background,False,False,0,0,0,0,33,39,33,39,0,0,0,0,0,0,0,0,0,0,0.5
BCL2,RCN2,P10415,Q14257,U,background,False,False,0,0,0,0,33,39,33,39,0,0,0,0,45,38,45,38,0,0,0.5
BCL2,POLR2D,P10415,O15514,U,background,False,False,0,0,0,0,33,39,33,39,0,0,0,0,0,0,0,0,0,0,0.5
BCL2,GPD1L,P10415,Q8N335,U,background,False,False,0,0,0,0,33,39,33,39,0,0,0,0,0,0,0,0,0,0,0.5
BCL2,EIF1AD,P10415,Q8N9N8,U,background,False,False,0,0,0,0,33,39,33,39,30,22,30,22,0,0,0,0,1,30,0.5740740740740741
BCL2,CHAC2,P10415,Q8WUX2,U,background,False,False,0,0,0,0,33,39,33,39,0,0,0,0,0,0,0,0,0,0,0.5
BCL2,KLF6,P10415,Q99612,U,background,False,False,0,0,0,0,33,39,33,39,0,0,0,0,0,0,0,0,0,0,0.5
BCL2,CFAP68,P10415,Q9H5F2,U,background,False,False,0,0,0,0,33,39,33,39,0,0,0,0,9,7,9,7,0,0,0.5
BCL2,TMEM178B,P10415,H3BS89,U,background,False,False,0,0,0,0,33,39,33,39,0,0,0,0,0,0,0,0,0,0,0.5
BCL2,RAB40AL,P10415,P0C0E4,U,context,False,False,0,0,0,0,33,39,33,39,0,0,0,0,0,0,0,0,0,0,0.5
BCL2,METAP1D,P10415,Q6UB28,U,context,False,False,0,0,0,0,33,39,33,39,0,0,0,0,0,0,0,0,0,0,0.5
BCL2,MRPL10,P10415,Q7Z7H8,U,context,False,False,0,0,0,0,33,39,33,39,0,0,0,0,0,0,0,0,0,0,0.5
BCL2,HMGCL,P10415,P35914,U,context,False,False,0,0,0,0,33,39,33,39,0,0,0,0,0,0,0,0,0,0,0.5
BCL2,MRPL55,P10415,Q7Z7F7,U,context,False,False,0,0,0,0,33,39,33,39,0,0,0,0,30,15,30,15,0,0,0.5
BCL2,MRPL46,P10415,Q9H2W6,U,context,False,False,0,0,0,0,33,39,33,39,49,37,49,37,0,0,0,0,1,49,0.5681818181818182
BCL2,MRPL24,P10415,Q96A35,U,context,True,False,0,0,0,0,33,39,33,39,0,0,0,0,53,44,53,44,0,0,0.5
BCL2,TFAM,P10415,Q00059,U,context,False,False,0,0,0,0,33,39,33,39,123,107,123,107,0,0,0,0,1,123,0.5344827586206896
BCL2,COQ4,P10415,Q9Y3A0,U,context,False,False,0,0,0,0,33,39,33,39,0,0,0,0,0,0,0,0,0,0,0.5
BCL2,GPX1,P10415,P07203,U,context,False,False,0,0,0,0,33,39,33,39,0,0,0,0,0,0,0,0,0,0,0.5
BCL2,NME6,P10415,O75414,U,context,False,False,0,0,0,0,33,39,33,39,0,0,0,0,0,0,0,0,0,0,0.5
BCL2,TANGO2,P10415,Q6ICL3,U,context,False,False,0,0,0,0,33,39,33,39,0,0,0,0,0,0,0,0,0,0,0.5
BCL2,METTL8,P10415,Q9H825,U,context,False,False,0,0,0,0,33,39,33,39,0,0,0,0,0,0,0,0,0,0,0.5
BCL2,DGUOK,P10415,Q16854,U,context,False,False,0,0,0,0,33,39,33,39,0,0,0,0,12,7,12,7,0,0,0.5
BCL2,LDHB,P10415,P07195,U,context,False,False,0,0,0,0,33,39,33,39,0,0,0,0,0,0,0,0,0,0,0.5
BCL2,OPA3,P10415,Q9H6K4,U,context,False,False,0,0,0,0,33,39,33,39,0,0,0,0,0,0,0,0,0,0,0.5
BCL2,ATP5MG,P10415,O75964,U,context,False,False,0,0,0,0,33,39,33,39,0,0,0,0,0,0,0,0,0,0,0.5
BCL2,MTIF3,P10415,Q9H2K0,U,context,False,False,0,0,0,0,33,39,33,39,0,0,0,0,0,0,0,0,0,0,0.5
BCL2,MRPL35,P10415,Q9NZE8,U,context,False,False,0,0,0,0,33,39,33,39,0,0,0,0,23,17,23,17,0,0,0.5
BCL2,CHCHD2,P10415,Q9Y6H1,U,context,False,False,0,0,0,0,33,39,33,39,82,72,82,72,0,0,0,0,1,82,0.532051282051282
BCL2,NIPSNAP2,P10415,O75323,U,context,False,False,0,0,0,0,33,39,33,39,51,40,51,40,0,0,0,0,1,51,0.5591397849462365
BCL2,CISD3,P10415,P0C7P0,U,context,False,False,0,0,0,0,33,39,33,39,0,0,0,0,0,0,0,0,0,0,0.5
BCL2,NDUFS7,P10415,O75251,U,context,False,False,0,0,0,0,33,39,33,39,0,0,0,0,0,0,0,0,0,0,0.5
BCL2,HOGA1,P10415,Q86XE5,U,context,False,False,0,0,0,0,33,39,33,39,0,0,0,0,0,0,0,0,0,0,0.5
BCL2,TIMM10,P10415,P62072,U,context,False,False,0,0,0,0,33,39,33,39,0,0,0,0,0,0,0,0,0,0,0.5
BCL2,PYURF,P10415,Q96I23,U,context,False,False,0,0,0,0,33,39,33,39,0,0,0,0,0,0,0,0,0,0,0.5
BCL2,NDUFV2,P10415,P19404,U,context,False,False,0,0,0,0,33,39,33,39,0,0,0,0,0,0,0,0,0,0,0.5
BCL2,CHCHD5,P10415,Q9BSY4,U,context,False,False,0,0,0,0,33,39,33,39,1,2,1,2,0,0,0,0,1,1,0.4
BCL2,NGB,P10415,Q9NPG2,U,context,False,False,0,0,0,0,33,39,33,39,37,44,37,44,0,0,0,0,1,37,0.4578313253012048
BCL2,MTG1,P10415,Q9BT17,U,context,False,False,0,0,0,0,33,39,33,39,46,28,46,28,0,0,0,0,1,46,0.618421052631579
BCL2,LYRM4,P10415,Q9HD34,U,context,False,False,0,0,0,0,33,39,33,39,0,0,0,0,0,0,0,0,0,0,0.5
BCL2,NDUFA7,P10415,O95182,U,context,False,False,0,0,0,0,33,39,33,39,0,0,0,0,0,0,0,0,0,0,0.5
BCL2,NENF,P10415,Q9UMX5,U,context,False,False,0,0,0,0,33,39,33,39,0,0,0,0,20,20,20,20,0,0,0.5
BCL2,STYXL1,P10415,Q9Y6J8,U,context,False,False,0,0,0,0,33,39,33,39,0,0,0,0,4,7,4,7,0,0,0.5
BCL2,COX6B2,P10415,Q6YFQ2,U,context,False,False,0,0,0,0,33,39,33,39,0,0,0,0,0,0,0,0,0,0,0.5
BCL2,EFHD1,P10415,Q9BUP0,U,context,False,False,0,0,0,0,33,39,33,39,0,0,0,0,0,0,0,0,0,0,0.5
BCL2,MRPS25,P10415,P82663,U,context,False,False,0,0,0,0,33,39,33,39,0,0,0,0,53,44,53,44,0,0,0.5
BCL2,CA5B,P10415,Q9Y2D0,U,context,False,False,0,0,0,0,33,39,33,39,0,0,0,0,0,0,0,0,0,0,0.5
BCL2,MRPS18A,P10415,Q9NVS2,U,context,False,False,0,0,0,0,33,39,33,39,0,0,0,0,36,30,36,30,0,0,0.5
BCL2,MRPS35,P10415,P82673,U,context,False,False,0,0,0,0,33,39,33,39,0,0,0,0,63,38,63,38,0,0,0.5
BCL2,PRDX3,P10415,P30048,U,context,False,False,0,0,0,0,33,39,33,39,0,0,0,0,0,0,0,0,0,0,0.5
BCL2,ARL2BP,P10415,Q9Y2Y0,U,context,False,False,0,0,0,0,33,39,33,39,0,0,0,0,0,0,0,0,0,0,0.5
BCL2,ATP5IF1,P10415,Q9UII2,U,context,False,False,0,0,0,0,33,39,33,39,42,31,42,31,0,0,0,0,1,42,0.5733333333333334
BCL2,NIT1,P10415,Q86X76,U,context,False,False,0,0,0,0,33,39,33,39,0,0,0,0,39,31,39,31,0,0,0.5
BCL2,MRPL32,P10415,Q9BYC8,U,context,False,False,0,0,0,0,33,39,33,39,0,0,0,0,0,0,0,0,0,0,0.5
BCL2,ARL2,P10415,P36404,U,context,False,False,0,0,0,0,33,39,33,39,0,0,0,0,0,0,0,0,0,0,0.5
BCL2,DCTPP1,P10415,Q9H773,U,context,False,False,0,0,0,0,33,39,33,39,15,13,15,13,0,0,0,0,1,15,0.5333333333333333
BCL2,HSD17B8,P10415,Q92506,U,context,False,False,0,0,0,0,33,39,33,39,0,0,0,0,0,0,0,0,0,0,0.5
BCL2,ETFB,P10415,P38117,U,context,False,False,0,0,0,0,33,39,33,39,0,0,0,0,0,0,0,0,0,0,0.5
BCL2,MRPL28,P10415,Q13084,U,context,False,False,0,0,0,0,33,39,33,39,59,54,59,54,0,0,0,0,1,59,0.5217391304347826
BCL2,RBM7,P10415,Q9Y580,U,background,False,False,0,0,0,0,33,39,33,39,35,50,35,50,0,0,0,0,1,35,0.41379310344827586
BCL2,RAB40A,P10415,Q8WXH6,U,background,False,False,0,0,0,0,33,39,33,39,0,0,0,0,0,0,0,0,0,0,0.5
BCL2,DPH5,P10415,Q9H2P9,U,background,False,False,0,0,0,0,33,39,33,39,0,0,0,0,0,0,0,0,0,0,0.5
BCL2,RSRP1,P10415,Q9BUV0,U,background,False,False,0,0,0,0,33,39,33,39,0,0,0,0,0,0,0,0,0,0,0.5
BCL2,RWDD2A,P10415,Q9UIY3,U,background,False,False,0,0,0,0,33,39,33,39,0,0,0,0,0,0,0,0,0,0,0.5
BCL2,GRAP2,P10415,O75791,U,background,False,False,0,0,0,0,33,39,33,39,43,46,43,46,0,0,0,0,1,43,0.4835164835164835
BCL2,SLC39A1,P10415,Q9NY26,U,background,False,False,0,0,0,0,33,39,33,39,0,0,0,0,9,8,9,8,0,0,0.5
BCL2,ZFAND2A,P10415,Q8N6M9,U,background,False,False,0,0,0,0,33,39,33,39,0,0,0,0,0,0,0,0,0,0,0.5
BCL2,CEP20,P10415,Q96NB1,U,background,False,False,0,0,0,0,33,39,33,39,0,0,0,0,0,0,0,0,0,0,0.5
BCL2,GSX1,P10415,Q9H4S2,U,background,False,False,0,0,0,0,33,39,33,39,0,0,0,0,12,21,12,21,0,0,0.5
BCL2,C1GALT1C1L,P10415,P0DN25,U,background,False,False,0,0,0,0,33,39,33,39,0,0,0,0,0,0,0,0,0,0,0.5
BCL2,ETFRF1,P10415,Q6IPR1,U,background,False,False,0,0,0,0,33,39,33,39,0,0,0,0,0,0,0,0,0,0,0.5
BCL2,HAND1,P10415,O96004,U,background,False,False,0,0,0,0,33,39,33,39,0,0,0,0,0,0,0,0,0,0,0.5
BCL2,GJD2,P10415,Q9UKL4,U,background,False,False,0,0,0,0,33,39,33,39,0,0,0,0,0,0,0,0,0,0,0.5
BCL2,DNAJC9,P10415,Q8WXX5,U,background,False,False,0,0,0,0,33,39,33,39,0,0,0,0,0,0,0,0,0,0,0.5
BCL2,NRN1,P10415,Q9NPD7,U,background,False,False,0,0,0,0,33,39,33,39,0,0,0,0,0,0,0,0,0,0,0.5
BCL2,CFAP20,P10415,Q9Y6A4,U,background,False,False,0,0,0,0,33,39,33,39,0,0,0,0,0,0,0,0,0,0,0.5
BCL2,RACK1,P10415,P63244,U,background,False,False,0,0,0,0,33,39,33,39,0,0,0,0,0,0,0,0,0,0,0.5
BCL2,VHL,P10415,P40337,U,background,False,False,0,0,0,0,33,39,33,39,0,0,0,0,99,99,99,99,0,0,0.5
BCL2,RHOA,P10415,P61586,U,background,False,False,0,0,0,0,33,39,33,39,0,0,0,0,0,0,0,0,0,0,0.5
BCL2,TRAV5,P10415,A0A0B4J249,U,background,False,False,0,0,0,0,33,39,33,39,0,0,0,0,0,0,0,0,0,0,0.5
BCL2,C1orf74,P10415,Q96LT6,U,background,False,False,0,0,0,0,33,39,33,39,0,0,0,0,3,2,3,2,0,0,0.5
BCL2,TAC4,P10415,Q86UU9,U,background,False,False,0,0,0,0,33,39,33,39,0,0,0,0,0,0,0,0,0,0,0.5
BCL2,HLA-DRB4,P10415,P13762,U,background,False,False,0,0,0,0,33,39,33,39,0,0,0,0,0,0,0,0,0,0,0.5
BCL2,FDX1,P10415,P10109,U,background,False,False,0,0,0,0,33,39,33,39,0,0,0,0,0,0,0,0,0,0,0.5
BCL2,SPATA4,P10415,Q8NEY3,U,background,False,False,0,0,0,0,33,39,33,39,0,4,0,4,0,0,0,0,1,0,0.16666666666666666
BCL2,APOBEC1,P10415,P41238,U,background,False,False,0,0,0,0,33,39,33,39,0,0,0,0,2,0,2,0,0,0,0.5
BCL2,ERG28,P10415,Q9UKR5,U,background,False,False,0,0,0,0,33,39,33,39,0,0,0,0,0,0,0,0,0,0,0.5
BCL2,RAMP1,P10415,O60894,U,background,False,False,0,0,0,0,33,39,33,39,10,9,10,9,0,0,0,0,1,10,0.5238095238095238
BCL2,GATD1,P10415,Q8NB37,U,background,False,False,0,0,0,0,33,39,33,39,0,0,0,0,0,0,0,0,0,0,0.5
BCL2,OR7D4,P10415,Q8NG98,U,background,False,False,0,0,0,0,33,39,33,39,0,0,0,0,0,0,0,0,0,0,0.5
BCL2,GPX4,P10415,P36969,U,background,False,False,0,0,0,0,33,39,33,39,0,0,0,0,0,0,0,0,0,0,0.5
BCL2,DUSP26,P10415,Q9BV47,U,background,False,False,0,0,0,0,33,39,33,39,0,0,0,0,10,15,10,15,0,0,0.5
BCL2,RIMOC1,P10415,A6NDU8,U,background,False,False,0,0,0,0,33,39,33,39,0,0,0,0,0,0,0,0,0,0,0.5
BCL2,CBLN1,P10415,P23435,U,background,False,False,0,0,0,0,33,39,33,39,0,0,0,0,0,0,0,0,0,0,0.5
BCL2,RAB21,P10415,Q9UL25,U,background,False,False,0,0,0,0,33,39,33,39,19,28,19,28,0,0,0,0,1,19,0.40816326530612246
BCL2,OCIAD1,P10415,Q9NX40,U,background,False,False,0,0,0,0,33,39,33,39,0,0,0,0,90,81,90,81,0,0,0.5
BCL2,MCEE,P10415,Q96PE7,U,background,False,False,0,0,0,0,33,39,33,39,0,0,0,0,2,2,2,2,0,0,0.5
BCL2,RNASEH2C,P10415,Q8TDP1,U,background,False,False,0,0,0,0,33,39,33,39,0,0,0,0,4,6,4,6,0,0,0.5
BCL2,PEX39,P10415,Q5I0X4,U,background,False,False,0,0,0,0,33,39,33,39,5,3,5,3,0,0,0,0,1,5,0.6
BCL2,VAX2,P10415,Q9UIW0,U,background,False,False,0,0,0,0,33,39,33,39,0,0,0,0,0,0,0,0,0,0,0.5
BCL2,POLR2J3,P10415,Q9H1A7,U,background,False,False,0,0,0,0,33,39,33,39,0,0,0,0,0,0,0,0,0,0,0.5
BCL2,ALX1,P10415,Q15699,U,background,False,False,0,0,0,0,33,39,33,39,0,0,0,0,0,0,0,0,0,0,0.5
BCL2,LY6D,P10415,Q14210,U,background,False,False,0,0,0,0,33,39,33,39,0,0,0,0,0,0,0,0,0,0,0.5
BCL2,KHDC3L,P10415,Q587J8,U,background,False,False,0,0,0,0,33,39,33,39,0,0,0,0,0,0,0,0,0,0,0.5
BCL2,GFER,P10415,P55789,U,background,False,False,0,0,0,0,33,39,33,39,0,0,0,0,0,0,0,0,0,0,0.5
BCL2,MRM2,P10415,Q9UI43,U,background,False,False,0,0,0,0,33,39,33,39,0,0,0,0,0,0,0,0,0,0,0.5
BCL2,SLC39A2,P10415,Q9NP94,U,background,False,False,0,0,0,0,33,39,33,39,0,0,0,0,10,8,10,8,0,0,0.5
BCL2,RHOQ,P10415,P17081,U,background,False,False,0,0,0,0,33,39,33,39,0,0,0,0,0,0,0,0,0,0,0.5
BCL2,MPZL3,P10415,Q6UWV2,U,background,False,False,0,0,0,0,33,39,33,39,0,0,0,0,2,2,2,2,0,0,0.5
BCL2,AK2,P10415,P54819,U,context,False,False,0,0,0,0,33,39,33,39,49,36,49,36,0,0,0,0,1,49,0.5747126436781609
BCL2,PPTC7,P10415,Q8NI37,U,context,False,False,0,0,0,0,33,39,33,39,0,0,0,0,18,22,18,22,0,0,0.5
BCL2,AMACR,P10415,Q9UHK6,U,context,False,False,0,0,0,0,33,39,33,39,0,0,0,0,0,0,0,0,0,0,0.5
BCL2,METTL9,P10415,Q9H1A3,U,context,False,False,0,0,0,0,33,39,33,39,9,10,9,10,0,0,0,0,1,9,0.47619047619047616
BCL2,NDUFAF5,P10415,Q5TEU4,U,context,False,False,0,0,0,0,33,39,33,39,0,0,0,0,22,14,22,14,0,0,0.5
BCL2,DUSP18,P10415,Q8NEJ0,U,context,False,False,0,0,0,0,33,39,33,39,0,0,0,0,0,0,0,0,0,0,0.5
BCL2,TFB1M,P10415,Q8WVM0,U,context,False,False,0,0,0,0,33,39,33,39,0,0,0,0,14,14,14,14,0,0,0.5
BCL2,CKB,P10415,P12277,U,context,False,False,0,0,0,0,33,39,33,39,0,0,0,0,0,0,0,0,0,0,0.5
BCL2,PPM1K,P10415,Q8N3J5,U,context,False,False,0,0,0,0,33,39,33,39,0,0,0,0,15,16,15,16,0,0,0.5
BCL2,AK4,P10415,P27144,U,context,False,False,0,0,0,0,33,39,33,39,47,39,47,39,0,0,0,0,1,47,0.5454545454545454
BCL2,ARMC1,P10415,Q9NVT9,U,context,False,False,0,0,0,0,33,39,33,39,12,15,12,15,0,0,0,0,1,12,0.4482758620689655
BCL2,EXOG,P10415,Q9Y2C4,U,context,False,False,0,0,0,0,33,39,33,39,0,0,0,0,11,6,11,6,0,0,0.5
BCL2,PNPLA4,P10415,P41247,U,context,False,False,0,0,0,0,33,39,33,39,5,7,5,7,0,0,0,0,1,5,0.42857142857142855
BCL2,MRPL50,P10415,Q8N5N7,U,context,False,False,0,0,0,0,33,39,33,39,0,0,0,0,56,42,56,42,0,0,0.5
BCL2,BDH1,P10415,Q02338,U,context,False,False,0,0,0,0,33,39,33,39,0,0,0,0,0,0,0,0,0,0,0.5
BCL2,SMCP,P10415,P49901,U,context,False,False,0,0,0,0,33,39,33,39,7,9,7,9,0,0,0,0,1,7,0.4444444444444444
BCL2,MRPL45,P10415,Q9BRJ2,U,context,False,False,0,0,0,0,33,39,33,39,0,0,0,0,49,33,49,33,0,0,0.5
BCL2,MRPS16,P10415,Q9Y3D3,U,context,False,False,0,0,0,0,33,39,33,39,0,0,0,0,0,0,0,0,0,0,0.5
BCL2,KGD4,P10415,P82909,U,context,False,False,0,0,0,0,33,39,33,39,0,0,0,0,0,0,0,0,0,0,0.5
BCL2,HADH,P10415,Q16836,U,context,False,False,0,0,0,0,33,39,33,39,28,28,28,28,0,0,0,0,1,28,0.5
BCL2,PPP6C,P10415,O00743,U,context,False,False,0,0,0,0,33,39,33,39,0,0,0,0,0,0,0,0,0,0,0.5
BCL2,UNG,P10415,P13051,U,context,False,False,0,0,0,0,33,39,33,39,0,0,0,0,13,9,13,9,0,0,0.5
BCL2,PNKD,P10415,Q8N490,U,context,False,False,0,0,0,0,33,39,33,39,0,0,0,0,0,0,0,0,0,0,0.5
BCL2,TOMM34,P10415,Q15785,U,context,False,False,0,0,0,0,33,39,33,39,0,0,0,0,0,0,0,0,0,0,0.5
BCL2,NUDT1,P10415,P36639,U,context,False,False,0,0,0,0,33,39,33,39,16,12,16,12,0,0,0,0,1,16,0.5666666666666667
BCL2,TK2,P10415,O00142,U,context,False,False,0,0,0,0,33,39,33,39,0,0,0,0,2,1,2,1,0,0,0.5
BCL2,BOLA3,P10415,Q53S33,U,context,False,False,0,0,0,0,33,39,33,39,16,11,16,11,0,0,0,0,1,16,0.5862068965517241
BCL2,CBR4,P10415,Q8N4T8,U,context,False,False,0,0,0,0,33,39,33,39,0,0,0,0,0,0,0,0,0,0,0.5
BCL2,PDHB,P10415,P11177,U,context,False,False,0,0,0,0,33,39,33,39,77,75,77,75,0,0,0,0,1,77,0.5064935064935064
BCL2,FHIT,P10415,P49789,U,context,False,False,0,0,0,0,33,39,33,39,0,0,0,0,0,0,0,0,0,0,0.5
BCL2,MRPL47,P10415,Q9HD33,U,context,False,False,0,0,0,0,33,39,33,39,52,54,52,54,0,0,0,0,1,52,0.49074074074074076
BCL2,MRPL44,P10415,Q9H9J2,U,context,False,False,0,0,0,0,33,39,33,39,0,0,0,0,45,26,45,26,0,0,0.5
BCL2,YWHAG,P10415,P61981,U,context,False,False,0,0,0,0,33,39,33,39,0,0,0,0,0,0,0,0,0,0,0.5
BCL2,GOLPH3,P10415,Q9H4A6,U,context,False,False,0,0,0,0,33,39,33,39,0,0,0,0,0,0,0,0,0,0,0.5
BCL2,MMADHC,P10415,Q9H3L0,U,context,False,False,0,0,0,0,33,39,33,39,0,0,0,0,2,1,2,1,0,0,0.5
BCL2,MRPL52,P10415,Q86TS9,U,context,False,False,0,0,0,0,33,39,33,39,44,54,44,54,0,0,0,0,1,44,0.45
BCL2,PAM16,P10415,Q9Y3D7,U,context,False,False,0,0,0,0,33,39,33,39,0,0,0,0,0,0,0,0,0,0,0.5
BCL2,CDK1,P10415,P06493,U,context,False,False,0,0,0,0,33,39,33,39,0,0,0,0,0,0,0,0,0,0,0.5
BCL2,PABPC5,P10415,Q96DU9,U,context,False,False,0,0,0,0,33,39,33,39,0,0,0,0,0,0,0,0,0,0,0.5
BCL2,RSAD2,P10415,Q8WXG1,U,context,False,False,0,0,0,0,33,39,33,39,13,6,13,6,0,0,0,0,1,13,0.6666666666666666
BCL2,CLYBL,P10415,Q8N0X4,U,context,False,False,0,0,0,0,33,39,33,39,2,5,2,5,0,0,0,0,1,2,0.3333333333333333
BCL2,HAGH,P10415,Q16775,U,context,False,False,0,0,0,0,33,39,33,39,0,0,0,0,0,0,0,0,0,0,0.5
BCL2,FDX2,P10415,Q6P4F2,U,context,False,False,0,0,0,0,33,39,33,39,0,0,0,0,0,0,0,0,0,0,0.5
BCL2,ALKBH7,P10415,Q9BT30,U,context,False,False,0,0,0,0,33,39,33,39,0,0,0,0,5,3,5,3,0,0,0.5
BCL2,RAD51,P10415,Q06609,U,context,False,False,0,0,0,0,33,39,33,39,0,0,0,0,0,0,0,0,0,0,0.5
BCL2,MRPS18C,P10415,Q9Y3D5,U,context,False,False,0,0,0,0,33,39,33,39,0,0,0,0,0,0,0,0,0,0,0.5
BCL2,HINT2,P10415,Q9BX68,U,context,False,False,0,0,0,0,33,39,33,39,0,0,0,0,0,0,0,0,0,0,0.5
BCL2,MRPL13,P10415,Q9BYD1,U,context,False,False,0,0,0,0,33,39,33,39,0,0,0,0,62,42,62,42,0,0,0.5
BCL2,CHCHD1,P10415,Q96BP2,U,context,False,False,0,0,0,0,33,39,33,39,0,0,0,0,63,51,63,51,0,0,0.5
BCL2,SULT1C2,P10415,O00338,U,context,False,False,0,0,0,0,33,39,33,39,0,0,0,0,0,0,0,0,0,0,0.5
BCL2,MDH2,P10415,P40926,U,background,False,False,0,0,0,0,33,39,33,39,140,102,140,102,0,0,0,0,1,140,0.5778688524590164
BCL2,MORF4L1,P10415,Q9UBU8,U,background,False,False,0,0,0,0,33,39,33,39,60,64,60,64,0,0,0,0,1,60,0.48412698412698413
BCL2,GAMT,P10415,Q14353,U,background,False,False,0,0,0,0,33,39,33,39,0,0,0,0,4,5,4,5,0,0,0.5
BCL2,CMTM6,P10415,Q9NX76,U,background,False,False,0,0,0,0,33,39,33,39,0,0,0,0,0,0,0,0,0,0,0.5
BCL2,SPOUT1,P10415,Q5T280,U,background,False,False,0,0,0,0,33,39,33,39,0,0,0,0,14,12,14,12,0,0,0.5
BCL2,CAAP1,P10415,Q9H8G2,U,background,False,False,0,0,0,0,33,39,33,39,0,0,0,0,0,0,0,0,0,0,0.5
BCL2,POLR2I,P10415,P36954,U,background,False,False,0,0,0,0,33,39,33,39,0,0,0,0,0,0,0,0,0,0,0.5
BCL2,IGFBP4,P10415,P22692,U,background,False,False,0,0,0,0,33,39,33,39,0,0,0,0,7,23,7,23,0,0,0.5
BCL2,UBE2M,P10415,P61081,U,background,False,False,0,0,0,0,33,39,33,39,0,0,0,0,0,0,0,0,0,0,0.5
BCL2,C20orf204,P10415,A0A1B0GTL2,U,background,False,False,0,0,0,0,33,39,33,39,0,0,0,0,0,0,0,0,0,0,0.5
BCL2,NMNAT2,P10415,Q9BZQ4,U,background,False,False,0,0,0,0,33,39,33,39,0,0,0,0,4,9,4,9,0,0,0.5
BCL2,SDCBP2,P10415,Q9H190,U,background,False,False,0,0,0,0,33,39,33,39,0,0,0,0,0,0,0,0,0,0,0.5
BCL2,VAMP1,P10415,P23763,U,background,False,False,0,0,0,0,33,39,33,39,0,0,0,0,0,0,0,0,0,0,0.5
BCL2,PSMA4,P10415,P25789,U,background,False,False,0,0,0,0,33,39,33,39,71,61,71,61,0,0,0,0,1,71,0.5373134328358209
BCL2,BPNT2,P10415,Q9NX62,U,background,False,False,0,0,0,0,33,39,33,39,7,6,7,6,0,0,0,0,1,7,0.5333333333333333
BCL2,TEX38,P10415,Q6PEX7,U,background,False,False,0,0,0,0,33,39,33,39,0,0,0,0,0,0,0,0,0,0,0.5
BCL2,HSPB6,P10415,O14558,U,background,False,False,0,0,0,0,33,39,33,39,0,0,0,0,0,0,0,0,0,0,0.5
BCL2,ING4,P10415,Q9UNL4,U,background,False,False,0,0,0,0,33,39,33,39,0,0,0,0,0,0,0,0,0,0,0.5
BCL2,CD300LF,P10415,Q8TDQ1,U,background,False,False,0,0,0,0,33,39,33,39,0,0,0,0,3,0,3,0,0,0,0.5
BCL2,IFNGR2,P10415,P38484,U,background,False,False,0,0,0,0,33,39,33,39,0,0,0,0,12,9,12,9,0,0,0.5
BCL2,KHK,P10415,P50053,U,background,False,False,0,0,0,0,33,39,33,39,0,0,0,0,8,9,8,9,0,0,0.5
BCL2,RFFL,P10415,Q8WZ73,U,background,False,False,0,0,0,0,33,39,33,39,0,0,0,0,0,0,0,0,0,0,0.5
BCL2,APOM,P10415,O95445,U,background,False,False,0,0,0,0,33,39,33,39,0,0,0,0,0,0,0,0,0,0,0.5
BCL2,RAB40B,P10415,Q12829,U,background,False,False,0,0,0,0,33,39,33,39,0,0,0,0,0,0,0,0,0,0,0.5
BCL2,SST,P10415,P61278,U,background,False,False,0,0,0,0,33,39,33,39,0,0,0,0,0,0,0,0,0,0,0.5
BCL2,MDFIC,P10415,Q9P1T7,U,background,False,False,0,0,0,0,33,39,33,39,0,0,0,0,0,0,0,0,0,0,0.5
BCL2,GTF2A1,P10415,P52655,U,background,False,False,0,0,0,0,33,39,33,39,0,0,0,0,8,7,8,7,0,0,0.5
BCL2,SPARC,P10415,P09486,U,background,False,False,0,0,0,0,33,39,33,39,0,0,0,0,0,0,0,0,0,0,0.5
BCL2,GDAP1,P10415,Q8TB36,U,background,False,False,0,0,0,0,33,39,33,39,21,21,21,21,0,0,0,0,1,21,0.5
BCL2,SCG5,P10415,P05408,U,background,False,False,0,0,0,0,33,39,33,39,0,0,0,0,7,9,7,9,0,0,0.5
BCL2,MAGEB1,P10415,P43366,U,background,False,False,0,0,0,0,33,39,33,39,0,0,0,0,0,0,0,0,0,0,0.5
BCL2,HSPB2,P10415,Q16082,U,background,False,False,0,0,0,0,33,39,33,39,41,35,41,35,0,0,0,0,1,41,0.5384615384615384
BCL2,CST11,P10415,Q9H112,U,background,False,False,0,0,0,0,33,39,33,39,0,0,0,0,0,0,0,0,0,0,0.5
BCL2,ING5,P10415,Q8WYH8,U,background,False,False,0,0,0,0,33,39,33,39,0,0,0,0,0,0,0,0,0,0,0.5
BCL2,YBX1,P10415,P67809,U,background,False,False,0,0,0,0,33,39,33,39,0,0,0,0,0,0,0,0,0,0,0.5
BCL2,UBALD2,P10415,Q8IYN6,U,background,False,False,0,0,0,0,33,39,33,39,0,0,0,0,0,0,0,0,0,0,0.5
BCL2,RFC5,P10415,P40937,U,background,False,False,0,0,0,0,33,39,33,39,60,56,60,56,0,0,0,0,1,60,0.5169491525423728
BCL2,AASDHPPT,P10415,Q9NRN7,U,background,False,False,0,0,0,0,33,39,33,39,0,0,0,0,10,13,10,13,0,0,0.5
BCL2,CLEC6A,P10415,Q6EIG7,U,background,False,False,0,0,0,0,33,39,33,39,0,0,0,0,0,0,0,0,0,0,0.5
BCL2,SIKE1,P10415,Q9BRV8,U,background,False,False,0,0,0,0,33,39,33,39,24,18,24,18,0,0,0,0,1,24,0.5681818181818182
BCL2,FN3K,P10415,Q9H479,U,background,False,False,0,0,0,0,33,39,33,39,0,0,0,0,1,1,1,1,0,0,0.5
BCL2,MYOZ2,P10415,Q9NPC6,U,background,False,False,0,0,0,0,33,39,33,39,0,0,0,0,4,4,4,4,0,0,0.5
BCL2,IGLV5-37,P10415,A0A075B6J1,U,background,False,False,0,0,0,0,33,39,33,39,0,0,0,0,0,0,0,0,0,0,0.5
BCL2,SPIN1,P10415,Q9Y657,U,background,False,False,0,0,0,0,33,39,33,39,0,0,0,0,0,0,0,0,0,0,0.5
BCL2,ZSCAN16,P10415,Q9H4T2,U,background,False,False,0,0,0,0,33,39,33,39,0,0,0,0,0,0,0,0,0,0,0.5
BCL2,NAPG,P10415,Q99747,U,background,False,False,0,0,0,0,33,39,33,39,25,32,25,32,0,0,0,0,1,25,0.4406779661016949
BCL2,CLMP,P10415,Q9H6B4,U,background,False,False,0,0,0,0,33,39,33,39,0,0,0,0,1,0,1,0,0,0,0.5
BCL2,TARM1,P10415,B6A8C7,U,background,False,False,0,0,0,0,33,39,33,39,0,0,0,0,0,0,0,0,0,0,0.5
BCL2,POPDC3,P10415,Q9HBV1,U,background,False,False,0,0,0,0,33,39,33,39,0,0,0,0,0,0,0,0,0,0,0.5
BCL2,TRBV27,P10415,A0A0K0K1C4,U,background,False,False,0,0,0,0,33,39,33,39,0,0,0,0,0,0,0,0,0,0,0.5
BCL2,CFD,P10415,P00746,U,low_plausibility,False,False,0,0,0,0,33,39,33,39,0,0,0,0,0,0,0,0,0,0,0.5
BCL2,TIMP1,P10415,P01033,U,low_plausibility,False,False,0,0,0,0,33,39,33,39,0,0,0,0,0,0,0,0,0,0,0.5
BCL2,C1QA,P10415,P02745,U,low_plausibility,False,False,0,0,0,0,33,39,33,39,0,0,0,0,0,0,0,0,0,0,0.5
BCL2,C1QB,P10415,P02746,U,low_plausibility,False,False,0,0,0,0,33,39,33,39,0,0,0,0,32,41,32,41,0,0,0.5
BCL2,C1QC,P10415,P02747,U,low_plausibility,False,False,0,0,0,0,33,39,33,39,0,0,0,0,0,0,0,0,0,0,0.5
BCL2,RBP4,P10415,P02753,U,low_plausibility,False,False,0,0,0,0,33,39,33,39,0,0,0,0,0,0,0,0,0,0,0.5
BCL2,IL6,P10415,P05231,U,low_plausibility,False,False,0,0,0,0,33,39,33,39,3,3,3,3,0,0,0,0,1,3,0.5
BCL2,CELA2A,P10415,P08217,U,low_plausibility,False,False,0,0,0,0,33,39,33,39,0,0,0,0,0,0,0,0,0,0,0.5
BCL2,SOD3,P10415,P08294,U,low_plausibility,False,False,0,0,0,0,33,39,33,39,0,0,0,0,1,2,1,2,0,0,0.5
BCL2,IGFBP1,P10415,P08833,U,low_plausibility,False,False,0,0,0,0,33,39,33,39,0,0,0,0,8,6,8,6,0,0,0.5
BCL2,NOTCH2NLB,P10415,P0DPK3,U,low_plausibility,False,False,0,0,0,0,33,39,33,39,0,0,0,0,0,0,0,0,0,0,0.5
BCL2,ETFA,P10415,P13804,U,low_plausibility,False,False,0,0,0,0,33,39,33,39,0,0,0,0,53,51,53,51,0,0,0.5
BCL2,IGLL1,P10415,P15814,U,low_plausibility,False,False,0,0,0,0,33,39,33,39,0,0,0,0,0,0,0,0,0,0,0.5
BCL2,BDNF,P10415,P23560,U,low_plausibility,False,False,0,0,0,0,33,39,33,39,0,0,0,0,0,0,0,0,0,0,0.5
BCL2,IL12A,P10415,P29459,U,low_plausibility,False,False,0,0,0,0,33,39,33,39,2,0,2,0,0,0,0,0,1,2,0.75
BCL2,LRPAP1,P10415,P30533,U,low_plausibility,False,False,0,0,0,0,33,39,33,39,0,0,0,0,36,45,36,45,0,0,0.5
BCL2,PPT1,P10415,P50897,U,low_plausibility,False,False,0,0,0,0,33,39,33,39,56,69,56,69,0,0,0,0,1,56,0.44881889763779526
BCL2,MRPL12,P10415,P52815,U,low_plausibility,False,False,0,0,0,0,33,39,33,39,89,83,89,83,0,0,0,0,1,89,0.5172413793103449
BCL2,C1QTNF8,P10415,P60827,U,low_plausibility,False,False,0,0,0,0,33,39,33,39,0,0,0,0,0,0,0,0,0,0,0.5
BCL2,TNFAIP6,P10415,P98066,U,low_plausibility,False,False,0,0,0,0,33,39,33,39,0,0,0,0,15,23,15,23,0,0,0.5
BCL2,IL24,P10415,Q13007,U,low_plausibility,False,False,0,0,0,0,33,39,33,39,13,12,13,12,0,0,0,0,1,13,0.5185185185185185
BCL2,EBI3,P10415,Q14213,U,low_plausibility,False,False,0,0,0,0,33,39,33,39,0,0,0,0,3,5,3,5,0,0,0.5
BCL2,CSHL1,P10415,Q14406,U,low_plausibility,False,False,0,0,0,0,33,39,33,39,0,0,0,0,0,0,0,0,0,0,0.5
BCL2,ADIPOQ,P10415,Q15848,U,low_plausibility,False,False,0,0,0,0,33,39,33,39,0,0,0,0,37,49,37,49,0,0,0.5
BCL2,CLPP,P10415,Q16740,U,low_plausibility,False,False,0,0,0,0,33,39,33,39,0,0,0,0,0,0,0,0,0,0,0.5
BCL2,ARHGAP11B,P10415,Q3KRB8,U,low_plausibility,False,False,0,0,0,0,33,39,33,39,0,0,0,0,0,0,0,0,0,0,0.5
BCL2,MRM1,P10415,Q6IN84,U,low_plausibility,False,False,0,0,0,0,33,39,33,39,0,0,0,0,91,78,91,78,0,0,0.5
BCL2,C17orf99,P10415,Q6UX52,U,low_plausibility,False,False,0,0,0,0,33,39,33,39,0,0,0,0,0,0,0,0,0,0,0.5
BCL2,IL34,P10415,Q6ZMJ4,U,low_plausibility,False,False,0,0,0,0,33,39,33,39,0,0,0,0,0,2,0,2,0,0,0.5
BCL2,CREG2,P10415,Q8IUH2,U,low_plausibility,False,False,0,0,0,0,33,39,33,39,0,0,0,0,0,0,0,0,0,0,0.5
BCL2,SBSPON,P10415,Q8IVN8,U,low_plausibility,False,False,0,0,0,0,33,39,33,39,0,0,0,0,0,0,0,0,0,0,0.5
BCL2,IFNL2,P10415,Q8IZJ0,U,low_plausibility,False,False,0,0,0,0,33,39,33,39,0,0,0,0,0,0,0,0,0,0,0.5
BCL2,POGLUT1,P10415,Q8NBL1,U,low_plausibility,False,False,0,0,0,0,33,39,33,39,0,0,0,0,7,8,7,8,0,0,0.5
BCL2,IL27,P10415,Q8NEV9,U,low_plausibility,False,False,0,0,0,0,33,39,33,39,0,0,0,0,0,0,0,0,0,0,0.5
BCL2,GRPEL2,P10415,Q8TAA5,U,low_plausibility,False,False,0,0,0,0,33,39,33,39,2,2,2,2,0,0,0,0,1,2,0.5
BCL2,FGFBP3,P10415,Q8TAT2,U,low_plausibility,False,False,0,0,0,0,33,39,33,39,0,0,0,0,0,0,0,0,0,0,0.5
BCL2,MAIP1,P10415,Q8WWC4,U,low_plausibility,False,False,0,0,0,0,33,39,33,39,0,0,0,0,0,0,0,0,0,0,0.5
BCL2,ELSPBP1,P10415,Q96BH3,U,low_plausibility,False,False,0,0,0,0,33,39,33,39,0,0,0,0,26,37,26,37,0,0,0.5
BCL2,ERP27,P10415,Q96DN0,U,low_plausibility,False,False,0,0,0,0,33,39,33,39,0,0,0,0,7,9,7,9,0,0,0.5
BCL2,MALSU1,P10415,Q96EH3,U,low_plausibility,False,False,0,0,0,0,33,39,33,39,53,37,53,37,0,0,0,0,1,53,0.5869565217391305
BCL2,TEFM,P10415,Q96QE5,U,low_plausibility,False,False,0,0,0,0,33,39,33,39,0,0,0,0,68,62,68,62,0,0,0.5
BCL2,HSD17B10,P10415,Q99714,U,low_plausibility,False,False,0,0,0,0,33,39,33,39,0,0,0,0,0,0,0,0,0,0,0.5
BCL2,OPRPN,P10415,Q99935,U,low_plausibility,False,False,0,0,0,0,33,39,33,39,0,0,0,0,0,0,0,0,0,0,0.5
BCL2,FGFBP2,P10415,Q9BYJ0,U,low_plausibility,False,False,0,0,0,0,33,39,33,39,0,0,0,0,2,3,2,3,0,0,0.5
BCL2,BPIFA1,P10415,Q9NP55,U,low_plausibility,False,False,0,0,0,0,33,39,33,39,0,0,0,0,0,0,0,0,0,0,0.5
BCL2,MTRES1,P10415,Q9P0P8,U,low_plausibility,False,False,0,0,0,0,33,39,33,39,0,0,0,0,0,0,0,0,0,0,0.5
BCL2,KLK11,P10415,Q9UBX7,U,low_plausibility,False,False,0,0,0,0,33,39,33,39,0,0,0,0,7,8,7,8,0,0,0.5
BCL2,EGFL7,P10415,Q9UHF1,U,low_plausibility,False,False,0,0,0,0,33,39,33,39,0,0,0,0,31,28,31,28,0,0,0.5
BCL2,AK3,P10415,Q9UIJ7,U,low_plausibility,False,False,0,0,0,0,33,39,33,39,0,0,0,0,0,0,0,0,0,0,0.5
BCL2,GSTK1,P10415,Q9Y2Q3,U,low_plausibility,False,False,0,0,0,0,33,39,33,39,0,0,0,0,0,0,0,0,0,0,0.5
BCL2,ERVH48-1,P10415,M5A8F1,U,low_plausibility,False,False,0,0,0,0,33,39,33,39,0,0,0,0,0,0,0,0,0,0,0.5
BCL2,CCL24,P10415,O00175,U,low_plausibility,False,False,0,0,0,0,33,39,33,39,0,0,0,0,0,0,0,0,0,0,0.5
BCL2,AGRP,P10415,O00253,U,low_plausibility,False,False,0,0,0,0,33,39,33,39,0,0,0,0,5,2,5,2,0,0,0.5
BCL2,SELENOF,P10415,O60613,U,low_plausibility,False,False,0,0,0,0,33,39,33,39,0,0,0,0,9,15,9,15,0,0,0.5
BCL2,LYZL6,P10415,O75951,U,low_plausibility,False,False,0,0,0,0,33,39,33,39,0,0,0,0,0,0,0,0,0,0,0.5
BCL2,TXNDC12,P10415,O95881,U,low_plausibility,False,False,0,0,0,0,33,39,33,39,0,0,0,0,0,0,0,0,0,0,0.5
BCL2,CST3,P10415,P01034,U,low_plausibility,False,False,0,0,0,0,33,39,33,39,0,0,0,0,0,0,0,0,0,0,0.5
BCL2,CST4,P10415,P01036,U,low_plausibility,False,False,0,0,0,0,33,39,33,39,0,0,0,0,0,0,0,0,0,0,0.5
BCL2,CST1,P10415,P01037,U,low_plausibility,False,False,0,0,0,0,33,39,33,39,0,0,0,0,0,0,0,0,0,0,0.5
BCL2,CGA,P10415,P01215,U,low_plausibility,False,False,0,0,0,0,33,39,33,39,0,0,0,0,0,0,0,0,0,0,0.5
BCL2,FSHB,P10415,P01225,U,low_plausibility,False,False,0,0,0,0,33,39,33,39,0,0,0,0,0,0,0,0,0,0,0.5
BCL2,SLPI,P10415,P03973,U,low_plausibility,False,False,0,0,0,0,33,39,33,39,0,0,0,0,11,14,11,14,0,0,0.5
BCL2,PLA2G1B,P10415,P04054,U,low_plausibility,False,False,0,0,0,0,33,39,33,39,0,0,0,0,3,3,3,3,0,0,0.5
BCL2,CSF2,P10415,P04141,U,low_plausibility,False,False,0,0,0,0,33,39,33,39,0,0,0,0,0,0,0,0,0,0,0.5
BCL2,IL5,P10415,P05113,U,low_plausibility,False,False,0,0,0,0,33,39,33,39,0,0,0,0,0,0,0,0,0,0,0.5
BCL2,CALCA,P10415,P06881,U,low_plausibility,False,False,0,0,0,0,33,39,33,39,0,0,0,0,3,6,3,6,0,0,0.5
BCL2,CST2,P10415,P09228,U,low_plausibility,False,False,0,0,0,0,33,39,33,39,0,0,0,0,0,0,0,0,0,0,0.5
BCL2,SCT,P10415,P09683,U,low_plausibility,False,False,0,0,0,0,33,39,33,39,0,0,0,0,0,0,0,0,0,0,0.5
BCL2,SAA1,P10415,P0DJI8,U,low_plausibility,False,False,0,0,0,0,33,39,33,39,0,0,0,0,0,0,0,0,0,0,0.5
BCL2,CGB3;,P10415,P0DN86,U,low_plausibility,False,False,0,0,0,0,33,39,33,39,0,0,0,0,0,0,0,0,0,0,0.5
BCL2,CALCB,P10415,P10092,U,low_plausibility,False,False,0,0,0,0,33,39,33,39,0,0,0,0,0,0,0,0,0,0,0.5
BCL2,TAC1,P10415,P20366,U,low_plausibility,False,False,0,0,0,0,33,39,33,39,0,0,0,0,0,0,0,0,0,0,0.5
BCL2,PTN,P10415,P21246,U,low_plausibility,False,False,0,0,0,0,33,39,33,39,0,0,0,0,0,0,0,0,0,0,0.5
BCL2,GAL,P10415,P22466,U,low_plausibility,False,False,0,0,0,0,33,39,33,39,0,0,0,0,0,0,0,0,0,0,0.5
BCL2,CST5,P10415,P28325,U,low_plausibility,False,False,0,0,0,0,33,39,33,39,0,0,0,0,0,0,0,0,0,0,0.5
BCL2,RNASE4,P10415,P34096,U,low_plausibility,False,False,0,0,0,0,33,39,33,39,0,0,0,0,0,0,0,0,0,0,0.5
BCL2,CAMP,P10415,P49913,U,low_plausibility,False,False,0,0,0,0,33,39,33,39,0,0,0,0,0,0,0,0,0,0,0.5
BCL2,OSTN,P10415,P61366,U,low_plausibility,False,False,0,0,0,0,33,39,33,39,0,0,0,0,0,0,0,0,0,0,0.5
BCL2,NPC2,P10415,P61916,U,low_plausibility,False,False,0,0,0,0,33,39,33,39,10,10,10,10,0,0,0,0,1,10,0.5
BCL2,WFDC2,P10415,Q14508,U,low_plausibility,False,False,0,0,0,0,33,39,33,39,0,0,0,0,6,4,6,4,0,0,0.5
BCL2,KISS1,P10415,Q15726,U,low_plausibility,False,False,0,0,0,0,33,39,33,39,0,0,0,0,0,0,0,0,0,0,0.5
BCL2,IL17A,P10415,Q16552,U,low_plausibility,False,False,0,0,0,0,33,39,33,39,0,0,0,0,0,0,0,0,0,0,0.5
BCL2,CST9,P10415,Q5W186,U,low_plausibility,False,False,0,0,0,0,33,39,33,39,0,0,0,0,0,0,0,0,0,0,0.5
BCL2,CXCL17,P10415,Q6UXB2,U,low_plausibility,False,False,0,0,0,0,33,39,33,39,0,0,0,0,0,0,0,0,0,0,0.5
BCL2,TAFA5,P10415,Q7Z5A7,U,low_plausibility,False,False,0,0,0,0,33,39,33,39,0,0,0,0,0,0,0,0,0,0,0.5
BCL2,TAFA3,P10415,Q7Z5A8,U,low_plausibility,False,False,0,0,0,0,33,39,33,39,0,0,0,0,0,0,0,0,0,0,0.5
BCL2,TAFA1,P10415,Q7Z5A9,U,low_plausibility,False,False,0,0,0,0,33,39,33,39,0,0,0,0,0,0,0,0,0,0,0.5
BCL2,GLRX5,P10415,Q86SX6,U,low_plausibility,False,False,0,0,0,0,33,39,33,39,0,0,0,0,0,0,0,0,0,0,0.5
BCL2,NPW,P10415,Q8N729,U,low_plausibility,False,False,0,0,0,0,33,39,33,39,0,0,0,0,4,4,4,4,0,0,0.5
BCL2,TSLP,P10415,Q969D9,U,low_plausibility,False,False,0,0,0,0,33,39,33,39,3,0,3,0,0,0,0,0,1,3,0.8
BCL2,MYDGF,P10415,Q969H8,U,low_plausibility,False,False,0,0,0,0,33,39,33,39,0,0,0,0,0,0,0,0,0,0,0.5
BCL2,TAFA4,P10415,Q96LR4,U,low_plausibility,False,False,0,0,0,0,33,39,33,39,0,0,0,0,0,0,0,0,0,0,0.5
BCL2,PRAP1,P10415,Q96NZ9,U,low_plausibility,False,False,0,0,0,0,33,39,33,39,0,0,0,0,6,4,6,4,0,0,0.5
BCL2,DEFB118,P10415,Q96PH6,U,low_plausibility,False,False,0,0,0,0,33,39,33,39,0,0,0,0,0,0,0,0,0,0,0.5
BCL2,REG4,P10415,Q9BYZ8,U,low_plausibility,False,False,0,0,0,0,33,39,33,39,0,0,0,0,2,3,2,3,0,0,0.5
BCL2,RNASE7,P10415,Q9H1E1,U,low_plausibility,False,False,0,0,0,0,33,39,33,39,0,0,0,0,0,0,0,0,0,0,0.5
BCL2,IL21,P10415,Q9HBE4,U,low_plausibility,False,False,0,0,0,0,33,39,33,39,0,0,0,0,2,3,2,3,0,0,0.5
BCL2,IL26,P10415,Q9NPH9,U,low_plausibility,False,False,0,0,0,0,33,39,33,39,0,0,0,0,0,0,0,0,0,0,0.5
BCL2,PLA2G2D,P10415,Q9UNK4,U,low_plausibility,False,False,0,0,0,0,33,39,33,39,0,0,0,0,0,0,0,0,0,0,0.5
BCL2,LY96,P10415,Q9Y6Y9,U,low_plausibility,False,False,0,0,0,0,33,39,33,39,0,0,0,0,4,2,4,2,0,0,0.5
BCL2,CLEC3A,P10415,O75596,U,low_plausibility,False,False,0,0,0,0,33,39,33,39,0,0,0,0,0,0,0,0,0,0,0.5
BCL2,FCN3,P10415,O75636,U,low_plausibility,False,False,0,0,0,0,33,39,33,39,0,0,0,0,0,0,0,0,0,0,0.5
BCL2,TNFRSF6B,P10415,O95407,U,low_plausibility,False,False,0,0,0,0,33,39,33,39,0,0,0,0,9,12,9,12,0,0,0.5
BCL2,AGR2,P10415,O95994,U,low_plausibility,False,False,0,0,0,0,33,39,33,39,0,0,0,0,0,0,0,0,0,0,0.5
BCL2,IL18BP,P10415,O95998,U,low_plausibility,False,False,0,0,0,0,33,39,33,39,0,0,0,0,0,0,0,0,0,0,0.5
BCL2,OTC,P10415,P00480,U,low_plausibility,False,False,0,0,0,0,33,39,33,39,0,0,0,0,30,25,30,25,0,0,0.5
BCL2,NGF,P10415,P01138,U,low_plausibility,False,False,0,0,0,0,33,39,33,39,0,0,0,0,0,0,0,0,0,0,0.5
BCL2,GH1,P10415,P01241,U,low_plausibility,False,False,0,0,0,0,33,39,33,39,28,33,28,33,0,0,0,0,1,28,0.4603174603174603
BCL2,GCG,P10415,P01275,U,low_plausibility,False,False,0,0,0,0,33,39,33,39,0,0,0,0,0,0,0,0,0,0,0.5
BCL2,IGF2,P10415,P01344,U,low_plausibility,False,False,0,0,0,0,33,39,33,39,8,4,8,4,0,0,0,0,1,8,0.6428571428571429
BCL2,IFNA2,P10415,P01563,U,low_plausibility,False,False,0,0,0,0,33,39,33,39,0,0,0,0,0,0,0,0,0,0,0.5
BCL2,IFNB1,P10415,P01574,U,low_plausibility,False,False,0,0,0,0,33,39,33,39,1,0,1,0,0,0,0,0,1,1,0.6666666666666666
BCL2,EPO,P10415,P01588,U,low_plausibility,False,False,0,0,0,0,33,39,33,39,0,0,0,0,1,1,1,1,0,0,0.5
BCL2,CRH,P10415,P06850,U,low_plausibility,False,False,0,0,0,0,33,39,33,39,1,2,1,2,0,0,0,0,1,1,0.4
BCL2,PAEP,P10415,P09466,U,low_plausibility,False,False,0,0,0,0,33,39,33,39,0,0,0,0,0,0,0,0,0,0,0.5
BCL2,SPP1,P10415,P10451,U,low_plausibility,False,False,0,0,0,0,33,39,33,39,0,0,0,0,30,28,30,28,0,0,0.5
BCL2,MBL2,P10415,P11226,U,low_plausibility,False,False,0,0,0,0,33,39,33,39,0,0,0,0,0,0,0,0,0,0,0.5
BCL2,IL7,P10415,P13232,U,low_plausibility,False,False,0,0,0,0,33,39,33,39,0,0,0,0,0,0,0,0,0,0,0.5
BCL2,IL11,P10415,P20809,U,low_plausibility,False,False,0,0,0,0,33,39,33,39,0,0,0,0,0,0,0,0,0,0,0.5
BCL2,IL32,P10415,P24001,U,low_plausibility,False,False,0,0,0,0,33,39,33,39,10,15,10,15,0,0,0,0,1,10,0.4074074074074074
BCL2,NTF4,P10415,P34130,U,low_plausibility,False,False,0,0,0,0,33,39,33,39,0,0,0,0,0,0,0,0,0,0,0.5
BCL2,ADM,P10415,P35318,U,low_plausibility,False,False,0,0,0,0,33,39,33,39,0,0,0,0,3,5,3,5,0,0,0.5
BCL2,MFAP4,P10415,P55083,U,low_plausibility,False,False,0,0,0,0,33,39,33,39,0,0,0,0,0,0,0,0,0,0,0.5
BCL2,MANF,P10415,P55145,U,low_plausibility,False,False,0,0,0,0,33,39,33,39,0,0,0,0,0,0,0,0,0,0,0.5
BCL2,MRPS15,P10415,P82914,U,low_plausibility,False,False,0,0,0,0,33,39,33,39,29,31,29,31,0,0,0,0,1,29,0.4838709677419355
BCL2,CDNF,P10415,Q49AH0,U,low_plausibility,False,False,0,0,0,0,33,39,33,39,0,0,0,0,1,1,1,1,0,0,0.5
BCL2,ARTN,P10415,Q5T4W7,U,low_plausibility,False,False,0,0,0,0,33,39,33,39,0,0,0,0,0,0,0,0,0,0,0.5
BCL2,C6orf120,P10415,Q7Z4R8,U,low_plausibility,False,False,0,0,0,0,33,39,33,39,0,0,0,0,5,3,5,3,0,0,0.5
BCL2,DHFR2,P10415,Q86XF0,U,low_plausibility,False,False,0,0,0,0,33,39,33,39,0,0,0,0,0,0,0,0,0,0,0.5
BCL2,IFNL1,P10415,Q8IU54,U,low_plausibility,False,False,0,0,0,0,33,39,33,39,0,0,0,0,0,0,0,0,0,0,0.5
BCL2,SFTPA2,P10415,Q8IWL1,U,low_plausibility,False,False,0,0,0,0,33,39,33,39,0,0,0,0,0,0,0,0,0,0,0.5
BCL2,SFTPA1,P10415,Q8IWL2,U,low_plausibility,False,False,0,0,0,0,33,39,33,39,0,0,0,0,2,1,2,1,0,0,0.5
BCL2,IFNL3,P10415,Q8IZI9,U,low_plausibility,False,False,0,0,0,0,33,39,33,39,0,0,0,0,0,0,0,0,0,0,0.5
BCL2,THEM5,P10415,Q8N1Q8,U,low_plausibility,False,False,0,0,0,0,33,39,33,39,0,0,0,0,0,0,0,0,0,0,0.5
BCL2,ABHD11,P10415,Q8NFV4,U,low_plausibility,False,False,0,0,0,0,33,39,33,39,20,15,0,0,0,0,0,0,0,0,0.5
BCL2,FIBIN,P10415,Q8TAL6,U,low_plausibility,False,False,0,0,0,0,33,39,33,39,9,6,9,6,0,0,0,0,1,9,0.5882352941176471
BCL2,GGH,P10415,Q92820,U,low_plausibility,False,False,0,0,0,0,33,39,33,39,0,0,0,0,62,74,62,74,0,0,0.5
BCL2,IL22RA2,P10415,Q969J5,U,low_plausibility,False,False,0,0,0,0,33,39,33,39,0,0,0,0,5,11,5,11,0,0,0.5
BCL2,RCN3,P10415,Q96D15,U,low_plausibility,False,False,0,0,0,0,33,39,33,39,0,0,0,0,0,0,0,0,0,0,0.5
BCL2,PEBP4,P10415,Q96S96,U,low_plausibility,False,False,0,0,0,0,33,39,33,39,0,0,0,0,0,0,0,0,0,0,0.5
BCL2,GDF15,P10415,Q99988,U,low_plausibility,False,False,0,0,0,0,33,39,33,39,0,0,0,0,14,17,14,17,0,0,0.5
BCL2,SOST,P10415,Q9BQB4,U,low_plausibility,False,False,0,0,0,0,33,39,33,39,0,0,0,0,7,11,7,11,0,0,0.5
BCL2,PRADC1,P10415,Q9BSG0,U,low_plausibility,False,False,0,0,0,0,33,39,33,39,0,0,0,0,0,0,0,0,0,0,0.5
BCL2,COLEC11,P10415,Q9BWP8,U,low_plausibility,False,False,0,0,0,0,33,39,33,39,0,0,0,0,0,0,0,0,0,0,0.5
BCL2,PECR,P10415,Q9BY49,U,low_plausibility,False,False,0,0,0,0,33,39,33,39,0,0,0,0,0,0,0,0,0,0,0.5
BCL2,IL20,P10415,Q9NYY1,U,low_plausibility,False,False,0,0,0,0,33,39,33,39,0,1,0,1,0,0,0,0,1,0,0.3333333333333333
BCL2,KLK14,P10415,Q9P0G3,U,low_plausibility,False,False,0,0,0,0,33,39,33,39,0,0,0,0,0,0,0,0,0,0,0.5
BCL2,DNAJB11,P10415,Q9UBS4,U,low_plausibility,False,False,0,0,0,0,33,39,33,39,0,0,0,0,0,0,0,0,0,0,0.5
BCL2,WARS2,P10415,Q9UGM6,U,low_plausibility,False,False,0,0,0,0,33,39,33,39,0,0,0,0,6,3,6,3,0,0,0.5
BCL2,EPDR1,P10415,Q9UM22,U,low_plausibility,False,False,0,0,0,0,33,39,33,39,0,0,0,0,0,0,0,0,0,0,0.5
KEAP1,NFE2L2,Q14145,Q16236,P,,False,False,0,0,0,0,0,0,0,0,0,0,0,0,0,0,0,0,0,0,0.5
KEAP1,CUL3,Q14145,Q13618,P,,False,False,0,0,0,0,0,0,0,0,377,305,377,305,0,0,0,0,1,377,0.5526315789473685
KEAP1,SQSTM1,Q14145,Q13501,P,,False,True,0,0,0,0,0,0,0,0,316,283,316,283,0,0,0,0,1,316,0.5274542429284526
KEAP1,KRT82,Q14145,Q9NSB4,U,context,False,False,0,0,0,0,0,0,0,0,0,0,0,0,0,0,0,0,0,0,0.5
KEAP1,KLC3,Q14145,Q6P597,U,context,False,False,0,0,0,0,0,0,0,0,0,0,0,0,0,0,0,0,0,0,0.5
KEAP1,USP49,Q14145,Q70CQ1,U,context,False,False,0,0,0,0,0,0,0,0,0,0,0,0,0,0,0,0,0,0,0.5
KEAP1,XIAP,Q14145,P98170,U,context,False,False,0,0,0,0,0,0,0,0,64,71,64,71,0,0,0,0,1,64,0.4744525547445255
KEAP1,DTX3L,Q14145,Q8TDB6,U,context,False,False,0,0,0,0,0,0,0,0,12,17,12,17,0,0,0,0,1,12,0.41935483870967744
KEAP1,GDI1,Q14145,P31150,U,context,False,False,0,0,0,0,0,0,0,0,0,0,0,0,0,0,0,0,0,0,0.5
KEAP1,TUBA1C,Q14145,Q9BQE3,U,context,False,False,0,0,0,0,0,0,0,0,0,0,0,0,0,0,0,0,0,0,0.5
KEAP1,SERPINB1,Q14145,P30740,U,context,False,False,0,0,0,0,0,0,0,0,0,0,0,0,0,0,0,0,0,0,0.5
KEAP1,DCLRE1B,Q14145,Q9H816,U,context,False,False,0,0,0,0,0,0,0,0,0,0,0,0,9,11,9,11,0,0,0.5
KEAP1,SH3BP1,Q14145,Q9Y3L3,U,context,False,False,0,0,0,0,0,0,0,0,16,18,16,18,0,0,0,0,1,16,0.4722222222222222
KEAP1,LYN,Q14145,P07948,U,context,False,False,0,0,0,0,0,0,0,0,222,205,222,205,0,0,0,0,1,222,0.5198135198135199
KEAP1,PER3,Q14145,P56645,U,context,False,False,0,0,0,0,0,0,0,0,0,0,0,0,0,0,0,0,0,0,0.5
KEAP1,RNF14,Q14145,Q9UBS8,U,context,False,False,0,0,0,0,0,0,0,0,9,13,9,13,0,0,0,0,1,9,0.4166666666666667
KEAP1,POC5,Q14145,Q8NA72,U,context,False,False,0,0,0,0,0,0,0,0,39,44,39,44,0,0,0,0,1,39,0.47058823529411764
KEAP1,AP5M1,Q14145,Q9H0R1,U,context,False,False,0,0,0,0,0,0,0,0,0,0,0,0,0,0,0,0,0,0,0.5
KEAP1,NR1H3,Q14145,Q13133,U,context,False,False,0,0,0,0,0,0,0,0,0,0,0,0,0,0,0,0,0,0,0.5
KEAP1,ATN1,Q14145,P54259,U,context,False,False,0,0,0,0,0,0,0,0,0,0,0,0,0,0,0,0,0,0,0.5
KEAP1,ASZ1,Q14145,Q8WWH4,U,context,False,False,0,0,0,0,0,0,0,0,2,3,2,3,0,0,0,0,1,2,0.42857142857142855
KEAP1,NUDT12,Q14145,Q9BQG2,U,context,False,False,0,0,0,0,0,0,0,0,8,8,8,8,0,0,0,0,1,8,0.5
KEAP1,CCDC14,Q14145,Q49A88,U,context,False,False,0,0,0,0,0,0,0,0,60,58,60,58,0,0,0,0,1,60,0.5083333333333333
KEAP1,SH3PXD2B,Q14145,A1X283,U,context,False,False,0,0,0,0,0,0,0,0,14,11,14,11,0,0,0,0,1,14,0.5555555555555556
KEAP1,XPNPEP1,Q14145,Q9NQW7,U,context,False,False,0,0,0,0,0,0,0,0,0,0,0,0,17,28,17,28,0,0,0.5
KEAP1,BRAP,Q14145,Q7Z569,U,context,False,False,0,0,0,0,0,0,0,0,22,24,22,24,0,0,0,0,1,22,0.4791666666666667
KEAP1,ASB2,Q14145,Q96Q27,U,context,False,False,0,0,0,0,0,0,0,0,14,8,14,8,0,0,0,0,1,14,0.625
KEAP1,SULT2B1,Q14145,O00204,U,context,False,False,0,0,0,0,0,0,0,0,0,0,0,0,7,9,7,9,0,0,0.5
KEAP1,RNF6,Q14145,Q9Y252,U,context,False,False,0,0,0,0,0,0,0,0,25,27,25,27,0,0,0,0,1,25,0.48148148148148145
KEAP1,PAFAH2,Q14145,Q99487,U,context,False,False,0,0,0,0,0,0,0,0,0,0,0,0,0,0,0,0,0,0,0.5
KEAP1,MSI1,Q14145,O43347,U,context,False,False,0,0,0,0,0,0,0,0,23,28,23,28,0,0,0,0,1,23,0.4528301886792453
KEAP1,AP1B1,Q14145,Q10567,U,context,False,False,0,0,0,0,0,0,0,0,62,84,62,84,0,0,0,0,1,62,0.42567567567567566
KEAP1,INVS,Q14145,Q9Y283,U,context,False,False,0,0,0,0,0,0,0,0,4,3,4,3,0,0,0,0,1,4,0.5555555555555556
KEAP1,COG5,Q14145,Q9UP83,U,context,False,False,0,0,0,0,0,0,0,0,19,24,0,0,0,0,0,0,0,0,0.5
KEAP1,PLEKHA5,Q14145,Q9HAU0,U,context,False,False,0,0,0,0,0,0,0,0,52,78,52,78,0,0,0,0,1,52,0.4015151515151515
KEAP1,GMPPA,Q14145,Q96IJ6,U,context,False,False,0,0,0,0,0,0,0,0,0,0,0,0,0,0,0,0,0,0,0.5
KEAP1,IREB2,Q14145,P48200,U,context,False,False,0,0,0,0,0,0,0,0,0,0,0,0,5,7,5,7,0,0,0.5
KEAP1,FEM1B,Q14145,Q9UK73,U,context,False,False,0,0,0,0,0,0,0,0,25,26,25,26,0,0,0,0,1,25,0.49056603773584906
KEAP1,CORO1B,Q14145,Q9BR76,U,context,False,False,0,0,0,0,0,0,0,0,0,0,0,0,0,0,0,0,0,0,0.5
KEAP1,SNCAIP,Q14145,Q9Y6H5,U,context,False,False,0,0,0,0,0,0,0,0,11,15,11,15,0,0,0,0,1,11,0.42857142857142855
KEAP1,NLRP12,Q14145,P59046,U,context,False,False,0,0,0,0,0,0,0,0,0,0,0,0,14,25,14,25,0,0,0.5
KEAP1,CPSF7,Q14145,Q8N684,U,context,False,False,0,0,0,0,0,0,0,0,91,85,91,85,0,0,0,0,1,91,0.5168539325842697
KEAP1,TTLL7,Q14145,Q6ZT98,U,context,False,False,0,0,0,0,0,0,0,0,0,0,0,0,0,0,0,0,0,0,0.5
KEAP1,KSR1,Q14145,Q8IVT5,U,context,False,False,0,0,0,0,0,0,0,0,0,0,0,0,0,0,0,0,0,0,0.5
KEAP1,XPOT,Q14145,O43592,U,context,False,False,0,0,0,0,0,0,0,0,0,0,0,0,29,35,29,35,0,0,0.5
KEAP1,PTPN6,Q14145,P29350,U,context,False,False,0,0,0,0,0,0,0,0,0,0,0,0,98,69,98,69,0,0,0.5
KEAP1,PCSK1,Q14145,P29120,U,context,False,False,0,0,0,0,0,0,0,0,0,0,0,0,0,0,0,0,0,0,0.5
KEAP1,DCX,Q14145,O43602,U,context,False,False,0,0,0,0,0,0,0,0,0,0,0,0,0,0,0,0,0,0,0.5
KEAP1,CARNMT1,Q14145,Q8N4J0,U,context,False,False,0,0,0,0,0,0,0,0,0,0,0,0,0,0,0,0,0,0,0.5
KEAP1,IQUB,Q14145,Q8NA54,U,context,False,False,0,0,0,0,0,0,0,0,0,0,0,0,12,14,12,14,0,0,0.5
KEAP1,ARHGAP1,Q14145,Q07960,U,context,False,False,0,0,0,0,0,0,0,0,0,0,0,0,0,0,0,0,0,0,0.5
KEAP1,NRBP1,Q14145,Q9UHY1,U,context,False,False,0,0,0,0,0,0,0,0,21,25,21,25,0,0,0,0,1,21,0.4583333333333333
KEAP1,TBC1D31,Q14145,Q96DN5,U,context,False,False,0,0,0,0,0,0,0,0,0,0,0,0,0,0,0,0,0,0,0.5
KEAP1,PDE1A,Q14145,P54750,U,background,False,False,0,0,0,0,0,0,0,0,0,0,0,0,0,0,0,0,0,0,0.5
KEAP1,VNN1,Q14145,O95497,U,background,False,False,0,0,0,0,0,0,0,0,0,0,0,0,0,0,0,0,0,0,0.5
KEAP1,ZNF221,Q14145,Q9UK13,U,background,False,False,0,0,0,0,0,0,0,0,0,0,0,0,0,0,0,0,0,0,0.5
KEAP1,U2AF2,Q14145,P26368,U,background,False,False,0,0,0,0,0,0,0,0,172,175,172,175,0,0,0,0,1,172,0.49570200573065903
KEAP1,DRG2,Q14145,P55039,U,background,False,False,0,0,0,0,0,0,0,0,0,0,0,0,0,0,0,0,0,0,0.5
KEAP1,SLC25A29,Q14145,Q8N8R3,U,background,False,False,0,0,0,0,0,0,0,0,0,0,0,0,7,6,7,6,0,0,0.5
KEAP1,CSGALNACT1,Q14145,Q8TDX6,U,background,False,False,0,0,0,0,0,0,0,0,0,0,0,0,0,0,0,0,0,0,0.5
KEAP1,PATL1,Q14145,Q86TB9,U,background,False,False,0,0,0,0,0,0,0,0,47,63,47,63,0,0,0,0,1,47,0.42857142857142855
KEAP1,CYP39A1,Q14145,Q9NYL5,U,background,False,False,0,0,0,0,0,0,0,0,0,0,0,0,2,1,2,1,0,0,0.5
KEAP1,KIF18A,Q14145,Q8NI77,U,background,False,False,0,0,0,0,0,0,0,0,12,7,12,7,0,0,0,0,1,12,0.6190476190476191
KEAP1,SDE2,Q14145,Q6IQ49,U,background,False,False,0,0,0,0,0,0,0,0,0,0,0,0,0,0,0,0,0,0,0.5
KEAP1,MAVS,Q14145,Q7Z434,U,background,False,False,0,0,0,0,0,0,0,0,83,99,83,99,0,0,0,0,1,83,0.45652173913043476
KEAP1,TGM7,Q14145,Q96PF1,U,background,False,False,0,0,0,0,0,0,0,0,0,0,0,0,0,0,0,0,0,0,0.5
KEAP1,JPH1,Q14145,Q9HDC5,U,background,False,False,0,0,0,0,0,0,0,0,0,0,0,0,0,0,0,0,0,0,0.5
KEAP1,HDAC3,Q14145,O15379,U,background,False,False,0,0,0,0,0,0,0,0,0,0,0,0,0,0,0,0,0,0,0.5
KEAP1,TRAF3IP2,Q14145,O43734,U,background,False,False,0,0,0,0,0,0,0,0,0,0,0,0,5,3,5,3,0,0,0.5
KEAP1,DRC5,Q14145,Q5JU00,U,background,False,False,0,0,0,0,0,0,0,0,0,0,0,0,0,0,0,0,0,0,0.5
KEAP1,WASF3,Q14145,Q9UPY6,U,background,False,False,0,0,0,0,0,0,0,0,0,0,0,0,0,0,0,0,0,0,0.5
KEAP1,LMOD1,Q14145,P29536,U,background,False,False,0,0,0,0,0,0,0,0,0,0,0,0,3,2,3,2,0,0,0.5
KEAP1,OR51B2,Q14145,Q9Y5P1,U,background,False,False,0,0,0,0,0,0,0,0,0,0,0,0,0,0,0,0,0,0,0.5
KEAP1,ACP7,Q14145,Q6ZNF0,U,background,False,False,0,0,0,0,0,0,0,0,0,0,0,0,0,0,0,0,0,0,0.5
KEAP1,SH3BP2,Q14145,P78314,U,background,False,False,0,0,0,0,0,0,0,0,20,25,20,25,0,0,0,0,1,20,0.44680851063829785
KEAP1,DNAJC1,Q14145,Q96KC8,U,background,False,False,0,0,0,0,0,0,0,0,0,0,0,0,0,0,0,0,0,0,0.5
KEAP1,SPATA31F3,Q14145,A6NFA0,U,background,False,False,0,0,0,0,0,0,0,0,0,0,0,0,0,0,0,0,0,0,0.5
KEAP1,BFAR,Q14145,Q9NZS9,U,background,False,False,0,0,0,0,0,0,0,0,6,5,6,5,0,0,0,0,1,6,0.5384615384615384
KEAP1,ZNF892,Q14145,A0A087WUV0,U,background,False,False,0,0,0,0,0,0,0,0,0,0,0,0,0,0,0,0,0,0,0.5
KEAP1,CPA1,Q14145,P15085,U,background,False,False,0,0,0,0,0,0,0,0,0,0,0,0,0,0,0,0,0,0,0.5
KEAP1,GFRA2,Q14145,O00451,U,background,False,False,0,0,0,0,0,0,0,0,0,0,0,0,0,0,0,0,0,0,0.5
KEAP1,TYW5,Q14145,A2RUC4,U,background,False,False,0,0,0,0,0,0,0,0,0,0,0,0,2,3,2,3,0,0,0.5
KEAP1,TM6SF2,Q14145,Q9BZW4,U,background,False,False,0,0,0,0,0,0,0,0,0,0,0,0,0,0,0,0,0,0,0.5
KEAP1,GPANK1,Q14145,O95872,U,background,False,False,0,0,0,0,0,0,0,0,42,31,42,31,0,0,0,0,1,42,0.5733333333333334
KEAP1,CCDC185,Q14145,Q8N715,U,background,False,False,0,0,0,0,0,0,0,0,0,0,0,0,0,0,0,0,0,0,0.5
KEAP1,CNN2,Q14145,Q99439,U,background,False,False,0,0,0,0,0,0,0,0,0,0,0,0,0,0,0,0,0,0,0.5
KEAP1,NCLN,Q14145,Q969V3,U,background,False,False,0,0,0,0,0,0,0,0,0,0,0,0,0,0,0,0,0,0,0.5
KEAP1,COQ3,Q14145,Q9NZJ6,U,background,False,False,0,0,0,0,0,0,0,0,0,0,0,0,13,19,13,19,0,0,0.5
KEAP1,ZNF324B,Q14145,Q6AW86,U,background,False,False,0,0,0,0,0,0,0,0,0,0,0,0,0,0,0,0,0,0,0.5
KEAP1,OSCP1,Q14145,Q8WVF1,U,background,False,False,0,0,0,0,0,0,0,0,0,0,0,0,5,2,5,2,0,0,0.5
KEAP1,CAPN9,Q14145,O14815,U,background,False,False,0,0,0,0,0,0,0,0,0,0,0,0,0,0,0,0,0,0,0.5
KEAP1,MSL3B,Q14145,P0C860,U,background,False,False,0,0,0,0,0,0,0,0,0,0,0,0,0,0,0,0,0,0,0.5
KEAP1,ATF2,Q14145,P15336,U,background,False,False,0,0,0,0,0,0,0,0,0,0,0,0,0,0,0,0,0,0,0.5
KEAP1,GORASP2,Q14145,Q9H8Y8,U,background,False,False,0,0,0,0,0,0,0,0,88,101,88,101,0,0,0,0,1,88,0.46596858638743455
KEAP1,SORD,Q14145,Q00796,U,background,False,False,0,0,0,0,0,0,0,0,0,0,0,0,0,0,0,0,0,0,0.5
KEAP1,TTYH1,Q14145,Q9H313,U,background,False,False,0,0,0,0,0,0,0,0,0,0,0,0,0,0,0,0,0,0,0.5
KEAP1,YTHDF3,Q14145,Q7Z739,U,background,False,False,0,0,0,0,0,0,0,0,0,0,0,0,38,52,38,52,0,0,0.5
KEAP1,PLIN2,Q14145,Q99541,U,background,False,False,0,0,0,0,0,0,0,0,11,11,11,11,0,0,0,0,1,11,0.5
KEAP1,CCDC149,Q14145,Q6ZUS6,U,background,False,False,0,0,0,0,0,0,0,0,2,3,2,3,0,0,0,0,1,2,0.42857142857142855
KEAP1,KCNU1,Q14145,A8MYU2,U,background,False,False,0,0,0,0,0,0,0,0,0,0,0,0,0,0,0,0,0,0,0.5
KEAP1,ATF4,Q14145,P18848,U,background,False,False,0,0,0,0,0,0,0,0,0,0,0,0,0,0,0,0,0,0,0.5
KEAP1,LRRN2,Q14145,O75325,U,background,False,False,0,0,0,0,0,0,0,0,0,0,0,0,0,0,0,0,0,0,0.5
KEAP1,SMAD6,Q14145,O43541,U,background,False,False,0,0,0,0,0,0,0,0,0,0,0,0,0,0,0,0,0,0,0.5
KEAP1,PLEKHA4,Q14145,Q9H4M7,U,context,False,False,0,0,0,0,0,0,0,0,955,607,955,607,0,0,0,0,1,955,0.6112531969309463
KEAP1,RRAGC,Q14145,Q9HB90,U,context,False,False,0,0,0,0,0,0,0,0,0,0,0,0,0,0,0,0,0,0,0.5
KEAP1,DCLK2,Q14145,Q8N568,U,context,False,False,0,0,0,0,0,0,0,0,9,16,9,16,0,0,0,0,1,9,0.37037037037037035
KEAP1,PTPN9,Q14145,P43378,U,context,False,False,0,0,0,0,0,0,0,0,0,0,0,0,21,17,21,17,0,0,0.5
KEAP1,KATNB1,Q14145,Q9BVA0,U,context,False,False,0,0,0,0,0,0,0,0,13,23,13,23,0,0,0,0,1,13,0.3684210526315789
KEAP1,KAT5,Q14145,Q92993,U,context,False,False,0,0,0,0,0,0,0,0,0,0,0,0,0,0,0,0,0,0,0.5
KEAP1,PLEKHM3,Q14145,Q6ZWE6,U,context,False,False,0,0,0,0,0,0,0,0,2,6,2,6,0,0,0,0,1,2,0.3
KEAP1,LRWD1,Q14145,Q9UFC0,U,context,False,False,0,0,0,0,0,0,0,0,0,0,0,0,13,11,13,11,0,0,0.5
KEAP1,PUM2,Q14145,Q8TB72,U,context,False,False,0,0,0,0,0,0,0,0,0,0,0,0,0,0,0,0,0,0,0.5
KEAP1,BLTP3B,Q14145,A0JNW5,U,context,False,False,0,0,0,0,0,0,0,0,0,0,0,0,5,5,5,5,0,0,0.5
KEAP1,MAGED1,Q14145,Q9Y5V3,U,context,False,False,0,0,0,0,0,0,0,0,0,0,0,0,39,46,39,46,0,0,0.5
KEAP1,CEP68,Q14145,Q76N32,U,context,False,False,0,0,0,0,0,0,0,0,10,15,10,15,0,0,0,0,1,10,0.4074074074074074
KEAP1,TCF25,Q14145,Q9BQ70,U,context,False,False,0,0,0,0,0,0,0,0,0,0,0,0,16,14,16,14,0,0,0.5
KEAP1,SAMD4B,Q14145,Q5PRF9,U,context,False,False,0,0,0,0,0,0,0,0,0,0,0,0,0,0,0,0,0,0,0.5
KEAP1,SYMPK,Q14145,Q92797,U,context,False,False,0,0,0,0,0,0,0,0,39,42,39,42,0,0,0,0,1,39,0.4819277108433735
KEAP1,ACTR5,Q14145,Q9H9F9,U,context,False,False,0,0,0,0,0,0,0,0,20,14,20,14,0,0,0,0,1,20,0.5833333333333334
KEAP1,CELF2,Q14145,O95319,U,context,False,False,0,0,0,0,0,0,0,0,8,13,8,13,0,0,0,0,1,8,0.391304347826087
KEAP1,RCC1,Q14145,P18754,U,context,False,False,0,0,0,0,0,0,0,0,40,33,40,33,0,0,0,0,1,40,0.5466666666666666
KEAP1,FBXL7,Q14145,Q9UJT9,U,context,False,False,0,0,0,0,0,0,0,0,0,0,0,0,5,6,5,6,0,0,0.5
KEAP1,BCAR3,Q14145,O75815,U,context,False,False,0,0,0,0,0,0,0,0,32,33,32,33,0,0,0,0,1,32,0.4925373134328358
KEAP1,PTPN12,Q14145,Q05209,U,context,False,False,0,0,0,0,0,0,0,0,0,0,0,0,26,20,26,20,0,0,0.5
KEAP1,TRAPPC9,Q14145,Q96Q05,U,context,False,False,0,0,0,0,0,0,0,0,0,0,0,0,14,18,14,18,0,0,0.5
KEAP1,MALT1,Q14145,Q9UDY8,U,context,False,False,0,0,0,0,0,0,0,0,0,0,0,0,19,19,19,19,0,0,0.5
KEAP1,MAST3,Q14145,O60307,U,context,False,False,0,0,0,0,0,0,0,0,0,0,0,0,0,0,0,0,0,0,0.5
KEAP1,FGD3,Q14145,Q5JSP0,U,context,False,False,0,0,0,0,0,0,0,0,0,0,0,0,0,0,0,0,0,0,0.5
KEAP1,DAZAP1,Q14145,Q96EP5,U,context,False,False,0,0,0,0,0,0,0,0,30,39,30,39,0,0,0,0,1,30,0.43661971830985913
KEAP1,AURKA,Q14145,O14965,U,context,False,False,0,0,0,0,0,0,0,0,138,115,138,115,0,0,0,0,1,138,0.5450980392156862
KEAP1,TNPO2,Q14145,O14787,U,context,False,False,0,0,0,0,0,0,0,0,0,0,0,0,0,0,0,0,0,0,0.5
KEAP1,BPIFB4,Q14145,P59827,U,context,False,False,0,0,0,0,0,0,0,0,0,0,0,0,0,0,0,0,0,0,0.5
KEAP1,MECOM,Q14145,Q03112,U,context,False,False,0,0,0,0,0,0,0,0,0,0,0,0,0,0,0,0,0,0,0.5
KEAP1,BRIP1,Q14145,Q9BX63,U,context,False,False,0,0,0,0,0,0,0,0,19,21,19,21,0,0,0,0,1,19,0.47619047619047616
KEAP1,IFT122,Q14145,Q9HBG6,U,context,False,False,0,0,0,0,0,0,0,0,27,23,27,23,0,0,0,0,1,27,0.5384615384615384
KEAP1,UBXN11,Q14145,Q5T124,U,context,False,False,0,0,0,0,0,0,0,0,25,18,25,18,0,0,0,0,1,25,0.5777777777777777
KEAP1,CEP83,Q14145,Q9Y592,U,context,False,False,0,0,0,0,0,0,0,0,0,0,0,0,0,0,0,0,0,0,0.5
KEAP1,EPX,Q14145,P11678,U,context,False,False,0,0,0,0,0,0,0,0,0,0,0,0,0,0,0,0,0,0,0.5
KEAP1,SRRT,Q14145,Q9BXP5,U,context,False,False,0,0,0,0,0,0,0,0,0,0,0,0,0,0,0,0,0,0,0.5
KEAP1,KSR2,Q14145,Q6VAB6,U,context,False,False,0,0,0,0,0,0,0,0,52,66,52,66,0,0,0,0,1,52,0.44166666666666665
KEAP1,PICK1,Q14145,Q9NRD5,U,context,False,False,0,0,0,0,0,0,0,0,112,121,112,121,0,0,0,0,1,112,0.4808510638297872
KEAP1,FANCI,Q14145,Q9NVI1,U,context,False,False,0,0,0,0,0,0,0,0,53,31,53,31,0,0,0,0,1,53,0.627906976744186
KEAP1,CPAP,Q14145,Q9HC77,U,context,False,False,0,0,0,0,0,0,0,0,72,90,72,90,0,0,0,0,1,72,0.4451219512195122
KEAP1,NACC1,Q14145,Q96RE7,U,context,False,False,0,0,0,0,0,0,0,0,0,0,0,0,0,0,0,0,0,0,0.5
KEAP1,SPECC1L,Q14145,Q69YQ0,U,context,False,False,0,0,0,0,0,0,0,0,35,39,35,39,0,0,0,0,1,35,0.47368421052631576
KEAP1,LMLN,Q14145,Q96KR4,U,context,False,False,0,0,0,0,0,0,0,0,0,0,0,0,8,6,0,0,0,0,0.5
KEAP1,CDKL5,Q14145,O76039,U,context,False,False,0,0,0,0,0,0,0,0,5,13,5,13,0,0,0,0,1,5,0.3
KEAP1,PTK2,Q14145,Q05397,U,context,False,False,0,0,0,0,0,0,0,0,102,81,102,81,0,0,0,0,1,102,0.5567567567567567
KEAP1,TUBG2,Q14145,Q9NRH3,U,context,False,False,0,0,0,0,0,0,0,0,0,0,0,0,0,0,0,0,0,0,0.5
KEAP1,TBC1D13,Q14145,Q9NVG8,U,context,False,False,0,0,0,0,0,0,0,0,0,0,0,0,1,0,1,0,0,0,0.5
KEAP1,MKRN2,Q14145,Q9H000,U,context,False,False,0,0,0,0,0,0,0,0,104,118,104,118,0,0,0,0,1,104,0.46875
KEAP1,DHX58,Q14145,Q96C10,U,context,False,False,0,0,0,0,0,0,0,0,0,0,0,0,0,0,0,0,0,0,0.5
KEAP1,PIK3C3,Q14145,Q8NEB9,U,context,False,False,0,0,0,0,0,0,0,0,0,0,0,0,0,0,0,0,0,0,0.5
KEAP1,PADI2,Q14145,Q9Y2J8,U,background,False,False,0,0,0,0,0,0,0,0,1,0,1,0,0,0,0,0,1,1,0.6666666666666666
KEAP1,PCOLCE,Q14145,Q15113,U,background,False,False,0,0,0,0,0,0,0,0,0,0,0,0,7,13,7,13,0,0,0.5
KEAP1,ME1,Q14145,P48163,U,background,False,False,0,0,0,0,0,0,0,0,0,0,0,0,0,0,0,0,0,0,0.5
KEAP1,PRDM1,Q14145,O75626,U,background,False,False,0,0,0,0,0,0,0,0,0,0,0,0,0,0,0,0,0,0,0.5
KEAP1,SLC39A8,Q14145,Q9C0K1,U,background,False,False,0,0,0,0,0,0,0,0,0,0,0,0,0,0,0,0,0,0,0.5
KEAP1,PASD1,Q14145,Q8IV76,U,background,False,False,0,0,0,0,0,0,0,0,0,0,0,0,0,0,0,0,0,0,0.5
KEAP1,PTPRJ,Q14145,Q12913,U,background,False,False,0,0,0,0,0,0,0,0,0,0,0,0,21,25,21,25,0,0,0.5
KEAP1,HHLA2,Q14145,Q9UM44,U,background,False,False,0,0,0,0,0,0,0,0,0,0,0,0,5,9,5,9,0,0,0.5
KEAP1,DRD5,Q14145,P21918,U,background,False,False,0,0,0,0,0,0,0,0,0,0,0,0,0,0,0,0,0,0,0.5
KEAP1,ATP5F1A,Q14145,P25705,U,background,False,False,0,0,0,0,0,0,0,0,142,128,142,128,0,0,0,0,1,142,0.5257352941176471
KEAP1,COL23A1,Q14145,Q86Y22,U,background,False,False,0,0,0,0,0,0,0,0,0,0,0,0,0,0,0,0,0,0,0.5
KEAP1,AP3M2,Q14145,P53677,U,background,False,False,0,0,0,0,0,0,0,0,0,0,0,0,0,0,0,0,0,0,0.5
KEAP1,DIAPH3,Q14145,Q9NSV4,U,background,False,False,0,0,0,0,0,0,0,0,27,42,27,42,0,0,0,0,1,27,0.39436619718309857
KEAP1,KCNAB3,Q14145,O43448,U,background,False,False,0,0,0,0,0,0,0,0,0,0,0,0,0,0,0,0,0,0,0.5
KEAP1,HRH4,Q14145,Q9H3N8,U,background,False,False,0,0,0,0,0,0,0,0,0,0,0,0,0,0,0,0,0,0,0.5
KEAP1,FLRT1,Q14145,Q9NZU1,U,background,False,False,0,0,0,0,0,0,0,0,0,0,0,0,0,0,0,0,0,0,0.5
KEAP1,PAFAH1B1,Q14145,P43034,U,background,False,False,0,0,0,0,0,0,0,0,40,33,40,33,0,0,0,0,1,40,0.5466666666666666
KEAP1,FYB1,Q14145,O15117,U,background,False,False,0,0,0,0,0,0,0,0,0,0,0,0,0,0,0,0,0,0,0.5
KEAP1,NFATC3,Q14145,Q12968,U,background,False,False,0,0,0,0,0,0,0,0,10,15,10,15,0,0,0,0,1,10,0.4074074074074074
KEAP1,KIAA1958,Q14145,Q8N8K9,U,background,False,False,0,0,0,0,0,0,0,0,0,0,0,0,0,0,0,0,0,0,0.5
KEAP1,GIT1,Q14145,Q9Y2X7,U,background,False,False,0,0,0,0,0,0,0,0,51,47,51,47,0,0,0,0,1,51,0.52
KEAP1,ZDHHC17,Q14145,Q8IUH5,U,background,False,False,0,0,0,0,0,0,0,0,69,61,69,61,0,0,0,0,1,69,0.5303030303030303
KEAP1,GPRASP2,Q14145,Q96D09,U,background,False,False,0,0,0,0,0,0,0,0,0,0,0,0,0,0,0,0,0,0,0.5
KEAP1,TSGA10,Q14145,Q9BZW7,U,background,False,False,0,0,0,0,0,0,0,0,36,27,36,27,0,0,0,0,1,36,0.5692307692307692
KEAP1,SOWAHB,Q14145,A6NEL2,U,background,False,False,0,0,0,0,0,0,0,0,1,1,1,1,0,0,0,0,1,1,0.5
KEAP1,CSGALNACT2,Q14145,Q8N6G5,U,background,False,False,0,0,0,0,0,0,0,0,0,0,0,0,0,0,0,0,0,0,0.5
KEAP1,KRT84,Q14145,Q9NSB2,U,background,False,False,0,0,0,0,0,0,0,0,0,0,0,0,0,0,0,0,0,0,0.5
KEAP1,DCP1A,Q14145,Q9NPI6,U,background,False,False,0,0,0,0,0,0,0,0,0,0,0,0,0,0,0,0,0,0,0.5
KEAP1,ADRA2C,Q14145,P18825,U,background,False,False,0,0,0,0,0,0,0,0,0,0,0,0,0,0,0,0,0,0,0.5
KEAP1,PCDHGA4,Q14145,Q9Y5G9,U,background,False,False,0,0,0,0,0,0,0,0,0,0,0,0,0,0,0,0,0,0,0.5
KEAP1,CSPG5,Q14145,O95196,U,background,False,False,0,0,0,0,0,0,0,0,0,0,0,0,8,12,8,12,0,0,0.5
KEAP1,RAP1GAP,Q14145,P47736,U,background,False,False,0,0,0,0,0,0,0,0,0,0,0,0,0,0,0,0,0,0,0.5
KEAP1,CD96,Q14145,P40200,U,background,False,False,0,0,0,0,0,0,0,0,0,0,0,0,4,8,4,8,0,0,0.5
KEAP1,LUC7L2,Q14145,Q9Y383,U,background,False,False,0,0,0,0,0,0,0,0,101,96,101,96,0,0,0,0,1,101,0.5125628140703518
KEAP1,GJA8,Q14145,P48165,U,background,False,False,0,0,0,0,0,0,0,0,0,0,0,0,0,0,0,0,0,0,0.5
KEAP1,TFRC,Q14145,P02786,U,background,False,False,0,0,0,0,0,0,0,0,0,0,0,0,0,0,0,0,0,0,0.5
KEAP1,NSD2,Q14145,O96028,U,background,False,False,0,0,0,0,0,0,0,0,0,0,0,0,0,0,0,0,0,0,0.5
KEAP1,EDC4,Q14145,Q6P2E9,U,background,False,False,0,0,0,0,0,0,0,0,55,62,55,62,0,0,0,0,1,55,0.47058823529411764
KEAP1,USP6,Q14145,P35125,U,background,False,False,0,0,0,0,0,0,0,0,0,0,0,0,0,0,0,0,0,0,0.5
KEAP1,PALM3,Q14145,A6NDB9,U,background,False,False,0,0,0,0,0,0,0,0,0,0,0,0,0,0,0,0,0,0,0.5
KEAP1,DGKK,Q14145,Q5KSL6,U,background,False,False,0,0,0,0,0,0,0,0,0,0,0,0,0,0,0,0,0,0,0.5
KEAP1,MCF2,Q14145,P10911,U,background,False,False,0,0,0,0,0,0,0,0,0,0,0,0,0,0,0,0,0,0,0.5
KEAP1,SLC12A9,Q14145,Q9BXP2,U,background,False,False,0,0,0,0,0,0,0,0,0,0,0,0,0,0,0,0,0,0,0.5
KEAP1,WNT10A,Q14145,Q9GZT5,U,background,False,False,0,0,0,0,0,0,0,0,0,0,0,0,0,0,0,0,0,0,0.5
KEAP1,MAN1A2,Q14145,O60476,U,background,False,False,0,0,0,0,0,0,0,0,0,0,0,0,0,0,0,0,0,0,0.5
KEAP1,TARS3,Q14145,A2RTX5,U,background,False,False,0,0,0,0,0,0,0,0,0,0,0,0,15,18,15,18,0,0,0.5
KEAP1,ANGPT1,Q14145,Q15389,U,background,False,False,0,0,0,0,0,0,0,0,0,0,0,0,0,0,0,0,0,0,0.5
KEAP1,SIN3A,Q14145,Q96ST3,U,background,False,False,0,0,0,0,0,0,0,0,72,64,72,64,0,0,0,0,1,72,0.5289855072463768
KEAP1,CEP78,Q14145,Q5JTW2,U,background,False,False,0,0,0,0,0,0,0,0,0,0,0,0,12,13,12,13,0,0,0.5
KEAP1,C2orf81,Q14145,A6NN90,U,background,False,False,0,0,0,0,0,0,0,0,0,0,0,0,0,0,0,0,0,0,0.5
KEAP1,HLCS,Q14145,P50747,U,context,False,False,0,0,0,0,0,0,0,0,9,13,9,13,0,0,0,0,1,9,0.4166666666666667
KEAP1,ENKUR,Q14145,Q8TC29,U,context,False,False,0,0,0,0,0,0,0,0,5,9,5,9,0,0,0,0,1,5,0.375
KEAP1,TAX1BP1,Q14145,Q86VP1,U,context,False,False,0,0,0,0,0,0,0,0,96,84,96,84,0,0,0,0,1,96,0.532967032967033
KEAP1,MTMR2,Q14145,Q13614,U,context,False,False,0,0,0,0,0,0,0,0,0,0,0,0,0,0,0,0,0,0,0.5
KEAP1,PARD6B,Q14145,Q9BYG5,U,context,False,False,0,0,0,0,0,0,0,0,0,0,0,0,0,0,0,0,0,0,0.5
KEAP1,EPHX2,Q14145,P34913,U,context,False,False,0,0,0,0,0,0,0,0,5,7,5,7,0,0,0,0,1,5,0.42857142857142855
KEAP1,DDX6,Q14145,P26196,U,context,False,False,0,0,0,0,0,0,0,0,0,0,0,0,0,0,0,0,0,0,0.5
KEAP1,CRTC2,Q14145,Q53ET0,U,context,False,False,0,0,0,0,0,0,0,0,0,0,0,0,9,4,9,4,0,0,0.5
KEAP1,PRSS37,Q14145,A4D1T9,U,context,False,False,0,0,0,0,0,0,0,0,0,0,0,0,4,2,4,2,0,0,0.5
KEAP1,IER5,Q14145,Q5VY09,U,context,False,False,0,0,0,0,0,0,0,0,0,0,0,0,3,2,3,2,0,0,0.5
KEAP1,HNRNPK,Q14145,P61978,U,context,False,False,0,0,0,0,0,0,0,0,174,150,174,150,0,0,0,0,1,174,0.5368098159509203
KEAP1,NDOR1,Q14145,Q9UHB4,U,context,False,False,0,0,0,0,0,0,0,0,12,4,12,4,0,0,0,0,1,12,0.7222222222222222
KEAP1,CRNN,Q14145,Q9UBG3,U,context,False,False,0,0,0,0,0,0,0,0,0,0,0,0,13,9,13,9,0,0,0.5
KEAP1,IKZF3,Q14145,Q9UKT9,U,context,False,False,0,0,0,0,0,0,0,0,0,0,0,0,0,0,0,0,0,0,0.5
KEAP1,RBM38,Q14145,Q9H0Z9,U,context,False,False,0,0,0,0,0,0,0,0,5,13,5,13,0,0,0,0,1,5,0.3
KEAP1,NFKBIE,Q14145,O00221,U,context,False,False,0,0,0,0,0,0,0,0,19,9,19,9,0,0,0,0,1,19,0.6666666666666666
KEAP1,ATP6V1E1,Q14145,P36543,U,context,False,False,0,0,0,0,0,0,0,0,30,24,30,24,0,0,0,0,1,30,0.5535714285714286
KEAP1,SERPINB13,Q14145,Q9UIV8,U,context,False,False,0,0,0,0,0,0,0,0,0,0,0,0,0,0,0,0,0,0,0.5
KEAP1,CFAP184,Q14145,Q2M329,U,context,False,False,0,0,0,0,0,0,0,0,67,70,67,70,0,0,0,0,1,67,0.4892086330935252
KEAP1,MAP2K6,Q14145,P52564,U,context,False,False,0,0,0,0,0,0,0,0,0,0,0,0,0,0,0,0,0,0,0.5
KEAP1,FNBP1,Q14145,Q96RU3,U,context,False,False,0,0,0,0,0,0,0,0,17,27,17,27,0,0,0,0,1,17,0.391304347826087
KEAP1,RSPH9,Q14145,Q9H1X1,U,context,False,False,0,0,0,0,0,0,0,0,11,6,11,6,0,0,0,0,1,11,0.631578947368421
KEAP1,LYPLA2,Q14145,O95372,U,context,False,False,0,0,0,0,0,0,0,0,0,0,0,0,8,8,8,8,0,0,0.5
KEAP1,SEC14L1,Q14145,Q92503,U,context,False,False,0,0,0,0,0,0,0,0,3,2,3,2,0,0,0,0,1,3,0.5714285714285714
KEAP1,AKAP10,Q14145,O43572,U,context,False,False,0,0,0,0,0,0,0,0,29,27,29,27,0,0,0,0,1,29,0.5172413793103449
KEAP1,RPS6KA3,Q14145,P51812,U,context,False,False,0,0,0,0,0,0,0,0,0,0,0,0,0,0,0,0,0,0,0.5
KEAP1,DVL2,Q14145,O14641,U,context,False,False,0,0,0,0,0,0,0,0,118,117,118,117,0,0,0,0,1,118,0.5021097046413502
KEAP1,AHRR,Q14145,A9YTQ3,U,context,False,False,0,0,0,0,0,0,0,0,0,0,0,0,0,0,0,0,0,0,0.5
KEAP1,ADK,Q14145,P55263,U,context,False,False,0,0,0,0,0,0,0,0,0,0,0,0,7,8,7,8,0,0,0.5
KEAP1,KHDC4,Q14145,Q7Z7F0,U,context,False,False,0,0,0,0,0,0,0,0,0,0,0,0,0,0,0,0,0,0,0.5
KEAP1,MAB21L2,Q14145,Q9Y586,U,context,False,False,0,0,0,0,0,0,0,0,0,0,0,0,0,0,0,0,0,0,0.5
KEAP1,TP53RK,Q14145,Q96S44,U,context,False,False,0,0,0,0,0,0,0,0,53,56,53,56,0,0,0,0,1,53,0.4864864864864865
KEAP1,DUSP9,Q14145,Q99956,U,context,False,False,0,0,0,0,0,0,0,0,0,0,0,0,0,0,0,0,0,0,0.5
KEAP1,KIFC2,Q14145,Q96AC6,U,context,False,False,0,0,0,0,0,0,0,0,3,6,3,6,0,0,0,0,1,3,0.36363636363636365
KEAP1,CELF1,Q14145,Q92879,U,context,False,False,0,0,0,0,0,0,0,0,0,0,0,0,0,0,0,0,0,0,0.5
KEAP1,BKGD,Q14145,Q9H0W9,U,context,False,False,0,0,0,0,0,0,0,0,0,0,0,0,8,7,8,7,0,0,0.5
KEAP1,PYCR2,Q14145,Q96C36,U,context,False,False,0,0,0,0,0,0,0,0,0,0,0,0,35,18,35,18,0,0,0.5
KEAP1,GSTT2,Q14145,P0CG29,U,context,False,False,0,0,0,0,0,0,0,0,0,0,0,0,0,0,0,0,0,0,0.5
KEAP1,PABPN1L,Q14145,A6NDY0,U,context,False,False,0,0,0,0,0,0,0,0,0,0,0,0,0,0,0,0,0,0,0.5
KEAP1,NCK2,Q14145,O43639,U,context,False,False,0,0,0,0,0,0,0,0,90,63,90,63,0,0,0,0,1,90,0.5870967741935483
KEAP1,GTPBP1,Q14145,O00178,U,context,False,False,0,0,0,0,0,0,0,0,0,0,0,0,0,0,0,0,0,0,0.5
KEAP1,RSPH3,Q14145,Q86UC2,U,context,False,False,0,0,0,0,0,0,0,0,0,0,0,0,2,2,2,2,0,0,0.5
KEAP1,MISP,Q14145,Q8IVT2,U,context,False,False,0,0,0,0,0,0,0,0,0,0,0,0,0,0,0,0,0,0,0.5
KEAP1,FXR2,Q14145,P51116,U,context,False,False,0,0,0,0,0,0,0,0,141,139,141,139,0,0,0,0,1,141,0.5035460992907801
KEAP1,PRMT9,Q14145,Q6P2P2,U,context,False,False,0,0,0,0,0,0,0,0,0,0,0,0,0,0,0,0,0,0,0.5
KEAP1,GCK,Q14145,P35557,U,context,False,False,0,0,0,0,0,0,0,0,0,0,0,0,0,0,0,0,0,0,0.5
KEAP1,MARK2,Q14145,Q7KZI7,U,context,False,False,0,0,0,0,0,0,0,0,0,0,0,0,0,0,0,0,0,0,0.5
KEAP1,NCBP3,Q14145,Q53F19,U,context,False,False,0,0,0,0,0,0,0,0,0,0,0,0,0,0,0,0,0,0,0.5
KEAP1,ARHGEF25,Q14145,Q86VW2,U,context,False,False,0,0,0,0,0,0,0,0,0,0,0,0,0,0,0,0,0,0,0.5
KEAP1,NHERF4,Q14145,Q86UT5,U,context,False,False,0,0,0,0,0,0,0,0,2,1,2,1,0,0,0,0,1,2,0.6
KEAP1,KIAA0930,Q14145,Q6ICG6,U,background,False,False,0,0,0,0,0,0,0,0,0,0,0,0,4,4,4,4,0,0,0.5
KEAP1,CHDH,Q14145,Q8NE62,U,background,False,False,0,0,0,0,0,0,0,0,0,0,0,0,6,9,6,9,0,0,0.5
KEAP1,IGF2BP3,Q14145,O00425,U,background,False,False,0,0,0,0,0,0,0,0,0,0,0,0,0,0,0,0,0,0,0.5
KEAP1,RAB3IL1,Q14145,Q8TBN0,U,background,False,False,0,0,0,0,0,0,0,0,0,0,0,0,0,0,0,0,0,0,0.5
KEAP1,GTF2A1L,Q14145,Q9UNN4,U,background,False,False,0,0,0,0,0,0,0,0,0,0,0,0,4,5,4,5,0,0,0.5
KEAP1,G3BP1,Q14145,Q13283,U,background,False,False,0,0,0,0,0,0,0,0,0,0,0,0,0,0,0,0,0,0,0.5
KEAP1,CORO6,Q14145,Q6QEF8,U,background,False,False,0,0,0,0,0,0,0,0,0,0,0,0,0,0,0,0,0,0,0.5
KEAP1,RPIA,Q14145,P49247,U,background,False,False,0,0,0,0,0,0,0,0,0,0,0,0,9,6,9,6,0,0,0.5
KEAP1,ALX1,Q14145,Q15699,U,background,False,False,0,0,0,0,0,0,0,0,0,0,0,0,0,0,0,0,0,0,0.5
KEAP1,GPR107,Q14145,Q5VW38,U,background,False,False,0,0,0,0,0,0,0,0,0,0,0,0,0,0,0,0,0,0,0.5
KEAP1,ERP29,Q14145,P30040,U,background,False,False,0,0,0,0,0,0,0,0,0,0,0,0,0,0,0,0,0,0,0.5
KEAP1,TMOD2,Q14145,Q9NZR1,U,background,False,False,0,0,0,0,0,0,0,0,0,0,0,0,0,0,0,0,0,0,0.5
KEAP1,IFI16,Q14145,Q16666,U,background,False,False,0,0,0,0,0,0,0,0,243,168,243,168,0,0,0,0,1,243,0.5907990314769975
KEAP1,HOXB2,Q14145,P14652,U,background,False,False,0,0,0,0,0,0,0,0,0,0,0,0,0,0,0,0,0,0,0.5
KEAP1,TEAD4,Q14145,Q15561,U,background,False,False,0,0,0,0,0,0,0,0,0,0,0,0,0,0,0,0,0,0,0.5
KEAP1,ZNF774,Q14145,Q6NX45,U,background,False,False,0,0,0,0,0,0,0,0,0,0,0,0,0,0,0,0,0,0,0.5
KEAP1,ADAM8,Q14145,P78325,U,background,False,False,0,0,0,0,0,0,0,0,0,0,0,0,3,3,3,3,0,0,0.5
KEAP1,KNSTRN,Q14145,Q9Y448,U,background,False,False,0,0,0,0,0,0,0,0,0,0,0,0,9,10,9,10,0,0,0.5
KEAP1,GFPT2,Q14145,O94808,U,background,False,False,0,0,0,0,0,0,0,0,0,0,0,0,0,0,0,0,0,0,0.5
KEAP1,WDR5B,Q14145,Q86VZ2,U,background,False,False,0,0,0,0,0,0,0,0,0,0,0,0,0,0,0,0,0,0,0.5
KEAP1,BMP3,Q14145,P12645,U,background,False,False,0,0,0,0,0,0,0,0,0,0,0,0,3,8,3,8,0,0,0.5
KEAP1,KLK8,Q14145,O60259,U,background,False,False,0,0,0,0,0,0,0,0,0,0,0,0,0,0,0,0,0,0,0.5
KEAP1,SP140L,Q14145,Q9H930,U,background,False,False,0,0,0,0,0,0,0,0,0,0,0,0,0,0,0,0,0,0,0.5
KEAP1,LRPAP1,Q14145,P30533,U,background,False,False,0,0,0,0,0,0,0,0,0,0,0,0,36,45,36,45,0,0,0.5
KEAP1,RAB20,Q14145,Q9NX57,U,background,False,False,0,0,0,0,0,0,0,0,2,4,2,4,0,0,0,0,1,2,0.375
KEAP1,OSTM1,Q14145,Q86WC4,U,background,False,False,0,0,0,0,0,0,0,0,0,0,0,0,0,0,0,0,0,0,0.5
KEAP1,ASB17,Q14145,Q8WXJ9,U,background,False,False,0,0,0,0,0,0,0,0,3,4,3,4,0,0,0,0,1,3,0.4444444444444444
KEAP1,MYBPH,Q14145,Q13203,U,background,False,False,0,0,0,0,0,0,0,0,0,0,0,0,0,0,0,0,0,0,0.5
KEAP1,MPG,Q14145,P29372,U,background,False,False,0,0,0,0,0,0,0,0,30,32,30,32,0,0,0,0,1,30,0.484375
KEAP1,GPATCH11,Q14145,Q8N954,U,background,False,False,0,0,0,0,0,0,0,0,0,0,0,0,0,0,0,0,0,0,0.5
KEAP1,CYP4V2,Q14145,Q6ZWL3,U,background,False,False,0,0,0,0,0,0,0,0,0,0,0,0,3,3,3,3,0,0,0.5
KEAP1,ISL1,Q14145,P61371,U,background,False,False,0,0,0,0,0,0,0,0,0,0,0,0,0,0,0,0,0,0,0.5
KEAP1,NEUROD1,Q14145,Q13562,U,background,False,False,0,0,0,0,0,0,0,0,0,0,0,0,0,0,0,0,0,0,0.5
KEAP1,PAQR5,Q14145,Q9NXK6,U,background,False,False,0,0,0,0,0,0,0,0,0,0,0,0,0,0,0,0,0,0,0.5
KEAP1,LIX1L,Q14145,Q8IVB5,U,background,False,False,0,0,0,0,0,0,0,0,4,3,4,3,0,0,0,0,1,4,0.5555555555555556
KEAP1,DHCR7,Q14145,Q9UBM7,U,background,False,False,0,0,0,0,0,0,0,0,0,0,0,0,29,34,29,34,0,0,0.5
KEAP1,AHSG,Q14145,P02765,U,background,False,False,0,0,0,0,0,0,0,0,0,0,0,0,0,0,0,0,0,0,0.5
KEAP1,EFR3A,Q14145,Q14156,U,background,False,False,0,0,0,0,0,0,0,0,0,0,0,0,17,18,17,18,0,0,0.5
KEAP1,MAP7,Q14145,Q14244,U,background,False,False,0,0,0,0,0,0,0,0,71,77,71,77,0,0,0,0,1,71,0.48
KEAP1,SGSM3,Q14145,Q96HU1,U,background,False,False,0,0,0,0,0,0,0,0,5,9,5,9,0,0,0,0,1,5,0.375
KEAP1,GLYATL3,Q14145,Q5SZD4,U,background,False,False,0,0,0,0,0,0,0,0,0,0,0,0,0,0,0,0,0,0,0.5
KEAP1,HIC2,Q14145,Q96JB3,U,background,False,False,0,0,0,0,0,0,0,0,0,0,0,0,0,0,0,0,0,0,0.5
KEAP1,PYGL,Q14145,P06737,U,background,False,False,0,0,0,0,0,0,0,0,0,0,0,0,14,15,14,15,0,0,0.5
KEAP1,EEF1A2,Q14145,Q05639,U,background,False,False,0,0,0,0,0,0,0,0,0,0,0,0,0,0,0,0,0,0,0.5
KEAP1,MRS2,Q14145,Q9HD23,U,background,False,False,0,0,0,0,0,0,0,0,0,0,0,0,18,10,18,10,0,0,0.5
KEAP1,OGFRL1,Q14145,Q5TC84,U,background,False,False,0,0,0,0,0,0,0,0,0,0,0,0,0,0,0,0,0,0,0.5
KEAP1,VCP,Q14145,P55072,U,background,False,False,0,0,0,0,0,0,0,0,359,302,359,302,0,0,0,0,1,359,0.5429864253393665
KEAP1,DNAJC14,Q14145,Q6Y2X3,U,background,False,False,0,0,0,0,0,0,0,0,0,0,0,0,0,0,0,0,0,0,0.5
KEAP1,TOM1,Q14145,O60784,U,background,False,False,0,0,0,0,0,0,0,0,0,0,0,0,0,0,0,0,0,0,0.5
KEAP1,INO80E,Q14145,Q8NBZ0,U,background,False,False,0,0,0,0,0,0,0,0,0,0,0,0,7,7,7,7,0,0,0.5
KEAP1,GREP1,Q14145,A0A0J9YXV3,U,low_plausibility,False,False,0,0,0,0,0,0,0,0,0,0,0,0,0,0,0,0,0,0,0.5
KEAP1,ANGPT2,Q14145,O15123,U,low_plausibility,False,False,0,0,0,0,0,0,0,0,0,0,0,0,0,0,0,0,0,0,0.5
KEAP1,COCH,Q14145,O43405,U,low_plausibility,False,False,0,0,0,0,0,0,0,0,0,0,0,0,18,11,18,11,0,0,0.5
KEAP1,PMPCB,Q14145,O75439,U,low_plausibility,False,False,0,0,0,0,0,0,0,0,0,0,0,0,98,93,98,93,0,0,0.5
KEAP1,ANGPTL1,Q14145,O95841,U,low_plausibility,False,False,0,0,0,0,0,0,0,0,0,0,0,0,0,0,0,0,0,0,0.5
KEAP1,F9,Q14145,P00740,U,low_plausibility,False,False,0,0,0,0,0,0,0,0,0,0,0,0,0,0,0,0,0,0,0.5
KEAP1,FGB,Q14145,P02675,U,low_plausibility,False,False,0,0,0,0,0,0,0,0,0,0,0,0,48,55,48,55,0,0,0.5
KEAP1,GC,Q14145,P02774,U,low_plausibility,False,False,0,0,0,0,0,0,0,0,7,16,7,16,0,0,0,0,1,7,0.32
KEAP1,VTN,Q14145,P04004,U,low_plausibility,False,False,0,0,0,0,0,0,0,0,0,0,0,0,51,45,51,45,0,0,0.5
KEAP1,PROC,Q14145,P04070,U,low_plausibility,False,False,0,0,0,0,0,0,0,0,0,0,0,0,9,14,9,14,0,0,0.5
KEAP1,HRG,Q14145,P04196,U,low_plausibility,False,False,0,0,0,0,0,0,0,0,0,0,0,0,14,14,14,14,0,0,0.5
KEAP1,SERPING1,Q14145,P05155,U,low_plausibility,False,False,0,0,0,0,0,0,0,0,0,0,0,0,21,29,21,29,0,0,0.5
KEAP1,CFI,Q14145,P05156,U,low_plausibility,False,False,0,0,0,0,0,0,0,0,0,0,0,0,8,8,8,8,0,0,0.5
KEAP1,BCHE,Q14145,P06276,U,low_plausibility,False,False,0,0,0,0,0,0,0,0,0,0,0,0,0,0,0,0,0,0,0.5
KEAP1,PSAP,Q14145,P07602,U,low_plausibility,False,False,0,0,0,0,0,0,0,0,0,0,0,0,18,19,18,19,0,0,0.5
KEAP1,F7,Q14145,P08709,U,low_plausibility,False,False,0,0,0,0,0,0,0,0,0,0,0,0,7,10,7,10,0,0,0.5
KEAP1,CETP,Q14145,P11597,U,low_plausibility,False,False,0,0,0,0,0,0,0,0,2,3,2,3,0,0,0,0,1,2,0.42857142857142855
KEAP1,PDIA4,Q14145,P13667,U,low_plausibility,False,False,0,0,0,0,0,0,0,0,0,0,0,0,0,0,0,0,0,0,0.5
KEAP1,PNLIP,Q14145,P16233,U,low_plausibility,False,False,0,0,0,0,0,0,0,0,0,0,0,0,0,0,0,0,0,0,0.5
KEAP1,SMPD1,Q14145,P17405,U,low_plausibility,False,False,0,0,0,0,0,0,0,0,0,0,0,0,13,11,13,11,0,0,0.5
KEAP1,ME2,Q14145,P23368,U,low_plausibility,False,False,0,0,0,0,0,0,0,0,0,0,0,0,0,0,0,0,0,0,0.5
KEAP1,PDIA3,Q14145,P30101,U,low_plausibility,False,False,0,0,0,0,0,0,0,0,0,0,0,0,0,0,0,0,0,0,0.5
KEAP1,TUFM,Q14145,P49411,U,low_plausibility,False,False,0,0,0,0,0,0,0,0,0,0,0,0,0,0,0,0,0,0,0.5
KEAP1,GLUD2,Q14145,P49448,U,low_plausibility,False,False,0,0,0,0,0,0,0,0,0,0,0,0,0,0,0,0,0,0,0.5
KEAP1,PNLIPRP1,Q14145,P54315,U,low_plausibility,False,False,0,0,0,0,0,0,0,0,0,0,0,0,0,0,0,0,0,0,0.5
KEAP1,LGALS3BP,Q14145,Q08380,U,low_plausibility,False,False,0,0,0,0,0,0,0,0,0,0,0,0,0,0,0,0,0,0,0.5
KEAP1,LOXL1,Q14145,Q08397,U,low_plausibility,False,False,0,0,0,0,0,0,0,0,0,0,0,0,2,5,2,5,0,0,0.5
KEAP1,PMPCA,Q14145,Q10713,U,low_plausibility,False,False,0,0,0,0,0,0,0,0,0,0,0,0,94,73,94,73,0,0,0.5
KEAP1,HABP2,Q14145,Q14520,U,low_plausibility,False,False,0,0,0,0,0,0,0,0,0,0,0,0,2,6,2,6,0,0,0.5
KEAP1,PKDCC,Q14145,Q504Y2,U,low_plausibility,False,False,0,0,0,0,0,0,0,0,4,5,4,5,0,0,0,0,1,4,0.45454545454545453
KEAP1,ACSM3,Q14145,Q53FZ2,U,low_plausibility,False,False,0,0,0,0,0,0,0,0,0,0,0,0,1,2,1,2,0,0,0.5
KEAP1,ARSI,Q14145,Q5FYB1,U,low_plausibility,False,False,0,0,0,0,0,0,0,0,0,0,0,0,2,1,2,1,0,0,0.5
KEAP1,PDE12,Q14145,Q6L8Q7,U,low_plausibility,False,False,0,0,0,0,0,0,0,0,0,0,0,0,25,20,25,20,0,0,0.5
KEAP1,PI16,Q14145,Q6UXB8,U,low_plausibility,False,False,0,0,0,0,0,0,0,0,0,0,0,0,4,6,4,6,0,0,0.5
KEAP1,ADAMTSL5,Q14145,Q6ZMM2,U,low_plausibility,False,False,0,0,0,0,0,0,0,0,0,0,0,0,1,3,1,3,0,0,0.5
KEAP1,COLGALT1,Q14145,Q8NBJ5,U,low_plausibility,False,False,0,0,0,0,0,0,0,0,0,0,0,0,0,0,0,0,0,0,0.5
KEAP1,PLBD2,Q14145,Q8NHP8,U,low_plausibility,False,False,0,0,0,0,0,0,0,0,14,16,14,16,0,0,0,0,1,14,0.46875
KEAP1,NDNF,Q14145,Q8TB73,U,low_plausibility,False,False,0,0,0,0,0,0,0,0,0,0,0,0,1,0,1,0,0,0,0.5
KEAP1,HPSE2,Q14145,Q8WWQ2,U,low_plausibility,False,False,0,0,0,0,0,0,0,0,3,2,3,2,0,0,0,0,1,3,0.5714285714285714
KEAP1,TBRG4,Q14145,Q969Z0,U,low_plausibility,False,False,0,0,0,0,0,0,0,0,0,0,0,0,0,0,0,0,0,0,0.5
KEAP1,ERLEC1,Q14145,Q96DZ1,U,low_plausibility,False,False,0,0,0,0,0,0,0,0,0,0,0,0,32,25,32,25,0,0,0.5
KEAP1,ERO1A,Q14145,Q96HE7,U,low_plausibility,False,False,0,0,0,0,0,0,0,0,0,0,0,0,0,0,0,0,0,0,0.5
KEAP1,CNDP1,Q14145,Q96KN2,U,low_plausibility,False,False,0,0,0,0,0,0,0,0,0,1,0,1,0,0,0,0,1,0,0.3333333333333333
KEAP1,FAM20A,Q14145,Q96MK3,U,low_plausibility,False,False,0,0,0,0,0,0,0,0,0,0,0,0,0,0,0,0,0,0,0.5
KEAP1,EDEM2,Q14145,Q9BV94,U,low_plausibility,False,False,0,0,0,0,0,0,0,0,0,0,0,0,0,0,0,0,0,0,0.5
KEAP1,SIL1,Q14145,Q9H173,U,low_plausibility,False,False,0,0,0,0,0,0,0,0,6,7,6,7,0,0,0,0,1,6,0.4666666666666667
KEAP1,MCCC2,Q14145,Q9HCC0,U,low_plausibility,False,False,0,0,0,0,0,0,0,0,44,46,44,46,0,0,0,0,1,44,0.4891304347826087
KEAP1,ADA2,Q14145,Q9NZK5,U,low_plausibility,False,False,0,0,0,0,0,0,0,0,0,0,0,0,0,0,0,0,0,0,0.5
KEAP1,C1RL,Q14145,Q9NZP8,U,low_plausibility,False,False,0,0,0,0,0,0,0,0,0,0,0,0,0,0,0,0,0,0,0.5
KEAP1,CPQ,Q14145,Q9Y646,U,low_plausibility,False,False,0,0,0,0,0,0,0,0,0,0,0,0,0,0,0,0,0,0,0.5
KEAP1,MASP2,Q14145,O00187,U,low_plausibility,False,False,0,0,0,0,0,0,0,0,0,0,0,0,0,0,0,0,0,0,0.5
KEAP1,PLOD3,Q14145,O60568,U,low_plausibility,False,False,0,0,0,0,0,0,0,0,0,0,0,0,35,49,35,49,0,0,0.5
KEAP1,PTCD1,Q14145,O75127,U,low_plausibility,False,False,0,0,0,0,0,0,0,0,38,23,38,23,0,0,0,0,1,38,0.6190476190476191
KEAP1,CILP,Q14145,O75339,U,low_plausibility,False,False,0,0,0,0,0,0,0,0,0,0,0,0,1,1,1,1,0,0,0.5
KEAP1,CP,Q14145,P00450,U,low_plausibility,False,False,0,0,0,0,0,0,0,0,0,0,0,0,0,0,0,0,0,0,0.5
KEAP1,C1R,Q14145,P00736,U,low_plausibility,False,False,0,0,0,0,0,0,0,0,0,0,0,0,5,6,5,6,0,0,0.5
KEAP1,PLG,Q14145,P00747,U,low_plausibility,False,False,0,0,0,0,0,0,0,0,0,0,0,0,0,0,0,0,0,0,0.5
KEAP1,FGA,Q14145,P02671,U,low_plausibility,False,False,0,0,0,0,0,0,0,0,0,0,0,0,19,24,19,24,0,0,0.5
KEAP1,CHGB,Q14145,P05060,U,low_plausibility,False,False,0,0,0,0,0,0,0,0,0,0,0,0,10,8,10,8,0,0,0.5
KEAP1,F13B,Q14145,P05160,U,low_plausibility,False,False,0,0,0,0,0,0,0,0,0,0,0,0,6,16,6,16,0,0,0.5
KEAP1,PCCA,Q14145,P05165,U,low_plausibility,False,False,0,0,0,0,0,0,0,0,30,23,30,23,0,0,0,0,1,30,0.5636363636363636
KEAP1,PC,Q14145,P11498,U,low_plausibility,False,False,0,0,0,0,0,0,0,0,38,45,38,45,0,0,0,0,1,38,0.4588235294117647
KEAP1,BMP1,Q14145,P13497,U,low_plausibility,False,False,0,0,0,0,0,0,0,0,0,0,0,0,0,0,0,0,0,0,0.5
KEAP1,HSP90B1,Q14145,P14625,U,low_plausibility,False,False,0,0,0,0,0,0,0,0,0,0,0,0,77,74,77,74,0,0,0.5
KEAP1,CEL,Q14145,P19835,U,low_plausibility,False,False,0,0,0,0,0,0,0,0,0,0,0,0,3,1,3,1,0,0,0.5
KEAP1,COL15A1,Q14145,P39059,U,low_plausibility,False,False,0,0,0,0,0,0,0,0,0,0,0,0,0,0,0,0,0,0,0.5
KEAP1,COMP,Q14145,P49747,U,low_plausibility,False,False,0,0,0,0,0,0,0,0,0,0,0,0,0,0,0,0,0,0,0.5
KEAP1,ALDH18A1,Q14145,P54886,U,low_plausibility,False,False,0,0,0,0,0,0,0,0,0,0,0,0,0,0,0,0,0,0,0.5
KEAP1,GPLD1,Q14145,P80108,U,low_plausibility,False,False,0,0,0,0,0,0,0,0,0,0,0,0,2,0,2,0,0,0,0.5
KEAP1,HGFAC,Q14145,Q04756,U,low_plausibility,False,False,0,0,0,0,0,0,0,0,0,0,0,0,8,13,8,13,0,0,0.5
KEAP1,TRAP1,Q14145,Q12931,U,low_plausibility,False,False,0,0,0,0,0,0,0,0,0,0,0,0,86,67,86,67,0,0,0.5
KEAP1,OS9,Q14145,Q13438,U,low_plausibility,False,False,0,0,0,0,0,0,0,0,26,33,26,33,0,0,0,0,1,26,0.4426229508196721
KEAP1,TOP3A,Q14145,Q13472,U,low_plausibility,False,False,0,0,0,0,0,0,0,0,0,0,0,0,21,9,21,9,0,0,0.5
KEAP1,POSTN,Q14145,Q15063,U,low_plausibility,False,False,0,0,0,0,0,0,0,0,0,0,0,0,0,0,0,0,0,0,0.5
KEAP1,TGFBI,Q14145,Q15582,U,low_plausibility,False,False,0,0,0,0,0,0,0,0,0,0,0,0,0,0,0,0,0,0,0.5
KEAP1,PITRM1,Q14145,Q5JRX3,U,low_plausibility,False,False,0,0,0,0,0,0,0,0,17,29,17,29,0,0,0,0,1,17,0.375
KEAP1,PRSS36,Q14145,Q5K4E3,U,low_plausibility,False,False,0,0,0,0,0,0,0,0,0,0,0,0,0,0,0,0,0,0,0.5
KEAP1,CHADL,Q14145,Q6NUI6,U,low_plausibility,False,False,0,0,0,0,0,0,0,0,0,0,0,0,0,0,0,0,0,0,0.5
KEAP1,THSD4,Q14145,Q6ZMP0,U,low_plausibility,False,False,0,0,0,0,0,0,0,0,0,0,0,0,13,20,13,20,0,0,0.5
KEAP1,FASTKD5,Q14145,Q7L8L6,U,low_plausibility,False,False,0,0,0,0,0,0,0,0,0,0,0,0,80,68,80,68,0,0,0.5
KEAP1,LONP2,Q14145,Q86WA8,U,low_plausibility,False,False,0,0,0,0,0,0,0,0,19,23,19,23,0,0,0,0,1,19,0.45454545454545453
KEAP1,CILP2,Q14145,Q8IUL8,U,low_plausibility,False,False,0,0,0,0,0,0,0,0,0,0,0,0,0,0,0,0,0,0,0.5
KEAP1,FOXRED2,Q14145,Q8IWF2,U,low_plausibility,False,False,0,0,0,0,0,0,0,0,0,0,0,0,19,25,19,25,0,0,0.5
KEAP1,SULF2,Q14145,Q8IWU5,U,low_plausibility,False,False,0,0,0,0,0,0,0,0,0,0,0,0,0,0,0,0,0,0,0.5
KEAP1,SULF1,Q14145,Q8IWU6,U,low_plausibility,False,False,0,0,0,0,0,0,0,0,0,0,0,0,8,9,8,9,0,0,0.5
KEAP1,DNAJC10,Q14145,Q8IXB1,U,low_plausibility,False,False,0,0,0,0,0,0,0,0,0,0,0,0,0,0,0,0,0,0,0.5
KEAP1,BMPER,Q14145,Q8N8U9,U,low_plausibility,False,False,0,0,0,0,0,0,0,0,0,0,0,0,2,4,2,4,0,0,0.5
KEAP1,CIROZ,Q14145,Q8N9H9,U,low_plausibility,False,False,0,0,0,0,0,0,0,0,0,1,0,0,0,0,0,0,0,0,0.5
KEAP1,MCCC1,Q14145,Q96RQ3,U,low_plausibility,False,False,0,0,0,0,0,0,0,0,49,46,49,46,0,0,0,0,1,49,0.5154639175257731
KEAP1,TWNK,Q14145,Q96RR1,U,low_plausibility,False,False,0,0,0,0,0,0,0,0,34,28,34,28,0,0,0,0,1,34,0.546875
KEAP1,ADAMTS10,Q14145,Q9H324,U,low_plausibility,False,False,0,0,0,0,0,0,0,0,0,0,0,0,0,0,0,0,0,0,0.5
KEAP1,ACSS3,Q14145,Q9H6R3,U,low_plausibility,False,False,0,0,0,0,0,0,0,0,0,0,0,0,1,1,1,1,0,0,0.5
KEAP1,MMRN2,Q14145,Q9H8L6,U,low_plausibility,False,False,0,0,0,0,0,0,0,0,1,2,1,2,0,0,0,0,1,1,0.4
KEAP1,SCUBE2,Q14145,Q9NQ36,U,low_plausibility,False,False,0,0,0,0,0,0,0,0,0,0,0,0,0,1,0,1,0,0,0.5
KEAP1,CRTAC1,Q14145,Q9NQ79,U,low_plausibility,False,False,0,0,0,0,0,0,0,0,0,0,0,0,8,7,8,7,0,0,0.5
KEAP1,ACSS1,Q14145,Q9NUB1,U,low_plausibility,False,False,0,0,0,0,0,0,0,0,0,0,0,0,7,6,7,6,0,0,0.5
KEAP1,FASTKD2,Q14145,Q9NYY8,U,low_plausibility,False,False,0,0,0,0,0,0,0,0,78,60,78,60,0,0,0,0,1,78,0.5642857142857143
KEAP1,ADAMTS5,Q14145,Q9UNA0,U,low_plausibility,False,False,0,0,0,0,0,0,0,0,0,0,0,0,0,0,0,0,0,0,0.5
KEAP1,MAN2B2,Q14145,Q9Y2E5,U,low_plausibility,False,False,0,0,0,0,0,0,0,0,0,0,0,0,19,22,19,22,0,0,0.5
KEAP1,EMILIN1,Q14145,Q9Y6C2,U,low_plausibility,False,False,0,0,0,0,0,0,0,0,0,0,0,0,16,18,16,18,0,0,0.5
KEAP1,CLEC18A,Q14145,A5D8T8,U,low_plausibility,False,False,0,0,0,0,0,0,0,0,0,0,0,0,3,2,3,2,0,0,0.5
KEAP1,TIMM44,Q14145,O43615,U,low_plausibility,False,False,0,0,0,0,0,0,0,0,0,0,0,0,0,0,0,0,0,0,0.5
KEAP1,ENTPD5,Q14145,O75356,U,low_plausibility,False,False,0,0,0,0,0,0,0,0,0,0,0,0,0,0,0,0,0,0,0.5
KEAP1,CRLF1,Q14145,O75462,U,low_plausibility,False,False,0,0,0,0,0,0,0,0,0,0,0,0,23,24,23,24,0,0,0.5
KEAP1,OTC,Q14145,P00480,U,low_plausibility,False,False,0,0,0,0,0,0,0,0,0,0,0,0,30,25,30,25,0,0,0.5
KEAP1,PLAU,Q14145,P00749,U,low_plausibility,False,False,0,0,0,0,0,0,0,0,0,0,0,0,20,35,20,35,0,0,0.5
KEAP1,FGG,Q14145,P02679,U,low_plausibility,False,False,0,0,0,0,0,0,0,0,0,0,0,0,19,31,19,31,0,0,0.5
KEAP1,SERPINA5,Q14145,P05154,U,low_plausibility,False,False,0,0,0,0,0,0,0,0,0,0,0,0,0,0,0,0,0,0,0.5
KEAP1,INHBA,Q14145,P08476,U,low_plausibility,False,False,0,0,0,0,0,0,0,0,0,0,0,0,12,4,12,4,0,0,0.5
KEAP1,ACAA1,Q14145,P09110,U,low_plausibility,False,False,0,0,0,0,0,0,0,0,0,0,0,0,10,8,10,8,0,0,0.5
KEAP1,SPP1,Q14145,P10451,U,low_plausibility,False,False,0,0,0,0,0,0,0,0,0,0,0,0,30,28,30,28,0,0,0.5
KEAP1,ETFA,Q14145,P13804,U,low_plausibility,False,False,0,0,0,0,0,0,0,0,0,0,0,0,53,51,53,51,0,0,0.5
KEAP1,AK4,Q14145,P27144,U,low_plausibility,False,False,0,0,0,0,0,0,0,0,47,39,47,39,0,0,0,0,1,47,0.5454545454545454
KEAP1,LOX,Q14145,P28300,U,low_plausibility,False,False,0,0,0,0,0,0,0,0,0,0,0,0,0,0,0,0,0,0,0.5
KEAP1,SERPINF1,Q14145,P36955,U,low_plausibility,False,False,0,0,0,0,0,0,0,0,0,0,0,0,6,10,6,10,0,0,0.5
KEAP1,ETFB,Q14145,P38117,U,low_plausibility,False,False,0,0,0,0,0,0,0,0,0,0,0,0,0,0,0,0,0,0,0.5
KEAP1,MDH2,Q14145,P40926,U,low_plausibility,False,False,0,0,0,0,0,0,0,0,140,102,140,102,0,0,0,0,1,140,0.5778688524590164
KEAP1,VEGFC,Q14145,P49767,U,low_plausibility,False,False,0,0,0,0,0,0,0,0,0,0,0,0,0,0,0,0,0,0,0.5
KEAP1,PPT1,Q14145,P50897,U,low_plausibility,False,False,0,0,0,0,0,0,0,0,56,69,56,69,0,0,0,0,1,56,0.44881889763779526
KEAP1,TGFB2,Q14145,P61812,U,low_plausibility,False,False,0,0,0,0,0,0,0,0,0,0,0,0,11,11,11,11,0,0,0.5
KEAP1,HTRA3,Q14145,P83110,U,low_plausibility,False,False,0,0,0,0,0,0,0,0,0,0,0,0,0,0,0,0,0,0,0.5
KEAP1,TFAM,Q14145,Q00059,U,low_plausibility,False,False,0,0,0,0,0,0,0,0,123,107,123,107,0,0,0,0,1,123,0.5344827586206896
KEAP1,HYAL1,Q14145,Q12794,U,low_plausibility,False,False,0,0,0,0,0,0,0,0,0,0,0,0,0,0,0,0,0,0,0.5
KEAP1,PLA2G7,Q14145,Q13093,U,low_plausibility,False,False,0,0,0,0,0,0,0,0,0,0,0,0,1,1,1,1,0,0,0.5
KEAP1,PDK1,Q14145,Q15118,U,low_plausibility,False,False,0,0,0,0,0,0,0,0,107,84,107,84,0,0,0,0,1,107,0.5595854922279793
KEAP1,CEACAM16,Q14145,Q2WEN9,U,low_plausibility,False,False,0,0,0,0,0,0,0,0,0,0,0,0,1,1,1,1,0,0,0.5
KEAP1,OLFML1,Q14145,Q6UWY5,U,low_plausibility,False,False,0,0,0,0,0,0,0,0,0,0,0,0,0,0,0,0,0,0,0.5
KEAP1,C16orf89,Q14145,Q6UX73,U,low_plausibility,False,False,0,0,0,0,0,0,0,0,0,0,0,0,0,0,0,0,0,0,0.5
KEAP1,CPA6,Q14145,Q8N4T0,U,low_plausibility,False,False,0,0,0,0,0,0,0,0,0,0,0,0,2,2,2,2,0,0,0.5
KEAP1,ACOT4,Q14145,Q8N9L9,U,low_plausibility,False,False,0,0,0,0,0,0,0,0,0,0,0,0,0,0,0,0,0,0,0.5
KEAP1,POGLUT1,Q14145,Q8NBL1,U,low_plausibility,False,False,0,0,0,0,0,0,0,0,0,0,0,0,7,8,7,8,0,0,0.5
KEAP1,ABHD11,Q14145,Q8NFV4,U,low_plausibility,False,False,0,0,0,0,0,0,0,0,20,15,0,0,0,0,0,0,0,0,0.5
KEAP1,GRPEL2,Q14145,Q8TAA5,U,low_plausibility,False,False,0,0,0,0,0,0,0,0,2,2,2,2,0,0,0,0,1,2,0.5
KEAP1,MAIP1,Q14145,Q8WWC4,U,low_plausibility,False,False,0,0,0,0,0,0,0,0,0,0,0,0,0,0,0,0,0,0,0.5
KEAP1,GGH,Q14145,Q92820,U,low_plausibility,False,False,0,0,0,0,0,0,0,0,0,0,0,0,62,74,62,74,0,0,0.5
KEAP1,RCN3,Q14145,Q96D15,U,low_plausibility,False,False,0,0,0,0,0,0,0,0,0,0,0,0,0,0,0,0,0,0,0.5
KEAP1,MALSU1,Q14145,Q96EH3,U,low_plausibility,False,False,0,0,0,0,0,0,0,0,53,37,53,37,0,0,0,0,1,53,0.5869565217391305
KEAP1,TEFM,Q14145,Q96QE5,U,low_plausibility,False,False,0,0,0,0,0,0,0,0,0,0,0,0,68,62,68,62,0,0,0.5
KEAP1,GDF15,Q14145,Q99988,U,low_plausibility,False,False,0,0,0,0,0,0,0,0,0,0,0,0,14,17,14,17,0,0,0.5
KEAP1,ERP44,Q14145,Q9BS26,U,low_plausibility,False,False,0,0,0,0,0,0,0,0,0,0,0,0,0,0,0,0,0,0,0.5
KEAP1,ALKBH7,Q14145,Q9BT30,U,low_plausibility,False,False,0,0,0,0,0,0,0,0,0,0,0,0,5,3,5,3,0,0,0.5
KEAP1,PECR,Q14145,Q9BY49,U,low_plausibility,False,False,0,0,0,0,0,0,0,0,0,0,0,0,0,0,0,0,0,0,0.5
KEAP1,OLFML3,Q14145,Q9NRN5,U,low_plausibility,False,False,0,0,0,0,0,0,0,0,4,3,4,3,0,0,0,0,1,4,0.5555555555555556
KEAP1,SIRT3,Q14145,Q9NTG7,U,low_plausibility,False,False,0,0,0,0,0,0,0,0,0,0,0,0,0,0,0,0,0,0,0.5
KEAP1,TMLHE,Q14145,Q9NVH6,U,low_plausibility,False,False,0,0,0,0,0,0,0,0,0,0,0,0,0,0,0,0,0,0,0.5
KEAP1,DNAJB11,Q14145,Q9UBS4,U,low_plausibility,False,False,0,0,0,0,0,0,0,0,0,0,0,0,0,0,0,0,0,0,0.5
KEAP1,WARS2,Q14145,Q9UGM6,U,low_plausibility,False,False,0,0,0,0,0,0,0,0,0,0,0,0,6,3,6,3,0,0,0.5
KEAP1,AK3,Q14145,Q9UIJ7,U,low_plausibility,False,False,0,0,0,0,0,0,0,0,0,0,0,0,0,0,0,0,0,0,0.5
KEAP1,GDF2,Q14145,Q9UK05,U,low_plausibility,False,False,0,0,0,0,0,0,0,0,0,0,0,0,1,1,1,1,0,0,0.5
KEAP1,GSTK1,Q14145,Q9Y2Q3,U,low_plausibility,False,False,0,0,0,0,0,0,0,0,0,0,0,0,0,0,0,0,0,0,0.5
BRCA1,BARD1,P38398,Q99728,P,,False,False,0,0,0,0,0,0,0,0,103,106,103,106,0,0,0,0,1,103,0.4928909952606635
BRCA1,PALB2,P38398,Q86YC2,P,,False,False,0,0,0,0,0,0,0,0,23,22,23,22,0,0,0,0,1,23,0.5106382978723404
BRCA1,BRIP1,P38398,Q9BX63,P,,False,False,0,0,0,0,0,0,0,0,19,21,19,21,0,0,0,0,1,19,0.47619047619047616
BRCA1,DCLK3,P38398,Q9C098,U,context,False,False,0,0,0,0,0,0,0,0,3,0,3,0,0,0,0,0,1,3,0.8
BRCA1,RAP1GDS1,P38398,P52306,U,context,False,False,0,0,0,0,0,0,0,0,40,58,40,58,0,0,0,0,1,40,0.41
BRCA1,IKZF4,P38398,Q9H2S9,U,context,False,False,0,0,0,0,0,0,0,0,0,0,0,0,0,0,0,0,0,0,0.5
BRCA1,ZNF639,P38398,Q9UID6,U,context,False,False,0,0,0,0,0,0,0,0,0,0,0,0,0,0,0,0,0,0,0.5
BRCA1,DEPDC1,P38398,Q5TB30,U,context,False,False,0,0,0,0,0,0,0,0,5,6,5,6,0,0,0,0,1,5,0.46153846153846156
BRCA1,IRF9,P38398,Q00978,U,context,False,False,0,0,0,0,0,0,0,0,0,0,0,0,7,12,7,12,0,0,0.5
BRCA1,HASPIN,P38398,Q8TF76,U,context,False,False,0,0,0,0,0,0,0,0,32,43,32,43,0,0,0,0,1,32,0.42857142857142855
BRCA1,TOP1,P38398,P11387,U,context,False,False,0,0,0,0,0,0,0,0,0,0,0,0,53,60,53,60,0,0,0.5
BRCA1,STAT5B,P38398,P51692,U,context,False,False,0,0,0,0,0,0,0,0,0,0,0,0,0,0,0,0,0,0,0.5
BRCA1,FBXW7,P38398,Q969H0,U,context,False,False,0,0,0,0,0,0,0,0,290,240,290,240,0,0,0,0,1,290,0.5469924812030075
BRCA1,INTS12,P38398,Q96CB8,U,context,False,False,0,0,0,0,0,0,0,0,0,0,0,0,0,0,0,0,0,0,0.5
BRCA1,DDX56,P38398,Q9NY93,U,context,False,False,0,0,0,0,0,0,0,0,0,0,0,0,0,0,0,0,0,0,0.5
BRCA1,SFMBT1,P38398,Q9UHJ3,U,context,False,False,0,0,0,0,0,0,0,0,0,0,0,0,0,0,0,0,0,0,0.5
BRCA1,ARRB1,P38398,P49407,U,context,False,False,0,0,0,0,0,0,0,0,0,0,0,0,0,0,0,0,0,0,0.5
BRCA1,GTF3C5,P38398,Q9Y5Q8,U,context,False,False,0,0,0,0,0,0,0,0,0,0,0,0,10,14,10,14,0,0,0.5
BRCA1,ACSS2,P38398,Q9NR19,U,context,False,False,0,0,0,0,0,0,0,0,0,0,0,0,0,1,0,1,0,0,0.5
BRCA1,BCL9L,P38398,Q86UU0,U,context,False,False,0,0,0,0,0,0,0,0,0,0,0,0,8,12,8,12,0,0,0.5
BRCA1,SAXO6,P38398,Q8TC05,U,context,False,False,0,0,0,0,0,0,0,0,4,4,4,4,0,0,0,0,1,4,0.5
BRCA1,ZNF382,P38398,Q96SR6,U,context,False,False,0,0,0,0,0,0,0,0,0,0,0,0,0,0,0,0,0,0,0.5
BRCA1,MED23,P38398,Q9ULK4,U,context,False,False,0,0,0,0,0,0,0,0,0,0,0,0,24,22,24,22,0,0,0.5
BRCA1,ZIC5,P38398,Q96T25,U,context,False,False,0,0,0,0,0,0,0,0,0,0,0,0,0,0,0,0,0,0,0.5
BRCA1,BAHD1,P38398,Q8TBE0,U,context,False,False,0,0,0,0,0,0,0,0,0,0,0,0,7,9,7,9,0,0,0.5
BRCA1,MAK,P38398,P20794,U,context,False,False,0,0,0,0,0,0,0,0,9,9,9,9,0,0,0,0,1,9,0.5
BRCA1,FOXI3,P38398,A8MTJ6,U,context,False,False,0,0,0,0,0,0,0,0,0,0,0,0,0,0,0,0,0,0,0.5
BRCA1,PHC3,P38398,Q8NDX5,U,context,False,False,0,0,0,0,0,0,0,0,0,0,0,0,0,0,0,0,0,0,0.5
BRCA1,ZNF385D,P38398,Q9H6B1,U,context,False,False,0,0,0,0,0,0,0,0,0,0,0,0,0,0,0,0,0,0,0.5
BRCA1,PHF8,P38398,Q9UPP1,U,context,False,False,0,0,0,0,0,0,0,0,0,0,0,0,0,0,0,0,0,0,0.5
BRCA1,NUAK1,P38398,O60285,U,context,False,False,0,0,0,0,0,0,0,0,33,38,33,38,0,0,0,0,1,33,0.4657534246575342
BRCA1,ADAR,P38398,P55265,U,context,False,False,0,0,0,0,0,0,0,0,0,0,0,0,0,0,0,0,0,0,0.5
BRCA1,ZNF18,P38398,P17022,U,context,False,False,0,0,0,0,0,0,0,0,0,0,0,0,0,0,0,0,0,0,0.5
BRCA1,CSTF1,P38398,Q05048,U,context,False,False,0,0,0,0,0,0,0,0,29,28,29,28,0,0,0,0,1,29,0.5084745762711864
BRCA1,DOT1L,P38398,Q8TEK3,U,context,False,False,0,0,0,0,0,0,0,0,0,0,0,0,0,0,0,0,0,0,0.5
BRCA1,LRR1,P38398,Q96L50,U,context,False,False,0,0,0,0,0,0,0,0,0,0,0,0,9,8,9,8,0,0,0.5
BRCA1,ZNF687,P38398,Q8N1G0,U,context,False,False,0,0,0,0,0,0,0,0,0,0,0,0,0,0,0,0,0,0,0.5
BRCA1,WTIP,P38398,A6NIX2,U,context,False,False,0,0,0,0,0,0,0,0,0,0,0,0,0,0,0,0,0,0,0.5
BRCA1,MX2,P38398,P20592,U,context,False,False,0,0,0,0,0,0,0,0,3,4,3,4,0,0,0,0,1,3,0.4444444444444444
BRCA1,HSF1,P38398,Q00613,U,context,False,False,0,0,0,0,0,0,0,0,64,53,64,53,0,0,0,0,1,64,0.5462184873949579
BRCA1,ZNF222,P38398,Q9UK12,U,context,False,False,0,0,0,0,0,0,0,0,0,0,0,0,0,0,0,0,0,0,0.5
BRCA1,THOC1,P38398,Q96FV9,U,context,False,False,0,0,0,0,0,0,0,0,0,0,0,0,29,23,29,23,0,0,0.5
BRCA1,FBXO38,P38398,Q6PIJ6,U,context,False,False,0,0,0,0,0,0,0,0,33,37,33,37,0,0,0,0,1,33,0.4722222222222222
BRCA1,INPPL1,P38398,O15357,U,context,False,False,0,0,0,0,0,0,0,0,51,73,51,73,0,0,0,0,1,51,0.4126984126984127
BRCA1,DTL,P38398,Q9NZJ0,U,context,False,False,0,0,0,0,0,0,0,0,32,30,32,30,0,0,0,0,1,32,0.515625
BRCA1,CDK11A,P38398,Q9UQ88,U,context,False,False,0,0,0,0,0,0,0,0,0,0,0,0,0,0,0,0,0,0,0.5
BRCA1,GCM2,P38398,O75603,U,context,False,False,0,0,0,0,0,0,0,0,7,6,7,6,0,0,0,0,1,7,0.5333333333333333
BRCA1,MYBL1,P38398,P10243,U,context,False,False,0,0,0,0,0,0,0,0,0,0,0,0,0,0,0,0,0,0,0.5
BRCA1,USP25,P38398,Q9UHP3,U,context,False,False,0,0,0,0,0,0,0,0,0,0,0,0,0,0,0,0,0,0,0.5
BRCA1,USP8,P38398,P40818,U,context,False,False,0,0,0,0,0,0,0,0,0,0,0,0,26,30,26,30,0,0,0.5
BRCA1,LHX5,P38398,Q9H2C1,U,context,False,False,0,0,0,0,0,0,0,0,0,0,0,0,0,0,0,0,0,0,0.5
BRCA1,POLD3,P38398,Q15054,U,context,False,False,0,0,0,0,0,0,0,0,11,12,11,12,0,0,0,0,1,11,0.48
BRCA1,BRF2,P38398,Q9HAW0,U,context,False,False,0,0,0,0,0,0,0,0,0,0,0,0,0,0,0,0,0,0,0.5
BRCA1,AHI1,P38398,Q8N157,U,background,False,False,0,0,0,0,0,0,0,0,19,20,19,20,0,0,0,0,1,19,0.4878048780487805
BRCA1,SEMA5B,P38398,Q9P283,U,background,False,False,0,0,0,0,0,0,0,0,0,0,0,0,3,5,3,5,0,0,0.5
BRCA1,PRIM2,P38398,P49643,U,background,False,False,0,0,0,0,0,0,0,0,0,0,0,0,0,0,0,0,0,0,0.5
BRCA1,PIPOX,P38398,Q9P0Z9,U,background,False,False,0,0,0,0,0,0,0,0,3,2,3,2,0,0,0,0,1,3,0.5714285714285714
BRCA1,SREBF2,P38398,Q12772,U,background,False,False,0,0,0,0,0,0,0,0,0,0,0,0,0,0,0,0,0,0,0.5
BRCA1,ERICH6,P38398,Q7L0X2,U,background,False,False,0,0,0,0,0,0,0,0,0,0,0,0,0,0,0,0,0,0,0.5
BRCA1,ANKMY2,P38398,Q8IV38,U,background,False,False,0,0,0,0,0,0,0,0,8,19,8,19,0,0,0,0,1,8,0.3103448275862069
BRCA1,WDR72,P38398,Q3MJ13,U,background,False,False,0,0,0,0,0,0,0,0,2,1,2,1,0,0,0,0,1,2,0.6
BRCA1,PDZK1,P38398,Q5T2W1,U,background,False,False,0,0,0,0,0,0,0,0,16,21,16,21,0,0,0,0,1,16,0.4358974358974359
BRCA1,UNC45A,P38398,Q9H3U1,U,background,False,False,0,0,0,0,0,0,0,0,57,47,57,47,0,0,0,0,1,57,0.5471698113207547
BRCA1,NLRX1,P38398,Q86UT6,U,background,False,False,0,0,0,0,0,0,0,0,0,0,0,0,17,12,17,12,0,0,0.5
BRCA1,SLC5A9,P38398,Q2M3M2,U,background,False,False,0,0,0,0,0,0,0,0,0,0,0,0,0,0,0,0,0,0,0.5
BRCA1,PPP2R2D,P38398,Q66LE6,U,background,False,False,0,0,0,0,0,0,0,0,41,31,41,31,0,0,0,0,1,41,0.5675675675675675
BRCA1,TAPT1,P38398,Q6NXT6,U,background,False,False,0,0,0,0,0,0,0,0,0,0,0,0,0,0,0,0,0,0,0.5
BRCA1,PNMA6E,P38398,A0A0J9YXQ4,U,background,False,False,0,0,0,0,0,0,0,0,0,0,0,0,0,0,0,0,0,0,0.5
BRCA1,KLKB1,P38398,P03952,U,background,False,False,0,0,0,0,0,0,0,0,0,0,0,0,13,10,0,0,0,0,0.5
BRCA1,BACE2,P38398,Q9Y5Z0,U,background,False,False,0,0,0,0,0,0,0,0,0,0,0,0,0,0,0,0,0,0,0.5
BRCA1,PIBF1,P38398,Q8WXW3,U,background,False,False,0,0,0,0,0,0,0,0,91,84,91,84,0,0,0,0,1,91,0.519774011299435
BRCA1,GATA2,P38398,P23769,U,background,False,False,0,0,0,0,0,0,0,0,0,0,0,0,0,0,0,0,0,0,0.5
BRCA1,MTR,P38398,Q99707,U,background,False,False,0,0,0,0,0,0,0,0,0,0,0,0,0,0,0,0,0,0,0.5
BRCA1,ANO10,P38398,Q9NW15,U,background,False,False,0,0,0,0,0,0,0,0,0,0,0,0,0,0,0,0,0,0,0.5
BRCA1,TRAF3IP3,P38398,Q9Y228,U,background,False,False,0,0,0,0,0,0,0,0,40,39,40,39,0,0,0,0,1,40,0.5061728395061729
BRCA1,FERMT2,P38398,Q96AC1,U,background,False,False,0,0,0,0,0,0,0,0,40,71,40,71,0,0,0,0,1,40,0.36283185840707965
BRCA1,DELE1,P38398,Q14154,U,background,False,False,0,0,0,0,0,0,0,0,0,0,0,0,0,0,0,0,0,0,0.5
BRCA1,GABRA3,P38398,P34903,U,background,False,False,0,0,0,0,0,0,0,0,0,0,0,0,0,0,0,0,0,0,0.5
BRCA1,DRD1,P38398,P21728,U,background,False,False,0,0,0,0,0,0,0,0,0,0,0,0,0,0,0,0,0,0,0.5
BRCA1,URI1,P38398,O94763,U,background,False,False,0,0,0,0,0,0,0,0,51,49,51,49,0,0,0,0,1,51,0.5098039215686274
BRCA1,DNAJC3,P38398,Q13217,U,background,False,False,0,0,0,0,0,0,0,0,0,0,0,0,0,0,0,0,0,0,0.5
BRCA1,SLC26A9,P38398,Q7LBE3,U,background,False,False,0,0,0,0,0,0,0,0,0,0,0,0,0,0,0,0,0,0,0.5
BRCA1,TACR3,P38398,P29371,U,background,False,False,0,0,0,0,0,0,0,0,0,0,0,0,0,0,0,0,0,0,0.5
BRCA1,TOPBP1,P38398,Q92547,U,background,False,False,0,0,0,0,0,0,0,0,0,0,0,0,0,0,0,0,0,0,0.5
BRCA1,LCOR,P38398,Q96JN0,U,background,False,False,0,0,0,0,0,0,0,0,0,0,0,0,11,11,11,11,0,0,0.5
BRCA1,KLHL21,P38398,Q9UJP4,U,background,False,False,0,0,0,0,0,0,0,0,0,0,0,0,0,0,0,0,0,0,0.5
BRCA1,DCAF11,P38398,Q8TEB1,U,background,False,False,0,0,0,0,0,0,0,0,18,15,18,15,0,0,0,0,1,18,0.5428571428571428
BRCA1,LEMD3,P38398,Q9Y2U8,U,background,False,False,0,0,0,0,0,0,0,0,45,49,45,49,0,0,0,0,1,45,0.4791666666666667
BRCA1,EDC4,P38398,Q6P2E9,U,background,False,False,0,0,0,0,0,0,0,0,55,62,55,62,0,0,0,0,1,55,0.47058823529411764
BRCA1,ZC3H6,P38398,P61129,U,background,False,False,0,0,0,0,0,0,0,0,2,1,2,1,0,0,0,0,1,2,0.6
BRCA1,DNAAF3,P38398,Q8N9W5,U,background,False,False,0,0,0,0,0,0,0,0,1,1,1,1,0,0,0,0,1,1,0.5
BRCA1,TMEM102,P38398,Q8N9M5,U,background,False,False,0,0,0,0,0,0,0,0,0,0,0,0,0,0,0,0,0,0,0.5
BRCA1,EIF2A,P38398,Q9BY44,U,background,False,False,0,0,0,0,0,0,0,0,44,36,44,36,0,0,0,0,1,44,0.5487804878048781
BRCA1,RNF25,P38398,Q96BH1,U,background,False,False,0,0,0,0,0,0,0,0,5,5,5,5,0,0,0,0,1,5,0.5
BRCA1,CYP2E1,P38398,P05181,U,background,False,False,0,0,0,0,0,0,0,0,0,0,0,0,0,0,0,0,0,0,0.5
BRCA1,A2ML1,P38398,A8K2U0,U,background,False,False,0,0,0,0,0,0,0,0,0,0,0,0,23,22,23,22,0,0,0.5
BRCA1,SP2,P38398,Q02086,U,background,False,False,0,0,0,0,0,0,0,0,0,0,0,0,0,0,0,0,0,0,0.5
BRCA1,GOPC,P38398,Q9HD26,U,background,False,False,0,0,0,0,0,0,0,0,64,68,64,68,0,0,0,0,1,64,0.48507462686567165
BRCA1,MMP23B,P38398,O75900,U,background,False,False,0,0,0,0,0,0,0,0,0,0,0,0,0,0,0,0,0,0,0.5
BRCA1,SPPL2A,P38398,Q8TCT8,U,background,False,False,0,0,0,0,0,0,0,0,0,0,0,0,0,0,0,0,0,0,0.5
BRCA1,CHRM5,P38398,P08912,U,background,False,False,0,0,0,0,0,0,0,0,0,0,0,0,0,0,0,0,0,0,0.5
BRCA1,NMT1,P38398,P30419,U,background,False,False,0,0,0,0,0,0,0,0,0,0,0,0,0,0,0,0,0,0,0.5
BRCA1,UGT2B11,P38398,O75310,U,background,False,False,0,0,0,0,0,0,0,0,0,0,0,0,0,0,0,0,0,0,0.5
BRCA1,SRPK2,P38398,P78362,U,context,False,False,0,0,0,0,0,0,0,0,221,212,221,212,0,0,0,0,1,221,0.5103448275862069
BRCA1,LPIN2,P38398,Q92539,U,context,False,False,0,0,0,0,0,0,0,0,0,0,0,0,3,4,3,4,0,0,0.5
BRCA1,CUL2,P38398,Q13617,U,context,False,False,0,0,0,0,0,0,0,0,135,134,135,134,0,0,0,0,1,135,0.5018450184501845
BRCA1,UBA7,P38398,P41226,U,context,False,False,0,0,0,0,0,0,0,0,0,0,0,0,0,0,0,0,0,0,0.5
BRCA1,AHRR,P38398,A9YTQ3,U,context,False,False,0,0,0,0,0,0,0,0,0,0,0,0,0,0,0,0,0,0,0.5
BRCA1,CHAMP1,P38398,Q96JM3,U,context,False,False,0,0,0,0,0,0,0,0,0,0,0,0,0,0,0,0,0,0,0.5
BRCA1,MED24,P38398,O75448,U,context,False,False,0,0,0,0,0,0,0,0,0,0,0,0,14,9,14,9,0,0,0.5
BRCA1,POU6F1,P38398,Q14863,U,context,False,False,0,0,0,0,0,0,0,0,0,0,0,0,0,0,0,0,0,0,0.5
BRCA1,PHF20L1,P38398,A8MW92,U,context,False,False,0,0,0,0,0,0,0,0,0,0,0,0,0,0,0,0,0,0,0.5
BRCA1,TGS1,P38398,Q96RS0,U,context,False,False,0,0,0,0,0,0,0,0,0,0,0,0,9,17,9,17,0,0,0.5
BRCA1,ZBED1,P38398,O96006,U,context,False,False,0,0,0,0,0,0,0,0,0,0,0,0,0,0,0,0,0,0,0.5
BRCA1,ZXDA,P38398,P98168,U,context,False,False,0,0,0,0,0,0,0,0,0,0,0,0,0,0,0,0,0,0,0.5
BRCA1,SF3B2,P38398,Q13435,U,context,False,False,0,0,0,0,0,0,0,0,111,119,111,119,0,0,0,0,1,111,0.4827586206896552
BRCA1,ZRANB3,P38398,Q5FWF4,U,context,False,False,0,0,0,0,0,0,0,0,7,4,7,4,0,0,0,0,1,7,0.6153846153846154
BRCA1,PPARGC1A,P38398,Q9UBK2,U,context,False,False,0,0,0,0,0,0,0,0,17,21,17,21,0,0,0,0,1,17,0.45
BRCA1,TNKS2,P38398,Q9H2K2,U,context,False,False,0,0,0,0,0,0,0,0,0,0,0,0,0,0,0,0,0,0,0.5
BRCA1,DDX41,P38398,Q9UJV9,U,context,False,False,0,0,0,0,0,0,0,0,0,0,0,0,0,0,0,0,0,0,0.5
BRCA1,GEN1,P38398,Q17RS7,U,context,False,False,0,0,0,0,0,0,0,0,0,0,0,0,0,0,0,0,0,0,0.5
BRCA1,DCAF6,P38398,Q58WW2,U,context,False,False,0,0,0,0,0,0,0,0,19,17,19,17,0,0,0,0,1,19,0.5263157894736842
BRCA1,MORC2,P38398,Q9Y6X9,U,context,False,False,0,0,0,0,0,0,0,0,13,14,13,14,0,0,0,0,1,13,0.4827586206896552
BRCA1,TAF1C,P38398,Q15572,U,context,False,False,0,0,0,0,0,0,0,0,20,11,20,11,0,0,0,0,1,20,0.6363636363636364
BRCA1,WRN,P38398,Q14191,U,context,False,False,0,0,0,0,0,0,0,0,0,0,0,0,0,0,0,0,0,0,0.5
BRCA1,ZNF28,P38398,P17035,U,context,False,False,0,0,0,0,0,0,0,0,0,0,0,0,0,0,0,0,0,0,0.5
BRCA1,ZNF84,P38398,P51523,U,context,False,False,0,0,0,0,0,0,0,0,0,0,0,0,0,0,0,0,0,0,0.5
BRCA1,ZFP37,P38398,Q9Y6Q3,U,context,False,False,0,0,0,0,0,0,0,0,0,0,0,0,0,0,0,0,0,0,0.5
BRCA1,IPO11,P38398,Q9UI26,U,context,False,False,0,0,0,0,0,0,0,0,0,0,0,0,0,0,0,0,0,0,0.5
BRCA1,ZC3H11A,P38398,O75152,U,context,False,False,0,0,0,0,0,0,0,0,0,0,0,0,22,21,22,21,0,0,0.5
BRCA1,SMC2,P38398,O95347,U,context,False,False,0,0,0,0,0,0,0,0,50,64,50,64,0,0,0,0,1,50,0.4396551724137931
BRCA1,NR4A3,P38398,Q92570,U,context,False,False,0,0,0,0,0,0,0,0,0,0,0,0,8,8,8,8,0,0,0.5
BRCA1,MAML3,P38398,Q96JK9,U,context,False,False,0,0,0,0,0,0,0,0,0,0,0,0,2,2,2,2,0,0,0.5
BRCA1,MYO1C,P38398,O00159,U,context,False,False,0,0,0,0,0,0,0,0,0,0,0,0,0,0,0,0,0,0,0.5
BRCA1,LMNA,P38398,P02545,U,context,False,False,0,0,0,0,0,0,0,0,310,225,310,225,0,0,0,0,1,310,0.5791433891992551
BRCA1,PHF20,P38398,Q9BVI0,U,context,False,False,0,0,0,0,0,0,0,0,0,0,0,0,0,0,0,0,0,0,0.5
BRCA1,GCFC2,P38398,P16383,U,context,False,False,0,0,0,0,0,0,0,0,0,0,0,0,0,0,0,0,0,0,0.5
BRCA1,ATN1,P38398,P54259,U,context,False,False,0,0,0,0,0,0,0,0,0,0,0,0,0,0,0,0,0,0,0.5
BRCA1,PPP1R26,P38398,Q5T8A7,U,context,False,False,0,0,0,0,0,0,0,0,0,0,0,0,1,1,1,1,0,0,0.5
BRCA1,DACT1,P38398,Q9NYF0,U,context,False,False,0,0,0,0,0,0,0,0,0,0,0,0,4,2,4,2,0,0,0.5
BRCA1,ECT2,P38398,Q9H8V3,U,context,False,False,0,0,0,0,0,0,0,0,230,239,230,239,0,0,0,0,1,230,0.49044585987261147
BRCA1,THOC5,P38398,Q13769,U,context,False,False,0,0,0,0,0,0,0,0,26,34,26,34,0,0,0,0,1,26,0.43548387096774194
BRCA1,DGKI,P38398,O75912,U,context,False,False,0,0,0,0,0,0,0,0,0,0,0,0,0,0,0,0,0,0,0.5
BRCA1,RAD54L,P38398,Q92698,U,context,False,False,0,0,0,0,0,0,0,0,0,0,0,0,0,0,0,0,0,0,0.5
BRCA1,KANSL1,P38398,Q7Z3B3,U,context,False,False,0,0,0,0,0,0,0,0,0,0,0,0,8,4,0,0,0,0,0.5
BRCA1,BTK,P38398,Q06187,U,context,False,False,0,0,0,0,0,0,0,0,0,0,0,0,0,0,0,0,0,0,0.5
BRCA1,SAGE1,P38398,Q9NXZ1,U,context,False,False,0,0,0,0,0,0,0,0,0,0,0,0,0,0,0,0,0,0,0.5
BRCA1,JAK2,P38398,O60674,U,context,False,False,0,0,0,0,0,0,0,0,60,64,60,64,0,0,0,0,1,60,0.48412698412698413
BRCA1,UBA1,P38398,P22314,U,context,False,False,0,0,0,0,0,0,0,0,115,124,115,124,0,0,0,0,1,115,0.48132780082987553
BRCA1,STAG1,P38398,Q8WVM7,U,context,False,False,0,0,0,0,0,0,0,0,20,17,20,17,0,0,0,0,1,20,0.5384615384615384
BRCA1,PRKCE,P38398,Q02156,U,context,False,False,0,0,0,0,0,0,0,0,31,61,31,61,0,0,0,0,1,31,0.3404255319148936
BRCA1,PLCZ1,P38398,Q86YW0,U,context,False,False,0,0,0,0,0,0,0,0,0,0,0,0,0,0,0,0,0,0,0.5
BRCA1,INTS9,P38398,Q9NV88,U,context,False,False,0,0,0,0,0,0,0,0,0,0,0,0,5,13,5,13,0,0,0.5
BRCA1,GRN,P38398,P28799,U,background,False,False,0,0,0,0,0,0,0,0,0,0,0,0,92,85,92,85,0,0,0.5
BRCA1,KLHL40,P38398,Q2TBA0,U,background,False,False,0,0,0,0,0,0,0,0,0,0,0,0,0,0,0,0,0,0,0.5
BRCA1,CIZ1,P38398,Q9ULV3,U,background,False,False,0,0,0,0,0,0,0,0,0,0,0,0,0,0,0,0,0,0,0.5
BRCA1,CTDP1,P38398,Q9Y5B0,U,background,False,False,0,0,0,0,0,0,0,0,61,62,61,62,0,0,0,0,1,61,0.496
BRCA1,ZSCAN12,P38398,O43309,U,background,False,False,0,0,0,0,0,0,0,0,0,0,0,0,0,0,0,0,0,0,0.5
BRCA1,WDR44,P38398,Q5JSH3,U,background,False,False,0,0,0,0,0,0,0,0,17,24,17,24,0,0,0,0,1,17,0.4186046511627907
BRCA1,HELQ,P38398,Q8TDG4,U,background,False,False,0,0,0,0,0,0,0,0,0,0,0,0,0,0,0,0,0,0,0.5
BRCA1,PCDHA11,P38398,Q9Y5I1,U,background,False,False,0,0,0,0,0,0,0,0,0,0,0,0,0,0,0,0,0,0,0.5
BRCA1,RESF1,P38398,Q9HCM1,U,background,False,False,0,0,0,0,0,0,0,0,0,0,0,0,0,0,0,0,0,0,0.5
BRCA1,KIAA0408,P38398,Q6ZU52,U,background,False,False,0,0,0,0,0,0,0,0,28,39,28,39,0,0,0,0,1,28,0.42028985507246375
BRCA1,SF3B3,P38398,Q15393,U,background,False,False,0,0,0,0,0,0,0,0,143,114,143,114,0,0,0,0,1,143,0.555984555984556
BRCA1,FRMPD2,P38398,Q68DX3,U,background,False,False,0,0,0,0,0,0,0,0,2,1,2,1,0,0,0,0,1,2,0.6
BRCA1,KLHL14,P38398,Q9P2G3,U,background,False,False,0,0,0,0,0,0,0,0,0,0,0,0,0,0,0,0,0,0,0.5
BRCA1,NOP56,P38398,O00567,U,background,False,False,0,0,0,0,0,0,0,0,0,0,0,0,106,83,106,83,0,0,0.5
BRCA1,PPIP5K2,P38398,O43314,U,background,False,False,0,0,0,0,0,0,0,0,0,0,0,0,0,0,0,0,0,0,0.5
BRCA1,ARFGEF3,P38398,Q5TH69,U,background,False,False,0,0,0,0,0,0,0,0,0,0,0,0,0,0,0,0,0,0,0.5
BRCA1,BRME1,P38398,Q0VDD7,U,background,False,False,0,0,0,0,0,0,0,0,0,0,0,0,0,0,0,0,0,0,0.5
BRCA1,PXDN,P38398,Q92626,U,background,False,False,0,0,0,0,0,0,0,0,0,0,0,0,21,20,21,20,0,0,0.5
BRCA1,FER1L6,P38398,Q2WGJ9,U,background,False,False,0,0,0,0,0,0,0,0,0,0,0,0,0,0,0,0,0,0,0.5
BRCA1,ABCE1,P38398,P61221,U,background,False,False,0,0,0,0,0,0,0,0,86,104,86,104,0,0,0,0,1,86,0.453125
BRCA1,KLHL8,P38398,Q9P2G9,U,background,False,False,0,0,0,0,0,0,0,0,0,0,0,0,0,0,0,0,0,0,0.5
BRCA1,SCN10A,P38398,Q9Y5Y9,U,background,False,False,0,0,0,0,0,0,0,0,0,0,0,0,0,0,0,0,0,0,0.5
BRCA1,SLC9A2,P38398,Q9UBY0,U,background,False,False,0,0,0,0,0,0,0,0,0,0,0,0,0,0,0,0,0,0,0.5
BRCA1,LRCH3,P38398,Q96II8,U,background,False,False,0,0,0,0,0,0,0,0,0,0,0,0,10,10,10,10,0,0,0.5
BRCA1,EXOSC10,P38398,Q01780,U,background,False,False,0,0,0,0,0,0,0,0,0,0,0,0,40,43,40,43,0,0,0.5
BRCA1,GOLGA6L2,P38398,Q8N9W4,U,background,False,False,0,0,0,0,0,0,0,0,0,0,0,0,0,0,0,0,0,0,0.5
BRCA1,KIAA1217,P38398,Q5T5P2,U,background,False,False,0,0,0,0,0,0,0,0,0,0,0,0,0,0,0,0,0,0,0.5
BRCA1,LRRC7,P38398,Q96NW7,U,background,False,False,0,0,0,0,0,0,0,0,0,0,0,0,0,0,0,0,0,0,0.5
BRCA1,KIAA0586,P38398,Q9BVV6,U,background,False,False,0,0,0,0,0,0,0,0,0,0,0,0,0,0,0,0,0,0,0.5
BRCA1,TTLL6,P38398,Q8N841,U,background,False,False,0,0,0,0,0,0,0,0,0,0,0,0,0,0,0,0,0,0,0.5
BRCA1,OTUD7B,P38398,Q6GQQ9,U,background,False,False,0,0,0,0,0,0,0,0,0,0,0,0,0,0,0,0,0,0,0.5
BRCA1,ABCC4,P38398,O15439,U,background,False,False,0,0,0,0,0,0,0,0,11,11,11,11,0,0,0,0,1,11,0.5
BRCA1,SIK1,P38398,P57059,U,background,False,False,0,0,0,0,0,0,0,0,0,0,0,0,0,0,0,0,0,0,0.5
BRCA1,SLC4A2,P38398,P04920,U,background,False,False,0,0,0,0,0,0,0,0,0,0,0,0,0,0,0,0,0,0,0.5
BRCA1,RABGAP1L,P38398,Q5R372,U,background,False,False,0,0,0,0,0,0,0,0,0,0,0,0,0,0,0,0,0,0,0.5
BRCA1,MS4A14,P38398,Q96JA4,U,background,False,False,0,0,0,0,0,0,0,0,0,0,0,0,0,0,0,0,0,0,0.5
BRCA1,UBE4A,P38398,Q14139,U,background,False,False,0,0,0,0,0,0,0,0,18,19,18,19,0,0,0,0,1,18,0.48717948717948717
BRCA1,ADAMTSL2,P38398,Q86TH1,U,background,False,False,0,0,0,0,0,0,0,0,0,0,0,0,3,0,3,0,0,0,0.5
BRCA1,TDRD5,P38398,Q8NAT2,U,background,False,False,0,0,0,0,0,0,0,0,0,0,0,0,0,0,0,0,0,0,0.5
BRCA1,PARP14,P38398,Q460N5,U,background,False,False,0,0,0,0,0,0,0,0,0,0,0,0,0,0,0,0,0,0,0.5
BRCA1,ZNF516,P38398,Q92618,U,background,False,False,0,0,0,0,0,0,0,0,0,0,0,0,0,0,0,0,0,0,0.5
BRCA1,MYO18A,P38398,Q92614,U,background,False,False,0,0,0,0,0,0,0,0,0,0,0,0,0,0,0,0,0,0,0.5
BRCA1,TAOK3,P38398,Q9H2K8,U,background,False,False,0,0,0,0,0,0,0,0,0,0,0,0,0,0,0,0,0,0,0.5
BRCA1,ARHGAP30,P38398,Q7Z6I6,U,background,False,False,0,0,0,0,0,0,0,0,2,2,2,2,0,0,0,0,1,2,0.5
BRCA1,CFAP20DC,P38398,Q6ZVT6,U,background,False,False,0,0,0,0,0,0,0,0,0,0,0,0,0,0,0,0,0,0,0.5
BRCA1,DAAM2,P38398,Q86T65,U,background,False,False,0,0,0,0,0,0,0,0,0,0,0,0,0,0,0,0,0,0,0.5
BRCA1,TMEM94,P38398,Q12767,U,background,False,False,0,0,0,0,0,0,0,0,0,0,0,0,0,0,0,0,0,0,0.5
BRCA1,NOL4,P38398,O94818,U,background,False,False,0,0,0,0,0,0,0,0,9,8,9,8,0,0,0,0,1,9,0.5263157894736842
BRCA1,RPTOR,P38398,Q8N122,U,background,False,False,0,0,0,0,0,0,0,0,95,101,95,101,0,0,0,0,1,95,0.48484848484848486
BRCA1,ZNF224,P38398,Q9NZL3,U,background,False,False,0,0,0,0,0,0,0,0,0,0,0,0,0,0,0,0,0,0,0.5
BRCA1,ANLN,P38398,Q9NQW6,U,context,False,False,0,0,0,0,0,0,0,0,292,346,292,346,0,0,0,0,1,292,0.4578125
BRCA1,NUP205,P38398,Q92621,U,context,False,False,0,0,0,0,0,0,0,0,0,0,0,0,0,0,0,0,0,0,0.5
BRCA1,XPO7,P38398,Q9UIA9,U,context,False,False,0,0,0,0,0,0,0,0,0,0,0,0,0,0,0,0,0,0,0.5
BRCA1,ZNF473,P38398,Q8WTR7,U,context,False,False,0,0,0,0,0,0,0,0,0,0,0,0,0,0,0,0,0,0,0.5
BRCA1,CC2D1B,P38398,Q5T0F9,U,context,False,False,0,0,0,0,0,0,0,0,0,0,0,0,0,0,0,0,0,0,0.5
BRCA1,ZMYM1,P38398,Q5SVZ6,U,context,False,False,0,0,0,0,0,0,0,0,0,0,0,0,0,0,0,0,0,0,0.5
BRCA1,POLR2B,P38398,P30876,U,context,False,False,0,0,0,0,0,0,0,0,0,0,0,0,0,0,0,0,0,0,0.5
BRCA1,ZNF555,P38398,Q8NEP9,U,context,False,False,0,0,0,0,0,0,0,0,0,0,0,0,0,0,0,0,0,0,0.5
BRCA1,AHR,P38398,P35869,U,context,False,False,0,0,0,0,0,0,0,0,0,0,0,0,0,0,0,0,0,0,0.5
BRCA1,ZNF337,P38398,Q9Y3M9,U,context,False,False,0,0,0,0,0,0,0,0,0,0,0,0,0,0,0,0,0,0,0.5
BRCA1,CTNND1,P38398,O60716,U,context,False,False,0,0,0,0,0,0,0,0,60,81,60,81,0,0,0,0,1,60,0.42657342657342656
BRCA1,POLR2A,P38398,P24928,U,context,False,False,0,0,0,0,0,0,0,0,0,0,0,0,0,0,0,0,0,0,0.5
BRCA1,BOP1,P38398,Q14137,U,context,False,False,0,0,0,0,0,0,0,0,42,45,42,45,0,0,0,0,1,42,0.48314606741573035
BRCA1,ZFPM1,P38398,Q8IX07,U,context,False,False,0,0,0,0,0,0,0,0,0,0,0,0,0,0,0,0,0,0,0.5
BRCA1,YTHDC1,P38398,Q96MU7,U,context,False,False,0,0,0,0,0,0,0,0,0,0,0,0,0,0,0,0,0,0,0.5
BRCA1,ZNF595,P38398,Q8IYB9,U,context,False,False,0,0,0,0,0,0,0,0,0,0,0,0,0,0,0,0,0,0,0.5
BRCA1,NOL9,P38398,Q5SY16,U,context,False,False,0,0,0,0,0,0,0,0,29,35,29,35,0,0,0,0,1,29,0.45454545454545453
BRCA1,NLRP6,P38398,P59044,U,context,False,False,0,0,0,0,0,0,0,0,0,0,0,0,0,0,0,0,0,0,0.5
BRCA1,FMN2,P38398,Q9NZ56,U,context,False,False,0,0,0,0,0,0,0,0,0,0,0,0,0,0,0,0,0,0,0.5
BRCA1,NUP188,P38398,Q5SRE5,U,context,False,False,0,0,0,0,0,0,0,0,0,0,0,0,0,0,0,0,0,0,0.5
BRCA1,ARMC8,P38398,Q8IUR7,U,context,False,False,0,0,0,0,0,0,0,0,49,45,49,45,0,0,0,0,1,49,0.5208333333333334
BRCA1,ILF3,P38398,Q12906,U,context,False,False,0,0,0,0,0,0,0,0,0,0,0,0,0,0,0,0,0,0,0.5
BRCA1,TSR1,P38398,Q2NL82,U,context,False,False,0,0,0,0,0,0,0,0,60,48,60,48,0,0,0,0,1,60,0.5545454545454546
BRCA1,DGCR8,P38398,Q8WYQ5,U,context,False,False,0,0,0,0,0,0,0,0,73,68,73,68,0,0,0,0,1,73,0.5174825174825175
BRCA1,MICAL2,P38398,O94851,U,context,False,False,0,0,0,0,0,0,0,0,0,0,0,0,0,0,0,0,0,0,0.5
BRCA1,SAMD11,P38398,Q96NU1,U,context,False,False,0,0,0,0,0,0,0,0,0,0,0,0,0,0,0,0,0,0,0.5
BRCA1,PPP6R3,P38398,Q5H9R7,U,context,False,False,0,0,0,0,0,0,0,0,0,0,0,0,0,0,0,0,0,0,0.5
BRCA1,UBR2,P38398,Q8IWV8,U,context,False,False,0,0,0,0,0,0,0,0,0,0,0,0,0,0,0,0,0,0,0.5
BRCA1,PPP4R3B,P38398,Q5MIZ7,U,context,False,False,0,0,0,0,0,0,0,0,0,0,0,0,15,10,15,10,0,0,0.5
BRCA1,SIRT1,P38398,Q96EB6,U,context,False,False,0,0,0,0,0,0,0,0,0,0,0,0,0,0,0,0,0,0,0.5
BRCA1,EZH2,P38398,Q15910,U,context,False,False,0,0,0,0,0,0,0,0,0,0,0,0,0,0,0,0,0,0,0.5
BRCA1,FBXL19,P38398,Q6PCT2,U,context,False,False,0,0,0,0,0,0,0,0,0,0,0,0,14,6,14,6,0,0,0.5
BRCA1,ZNF263,P38398,O14978,U,context,False,False,0,0,0,0,0,0,0,0,0,0,0,0,0,0,0,0,0,0,0.5
BRCA1,FGD2,P38398,Q7Z6J4,U,context,False,False,0,0,0,0,0,0,0,0,0,0,0,0,0,0,0,0,0,0,0.5
BRCA1,USP26,P38398,Q9BXU7,U,context,False,False,0,0,0,0,0,0,0,0,0,0,0,0,1,4,1,4,0,0,0.5
BRCA1,TPX2,P38398,Q9ULW0,U,context,False,False,0,0,0,0,0,0,0,0,55,64,55,64,0,0,0,0,1,55,0.4628099173553719
BRCA1,ZNF341,P38398,Q9BYN7,U,context,False,False,0,0,0,0,0,0,0,0,0,0,0,0,0,0,0,0,0,0,0.5
BRCA1,RFX4,P38398,Q33E94,U,context,False,False,0,0,0,0,0,0,0,0,0,3,0,3,0,0,0,0,1,0,0.2
BRCA1,RNF169,P38398,Q8NCN4,U,context,False,False,0,0,0,0,0,0,0,0,28,23,28,23,0,0,0,0,1,28,0.5471698113207547
BRCA1,CTNNA1,P38398,P35221,U,context,False,False,0,0,0,0,0,0,0,0,0,0,0,0,0,0,0,0,0,0,0.5
BRCA1,DNMT3A,P38398,Q9Y6K1,U,context,False,False,0,0,0,0,0,0,0,0,0,0,0,0,0,0,0,0,0,0,0.5
BRCA1,MN1,P38398,Q10571,U,context,False,False,0,0,0,0,0,0,0,0,0,0,0,0,1,6,1,6,0,0,0.5
BRCA1,MED14,P38398,O60244,U,context,False,False,0,0,0,0,0,0,0,0,37,39,37,39,0,0,0,0,1,37,0.48717948717948717
BRCA1,WWP1,P38398,Q9H0M0,U,context,False,False,0,0,0,0,0,0,0,0,43,49,43,49,0,0,0,0,1,43,0.46808510638297873
BRCA1,DHX35,P38398,Q9H5Z1,U,context,False,False,0,0,0,0,0,0,0,0,0,0,0,0,0,0,0,0,0,0,0.5
BRCA1,RBM12,P38398,Q9NTZ6,U,context,False,False,0,0,0,0,0,0,0,0,25,16,25,16,0,0,0,0,1,25,0.6046511627906976
BRCA1,NAT10,P38398,Q9H0A0,U,context,False,False,0,0,0,0,0,0,0,0,62,70,62,70,0,0,0,0,1,62,0.4701492537313433
BRCA1,ROCK2,P38398,O75116,U,context,False,False,0,0,0,0,0,0,0,0,30,53,30,53,0,0,0,0,1,30,0.36470588235294116
BRCA1,PLCB1,P38398,Q9NQ66,U,context,False,False,0,0,0,0,0,0,0,0,31,40,31,40,0,0,0,0,1,31,0.4383561643835616
BRCA1,AGTPBP1,P38398,Q9UPW5,U,context,False,False,0,0,0,0,0,0,0,0,0,0,0,0,0,0,0,0,0,0,0.5
BRCA1,MLH3,P38398,Q9UHC1,U,background,False,False,0,0,0,0,0,0,0,0,0,0,0,0,10,14,10,14,0,0,0.5
BRCA1,ZNF534,P38398,Q76KX8,U,background,False,False,0,0,0,0,0,0,0,0,0,0,0,0,0,0,0,0,0,0,0.5
BRCA1,SFI1,P38398,A8K8P3,U,background,False,False,0,0,0,0,0,0,0,0,6,3,6,3,0,0,0,0,1,6,0.6363636363636364
BRCA1,CTTNBP2NL,P38398,Q9P2B4,U,background,False,False,0,0,0,0,0,0,0,0,19,27,19,27,0,0,0,0,1,19,0.4166666666666667
BRCA1,PRKCQ,P38398,Q04759,U,background,False,False,0,0,0,0,0,0,0,0,0,0,0,0,0,0,0,0,0,0,0.5
BRCA1,IREB2,P38398,P48200,U,background,False,False,0,0,0,0,0,0,0,0,0,0,0,0,5,7,5,7,0,0,0.5
BRCA1,RNF216,P38398,Q9NWF9,U,background,False,False,0,0,0,0,0,0,0,0,15,15,15,15,0,0,0,0,1,15,0.5
BRCA1,ZNF568,P38398,Q3ZCX4,U,background,False,False,0,0,0,0,0,0,0,0,0,0,0,0,0,0,0,0,0,0,0.5
BRCA1,LTBP1,P38398,Q14766,U,background,False,False,0,0,0,0,0,0,0,0,0,0,0,0,0,0,0,0,0,0,0.5
BRCA1,VWA5B2,P38398,Q8N398,U,background,False,False,0,0,0,0,0,0,0,0,0,0,0,0,2,5,2,5,0,0,0.5
BRCA1,EFHB,P38398,Q8N7U6,U,background,False,False,0,0,0,0,0,0,0,0,0,0,0,0,1,3,1,3,0,0,0.5
BRCA1,ATP8A2,P38398,Q9NTI2,U,background,False,False,0,0,0,0,0,0,0,0,0,0,0,0,0,0,0,0,0,0,0.5
BRCA1,CCDC30,P38398,Q5VVM6,U,background,False,False,0,0,0,0,0,0,0,0,1,0,1,0,0,0,0,0,1,1,0.6666666666666666
BRCA1,PTCHD3,P38398,Q3KNS1,U,background,False,False,0,0,0,0,0,0,0,0,0,0,0,0,7,8,7,8,0,0,0.5
BRCA1,PARP1,P38398,P09874,U,background,False,False,0,0,0,0,0,0,0,0,208,196,208,196,0,0,0,0,1,208,0.5147783251231527
BRCA1,PSD,P38398,A5PKW4,U,background,False,False,0,0,0,0,0,0,0,0,4,6,4,6,0,0,0,0,1,4,0.4166666666666667
BRCA1,EPB41L3,P38398,Q9Y2J2,U,background,False,False,0,0,0,0,0,0,0,0,0,0,0,0,30,29,30,29,0,0,0.5
BRCA1,SMARCA4,P38398,P51532,U,background,False,False,0,0,0,0,0,0,0,0,0,0,0,0,0,0,0,0,0,0,0.5
BRCA1,LRRC32,P38398,Q14392,U,background,False,False,0,0,0,0,0,0,0,0,0,0,0,0,9,12,9,12,0,0,0.5
BRCA1,FGD6,P38398,Q6ZV73,U,background,False,False,0,0,0,0,0,0,0,0,7,10,7,10,0,0,0,0,1,7,0.42105263157894735
BRCA1,TNNI3K,P38398,Q59H18,U,background,False,False,0,0,0,0,0,0,0,0,4,4,4,4,0,0,0,0,1,4,0.5
BRCA1,ZBTB47,P38398,Q9UFB7,U,background,False,False,0,0,0,0,0,0,0,0,0,0,0,0,0,0,0,0,0,0,0.5
BRCA1,HGF,P38398,P14210,U,background,False,False,0,0,0,0,0,0,0,0,0,0,0,0,16,16,16,16,0,0,0.5
BRCA1,CACNA1E,P38398,Q15878,U,background,False,False,0,0,0,0,0,0,0,0,0,0,0,0,0,0,0,0,0,0,0.5
BRCA1,ITGA10,P38398,O75578,U,background,False,False,0,0,0,0,0,0,0,0,0,0,0,0,0,1,0,1,0,0,0.5
BRCA1,NIBAN2,P38398,Q96TA1,U,background,False,False,0,0,0,0,0,0,0,0,0,0,0,0,0,0,0,0,0,0,0.5
BRCA1,RASAL3,P38398,Q86YV0,U,background,False,False,0,0,0,0,0,0,0,0,15,13,15,13,0,0,0,0,1,15,0.5333333333333333
BRCA1,FGD4,P38398,Q96M96,U,background,False,False,0,0,0,0,0,0,0,0,0,0,0,0,0,0,0,0,0,0,0.5
BRCA1,HSPA4L,P38398,O95757,U,background,False,False,0,0,0,0,0,0,0,0,0,0,0,0,0,0,0,0,0,0,0.5
BRCA1,SRPRA,P38398,P08240,U,background,False,False,0,0,0,0,0,0,0,0,0,0,0,0,0,0,0,0,0,0,0.5
BRCA1,TXNDC16,P38398,Q9P2K2,U,background,False,False,0,0,0,0,0,0,0,0,0,0,0,0,0,0,0,0,0,0,0.5
BRCA1,NCOA2,P38398,Q15596,U,background,False,False,0,0,0,0,0,0,0,0,0,0,0,0,0,0,0,0,0,0,0.5
BRCA1,SYMPK,P38398,Q92797,U,background,False,False,0,0,0,0,0,0,0,0,39,42,39,42,0,0,0,0,1,39,0.4819277108433735
BRCA1,MAGI1,P38398,Q96QZ7,U,background,False,False,0,0,0,0,0,0,0,0,53,81,53,81,0,0,0,0,1,53,0.39705882352941174
BRCA1,SCART1,P38398,Q4G0T1,U,background,False,False,0,0,0,0,0,0,0,0,0,0,0,0,0,0,0,0,0,0,0.5
BRCA1,ANGEL1,P38398,Q9UNK9,U,background,False,False,0,0,0,0,0,0,0,0,0,0,0,0,9,13,9,13,0,0,0.5
BRCA1,ZNF609,P38398,O15014,U,background,False,False,0,0,0,0,0,0,0,0,0,0,0,0,0,0,0,0,0,0,0.5
BRCA1,ZBTB48,P38398,P10074,U,background,False,False,0,0,0,0,0,0,0,0,0,0,0,0,0,0,0,0,0,0,0.5
BRCA1,PDE2A,P38398,O00408,U,background,False,False,0,0,0,0,0,0,0,0,31,23,31,23,0,0,0,0,1,31,0.5714285714285714
BRCA1,MAP4K5,P38398,Q9Y4K4,U,background,False,False,0,0,0,0,0,0,0,0,0,0,0,0,0,0,0,0,0,0,0.5
BRCA1,SIPA1L3,P38398,O60292,U,background,False,False,0,0,0,0,0,0,0,0,0,0,0,0,0,0,0,0,0,0,0.5
BRCA1,DHX58,P38398,Q96C10,U,background,False,False,0,0,0,0,0,0,0,0,0,0,0,0,0,0,0,0,0,0,0.5
BRCA1,RPS6KC1,P38398,Q96S38,U,background,False,False,0,0,0,0,0,0,0,0,4,9,4,9,0,0,0,0,1,4,0.3333333333333333
BRCA1,ITGAL,P38398,P20701,U,background,False,False,0,0,0,0,0,0,0,0,0,0,0,0,7,9,7,9,0,0,0.5
BRCA1,PCDHGB6,P38398,Q9Y5F9,U,background,False,False,0,0,0,0,0,0,0,0,0,0,0,0,0,0,0,0,0,0,0.5
BRCA1,WDR81,P38398,Q562E7,U,background,False,False,0,0,0,0,0,0,0,0,0,0,0,0,0,0,0,0,0,0,0.5
BRCA1,DACT2,P38398,Q5SW24,U,background,False,False,0,0,0,0,0,0,0,0,2,6,2,6,0,0,0,0,1,2,0.3
BRCA1,ANO6,P38398,Q4KMQ2,U,background,False,False,0,0,0,0,0,0,0,0,0,0,0,0,0,0,0,0,0,0,0.5
BRCA1,SLC15A1,P38398,P46059,U,background,False,False,0,0,0,0,0,0,0,0,0,0,0,0,0,0,0,0,0,0,0.5
BRCA1,PTPN21,P38398,Q16825,U,background,False,False,0,0,0,0,0,0,0,0,0,0,0,0,0,0,0,0,0,0,0.5
BRCA1,GREP1,P38398,A0A0J9YXV3,U,low_plausibility,False,False,0,0,0,0,0,0,0,0,0,0,0,0,0,0,0,0,0,0,0.5
BRCA1,ANGPT2,P38398,O15123,U,low_plausibility,False,False,0,0,0,0,0,0,0,0,0,0,0,0,0,0,0,0,0,0,0.5
BRCA1,COCH,P38398,O43405,U,low_plausibility,False,False,0,0,0,0,0,0,0,0,0,0,0,0,18,11,18,11,0,0,0.5
BRCA1,ANGPTL1,P38398,O95841,U,low_plausibility,False,False,0,0,0,0,0,0,0,0,0,0,0,0,0,0,0,0,0,0,0.5
BRCA1,F9,P38398,P00740,U,low_plausibility,False,False,0,0,0,0,0,0,0,0,0,0,0,0,0,0,0,0,0,0,0.5
BRCA1,FGB,P38398,P02675,U,low_plausibility,False,False,0,0,0,0,0,0,0,0,0,0,0,0,48,55,48,55,0,0,0.5
BRCA1,FGG,P38398,P02679,U,low_plausibility,False,False,0,0,0,0,0,0,0,0,0,0,0,0,19,31,19,31,0,0,0.5
BRCA1,GC,P38398,P02774,U,low_plausibility,False,False,0,0,0,0,0,0,0,0,7,16,7,16,0,0,0,0,1,7,0.32
BRCA1,VTN,P38398,P04004,U,low_plausibility,False,False,0,0,0,0,0,0,0,0,0,0,0,0,51,45,51,45,0,0,0.5
BRCA1,PROC,P38398,P04070,U,low_plausibility,False,False,0,0,0,0,0,0,0,0,0,0,0,0,9,14,9,14,0,0,0.5
BRCA1,HRG,P38398,P04196,U,low_plausibility,False,False,0,0,0,0,0,0,0,0,0,0,0,0,14,14,14,14,0,0,0.5
BRCA1,SERPING1,P38398,P05155,U,low_plausibility,False,False,0,0,0,0,0,0,0,0,0,0,0,0,21,29,21,29,0,0,0.5
BRCA1,CFI,P38398,P05156,U,low_plausibility,False,False,0,0,0,0,0,0,0,0,0,0,0,0,8,8,8,8,0,0,0.5
BRCA1,PSAP,P38398,P07602,U,low_plausibility,False,False,0,0,0,0,0,0,0,0,0,0,0,0,18,19,18,19,0,0,0.5
BRCA1,F7,P38398,P08709,U,low_plausibility,False,False,0,0,0,0,0,0,0,0,0,0,0,0,7,10,7,10,0,0,0.5
BRCA1,ACAA1,P38398,P09110,U,low_plausibility,False,False,0,0,0,0,0,0,0,0,0,0,0,0,10,8,10,8,0,0,0.5
BRCA1,LIPC,P38398,P11150,U,low_plausibility,False,False,0,0,0,0,0,0,0,0,0,0,0,0,0,0,0,0,0,0,0.5
BRCA1,CETP,P38398,P11597,U,low_plausibility,False,False,0,0,0,0,0,0,0,0,2,3,2,3,0,0,0,0,1,2,0.42857142857142855
BRCA1,PNLIP,P38398,P16233,U,low_plausibility,False,False,0,0,0,0,0,0,0,0,0,0,0,0,0,0,0,0,0,0,0.5
BRCA1,CFP,P38398,P27918,U,low_plausibility,False,False,0,0,0,0,0,0,0,0,0,0,0,0,16,13,16,13,0,0,0.5
BRCA1,PDIA3,P38398,P30101,U,low_plausibility,False,False,0,0,0,0,0,0,0,0,0,0,0,0,0,0,0,0,0,0,0.5
BRCA1,MMP13,P38398,P45452,U,low_plausibility,False,False,0,0,0,0,0,0,0,0,0,0,0,0,0,0,0,0,0,0,0.5
BRCA1,PNLIPRP1,P38398,P54315,U,low_plausibility,False,False,0,0,0,0,0,0,0,0,0,0,0,0,0,0,0,0,0,0,0.5
BRCA1,HTRA3,P38398,P83110,U,low_plausibility,False,False,0,0,0,0,0,0,0,0,0,0,0,0,0,0,0,0,0,0,0.5
BRCA1,LGALS3BP,P38398,Q08380,U,low_plausibility,False,False,0,0,0,0,0,0,0,0,0,0,0,0,0,0,0,0,0,0,0.5
BRCA1,LOXL1,P38398,Q08397,U,low_plausibility,False,False,0,0,0,0,0,0,0,0,0,0,0,0,2,5,2,5,0,0,0.5
BRCA1,HABP2,P38398,Q14520,U,low_plausibility,False,False,0,0,0,0,0,0,0,0,0,0,0,0,2,6,2,6,0,0,0.5
BRCA1,ANGPT1,P38398,Q15389,U,low_plausibility,False,False,0,0,0,0,0,0,0,0,0,0,0,0,0,0,0,0,0,0,0.5
BRCA1,PRSS53,P38398,Q2L4Q9,U,low_plausibility,False,False,0,0,0,0,0,0,0,0,0,0,0,0,0,0,0,0,0,0,0.5
BRCA1,PKDCC,P38398,Q504Y2,U,low_plausibility,False,False,0,0,0,0,0,0,0,0,4,5,4,5,0,0,0,0,1,4,0.45454545454545453
BRCA1,ARSI,P38398,Q5FYB1,U,low_plausibility,False,False,0,0,0,0,0,0,0,0,0,0,0,0,2,1,2,1,0,0,0.5
BRCA1,PI16,P38398,Q6UXB8,U,low_plausibility,False,False,0,0,0,0,0,0,0,0,0,0,0,0,4,6,4,6,0,0,0.5
BRCA1,ADAMTSL5,P38398,Q6ZMM2,U,low_plausibility,False,False,0,0,0,0,0,0,0,0,0,0,0,0,1,3,1,3,0,0,0.5
BRCA1,POGLUT1,P38398,Q8NBL1,U,low_plausibility,False,False,0,0,0,0,0,0,0,0,0,0,0,0,7,8,7,8,0,0,0.5
BRCA1,PLBD2,P38398,Q8NHP8,U,low_plausibility,False,False,0,0,0,0,0,0,0,0,14,16,14,16,0,0,0,0,1,14,0.46875
BRCA1,NDNF,P38398,Q8TB73,U,low_plausibility,False,False,0,0,0,0,0,0,0,0,0,0,0,0,1,0,1,0,0,0,0.5
BRCA1,HPSE2,P38398,Q8WWQ2,U,low_plausibility,False,False,0,0,0,0,0,0,0,0,3,2,3,2,0,0,0,0,1,3,0.5714285714285714
BRCA1,ERLEC1,P38398,Q96DZ1,U,low_plausibility,False,False,0,0,0,0,0,0,0,0,0,0,0,0,32,25,32,25,0,0,0.5
BRCA1,ERO1A,P38398,Q96HE7,U,low_plausibility,False,False,0,0,0,0,0,0,0,0,0,0,0,0,0,0,0,0,0,0,0.5
BRCA1,CNDP1,P38398,Q96KN2,U,low_plausibility,False,False,0,0,0,0,0,0,0,0,0,1,0,1,0,0,0,0,1,0,0.3333333333333333
BRCA1,FAM20A,P38398,Q96MK3,U,low_plausibility,False,False,0,0,0,0,0,0,0,0,0,0,0,0,0,0,0,0,0,0,0.5
BRCA1,EDEM2,P38398,Q9BV94,U,low_plausibility,False,False,0,0,0,0,0,0,0,0,0,0,0,0,0,0,0,0,0,0,0.5
BRCA1,TINAGL1,P38398,Q9GZM7,U,low_plausibility,False,False,0,0,0,0,0,0,0,0,0,0,0,0,0,0,0,0,0,0,0.5
BRCA1,SIL1,P38398,Q9H173,U,low_plausibility,False,False,0,0,0,0,0,0,0,0,6,7,6,7,0,0,0,0,1,6,0.4666666666666667
BRCA1,MEPE,P38398,Q9NQ76,U,low_plausibility,False,False,0,0,0,0,0,0,0,0,3,4,3,4,0,0,0,0,1,3,0.4444444444444444
BRCA1,OLFML3,P38398,Q9NRN5,U,low_plausibility,False,False,0,0,0,0,0,0,0,0,4,3,4,3,0,0,0,0,1,4,0.5555555555555556
BRCA1,ADA2,P38398,Q9NZK5,U,low_plausibility,False,False,0,0,0,0,0,0,0,0,0,0,0,0,0,0,0,0,0,0,0.5
BRCA1,C1RL,P38398,Q9NZP8,U,low_plausibility,False,False,0,0,0,0,0,0,0,0,0,0,0,0,0,0,0,0,0,0,0.5
BRCA1,LIPG,P38398,Q9Y5X9,U,low_plausibility,False,False,0,0,0,0,0,0,0,0,0,0,0,0,22,25,22,25,0,0,0.5
BRCA1,CPQ,P38398,Q9Y646,U,low_plausibility,False,False,0,0,0,0,0,0,0,0,0,0,0,0,0,0,0,0,0,0,0.5
BRCA1,MASP2,P38398,O00187,U,low_plausibility,False,False,0,0,0,0,0,0,0,0,0,0,0,0,0,0,0,0,0,0,0.5
BRCA1,MATN2,P38398,O00339,U,low_plausibility,False,False,0,0,0,0,0,0,0,0,0,0,0,0,37,34,37,34,0,0,0.5
BRCA1,TLL1,P38398,O43897,U,low_plausibility,False,False,0,0,0,0,0,0,0,0,0,0,0,0,0,0,0,0,0,0,0.5
BRCA1,PLOD3,P38398,O60568,U,low_plausibility,False,False,0,0,0,0,0,0,0,0,0,0,0,0,35,49,35,49,0,0,0.5
BRCA1,CILP,P38398,O75339,U,low_plausibility,False,False,0,0,0,0,0,0,0,0,0,0,0,0,1,1,1,1,0,0,0.5
BRCA1,C1R,P38398,P00736,U,low_plausibility,False,False,0,0,0,0,0,0,0,0,0,0,0,0,5,6,5,6,0,0,0.5
BRCA1,PLG,P38398,P00747,U,low_plausibility,False,False,0,0,0,0,0,0,0,0,0,0,0,0,0,0,0,0,0,0,0.5
BRCA1,CHGB,P38398,P05060,U,low_plausibility,False,False,0,0,0,0,0,0,0,0,0,0,0,0,10,8,10,8,0,0,0.5
BRCA1,F13B,P38398,P05160,U,low_plausibility,False,False,0,0,0,0,0,0,0,0,0,0,0,0,6,16,6,16,0,0,0.5
BRCA1,BCHE,P38398,P06276,U,low_plausibility,False,False,0,0,0,0,0,0,0,0,0,0,0,0,0,0,0,0,0,0,0.5
BRCA1,C2,P38398,P06681,U,low_plausibility,False,False,0,0,0,0,0,0,0,0,0,0,0,0,0,0,0,0,0,0,0.5
BRCA1,BMP1,P38398,P13497,U,low_plausibility,False,False,0,0,0,0,0,0,0,0,0,0,0,0,0,0,0,0,0,0,0.5
BRCA1,PDIA4,P38398,P13667,U,low_plausibility,False,False,0,0,0,0,0,0,0,0,0,0,0,0,0,0,0,0,0,0,0.5
BRCA1,HSP90B1,P38398,P14625,U,low_plausibility,False,False,0,0,0,0,0,0,0,0,0,0,0,0,77,74,77,74,0,0,0.5
BRCA1,SMPD1,P38398,P17405,U,low_plausibility,False,False,0,0,0,0,0,0,0,0,0,0,0,0,13,11,13,11,0,0,0.5
BRCA1,COL9A1,P38398,P20849,U,low_plausibility,False,False,0,0,0,0,0,0,0,0,0,0,0,0,5,7,5,7,0,0,0.5
BRCA1,PCSK6,P38398,P29122,U,low_plausibility,False,False,0,0,0,0,0,0,0,0,0,0,0,0,0,0,0,0,0,0,0.5
BRCA1,THBS4,P38398,P35443,U,low_plausibility,False,False,0,0,0,0,0,0,0,0,0,0,0,0,0,0,0,0,0,0,0.5
BRCA1,COMP,P38398,P49747,U,low_plausibility,False,False,0,0,0,0,0,0,0,0,0,0,0,0,0,0,0,0,0,0,0.5
BRCA1,HSD17B4,P38398,P51659,U,low_plausibility,False,False,0,0,0,0,0,0,0,0,0,0,0,0,0,0,0,0,0,0,0.5
BRCA1,HGFAC,P38398,Q04756,U,low_plausibility,False,False,0,0,0,0,0,0,0,0,0,0,0,0,8,13,8,13,0,0,0.5
BRCA1,OS9,P38398,Q13438,U,low_plausibility,False,False,0,0,0,0,0,0,0,0,26,33,26,33,0,0,0,0,1,26,0.4426229508196721
BRCA1,ITIH4,P38398,Q14624,U,low_plausibility,False,False,0,0,0,0,0,0,0,0,0,0,0,0,7,9,7,9,0,0,0.5
BRCA1,COL19A1,P38398,Q14993,U,low_plausibility,False,False,0,0,0,0,0,0,0,0,0,0,0,0,0,0,0,0,0,0,0.5
BRCA1,POSTN,P38398,Q15063,U,low_plausibility,False,False,0,0,0,0,0,0,0,0,0,0,0,0,0,0,0,0,0,0,0.5
BRCA1,TGFBI,P38398,Q15582,U,low_plausibility,False,False,0,0,0,0,0,0,0,0,0,0,0,0,0,0,0,0,0,0,0.5
BRCA1,PRSS36,P38398,Q5K4E3,U,low_plausibility,False,False,0,0,0,0,0,0,0,0,0,0,0,0,0,0,0,0,0,0,0.5
BRCA1,CHADL,P38398,Q6NUI6,U,low_plausibility,False,False,0,0,0,0,0,0,0,0,0,0,0,0,0,0,0,0,0,0,0.5
BRCA1,THSD4,P38398,Q6ZMP0,U,low_plausibility,False,False,0,0,0,0,0,0,0,0,0,0,0,0,13,20,13,20,0,0,0.5
BRCA1,CCDC80,P38398,Q76M96,U,low_plausibility,False,False,0,0,0,0,0,0,0,0,0,0,0,0,0,5,0,5,0,0,0.5
BRCA1,ABI3BP,P38398,Q7Z7G0,U,low_plausibility,False,False,0,0,0,0,0,0,0,0,0,0,0,0,0,3,0,3,0,0,0.5
BRCA1,ITIH5,P38398,Q86UX2,U,low_plausibility,False,False,0,0,0,0,0,0,0,0,0,0,0,0,1,4,1,4,0,0,0.5
BRCA1,LONP2,P38398,Q86WA8,U,low_plausibility,False,False,0,0,0,0,0,0,0,0,19,23,19,23,0,0,0,0,1,19,0.45454545454545453
BRCA1,FOXRED2,P38398,Q8IWF2,U,low_plausibility,False,False,0,0,0,0,0,0,0,0,0,0,0,0,19,25,19,25,0,0,0.5
BRCA1,SULF2,P38398,Q8IWU5,U,low_plausibility,False,False,0,0,0,0,0,0,0,0,0,0,0,0,0,0,0,0,0,0,0.5
BRCA1,SULF1,P38398,Q8IWU6,U,low_plausibility,False,False,0,0,0,0,0,0,0,0,0,0,0,0,8,9,8,9,0,0,0.5
BRCA1,DNAJC10,P38398,Q8IXB1,U,low_plausibility,False,False,0,0,0,0,0,0,0,0,0,0,0,0,0,0,0,0,0,0,0.5
BRCA1,BMPER,P38398,Q8N8U9,U,low_plausibility,False,False,0,0,0,0,0,0,0,0,0,0,0,0,2,4,2,4,0,0,0.5
BRCA1,COLGALT1,P38398,Q8NBJ5,U,low_plausibility,False,False,0,0,0,0,0,0,0,0,0,0,0,0,0,0,0,0,0,0,0.5
BRCA1,EMILIN2,P38398,Q9BXX0,U,low_plausibility,False,False,0,0,0,0,0,0,0,0,5,3,5,3,0,0,0,0,1,5,0.6
BRCA1,EDEM3,P38398,Q9BZQ6,U,low_plausibility,False,False,0,0,0,0,0,0,0,0,0,0,0,0,0,0,0,0,0,0,0.5
BRCA1,CHRD,P38398,Q9H2X0,U,low_plausibility,False,False,0,0,0,0,0,0,0,0,0,0,0,0,24,34,24,34,0,0,0.5
BRCA1,ADAMTS10,P38398,Q9H324,U,low_plausibility,False,False,0,0,0,0,0,0,0,0,0,0,0,0,0,0,0,0,0,0,0.5
BRCA1,SCUBE2,P38398,Q9NQ36,U,low_plausibility,False,False,0,0,0,0,0,0,0,0,0,0,0,0,0,1,0,1,0,0,0.5
BRCA1,SPINK5,P38398,Q9NQ38,U,low_plausibility,False,False,0,0,0,0,0,0,0,0,0,0,0,0,2,3,2,3,0,0,0.5
BRCA1,ENAM,P38398,Q9NRM1,U,low_plausibility,False,False,0,0,0,0,0,0,0,0,0,0,0,0,0,0,0,0,0,0,0.5
BRCA1,ADAMTS6,P38398,Q9UKP5,U,low_plausibility,False,False,0,0,0,0,0,0,0,0,0,0,0,0,1,0,1,0,0,0,0.5
BRCA1,ADAMTS5,P38398,Q9UNA0,U,low_plausibility,False,False,0,0,0,0,0,0,0,0,0,0,0,0,0,0,0,0,0,0,0.5
BRCA1,MAN2B2,P38398,Q9Y2E5,U,low_plausibility,False,False,0,0,0,0,0,0,0,0,0,0,0,0,19,22,19,22,0,0,0.5
BRCA1,HYOU1,P38398,Q9Y4L1,U,low_plausibility,False,False,0,0,0,0,0,0,0,0,0,0,0,0,38,56,38,56,0,0,0.5
BRCA1,VWA3A,P38398,A6NCI4,U,low_plausibility,False,False,0,0,0,0,0,0,0,0,0,0,0,0,0,0,0,0,0,0,0.5
BRCA1,NCAN,P38398,O14594,U,low_plausibility,False,False,0,0,0,0,0,0,0,0,0,0,0,0,4,5,4,5,0,0,0.5
BRCA1,SLIT2,P38398,O94813,U,low_plausibility,False,False,0,0,0,0,0,0,0,0,0,0,0,0,0,0,0,0,0,0,0.5
BRCA1,PAPLN,P38398,O95428,U,low_plausibility,False,False,0,0,0,0,0,0,0,0,0,0,0,0,2,1,2,1,0,0,0.5
BRCA1,CP,P38398,P00450,U,low_plausibility,False,False,0,0,0,0,0,0,0,0,0,0,0,0,0,0,0,0,0,0,0.5
BRCA1,A2M,P38398,P01023,U,low_plausibility,False,False,0,0,0,0,0,0,0,0,0,0,0,0,0,0,0,0,0,0,0.5
BRCA1,C3,P38398,P01024,U,low_plausibility,False,False,0,0,0,0,0,0,0,0,0,0,0,0,0,0,0,0,0,0,0.5
BRCA1,COL1A1,P38398,P02452,U,low_plausibility,False,False,0,0,0,0,0,0,0,0,0,0,0,0,0,0,0,0,0,0,0.5
BRCA1,COL3A1,P38398,P02461,U,low_plausibility,False,False,0,0,0,0,0,0,0,0,0,0,0,0,0,0,0,0,0,0,0.5
BRCA1,FGA,P38398,P02671,U,low_plausibility,False,False,0,0,0,0,0,0,0,0,0,0,0,0,19,24,19,24,0,0,0.5
BRCA1,COL5A2,P38398,P05997,U,low_plausibility,False,False,0,0,0,0,0,0,0,0,0,0,0,0,0,0,0,0,0,0,0.5
BRCA1,COL1A2,P38398,P08123,U,low_plausibility,False,False,0,0,0,0,0,0,0,0,0,0,0,0,0,0,0,0,0,0,0.5
BRCA1,RBP3,P38398,P10745,U,low_plausibility,False,False,0,0,0,0,0,0,0,0,3,1,3,1,0,0,0,0,1,3,0.6666666666666666
BRCA1,COL11A1,P38398,P12107,U,low_plausibility,False,False,0,0,0,0,0,0,0,0,0,0,0,0,0,0,0,0,0,0,0.5
BRCA1,ITIH2,P38398,P19823,U,low_plausibility,False,False,0,0,0,0,0,0,0,0,0,0,0,0,27,26,27,26,0,0,0.5
BRCA1,ITIH1,P38398,P19827,U,low_plausibility,False,False,0,0,0,0,0,0,0,0,0,0,0,0,5,2,5,2,0,0,0.5
BRCA1,CEL,P38398,P19835,U,low_plausibility,False,False,0,0,0,0,0,0,0,0,0,0,0,0,3,1,3,1,0,0,0.5
BRCA1,PZP,P38398,P20742,U,low_plausibility,False,False,0,0,0,0,0,0,0,0,0,0,0,0,5,9,5,9,0,0,0.5
BRCA1,COL15A1,P38398,P39059,U,low_plausibility,False,False,0,0,0,0,0,0,0,0,0,0,0,0,0,0,0,0,0,0,0.5
BRCA1,GPLD1,P38398,P80108,U,low_plausibility,False,False,0,0,0,0,0,0,0,0,0,0,0,0,2,0,2,0,0,0,0.5
BRCA1,ADAMTSL3,P38398,P82987,U,low_plausibility,False,False,0,0,0,0,0,0,0,0,0,0,0,0,0,0,0,0,0,0,0.5
BRCA1,MMRN1,P38398,Q13201,U,low_plausibility,False,False,0,0,0,0,0,0,0,0,0,0,0,0,3,7,3,7,0,0,0.5
BRCA1,PAPPA,P38398,Q13219,U,low_plausibility,False,False,0,0,0,0,0,0,0,0,0,0,0,0,0,0,0,0,0,0,0.5
BRCA1,LTBP2,P38398,Q14767,U,low_plausibility,False,False,0,0,0,0,0,0,0,0,0,0,0,0,0,0,0,0,0,0,0.5
BRCA1,COL24A1,P38398,Q17RW2,U,low_plausibility,False,False,0,0,0,0,0,0,0,0,0,0,0,0,0,0,0,0,0,0,0.5
BRCA1,ITIH6,P38398,Q6UXX5,U,low_plausibility,False,False,0,0,0,0,0,0,0,0,0,0,0,0,2,0,2,0,0,0,0.5
BRCA1,KCP,P38398,Q6ZWJ8,U,low_plausibility,False,False,0,0,0,0,0,0,0,0,0,0,0,0,0,0,0,0,0,0,0.5
BRCA1,ADAMTS13,P38398,Q76LX8,U,low_plausibility,False,False,0,0,0,0,0,0,0,0,0,0,0,0,3,10,3,10,0,0,0.5
BRCA1,OVCH1,P38398,Q7RTY7,U,low_plausibility,False,False,0,0,0,0,0,0,0,0,0,0,0,0,0,0,0,0,0,0,0.5
BRCA1,CILP2,P38398,Q8IUL8,U,low_plausibility,False,False,0,0,0,0,0,0,0,0,0,0,0,0,0,0,0,0,0,0,0.5
BRCA1,LTBP4,P38398,Q8N2S1,U,low_plausibility,False,False,0,0,0,0,0,0,0,0,0,0,0,0,0,0,0,0,0,0,0.5
BRCA1,ADAMTSL1,P38398,Q8N6G6,U,low_plausibility,False,False,0,0,0,0,0,0,0,0,0,0,0,0,0,0,0,0,0,0,0.5
BRCA1,CIROZ,P38398,Q8N9H9,U,low_plausibility,False,False,0,0,0,0,0,0,0,0,0,1,0,0,0,0,0,0,0,0,0.5
BRCA1,ADAMTS16,P38398,Q8TE57,U,low_plausibility,False,False,0,0,0,0,0,0,0,0,0,0,0,0,2,1,2,1,0,0,0.5
BRCA1,ADAMTS19,P38398,Q8TE59,U,low_plausibility,False,False,0,0,0,0,0,0,0,0,0,0,0,0,0,0,0,0,0,0,0.5
BRCA1,SNED1,P38398,Q8TER0,U,low_plausibility,False,False,0,0,0,0,0,0,0,0,0,0,0,0,1,2,1,2,0,0,0.5
BRCA1,ADAMTS14,P38398,Q8WXS8,U,low_plausibility,False,False,0,0,0,0,0,0,0,0,0,0,0,0,0,0,0,0,0,0,0.5
BRCA1,TNR,P38398,Q92752,U,low_plausibility,False,False,0,0,0,0,0,0,0,0,0,0,0,0,12,19,12,19,0,0,0.5
BRCA1,PRG4,P38398,Q92954,U,low_plausibility,False,False,0,0,0,0,0,0,0,0,0,0,0,0,0,0,0,0,0,0,0.5
BRCA1,MMRN2,P38398,Q9H8L6,U,low_plausibility,False,False,0,0,0,0,0,0,0,0,1,2,1,2,0,0,0,0,1,1,0.4
BRCA1,CRTAC1,P38398,Q9NQ79,U,low_plausibility,False,False,0,0,0,0,0,0,0,0,0,0,0,0,8,7,8,7,0,0,0.5
BRCA1,LTBP3,P38398,Q9NS15,U,low_plausibility,False,False,0,0,0,0,0,0,0,0,0,0,0,0,9,11,9,11,0,0,0.5
BRCA1,UGGT2,P38398,Q9NYU1,U,low_plausibility,False,False,0,0,0,0,0,0,0,0,0,0,0,0,0,0,0,0,0,0,0.5
BRCA1,DSPP,P38398,Q9NZW4,U,low_plausibility,False,False,0,0,0,0,0,0,0,0,0,0,0,0,0,0,0,0,0,0,0.5
BRCA1,COL20A1,P38398,Q9P218,U,low_plausibility,False,False,0,0,0,0,0,0,0,0,0,0,0,0,3,8,3,8,0,0,0.5
BRCA1,ADAMTS9,P38398,Q9P2N4,U,low_plausibility,False,False,0,0,0,0,0,0,0,0,0,0,0,0,0,0,0,0,0,0,0.5
BRCA1,ADAMTS7,P38398,Q9UKP4,U,low_plausibility,False,False,0,0,0,0,0,0,0,0,0,0,0,0,0,0,0,0,0,0,0.5
BRCA1,TNN,P38398,Q9UQP3,U,low_plausibility,False,False,0,0,0,0,0,0,0,0,0,0,0,0,1,1,1,1,0,0,0.5
BRCA1,EMILIN1,P38398,Q9Y6C2,U,low_plausibility,False,False,0,0,0,0,0,0,0,0,0,0,0,0,16,18,16,18,0,0,0.5
BRCA1,TLL2,P38398,Q9Y6L7,U,low_plausibility,False,False,0,0,0,0,0,0,0,0,0,0,0,0,3,3,3,3,0,0,0.5
KRAS,RAF1,P01116,P04049,P,,False,False,0,0,0,0,0,0,0,0,0,0,0,0,0,0,0,0,0,0,0.5
KRAS,BRAF,P01116,P15056,P,,False,False,0,0,0,0,0,0,0,0,34,57,34,57,0,0,0,0,1,34,0.3763440860215054
KRAS,ARAF,P01116,P10398,P,,False,False,0,0,0,0,0,0,0,0,0,0,0,0,0,0,0,0,0,0,0.5
KRAS,MKLN1,P01116,Q9UL63,U,context,False,False,0,0,0,0,0,0,0,0,0,0,0,0,0,0,0,0,0,0,0.5
KRAS,MEIOB,P01116,Q8N635,U,context,False,False,0,0,0,0,0,0,0,0,0,0,0,0,0,0,0,0,0,0,0.5
KRAS,RABGAP1,P01116,Q9Y3P9,U,context,False,False,0,0,0,0,0,0,0,0,0,0,0,0,15,19,15,19,0,0,0.5
KRAS,G6PD,P01116,P11413,U,context,False,False,0,0,0,0,0,0,0,0,32,36,32,36,0,0,0,0,1,32,0.4714285714285714
KRAS,PIWIL2,P01116,Q8TC59,U,context,False,False,0,0,0,0,0,0,0,0,0,0,0,0,0,0,0,0,0,0,0.5
KRAS,CAMKV,P01116,Q8NCB2,U,context,False,False,0,0,0,0,0,0,0,0,25,18,25,18,0,0,0,0,1,25,0.5777777777777777
KRAS,TRIM6,P01116,Q9C030,U,context,False,False,0,0,0,0,0,0,0,0,0,0,0,0,0,0,0,0,0,0,0.5
KRAS,SEPTIN10,P01116,Q9P0V9,U,context,False,False,0,0,0,0,0,0,0,0,0,0,0,0,0,0,0,0,0,0,0.5
KRAS,CDC123,P01116,O75794,U,context,False,False,0,0,0,0,0,0,0,0,13,19,13,19,0,0,0,0,1,13,0.4117647058823529
KRAS,CARS1,P01116,P49589,U,context,False,False,0,0,0,0,0,0,0,0,0,0,0,0,19,11,19,11,0,0,0.5
KRAS,GAS2L1,P01116,Q99501,U,context,False,False,0,0,0,0,0,0,0,0,14,9,14,9,0,0,0,0,1,14,0.6
KRAS,GORAB,P01116,Q5T7V8,U,context,False,False,0,0,0,0,0,0,0,0,19,14,19,14,0,0,0,0,1,19,0.5714285714285714
KRAS,PFKL,P01116,P17858,U,context,False,False,0,0,0,0,0,0,0,0,0,0,0,0,0,0,0,0,0,0,0.5
KRAS,EIF4A3,P01116,P38919,U,context,False,False,0,0,0,0,0,0,0,0,0,0,0,0,0,0,0,0,0,0,0.5
KRAS,FGD1,P01116,P98174,U,context,False,False,0,0,0,0,0,0,0,0,13,12,13,12,0,0,0,0,1,13,0.5185185185185185
KRAS,CDC20,P01116,Q12834,U,context,False,False,0,0,0,0,0,0,0,0,58,49,58,49,0,0,0,0,1,58,0.5412844036697247
KRAS,HENMT1,P01116,Q5T8I9,U,context,False,False,0,0,0,0,0,0,0,0,0,0,0,0,1,2,1,2,0,0,0.5
KRAS,EPN1,P01116,Q9Y6I3,U,context,False,False,0,0,0,0,0,0,0,0,37,45,37,45,0,0,0,0,1,37,0.4523809523809524
KRAS,DRC9,P01116,Q9H095,U,context,False,False,0,0,0,0,0,0,0,0,0,0,0,0,0,0,0,0,0,0,0.5
KRAS,NOCT,P01116,Q9UK39,U,context,False,False,0,0,0,0,0,0,0,0,0,0,0,0,14,12,14,12,0,0,0.5
KRAS,INCENP,P01116,Q9NQS7,U,context,False,False,0,0,0,0,0,0,0,0,20,25,20,25,0,0,0,0,1,20,0.44680851063829785
KRAS,SYNPO2L,P01116,Q9H987,U,context,False,False,0,0,0,0,0,0,0,0,5,1,5,1,0,0,0,0,1,5,0.75
KRAS,M1AP,P01116,Q8TC57,U,context,False,False,0,0,0,0,0,0,0,0,0,0,0,0,0,0,0,0,0,0,0.5
KRAS,RBMS3,P01116,Q6XE24,U,context,False,False,0,0,0,0,0,0,0,0,15,21,15,21,0,0,0,0,1,15,0.42105263157894735
KRAS,BSPRY,P01116,Q5W0U4,U,context,False,False,0,0,0,0,0,0,0,0,13,13,13,13,0,0,0,0,1,13,0.5
KRAS,SYTL1,P01116,Q8IYJ3,U,context,False,False,0,0,0,0,0,0,0,0,3,4,3,4,0,0,0,0,1,3,0.4444444444444444
KRAS,CEP57,P01116,Q86XR8,U,context,False,False,0,0,0,0,0,0,0,0,44,42,44,42,0,0,0,0,1,44,0.5113636363636364
KRAS,MAGEC1,P01116,O60732,U,context,False,False,0,0,0,0,0,0,0,0,0,0,0,0,1,3,1,3,0,0,0.5
KRAS,MAP3K14,P01116,Q99558,U,context,False,False,0,0,0,0,0,0,0,0,57,49,57,49,0,0,0,0,1,57,0.5370370370370371
KRAS,ARHGEF1,P01116,Q92888,U,context,False,False,0,0,0,0,0,0,0,0,24,38,24,38,0,0,0,0,1,24,0.390625
KRAS,SOHLH1,P01116,Q5JUK2,U,context,False,False,0,0,0,0,0,0,0,0,0,0,0,0,0,0,0,0,0,0,0.5
KRAS,ANLN,P01116,Q9NQW6,U,context,False,False,0,0,0,0,0,0,0,0,292,346,292,346,0,0,0,0,1,292,0.4578125
KRAS,EIF3L,P01116,Q9Y262,U,context,False,False,0,0,0,0,0,0,0,0,0,0,0,0,26,33,26,33,0,0,0.5
KRAS,TRIM17,P01116,Q9Y577,U,context,False,False,0,0,0,0,0,0,0,0,17,10,17,10,0,0,0,0,1,17,0.6206896551724138
KRAS,TCHP,P01116,Q9BT92,U,context,False,False,0,0,0,0,0,0,0,0,64,59,64,59,0,0,0,0,1,64,0.52
KRAS,NCDN,P01116,Q9UBB6,U,context,False,False,0,0,0,0,0,0,0,0,26,26,26,26,0,0,0,0,1,26,0.5
KRAS,MKRN2,P01116,Q9H000,U,context,False,False,0,0,0,0,0,0,0,0,104,118,104,118,0,0,0,0,1,104,0.46875
KRAS,ANKS6,P01116,Q68DC2,U,context,False,False,0,0,0,0,0,0,0,0,15,11,15,11,0,0,0,0,1,15,0.5714285714285714
KRAS,BCL3,P01116,P20749,U,context,False,False,0,0,0,0,0,0,0,0,16,29,16,29,0,0,0,0,1,16,0.3617021276595745
KRAS,RBM27,P01116,Q9P2N5,U,context,False,False,0,0,0,0,0,0,0,0,32,50,32,50,0,0,0,0,1,32,0.39285714285714285
KRAS,PLEKHA2,P01116,Q9HB19,U,context,False,False,0,0,0,0,0,0,0,0,29,36,0,0,0,0,0,0,0,0,0.5
KRAS,PARP10,P01116,Q53GL7,U,context,False,False,0,0,0,0,0,0,0,0,12,7,12,7,0,0,0,0,1,12,0.6190476190476191
KRAS,TTLL1,P01116,O95922,U,context,False,False,0,0,0,0,0,0,0,0,0,0,0,0,0,0,0,0,0,0,0.5
KRAS,TEKT5,P01116,Q96M29,U,context,False,False,0,0,0,0,0,0,0,0,0,0,0,0,0,0,0,0,0,0,0.5
KRAS,YTHDF3,P01116,Q7Z739,U,context,False,False,0,0,0,0,0,0,0,0,0,0,0,0,38,52,38,52,0,0,0.5
KRAS,CTNNA2,P01116,P26232,U,context,False,False,0,0,0,0,0,0,0,0,18,15,18,15,0,0,0,0,1,18,0.5428571428571428
KRAS,LRSAM1,P01116,Q6UWE0,U,context,False,False,0,0,0,0,0,0,0,0,0,0,0,0,11,15,11,15,0,0,0.5
KRAS,GUCY1B1,P01116,Q02153,U,context,False,False,0,0,0,0,0,0,0,0,0,0,0,0,0,0,0,0,0,0,0.5
KRAS,DOC2A,P01116,Q14183,U,context,False,False,0,0,0,0,0,0,0,0,0,0,0,0,0,0,0,0,0,0,0.5
KRAS,FAM193B,P01116,Q96PV7,U,context,False,False,0,0,0,0,0,0,0,0,0,0,0,0,0,0,0,0,0,0,0.5
KRAS,AGBL2,P01116,Q5U5Z8,U,background,False,False,0,0,0,0,0,0,0,0,0,0,0,0,0,0,0,0,0,0,0.5
KRAS,ZFP92,P01116,A6NM28,U,background,False,False,0,0,0,0,0,0,0,0,0,0,0,0,0,0,0,0,0,0,0.5
KRAS,TTC22,P01116,Q5TAA0,U,background,False,False,0,0,0,0,0,0,0,0,1,0,1,0,0,0,0,0,1,1,0.6666666666666666
KRAS,HOXA10,P01116,P31260,U,background,False,False,0,0,0,0,0,0,0,0,0,0,0,0,5,10,5,10,0,0,0.5
KRAS,RIOK2,P01116,Q9BVS4,U,background,False,False,0,0,0,0,0,0,0,0,83,92,83,92,0,0,0,0,1,83,0.4745762711864407
KRAS,HR,P01116,O43593,U,background,False,False,0,0,0,0,0,0,0,0,9,17,9,17,0,0,0,0,1,9,0.35714285714285715
KRAS,REPS2,P01116,Q8NFH8,U,background,False,False,0,0,0,0,0,0,0,0,11,14,11,14,0,0,0,0,1,11,0.4444444444444444
KRAS,ADD2,P01116,P35612,U,background,False,False,0,0,0,0,0,0,0,0,0,0,0,0,0,0,0,0,0,0,0.5
KRAS,CHST14,P01116,Q8NCH0,U,background,False,False,0,0,0,0,0,0,0,0,0,0,0,0,16,15,16,15,0,0,0.5
KRAS,SLC9C1,P01116,Q4G0N8,U,background,False,False,0,0,0,0,0,0,0,0,0,0,0,0,0,0,0,0,0,0,0.5
KRAS,GJA4,P01116,P35212,U,background,False,False,0,0,0,0,0,0,0,0,0,0,0,0,0,0,0,0,0,0,0.5
KRAS,ALG11,P01116,Q2TAA5,U,background,False,False,0,0,0,0,0,0,0,0,0,0,0,0,18,20,18,20,0,0,0.5
KRAS,TSEN2,P01116,Q8NCE0,U,background,False,False,0,0,0,0,0,0,0,0,15,15,15,15,0,0,0,0,1,15,0.5
KRAS,AFG1L,P01116,Q8WV93,U,background,False,False,0,0,0,0,0,0,0,0,0,0,0,0,0,0,0,0,0,0,0.5
KRAS,TMEM201,P01116,Q5SNT2,U,background,False,False,0,0,0,0,0,0,0,0,0,0,0,0,20,17,20,17,0,0,0.5
KRAS,SUSD4,P01116,Q5VX71,U,background,False,False,0,0,0,0,0,0,0,0,0,0,0,0,12,24,12,24,0,0,0.5
KRAS,SLCO6A1,P01116,Q86UG4,U,background,False,False,0,0,0,0,0,0,0,0,0,0,0,0,0,0,0,0,0,0,0.5
KRAS,EARS2,P01116,Q5JPH6,U,background,False,False,0,0,0,0,0,0,0,0,0,0,0,0,15,20,15,20,0,0,0.5
KRAS,ZNF619,P01116,Q8N2I2,U,background,False,False,0,0,0,0,0,0,0,0,0,0,0,0,0,0,0,0,0,0,0.5
KRAS,VIPAS39,P01116,Q9H9C1,U,background,False,False,0,0,0,0,0,0,0,0,12,12,12,12,0,0,0,0,1,12,0.5
KRAS,SNW1,P01116,Q13573,U,background,False,False,0,0,0,0,0,0,0,0,0,0,0,0,97,91,97,91,0,0,0.5
KRAS,FGFR3,P01116,P22607,U,background,False,False,0,0,0,0,0,0,0,0,0,0,0,0,0,0,0,0,0,0,0.5
KRAS,CDS2,P01116,O95674,U,background,False,False,0,0,0,0,0,0,0,0,0,0,0,0,0,0,0,0,0,0,0.5
KRAS,CYP1A2,P01116,P05177,U,background,False,False,0,0,0,0,0,0,0,0,0,0,0,0,1,1,1,1,0,0,0.5
KRAS,LONRF2,P01116,Q1L5Z9,U,background,False,False,0,0,0,0,0,0,0,0,11,19,11,19,0,0,0,0,1,11,0.375
KRAS,DHX36,P01116,Q9H2U1,U,background,False,False,0,0,0,0,0,0,0,0,0,0,0,0,0,0,0,0,0,0,0.5
KRAS,FSCN1,P01116,Q16658,U,background,False,False,0,0,0,0,0,0,0,0,0,0,0,0,39,26,39,26,0,0,0.5
KRAS,PDLIM1,P01116,O00151,U,background,False,False,0,0,0,0,0,0,0,0,0,0,0,0,0,0,0,0,0,0,0.5
KRAS,GAB2,P01116,Q9UQC2,U,background,False,False,0,0,0,0,0,0,0,0,35,44,35,44,0,0,0,0,1,35,0.4444444444444444
KRAS,PGBD1,P01116,Q96JS3,U,background,False,False,0,0,0,0,0,0,0,0,0,0,0,0,0,0,0,0,0,0,0.5
KRAS,PRKACG,P01116,P22612,U,background,False,False,0,0,0,0,0,0,0,0,0,0,0,0,0,0,0,0,0,0,0.5
KRAS,TRIM35,P01116,Q9UPQ4,U,background,False,False,0,0,0,0,0,0,0,0,35,51,35,51,0,0,0,0,1,35,0.4090909090909091
KRAS,SYBU,P01116,Q9NX95,U,background,False,False,0,0,0,0,0,0,0,0,11,6,11,6,0,0,0,0,1,11,0.631578947368421
KRAS,NDUFS1,P01116,P28331,U,background,False,False,0,0,0,0,0,0,0,0,102,90,102,90,0,0,0,0,1,102,0.5309278350515464
KRAS,ZNF592,P01116,Q92610,U,background,False,False,0,0,0,0,0,0,0,0,0,0,0,0,0,0,0,0,0,0,0.5
KRAS,GRIN3A,P01116,Q8TCU5,U,background,False,False,0,0,0,0,0,0,0,0,0,0,0,0,3,5,3,5,0,0,0.5
KRAS,AGFG1,P01116,P52594,U,background,False,False,0,0,0,0,0,0,0,0,24,37,24,37,0,0,0,0,1,24,0.3968253968253968
KRAS,INF2,P01116,Q27J81,U,background,False,False,0,0,0,0,0,0,0,0,92,96,92,96,0,0,0,0,1,92,0.48947368421052634
KRAS,TEKT2,P01116,Q9UIF3,U,background,False,False,0,0,0,0,0,0,0,0,11,12,11,12,0,0,0,0,1,11,0.48
KRAS,SIRT7,P01116,Q9NRC8,U,background,False,False,0,0,0,0,0,0,0,0,0,0,0,0,0,0,0,0,0,0,0.5
KRAS,ADAMTSL5,P01116,Q6ZMM2,U,background,False,False,0,0,0,0,0,0,0,0,0,0,0,0,1,3,1,3,0,0,0.5
KRAS,PLA2G3,P01116,Q9NZ20,U,background,False,False,0,0,0,0,0,0,0,0,0,0,0,0,1,1,1,1,0,0,0.5
KRAS,PGLYRP3,P01116,Q96LB9,U,background,False,False,0,0,0,0,0,0,0,0,0,0,0,0,0,0,0,0,0,0,0.5
KRAS,CCNT2,P01116,O60583,U,background,False,False,0,0,0,0,0,0,0,0,0,0,0,0,0,0,0,0,0,0,0.5
KRAS,SYT7,P01116,O43581,U,background,False,False,0,0,0,0,0,0,0,0,5,7,5,7,0,0,0,0,1,5,0.42857142857142855
KRAS,SPATA1,P01116,Q5VX52,U,background,False,False,0,0,0,0,0,0,0,0,7,9,7,9,0,0,0,0,1,7,0.4444444444444444
KRAS,ACTL6A,P01116,O96019,U,background,False,False,0,0,0,0,0,0,0,0,49,63,49,63,0,0,0,0,1,49,0.43859649122807015
KRAS,KRT76,P01116,Q01546,U,background,False,False,0,0,0,0,0,0,0,0,0,0,0,0,0,0,0,0,0,0,0.5
KRAS,JRKL,P01116,Q9Y4A0,U,background,False,False,0,0,0,0,0,0,0,0,0,0,0,0,0,0,0,0,0,0,0.5
KRAS,GXYLT2,P01116,A0PJZ3,U,background,False,False,0,0,0,0,0,0,0,0,0,0,0,0,0,0,0,0,0,0,0.5
KRAS,NFKB2,P01116,Q00653,U,context,False,False,0,0,0,0,0,0,0,0,60,54,60,54,0,0,0,0,1,60,0.5258620689655172
KRAS,TTLL4,P01116,Q14679,U,context,False,False,0,0,0,0,0,0,0,0,0,0,0,0,0,0,0,0,0,0,0.5
KRAS,WARS1,P01116,P23381,U,context,False,False,0,0,0,0,0,0,0,0,0,0,0,0,0,0,0,0,0,0,0.5
KRAS,PGR,P01116,P06401,U,context,False,False,0,0,0,0,0,0,0,0,0,0,0,0,21,23,21,23,0,0,0.5
KRAS,URI1,P01116,O94763,U,context,False,False,0,0,0,0,0,0,0,0,51,49,51,49,0,0,0,0,1,51,0.5098039215686274
KRAS,NLRC3,P01116,Q7RTR2,U,context,False,False,0,0,0,0,0,0,0,0,0,0,0,0,2,2,2,2,0,0,0.5
KRAS,CYTH3,P01116,O43739,U,context,False,False,0,0,0,0,0,0,0,0,14,18,14,18,0,0,0,0,1,14,0.4411764705882353
KRAS,RIPK2,P01116,O43353,U,context,False,False,0,0,0,0,0,0,0,0,45,38,45,38,0,0,0,0,1,45,0.5411764705882353
KRAS,BTBD3,P01116,Q9Y2F9,U,context,False,False,0,0,0,0,0,0,0,0,0,0,0,0,0,0,0,0,0,0,0.5
KRAS,KBTBD7,P01116,Q8WVZ9,U,context,False,False,0,0,0,0,0,0,0,0,0,0,0,0,0,0,0,0,0,0,0.5
KRAS,MAPK8IP2,P01116,Q13387,U,context,False,False,0,0,0,0,0,0,0,0,26,30,26,30,0,0,0,0,1,26,0.46551724137931033
KRAS,NPTX1,P01116,Q15818,U,context,False,False,0,0,0,0,0,0,0,0,0,0,0,0,0,0,0,0,0,0,0.5
KRAS,MARK1,P01116,Q9P0L2,U,context,False,False,0,0,0,0,0,0,0,0,13,17,13,17,0,0,0,0,1,13,0.4375
KRAS,TRMT5,P01116,Q32P41,U,context,False,False,0,0,0,0,0,0,0,0,10,11,0,0,0,0,0,0,0,0,0.5
KRAS,PLEKHG5,P01116,O94827,U,context,False,False,0,0,0,0,0,0,0,0,6,15,6,15,0,0,0,0,1,6,0.30434782608695654
KRAS,AP2A2,P01116,O94973,U,context,False,False,0,0,0,0,0,0,0,0,0,0,0,0,0,0,0,0,0,0,0.5
KRAS,LZTS2,P01116,Q9BRK4,U,context,False,False,0,0,0,0,0,0,0,0,163,151,163,151,0,0,0,0,1,163,0.5189873417721519
KRAS,ATG16L2,P01116,Q8NAA4,U,context,False,False,0,0,0,0,0,0,0,0,4,9,4,9,0,0,0,0,1,4,0.3333333333333333
KRAS,N4BP3,P01116,O15049,U,context,False,False,0,0,0,0,0,0,0,0,14,14,14,14,0,0,0,0,1,14,0.5
KRAS,ZBED4,P01116,O75132,U,context,False,False,0,0,0,0,0,0,0,0,6,5,6,5,0,0,0,0,1,6,0.5384615384615384
KRAS,LPXN,P01116,O60711,U,context,False,False,0,0,0,0,0,0,0,0,0,0,0,0,0,0,0,0,0,0,0.5
KRAS,TSKS,P01116,Q9UJT2,U,context,False,False,0,0,0,0,0,0,0,0,10,15,10,15,0,0,0,0,1,10,0.4074074074074074
KRAS,SCG3,P01116,Q8WXD2,U,context,False,False,0,0,0,0,0,0,0,0,6,3,6,3,0,0,0,0,1,6,0.6363636363636364
KRAS,DHX29,P01116,Q7Z478,U,context,False,False,0,0,0,0,0,0,0,0,0,0,0,0,0,0,0,0,0,0,0.5
KRAS,NLRP12,P01116,P59046,U,context,False,False,0,0,0,0,0,0,0,0,0,0,0,0,14,25,14,25,0,0,0.5
KRAS,PLOD2,P01116,O00469,U,context,False,False,0,0,0,0,0,0,0,0,0,0,0,0,0,0,0,0,0,0,0.5
KRAS,KIF16B,P01116,Q96L93,U,context,False,False,0,0,0,0,0,0,0,0,13,19,13,19,0,0,0,0,1,13,0.4117647058823529
KRAS,INPP5E,P01116,Q9NRR6,U,context,False,False,0,0,0,0,0,0,0,0,35,46,35,46,0,0,0,0,1,35,0.43373493975903615
KRAS,PINK1,P01116,Q9BXM7,U,context,False,False,0,0,0,0,0,0,0,0,186,172,186,172,0,0,0,0,1,186,0.5194444444444445
KRAS,AFG2A,P01116,Q8NB90,U,context,False,False,0,0,0,0,0,0,0,0,24,25,24,25,0,0,0,0,1,24,0.49019607843137253
KRAS,STRADB,P01116,Q9C0K7,U,context,False,False,0,0,0,0,0,0,0,0,0,0,0,0,0,0,0,0,0,0,0.5
KRAS,KANK4,P01116,Q5T7N3,U,context,False,False,0,0,0,0,0,0,0,0,6,7,6,7,0,0,0,0,1,6,0.4666666666666667
KRAS,STAMBP,P01116,O95630,U,context,False,False,0,0,0,0,0,0,0,0,0,0,0,0,0,0,0,0,0,0,0.5
KRAS,TRIM71,P01116,Q2Q1W2,U,context,False,False,0,0,0,0,0,0,0,0,8,5,8,5,0,0,0,0,1,8,0.6
KRAS,ZNF385A,P01116,Q96PM9,U,context,False,False,0,0,0,0,0,0,0,0,0,0,0,0,0,0,0,0,0,0,0.5
KRAS,NUAK1,P01116,O60285,U,context,False,False,0,0,0,0,0,0,0,0,33,38,33,38,0,0,0,0,1,33,0.4657534246575342
KRAS,PBXIP1,P01116,Q96AQ6,U,context,False,False,0,0,0,0,0,0,0,0,52,38,52,38,0,0,0,0,1,52,0.5760869565217391
KRAS,CEP68,P01116,Q76N32,U,context,False,False,0,0,0,0,0,0,0,0,10,15,10,15,0,0,0,0,1,10,0.4074074074074074
KRAS,MTA1,P01116,Q13330,U,context,False,False,0,0,0,0,0,0,0,0,0,0,0,0,0,0,0,0,0,0,0.5
KRAS,ZNF703,P01116,Q9H7S9,U,context,False,False,0,0,0,0,0,0,0,0,0,0,0,0,0,0,0,0,0,0,0.5
KRAS,TRIM11,P01116,Q96F44,U,context,False,False,0,0,0,0,0,0,0,0,0,0,0,0,0,0,0,0,0,0,0.5
KRAS,AKAP3,P01116,O75969,U,context,False,False,0,0,0,0,0,0,0,0,0,0,0,0,3,2,3,2,0,0,0.5
KRAS,PLAA,P01116,Q9Y263,U,context,False,False,0,0,0,0,0,0,0,0,17,10,17,10,0,0,0,0,1,17,0.6206896551724138
KRAS,PALM2AKAP2,P01116,Q9Y2D5,U,context,False,False,0,0,0,0,0,0,0,0,0,0,0,0,14,18,0,0,0,0,0.5
KRAS,PDCD6IP,P01116,Q8WUM4,U,context,False,False,0,0,0,0,0,0,0,0,57,58,57,58,0,0,0,0,1,57,0.49572649572649574
KRAS,ARHGEF4,P01116,Q9NR80,U,context,False,False,0,0,0,0,0,0,0,0,22,33,22,33,0,0,0,0,1,22,0.40350877192982454
KRAS,RASIP1,P01116,Q5U651,U,context,False,False,0,0,0,0,0,0,0,0,8,17,8,17,0,0,0,0,1,8,0.3333333333333333
KRAS,MAP7D2,P01116,Q96T17,U,context,False,False,0,0,0,0,0,0,0,0,21,25,21,25,0,0,0,0,1,21,0.4583333333333333
KRAS,PFKM,P01116,P08237,U,context,False,False,0,0,0,0,0,0,0,0,0,0,0,0,0,0,0,0,0,0,0.5
KRAS,PER1,P01116,O15534,U,context,False,False,0,0,0,0,0,0,0,0,0,0,0,0,0,0,0,0,0,0,0.5
KRAS,ZNF432,P01116,O94892,U,background,False,False,0,0,0,0,0,0,0,0,0,0,0,0,0,0,0,0,0,0,0.5
KRAS,AGFG2,P01116,O95081,U,background,False,False,0,0,0,0,0,0,0,0,7,5,7,5,0,0,0,0,1,7,0.5714285714285714
KRAS,ZXDB,P01116,P98169,U,background,False,False,0,0,0,0,0,0,0,0,0,0,0,0,0,0,0,0,0,0,0.5
KRAS,SCARA5,P01116,Q6ZMJ2,U,background,False,False,0,0,0,0,0,0,0,0,0,0,0,0,4,3,4,3,0,0,0.5
KRAS,CLCA1,P01116,A8K7I4,U,background,False,False,0,0,0,0,0,0,0,0,0,0,0,0,0,0,0,0,0,0,0.5
KRAS,DES,P01116,P17661,U,background,False,False,0,0,0,0,0,0,0,0,0,0,0,0,0,0,0,0,0,0,0.5
KRAS,EHD1,P01116,Q9H4M9,U,background,False,False,0,0,0,0,0,0,0,0,0,0,0,0,0,0,0,0,0,0,0.5
KRAS,PTPN9,P01116,P43378,U,background,False,False,0,0,0,0,0,0,0,0,0,0,0,0,21,17,21,17,0,0,0.5
KRAS,VPS4B,P01116,O75351,U,background,False,False,0,0,0,0,0,0,0,0,19,25,19,25,0,0,0,0,1,19,0.43478260869565216
KRAS,WRNIP1,P01116,Q96S55,U,background,False,False,0,0,0,0,0,0,0,0,33,22,33,22,0,0,0,0,1,33,0.5964912280701754
KRAS,FGL2,P01116,Q14314,U,background,False,False,0,0,0,0,0,0,0,0,0,0,0,0,3,0,3,0,0,0,0.5
KRAS,PSG4,P01116,Q00888,U,background,False,False,0,0,0,0,0,0,0,0,0,0,0,0,0,0,0,0,0,0,0.5
KRAS,ME2,P01116,P23368,U,background,False,False,0,0,0,0,0,0,0,0,0,0,0,0,0,0,0,0,0,0,0.5
KRAS,CPNE9,P01116,Q8IYJ1,U,background,False,False,0,0,0,0,0,0,0,0,0,0,0,0,0,0,0,0,0,0,0.5
KRAS,ZNF583,P01116,Q96ND8,U,background,False,False,0,0,0,0,0,0,0,0,0,0,0,0,0,0,0,0,0,0,0.5
KRAS,DPEP3,P01116,Q9H4B8,U,background,False,False,0,0,0,0,0,0,0,0,0,0,0,0,0,0,0,0,0,0,0.5
KRAS,GCNT4,P01116,Q9P109,U,background,False,False,0,0,0,0,0,0,0,0,0,0,0,0,0,0,0,0,0,0,0.5
KRAS,TRAK1,P01116,Q9UPV9,U,background,False,False,0,0,0,0,0,0,0,0,19,31,19,31,0,0,0,0,1,19,0.38461538461538464
KRAS,CNTNAP2,P01116,Q9UHC6,U,background,False,False,0,0,0,0,0,0,0,0,0,0,0,0,4,10,4,10,0,0,0.5
KRAS,FRMD4A,P01116,Q9P2Q2,U,background,False,False,0,0,0,0,0,0,0,0,0,0,0,0,0,2,0,2,0,0,0.5
KRAS,SRFBP1,P01116,Q8NEF9,U,background,False,False,0,0,0,0,0,0,0,0,15,17,15,17,0,0,0,0,1,15,0.47058823529411764
KRAS,PLBD1,P01116,Q6P4A8,U,background,False,False,0,0,0,0,0,0,0,0,29,32,29,32,0,0,0,0,1,29,0.47619047619047616
KRAS,ISM1,P01116,B1AKI9,U,background,False,False,0,0,0,0,0,0,0,0,0,0,0,0,0,0,0,0,0,0,0.5
KRAS,NFATC2,P01116,Q13469,U,background,False,False,0,0,0,0,0,0,0,0,57,70,57,70,0,0,0,0,1,57,0.4496124031007752
KRAS,PTGER4,P01116,P35408,U,background,False,False,0,0,0,0,0,0,0,0,0,0,0,0,0,0,0,0,0,0,0.5
KRAS,MME,P01116,P08473,U,background,False,False,0,0,0,0,0,0,0,0,0,0,0,0,28,30,28,30,0,0,0.5
KRAS,GPR75,P01116,O95800,U,background,False,False,0,0,0,0,0,0,0,0,0,0,0,0,0,0,0,0,0,0,0.5
KRAS,BRSK1,P01116,Q8TDC3,U,background,False,False,0,0,0,0,0,0,0,0,9,7,9,7,0,0,0,0,1,9,0.5555555555555556
KRAS,ACSL5,P01116,Q9ULC5,U,background,False,False,0,0,0,0,0,0,0,0,0,0,0,0,0,0,0,0,0,0,0.5
KRAS,SANBR,P01116,Q6NSI8,U,background,False,False,0,0,0,0,0,0,0,0,0,0,0,0,0,0,0,0,0,0,0.5
KRAS,BTBD6,P01116,Q96KE9,U,background,False,False,0,0,0,0,0,0,0,0,0,0,0,0,0,0,0,0,0,0,0.5
KRAS,SHH,P01116,Q15465,U,background,False,False,0,0,0,0,0,0,0,0,0,0,0,0,0,0,0,0,0,0,0.5
KRAS,SLC12A2,P01116,P55011,U,background,False,False,0,0,0,0,0,0,0,0,0,0,0,0,0,0,0,0,0,0,0.5
KRAS,CYP2J2,P01116,P51589,U,background,False,False,0,0,0,0,0,0,0,0,0,0,0,0,4,5,4,5,0,0,0.5
KRAS,USPL1,P01116,Q5W0Q7,U,background,False,False,0,0,0,0,0,0,0,0,0,0,0,0,8,3,8,3,0,0,0.5
KRAS,PLEKHG6,P01116,Q3KR16,U,background,False,False,0,0,0,0,0,0,0,0,10,13,10,13,0,0,0,0,1,10,0.44
KRAS,IGF1R,P01116,P08069,U,background,False,False,0,0,0,0,0,0,0,0,0,0,0,0,0,0,0,0,0,0,0.5
KRAS,NOS1,P01116,P29475,U,background,False,False,0,0,0,0,0,0,0,0,12,21,12,21,0,0,0,0,1,12,0.37142857142857144
KRAS,CEP295NL,P01116,Q96MC4,U,background,False,False,0,0,0,0,0,0,0,0,0,0,0,0,0,0,0,0,0,0,0.5
KRAS,SH3D19,P01116,Q5HYK7,U,background,False,False,0,0,0,0,0,0,0,0,12,25,12,25,0,0,0,0,1,12,0.3333333333333333
KRAS,PROSER1,P01116,Q86XN7,U,background,False,False,0,0,0,0,0,0,0,0,6,5,6,5,0,0,0,0,1,6,0.5384615384615384
KRAS,PLD1,P01116,Q13393,U,background,False,False,0,0,0,0,0,0,0,0,27,49,27,49,0,0,0,0,1,27,0.358974358974359
KRAS,E4F1,P01116,Q66K89,U,background,False,False,0,0,0,0,0,0,0,0,0,0,0,0,0,0,0,0,0,0,0.5
KRAS,KLRG2,P01116,A4D1S0,U,background,False,False,0,0,0,0,0,0,0,0,0,0,0,0,31,35,31,35,0,0,0.5
KRAS,FARS2,P01116,O95363,U,background,False,False,0,0,0,0,0,0,0,0,0,0,0,0,21,21,21,21,0,0,0.5
KRAS,LATS2,P01116,Q9NRM7,U,background,False,False,0,0,0,0,0,0,0,0,0,0,0,0,0,0,0,0,0,0,0.5
KRAS,CALR,P01116,P27797,U,background,False,False,0,0,0,0,0,0,0,0,0,0,0,0,89,89,89,89,0,0,0.5
KRAS,IQCE,P01116,Q6IPM2,U,background,False,False,0,0,0,0,0,0,0,0,14,19,14,19,0,0,0,0,1,14,0.42857142857142855
KRAS,C4BPA,P01116,P04003,U,background,False,False,0,0,0,0,0,0,0,0,0,0,0,0,7,12,7,12,0,0,0.5
KRAS,CAPN5,P01116,O15484,U,background,False,False,0,0,0,0,0,0,0,0,0,0,0,0,0,0,0,0,0,0,0.5
KRAS,RBM33,P01116,Q96EV2,U,context,False,False,0,0,0,0,0,0,0,0,20,29,20,29,0,0,0,0,1,20,0.4117647058823529
KRAS,FCRLA,P01116,Q7L513,U,context,False,False,0,0,0,0,0,0,0,0,0,0,0,0,1,0,1,0,0,0,0.5
KRAS,SACK1E,P01116,Q2M2I3,U,context,False,False,0,0,0,0,0,0,0,0,0,0,0,0,0,0,0,0,0,0,0.5
KRAS,PGM2,P01116,Q96G03,U,context,False,False,0,0,0,0,0,0,0,0,0,0,0,0,0,0,0,0,0,0,0.5
KRAS,DAPK2,P01116,Q9UIK4,U,context,False,False,0,0,0,0,0,0,0,0,0,0,0,0,0,0,0,0,0,0,0.5
KRAS,TBC1D13,P01116,Q9NVG8,U,context,False,False,0,0,0,0,0,0,0,0,0,0,0,0,1,0,1,0,0,0,0.5
KRAS,RIN2,P01116,Q8WYP3,U,context,False,False,0,0,0,0,0,0,0,0,5,10,5,10,0,0,0,0,1,5,0.35294117647058826
KRAS,HAUS3,P01116,Q68CZ6,U,context,False,False,0,0,0,0,0,0,0,0,50,47,50,47,0,0,0,0,1,50,0.5151515151515151
KRAS,SHTN1,P01116,A0MZ66,U,context,False,False,0,0,0,0,0,0,0,0,25,21,25,21,0,0,0,0,1,25,0.5416666666666666
KRAS,RFFL,P01116,Q8WZ73,U,context,False,False,0,0,0,0,0,0,0,0,0,0,0,0,0,0,0,0,0,0,0.5
KRAS,TAF4B,P01116,Q92750,U,context,False,False,0,0,0,0,0,0,0,0,2,1,2,1,0,0,0,0,1,2,0.6
KRAS,DAZ2,P01116,Q13117,U,context,False,False,0,0,0,0,0,0,0,0,0,0,0,0,0,0,0,0,0,0,0.5
KRAS,GLRX3,P01116,O76003,U,context,False,False,0,0,0,0,0,0,0,0,0,0,0,0,0,0,0,0,0,0,0.5
KRAS,SPAG8,P01116,Q99932,U,context,False,False,0,0,0,0,0,0,0,0,0,0,0,0,19,19,19,19,0,0,0.5
KRAS,FMR1,P01116,Q06787,U,context,False,False,0,0,0,0,0,0,0,0,0,0,0,0,0,0,0,0,0,0,0.5
KRAS,PHACTR1,P01116,Q9C0D0,U,context,False,False,0,0,0,0,0,0,0,0,0,0,0,0,2,1,2,1,0,0,0.5
KRAS,PDE4B,P01116,Q07343,U,context,False,False,0,0,0,0,0,0,0,0,0,0,0,0,0,0,0,0,0,0,0.5
KRAS,KLHL10,P01116,Q6JEL2,U,context,False,False,0,0,0,0,0,0,0,0,0,0,0,0,0,0,0,0,0,0,0.5
KRAS,MFGE8,P01116,Q08431,U,context,False,False,0,0,0,0,0,0,0,0,0,0,0,0,0,0,0,0,0,0,0.5
KRAS,AUP1,P01116,Q9Y679,U,context,False,False,0,0,0,0,0,0,0,0,0,0,0,0,45,50,45,50,0,0,0.5
KRAS,NFE2L2,P01116,Q16236,U,context,False,False,0,0,0,0,0,0,0,0,0,0,0,0,0,0,0,0,0,0,0.5
KRAS,HSPA4,P01116,P34932,U,context,False,False,0,0,0,0,0,0,0,0,0,0,0,0,0,0,0,0,0,0,0.5
KRAS,TARS3,P01116,A2RTX5,U,context,False,False,0,0,0,0,0,0,0,0,0,0,0,0,15,18,15,18,0,0,0.5
KRAS,CERT1,P01116,Q9Y5P4,U,context,False,False,0,0,0,0,0,0,0,0,0,0,0,0,0,0,0,0,0,0,0.5
KRAS,ATXN2L,P01116,Q8WWM7,U,context,False,False,0,0,0,0,0,0,0,0,70,69,70,69,0,0,0,0,1,70,0.5035460992907801
KRAS,CDK14,P01116,O94921,U,context,False,False,0,0,0,0,0,0,0,0,0,0,0,0,0,0,0,0,0,0,0.5
KRAS,RSPH14,P01116,Q9UHP6,U,context,False,False,0,0,0,0,0,0,0,0,0,0,0,0,0,0,0,0,0,0,0.5
KRAS,LGI1,P01116,O95970,U,context,False,False,0,0,0,0,0,0,0,0,0,0,0,0,13,15,13,15,0,0,0.5
KRAS,TSSK4,P01116,Q6SA08,U,context,False,False,0,0,0,0,0,0,0,0,1,5,1,5,0,0,0,0,1,1,0.25
KRAS,EFHB,P01116,Q8N7U6,U,context,False,False,0,0,0,0,0,0,0,0,0,0,0,0,1,3,1,3,0,0,0.5
KRAS,MTHFD1,P01116,P11586,U,context,False,False,0,0,0,0,0,0,0,0,0,0,0,0,0,0,0,0,0,0,0.5
KRAS,LMCD1,P01116,Q9NZU5,U,context,False,False,0,0,0,0,0,0,0,0,0,0,0,0,0,0,0,0,0,0,0.5
KRAS,TUBG2,P01116,Q9NRH3,U,context,False,False,0,0,0,0,0,0,0,0,0,0,0,0,0,0,0,0,0,0,0.5
KRAS,FARP1,P01116,Q9Y4F1,U,context,False,False,0,0,0,0,0,0,0,0,0,0,0,0,0,0,0,0,0,0,0.5
KRAS,TDRD1,P01116,Q9BXT4,U,context,False,False,0,0,0,0,0,0,0,0,0,0,0,0,0,0,0,0,0,0,0.5
KRAS,QRICH1,P01116,Q2TAL8,U,context,False,False,0,0,0,0,0,0,0,0,0,0,0,0,0,0,0,0,0,0,0.5
KRAS,HYAL3,P01116,O43820,U,context,False,False,0,0,0,0,0,0,0,0,0,0,0,0,0,0,0,0,0,0,0.5
KRAS,MDM4,P01116,O15151,U,context,False,False,0,0,0,0,0,0,0,0,24,31,24,31,0,0,0,0,1,24,0.43859649122807015
KRAS,WDR37,P01116,Q9Y2I8,U,context,False,False,0,0,0,0,0,0,0,0,21,23,21,23,0,0,0,0,1,21,0.4782608695652174
KRAS,ZMYND15,P01116,Q9H091,U,context,False,False,0,0,0,0,0,0,0,0,0,0,0,0,0,0,0,0,0,0,0.5
KRAS,APPBP2,P01116,Q92624,U,context,False,False,0,0,0,0,0,0,0,0,57,57,57,57,0,0,0,0,1,57,0.5
KRAS,PIAS1,P01116,O75925,U,context,False,False,0,0,0,0,0,0,0,0,61,76,61,76,0,0,0,0,1,61,0.4460431654676259
KRAS,PARP12,P01116,Q9H0J9,U,context,False,False,0,0,0,0,0,0,0,0,11,13,11,13,0,0,0,0,1,11,0.46153846153846156
KRAS,ADH7,P01116,P40394,U,context,False,False,0,0,0,0,0,0,0,0,0,0,0,0,0,0,0,0,0,0,0.5
KRAS,MAPK6,P01116,Q16659,U,context,False,False,0,0,0,0,0,0,0,0,134,124,134,124,0,0,0,0,1,134,0.5192307692307693
KRAS,THAP4,P01116,Q8WY91,U,context,False,False,0,0,0,0,0,0,0,0,0,0,0,0,18,21,18,21,0,0,0.5
KRAS,ZAR1,P01116,Q86SH2,U,context,False,False,0,0,0,0,0,0,0,0,0,0,0,0,0,0,0,0,0,0,0.5
KRAS,SMTNL1,P01116,A8MU46,U,context,False,False,0,0,0,0,0,0,0,0,1,4,1,4,0,0,0,0,1,1,0.2857142857142857
KRAS,VPS35,P01116,Q96QK1,U,context,False,False,0,0,0,0,0,0,0,0,0,0,0,0,44,43,44,43,0,0,0.5
KRAS,ARHGAP27,P01116,Q6ZUM4,U,context,False,False,0,0,0,0,0,0,0,0,3,5,3,5,0,0,0,0,1,3,0.4
KRAS,TMUB2,P01116,Q71RG4,U,background,False,False,0,0,0,0,0,0,0,0,0,0,0,0,11,7,11,7,0,0,0.5
KRAS,KAZN,P01116,Q674X7,U,background,False,False,0,0,0,0,0,0,0,0,11,11,11,11,0,0,0,0,1,11,0.5
KRAS,TIMM44,P01116,O43615,U,background,False,False,0,0,0,0,0,0,0,0,0,0,0,0,0,0,0,0,0,0,0.5
KRAS,FLCN,P01116,Q8NFG4,U,background,False,False,0,0,0,0,0,0,0,0,0,0,0,0,0,0,0,0,0,0,0.5
KRAS,PPIL2,P01116,Q13356,U,background,False,False,0,0,0,0,0,0,0,0,18,19,18,19,0,0,0,0,1,18,0.48717948717948717
KRAS,TAB2,P01116,Q9NYJ8,U,background,False,False,0,0,0,0,0,0,0,0,53,41,53,41,0,0,0,0,1,53,0.5625
KRAS,IP6K2,P01116,Q9UHH9,U,background,False,False,0,0,0,0,0,0,0,0,0,0,0,0,0,0,0,0,0,0,0.5
KRAS,STARD13,P01116,Q9Y3M8,U,background,False,False,0,0,0,0,0,0,0,0,0,0,0,0,0,0,0,0,0,0,0.5
KRAS,NAPG,P01116,Q99747,U,background,False,False,0,0,0,0,0,0,0,0,25,32,25,32,0,0,0,0,1,25,0.4406779661016949
KRAS,LPAR5,P01116,Q9H1C0,U,background,False,False,0,0,0,0,0,0,0,0,0,0,0,0,0,0,0,0,0,0,0.5
KRAS,ZNF805,P01116,Q5CZA5,U,background,False,False,0,0,0,0,0,0,0,0,0,0,0,0,0,0,0,0,0,0,0.5
KRAS,CDCA7L,P01116,Q96GN5,U,background,False,False,0,0,0,0,0,0,0,0,29,19,29,19,0,0,0,0,1,29,0.6
KRAS,OPN4,P01116,Q9UHM6,U,background,False,False,0,0,0,0,0,0,0,0,0,0,0,0,0,0,0,0,0,0,0.5
KRAS,P2RX1,P01116,P51575,U,background,False,False,0,0,0,0,0,0,0,0,0,0,0,0,0,0,0,0,0,0,0.5
KRAS,ARSA,P01116,P15289,U,background,False,False,0,0,0,0,0,0,0,0,0,0,0,0,29,28,29,28,0,0,0.5
KRAS,TNFRSF21,P01116,O75509,U,background,False,False,0,0,0,0,0,0,0,0,0,0,0,0,2,2,2,2,0,0,0.5
KRAS,SMCR8,P01116,Q8TEV9,U,background,False,False,0,0,0,0,0,0,0,0,0,0,0,0,24,20,24,20,0,0,0.5
KRAS,ZNF718,P01116,Q3SXZ3,U,background,False,False,0,0,0,0,0,0,0,0,0,0,0,0,0,0,0,0,0,0,0.5
KRAS,KCNH5,P01116,Q8NCM2,U,background,False,False,0,0,0,0,0,0,0,0,0,0,0,0,0,0,0,0,0,0,0.5
KRAS,HOXC13,P01116,P31276,U,background,False,False,0,0,0,0,0,0,0,0,0,0,0,0,0,0,0,0,0,0,0.5
KRAS,CABS1,P01116,Q96KC9,U,background,False,False,0,0,0,0,0,0,0,0,0,0,0,0,3,5,3,5,0,0,0.5
KRAS,SCARB2,P01116,Q14108,U,background,False,False,0,0,0,0,0,0,0,0,0,0,0,0,45,35,45,35,0,0,0.5
KRAS,SNAPC1,P01116,Q16533,U,background,False,False,0,0,0,0,0,0,0,0,10,20,10,20,0,0,0,0,1,10,0.34375
KRAS,GARS1,P01116,P41250,U,background,False,False,0,0,0,0,0,0,0,0,0,0,0,0,0,0,0,0,0,0,0.5
KRAS,MRGPRD,P01116,Q8TDS7,U,background,False,False,0,0,0,0,0,0,0,0,0,0,0,0,0,0,0,0,0,0,0.5
KRAS,ACAP3,P01116,Q96P50,U,background,False,False,0,0,0,0,0,0,0,0,7,8,7,8,0,0,0,0,1,7,0.47058823529411764
KRAS,SOX11,P01116,P35716,U,background,False,False,0,0,0,0,0,0,0,0,2,0,2,0,0,0,0,0,1,2,0.75
KRAS,PREPL,P01116,Q4J6C6,U,background,False,False,0,0,0,0,0,0,0,0,0,0,0,0,32,21,32,21,0,0,0.5
KRAS,TIPARP,P01116,Q7Z3E1,U,background,False,False,0,0,0,0,0,0,0,0,4,6,4,6,0,0,0,0,1,4,0.4166666666666667
KRAS,PLPPR2,P01116,Q96GM1,U,background,False,False,0,0,0,0,0,0,0,0,0,0,0,0,0,0,0,0,0,0,0.5
KRAS,HIP1R,P01116,O75146,U,background,False,False,0,0,0,0,0,0,0,0,36,45,36,45,0,0,0,0,1,36,0.4457831325301205
KRAS,DEF6,P01116,Q9H4E7,U,background,False,False,0,0,0,0,0,0,0,0,20,21,20,21,0,0,0,0,1,20,0.4883720930232558
KRAS,FBXL17,P01116,Q9UF56,U,background,False,False,0,0,0,0,0,0,0,0,0,0,0,0,12,13,12,13,0,0,0.5
KRAS,NEURL1,P01116,O76050,U,background,False,False,0,0,0,0,0,0,0,0,0,0,0,0,0,0,0,0,0,0,0.5
KRAS,GOLGA6B,P01116,A6NDN3,U,background,False,False,0,0,0,0,0,0,0,0,0,0,0,0,0,0,0,0,0,0,0.5
KRAS,STRN,P01116,O43815,U,background,False,False,0,0,0,0,0,0,0,0,0,0,0,0,0,0,0,0,0,0,0.5
KRAS,NOS1AP,P01116,O75052,U,background,False,False,0,0,0,0,0,0,0,0,29,46,29,46,0,0,0,0,1,29,0.38961038961038963
KRAS,NSMCE4A,P01116,Q9NXX6,U,background,False,False,0,0,0,0,0,0,0,0,0,0,0,0,0,0,0,0,0,0,0.5
KRAS,PARP15,P01116,Q460N3,U,background,False,False,0,0,0,0,0,0,0,0,0,0,0,0,0,0,0,0,0,0,0.5
KRAS,NRDC,P01116,O43847,U,background,False,False,0,0,0,0,0,0,0,0,0,0,0,0,18,17,18,17,0,0,0.5
KRAS,ZNF189,P01116,O75820,U,background,False,False,0,0,0,0,0,0,0,0,0,0,0,0,0,0,0,0,0,0,0.5
KRAS,AVPR1B,P01116,P47901,U,background,False,False,0,0,0,0,0,0,0,0,0,0,0,0,0,0,0,0,0,0,0.5
KRAS,INPP5K,P01116,Q9BT40,U,background,False,False,0,0,0,0,0,0,0,0,0,0,0,0,0,0,0,0,0,0,0.5
KRAS,FAM153B,P01116,P0C7A2,U,background,False,False,0,0,0,0,0,0,0,0,0,0,0,0,5,2,5,2,0,0,0.5
KRAS,KIR3DL3,P01116,Q8N743,U,background,False,False,0,0,0,0,0,0,0,0,0,0,0,0,0,0,0,0,0,0,0.5
KRAS,AIDA,P01116,Q96BJ3,U,background,False,False,0,0,0,0,0,0,0,0,7,3,7,3,0,0,0,0,1,7,0.6666666666666666
KRAS,DHX33,P01116,Q9H6R0,U,background,False,False,0,0,0,0,0,0,0,0,0,0,0,0,0,0,0,0,0,0,0.5
KRAS,TXLNG,P01116,Q9NUQ3,U,background,False,False,0,0,0,0,0,0,0,0,0,0,0,0,0,0,0,0,0,0,0.5
KRAS,GARIN1B,P01116,Q96KD3,U,background,False,False,0,0,0,0,0,0,0,0,0,0,0,0,0,0,0,0,0,0,0.5
KRAS,ZKSCAN3,P01116,Q9BRR0,U,background,False,False,0,0,0,0,0,0,0,0,0,0,0,0,0,0,0,0,0,0,0.5
KRAS,CLEC18A,P01116,A5D8T8,U,low_plausibility,False,False,0,0,0,0,0,0,0,0,0,0,0,0,3,2,3,2,0,0,0.5
KRAS,METTL15,P01116,A6NJ78,U,low_plausibility,False,False,0,0,0,0,0,0,0,0,0,0,0,0,78,65,78,65,0,0,0.5
KRAS,PMPCB,P01116,O75439,U,low_plausibility,False,False,0,0,0,0,0,0,0,0,0,0,0,0,98,93,98,93,0,0,0.5
KRAS,CRLF1,P01116,O75462,U,low_plausibility,False,False,0,0,0,0,0,0,0,0,0,0,0,0,23,24,23,24,0,0,0.5
KRAS,OTC,P01116,P00480,U,low_plausibility,False,False,0,0,0,0,0,0,0,0,0,0,0,0,30,25,30,25,0,0,0.5
KRAS,F9,P01116,P00740,U,low_plausibility,False,False,0,0,0,0,0,0,0,0,0,0,0,0,0,0,0,0,0,0,0.5
KRAS,FGB,P01116,P02675,U,low_plausibility,False,False,0,0,0,0,0,0,0,0,0,0,0,0,48,55,48,55,0,0,0.5
KRAS,FGG,P01116,P02679,U,low_plausibility,False,False,0,0,0,0,0,0,0,0,0,0,0,0,19,31,19,31,0,0,0.5
KRAS,VTN,P01116,P04004,U,low_plausibility,False,False,0,0,0,0,0,0,0,0,0,0,0,0,51,45,51,45,0,0,0.5
KRAS,PROC,P01116,P04070,U,low_plausibility,False,False,0,0,0,0,0,0,0,0,0,0,0,0,9,14,9,14,0,0,0.5
KRAS,CHGB,P01116,P05060,U,low_plausibility,False,False,0,0,0,0,0,0,0,0,0,0,0,0,10,8,10,8,0,0,0.5
KRAS,SERPING1,P01116,P05155,U,low_plausibility,False,False,0,0,0,0,0,0,0,0,0,0,0,0,21,29,21,29,0,0,0.5
KRAS,F13B,P01116,P05160,U,low_plausibility,False,False,0,0,0,0,0,0,0,0,0,0,0,0,6,16,6,16,0,0,0.5
KRAS,F7,P01116,P08709,U,low_plausibility,False,False,0,0,0,0,0,0,0,0,0,0,0,0,7,10,7,10,0,0,0.5
KRAS,ACAA1,P01116,P09110,U,low_plausibility,False,False,0,0,0,0,0,0,0,0,0,0,0,0,10,8,10,8,0,0,0.5
KRAS,PDIA4,P01116,P13667,U,low_plausibility,False,False,0,0,0,0,0,0,0,0,0,0,0,0,0,0,0,0,0,0,0.5
KRAS,SMPD1,P01116,P17405,U,low_plausibility,False,False,0,0,0,0,0,0,0,0,0,0,0,0,13,11,13,11,0,0,0.5
KRAS,CFP,P01116,P27918,U,low_plausibility,False,False,0,0,0,0,0,0,0,0,0,0,0,0,16,13,16,13,0,0,0.5
KRAS,PDIA3,P01116,P30101,U,low_plausibility,False,False,0,0,0,0,0,0,0,0,0,0,0,0,0,0,0,0,0,0,0.5
KRAS,MDH2,P01116,P40926,U,low_plausibility,False,False,0,0,0,0,0,0,0,0,140,102,140,102,0,0,0,0,1,140,0.5778688524590164
KRAS,GLUD2,P01116,P49448,U,low_plausibility,False,False,0,0,0,0,0,0,0,0,0,0,0,0,0,0,0,0,0,0,0.5
KRAS,VEGFC,P01116,P49767,U,low_plausibility,False,False,0,0,0,0,0,0,0,0,0,0,0,0,0,0,0,0,0,0,0.5
KRAS,TGFB2,P01116,P61812,U,low_plausibility,False,False,0,0,0,0,0,0,0,0,0,0,0,0,11,11,11,11,0,0,0.5
KRAS,HTRA3,P01116,P83110,U,low_plausibility,False,False,0,0,0,0,0,0,0,0,0,0,0,0,0,0,0,0,0,0,0.5
KRAS,HGFAC,P01116,Q04756,U,low_plausibility,False,False,0,0,0,0,0,0,0,0,0,0,0,0,8,13,8,13,0,0,0.5
KRAS,PMPCA,P01116,Q10713,U,low_plausibility,False,False,0,0,0,0,0,0,0,0,0,0,0,0,94,73,94,73,0,0,0.5
KRAS,HYAL1,P01116,Q12794,U,low_plausibility,False,False,0,0,0,0,0,0,0,0,0,0,0,0,0,0,0,0,0,0,0.5
KRAS,OS9,P01116,Q13438,U,low_plausibility,False,False,0,0,0,0,0,0,0,0,26,33,26,33,0,0,0,0,1,26,0.4426229508196721
KRAS,PDK1,P01116,Q15118,U,low_plausibility,False,False,0,0,0,0,0,0,0,0,107,84,107,84,0,0,0,0,1,107,0.5595854922279793
KRAS,ANGPT1,P01116,Q15389,U,low_plausibility,False,False,0,0,0,0,0,0,0,0,0,0,0,0,0,0,0,0,0,0,0.5
KRAS,PKDCC,P01116,Q504Y2,U,low_plausibility,False,False,0,0,0,0,0,0,0,0,4,5,4,5,0,0,0,0,1,4,0.45454545454545453
KRAS,ACSM3,P01116,Q53FZ2,U,low_plausibility,False,False,0,0,0,0,0,0,0,0,0,0,0,0,1,2,1,2,0,0,0.5
KRAS,PDE12,P01116,Q6L8Q7,U,low_plausibility,False,False,0,0,0,0,0,0,0,0,0,0,0,0,25,20,25,20,0,0,0.5
KRAS,PI16,P01116,Q6UXB8,U,low_plausibility,False,False,0,0,0,0,0,0,0,0,0,0,0,0,4,6,4,6,0,0,0.5
KRAS,ACOT4,P01116,Q8N9L9,U,low_plausibility,False,False,0,0,0,0,0,0,0,0,0,0,0,0,0,0,0,0,0,0,0.5
KRAS,COLGALT1,P01116,Q8NBJ5,U,low_plausibility,False,False,0,0,0,0,0,0,0,0,0,0,0,0,0,0,0,0,0,0,0.5
KRAS,POGLUT1,P01116,Q8NBL1,U,low_plausibility,False,False,0,0,0,0,0,0,0,0,0,0,0,0,7,8,7,8,0,0,0.5
KRAS,PLBD2,P01116,Q8NHP8,U,low_plausibility,False,False,0,0,0,0,0,0,0,0,14,16,14,16,0,0,0,0,1,14,0.46875
KRAS,NDNF,P01116,Q8TB73,U,low_plausibility,False,False,0,0,0,0,0,0,0,0,0,0,0,0,1,0,1,0,0,0,0.5
KRAS,TBRG4,P01116,Q969Z0,U,low_plausibility,False,False,0,0,0,0,0,0,0,0,0,0,0,0,0,0,0,0,0,0,0.5
KRAS,ERLEC1,P01116,Q96DZ1,U,low_plausibility,False,False,0,0,0,0,0,0,0,0,0,0,0,0,32,25,32,25,0,0,0.5
KRAS,CNDP1,P01116,Q96KN2,U,low_plausibility,False,False,0,0,0,0,0,0,0,0,0,1,0,1,0,0,0,0,1,0,0.3333333333333333
KRAS,FAM20A,P01116,Q96MK3,U,low_plausibility,False,False,0,0,0,0,0,0,0,0,0,0,0,0,0,0,0,0,0,0,0.5
KRAS,EDEM2,P01116,Q9BV94,U,low_plausibility,False,False,0,0,0,0,0,0,0,0,0,0,0,0,0,0,0,0,0,0,0.5
KRAS,WNT10A,P01116,Q9GZT5,U,low_plausibility,False,False,0,0,0,0,0,0,0,0,0,0,0,0,0,0,0,0,0,0,0.5
KRAS,MCCC2,P01116,Q9HCC0,U,low_plausibility,False,False,0,0,0,0,0,0,0,0,44,46,44,46,0,0,0,0,1,44,0.4891304347826087
KRAS,C1RL,P01116,Q9NZP8,U,low_plausibility,False,False,0,0,0,0,0,0,0,0,0,0,0,0,0,0,0,0,0,0,0.5
KRAS,WARS2,P01116,Q9UGM6,U,low_plausibility,False,False,0,0,0,0,0,0,0,0,0,0,0,0,6,3,6,3,0,0,0.5
KRAS,GDF2,P01116,Q9UK05,U,low_plausibility,False,False,0,0,0,0,0,0,0,0,0,0,0,0,1,1,1,1,0,0,0.5
KRAS,LIPG,P01116,Q9Y5X9,U,low_plausibility,False,False,0,0,0,0,0,0,0,0,0,0,0,0,22,25,22,25,0,0,0.5
KRAS,MASP2,P01116,O00187,U,low_plausibility,False,False,0,0,0,0,0,0,0,0,0,0,0,0,0,0,0,0,0,0,0.5
KRAS,NCAN,P01116,O14594,U,low_plausibility,False,False,0,0,0,0,0,0,0,0,0,0,0,0,4,5,4,5,0,0,0.5
KRAS,PLOD3,P01116,O60568,U,low_plausibility,False,False,0,0,0,0,0,0,0,0,0,0,0,0,35,49,35,49,0,0,0.5
KRAS,PTCD1,P01116,O75127,U,low_plausibility,False,False,0,0,0,0,0,0,0,0,38,23,38,23,0,0,0,0,1,38,0.6190476190476191
KRAS,CILP,P01116,O75339,U,low_plausibility,False,False,0,0,0,0,0,0,0,0,0,0,0,0,1,1,1,1,0,0,0.5
KRAS,CP,P01116,P00450,U,low_plausibility,False,False,0,0,0,0,0,0,0,0,0,0,0,0,0,0,0,0,0,0,0.5
KRAS,C1R,P01116,P00736,U,low_plausibility,False,False,0,0,0,0,0,0,0,0,0,0,0,0,5,6,5,6,0,0,0.5
KRAS,PLG,P01116,P00747,U,low_plausibility,False,False,0,0,0,0,0,0,0,0,0,0,0,0,0,0,0,0,0,0,0.5
KRAS,FGA,P01116,P02671,U,low_plausibility,False,False,0,0,0,0,0,0,0,0,0,0,0,0,19,24,19,24,0,0,0.5
KRAS,PCCA,P01116,P05165,U,low_plausibility,False,False,0,0,0,0,0,0,0,0,30,23,30,23,0,0,0,0,1,30,0.5636363636363636
KRAS,C2,P01116,P06681,U,low_plausibility,False,False,0,0,0,0,0,0,0,0,0,0,0,0,0,0,0,0,0,0,0.5
KRAS,PC,P01116,P11498,U,low_plausibility,False,False,0,0,0,0,0,0,0,0,38,45,38,45,0,0,0,0,1,38,0.4588235294117647
KRAS,BMP1,P01116,P13497,U,low_plausibility,False,False,0,0,0,0,0,0,0,0,0,0,0,0,0,0,0,0,0,0,0.5
KRAS,HSP90B1,P01116,P14625,U,low_plausibility,False,False,0,0,0,0,0,0,0,0,0,0,0,0,77,74,77,74,0,0,0.5
KRAS,CEL,P01116,P19835,U,low_plausibility,False,False,0,0,0,0,0,0,0,0,0,0,0,0,3,1,3,1,0,0,0.5
KRAS,COL15A1,P01116,P39059,U,low_plausibility,False,False,0,0,0,0,0,0,0,0,0,0,0,0,0,0,0,0,0,0,0.5
KRAS,COMP,P01116,P49747,U,low_plausibility,False,False,0,0,0,0,0,0,0,0,0,0,0,0,0,0,0,0,0,0,0.5
KRAS,POLG,P01116,P54098,U,low_plausibility,False,False,0,0,0,0,0,0,0,0,32,28,32,28,0,0,0,0,1,32,0.532258064516129
KRAS,ALDH18A1,P01116,P54886,U,low_plausibility,False,False,0,0,0,0,0,0,0,0,0,0,0,0,0,0,0,0,0,0,0.5
KRAS,GPLD1,P01116,P80108,U,low_plausibility,False,False,0,0,0,0,0,0,0,0,0,0,0,0,2,0,2,0,0,0,0.5
KRAS,TRAP1,P01116,Q12931,U,low_plausibility,False,False,0,0,0,0,0,0,0,0,0,0,0,0,86,67,86,67,0,0,0.5
KRAS,MMRN1,P01116,Q13201,U,low_plausibility,False,False,0,0,0,0,0,0,0,0,0,0,0,0,3,7,3,7,0,0,0.5
KRAS,TOP3A,P01116,Q13472,U,low_plausibility,False,False,0,0,0,0,0,0,0,0,0,0,0,0,21,9,21,9,0,0,0.5
KRAS,POSTN,P01116,Q15063,U,low_plausibility,False,False,0,0,0,0,0,0,0,0,0,0,0,0,0,0,0,0,0,0,0.5
KRAS,TGFBI,P01116,Q15582,U,low_plausibility,False,False,0,0,0,0,0,0,0,0,0,0,0,0,0,0,0,0,0,0,0.5
KRAS,PITRM1,P01116,Q5JRX3,U,low_plausibility,False,False,0,0,0,0,0,0,0,0,17,29,17,29,0,0,0,0,1,17,0.375
KRAS,PRSS36,P01116,Q5K4E3,U,low_plausibility,False,False,0,0,0,0,0,0,0,0,0,0,0,0,0,0,0,0,0,0,0.5
KRAS,CHADL,P01116,Q6NUI6,U,low_plausibility,False,False,0,0,0,0,0,0,0,0,0,0,0,0,0,0,0,0,0,0,0.5
KRAS,THSD4,P01116,Q6ZMP0,U,low_plausibility,False,False,0,0,0,0,0,0,0,0,0,0,0,0,13,20,13,20,0,0,0.5
KRAS,LONP2,P01116,Q86WA8,U,low_plausibility,False,False,0,0,0,0,0,0,0,0,19,23,19,23,0,0,0,0,1,19,0.45454545454545453
KRAS,CILP2,P01116,Q8IUL8,U,low_plausibility,False,False,0,0,0,0,0,0,0,0,0,0,0,0,0,0,0,0,0,0,0.5
KRAS,FOXRED2,P01116,Q8IWF2,U,low_plausibility,False,False,0,0,0,0,0,0,0,0,0,0,0,0,19,25,19,25,0,0,0.5
KRAS,SULF2,P01116,Q8IWU5,U,low_plausibility,False,False,0,0,0,0,0,0,0,0,0,0,0,0,0,0,0,0,0,0,0.5
KRAS,SULF1,P01116,Q8IWU6,U,low_plausibility,False,False,0,0,0,0,0,0,0,0,0,0,0,0,8,9,8,9,0,0,0.5
KRAS,DNAJC10,P01116,Q8IXB1,U,low_plausibility,False,False,0,0,0,0,0,0,0,0,0,0,0,0,0,0,0,0,0,0,0.5
KRAS,BMPER,P01116,Q8N8U9,U,low_plausibility,False,False,0,0,0,0,0,0,0,0,0,0,0,0,2,4,2,4,0,0,0.5
KRAS,CIROZ,P01116,Q8N9H9,U,low_plausibility,False,False,0,0,0,0,0,0,0,0,0,1,0,0,0,0,0,0,0,0,0.5
KRAS,MCCC1,P01116,Q96RQ3,U,low_plausibility,False,False,0,0,0,0,0,0,0,0,49,46,49,46,0,0,0,0,1,49,0.5154639175257731
KRAS,TWNK,P01116,Q96RR1,U,low_plausibility,False,False,0,0,0,0,0,0,0,0,34,28,34,28,0,0,0,0,1,34,0.546875
KRAS,ADAMTS10,P01116,Q9H324,U,low_plausibility,False,False,0,0,0,0,0,0,0,0,0,0,0,0,0,0,0,0,0,0,0.5
KRAS,ACSS3,P01116,Q9H6R3,U,low_plausibility,False,False,0,0,0,0,0,0,0,0,0,0,0,0,1,1,1,1,0,0,0.5
KRAS,MMRN2,P01116,Q9H8L6,U,low_plausibility,False,False,0,0,0,0,0,0,0,0,1,2,1,2,0,0,0,0,1,1,0.4
KRAS,SCUBE2,P01116,Q9NQ36,U,low_plausibility,False,False,0,0,0,0,0,0,0,0,0,0,0,0,0,1,0,1,0,0,0.5
KRAS,LTBP3,P01116,Q9NS15,U,low_plausibility,False,False,0,0,0,0,0,0,0,0,0,0,0,0,9,11,9,11,0,0,0.5
KRAS,ACSS1,P01116,Q9NUB1,U,low_plausibility,False,False,0,0,0,0,0,0,0,0,0,0,0,0,7,6,7,6,0,0,0.5
KRAS,FASTKD2,P01116,Q9NYY8,U,low_plausibility,False,False,0,0,0,0,0,0,0,0,78,60,78,60,0,0,0,0,1,78,0.5642857142857143
KRAS,ADAMTS5,P01116,Q9UNA0,U,low_plausibility,False,False,0,0,0,0,0,0,0,0,0,0,0,0,0,0,0,0,0,0,0.5
KRAS,TNN,P01116,Q9UQP3,U,low_plausibility,False,False,0,0,0,0,0,0,0,0,0,0,0,0,1,1,1,1,0,0,0.5
KRAS,MAN2B2,P01116,Q9Y2E5,U,low_plausibility,False,False,0,0,0,0,0,0,0,0,0,0,0,0,19,22,19,22,0,0,0.5
KRAS,EMILIN1,P01116,Q9Y6C2,U,low_plausibility,False,False,0,0,0,0,0,0,0,0,0,0,0,0,16,18,16,18,0,0,0.5
KRAS,GREP1,P01116,A0A0J9YXV3,U,low_plausibility,False,False,0,0,0,0,0,0,0,0,0,0,0,0,0,0,0,0,0,0,0.5
KRAS,ANGPT2,P01116,O15123,U,low_plausibility,False,False,0,0,0,0,0,0,0,0,0,0,0,0,0,0,0,0,0,0,0.5
KRAS,COCH,P01116,O43405,U,low_plausibility,False,False,0,0,0,0,0,0,0,0,0,0,0,0,18,11,18,11,0,0,0.5
KRAS,ENTPD5,P01116,O75356,U,low_plausibility,False,False,0,0,0,0,0,0,0,0,0,0,0,0,0,0,0,0,0,0,0.5
KRAS,ANGPTL1,P01116,O95841,U,low_plausibility,False,False,0,0,0,0,0,0,0,0,0,0,0,0,0,0,0,0,0,0,0.5
KRAS,PLAU,P01116,P00749,U,low_plausibility,False,False,0,0,0,0,0,0,0,0,0,0,0,0,20,35,20,35,0,0,0.5
KRAS,GC,P01116,P02774,U,low_plausibility,False,False,0,0,0,0,0,0,0,0,7,16,7,16,0,0,0,0,1,7,0.32
KRAS,HRG,P01116,P04196,U,low_plausibility,False,False,0,0,0,0,0,0,0,0,0,0,0,0,14,14,14,14,0,0,0.5
KRAS,SERPINA5,P01116,P05154,U,low_plausibility,False,False,0,0,0,0,0,0,0,0,0,0,0,0,0,0,0,0,0,0,0.5
KRAS,CFI,P01116,P05156,U,low_plausibility,False,False,0,0,0,0,0,0,0,0,0,0,0,0,8,8,8,8,0,0,0.5
KRAS,BCHE,P01116,P06276,U,low_plausibility,False,False,0,0,0,0,0,0,0,0,0,0,0,0,0,0,0,0,0,0,0.5
KRAS,PSAP,P01116,P07602,U,low_plausibility,False,False,0,0,0,0,0,0,0,0,0,0,0,0,18,19,18,19,0,0,0.5
KRAS,INHBA,P01116,P08476,U,low_plausibility,False,False,0,0,0,0,0,0,0,0,0,0,0,0,12,4,12,4,0,0,0.5
KRAS,SPP1,P01116,P10451,U,low_plausibility,False,False,0,0,0,0,0,0,0,0,0,0,0,0,30,28,30,28,0,0,0.5
KRAS,LIPC,P01116,P11150,U,low_plausibility,False,False,0,0,0,0,0,0,0,0,0,0,0,0,0,0,0,0,0,0,0.5
KRAS,CETP,P01116,P11597,U,low_plausibility,False,False,0,0,0,0,0,0,0,0,2,3,2,3,0,0,0,0,1,2,0.42857142857142855
KRAS,ETFA,P01116,P13804,U,low_plausibility,False,False,0,0,0,0,0,0,0,0,0,0,0,0,53,51,53,51,0,0,0.5
KRAS,PNLIP,P01116,P16233,U,low_plausibility,False,False,0,0,0,0,0,0,0,0,0,0,0,0,0,0,0,0,0,0,0.5
KRAS,LOX,P01116,P28300,U,low_plausibility,False,False,0,0,0,0,0,0,0,0,0,0,0,0,0,0,0,0,0,0,0.5
KRAS,LRPAP1,P01116,P30533,U,low_plausibility,False,False,0,0,0,0,0,0,0,0,0,0,0,0,36,45,36,45,0,0,0.5
KRAS,SERPINF1,P01116,P36955,U,low_plausibility,False,False,0,0,0,0,0,0,0,0,0,0,0,0,6,10,6,10,0,0,0.5
KRAS,MMP13,P01116,P45452,U,low_plausibility,False,False,0,0,0,0,0,0,0,0,0,0,0,0,0,0,0,0,0,0,0.5
KRAS,TUFM,P01116,P49411,U,low_plausibility,False,False,0,0,0,0,0,0,0,0,0,0,0,0,0,0,0,0,0,0,0.5
KRAS,PPT1,P01116,P50897,U,low_plausibility,False,False,0,0,0,0,0,0,0,0,56,69,56,69,0,0,0,0,1,56,0.44881889763779526
KRAS,PNLIPRP1,P01116,P54315,U,low_plausibility,False,False,0,0,0,0,0,0,0,0,0,0,0,0,0,0,0,0,0,0,0.5
KRAS,LGALS3BP,P01116,Q08380,U,low_plausibility,False,False,0,0,0,0,0,0,0,0,0,0,0,0,0,0,0,0,0,0,0.5
KRAS,LOXL1,P01116,Q08397,U,low_plausibility,False,False,0,0,0,0,0,0,0,0,0,0,0,0,2,5,2,5,0,0,0.5
KRAS,PLA2G7,P01116,Q13093,U,low_plausibility,False,False,0,0,0,0,0,0,0,0,0,0,0,0,1,1,1,1,0,0,0.5
KRAS,HABP2,P01116,Q14520,U,low_plausibility,False,False,0,0,0,0,0,0,0,0,0,0,0,0,2,6,2,6,0,0,0.5
KRAS,PRSS53,P01116,Q2L4Q9,U,low_plausibility,False,False,0,0,0,0,0,0,0,0,0,0,0,0,0,0,0,0,0,0,0.5
KRAS,CEACAM16,P01116,Q2WEN9,U,low_plausibility,False,False,0,0,0,0,0,0,0,0,0,0,0,0,1,1,1,1,0,0,0.5
KRAS,ARSI,P01116,Q5FYB1,U,low_plausibility,False,False,0,0,0,0,0,0,0,0,0,0,0,0,2,1,2,1,0,0,0.5
KRAS,MRM1,P01116,Q6IN84,U,low_plausibility,False,False,0,0,0,0,0,0,0,0,0,0,0,0,91,78,91,78,0,0,0.5
KRAS,PYROXD2,P01116,Q8N2H3,U,low_plausibility,False,False,0,0,0,0,0,0,0,0,0,0,0,0,0,1,0,1,0,0,0.5
KRAS,CPA6,P01116,Q8N4T0,U,low_plausibility,False,False,0,0,0,0,0,0,0,0,0,0,0,0,2,2,2,2,0,0,0.5
KRAS,ABHD11,P01116,Q8NFV4,U,low_plausibility,False,False,0,0,0,0,0,0,0,0,20,15,0,0,0,0,0,0,0,0,0.5
KRAS,HPSE2,P01116,Q8WWQ2,U,low_plausibility,False,False,0,0,0,0,0,0,0,0,3,2,3,2,0,0,0,0,1,3,0.5714285714285714
KRAS,GGH,P01116,Q92820,U,low_plausibility,False,False,0,0,0,0,0,0,0,0,0,0,0,0,62,74,62,74,0,0,0.5
KRAS,RCN3,P01116,Q96D15,U,low_plausibility,False,False,0,0,0,0,0,0,0,0,0,0,0,0,0,0,0,0,0,0,0.5
KRAS,TEFM,P01116,Q96QE5,U,low_plausibility,False,False,0,0,0,0,0,0,0,0,0,0,0,0,68,62,68,62,0,0,0.5
KRAS,GDF15,P01116,Q99988,U,low_plausibility,False,False,0,0,0,0,0,0,0,0,0,0,0,0,14,17,14,17,0,0,0.5
KRAS,PECR,P01116,Q9BY49,U,low_plausibility,False,False,0,0,0,0,0,0,0,0,0,0,0,0,0,0,0,0,0,0,0.5
KRAS,TINAGL1,P01116,Q9GZM7,U,low_plausibility,False,False,0,0,0,0,0,0,0,0,0,0,0,0,0,0,0,0,0,0,0.5
KRAS,SIL1,P01116,Q9H173,U,low_plausibility,False,False,0,0,0,0,0,0,0,0,6,7,6,7,0,0,0,0,1,6,0.4666666666666667
KRAS,MEPE,P01116,Q9NQ76,U,low_plausibility,False,False,0,0,0,0,0,0,0,0,3,4,3,4,0,0,0,0,1,3,0.4444444444444444
KRAS,OLFML3,P01116,Q9NRN5,U,low_plausibility,False,False,0,0,0,0,0,0,0,0,4,3,4,3,0,0,0,0,1,4,0.5555555555555556
KRAS,TMLHE,P01116,Q9NVH6,U,low_plausibility,False,False,0,0,0,0,0,0,0,0,0,0,0,0,0,0,0,0,0,0,0.5
KRAS,ADA2,P01116,Q9NZK5,U,low_plausibility,False,False,0,0,0,0,0,0,0,0,0,0,0,0,0,0,0,0,0,0,0.5
KRAS,DNAJB11,P01116,Q9UBS4,U,low_plausibility,False,False,0,0,0,0,0,0,0,0,0,0,0,0,0,0,0,0,0,0,0.5
KRAS,CPQ,P01116,Q9Y646,U,low_plausibility,False,False,0,0,0,0,0,0,0,0,0,0,0,0,0,0,0,0,0,0,0.5
CDK2,CCNA2,P24941,P20248,P,,False,False,0,0,0,0,0,0,0,0,0,0,0,0,0,0,0,0,0,0,0.5
CDK2,CCNE1,P24941,P24864,P,,False,False,0,0,0,0,0,0,0,0,0,0,0,0,0,0,0,0,0,0,0.5
CDK2,CDKN1B,P24941,P46527,P,,False,False,0,0,0,0,0,0,0,0,0,0,0,0,14,21,14,21,0,0,0.5
CDK2,ZNF525,P24941,Q8N782,U,context,False,False,0,0,0,0,0,0,0,0,0,0,0,0,0,0,0,0,0,0,0.5
CDK2,PSMB10,P24941,P40306,U,context,False,False,0,0,0,0,0,0,0,0,0,0,0,0,0,0,0,0,0,0,0.5
CDK2,ZFP92,P24941,A6NM28,U,context,False,False,0,0,0,0,0,0,0,0,0,0,0,0,0,0,0,0,0,0,0.5
CDK2,CDKN2AIP,P24941,Q9NXV6,U,context,False,False,0,0,0,0,0,0,0,0,0,0,0,0,0,0,0,0,0,0,0.5
CDK2,ZNF780B,P24941,Q9Y6R6,U,context,False,False,0,0,0,0,0,0,0,0,0,0,0,0,0,0,0,0,0,0,0.5
CDK2,ZSCAN31,P24941,Q96LW9,U,context,False,False,0,0,0,0,0,0,0,0,0,0,0,0,0,0,0,0,0,0,0.5
CDK2,ZNF514,P24941,Q96K75,U,context,False,False,0,0,0,0,0,0,0,0,0,0,0,0,0,0,0,0,0,0,0.5
CDK2,DXO,P24941,O77932,U,context,False,False,0,0,0,0,0,0,0,0,0,0,0,0,0,0,0,0,0,0,0.5
CDK2,DMRT2,P24941,Q9Y5R5,U,context,False,False,0,0,0,0,0,0,0,0,1,0,1,0,0,0,0,0,1,1,0.6666666666666666
CDK2,PSMA1,P24941,P25786,U,context,False,False,0,0,0,0,0,0,0,0,134,132,134,132,0,0,0,0,1,134,0.503731343283582
CDK2,CACYBP,P24941,Q9HB71,U,context,False,False,0,0,0,0,0,0,0,0,87,98,87,98,0,0,0,0,1,87,0.47058823529411764
CDK2,STYX,P24941,Q8WUJ0,U,context,False,False,0,0,0,0,0,0,0,0,0,0,0,0,18,21,18,21,0,0,0.5
CDK2,SPAG7,P24941,O75391,U,context,False,False,0,0,0,0,0,0,0,0,0,0,0,0,0,0,0,0,0,0,0.5
CDK2,ZFP64,P24941,Q9NTW7,U,context,False,False,0,0,0,0,0,0,0,0,0,0,0,0,0,0,0,0,0,0,0.5
CDK2,CRTC1,P24941,Q6UUV9,U,context,False,False,0,0,0,0,0,0,0,0,0,0,0,0,3,2,3,2,0,0,0.5
CDK2,CGRRF1,P24941,Q99675,U,context,False,False,0,0,0,0,0,0,0,0,17,18,17,18,0,0,0,0,1,17,0.4864864864864865
CDK2,AURKC,P24941,Q9UQB9,U,context,False,False,0,0,0,0,0,0,0,0,0,0,0,0,0,0,0,0,0,0,0.5
CDK2,LPIN3,P24941,Q9BQK8,U,context,False,False,0,0,0,0,0,0,0,0,0,0,0,0,9,10,9,10,0,0,0.5
CDK2,GATA3,P24941,P23771,U,context,False,False,0,0,0,0,0,0,0,0,0,0,0,0,0,0,0,0,0,0,0.5
CDK2,ZSCAN22,P24941,P10073,U,context,False,False,0,0,0,0,0,0,0,0,0,0,0,0,0,0,0,0,0,0,0.5
CDK2,ARPC1A,P24941,Q92747,U,context,False,False,0,0,0,0,0,0,0,0,0,0,0,0,0,0,0,0,0,0,0.5
CDK2,POLM,P24941,Q9NP87,U,context,False,False,0,0,0,0,0,0,0,0,0,0,0,0,0,0,0,0,0,0,0.5
CDK2,ZSCAN1,P24941,Q8NBB4,U,context,False,False,0,0,0,0,0,0,0,0,0,0,0,0,0,0,0,0,0,0,0.5
CDK2,CENPL,P24941,Q8N0S6,U,context,False,False,0,0,0,0,0,0,0,0,0,0,0,0,0,0,0,0,0,0,0.5
CDK2,ZFP90,P24941,Q8TF47,U,context,False,False,0,0,0,0,0,0,0,0,0,0,0,0,0,0,0,0,0,0,0.5
CDK2,DDX59,P24941,Q5T1V6,U,context,False,False,0,0,0,0,0,0,0,0,0,0,0,0,0,0,0,0,0,0,0.5
CDK2,RPS6KA5,P24941,O75582,U,context,False,False,0,0,0,0,0,0,0,0,28,42,28,42,0,0,0,0,1,28,0.4027777777777778
CDK2,ZC3H12A,P24941,Q5D1E8,U,context,False,False,0,0,0,0,0,0,0,0,0,0,0,0,0,0,0,0,0,0,0.5
CDK2,PSMA5,P24941,P28066,U,context,False,False,0,0,0,0,0,0,0,0,73,77,73,77,0,0,0,0,1,73,0.4868421052631579
CDK2,PAFAH1B1,P24941,P43034,U,context,False,False,0,0,0,0,0,0,0,0,40,33,40,33,0,0,0,0,1,40,0.5466666666666666
CDK2,DUSP11,P24941,O75319,U,context,False,False,0,0,0,0,0,0,0,0,0,0,0,0,25,22,0,0,0,0,0.5
CDK2,CDCA7L,P24941,Q96GN5,U,context,False,False,0,0,0,0,0,0,0,0,29,19,29,19,0,0,0,0,1,29,0.6
CDK2,OSR1,P24941,Q8TAX0,U,context,False,False,0,0,0,0,0,0,0,0,0,0,0,0,0,0,0,0,0,0,0.5
CDK2,SP8,P24941,Q8IXZ3,U,context,False,False,0,0,0,0,0,0,0,0,0,0,0,0,0,0,0,0,0,0,0.5
CDK2,DCAF16,P24941,Q9NXF7,U,context,False,False,0,0,0,0,0,0,0,0,0,0,0,0,0,0,0,0,0,0,0.5
CDK2,PAPOLG,P24941,Q9BWT3,U,context,False,False,0,0,0,0,0,0,0,0,0,0,0,0,0,0,0,0,0,0,0.5
CDK2,INO80B,P24941,Q9C086,U,context,False,False,0,0,0,0,0,0,0,0,0,0,0,0,0,0,0,0,0,0,0.5
CDK2,POLA2,P24941,Q14181,U,context,False,False,0,0,0,0,0,0,0,0,30,36,30,36,0,0,0,0,1,30,0.45588235294117646
CDK2,MAP3K20,P24941,Q9NYL2,U,context,False,False,0,0,0,0,0,0,0,0,0,0,0,0,0,0,0,0,0,0,0.5
CDK2,ZBTB12,P24941,Q9Y330,U,context,False,False,0,0,0,0,0,0,0,0,0,0,0,0,0,0,0,0,0,0,0.5
CDK2,ZNF426,P24941,Q9BUY5,U,context,False,False,0,0,0,0,0,0,0,0,0,0,0,0,0,0,0,0,0,0,0.5
CDK2,LCORL,P24941,Q8N3X6,U,context,False,False,0,0,0,0,0,0,0,0,0,0,0,0,0,1,0,1,0,0,0.5
CDK2,HSF2,P24941,Q03933,U,context,False,False,0,0,0,0,0,0,0,0,41,42,41,42,0,0,0,0,1,41,0.49411764705882355
CDK2,DDX19B,P24941,Q9UMR2,U,context,False,False,0,0,0,0,0,0,0,0,0,0,0,0,0,0,0,0,0,0,0.5
CDK2,FRG1,P24941,Q14331,U,context,False,False,0,0,0,0,0,0,0,0,0,0,0,0,5,4,5,4,0,0,0.5
CDK2,DSCC1,P24941,Q9BVC3,U,context,False,False,0,0,0,0,0,0,0,0,0,0,0,0,8,9,8,9,0,0,0.5
CDK2,GABPB1,P24941,Q06547,U,context,False,False,0,0,0,0,0,0,0,0,0,0,0,0,0,0,0,0,0,0,0.5
CDK2,MPG,P24941,P29372,U,context,False,False,0,0,0,0,0,0,0,0,30,32,30,32,0,0,0,0,1,30,0.484375
CDK2,TRIM41,P24941,Q8WV44,U,context,False,False,0,0,0,0,0,0,0,0,49,38,49,38,0,0,0,0,1,49,0.5617977528089888
CDK2,NFKBIB,P24941,Q15653,U,context,False,False,0,0,0,0,0,0,0,0,40,40,40,40,0,0,0,0,1,40,0.5
CDK2,STARD6,P24941,P59095,U,background,False,False,0,0,0,0,0,0,0,0,0,0,0,0,0,0,0,0,0,0,0.5
CDK2,POGK,P24941,Q9P215,U,background,False,False,0,0,0,0,0,0,0,0,0,0,0,0,0,0,0,0,0,0,0.5
CDK2,AOC1,P24941,P19801,U,background,False,False,0,0,0,0,0,0,0,0,0,0,0,0,0,0,0,0,0,0,0.5
CDK2,FAM76B,P24941,Q5HYJ3,U,background,False,False,0,0,0,0,0,0,0,0,24,23,24,23,0,0,0,0,1,24,0.5102040816326531
CDK2,RIMOC1,P24941,A6NDU8,U,background,False,False,0,0,0,0,0,0,0,0,0,0,0,0,0,0,0,0,0,0,0.5
CDK2,RND1,P24941,Q92730,U,background,False,False,0,0,0,0,0,0,0,0,0,0,0,0,0,0,0,0,0,0,0.5
CDK2,TMEM201,P24941,Q5SNT2,U,background,False,False,0,0,0,0,0,0,0,0,0,0,0,0,20,17,20,17,0,0,0.5
CDK2,TTC39A,P24941,Q5SRH9,U,background,False,False,0,0,0,0,0,0,0,0,0,0,0,0,0,0,0,0,0,0,0.5
CDK2,SELENBP1,P24941,Q13228,U,background,False,False,0,0,0,0,0,0,0,0,30,33,30,33,0,0,0,0,1,30,0.47692307692307695
CDK2,TRIM13,P24941,O60858,U,background,False,False,0,0,0,0,0,0,0,0,4,6,4,6,0,0,0,0,1,4,0.4166666666666667
CDK2,SPINT1,P24941,O43278,U,background,False,False,0,0,0,0,0,0,0,0,0,0,0,0,12,18,12,18,0,0,0.5
CDK2,FOXL1,P24941,Q12952,U,background,False,False,0,0,0,0,0,0,0,0,0,0,0,0,0,0,0,0,0,0,0.5
CDK2,TMEM45B,P24941,Q96B21,U,background,False,False,0,0,0,0,0,0,0,0,0,0,0,0,0,0,0,0,0,0,0.5
CDK2,DEK,P24941,P35659,U,background,False,False,0,0,0,0,0,0,0,0,0,0,0,0,0,0,0,0,0,0,0.5
CDK2,FZD4,P24941,Q9ULV1,U,background,False,False,0,0,0,0,0,0,0,0,0,0,0,0,3,4,3,4,0,0,0.5
CDK2,XKR8,P24941,Q9H6D3,U,background,False,False,0,0,0,0,0,0,0,0,0,0,0,0,0,0,0,0,0,0,0.5
CDK2,UMOD,P24941,P07911,U,background,False,False,0,0,0,0,0,0,0,0,0,0,0,0,1,2,1,2,0,0,0.5
CDK2,RCE1,P24941,Q9Y256,U,background,False,False,0,0,0,0,0,0,0,0,0,0,0,0,1,2,1,2,0,0,0.5
CDK2,CALD1,P24941,Q05682,U,background,False,False,0,0,0,0,0,0,0,0,41,40,41,40,0,0,0,0,1,41,0.5060240963855421
CDK2,TLCD2,P24941,A6NGC4,U,background,False,False,0,0,0,0,0,0,0,0,0,0,0,0,0,0,0,0,0,0,0.5
CDK2,HOXB8,P24941,P17481,U,background,False,False,0,0,0,0,0,0,0,0,0,0,0,0,0,0,0,0,0,0,0.5
CDK2,GLS2,P24941,Q9UI32,U,background,False,False,0,0,0,0,0,0,0,0,0,0,0,0,0,0,0,0,0,0,0.5
CDK2,HSD17B12,P24941,Q53GQ0,U,background,False,False,0,0,0,0,0,0,0,0,0,0,0,0,0,0,0,0,0,0,0.5
CDK2,SMAD4,P24941,Q13485,U,background,False,False,0,0,0,0,0,0,0,0,0,0,0,0,0,0,0,0,0,0,0.5
CDK2,CD2,P24941,P06729,U,background,False,False,0,0,0,0,0,0,0,0,0,0,0,0,6,5,6,5,0,0,0.5
CDK2,SETSIP,P24941,P0DME0,U,background,False,False,0,0,0,0,0,0,0,0,0,0,0,0,0,0,0,0,0,0,0.5
CDK2,WFDC1,P24941,Q9HC57,U,background,False,False,0,0,0,0,0,0,0,0,0,0,0,0,0,2,0,2,0,0,0.5
CDK2,PARP8,P24941,Q8N3A8,U,background,False,False,0,0,0,0,0,0,0,0,0,0,0,0,0,0,0,0,0,0,0.5
CDK2,ZBTB33,P24941,Q86T24,U,background,False,False,0,0,0,0,0,0,0,0,0,0,0,0,0,0,0,0,0,0,0.5
CDK2,IL1B,P24941,P01584,U,background,False,False,0,0,0,0,0,0,0,0,0,0,0,0,0,0,0,0,0,0,0.5
CDK2,QTGAL,P24941,Q67FW5,U,background,False,False,0,0,0,0,0,0,0,0,0,0,0,0,1,0,0,0,0,0,0.5
CDK2,ASB14,P24941,A6NK59,U,background,False,False,0,0,0,0,0,0,0,0,0,0,0,0,0,0,0,0,0,0,0.5
CDK2,CPVL,P24941,Q9H3G5,U,background,False,False,0,0,0,0,0,0,0,0,0,0,0,0,19,16,19,16,0,0,0.5
CDK2,MAGEB2,P24941,O15479,U,background,False,False,0,0,0,0,0,0,0,0,0,0,0,0,0,0,0,0,0,0,0.5
CDK2,SAMD15,P24941,Q9P1V8,U,background,False,False,0,0,0,0,0,0,0,0,0,0,0,0,0,0,0,0,0,0,0.5
CDK2,CTIF,P24941,O43310,U,background,False,False,0,0,0,0,0,0,0,0,20,30,20,30,0,0,0,0,1,20,0.40384615384615385
CDK2,GEMIN8,P24941,Q9NWZ8,U,background,False,False,0,0,0,0,0,0,0,0,0,0,0,0,0,0,0,0,0,0,0.5
CDK2,FCN1,P24941,O00602,U,background,False,False,0,0,0,0,0,0,0,0,0,0,0,0,22,20,22,20,0,0,0.5
CDK2,DHRS7B,P24941,Q6IAN0,U,background,False,False,0,0,0,0,0,0,0,0,0,0,0,0,0,0,0,0,0,0,0.5
CDK2,AGPAT1,P24941,Q99943,U,background,False,False,0,0,0,0,0,0,0,0,0,0,0,0,81,93,81,93,0,0,0.5
CDK2,FASTKD5,P24941,Q7L8L6,U,background,False,False,0,0,0,0,0,0,0,0,0,0,0,0,80,68,80,68,0,0,0.5
CDK2,LRCH4,P24941,O75427,U,background,False,False,0,0,0,0,0,0,0,0,0,0,0,0,0,0,0,0,0,0,0.5
CDK2,PIP4P2,P24941,Q8N4L2,U,background,False,False,0,0,0,0,0,0,0,0,0,0,0,0,0,0,0,0,0,0,0.5
CDK2,ESS2,P24941,Q96DF8,U,background,False,False,0,0,0,0,0,0,0,0,0,0,0,0,0,0,0,0,0,0,0.5
CDK2,C1R,P24941,P00736,U,background,False,False,0,0,0,0,0,0,0,0,0,0,0,0,5,6,5,6,0,0,0.5
CDK2,ORC5,P24941,O43913,U,background,False,False,0,0,0,0,0,0,0,0,23,16,23,16,0,0,0,0,1,23,0.5853658536585366
CDK2,C2CD2,P24941,Q9Y426,U,background,False,False,0,0,0,0,0,0,0,0,0,0,0,0,0,0,0,0,0,0,0.5
CDK2,SLC25A22,P24941,Q9H936,U,background,False,False,0,0,0,0,0,0,0,0,0,0,0,0,11,17,11,17,0,0,0.5
CDK2,ATPAF1,P24941,Q5TC12,U,background,False,False,0,0,0,0,0,0,0,0,34,30,34,30,0,0,0,0,1,34,0.5303030303030303
CDK2,IRF2BP1,P24941,Q8IU81,U,background,False,False,0,0,0,0,0,0,0,0,20,17,20,17,0,0,0,0,1,20,0.5384615384615384
CDK2,TRMT1L,P24941,Q7Z2T5,U,context,False,False,0,0,0,0,0,0,0,0,0,0,0,0,0,0,0,0,0,0,0.5
CDK2,PDCD2L,P24941,Q9BRP1,U,context,False,False,0,0,0,0,0,0,0,0,0,0,0,0,0,0,0,0,0,0,0.5
CDK2,RBM7,P24941,Q9Y580,U,context,False,False,0,0,0,0,0,0,0,0,35,50,35,50,0,0,0,0,1,35,0.41379310344827586
CDK2,RNF2,P24941,Q99496,U,context,False,False,0,0,0,0,0,0,0,0,0,0,0,0,0,0,0,0,0,0,0.5
CDK2,HOXC5,P24941,Q00444,U,context,False,False,0,0,0,0,0,0,0,0,0,0,0,0,0,0,0,0,0,0,0.5
CDK2,RDM1,P24941,Q8NG50,U,context,False,False,0,0,0,0,0,0,0,0,5,3,5,3,0,0,0,0,1,5,0.6
CDK2,ZNF691,P24941,Q5VV52,U,context,False,False,0,0,0,0,0,0,0,0,0,0,0,0,0,0,0,0,0,0,0.5
CDK2,GTF2H4,P24941,Q92759,U,context,False,False,0,0,0,0,0,0,0,0,11,12,11,12,0,0,0,0,1,11,0.48
CDK2,RPSA,P24941,P08865,U,context,False,False,0,0,0,0,0,0,0,0,0,0,0,0,87,79,87,79,0,0,0.5
CDK2,KIF22,P24941,Q14807,U,context,False,False,0,0,0,0,0,0,0,0,18,25,18,25,0,0,0,0,1,18,0.4222222222222222
CDK2,ZNF205,P24941,O95201,U,context,False,False,0,0,0,0,0,0,0,0,0,0,0,0,0,0,0,0,0,0,0.5
CDK2,CCDC89,P24941,Q8N998,U,context,False,False,0,0,0,0,0,0,0,0,6,11,6,11,0,0,0,0,1,6,0.3684210526315789
CDK2,TEX55,P24941,Q96M34,U,context,False,False,0,0,0,0,0,0,0,0,0,0,0,0,0,0,0,0,0,0,0.5
CDK2,SSUH2,P24941,Q9Y2M2,U,context,False,False,0,0,0,0,0,0,0,0,0,0,0,0,0,0,0,0,0,0,0.5
CDK2,TRIM55,P24941,Q9BYV6,U,context,False,False,0,0,0,0,0,0,0,0,84,94,84,94,0,0,0,0,1,84,0.4722222222222222
CDK2,PPP2R3B,P24941,Q9Y5P8,U,context,False,False,0,0,0,0,0,0,0,0,0,0,0,0,0,0,0,0,0,0,0.5
CDK2,NAA10,P24941,P41227,U,context,False,False,0,0,0,0,0,0,0,0,0,0,0,0,0,0,0,0,0,0,0.5
CDK2,WAC,P24941,Q9BTA9,U,context,False,False,0,0,0,0,0,0,0,0,24,28,24,28,0,0,0,0,1,24,0.46296296296296297
CDK2,EAPP,P24941,Q56P03,U,context,False,False,0,0,0,0,0,0,0,0,0,0,0,0,0,0,0,0,0,0,0.5
CDK2,CUL2,P24941,Q13617,U,context,False,False,0,0,0,0,0,0,0,0,135,134,135,134,0,0,0,0,1,135,0.5018450184501845
CDK2,NGDN,P24941,Q8NEJ9,U,context,False,False,0,0,0,0,0,0,0,0,23,13,23,13,0,0,0,0,1,23,0.631578947368421
CDK2,ZNF148,P24941,Q9UQR1,U,context,False,False,0,0,0,0,0,0,0,0,0,0,0,0,0,0,0,0,0,0,0.5
CDK2,CDK8,P24941,P49336,U,context,False,False,0,0,0,0,0,0,0,0,0,0,0,0,0,0,0,0,0,0,0.5
CDK2,NSUN2,P24941,Q08J23,U,context,False,False,0,0,0,0,0,0,0,0,0,0,0,0,26,25,26,25,0,0,0.5
CDK2,TATDN1,P24941,Q6P1N9,U,context,False,False,0,0,0,0,0,0,0,0,0,0,0,0,0,0,0,0,0,0,0.5
CDK2,MAF1,P24941,Q9H063,U,context,False,False,0,0,0,0,0,0,0,0,0,0,0,0,0,0,0,0,0,0,0.5
CDK2,DBP,P24941,Q10586,U,context,False,False,0,0,0,0,0,0,0,0,0,0,0,0,0,0,0,0,0,0,0.5
CDK2,ZNF101,P24941,Q8IZC7,U,context,False,False,0,0,0,0,0,0,0,0,0,0,0,0,0,0,0,0,0,0,0.5
CDK2,ESR2,P24941,Q92731,U,context,False,False,0,0,0,0,0,0,0,0,0,0,0,0,0,0,0,0,0,0,0.5
CDK2,SRSF8,P24941,Q9BRL6,U,context,False,False,0,0,0,0,0,0,0,0,32,35,32,35,0,0,0,0,1,32,0.4782608695652174
CDK2,EXOSC4,P24941,Q9NPD3,U,context,False,False,0,0,0,0,0,0,0,0,0,0,0,0,28,22,28,22,0,0,0.5
CDK2,MKNK1,P24941,Q9BUB5,U,context,False,False,0,0,0,0,0,0,0,0,20,21,20,21,0,0,0,0,1,20,0.4883720930232558
CDK2,GCFC2,P24941,P16383,U,context,False,False,0,0,0,0,0,0,0,0,0,0,0,0,0,0,0,0,0,0,0.5
CDK2,BRIX1,P24941,Q8TDN6,U,context,False,False,0,0,0,0,0,0,0,0,0,0,0,0,49,33,49,33,0,0,0.5
CDK2,ZNF630,P24941,Q2M218,U,context,False,False,0,0,0,0,0,0,0,0,0,0,0,0,0,0,0,0,0,0,0.5
CDK2,NEK11,P24941,Q8NG66,U,context,False,False,0,0,0,0,0,0,0,0,6,6,6,6,0,0,0,0,1,6,0.5
CDK2,ZBTB9,P24941,Q96C00,U,context,False,False,0,0,0,0,0,0,0,0,0,0,0,0,0,0,0,0,0,0,0.5
CDK2,FANCC,P24941,Q00597,U,context,False,False,0,0,0,0,0,0,0,0,20,20,20,20,0,0,0,0,1,20,0.5
CDK2,DVL2,P24941,O14641,U,context,False,False,0,0,0,0,0,0,0,0,118,117,118,117,0,0,0,0,1,118,0.5021097046413502
CDK2,ECSIT,P24941,Q9BQ95,U,context,False,False,0,0,0,0,0,0,0,0,0,0,0,0,0,0,0,0,0,0,0.5
CDK2,ZNF605,P24941,Q86T29,U,context,False,False,0,0,0,0,0,0,0,0,0,0,0,0,0,0,0,0,0,0,0.5
CDK2,UPF3A,P24941,Q9H1J1,U,context,False,False,0,0,0,0,0,0,0,0,0,0,0,0,0,0,0,0,0,0,0.5
CDK2,PRDM13,P24941,Q9H4Q3,U,context,False,False,0,0,0,0,0,0,0,0,0,0,0,0,0,0,0,0,0,0,0.5
CDK2,FOXF2,P24941,Q12947,U,context,False,False,0,0,0,0,0,0,0,0,0,0,0,0,0,0,0,0,0,0,0.5
CDK2,ZNF283,P24941,Q8N7M2,U,context,False,False,0,0,0,0,0,0,0,0,0,0,0,0,0,0,0,0,0,0,0.5
CDK2,FBXO44,P24941,Q9H4M3,U,context,False,False,0,0,0,0,0,0,0,0,0,0,0,0,0,0,0,0,0,0,0.5
CDK2,RAB6C,P24941,Q9H0N0,U,context,False,False,0,0,0,0,0,0,0,0,2,1,2,1,0,0,0,0,1,2,0.6
CDK2,RRP36,P24941,Q96EU6,U,context,False,False,0,0,0,0,0,0,0,0,15,4,15,4,0,0,0,0,1,15,0.7619047619047619
CDK2,CTCFL,P24941,Q8NI51,U,context,False,False,0,0,0,0,0,0,0,0,0,0,0,0,0,0,0,0,0,0,0.5
CDK2,NMRAL1,P24941,Q9HBL8,U,context,False,False,0,0,0,0,0,0,0,0,0,0,0,0,46,56,46,56,0,0,0.5
CDK2,GPR146,P24941,Q96CH1,U,background,False,False,0,0,0,0,0,0,0,0,0,0,0,0,0,0,0,0,0,0,0.5
CDK2,AIMP2,P24941,Q13155,U,background,False,False,0,0,0,0,0,0,0,0,0,0,0,0,30,32,30,32,0,0,0.5
CDK2,TFAP2A,P24941,P05549,U,background,False,False,0,0,0,0,0,0,0,0,0,0,0,0,0,0,0,0,0,0,0.5
CDK2,PARVG,P24941,Q9HBI0,U,background,False,False,0,0,0,0,0,0,0,0,0,0,0,0,0,0,0,0,0,0,0.5
CDK2,MRO,P24941,Q9BYG7,U,background,False,False,0,0,0,0,0,0,0,0,0,0,0,0,0,0,0,0,0,0,0.5
CDK2,C19orf18,P24941,Q8NEA5,U,background,False,False,0,0,0,0,0,0,0,0,0,0,0,0,0,0,0,0,0,0,0.5
CDK2,EOMES,P24941,O95936,U,background,False,False,0,0,0,0,0,0,0,0,0,0,0,0,0,0,0,0,0,0,0.5
CDK2,DIPK1A,P24941,Q5T7M9,U,background,False,False,0,0,0,0,0,0,0,0,0,0,0,0,0,0,0,0,0,0,0.5
CDK2,PIP4K2B,P24941,P78356,U,background,False,False,0,0,0,0,0,0,0,0,0,0,0,0,0,0,0,0,0,0,0.5
CDK2,SAXO6,P24941,Q8TC05,U,background,False,False,0,0,0,0,0,0,0,0,4,4,4,4,0,0,0,0,1,4,0.5
CDK2,MBIP,P24941,Q9NS73,U,background,False,False,0,0,0,0,0,0,0,0,0,0,0,0,0,0,0,0,0,0,0.5
CDK2,NEK6,P24941,Q9HC98,U,background,False,False,0,0,0,0,0,0,0,0,54,44,54,44,0,0,0,0,1,54,0.55
CDK2,KIAA2013,P24941,Q8IYS2,U,background,False,False,0,0,0,0,0,0,0,0,15,21,15,21,0,0,0,0,1,15,0.42105263157894735
CDK2,CUSTOS,P24941,Q96C57,U,background,False,False,0,0,0,0,0,0,0,0,0,0,0,0,0,0,0,0,0,0,0.5
CDK2,TRIP6,P24941,Q15654,U,background,False,False,0,0,0,0,0,0,0,0,0,0,0,0,0,0,0,0,0,0,0.5
CDK2,FBXO45,P24941,P0C2W1,U,background,False,False,0,0,0,0,0,0,0,0,16,21,16,21,0,0,0,0,1,16,0.4358974358974359
CDK2,BMP10,P24941,O95393,U,background,False,False,0,0,0,0,0,0,0,0,0,0,0,0,0,0,0,0,0,0,0.5
CDK2,LMNTD1,P24941,Q8N9Z9,U,background,False,False,0,0,0,0,0,0,0,0,0,0,0,0,0,0,0,0,0,0,0.5
CDK2,CA6,P24941,P23280,U,background,False,False,0,0,0,0,0,0,0,0,0,0,0,0,19,15,19,15,0,0,0.5
CDK2,CKM,P24941,P06732,U,background,False,False,0,0,0,0,0,0,0,0,0,0,0,0,0,0,0,0,0,0,0.5
CDK2,LNPK,P24941,Q9C0E8,U,background,False,False,0,0,0,0,0,0,0,0,75,71,75,71,0,0,0,0,1,75,0.5135135135135135
CDK2,TP53TG5,P24941,Q9Y2B4,U,background,False,False,0,0,0,0,0,0,0,0,2,2,2,2,0,0,0,0,1,2,0.5
CDK2,SARS2,P24941,Q9NP81,U,background,False,False,0,0,0,0,0,0,0,0,24,25,24,25,0,0,0,0,1,24,0.49019607843137253
CDK2,NKAPL,P24941,Q5M9Q1,U,background,False,False,0,0,0,0,0,0,0,0,0,0,0,0,0,0,0,0,0,0,0.5
CDK2,RWDD2A,P24941,Q9UIY3,U,background,False,False,0,0,0,0,0,0,0,0,0,0,0,0,0,0,0,0,0,0,0.5
CDK2,ZNF474,P24941,Q6S9Z5,U,background,False,False,0,0,0,0,0,0,0,0,0,0,0,0,0,0,0,0,0,0,0.5
CDK2,GPR63,P24941,Q9BZJ6,U,background,False,False,0,0,0,0,0,0,0,0,0,0,0,0,0,0,0,0,0,0,0.5
CDK2,SGPP1,P24941,Q9BX95,U,background,False,False,0,0,0,0,0,0,0,0,0,0,0,0,0,0,0,0,0,0,0.5
CDK2,PGM2L1,P24941,Q6PCE3,U,background,False,False,0,0,0,0,0,0,0,0,0,0,0,0,0,1,0,1,0,0,0.5
CDK2,INPP5E,P24941,Q9NRR6,U,background,False,False,0,0,0,0,0,0,0,0,35,46,35,46,0,0,0,0,1,35,0.43373493975903615
CDK2,ENTPD8,P24941,Q5MY95,U,background,False,False,0,0,0,0,0,0,0,0,0,0,0,0,0,0,0,0,0,0,0.5
CDK2,CRK,P24941,P46108,U,background,False,False,0,0,0,0,0,0,0,0,138,151,138,151,0,0,0,0,1,138,0.47766323024054985
CDK2,UXS1,P24941,Q8NBZ7,U,background,False,False,0,0,0,0,0,0,0,0,0,0,0,0,24,24,24,24,0,0,0.5
CDK2,SAMD1,P24941,Q6SPF0,U,background,False,False,0,0,0,0,0,0,0,0,0,0,0,0,0,0,0,0,0,0,0.5
CDK2,HOXB3,P24941,P14651,U,background,False,False,0,0,0,0,0,0,0,0,0,0,0,0,0,0,0,0,0,0,0.5
CDK2,PSAT1,P24941,Q9Y617,U,background,False,False,0,0,0,0,0,0,0,0,0,0,0,0,11,19,11,19,0,0,0.5
CDK2,C1orf159,P24941,Q96HA4,U,background,False,False,0,0,0,0,0,0,0,0,3,1,3,1,0,0,0,0,1,3,0.6666666666666666
CDK2,SLC23A3,P24941,Q6PIS1,U,background,False,False,0,0,0,0,0,0,0,0,0,0,0,0,0,0,0,0,0,0,0.5
CDK2,CIPC,P24941,Q9C0C6,U,background,False,False,0,0,0,0,0,0,0,0,0,0,0,0,0,0,0,0,0,0,0.5
CDK2,ASB16,P24941,Q96NS5,U,background,False,False,0,0,0,0,0,0,0,0,3,6,3,6,0,0,0,0,1,3,0.36363636363636365
CDK2,YIPF2,P24941,Q9BWQ6,U,background,False,False,0,0,0,0,0,0,0,0,0,0,0,0,0,0,0,0,0,0,0.5
CDK2,LNX1,P24941,Q8TBB1,U,background,False,False,0,0,0,0,0,0,0,0,186,194,186,194,0,0,0,0,1,186,0.4895287958115183
CDK2,PDE12,P24941,Q6L8Q7,U,background,False,False,0,0,0,0,0,0,0,0,0,0,0,0,25,20,25,20,0,0,0.5
CDK2,RABL3,P24941,Q5HYI8,U,background,False,False,0,0,0,0,0,0,0,0,29,30,29,30,0,0,0,0,1,29,0.4918032786885246
CDK2,SOCS3,P24941,O14543,U,background,False,False,0,0,0,0,0,0,0,0,40,42,40,42,0,0,0,0,1,40,0.4880952380952381
CDK2,FBXO22,P24941,Q8NEZ5,U,background,False,False,0,0,0,0,0,0,0,0,0,0,0,0,6,6,6,6,0,0,0.5
CDK2,KIF2B,P24941,Q8N4N8,U,background,False,False,0,0,0,0,0,0,0,0,0,0,0,0,0,0,0,0,0,0,0.5
CDK2,TMEM217,P24941,Q8N7C4,U,background,False,False,0,0,0,0,0,0,0,0,0,0,0,0,0,0,0,0,0,0,0.5
CDK2,SLC47A2,P24941,Q86VL8,U,background,False,False,0,0,0,0,0,0,0,0,0,0,0,0,0,0,0,0,0,0,0.5
CDK2,TMX3,P24941,Q96JJ7,U,background,False,False,0,0,0,0,0,0,0,0,0,0,0,0,0,0,0,0,0,0,0.5
CDK2,GINS4,P24941,Q9BRT9,U,context,False,False,0,0,0,0,0,0,0,0,0,0,0,0,0,0,0,0,0,0,0.5
CDK2,RBMX2,P24941,Q9Y388,U,context,False,False,0,0,0,0,0,0,0,0,22,22,22,22,0,0,0,0,1,22,0.5
CDK2,ATF4,P24941,P18848,U,context,False,False,0,0,0,0,0,0,0,0,0,0,0,0,0,0,0,0,0,0,0.5
CDK2,CRX,P24941,O43186,U,context,False,False,0,0,0,0,0,0,0,0,0,0,0,0,16,13,16,13,0,0,0.5
CDK2,RP9,P24941,Q8TA86,U,context,False,False,0,0,0,0,0,0,0,0,0,0,0,0,0,0,0,0,0,0,0.5
CDK2,FGF13,P24941,Q92913,U,context,False,False,0,0,0,0,0,0,0,0,0,0,0,0,0,0,0,0,0,0,0.5
CDK2,VGLL4,P24941,Q14135,U,context,False,False,0,0,0,0,0,0,0,0,0,0,0,0,3,3,0,0,0,0,0.5
CDK2,PA2G4,P24941,Q9UQ80,U,context,False,False,0,0,0,0,0,0,0,0,77,74,77,74,0,0,0,0,1,77,0.5098039215686274
CDK2,NICN1,P24941,Q9BSH3,U,context,False,False,0,0,0,0,0,0,0,0,0,0,0,0,7,6,7,6,0,0,0.5
CDK2,CHCHD3,P24941,Q9NX63,U,context,False,False,0,0,0,0,0,0,0,0,0,0,0,0,0,0,0,0,0,0,0.5
CDK2,APTX,P24941,Q7Z2E3,U,context,False,False,0,0,0,0,0,0,0,0,0,0,0,0,0,0,0,0,0,0,0.5
CDK2,H2AC7,P24941,P20671,U,context,False,False,0,0,0,0,0,0,0,0,0,0,0,0,0,0,0,0,0,0,0.5
CDK2,TSPY1,P24941,Q01534,U,context,False,False,0,0,0,0,0,0,0,0,2,1,2,1,0,0,0,0,1,2,0.6
CDK2,HNRNPA2B1,P24941,P22626,U,context,False,False,0,0,0,0,0,0,0,0,0,0,0,0,0,0,0,0,0,0,0.5
CDK2,MORF4L2,P24941,Q15014,U,context,False,False,0,0,0,0,0,0,0,0,0,0,0,0,0,0,0,0,0,0,0.5
CDK2,IER5,P24941,Q5VY09,U,context,False,False,0,0,0,0,0,0,0,0,0,0,0,0,3,2,3,2,0,0,0.5
CDK2,MAGEA10,P24941,P43363,U,context,False,False,0,0,0,0,0,0,0,0,0,0,0,0,0,0,0,0,0,0,0.5
CDK2,TRMT112,P24941,Q9UI30,U,context,False,False,0,0,0,0,0,0,0,0,0,0,0,0,0,0,0,0,0,0,0.5
CDK2,ATF5,P24941,Q9Y2D1,U,context,False,False,0,0,0,0,0,0,0,0,0,0,0,0,0,0,0,0,0,0,0.5
CDK2,ORC6,P24941,Q9Y5N6,U,context,False,False,0,0,0,0,0,0,0,0,18,13,18,13,0,0,0,0,1,18,0.5757575757575758
CDK2,PCGF5,P24941,Q86SE9,U,context,False,False,0,0,0,0,0,0,0,0,22,23,22,23,0,0,0,0,1,22,0.48936170212765956
CDK2,ELOC,P24941,Q15369,U,context,False,False,0,0,0,0,0,0,0,0,0,0,0,0,0,0,0,0,0,0,0.5
CDK2,BEX2,P24941,Q9BXY8,U,context,False,False,0,0,0,0,0,0,0,0,42,50,42,50,0,0,0,0,1,42,0.4574468085106383
CDK2,ERVK-16,P24941,P61578,U,context,False,False,0,0,0,0,0,0,0,0,0,0,0,0,0,0,0,0,0,0,0.5
CDK2,POLR2J2,P24941,Q9GZM3,U,context,False,False,0,0,0,0,0,0,0,0,0,0,0,0,0,0,0,0,0,0,0.5
CDK2,COMMD3,P24941,Q9UBI1,U,context,False,False,0,0,0,0,0,0,0,0,0,0,0,0,20,20,20,20,0,0,0.5
CDK2,ING2,P24941,Q9H160,U,context,False,False,0,0,0,0,0,0,0,0,0,0,0,0,0,0,0,0,0,0,0.5
CDK2,CUEDC2,P24941,Q9H467,U,context,False,False,0,0,0,0,0,0,0,0,0,0,0,0,0,0,0,0,0,0,0.5
CDK2,SPIN2A,P24941,Q99865,U,context,False,False,0,0,0,0,0,0,0,0,0,0,0,0,0,0,0,0,0,0,0.5
CDK2,TCF7,P24941,P36402,U,context,False,False,0,0,0,0,0,0,0,0,7,9,0,0,0,0,0,0,0,0,0.5
CDK2,BHLHA15,P24941,Q7RTS1,U,context,False,False,0,0,0,0,0,0,0,0,0,0,0,0,0,0,0,0,0,0,0.5
CDK2,XPA,P24941,P23025,U,context,False,False,0,0,0,0,0,0,0,0,0,0,0,0,0,0,0,0,0,0,0.5
CDK2,BATF,P24941,Q16520,U,context,False,False,0,0,0,0,0,0,0,0,0,0,0,0,0,0,0,0,0,0,0.5
CDK2,RAD9A,P24941,Q99638,U,context,False,False,0,0,0,0,0,0,0,0,0,0,0,0,8,12,8,12,0,0,0.5
CDK2,DUSP5,P24941,Q16690,U,context,False,False,0,0,0,0,0,0,0,0,0,0,0,0,0,0,0,0,0,0,0.5
CDK2,ZNF664,P24941,Q8N3J9,U,context,False,False,0,0,0,0,0,0,0,0,0,0,0,0,0,0,0,0,0,0,0.5
CDK2,KLF17,P24941,Q5JT82,U,context,False,False,0,0,0,0,0,0,0,0,0,0,0,0,0,0,0,0,0,0,0.5
CDK2,ZCCHC9,P24941,Q8N567,U,context,False,False,0,0,0,0,0,0,0,0,0,0,0,0,0,0,0,0,0,0,0.5
CDK2,RPF2,P24941,Q9H7B2,U,context,False,False,0,0,0,0,0,0,0,0,0,0,0,0,35,36,35,36,0,0,0.5
CDK2,IMP3,P24941,Q9NV31,U,context,False,False,0,0,0,0,0,0,0,0,29,20,29,20,0,0,0,0,1,29,0.5882352941176471
CDK2,RAB28,P24941,P51157,U,context,False,False,0,0,0,0,0,0,0,0,10,10,10,10,0,0,0,0,1,10,0.5
CDK2,MED6,P24941,O75586,U,context,False,False,0,0,0,0,0,0,0,0,0,0,0,0,0,0,0,0,0,0,0.5
CDK2,OLIG2,P24941,Q13516,U,context,False,False,0,0,0,0,0,0,0,0,0,0,0,0,0,0,0,0,0,0,0.5
CDK2,HOXC13,P24941,P31276,U,context,False,False,0,0,0,0,0,0,0,0,0,0,0,0,0,0,0,0,0,0,0.5
CDK2,RAX,P24941,Q9Y2V3,U,context,False,False,0,0,0,0,0,0,0,0,0,0,0,0,1,0,1,0,0,0,0.5
CDK2,POU4F3,P24941,Q15319,U,context,False,False,0,0,0,0,0,0,0,0,0,0,0,0,0,0,0,0,0,0,0.5
CDK2,RD3,P24941,Q7Z3Z2,U,context,False,False,0,0,0,0,0,0,0,0,1,3,1,3,0,0,0,0,1,1,0.3333333333333333
CDK2,PHF13,P24941,Q86YI8,U,context,False,False,0,0,0,0,0,0,0,0,0,0,0,0,0,0,0,0,0,0,0.5
CDK2,S100A11,P24941,P31949,U,context,False,False,0,0,0,0,0,0,0,0,0,0,0,0,7,6,7,6,0,0,0.5
CDK2,H3Y1,P24941,P0DPK2,U,context,False,False,0,0,0,0,0,0,0,0,0,0,0,0,0,0,0,0,0,0,0.5
CDK2,RNASE7,P24941,Q9H1E1,U,background,False,False,0,0,0,0,0,0,0,0,0,0,0,0,0,0,0,0,0,0,0.5
CDK2,EEF1AKMT2,P24941,Q5JPI9,U,background,False,False,0,0,0,0,0,0,0,0,0,0,0,0,0,0,0,0,0,0,0.5
CDK2,DEDD2,P24941,Q8WXF8,U,background,False,False,0,0,0,0,0,0,0,0,0,0,0,0,6,10,6,10,0,0,0.5
CDK2,GLYAT,P24941,Q6IB77,U,background,False,False,0,0,0,0,0,0,0,0,0,0,0,0,0,0,0,0,0,0,0.5
CDK2,KRTAP4-1,P24941,Q9BYQ7,U,background,False,False,0,0,0,0,0,0,0,0,0,0,0,0,0,0,0,0,0,0,0.5
CDK2,SSPN,P24941,Q14714,U,background,False,False,0,0,0,0,0,0,0,0,0,0,0,0,1,2,1,2,0,0,0.5
CDK2,CHMP4B,P24941,Q9H444,U,background,False,False,0,0,0,0,0,0,0,0,0,0,0,0,0,0,0,0,0,0,0.5
CDK2,CYTH4,P24941,Q9UIA0,U,background,False,False,0,0,0,0,0,0,0,0,0,0,0,0,0,0,0,0,0,0,0.5
CDK2,H2BC12L,P24941,P57053,U,background,False,False,0,0,0,0,0,0,0,0,0,0,0,0,0,0,0,0,0,0,0.5
CDK2,IGHV4-28,P24941,A0A0C4DH34,U,background,False,False,0,0,0,0,0,0,0,0,0,0,0,0,0,0,0,0,0,0,0.5
CDK2,SNX22,P24941,Q96L94,U,background,False,False,0,0,0,0,0,0,0,0,0,1,0,1,0,0,0,0,1,0,0.3333333333333333
CDK2,TMEM240,P24941,Q5SV17,U,background,False,False,0,0,0,0,0,0,0,0,0,0,0,0,0,0,0,0,0,0,0.5
CDK2,SLC25A39,P24941,Q9BZJ4,U,background,False,False,0,0,0,0,0,0,0,0,0,0,0,0,1,1,1,1,0,0,0.5
CDK2,TRAV5,P24941,A0A0B4J249,U,background,False,False,0,0,0,0,0,0,0,0,0,0,0,0,0,0,0,0,0,0,0.5
CDK2,AKIRIN1,P24941,Q9H9L7,U,background,False,False,0,0,0,0,0,0,0,0,0,0,0,0,0,0,0,0,0,0,0.5
CDK2,BCL7C,P24941,Q8WUZ0,U,background,False,False,0,0,0,0,0,0,0,0,18,26,18,26,0,0,0,0,1,18,0.41304347826086957
CDK2,MAT2A,P24941,P31153,U,background,False,False,0,0,0,0,0,0,0,0,0,0,0,0,0,0,0,0,0,0,0.5
CDK2,EIF1,P24941,P41567,U,background,False,False,0,0,0,0,0,0,0,0,9,13,9,13,0,0,0,0,1,9,0.4166666666666667
CDK2,DUSP23,P24941,Q9BVJ7,U,background,False,False,0,0,0,0,0,0,0,0,0,0,0,0,19,15,19,15,0,0,0.5
CDK2,IDH3B,P24941,O43837,U,background,False,False,0,0,0,0,0,0,0,0,0,0,0,0,0,0,0,0,0,0,0.5
CDK2,RSPH1,P24941,Q8WYR4,U,background,False,False,0,0,0,0,0,0,0,0,2,2,2,2,0,0,0,0,1,2,0.5
CDK2,CRYZL1,P24941,O95825,U,background,False,False,0,0,0,0,0,0,0,0,0,0,0,0,0,0,0,0,0,0,0.5
CDK2,DKK1,P24941,O94907,U,background,False,False,0,0,0,0,0,0,0,0,0,0,0,0,5,7,5,7,0,0,0.5
CDK2,FOS,P24941,P01100,U,background,False,False,0,0,0,0,0,0,0,0,0,0,0,0,0,0,0,0,0,0,0.5
CDK2,CYB5R1,P24941,Q9UHQ9,U,background,False,False,0,0,0,0,0,0,0,0,0,0,0,0,28,38,28,38,0,0,0.5
CDK2,EDF1,P24941,O60869,U,background,False,False,0,0,0,0,0,0,0,0,16,24,16,24,0,0,0,0,1,16,0.40476190476190477
CDK2,KCTD13,P24941,Q8WZ19,U,background,False,False,0,0,0,0,0,0,0,0,0,0,0,0,9,9,9,9,0,0,0.5
CDK2,LHX4,P24941,Q969G2,U,background,False,False,0,0,0,0,0,0,0,0,0,0,0,0,0,0,0,0,0,0,0.5
CDK2,STX4,P24941,Q12846,U,background,False,False,0,0,0,0,0,0,0,0,132,130,132,130,0,0,0,0,1,132,0.5037878787878788
CDK2,MANF,P24941,P55145,U,background,False,False,0,0,0,0,0,0,0,0,0,0,0,0,0,0,0,0,0,0,0.5
CDK2,KRTAP10-10,P24941,P60014,U,background,False,False,0,0,0,0,0,0,0,0,0,0,0,0,0,0,0,0,0,0,0.5
CDK2,CHAC2,P24941,Q8WUX2,U,background,False,False,0,0,0,0,0,0,0,0,0,0,0,0,0,0,0,0,0,0,0.5
CDK2,PRPSAP1,P24941,Q14558,U,background,False,False,0,0,0,0,0,0,0,0,0,0,0,0,0,0,0,0,0,0,0.5
CDK2,RAB1A,P24941,P62820,U,background,False,False,0,0,0,0,0,0,0,0,0,0,0,0,0,0,0,0,0,0,0.5
CDK2,DUS4L,P24941,O95620,U,background,False,False,0,0,0,0,0,0,0,0,0,0,0,0,3,5,3,5,0,0,0.5
CDK2,HAPLN1,P24941,P10915,U,background,False,False,0,0,0,0,0,0,0,0,0,0,0,0,0,0,0,0,0,0,0.5
CDK2,GDPGP1,P24941,Q6ZNW5,U,background,False,False,0,0,0,0,0,0,0,0,0,0,0,0,0,0,0,0,0,0,0.5
CDK2,RFK,P24941,Q969G6,U,background,False,False,0,0,0,0,0,0,0,0,0,0,0,0,3,4,3,4,0,0,0.5
CDK2,PRAF2,P24941,O60831,U,background,False,False,0,0,0,0,0,0,0,0,0,0,0,0,0,0,0,0,0,0,0.5
CDK2,KIR3DS1,P24941,Q14943,U,background,False,False,0,0,0,0,0,0,0,0,0,0,0,0,0,0,0,0,0,0,0.5
CDK2,MIF4GD,P24941,A9UHW6,U,background,False,False,0,0,0,0,0,0,0,0,15,16,15,16,0,0,0,0,1,15,0.48484848484848486
CDK2,CST9L,P24941,Q9H4G1,U,background,False,False,0,0,0,0,0,0,0,0,0,0,0,0,0,0,0,0,0,0,0.5
CDK2,IGHV4-34,P24941,P06331,U,background,False,False,0,0,0,0,0,0,0,0,0,0,0,0,0,0,0,0,0,0,0.5
CDK2,STOML2,P24941,Q9UJZ1,U,background,False,False,0,0,0,0,0,0,0,0,69,64,69,64,0,0,0,0,1,69,0.5185185185185185
CDK2,MIXL1,P24941,Q9H2W2,U,background,False,False,0,0,0,0,0,0,0,0,0,0,0,0,0,0,0,0,0,0,0.5
CDK2,TRBV13,P24941,A0A0A6YYD4,U,background,False,False,0,0,0,0,0,0,0,0,0,0,0,0,0,0,0,0,0,0,0.5
CDK2,VSTM2B,P24941,A6NLU5,U,background,False,False,0,0,0,0,0,0,0,0,0,0,0,0,0,0,0,0,0,0,0.5
CDK2,TRBV27,P24941,A0A0K0K1C4,U,background,False,False,0,0,0,0,0,0,0,0,0,0,0,0,0,0,0,0,0,0,0.5
CDK2,KRTAP5-9,P24941,P26371,U,background,False,False,0,0,0,0,0,0,0,0,0,0,0,0,0,0,0,0,0,0,0.5
CDK2,TXNDC9,P24941,O14530,U,background,False,False,0,0,0,0,0,0,0,0,0,0,0,0,0,0,0,0,0,0,0.5
CDK2,CLEC18A,P24941,A5D8T8,U,low_plausibility,False,False,0,0,0,0,0,0,0,0,0,0,0,0,3,2,3,2,0,0,0.5
CDK2,MASP2,P24941,O00187,U,low_plausibility,False,False,0,0,0,0,0,0,0,0,0,0,0,0,0,0,0,0,0,0,0.5
CDK2,TIMM44,P24941,O43615,U,low_plausibility,False,False,0,0,0,0,0,0,0,0,0,0,0,0,0,0,0,0,0,0,0.5
CDK2,ENTPD5,P24941,O75356,U,low_plausibility,False,False,0,0,0,0,0,0,0,0,0,0,0,0,0,0,0,0,0,0,0.5
CDK2,PMPCB,P24941,O75439,U,low_plausibility,False,False,0,0,0,0,0,0,0,0,0,0,0,0,98,93,98,93,0,0,0.5
CDK2,F9,P24941,P00740,U,low_plausibility,False,False,0,0,0,0,0,0,0,0,0,0,0,0,0,0,0,0,0,0,0.5
CDK2,PLAU,P24941,P00749,U,low_plausibility,False,False,0,0,0,0,0,0,0,0,0,0,0,0,20,35,20,35,0,0,0.5
CDK2,FGB,P24941,P02675,U,low_plausibility,False,False,0,0,0,0,0,0,0,0,0,0,0,0,48,55,48,55,0,0,0.5
CDK2,FGG,P24941,P02679,U,low_plausibility,False,False,0,0,0,0,0,0,0,0,0,0,0,0,19,31,19,31,0,0,0.5
CDK2,GC,P24941,P02774,U,low_plausibility,False,False,0,0,0,0,0,0,0,0,7,16,7,16,0,0,0,0,1,7,0.32
CDK2,VTN,P24941,P04004,U,low_plausibility,False,False,0,0,0,0,0,0,0,0,0,0,0,0,51,45,51,45,0,0,0.5
CDK2,PROC,P24941,P04070,U,low_plausibility,False,False,0,0,0,0,0,0,0,0,0,0,0,0,9,14,9,14,0,0,0.5
CDK2,CHGB,P24941,P05060,U,low_plausibility,False,False,0,0,0,0,0,0,0,0,0,0,0,0,10,8,10,8,0,0,0.5
CDK2,PCCA,P24941,P05165,U,low_plausibility,False,False,0,0,0,0,0,0,0,0,30,23,30,23,0,0,0,0,1,30,0.5636363636363636
CDK2,PSAP,P24941,P07602,U,low_plausibility,False,False,0,0,0,0,0,0,0,0,0,0,0,0,18,19,18,19,0,0,0.5
CDK2,INHBA,P24941,P08476,U,low_plausibility,False,False,0,0,0,0,0,0,0,0,0,0,0,0,12,4,12,4,0,0,0.5
CDK2,F7,P24941,P08709,U,low_plausibility,False,False,0,0,0,0,0,0,0,0,0,0,0,0,7,10,7,10,0,0,0.5
CDK2,PDIA4,P24941,P13667,U,low_plausibility,False,False,0,0,0,0,0,0,0,0,0,0,0,0,0,0,0,0,0,0,0.5
CDK2,HSP90B1,P24941,P14625,U,low_plausibility,False,False,0,0,0,0,0,0,0,0,0,0,0,0,77,74,77,74,0,0,0.5
CDK2,PNLIP,P24941,P16233,U,low_plausibility,False,False,0,0,0,0,0,0,0,0,0,0,0,0,0,0,0,0,0,0,0.5
CDK2,ME2,P24941,P23368,U,low_plausibility,False,False,0,0,0,0,0,0,0,0,0,0,0,0,0,0,0,0,0,0,0.5
CDK2,CFP,P24941,P27918,U,low_plausibility,False,False,0,0,0,0,0,0,0,0,0,0,0,0,16,13,16,13,0,0,0.5
CDK2,PDIA3,P24941,P30101,U,low_plausibility,False,False,0,0,0,0,0,0,0,0,0,0,0,0,0,0,0,0,0,0,0.5
CDK2,MMP13,P24941,P45452,U,low_plausibility,False,False,0,0,0,0,0,0,0,0,0,0,0,0,0,0,0,0,0,0,0.5
CDK2,TUFM,P24941,P49411,U,low_plausibility,False,False,0,0,0,0,0,0,0,0,0,0,0,0,0,0,0,0,0,0,0.5
CDK2,GLUD2,P24941,P49448,U,low_plausibility,False,False,0,0,0,0,0,0,0,0,0,0,0,0,0,0,0,0,0,0,0.5
CDK2,PNLIPRP1,P24941,P54315,U,low_plausibility,False,False,0,0,0,0,0,0,0,0,0,0,0,0,0,0,0,0,0,0,0.5
CDK2,ALDH18A1,P24941,P54886,U,low_plausibility,False,False,0,0,0,0,0,0,0,0,0,0,0,0,0,0,0,0,0,0,0.5
CDK2,HTRA3,P24941,P83110,U,low_plausibility,False,False,0,0,0,0,0,0,0,0,0,0,0,0,0,0,0,0,0,0,0.5
CDK2,PMPCA,P24941,Q10713,U,low_plausibility,False,False,0,0,0,0,0,0,0,0,0,0,0,0,94,73,94,73,0,0,0.5
CDK2,HYAL1,P24941,Q12794,U,low_plausibility,False,False,0,0,0,0,0,0,0,0,0,0,0,0,0,0,0,0,0,0,0.5
CDK2,TRAP1,P24941,Q12931,U,low_plausibility,False,False,0,0,0,0,0,0,0,0,0,0,0,0,86,67,86,67,0,0,0.5
CDK2,PLA2G7,P24941,Q13093,U,low_plausibility,False,False,0,0,0,0,0,0,0,0,0,0,0,0,1,1,1,1,0,0,0.5
CDK2,OS9,P24941,Q13438,U,low_plausibility,False,False,0,0,0,0,0,0,0,0,26,33,26,33,0,0,0,0,1,26,0.4426229508196721
CDK2,PDK1,P24941,Q15118,U,low_plausibility,False,False,0,0,0,0,0,0,0,0,107,84,107,84,0,0,0,0,1,107,0.5595854922279793
CDK2,PI16,P24941,Q6UXB8,U,low_plausibility,False,False,0,0,0,0,0,0,0,0,0,0,0,0,4,6,4,6,0,0,0.5
CDK2,ADAMTSL5,P24941,Q6ZMM2,U,low_plausibility,False,False,0,0,0,0,0,0,0,0,0,0,0,0,1,3,1,3,0,0,0.5
CDK2,CPA6,P24941,Q8N4T0,U,low_plausibility,False,False,0,0,0,0,0,0,0,0,0,0,0,0,2,2,2,2,0,0,0.5
CDK2,NDNF,P24941,Q8TB73,U,low_plausibility,False,False,0,0,0,0,0,0,0,0,0,0,0,0,1,0,1,0,0,0,0.5
CDK2,TBRG4,P24941,Q969Z0,U,low_plausibility,False,False,0,0,0,0,0,0,0,0,0,0,0,0,0,0,0,0,0,0,0.5
CDK2,ERLEC1,P24941,Q96DZ1,U,low_plausibility,False,False,0,0,0,0,0,0,0,0,0,0,0,0,32,25,32,25,0,0,0.5
CDK2,ERO1A,P24941,Q96HE7,U,low_plausibility,False,False,0,0,0,0,0,0,0,0,0,0,0,0,0,0,0,0,0,0,0.5
CDK2,MCCC1,P24941,Q96RQ3,U,low_plausibility,False,False,0,0,0,0,0,0,0,0,49,46,49,46,0,0,0,0,1,49,0.5154639175257731
CDK2,TINAGL1,P24941,Q9GZM7,U,low_plausibility,False,False,0,0,0,0,0,0,0,0,0,0,0,0,0,0,0,0,0,0,0.5
CDK2,SIL1,P24941,Q9H173,U,low_plausibility,False,False,0,0,0,0,0,0,0,0,6,7,6,7,0,0,0,0,1,6,0.4666666666666667
CDK2,ACSS3,P24941,Q9H6R3,U,low_plausibility,False,False,0,0,0,0,0,0,0,0,0,0,0,0,1,1,1,1,0,0,0.5
CDK2,MCCC2,P24941,Q9HCC0,U,low_plausibility,False,False,0,0,0,0,0,0,0,0,44,46,44,46,0,0,0,0,1,44,0.4891304347826087
CDK2,FASTKD2,P24941,Q9NYY8,U,low_plausibility,False,False,0,0,0,0,0,0,0,0,78,60,78,60,0,0,0,0,1,78,0.5642857142857143
CDK2,GDF2,P24941,Q9UK05,U,low_plausibility,False,False,0,0,0,0,0,0,0,0,0,0,0,0,1,1,1,1,0,0,0.5
CDK2,CPQ,P24941,Q9Y646,U,low_plausibility,False,False,0,0,0,0,0,0,0,0,0,0,0,0,0,0,0,0,0,0,0.5
CDK2,METTL15,P24941,A6NJ78,U,low_plausibility,False,False,0,0,0,0,0,0,0,0,0,0,0,0,78,65,78,65,0,0,0.5
CDK2,WNT10B,P24941,O00744,U,low_plausibility,False,False,0,0,0,0,0,0,0,0,0,0,0,0,0,0,0,0,0,0,0.5
CDK2,WNT9A,P24941,O14904,U,low_plausibility,False,False,0,0,0,0,0,0,0,0,0,0,0,0,0,0,0,0,0,0,0.5
CDK2,NIPSNAP2,P24941,O75323,U,low_plausibility,False,False,0,0,0,0,0,0,0,0,51,40,51,40,0,0,0,0,1,51,0.5591397849462365
CDK2,CRLF1,P24941,O75462,U,low_plausibility,False,False,0,0,0,0,0,0,0,0,0,0,0,0,23,24,23,24,0,0,0.5
CDK2,OTC,P24941,P00480,U,low_plausibility,False,False,0,0,0,0,0,0,0,0,0,0,0,0,30,25,30,25,0,0,0.5
CDK2,TGFB1,P24941,P01137,U,low_plausibility,False,False,0,0,0,0,0,0,0,0,0,0,0,0,65,66,0,0,0,0,0.5
CDK2,PRB1,P24941,P04280,U,low_plausibility,False,False,0,0,0,0,0,0,0,0,0,0,0,0,0,0,0,0,0,0,0.5
CDK2,WNT1,P24941,P04628,U,low_plausibility,False,False,0,0,0,0,0,0,0,0,0,0,0,0,0,0,0,0,0,0,0.5
CDK2,SERPINE1,P24941,P05121,U,low_plausibility,False,False,0,0,0,0,0,0,0,0,0,0,0,0,14,18,14,18,0,0,0.5
CDK2,SERPINA5,P24941,P05154,U,low_plausibility,False,False,0,0,0,0,0,0,0,0,0,0,0,0,0,0,0,0,0,0,0.5
CDK2,ACAA1,P24941,P09110,U,low_plausibility,False,False,0,0,0,0,0,0,0,0,0,0,0,0,10,8,10,8,0,0,0.5
CDK2,WNT2,P24941,P09544,U,low_plausibility,False,False,0,0,0,0,0,0,0,0,0,0,0,0,0,0,0,0,0,0,0.5
CDK2,SPP1,P24941,P10451,U,low_plausibility,False,False,0,0,0,0,0,0,0,0,0,0,0,0,30,28,30,28,0,0,0.5
CDK2,ETFA,P24941,P13804,U,low_plausibility,False,False,0,0,0,0,0,0,0,0,0,0,0,0,53,51,53,51,0,0,0.5
CDK2,LOX,P24941,P28300,U,low_plausibility,False,False,0,0,0,0,0,0,0,0,0,0,0,0,0,0,0,0,0,0,0.5
CDK2,LRPAP1,P24941,P30533,U,low_plausibility,False,False,0,0,0,0,0,0,0,0,0,0,0,0,36,45,36,45,0,0,0.5
CDK2,SERPINF1,P24941,P36955,U,low_plausibility,False,False,0,0,0,0,0,0,0,0,0,0,0,0,6,10,6,10,0,0,0.5
CDK2,MDH2,P24941,P40926,U,low_plausibility,False,False,0,0,0,0,0,0,0,0,140,102,140,102,0,0,0,0,1,140,0.5778688524590164
CDK2,VEGFC,P24941,P49767,U,low_plausibility,False,False,0,0,0,0,0,0,0,0,0,0,0,0,0,0,0,0,0,0,0.5
CDK2,PPT1,P24941,P50897,U,low_plausibility,False,False,0,0,0,0,0,0,0,0,56,69,56,69,0,0,0,0,1,56,0.44881889763779526
CDK2,TGFB2,P24941,P61812,U,low_plausibility,False,False,0,0,0,0,0,0,0,0,0,0,0,0,11,11,11,11,0,0,0.5
CDK2,CEACAM16,P24941,Q2WEN9,U,low_plausibility,False,False,0,0,0,0,0,0,0,0,0,0,0,0,1,1,1,1,0,0,0.5
CDK2,MTERF2,P24941,Q49AM1,U,low_plausibility,False,False,0,0,0,0,0,0,0,0,0,0,0,0,0,0,0,0,0,0,0.5
CDK2,MRM1,P24941,Q6IN84,U,low_plausibility,False,False,0,0,0,0,0,0,0,0,0,0,0,0,91,78,91,78,0,0,0.5
CDK2,APOA5,P24941,Q6Q788,U,low_plausibility,False,False,0,0,0,0,0,0,0,0,4,3,4,3,0,0,0,0,1,4,0.5555555555555556
CDK2,OLFML1,P24941,Q6UWY5,U,low_plausibility,False,False,0,0,0,0,0,0,0,0,0,0,0,0,0,0,0,0,0,0,0.5
CDK2,C16orf89,P24941,Q6UX73,U,low_plausibility,False,False,0,0,0,0,0,0,0,0,0,0,0,0,0,0,0,0,0,0,0.5
CDK2,C2orf69,P24941,Q8N8R5,U,low_plausibility,False,False,0,0,0,0,0,0,0,0,2,3,2,3,0,0,0,0,1,2,0.42857142857142855
CDK2,ACOT4,P24941,Q8N9L9,U,low_plausibility,False,False,0,0,0,0,0,0,0,0,0,0,0,0,0,0,0,0,0,0,0.5
CDK2,SUMF1,P24941,Q8NBK3,U,low_plausibility,False,False,0,0,0,0,0,0,0,0,0,0,0,0,0,0,0,0,0,0,0.5
CDK2,POGLUT1,P24941,Q8NBL1,U,low_plausibility,False,False,0,0,0,0,0,0,0,0,0,0,0,0,7,8,7,8,0,0,0.5
CDK2,ABHD11,P24941,Q8NFV4,U,low_plausibility,False,False,0,0,0,0,0,0,0,0,20,15,0,0,0,0,0,0,0,0,0.5
CDK2,MUC7,P24941,Q8TAX7,U,low_plausibility,False,False,0,0,0,0,0,0,0,0,0,0,0,0,0,0,0,0,0,0,0.5
CDK2,MAIP1,P24941,Q8WWC4,U,low_plausibility,False,False,0,0,0,0,0,0,0,0,0,0,0,0,0,0,0,0,0,0,0.5
CDK2,GGH,P24941,Q92820,U,low_plausibility,False,False,0,0,0,0,0,0,0,0,0,0,0,0,62,74,62,74,0,0,0.5
CDK2,RCN3,P24941,Q96D15,U,low_plausibility,False,False,0,0,0,0,0,0,0,0,0,0,0,0,0,0,0,0,0,0,0.5
CDK2,CALR3,P24941,Q96L12,U,low_plausibility,False,False,0,0,0,0,0,0,0,0,0,0,0,0,0,0,0,0,0,0,0.5
CDK2,TEFM,P24941,Q96QE5,U,low_plausibility,False,False,0,0,0,0,0,0,0,0,0,0,0,0,68,62,68,62,0,0,0.5
CDK2,GDF15,P24941,Q99988,U,low_plausibility,False,False,0,0,0,0,0,0,0,0,0,0,0,0,14,17,14,17,0,0,0.5
CDK2,ERP44,P24941,Q9BS26,U,low_plausibility,False,False,0,0,0,0,0,0,0,0,0,0,0,0,0,0,0,0,0,0,0.5
CDK2,PECR,P24941,Q9BY49,U,low_plausibility,False,False,0,0,0,0,0,0,0,0,0,0,0,0,0,0,0,0,0,0,0.5
CDK2,PDGFD,P24941,Q9GZP0,U,low_plausibility,False,False,0,0,0,0,0,0,0,0,0,0,0,0,2,3,2,3,0,0,0.5
CDK2,WNT10A,P24941,Q9GZT5,U,low_plausibility,False,False,0,0,0,0,0,0,0,0,0,0,0,0,0,0,0,0,0,0,0.5
CDK2,OLFML3,P24941,Q9NRN5,U,low_plausibility,False,False,0,0,0,0,0,0,0,0,4,3,4,3,0,0,0,0,1,4,0.5555555555555556
CDK2,SIRT3,P24941,Q9NTG7,U,low_plausibility,False,False,0,0,0,0,0,0,0,0,0,0,0,0,0,0,0,0,0,0,0.5
CDK2,TMLHE,P24941,Q9NVH6,U,low_plausibility,False,False,0,0,0,0,0,0,0,0,0,0,0,0,0,0,0,0,0,0,0.5
CDK2,PIPOX,P24941,Q9P0Z9,U,low_plausibility,False,False,0,0,0,0,0,0,0,0,3,2,3,2,0,0,0,0,1,3,0.5714285714285714
CDK2,DNAJB11,P24941,Q9UBS4,U,low_plausibility,False,False,0,0,0,0,0,0,0,0,0,0,0,0,0,0,0,0,0,0,0.5
CDK2,WARS2,P24941,Q9UGM6,U,low_plausibility,False,False,0,0,0,0,0,0,0,0,0,0,0,0,6,3,6,3,0,0,0.5
CDK2,CLEC3A,P24941,O75596,U,low_plausibility,False,False,0,0,0,0,0,0,0,0,0,0,0,0,0,0,0,0,0,0,0.5
CDK2,APOM,P24941,O95445,U,low_plausibility,False,False,0,0,0,0,0,0,0,0,0,0,0,0,0,0,0,0,0,0,0.5
CDK2,AGR2,P24941,O95994,U,low_plausibility,False,False,0,0,0,0,0,0,0,0,0,0,0,0,0,0,0,0,0,0,0.5
CDK2,IL18BP,P24941,O95998,U,low_plausibility,False,False,0,0,0,0,0,0,0,0,0,0,0,0,0,0,0,0,0,0,0.5
CDK2,TIMP1,P24941,P01033,U,low_plausibility,False,False,0,0,0,0,0,0,0,0,0,0,0,0,0,0,0,0,0,0,0.5
CDK2,CST3,P24941,P01034,U,low_plausibility,False,False,0,0,0,0,0,0,0,0,0,0,0,0,0,0,0,0,0,0,0.5
CDK2,GH1,P24941,P01241,U,low_plausibility,False,False,0,0,0,0,0,0,0,0,28,33,28,33,0,0,0,0,1,28,0.4603174603174603
CDK2,GCG,P24941,P01275,U,low_plausibility,False,False,0,0,0,0,0,0,0,0,0,0,0,0,0,0,0,0,0,0,0.5
CDK2,IGF2,P24941,P01344,U,low_plausibility,False,False,0,0,0,0,0,0,0,0,8,4,8,4,0,0,0,0,1,8,0.6428571428571429
CDK2,IFNA2,P24941,P01563,U,low_plausibility,False,False,0,0,0,0,0,0,0,0,0,0,0,0,0,0,0,0,0,0,0.5
CDK2,IFNB1,P24941,P01574,U,low_plausibility,False,False,0,0,0,0,0,0,0,0,1,0,1,0,0,0,0,0,1,1,0.6666666666666666
CDK2,EPO,P24941,P01588,U,low_plausibility,False,False,0,0,0,0,0,0,0,0,0,0,0,0,1,1,1,1,0,0,0.5
CDK2,RBP4,P24941,P02753,U,low_plausibility,False,False,0,0,0,0,0,0,0,0,0,0,0,0,0,0,0,0,0,0,0.5
CDK2,CSF2,P24941,P04141,U,low_plausibility,False,False,0,0,0,0,0,0,0,0,0,0,0,0,0,0,0,0,0,0,0.5
CDK2,IL6,P24941,P05231,U,low_plausibility,False,False,0,0,0,0,0,0,0,0,3,3,3,3,0,0,0,0,1,3,0.5
CDK2,CRH,P24941,P06850,U,low_plausibility,False,False,0,0,0,0,0,0,0,0,1,2,1,2,0,0,0,0,1,1,0.4
CDK2,PAEP,P24941,P09466,U,low_plausibility,False,False,0,0,0,0,0,0,0,0,0,0,0,0,0,0,0,0,0,0,0.5
CDK2,FDX1,P24941,P10109,U,low_plausibility,False,False,0,0,0,0,0,0,0,0,0,0,0,0,0,0,0,0,0,0,0.5
CDK2,IL7,P24941,P13232,U,low_plausibility,False,False,0,0,0,0,0,0,0,0,0,0,0,0,0,0,0,0,0,0,0.5
CDK2,IGLL1,P24941,P15814,U,low_plausibility,False,False,0,0,0,0,0,0,0,0,0,0,0,0,0,0,0,0,0,0,0.5
CDK2,IL11,P24941,P20809,U,low_plausibility,False,False,0,0,0,0,0,0,0,0,0,0,0,0,0,0,0,0,0,0,0.5
CDK2,PTN,P24941,P21246,U,low_plausibility,False,False,0,0,0,0,0,0,0,0,0,0,0,0,0,0,0,0,0,0,0.5
CDK2,AK4,P24941,P27144,U,low_plausibility,False,False,0,0,0,0,0,0,0,0,47,39,47,39,0,0,0,0,1,47,0.5454545454545454
CDK2,IL12A,P24941,P29459,U,low_plausibility,False,False,0,0,0,0,0,0,0,0,2,0,2,0,0,0,0,0,1,2,0.75
CDK2,PPIF,P24941,P30405,U,low_plausibility,False,False,0,0,0,0,0,0,0,0,0,0,0,0,0,0,0,0,0,0,0.5
CDK2,NTF4,P24941,P34130,U,low_plausibility,False,False,0,0,0,0,0,0,0,0,0,0,0,0,0,0,0,0,0,0,0.5
CDK2,ADM,P24941,P35318,U,low_plausibility,False,False,0,0,0,0,0,0,0,0,0,0,0,0,3,5,3,5,0,0,0.5
CDK2,ETFB,P24941,P38117,U,low_plausibility,False,False,0,0,0,0,0,0,0,0,0,0,0,0,0,0,0,0,0,0,0.5
CDK2,MRPL12,P24941,P52815,U,low_plausibility,False,False,0,0,0,0,0,0,0,0,89,83,89,83,0,0,0,0,1,89,0.5172413793103449
CDK2,MRPS15,P24941,P82914,U,low_plausibility,False,False,0,0,0,0,0,0,0,0,29,31,29,31,0,0,0,0,1,29,0.4838709677419355
CDK2,TFAM,P24941,Q00059,U,low_plausibility,False,False,0,0,0,0,0,0,0,0,123,107,123,107,0,0,0,0,1,123,0.5344827586206896
CDK2,IL24,P24941,Q13007,U,low_plausibility,False,False,0,0,0,0,0,0,0,0,13,12,13,12,0,0,0,0,1,13,0.5185185185185185
CDK2,CSHL1,P24941,Q14406,U,low_plausibility,False,False,0,0,0,0,0,0,0,0,0,0,0,0,0,0,0,0,0,0,0.5
CDK2,CLPP,P24941,Q16740,U,low_plausibility,False,False,0,0,0,0,0,0,0,0,0,0,0,0,0,0,0,0,0,0,0.5
CDK2,CDNF,P24941,Q49AH0,U,low_plausibility,False,False,0,0,0,0,0,0,0,0,0,0,0,0,1,1,1,1,0,0,0.5
CDK2,ARTN,P24941,Q5T4W7,U,low_plausibility,False,False,0,0,0,0,0,0,0,0,0,0,0,0,0,0,0,0,0,0,0.5
CDK2,FDX2,P24941,Q6P4F2,U,low_plausibility,False,False,0,0,0,0,0,0,0,0,0,0,0,0,0,0,0,0,0,0,0.5
CDK2,C6orf120,P24941,Q7Z4R8,U,low_plausibility,False,False,0,0,0,0,0,0,0,0,0,0,0,0,5,3,5,3,0,0,0.5
CDK2,GLRX5,P24941,Q86SX6,U,low_plausibility,False,False,0,0,0,0,0,0,0,0,0,0,0,0,0,0,0,0,0,0,0.5
CDK2,DHFR2,P24941,Q86XF0,U,low_plausibility,False,False,0,0,0,0,0,0,0,0,0,0,0,0,0,0,0,0,0,0,0.5
CDK2,IFNL1,P24941,Q8IU54,U,low_plausibility,False,False,0,0,0,0,0,0,0,0,0,0,0,0,0,0,0,0,0,0,0.5
CDK2,IFNL3,P24941,Q8IZI9,U,low_plausibility,False,False,0,0,0,0,0,0,0,0,0,0,0,0,0,0,0,0,0,0,0.5
CDK2,IFNL2,P24941,Q8IZJ0,U,low_plausibility,False,False,0,0,0,0,0,0,0,0,0,0,0,0,0,0,0,0,0,0,0.5
CDK2,GRPEL2,P24941,Q8TAA5,U,low_plausibility,False,False,0,0,0,0,0,0,0,0,2,2,2,2,0,0,0,0,1,2,0.5
CDK2,FIBIN,P24941,Q8TAL6,U,low_plausibility,False,False,0,0,0,0,0,0,0,0,9,6,9,6,0,0,0,0,1,9,0.5882352941176471
CDK2,MALSU1,P24941,Q96EH3,U,low_plausibility,False,False,0,0,0,0,0,0,0,0,53,37,53,37,0,0,0,0,1,53,0.5869565217391305
CDK2,SOST,P24941,Q9BQB4,U,low_plausibility,False,False,0,0,0,0,0,0,0,0,0,0,0,0,7,11,7,11,0,0,0.5
CDK2,PRADC1,P24941,Q9BSG0,U,low_plausibility,False,False,0,0,0,0,0,0,0,0,0,0,0,0,0,0,0,0,0,0,0.5
CDK2,ALKBH7,P24941,Q9BT30,U,low_plausibility,False,False,0,0,0,0,0,0,0,0,0,0,0,0,5,3,5,3,0,0,0.5
CDK2,AK3,P24941,Q9UIJ7,U,low_plausibility,False,False,0,0,0,0,0,0,0,0,0,0,0,0,0,0,0,0,0,0,0.5
HIF1A,ARNT,Q16665,P27540,P,,False,False,0,0,0,0,0,0,0,0,0,0,0,0,0,0,0,0,0,0,0.5
HIF1A,VHL,Q16665,P40337,P,,False,False,0,0,0,0,0,0,0,0,0,0,0,0,99,99,99,99,0,0,0.5
HIF1A,EP300,Q16665,Q09472,P,,False,False,0,0,0,0,0,0,0,0,0,0,0,0,0,0,0,0,0,0,0.5
HIF1A,ZNF502,Q16665,Q8TBZ5,U,context,False,False,0,0,0,0,0,0,0,0,0,0,0,0,0,0,0,0,0,0,0.5
HIF1A,THEMIS2,Q16665,Q5TEJ8,U,context,False,False,0,0,0,0,0,0,0,0,0,0,0,0,0,0,0,0,0,0,0.5
HIF1A,MITF,Q16665,O75030,U,context,False,False,0,0,0,0,0,0,0,0,0,0,0,0,0,0,0,0,0,0,0.5
HIF1A,NARF,Q16665,Q9UHQ1,U,context,False,False,0,0,0,0,0,0,0,0,10,4,10,4,0,0,0,0,1,10,0.6875
HIF1A,ZNF615,Q16665,Q8N8J6,U,context,False,False,0,0,0,0,0,0,0,0,0,0,0,0,0,0,0,0,0,0,0.5
HIF1A,LMX1B,Q16665,O60663,U,context,False,False,0,0,0,0,0,0,0,0,0,0,0,0,8,10,8,10,0,0,0.5
HIF1A,TAF6L,Q16665,Q9Y6J9,U,context,False,False,0,0,0,0,0,0,0,0,0,0,0,0,0,0,0,0,0,0,0.5
HIF1A,SLFN11,Q16665,Q7Z7L1,U,context,False,False,0,0,0,0,0,0,0,0,89,123,89,123,0,0,0,0,1,89,0.4205607476635514
HIF1A,REXO4,Q16665,Q9GZR2,U,context,False,False,0,0,0,0,0,0,0,0,51,41,51,41,0,0,0,0,1,51,0.5531914893617021
HIF1A,XRCC5,Q16665,P13010,U,context,False,False,0,0,0,0,0,0,0,0,0,0,0,0,0,0,0,0,0,0,0.5
HIF1A,ZNF680,Q16665,Q8NEM1,U,context,False,False,0,0,0,0,0,0,0,0,0,0,0,0,0,0,0,0,0,0,0.5
HIF1A,CUL3,Q16665,Q13618,U,context,False,False,0,0,0,0,0,0,0,0,377,305,377,305,0,0,0,0,1,377,0.5526315789473685
HIF1A,ZNF703,Q16665,Q9H7S9,U,context,False,False,0,0,0,0,0,0,0,0,0,0,0,0,0,0,0,0,0,0,0.5
HIF1A,FSD1,Q16665,Q9BTV5,U,context,False,False,0,0,0,0,0,0,0,0,0,0,0,0,0,0,0,0,0,0,0.5
HIF1A,MPHOSPH10,Q16665,O00566,U,context,False,False,0,0,0,0,0,0,0,0,0,0,0,0,0,0,0,0,0,0,0.5
HIF1A,ZNF197,Q16665,O14709,U,context,False,False,0,0,0,0,0,0,0,0,0,0,0,0,0,0,0,0,0,0,0.5
HIF1A,KPNB1,Q16665,Q14974,U,context,False,False,0,0,0,0,0,0,0,0,136,113,136,113,0,0,0,0,1,136,0.545816733067729
HIF1A,GLIS1,Q16665,Q8NBF1,U,context,False,False,0,0,0,0,0,0,0,0,0,0,0,0,0,0,0,0,0,0,0.5
HIF1A,APPBP2,Q16665,Q92624,U,context,False,False,0,0,0,0,0,0,0,0,57,57,57,57,0,0,0,0,1,57,0.5
HIF1A,HELB,Q16665,Q8NG08,U,context,False,False,0,0,0,0,0,0,0,0,4,1,4,1,0,0,0,0,1,4,0.7142857142857143
HIF1A,A1CF,Q16665,Q9NQ94,U,context,False,False,0,0,0,0,0,0,0,0,7,9,7,9,0,0,0,0,1,7,0.4444444444444444
HIF1A,RBM22,Q16665,Q9NW64,U,context,False,False,0,0,0,0,0,0,0,0,42,53,42,53,0,0,0,0,1,42,0.44329896907216493
HIF1A,OGA,Q16665,O60502,U,context,False,False,0,0,0,0,0,0,0,0,0,0,0,0,0,0,0,0,0,0,0.5
HIF1A,UBE4B,Q16665,O95155,U,context,False,False,0,0,0,0,0,0,0,0,34,35,34,35,0,0,0,0,1,34,0.49295774647887325
HIF1A,ZNF471,Q16665,Q9BX82,U,context,False,False,0,0,0,0,0,0,0,0,0,0,0,0,0,0,0,0,0,0,0.5
HIF1A,DUS1L,Q16665,Q6P1R4,U,context,False,False,0,0,0,0,0,0,0,0,0,0,0,0,2,4,2,4,0,0,0.5
HIF1A,NFIL3,Q16665,Q16649,U,context,False,False,0,0,0,0,0,0,0,0,0,0,0,0,0,0,0,0,0,0,0.5
HIF1A,MNX1,Q16665,P50219,U,context,False,False,0,0,0,0,0,0,0,0,0,0,0,0,6,6,6,6,0,0,0.5
HIF1A,PRC1,Q16665,O43663,U,context,False,False,0,0,0,0,0,0,0,0,279,272,279,272,0,0,0,0,1,279,0.5063291139240507
HIF1A,MPO,Q16665,P05164,U,context,False,False,0,0,0,0,0,0,0,0,0,0,0,0,0,0,0,0,0,0,0.5
HIF1A,TBX18,Q16665,O95935,U,context,False,False,0,0,0,0,0,0,0,0,0,0,0,0,0,0,0,0,0,0,0.5
HIF1A,CPEB1,Q16665,Q9BZB8,U,context,False,False,0,0,0,0,0,0,0,0,38,37,38,37,0,0,0,0,1,38,0.5064935064935064
HIF1A,ZBTB49,Q16665,Q6ZSB9,U,context,False,False,0,0,0,0,0,0,0,0,0,0,0,0,0,0,0,0,0,0,0.5
HIF1A,TBX5,Q16665,Q99593,U,context,False,False,0,0,0,0,0,0,0,0,0,0,0,0,0,0,0,0,0,0,0.5
HIF1A,FIRRM,Q16665,Q9NSG2,U,context,False,False,0,0,0,0,0,0,0,0,4,2,4,2,0,0,0,0,1,4,0.625
HIF1A,RBM14,Q16665,Q96PK6,U,context,False,False,0,0,0,0,0,0,0,0,114,109,114,109,0,0,0,0,1,114,0.5111111111111111
HIF1A,TPX2,Q16665,Q9ULW0,U,context,False,False,0,0,0,0,0,0,0,0,55,64,55,64,0,0,0,0,1,55,0.4628099173553719
HIF1A,NCOA4,Q16665,Q13772,U,context,False,False,0,0,0,0,0,0,0,0,18,14,18,14,0,0,0,0,1,18,0.5588235294117647
HIF1A,ZFX,Q16665,P17010,U,context,False,False,0,0,0,0,0,0,0,0,0,0,0,0,0,0,0,0,0,0,0.5
HIF1A,ECD,Q16665,O95905,U,context,False,False,0,0,0,0,0,0,0,0,0,0,0,0,0,0,0,0,0,0,0.5
HIF1A,ZNF547,Q16665,Q8IVP9,U,context,False,False,0,0,0,0,0,0,0,0,0,0,0,0,0,0,0,0,0,0,0.5
HIF1A,SP9,Q16665,P0CG40,U,context,False,False,0,0,0,0,0,0,0,0,0,0,0,0,0,0,0,0,0,0,0.5
HIF1A,INTS11,Q16665,Q5TA45,U,context,False,False,0,0,0,0,0,0,0,0,0,0,0,0,20,22,20,22,0,0,0.5
HIF1A,NOLC1,Q16665,Q14978,U,context,False,False,0,0,0,0,0,0,0,0,0,0,0,0,26,25,26,25,0,0,0.5
HIF1A,BUD13,Q16665,Q9BRD0,U,context,False,False,0,0,0,0,0,0,0,0,23,22,23,22,0,0,0,0,1,23,0.5106382978723404
HIF1A,NAB1,Q16665,Q13506,U,context,False,False,0,0,0,0,0,0,0,0,0,0,0,0,0,0,0,0,0,0,0.5
HIF1A,SP5,Q16665,Q6BEB4,U,context,False,False,0,0,0,0,0,0,0,0,0,0,0,0,0,0,0,0,0,0,0.5
HIF1A,ZNF800,Q16665,Q2TB10,U,context,False,False,0,0,0,0,0,0,0,0,0,0,0,0,0,0,0,0,0,0,0.5
HIF1A,SPATA2,Q16665,Q9UM82,U,context,False,False,0,0,0,0,0,0,0,0,33,38,33,38,0,0,0,0,1,33,0.4657534246575342
HIF1A,CLK1,Q16665,P49759,U,context,False,False,0,0,0,0,0,0,0,0,0,0,0,0,0,0,0,0,0,0,0.5
HIF1A,HS3ST4,Q16665,Q9Y661,U,background,False,False,0,0,0,0,0,0,0,0,0,0,0,0,5,6,5,6,0,0,0.5
HIF1A,SLC22A3,Q16665,O75751,U,background,False,False,0,0,0,0,0,0,0,0,0,0,0,0,0,0,0,0,0,0,0.5
HIF1A,CPT1A,Q16665,P50416,U,background,False,False,0,0,0,0,0,0,0,0,0,0,0,0,0,0,0,0,0,0,0.5
HIF1A,MARK1,Q16665,Q9P0L2,U,background,False,False,0,0,0,0,0,0,0,0,13,17,13,17,0,0,0,0,1,13,0.4375
HIF1A,KIF18B,Q16665,Q86Y91,U,background,False,False,0,0,0,0,0,0,0,0,11,12,11,12,0,0,0,0,1,11,0.48
HIF1A,ADAMTS18,Q16665,Q8TE60,U,background,False,False,0,0,0,0,0,0,0,0,0,0,0,0,0,0,0,0,0,0,0.5
HIF1A,RNFT1,Q16665,Q5M7Z0,U,background,False,False,0,0,0,0,0,0,0,0,8,5,8,5,0,0,0,0,1,8,0.6
HIF1A,EPC2,Q16665,Q52LR7,U,background,False,False,0,0,0,0,0,0,0,0,0,0,0,0,0,0,0,0,0,0,0.5
HIF1A,SYTL3,Q16665,Q4VX76,U,background,False,False,0,0,0,0,0,0,0,0,1,2,1,2,0,0,0,0,1,1,0.4
HIF1A,XPO7,Q16665,Q9UIA9,U,background,False,False,0,0,0,0,0,0,0,0,0,0,0,0,0,0,0,0,0,0,0.5
HIF1A,LAMP1,Q16665,P11279,U,background,False,False,0,0,0,0,0,0,0,0,0,0,0,0,108,90,108,90,0,0,0.5
HIF1A,TUBA3C,Q16665,P0DPH7,U,background,False,False,0,0,0,0,0,0,0,0,0,0,0,0,0,0,0,0,0,0,0.5
HIF1A,TRPC3,Q16665,Q13507,U,background,False,False,0,0,0,0,0,0,0,0,0,0,0,0,0,0,0,0,0,0,0.5
HIF1A,ARHGEF6,Q16665,Q15052,U,background,False,False,0,0,0,0,0,0,0,0,0,0,0,0,0,0,0,0,0,0,0.5
HIF1A,INTS15,Q16665,Q96N11,U,background,False,False,0,0,0,0,0,0,0,0,0,0,0,0,0,0,0,0,0,0,0.5
HIF1A,KLHL41,Q16665,O60662,U,background,False,False,0,0,0,0,0,0,0,0,0,0,0,0,0,0,0,0,0,0,0.5
HIF1A,POM121,Q16665,Q96HA1,U,background,False,False,0,0,0,0,0,0,0,0,0,0,0,0,0,0,0,0,0,0,0.5
HIF1A,MROH9,Q16665,Q5TGP6,U,background,False,False,0,0,0,0,0,0,0,0,0,0,0,0,0,0,0,0,0,0,0.5
HIF1A,NR1H3,Q16665,Q13133,U,background,False,False,0,0,0,0,0,0,0,0,0,0,0,0,0,0,0,0,0,0,0.5
HIF1A,MAPK7,Q16665,Q13164,U,background,False,False,0,0,0,0,0,0,0,0,26,34,26,34,0,0,0,0,1,26,0.43548387096774194
HIF1A,ZNF865,Q16665,P0CJ78,U,background,False,False,0,0,0,0,0,0,0,0,0,0,0,0,0,0,0,0,0,0,0.5
HIF1A,PRRT4,Q16665,C9JH25,U,background,False,False,0,0,0,0,0,0,0,0,0,0,0,0,0,0,0,0,0,0,0.5
HIF1A,ZBED4,Q16665,O75132,U,background,False,False,0,0,0,0,0,0,0,0,6,5,6,5,0,0,0,0,1,6,0.5384615384615384
HIF1A,INPP5D,Q16665,Q92835,U,background,False,False,0,0,0,0,0,0,0,0,0,0,0,0,0,0,0,0,0,0,0.5
HIF1A,KRT6C,Q16665,P48668,U,background,False,False,0,0,0,0,0,0,0,0,0,0,0,0,0,0,0,0,0,0,0.5
HIF1A,TRHDE,Q16665,Q9UKU6,U,background,False,False,0,0,0,0,0,0,0,0,0,0,0,0,0,0,0,0,0,0,0.5
HIF1A,GCDH,Q16665,Q92947,U,background,False,False,0,0,0,0,0,0,0,0,28,28,28,28,0,0,0,0,1,28,0.5
HIF1A,GK3,Q16665,Q14409,U,background,False,False,0,0,0,0,0,0,0,0,0,0,0,0,0,0,0,0,0,0,0.5
HIF1A,SPOCD1,Q16665,Q6ZMY3,U,background,False,False,0,0,0,0,0,0,0,0,0,0,0,0,0,0,0,0,0,0,0.5
HIF1A,ERVK-10,Q16665,P87889,U,background,False,False,0,0,0,0,0,0,0,0,0,0,0,0,0,0,0,0,0,0,0.5
HIF1A,BCS1L,Q16665,Q9Y276,U,background,False,False,0,0,0,0,0,0,0,0,24,13,24,13,0,0,0,0,1,24,0.6410256410256411
HIF1A,GDF7,Q16665,Q7Z4P5,U,background,False,False,0,0,0,0,0,0,0,0,0,0,0,0,0,0,0,0,0,0,0.5
HIF1A,MDGA1,Q16665,Q8NFP4,U,background,False,False,0,0,0,0,0,0,0,0,0,0,0,0,0,1,0,1,0,0,0.5
HIF1A,ZNF44,Q16665,P15621,U,background,False,False,0,0,0,0,0,0,0,0,0,0,0,0,0,0,0,0,0,0,0.5
HIF1A,SOX10,Q16665,P56693,U,background,False,False,0,0,0,0,0,0,0,0,0,0,0,0,0,0,0,0,0,0,0.5
HIF1A,SPATA31F1,Q16665,Q6ZU69,U,background,False,False,0,0,0,0,0,0,0,0,0,0,0,0,0,0,0,0,0,0,0.5
HIF1A,DNAJC6,Q16665,O75061,U,background,False,False,0,0,0,0,0,0,0,0,0,0,0,0,0,0,0,0,0,0,0.5
HIF1A,FAM222A,Q16665,Q5U5X8,U,background,False,False,0,0,0,0,0,0,0,0,0,0,0,0,2,7,2,7,0,0,0.5
HIF1A,DNAJC7,Q16665,Q99615,U,background,False,False,0,0,0,0,0,0,0,0,104,91,104,91,0,0,0,0,1,104,0.5329949238578681
HIF1A,RTKN2,Q16665,Q8IZC4,U,background,False,False,0,0,0,0,0,0,0,0,3,5,3,5,0,0,0,0,1,3,0.4
HIF1A,GNAS,Q16665,P84996,U,background,False,False,0,0,0,0,0,0,0,0,0,0,0,0,31,23,31,23,0,0,0.5
HIF1A,TUBB2B,Q16665,Q9BVA1,U,background,False,False,0,0,0,0,0,0,0,0,0,0,0,0,0,0,0,0,0,0,0.5
HIF1A,SLC49A4,Q16665,Q96SL1,U,background,False,False,0,0,0,0,0,0,0,0,0,0,0,0,0,0,0,0,0,0,0.5
HIF1A,NLGN2,Q16665,Q8NFZ4,U,background,False,False,0,0,0,0,0,0,0,0,0,0,0,0,0,0,0,0,0,0,0.5
HIF1A,PDE7A,Q16665,Q13946,U,background,False,False,0,0,0,0,0,0,0,0,2,6,2,6,0,0,0,0,1,2,0.3
HIF1A,IRX5,Q16665,P78411,U,background,False,False,0,0,0,0,0,0,0,0,0,0,0,0,1,0,1,0,0,0,0.5
HIF1A,ARHGAP39,Q16665,Q9C0H5,U,background,False,False,0,0,0,0,0,0,0,0,3,8,3,8,0,0,0,0,1,3,0.3076923076923077
HIF1A,TERB1,Q16665,Q8NA31,U,background,False,False,0,0,0,0,0,0,0,0,0,0,0,0,0,0,0,0,0,0,0.5
HIF1A,YTHDF2,Q16665,Q9Y5A9,U,background,False,False,0,0,0,0,0,0,0,0,0,0,0,0,0,0,0,0,0,0,0.5
HIF1A,CCDC15,Q16665,Q0P6D6,U,background,False,False,0,0,0,0,0,0,0,0,5,5,5,5,0,0,0,0,1,5,0.5
HIF1A,APOL2,Q16665,Q9BQE5,U,context,False,False,0,0,0,0,0,0,0,0,0,0,0,0,0,0,0,0,0,0,0.5
HIF1A,NSFL1C,Q16665,Q9UNZ2,U,context,False,False,0,0,0,0,0,0,0,0,0,0,0,0,0,0,0,0,0,0,0.5
HIF1A,PIP4K2A,Q16665,P48426,U,context,False,False,0,0,0,0,0,0,0,0,0,0,0,0,0,0,0,0,0,0,0.5
HIF1A,DIRAS2,Q16665,Q96HU8,U,context,False,False,0,0,0,0,0,0,0,0,0,0,0,0,0,0,0,0,0,0,0.5
HIF1A,SKP2,Q16665,Q13309,U,context,False,False,0,0,0,0,0,0,0,0,0,0,0,0,51,44,51,44,0,0,0.5
HIF1A,ASB1,Q16665,Q9Y576,U,context,False,False,0,0,0,0,0,0,0,0,7,9,7,9,0,0,0,0,1,7,0.4444444444444444
HIF1A,ARPC5,Q16665,O15511,U,context,False,False,0,0,0,0,0,0,0,0,0,0,0,0,0,0,0,0,0,0,0.5
HIF1A,PANK3,Q16665,Q9H999,U,context,False,False,0,0,0,0,0,0,0,0,0,0,0,0,0,0,0,0,0,0,0.5
HIF1A,ZFAND5,Q16665,O76080,U,context,False,False,0,0,0,0,0,0,0,0,0,0,0,0,6,6,6,6,0,0,0.5
HIF1A,SIVA1,Q16665,O15304,U,context,False,False,0,0,0,0,0,0,0,0,0,0,0,0,0,0,0,0,0,0,0.5
HIF1A,ENOPH1,Q16665,Q9UHY7,U,context,False,False,0,0,0,0,0,0,0,0,0,0,0,0,6,4,6,4,0,0,0.5
HIF1A,NUDT11,Q16665,Q96G61,U,context,False,False,0,0,0,0,0,0,0,0,0,0,0,0,0,0,0,0,0,0,0.5
HIF1A,SMYD5,Q16665,Q6GMV2,U,context,False,False,0,0,0,0,0,0,0,0,0,0,0,0,0,0,0,0,0,0,0.5
HIF1A,TYMS,Q16665,P04818,U,context,False,False,0,0,0,0,0,0,0,0,0,0,0,0,9,11,9,11,0,0,0.5
HIF1A,CD5L,Q16665,O43866,U,context,False,False,0,0,0,0,0,0,0,0,0,0,0,0,0,0,0,0,0,0,0.5
HIF1A,ACOT7,Q16665,O00154,U,context,False,False,0,0,0,0,0,0,0,0,26,29,26,29,0,0,0,0,1,26,0.47368421052631576
HIF1A,TIPIN,Q16665,Q9BVW5,U,context,False,False,0,0,0,0,0,0,0,0,0,0,0,0,0,0,0,0,0,0,0.5
HIF1A,RAN,Q16665,P62826,U,context,False,False,0,0,0,0,0,0,0,0,117,116,117,116,0,0,0,0,1,117,0.502127659574468
HIF1A,STAP1,Q16665,Q9ULZ2,U,context,False,False,0,0,0,0,0,0,0,0,14,16,14,16,0,0,0,0,1,14,0.46875
HIF1A,ADA,Q16665,P00813,U,context,False,False,0,0,0,0,0,0,0,0,0,0,0,0,0,0,0,0,0,0,0.5
HIF1A,SPMIP6,Q16665,Q8NCR6,U,context,False,False,0,0,0,0,0,0,0,0,0,0,0,0,0,0,0,0,0,0,0.5
HIF1A,POU4F3,Q16665,Q15319,U,context,False,False,0,0,0,0,0,0,0,0,0,0,0,0,0,0,0,0,0,0,0.5
HIF1A,LANCL1,Q16665,O43813,U,context,False,False,0,0,0,0,0,0,0,0,0,0,0,0,0,0,0,0,0,0,0.5
HIF1A,ACTL7B,Q16665,Q9Y614,U,context,False,False,0,0,0,0,0,0,0,0,0,0,0,0,0,0,0,0,0,0,0.5
HIF1A,TMOD4,Q16665,Q9NZQ9,U,context,False,False,0,0,0,0,0,0,0,0,0,0,0,0,4,2,4,2,0,0,0.5
HIF1A,APOBEC3C,Q16665,Q9NRW3,U,context,False,False,0,0,0,0,0,0,0,0,0,0,0,0,0,0,0,0,0,0,0.5
HIF1A,KIAA1191,Q16665,Q96A73,U,context,False,False,0,0,0,0,0,0,0,0,0,0,0,0,12,17,12,17,0,0,0.5
HIF1A,DUSP6,Q16665,Q16828,U,context,False,False,0,0,0,0,0,0,0,0,0,0,0,0,0,0,0,0,0,0,0.5
HIF1A,STOML2,Q16665,Q9UJZ1,U,context,False,False,0,0,0,0,0,0,0,0,69,64,69,64,0,0,0,0,1,69,0.5185185185185185
HIF1A,SH3BGRL,Q16665,O75368,U,context,False,False,0,0,0,0,0,0,0,0,0,0,0,0,0,0,0,0,0,0,0.5
HIF1A,NME3,Q16665,Q13232,U,context,False,False,0,0,0,0,0,0,0,0,0,0,0,0,0,0,0,0,0,0,0.5
HIF1A,PARD6G,Q16665,Q9BYG4,U,context,False,False,0,0,0,0,0,0,0,0,11,13,11,13,0,0,0,0,1,11,0.46153846153846156
HIF1A,PIDD1,Q16665,C0HMD6,U,context,False,False,0,0,0,0,0,0,0,0,0,0,0,0,0,0,0,0,0,0,0.5
HIF1A,FGF1,Q16665,P05230,U,context,False,False,0,0,0,0,0,0,0,0,0,0,0,0,0,0,0,0,0,0,0.5
HIF1A,SNX24,Q16665,Q9Y343,U,context,False,False,0,0,0,0,0,0,0,0,0,0,0,0,0,0,0,0,0,0,0.5
HIF1A,USP12,Q16665,O75317,U,context,False,False,0,0,0,0,0,0,0,0,0,0,0,0,14,22,14,22,0,0,0.5
HIF1A,YAE1,Q16665,Q9NRH1,U,context,False,False,0,0,0,0,0,0,0,0,0,0,0,0,0,0,0,0,0,0,0.5
HIF1A,SOHLH2,Q16665,Q9NX45,U,context,False,False,0,0,0,0,0,0,0,0,0,0,0,0,0,0,0,0,0,0,0.5
HIF1A,EEF1AKMT3,Q16665,Q96AZ1,U,context,False,False,0,0,0,0,0,0,0,0,0,0,0,0,0,0,0,0,0,0,0.5
HIF1A,CITED4,Q16665,Q96RK1,U,context,False,False,0,0,0,0,0,0,0,0,0,0,0,0,0,0,0,0,0,0,0.5
HIF1A,PHLDA2,Q16665,Q53GA4,U,context,False,False,0,0,0,0,0,0,0,0,2,2,2,2,0,0,0,0,1,2,0.5
HIF1A,ATG10,Q16665,Q9H0Y0,U,context,False,False,0,0,0,0,0,0,0,0,7,9,7,9,0,0,0,0,1,7,0.4444444444444444
HIF1A,ZC3H15,Q16665,Q8WU90,U,context,False,False,0,0,0,0,0,0,0,0,30,23,30,23,0,0,0,0,1,30,0.5636363636363636
HIF1A,SH3GL3,Q16665,Q99963,U,context,False,False,0,0,0,0,0,0,0,0,0,0,0,0,0,0,0,0,0,0,0.5
HIF1A,JMJD6,Q16665,Q6NYC1,U,context,False,False,0,0,0,0,0,0,0,0,0,0,0,0,28,18,28,18,0,0,0.5
HIF1A,HYPK,Q16665,Q9NX55,U,context,False,False,0,0,0,0,0,0,0,0,21,22,21,22,0,0,0,0,1,21,0.4888888888888889
HIF1A,ATP6V0D1,Q16665,P61421,U,context,False,False,0,0,0,0,0,0,0,0,45,52,45,52,0,0,0,0,1,45,0.46464646464646464
HIF1A,SHARPIN,Q16665,Q9H0F6,U,context,False,False,0,0,0,0,0,0,0,0,0,0,0,0,30,32,30,32,0,0,0.5
HIF1A,RGS17,Q16665,Q9UGC6,U,context,False,False,0,0,0,0,0,0,0,0,0,0,0,0,0,0,0,0,0,0,0.5
HIF1A,MSI2,Q16665,Q96DH6,U,context,False,False,0,0,0,0,0,0,0,0,0,0,0,0,0,0,0,0,0,0,0.5
HIF1A,LINC01559,Q16665,Q495D7,U,background,False,False,0,0,0,0,0,0,0,0,0,0,0,0,0,0,0,0,0,0,0.5
HIF1A,RASSF6,Q16665,Q6ZTQ3,U,background,False,False,0,0,0,0,0,0,0,0,5,7,5,7,0,0,0,0,1,5,0.42857142857142855
HIF1A,HMBOX1,Q16665,Q6NT76,U,background,False,False,0,0,0,0,0,0,0,0,0,0,0,0,23,19,23,19,0,0,0.5
HIF1A,WFDC6,Q16665,Q9BQY6,U,background,False,False,0,0,0,0,0,0,0,0,0,0,0,0,0,0,0,0,0,0,0.5
HIF1A,EMC7,Q16665,Q9NPA0,U,background,False,False,0,0,0,0,0,0,0,0,0,0,0,0,28,23,28,23,0,0,0.5
HIF1A,GSG1L,Q16665,Q6UXU4,U,background,False,False,0,0,0,0,0,0,0,0,0,0,0,0,0,0,0,0,0,0,0.5
HIF1A,TAF13,Q16665,Q15543,U,background,False,False,0,0,0,0,0,0,0,0,0,0,0,0,8,8,8,8,0,0,0.5
HIF1A,PIGM,Q16665,Q9H3S5,U,background,False,False,0,0,0,0,0,0,0,0,0,0,0,0,0,0,0,0,0,0,0.5
HIF1A,C2CD4B,Q16665,A6NLJ0,U,background,False,False,0,0,0,0,0,0,0,0,0,0,0,0,0,0,0,0,0,0,0.5
HIF1A,IFNK,Q16665,Q9P0W0,U,background,False,False,0,0,0,0,0,0,0,0,0,0,0,0,0,0,0,0,0,0,0.5
HIF1A,CCDC134,Q16665,Q9H6E4,U,background,False,False,0,0,0,0,0,0,0,0,7,2,7,2,0,0,0,0,1,7,0.7272727272727273
HIF1A,IGLV3-21,Q16665,P80748,U,background,False,False,0,0,0,0,0,0,0,0,0,0,0,0,0,0,0,0,0,0,0.5
HIF1A,MMGT1,Q16665,Q8N4V1,U,background,False,False,0,0,0,0,0,0,0,0,0,0,0,0,0,0,0,0,0,0,0.5
HIF1A,PSMB1,Q16665,P20618,U,background,False,False,0,0,0,0,0,0,0,0,98,85,98,85,0,0,0,0,1,98,0.5351351351351351
HIF1A,CST8,Q16665,O60676,U,background,False,False,0,0,0,0,0,0,0,0,0,0,0,0,0,0,0,0,0,0,0.5
HIF1A,ADPRHL1,Q16665,Q8NDY3,U,background,False,False,0,0,0,0,0,0,0,0,0,0,0,0,0,0,0,0,0,0,0.5
HIF1A,CYS1,Q16665,Q717R9,U,background,False,False,0,0,0,0,0,0,0,0,0,0,0,0,0,0,0,0,0,0,0.5
HIF1A,HNRNPA3,Q16665,P51991,U,background,False,False,0,0,0,0,0,0,0,0,91,89,91,89,0,0,0,0,1,91,0.5054945054945055
HIF1A,HOXB9,Q16665,P17482,U,background,False,False,0,0,0,0,0,0,0,0,0,0,0,0,0,0,0,0,0,0,0.5
HIF1A,WIF1,Q16665,Q9Y5W5,U,background,False,False,0,0,0,0,0,0,0,0,0,0,0,0,26,23,26,23,0,0,0.5
HIF1A,AP3M2,Q16665,P53677,U,background,False,False,0,0,0,0,0,0,0,0,0,0,0,0,0,0,0,0,0,0,0.5
HIF1A,CERS2,Q16665,Q96G23,U,background,False,False,0,0,0,0,0,0,0,0,0,0,0,0,0,0,0,0,0,0,0.5
HIF1A,SPRR3,Q16665,Q9UBC9,U,background,False,False,0,0,0,0,0,0,0,0,0,0,0,0,0,0,0,0,0,0,0.5
HIF1A,TEFM,Q16665,Q96QE5,U,background,False,False,0,0,0,0,0,0,0,0,0,0,0,0,68,62,68,62,0,0,0.5
HIF1A,XAGE5,Q16665,Q8WWM1,U,background,False,False,0,0,0,0,0,0,0,0,0,0,0,0,0,0,0,0,0,0,0.5
HIF1A,MAGEB10,Q16665,Q96LZ2,U,background,False,False,0,0,0,0,0,0,0,0,0,0,0,0,0,0,0,0,0,0,0.5
HIF1A,PRR4,Q16665,Q16378,U,background,False,False,0,0,0,0,0,0,0,0,0,0,0,0,14,18,14,18,0,0,0.5
HIF1A,H2BC14,Q16665,Q99879,U,background,False,False,0,0,0,0,0,0,0,0,0,0,0,0,0,0,0,0,0,0,0.5
HIF1A,NANOS2,Q16665,P60321,U,background,False,False,0,0,0,0,0,0,0,0,0,0,0,0,0,0,0,0,0,0,0.5
HIF1A,YIPF2,Q16665,Q9BWQ6,U,background,False,False,0,0,0,0,0,0,0,0,0,0,0,0,0,0,0,0,0,0,0.5
HIF1A,RASSF5,Q16665,Q8WWW0,U,background,False,False,0,0,0,0,0,0,0,0,17,33,17,33,0,0,0,0,1,17,0.34615384615384615
HIF1A,LPAR5,Q16665,Q9H1C0,U,background,False,False,0,0,0,0,0,0,0,0,0,0,0,0,0,0,0,0,0,0,0.5
HIF1A,ZNF821,Q16665,O75541,U,background,False,False,0,0,0,0,0,0,0,0,0,0,0,0,0,0,0,0,0,0,0.5
HIF1A,TLDC2,Q16665,A0PJX2,U,background,False,False,0,0,0,0,0,0,0,0,0,0,0,0,0,0,0,0,0,0,0.5
HIF1A,PRSS38,Q16665,A1L453,U,background,False,False,0,0,0,0,0,0,0,0,0,0,0,0,0,0,0,0,0,0,0.5
HIF1A,LRRC61,Q16665,Q9BV99,U,background,False,False,0,0,0,0,0,0,0,0,0,0,0,0,10,7,10,7,0,0,0.5
HIF1A,HSD17B11,Q16665,Q8NBQ5,U,background,False,False,0,0,0,0,0,0,0,0,0,0,0,0,0,0,0,0,0,0,0.5
HIF1A,EIF4E1B,Q16665,A6NMX2,U,background,False,False,0,0,0,0,0,0,0,0,0,2,0,2,0,0,0,0,1,0,0.25
HIF1A,TIMM50,Q16665,Q3ZCQ8,U,background,False,False,0,0,0,0,0,0,0,0,0,0,0,0,24,29,24,29,0,0,0.5
HIF1A,MTCH2,Q16665,Q9Y6C9,U,background,False,False,0,0,0,0,0,0,0,0,0,0,0,0,0,0,0,0,0,0,0.5
HIF1A,TMIGD3,Q16665,P0DMS9,U,background,False,False,0,0,0,0,0,0,0,0,0,0,0,0,0,0,0,0,0,0,0.5
HIF1A,UBE2S,Q16665,Q16763,U,background,False,False,0,0,0,0,0,0,0,0,0,0,0,0,0,0,0,0,0,0,0.5
HIF1A,FNDC8,Q16665,Q8TC99,U,background,False,False,0,0,0,0,0,0,0,0,0,0,0,0,4,5,4,5,0,0,0.5
HIF1A,IGLV3-25,Q16665,P01717,U,background,False,False,0,0,0,0,0,0,0,0,0,0,0,0,0,0,0,0,0,0,0.5
HIF1A,FCGR3A,Q16665,P08637,U,background,False,False,0,0,0,0,0,0,0,0,0,0,0,0,0,0,0,0,0,0,0.5
HIF1A,IL36B,Q16665,Q9NZH7,U,background,False,False,0,0,0,0,0,0,0,0,0,0,0,0,0,0,0,0,0,0,0.5
HIF1A,GPR55,Q16665,Q9Y2T6,U,background,False,False,0,0,0,0,0,0,0,0,0,0,0,0,0,0,0,0,0,0,0.5
HIF1A,FGF20,Q16665,Q9NP95,U,background,False,False,0,0,0,0,0,0,0,0,0,0,0,0,1,0,1,0,0,0,0.5
HIF1A,DUSP21,Q16665,Q9H596,U,background,False,False,0,0,0,0,0,0,0,0,0,0,0,0,0,0,0,0,0,0,0.5
HIF1A,CENPK,Q16665,Q9BS16,U,background,False,False,0,0,0,0,0,0,0,0,11,10,11,10,0,0,0,0,1,11,0.5217391304347826
HIF1A,STK36,Q16665,Q9NRP7,U,context,False,False,0,0,0,0,0,0,0,0,12,11,12,11,0,0,0,0,1,12,0.52
HIF1A,BRCA2,Q16665,P51587,U,context,False,False,0,0,0,0,0,0,0,0,0,0,0,0,0,0,0,0,0,0,0.5
HIF1A,ATR,Q16665,Q13535,U,context,False,False,0,0,0,0,0,0,0,0,0,0,0,0,0,0,0,0,0,0,0.5
HIF1A,TEX15,Q16665,Q9BXT5,U,context,False,False,0,0,0,0,0,0,0,0,0,0,0,0,0,0,0,0,0,0,0.5
HIF1A,ATAD2,Q16665,Q6PL18,U,context,False,False,0,0,0,0,0,0,0,0,0,0,0,0,0,0,0,0,0,0,0.5
HIF1A,ACIN1,Q16665,Q9UKV3,U,context,False,False,0,0,0,0,0,0,0,0,73,78,73,78,0,0,0,0,1,73,0.48366013071895425
HIF1A,DCAF1,Q16665,Q9Y4B6,U,context,False,False,0,0,0,0,0,0,0,0,0,0,0,0,0,0,0,0,0,0,0.5
HIF1A,KIF4A,Q16665,O95239,U,context,False,False,0,0,0,0,0,0,0,0,0,0,0,0,0,0,0,0,0,0,0.5
HIF1A,TTBK2,Q16665,Q6IQ55,U,context,False,False,0,0,0,0,0,0,0,0,9,13,9,13,0,0,0,0,1,9,0.4166666666666667
HIF1A,HCFC1,Q16665,P51610,U,context,False,False,0,0,0,0,0,0,0,0,0,0,0,0,0,0,0,0,0,0,0.5
HIF1A,ANKRD31,Q16665,Q8N7Z5,U,context,False,False,0,0,0,0,0,0,0,0,0,0,0,0,0,0,0,0,0,0,0.5
HIF1A,SUPT6H,Q16665,Q7KZ85,U,context,False,False,0,0,0,0,0,0,0,0,0,0,0,0,0,0,0,0,0,0,0.5
HIF1A,DNMT1,Q16665,P26358,U,context,False,False,0,0,0,0,0,0,0,0,0,0,0,0,0,0,0,0,0,0,0.5
HIF1A,PTPN13,Q16665,Q12923,U,context,False,False,0,0,0,0,0,0,0,0,0,0,0,0,0,0,0,0,0,0,0.5
HIF1A,ZFHX3,Q16665,Q15911,U,context,False,False,0,0,0,0,0,0,0,0,0,0,0,0,0,0,0,0,0,0,0.5
HIF1A,KNTC1,Q16665,P50748,U,context,False,False,0,0,0,0,0,0,0,0,0,0,0,0,0,0,0,0,0,0,0.5
HIF1A,NAV3,Q16665,Q8IVL0,U,context,False,False,0,0,0,0,0,0,0,0,0,0,0,0,0,0,0,0,0,0,0.5
HIF1A,ZMYM2,Q16665,Q9UBW7,U,context,False,False,0,0,0,0,0,0,0,0,0,0,0,0,0,0,0,0,0,0,0.5
HIF1A,CHD8,Q16665,Q9HCK8,U,context,False,False,0,0,0,0,0,0,0,0,0,0,0,0,0,0,0,0,0,0,0.5
HIF1A,CPSF1,Q16665,Q10570,U,context,False,False,0,0,0,0,0,0,0,0,0,0,0,0,19,13,19,13,0,0,0.5
HIF1A,KDM5A,Q16665,P29375,U,context,False,False,0,0,0,0,0,0,0,0,0,0,0,0,0,0,0,0,0,0,0.5
HIF1A,YLPM1,Q16665,P49750,U,context,False,False,0,0,0,0,0,0,0,0,0,0,0,0,0,0,0,0,0,0,0.5
HIF1A,KDM5C,Q16665,P41229,U,context,False,False,0,0,0,0,0,0,0,0,0,0,0,0,0,0,0,0,0,0,0.5
HIF1A,KDM3A,Q16665,Q9Y4C1,U,context,False,False,0,0,0,0,0,0,0,0,16,17,16,17,0,0,0,0,1,16,0.4857142857142857
HIF1A,PER1,Q16665,O15534,U,context,False,False,0,0,0,0,0,0,0,0,0,0,0,0,0,0,0,0,0,0,0.5
HIF1A,ASXL1,Q16665,Q8IXJ9,U,context,False,False,0,0,0,0,0,0,0,0,0,0,0,0,0,0,0,0,0,0,0.5
HIF1A,TCOF1,Q16665,Q13428,U,context,False,False,0,0,0,0,0,0,0,0,0,0,0,0,0,0,0,0,0,0,0.5
HIF1A,TICRR,Q16665,Q7Z2Z1,U,context,False,False,0,0,0,0,0,0,0,0,0,0,0,0,0,0,0,0,0,0,0.5
HIF1A,ZFHX4,Q16665,Q86UP3,U,context,False,False,0,0,0,0,0,0,0,0,0,0,0,0,0,0,0,0,0,0,0.5
HIF1A,BRPF1,Q16665,P55201,U,context,False,False,0,0,0,0,0,0,0,0,0,0,0,0,0,0,0,0,0,0,0.5
HIF1A,ZNF532,Q16665,Q9HCE3,U,context,False,False,0,0,0,0,0,0,0,0,0,0,0,0,0,0,0,0,0,0,0.5
HIF1A,DHX9,Q16665,Q08211,U,context,False,False,0,0,0,0,0,0,0,0,0,0,0,0,0,0,0,0,0,0,0.5
HIF1A,NEK1,Q16665,Q96PY6,U,context,False,False,0,0,0,0,0,0,0,0,10,15,10,15,0,0,0,0,1,10,0.4074074074074074
HIF1A,DOT1L,Q16665,Q8TEK3,U,context,False,False,0,0,0,0,0,0,0,0,0,0,0,0,0,0,0,0,0,0,0.5
HIF1A,MYCBP2,Q16665,O75592,U,context,False,False,0,0,0,0,0,0,0,0,0,0,0,0,0,0,0,0,0,0,0.5
HIF1A,TRIP12,Q16665,Q14669,U,context,False,False,0,0,0,0,0,0,0,0,0,0,0,0,0,0,0,0,0,0,0.5
HIF1A,MKI67,Q16665,P46013,U,context,False,False,0,0,0,0,0,0,0,0,0,0,0,0,0,0,0,0,0,0,0.5
HIF1A,ANKRD11,Q16665,Q6UB99,U,context,False,False,0,0,0,0,0,0,0,0,0,0,0,0,0,0,0,0,0,0,0.5
HIF1A,CNOT1,Q16665,A5YKK6,U,context,False,False,0,0,0,0,0,0,0,0,0,0,0,0,0,0,0,0,0,0,0.5
HIF1A,CAND1,Q16665,Q86VP6,U,context,False,False,0,0,0,0,0,0,0,0,0,0,0,0,0,0,0,0,0,0,0.5
HIF1A,AGTPBP1,Q16665,Q9UPW5,U,context,False,False,0,0,0,0,0,0,0,0,0,0,0,0,0,0,0,0,0,0,0.5
HIF1A,TRPS1,Q16665,Q9UHF7,U,context,False,False,0,0,0,0,0,0,0,0,0,0,0,0,0,0,0,0,0,0,0.5
HIF1A,PDS5B,Q16665,Q9NTI5,U,context,False,False,0,0,0,0,0,0,0,0,28,37,28,37,0,0,0,0,1,28,0.43283582089552236
HIF1A,HTT,Q16665,P42858,U,context,False,False,0,0,0,0,0,0,0,0,0,0,0,0,0,0,0,0,0,0,0.5
HIF1A,GLI3,Q16665,P10071,U,context,False,False,0,0,0,0,0,0,0,0,0,0,0,0,0,0,0,0,0,0,0.5
HIF1A,JARID2,Q16665,Q92833,U,context,False,False,0,0,0,0,0,0,0,0,0,0,0,0,0,0,0,0,0,0,0.5
HIF1A,NUP98,Q16665,P52948,U,context,False,False,0,0,0,0,0,0,0,0,0,0,0,0,0,0,0,0,0,0,0.5
HIF1A,SLX4,Q16665,Q8IY92,U,context,False,False,0,0,0,0,0,0,0,0,0,0,0,0,0,0,0,0,0,0,0.5
HIF1A,CYFIP2,Q16665,Q96F07,U,context,False,False,0,0,0,0,0,0,0,0,37,47,37,47,0,0,0,0,1,37,0.4418604651162791
HIF1A,ZNF335,Q16665,Q9H4Z2,U,context,False,False,0,0,0,0,0,0,0,0,0,0,0,0,0,0,0,0,0,0,0.5
HIF1A,FAM193A,Q16665,P78312,U,background,False,False,0,0,0,0,0,0,0,0,0,0,0,0,0,0,0,0,0,0,0.5
HIF1A,KIF13A,Q16665,Q9H1H9,U,background,False,False,0,0,0,0,0,0,0,0,0,0,0,0,0,0,0,0,0,0,0.5
HIF1A,COL18A1,Q16665,P39060,U,background,False,False,0,0,0,0,0,0,0,0,0,0,0,0,0,0,0,0,0,0,0.5
HIF1A,COL17A1,Q16665,Q9UMD9,U,background,False,False,0,0,0,0,0,0,0,0,0,0,0,0,5,11,5,11,0,0,0.5
HIF1A,NOTCH2,Q16665,Q04721,U,background,False,False,0,0,0,0,0,0,0,0,0,0,0,0,0,0,0,0,0,0,0.5
HIF1A,MYH9,Q16665,P35579,U,background,False,False,0,0,0,0,0,0,0,0,0,0,0,0,0,0,0,0,0,0,0.5
HIF1A,FREM3,Q16665,P0C091,U,background,False,False,0,0,0,0,0,0,0,0,0,0,0,0,0,0,0,0,0,0,0.5
HIF1A,PFAS,Q16665,O15067,U,background,False,False,0,0,0,0,0,0,0,0,40,34,40,34,0,0,0,0,1,40,0.5394736842105263
HIF1A,NBPF26,Q16665,B4DH59,U,background,False,False,0,0,0,0,0,0,0,0,0,0,0,0,0,0,0,0,0,0,0.5
HIF1A,APC2,Q16665,O95996,U,background,False,False,0,0,0,0,0,0,0,0,0,0,0,0,0,0,0,0,0,0,0.5
HIF1A,CFAP47,Q16665,Q6ZTR5,U,background,False,False,0,0,0,0,0,0,0,0,0,0,0,0,0,0,0,0,0,0,0.5
HIF1A,DICER1,Q16665,Q9UPY3,U,background,False,False,0,0,0,0,0,0,0,0,0,0,0,0,0,0,0,0,0,0,0.5
HIF1A,TNS2,Q16665,Q63HR2,U,background,False,False,0,0,0,0,0,0,0,0,0,0,0,0,0,0,0,0,0,0,0.5
HIF1A,COL7A1,Q16665,Q02388,U,background,False,False,0,0,0,0,0,0,0,0,0,0,0,0,0,0,0,0,0,0,0.5
HIF1A,CHL1,Q16665,O00533,U,background,False,False,0,0,0,0,0,0,0,0,0,0,0,0,0,0,0,0,0,0,0.5
HIF1A,ARAP3,Q16665,Q8WWN8,U,background,False,False,0,0,0,0,0,0,0,0,0,0,0,0,0,0,0,0,0,0,0.5
HIF1A,ACACB,Q16665,O00763,U,background,False,False,0,0,0,0,0,0,0,0,0,0,0,0,0,0,0,0,0,0,0.5
HIF1A,PLXNB1,Q16665,O43157,U,background,False,False,0,0,0,0,0,0,0,0,0,0,0,0,0,0,0,0,0,0,0.5
HIF1A,SCN1A,Q16665,P35498,U,background,False,False,0,0,0,0,0,0,0,0,0,0,0,0,0,0,0,0,0,0,0.5
HIF1A,CRYBG2,Q16665,Q8N1P7,U,background,False,False,0,0,0,0,0,0,0,0,0,0,0,0,0,0,0,0,0,0,0.5
HIF1A,MYO7B,Q16665,Q6PIF6,U,background,False,False,0,0,0,0,0,0,0,0,0,0,0,0,0,0,0,0,0,0,0.5
HIF1A,ARHGEF11,Q16665,O15085,U,background,False,False,0,0,0,0,0,0,0,0,0,0,0,0,0,0,0,0,0,0,0.5
HIF1A,DSP,Q16665,P15924,U,background,False,False,0,0,0,0,0,0,0,0,0,0,0,0,0,0,0,0,0,0,0.5
HIF1A,PCF11,Q16665,O94913,U,background,False,False,0,0,0,0,0,0,0,0,0,0,0,0,0,0,0,0,0,0,0.5
HIF1A,KDM6A,Q16665,O15550,U,background,False,False,0,0,0,0,0,0,0,0,24,30,24,30,0,0,0,0,1,24,0.44642857142857145
HIF1A,ANKRD36B,Q16665,Q8N2N9,U,background,False,False,0,0,0,0,0,0,0,0,0,0,0,0,0,0,0,0,0,0,0.5
HIF1A,DOCK9,Q16665,Q9BZ29,U,background,False,False,0,0,0,0,0,0,0,0,0,0,0,0,0,0,0,0,0,0,0.5
HIF1A,CSMD3,Q16665,Q7Z407,U,background,False,False,0,0,0,0,0,0,0,0,0,0,0,0,0,0,0,0,0,0,0.5
HIF1A,KIF27,Q16665,Q86VH2,U,background,False,False,0,0,0,0,0,0,0,0,4,6,4,6,0,0,0,0,1,4,0.4166666666666667
HIF1A,ASCC3,Q16665,Q8N3C0,U,background,False,False,0,0,0,0,0,0,0,0,0,0,0,0,0,0,0,0,0,0,0.5
HIF1A,LRP4,Q16665,O75096,U,background,False,False,0,0,0,0,0,0,0,0,0,0,0,0,0,0,0,0,0,0,0.5
HIF1A,TOP2A,Q16665,P11388,U,background,False,False,0,0,0,0,0,0,0,0,0,0,0,0,0,0,0,0,0,0,0.5
HIF1A,USP6,Q16665,P35125,U,background,False,False,0,0,0,0,0,0,0,0,0,0,0,0,0,0,0,0,0,0,0.5
HIF1A,KIAA0232,Q16665,Q92628,U,background,False,False,0,0,0,0,0,0,0,0,0,0,0,0,14,11,14,11,0,0,0.5
HIF1A,PCDH15,Q16665,Q96QU1,U,background,False,False,0,0,0,0,0,0,0,0,0,0,0,0,0,0,0,0,0,0,0.5
HIF1A,MICAL2,Q16665,O94851,U,background,False,False,0,0,0,0,0,0,0,0,0,0,0,0,0,0,0,0,0,0,0.5
HIF1A,CUBN,Q16665,O60494,U,background,False,False,0,0,0,0,0,0,0,0,0,0,0,0,0,0,0,0,0,0,0.5
HIF1A,WRN,Q16665,Q14191,U,background,False,False,0,0,0,0,0,0,0,0,0,0,0,0,0,0,0,0,0,0,0.5
HIF1A,CARMIL1,Q16665,Q5VZK9,U,background,False,False,0,0,0,0,0,0,0,0,0,0,0,0,0,0,0,0,0,0,0.5
HIF1A,GREB1,Q16665,Q4ZG55,U,background,False,False,0,0,0,0,0,0,0,0,0,0,0,0,0,0,0,0,0,0,0.5
HIF1A,KIF16B,Q16665,Q96L93,U,background,False,False,0,0,0,0,0,0,0,0,13,19,13,19,0,0,0,0,1,13,0.4117647058823529
HIF1A,DOCK8,Q16665,Q8NF50,U,background,False,False,0,0,0,0,0,0,0,0,0,0,0,0,0,0,0,0,0,0,0.5
HIF1A,MAST1,Q16665,Q9Y2H9,U,background,False,False,0,0,0,0,0,0,0,0,0,0,0,0,0,0,0,0,0,0,0.5
HIF1A,CNTNAP5,Q16665,Q8WYK1,U,background,False,False,0,0,0,0,0,0,0,0,0,0,0,0,0,0,0,0,0,0,0.5
HIF1A,POGZ,Q16665,Q7Z3K3,U,background,False,False,0,0,0,0,0,0,0,0,0,0,0,0,0,0,0,0,0,0,0.5
HIF1A,MLH3,Q16665,Q9UHC1,U,background,False,False,0,0,0,0,0,0,0,0,0,0,0,0,10,14,10,14,0,0,0.5
HIF1A,CHD7,Q16665,Q9P2D1,U,background,False,False,0,0,0,0,0,0,0,0,0,0,0,0,0,0,0,0,0,0,0.5
HIF1A,ADGRB2,Q16665,O60241,U,background,False,False,0,0,0,0,0,0,0,0,0,0,0,0,0,0,0,0,0,0,0.5
HIF1A,ZFC3H1,Q16665,O60293,U,background,False,False,0,0,0,0,0,0,0,0,0,0,0,0,0,0,0,0,0,0,0.5
HIF1A,NEURL4,Q16665,Q96JN8,U,background,False,False,0,0,0,0,0,0,0,0,0,0,0,0,0,0,0,0,0,0,0.5
HIF1A,MASP2,Q16665,O00187,U,low_plausibility,False,False,0,0,0,0,0,0,0,0,0,0,0,0,0,0,0,0,0,0,0.5
HIF1A,TIMM44,Q16665,O43615,U,low_plausibility,False,False,0,0,0,0,0,0,0,0,0,0,0,0,0,0,0,0,0,0,0.5
HIF1A,PLOD3,Q16665,O60568,U,low_plausibility,False,False,0,0,0,0,0,0,0,0,0,0,0,0,35,49,35,49,0,0,0.5
HIF1A,PTCD1,Q16665,O75127,U,low_plausibility,False,False,0,0,0,0,0,0,0,0,38,23,38,23,0,0,0,0,1,38,0.6190476190476191
HIF1A,PMPCB,Q16665,O75439,U,low_plausibility,False,False,0,0,0,0,0,0,0,0,0,0,0,0,98,93,98,93,0,0,0.5
HIF1A,C1R,Q16665,P00736,U,low_plausibility,False,False,0,0,0,0,0,0,0,0,0,0,0,0,5,6,5,6,0,0,0.5
HIF1A,PLG,Q16665,P00747,U,low_plausibility,False,False,0,0,0,0,0,0,0,0,0,0,0,0,0,0,0,0,0,0,0.5
HIF1A,FGB,Q16665,P02675,U,low_plausibility,False,False,0,0,0,0,0,0,0,0,0,0,0,0,48,55,48,55,0,0,0.5
HIF1A,VTN,Q16665,P04004,U,low_plausibility,False,False,0,0,0,0,0,0,0,0,0,0,0,0,51,45,51,45,0,0,0.5
HIF1A,CHGB,Q16665,P05060,U,low_plausibility,False,False,0,0,0,0,0,0,0,0,0,0,0,0,10,8,10,8,0,0,0.5
HIF1A,PCCA,Q16665,P05165,U,low_plausibility,False,False,0,0,0,0,0,0,0,0,30,23,30,23,0,0,0,0,1,30,0.5636363636363636
HIF1A,C2,Q16665,P06681,U,low_plausibility,False,False,0,0,0,0,0,0,0,0,0,0,0,0,0,0,0,0,0,0,0.5
HIF1A,ACAA1,Q16665,P09110,U,low_plausibility,False,False,0,0,0,0,0,0,0,0,0,0,0,0,10,8,10,8,0,0,0.5
HIF1A,PC,Q16665,P11498,U,low_plausibility,False,False,0,0,0,0,0,0,0,0,38,45,38,45,0,0,0,0,1,38,0.4588235294117647
HIF1A,PDIA4,Q16665,P13667,U,low_plausibility,False,False,0,0,0,0,0,0,0,0,0,0,0,0,0,0,0,0,0,0,0.5
HIF1A,HSP90B1,Q16665,P14625,U,low_plausibility,False,False,0,0,0,0,0,0,0,0,0,0,0,0,77,74,77,74,0,0,0.5
HIF1A,CEL,Q16665,P19835,U,low_plausibility,False,False,0,0,0,0,0,0,0,0,0,0,0,0,3,1,3,1,0,0,0.5
HIF1A,ME2,Q16665,P23368,U,low_plausibility,False,False,0,0,0,0,0,0,0,0,0,0,0,0,0,0,0,0,0,0,0.5
HIF1A,PDIA3,Q16665,P30101,U,low_plausibility,False,False,0,0,0,0,0,0,0,0,0,0,0,0,0,0,0,0,0,0,0.5
HIF1A,GLUD2,Q16665,P49448,U,low_plausibility,False,False,0,0,0,0,0,0,0,0,0,0,0,0,0,0,0,0,0,0,0.5
HIF1A,COMP,Q16665,P49747,U,low_plausibility,False,False,0,0,0,0,0,0,0,0,0,0,0,0,0,0,0,0,0,0,0.5
HIF1A,ALDH18A1,Q16665,P54886,U,low_plausibility,False,False,0,0,0,0,0,0,0,0,0,0,0,0,0,0,0,0,0,0,0.5
HIF1A,GPLD1,Q16665,P80108,U,low_plausibility,False,False,0,0,0,0,0,0,0,0,0,0,0,0,2,0,2,0,0,0,0.5
HIF1A,PMPCA,Q16665,Q10713,U,low_plausibility,False,False,0,0,0,0,0,0,0,0,0,0,0,0,94,73,94,73,0,0,0.5
HIF1A,TRAP1,Q16665,Q12931,U,low_plausibility,False,False,0,0,0,0,0,0,0,0,0,0,0,0,86,67,86,67,0,0,0.5
HIF1A,POSTN,Q16665,Q15063,U,low_plausibility,False,False,0,0,0,0,0,0,0,0,0,0,0,0,0,0,0,0,0,0,0.5
HIF1A,TGFBI,Q16665,Q15582,U,low_plausibility,False,False,0,0,0,0,0,0,0,0,0,0,0,0,0,0,0,0,0,0,0.5
HIF1A,PITRM1,Q16665,Q5JRX3,U,low_plausibility,False,False,0,0,0,0,0,0,0,0,17,29,17,29,0,0,0,0,1,17,0.375
HIF1A,PRSS36,Q16665,Q5K4E3,U,low_plausibility,False,False,0,0,0,0,0,0,0,0,0,0,0,0,0,0,0,0,0,0,0.5
HIF1A,CHADL,Q16665,Q6NUI6,U,low_plausibility,False,False,0,0,0,0,0,0,0,0,0,0,0,0,0,0,0,0,0,0,0.5
HIF1A,FASTKD5,Q16665,Q7L8L6,U,low_plausibility,False,False,0,0,0,0,0,0,0,0,0,0,0,0,80,68,80,68,0,0,0.5
HIF1A,LONP2,Q16665,Q86WA8,U,low_plausibility,False,False,0,0,0,0,0,0,0,0,19,23,19,23,0,0,0,0,1,19,0.45454545454545453
HIF1A,FOXRED2,Q16665,Q8IWF2,U,low_plausibility,False,False,0,0,0,0,0,0,0,0,0,0,0,0,19,25,19,25,0,0,0.5
HIF1A,SULF2,Q16665,Q8IWU5,U,low_plausibility,False,False,0,0,0,0,0,0,0,0,0,0,0,0,0,0,0,0,0,0,0.5
HIF1A,SULF1,Q16665,Q8IWU6,U,low_plausibility,False,False,0,0,0,0,0,0,0,0,0,0,0,0,8,9,8,9,0,0,0.5
HIF1A,DNAJC10,Q16665,Q8IXB1,U,low_plausibility,False,False,0,0,0,0,0,0,0,0,0,0,0,0,0,0,0,0,0,0,0.5
HIF1A,BMPER,Q16665,Q8N8U9,U,low_plausibility,False,False,0,0,0,0,0,0,0,0,0,0,0,0,2,4,2,4,0,0,0.5
HIF1A,CIROZ,Q16665,Q8N9H9,U,low_plausibility,False,False,0,0,0,0,0,0,0,0,0,1,0,0,0,0,0,0,0,0,0.5
HIF1A,NDNF,Q16665,Q8TB73,U,low_plausibility,False,False,0,0,0,0,0,0,0,0,0,0,0,0,1,0,1,0,0,0,0.5
HIF1A,TBRG4,Q16665,Q969Z0,U,low_plausibility,False,False,0,0,0,0,0,0,0,0,0,0,0,0,0,0,0,0,0,0,0.5
HIF1A,MCCC1,Q16665,Q96RQ3,U,low_plausibility,False,False,0,0,0,0,0,0,0,0,49,46,49,46,0,0,0,0,1,49,0.5154639175257731
HIF1A,TWNK,Q16665,Q96RR1,U,low_plausibility,False,False,0,0,0,0,0,0,0,0,34,28,34,28,0,0,0,0,1,34,0.546875
HIF1A,ACSS3,Q16665,Q9H6R3,U,low_plausibility,False,False,0,0,0,0,0,0,0,0,0,0,0,0,1,1,1,1,0,0,0.5
HIF1A,MCCC2,Q16665,Q9HCC0,U,low_plausibility,False,False,0,0,0,0,0,0,0,0,44,46,44,46,0,0,0,0,1,44,0.4891304347826087
HIF1A,OLFML3,Q16665,Q9NRN5,U,low_plausibility,False,False,0,0,0,0,0,0,0,0,4,3,4,3,0,0,0,0,1,4,0.5555555555555556
HIF1A,ACSS1,Q16665,Q9NUB1,U,low_plausibility,False,False,0,0,0,0,0,0,0,0,0,0,0,0,7,6,7,6,0,0,0.5
HIF1A,TMLHE,Q16665,Q9NVH6,U,low_plausibility,False,False,0,0,0,0,0,0,0,0,0,0,0,0,0,0,0,0,0,0,0.5
HIF1A,FASTKD2,Q16665,Q9NYY8,U,low_plausibility,False,False,0,0,0,0,0,0,0,0,78,60,78,60,0,0,0,0,1,78,0.5642857142857143
HIF1A,ADAMTS5,Q16665,Q9UNA0,U,low_plausibility,False,False,0,0,0,0,0,0,0,0,0,0,0,0,0,0,0,0,0,0,0.5
HIF1A,CPQ,Q16665,Q9Y646,U,low_plausibility,False,False,0,0,0,0,0,0,0,0,0,0,0,0,0,0,0,0,0,0,0.5
HIF1A,NIPSNAP2,Q16665,O75323,U,low_plausibility,False,False,0,0,0,0,0,0,0,0,51,40,51,40,0,0,0,0,1,51,0.5591397849462365
HIF1A,CLEC3A,Q16665,O75596,U,low_plausibility,False,False,0,0,0,0,0,0,0,0,0,0,0,0,0,0,0,0,0,0,0.5
HIF1A,OTC,Q16665,P00480,U,low_plausibility,False,False,0,0,0,0,0,0,0,0,0,0,0,0,30,25,30,25,0,0,0.5
HIF1A,TIMP1,Q16665,P01033,U,low_plausibility,False,False,0,0,0,0,0,0,0,0,0,0,0,0,0,0,0,0,0,0,0.5
HIF1A,CST3,Q16665,P01034,U,low_plausibility,False,False,0,0,0,0,0,0,0,0,0,0,0,0,0,0,0,0,0,0,0.5
HIF1A,GH1,Q16665,P01241,U,low_plausibility,False,False,0,0,0,0,0,0,0,0,28,33,28,33,0,0,0,0,1,28,0.4603174603174603
HIF1A,RBP4,Q16665,P02753,U,low_plausibility,False,False,0,0,0,0,0,0,0,0,0,0,0,0,0,0,0,0,0,0,0.5
HIF1A,CSF2,Q16665,P04141,U,low_plausibility,False,False,0,0,0,0,0,0,0,0,0,0,0,0,0,0,0,0,0,0,0.5
HIF1A,IL6,Q16665,P05231,U,low_plausibility,False,False,0,0,0,0,0,0,0,0,3,3,3,3,0,0,0,0,1,3,0.5
HIF1A,CRH,Q16665,P06850,U,low_plausibility,False,False,0,0,0,0,0,0,0,0,1,2,1,2,0,0,0,0,1,1,0.4
HIF1A,SPP1,Q16665,P10451,U,low_plausibility,False,False,0,0,0,0,0,0,0,0,0,0,0,0,30,28,30,28,0,0,0.5
HIF1A,ETFA,Q16665,P13804,U,low_plausibility,False,False,0,0,0,0,0,0,0,0,0,0,0,0,53,51,53,51,0,0,0.5
HIF1A,IL11,Q16665,P20809,U,low_plausibility,False,False,0,0,0,0,0,0,0,0,0,0,0,0,0,0,0,0,0,0,0.5
HIF1A,PTN,Q16665,P21246,U,low_plausibility,False,False,0,0,0,0,0,0,0,0,0,0,0,0,0,0,0,0,0,0,0.5
HIF1A,AK4,Q16665,P27144,U,low_plausibility,False,False,0,0,0,0,0,0,0,0,47,39,47,39,0,0,0,0,1,47,0.5454545454545454
HIF1A,IL12A,Q16665,P29459,U,low_plausibility,False,False,0,0,0,0,0,0,0,0,2,0,2,0,0,0,0,0,1,2,0.75
HIF1A,PPIF,Q16665,P30405,U,low_plausibility,False,False,0,0,0,0,0,0,0,0,0,0,0,0,0,0,0,0,0,0,0.5
HIF1A,LRPAP1,Q16665,P30533,U,low_plausibility,False,False,0,0,0,0,0,0,0,0,0,0,0,0,36,45,36,45,0,0,0.5
HIF1A,NTF4,Q16665,P34130,U,low_plausibility,False,False,0,0,0,0,0,0,0,0,0,0,0,0,0,0,0,0,0,0,0.5
HIF1A,ETFB,Q16665,P38117,U,low_plausibility,False,False,0,0,0,0,0,0,0,0,0,0,0,0,0,0,0,0,0,0,0.5
HIF1A,MDH2,Q16665,P40926,U,low_plausibility,False,False,0,0,0,0,0,0,0,0,140,102,140,102,0,0,0,0,1,140,0.5778688524590164
HIF1A,PPT1,Q16665,P50897,U,low_plausibility,False,False,0,0,0,0,0,0,0,0,56,69,56,69,0,0,0,0,1,56,0.44881889763779526
HIF1A,MANF,Q16665,P55145,U,low_plausibility,False,False,0,0,0,0,0,0,0,0,0,0,0,0,0,0,0,0,0,0,0.5
HIF1A,MRPS15,Q16665,P82914,U,low_plausibility,False,False,0,0,0,0,0,0,0,0,29,31,29,31,0,0,0,0,1,29,0.4838709677419355
HIF1A,TFAM,Q16665,Q00059,U,low_plausibility,False,False,0,0,0,0,0,0,0,0,123,107,123,107,0,0,0,0,1,123,0.5344827586206896
HIF1A,IL24,Q16665,Q13007,U,low_plausibility,False,False,0,0,0,0,0,0,0,0,13,12,13,12,0,0,0,0,1,13,0.5185185185185185
HIF1A,EBI3,Q16665,Q14213,U,low_plausibility,False,False,0,0,0,0,0,0,0,0,0,0,0,0,3,5,3,5,0,0,0.5
HIF1A,CSHL1,Q16665,Q14406,U,low_plausibility,False,False,0,0,0,0,0,0,0,0,0,0,0,0,0,0,0,0,0,0,0.5
HIF1A,CLPP,Q16665,Q16740,U,low_plausibility,False,False,0,0,0,0,0,0,0,0,0,0,0,0,0,0,0,0,0,0,0.5
HIF1A,ARTN,Q16665,Q5T4W7,U,low_plausibility,False,False,0,0,0,0,0,0,0,0,0,0,0,0,0,0,0,0,0,0,0.5
HIF1A,GLRX5,Q16665,Q86SX6,U,low_plausibility,False,False,0,0,0,0,0,0,0,0,0,0,0,0,0,0,0,0,0,0,0.5
HIF1A,DHFR2,Q16665,Q86XF0,U,low_plausibility,False,False,0,0,0,0,0,0,0,0,0,0,0,0,0,0,0,0,0,0,0.5
HIF1A,IFNL1,Q16665,Q8IU54,U,low_plausibility,False,False,0,0,0,0,0,0,0,0,0,0,0,0,0,0,0,0,0,0,0.5
HIF1A,IFNL2,Q16665,Q8IZJ0,U,low_plausibility,False,False,0,0,0,0,0,0,0,0,0,0,0,0,0,0,0,0,0,0,0.5
HIF1A,POGLUT1,Q16665,Q8NBL1,U,low_plausibility,False,False,0,0,0,0,0,0,0,0,0,0,0,0,7,8,7,8,0,0,0.5
HIF1A,ABHD11,Q16665,Q8NFV4,U,low_plausibility,False,False,0,0,0,0,0,0,0,0,20,15,0,0,0,0,0,0,0,0,0.5
HIF1A,GRPEL2,Q16665,Q8TAA5,U,low_plausibility,False,False,0,0,0,0,0,0,0,0,2,2,2,2,0,0,0,0,1,2,0.5
HIF1A,FIBIN,Q16665,Q8TAL6,U,low_plausibility,False,False,0,0,0,0,0,0,0,0,9,6,9,6,0,0,0,0,1,9,0.5882352941176471
HIF1A,MAIP1,Q16665,Q8WWC4,U,low_plausibility,False,False,0,0,0,0,0,0,0,0,0,0,0,0,0,0,0,0,0,0,0.5
HIF1A,GGH,Q16665,Q92820,U,low_plausibility,False,False,0,0,0,0,0,0,0,0,0,0,0,0,62,74,62,74,0,0,0.5
HIF1A,ELSPBP1,Q16665,Q96BH3,U,low_plausibility,False,False,0,0,0,0,0,0,0,0,0,0,0,0,26,37,26,37,0,0,0.5
HIF1A,RCN3,Q16665,Q96D15,U,low_plausibility,False,False,0,0,0,0,0,0,0,0,0,0,0,0,0,0,0,0,0,0,0.5
HIF1A,MALSU1,Q16665,Q96EH3,U,low_plausibility,False,False,0,0,0,0,0,0,0,0,53,37,53,37,0,0,0,0,1,53,0.5869565217391305
HIF1A,PEBP4,Q16665,Q96S96,U,low_plausibility,False,False,0,0,0,0,0,0,0,0,0,0,0,0,0,0,0,0,0,0,0.5
HIF1A,GDF15,Q16665,Q99988,U,low_plausibility,False,False,0,0,0,0,0,0,0,0,0,0,0,0,14,17,14,17,0,0,0.5
HIF1A,ALKBH7,Q16665,Q9BT30,U,low_plausibility,False,False,0,0,0,0,0,0,0,0,0,0,0,0,5,3,5,3,0,0,0.5
HIF1A,PECR,Q16665,Q9BY49,U,low_plausibility,False,False,0,0,0,0,0,0,0,0,0,0,0,0,0,0,0,0,0,0,0.5
HIF1A,DNAJB11,Q16665,Q9UBS4,U,low_plausibility,False,False,0,0,0,0,0,0,0,0,0,0,0,0,0,0,0,0,0,0,0.5
HIF1A,WARS2,Q16665,Q9UGM6,U,low_plausibility,False,False,0,0,0,0,0,0,0,0,0,0,0,0,6,3,6,3,0,0,0.5
HIF1A,GSTK1,Q16665,Q9Y2Q3,U,low_plausibility,False,False,0,0,0,0,0,0,0,0,0,0,0,0,0,0,0,0,0,0,0.5
HIF1A,COL6A6,Q16665,A6NMZ7,U,low_plausibility,False,False,0,0,0,0,0,0,0,0,0,0,0,0,0,0,0,0,0,0,0.5
HIF1A,A2ML1,Q16665,A8K2U0,U,low_plausibility,False,False,0,0,0,0,0,0,0,0,0,0,0,0,23,22,23,22,0,0,0.5
HIF1A,COL6A5,Q16665,A8TX70,U,low_plausibility,False,False,0,0,0,0,0,0,0,0,0,0,0,0,0,0,0,0,0,0,0.5
HIF1A,NCAN,Q16665,O14594,U,low_plausibility,False,False,0,0,0,0,0,0,0,0,0,0,0,0,4,5,4,5,0,0,0.5
HIF1A,SLIT2,Q16665,O94813,U,low_plausibility,False,False,0,0,0,0,0,0,0,0,0,0,0,0,0,0,0,0,0,0,0.5
HIF1A,F8,Q16665,P00451,U,low_plausibility,False,False,0,0,0,0,0,0,0,0,0,0,0,0,0,0,0,0,0,0,0.5
HIF1A,A2M,Q16665,P01023,U,low_plausibility,False,False,0,0,0,0,0,0,0,0,0,0,0,0,0,0,0,0,0,0,0.5
HIF1A,C3,Q16665,P01024,U,low_plausibility,False,False,0,0,0,0,0,0,0,0,0,0,0,0,0,0,0,0,0,0,0.5
HIF1A,TG,Q16665,P01266,U,low_plausibility,False,False,0,0,0,0,0,0,0,0,0,0,0,0,0,0,0,0,0,0,0.5
HIF1A,COL1A1,Q16665,P02452,U,low_plausibility,False,False,0,0,0,0,0,0,0,0,0,0,0,0,0,0,0,0,0,0,0.5
HIF1A,COL3A1,Q16665,P02461,U,low_plausibility,False,False,0,0,0,0,0,0,0,0,0,0,0,0,0,0,0,0,0,0,0.5
HIF1A,VWF,Q16665,P04275,U,low_plausibility,False,False,0,0,0,0,0,0,0,0,0,0,0,0,0,0,0,0,0,0,0.5
HIF1A,COL5A2,Q16665,P05997,U,low_plausibility,False,False,0,0,0,0,0,0,0,0,0,0,0,0,0,0,0,0,0,0,0.5
HIF1A,COL1A2,Q16665,P08123,U,low_plausibility,False,False,0,0,0,0,0,0,0,0,0,0,0,0,0,0,0,0,0,0,0.5
HIF1A,COL11A1,Q16665,P12107,U,low_plausibility,False,False,0,0,0,0,0,0,0,0,0,0,0,0,0,0,0,0,0,0,0.5
HIF1A,COL6A3,Q16665,P12111,U,low_plausibility,False,False,0,0,0,0,0,0,0,0,0,0,0,0,0,0,0,0,0,0,0.5
HIF1A,F5,Q16665,P12259,U,low_plausibility,False,False,0,0,0,0,0,0,0,0,0,0,0,0,0,0,0,0,0,0,0.5
HIF1A,COL11A2,Q16665,P13942,U,low_plausibility,False,False,0,0,0,0,0,0,0,0,0,0,0,0,0,0,0,0,0,0,0.5
HIF1A,ACAN,Q16665,P16112,U,low_plausibility,False,False,0,0,0,0,0,0,0,0,0,0,0,0,0,0,0,0,0,0,0.5
HIF1A,PZP,Q16665,P20742,U,low_plausibility,False,False,0,0,0,0,0,0,0,0,0,0,0,0,5,9,5,9,0,0,0.5
HIF1A,COL5A1,Q16665,P20908,U,low_plausibility,False,False,0,0,0,0,0,0,0,0,0,0,0,0,0,0,0,0,0,0,0.5
HIF1A,TNXB,Q16665,P22105,U,low_plausibility,False,False,0,0,0,0,0,0,0,0,0,0,0,0,0,0,0,0,0,0,0.5
HIF1A,TNC,Q16665,P24821,U,low_plausibility,False,False,0,0,0,0,0,0,0,0,0,0,0,0,0,0,0,0,0,0,0.5
HIF1A,COL15A1,Q16665,P39059,U,low_plausibility,False,False,0,0,0,0,0,0,0,0,0,0,0,0,0,0,0,0,0,0,0.5
HIF1A,RELN,Q16665,P78509,U,low_plausibility,False,False,0,0,0,0,0,0,0,0,0,0,0,0,0,0,0,0,0,0,0.5
HIF1A,ADAMTSL3,Q16665,P82987,U,low_plausibility,False,False,0,0,0,0,0,0,0,0,0,0,0,0,0,0,0,0,0,0,0.5
HIF1A,COL14A1,Q16665,Q05707,U,low_plausibility,False,False,0,0,0,0,0,0,0,0,0,0,0,0,0,0,0,0,0,0,0.5
HIF1A,MMRN1,Q16665,Q13201,U,low_plausibility,False,False,0,0,0,0,0,0,0,0,0,0,0,0,3,7,3,7,0,0,0.5
HIF1A,PAPPA,Q16665,Q13219,U,low_plausibility,False,False,0,0,0,0,0,0,0,0,0,0,0,0,0,0,0,0,0,0,0.5
HIF1A,LTBP1,Q16665,Q14766,U,low_plausibility,False,False,0,0,0,0,0,0,0,0,0,0,0,0,0,0,0,0,0,0,0.5
HIF1A,LTBP2,Q16665,Q14767,U,low_plausibility,False,False,0,0,0,0,0,0,0,0,0,0,0,0,0,0,0,0,0,0,0.5
HIF1A,COL24A1,Q16665,Q17RW2,U,low_plausibility,False,False,0,0,0,0,0,0,0,0,0,0,0,0,0,0,0,0,0,0,0.5
HIF1A,MUC6,Q16665,Q6W4X9,U,low_plausibility,False,False,0,0,0,0,0,0,0,0,0,0,0,0,0,0,0,0,0,0,0.5
HIF1A,IGSF10,Q16665,Q6WRI0,U,low_plausibility,False,False,0,0,0,0,0,0,0,0,0,0,0,0,0,0,0,0,0,0,0.5
HIF1A,APOLTP,Q16665,Q6ZTK2,U,low_plausibility,False,False,0,0,0,0,0,0,0,0,0,0,0,0,0,0,0,0,0,0,0.5
HIF1A,KCP,Q16665,Q6ZWJ8,U,low_plausibility,False,False,0,0,0,0,0,0,0,0,0,0,0,0,0,0,0,0,0,0,0.5
HIF1A,FBN3,Q16665,Q75N90,U,low_plausibility,False,False,0,0,0,0,0,0,0,0,0,0,0,0,0,0,0,0,0,0,0.5
HIF1A,ADAMTS13,Q16665,Q76LX8,U,low_plausibility,False,False,0,0,0,0,0,0,0,0,0,0,0,0,3,10,3,10,0,0,0.5
HIF1A,COL27A1,Q16665,Q8IZC6,U,low_plausibility,False,False,0,0,0,0,0,0,0,0,0,0,0,0,0,0,0,0,0,0,0.5
HIF1A,LTBP4,Q16665,Q8N2S1,U,low_plausibility,False,False,0,0,0,0,0,0,0,0,0,0,0,0,0,0,0,0,0,0,0.5
HIF1A,ADAMTSL1,Q16665,Q8N6G6,U,low_plausibility,False,False,0,0,0,0,0,0,0,0,0,0,0,0,0,0,0,0,0,0,0.5
HIF1A,SNED1,Q16665,Q8TER0,U,low_plausibility,False,False,0,0,0,0,0,0,0,0,0,0,0,0,1,2,1,2,0,0,0.5
HIF1A,TNR,Q16665,Q92752,U,low_plausibility,False,False,0,0,0,0,0,0,0,0,0,0,0,0,12,19,12,19,0,0,0.5
HIF1A,PRG4,Q16665,Q92954,U,low_plausibility,False,False,0,0,0,0,0,0,0,0,0,0,0,0,0,0,0,0,0,0,0.5
HIF1A,PAPPA2,Q16665,Q9BXP8,U,low_plausibility,False,False,0,0,0,0,0,0,0,0,0,0,0,0,0,0,0,0,0,0,0.5
HIF1A,LTBP3,Q16665,Q9NS15,U,low_plausibility,False,False,0,0,0,0,0,0,0,0,0,0,0,0,9,11,9,11,0,0,0.5
HIF1A,UGGT2,Q16665,Q9NYU1,U,low_plausibility,False,False,0,0,0,0,0,0,0,0,0,0,0,0,0,0,0,0,0,0,0.5
HIF1A,ADAMTS9,Q16665,Q9P2N4,U,low_plausibility,False,False,0,0,0,0,0,0,0,0,0,0,0,0,0,0,0,0,0,0,0.5
HIF1A,ADAMTS7,Q16665,Q9UKP4,U,low_plausibility,False,False,0,0,0,0,0,0,0,0,0,0,0,0,0,0,0,0,0,0,0.5
HIF1A,TNN,Q16665,Q9UQP3,U,low_plausibility,False,False,0,0,0,0,0,0,0,0,0,0,0,0,1,1,1,1,0,0,0.5
CTNNB1,CDH1,P35222,P12830,P,,False,False,289,274,289,274,0,0,0,0,0,0,0,0,124,112,124,112,0,0,0.5
CTNNB1,CTNNA1,P35222,P35221,P,,False,False,289,274,289,274,0,0,0,0,0,0,0,0,0,0,0,0,0,0,0.5
CTNNB1,TCF7L2,P35222,Q9NQB0,P,,True,False,289,274,289,274,0,0,0,0,60,70,60,70,0,0,0,0,1,60,0.4621212121212121
CTNNB1,LRRC8A,P35222,Q8IWT6,U,context,False,False,289,274,289,274,0,0,0,0,0,0,0,0,0,0,0,0,0,0,0.5
CTNNB1,ERVW-1,P35222,Q9UQF0,U,context,False,False,289,274,289,274,0,0,0,0,0,0,0,0,0,0,0,0,0,0,0.5
CTNNB1,ERVFC1,P35222,P60507,U,context,False,False,289,274,289,274,0,0,0,0,0,0,0,0,0,0,0,0,0,0,0.5
CTNNB1,SLC9A7,P35222,Q96T83,U,context,False,False,289,274,289,274,0,0,0,0,0,0,0,0,0,0,0,0,0,0,0.5
CTNNB1,PLXDC1,P35222,Q8IUK5,U,context,False,False,289,274,289,274,0,0,0,0,0,0,0,0,0,0,0,0,0,0,0.5
CTNNB1,GSDMA,P35222,Q96QA5,U,context,False,False,289,274,289,274,0,0,0,0,0,0,0,0,17,24,17,24,0,0,0.5
CTNNB1,MPL,P35222,P40238,U,context,False,False,289,274,289,274,0,0,0,0,0,0,0,0,9,13,9,13,0,0,0.5
CTNNB1,ANTXR2,P35222,P58335,U,context,False,False,289,274,289,274,0,0,0,0,0,0,0,0,0,0,0,0,0,0,0.5
CTNNB1,KCNQ4,P35222,P56696,U,context,False,False,289,274,289,274,0,0,0,0,0,0,0,0,0,0,0,0,0,0,0.5
CTNNB1,KIRREL2,P35222,Q6UWL6,U,context,False,False,289,274,289,274,0,0,0,0,0,0,0,0,2,3,2,3,0,0,0.5
CTNNB1,ADCY6,P35222,O43306,U,context,False,False,289,274,289,274,0,0,0,0,0,0,0,0,0,0,0,0,0,0,0.5
CTNNB1,CDH9,P35222,Q9ULB4,U,context,False,False,289,274,289,274,0,0,0,0,0,0,0,0,0,0,0,0,0,0,0.5
CTNNB1,SLC2A13,P35222,Q96QE2,U,context,False,False,289,274,289,274,0,0,0,0,0,0,0,0,0,0,0,0,0,0,0.5
CTNNB1,SLC2A5,P35222,P22732,U,context,False,False,289,274,289,274,0,0,0,0,0,0,0,0,0,0,0,0,0,0,0.5
CTNNB1,SLC30A10,P35222,Q6XR72,U,context,False,False,289,274,289,274,0,0,0,0,0,0,0,0,0,0,0,0,0,0,0.5
CTNNB1,APLP1,P35222,P51693,U,context,False,False,289,274,289,274,0,0,0,0,0,0,0,0,12,15,12,15,0,0,0.5
CTNNB1,CDH7,P35222,Q9ULB5,U,context,False,False,289,274,289,274,0,0,0,0,0,0,0,0,0,0,0,0,0,0,0.5
CTNNB1,ADRA1D,P35222,P25100,U,context,False,False,289,274,289,274,0,0,0,0,0,0,0,0,0,0,0,0,0,0,0.5
CTNNB1,TRPC3,P35222,Q13507,U,context,False,False,289,274,289,274,0,0,0,0,0,0,0,0,0,0,0,0,0,0,0.5
CTNNB1,MEGF11,P35222,A6BM72,U,context,False,False,289,274,289,274,0,0,0,0,0,0,0,0,0,0,0,0,0,0,0.5
CTNNB1,NRG1,P35222,Q02297,U,context,False,False,289,274,289,274,0,0,0,0,0,0,0,0,24,24,24,24,0,0,0.5
CTNNB1,ADGRG1,P35222,Q9Y653,U,context,False,False,289,274,289,274,0,0,0,0,0,0,0,0,0,0,0,0,0,0,0.5
CTNNB1,TEK,P35222,Q02763,U,context,False,False,289,274,289,274,0,0,0,0,0,0,0,0,0,0,0,0,0,0,0.5
CTNNB1,GLDN,P35222,Q6ZMI3,U,context,False,False,289,274,289,274,0,0,0,0,0,0,0,0,1,0,1,0,0,0,0.5
CTNNB1,CHRNA1,P35222,P02708,U,context,False,False,289,274,289,274,0,0,0,0,0,0,0,0,0,0,0,0,0,0,0.5
CTNNB1,CD163,P35222,Q86VB7,U,context,False,False,289,274,289,274,0,0,0,0,0,0,0,0,4,1,4,1,0,0,0.5
CTNNB1,ASIC2,P35222,Q16515,U,context,False,False,289,274,289,274,0,0,0,0,0,0,0,0,0,0,0,0,0,0,0.5
CTNNB1,PTCHD1,P35222,Q96NR3,U,context,False,False,289,274,289,274,0,0,0,0,0,0,0,0,0,0,0,0,0,0,0.5
CTNNB1,SLC9A2,P35222,Q9UBY0,U,context,False,False,289,274,289,274,0,0,0,0,0,0,0,0,0,0,0,0,0,0,0.5
CTNNB1,ADCY5,P35222,O95622,U,context,False,False,289,274,289,274,0,0,0,0,0,0,0,0,0,0,0,0,0,0,0.5
CTNNB1,GUCY2C,P35222,P25092,U,context,False,False,289,274,289,274,0,0,0,0,3,3,3,3,0,0,0,0,1,3,0.5
CTNNB1,CASR,P35222,P41180,U,context,False,False,289,274,289,274,0,0,0,0,0,0,0,0,3,3,3,3,0,0,0.5
CTNNB1,SMO,P35222,Q99835,U,context,False,False,289,274,289,274,0,0,0,0,0,0,0,0,8,4,8,4,0,0,0.5
CTNNB1,ATP11C,P35222,Q8NB49,U,context,False,False,289,274,289,274,0,0,0,0,0,0,0,0,0,0,0,0,0,0,0.5
CTNNB1,FOLH1,P35222,Q04609,U,context,False,False,289,274,289,274,0,0,0,0,0,0,0,0,0,0,0,0,0,0,0.5
CTNNB1,ENTPD8,P35222,Q5MY95,U,context,False,False,289,274,289,274,0,0,0,0,0,0,0,0,0,0,0,0,0,0,0.5
CTNNB1,CSF3R,P35222,Q99062,U,context,False,False,289,274,289,274,0,0,0,0,0,0,0,0,3,2,3,2,0,0,0.5
CTNNB1,SLCO2A1,P35222,Q92959,U,context,False,False,289,274,289,274,0,0,0,0,0,0,0,0,0,0,0,0,0,0,0.5
CTNNB1,LRRC8C,P35222,Q8TDW0,U,context,False,False,289,274,289,274,0,0,0,0,0,0,0,0,0,0,0,0,0,0,0.5
CTNNB1,TTYH2,P35222,Q9BSA4,U,context,False,False,289,274,289,274,0,0,0,0,0,0,0,0,0,0,0,0,0,0,0.5
CTNNB1,NECTIN3,P35222,Q9NQS3,U,context,False,False,289,274,289,274,0,0,0,0,0,0,0,0,0,0,0,0,0,0,0.5
CTNNB1,PCDH17,P35222,O14917,U,context,False,False,289,274,289,274,0,0,0,0,0,0,0,0,5,4,5,4,0,0,0.5
CTNNB1,TNFRSF10A,P35222,O00220,U,context,False,False,289,274,289,274,0,0,0,0,0,0,0,0,33,42,33,42,0,0,0.5
CTNNB1,SLC9A8,P35222,Q9Y2E8,U,context,False,False,289,274,289,274,0,0,0,0,0,0,0,0,0,0,0,0,0,0,0.5
CTNNB1,SLC1A6,P35222,P48664,U,context,False,False,289,274,289,274,0,0,0,0,0,0,0,0,0,0,0,0,0,0,0.5
CTNNB1,SLC46A1,P35222,Q96NT5,U,context,False,False,289,274,289,274,0,0,0,0,0,0,0,0,0,0,0,0,0,0,0.5
CTNNB1,SLC2A14,P35222,Q8TDB8,U,context,False,False,289,274,289,274,0,0,0,0,0,0,0,0,0,0,0,0,0,0,0.5
CTNNB1,RNF43,P35222,Q68DV7,U,context,False,False,289,274,289,274,0,0,0,0,5,12,5,12,0,0,0,0,1,5,0.3157894736842105
CTNNB1,SLC28A3,P35222,Q9HAS3,U,context,False,False,289,274,289,274,0,0,0,0,1,1,1,1,0,0,0,0,1,1,0.5
CTNNB1,NRXN3,P35222,Q9HDB5,U,context,False,False,289,274,289,274,0,0,0,0,0,0,0,0,0,0,0,0,0,0,0.5
CTNNB1,PCDHB1,P35222,Q9Y5F3,U,background,False,False,289,274,289,274,0,0,0,0,0,0,0,0,0,0,0,0,0,0,0.5
CTNNB1,NLGN1,P35222,Q8N2Q7,U,background,False,False,289,274,289,274,0,0,0,0,0,0,0,0,1,2,1,2,0,0,0.5
CTNNB1,PODXL,P35222,O00592,U,background,False,False,289,274,289,274,0,0,0,0,0,0,0,0,0,0,0,0,0,0,0.5
CTNNB1,CPN1,P35222,P15169,U,background,False,False,289,274,289,274,0,0,0,0,0,0,0,0,0,0,0,0,0,0,0.5
CTNNB1,SEMA5A,P35222,Q13591,U,background,False,False,289,274,289,274,0,0,0,0,0,0,0,0,0,0,0,0,0,0,0.5
CTNNB1,TUBA8,P35222,Q9NY65,U,background,False,False,289,274,289,274,0,0,0,0,0,0,0,0,0,0,0,0,0,0,0.5
CTNNB1,THOC5,P35222,Q13769,U,background,False,False,289,274,289,274,0,0,0,0,26,34,26,34,0,0,0,0,1,26,0.43548387096774194
CTNNB1,YY1AP1,P35222,Q9H869,U,background,False,False,289,274,289,274,0,0,0,0,0,0,0,0,0,0,0,0,0,0,0.5
CTNNB1,ZRSR2P1,P35222,Q15695,U,background,False,False,289,274,289,274,0,0,0,0,0,0,0,0,0,0,0,0,0,0,0.5
CTNNB1,ZNF226,P35222,Q9NYT6,U,background,False,False,289,274,289,274,0,0,0,0,0,0,0,0,0,0,0,0,0,0,0.5
CTNNB1,FSD2,P35222,A1L4K1,U,background,False,False,289,274,289,274,0,0,0,0,33,30,33,30,0,0,0,0,1,33,0.5230769230769231
CTNNB1,ZNF649,P35222,Q9BS31,U,background,False,False,289,274,289,274,0,0,0,0,0,0,0,0,0,0,0,0,0,0,0.5
CTNNB1,ZNF397,P35222,Q8NF99,U,background,False,False,289,274,289,274,0,0,0,0,0,0,0,0,0,0,0,0,0,0,0.5
CTNNB1,CXorf49C,P35222,A0A1B0GWI6,U,background,False,False,289,274,289,274,0,0,0,0,0,0,0,0,0,0,0,0,0,0,0.5
CTNNB1,AKT3,P35222,Q9Y243,U,background,False,False,289,274,289,274,0,0,0,0,0,0,0,0,0,0,0,0,0,0,0.5
CTNNB1,GPR61,P35222,Q9BZJ8,U,background,False,False,289,274,289,274,0,0,0,0,0,0,0,0,0,0,0,0,0,0,0.5
CTNNB1,TBL2,P35222,Q9Y4P3,U,background,False,False,289,274,289,274,0,0,0,0,37,30,37,30,0,0,0,0,1,37,0.5507246376811594
CTNNB1,GBP4,P35222,Q96PP9,U,background,False,False,289,274,289,274,0,0,0,0,0,1,0,1,0,0,0,0,1,0,0.3333333333333333
CTNNB1,TMC6,P35222,Q7Z403,U,background,False,False,289,274,289,274,0,0,0,0,7,7,7,7,0,0,0,0,1,7,0.5
CTNNB1,CHKA,P35222,P35790,U,background,False,False,289,274,289,274,0,0,0,0,3,2,3,2,0,0,0,0,1,3,0.5714285714285714
CTNNB1,ZNF66,P35222,Q6ZN08,U,background,False,False,289,274,289,274,0,0,0,0,0,0,0,0,0,0,0,0,0,0,0.5
CTNNB1,ITFG1,P35222,Q8TB96,U,background,False,False,289,274,289,274,0,0,0,0,0,0,0,0,121,113,121,113,0,0,0.5
CTNNB1,TRMT44,P35222,Q8IYL2,U,background,False,False,289,274,289,274,0,0,0,0,9,6,9,6,0,0,0,0,1,9,0.5882352941176471
CTNNB1,PARG,P35222,Q86W56,U,background,False,False,289,274,289,274,0,0,0,0,0,0,0,0,0,0,0,0,0,0,0.5
CTNNB1,ZNF627,P35222,Q7L945,U,background,False,False,289,274,289,274,0,0,0,0,0,0,0,0,0,0,0,0,0,0,0.5
CTNNB1,SLMAP,P35222,Q14BN4,U,background,False,False,289,274,289,274,0,0,0,0,43,39,43,39,0,0,0,0,1,43,0.5238095238095238
CTNNB1,PUS3,P35222,Q9BZE2,U,background,False,False,289,274,289,274,0,0,0,0,0,0,0,0,2,2,2,2,0,0,0.5
CTNNB1,IRX3,P35222,P78415,U,background,False,False,289,274,289,274,0,0,0,0,0,0,0,0,0,0,0,0,0,0,0.5
CTNNB1,TUB,P35222,P50607,U,background,False,False,289,274,289,274,0,0,0,0,0,0,0,0,0,0,0,0,0,0,0.5
CTNNB1,CEMIP2,P35222,Q9UHN6,U,background,False,False,289,274,289,274,0,0,0,0,0,0,0,0,0,0,0,0,0,0,0.5
CTNNB1,PRODH2,P35222,Q9UF12,U,background,False,False,289,274,289,274,0,0,0,0,0,0,0,0,0,0,0,0,0,0,0.5
CTNNB1,PRDM7,P35222,Q9NQW5,U,background,False,False,289,274,289,274,0,0,0,0,0,0,0,0,0,0,0,0,0,0,0.5
CTNNB1,TMCO4,P35222,Q5TGY1,U,background,False,False,289,274,289,274,0,0,0,0,0,0,0,0,0,0,0,0,0,0,0.5
CTNNB1,TUFM,P35222,P49411,U,background,False,False,289,274,289,274,0,0,0,0,0,0,0,0,0,0,0,0,0,0,0.5
CTNNB1,SNX17,P35222,Q15036,U,background,False,False,289,274,289,274,0,0,0,0,19,29,19,29,0,0,0,0,1,19,0.4
CTNNB1,PGBD5,P35222,Q8N414,U,background,False,False,289,274,289,274,0,0,0,0,0,0,0,0,0,0,0,0,0,0,0.5
CTNNB1,ANKLE1,P35222,Q8NAG6,U,background,False,False,289,274,289,274,0,0,0,0,0,0,0,0,0,0,0,0,0,0,0.5
CTNNB1,GPRIN2,P35222,O60269,U,background,False,False,289,274,289,274,0,0,0,0,6,6,6,6,0,0,0,0,1,6,0.5
CTNNB1,LRRC14B,P35222,A6NHZ5,U,background,False,False,289,274,289,274,0,0,0,0,0,0,0,0,0,0,0,0,0,0,0.5
CTNNB1,KANSL1,P35222,Q7Z3B3,U,background,False,False,289,274,289,274,0,0,0,0,0,0,0,0,8,4,0,0,0,0,0.5
CTNNB1,ERLEC1,P35222,Q96DZ1,U,background,False,False,289,274,289,274,0,0,0,0,0,0,0,0,32,25,32,25,0,0,0.5
CTNNB1,SEMA4A,P35222,Q9H3S1,U,background,False,False,289,274,289,274,0,0,0,0,0,0,0,0,4,11,4,11,0,0,0.5
CTNNB1,ANKS1B,P35222,Q7Z6G8,U,background,False,False,289,274,289,274,0,0,0,0,10,5,10,5,0,0,0,0,1,10,0.6470588235294118
CTNNB1,COX10,P35222,Q12887,U,background,False,False,289,274,289,274,0,0,0,0,0,0,0,0,2,5,2,5,0,0,0.5
CTNNB1,TRPV6,P35222,Q9H1D0,U,background,False,False,289,274,289,274,0,0,0,0,4,3,4,3,0,0,0,0,1,4,0.5555555555555556
CTNNB1,GDAP2,P35222,Q9NXN4,U,background,False,False,289,274,289,274,0,0,0,0,4,9,4,9,0,0,0,0,1,4,0.3333333333333333
CTNNB1,CCNK,P35222,O75909,U,background,False,False,289,274,289,274,0,0,0,0,0,0,0,0,0,0,0,0,0,0,0.5
CTNNB1,DTHD1,P35222,Q6ZMT9,U,background,False,False,289,274,289,274,0,0,0,0,1,1,1,1,0,0,0,0,1,1,0.5
CTNNB1,PIK3C2B,P35222,O00750,U,background,False,False,289,274,289,274,0,0,0,0,0,0,0,0,0,0,0,0,0,0,0.5
CTNNB1,LAG3,P35222,P18627,U,background,False,False,289,274,289,274,0,0,0,0,0,0,0,0,6,7,6,7,0,0,0.5
CTNNB1,MTMR4,P35222,Q9NYA4,U,context,False,False,289,274,289,274,0,0,0,0,0,0,0,0,0,0,0,0,0,0,0.5
CTNNB1,ASAP1,P35222,Q9ULH1,U,context,True,False,289,274,289,274,0,0,0,0,30,39,30,39,0,0,0,0,1,30,0.43661971830985913
CTNNB1,SIAE,P35222,Q9HAT2,U,context,False,False,289,274,289,274,0,0,0,0,0,0,0,0,0,0,0,0,0,0,0.5
CTNNB1,ZNF274,P35222,Q96GC6,U,context,False,False,289,274,289,274,0,0,0,0,0,0,0,0,0,0,0,0,0,0,0.5
CTNNB1,PKP3,P35222,Q9Y446,U,context,True,False,289,274,289,274,0,0,0,0,36,44,36,44,0,0,0,0,1,36,0.45121951219512196
CTNNB1,LPO,P35222,P22079,U,context,False,False,289,274,289,274,0,0,0,0,0,0,0,0,0,0,0,0,0,0,0.5
CTNNB1,CEP76,P35222,Q8TAP6,U,context,False,False,289,274,289,274,0,0,0,0,54,60,54,60,0,0,0,0,1,54,0.47413793103448276
CTNNB1,RANBP10,P35222,Q6VN20,U,context,False,False,289,274,289,274,0,0,0,0,0,0,0,0,0,0,0,0,0,0,0.5
CTNNB1,ENGASE,P35222,Q8NFI3,U,context,False,False,289,274,289,274,0,0,0,0,0,0,0,0,3,3,3,3,0,0,0.5
CTNNB1,CAMKK1,P35222,Q8N5S9,U,context,False,False,289,274,289,274,0,0,0,0,0,0,0,0,0,0,0,0,0,0,0.5
CTNNB1,PDLIM7,P35222,Q9NR12,U,context,False,False,289,274,289,274,0,0,0,0,0,0,0,0,0,0,0,0,0,0,0.5
CTNNB1,CPEB3,P35222,Q8NE35,U,context,False,False,289,274,289,274,0,0,0,0,0,0,0,0,0,0,0,0,0,0,0.5
CTNNB1,NEK9,P35222,Q8TD19,U,context,False,False,289,274,289,274,0,0,0,0,28,26,28,26,0,0,0,0,1,28,0.5178571428571429
CTNNB1,ADD1,P35222,P35611,U,context,False,False,289,274,289,274,0,0,0,0,38,52,38,52,0,0,0,0,1,38,0.42391304347826086
CTNNB1,DGKZ,P35222,Q13574,U,context,False,False,289,274,289,274,0,0,0,0,0,0,0,0,0,0,0,0,0,0,0.5
CTNNB1,RANBP3,P35222,Q9H6Z4,U,context,False,False,289,274,289,274,0,0,0,0,27,24,27,24,0,0,0,0,1,27,0.5283018867924528
CTNNB1,SLC4A1AP,P35222,Q9BWU0,U,context,False,False,289,274,289,274,0,0,0,0,23,18,0,0,0,0,0,0,0,0,0.5
CTNNB1,ZW10,P35222,O43264,U,context,False,False,289,274,289,274,0,0,0,0,39,29,39,29,0,0,0,0,1,39,0.5714285714285714
CTNNB1,DNAJC2,P35222,Q99543,U,context,False,False,289,274,289,274,0,0,0,0,0,0,0,0,0,0,0,0,0,0,0.5
CTNNB1,IQCB1,P35222,Q15051,U,context,False,False,289,274,289,274,0,0,0,0,74,102,74,102,0,0,0,0,1,74,0.42134831460674155
CTNNB1,EFHB,P35222,Q8N7U6,U,context,False,False,289,274,289,274,0,0,0,0,0,0,0,0,1,3,1,3,0,0,0.5
CTNNB1,MYZAP,P35222,P0CAP1,U,context,False,False,289,274,289,274,0,0,0,0,3,5,3,5,0,0,0,0,1,3,0.4
CTNNB1,WDR44,P35222,Q5JSH3,U,context,False,False,289,274,289,274,0,0,0,0,17,24,17,24,0,0,0,0,1,17,0.4186046511627907
CTNNB1,IRF2BP2,P35222,Q7Z5L9,U,context,False,False,289,274,289,274,0,0,0,0,22,31,22,31,0,0,0,0,1,22,0.41818181818181815
CTNNB1,KIAA1210,P35222,Q9ULL0,U,context,False,False,289,274,289,274,0,0,0,0,0,0,0,0,0,0,0,0,0,0,0.5
CTNNB1,DLGAP5,P35222,Q15398,U,context,False,False,289,274,289,274,0,0,0,0,0,0,0,0,5,2,5,2,0,0,0.5
CTNNB1,KATNA1,P35222,O75449,U,context,False,False,289,274,289,274,0,0,0,0,25,28,25,28,0,0,0,0,1,25,0.4727272727272727
CTNNB1,KIF4A,P35222,O95239,U,context,False,False,289,274,289,274,0,0,0,0,0,0,0,0,0,0,0,0,0,0,0.5
CTNNB1,PADI3,P35222,Q9ULW8,U,context,False,False,289,274,289,274,0,0,0,0,0,0,0,0,0,0,0,0,0,0,0.5
CTNNB1,CCDC125,P35222,Q86Z20,U,context,True,False,289,274,289,274,0,0,0,0,15,18,15,18,0,0,0,0,1,15,0.45714285714285713
CTNNB1,HSPA12A,P35222,O43301,U,context,False,False,289,274,289,274,0,0,0,0,0,0,0,0,0,0,0,0,0,0,0.5
CTNNB1,DPP3,P35222,Q9NY33,U,context,False,False,289,274,289,274,0,0,0,0,0,0,0,0,11,11,11,11,0,0,0.5
CTNNB1,CARD9,P35222,Q9H257,U,context,False,False,289,274,289,274,0,0,0,0,0,0,0,0,0,0,0,0,0,0,0.5
CTNNB1,EHBP1,P35222,Q8NDI1,U,context,False,False,289,274,289,274,0,0,0,0,24,25,24,25,0,0,0,0,1,24,0.49019607843137253
CTNNB1,WDR64,P35222,B1ANS9,U,context,False,False,289,274,289,274,0,0,0,0,0,0,0,0,0,0,0,0,0,0,0.5
CTNNB1,PPL,P35222,O60437,U,context,False,False,289,274,289,274,0,0,0,0,0,0,0,0,0,0,0,0,0,0,0.5
CTNNB1,NIBAN2,P35222,Q96TA1,U,context,False,False,289,274,289,274,0,0,0,0,0,0,0,0,0,0,0,0,0,0,0.5
CTNNB1,MKNK2,P35222,Q9HBH9,U,context,False,False,289,274,289,274,0,0,0,0,0,0,0,0,0,0,0,0,0,0,0.5
CTNNB1,HACE1,P35222,Q8IYU2,U,context,False,False,289,274,289,274,0,0,0,0,6,5,6,5,0,0,0,0,1,6,0.5384615384615384
CTNNB1,TRIT1,P35222,Q9H3H1,U,context,False,False,289,274,289,274,0,0,0,0,5,4,5,4,0,0,0,0,1,5,0.5454545454545454
CTNNB1,DTNA,P35222,Q9Y4J8,U,context,True,False,289,274,289,274,0,0,0,0,36,46,36,46,0,0,0,0,1,36,0.44047619047619047
CTNNB1,CEP164,P35222,Q9UPV0,U,context,False,False,289,274,289,274,0,0,0,0,53,47,53,47,0,0,0,0,1,53,0.5294117647058824
CTNNB1,HDAC4,P35222,P56524,U,context,False,False,289,274,289,274,0,0,0,0,0,0,0,0,0,0,0,0,0,0,0.5
CTNNB1,DNM3,P35222,Q9UQ16,U,context,False,False,289,274,289,274,0,0,0,0,0,0,0,0,0,0,0,0,0,0,0.5
CTNNB1,PIK3C2A,P35222,O00443,U,context,False,False,289,274,289,274,0,0,0,0,0,0,0,0,0,0,0,0,0,0,0.5
CTNNB1,AHRR,P35222,A9YTQ3,U,context,False,False,289,274,289,274,0,0,0,0,0,0,0,0,0,0,0,0,0,0,0.5
CTNNB1,ZNF622,P35222,Q969S3,U,context,False,False,289,274,289,274,0,0,0,0,0,0,0,0,0,0,0,0,0,0,0.5
CTNNB1,RSPH10B2,P35222,B2RC85,U,context,False,False,289,274,289,274,0,0,0,0,0,4,0,4,0,0,0,0,1,0,0.16666666666666666
CTNNB1,FBF1,P35222,Q8TES7,U,context,True,False,289,274,289,274,0,0,0,0,74,79,74,79,0,0,0,0,1,74,0.4838709677419355
CTNNB1,PADI6,P35222,Q6TGC4,U,context,False,False,289,274,289,274,0,0,0,0,3,1,3,1,0,0,0,0,1,3,0.6666666666666666
CTNNB1,DOK3,P35222,Q7L591,U,background,False,False,289,274,289,274,0,0,0,0,20,28,20,28,0,0,0,0,1,20,0.42
CTNNB1,CAPN2,P35222,P17655,U,background,False,False,289,274,289,274,0,0,0,0,0,0,0,0,0,0,0,0,0,0,0.5
CTNNB1,THOP1,P35222,P52888,U,background,False,False,289,274,289,274,0,0,0,0,0,0,0,0,0,0,0,0,0,0,0.5
CTNNB1,MAN2B2,P35222,Q9Y2E5,U,background,False,False,289,274,289,274,0,0,0,0,0,0,0,0,19,22,19,22,0,0,0.5
CTNNB1,SMAD6,P35222,O43541,U,background,False,False,289,274,289,274,0,0,0,0,0,0,0,0,0,0,0,0,0,0,0.5
CTNNB1,SLC22A5,P35222,O76082,U,background,False,False,289,274,289,274,0,0,0,0,0,0,0,0,0,0,0,0,0,0,0.5
CTNNB1,MINDY4,P35222,Q4G0A6,U,background,False,False,289,274,289,274,0,0,0,0,0,0,0,0,0,0,0,0,0,0,0.5
CTNNB1,SHANK3,P35222,Q9BYB0,U,background,False,False,289,274,289,274,0,0,0,0,0,0,0,0,0,0,0,0,0,0,0.5
CTNNB1,VPS52,P35222,Q8N1B4,U,background,False,False,289,274,289,274,0,0,0,0,52,61,52,61,0,0,0,0,1,52,0.4608695652173913
CTNNB1,SLC6A5,P35222,Q9Y345,U,background,False,False,289,274,289,274,0,0,0,0,10,15,10,15,0,0,0,0,1,10,0.4074074074074074
CTNNB1,L3MBTL4,P35222,Q8NA19,U,background,False,False,289,274,289,274,0,0,0,0,0,0,0,0,0,0,0,0,0,0,0.5
CTNNB1,SLF2,P35222,Q8IX21,U,background,False,False,289,274,289,274,0,0,0,0,0,0,0,0,0,0,0,0,0,0,0.5
CTNNB1,CCDC18,P35222,Q5T9S5,U,background,False,False,289,274,289,274,0,0,0,0,28,31,28,31,0,0,0,0,1,28,0.47540983606557374
CTNNB1,ZNF136,P35222,P52737,U,background,False,False,289,274,289,274,0,0,0,0,0,0,0,0,0,0,0,0,0,0,0.5
CTNNB1,SELENBP1,P35222,Q13228,U,background,False,False,289,274,289,274,0,0,0,0,30,33,30,33,0,0,0,0,1,30,0.47692307692307695
CTNNB1,LARP1,P35222,Q6PKG0,U,background,False,False,289,274,289,274,0,0,0,0,121,128,121,128,0,0,0,0,1,121,0.4860557768924303
CTNNB1,CR1L,P35222,Q2VPA4,U,background,False,False,289,274,289,274,0,0,0,0,0,0,0,0,0,0,0,0,0,0,0.5
CTNNB1,FUBP1,P35222,Q96AE4,U,background,False,False,289,274,289,274,0,0,0,0,0,0,0,0,0,0,0,0,0,0,0.5
CTNNB1,CLSTN1,P35222,O94985,U,background,False,False,289,274,289,274,0,0,0,0,0,0,0,0,32,27,32,27,0,0,0.5
CTNNB1,MUC21,P35222,Q5SSG8,U,background,False,False,289,274,289,274,0,0,0,0,0,0,0,0,0,0,0,0,0,0,0.5
CTNNB1,STKLD1,P35222,Q8NE28,U,background,False,False,289,274,289,274,0,0,0,0,0,0,0,0,0,0,0,0,0,0,0.5
CTNNB1,PRODH,P35222,O43272,U,background,False,False,289,274,289,274,0,0,0,0,2,3,0,0,0,0,0,0,0,0,0.5
CTNNB1,LRP12,P35222,Q9Y561,U,background,False,False,289,274,289,274,0,0,0,0,0,0,0,0,19,16,19,16,0,0,0.5
CTNNB1,POLK,P35222,Q9UBT6,U,background,False,False,289,274,289,274,0,0,0,0,0,0,0,0,12,10,12,10,0,0,0.5
CTNNB1,TRIM28,P35222,Q13263,U,background,True,False,289,274,289,274,0,0,0,0,337,269,337,269,0,0,0,0,1,337,0.555921052631579
CTNNB1,GALNT4,P35222,Q8N4A0,U,background,False,False,289,274,289,274,0,0,0,0,0,0,0,0,0,0,0,0,0,0,0.5
CTNNB1,URI1,P35222,O94763,U,background,False,False,289,274,289,274,0,0,0,0,51,49,51,49,0,0,0,0,1,51,0.5098039215686274
CTNNB1,WAC,P35222,Q9BTA9,U,background,True,False,289,274,289,274,0,0,0,0,24,28,24,28,0,0,0,0,1,24,0.46296296296296297
CTNNB1,CSAD,P35222,Q9Y600,U,background,False,False,289,274,289,274,0,0,0,0,0,0,0,0,0,0,0,0,0,0,0.5
CTNNB1,ZNF560,P35222,Q96MR9,U,background,False,False,289,274,289,274,0,0,0,0,0,0,0,0,0,0,0,0,0,0,0.5
CTNNB1,EPB41L4B,P35222,Q9H329,U,background,False,False,289,274,289,274,0,0,0,0,0,0,0,0,12,11,12,11,0,0,0.5
CTNNB1,LTV1,P35222,Q96GA3,U,background,False,False,289,274,289,274,0,0,0,0,44,54,44,54,0,0,0,0,1,44,0.45
CTNNB1,PLCG2,P35222,P16885,U,background,False,False,289,274,289,274,0,0,0,0,0,0,0,0,0,0,0,0,0,0,0.5
CTNNB1,PMEL,P35222,P40967,U,background,False,False,289,274,289,274,0,0,0,0,0,0,0,0,9,10,9,10,0,0,0.5
CTNNB1,PGD,P35222,P52209,U,background,False,False,289,274,289,274,0,0,0,0,35,42,35,42,0,0,0,0,1,35,0.45569620253164556
CTNNB1,ALPK3,P35222,Q96L96,U,background,False,False,289,274,289,274,0,0,0,0,0,0,0,0,0,0,0,0,0,0,0.5
CTNNB1,LCA5L,P35222,O95447,U,background,False,False,289,274,289,274,0,0,0,0,13,13,13,13,0,0,0,0,1,13,0.5
CTNNB1,DDC,P35222,P20711,U,background,False,False,289,274,289,274,0,0,0,0,0,0,0,0,0,0,0,0,0,0,0.5
CTNNB1,FGD5,P35222,Q6ZNL6,U,background,True,False,289,274,289,274,0,0,0,0,51,74,51,74,0,0,0,0,1,51,0.4094488188976378
CTNNB1,TRIM72,P35222,Q6ZMU5,U,background,False,False,289,274,289,274,0,0,0,0,11,11,11,11,0,0,0,0,1,11,0.5
CTNNB1,MCMDC2,P35222,Q4G0Z9,U,background,False,False,289,274,289,274,0,0,0,0,0,0,0,0,0,0,0,0,0,0,0.5
CTNNB1,KIRREL3,P35222,Q8IZU9,U,background,False,False,289,274,289,274,0,0,0,0,0,0,0,0,0,0,0,0,0,0,0.5
CTNNB1,CPSF3,P35222,Q9UKF6,U,background,False,False,289,274,289,274,0,0,0,0,0,0,0,0,13,16,13,16,0,0,0.5
CTNNB1,IRX1,P35222,P78414,U,background,False,False,289,274,289,274,0,0,0,0,0,0,0,0,1,0,1,0,0,0,0.5
CTNNB1,SHE,P35222,Q5VZ18,U,background,False,False,289,274,289,274,0,0,0,0,3,2,3,2,0,0,0,0,1,3,0.5714285714285714
CTNNB1,ARHGEF2,P35222,Q92974,U,background,True,False,289,274,289,274,0,0,0,0,57,66,57,66,0,0,0,0,1,57,0.464
CTNNB1,MATN1,P35222,P21941,U,background,False,False,289,274,289,274,0,0,0,0,0,0,0,0,5,12,5,12,0,0,0.5
CTNNB1,CPT1A,P35222,P50416,U,background,False,False,289,274,289,274,0,0,0,0,0,0,0,0,0,0,0,0,0,0,0.5
CTNNB1,NKD1,P35222,Q969G9,U,background,False,False,289,274,289,274,0,0,0,0,0,0,0,0,1,3,1,3,0,0,0.5
CTNNB1,ERC2,P35222,O15083,U,background,False,False,289,274,289,274,0,0,0,0,0,0,0,0,0,0,0,0,0,0,0.5
CTNNB1,OSR2,P35222,Q8N2R0,U,context,False,False,289,274,289,274,0,0,0,0,0,0,0,0,0,0,0,0,0,0,0.5
CTNNB1,RIOX1,P35222,Q9H6W3,U,context,False,False,289,274,289,274,0,0,0,0,0,0,0,0,0,0,0,0,0,0,0.5
CTNNB1,ZNF528,P35222,Q3MIS6,U,context,False,False,289,274,289,274,0,0,0,0,0,0,0,0,0,0,0,0,0,0,0.5
CTNNB1,ZNF768,P35222,Q9H5H4,U,context,False,False,289,274,289,274,0,0,0,0,0,0,0,0,0,0,0,0,0,0,0.5
CTNNB1,HIPK1,P35222,Q86Z02,U,context,False,False,289,274,289,274,0,0,0,0,0,0,0,0,0,0,0,0,0,0,0.5
CTNNB1,GCM2,P35222,O75603,U,context,False,False,289,274,289,274,0,0,0,0,7,6,7,6,0,0,0,0,1,7,0.5333333333333333
CTNNB1,UCHL5,P35222,Q9Y5K5,U,context,False,False,289,274,289,274,0,0,0,0,0,0,0,0,0,0,0,0,0,0,0.5
CTNNB1,RNASEH2B,P35222,Q5TBB1,U,context,False,False,289,274,289,274,0,0,0,0,0,0,0,0,10,7,10,7,0,0,0.5
CTNNB1,PAX7,P35222,P23759,U,context,False,False,289,274,289,274,0,0,0,0,0,0,0,0,15,14,15,14,0,0,0.5
CTNNB1,SART1,P35222,O43290,U,context,False,False,289,274,289,274,0,0,0,0,0,0,0,0,0,0,0,0,0,0,0.5
CTNNB1,RAVER1,P35222,Q8IY67,U,context,False,False,289,274,289,274,0,0,0,0,0,0,0,0,0,0,0,0,0,0,0.5
CTNNB1,ANAPC5,P35222,Q9UJX4,U,context,False,False,289,274,289,274,0,0,0,0,0,0,0,0,0,0,0,0,0,0,0.5
CTNNB1,XPO4,P35222,Q9C0E2,U,context,False,False,289,274,289,274,0,0,0,0,0,0,0,0,0,0,0,0,0,0,0.5
CTNNB1,ZNF565,P35222,Q8N9K5,U,context,False,False,289,274,289,274,0,0,0,0,0,0,0,0,0,0,0,0,0,0,0.5
CTNNB1,POU5F2,P35222,Q8N7G0,U,context,False,False,289,274,289,274,0,0,0,0,0,0,0,0,0,0,0,0,0,0,0.5
CTNNB1,ZNF554,P35222,Q86TJ5,U,context,False,False,289,274,289,274,0,0,0,0,0,0,0,0,0,0,0,0,0,0,0.5
CTNNB1,NFKBIB,P35222,Q15653,U,context,False,False,289,274,289,274,0,0,0,0,40,40,40,40,0,0,0,0,1,40,0.5
CTNNB1,FOXR2,P35222,Q6PJQ5,U,context,False,False,289,274,289,274,0,0,0,0,0,0,0,0,0,0,0,0,0,0,0.5
CTNNB1,HEY2,P35222,Q9UBP5,U,context,False,False,289,274,289,274,0,0,0,0,0,0,0,0,0,0,0,0,0,0,0.5
CTNNB1,AEBP2,P35222,Q6ZN18,U,context,False,False,289,274,289,274,0,0,0,0,0,0,0,0,0,0,0,0,0,0,0.5
CTNNB1,NMD3,P35222,Q96D46,U,context,False,False,289,274,289,274,0,0,0,0,26,26,26,26,0,0,0,0,1,26,0.5
CTNNB1,DDX11L8,P35222,A8MPP1,U,context,False,False,289,274,289,274,0,0,0,0,0,0,0,0,0,0,0,0,0,0,0.5
CTNNB1,NCL,P35222,P19338,U,context,True,False,289,274,289,274,0,0,0,0,191,173,191,173,0,0,0,0,1,191,0.5245901639344263
CTNNB1,ZNF33A,P35222,Q06730,U,context,False,False,289,274,289,274,0,0,0,0,0,0,0,0,0,0,0,0,0,0,0.5
CTNNB1,MMP2,P35222,P08253,U,context,False,False,289,274,289,274,0,0,0,0,0,0,0,0,0,0,0,0,0,0,0.5
CTNNB1,PHF7,P35222,Q9BWX1,U,context,False,False,289,274,289,274,0,0,0,0,0,0,0,0,0,0,0,0,0,0,0.5
CTNNB1,SRBD1,P35222,Q8N5C6,U,context,False,False,289,274,289,274,0,0,0,0,0,0,0,0,20,27,20,27,0,0,0.5
CTNNB1,LPP,P35222,Q93052,U,context,False,False,289,274,289,274,0,0,0,0,0,0,0,0,0,0,0,0,0,0,0.5
CTNNB1,ZNF282,P35222,Q9UDV7,U,context,False,False,289,274,289,274,0,0,0,0,0,0,0,0,0,0,0,0,0,0,0.5
CTNNB1,MSL2,P35222,Q9HCI7,U,context,False,False,289,274,289,274,0,0,0,0,5,8,5,8,0,0,0,0,1,5,0.4
CTNNB1,INVS,P35222,Q9Y283,U,context,False,False,289,274,289,274,0,0,0,0,4,3,4,3,0,0,0,0,1,4,0.5555555555555556
CTNNB1,PIWIL4,P35222,Q7Z3Z4,U,context,False,False,289,274,289,274,0,0,0,0,0,0,0,0,0,0,0,0,0,0,0.5
CTNNB1,ORC1,P35222,Q13415,U,context,False,False,289,274,289,274,0,0,0,0,30,25,30,25,0,0,0,0,1,30,0.543859649122807
CTNNB1,FIRRM,P35222,Q9NSG2,U,context,False,False,289,274,289,274,0,0,0,0,4,2,4,2,0,0,0,0,1,4,0.625
CTNNB1,ZNF16,P35222,P17020,U,context,False,False,289,274,289,274,0,0,0,0,0,0,0,0,0,0,0,0,0,0,0.5
CTNNB1,RBM12,P35222,Q9NTZ6,U,context,False,False,289,274,289,274,0,0,0,0,25,16,25,16,0,0,0,0,1,25,0.6046511627906976
CTNNB1,PTOV1,P35222,Q86YD1,U,context,False,False,289,274,289,274,0,0,0,0,0,0,0,0,0,0,0,0,0,0,0.5
CTNNB1,TRAF4,P35222,Q9BUZ4,U,context,False,False,289,274,289,274,0,0,0,0,0,0,0,0,0,0,0,0,0,0,0.5
CTNNB1,BACH2,P35222,Q9BYV9,U,context,False,False,289,274,289,274,0,0,0,0,0,0,0,0,0,0,0,0,0,0,0.5
CTNNB1,GTF2A1L,P35222,Q9UNN4,U,context,False,False,289,274,289,274,0,0,0,0,0,0,0,0,4,5,4,5,0,0,0.5
CTNNB1,TRAPPC12,P35222,Q8WVT3,U,context,False,False,289,274,289,274,0,0,0,0,6,8,6,8,0,0,0,0,1,6,0.4375
CTNNB1,MEFV,P35222,O15553,U,context,False,False,289,274,289,274,0,0,0,0,7,4,7,4,0,0,0,0,1,7,0.6153846153846154
CTNNB1,UBXN7,P35222,O94888,U,context,False,False,289,274,289,274,0,0,0,0,0,0,0,0,21,28,21,28,0,0,0.5
CTNNB1,ZNF786,P35222,Q8N393,U,context,False,False,289,274,289,274,0,0,0,0,0,0,0,0,0,0,0,0,0,0,0.5
CTNNB1,FAF1,P35222,Q9UNN5,U,context,False,False,289,274,289,274,0,0,0,0,0,0,0,0,56,55,56,55,0,0,0.5
CTNNB1,AHR,P35222,P35869,U,context,False,False,289,274,289,274,0,0,0,0,0,0,0,0,0,0,0,0,0,0,0.5
CTNNB1,ZNF280D,P35222,Q6N043,U,context,False,False,289,274,289,274,0,0,0,0,0,0,0,0,0,0,0,0,0,0,0.5
CTNNB1,ZBED1,P35222,O96006,U,context,False,False,289,274,289,274,0,0,0,0,0,0,0,0,0,0,0,0,0,0,0.5
CTNNB1,PIAS3,P35222,Q9Y6X2,U,context,False,False,289,274,289,274,0,0,0,0,0,0,0,0,0,0,0,0,0,0,0.5
CTNNB1,UBQLN2,P35222,Q9UHD9,U,context,False,False,289,274,289,274,0,0,0,0,0,0,0,0,149,161,149,161,0,0,0.5
CTNNB1,ZNF777,P35222,Q9ULD5,U,background,False,False,289,274,289,274,0,0,0,0,0,0,0,0,0,0,0,0,0,0,0.5
CTNNB1,RPS6KA3,P35222,P51812,U,background,False,False,289,274,289,274,0,0,0,0,0,0,0,0,0,0,0,0,0,0,0.5
CTNNB1,ADAM7,P35222,Q9H2U9,U,background,False,False,289,274,289,274,0,0,0,0,0,0,0,0,2,7,2,7,0,0,0.5
CTNNB1,TLR9,P35222,Q9NR96,U,background,False,False,289,274,289,274,0,0,0,0,0,0,0,0,12,9,12,9,0,0,0.5
CTNNB1,TMPRSS7,P35222,Q7RTY8,U,background,False,False,289,274,289,274,0,0,0,0,0,0,0,0,0,0,0,0,0,0,0.5
CTNNB1,SEPTIN11,P35222,Q9NVA2,U,background,False,False,289,274,289,274,0,0,0,0,0,0,0,0,0,0,0,0,0,0,0.5
CTNNB1,NLK,P35222,Q9UBE8,U,background,True,False,289,274,289,274,0,0,0,0,19,23,19,23,0,0,0,0,1,19,0.45454545454545453
CTNNB1,SIRAL1,P35222,Q9BPY3,U,background,False,False,289,274,289,274,0,0,0,0,0,0,0,0,0,0,0,0,0,0,0.5
CTNNB1,RBFOX1,P35222,Q9NWB1,U,background,False,False,289,274,289,274,0,0,0,0,29,18,29,18,0,0,0,0,1,29,0.6122448979591837
CTNNB1,IDS,P35222,P22304,U,background,False,False,289,274,289,274,0,0,0,0,0,0,0,0,34,36,34,36,0,0,0.5
CTNNB1,GALNT6,P35222,Q8NCL4,U,background,False,False,289,274,289,274,0,0,0,0,0,0,0,0,0,0,0,0,0,0,0.5
CTNNB1,LIPK,P35222,Q5VXJ0,U,background,False,False,289,274,289,274,0,0,0,0,0,0,0,0,0,0,0,0,0,0,0.5
CTNNB1,PHTF2,P35222,Q8N3S3,U,background,False,False,289,274,289,274,0,0,0,0,0,0,0,0,0,0,0,0,0,0,0.5
CTNNB1,TRIM16L,P35222,Q309B1,U,background,False,False,289,274,289,274,0,0,0,0,0,0,0,0,0,0,0,0,0,0,0.5
CTNNB1,C7,P35222,P10643,U,background,False,False,289,274,289,274,0,0,0,0,0,0,0,0,2,2,2,2,0,0,0.5
CTNNB1,MPP4,P35222,Q96JB8,U,background,False,False,289,274,289,274,0,0,0,0,1,0,1,0,0,0,0,0,1,1,0.6666666666666666
CTNNB1,FHOD1,P35222,Q9Y613,U,background,False,False,289,274,289,274,0,0,0,0,16,30,16,30,0,0,0,0,1,16,0.3541666666666667
CTNNB1,SLC22A4,P35222,Q9H015,U,background,False,False,289,274,289,274,0,0,0,0,0,0,0,0,0,0,0,0,0,0,0.5
CTNNB1,NR1H4,P35222,Q96RI1,U,background,False,False,289,274,289,274,0,0,0,0,0,0,0,0,5,9,5,9,0,0,0.5
CTNNB1,CDC123,P35222,O75794,U,background,False,False,289,274,289,274,0,0,0,0,13,19,13,19,0,0,0,0,1,13,0.4117647058823529
CTNNB1,FAM131A,P35222,Q6UXB0,U,background,False,False,289,274,289,274,0,0,0,0,2,0,2,0,0,0,0,0,1,2,0.75
CTNNB1,AGT,P35222,P01019,U,background,False,False,289,274,289,274,0,0,0,0,0,0,0,0,11,11,11,11,0,0,0.5
CTNNB1,ATXN10,P35222,Q9UBB4,U,background,False,False,289,274,289,274,0,0,0,0,39,30,39,30,0,0,0,0,1,39,0.5633802816901409
CTNNB1,ADRM1,P35222,Q16186,U,background,False,False,289,274,289,274,0,0,0,0,49,46,49,46,0,0,0,0,1,49,0.5154639175257731
CTNNB1,SGSM2,P35222,O43147,U,background,False,False,289,274,289,274,0,0,0,0,0,0,0,0,4,4,4,4,0,0,0.5
CTNNB1,CNOT11,P35222,Q9UKZ1,U,background,False,False,289,274,289,274,0,0,0,0,0,0,0,0,0,0,0,0,0,0,0.5
CTNNB1,ARMCX3,P35222,Q9UH62,U,background,False,False,289,274,289,274,0,0,0,0,0,0,0,0,0,0,0,0,0,0,0.5
CTNNB1,POMGNT2,P35222,Q8NAT1,U,background,False,False,289,274,289,274,0,0,0,0,0,0,0,0,0,0,0,0,0,0,0.5
CTNNB1,TTC6,P35222,Q86TZ1,U,background,False,False,289,274,289,274,0,0,0,0,0,0,0,0,0,0,0,0,0,0,0.5
CTNNB1,EFL1,P35222,Q7Z2Z2,U,background,False,False,289,274,289,274,0,0,0,0,0,0,0,0,0,0,0,0,0,0,0.5
CTNNB1,SIGLEC5,P35222,O15389,U,background,False,False,289,274,289,274,0,0,0,0,0,0,0,0,8,9,8,9,0,0,0.5
CTNNB1,ENTR1,P35222,Q96C92,U,background,False,False,289,274,289,274,0,0,0,0,0,0,0,0,0,0,0,0,0,0,0.5
CTNNB1,ABCB6,P35222,Q9NP58,U,background,False,False,289,274,289,274,0,0,0,0,20,15,20,15,0,0,0,0,1,20,0.5675675675675675
CTNNB1,TXNIP,P35222,Q9H3M7,U,background,False,False,289,274,289,274,0,0,0,0,0,0,0,0,0,0,0,0,0,0,0.5
CTNNB1,TACR2,P35222,P21452,U,background,False,False,289,274,289,274,0,0,0,0,0,0,0,0,0,0,0,0,0,0,0.5
CTNNB1,TMEM43,P35222,Q9BTV4,U,background,False,False,289,274,289,274,0,0,0,0,0,0,0,0,32,22,32,22,0,0,0.5
CTNNB1,ATG16L2,P35222,Q8NAA4,U,background,False,False,289,274,289,274,0,0,0,0,4,9,4,9,0,0,0,0,1,4,0.3333333333333333
CTNNB1,PTCHD4,P35222,Q6ZW05,U,background,False,False,289,274,289,274,0,0,0,0,0,0,0,0,0,0,0,0,0,0,0.5
CTNNB1,CDC25B,P35222,P30305,U,background,False,False,289,274,289,274,0,0,0,0,0,0,0,0,17,13,17,13,0,0,0.5
CTNNB1,ABTB1,P35222,Q969K4,U,background,False,False,289,274,289,274,0,0,0,0,5,4,5,4,0,0,0,0,1,5,0.5454545454545454
CTNNB1,USP17L6P,P35222,Q6QN14,U,background,False,False,289,274,289,274,0,0,0,0,0,0,0,0,0,0,0,0,0,0,0.5
CTNNB1,GPR137B,P35222,O60478,U,background,False,False,289,274,289,274,0,0,0,0,0,0,0,0,0,0,0,0,0,0,0.5
CTNNB1,SLC7A8,P35222,Q9UHI5,U,background,False,False,289,274,289,274,0,0,0,0,0,0,0,0,0,0,0,0,0,0,0.5
CTNNB1,BICD2,P35222,Q8TD16,U,background,False,False,289,274,289,274,0,0,0,0,0,0,0,0,0,0,0,0,0,0,0.5
CTNNB1,PHACTR1,P35222,Q9C0D0,U,background,False,False,289,274,289,274,0,0,0,0,0,0,0,0,2,1,2,1,0,0,0.5
CTNNB1,SRGAP1,P35222,Q7Z6B7,U,background,False,False,289,274,289,274,0,0,0,0,0,0,0,0,0,0,0,0,0,0,0.5
CTNNB1,FOXL1,P35222,Q12952,U,background,False,False,289,274,289,274,0,0,0,0,0,0,0,0,0,0,0,0,0,0,0.5
CTNNB1,GTPBP1,P35222,O00178,U,background,False,False,289,274,289,274,0,0,0,0,0,0,0,0,0,0,0,0,0,0,0.5
CTNNB1,DGCR8,P35222,Q8WYQ5,U,background,False,False,289,274,289,274,0,0,0,0,73,68,73,68,0,0,0,0,1,73,0.5174825174825175
CTNNB1,HCAR1,P35222,Q9BXC0,U,background,False,False,289,274,289,274,0,0,0,0,0,0,0,0,0,0,0,0,0,0,0.5
CTNNB1,MASP2,P35222,O00187,U,low_plausibility,False,False,289,274,289,274,0,0,0,0,0,0,0,0,0,0,0,0,0,0,0.5
CTNNB1,PLOD3,P35222,O60568,U,low_plausibility,False,False,289,274,289,274,0,0,0,0,0,0,0,0,35,49,35,49,0,0,0.5
CTNNB1,ANGPTL1,P35222,O95841,U,low_plausibility,False,False,289,274,289,274,0,0,0,0,0,0,0,0,0,0,0,0,0,0,0.5
CTNNB1,C1R,P35222,P00736,U,low_plausibility,False,False,289,274,289,274,0,0,0,0,0,0,0,0,5,6,5,6,0,0,0.5
CTNNB1,PLG,P35222,P00747,U,low_plausibility,False,False,289,274,289,274,0,0,0,0,0,0,0,0,0,0,0,0,0,0,0.5
CTNNB1,FGA,P35222,P02671,U,low_plausibility,False,False,289,274,289,274,0,0,0,0,0,0,0,0,19,24,19,24,0,0,0.5
CTNNB1,PROC,P35222,P04070,U,low_plausibility,False,False,289,274,289,274,0,0,0,0,0,0,0,0,9,14,9,14,0,0,0.5
CTNNB1,CHGB,P35222,P05060,U,low_plausibility,False,False,289,274,289,274,0,0,0,0,0,0,0,0,10,8,10,8,0,0,0.5
CTNNB1,SERPING1,P35222,P05155,U,low_plausibility,False,False,289,274,289,274,0,0,0,0,0,0,0,0,21,29,21,29,0,0,0.5
CTNNB1,CFI,P35222,P05156,U,low_plausibility,False,False,289,274,289,274,0,0,0,0,0,0,0,0,8,8,8,8,0,0,0.5
CTNNB1,PCCA,P35222,P05165,U,low_plausibility,False,False,289,274,289,274,0,0,0,0,30,23,30,23,0,0,0,0,1,30,0.5636363636363636
CTNNB1,C2,P35222,P06681,U,low_plausibility,False,False,289,274,289,274,0,0,0,0,0,0,0,0,0,0,0,0,0,0,0.5
CTNNB1,PSAP,P35222,P07602,U,low_plausibility,False,False,289,274,289,274,0,0,0,0,0,0,0,0,18,19,18,19,0,0,0.5
CTNNB1,LIPC,P35222,P11150,U,low_plausibility,False,False,289,274,289,274,0,0,0,0,0,0,0,0,0,0,0,0,0,0,0.5
CTNNB1,CETP,P35222,P11597,U,low_plausibility,False,False,289,274,289,274,0,0,0,0,2,3,2,3,0,0,0,0,1,2,0.42857142857142855
CTNNB1,PDIA4,P35222,P13667,U,low_plausibility,False,False,289,274,289,274,0,0,0,0,0,0,0,0,0,0,0,0,0,0,0.5
CTNNB1,HSP90B1,P35222,P14625,U,low_plausibility,False,False,289,274,289,274,0,0,0,0,0,0,0,0,77,74,77,74,0,0,0.5
CTNNB1,CEL,P35222,P19835,U,low_plausibility,False,False,289,274,289,274,0,0,0,0,0,0,0,0,3,1,3,1,0,0,0.5
CTNNB1,ME2,P35222,P23368,U,low_plausibility,False,False,289,274,289,274,0,0,0,0,0,0,0,0,0,0,0,0,0,0,0.5
CTNNB1,GLUD2,P35222,P49448,U,low_plausibility,False,False,289,274,289,274,0,0,0,0,0,0,0,0,0,0,0,0,0,0,0.5
CTNNB1,COMP,P35222,P49747,U,low_plausibility,False,False,289,274,289,274,0,0,0,0,0,0,0,0,0,0,0,0,0,0,0.5
CTNNB1,PNLIPRP1,P35222,P54315,U,low_plausibility,False,False,289,274,289,274,0,0,0,0,0,0,0,0,0,0,0,0,0,0,0.5
CTNNB1,ALDH18A1,P35222,P54886,U,low_plausibility,False,False,289,274,289,274,0,0,0,0,0,0,0,0,0,0,0,0,0,0,0.5
CTNNB1,GPLD1,P35222,P80108,U,low_plausibility,False,False,289,274,289,274,0,0,0,0,0,0,0,0,2,0,2,0,0,0,0.5
CTNNB1,LGALS3BP,P35222,Q08380,U,low_plausibility,False,False,289,274,289,274,0,0,0,0,0,0,0,0,0,0,0,0,0,0,0.5
CTNNB1,PMPCA,P35222,Q10713,U,low_plausibility,False,False,289,274,289,274,0,0,0,0,0,0,0,0,94,73,94,73,0,0,0.5
CTNNB1,TRAP1,P35222,Q12931,U,low_plausibility,False,False,289,274,289,274,0,0,0,0,0,0,0,0,86,67,86,67,0,0,0.5
CTNNB1,PLA2G7,P35222,Q13093,U,low_plausibility,False,False,289,274,289,274,0,0,0,0,0,0,0,0,1,1,1,1,0,0,0.5
CTNNB1,OS9,P35222,Q13438,U,low_plausibility,False,False,289,274,289,274,0,0,0,0,26,33,26,33,0,0,0,0,1,26,0.4426229508196721
CTNNB1,HABP2,P35222,Q14520,U,low_plausibility,False,False,289,274,289,274,0,0,0,0,0,0,0,0,2,6,2,6,0,0,0.5
CTNNB1,POSTN,P35222,Q15063,U,low_plausibility,False,False,289,274,289,274,0,0,0,0,0,0,0,0,0,0,0,0,0,0,0.5
CTNNB1,TGFBI,P35222,Q15582,U,low_plausibility,False,False,289,274,289,274,0,0,0,0,0,0,0,0,0,0,0,0,0,0,0.5
CTNNB1,PRSS53,P35222,Q2L4Q9,U,low_plausibility,False,False,289,274,289,274,0,0,0,0,0,0,0,0,0,0,0,0,0,0,0.5
CTNNB1,ACSM3,P35222,Q53FZ2,U,low_plausibility,False,False,289,274,289,274,0,0,0,0,0,0,0,0,1,2,1,2,0,0,0.5
CTNNB1,PRSS36,P35222,Q5K4E3,U,low_plausibility,False,False,289,274,289,274,0,0,0,0,0,0,0,0,0,0,0,0,0,0,0.5
CTNNB1,PDE12,P35222,Q6L8Q7,U,low_plausibility,False,False,289,274,289,274,0,0,0,0,0,0,0,0,25,20,25,20,0,0,0.5
CTNNB1,CHADL,P35222,Q6NUI6,U,low_plausibility,False,False,289,274,289,274,0,0,0,0,0,0,0,0,0,0,0,0,0,0,0.5
CTNNB1,ADAMTSL5,P35222,Q6ZMM2,U,low_plausibility,False,False,289,274,289,274,0,0,0,0,0,0,0,0,1,3,1,3,0,0,0.5
CTNNB1,FOXRED2,P35222,Q8IWF2,U,low_plausibility,False,False,289,274,289,274,0,0,0,0,0,0,0,0,19,25,19,25,0,0,0.5
CTNNB1,SULF2,P35222,Q8IWU5,U,low_plausibility,False,False,289,274,289,274,0,0,0,0,0,0,0,0,0,0,0,0,0,0,0.5
CTNNB1,DNAJC10,P35222,Q8IXB1,U,low_plausibility,False,False,289,274,289,274,0,0,0,0,0,0,0,0,0,0,0,0,0,0,0.5
CTNNB1,BMPER,P35222,Q8N8U9,U,low_plausibility,False,False,289,274,289,274,0,0,0,0,0,0,0,0,2,4,2,4,0,0,0.5
CTNNB1,COLGALT1,P35222,Q8NBJ5,U,low_plausibility,False,False,289,274,289,274,0,0,0,0,0,0,0,0,0,0,0,0,0,0,0.5
CTNNB1,NDNF,P35222,Q8TB73,U,low_plausibility,False,False,289,274,289,274,0,0,0,0,0,0,0,0,1,0,1,0,0,0,0.5
CTNNB1,MCCC1,P35222,Q96RQ3,U,low_plausibility,False,False,289,274,289,274,0,0,0,0,49,46,49,46,0,0,0,0,1,49,0.5154639175257731
CTNNB1,TWNK,P35222,Q96RR1,U,low_plausibility,False,False,289,274,289,274,0,0,0,0,34,28,34,28,0,0,0,0,1,34,0.546875
CTNNB1,EDEM2,P35222,Q9BV94,U,low_plausibility,False,False,289,274,289,274,0,0,0,0,0,0,0,0,0,0,0,0,0,0,0.5
CTNNB1,ACSS3,P35222,Q9H6R3,U,low_plausibility,False,False,289,274,289,274,0,0,0,0,0,0,0,0,1,1,1,1,0,0,0.5
CTNNB1,ACSS1,P35222,Q9NUB1,U,low_plausibility,False,False,289,274,289,274,0,0,0,0,0,0,0,0,7,6,7,6,0,0,0.5
CTNNB1,C1RL,P35222,Q9NZP8,U,low_plausibility,False,False,289,274,289,274,0,0,0,0,0,0,0,0,0,0,0,0,0,0,0.5
CTNNB1,A2ML1,P35222,A8K2U0,U,low_plausibility,False,False,289,274,289,274,0,0,0,0,0,0,0,0,23,22,23,22,0,0,0.5
CTNNB1,NCAN,P35222,O14594,U,low_plausibility,False,False,289,274,289,274,0,0,0,0,0,0,0,0,4,5,4,5,0,0,0.5
CTNNB1,PTCD1,P35222,O75127,U,low_plausibility,False,False,289,274,289,274,0,0,0,0,38,23,38,23,0,0,0,0,1,38,0.6190476190476191
CTNNB1,CILP,P35222,O75339,U,low_plausibility,False,False,289,274,289,274,0,0,0,0,0,0,0,0,1,1,1,1,0,0,0.5
CTNNB1,SLIT2,P35222,O94813,U,low_plausibility,False,False,289,274,289,274,0,0,0,0,0,0,0,0,0,0,0,0,0,0,0.5
CTNNB1,CP,P35222,P00450,U,low_plausibility,False,False,289,274,289,274,0,0,0,0,0,0,0,0,0,0,0,0,0,0,0.5
CTNNB1,F9,P35222,P00740,U,low_plausibility,False,False,289,274,289,274,0,0,0,0,0,0,0,0,0,0,0,0,0,0,0.5
CTNNB1,C3,P35222,P01024,U,low_plausibility,False,False,289,274,289,274,0,0,0,0,0,0,0,0,0,0,0,0,0,0,0.5
CTNNB1,FGB,P35222,P02675,U,low_plausibility,False,False,289,274,289,274,0,0,0,0,0,0,0,0,48,55,48,55,0,0,0.5
CTNNB1,GC,P35222,P02774,U,low_plausibility,False,False,289,274,289,274,0,0,0,0,7,16,7,16,0,0,0,0,1,7,0.32
CTNNB1,VTN,P35222,P04004,U,low_plausibility,False,False,289,274,289,274,0,0,0,0,0,0,0,0,51,45,51,45,0,0,0.5
CTNNB1,HRG,P35222,P04196,U,low_plausibility,False,False,289,274,289,274,0,0,0,0,0,0,0,0,14,14,14,14,0,0,0.5
CTNNB1,F13B,P35222,P05160,U,low_plausibility,False,False,289,274,289,274,0,0,0,0,0,0,0,0,6,16,6,16,0,0,0.5
CTNNB1,PC,P35222,P11498,U,low_plausibility,False,False,289,274,289,274,0,0,0,0,38,45,38,45,0,0,0,0,1,38,0.4588235294117647
CTNNB1,BMP1,P35222,P13497,U,low_plausibility,False,False,289,274,289,274,0,0,0,0,0,0,0,0,0,0,0,0,0,0,0.5
CTNNB1,SMPD1,P35222,P17405,U,low_plausibility,False,False,289,274,289,274,0,0,0,0,0,0,0,0,13,11,13,11,0,0,0.5
CTNNB1,PDIA3,P35222,P30101,U,low_plausibility,False,False,289,274,289,274,0,0,0,0,0,0,0,0,0,0,0,0,0,0,0.5
CTNNB1,COL15A1,P35222,P39059,U,low_plausibility,False,False,289,274,289,274,0,0,0,0,0,0,0,0,0,0,0,0,0,0,0.5
CTNNB1,POLG,P35222,P54098,U,low_plausibility,False,False,289,274,289,274,0,0,0,0,32,28,32,28,0,0,0,0,1,32,0.532258064516129
CTNNB1,ADAMTSL3,P35222,P82987,U,low_plausibility,False,False,289,274,289,274,0,0,0,0,0,0,0,0,0,0,0,0,0,0,0.5
CTNNB1,HGFAC,P35222,Q04756,U,low_plausibility,False,False,289,274,289,274,0,0,0,0,0,0,0,0,8,13,8,13,0,0,0.5
CTNNB1,MMRN1,P35222,Q13201,U,low_plausibility,False,False,289,274,289,274,0,0,0,0,0,0,0,0,3,7,3,7,0,0,0.5
CTNNB1,PAPPA,P35222,Q13219,U,low_plausibility,False,False,289,274,289,274,0,0,0,0,0,0,0,0,0,0,0,0,0,0,0.5
CTNNB1,TOP3A,P35222,Q13472,U,low_plausibility,False,False,289,274,289,274,0,0,0,0,0,0,0,0,21,9,21,9,0,0,0.5
CTNNB1,LTBP1,P35222,Q14766,U,low_plausibility,False,False,289,274,289,274,0,0,0,0,0,0,0,0,0,0,0,0,0,0,0.5
CTNNB1,PITRM1,P35222,Q5JRX3,U,low_plausibility,False,False,289,274,289,274,0,0,0,0,17,29,17,29,0,0,0,0,1,17,0.375
CTNNB1,THSD4,P35222,Q6ZMP0,U,low_plausibility,False,False,289,274,289,274,0,0,0,0,0,0,0,0,13,20,13,20,0,0,0.5
CTNNB1,ADAMTS13,P35222,Q76LX8,U,low_plausibility,False,False,289,274,289,274,0,0,0,0,0,0,0,0,3,10,3,10,0,0,0.5
CTNNB1,FASTKD5,P35222,Q7L8L6,U,low_plausibility,False,False,289,274,289,274,0,0,0,0,0,0,0,0,80,68,80,68,0,0,0.5
CTNNB1,LONP2,P35222,Q86WA8,U,low_plausibility,False,False,289,274,289,274,0,0,0,0,19,23,19,23,0,0,0,0,1,19,0.45454545454545453
CTNNB1,CILP2,P35222,Q8IUL8,U,low_plausibility,False,False,289,274,289,274,0,0,0,0,0,0,0,0,0,0,0,0,0,0,0.5
CTNNB1,SULF1,P35222,Q8IWU6,U,low_plausibility,False,False,289,274,289,274,0,0,0,0,0,0,0,0,8,9,8,9,0,0,0.5
CTNNB1,LTBP4,P35222,Q8N2S1,U,low_plausibility,False,False,289,274,289,274,0,0,0,0,0,0,0,0,0,0,0,0,0,0,0.5
CTNNB1,ADAMTSL1,P35222,Q8N6G6,U,low_plausibility,False,False,289,274,289,274,0,0,0,0,0,0,0,0,0,0,0,0,0,0,0.5
CTNNB1,CIROZ,P35222,Q8N9H9,U,low_plausibility,False,False,289,274,289,274,0,0,0,0,0,1,0,0,0,0,0,0,0,0,0.5
CTNNB1,SNED1,P35222,Q8TER0,U,low_plausibility,False,False,289,274,289,274,0,0,0,0,0,0,0,0,1,2,1,2,0,0,0.5
CTNNB1,PRG4,P35222,Q92954,U,low_plausibility,False,False,289,274,289,274,0,0,0,0,0,0,0,0,0,0,0,0,0,0,0.5
CTNNB1,TBRG4,P35222,Q969Z0,U,low_plausibility,False,False,289,274,289,274,0,0,0,0,0,0,0,0,0,0,0,0,0,0,0.5
CTNNB1,ERO1A,P35222,Q96HE7,U,low_plausibility,False,False,289,274,289,274,0,0,0,0,0,0,0,0,0,0,0,0,0,0,0.5
CTNNB1,ADAMTS10,P35222,Q9H324,U,low_plausibility,False,False,289,274,289,274,0,0,0,0,0,0,0,0,0,0,0,0,0,0,0.5
CTNNB1,MMRN2,P35222,Q9H8L6,U,low_plausibility,False,False,289,274,289,274,0,0,0,0,1,2,1,2,0,0,0,0,1,1,0.4
CTNNB1,MCCC2,P35222,Q9HCC0,U,low_plausibility,False,False,289,274,289,274,0,0,0,0,44,46,44,46,0,0,0,0,1,44,0.4891304347826087
CTNNB1,SCUBE2,P35222,Q9NQ36,U,low_plausibility,False,False,289,274,289,274,0,0,0,0,0,0,0,0,0,1,0,1,0,0,0.5
CTNNB1,CRTAC1,P35222,Q9NQ79,U,low_plausibility,False,False,289,274,289,274,0,0,0,0,0,0,0,0,8,7,8,7,0,0,0.5
CTNNB1,LTBP3,P35222,Q9NS15,U,low_plausibility,False,False,289,274,289,274,0,0,0,0,0,0,0,0,9,11,9,11,0,0,0.5
CTNNB1,UGGT2,P35222,Q9NYU1,U,low_plausibility,False,False,289,274,289,274,0,0,0,0,0,0,0,0,0,0,0,0,0,0,0.5
CTNNB1,ADAMTS5,P35222,Q9UNA0,U,low_plausibility,False,False,289,274,289,274,0,0,0,0,0,0,0,0,0,0,0,0,0,0,0.5
CTNNB1,TNN,P35222,Q9UQP3,U,low_plausibility,False,False,289,274,289,274,0,0,0,0,0,0,0,0,1,1,1,1,0,0,0.5
CTNNB1,CPQ,P35222,Q9Y646,U,low_plausibility,False,False,289,274,289,274,0,0,0,0,0,0,0,0,0,0,0,0,0,0,0.5
CTNNB1,EMILIN1,P35222,Q9Y6C2,U,low_plausibility,False,False,289,274,289,274,0,0,0,0,0,0,0,0,16,18,16,18,0,0,0.5
CTNNB1,GREP1,P35222,A0A0J9YXV3,U,low_plausibility,False,False,289,274,289,274,0,0,0,0,0,0,0,0,0,0,0,0,0,0,0.5
CTNNB1,CLEC18A,P35222,A5D8T8,U,low_plausibility,False,False,289,274,289,274,0,0,0,0,0,0,0,0,3,2,3,2,0,0,0.5
CTNNB1,ANGPT2,P35222,O15123,U,low_plausibility,False,False,289,274,289,274,0,0,0,0,0,0,0,0,0,0,0,0,0,0,0.5
CTNNB1,COCH,P35222,O43405,U,low_plausibility,False,False,289,274,289,274,0,0,0,0,0,0,0,0,18,11,18,11,0,0,0.5
CTNNB1,TIMM44,P35222,O43615,U,low_plausibility,False,False,289,274,289,274,0,0,0,0,0,0,0,0,0,0,0,0,0,0,0.5
CTNNB1,ENTPD5,P35222,O75356,U,low_plausibility,False,False,289,274,289,274,0,0,0,0,0,0,0,0,0,0,0,0,0,0,0.5
CTNNB1,PMPCB,P35222,O75439,U,low_plausibility,False,False,289,274,289,274,0,0,0,0,0,0,0,0,98,93,98,93,0,0,0.5
CTNNB1,CRLF1,P35222,O75462,U,low_plausibility,False,False,289,274,289,274,0,0,0,0,0,0,0,0,23,24,23,24,0,0,0.5
CTNNB1,OTC,P35222,P00480,U,low_plausibility,False,False,289,274,289,274,0,0,0,0,0,0,0,0,30,25,30,25,0,0,0.5
CTNNB1,PLAU,P35222,P00749,U,low_plausibility,False,False,289,274,289,274,0,0,0,0,0,0,0,0,20,35,20,35,0,0,0.5
CTNNB1,FGG,P35222,P02679,U,low_plausibility,False,False,289,274,289,274,0,0,0,0,0,0,0,0,19,31,19,31,0,0,0.5
CTNNB1,BCHE,P35222,P06276,U,low_plausibility,False,False,289,274,289,274,0,0,0,0,0,0,0,0,0,0,0,0,0,0,0.5
CTNNB1,INHBA,P35222,P08476,U,low_plausibility,False,False,289,274,289,274,0,0,0,0,0,0,0,0,12,4,12,4,0,0,0.5
CTNNB1,F7,P35222,P08709,U,low_plausibility,False,False,289,274,289,274,0,0,0,0,0,0,0,0,7,10,7,10,0,0,0.5
CTNNB1,ACAA1,P35222,P09110,U,low_plausibility,False,False,289,274,289,274,0,0,0,0,0,0,0,0,10,8,10,8,0,0,0.5
CTNNB1,SPP1,P35222,P10451,U,low_plausibility,False,False,289,274,289,274,0,0,0,0,0,0,0,0,30,28,30,28,0,0,0.5
CTNNB1,ETFA,P35222,P13804,U,low_plausibility,False,False,289,274,289,274,0,0,0,0,0,0,0,0,53,51,53,51,0,0,0.5
CTNNB1,PNLIP,P35222,P16233,U,low_plausibility,False,False,289,274,289,274,0,0,0,0,0,0,0,0,0,0,0,0,0,0,0.5
CTNNB1,CFP,P35222,P27918,U,low_plausibility,False,False,289,274,289,274,0,0,0,0,0,0,0,0,16,13,16,13,0,0,0.5
CTNNB1,LRPAP1,P35222,P30533,U,low_plausibility,False,False,289,274,289,274,0,0,0,0,0,0,0,0,36,45,36,45,0,0,0.5
CTNNB1,MDH2,P35222,P40926,U,low_plausibility,False,False,289,274,289,274,0,0,0,0,140,102,140,102,0,0,0,0,1,140,0.5778688524590164
CTNNB1,MMP13,P35222,P45452,U,low_plausibility,False,False,289,274,289,274,0,0,0,0,0,0,0,0,0,0,0,0,0,0,0.5
CTNNB1,LOXL1,P35222,Q08397,U,low_plausibility,False,False,289,274,289,274,0,0,0,0,0,0,0,0,2,5,2,5,0,0,0.5
CTNNB1,HYAL1,P35222,Q12794,U,low_plausibility,False,False,289,274,289,274,0,0,0,0,0,0,0,0,0,0,0,0,0,0,0.5
CTNNB1,ANGPT1,P35222,Q15389,U,low_plausibility,False,False,289,274,289,274,0,0,0,0,0,0,0,0,0,0,0,0,0,0,0.5
CTNNB1,CEACAM16,P35222,Q2WEN9,U,low_plausibility,False,False,289,274,289,274,0,0,0,0,0,0,0,0,1,1,1,1,0,0,0.5
CTNNB1,PKDCC,P35222,Q504Y2,U,low_plausibility,False,False,289,274,289,274,0,0,0,0,4,5,4,5,0,0,0,0,1,4,0.45454545454545453
CTNNB1,ARSI,P35222,Q5FYB1,U,low_plausibility,False,False,289,274,289,274,0,0,0,0,0,0,0,0,2,1,2,1,0,0,0.5
CTNNB1,MRM1,P35222,Q6IN84,U,low_plausibility,False,False,289,274,289,274,0,0,0,0,0,0,0,0,91,78,91,78,0,0,0.5
CTNNB1,PI16,P35222,Q6UXB8,U,low_plausibility,False,False,289,274,289,274,0,0,0,0,0,0,0,0,4,6,4,6,0,0,0.5
CTNNB1,PYROXD2,P35222,Q8N2H3,U,low_plausibility,False,False,289,274,289,274,0,0,0,0,0,0,0,0,0,1,0,1,0,0,0.5
CTNNB1,CPA6,P35222,Q8N4T0,U,low_plausibility,False,False,289,274,289,274,0,0,0,0,0,0,0,0,2,2,2,2,0,0,0.5
CTNNB1,POGLUT1,P35222,Q8NBL1,U,low_plausibility,False,False,289,274,289,274,0,0,0,0,0,0,0,0,7,8,7,8,0,0,0.5
CTNNB1,PLBD2,P35222,Q8NHP8,U,low_plausibility,False,False,289,274,289,274,0,0,0,0,14,16,14,16,0,0,0,0,1,14,0.46875
CTNNB1,HPSE2,P35222,Q8WWQ2,U,low_plausibility,False,False,289,274,289,274,0,0,0,0,3,2,3,2,0,0,0,0,1,3,0.5714285714285714
CTNNB1,GGH,P35222,Q92820,U,low_plausibility,False,False,289,274,289,274,0,0,0,0,0,0,0,0,62,74,62,74,0,0,0.5
CTNNB1,RCN3,P35222,Q96D15,U,low_plausibility,False,False,289,274,289,274,0,0,0,0,0,0,0,0,0,0,0,0,0,0,0.5
CTNNB1,CNDP1,P35222,Q96KN2,U,low_plausibility,False,False,289,274,289,274,0,0,0,0,0,1,0,1,0,0,0,0,1,0,0.3333333333333333
CTNNB1,FAM20A,P35222,Q96MK3,U,low_plausibility,False,False,289,274,289,274,0,0,0,0,0,0,0,0,0,0,0,0,0,0,0.5
CTNNB1,TEFM,P35222,Q96QE5,U,low_plausibility,False,False,289,274,289,274,0,0,0,0,0,0,0,0,68,62,68,62,0,0,0.5
CTNNB1,TINAGL1,P35222,Q9GZM7,U,low_plausibility,False,False,289,274,289,274,0,0,0,0,0,0,0,0,0,0,0,0,0,0,0.5
CTNNB1,SIL1,P35222,Q9H173,U,low_plausibility,False,False,289,274,289,274,0,0,0,0,6,7,6,7,0,0,0,0,1,6,0.4666666666666667
CTNNB1,MEPE,P35222,Q9NQ76,U,low_plausibility,False,False,289,274,289,274,0,0,0,0,3,4,3,4,0,0,0,0,1,3,0.4444444444444444
CTNNB1,OLFML3,P35222,Q9NRN5,U,low_plausibility,False,False,289,274,289,274,0,0,0,0,4,3,4,3,0,0,0,0,1,4,0.5555555555555556
CTNNB1,TMLHE,P35222,Q9NVH6,U,low_plausibility,False,False,289,274,289,274,0,0,0,0,0,0,0,0,0,0,0,0,0,0,0.5
CTNNB1,ADA2,P35222,Q9NZK5,U,low_plausibility,False,False,289,274,289,274,0,0,0,0,0,0,0,0,0,0,0,0,0,0,0.5
CTNNB1,DNAJB11,P35222,Q9UBS4,U,low_plausibility,False,False,289,274,289,274,0,0,0,0,0,0,0,0,0,0,0,0,0,0,0.5
CTNNB1,WARS2,P35222,Q9UGM6,U,low_plausibility,False,False,289,274,289,274,0,0,0,0,0,0,0,0,6,3,6,3,0,0,0.5
CTNNB1,GDF2,P35222,Q9UK05,U,low_plausibility,False,False,289,274,289,274,0,0,0,0,0,0,0,0,1,1,1,1,0,0,0.5
CTNNB1,LIPG,P35222,Q9Y5X9,U,low_plausibility,False,False,289,274,289,274,0,0,0,0,0,0,0,0,22,25,22,25,0,0,0.5
TNFRSF1A,TNF,P19438,P01375,P,,False,False,0,0,0,0,58,70,58,70,85,90,85,90,0,0,0,0,1,85,0.4858757062146893
TNFRSF1A,LTA,P19438,P01374,P,,False,False,0,0,0,0,58,70,58,70,7,6,7,6,0,0,0,0,1,7,0.5333333333333333
TNFRSF1A,TRADD,P19438,Q15628,P,,False,False,0,0,0,0,58,70,58,70,45,47,45,47,0,0,0,0,1,45,0.48936170212765956
TNFRSF1A,TMPRSS11B,P19438,Q86T26,U,context,True,False,0,0,0,0,58,70,58,70,0,0,0,0,92,89,92,89,0,0,0.5
TNFRSF1A,MRAP,P19438,Q8TCY5,U,context,False,False,0,0,0,0,58,70,58,70,1,2,1,2,0,0,0,0,1,1,0.4
TNFRSF1A,ORAI2,P19438,Q96SN7,U,context,False,False,0,0,0,0,58,70,58,70,0,0,0,0,0,0,0,0,0,0,0.5
TNFRSF1A,HCAR3,P19438,P49019,U,context,False,False,0,0,0,0,58,70,58,70,0,0,0,0,0,0,0,0,0,0,0.5
TNFRSF1A,CD1A,P19438,P06126,U,context,False,False,0,0,0,0,58,70,58,70,0,0,0,0,0,0,0,0,0,0,0.5
TNFRSF1A,SYT7,P19438,O43581,U,context,False,False,0,0,0,0,58,70,58,70,5,7,5,7,0,0,0,0,1,5,0.42857142857142855
TNFRSF1A,GPR35,P19438,Q9HC97,U,context,False,False,0,0,0,0,58,70,58,70,0,0,0,0,0,0,0,0,0,0,0.5
TNFRSF1A,IFNGR2,P19438,P38484,U,context,False,False,0,0,0,0,58,70,58,70,0,0,0,0,12,9,12,9,0,0,0.5
TNFRSF1A,CRTAM,P19438,O95727,U,context,False,False,0,0,0,0,58,70,58,70,0,0,0,0,1,1,1,1,0,0,0.5
TNFRSF1A,CD47,P19438,Q08722,U,context,False,False,0,0,0,0,58,70,58,70,0,0,0,0,0,0,0,0,0,0,0.5
TNFRSF1A,GPR25,P19438,O00155,U,context,False,False,0,0,0,0,58,70,58,70,0,0,0,0,0,0,0,0,0,0,0.5
TNFRSF1A,CCRL2,P19438,O00421,U,context,False,False,0,0,0,0,58,70,58,70,0,0,0,0,0,0,0,0,0,0,0.5
TNFRSF1A,CCR4,P19438,P51679,U,context,False,False,0,0,0,0,58,70,58,70,0,0,0,0,0,0,0,0,0,0,0.5
TNFRSF1A,TMEM88,P19438,Q6PEY1,U,context,False,False,0,0,0,0,58,70,58,70,0,0,0,0,0,0,0,0,0,0,0.5
TNFRSF1A,RNF5,P19438,Q99942,U,context,False,False,0,0,0,0,58,70,58,70,0,0,0,0,0,0,0,0,0,0,0.5
TNFRSF1A,LPAR2,P19438,Q9HBW0,U,context,False,False,0,0,0,0,58,70,58,70,0,0,0,0,0,0,0,0,0,0,0.5
TNFRSF1A,LHFPL5,P19438,Q8TAF8,U,context,False,False,0,0,0,0,58,70,58,70,0,0,0,0,0,0,0,0,0,0,0.5
TNFRSF1A,PTGIR,P19438,P43119,U,context,False,False,0,0,0,0,58,70,58,70,0,0,0,0,0,0,0,0,0,0,0.5
TNFRSF1A,OR1A1,P19438,Q9P1Q5,U,context,False,False,0,0,0,0,58,70,58,70,0,0,0,0,0,0,0,0,0,0,0.5
TNFRSF1A,OLR1,P19438,P78380,U,context,False,False,0,0,0,0,58,70,58,70,0,0,0,0,3,5,3,5,0,0,0.5
TNFRSF1A,CFAP95,P19438,Q5VTT2,U,context,False,False,0,0,0,0,58,70,58,70,0,0,0,0,0,0,0,0,0,0,0.5
TNFRSF1A,LILRA5,P19438,A6NI73,U,context,False,False,0,0,0,0,58,70,58,70,0,0,0,0,0,0,0,0,0,0,0.5
TNFRSF1A,KCNK12,P19438,Q9HB15,U,context,False,False,0,0,0,0,58,70,58,70,0,0,0,0,0,0,0,0,0,0,0.5
TNFRSF1A,TMPRSS11E,P19438,Q9UL52,U,context,False,False,0,0,0,0,58,70,58,70,0,0,0,0,3,5,3,5,0,0,0.5
TNFRSF1A,P2RX6,P19438,O15547,U,context,False,False,0,0,0,0,58,70,58,70,0,0,0,0,18,17,18,17,0,0,0.5
TNFRSF1A,LAMP2,P19438,P13473,U,context,False,False,0,0,0,0,58,70,58,70,0,0,0,0,142,147,142,147,0,0,0.5
TNFRSF1A,TNFSF10,P19438,P50591,U,context,False,False,0,0,0,0,58,70,58,70,9,11,9,11,0,0,0,0,1,9,0.45454545454545453
TNFRSF1A,ORAI1,P19438,Q96D31,U,context,False,False,0,0,0,0,58,70,58,70,0,0,0,0,0,0,0,0,0,0,0.5
TNFRSF1A,KCNK16,P19438,Q96T55,U,context,False,False,0,0,0,0,58,70,58,70,0,0,0,0,0,0,0,0,0,0,0.5
TNFRSF1A,CHRM1,P19438,P11229,U,context,False,False,0,0,0,0,58,70,58,70,0,0,0,0,0,0,0,0,0,0,0.5
TNFRSF1A,PLVAP,P19438,Q9BX97,U,context,False,False,0,0,0,0,58,70,58,70,4,2,4,2,0,0,0,0,1,4,0.625
TNFRSF1A,CD3D,P19438,P04234,U,context,False,False,0,0,0,0,58,70,58,70,0,0,0,0,0,0,0,0,0,0,0.5
TNFRSF1A,GJD4,P19438,Q96KN9,U,context,False,False,0,0,0,0,58,70,58,70,0,0,0,0,2,2,2,2,0,0,0.5
TNFRSF1A,SIGLEC6,P19438,O43699,U,context,False,False,0,0,0,0,58,70,58,70,0,0,0,0,0,0,0,0,0,0,0.5
TNFRSF1A,HLA-DRA,P19438,P01903,U,context,False,False,0,0,0,0,58,70,58,70,0,0,0,0,0,0,0,0,0,0,0.5
TNFRSF1A,SLC39A2,P19438,Q9NP94,U,context,False,False,0,0,0,0,58,70,58,70,0,0,0,0,10,8,10,8,0,0,0.5
TNFRSF1A,GSDMA,P19438,Q96QA5,U,context,False,False,0,0,0,0,58,70,58,70,0,0,0,0,17,24,17,24,0,0,0.5
TNFRSF1A,MC1R,P19438,Q01726,U,context,False,False,0,0,0,0,58,70,58,70,0,0,0,0,0,0,0,0,0,0,0.5
TNFRSF1A,GJA3,P19438,Q9Y6H8,U,context,False,False,0,0,0,0,58,70,58,70,0,0,0,0,2,5,2,5,0,0,0.5
TNFRSF1A,GPRC5A,P19438,Q8NFJ5,U,context,False,False,0,0,0,0,58,70,58,70,0,0,0,0,12,6,12,6,0,0,0.5
TNFRSF1A,VIPR2,P19438,P41587,U,context,False,False,0,0,0,0,58,70,58,70,0,0,0,0,0,0,0,0,0,0,0.5
TNFRSF1A,CDC50B,P19438,Q3MIR4,U,context,False,False,0,0,0,0,58,70,58,70,0,0,0,0,0,0,0,0,0,0,0.5
TNFRSF1A,UPK3B,P19438,Q9BT76,U,context,False,False,0,0,0,0,58,70,58,70,0,0,0,0,0,0,0,0,0,0,0.5
TNFRSF1A,TNFSF18,P19438,Q9UNG2,U,context,False,False,0,0,0,0,58,70,58,70,16,13,16,13,0,0,0,0,1,16,0.5483870967741935
TNFRSF1A,HCAR1,P19438,Q9BXC0,U,context,False,False,0,0,0,0,58,70,58,70,0,0,0,0,0,0,0,0,0,0,0.5
TNFRSF1A,RELT,P19438,Q969Z4,U,context,False,False,0,0,0,0,58,70,58,70,0,0,0,0,20,23,20,23,0,0,0.5
TNFRSF1A,TRAC,P19438,P01848,U,context,False,False,0,0,0,0,58,70,58,70,0,0,0,0,0,0,0,0,0,0,0.5
TNFRSF1A,PTGER1,P19438,P34995,U,context,False,False,0,0,0,0,58,70,58,70,0,0,0,0,0,0,0,0,0,0,0.5
TNFRSF1A,IYD,P19438,Q6PHW0,U,context,False,False,0,0,0,0,58,70,58,70,0,0,0,0,0,0,0,0,0,0,0.5
TNFRSF1A,EDA,P19438,Q92838,U,context,False,False,0,0,0,0,58,70,58,70,14,20,14,20,0,0,0,0,1,14,0.4166666666666667
TNFRSF1A,ARL6IP6,P19438,Q8N6S5,U,background,False,False,0,0,0,0,58,70,58,70,7,7,7,7,0,0,0,0,1,7,0.5
TNFRSF1A,DIRAS3,P19438,O95661,U,background,False,False,0,0,0,0,58,70,58,70,79,114,79,114,0,0,0,0,1,79,0.41025641025641024
TNFRSF1A,TGOLN2,P19438,O43493,U,background,True,False,0,0,0,0,58,70,58,70,0,0,0,0,66,76,66,76,0,0,0.5
TNFRSF1A,ATG10,P19438,Q9H0Y0,U,background,False,False,0,0,0,0,58,70,58,70,7,9,7,9,0,0,0,0,1,7,0.4444444444444444
TNFRSF1A,C8orf74,P19438,Q6P047,U,background,False,False,0,0,0,0,58,70,58,70,0,0,0,0,0,0,0,0,0,0,0.5
TNFRSF1A,EFNB1,P19438,P98172,U,background,False,False,0,0,0,0,58,70,58,70,0,0,0,0,43,38,43,38,0,0,0.5
TNFRSF1A,BID,P19438,P55957,U,background,True,False,0,0,0,0,58,70,58,70,0,0,0,0,21,34,21,34,0,0,0.5
TNFRSF1A,FBXO36,P19438,Q8NEA4,U,background,False,False,0,0,0,0,58,70,58,70,0,0,0,0,0,0,0,0,0,0,0.5
TNFRSF1A,MAGEB10,P19438,Q96LZ2,U,background,False,False,0,0,0,0,58,70,58,70,0,0,0,0,0,0,0,0,0,0,0.5
TNFRSF1A,LIX1L,P19438,Q8IVB5,U,background,False,False,0,0,0,0,58,70,58,70,4,3,4,3,0,0,0,0,1,4,0.5555555555555556
TNFRSF1A,NR2F6,P19438,P10588,U,background,False,False,0,0,0,0,58,70,58,70,0,0,0,0,0,0,0,0,0,0,0.5
TNFRSF1A,ZNF747,P19438,Q9BV97,U,background,False,False,0,0,0,0,58,70,58,70,0,0,0,0,0,0,0,0,0,0,0.5
TNFRSF1A,PARL,P19438,Q9H300,U,background,False,False,0,0,0,0,58,70,58,70,0,0,0,0,0,0,0,0,0,0,0.5
TNFRSF1A,FA2H,P19438,Q7L5A8,U,background,False,False,0,0,0,0,58,70,58,70,0,0,0,0,8,8,8,8,0,0,0.5
TNFRSF1A,ZNF593,P19438,O00488,U,background,False,False,0,0,0,0,58,70,58,70,0,0,0,0,0,0,0,0,0,0,0.5
TNFRSF1A,ATP5MC3,P19438,P48201,U,background,False,False,0,0,0,0,58,70,58,70,0,0,0,0,0,0,0,0,0,0,0.5
TNFRSF1A,DNAJC5B,P19438,Q9UF47,U,background,False,False,0,0,0,0,58,70,58,70,0,0,0,0,0,0,0,0,0,0,0.5
TNFRSF1A,UBXN6,P19438,Q9BZV1,U,background,False,False,0,0,0,0,58,70,58,70,139,145,139,145,0,0,0,0,1,139,0.48951048951048953
TNFRSF1A,TSPY1,P19438,Q01534,U,background,False,False,0,0,0,0,58,70,58,70,2,1,2,1,0,0,0,0,1,2,0.6
TNFRSF1A,MOB3C,P19438,Q70IA8,U,background,False,False,0,0,0,0,58,70,58,70,0,0,0,0,0,0,0,0,0,0,0.5
TNFRSF1A,SNAPC2,P19438,Q13487,U,background,False,False,0,0,0,0,58,70,58,70,2,4,2,4,0,0,0,0,1,2,0.375
TNFRSF1A,SERPINB13,P19438,Q9UIV8,U,background,False,False,0,0,0,0,58,70,58,70,0,0,0,0,0,0,0,0,0,0,0.5
TNFRSF1A,NDUFAF3,P19438,Q9BU61,U,background,False,False,0,0,0,0,58,70,58,70,0,0,0,0,26,27,26,27,0,0,0.5
TNFRSF1A,EIF4EBP1,P19438,Q13541,U,background,False,False,0,0,0,0,58,70,58,70,0,0,0,0,0,0,0,0,0,0,0.5
TNFRSF1A,ZDHHC3,P19438,Q9NYG2,U,background,False,False,0,0,0,0,58,70,58,70,0,0,0,0,0,0,0,0,0,0,0.5
TNFRSF1A,GEMIN6,P19438,Q8WXD5,U,background,False,False,0,0,0,0,58,70,58,70,27,29,27,29,0,0,0,0,1,27,0.4827586206896552
TNFRSF1A,IGHV7-81,P19438,A0A0B4J1V7,U,background,False,False,0,0,0,0,58,70,58,70,0,0,0,0,0,0,0,0,0,0,0.5
TNFRSF1A,PGAM4,P19438,Q8N0Y7,U,background,False,False,0,0,0,0,58,70,58,70,0,0,0,0,0,0,0,0,0,0,0.5
TNFRSF1A,IFI35,P19438,P80217,U,background,False,False,0,0,0,0,58,70,58,70,13,10,13,10,0,0,0,0,1,13,0.56
TNFRSF1A,CLXN,P19438,Q9HAE3,U,background,False,False,0,0,0,0,58,70,58,70,0,0,0,0,0,0,0,0,0,0,0.5
TNFRSF1A,TSEN15,P19438,Q8WW01,U,background,False,False,0,0,0,0,58,70,58,70,0,0,0,0,0,0,0,0,0,0,0.5
TNFRSF1A,SNAI2,P19438,O43623,U,background,False,False,0,0,0,0,58,70,58,70,0,0,0,0,0,0,0,0,0,0,0.5
TNFRSF1A,WBP1,P19438,Q96G27,U,background,False,False,0,0,0,0,58,70,58,70,0,0,0,0,7,9,7,9,0,0,0.5
TNFRSF1A,FCRLA,P19438,Q7L513,U,background,False,False,0,0,0,0,58,70,58,70,0,0,0,0,1,0,1,0,0,0,0.5
TNFRSF1A,DCTN6,P19438,O00399,U,background,False,False,0,0,0,0,58,70,58,70,0,0,0,0,0,0,0,0,0,0,0.5
TNFRSF1A,DAPK2,P19438,Q9UIK4,U,background,False,False,0,0,0,0,58,70,58,70,0,0,0,0,0,0,0,0,0,0,0.5
TNFRSF1A,IGLV4-69,P19438,A0A075B6H9,U,background,False,False,0,0,0,0,58,70,58,70,0,0,0,0,0,0,0,0,0,0,0.5
TNFRSF1A,TXNIP,P19438,Q9H3M7,U,background,False,False,0,0,0,0,58,70,58,70,0,0,0,0,0,0,0,0,0,0,0.5
TNFRSF1A,PRSS35,P19438,Q8N3Z0,U,background,False,False,0,0,0,0,58,70,58,70,0,0,0,0,14,11,14,11,0,0,0.5
TNFRSF1A,MACROD2,P19438,A1Z1Q3,U,background,False,False,0,0,0,0,58,70,58,70,1,4,1,4,0,0,0,0,1,1,0.2857142857142857
TNFRSF1A,HBB,P19438,P68871,U,background,False,False,0,0,0,0,58,70,58,70,0,0,0,0,0,0,0,0,0,0,0.5
TNFRSF1A,NEURL3,P19438,Q96EH8,U,background,False,False,0,0,0,0,58,70,58,70,0,0,0,0,0,0,0,0,0,0,0.5
TNFRSF1A,C5orf52,P19438,A6NGY3,U,background,False,False,0,0,0,0,58,70,58,70,0,0,0,0,0,0,0,0,0,0,0.5
TNFRSF1A,RFLNA,P19438,Q6ZTI6,U,background,False,False,0,0,0,0,58,70,58,70,0,0,0,0,0,0,0,0,0,0,0.5
TNFRSF1A,TDP2,P19438,O95551,U,background,False,False,0,0,0,0,58,70,58,70,0,0,0,0,10,11,10,11,0,0,0.5
TNFRSF1A,ABT1,P19438,Q9ULW3,U,background,False,False,0,0,0,0,58,70,58,70,0,0,0,0,77,54,77,54,0,0,0.5
TNFRSF1A,HCCS,P19438,P53701,U,background,False,False,0,0,0,0,58,70,58,70,0,0,0,0,28,16,28,16,0,0,0.5
TNFRSF1A,MRAP2,P19438,Q96G30,U,background,False,False,0,0,0,0,58,70,58,70,21,30,21,30,0,0,0,0,1,21,0.41509433962264153
TNFRSF1A,P2RY11,P19438,Q96G91,U,background,False,False,0,0,0,0,58,70,58,70,0,0,0,0,0,0,0,0,0,0,0.5
TNFRSF1A,MMD2,P19438,Q8IY49,U,background,False,False,0,0,0,0,58,70,58,70,0,0,0,0,3,2,3,2,0,0,0.5
TNFRSF1A,IGHV3-64,P19438,A0A075B6Q5,U,context,False,False,0,0,0,0,58,70,58,70,0,0,0,0,0,0,0,0,0,0,0.5
TNFRSF1A,FIBIN,P19438,Q8TAL6,U,context,False,False,0,0,0,0,58,70,58,70,9,6,9,6,0,0,0,0,1,9,0.5882352941176471
TNFRSF1A,NPB,P19438,Q8NG41,U,context,False,False,0,0,0,0,58,70,58,70,0,0,0,0,6,6,6,6,0,0,0.5
TNFRSF1A,ARTN,P19438,Q5T4W7,U,context,False,False,0,0,0,0,58,70,58,70,0,0,0,0,0,0,0,0,0,0,0.5
TNFRSF1A,GRP,P19438,P07492,U,context,False,False,0,0,0,0,58,70,58,70,0,0,0,0,2,1,2,1,0,0,0.5
TNFRSF1A,ADCYAP1,P19438,P18509,U,context,False,False,0,0,0,0,58,70,58,70,0,0,0,0,0,0,0,0,0,0,0.5
TNFRSF1A,LY96,P19438,Q9Y6Y9,U,context,False,False,0,0,0,0,58,70,58,70,0,0,0,0,4,2,4,2,0,0,0.5
TNFRSF1A,WNT8A,P19438,Q9H1J5,U,context,False,False,0,0,0,0,58,70,58,70,0,0,0,0,0,0,0,0,0,0,0.5
TNFRSF1A,MFAP2,P19438,P55001,U,context,False,False,0,0,0,0,58,70,58,70,0,0,0,0,1,6,1,6,0,0,0.5
TNFRSF1A,IGHV3-15,P19438,A0A0B4J1V0,U,context,False,False,0,0,0,0,58,70,58,70,0,0,0,0,0,0,0,0,0,0,0.5
TNFRSF1A,REG1B,P19438,P48304,U,context,False,False,0,0,0,0,58,70,58,70,0,0,0,0,0,0,0,0,0,0,0.5
TNFRSF1A,IGF1,P19438,P05019,U,context,False,False,0,0,0,0,58,70,58,70,0,0,0,0,0,0,0,0,0,0,0.5
TNFRSF1A,GDF15,P19438,Q99988,U,context,False,False,0,0,0,0,58,70,58,70,0,0,0,0,14,17,14,17,0,0,0.5
TNFRSF1A,IGKV2-29,P19438,A2NJV5,U,context,False,False,0,0,0,0,58,70,58,70,0,0,0,0,0,0,0,0,0,0,0.5
TNFRSF1A,ANXA1,P19438,P04083,U,context,False,False,0,0,0,0,58,70,58,70,0,0,0,0,0,0,0,0,0,0,0.5
TNFRSF1A,CBLN3,P19438,Q6UW01,U,context,False,False,0,0,0,0,58,70,58,70,0,0,0,0,0,0,0,0,0,0,0.5
TNFRSF1A,RARRES2,P19438,Q99969,U,context,False,False,0,0,0,0,58,70,58,70,0,0,0,0,0,0,0,0,0,0,0.5
TNFRSF1A,IGKV4-1,P19438,P06312,U,context,False,False,0,0,0,0,58,70,58,70,0,0,0,0,2,1,2,1,0,0,0.5
TNFRSF1A,CSN3,P19438,P07498,U,context,False,False,0,0,0,0,58,70,58,70,0,0,0,0,0,0,0,0,0,0,0.5
TNFRSF1A,REN,P19438,P00797,U,context,False,False,0,0,0,0,58,70,58,70,0,0,0,0,0,0,0,0,0,0,0.5
TNFRSF1A,IGKV2-30,P19438,P06310,U,context,False,False,0,0,0,0,58,70,58,70,0,0,0,0,0,0,0,0,0,0,0.5
TNFRSF1A,PRADC1,P19438,Q9BSG0,U,context,False,False,0,0,0,0,58,70,58,70,0,0,0,0,0,0,0,0,0,0,0.5
TNFRSF1A,IL5,P19438,P05113,U,context,False,False,0,0,0,0,58,70,58,70,0,0,0,0,0,0,0,0,0,0,0.5
TNFRSF1A,IFNG,P19438,P01579,U,context,False,False,0,0,0,0,58,70,58,70,7,7,7,7,0,0,0,0,1,7,0.5
TNFRSF1A,FCGR3B,P19438,O75015,U,context,False,False,0,0,0,0,58,70,58,70,0,0,0,0,0,0,0,0,0,0,0.5
TNFRSF1A,KLK12,P19438,Q9UKR0,U,context,False,False,0,0,0,0,58,70,58,70,0,0,0,0,0,0,0,0,0,0,0.5
TNFRSF1A,LY6G5B,P19438,Q8NDX9,U,context,False,False,0,0,0,0,58,70,58,70,0,0,0,0,0,0,0,0,0,0,0.5
TNFRSF1A,IGLV2-8,P19438,P01709,U,context,False,False,0,0,0,0,58,70,58,70,0,0,0,0,0,0,0,0,0,0,0.5
TNFRSF1A,RETN,P19438,Q9HD89,U,context,False,False,0,0,0,0,58,70,58,70,0,0,0,0,0,0,0,0,0,0,0.5
TNFRSF1A,CSHL1,P19438,Q14406,U,context,False,False,0,0,0,0,58,70,58,70,0,0,0,0,0,0,0,0,0,0,0.5
TNFRSF1A,VSTM2A,P19438,Q8TAG5,U,context,False,False,0,0,0,0,58,70,58,70,0,0,0,0,0,1,0,1,0,0,0.5
TNFRSF1A,FRZB,P19438,Q92765,U,context,False,False,0,0,0,0,58,70,58,70,0,0,0,0,0,0,0,0,0,0,0.5
TNFRSF1A,NMB,P19438,P08949,U,context,False,False,0,0,0,0,58,70,58,70,0,0,0,0,2,8,2,8,0,0,0.5
TNFRSF1A,TOR2A,P19438,Q8N2E6,U,context,False,False,0,0,0,0,58,70,58,70,0,0,0,0,0,0,0,0,0,0,0.5
TNFRSF1A,GZMM,P19438,P51124,U,context,False,False,0,0,0,0,58,70,58,70,0,0,0,0,0,0,0,0,0,0,0.5
TNFRSF1A,REG3A,P19438,Q06141,U,context,False,False,0,0,0,0,58,70,58,70,0,0,0,0,2,4,2,4,0,0,0.5
TNFRSF1A,WNT5A,P19438,P41221,U,context,False,False,0,0,0,0,58,70,58,70,0,0,0,0,0,0,0,0,0,0,0.5
TNFRSF1A,OAS1,P19438,P00973,U,context,False,False,0,0,0,0,58,70,58,70,0,0,0,0,0,0,0,0,0,0,0.5
TNFRSF1A,RNASET2,P19438,O00584,U,context,False,False,0,0,0,0,58,70,58,70,0,0,0,0,0,1,0,1,0,0,0.5
TNFRSF1A,IGKV1-37,P19438,A0A075B6S9,U,context,False,False,0,0,0,0,58,70,58,70,0,0,0,0,0,0,0,0,0,0,0.5
TNFRSF1A,IGKV2-24,P19438,A0A0C4DH68,U,context,False,False,0,0,0,0,58,70,58,70,0,0,0,0,0,0,0,0,0,0,0.5
TNFRSF1A,C1QL1,P19438,O75973,U,context,False,False,0,0,0,0,58,70,58,70,0,0,0,0,12,14,12,14,0,0,0.5
TNFRSF1A,FGF8,P19438,P55075,U,context,False,False,0,0,0,0,58,70,58,70,0,0,0,0,18,11,18,11,0,0,0.5
TNFRSF1A,FGF3,P19438,P11487,U,context,False,False,0,0,0,0,58,70,58,70,0,0,0,0,7,6,7,6,0,0,0.5
TNFRSF1A,BSPH1,P19438,Q075Z2,U,context,False,False,0,0,0,0,58,70,58,70,0,0,0,0,0,0,0,0,0,0,0.5
TNFRSF1A,ADIPOQ,P19438,Q15848,U,context,False,False,0,0,0,0,58,70,58,70,0,0,0,0,37,49,37,49,0,0,0.5
TNFRSF1A,C1QTNF2,P19438,Q9BXJ5,U,context,False,False,0,0,0,0,58,70,58,70,0,0,0,0,0,0,0,0,0,0,0.5
TNFRSF1A,FGL1,P19438,Q08830,U,context,False,False,0,0,0,0,58,70,58,70,0,0,0,0,0,0,0,0,0,0,0.5
TNFRSF1A,AIMP1,P19438,Q12904,U,context,False,False,0,0,0,0,58,70,58,70,33,41,33,41,0,0,0,0,1,33,0.4473684210526316
TNFRSF1A,IGLV3-25,P19438,P01717,U,context,False,False,0,0,0,0,58,70,58,70,0,0,0,0,0,0,0,0,0,0,0.5
TNFRSF1A,TRAV26-2,P19438,A0A0B4J265,U,background,False,False,0,0,0,0,58,70,58,70,0,0,0,0,0,0,0,0,0,0,0.5
TNFRSF1A,FEV,P19438,Q99581,U,background,False,False,0,0,0,0,58,70,58,70,0,0,0,0,0,0,0,0,0,0,0.5
TNFRSF1A,PLAAT1,P19438,Q9HDD0,U,background,False,False,0,0,0,0,58,70,58,70,0,0,0,0,0,0,0,0,0,0,0.5
TNFRSF1A,CNMD,P19438,O75829,U,background,False,False,0,0,0,0,58,70,58,70,0,0,0,0,0,0,0,0,0,0,0.5
TNFRSF1A,GPR148,P19438,Q8TDV2,U,background,False,False,0,0,0,0,58,70,58,70,0,0,0,0,0,0,0,0,0,0,0.5
TNFRSF1A,NDUFB8,P19438,O95169,U,background,False,False,0,0,0,0,58,70,58,70,0,0,0,0,0,0,0,0,0,0,0.5
TNFRSF1A,GCA,P19438,P28676,U,background,False,False,0,0,0,0,58,70,58,70,0,0,0,0,9,10,9,10,0,0,0.5
TNFRSF1A,IL2RA,P19438,P01589,U,background,False,False,0,0,0,0,58,70,58,70,0,0,0,0,12,14,12,14,0,0,0.5
TNFRSF1A,TREM1,P19438,Q9NP99,U,background,False,False,0,0,0,0,58,70,58,70,0,0,0,0,1,1,1,1,0,0,0.5
TNFRSF1A,C1orf52,P19438,Q8N6N3,U,background,False,False,0,0,0,0,58,70,58,70,0,0,0,0,0,0,0,0,0,0,0.5
TNFRSF1A,PCGF6,P19438,Q9BYE7,U,background,False,False,0,0,0,0,58,70,58,70,54,49,54,49,0,0,0,0,1,54,0.5238095238095238
TNFRSF1A,FAM199X,P19438,Q6PEV8,U,background,False,False,0,0,0,0,58,70,58,70,0,0,0,0,3,3,3,3,0,0,0.5
TNFRSF1A,SH2D6,P19438,Q7Z4S9,U,background,False,False,0,0,0,0,58,70,58,70,0,0,0,0,0,0,0,0,0,0,0.5
TNFRSF1A,IFNB1,P19438,P01574,U,background,False,False,0,0,0,0,58,70,58,70,1,0,1,0,0,0,0,0,1,1,0.6666666666666666
TNFRSF1A,ARMC10,P19438,Q8N2F6,U,background,False,False,0,0,0,0,58,70,58,70,0,0,0,0,0,0,0,0,0,0,0.5
TNFRSF1A,MAP6D1,P19438,Q9H9H5,U,background,False,False,0,0,0,0,58,70,58,70,0,0,0,0,1,0,1,0,0,0,0.5
TNFRSF1A,ZSCAN31,P19438,Q96LW9,U,background,False,False,0,0,0,0,58,70,58,70,0,0,0,0,0,0,0,0,0,0,0.5
TNFRSF1A,FIBP,P19438,O43427,U,background,False,False,0,0,0,0,58,70,58,70,0,0,0,0,7,5,7,5,0,0,0.5
TNFRSF1A,PLEK,P19438,P08567,U,background,False,False,0,0,0,0,58,70,58,70,6,6,6,6,0,0,0,0,1,6,0.5
TNFRSF1A,RGCC,P19438,Q9H4X1,U,background,False,False,0,0,0,0,58,70,58,70,0,0,0,0,1,0,1,0,0,0,0.5
TNFRSF1A,SBK2,P19438,P0C263,U,background,False,False,0,0,0,0,58,70,58,70,2,0,2,0,0,0,0,0,1,2,0.75
TNFRSF1A,PRB3,P19438,Q04118,U,background,False,False,0,0,0,0,58,70,58,70,0,0,0,0,0,0,0,0,0,0,0.5
TNFRSF1A,MRPS34,P19438,P82930,U,background,False,False,0,0,0,0,58,70,58,70,0,0,0,0,0,0,0,0,0,0,0.5
TNFRSF1A,TP53I11,P19438,O14683,U,background,False,False,0,0,0,0,58,70,58,70,0,0,0,0,0,0,0,0,0,0,0.5
TNFRSF1A,LEF1,P19438,Q9UJU2,U,background,False,False,0,0,0,0,58,70,58,70,0,0,0,0,0,0,0,0,0,0,0.5
TNFRSF1A,RNASEH2C,P19438,Q8TDP1,U,background,False,False,0,0,0,0,58,70,58,70,0,0,0,0,4,6,4,6,0,0,0.5
TNFRSF1A,RAB9B,P19438,Q9NP90,U,background,False,False,0,0,0,0,58,70,58,70,0,0,0,0,0,0,0,0,0,0,0.5
TNFRSF1A,VAPB,P19438,O95292,U,background,False,False,0,0,0,0,58,70,58,70,0,0,0,0,0,0,0,0,0,0,0.5
TNFRSF1A,ICOS,P19438,Q9Y6W8,U,background,False,False,0,0,0,0,58,70,58,70,0,0,0,0,6,2,6,2,0,0,0.5
TNFRSF1A,PRMT6,P19438,Q96LA8,U,background,False,False,0,0,0,0,58,70,58,70,0,0,0,0,20,20,20,20,0,0,0.5
TNFRSF1A,KLF9,P19438,Q13886,U,background,False,False,0,0,0,0,58,70,58,70,0,0,0,0,0,0,0,0,0,0,0.5
TNFRSF1A,MENT,P19438,Q9BUN1,U,background,False,False,0,0,0,0,58,70,58,70,0,0,0,0,0,0,0,0,0,0,0.5
TNFRSF1A,PHOX2A,P19438,O14813,U,background,False,False,0,0,0,0,58,70,58,70,0,0,0,0,0,0,0,0,0,0,0.5
TNFRSF1A,GAPDH,P19438,P04406,U,background,False,False,0,0,0,0,58,70,58,70,0,0,0,0,0,0,0,0,0,0,0.5
TNFRSF1A,GGTLC1,P19438,Q9BX51,U,background,False,False,0,0,0,0,58,70,58,70,0,0,0,0,0,0,0,0,0,0,0.5
TNFRSF1A,TMBIM1,P19438,Q969X1,U,background,False,False,0,0,0,0,58,70,58,70,0,0,0,0,0,0,0,0,0,0,0.5
TNFRSF1A,TK1,P19438,P04183,U,background,False,False,0,0,0,0,58,70,58,70,0,0,0,0,43,48,43,48,0,0,0.5
TNFRSF1A,CALCA,P19438,P06881,U,background,False,False,0,0,0,0,58,70,58,70,0,0,0,0,3,6,3,6,0,0,0.5
TNFRSF1A,MRPL35,P19438,Q9NZE8,U,background,False,False,0,0,0,0,58,70,58,70,0,0,0,0,23,17,23,17,0,0,0.5
TNFRSF1A,IGFBP3,P19438,P17936,U,background,False,False,0,0,0,0,58,70,58,70,0,0,0,0,9,14,9,14,0,0,0.5
TNFRSF1A,U2AF1,P19438,Q01081,U,background,False,False,0,0,0,0,58,70,58,70,64,74,64,74,0,0,0,0,1,64,0.4642857142857143
TNFRSF1A,GLT8D1,P19438,Q68CQ7,U,background,False,False,0,0,0,0,58,70,58,70,0,0,0,0,0,0,0,0,0,0,0.5
TNFRSF1A,CARD19,P19438,Q96LW7,U,background,False,False,0,0,0,0,58,70,58,70,0,0,0,0,0,0,0,0,0,0,0.5
TNFRSF1A,ARL14EP,P19438,Q8N8R7,U,background,False,False,0,0,0,0,58,70,58,70,0,0,0,0,0,0,0,0,0,0,0.5
TNFRSF1A,SNRNP40,P19438,Q96DI7,U,background,False,False,0,0,0,0,58,70,58,70,56,44,56,44,0,0,0,0,1,56,0.5588235294117647
TNFRSF1A,SHLD1,P19438,Q8IYI0,U,background,False,False,0,0,0,0,58,70,58,70,0,0,0,0,0,0,0,0,0,0,0.5
TNFRSF1A,RNF41,P19438,Q9H4P4,U,background,False,False,0,0,0,0,58,70,58,70,46,49,46,49,0,0,0,0,1,46,0.4845360824742268
TNFRSF1A,CD209,P19438,Q9NNX6,U,background,False,False,0,0,0,0,58,70,58,70,0,0,0,0,10,10,10,10,0,0,0.5
TNFRSF1A,PSMD7,P19438,P51665,U,background,False,False,0,0,0,0,58,70,58,70,0,0,0,0,0,0,0,0,0,0,0.5
TNFRSF1A,IGLL5,P19438,B9A064,U,background,True,False,0,0,0,0,58,70,58,70,0,0,0,0,23,25,23,25,0,0,0.5
TNFRSF1A,COPZ2,P19438,Q9P299,U,context,False,False,0,0,0,0,58,70,58,70,6,6,6,6,0,0,0,0,1,6,0.5
TNFRSF1A,ZAP70,P19438,P43403,U,context,False,False,0,0,0,0,58,70,58,70,34,31,34,31,0,0,0,0,1,34,0.5223880597014925
TNFRSF1A,SDF4,P19438,Q9BRK5,U,context,False,False,0,0,0,0,58,70,58,70,0,0,0,0,34,29,34,29,0,0,0.5
TNFRSF1A,CHAC2,P19438,Q8WUX2,U,context,False,False,0,0,0,0,58,70,58,70,0,0,0,0,0,0,0,0,0,0,0.5
TNFRSF1A,TRIM65,P19438,Q6PJ69,U,context,False,False,0,0,0,0,58,70,58,70,22,30,22,30,0,0,0,0,1,22,0.42592592592592593
TNFRSF1A,PARP3,P19438,Q9Y6F1,U,context,False,False,0,0,0,0,58,70,58,70,4,2,4,2,0,0,0,0,1,4,0.625
TNFRSF1A,ALKBH3,P19438,Q96Q83,U,context,False,False,0,0,0,0,58,70,58,70,0,0,0,0,7,2,7,2,0,0,0.5
TNFRSF1A,GAP43,P19438,P17677,U,context,False,False,0,0,0,0,58,70,58,70,0,0,0,0,7,9,7,9,0,0,0.5
TNFRSF1A,TRIM45,P19438,Q9H8W5,U,context,False,False,0,0,0,0,58,70,58,70,7,11,7,11,0,0,0,0,1,7,0.4
TNFRSF1A,RRAS,P19438,P10301,U,context,False,False,0,0,0,0,58,70,58,70,0,0,0,0,0,0,0,0,0,0,0.5
TNFRSF1A,CDK5R2,P19438,Q13319,U,context,False,False,0,0,0,0,58,70,58,70,0,0,0,0,0,2,0,2,0,0,0.5
TNFRSF1A,HSF1,P19438,Q00613,U,context,False,False,0,0,0,0,58,70,58,70,64,53,64,53,0,0,0,0,1,64,0.5462184873949579
TNFRSF1A,CSRP3,P19438,P50461,U,context,False,False,0,0,0,0,58,70,58,70,0,0,0,0,0,0,0,0,0,0,0.5
TNFRSF1A,ZBTB8OS,P19438,Q8IWT0,U,context,False,False,0,0,0,0,58,70,58,70,0,0,0,0,5,3,5,3,0,0,0.5
TNFRSF1A,NSUN6,P19438,Q8TEA1,U,context,False,False,0,0,0,0,58,70,58,70,0,0,0,0,1,0,1,0,0,0,0.5
TNFRSF1A,OLAH,P19438,Q9NV23,U,context,False,False,0,0,0,0,58,70,58,70,1,0,1,0,0,0,0,0,1,1,0.6666666666666666
TNFRSF1A,EXOSC4,P19438,Q9NPD3,U,context,False,False,0,0,0,0,58,70,58,70,0,0,0,0,28,22,28,22,0,0,0.5
TNFRSF1A,SDR9C7,P19438,Q8NEX9,U,context,False,False,0,0,0,0,58,70,58,70,0,0,0,0,0,0,0,0,0,0,0.5
TNFRSF1A,CKB,P19438,P12277,U,context,False,False,0,0,0,0,58,70,58,70,0,0,0,0,0,0,0,0,0,0,0.5
TNFRSF1A,TWIST2,P19438,Q8WVJ9,U,context,False,False,0,0,0,0,58,70,58,70,0,0,0,0,0,0,0,0,0,0,0.5
TNFRSF1A,TBPL1,P19438,P62380,U,context,False,False,0,0,0,0,58,70,58,70,9,15,9,15,0,0,0,0,1,9,0.38461538461538464
TNFRSF1A,CDC42EP2,P19438,O14613,U,context,False,False,0,0,0,0,58,70,58,70,0,0,0,0,0,0,0,0,0,0,0.5
TNFRSF1A,CACNB3,P19438,P54284,U,context,False,False,0,0,0,0,58,70,58,70,0,0,0,0,0,0,0,0,0,0,0.5
TNFRSF1A,BFSP2,P19438,Q13515,U,context,False,False,0,0,0,0,58,70,58,70,25,24,25,24,0,0,0,0,1,25,0.5098039215686274
TNFRSF1A,CRY2,P19438,Q49AN0,U,context,False,False,0,0,0,0,58,70,58,70,0,0,0,0,0,0,0,0,0,0,0.5
TNFRSF1A,GID8,P19438,Q9NWU2,U,context,False,False,0,0,0,0,58,70,58,70,0,0,0,0,0,0,0,0,0,0,0.5
TNFRSF1A,SAMD5,P19438,Q5TGI4,U,context,False,False,0,0,0,0,58,70,58,70,1,1,1,1,0,0,0,0,1,1,0.5
TNFRSF1A,RSRC1,P19438,Q96IZ7,U,context,False,False,0,0,0,0,58,70,58,70,0,0,0,0,0,0,0,0,0,0,0.5
TNFRSF1A,MTHFS,P19438,P49914,U,context,False,False,0,0,0,0,58,70,58,70,4,5,4,5,0,0,0,0,1,4,0.45454545454545453
TNFRSF1A,CAMKV,P19438,Q8NCB2,U,context,False,False,0,0,0,0,58,70,58,70,25,18,25,18,0,0,0,0,1,25,0.5777777777777777
TNFRSF1A,CAPNS1,P19438,P04632,U,context,False,False,0,0,0,0,58,70,58,70,0,0,0,0,0,0,0,0,0,0,0.5
TNFRSF1A,DUSP22,P19438,Q9NRW4,U,context,False,False,0,0,0,0,58,70,58,70,0,0,0,0,0,0,0,0,0,0,0.5
TNFRSF1A,AHCYL2,P19438,Q96HN2,U,context,False,False,0,0,0,0,58,70,58,70,0,0,0,0,24,27,24,27,0,0,0.5
TNFRSF1A,SHMT1,P19438,P34896,U,context,False,False,0,0,0,0,58,70,58,70,0,0,0,0,0,0,0,0,0,0,0.5
TNFRSF1A,TCAP,P19438,O15273,U,context,False,False,0,0,0,0,58,70,58,70,0,0,0,0,14,15,14,15,0,0,0.5
TNFRSF1A,APOBEC3D,P19438,Q96AK3,U,context,False,False,0,0,0,0,58,70,58,70,0,0,0,0,31,21,31,21,0,0,0.5
TNFRSF1A,RSPH14,P19438,Q9UHP6,U,context,False,False,0,0,0,0,58,70,58,70,0,0,0,0,0,0,0,0,0,0,0.5
TNFRSF1A,INPP5K,P19438,Q9BT40,U,context,False,False,0,0,0,0,58,70,58,70,0,0,0,0,0,0,0,0,0,0,0.5
TNFRSF1A,MAGEA11,P19438,P43364,U,context,False,False,0,0,0,0,58,70,58,70,0,0,0,0,16,19,16,19,0,0,0.5
TNFRSF1A,CCDC181,P19438,Q5TID7,U,context,False,False,0,0,0,0,58,70,58,70,0,0,0,0,0,0,0,0,0,0,0.5
TNFRSF1A,APOBEC3H,P19438,Q6NTF7,U,context,False,False,0,0,0,0,58,70,58,70,0,0,0,0,2,1,2,1,0,0,0.5
TNFRSF1A,ARL4A,P19438,P40617,U,context,False,False,0,0,0,0,58,70,58,70,0,0,0,0,0,0,0,0,0,0,0.5
TNFRSF1A,RPL29,P19438,P47914,U,context,False,False,0,0,0,0,58,70,58,70,0,0,0,0,0,0,0,0,0,0,0.5
TNFRSF1A,CCDC69,P19438,A6NI79,U,context,False,False,0,0,0,0,58,70,58,70,7,6,7,6,0,0,0,0,1,7,0.5333333333333333
TNFRSF1A,HAPSTR1,P19438,Q14CZ0,U,context,False,False,0,0,0,0,58,70,58,70,0,0,0,0,0,0,0,0,0,0,0.5
TNFRSF1A,LGI1,P19438,O95970,U,context,False,False,0,0,0,0,58,70,58,70,0,0,0,0,13,15,13,15,0,0,0.5
TNFRSF1A,DUSP3,P19438,P51452,U,context,False,False,0,0,0,0,58,70,58,70,0,0,0,0,0,0,0,0,0,0,0.5
TNFRSF1A,IVL,P19438,P07476,U,context,False,False,0,0,0,0,58,70,58,70,27,32,27,32,0,0,0,0,1,27,0.45901639344262296
TNFRSF1A,BEGAIN,P19438,Q9BUH8,U,context,False,False,0,0,0,0,58,70,58,70,20,20,20,20,0,0,0,0,1,20,0.5
TNFRSF1A,STRAP,P19438,Q9Y3F4,U,context,False,False,0,0,0,0,58,70,58,70,67,64,67,64,0,0,0,0,1,67,0.5112781954887218
TNFRSF1A,ZNF212,P19438,Q9UDV6,U,background,False,False,0,0,0,0,58,70,58,70,0,0,0,0,0,0,0,0,0,0,0.5
TNFRSF1A,PLIN5,P19438,Q00G26,U,background,False,False,0,0,0,0,58,70,58,70,3,3,3,3,0,0,0,0,1,3,0.5
TNFRSF1A,DCAF4,P19438,Q8WV16,U,background,False,False,0,0,0,0,58,70,58,70,27,34,27,34,0,0,0,0,1,27,0.4444444444444444
TNFRSF1A,GLRB,P19438,P48167,U,background,False,False,0,0,0,0,58,70,58,70,0,0,0,0,0,0,0,0,0,0,0.5
TNFRSF1A,NUDT16,P19438,Q96DE0,U,background,False,False,0,0,0,0,58,70,58,70,8,4,8,4,0,0,0,0,1,8,0.6428571428571429
TNFRSF1A,ABCD4,P19438,O14678,U,background,False,False,0,0,0,0,58,70,58,70,8,5,8,5,0,0,0,0,1,8,0.6
TNFRSF1A,ZNF829,P19438,Q3KNS6,U,background,False,False,0,0,0,0,58,70,58,70,0,0,0,0,0,0,0,0,0,0,0.5
TNFRSF1A,NKPD1,P19438,Q17RQ9,U,background,False,False,0,0,0,0,58,70,58,70,0,0,0,0,0,0,0,0,0,0,0.5
TNFRSF1A,TM9SF1,P19438,O15321,U,background,False,False,0,0,0,0,58,70,58,70,0,0,0,0,0,0,0,0,0,0,0.5
TNFRSF1A,KBTBD4,P19438,Q9NVX7,U,background,False,False,0,0,0,0,58,70,58,70,0,0,0,0,0,0,0,0,0,0,0.5
TNFRSF1A,SDC3,P19438,O75056,U,background,False,False,0,0,0,0,58,70,58,70,0,0,0,0,5,8,5,8,0,0,0.5
TNFRSF1A,TMEM38A,P19438,Q9H6F2,U,background,False,False,0,0,0,0,58,70,58,70,0,0,0,0,1,1,1,1,0,0,0.5
TNFRSF1A,GPR45,P19438,Q9Y5Y3,U,background,False,False,0,0,0,0,58,70,58,70,0,0,0,0,0,0,0,0,0,0,0.5
TNFRSF1A,NAPA,P19438,P54920,U,background,False,False,0,0,0,0,58,70,58,70,0,0,0,0,0,0,0,0,0,0,0.5
TNFRSF1A,TOR1AIP2,P19438,Q8NFQ8,U,background,False,False,0,0,0,0,58,70,58,70,0,0,0,0,0,0,0,0,0,0,0.5
TNFRSF1A,ITPA,P19438,Q9BY32,U,background,False,False,0,0,0,0,58,70,58,70,0,0,0,0,16,17,16,17,0,0,0.5
TNFRSF1A,EIPR1,P19438,Q53HC9,U,background,False,False,0,0,0,0,58,70,58,70,0,0,0,0,0,0,0,0,0,0,0.5
TNFRSF1A,FUT4,P19438,P22083,U,background,False,False,0,0,0,0,58,70,58,70,0,0,0,0,0,0,0,0,0,0,0.5
TNFRSF1A,C1orf202,P19438,A0A1W2PPE3,U,background,False,False,0,0,0,0,58,70,58,70,0,0,0,0,0,0,0,0,0,0,0.5
TNFRSF1A,IFNA8,P19438,P32881,U,background,False,False,0,0,0,0,58,70,58,70,0,0,0,0,0,0,0,0,0,0,0.5
TNFRSF1A,SERPINA12,P19438,Q8IW75,U,background,False,False,0,0,0,0,58,70,58,70,0,0,0,0,19,28,19,28,0,0,0.5
TNFRSF1A,UMPS,P19438,P11172,U,background,False,False,0,0,0,0,58,70,58,70,14,17,14,17,0,0,0,0,1,14,0.45454545454545453
TNFRSF1A,IL15RA,P19438,Q13261,U,background,False,False,0,0,0,0,58,70,58,70,0,0,0,0,4,2,4,2,0,0,0.5
TNFRSF1A,PABPC5,P19438,Q96DU9,U,background,False,False,0,0,0,0,58,70,58,70,0,0,0,0,0,0,0,0,0,0,0.5
TNFRSF1A,CRELD2,P19438,Q6UXH1,U,background,False,False,0,0,0,0,58,70,58,70,0,0,0,0,0,0,0,0,0,0,0.5
TNFRSF1A,TEKTL1,P19438,Q8IYK2,U,background,False,False,0,0,0,0,58,70,58,70,0,0,0,0,2,0,2,0,0,0,0.5
TNFRSF1A,HOXD9,P19438,P28356,U,background,False,False,0,0,0,0,58,70,58,70,0,0,0,0,2,5,2,5,0,0,0.5
TNFRSF1A,TMEM59L,P19438,Q9UK28,U,background,False,False,0,0,0,0,58,70,58,70,0,0,0,0,12,11,12,11,0,0,0.5
TNFRSF1A,GATA3,P19438,P23771,U,background,False,False,0,0,0,0,58,70,58,70,0,0,0,0,0,0,0,0,0,0,0.5
TNFRSF1A,AIRE,P19438,O43918,U,background,False,False,0,0,0,0,58,70,58,70,0,0,0,0,0,0,0,0,0,0,0.5
TNFRSF1A,TYW2,P19438,Q53H54,U,background,False,False,0,0,0,0,58,70,58,70,0,0,0,0,0,2,0,2,0,0,0.5
TNFRSF1A,NECAP1,P19438,Q8NC96,U,background,False,False,0,0,0,0,58,70,58,70,0,0,0,0,1,0,1,0,0,0,0.5
TNFRSF1A,P2RY1,P19438,P47900,U,background,False,False,0,0,0,0,58,70,58,70,0,0,0,0,0,0,0,0,0,0,0.5
TNFRSF1A,ANKRD65,P19438,E5RJM6,U,background,False,False,0,0,0,0,58,70,58,70,1,3,1,3,0,0,0,0,1,1,0.3333333333333333
TNFRSF1A,PDCD2,P19438,Q16342,U,background,False,False,0,0,0,0,58,70,58,70,0,0,0,0,0,0,0,0,0,0,0.5
TNFRSF1A,CSN1S1,P19438,P47710,U,background,False,False,0,0,0,0,58,70,58,70,0,0,0,0,0,0,0,0,0,0,0.5
TNFRSF1A,ZNRF2,P19438,Q8NHG8,U,background,False,False,0,0,0,0,58,70,58,70,6,12,6,12,0,0,0,0,1,6,0.35
TNFRSF1A,PSME3IP1,P19438,Q9GZU8,U,background,False,False,0,0,0,0,58,70,58,70,0,0,0,0,0,0,0,0,0,0,0.5
TNFRSF1A,TMEM238,P19438,C9JI98,U,background,False,False,0,0,0,0,58,70,58,70,0,0,0,0,0,0,0,0,0,0,0.5
TNFRSF1A,ZNF467,P19438,Q7Z7K2,U,background,False,False,0,0,0,0,58,70,58,70,0,0,0,0,0,0,0,0,0,0,0.5
TNFRSF1A,NHEJ1,P19438,Q9H9Q4,U,background,False,False,0,0,0,0,58,70,58,70,0,0,0,0,3,0,3,0,0,0,0.5
TNFRSF1A,APTX,P19438,Q7Z2E3,U,background,False,False,0,0,0,0,58,70,58,70,0,0,0,0,0,0,0,0,0,0,0.5
TNFRSF1A,BUD13,P19438,Q9BRD0,U,background,False,False,0,0,0,0,58,70,58,70,23,22,23,22,0,0,0,0,1,23,0.5106382978723404
TNFRSF1A,CD200R1L,P19438,Q6Q8B3,U,background,False,False,0,0,0,0,58,70,58,70,0,0,0,0,0,0,0,0,0,0,0.5
TNFRSF1A,SLC6A1,P19438,P30531,U,background,False,False,0,0,0,0,58,70,58,70,0,0,0,0,0,0,0,0,0,0,0.5
TNFRSF1A,CCDC28A,P19438,Q8IWP9,U,background,False,False,0,0,0,0,58,70,58,70,0,0,0,0,0,0,0,0,0,0,0.5
TNFRSF1A,NADK,P19438,O95544,U,background,False,False,0,0,0,0,58,70,58,70,25,24,25,24,0,0,0,0,1,25,0.5098039215686274
TNFRSF1A,TRIM59,P19438,Q8IWR1,U,background,False,False,0,0,0,0,58,70,58,70,13,9,13,9,0,0,0,0,1,13,0.5833333333333334
TNFRSF1A,KLRG2,P19438,A4D1S0,U,background,False,False,0,0,0,0,58,70,58,70,0,0,0,0,31,35,31,35,0,0,0.5
TNFRSF1A,GABRB1,P19438,P18505,U,background,False,False,0,0,0,0,58,70,58,70,0,0,0,0,0,0,0,0,0,0,0.5
TNFRSF1A,E2F6,P19438,O75461,U,low_plausibility,False,False,0,0,0,0,58,70,58,70,0,0,0,0,0,0,0,0,0,0,0.5
TNFRSF1A,SMNDC1,P19438,O75940,U,low_plausibility,False,False,0,0,0,0,58,70,58,70,0,0,0,0,0,0,0,0,0,0,0.5
TNFRSF1A,NSA2,P19438,O95478,U,low_plausibility,False,False,0,0,0,0,58,70,58,70,42,36,42,36,0,0,0,0,1,42,0.5375
TNFRSF1A,SYF2,P19438,O95926,U,low_plausibility,False,False,0,0,0,0,58,70,58,70,0,0,0,0,0,0,0,0,0,0,0.5
TNFRSF1A,SNRPA1,P19438,P09661,U,low_plausibility,False,False,0,0,0,0,58,70,58,70,0,0,0,0,47,40,47,40,0,0,0.5
TNFRSF1A,TFPT,P19438,P0C1Z6,U,low_plausibility,False,False,0,0,0,0,58,70,58,70,61,68,61,68,0,0,0,0,1,61,0.4732824427480916
TNFRSF1A,PCNA,P19438,P12004,U,low_plausibility,False,False,0,0,0,0,58,70,58,70,190,178,190,178,0,0,0,0,1,190,0.5162162162162162
TNFRSF1A,MYF5,P19438,P13349,U,low_plausibility,False,False,0,0,0,0,58,70,58,70,0,0,0,0,0,0,0,0,0,0,0.5
TNFRSF1A,RPA2,P19438,P15927,U,low_plausibility,False,False,0,0,0,0,58,70,58,70,0,0,0,0,74,57,74,57,0,0,0.5
TNFRSF1A,SPI1,P19438,P17947,U,low_plausibility,False,False,0,0,0,0,58,70,58,70,16,24,16,24,0,0,0,0,1,16,0.40476190476190477
TNFRSF1A,ATF1,P19438,P18846,U,low_plausibility,False,False,0,0,0,0,58,70,58,70,0,0,0,0,0,0,0,0,0,0,0.5
TNFRSF1A,DCK,P19438,P27707,U,low_plausibility,False,False,0,0,0,0,58,70,58,70,0,0,0,0,0,0,0,0,0,0,0.5
TNFRSF1A,EEF1D,P19438,P29692,U,low_plausibility,False,False,0,0,0,0,58,70,58,70,0,0,0,0,47,42,47,42,0,0,0.5
TNFRSF1A,ETFB,P19438,P38117,U,low_plausibility,False,False,0,0,0,0,58,70,58,70,0,0,0,0,0,0,0,0,0,0,0.5
TNFRSF1A,RBM11,P19438,P57052,U,low_plausibility,False,False,0,0,0,0,58,70,58,70,31,21,31,21,0,0,0,0,1,31,0.5925925925925926
TNFRSF1A,RPP38,P19438,P78345,U,low_plausibility,False,False,0,0,0,0,58,70,58,70,0,0,0,0,18,13,18,13,0,0,0.5
TNFRSF1A,MRPS15,P19438,P82914,U,low_plausibility,False,False,0,0,0,0,58,70,58,70,29,31,29,31,0,0,0,0,1,29,0.4838709677419355
TNFRSF1A,TFAM,P19438,Q00059,U,low_plausibility,False,False,0,0,0,0,58,70,58,70,123,107,123,107,0,0,0,0,1,123,0.5344827586206896
TNFRSF1A,RPA4,P19438,Q13156,U,low_plausibility,False,False,0,0,0,0,58,70,58,70,0,0,0,0,0,0,0,0,0,0,0.5
TNFRSF1A,HES1,P19438,Q14469,U,low_plausibility,False,False,0,0,0,0,58,70,58,70,0,0,0,0,0,0,0,0,0,0,0.5
TNFRSF1A,SNRNP35,P19438,Q16560,U,low_plausibility,False,False,0,0,0,0,58,70,58,70,22,19,22,19,0,0,0,0,1,22,0.5348837209302325
TNFRSF1A,TAF9,P19438,Q16594,U,low_plausibility,False,False,0,0,0,0,58,70,58,70,0,0,0,0,0,0,0,0,0,0,0.5
TNFRSF1A,CLPP,P19438,Q16740,U,low_plausibility,False,False,0,0,0,0,58,70,58,70,0,0,0,0,0,0,0,0,0,0,0.5
TNFRSF1A,PCGF3,P19438,Q3KNV8,U,low_plausibility,False,False,0,0,0,0,58,70,58,70,0,0,0,0,0,0,0,0,0,0,0.5
TNFRSF1A,CENPQ,P19438,Q7L2Z9,U,low_plausibility,False,False,0,0,0,0,58,70,58,70,41,28,41,28,0,0,0,0,1,41,0.5915492957746479
TNFRSF1A,PCGF5,P19438,Q86SE9,U,low_plausibility,False,False,0,0,0,0,58,70,58,70,22,23,22,23,0,0,0,0,1,22,0.48936170212765956
TNFRSF1A,C1orf174,P19438,Q8IYL3,U,low_plausibility,False,False,0,0,0,0,58,70,58,70,0,0,0,0,0,0,0,0,0,0,0.5
TNFRSF1A,ZCCHC9,P19438,Q8N567,U,low_plausibility,False,False,0,0,0,0,58,70,58,70,0,0,0,0,0,0,0,0,0,0,0.5
TNFRSF1A,INO80E,P19438,Q8NBZ0,U,low_plausibility,False,False,0,0,0,0,58,70,58,70,0,0,0,0,7,7,7,7,0,0,0.5
TNFRSF1A,GATAD1,P19438,Q8WUU5,U,low_plausibility,False,False,0,0,0,0,58,70,58,70,0,0,0,0,0,0,0,0,0,0,0.5
TNFRSF1A,EMG1,P19438,Q92979,U,low_plausibility,False,False,0,0,0,0,58,70,58,70,0,0,0,0,0,0,0,0,0,0,0.5
TNFRSF1A,DLX4,P19438,Q92988,U,low_plausibility,False,False,0,0,0,0,58,70,58,70,0,0,0,0,0,0,0,0,0,0,0.5
TNFRSF1A,MALSU1,P19438,Q96EH3,U,low_plausibility,False,False,0,0,0,0,58,70,58,70,53,37,53,37,0,0,0,0,1,53,0.5869565217391305
TNFRSF1A,RRP36,P19438,Q96EU6,U,low_plausibility,False,False,0,0,0,0,58,70,58,70,15,4,15,4,0,0,0,0,1,15,0.7619047619047619
TNFRSF1A,NSL1,P19438,Q96IY1,U,low_plausibility,False,False,0,0,0,0,58,70,58,70,0,0,0,0,8,4,8,4,0,0,0.5
TNFRSF1A,NSMCE2,P19438,Q96MF7,U,low_plausibility,False,False,0,0,0,0,58,70,58,70,15,14,15,14,0,0,0,0,1,15,0.5161290322580645
TNFRSF1A,USB1,P19438,Q9BQ65,U,low_plausibility,False,False,0,0,0,0,58,70,58,70,0,0,0,0,0,0,0,0,0,0,0.5
TNFRSF1A,PIMREG,P19438,Q9BSJ6,U,low_plausibility,False,False,0,0,0,0,58,70,58,70,0,0,0,0,0,0,0,0,0,0,0.5
TNFRSF1A,PCGF1,P19438,Q9BSM1,U,low_plausibility,False,False,0,0,0,0,58,70,58,70,52,64,52,64,0,0,0,0,1,52,0.4491525423728814
TNFRSF1A,C2orf49,P19438,Q9BVC5,U,low_plausibility,False,False,0,0,0,0,58,70,58,70,0,0,0,0,5,5,5,5,0,0,0.5
TNFRSF1A,CTDSP1,P19438,Q9GZU7,U,low_plausibility,False,False,0,0,0,0,58,70,58,70,0,0,0,0,0,0,0,0,0,0,0.5
TNFRSF1A,NUCKS1,P19438,Q9H1E3,U,low_plausibility,False,False,0,0,0,0,58,70,58,70,12,17,12,17,0,0,0,0,1,12,0.41935483870967744
TNFRSF1A,NMNAT1,P19438,Q9HAN9,U,low_plausibility,False,False,0,0,0,0,58,70,58,70,0,0,0,0,23,23,23,23,0,0,0.5
TNFRSF1A,PNO1,P19438,Q9NRX1,U,low_plausibility,False,False,0,0,0,0,58,70,58,70,0,0,0,0,21,20,21,20,0,0,0.5
TNFRSF1A,METTL1,P19438,Q9UBP6,U,low_plausibility,False,False,0,0,0,0,58,70,58,70,0,0,0,0,9,6,9,6,0,0,0.5
TNFRSF1A,ISY1,P19438,Q9ULR0,U,low_plausibility,False,False,0,0,0,0,58,70,58,70,41,41,41,41,0,0,0,0,1,41,0.5
TNFRSF1A,ING4,P19438,Q9UNL4,U,low_plausibility,False,False,0,0,0,0,58,70,58,70,0,0,0,0,0,0,0,0,0,0,0.5
TNFRSF1A,CHTOP,P19438,Q9Y3Y2,U,low_plausibility,False,False,0,0,0,0,58,70,58,70,0,0,0,0,18,15,18,15,0,0,0.5
TNFRSF1A,RBM7,P19438,Q9Y580,U,low_plausibility,False,False,0,0,0,0,58,70,58,70,35,50,35,50,0,0,0,0,1,35,0.41379310344827586
TNFRSF1A,SPIN1,P19438,Q9Y657,U,low_plausibility,False,False,0,0,0,0,58,70,58,70,0,0,0,0,0,0,0,0,0,0,0.5
TNFRSF1A,KLLN,P19438,B2CW77,U,low_plausibility,False,False,0,0,0,0,58,70,58,70,0,0,0,0,0,0,0,0,0,0,0.5
TNFRSF1A,POP4,P19438,O95707,U,low_plausibility,False,False,0,0,0,0,58,70,58,70,0,0,0,0,0,0,0,0,0,0,0.5
TNFRSF1A,LDOC1,P19438,O95751,U,low_plausibility,False,False,0,0,0,0,58,70,58,70,34,34,34,34,0,0,0,0,1,34,0.5
TNFRSF1A,SNRPC,P19438,P09234,U,low_plausibility,False,False,0,0,0,0,58,70,58,70,0,0,0,0,0,0,0,0,0,0,0.5
TNFRSF1A,H3Y2,P19438,P0DPK5,U,low_plausibility,False,False,0,0,0,0,58,70,58,70,0,0,0,0,0,0,0,0,0,0,0.5
TNFRSF1A,FDX1,P19438,P10109,U,low_plausibility,False,False,0,0,0,0,58,70,58,70,0,0,0,0,0,0,0,0,0,0,0.5
TNFRSF1A,H1-5,P19438,P16401,U,low_plausibility,False,False,0,0,0,0,58,70,58,70,0,0,0,0,0,0,0,0,0,0,0.5
TNFRSF1A,H1-2,P19438,P16403,U,low_plausibility,False,False,0,0,0,0,58,70,58,70,0,0,0,0,0,0,0,0,0,0,0.5
TNFRSF1A,POLR2E,P19438,P19388,U,low_plausibility,False,False,0,0,0,0,58,70,58,70,0,0,0,0,30,38,30,38,0,0,0.5
TNFRSF1A,GADD45A,P19438,P24522,U,low_plausibility,False,False,0,0,0,0,58,70,58,70,0,0,0,0,0,0,0,0,0,0,0.5
TNFRSF1A,AK4,P19438,P27144,U,low_plausibility,False,False,0,0,0,0,58,70,58,70,47,39,47,39,0,0,0,0,1,47,0.5454545454545454
TNFRSF1A,PPIF,P19438,P30405,U,low_plausibility,False,False,0,0,0,0,58,70,58,70,0,0,0,0,0,0,0,0,0,0,0.5
TNFRSF1A,CBX5,P19438,P45973,U,low_plausibility,False,False,0,0,0,0,58,70,58,70,73,65,73,65,0,0,0,0,1,73,0.5285714285714286
TNFRSF1A,UBE2E1,P19438,P51965,U,low_plausibility,False,False,0,0,0,0,58,70,58,70,0,0,0,0,0,0,0,0,0,0,0.5
TNFRSF1A,MRPL12,P19438,P52815,U,low_plausibility,False,False,0,0,0,0,58,70,58,70,89,83,89,83,0,0,0,0,1,89,0.5172413793103449
TNFRSF1A,POLR2G,P19438,P62487,U,low_plausibility,False,False,0,0,0,0,58,70,58,70,0,0,0,0,30,28,30,28,0,0,0.5
TNFRSF1A,CBX1,P19438,P83916,U,low_plausibility,False,False,0,0,0,0,58,70,58,70,0,0,0,0,0,0,0,0,0,0,0.5
TNFRSF1A,H1-1,P19438,Q02539,U,low_plausibility,False,False,0,0,0,0,58,70,58,70,0,0,0,0,0,0,0,0,0,0,0.5
TNFRSF1A,TAF10,P19438,Q12962,U,low_plausibility,False,False,0,0,0,0,58,70,58,70,0,0,0,0,0,0,0,0,0,0,0.5
TNFRSF1A,CBX3,P19438,Q13185,U,low_plausibility,False,False,0,0,0,0,58,70,58,70,0,0,0,0,0,0,0,0,0,0,0.5
TNFRSF1A,SRSF9,P19438,Q13242,U,low_plausibility,False,False,0,0,0,0,58,70,58,70,53,52,53,52,0,0,0,0,1,53,0.5046728971962616
TNFRSF1A,UBE2V1,P19438,Q13404,U,low_plausibility,False,False,0,0,0,0,58,70,58,70,0,0,0,0,0,0,0,0,0,0,0.5
TNFRSF1A,GLRX5,P19438,Q86SX6,U,low_plausibility,False,False,0,0,0,0,58,70,58,70,0,0,0,0,0,0,0,0,0,0,0.5
TNFRSF1A,DHFR2,P19438,Q86XF0,U,low_plausibility,False,False,0,0,0,0,58,70,58,70,0,0,0,0,0,0,0,0,0,0,0.5
TNFRSF1A,YAF2,P19438,Q8IY57,U,low_plausibility,False,False,0,0,0,0,58,70,58,70,0,0,0,0,0,0,0,0,0,0,0.5
TNFRSF1A,SPC24,P19438,Q8NBT2,U,low_plausibility,False,False,0,0,0,0,58,70,58,70,29,23,29,23,0,0,0,0,1,29,0.5555555555555556
TNFRSF1A,GRPEL2,P19438,Q8TAA5,U,low_plausibility,False,False,0,0,0,0,58,70,58,70,2,2,2,2,0,0,0,0,1,2,0.5
TNFRSF1A,PCNP,P19438,Q8WW12,U,low_plausibility,False,False,0,0,0,0,58,70,58,70,0,0,0,0,0,0,0,0,0,0,0.5
TNFRSF1A,H1-10,P19438,Q92522,U,low_plausibility,False,False,0,0,0,0,58,70,58,70,0,0,0,0,0,0,0,0,0,0,0.5
TNFRSF1A,GTF3C6,P19438,Q969F1,U,low_plausibility,False,False,0,0,0,0,58,70,58,70,7,5,7,5,0,0,0,0,1,7,0.5714285714285714
TNFRSF1A,POP5,P19438,Q969H6,U,low_plausibility,False,False,0,0,0,0,58,70,58,70,0,0,0,0,0,0,0,0,0,0,0.5
TNFRSF1A,NABP2,P19438,Q9BQ15,U,low_plausibility,False,False,0,0,0,0,58,70,58,70,0,0,0,0,0,0,0,0,0,0,0.5
TNFRSF1A,GINS3,P19438,Q9BRX5,U,low_plausibility,False,False,0,0,0,0,58,70,58,70,20,14,20,14,0,0,0,0,1,20,0.5833333333333334
TNFRSF1A,NICN1,P19438,Q9BSH3,U,low_plausibility,False,False,0,0,0,0,58,70,58,70,0,0,0,0,7,6,7,6,0,0,0.5
TNFRSF1A,ALKBH7,P19438,Q9BT30,U,low_plausibility,False,False,0,0,0,0,58,70,58,70,0,0,0,0,5,3,5,3,0,0,0.5
TNFRSF1A,SAP30L,P19438,Q9HAJ7,U,low_plausibility,False,False,0,0,0,0,58,70,58,70,0,0,0,0,0,0,0,0,0,0,0.5
TNFRSF1A,AKIP1,P19438,Q9NQ31,U,low_plausibility,False,False,0,0,0,0,58,70,58,70,0,0,0,0,0,0,0,0,0,0,0.5
TNFRSF1A,THAP1,P19438,Q9NVV9,U,low_plausibility,False,False,0,0,0,0,58,70,58,70,0,0,0,0,12,10,12,10,0,0,0.5
TNFRSF1A,MED29,P19438,Q9NX70,U,low_plausibility,False,False,0,0,0,0,58,70,58,70,45,43,45,43,0,0,0,0,1,45,0.5111111111111111
TNFRSF1A,PSMC3IP,P19438,Q9P2W1,U,low_plausibility,False,False,0,0,0,0,58,70,58,70,10,7,10,7,0,0,0,0,1,10,0.5789473684210527
TNFRSF1A,ZMAT5,P19438,Q9UDW3,U,low_plausibility,False,False,0,0,0,0,58,70,58,70,23,19,23,19,0,0,0,0,1,23,0.5454545454545454
TNFRSF1A,CGGBP1,P19438,Q9UFW8,U,low_plausibility,False,False,0,0,0,0,58,70,58,70,0,0,0,0,0,0,0,0,0,0,0.5
TNFRSF1A,RSL24D1,P19438,Q9UHA3,U,low_plausibility,False,False,0,0,0,0,58,70,58,70,18,26,18,26,0,0,0,0,1,18,0.41304347826086957
TNFRSF1A,AK3,P19438,Q9UIJ7,U,low_plausibility,False,False,0,0,0,0,58,70,58,70,0,0,0,0,0,0,0,0,0,0,0.5
TNFRSF1A,ASF1A,P19438,Q9Y294,U,low_plausibility,False,False,0,0,0,0,58,70,58,70,0,0,0,0,27,34,27,34,0,0,0.5
TNFRSF1A,GSTK1,P19438,Q9Y2Q3,U,low_plausibility,False,False,0,0,0,0,58,70,58,70,0,0,0,0,0,0,0,0,0,0,0.5
TNFRSF1A,NOP16,P19438,Q9Y3C1,U,low_plausibility,False,False,0,0,0,0,58,70,58,70,0,0,0,0,30,26,30,26,0,0,0.5
TNFRSF1A,PPIL1,P19438,Q9Y3C6,U,low_plausibility,False,False,0,0,0,0,58,70,58,70,0,0,0,0,0,0,0,0,0,0,0.5
TNFRSF1A,HDGFL3,P19438,Q9Y3E1,U,low_plausibility,False,False,0,0,0,0,58,70,58,70,0,0,0,0,0,0,0,0,0,0,0.5
TNFRSF1A,OARD1,P19438,Q9Y530,U,low_plausibility,False,False,0,0,0,0,58,70,58,70,0,0,0,0,0,0,0,0,0,0,0.5
TNFRSF1A,FBLL1,P19438,A6NHQ2,U,low_plausibility,False,False,0,0,0,0,58,70,58,70,0,0,0,0,4,4,4,4,0,0,0.5
TNFRSF1A,SOX12,P19438,O15370,U,low_plausibility,False,False,0,0,0,0,58,70,58,70,0,0,0,0,0,0,0,0,0,0,0.5
TNFRSF1A,RNF113A,P19438,O15541,U,low_plausibility,False,False,0,0,0,0,58,70,58,70,16,14,16,14,0,0,0,0,1,16,0.53125
TNFRSF1A,NIPSNAP2,P19438,O75323,U,low_plausibility,False,False,0,0,0,0,58,70,58,70,51,40,51,40,0,0,0,0,1,51,0.5591397849462365
TNFRSF1A,SUPT3H,P19438,O75486,U,low_plausibility,False,False,0,0,0,0,58,70,58,70,15,10,15,10,0,0,0,0,1,15,0.5925925925925926
TNFRSF1A,FSBP,P19438,O95073,U,low_plausibility,False,False,0,0,0,0,58,70,58,70,0,0,0,0,0,0,0,0,0,0,0.5
TNFRSF1A,ZRANB2,P19438,O95218,U,low_plausibility,False,False,0,0,0,0,58,70,58,70,53,49,53,49,0,0,0,0,1,53,0.5192307692307693
TNFRSF1A,MBD3,P19438,O95983,U,low_plausibility,False,False,0,0,0,0,58,70,58,70,0,0,0,0,0,0,0,0,0,0,0.5
TNFRSF1A,HNRNPC,P19438,P07910,U,low_plausibility,False,False,0,0,0,0,58,70,58,70,144,161,144,161,0,0,0,0,1,144,0.4723127035830619
TNFRSF1A,ETFA,P19438,P13804,U,low_plausibility,False,False,0,0,0,0,58,70,58,70,0,0,0,0,53,51,53,51,0,0,0.5
TNFRSF1A,FBL,P19438,P22087,U,low_plausibility,False,False,0,0,0,0,58,70,58,70,0,0,0,0,0,0,0,0,0,0,0.5
TNFRSF1A,HNRNPH3,P19438,P31942,U,low_plausibility,False,False,0,0,0,0,58,70,58,70,0,0,0,0,0,0,0,0,0,0,0.5
TNFRSF1A,PCGF2,P19438,P35227,U,low_plausibility,False,False,0,0,0,0,58,70,58,70,27,28,27,28,0,0,0,0,1,27,0.49122807017543857
TNFRSF1A,MDH2,P19438,P40926,U,low_plausibility,False,False,0,0,0,0,58,70,58,70,140,102,140,102,0,0,0,0,1,140,0.5778688524590164
TNFRSF1A,CCNG1,P19438,P51959,U,low_plausibility,False,False,0,0,0,0,58,70,58,70,0,0,0,0,0,0,0,0,0,0,0.5
TNFRSF1A,TRA2B,P19438,P62995,U,low_plausibility,False,False,0,0,0,0,58,70,58,70,73,77,73,77,0,0,0,0,1,73,0.4868421052631579
TNFRSF1A,GTF2B,P19438,Q00403,U,low_plausibility,False,False,0,0,0,0,58,70,58,70,0,0,0,0,0,0,0,0,0,0,0.5
TNFRSF1A,SRSF6,P19438,Q13247,U,low_plausibility,False,False,0,0,0,0,58,70,58,70,0,0,0,0,0,0,0,0,0,0,0.5
TNFRSF1A,GTF2H3,P19438,Q13889,U,low_plausibility,False,False,0,0,0,0,58,70,58,70,7,5,7,5,0,0,0,0,1,7,0.5714285714285714
TNFRSF1A,FAM50A,P19438,Q14320,U,low_plausibility,False,False,0,0,0,0,58,70,58,70,12,15,12,15,0,0,0,0,1,12,0.4482758620689655
TNFRSF1A,ZNF146,P19438,Q15072,U,low_plausibility,False,False,0,0,0,0,58,70,58,70,0,0,0,0,0,0,0,0,0,0,0.5
TNFRSF1A,ANKRD1,P19438,Q15327,U,low_plausibility,False,False,0,0,0,0,58,70,58,70,0,0,0,0,0,0,0,0,0,0,0.5
TNFRSF1A,HLF,P19438,Q16534,U,low_plausibility,False,False,0,0,0,0,58,70,58,70,0,0,0,0,0,0,0,0,0,0,0.5
TNFRSF1A,SPDYA,P19438,Q5MJ70,U,low_plausibility,False,False,0,0,0,0,58,70,58,70,1,2,1,2,0,0,0,0,1,1,0.4
TNFRSF1A,CENPP,P19438,Q6IPU0,U,low_plausibility,False,False,0,0,0,0,58,70,58,70,0,0,0,0,0,0,0,0,0,0,0.5
TNFRSF1A,CCDC137,P19438,Q6PK04,U,low_plausibility,False,False,0,0,0,0,58,70,58,70,0,0,0,0,0,0,0,0,0,0,0.5
TNFRSF1A,WDR5B,P19438,Q86VZ2,U,low_plausibility,False,False,0,0,0,0,58,70,58,70,0,0,0,0,0,0,0,0,0,0,0.5
TNFRSF1A,THOC6,P19438,Q86W42,U,low_plausibility,False,False,0,0,0,0,58,70,58,70,22,18,22,18,0,0,0,0,1,22,0.5476190476190477
TNFRSF1A,PDIK1L,P19438,Q8N165,U,low_plausibility,False,False,0,0,0,0,58,70,58,70,0,0,0,0,0,0,0,0,0,0,0.5
TNFRSF1A,ZC3H8,P19438,Q8N5P1,U,low_plausibility,False,False,0,0,0,0,58,70,58,70,0,0,0,0,0,0,0,0,0,0,0.5
TNFRSF1A,PRPF38A,P19438,Q8NAV1,U,low_plausibility,False,False,0,0,0,0,58,70,58,70,0,0,0,0,19,32,19,32,0,0,0.5
TNFRSF1A,ABHD11,P19438,Q8NFV4,U,low_plausibility,False,False,0,0,0,0,58,70,58,70,20,15,0,0,0,0,0,0,0,0,0.5
TNFRSF1A,UBLCP1,P19438,Q8WVY7,U,low_plausibility,False,False,0,0,0,0,58,70,58,70,0,0,0,0,10,9,10,9,0,0,0.5
TNFRSF1A,MAIP1,P19438,Q8WWC4,U,low_plausibility,False,False,0,0,0,0,58,70,58,70,0,0,0,0,0,0,0,0,0,0,0.5
TNFRSF1A,IMP4,P19438,Q96G21,U,low_plausibility,False,False,0,0,0,0,58,70,58,70,0,0,0,0,18,20,18,20,0,0,0.5
TNFRSF1A,HEXIM2,P19438,Q96MH2,U,low_plausibility,False,False,0,0,0,0,58,70,58,70,0,0,0,0,0,0,0,0,0,0,0.5
TNFRSF1A,PURB,P19438,Q96QR8,U,low_plausibility,False,False,0,0,0,0,58,70,58,70,0,0,0,0,0,0,0,0,0,0,0.5
TNFRSF1A,EBNA1BP2,P19438,Q99848,U,low_plausibility,False,False,0,0,0,0,58,70,58,70,0,0,0,0,51,53,51,53,0,0,0.5
TNFRSF1A,MACROD1,P19438,Q9BQ69,U,low_plausibility,False,False,0,0,0,0,58,70,58,70,0,0,0,0,0,0,0,0,0,0,0.5
TNFRSF1A,TSEN34,P19438,Q9BSV6,U,low_plausibility,False,False,0,0,0,0,58,70,58,70,9,6,9,6,0,0,0,0,1,9,0.5882352941176471
TNFRSF1A,RTF2,P19438,Q9BY42,U,low_plausibility,False,False,0,0,0,0,58,70,58,70,0,0,0,0,0,0,0,0,0,0,0.5
TNFRSF1A,PECR,P19438,Q9BY49,U,low_plausibility,False,False,0,0,0,0,58,70,58,70,0,0,0,0,0,0,0,0,0,0,0.5
TNFRSF1A,DNTTIP1,P19438,Q9H147,U,low_plausibility,False,False,0,0,0,0,58,70,58,70,15,12,15,12,0,0,0,0,1,15,0.5517241379310345
TNFRSF1A,RPF2,P19438,Q9H7B2,U,low_plausibility,False,False,0,0,0,0,58,70,58,70,0,0,0,0,35,36,35,36,0,0,0.5
TNFRSF1A,NANOG,P19438,Q9H9S0,U,low_plausibility,False,False,0,0,0,0,58,70,58,70,0,0,0,0,40,39,40,39,0,0,0.5
TNFRSF1A,ZMAT3,P19438,Q9HA38,U,low_plausibility,False,False,0,0,0,0,58,70,58,70,0,0,0,0,0,0,0,0,0,0,0.5
TNFRSF1A,RPRD1B,P19438,Q9NQG5,U,low_plausibility,False,False,0,0,0,0,58,70,58,70,60,39,60,39,0,0,0,0,1,60,0.6039603960396039
TNFRSF1A,C9orf78,P19438,Q9NZ63,U,low_plausibility,False,False,0,0,0,0,58,70,58,70,0,0,0,0,0,0,0,0,0,0,0.5
TNFRSF1A,SAP30BP,P19438,Q9UHR5,U,low_plausibility,False,False,0,0,0,0,58,70,58,70,0,0,0,0,8,18,8,18,0,0,0.5
TNFRSF1A,PPIE,P19438,Q9UNP9,U,low_plausibility,False,False,0,0,0,0,58,70,58,70,0,0,0,0,0,0,0,0,0,0,0.5
BECN1,ATG14,Q14457,Q6ZNE5,P,,True,True,87,96,87,96,0,0,0,0,24,27,24,27,0,0,0,0,1,24,0.4716981132075472
BECN1,UVRAG,Q14457,Q9P2Y5,P,,True,True,87,96,87,96,0,0,0,0,28,26,28,26,0,0,0,0,1,28,0.5178571428571429
BECN1,BCL2,Q14457,P10415,P,,False,False,87,96,87,96,0,0,0,0,0,0,0,0,33,39,33,39,0,0,0.5
BECN1,OAS1,Q14457,P00973,U,context,False,False,87,96,87,96,0,0,0,0,0,0,0,0,0,0,0,0,0,0,0.5
BECN1,ASPSCR1,Q14457,Q9BZE9,U,context,False,False,87,96,87,96,0,0,0,0,24,25,24,25,0,0,0,0,1,24,0.49019607843137253
BECN1,ALG2,Q14457,Q9H553,U,context,False,False,87,96,87,96,0,0,0,0,0,0,0,0,7,8,7,8,0,0,0.5
BECN1,GHDC,Q14457,Q8N2G8,U,context,False,False,87,96,87,96,0,0,0,0,0,0,0,0,0,0,0,0,0,0,0.5
BECN1,AUP1,Q14457,Q9Y679,U,context,False,False,87,96,87,96,0,0,0,0,0,0,0,0,45,50,45,50,0,0,0.5
BECN1,CYP2A13,Q14457,Q16696,U,context,False,False,87,96,87,96,0,0,0,0,0,0,0,0,0,0,0,0,0,0,0.5
BECN1,MYOC,Q14457,Q99972,U,context,False,False,87,96,87,96,0,0,0,0,8,20,8,20,0,0,0,0,1,8,0.3
BECN1,ARSA,Q14457,P15289,U,context,False,False,87,96,87,96,0,0,0,0,0,0,0,0,29,28,29,28,0,0,0.5
BECN1,TGDS,Q14457,O95455,U,context,False,False,87,96,87,96,0,0,0,0,0,0,0,0,0,0,0,0,0,0,0.5
BECN1,P3H2,Q14457,Q8IVL5,U,context,False,False,87,96,87,96,0,0,0,0,0,0,0,0,0,0,0,0,0,0,0.5
BECN1,PSMG1,Q14457,O95456,U,context,False,False,87,96,87,96,0,0,0,0,0,0,0,0,9,17,9,17,0,0,0.5
BECN1,PCSK9,Q14457,Q8NBP7,U,context,False,False,87,96,87,96,0,0,0,0,0,0,0,0,23,24,23,24,0,0,0.5
BECN1,CYP2C8,Q14457,P10632,U,context,False,False,87,96,87,96,0,0,0,0,0,0,0,0,0,0,0,0,0,0,0.5
BECN1,CYP3A43,Q14457,Q9HB55,U,context,False,False,87,96,87,96,0,0,0,0,0,0,0,0,0,0,0,0,0,0,0.5
BECN1,HSD17B3,Q14457,P37058,U,context,False,False,87,96,87,96,0,0,0,0,0,0,0,0,0,0,0,0,0,0,0.5
BECN1,CGRRF1,Q14457,Q99675,U,context,False,False,87,96,87,96,0,0,0,0,17,18,17,18,0,0,0,0,1,17,0.4864864864864865
BECN1,SCFD1,Q14457,Q8WVM8,U,context,False,False,87,96,87,96,0,0,0,0,54,61,54,61,0,0,0,0,1,54,0.4700854700854701
BECN1,KLHL41,Q14457,O60662,U,context,False,False,87,96,87,96,0,0,0,0,0,0,0,0,0,0,0,0,0,0,0.5
BECN1,USP17L2,Q14457,Q6R6M4,U,context,False,False,87,96,87,96,0,0,0,0,0,0,0,0,0,0,0,0,0,0,0.5
BECN1,LPIN1,Q14457,Q14693,U,context,False,False,87,96,87,96,0,0,0,0,0,0,0,0,0,0,0,0,0,0,0.5
BECN1,P3H4,Q14457,Q92791,U,context,False,False,87,96,87,96,0,0,0,0,0,0,0,0,0,0,0,0,0,0,0.5
BECN1,SULF2,Q14457,Q8IWU5,U,context,False,False,87,96,87,96,0,0,0,0,0,0,0,0,0,0,0,0,0,0,0.5
BECN1,HMGCLL1,Q14457,Q8TB92,U,context,False,False,87,96,87,96,0,0,0,0,0,0,0,0,0,0,0,0,0,0,0.5
BECN1,RASGRP1,Q14457,O95267,U,context,False,False,87,96,87,96,0,0,0,0,2,4,2,4,0,0,0,0,1,2,0.375
BECN1,NHLRC1,Q14457,Q6VVB1,U,context,True,False,87,96,87,96,0,0,0,0,6,1,6,1,0,0,0,0,1,6,0.7777777777777778
BECN1,MTMR9,Q14457,Q96QG7,U,context,False,False,87,96,87,96,0,0,0,0,22,32,22,32,0,0,0,0,1,22,0.4107142857142857
BECN1,PDE9A,Q14457,O76083,U,context,False,False,87,96,87,96,0,0,0,0,16,14,16,14,0,0,0,0,1,16,0.53125
BECN1,ATG4B,Q14457,Q9Y4P1,U,context,False,False,87,96,87,96,0,0,0,0,0,0,0,0,0,0,0,0,0,0,0.5
BECN1,DHH,Q14457,O43323,U,context,False,False,87,96,87,96,0,0,0,0,0,0,0,0,0,0,0,0,0,0,0.5
BECN1,CHI3L1,Q14457,P36222,U,context,False,False,87,96,87,96,0,0,0,0,0,0,0,0,0,0,0,0,0,0,0.5
BECN1,MAPK8IP1,Q14457,Q9UQF2,U,context,False,False,87,96,87,96,0,0,0,0,12,12,12,12,0,0,0,0,1,12,0.5
BECN1,TREX1,Q14457,Q9NSU2,U,context,False,False,87,96,87,96,0,0,0,0,0,0,0,0,13,11,13,11,0,0,0.5
BECN1,RNASET2,Q14457,O00584,U,context,False,False,87,96,87,96,0,0,0,0,0,0,0,0,0,1,0,1,0,0,0.5
BECN1,CTSW,Q14457,P56202,U,context,False,False,87,96,87,96,0,0,0,0,0,0,0,0,0,0,0,0,0,0,0.5
BECN1,P3H3,Q14457,Q8IVL6,U,context,False,False,87,96,87,96,0,0,0,0,0,0,0,0,0,0,0,0,0,0,0.5
BECN1,OSBPL3,Q14457,Q9H4L5,U,context,False,False,87,96,87,96,0,0,0,0,0,0,0,0,0,0,0,0,0,0,0.5
BECN1,USP20,Q14457,Q9Y2K6,U,context,False,False,87,96,87,96,0,0,0,0,0,0,0,0,0,0,0,0,0,0,0.5
BECN1,SEC13,Q14457,P55735,U,context,True,False,87,96,87,96,0,0,0,0,59,69,59,69,0,0,0,0,1,59,0.46153846153846156
BECN1,EOGT,Q14457,Q5NDL2,U,context,False,False,87,96,87,96,0,0,0,0,0,0,0,0,5,8,5,8,0,0,0.5
BECN1,PKMYT1,Q14457,Q99640,U,context,False,False,87,96,87,96,0,0,0,0,28,22,28,22,0,0,0,0,1,28,0.5576923076923077
BECN1,RAP1GDS1,Q14457,P52306,U,context,False,False,87,96,87,96,0,0,0,0,40,58,40,58,0,0,0,0,1,40,0.41
BECN1,ULBP2,Q14457,Q9BZM5,U,context,False,False,87,96,87,96,0,0,0,0,0,0,0,0,0,0,0,0,0,0,0.5
BECN1,PLIN1,Q14457,O60240,U,context,False,False,87,96,87,96,0,0,0,0,3,1,3,1,0,0,0,0,1,3,0.6666666666666666
BECN1,TP53,Q14457,P04637,U,context,False,False,87,96,87,96,0,0,0,0,0,0,0,0,0,0,0,0,0,0,0.5
BECN1,PAFAH2,Q14457,Q99487,U,context,False,False,87,96,87,96,0,0,0,0,0,0,0,0,0,0,0,0,0,0,0.5
BECN1,DDHD2,Q14457,O94830,U,context,False,False,87,96,87,96,0,0,0,0,0,0,0,0,0,0,0,0,0,0,0.5
BECN1,ZW10,Q14457,O43264,U,context,False,False,87,96,87,96,0,0,0,0,39,29,39,29,0,0,0,0,1,39,0.5714285714285714
BECN1,PSMF1,Q14457,Q92530,U,context,False,False,87,96,87,96,0,0,0,0,29,18,29,18,0,0,0,0,1,29,0.6122448979591837
BECN1,P4HA1,Q14457,P13674,U,context,False,False,87,96,87,96,0,0,0,0,0,0,0,0,0,0,0,0,0,0,0.5
BECN1,CYP26B1,Q14457,Q9NR63,U,context,False,False,87,96,87,96,0,0,0,0,0,0,0,0,7,2,7,2,0,0,0.5
BECN1,BSG,Q14457,P35613,U,background,False,False,87,96,87,96,0,0,0,0,0,0,0,0,0,0,0,0,0,0,0.5
BECN1,DOK6,Q14457,Q6PKX4,U,background,False,False,87,96,87,96,0,0,0,0,5,6,5,6,0,0,0,0,1,5,0.46153846153846156
BECN1,PIGT,Q14457,Q969N2,U,background,False,False,87,96,87,96,0,0,0,0,0,0,0,0,49,50,49,50,0,0,0.5
BECN1,MARVELD3,Q14457,Q96A59,U,background,False,False,87,96,87,96,0,0,0,0,0,0,0,0,0,0,0,0,0,0,0.5
BECN1,GTF3C3,Q14457,Q9Y5Q9,U,background,False,False,87,96,87,96,0,0,0,0,54,59,54,59,0,0,0,0,1,54,0.4782608695652174
BECN1,ACOX2,Q14457,Q99424,U,background,False,False,87,96,87,96,0,0,0,0,4,4,4,4,0,0,0,0,1,4,0.5
BECN1,MICA,Q14457,Q29983,U,background,False,False,87,96,87,96,0,0,0,0,0,0,0,0,0,0,0,0,0,0,0.5
BECN1,ALDH16A1,Q14457,Q8IZ83,U,background,False,False,87,96,87,96,0,0,0,0,0,0,0,0,16,17,16,17,0,0,0.5
BECN1,GID4,Q14457,Q8IVV7,U,background,False,False,87,96,87,96,0,0,0,0,0,0,0,0,0,0,0,0,0,0,0.5
BECN1,ARHGEF37,Q14457,A1IGU5,U,background,False,False,87,96,87,96,0,0,0,0,2,1,2,1,0,0,0,0,1,2,0.6
BECN1,HNRNPDL,Q14457,O14979,U,background,False,False,87,96,87,96,0,0,0,0,96,92,96,92,0,0,0,0,1,96,0.5105263157894737
BECN1,KCNK16,Q14457,Q96T55,U,background,False,False,87,96,87,96,0,0,0,0,0,0,0,0,0,0,0,0,0,0,0.5
BECN1,SPATC1L,Q14457,Q9H0A9,U,background,False,False,87,96,87,96,0,0,0,0,0,0,0,0,0,0,0,0,0,0,0.5
BECN1,TRIM49B,Q14457,A6NDI0,U,background,False,False,87,96,87,96,0,0,0,0,0,0,0,0,0,0,0,0,0,0,0.5
BECN1,ENOSF1,Q14457,Q7L5Y1,U,background,False,False,87,96,87,96,0,0,0,0,0,0,0,0,2,3,2,3,0,0,0.5
BECN1,FBXO5,Q14457,Q9UKT4,U,background,False,False,87,96,87,96,0,0,0,0,22,12,22,12,0,0,0,0,1,22,0.6388888888888888
BECN1,ZNF3,Q14457,P17036,U,background,False,False,87,96,87,96,0,0,0,0,0,0,0,0,0,0,0,0,0,0,0.5
BECN1,TBC1D3,Q14457,Q8IZP1,U,background,False,False,87,96,87,96,0,0,0,0,0,0,0,0,0,2,0,2,0,0,0.5
BECN1,KCNA5,Q14457,P22460,U,background,False,False,87,96,87,96,0,0,0,0,0,0,0,0,0,0,0,0,0,0,0.5
BECN1,HAT1,Q14457,O14929,U,background,False,False,87,96,87,96,0,0,0,0,38,34,38,34,0,0,0,0,1,38,0.527027027027027
BECN1,CA14,Q14457,Q9ULX7,U,background,False,False,87,96,87,96,0,0,0,0,0,0,0,0,0,0,0,0,0,0,0.5
BECN1,SPRYD3,Q14457,Q8NCJ5,U,background,False,False,87,96,87,96,0,0,0,0,0,0,0,0,0,0,0,0,0,0,0.5
BECN1,CNPPD1,Q14457,Q9BV87,U,background,False,False,87,96,87,96,0,0,0,0,0,0,0,0,1,5,1,5,0,0,0.5
BECN1,FOXR1,Q14457,Q6PIV2,U,background,False,False,87,96,87,96,0,0,0,0,0,0,0,0,0,0,0,0,0,0,0.5
BECN1,ZNF526,Q14457,Q8TF50,U,background,False,False,87,96,87,96,0,0,0,0,0,0,0,0,0,0,0,0,0,0,0.5
BECN1,POU3F1,Q14457,Q03052,U,background,False,False,87,96,87,96,0,0,0,0,0,0,0,0,0,0,0,0,0,0,0.5
BECN1,DDX51,Q14457,Q8N8A6,U,background,False,False,87,96,87,96,0,0,0,0,0,0,0,0,0,0,0,0,0,0,0.5
BECN1,PEX6,Q14457,Q13608,U,background,False,False,87,96,87,96,0,0,0,0,22,20,22,20,0,0,0,0,1,22,0.5227272727272727
BECN1,ERVFC1-1,Q14457,P60608,U,background,False,False,87,96,87,96,0,0,0,0,0,0,0,0,0,0,0,0,0,0,0.5
BECN1,NECTIN3,Q14457,Q9NQS3,U,background,False,False,87,96,87,96,0,0,0,0,0,0,0,0,0,0,0,0,0,0,0.5
BECN1,HOXA11,Q14457,P31270,U,background,False,False,87,96,87,96,0,0,0,0,0,0,0,0,0,0,0,0,0,0,0.5
BECN1,COQ2,Q14457,Q96H96,U,background,False,False,87,96,87,96,0,0,0,0,0,0,0,0,22,27,0,0,0,0,0.5
BECN1,TRAM2,Q14457,Q15035,U,background,False,False,87,96,87,96,0,0,0,0,0,0,0,0,0,0,0,0,0,0,0.5
BECN1,HAPSTR2,Q14457,A0A7P0TBJ1,U,background,False,False,87,96,87,96,0,0,0,0,0,0,0,0,0,0,0,0,0,0,0.5
BECN1,FAM50B,Q14457,Q9Y247,U,background,False,False,87,96,87,96,0,0,0,0,0,0,0,0,0,0,0,0,0,0,0.5
BECN1,IRAK4,Q14457,Q9NWZ3,U,background,False,False,87,96,87,96,0,0,0,0,14,7,14,7,0,0,0,0,1,14,0.6521739130434783
BECN1,PERCC1,Q14457,A0A1W2PR82,U,background,False,False,87,96,87,96,0,0,0,0,0,0,0,0,0,0,0,0,0,0,0.5
BECN1,TCN1,Q14457,P20061,U,background,False,False,87,96,87,96,0,0,0,0,0,0,0,0,1,1,1,1,0,0,0.5
BECN1,ZP2,Q14457,Q05996,U,background,False,False,87,96,87,96,0,0,0,0,0,0,0,0,4,4,4,4,0,0,0.5
BECN1,SPATA18,Q14457,Q8TC71,U,background,False,False,87,96,87,96,0,0,0,0,10,10,10,10,0,0,0,0,1,10,0.5
BECN1,AJM1,Q14457,C9J069,U,background,False,False,87,96,87,96,0,0,0,0,0,0,0,0,0,0,0,0,0,0,0.5
BECN1,TOR3A,Q14457,Q9H497,U,background,False,False,87,96,87,96,0,0,0,0,8,12,8,12,0,0,0,0,1,8,0.4090909090909091
BECN1,CDKL2,Q14457,Q92772,U,background,False,False,87,96,87,96,0,0,0,0,0,0,0,0,0,0,0,0,0,0,0.5
BECN1,MENT,Q14457,Q9BUN1,U,background,False,False,87,96,87,96,0,0,0,0,0,0,0,0,0,0,0,0,0,0,0.5
BECN1,ZBTB43,Q14457,O43298,U,background,False,False,87,96,87,96,0,0,0,0,0,0,0,0,0,0,0,0,0,0,0.5
BECN1,TBCK,Q14457,Q8TEA7,U,background,False,False,87,96,87,96,0,0,0,0,26,30,26,30,0,0,0,0,1,26,0.46551724137931033
BECN1,PIP4K2A,Q14457,P48426,U,background,False,False,87,96,87,96,0,0,0,0,0,0,0,0,0,0,0,0,0,0,0.5
BECN1,FOXB1,Q14457,Q99853,U,background,False,False,87,96,87,96,0,0,0,0,0,0,0,0,0,0,0,0,0,0,0.5
BECN1,TGFBR2,Q14457,P37173,U,background,False,False,87,96,87,96,0,0,0,0,82,77,82,77,0,0,0,0,1,82,0.515527950310559
BECN1,ZNF583,Q14457,Q96ND8,U,background,False,False,87,96,87,96,0,0,0,0,0,0,0,0,0,0,0,0,0,0,0.5
BECN1,RINT1,Q14457,Q6NUQ1,U,context,False,False,87,96,87,96,0,0,0,0,0,0,0,0,0,0,0,0,0,0,0.5
BECN1,RASGRF2,Q14457,O14827,U,context,False,False,87,96,87,96,0,0,0,0,0,0,0,0,0,0,0,0,0,0,0.5
BECN1,P4HA2,Q14457,O15460,U,context,False,False,87,96,87,96,0,0,0,0,0,0,0,0,14,12,14,12,0,0,0.5
BECN1,CYP2B6,Q14457,P20813,U,context,False,False,87,96,87,96,0,0,0,0,0,0,0,0,0,0,0,0,0,0,0.5
BECN1,SEC31A,Q14457,O94979,U,context,False,False,87,96,87,96,0,0,0,0,37,38,37,38,0,0,0,0,1,37,0.4935064935064935
BECN1,GIMAP8,Q14457,Q8ND71,U,context,False,False,87,96,87,96,0,0,0,0,9,10,9,10,0,0,0,0,1,9,0.47619047619047616
BECN1,LSG1,Q14457,Q9H089,U,context,False,False,87,96,87,96,0,0,0,0,31,21,31,21,0,0,0,0,1,31,0.5925925925925926
BECN1,SEC16B,Q14457,Q96JE7,U,context,False,False,87,96,87,96,0,0,0,0,0,0,0,0,1,0,1,0,0,0,0.5
BECN1,SIL1,Q14457,Q9H173,U,context,False,False,87,96,87,96,0,0,0,0,6,7,6,7,0,0,0,0,1,6,0.4666666666666667
BECN1,PRSS50,Q14457,Q9UI38,U,context,False,False,87,96,87,96,0,0,0,0,0,0,0,0,8,8,8,8,0,0,0.5
BECN1,RTN3,Q14457,O95197,U,context,False,False,87,96,87,96,0,0,0,0,0,0,0,0,28,21,28,21,0,0,0.5
BECN1,SUMF1,Q14457,Q8NBK3,U,context,False,False,87,96,87,96,0,0,0,0,0,0,0,0,0,0,0,0,0,0,0.5
BECN1,SPAST,Q14457,Q9UBP0,U,context,False,False,87,96,87,96,0,0,0,0,16,13,16,13,0,0,0,0,1,16,0.5483870967741935
BECN1,CYP1B1,Q14457,Q16678,U,context,False,False,87,96,87,96,0,0,0,0,0,0,0,0,1,2,1,2,0,0,0.5
BECN1,CYP26A1,Q14457,O43174,U,context,False,False,87,96,87,96,0,0,0,0,0,0,0,0,0,0,0,0,0,0,0.5
BECN1,SULF1,Q14457,Q8IWU6,U,context,False,False,87,96,87,96,0,0,0,0,0,0,0,0,8,9,8,9,0,0,0.5
BECN1,POGLUT3,Q14457,Q7Z4H8,U,context,False,False,87,96,87,96,0,0,0,0,0,0,0,0,0,0,0,0,0,0,0.5
BECN1,NPLOC4,Q14457,Q8TAT6,U,context,False,False,87,96,87,96,0,0,0,0,53,44,53,44,0,0,0,0,1,53,0.5454545454545454
BECN1,SQSTM1,Q14457,Q13501,U,context,True,False,87,96,87,96,0,0,0,0,316,283,316,283,0,0,0,0,1,316,0.5274542429284526
BECN1,DDN,Q14457,O94850,U,context,False,False,87,96,87,96,0,0,0,0,3,4,3,4,0,0,0,0,1,3,0.4444444444444444
BECN1,DUS2,Q14457,Q9NX74,U,context,False,False,87,96,87,96,0,0,0,0,0,0,0,0,2,1,2,1,0,0,0.5
BECN1,ERO1B,Q14457,Q86YB8,U,context,False,False,87,96,87,96,0,0,0,0,0,0,0,0,0,0,0,0,0,0,0.5
BECN1,CEMIP,Q14457,Q8WUJ3,U,context,False,False,87,96,87,96,0,0,0,0,0,0,0,0,0,0,0,0,0,0,0.5
BECN1,SRP68,Q14457,Q9UHB9,U,context,False,False,87,96,87,96,0,0,0,0,40,45,40,45,0,0,0,0,1,40,0.47126436781609193
BECN1,CPEB4,Q14457,Q17RY0,U,context,False,False,87,96,87,96,0,0,0,0,42,60,42,60,0,0,0,0,1,42,0.41346153846153844
BECN1,WASHC5,Q14457,Q12768,U,context,False,False,87,96,87,96,0,0,0,0,0,0,0,0,0,0,0,0,0,0,0.5
BECN1,CYP4A22,Q14457,Q5TCH4,U,context,False,False,87,96,87,96,0,0,0,0,0,0,0,0,0,0,0,0,0,0,0.5
BECN1,CES1,Q14457,P23141,U,context,False,False,87,96,87,96,0,0,0,0,0,0,0,0,0,0,0,0,0,0,0.5
BECN1,PIP4K2C,Q14457,Q8TBX8,U,context,False,False,87,96,87,96,0,0,0,0,0,0,0,0,0,0,0,0,0,0,0.5
BECN1,CYP21A2,Q14457,P08686,U,context,False,False,87,96,87,96,0,0,0,0,0,0,0,0,3,4,0,0,0,0,0.5
BECN1,OS9,Q14457,Q13438,U,context,False,False,87,96,87,96,0,0,0,0,26,33,26,33,0,0,0,0,1,26,0.4426229508196721
BECN1,SCP2,Q14457,P22307,U,context,False,False,87,96,87,96,0,0,0,0,0,0,0,0,0,0,0,0,0,0,0.5
BECN1,COLGALT2,Q14457,Q8IYK4,U,context,False,False,87,96,87,96,0,0,0,0,0,0,0,0,21,37,21,37,0,0,0.5
BECN1,ANKRD13C,Q14457,Q8N6S4,U,context,False,False,87,96,87,96,0,0,0,0,3,3,3,3,0,0,0,0,1,3,0.5
BECN1,HYAL3,Q14457,O43820,U,context,False,False,87,96,87,96,0,0,0,0,0,0,0,0,0,0,0,0,0,0,0.5
BECN1,COPB1,Q14457,P53618,U,context,False,False,87,96,87,96,0,0,0,0,69,53,69,53,0,0,0,0,1,69,0.5645161290322581
BECN1,AMBP,Q14457,P02760,U,context,False,False,87,96,87,96,0,0,0,0,0,0,0,0,4,2,4,2,0,0,0.5
BECN1,IHH,Q14457,Q14623,U,context,False,False,87,96,87,96,0,0,0,0,0,0,0,0,0,0,0,0,0,0,0.5
BECN1,PJA2,Q14457,O43164,U,context,False,False,87,96,87,96,0,0,0,0,20,19,20,19,0,0,0,0,1,20,0.5121951219512195
BECN1,PI4K2B,Q14457,Q8TCG2,U,context,False,False,87,96,87,96,0,0,0,0,19,17,19,17,0,0,0,0,1,19,0.5263157894736842
BECN1,OLFM1,Q14457,Q99784,U,context,False,False,87,96,87,96,0,0,0,0,6,7,6,7,0,0,0,0,1,6,0.4666666666666667
BECN1,SEC23IP,Q14457,Q9Y6Y8,U,context,False,False,87,96,87,96,0,0,0,0,0,0,0,0,0,0,0,0,0,0,0.5
BECN1,GPSM1,Q14457,Q86YR5,U,context,False,False,87,96,87,96,0,0,0,0,0,0,0,0,0,0,0,0,0,0,0.5
BECN1,GGT2P,Q14457,P36268,U,context,False,False,87,96,87,96,0,0,0,0,0,0,0,0,0,1,0,1,0,0,0.5
BECN1,CYP2W1,Q14457,Q8TAV3,U,context,False,False,87,96,87,96,0,0,0,0,0,0,0,0,0,0,0,0,0,0,0.5
BECN1,UBXN4,Q14457,Q92575,U,context,False,False,87,96,87,96,0,0,0,0,37,38,37,38,0,0,0,0,1,37,0.4935064935064935
BECN1,PSKH1,Q14457,P11801,U,context,False,False,87,96,87,96,0,0,0,0,18,18,18,18,0,0,0,0,1,18,0.5
BECN1,INPP5K,Q14457,Q9BT40,U,context,False,False,87,96,87,96,0,0,0,0,0,0,0,0,0,0,0,0,0,0,0.5
BECN1,SEC24D,Q14457,O94855,U,context,False,False,87,96,87,96,0,0,0,0,0,0,0,0,0,0,0,0,0,0,0.5
BECN1,PI4KB,Q14457,Q9UBF8,U,context,False,False,87,96,87,96,0,0,0,0,28,39,28,39,0,0,0,0,1,28,0.42028985507246375
BECN1,ROM1,Q14457,Q03395,U,background,False,False,87,96,87,96,0,0,0,0,4,2,4,2,0,0,0,0,1,4,0.625
BECN1,PCDH10,Q14457,Q9P2E7,U,background,False,False,87,96,87,96,0,0,0,0,0,0,0,0,11,8,11,8,0,0,0.5
BECN1,NFX1,Q14457,Q12986,U,background,False,False,87,96,87,96,0,0,0,0,135,110,135,110,0,0,0,0,1,135,0.5506072874493927
BECN1,DLL1,Q14457,O00548,U,background,False,False,87,96,87,96,0,0,0,0,0,0,0,0,5,6,5,6,0,0,0.5
BECN1,EFHC1,Q14457,Q5JVL4,U,background,False,False,87,96,87,96,0,0,0,0,0,0,0,0,10,17,10,17,0,0,0.5
BECN1,SUCO,Q14457,Q9UBS9,U,background,False,False,87,96,87,96,0,0,0,0,0,0,0,0,0,0,0,0,0,0,0.5
BECN1,METTL2B,Q14457,Q6P1Q9,U,background,False,False,87,96,87,96,0,0,0,0,0,0,0,0,3,3,3,3,0,0,0.5
BECN1,TACR2,Q14457,P21452,U,background,False,False,87,96,87,96,0,0,0,0,0,0,0,0,0,0,0,0,0,0,0.5
BECN1,FAM193B,Q14457,Q96PV7,U,background,False,False,87,96,87,96,0,0,0,0,0,0,0,0,0,0,0,0,0,0,0.5
BECN1,LRP8,Q14457,Q14114,U,background,False,False,87,96,87,96,0,0,0,0,0,0,0,0,15,17,15,17,0,0,0.5
BECN1,RARG,Q14457,P13631,U,background,False,False,87,96,87,96,0,0,0,0,0,0,0,0,0,0,0,0,0,0,0.5
BECN1,ETF1,Q14457,P62495,U,background,False,False,87,96,87,96,0,0,0,0,0,0,0,0,0,0,0,0,0,0,0.5
BECN1,TRMT2A,Q14457,Q8IZ69,U,background,False,False,87,96,87,96,0,0,0,0,32,50,32,50,0,0,0,0,1,32,0.39285714285714285
BECN1,DRC1,Q14457,Q96MC2,U,background,False,False,87,96,87,96,0,0,0,0,0,0,0,0,0,0,0,0,0,0,0.5
BECN1,ZNF613,Q14457,Q6PF04,U,background,False,False,87,96,87,96,0,0,0,0,0,0,0,0,0,0,0,0,0,0,0.5
BECN1,CCDC158,Q14457,Q5M9N0,U,background,False,False,87,96,87,96,0,0,0,0,8,9,8,9,0,0,0,0,1,8,0.47368421052631576
BECN1,NAAA,Q14457,Q02083,U,background,False,False,87,96,87,96,0,0,0,0,0,0,0,0,64,82,64,82,0,0,0.5
BECN1,LPCAT3,Q14457,Q6P1A2,U,background,False,False,87,96,87,96,0,0,0,0,0,0,0,0,17,13,17,13,0,0,0.5
BECN1,HID1,Q14457,Q8IV36,U,background,False,False,87,96,87,96,0,0,0,0,6,12,6,12,0,0,0,0,1,6,0.35
BECN1,CELF6,Q14457,Q96J87,U,background,False,False,87,96,87,96,0,0,0,0,0,0,0,0,0,0,0,0,0,0,0.5
BECN1,SERINC3,Q14457,Q13530,U,background,False,False,87,96,87,96,0,0,0,0,0,0,0,0,5,7,5,7,0,0,0.5
BECN1,RNF168,Q14457,Q8IYW5,U,background,False,False,87,96,87,96,0,0,0,0,24,19,24,19,0,0,0,0,1,24,0.5555555555555556
BECN1,ZNF623,Q14457,O75123,U,background,False,False,87,96,87,96,0,0,0,0,0,0,0,0,0,0,0,0,0,0,0.5
BECN1,WDR55,Q14457,Q9H6Y2,U,background,False,False,87,96,87,96,0,0,0,0,12,12,12,12,0,0,0,0,1,12,0.5
BECN1,COL9A1,Q14457,P20849,U,background,False,False,87,96,87,96,0,0,0,0,0,0,0,0,5,7,5,7,0,0,0.5
BECN1,FUS,Q14457,P35637,U,background,False,False,87,96,87,96,0,0,0,0,0,0,0,0,0,0,0,0,0,0,0.5
BECN1,TXNDC11,Q14457,Q6PKC3,U,background,False,False,87,96,87,96,0,0,0,0,21,18,21,18,0,0,0,0,1,21,0.5365853658536586
BECN1,TBK1,Q14457,Q9UHD2,U,background,False,False,87,96,87,96,0,0,0,0,123,122,123,122,0,0,0,0,1,123,0.5020242914979757
BECN1,DOC2A,Q14457,Q14183,U,background,False,False,87,96,87,96,0,0,0,0,0,0,0,0,0,0,0,0,0,0,0.5
BECN1,SPMAP2L,Q14457,P0DJG4,U,background,False,False,87,96,87,96,0,0,0,0,0,0,0,0,0,0,0,0,0,0,0.5
BECN1,SYTL5,Q14457,Q8TDW5,U,background,False,False,87,96,87,96,0,0,0,0,6,19,6,19,0,0,0,0,1,6,0.25925925925925924
BECN1,TLR1,Q14457,Q15399,U,background,False,False,87,96,87,96,0,0,0,0,0,0,0,0,0,0,0,0,0,0,0.5
BECN1,LTB4R2,Q14457,Q9NPC1,U,background,False,False,87,96,87,96,0,0,0,0,0,0,0,0,0,0,0,0,0,0,0.5
BECN1,SLC5A2,Q14457,P31639,U,background,False,False,87,96,87,96,0,0,0,0,0,0,0,0,0,0,0,0,0,0,0.5
BECN1,GNAS,Q14457,P63092,U,background,False,False,87,96,87,96,0,0,0,0,0,0,0,0,0,0,0,0,0,0,0.5
BECN1,MRM1,Q14457,Q6IN84,U,background,False,False,87,96,87,96,0,0,0,0,0,0,0,0,91,78,91,78,0,0,0.5
BECN1,UNC13D,Q14457,Q70J99,U,background,False,False,87,96,87,96,0,0,0,0,5,6,5,6,0,0,0,0,1,5,0.46153846153846156
BECN1,NYAP2,Q14457,Q9P242,U,background,False,False,87,96,87,96,0,0,0,0,0,0,0,0,0,0,0,0,0,0,0.5
BECN1,CEL,Q14457,P19835,U,background,False,False,87,96,87,96,0,0,0,0,0,0,0,0,3,1,3,1,0,0,0.5
BECN1,HEXB,Q14457,P07686,U,background,False,False,87,96,87,96,0,0,0,0,17,17,17,17,0,0,0,0,1,17,0.5
BECN1,CWC27,Q14457,Q6UX04,U,background,False,False,87,96,87,96,0,0,0,0,16,16,16,16,0,0,0,0,1,16,0.5
BECN1,SLC16A14,Q14457,Q7RTX9,U,background,False,False,87,96,87,96,0,0,0,0,0,0,0,0,0,0,0,0,0,0,0.5
BECN1,NCKAP1L,Q14457,P55160,U,background,False,False,87,96,87,96,0,0,0,0,0,0,0,0,0,0,0,0,0,0,0.5
BECN1,AGMO,Q14457,Q6ZNB7,U,background,False,False,87,96,87,96,0,0,0,0,0,0,0,0,0,0,0,0,0,0,0.5
BECN1,SLC35F2,Q14457,Q8IXU6,U,background,False,False,87,96,87,96,0,0,0,0,0,0,0,0,0,0,0,0,0,0,0.5
BECN1,NOX3,Q14457,Q9HBY0,U,background,False,False,87,96,87,96,0,0,0,0,0,0,0,0,0,0,0,0,0,0,0.5
BECN1,PIWIL2,Q14457,Q8TC59,U,background,False,False,87,96,87,96,0,0,0,0,0,0,0,0,0,0,0,0,0,0,0.5
BECN1,IL10RA,Q14457,Q13651,U,background,False,False,87,96,87,96,0,0,0,0,0,0,0,0,6,4,6,4,0,0,0.5
BECN1,STAG2,Q14457,Q8N3U4,U,background,False,False,87,96,87,96,0,0,0,0,0,0,0,0,0,0,0,0,0,0,0.5
BECN1,SLC2A11,Q14457,Q9BYW1,U,background,False,False,87,96,87,96,0,0,0,0,0,0,0,0,0,0,0,0,0,0,0.5
BECN1,DIPK1C,Q14457,Q0P6D2,U,context,False,False,87,96,87,96,0,0,0,0,0,0,0,0,0,0,0,0,0,0,0.5
BECN1,G6PC1,Q14457,P35575,U,context,False,False,87,96,87,96,0,0,0,0,0,0,0,0,0,0,0,0,0,0,0.5
BECN1,TMX2,Q14457,Q9Y320,U,context,False,False,87,96,87,96,0,0,0,0,0,0,0,0,0,0,0,0,0,0,0.5
BECN1,HM13,Q14457,Q8TCT9,U,context,False,False,87,96,87,96,0,0,0,0,0,0,0,0,0,0,0,0,0,0,0.5
BECN1,CYB561D2,Q14457,O14569,U,context,False,False,87,96,87,96,0,0,0,0,0,0,0,0,0,0,0,0,0,0,0.5
BECN1,TLCD3B,Q14457,Q71RH2,U,context,False,False,87,96,87,96,0,0,0,0,0,0,0,0,0,0,0,0,0,0,0.5
BECN1,TM7SF2,Q14457,O76062,U,context,False,False,87,96,87,96,0,0,0,0,0,0,0,0,0,0,0,0,0,0,0.5
BECN1,DERL1,Q14457,Q9BUN8,U,context,False,False,87,96,87,96,0,0,0,0,0,0,0,0,93,81,93,81,0,0,0.5
BECN1,PIGU,Q14457,Q9H490,U,context,False,False,87,96,87,96,0,0,0,0,0,0,0,0,20,14,20,14,0,0,0.5
BECN1,CANT1,Q14457,Q8WVQ1,U,context,False,False,87,96,87,96,0,0,0,0,0,0,0,0,21,21,21,21,0,0,0.5
BECN1,SSR1,Q14457,P43307,U,context,False,False,87,96,87,96,0,0,0,0,119,120,119,120,0,0,0,0,1,119,0.4979253112033195
BECN1,PEDS1,Q14457,A5PLL7,U,context,False,False,87,96,87,96,0,0,0,0,0,0,0,0,0,0,0,0,0,0,0.5
BECN1,VMA12,Q14457,Q8N511,U,context,False,False,87,96,87,96,0,0,0,0,0,0,0,0,0,0,0,0,0,0,0.5
BECN1,SLC39A1,Q14457,Q9NY26,U,context,False,False,87,96,87,96,0,0,0,0,0,0,0,0,9,8,9,8,0,0,0.5
BECN1,KCNJ18,Q14457,B7U540,U,context,False,False,87,96,87,96,0,0,0,0,0,0,0,0,0,0,0,0,0,0,0.5
BECN1,AADAC,Q14457,P22760,U,context,False,False,87,96,87,96,0,0,0,0,0,0,0,0,0,0,0,0,0,0,0.5
BECN1,SEC22A,Q14457,Q96IW7,U,context,False,False,87,96,87,96,0,0,0,0,0,0,0,0,0,0,0,0,0,0,0.5
BECN1,MLC1,Q14457,Q15049,U,context,False,False,87,96,87,96,0,0,0,0,0,0,0,0,5,5,5,5,0,0,0.5
BECN1,HLA-DQB1,Q14457,P01920,U,context,False,False,87,96,87,96,0,0,0,0,0,0,0,0,0,0,0,0,0,0,0.5
BECN1,DPAGT1,Q14457,Q9H3H5,U,context,False,False,87,96,87,96,0,0,0,0,0,0,0,0,0,0,0,0,0,0,0.5
BECN1,YIF1B,Q14457,Q5BJH7,U,context,False,False,87,96,87,96,0,0,0,0,0,0,0,0,8,7,8,7,0,0,0.5
BECN1,TMEM203,Q14457,Q969S6,U,context,False,False,87,96,87,96,0,0,0,0,0,0,0,0,0,0,0,0,0,0,0.5
BECN1,PIGL,Q14457,Q9Y2B2,U,context,False,False,87,96,87,96,0,0,0,0,0,0,0,0,1,1,1,1,0,0,0.5
BECN1,NAT8B,Q14457,Q9UHF3,U,context,False,False,87,96,87,96,0,0,0,0,6,4,6,4,0,0,0,0,1,6,0.5833333333333334
BECN1,BSCL2,Q14457,Q96G97,U,context,False,False,87,96,87,96,0,0,0,0,31,23,31,23,0,0,0,0,1,31,0.5714285714285714
BECN1,ORMDL3,Q14457,Q8N138,U,context,False,False,87,96,87,96,0,0,0,0,0,0,0,0,0,0,0,0,0,0,0.5
BECN1,DIO1,Q14457,P49895,U,context,False,False,87,96,87,96,0,0,0,0,0,0,0,0,0,0,0,0,0,0,0.5
BECN1,PARP16,Q14457,Q8N5Y8,U,context,False,False,87,96,87,96,0,0,0,0,0,0,0,0,0,0,0,0,0,0,0.5
BECN1,PIGK,Q14457,Q92643,U,context,False,False,87,96,87,96,0,0,0,0,14,9,14,9,0,0,0,0,1,14,0.6
BECN1,MRAP2,Q14457,Q96G30,U,context,False,False,87,96,87,96,0,0,0,0,21,30,21,30,0,0,0,0,1,21,0.41509433962264153
BECN1,CDS1,Q14457,Q92903,U,context,False,False,87,96,87,96,0,0,0,0,0,0,0,0,14,12,14,12,0,0,0.5
BECN1,ERLIN1,Q14457,O75477,U,context,False,False,87,96,87,96,0,0,0,0,35,39,35,39,0,0,0,0,1,35,0.47368421052631576
BECN1,SARAF,Q14457,Q96BY9,U,context,False,False,87,96,87,96,0,0,0,0,0,0,0,0,44,69,44,69,0,0,0.5
BECN1,TECRL,Q14457,Q5HYJ1,U,context,False,False,87,96,87,96,0,0,0,0,0,0,0,0,0,0,0,0,0,0,0.5
BECN1,TRIM13,Q14457,O60858,U,context,True,False,87,96,87,96,0,0,0,0,4,6,4,6,0,0,0,0,1,4,0.4166666666666667
BECN1,TMEM147,Q14457,Q9BVK8,U,context,False,False,87,96,87,96,0,0,0,0,12,6,12,6,0,0,0,0,1,12,0.65
BECN1,UBIAD1,Q14457,Q9Y5Z9,U,context,False,False,87,96,87,96,0,0,0,0,0,0,0,0,19,15,19,15,0,0,0.5
BECN1,SPCS3,Q14457,P61009,U,context,False,False,87,96,87,96,0,0,0,0,0,0,0,0,21,31,21,31,0,0,0.5
BECN1,TMED7,Q14457,Q9Y3B3,U,context,False,False,87,96,87,96,0,0,0,0,20,14,20,14,0,0,0,0,1,20,0.5833333333333334
BECN1,KCNK2,Q14457,O95069,U,context,False,False,87,96,87,96,0,0,0,0,0,0,0,0,0,0,0,0,0,0,0.5
BECN1,ZMPSTE24,Q14457,O75844,U,context,False,False,87,96,87,96,0,0,0,0,0,0,0,0,31,36,31,36,0,0,0.5
BECN1,FADS3,Q14457,Q9Y5Q0,U,context,False,False,87,96,87,96,0,0,0,0,0,0,0,0,7,2,7,2,0,0,0.5
BECN1,ERGIC3,Q14457,Q9Y282,U,context,False,False,87,96,87,96,0,0,0,0,46,38,46,38,0,0,0,0,1,46,0.5465116279069767
BECN1,FITM1,Q14457,A5D6W6,U,context,False,False,87,96,87,96,0,0,0,0,0,0,0,0,0,0,0,0,0,0,0.5
BECN1,SLC35H1,Q14457,Q9NQQ7,U,context,False,False,87,96,87,96,0,0,0,0,0,0,0,0,18,17,18,17,0,0,0.5
BECN1,GPAT3,Q14457,Q53EU6,U,context,False,False,87,96,87,96,0,0,0,0,0,0,0,0,0,0,0,0,0,0,0.5
BECN1,SLC10A7,Q14457,Q0GE19,U,context,False,False,87,96,87,96,0,0,0,0,0,0,0,0,0,0,0,0,0,0,0.5
BECN1,SPCS2,Q14457,Q15005,U,context,False,False,87,96,87,96,0,0,0,0,0,0,0,0,0,0,0,0,0,0,0.5
BECN1,USE1,Q14457,Q9NZ43,U,context,False,False,87,96,87,96,0,0,0,0,48,54,48,54,0,0,0,0,1,48,0.47115384615384615
BECN1,GPER1,Q14457,Q99527,U,context,False,False,87,96,87,96,0,0,0,0,0,0,0,0,0,0,0,0,0,0,0.5
BECN1,IFNL3,Q14457,Q8IZI9,U,background,False,False,87,96,87,96,0,0,0,0,0,0,0,0,0,0,0,0,0,0,0.5
BECN1,GRINA,Q14457,Q7Z429,U,background,False,False,87,96,87,96,0,0,0,0,0,0,0,0,2,1,2,1,0,0,0.5
BECN1,C1QTNF6,Q14457,Q9BXI9,U,background,False,False,87,96,87,96,0,0,0,0,0,0,0,0,0,0,0,0,0,0,0.5
BECN1,IGKV2D-29,Q14457,A0A075B6S2,U,background,False,False,87,96,87,96,0,0,0,0,0,0,0,0,0,0,0,0,0,0,0.5
BECN1,KRTAP9-1,Q14457,A8MXZ3,U,background,False,False,87,96,87,96,0,0,0,0,0,0,0,0,0,0,0,0,0,0,0.5
BECN1,SCARB2,Q14457,Q14108,U,background,False,False,87,96,87,96,0,0,0,0,0,0,0,0,45,35,45,35,0,0,0.5
BECN1,STX10,Q14457,O60499,U,background,False,False,87,96,87,96,0,0,0,0,0,0,0,0,0,0,0,0,0,0,0.5
BECN1,ARMC10,Q14457,Q8N2F6,U,background,False,False,87,96,87,96,0,0,0,0,0,0,0,0,0,0,0,0,0,0,0.5
BECN1,ELSPBP1,Q14457,Q96BH3,U,background,False,False,87,96,87,96,0,0,0,0,0,0,0,0,26,37,26,37,0,0,0.5
BECN1,NKX1-2,Q14457,Q9UD57,U,background,False,False,87,96,87,96,0,0,0,0,0,0,0,0,1,2,1,2,0,0,0.5
BECN1,LRRC19,Q14457,Q9H756,U,background,False,False,87,96,87,96,0,0,0,0,0,0,0,0,0,0,0,0,0,0,0.5
BECN1,DBX1,Q14457,A6NMT0,U,background,False,False,87,96,87,96,0,0,0,0,0,0,0,0,0,0,0,0,0,0,0.5
BECN1,MRPL48,Q14457,Q96GC5,U,background,False,False,87,96,87,96,0,0,0,0,0,0,0,0,34,21,34,21,0,0,0.5
BECN1,FAM209B,Q14457,Q5JX69,U,background,False,False,87,96,87,96,0,0,0,0,0,0,0,0,0,0,0,0,0,0,0.5
BECN1,RPL18,Q14457,Q07020,U,background,False,False,87,96,87,96,0,0,0,0,0,0,0,0,91,64,91,64,0,0,0.5
BECN1,SGPP2,Q14457,Q8IWX5,U,background,False,False,87,96,87,96,0,0,0,0,0,0,0,0,0,0,0,0,0,0,0.5
BECN1,ACER3,Q14457,Q9NUN7,U,background,False,False,87,96,87,96,0,0,0,0,0,0,0,0,0,0,0,0,0,0,0.5
BECN1,CHORDC1,Q14457,Q9UHD1,U,background,False,False,87,96,87,96,0,0,0,0,0,0,0,0,0,0,0,0,0,0,0.5
BECN1,RAB40B,Q14457,Q12829,U,background,False,False,87,96,87,96,0,0,0,0,0,0,0,0,0,0,0,0,0,0,0.5
BECN1,DOC2B,Q14457,Q14184,U,background,False,False,87,96,87,96,0,0,0,0,0,0,0,0,0,0,0,0,0,0,0.5
BECN1,EMC4,Q14457,Q5J8M3,U,background,False,False,87,96,87,96,0,0,0,0,0,0,0,0,57,72,57,72,0,0,0.5
BECN1,PAG1,Q14457,Q9NWQ8,U,background,False,False,87,96,87,96,0,0,0,0,0,0,0,0,0,0,0,0,0,0,0.5
BECN1,H2AC20,Q14457,Q16777,U,background,False,False,87,96,87,96,0,0,0,0,0,0,0,0,0,0,0,0,0,0,0.5
BECN1,MRPL47,Q14457,Q9HD33,U,background,False,False,87,96,87,96,0,0,0,0,52,54,52,54,0,0,0,0,1,52,0.49074074074074076
BECN1,KRABD1,Q14457,C9JBD0,U,background,False,False,87,96,87,96,0,0,0,0,0,0,0,0,0,0,0,0,0,0,0.5
BECN1,SLC35A3,Q14457,Q9Y2D2,U,background,False,False,87,96,87,96,0,0,0,0,0,0,0,0,0,0,0,0,0,0,0.5
BECN1,XRCC2,Q14457,O43543,U,background,False,False,87,96,87,96,0,0,0,0,6,5,6,5,0,0,0,0,1,6,0.5384615384615384
BECN1,R3HCC1,Q14457,Q9Y3T6,U,background,False,False,87,96,87,96,0,0,0,0,0,0,0,0,1,1,1,1,0,0,0.5
BECN1,KRTAP4-2,Q14457,Q9BYR5,U,background,False,False,87,96,87,96,0,0,0,0,0,0,0,0,0,0,0,0,0,0,0.5
BECN1,GPR39,Q14457,O43194,U,background,False,False,87,96,87,96,0,0,0,0,0,0,0,0,0,0,0,0,0,0,0.5
BECN1,FAM72D,Q14457,Q6L9T8,U,background,False,False,87,96,87,96,0,0,0,0,0,0,0,0,0,0,0,0,0,0,0.5
BECN1,DEK,Q14457,P35659,U,background,False,False,87,96,87,96,0,0,0,0,0,0,0,0,0,0,0,0,0,0,0.5
BECN1,OSTF1,Q14457,Q92882,U,background,False,False,87,96,87,96,0,0,0,0,26,25,26,25,0,0,0,0,1,26,0.5094339622641509
BECN1,ACTA2,Q14457,P62736,U,background,False,False,87,96,87,96,0,0,0,0,0,0,0,0,0,0,0,0,0,0,0.5
BECN1,PPIF,Q14457,P30405,U,background,False,False,87,96,87,96,0,0,0,0,0,0,0,0,0,0,0,0,0,0,0.5
BECN1,FOXD3,Q14457,Q9UJU5,U,background,False,False,87,96,87,96,0,0,0,0,0,0,0,0,0,0,0,0,0,0,0.5
BECN1,STK38L,Q14457,Q9Y2H1,U,background,False,False,87,96,87,96,0,0,0,0,0,0,0,0,0,0,0,0,0,0,0.5
BECN1,ZDHHC18,Q14457,Q9NUE0,U,background,False,False,87,96,87,96,0,0,0,0,0,0,0,0,0,0,0,0,0,0,0.5
BECN1,FOXI3,Q14457,A8MTJ6,U,background,False,False,87,96,87,96,0,0,0,0,0,0,0,0,0,0,0,0,0,0,0.5
BECN1,TM4SF19,Q14457,Q96DZ7,U,background,False,False,87,96,87,96,0,0,0,0,0,0,0,0,0,0,0,0,0,0,0.5
BECN1,PMCH,Q14457,P20382,U,background,False,False,87,96,87,96,0,0,0,0,0,0,0,0,0,0,0,0,0,0,0.5
BECN1,TCEA2,Q14457,Q15560,U,background,False,False,87,96,87,96,0,0,0,0,0,0,0,0,0,0,0,0,0,0,0.5
BECN1,TP53INP1,Q14457,Q96A56,U,background,False,False,87,96,87,96,0,0,0,0,0,0,0,0,1,1,1,1,0,0,0.5
BECN1,IGFBP3,Q14457,P17936,U,background,False,False,87,96,87,96,0,0,0,0,0,0,0,0,9,14,9,14,0,0,0.5
BECN1,DTD2,Q14457,Q96FN9,U,background,False,False,87,96,87,96,0,0,0,0,0,0,0,0,0,0,0,0,0,0,0.5
BECN1,MRO,Q14457,Q9BYG7,U,background,False,False,87,96,87,96,0,0,0,0,0,0,0,0,0,0,0,0,0,0,0.5
BECN1,TIFAB,Q14457,Q6ZNK6,U,background,False,False,87,96,87,96,0,0,0,0,0,0,0,0,21,26,21,26,0,0,0.5
BECN1,PRSS55,Q14457,Q6UWB4,U,background,False,False,87,96,87,96,0,0,0,0,0,0,0,0,0,0,0,0,0,0,0.5
BECN1,MGARP,Q14457,Q8TDB4,U,background,False,False,87,96,87,96,0,0,0,0,0,0,0,0,50,56,50,56,0,0,0.5
BECN1,VEGFD,Q14457,O43915,U,background,False,False,87,96,87,96,0,0,0,0,0,0,0,0,7,10,7,10,0,0,0.5
BECN1,GREP1,Q14457,A0A0J9YXV3,U,low_plausibility,False,False,87,96,87,96,0,0,0,0,0,0,0,0,0,0,0,0,0,0,0.5
BECN1,ANGPT2,Q14457,O15123,U,low_plausibility,False,False,87,96,87,96,0,0,0,0,0,0,0,0,0,0,0,0,0,0,0.5
BECN1,COCH,Q14457,O43405,U,low_plausibility,False,False,87,96,87,96,0,0,0,0,0,0,0,0,18,11,18,11,0,0,0.5
BECN1,TIMM44,Q14457,O43615,U,low_plausibility,False,False,87,96,87,96,0,0,0,0,0,0,0,0,0,0,0,0,0,0,0.5
BECN1,PMPCB,Q14457,O75439,U,low_plausibility,False,False,87,96,87,96,0,0,0,0,0,0,0,0,98,93,98,93,0,0,0.5
BECN1,ANGPTL1,Q14457,O95841,U,low_plausibility,False,False,87,96,87,96,0,0,0,0,0,0,0,0,0,0,0,0,0,0,0.5
BECN1,OTC,Q14457,P00480,U,low_plausibility,False,False,87,96,87,96,0,0,0,0,0,0,0,0,30,25,30,25,0,0,0.5
BECN1,F9,Q14457,P00740,U,low_plausibility,False,False,87,96,87,96,0,0,0,0,0,0,0,0,0,0,0,0,0,0,0.5
BECN1,FGB,Q14457,P02675,U,low_plausibility,False,False,87,96,87,96,0,0,0,0,0,0,0,0,48,55,48,55,0,0,0.5
BECN1,FGG,Q14457,P02679,U,low_plausibility,False,False,87,96,87,96,0,0,0,0,0,0,0,0,19,31,19,31,0,0,0.5
BECN1,GC,Q14457,P02774,U,low_plausibility,False,False,87,96,87,96,0,0,0,0,7,16,7,16,0,0,0,0,1,7,0.32
BECN1,VTN,Q14457,P04004,U,low_plausibility,False,False,87,96,87,96,0,0,0,0,0,0,0,0,51,45,51,45,0,0,0.5
BECN1,PROC,Q14457,P04070,U,low_plausibility,False,False,87,96,87,96,0,0,0,0,0,0,0,0,9,14,9,14,0,0,0.5
BECN1,HRG,Q14457,P04196,U,low_plausibility,False,False,87,96,87,96,0,0,0,0,0,0,0,0,14,14,14,14,0,0,0.5
BECN1,SERPING1,Q14457,P05155,U,low_plausibility,False,False,87,96,87,96,0,0,0,0,0,0,0,0,21,29,21,29,0,0,0.5
BECN1,PSAP,Q14457,P07602,U,low_plausibility,False,False,87,96,87,96,0,0,0,0,0,0,0,0,18,19,18,19,0,0,0.5
BECN1,ACAA1,Q14457,P09110,U,low_plausibility,False,False,87,96,87,96,0,0,0,0,0,0,0,0,10,8,10,8,0,0,0.5
BECN1,LIPC,Q14457,P11150,U,low_plausibility,False,False,87,96,87,96,0,0,0,0,0,0,0,0,0,0,0,0,0,0,0.5
BECN1,CETP,Q14457,P11597,U,low_plausibility,False,False,87,96,87,96,0,0,0,0,2,3,2,3,0,0,0,0,1,2,0.42857142857142855
BECN1,PNLIP,Q14457,P16233,U,low_plausibility,False,False,87,96,87,96,0,0,0,0,0,0,0,0,0,0,0,0,0,0,0.5
BECN1,CFP,Q14457,P27918,U,low_plausibility,False,False,87,96,87,96,0,0,0,0,0,0,0,0,16,13,16,13,0,0,0.5
BECN1,PDIA3,Q14457,P30101,U,low_plausibility,False,False,87,96,87,96,0,0,0,0,0,0,0,0,0,0,0,0,0,0,0.5
BECN1,LRPAP1,Q14457,P30533,U,low_plausibility,False,False,87,96,87,96,0,0,0,0,0,0,0,0,36,45,36,45,0,0,0.5
BECN1,MDH2,Q14457,P40926,U,low_plausibility,False,False,87,96,87,96,0,0,0,0,140,102,140,102,0,0,0,0,1,140,0.5778688524590164
BECN1,MMP13,Q14457,P45452,U,low_plausibility,False,False,87,96,87,96,0,0,0,0,0,0,0,0,0,0,0,0,0,0,0.5
BECN1,TUFM,Q14457,P49411,U,low_plausibility,False,False,87,96,87,96,0,0,0,0,0,0,0,0,0,0,0,0,0,0,0.5
BECN1,PNLIPRP1,Q14457,P54315,U,low_plausibility,False,False,87,96,87,96,0,0,0,0,0,0,0,0,0,0,0,0,0,0,0.5
BECN1,HTRA3,Q14457,P83110,U,low_plausibility,False,False,87,96,87,96,0,0,0,0,0,0,0,0,0,0,0,0,0,0,0.5
BECN1,PMPCA,Q14457,Q10713,U,low_plausibility,False,False,87,96,87,96,0,0,0,0,0,0,0,0,94,73,94,73,0,0,0.5
BECN1,PLA2G7,Q14457,Q13093,U,low_plausibility,False,False,87,96,87,96,0,0,0,0,0,0,0,0,1,1,1,1,0,0,0.5
BECN1,ANGPT1,Q14457,Q15389,U,low_plausibility,False,False,87,96,87,96,0,0,0,0,0,0,0,0,0,0,0,0,0,0,0.5
BECN1,PKDCC,Q14457,Q504Y2,U,low_plausibility,False,False,87,96,87,96,0,0,0,0,4,5,4,5,0,0,0,0,1,4,0.45454545454545453
BECN1,PI16,Q14457,Q6UXB8,U,low_plausibility,False,False,87,96,87,96,0,0,0,0,0,0,0,0,4,6,4,6,0,0,0.5
BECN1,ADAMTSL5,Q14457,Q6ZMM2,U,low_plausibility,False,False,87,96,87,96,0,0,0,0,0,0,0,0,1,3,1,3,0,0,0.5
BECN1,POGLUT1,Q14457,Q8NBL1,U,low_plausibility,False,False,87,96,87,96,0,0,0,0,0,0,0,0,7,8,7,8,0,0,0.5
BECN1,ERLEC1,Q14457,Q96DZ1,U,low_plausibility,False,False,87,96,87,96,0,0,0,0,0,0,0,0,32,25,32,25,0,0,0.5
BECN1,ERO1A,Q14457,Q96HE7,U,low_plausibility,False,False,87,96,87,96,0,0,0,0,0,0,0,0,0,0,0,0,0,0,0.5
BECN1,CNDP1,Q14457,Q96KN2,U,low_plausibility,False,False,87,96,87,96,0,0,0,0,0,1,0,1,0,0,0,0,1,0,0.3333333333333333
BECN1,FAM20A,Q14457,Q96MK3,U,low_plausibility,False,False,87,96,87,96,0,0,0,0,0,0,0,0,0,0,0,0,0,0,0.5
BECN1,TEFM,Q14457,Q96QE5,U,low_plausibility,False,False,87,96,87,96,0,0,0,0,0,0,0,0,68,62,68,62,0,0,0.5
BECN1,TINAGL1,Q14457,Q9GZM7,U,low_plausibility,False,False,87,96,87,96,0,0,0,0,0,0,0,0,0,0,0,0,0,0,0.5
BECN1,MEPE,Q14457,Q9NQ76,U,low_plausibility,False,False,87,96,87,96,0,0,0,0,3,4,3,4,0,0,0,0,1,3,0.4444444444444444
BECN1,OLFML3,Q14457,Q9NRN5,U,low_plausibility,False,False,87,96,87,96,0,0,0,0,4,3,4,3,0,0,0,0,1,4,0.5555555555555556
BECN1,TMLHE,Q14457,Q9NVH6,U,low_plausibility,False,False,87,96,87,96,0,0,0,0,0,0,0,0,0,0,0,0,0,0,0.5
BECN1,ADA2,Q14457,Q9NZK5,U,low_plausibility,False,False,87,96,87,96,0,0,0,0,0,0,0,0,0,0,0,0,0,0,0.5
BECN1,C1RL,Q14457,Q9NZP8,U,low_plausibility,False,False,87,96,87,96,0,0,0,0,0,0,0,0,0,0,0,0,0,0,0.5
BECN1,DNAJB11,Q14457,Q9UBS4,U,low_plausibility,False,False,87,96,87,96,0,0,0,0,0,0,0,0,0,0,0,0,0,0,0.5
BECN1,WARS2,Q14457,Q9UGM6,U,low_plausibility,False,False,87,96,87,96,0,0,0,0,0,0,0,0,6,3,6,3,0,0,0.5
BECN1,LIPG,Q14457,Q9Y5X9,U,low_plausibility,False,False,87,96,87,96,0,0,0,0,0,0,0,0,22,25,22,25,0,0,0.5
BECN1,CPQ,Q14457,Q9Y646,U,low_plausibility,False,False,87,96,87,96,0,0,0,0,0,0,0,0,0,0,0,0,0,0,0.5
BECN1,MASP2,Q14457,O00187,U,low_plausibility,False,False,87,96,87,96,0,0,0,0,0,0,0,0,0,0,0,0,0,0,0.5
BECN1,PLOD3,Q14457,O60568,U,low_plausibility,False,False,87,96,87,96,0,0,0,0,0,0,0,0,35,49,35,49,0,0,0.5
BECN1,PTCD1,Q14457,O75127,U,low_plausibility,False,False,87,96,87,96,0,0,0,0,38,23,38,23,0,0,0,0,1,38,0.6190476190476191
BECN1,C1R,Q14457,P00736,U,low_plausibility,False,False,87,96,87,96,0,0,0,0,0,0,0,0,5,6,5,6,0,0,0.5
BECN1,PLG,Q14457,P00747,U,low_plausibility,False,False,87,96,87,96,0,0,0,0,0,0,0,0,0,0,0,0,0,0,0.5
BECN1,FGA,Q14457,P02671,U,low_plausibility,False,False,87,96,87,96,0,0,0,0,0,0,0,0,19,24,19,24,0,0,0.5
BECN1,CHGB,Q14457,P05060,U,low_plausibility,False,False,87,96,87,96,0,0,0,0,0,0,0,0,10,8,10,8,0,0,0.5
BECN1,CFI,Q14457,P05156,U,low_plausibility,False,False,87,96,87,96,0,0,0,0,0,0,0,0,8,8,8,8,0,0,0.5
BECN1,PCCA,Q14457,P05165,U,low_plausibility,False,False,87,96,87,96,0,0,0,0,30,23,30,23,0,0,0,0,1,30,0.5636363636363636
BECN1,BCHE,Q14457,P06276,U,low_plausibility,False,False,87,96,87,96,0,0,0,0,0,0,0,0,0,0,0,0,0,0,0.5
BECN1,PC,Q14457,P11498,U,low_plausibility,False,False,87,96,87,96,0,0,0,0,38,45,38,45,0,0,0,0,1,38,0.4588235294117647
BECN1,PDIA4,Q14457,P13667,U,low_plausibility,False,False,87,96,87,96,0,0,0,0,0,0,0,0,0,0,0,0,0,0,0.5
BECN1,SMPD1,Q14457,P17405,U,low_plausibility,False,False,87,96,87,96,0,0,0,0,0,0,0,0,13,11,13,11,0,0,0.5
BECN1,ME2,Q14457,P23368,U,low_plausibility,False,False,87,96,87,96,0,0,0,0,0,0,0,0,0,0,0,0,0,0,0.5
BECN1,COL15A1,Q14457,P39059,U,low_plausibility,False,False,87,96,87,96,0,0,0,0,0,0,0,0,0,0,0,0,0,0,0.5
BECN1,GLUD2,Q14457,P49448,U,low_plausibility,False,False,87,96,87,96,0,0,0,0,0,0,0,0,0,0,0,0,0,0,0.5
BECN1,COMP,Q14457,P49747,U,low_plausibility,False,False,87,96,87,96,0,0,0,0,0,0,0,0,0,0,0,0,0,0,0.5
BECN1,ALDH18A1,Q14457,P54886,U,low_plausibility,False,False,87,96,87,96,0,0,0,0,0,0,0,0,0,0,0,0,0,0,0.5
BECN1,GPLD1,Q14457,P80108,U,low_plausibility,False,False,87,96,87,96,0,0,0,0,0,0,0,0,2,0,2,0,0,0,0.5
BECN1,LGALS3BP,Q14457,Q08380,U,low_plausibility,False,False,87,96,87,96,0,0,0,0,0,0,0,0,0,0,0,0,0,0,0.5
BECN1,LOXL1,Q14457,Q08397,U,low_plausibility,False,False,87,96,87,96,0,0,0,0,0,0,0,0,2,5,2,5,0,0,0.5
BECN1,TRAP1,Q14457,Q12931,U,low_plausibility,False,False,87,96,87,96,0,0,0,0,0,0,0,0,86,67,86,67,0,0,0.5
BECN1,POSTN,Q14457,Q15063,U,low_plausibility,False,False,87,96,87,96,0,0,0,0,0,0,0,0,0,0,0,0,0,0,0.5
BECN1,TGFBI,Q14457,Q15582,U,low_plausibility,False,False,87,96,87,96,0,0,0,0,0,0,0,0,0,0,0,0,0,0,0.5
BECN1,ACSM3,Q14457,Q53FZ2,U,low_plausibility,False,False,87,96,87,96,0,0,0,0,0,0,0,0,1,2,1,2,0,0,0.5
BECN1,ARSI,Q14457,Q5FYB1,U,low_plausibility,False,False,87,96,87,96,0,0,0,0,0,0,0,0,2,1,2,1,0,0,0.5
BECN1,PITRM1,Q14457,Q5JRX3,U,low_plausibility,False,False,87,96,87,96,0,0,0,0,17,29,17,29,0,0,0,0,1,17,0.375
BECN1,PRSS36,Q14457,Q5K4E3,U,low_plausibility,False,False,87,96,87,96,0,0,0,0,0,0,0,0,0,0,0,0,0,0,0.5
BECN1,PDE12,Q14457,Q6L8Q7,U,low_plausibility,False,False,87,96,87,96,0,0,0,0,0,0,0,0,25,20,25,20,0,0,0.5
BECN1,CHADL,Q14457,Q6NUI6,U,low_plausibility,False,False,87,96,87,96,0,0,0,0,0,0,0,0,0,0,0,0,0,0,0.5
BECN1,FASTKD5,Q14457,Q7L8L6,U,low_plausibility,False,False,87,96,87,96,0,0,0,0,0,0,0,0,80,68,80,68,0,0,0.5
BECN1,LONP2,Q14457,Q86WA8,U,low_plausibility,False,False,87,96,87,96,0,0,0,0,19,23,19,23,0,0,0,0,1,19,0.45454545454545453
BECN1,FOXRED2,Q14457,Q8IWF2,U,low_plausibility,False,False,87,96,87,96,0,0,0,0,0,0,0,0,19,25,19,25,0,0,0.5
BECN1,DNAJC10,Q14457,Q8IXB1,U,low_plausibility,False,False,87,96,87,96,0,0,0,0,0,0,0,0,0,0,0,0,0,0,0.5
BECN1,PYROXD2,Q14457,Q8N2H3,U,low_plausibility,False,False,87,96,87,96,0,0,0,0,0,0,0,0,0,1,0,1,0,0,0.5
BECN1,BMPER,Q14457,Q8N8U9,U,low_plausibility,False,False,87,96,87,96,0,0,0,0,0,0,0,0,2,4,2,4,0,0,0.5
BECN1,CIROZ,Q14457,Q8N9H9,U,low_plausibility,False,False,87,96,87,96,0,0,0,0,0,1,0,0,0,0,0,0,0,0,0.5
BECN1,COLGALT1,Q14457,Q8NBJ5,U,low_plausibility,False,False,87,96,87,96,0,0,0,0,0,0,0,0,0,0,0,0,0,0,0.5
BECN1,PLBD2,Q14457,Q8NHP8,U,low_plausibility,False,False,87,96,87,96,0,0,0,0,14,16,14,16,0,0,0,0,1,14,0.46875
BECN1,NDNF,Q14457,Q8TB73,U,low_plausibility,False,False,87,96,87,96,0,0,0,0,0,0,0,0,1,0,1,0,0,0,0.5
BECN1,HPSE2,Q14457,Q8WWQ2,U,low_plausibility,False,False,87,96,87,96,0,0,0,0,3,2,3,2,0,0,0,0,1,3,0.5714285714285714
BECN1,TBRG4,Q14457,Q969Z0,U,low_plausibility,False,False,87,96,87,96,0,0,0,0,0,0,0,0,0,0,0,0,0,0,0.5
BECN1,MCCC1,Q14457,Q96RQ3,U,low_plausibility,False,False,87,96,87,96,0,0,0,0,49,46,49,46,0,0,0,0,1,49,0.5154639175257731
BECN1,TWNK,Q14457,Q96RR1,U,low_plausibility,False,False,87,96,87,96,0,0,0,0,34,28,34,28,0,0,0,0,1,34,0.546875
BECN1,EDEM2,Q14457,Q9BV94,U,low_plausibility,False,False,87,96,87,96,0,0,0,0,0,0,0,0,0,0,0,0,0,0,0.5
BECN1,ACSS3,Q14457,Q9H6R3,U,low_plausibility,False,False,87,96,87,96,0,0,0,0,0,0,0,0,1,1,1,1,0,0,0.5
BECN1,MCCC2,Q14457,Q9HCC0,U,low_plausibility,False,False,87,96,87,96,0,0,0,0,44,46,44,46,0,0,0,0,1,44,0.4891304347826087
BECN1,CRTAC1,Q14457,Q9NQ79,U,low_plausibility,False,False,87,96,87,96,0,0,0,0,0,0,0,0,8,7,8,7,0,0,0.5
BECN1,ACSS1,Q14457,Q9NUB1,U,low_plausibility,False,False,87,96,87,96,0,0,0,0,0,0,0,0,7,6,7,6,0,0,0.5
BECN1,FASTKD2,Q14457,Q9NYY8,U,low_plausibility,False,False,87,96,87,96,0,0,0,0,78,60,78,60,0,0,0,0,1,78,0.5642857142857143
BECN1,NIPSNAP2,Q14457,O75323,U,low_plausibility,False,False,87,96,87,96,0,0,0,0,51,40,51,40,0,0,0,0,1,51,0.5591397849462365
BECN1,AGR2,Q14457,O95994,U,low_plausibility,False,False,87,96,87,96,0,0,0,0,0,0,0,0,0,0,0,0,0,0,0.5
BECN1,CFD,Q14457,P00746,U,low_plausibility,False,False,87,96,87,96,0,0,0,0,0,0,0,0,0,0,0,0,0,0,0.5
BECN1,CST3,Q14457,P01034,U,low_plausibility,False,False,87,96,87,96,0,0,0,0,0,0,0,0,0,0,0,0,0,0,0.5
BECN1,NGF,Q14457,P01138,U,low_plausibility,False,False,87,96,87,96,0,0,0,0,0,0,0,0,0,0,0,0,0,0,0.5
BECN1,C1QA,Q14457,P02745,U,low_plausibility,False,False,87,96,87,96,0,0,0,0,0,0,0,0,0,0,0,0,0,0,0.5
BECN1,C1QB,Q14457,P02746,U,low_plausibility,False,False,87,96,87,96,0,0,0,0,0,0,0,0,32,41,32,41,0,0,0.5
BECN1,C1QC,Q14457,P02747,U,low_plausibility,False,False,87,96,87,96,0,0,0,0,0,0,0,0,0,0,0,0,0,0,0.5
BECN1,CSF2,Q14457,P04141,U,low_plausibility,False,False,87,96,87,96,0,0,0,0,0,0,0,0,0,0,0,0,0,0,0.5
BECN1,SOD3,Q14457,P08294,U,low_plausibility,False,False,87,96,87,96,0,0,0,0,0,0,0,0,1,2,1,2,0,0,0.5
BECN1,FDX1,Q14457,P10109,U,low_plausibility,False,False,87,96,87,96,0,0,0,0,0,0,0,0,0,0,0,0,0,0,0.5
BECN1,SPP1,Q14457,P10451,U,low_plausibility,False,False,87,96,87,96,0,0,0,0,0,0,0,0,30,28,30,28,0,0,0.5
BECN1,ETFA,Q14457,P13804,U,low_plausibility,False,False,87,96,87,96,0,0,0,0,0,0,0,0,53,51,53,51,0,0,0.5
BECN1,PTN,Q14457,P21246,U,low_plausibility,False,False,87,96,87,96,0,0,0,0,0,0,0,0,0,0,0,0,0,0,0.5
BECN1,AK4,Q14457,P27144,U,low_plausibility,False,False,87,96,87,96,0,0,0,0,47,39,47,39,0,0,0,0,1,47,0.5454545454545454
BECN1,ETFB,Q14457,P38117,U,low_plausibility,False,False,87,96,87,96,0,0,0,0,0,0,0,0,0,0,0,0,0,0,0.5
BECN1,PPT1,Q14457,P50897,U,low_plausibility,False,False,87,96,87,96,0,0,0,0,56,69,56,69,0,0,0,0,1,56,0.44881889763779526
BECN1,MRPL12,Q14457,P52815,U,low_plausibility,False,False,87,96,87,96,0,0,0,0,89,83,89,83,0,0,0,0,1,89,0.5172413793103449
BECN1,MFAP4,Q14457,P55083,U,low_plausibility,False,False,87,96,87,96,0,0,0,0,0,0,0,0,0,0,0,0,0,0,0.5
BECN1,MANF,Q14457,P55145,U,low_plausibility,False,False,87,96,87,96,0,0,0,0,0,0,0,0,0,0,0,0,0,0,0.5
BECN1,C1QTNF8,Q14457,P60827,U,low_plausibility,False,False,87,96,87,96,0,0,0,0,0,0,0,0,0,0,0,0,0,0,0.5
BECN1,MRPS15,Q14457,P82914,U,low_plausibility,False,False,87,96,87,96,0,0,0,0,29,31,29,31,0,0,0,0,1,29,0.4838709677419355
BECN1,TFAM,Q14457,Q00059,U,low_plausibility,False,False,87,96,87,96,0,0,0,0,123,107,123,107,0,0,0,0,1,123,0.5344827586206896
BECN1,EBI3,Q14457,Q14213,U,low_plausibility,False,False,87,96,87,96,0,0,0,0,0,0,0,0,3,5,3,5,0,0,0.5
BECN1,CSHL1,Q14457,Q14406,U,low_plausibility,False,False,87,96,87,96,0,0,0,0,0,0,0,0,0,0,0,0,0,0,0.5
BECN1,ADIPOQ,Q14457,Q15848,U,low_plausibility,False,False,87,96,87,96,0,0,0,0,0,0,0,0,37,49,37,49,0,0,0.5
BECN1,CLPP,Q14457,Q16740,U,low_plausibility,False,False,87,96,87,96,0,0,0,0,0,0,0,0,0,0,0,0,0,0,0.5
BECN1,IL34,Q14457,Q6ZMJ4,U,low_plausibility,False,False,87,96,87,96,0,0,0,0,0,0,0,0,0,2,0,2,0,0,0.5
BECN1,GLRX5,Q14457,Q86SX6,U,low_plausibility,False,False,87,96,87,96,0,0,0,0,0,0,0,0,0,0,0,0,0,0,0.5
BECN1,DHFR2,Q14457,Q86XF0,U,low_plausibility,False,False,87,96,87,96,0,0,0,0,0,0,0,0,0,0,0,0,0,0,0.5
BECN1,SFTPA2,Q14457,Q8IWL1,U,low_plausibility,False,False,87,96,87,96,0,0,0,0,0,0,0,0,0,0,0,0,0,0,0.5
BECN1,SFTPA1,Q14457,Q8IWL2,U,low_plausibility,False,False,87,96,87,96,0,0,0,0,0,0,0,0,2,1,2,1,0,0,0.5
BECN1,THEM5,Q14457,Q8N1Q8,U,low_plausibility,False,False,87,96,87,96,0,0,0,0,0,0,0,0,0,0,0,0,0,0,0.5
BECN1,CBR4,Q14457,Q8N4T8,U,low_plausibility,False,False,87,96,87,96,0,0,0,0,0,0,0,0,0,0,0,0,0,0,0.5
BECN1,IL27,Q14457,Q8NEV9,U,low_plausibility,False,False,87,96,87,96,0,0,0,0,0,0,0,0,0,0,0,0,0,0,0.5
BECN1,ABHD11,Q14457,Q8NFV4,U,low_plausibility,False,False,87,96,87,96,0,0,0,0,20,15,0,0,0,0,0,0,0,0,0.5
BECN1,GRPEL2,Q14457,Q8TAA5,U,low_plausibility,False,False,87,96,87,96,0,0,0,0,2,2,2,2,0,0,0,0,1,2,0.5
BECN1,MALSU1,Q14457,Q96EH3,U,low_plausibility,False,False,87,96,87,96,0,0,0,0,53,37,53,37,0,0,0,0,1,53,0.5869565217391305
BECN1,PEBP4,Q14457,Q96S96,U,low_plausibility,False,False,87,96,87,96,0,0,0,0,0,0,0,0,0,0,0,0,0,0,0.5
BECN1,OPRPN,Q14457,Q99935,U,low_plausibility,False,False,87,96,87,96,0,0,0,0,0,0,0,0,0,0,0,0,0,0,0.5
BECN1,GDF15,Q14457,Q99988,U,low_plausibility,False,False,87,96,87,96,0,0,0,0,0,0,0,0,14,17,14,17,0,0,0.5
BECN1,ALKBH7,Q14457,Q9BT30,U,low_plausibility,False,False,87,96,87,96,0,0,0,0,0,0,0,0,5,3,5,3,0,0,0.5
BECN1,PECR,Q14457,Q9BY49,U,low_plausibility,False,False,87,96,87,96,0,0,0,0,0,0,0,0,0,0,0,0,0,0,0.5
BECN1,FGFBP2,Q14457,Q9BYJ0,U,low_plausibility,False,False,87,96,87,96,0,0,0,0,0,0,0,0,2,3,2,3,0,0,0.5
BECN1,BPIFA1,Q14457,Q9NP55,U,low_plausibility,False,False,87,96,87,96,0,0,0,0,0,0,0,0,0,0,0,0,0,0,0.5
BECN1,KLK14,Q14457,Q9P0G3,U,low_plausibility,False,False,87,96,87,96,0,0,0,0,0,0,0,0,0,0,0,0,0,0,0.5
BECN1,MTRES1,Q14457,Q9P0P8,U,low_plausibility,False,False,87,96,87,96,0,0,0,0,0,0,0,0,0,0,0,0,0,0,0.5
BECN1,AK3,Q14457,Q9UIJ7,U,low_plausibility,False,False,87,96,87,96,0,0,0,0,0,0,0,0,0,0,0,0,0,0,0.5
BECN1,EPDR1,Q14457,Q9UM22,U,low_plausibility,False,False,87,96,87,96,0,0,0,0,0,0,0,0,0,0,0,0,0,0,0.5
BECN1,GSTK1,Q14457,Q9Y2Q3,U,low_plausibility,False,False,87,96,87,96,0,0,0,0,0,0,0,0,0,0,0,0,0,0,0.5
