U_stratum,anchor_positive_uniprot,class,development_exposed_positive,homomeric,panel_row,partner_gene,partner_sequence_length,partner_sequence_sha256,partner_uniprot,query_gene,query_sequence_length,query_sequence_sha256,query_uniprot,ipin_baseline_score,ipin_optimized_score,tuna_original_score,tuna_retrained_seed20260803_score,tuna_retrained_seed20260817_score,tuna_retrained_seed20260831_score,tuna_retrained_score,ipin_baseline_rank,ipin_optimized_rank,tuna_original_rank,tuna_retrained_rank
,,P,False,False,1,NFE2L2,605,850aba8ba2a5e1681e7e3dbc08958a52248c816c95be57b749d282e591253998,Q16236,KEAP1,624,549dc2f31d2981e3cd99a62ea027bf7d8a5cd3b7232c910e4a3fbec108f88c17,Q14145,-1.4846925735473633,-0.9663161834081014,0.508673906326294,-5.224294185638428,-8.98990535736084,-6.592756271362305,-6.935651938120524,177.0,221.0,153.0,218.0
,,P,False,False,2,CUL3,768,27e97812a5f05c1d45cf14a0144b958e402da37460e555dc0a01191f94a40572,Q13618,KEAP1,624,549dc2f31d2981e3cd99a62ea027bf7d8a5cd3b7232c910e4a3fbec108f88c17,Q14145,-1.6863672733306885,0.1590913931528727,0.5333703756332397,-4.534743785858154,-10.031865119934082,-5.173401832580566,-6.580003579457601,203.0,106.0,115.0,187.0
,,P,True,False,3,SQSTM1,440,132b33dc385f6eefd61da6f86da8a8fe87e581ee873a464d1fb63cbb3279dcc9,Q13501,KEAP1,624,549dc2f31d2981e3cd99a62ea027bf7d8a5cd3b7232c910e4a3fbec108f88c17,Q14145,0.25287104149659473,2.1253724098205566,0.6626248359680176,-4.079543113708496,-7.379683494567871,-5.109133243560791,-5.522786617279053,7.0,6.0,3.0,95.0
context,Q16236,U,False,False,4,KRT82,513,2bf6f1c0779817dc74a276eafe2300c39ca5a765a0ad4d9914266b9e09a6964d,Q9NSB4,KEAP1,624,549dc2f31d2981e3cd99a62ea027bf7d8a5cd3b7232c910e4a3fbec108f88c17,Q14145,-1.166156490643819,0.27447593212127686,0.5149372816085815,-4.392237186431885,-8.044655799865723,-5.788232803344727,-6.075041929880778,129.0,100.0,144.0,148.0
context,Q16236,U,False,False,5,KLC3,504,b2e17db70359e94778a4cb913ba635e9cb709ad4d8bc7caa26a2a29eaff24025,Q6P597,KEAP1,624,549dc2f31d2981e3cd99a62ea027bf7d8a5cd3b7232c910e4a3fbec108f88c17,Q14145,-0.5098719000816345,0.2817898492018382,0.5920327305793762,-1.8695577383041382,-6.097280025482178,-6.5754313468933105,-4.8474230368932085,48.0,98.0,39.0,48.0
context,Q16236,U,False,False,6,USP49,688,2a058e6b5a08973efb610019314b7b30c76f2f410556984217dc417c9784e6d0,Q70CQ1,KEAP1,624,549dc2f31d2981e3cd99a62ea027bf7d8a5cd3b7232c910e4a3fbec108f88c17,Q14145,-0.49713539083798725,0.327746053536733,0.4660814106464386,-3.768960952758789,-9.509761810302734,-5.765477657318115,-6.348066806793213,46.0,90.0,206.0,165.0
context,Q16236,U,False,False,7,XIAP,497,ae4bec2bfca43ca7d2a710719dd5f37743d7f00519ebc45616d9c09a6d0b27cd,P98170,KEAP1,624,549dc2f31d2981e3cd99a62ea027bf7d8a5cd3b7232c910e4a3fbec108f88c17,Q14145,-0.7573805451393127,0.20633218685785928,0.6190515756607056,-3.306333541870117,-5.210629940032959,-3.1712899208068848,-3.896084467569987,78.0,103.0,20.0,10.0
context,Q16236,U,False,False,8,DTX3L,740,0224a74ef01a9dc0d96325c228780283950d7e9ec19c14b6e00ef199768188cb,Q8TDB6,KEAP1,624,549dc2f31d2981e3cd99a62ea027bf7d8a5cd3b7232c910e4a3fbec108f88c17,Q14145,-1.640377402305603,0.1157201553384463,0.5148645043373108,-4.957801342010498,-5.562823295593262,-6.435339450836182,-5.6519880294799805,196.0,112.0,145.0,109.0
context,Q16236,U,False,False,9,GDI1,447,151cd778d4fb53f442fb1fcee3b51f9aea5a707a54a4ea4f4fafb2353492727f,P31150,KEAP1,624,549dc2f31d2981e3cd99a62ea027bf7d8a5cd3b7232c910e4a3fbec108f88c17,Q14145,-0.8623223503430685,0.3159765700499217,0.6227152943611145,-2.1401143074035645,-6.2696533203125,-6.3932600021362305,-4.934342543284099,95.0,92.0,18.0,53.0
context,Q16236,U,False,False,10,TUBA1C,449,1c977603c8a8fb2b659e3ab6dce608a8640319ade5c49809cf6868c136badfb3,Q9BQE3,KEAP1,624,549dc2f31d2981e3cd99a62ea027bf7d8a5cd3b7232c910e4a3fbec108f88c17,Q14145,-2.3102269172668457,-0.985513965288798,0.5200241208076477,-5.65114688873291,-9.00894546508789,-8.375650405883789,-7.67858091990153,263.0,224.0,137.0,255.0
context,Q16236,U,False,False,11,SERPINB1,379,5819d9cee88ecaecc0215d5f3532f3e35f2cf247f0a911caac8f39a026c90a00,P30740,KEAP1,624,549dc2f31d2981e3cd99a62ea027bf7d8a5cd3b7232c910e4a3fbec108f88c17,Q14145,-1.7198819716771443,-0.1214213768641154,0.5907930731773376,-2.5536041259765625,-5.933109283447266,-4.906225204467773,-4.4643128712972,205.0,136.0,41.0,32.0
context,Q16236,U,False,False,12,DCLRE1B,532,5656ff5d61d3642c4929057cc5e7abf588e0c8882ccfc4d982d7c7287d671554,Q9H816,KEAP1,624,549dc2f31d2981e3cd99a62ea027bf7d8a5cd3b7232c910e4a3fbec108f88c17,Q14145,-0.24539807935555777,1.2264758944511414,0.5447996258735657,-5.577966213226318,-6.9181013107299805,-5.843288898468018,-6.113118807474772,26.0,22.0,94.0,151.0
context,Q16236,U,False,False,13,SH3BP1,701,b1cf8d41c182ce38ad9f7d7beabd24e00050d50ac926dadcc7b57a2428bdec85,Q9Y3L3,KEAP1,624,549dc2f31d2981e3cd99a62ea027bf7d8a5cd3b7232c910e4a3fbec108f88c17,Q14145,-1.6469836235046387,-0.6894914309183756,0.48915961384773254,-4.542220592498779,-7.068882465362549,-8.293963432312012,-6.635022163391113,198.0,197.0,178.0,193.0
context,Q16236,U,False,False,14,LYN,512,87208f7d25d760d405971be60e739e07826b41f96550fef7b3e4b593f208c082,P07948,KEAP1,624,549dc2f31d2981e3cd99a62ea027bf7d8a5cd3b7232c910e4a3fbec108f88c17,Q14145,-0.8099185625712076,0.9897867639859518,0.5308946967124939,-3.6928083896636963,-7.447963237762451,-8.258538246154785,-6.4664366245269775,88.0,33.0,118.0,176.0
context,Q16236,U,False,False,15,PER3,1201,10f3f91d419460c5219172b2221ce4bb605ef2bce447c4d85cc24c907e632c17,P56645,KEAP1,624,549dc2f31d2981e3cd99a62ea027bf7d8a5cd3b7232c910e4a3fbec108f88c17,Q14145,-0.7785266637802124,-0.3350266714890798,0.629494845867157,-3.885734796524048,-9.407235145568848,-7.087221622467041,-6.7933971881866455,82.0,157.0,16.0,205.0
context,Q16236,U,False,False,16,RNF14,474,e06b6cc3e5f602f5f358afa200a33662ee0012229763d9e4fa7700dc8f340630,Q9UBS8,KEAP1,624,549dc2f31d2981e3cd99a62ea027bf7d8a5cd3b7232c910e4a3fbec108f88c17,Q14145,-1.2087399164835613,-0.48672576745351154,0.576288640499115,-3.411238193511963,-8.15855598449707,-5.825811862945557,-5.798535346984863,136.0,171.0,55.0,122.0
context,Q16236,U,False,False,17,POC5,575,4d09559babe0a31137557c3b226e8189904a0123d6494fb3386c62f2a94bf44c,Q8NA72,KEAP1,624,549dc2f31d2981e3cd99a62ea027bf7d8a5cd3b7232c910e4a3fbec108f88c17,Q14145,-1.1104056040445964,-0.8214391469955444,0.43402886390686035,-7.923953056335449,-9.588379859924316,-5.792474269866943,-7.768269062042236,123.0,208.0,242.0,258.0
context,Q16236,U,False,False,18,AP5M1,490,c6a4f26e1408adf6bbcdfb27b5bb7257c61c79499faf0e7fdd4ed67ce2f592a0,Q9H0R1,KEAP1,624,549dc2f31d2981e3cd99a62ea027bf7d8a5cd3b7232c910e4a3fbec108f88c17,Q14145,-0.41112112005551654,0.25886985659599304,0.3971429765224457,-4.5091776847839355,-8.713301658630371,-5.311030864715576,-6.177836736043294,37.0,102.0,274.0,156.0
context,Q16236,U,False,False,19,NR1H3,447,930ebc290600ab8f12f93fc9a88f07aafbd39ee68720b02c19e357865ad59626,Q13133,KEAP1,624,549dc2f31d2981e3cd99a62ea027bf7d8a5cd3b7232c910e4a3fbec108f88c17,Q14145,0.02085922968884309,2.843095620473226,0.6178774833679199,-5.129257678985596,-4.794107437133789,-3.249005079269409,-4.390790065129598,14.0,1.0,23.0,26.0
context,Q16236,U,False,False,20,ATN1,1190,7c0784c5f56f67b5cb3518b4e88b51bc59499ff269dc73dc3cdc73d307c74cce,P54259,KEAP1,624,549dc2f31d2981e3cd99a62ea027bf7d8a5cd3b7232c910e4a3fbec108f88c17,Q14145,-1.5256529251734416,0.4847419063250224,0.40510720014572144,-3.2641189098358154,-4.399532794952393,-3.044283151626587,-3.5693116188049316,181.0,74.0,269.0,6.0
context,Q16236,U,False,False,21,ASZ1,475,562d74b3733c3e3278f9102da0c77dfd5aa354c9490d1d898d437a96a4a86cf5,Q8WWH4,KEAP1,624,549dc2f31d2981e3cd99a62ea027bf7d8a5cd3b7232c910e4a3fbec108f88c17,Q14145,-1.6430357297261555,-1.1446426908175151,0.4786207675933838,-4.984672546386719,-12.473377227783203,-10.09476375579834,-9.184271176656088,197.0,235.0,190.0,288.0
context,Q16236,U,False,False,22,NUDT12,462,0a938c7ffdb4ab105850e9e45cf797059f3303985a392f441ee28c7f9860945c,Q9BQG2,KEAP1,624,549dc2f31d2981e3cd99a62ea027bf7d8a5cd3b7232c910e4a3fbec108f88c17,Q14145,-0.2813394218683243,1.1378591855367024,0.5694712996482849,-2.519066333770752,-6.69265079498291,-4.9487714767456055,-4.720162868499756,31.0,26.0,61.0,43.0
context,Q16236,U,False,False,23,CCDC14,953,99051acf4ec774623effb0c70fdb3724538e95bb37235a6d4b710bf22ded7880,Q49A88,KEAP1,624,549dc2f31d2981e3cd99a62ea027bf7d8a5cd3b7232c910e4a3fbec108f88c17,Q14145,-1.4629220962524414,-0.43999038139979046,0.4379158020019531,-3.996877431869507,-10.18250560760498,-7.8380584716796875,-7.339147170384725,176.0,167.0,239.0,243.0
context,Q16236,U,False,False,24,SH3PXD2B,911,528866edf2f0613465e13024c7a86d2f4eda2b7f0df9974e86d13fb2e7aca461,A1X283,KEAP1,624,549dc2f31d2981e3cd99a62ea027bf7d8a5cd3b7232c910e4a3fbec108f88c17,Q14145,-0.7909490267435709,0.10267474253972371,0.4591616690158844,-4.398927688598633,-10.032621383666992,-7.06155252456665,-7.164367198944092,84.0,114.0,214.0,235.0
context,Q16236,U,False,False,25,XPNPEP1,623,4ddbc6122234d6496246943452ada5c2e14017586c2dce26f6907eef219acb5f,Q9NQW7,KEAP1,624,549dc2f31d2981e3cd99a62ea027bf7d8a5cd3b7232c910e4a3fbec108f88c17,Q14145,-0.07668133887151878,1.5467577179272969,0.5202471017837524,-3.4051833152770996,-5.666254043579102,-6.382090091705322,-5.151175816853841,19.0,14.0,136.0,73.0
context,Q16236,U,False,False,26,BRAP,592,6732e187f06abeecc12627057e7e56af91922fad390f28ca164ad4477792f06d,Q7Z569,KEAP1,624,549dc2f31d2981e3cd99a62ea027bf7d8a5cd3b7232c910e4a3fbec108f88c17,Q14145,-1.303054968516032,1.093222697575887,0.5922225117683411,-4.41933536529541,-8.749048233032227,-5.40261173248291,-6.190331776936849,155.0,27.0,38.0,158.0
context,Q16236,U,False,False,27,ASB2,635,66133e8babe1e1a3ac836bf45c7d302281c6bf2820cd833a6628acd2133d9f01,Q96Q27,KEAP1,624,549dc2f31d2981e3cd99a62ea027bf7d8a5cd3b7232c910e4a3fbec108f88c17,Q14145,-1.1396736701329548,0.2036356528600057,0.6573712229728699,-2.6213531494140625,-6.590742111206055,-7.355624198913574,-5.522573153177897,125.0,104.0,4.0,94.0
context,Q16236,U,False,False,28,SULT2B1,365,3c6081baa466d244e055e3db3137303bf54eb0e3fee14836266f8367b9c02adf,O00204,KEAP1,624,549dc2f31d2981e3cd99a62ea027bf7d8a5cd3b7232c910e4a3fbec108f88c17,Q14145,-1.0131300687789917,0.6377121806144714,0.6178880929946899,-3.9642062187194824,-4.186631679534912,-9.478669166564941,-5.876502354939778,112.0,61.0,22.0,132.0
context,Q16236,U,False,False,29,RNF6,685,f5f5ee41ef2842f254236c90b96968ca0a48220f78aab5a21aeff1bea81dc578,Q9Y252,KEAP1,624,549dc2f31d2981e3cd99a62ea027bf7d8a5cd3b7232c910e4a3fbec108f88c17,Q14145,0.09622743399813771,-0.3063340187072754,0.59123694896698,-2.4759328365325928,-5.11442756652832,-5.8366522789001465,-4.47567089398702,12.0,153.0,40.0,34.0
context,Q16236,U,False,False,30,PAFAH2,392,b4815cbcf7cfa67ab631292aa6e7f33d82237a1b8852f0e34ef8fbc5c3497d05,Q99487,KEAP1,624,549dc2f31d2981e3cd99a62ea027bf7d8a5cd3b7232c910e4a3fbec108f88c17,Q14145,-1.3398561477661133,-0.2960310677687327,0.5549100041389465,-3.224463939666748,-4.87832498550415,-8.493977546691895,-5.532255490620931,160.0,152.0,83.0,97.0
context,Q16236,U,False,False,31,MSI1,362,f246d2e186552bb794816bf33cb77d05cc9c4363fbd94266482b3b7157c63799,O43347,KEAP1,624,549dc2f31d2981e3cd99a62ea027bf7d8a5cd3b7232c910e4a3fbec108f88c17,Q14145,-0.7846117814381918,-0.23943297068277994,0.45296528935432434,-5.937854766845703,-8.020299911499023,-3.6711809635162354,-5.876445213953654,83.0,146.0,222.0,131.0
context,Q16236,U,False,False,32,AP1B1,949,e497c7601b7620b1ed2a7db31581a05c54d223b33187571556c35e2f2807bacd,Q10567,KEAP1,624,549dc2f31d2981e3cd99a62ea027bf7d8a5cd3b7232c910e4a3fbec108f88c17,Q14145,-0.9540689587593079,-0.042806426684061684,0.44355255365371704,-3.7937099933624268,-9.161749839782715,-3.8602335453033447,-5.605231126149495,105.0,127.0,234.0,103.0
context,Q16236,U,False,False,33,INVS,1065,1468fc0f4b1418f22e4150aa0d1831171ec56c4a2841a43874084c133c12fa40,Q9Y283,KEAP1,624,549dc2f31d2981e3cd99a62ea027bf7d8a5cd3b7232c910e4a3fbec108f88c17,Q14145,-0.7345757087071737,0.41280925273895264,0.5392574071884155,-4.755807399749756,-4.753864765167236,-5.7829108238220215,-5.097527662913005,71.0,82.0,101.0,66.0
context,Q16236,U,False,False,34,COG5,860,b3943cba7cfe58cc09f8ad7ae2ff0b339c8ca3c562ed0ab0c0d9e46780a92b5c,Q9UP83,KEAP1,624,549dc2f31d2981e3cd99a62ea027bf7d8a5cd3b7232c910e4a3fbec108f88c17,Q14145,-2.082932194073995,-0.0719744861125946,0.3397228419780731,-5.347081184387207,-9.787723541259766,-7.720376968383789,-7.618393898010254,238.0,129.0,296.0,251.0
context,Q16236,U,False,False,35,PLEKHA5,1116,def0cf4e9d2a94e50073d2285623595af689d67b34d9bd8b5b10eaee0487735e,Q9HAU0,KEAP1,624,549dc2f31d2981e3cd99a62ea027bf7d8a5cd3b7232c910e4a3fbec108f88c17,Q14145,-0.17285708089669546,-0.2739398082097371,0.38382887840270996,-4.4079790115356445,-9.836602210998535,-7.184910774230957,-7.143163998921712,24.0,150.0,282.0,232.0
context,Q16236,U,False,False,36,GMPPA,420,0519dfa64eaa945237e2e4b52f8e792a2c595ad8964c4c2fa2c8a5f40527076a,Q96IJ6,KEAP1,624,549dc2f31d2981e3cd99a62ea027bf7d8a5cd3b7232c910e4a3fbec108f88c17,Q14145,-1.2166962226231892,0.9257248838742574,0.580241322517395,-4.235064506530762,-7.766453742980957,-2.6592864990234375,-4.886934916178386,139.0,38.0,54.0,50.0
context,Q16236,U,False,False,37,IREB2,963,cd6585b350bad3e1acf73051a0b44ee9cf643b3ad18a7d9d30b591b96297f3d4,P48200,KEAP1,624,549dc2f31d2981e3cd99a62ea027bf7d8a5cd3b7232c910e4a3fbec108f88c17,Q14145,-1.938079833984375,0.047833253939946495,0.5638869404792786,-3.998053789138794,-7.4692301750183105,-4.698247909545898,-5.388510624567668,225.0,120.0,66.0,89.0
context,Q16236,U,False,False,38,FEM1B,627,b2b44238bb5da621124bba144903e49d5ecdac9380ec7fd3bbac7ef4dc8469c0,Q9UK73,KEAP1,624,549dc2f31d2981e3cd99a62ea027bf7d8a5cd3b7232c910e4a3fbec108f88c17,Q14145,-1.8630959590276082,-0.8991111715634664,0.6344941854476929,-3.173208475112915,-7.560398101806641,-4.338531017303467,-5.024045864741008,219.0,214.0,13.0,58.0
context,Q16236,U,False,False,39,CORO1B,489,5f6e8bb085305ea96f78aa318dc967b3f174b3f79a16c1ff1b234bec6eccf7c2,Q9BR76,KEAP1,624,549dc2f31d2981e3cd99a62ea027bf7d8a5cd3b7232c910e4a3fbec108f88c17,Q14145,-0.8038256168365479,0.2758576770623525,0.4528326988220215,-2.378188371658325,-6.595033645629883,-6.214108943939209,-5.062443653742473,86.0,99.0,224.0,63.0
context,Q16236,U,False,False,40,SNCAIP,919,e56da16b8752e25939b8a50ed89eaa5e36330441fe613aad76a6735f00f896e0,Q9Y6H5,KEAP1,624,549dc2f31d2981e3cd99a62ea027bf7d8a5cd3b7232c910e4a3fbec108f88c17,Q14145,-1.8195305665334065,-1.2487372358640034,0.6743009090423584,-3.507035732269287,-6.893345832824707,-4.538409233093262,-4.979596932729085,213.0,241.0,1.0,55.0
context,Q16236,U,False,False,41,NLRP12,1061,bce6651626bc9258af23c58ddfbca47d706459e69af5549240221e21b61f6d46,P59046,KEAP1,624,549dc2f31d2981e3cd99a62ea027bf7d8a5cd3b7232c910e4a3fbec108f88c17,Q14145,-1.3400243123372395,0.19019953409830728,0.6001600623130798,-3.6718571186065674,-6.910792350769043,-3.3940694332122803,-4.65890630086263,161.0,105.0,34.0,41.0
context,Q16236,U,False,False,42,CPSF7,471,91afa9c2866d405a99bc80d522153e62749cb0970635f9feff16b3eba4bf7ad7,Q8N684,KEAP1,624,549dc2f31d2981e3cd99a62ea027bf7d8a5cd3b7232c910e4a3fbec108f88c17,Q14145,-0.03457514320810636,0.3395708501338959,0.3624717891216278,-3.220410108566284,-8.436012268066406,-5.865218639373779,-5.84054700533549,16.0,87.0,290.0,128.0
context,Q16236,U,False,False,43,TTLL7,887,41dc1be0aa3f6760cb915e10ae2cd6a1136b6a19674b76e65fcb5321d9b1d3fe,Q6ZT98,KEAP1,624,549dc2f31d2981e3cd99a62ea027bf7d8a5cd3b7232c910e4a3fbec108f88c17,Q14145,-1.8640809853871663,-1.4458431800206502,0.4954240918159485,-3.749577522277832,-10.36950969696045,-7.218095779418945,-7.112394332885742,220.0,253.0,173.0,229.0
context,Q16236,U,False,False,44,KSR1,923,f5b9ef90541de0d28c48767fd4101cef15a55f757e812a3fe3e9607606bd4fcd,Q8IVT5,KEAP1,624,549dc2f31d2981e3cd99a62ea027bf7d8a5cd3b7232c910e4a3fbec108f88c17,Q14145,-1.426676630973816,0.11733045180638631,0.5805319547653198,-4.124862194061279,-9.955077171325684,-7.8911237716674805,-7.323687712351481,173.0,111.0,52.0,242.0
context,Q16236,U,False,False,45,XPOT,962,451912be6993a796cd406ab971e983870033489574db6a2cac25d8d1522481df,O43592,KEAP1,624,549dc2f31d2981e3cd99a62ea027bf7d8a5cd3b7232c910e4a3fbec108f88c17,Q14145,-2.680159568786621,-1.4841660857200623,0.5128792524337769,-3.228875160217285,-8.327009201049805,-4.137333869934082,-5.231072743733724,283.0,257.0,149.0,78.0
context,Q16236,U,False,False,46,PTPN6,595,873bef273384813c628cffa267d1f3874bec2cfae71a85031e57cbe4fcde5968,P29350,KEAP1,624,549dc2f31d2981e3cd99a62ea027bf7d8a5cd3b7232c910e4a3fbec108f88c17,Q14145,-1.1773350636164348,0.3239517460266749,0.5439569354057312,-3.713514804840088,-6.207793712615967,-5.331955909729004,-5.084421475728353,131.0,91.0,97.0,64.0
context,Q16236,U,False,False,47,PCSK1,753,b063d79f109745b7da079ec57a531b65242c7e6587ac6f0a33ad292e48bf64d0,P29120,KEAP1,624,549dc2f31d2981e3cd99a62ea027bf7d8a5cd3b7232c910e4a3fbec108f88c17,Q14145,-0.7457242409388224,-0.4954265356063843,0.4951114058494568,-4.141889572143555,-12.919658660888672,-10.645539283752441,-9.235695838928223,75.0,172.0,174.0,290.0
context,Q16236,U,False,False,48,DCX,365,3e069b5117dab033c768eef4c0cb6b56a65350f7ffd5164bb144149b2c24c85f,O43602,KEAP1,624,549dc2f31d2981e3cd99a62ea027bf7d8a5cd3b7232c910e4a3fbec108f88c17,Q14145,-0.44631727536519367,-0.8287261923154196,0.550733745098114,-3.679314374923706,-9.202847480773926,-4.590622425079346,-5.824261426925659,39.0,210.0,87.0,124.0
context,Q16236,U,False,False,49,CARNMT1,409,480b955f6b56cd604a59a8c84f81672fe6f96075f6896480468d97d0c30c4b35,Q8N4J0,KEAP1,624,549dc2f31d2981e3cd99a62ea027bf7d8a5cd3b7232c910e4a3fbec108f88c17,Q14145,-1.3302549123764038,0.9869680404663086,0.5617456436157227,-2.7956693172454834,-7.703596115112305,-6.994014739990234,-5.831093390782674,159.0,34.0,71.0,126.0
context,Q16236,U,False,False,50,IQUB,791,114c55c9d5d07582525c61e2f5577c0d99993a561c92af28f1c8dabb045d4d3b,Q8NA54,KEAP1,624,549dc2f31d2981e3cd99a62ea027bf7d8a5cd3b7232c910e4a3fbec108f88c17,Q14145,-1.387446363766988,-0.41294501225153607,0.43854352831840515,-4.07138729095459,-6.750768661499023,-5.843095302581787,-5.555083751678467,167.0,166.0,238.0,99.0
context,Q16236,U,False,False,51,ARHGAP1,439,b30218c6a4ac6986a22e325749596a5f8b7a82081ac35ebde1c533283c619a8a,Q07960,KEAP1,624,549dc2f31d2981e3cd99a62ea027bf7d8a5cd3b7232c910e4a3fbec108f88c17,Q14145,-2.075960636138916,-0.8840749263763428,0.5634251236915588,-1.9354338645935059,-6.082389831542969,-7.070820331573486,-5.029548009236653,236.0,213.0,69.0,60.0
context,Q16236,U,False,False,52,NRBP1,535,0842ee4957bd0a61fee1bd615a60b13b506c0b8c8c28c7a046ceaceb764740c6,Q9UHY1,KEAP1,624,549dc2f31d2981e3cd99a62ea027bf7d8a5cd3b7232c910e4a3fbec108f88c17,Q14145,-2.0161207914352417,-0.2736238141854604,0.5896989703178406,-3.2165093421936035,-8.935580253601074,-4.816604137420654,-5.65623124440511,232.0,149.0,42.0,111.0
context,Q16236,U,False,False,53,TBC1D31,1066,bd2c3d466cedcd9a1d08eed0b14327ce566086af3e25c06f7d557408ba33709c,Q96DN5,KEAP1,624,549dc2f31d2981e3cd99a62ea027bf7d8a5cd3b7232c910e4a3fbec108f88c17,Q14145,-1.2207158009211223,0.1528752644856771,0.5012176632881165,-4.6610798835754395,-9.273426055908203,-6.453658103942871,-6.796054681142171,141.0,107.0,164.0,207.0
background,Q16236,U,False,False,54,PDE1A,535,ee8218326bf57beda752d1ae909a803ca19bb1bde2e901f413a4663c03afa2ba,P54750,KEAP1,624,549dc2f31d2981e3cd99a62ea027bf7d8a5cd3b7232c910e4a3fbec108f88c17,Q14145,-1.3462446530659993,-0.46681052446365356,0.5181628465652466,-5.326724529266357,-8.67282485961914,-8.89381217956543,-7.631120522816976,163.0,169.0,140.0,254.0
background,Q16236,U,False,False,55,VNN1,513,57e21200805781ce80faed3af246dedc30689cf64c36b9e312ea1c1bfb5ae4fa,O95497,KEAP1,624,549dc2f31d2981e3cd99a62ea027bf7d8a5cd3b7232c910e4a3fbec108f88c17,Q14145,-3.0936742623647056,-2.539326032002767,0.4551008343696594,-4.262825012207031,-7.113898754119873,-9.522951126098633,-6.966558297475179,290.0,295.0,216.0,221.0
background,Q16236,U,False,False,56,ZNF221,617,ed16aab65e336c66862d5e31369584f2876f26225b7011ba26c27dc3051ecbc5,Q9UK13,KEAP1,624,549dc2f31d2981e3cd99a62ea027bf7d8a5cd3b7232c910e4a3fbec108f88c17,Q14145,-1.8880845308303833,-1.5842647949854534,0.4811580777168274,-4.059183120727539,-4.113609313964844,-5.166400909423828,-4.44639778137207,221.0,265.0,188.0,29.0
background,Q16236,U,False,False,57,U2AF2,475,d0ab90ec41dfb6e98da7a058eb1157f61190d5bddb6f07671e674e95f21efb3b,P26368,KEAP1,624,549dc2f31d2981e3cd99a62ea027bf7d8a5cd3b7232c910e4a3fbec108f88c17,Q14145,-1.509535551071167,-1.1212293704350789,0.42968499660491943,-4.836666107177734,-7.034185409545898,-3.4886672496795654,-5.119839588801066,179.0,231.0,245.0,70.0
background,Q16236,U,False,False,58,DRG2,364,303ae63f1629286780e4f0e01a796e4b1f6a7074139c52630b43ea56d4ba46d4,P55039,KEAP1,624,549dc2f31d2981e3cd99a62ea027bf7d8a5cd3b7232c910e4a3fbec108f88c17,Q14145,-2.5593113899230957,-1.675081690152486,0.4981256425380707,-5.4412970542907715,-7.474086761474609,-8.504389762878418,-7.1399245262146,276.0,268.0,169.0,231.0
background,Q16236,U,False,False,59,SLC25A29,303,06784916bde8b7401551e728cff366f169c5136d21e2cc07a01b8e2f0ac4e17a,Q8N8R3,KEAP1,624,549dc2f31d2981e3cd99a62ea027bf7d8a5cd3b7232c910e4a3fbec108f88c17,Q14145,-3.5688771406809487,-2.9221764405568442,0.4778743386268616,-5.783390998840332,-9.173709869384766,-6.988867282867432,-7.315322717030843,300.0,300.0,191.0,241.0
background,Q16236,U,False,False,60,CSGALNACT1,532,5ab42db660375a3e0740490113b8602627e57f5f084239a564330ee925b2ae0d,Q8TDX6,KEAP1,624,549dc2f31d2981e3cd99a62ea027bf7d8a5cd3b7232c910e4a3fbec108f88c17,Q14145,-2.2617715199788413,-0.5334457258383433,0.37164396047592163,-3.095202922821045,-13.305069923400879,-13.065531730651855,-9.821934858957926,259.0,177.0,287.0,295.0
background,Q16236,U,False,False,61,PATL1,770,7fbc74cbd60804ebaaa4bf71a84a423367a05fc75cc85a921b682252e417aff7,Q86TB9,KEAP1,624,549dc2f31d2981e3cd99a62ea027bf7d8a5cd3b7232c910e4a3fbec108f88c17,Q14145,-0.8048215508460999,-0.07362325986226399,0.3285764455795288,-4.979984283447266,-9.459829330444336,-5.88805627822876,-6.775956630706787,87.0,130.0,297.0,203.0
background,Q16236,U,False,False,62,CYP39A1,469,378a49eba36fe0ed873d2306a44dae9e8b1341b3c7adc1874a34f6712c76943e,Q9NYL5,KEAP1,624,549dc2f31d2981e3cd99a62ea027bf7d8a5cd3b7232c910e4a3fbec108f88c17,Q14145,-2.160186688105265,-2.222168445587158,0.50493323802948,-3.655074119567871,-11.095701217651367,-6.890402793884277,-7.213726043701172,247.0,288.0,160.0,238.0
background,Q16236,U,False,False,63,KIF18A,898,5b0c824e6edcac4b8b63c3586b5c2ce81e206d9d1fa389197749efbb4bc53a11,Q8NI77,KEAP1,624,549dc2f31d2981e3cd99a62ea027bf7d8a5cd3b7232c910e4a3fbec108f88c17,Q14145,-1.5342694918314617,-0.04760517676671346,0.5553154349327087,-6.211477756500244,-9.2018461227417,-7.025363922119141,-7.479562600453694,182.0,128.0,82.0,248.0
background,Q16236,U,False,False,64,SDE2,451,7950978828628b2c791fc70bfabd175d61ea47077f7e61be809265b7c8a6328d,Q6IQ49,KEAP1,624,549dc2f31d2981e3cd99a62ea027bf7d8a5cd3b7232c910e4a3fbec108f88c17,Q14145,-0.5354911436637243,0.7240886688232422,0.6035636067390442,-3.300264596939087,-6.851266860961914,-4.108004570007324,-4.753178675969441,49.0,56.0,31.0,46.0
background,Q16236,U,False,False,65,MAVS,540,cfadfd2d22fc799ff3dce2d86b279edeec648fe64c700185d189ba4c28a62244,Q7Z434,KEAP1,624,549dc2f31d2981e3cd99a62ea027bf7d8a5cd3b7232c910e4a3fbec108f88c17,Q14145,-2.095517555872599,-1.0695826609929402,0.35672566294670105,-5.91227912902832,-8.84295654296875,-10.667508125305176,-8.474247932434082,239.0,229.0,293.0,277.0
background,Q16236,U,False,False,66,TGM7,710,73faae0e95bf9d58064e9b8341b3407b1525ee4611ea771777314d5bf5c10277,Q96PF1,KEAP1,624,549dc2f31d2981e3cd99a62ea027bf7d8a5cd3b7232c910e4a3fbec108f88c17,Q14145,-0.5832123855749766,1.2837922970453899,0.5825248956680298,-2.62558913230896,-4.722445964813232,-5.509269714355469,-4.285768270492554,53.0,20.0,48.0,22.0
background,Q16236,U,False,False,67,JPH1,661,bce96c902ac5c1f2e338dda5930f1f67504aada40923be91db9b6498b2691f0c,Q9HDC5,KEAP1,624,549dc2f31d2981e3cd99a62ea027bf7d8a5cd3b7232c910e4a3fbec108f88c17,Q14145,-0.45595188935597736,-1.416345238685608,0.4044112265110016,-3.1391568183898926,-11.645757675170898,-7.404721260070801,-7.39654525121053,42.0,250.0,270.0,245.0
background,Q16236,U,False,False,68,HDAC3,428,9d0bf140dd3e9610a05d0391d0b3076177bb6c5932d4b003e913cd9bfb378d81,O15379,KEAP1,624,549dc2f31d2981e3cd99a62ea027bf7d8a5cd3b7232c910e4a3fbec108f88c17,Q14145,-1.9791371424992878,-0.6517869631449381,0.5357096791267395,-3.107011079788208,-5.417036533355713,-4.877770900726318,-4.467272837956746,228.0,192.0,109.0,33.0
background,Q16236,U,False,False,69,TRAF3IP2,574,174342209ff7997c1d7b13c4caf0cec2736c7567b3e3f0ebc61838003007f3b8,O43734,KEAP1,624,549dc2f31d2981e3cd99a62ea027bf7d8a5cd3b7232c910e4a3fbec108f88c17,Q14145,-0.2290111556649208,1.0616092880566914,0.6526674628257751,-4.132270812988281,-7.134124755859375,-5.175497055053711,-5.480630874633789,25.0,30.0,10.0,93.0
background,Q16236,U,False,False,70,DRC5,501,9c43877f4ed17cf886eb3da874b23f3a9825cdb1418808505cbc636ed7db8141,Q5JU00,KEAP1,624,549dc2f31d2981e3cd99a62ea027bf7d8a5cd3b7232c910e4a3fbec108f88c17,Q14145,-2.003893574078878,-0.9574787418047587,0.5343127846717834,-3.678159475326538,-10.22720718383789,-5.450150489807129,-6.451839049657186,230.0,220.0,114.0,174.0
background,Q16236,U,False,False,71,WASF3,502,37b3e580cf2d1fc6015a1701b62549c3d5f46b714148c120c14d9a5b26650fdc,Q9UPY6,KEAP1,624,549dc2f31d2981e3cd99a62ea027bf7d8a5cd3b7232c910e4a3fbec108f88c17,Q14145,-1.0628512700398762,-1.0145886739095051,0.39699894189834595,-3.9650986194610596,-11.149781227111816,-7.774994373321533,-7.629958073298137,120.0,226.0,275.0,253.0
background,Q16236,U,False,False,72,LMOD1,600,d397bc1e27dd5b374a3d5ef9298a78437f49ae21dbc360fd6b31be83f0127381,P29536,KEAP1,624,549dc2f31d2981e3cd99a62ea027bf7d8a5cd3b7232c910e4a3fbec108f88c17,Q14145,-2.2077833811442056,-1.472922643025716,0.38323724269866943,-5.701598644256592,-12.310684204101562,-7.239969730377197,-8.417417526245117,252.0,256.0,283.0,276.0
background,Q16236,U,False,False,73,OR51B2,312,7b09c76939914e345ee195e438deb58173750839c695310672df965fb0214c40,Q9Y5P1,KEAP1,624,549dc2f31d2981e3cd99a62ea027bf7d8a5cd3b7232c910e4a3fbec108f88c17,Q14145,-4.617596467336019,-3.9521990617116294,0.5254693627357483,-4.975889205932617,-7.484574794769287,-7.678200721740723,-6.712888240814209,303.0,302.0,126.0,197.0
background,Q16236,U,False,False,74,ACP7,438,aa9ae5c5423f57a5264cf7e83160d4831893dbe5ee79c1475230da56ab198ace,Q6ZNF0,KEAP1,624,549dc2f31d2981e3cd99a62ea027bf7d8a5cd3b7232c910e4a3fbec108f88c17,Q14145,-0.9217276771863302,0.8779409925142924,0.4826432466506958,-3.124274730682373,-4.041865825653076,-7.756582736968994,-4.9742410977681475,100.0,41.0,185.0,54.0
background,Q16236,U,False,False,75,SH3BP2,561,762a1e0c3820ef3be33cfc79cb138c2e2ef6e478709e52b9c5816654ab7612ac,P78314,KEAP1,624,549dc2f31d2981e3cd99a62ea027bf7d8a5cd3b7232c910e4a3fbec108f88c17,Q14145,-0.9208882053693136,-0.09532056748867035,0.46126827597618103,-4.0958733558654785,-11.34045124053955,-8.120469093322754,-7.852264563242595,99.0,132.0,212.0,262.0
background,Q16236,U,False,False,76,DNAJC1,554,4f3449550529c73572f7ecb2c32495548d8d6b6cfc0145cb72c130c08c0b0b74,Q96KC8,KEAP1,624,549dc2f31d2981e3cd99a62ea027bf7d8a5cd3b7232c910e4a3fbec108f88c17,Q14145,-0.7423464258511862,-1.8761450846989949,0.34793734550476074,-4.273848533630371,-13.278531074523926,-12.892905235290527,-10.148428281148275,73.0,274.0,294.0,299.0
background,Q16236,U,False,False,77,SPATA31F3,338,be11f4d9368c38c17187fd41b3d9745d4eb30d361ad512f0c8357b1dad2c09cd,A6NFA0,KEAP1,624,549dc2f31d2981e3cd99a62ea027bf7d8a5cd3b7232c910e4a3fbec108f88c17,Q14145,-1.2502276102701824,-1.0157107313474019,0.4272601902484894,-4.710012912750244,-9.456001281738281,-9.394219398498535,-7.8534111976623535,147.0,227.0,250.0,263.0
background,Q16236,U,False,False,78,BFAR,450,a936f04a0acc5f5b13cee8a827fd754da7ae41b6a5f63b8ab9cc382d8e533215,Q9NZS9,KEAP1,624,549dc2f31d2981e3cd99a62ea027bf7d8a5cd3b7232c910e4a3fbec108f88c17,Q14145,-1.951056996981303,-1.988875428835551,0.32356512546539307,-3.655280828475952,-7.882880687713623,-8.844589233398438,-6.794250249862671,227.0,282.0,300.0,206.0
background,Q16236,U,False,False,79,ZNF892,522,c45656f7f59ae9e5e611a6df24de158cbe5331cfd8676d6a4d42d4bad23f8ed0,A0A087WUV0,KEAP1,624,549dc2f31d2981e3cd99a62ea027bf7d8a5cd3b7232c910e4a3fbec108f88c17,Q14145,-2.374183416366577,-2.3842597802480063,0.44347551465034485,-4.245079040527344,-6.907249927520752,-6.559901237487793,-5.90407673517863,268.0,294.0,235.0,136.0
background,Q16236,U,False,False,80,CPA1,419,435a7fede0a14a3e305163e510e1cbcd13a67f504adb591b90220bec709321a7,P15085,KEAP1,624,549dc2f31d2981e3cd99a62ea027bf7d8a5cd3b7232c910e4a3fbec108f88c17,Q14145,-3.1106557846069336,-2.905977408091227,0.4992066025733948,-4.276890277862549,-10.12812328338623,-9.182530403137207,-7.862514654795329,294.0,298.0,167.0,265.0
background,Q16236,U,False,False,81,GFRA2,464,90957ff2efab2661632efc80e26b97db1baa961011bbc746fc7b9ea905af3915,O00451,KEAP1,624,549dc2f31d2981e3cd99a62ea027bf7d8a5cd3b7232c910e4a3fbec108f88c17,Q14145,-2.1881189346313477,-1.2520814339319866,0.47408413887023926,-5.7773895263671875,-10.27349853515625,-8.330459594726562,-8.127115885416666,251.0,242.0,196.0,271.0
background,Q16236,U,False,False,82,TYW5,315,67821ce050ee896374b4b95f732e221e2d8429eb1885aa1ba0daf6e4fd9519b0,A2RUC4,KEAP1,624,549dc2f31d2981e3cd99a62ea027bf7d8a5cd3b7232c910e4a3fbec108f88c17,Q14145,-2.1253729661305747,0.8556451201438904,0.6454101204872131,-1.2108330726623535,-6.498849391937256,-3.9151008129119873,-3.8749277591705322,242.0,42.0,11.0,8.0
background,Q16236,U,False,False,83,TM6SF2,377,080ddd6e5f24640191852236967f55f6851c63337485192353021881c4420bd3,Q9BZW4,KEAP1,624,549dc2f31d2981e3cd99a62ea027bf7d8a5cd3b7232c910e4a3fbec108f88c17,Q14145,-2.3488590717315674,-2.370436906814575,0.3584064543247223,-5.573005199432373,-13.64166259765625,-11.831903457641602,-10.348857084910074,266.0,293.0,291.0,300.0
background,Q16236,U,False,False,84,GPANK1,356,3fb969b2b8297e7a8b2ce440ec14a01cf5a324ee97710ed0ee43d25255c98338,O95872,KEAP1,624,549dc2f31d2981e3cd99a62ea027bf7d8a5cd3b7232c910e4a3fbec108f88c17,Q14145,0.5157797435919443,2.218767682711283,0.5499552488327026,-3.253570318222046,-3.6697921752929688,-2.878267765045166,-3.267210086186727,5.0,5.0,89.0,2.0
background,Q16236,U,False,False,85,CCDC185,623,d596cbe02171749c8889d6570055cb899a53486d0d13b15ca342fb22ce03e0da,Q8N715,KEAP1,624,549dc2f31d2981e3cd99a62ea027bf7d8a5cd3b7232c910e4a3fbec108f88c17,Q14145,0.6238531867663065,1.6426573991775513,0.3896368443965912,-3.1790359020233154,-7.684373378753662,-6.730019569396973,-5.864476283391316,4.0,12.0,279.0,130.0
background,Q16236,U,False,False,86,CNN2,309,3354b1ea3fb8ed741d0e13332a83e1dc43afe93cf23bf9854e04bfaa666d1774,Q99439,KEAP1,624,549dc2f31d2981e3cd99a62ea027bf7d8a5cd3b7232c910e4a3fbec108f88c17,Q14145,-1.1437926292419434,-0.3953242301940918,0.5051909685134888,-3.804586172103882,-7.241797924041748,-5.017421722412109,-5.354601939519246,126.0,164.0,159.0,86.0
background,Q16236,U,False,False,87,NCLN,563,9b69cd9e596a1842771115c73899b8321307c5d9e57ef124259e2846034e5b7a,Q969V3,KEAP1,624,549dc2f31d2981e3cd99a62ea027bf7d8a5cd3b7232c910e4a3fbec108f88c17,Q14145,-3.557154417037964,-1.9511590401331584,0.45311182737350464,-4.8343586921691895,-8.600234985351562,-9.032936096191406,-7.489176591237386,299.0,280.0,221.0,249.0
background,Q16236,U,False,False,88,COQ3,369,611d3b5c032e9f577f88e3e5783a480565b7eed69c3b17150da57a9a90106a15,Q9NZJ6,KEAP1,624,549dc2f31d2981e3cd99a62ea027bf7d8a5cd3b7232c910e4a3fbec108f88c17,Q14145,-1.318665901819865,-0.6944494446118673,0.3882058262825012,-3.1355550289154053,-6.5084357261657715,-6.139019012451172,-5.261003255844116,158.0,198.0,281.0,81.0
background,Q16236,U,False,False,89,ZNF324B,544,e100921ed223e6a9adde9cc12b6cd4654fe1f733e7cff450023e1c26ff76229c,Q6AW86,KEAP1,624,549dc2f31d2981e3cd99a62ea027bf7d8a5cd3b7232c910e4a3fbec108f88c17,Q14145,-2.2749482790629068,-1.4108435312906902,0.4477187991142273,-5.425968647003174,-8.128522872924805,-6.042693138122559,-6.532394886016846,260.0,249.0,230.0,182.0
background,Q16236,U,False,False,90,OSCP1,389,6260fe49ed67e3562043851ca0f7efd68b807d259ec1e910c17a5ff9270beaa2,Q8WVF1,KEAP1,624,549dc2f31d2981e3cd99a62ea027bf7d8a5cd3b7232c910e4a3fbec108f88c17,Q14145,-1.6855719884236653,-0.10249144832293193,0.5391411185264587,-3.9958364963531494,-8.079825401306152,-4.729189395904541,-5.601617097854614,202.0,134.0,102.0,102.0
background,Q16236,U,False,False,91,CAPN9,690,e27aa2ca9796591125a0967eb88675b90287f686befcfde05120673b731752b3,O14815,KEAP1,624,549dc2f31d2981e3cd99a62ea027bf7d8a5cd3b7232c910e4a3fbec108f88c17,Q14145,-1.0444016853968303,0.49592173596223194,0.5893577933311462,-2.964653491973877,-6.067601680755615,-5.152098178863525,-4.728117783864339,117.0,73.0,43.0,45.0
background,Q16236,U,False,False,92,MSL3B,356,697358c542f4ed2e91a6608882eb8d1135ebf26480cf59e970b12374c6ceea60,P0C860,KEAP1,624,549dc2f31d2981e3cd99a62ea027bf7d8a5cd3b7232c910e4a3fbec108f88c17,Q14145,-1.1474889119466145,-1.3170894384384155,0.5865973234176636,-6.3698930740356445,-8.799551963806152,-5.768914222717285,-6.979453086853027,127.0,246.0,45.0,223.0
background,Q16236,U,False,False,93,ATF2,505,8e145d97d547b01bd427f6a785fbbf56956cb8cd845bd87236ce3480787d423c,P15336,KEAP1,624,549dc2f31d2981e3cd99a62ea027bf7d8a5cd3b7232c910e4a3fbec108f88c17,Q14145,-1.262083927790324,-1.422841231028239,0.5384433269500732,-3.273346185684204,-7.317506790161133,-5.553151607513428,-5.381334861119588,150.0,251.0,103.0,88.0
background,Q16236,U,False,False,94,GORASP2,452,caf4d85e3086d7b83a32e29a4e9da3d958ab3626c9a2e88e9a5294433643c21b,Q9H8Y8,KEAP1,624,549dc2f31d2981e3cd99a62ea027bf7d8a5cd3b7232c910e4a3fbec108f88c17,Q14145,-0.0717335691054662,0.5073453783988953,0.501652181148529,-3.197422742843628,-7.474409103393555,-5.898626804351807,-5.523486216862996,18.0,71.0,163.0,96.0
background,Q16236,U,False,False,95,SORD,357,8609467d1963a0bfe3f96740d649c68e1448b4f703454dd14f95321436432040,Q00796,KEAP1,624,549dc2f31d2981e3cd99a62ea027bf7d8a5cd3b7232c910e4a3fbec108f88c17,Q14145,-0.7953492999076843,1.062986175219218,0.6361219882965088,-2.203791856765747,-5.825259685516357,-4.338632106781006,-4.12256121635437,85.0,29.0,12.0,17.0
background,Q16236,U,False,False,96,TTYH1,450,87dd3174f408f1a7629f92d72fe777e328b6579f8248d9906d9546d2966edf4a,Q9H313,KEAP1,624,549dc2f31d2981e3cd99a62ea027bf7d8a5cd3b7232c910e4a3fbec108f88c17,Q14145,-3.492866118748983,-2.917277177174886,0.44821202754974365,-4.894466876983643,-13.159571647644043,-12.160653114318848,-10.071563879648844,298.0,299.0,227.0,297.0
background,Q16236,U,False,False,97,YTHDF3,585,ac613123bdfe3a0291f58c2670e9cd0e0ac896310f9c0a9a5710f5a2579a05cc,Q7Z739,KEAP1,624,549dc2f31d2981e3cd99a62ea027bf7d8a5cd3b7232c910e4a3fbec108f88c17,Q14145,-0.7385252515474955,0.13895434637864432,0.44814157485961914,-4.495629787445068,-6.562424659729004,-3.55711030960083,-4.871721585591634,72.0,108.0,228.0,49.0
background,Q16236,U,False,False,98,PLIN2,437,dc9d69eba11d2999d3bab62cf7d578bafd634dfc3068c5e2a77dc9fb7d6a617d,Q99541,KEAP1,624,549dc2f31d2981e3cd99a62ea027bf7d8a5cd3b7232c910e4a3fbec108f88c17,Q14145,-1.2582710981369019,-1.2321275472640991,0.377603679895401,-3.4855403900146484,-9.583145141601562,-6.530049800872803,-6.532911777496338,149.0,240.0,285.0,183.0
background,Q16236,U,False,False,99,CCDC149,474,fccc8bc6c96b51295b88a78c2909823adf43d8de252f2add469b45672ec63088,Q6ZUS6,KEAP1,624,549dc2f31d2981e3cd99a62ea027bf7d8a5cd3b7232c910e4a3fbec108f88c17,Q14145,-1.1890647610028584,-0.34015007813771564,0.5185030698776245,-4.262552261352539,-9.920358657836914,-6.776620388031006,-6.986510435740153,133.0,159.0,139.0,224.0
background,Q16236,U,False,False,100,KCNU1,1149,f9d0dcebebda33ebb58051555bb953137a0f34e1f366d30740540c5bec79940a,A8MYU2,KEAP1,624,549dc2f31d2981e3cd99a62ea027bf7d8a5cd3b7232c910e4a3fbec108f88c17,Q14145,-1.7327380577723186,-1.4913434584935505,0.5080276131629944,-4.805283546447754,-9.745452880859375,-11.235675811767578,-8.595470746358236,206.0,260.0,155.0,281.0
background,Q16236,U,False,False,101,ATF4,351,44aaa3b89f059a76f4ff72aa851a62903a233a4c0a069e6c3f106e549632fb51,P18848,KEAP1,624,549dc2f31d2981e3cd99a62ea027bf7d8a5cd3b7232c910e4a3fbec108f88c17,Q14145,-1.3864957888921101,-1.4728959798812866,0.45198148488998413,-5.478111743927002,-8.945974349975586,-5.108615398406982,-6.510900497436523,166.0,255.0,225.0,181.0
background,Q16236,U,False,False,102,LRRN2,713,7a3d057b7ac3bbb244767fb8b2d912f3fd3311301b2b697d3ba7f33ba5adb861,O75325,KEAP1,624,549dc2f31d2981e3cd99a62ea027bf7d8a5cd3b7232c910e4a3fbec108f88c17,Q14145,-2.639061689376831,-1.1436360875765483,0.5358325242996216,-2.928596019744873,-8.569028854370117,-5.3846540451049805,-5.627426306406657,281.0,234.0,108.0,106.0
background,Q16236,U,False,False,103,SMAD6,496,47980d322e4add64dd19576f4ddbe44459b3f5db10750d690060ed4f9bfc4b98,O43541,KEAP1,624,549dc2f31d2981e3cd99a62ea027bf7d8a5cd3b7232c910e4a3fbec108f88c17,Q14145,-1.0365832646687825,1.4673040509223938,0.5940486788749695,-3.275705337524414,-7.496942520141602,-4.869834899902344,-5.214160919189453,115.0,16.0,37.0,76.0
context,Q13618,U,False,False,104,PLEKHA4,779,373af9bfeb6b84b0fff2879c0f2fe6abd3f97515a3275d025d1bd3b9268ee4bd,Q9H4M7,KEAP1,624,549dc2f31d2981e3cd99a62ea027bf7d8a5cd3b7232c910e4a3fbec108f88c17,Q14145,0.031610957657297455,1.305565357208252,0.4874059855937958,-5.657534122467041,-10.824882507324219,-8.068731307983398,-8.183715979258219,13.0,19.0,181.0,273.0
context,Q13618,U,False,False,105,RRAGC,399,c5b3ddbcc5b018da3dfbc6c72fc7c5cd0ed2d7110445394d242c899815612e4e,Q9HB90,KEAP1,624,549dc2f31d2981e3cd99a62ea027bf7d8a5cd3b7232c910e4a3fbec108f88c17,Q14145,-1.5481596390406291,-0.5688644448916117,0.5083353519439697,-4.029876708984375,-10.351948738098145,-6.515972137451172,-6.965932528177897,183.0,182.0,154.0,220.0
context,Q13618,U,False,False,106,DCLK2,766,3084fcf25de5f51e6942e7495fb1bfc871a2e7e01dd721cf3ee864909896ee9e,Q8N568,KEAP1,624,549dc2f31d2981e3cd99a62ea027bf7d8a5cd3b7232c910e4a3fbec108f88c17,Q14145,-0.7744000951449076,-0.07486042380332947,0.46763327717781067,-4.976326942443848,-8.447362899780273,-7.71441125869751,-7.04603370030721,80.0,131.0,202.0,227.0
context,Q13618,U,False,False,107,PTPN9,593,185c2689bb974169f25e7fb0ecec5fd538d8f6f4c7b9a2798f614d06f9b50eac,P43378,KEAP1,624,549dc2f31d2981e3cd99a62ea027bf7d8a5cd3b7232c910e4a3fbec108f88c17,Q14145,-1.2321258385976155,0.787787675857544,0.5817670822143555,-2.897653341293335,-8.766136169433594,-6.9704084396362305,-6.21139931678772,143.0,49.0,49.0,159.0
context,Q13618,U,False,False,108,KATNB1,655,212a8881a039d489ee18c656b98c3955e63ca9552ba81a57f16e900574671997,Q9BVA0,KEAP1,624,549dc2f31d2981e3cd99a62ea027bf7d8a5cd3b7232c910e4a3fbec108f88c17,Q14145,-1.74008043607076,-0.016512195269266765,0.46612489223480225,-3.8544418811798096,-6.263675212860107,-7.737013339996338,-5.951710144678752,207.0,123.0,205.0,139.0
context,Q13618,U,False,False,109,KAT5,513,eab7999e15fa6b35ac389ae18305ee0b7b448f9dcd393d24fe066e20c60ffdc5,Q92993,KEAP1,624,549dc2f31d2981e3cd99a62ea027bf7d8a5cd3b7232c910e4a3fbec108f88c17,Q14145,-1.3419503768285115,0.8798755804697672,0.6112672686576843,-4.067498683929443,-5.28980016708374,-3.1681506633758545,-4.17514983812968,162.0,40.0,26.0,18.0
context,Q13618,U,False,False,110,PLEKHM3,761,0445fc095acfe542635d8792c686cdfa70aa9c578368a390979a4839519d3e08,Q6ZWE6,KEAP1,624,549dc2f31d2981e3cd99a62ea027bf7d8a5cd3b7232c910e4a3fbec108f88c17,Q14145,-0.8242413997650146,0.2965155045191447,0.4728225767612457,-6.030703067779541,-7.888648986816406,-6.529068946838379,-6.816140333811442,89.0,95.0,197.0,209.0
context,Q13618,U,False,False,111,LRWD1,647,f2ccb318640b54d6f2af835d12fee0d676d7ffd174e8662f66521d5f3dcb5f41,Q9UFC0,KEAP1,624,549dc2f31d2981e3cd99a62ea027bf7d8a5cd3b7232c910e4a3fbec108f88c17,Q14145,-0.9953703880310059,1.0037405093510945,0.5213568210601807,-3.4545533657073975,-4.441650867462158,-3.145693302154541,-3.6806325117746987,111.0,32.0,132.0,7.0
context,Q13618,U,False,False,112,PUM2,1066,ce2c05287395b2074a1b926a54c17cce93ccc6595614a3ab2df84602d354dae8,Q8TB72,KEAP1,624,549dc2f31d2981e3cd99a62ea027bf7d8a5cd3b7232c910e4a3fbec108f88c17,Q14145,-0.28336042165756226,0.9704209168752035,0.4412843883037567,-2.292041778564453,-8.374649047851562,-1.2337933778762817,-3.9668280680974326,32.0,35.0,237.0,12.0
context,Q13618,U,False,False,113,BLTP3B,1464,0c4cab91a3af49e600c6bb6e42cfbc863d9fe02fcb44d3cdc1b0e6be211e87cf,A0JNW5,KEAP1,624,549dc2f31d2981e3cd99a62ea027bf7d8a5cd3b7232c910e4a3fbec108f88c17,Q14145,-1.2453200022379558,-1.1908300916353862,0.44297197461128235,-4.368082046508789,-7.917133808135986,-7.226107597351074,-6.503774483998616,145.0,238.0,236.0,180.0
context,Q13618,U,False,False,114,MAGED1,778,3b2f1299b31c8630fdb9450de41b6feafcf08c04d9b08a482d18360043f8ebdb,Q9Y5V3,KEAP1,624,549dc2f31d2981e3cd99a62ea027bf7d8a5cd3b7232c910e4a3fbec108f88c17,Q14145,-0.9531413515408834,0.9016901652018229,0.42829734086990356,-3.9355480670928955,-5.127943992614746,-3.641225814819336,-4.234905958175659,104.0,39.0,248.0,20.0
context,Q13618,U,False,False,115,CEP68,757,6fd703ae4a11204d6ecf97696d775b2cc1091c097f963c6f3978d7e4e41929ab,Q76N32,KEAP1,624,549dc2f31d2981e3cd99a62ea027bf7d8a5cd3b7232c910e4a3fbec108f88c17,Q14145,-0.6077719529469808,0.9344383180141449,0.4449854791164398,-4.498157024383545,-9.054409980773926,-6.231494426727295,-6.594687143961589,57.0,37.0,233.0,188.0
context,Q13618,U,False,False,116,TCF25,676,f2b6ff56ea0c059e22151ccfbbca36def7d96f42256547369fc2e1e8547c231c,Q9BQ70,KEAP1,624,549dc2f31d2981e3cd99a62ea027bf7d8a5cd3b7232c910e4a3fbec108f88c17,Q14145,-0.5719080766042074,0.6737264196077982,0.47552990913391113,-3.9837543964385986,-9.938315391540527,-5.894148826599121,-6.605406204859416,52.0,59.0,193.0,189.0
context,Q13618,U,False,False,117,SAMD4B,694,e1a98b4563768588044394b5aba35d44898759a0a5939a49e660114c6de3c09a,Q5PRF9,KEAP1,624,549dc2f31d2981e3cd99a62ea027bf7d8a5cd3b7232c910e4a3fbec108f88c17,Q14145,-0.6510210037231445,0.8527050813039144,0.5473004579544067,-4.273762226104736,-9.079182624816895,-4.125099182128906,-5.826014677683513,61.0,43.0,92.0,125.0
context,Q13618,U,False,False,118,SYMPK,1274,c789633dcae94f1348602f9e9fca0698ed3b6e053f82262f816006aeffa454eb,Q92797,KEAP1,624,549dc2f31d2981e3cd99a62ea027bf7d8a5cd3b7232c910e4a3fbec108f88c17,Q14145,-1.9184122482935588,0.053176303704579674,0.5574222207069397,-5.504588603973389,-6.905646324157715,-7.540492057800293,-6.650242328643799,223.0,118.0,77.0,194.0
context,Q13618,U,False,False,119,ACTR5,607,545307279b14df12ec1c2fdfcf46c4026b8d16dbe5a9bccdc3c51e5a16f12390,Q9H9F9,KEAP1,624,549dc2f31d2981e3cd99a62ea027bf7d8a5cd3b7232c910e4a3fbec108f88c17,Q14145,-2.115523020426432,-0.7315431237220764,0.47134843468666077,-4.794620037078857,-8.029598236083984,-6.5756306648254395,-6.466616312662761,241.0,201.0,199.0,177.0
context,Q13618,U,False,False,120,CELF2,508,4529d3032953499582b8bec8d19afc061cb89f1bbf7cafd1012e089197cf1d76,O95319,KEAP1,624,549dc2f31d2981e3cd99a62ea027bf7d8a5cd3b7232c910e4a3fbec108f88c17,Q14145,-1.7986029386520386,-1.288827896118164,0.42812275886535645,-3.9815514087677,-5.094244003295898,-3.2615764141082764,-4.112457275390625,211.0,244.0,249.0,16.0
context,Q13618,U,False,False,121,RCC1,421,88f9e0f78d26878c889ca6ea952934a2dc9bf31d29e7d3ce63dcf309746ec39a,P18754,KEAP1,624,549dc2f31d2981e3cd99a62ea027bf7d8a5cd3b7232c910e4a3fbec108f88c17,Q14145,-2.5401955445607505,-2.208103617032369,0.48981449007987976,-2.900878429412842,-6.095673561096191,-4.094345569610596,-4.363632520039876,273.0,287.0,177.0,25.0
context,Q13618,U,False,False,122,FBXL7,491,05ff6031aa73f243135ea730243eba8964eb53813ba2d58c3b8ae53bc4c1e668,Q9UJT9,KEAP1,624,549dc2f31d2981e3cd99a62ea027bf7d8a5cd3b7232c910e4a3fbec108f88c17,Q14145,-1.8011322816212971,-1.1284524997075398,0.5069783329963684,-3.5702998638153076,-7.802724361419678,-4.402365684509277,-5.258463303248088,212.0,233.0,157.0,80.0
context,Q13618,U,False,False,123,BCAR3,825,10e7a5cc2d97ef8e415858a686933eae2052c154d4ea4e843d30a503d4ff34cd,O75815,KEAP1,624,549dc2f31d2981e3cd99a62ea027bf7d8a5cd3b7232c910e4a3fbec108f88c17,Q14145,-1.1956849495569866,-0.025063445170720417,0.5304045677185059,-5.634278297424316,-6.582694053649902,-7.00167989730835,-6.4062174161275225,134.0,124.0,119.0,167.0
context,Q13618,U,False,False,124,PTPN12,780,7bd0b773a70588ed04a0abbd60a9862d841453cfd51da22b8f97e686bc5eb47a,Q05209,KEAP1,624,549dc2f31d2981e3cd99a62ea027bf7d8a5cd3b7232c910e4a3fbec108f88c17,Q14145,-1.9185828765233357,-0.7731967171033224,0.568687915802002,-3.9357259273529053,-9.848139762878418,-7.335625648498535,-7.039830446243286,224.0,204.0,62.0,225.0
context,Q13618,U,False,False,125,TRAPPC9,1148,5a61f38954aa3b799370045864da36ef939883af843b75c815032594060bedb3,Q96Q05,KEAP1,624,549dc2f31d2981e3cd99a62ea027bf7d8a5cd3b7232c910e4a3fbec108f88c17,Q14145,-0.6957915822664896,0.6919847726821899,0.5068009495735168,-5.872579574584961,-7.480210304260254,-5.0582990646362305,-6.137029647827148,67.0,58.0,158.0,153.0
context,Q13618,U,False,False,126,MALT1,824,07006f6f455a8ea5033763db94d09ca6ca730ec8a322959ac7fe6b489baa94e0,Q9UDY8,KEAP1,624,549dc2f31d2981e3cd99a62ea027bf7d8a5cd3b7232c910e4a3fbec108f88c17,Q14145,-0.5505866805712382,1.7605888446172078,0.6537154912948608,-2.6218159198760986,-6.850147247314453,-3.8884758949279785,-4.453479687372844,50.0,9.0,9.0,30.0
context,Q13618,U,False,False,127,MAST3,1309,c7d1c6f8a6b505f4e49ea281bc3c4a34c70ebad214c5a7ddb40c1392925f3745,O60307,KEAP1,624,549dc2f31d2981e3cd99a62ea027bf7d8a5cd3b7232c910e4a3fbec108f88c17,Q14145,-1.5155950387318928,-0.5111217101414999,0.48780739307403564,-5.341367244720459,-10.581903457641602,-7.323763847351074,-7.749011516571045,180.0,174.0,180.0,257.0
context,Q13618,U,False,False,128,FGD3,725,fc02aa4f02bc9b6d7e2e93ad80e3fa682fec90bbe31a67ebdc0e5d623dd1f93c,Q5JSP0,KEAP1,624,549dc2f31d2981e3cd99a62ea027bf7d8a5cd3b7232c910e4a3fbec108f88c17,Q14145,-1.148815631866455,-0.09828898807366689,0.5450551509857178,-4.89198112487793,-7.54801082611084,-6.860424995422363,-6.433472315470378,128.0,133.0,93.0,173.0
context,Q13618,U,False,False,129,DAZAP1,407,b0668151d67f9ed20217f32935b24fe8f06c3f2ab4f0f9968a51c3c35fb930fb,Q96EP5,KEAP1,624,549dc2f31d2981e3cd99a62ea027bf7d8a5cd3b7232c910e4a3fbec108f88c17,Q14145,-2.1013759771982827,-1.289447824160258,0.42382535338401794,-5.797621726989746,-7.773808002471924,-4.482685089111328,-6.018038272857666,240.0,245.0,253.0,143.0
context,Q13618,U,False,False,130,AURKA,403,7192d652f813d4d86f957b1edb7729c8adb429515fb591d7f4c6937a9d54dec2,O14965,KEAP1,624,549dc2f31d2981e3cd99a62ea027bf7d8a5cd3b7232c910e4a3fbec108f88c17,Q14145,-1.460994799931844,-0.6211021840572357,0.5447031259536743,-5.146389484405518,-7.884263515472412,-5.703638553619385,-6.2447638511657715,175.0,189.0,95.0,160.0
context,Q13618,U,False,False,131,TNPO2,897,31d0a778088b3e3d0eadb567f32ca967ffae1e7d8c73d35384dcafd57b5f9e03,O14787,KEAP1,624,549dc2f31d2981e3cd99a62ea027bf7d8a5cd3b7232c910e4a3fbec108f88c17,Q14145,-0.061853172878424324,1.2032623092333476,0.4649893045425415,-2.6381232738494873,-5.055703163146973,-2.7156474590301514,-3.4698246320088706,17.0,23.0,207.0,5.0
context,Q13618,U,False,False,132,BPIFB4,614,90d11dfb546fced6220637495ea5d9db20f8b495452f8c7d80aacc8535e9184a,P59827,KEAP1,624,549dc2f31d2981e3cd99a62ea027bf7d8a5cd3b7232c910e4a3fbec108f88c17,Q14145,-1.580397605895996,-0.6962750951449076,0.44759055972099304,-2.9322948455810547,-7.287914276123047,-5.211269378662109,-5.143826166788737,187.0,199.0,231.0,71.0
context,Q13618,U,False,False,133,MECOM,1230,b2bb52b4ca66455a3b8e1f5312c655a4a30ee95eca6fc2dfd0746563cc87a472,Q03112,KEAP1,624,549dc2f31d2981e3cd99a62ea027bf7d8a5cd3b7232c910e4a3fbec108f88c17,Q14145,-2.010289192199707,-1.3438621759414673,0.49753403663635254,-3.3273675441741943,-7.678122520446777,-6.205211162567139,-5.736900409062703,231.0,247.0,170.0,116.0
context,Q13618,U,False,False,134,BRIP1,1249,d496560feb8f0af54a38e759a5504311d6933453003afeaccccbf33240fe7079,Q9BX63,KEAP1,624,549dc2f31d2981e3cd99a62ea027bf7d8a5cd3b7232c910e4a3fbec108f88c17,Q14145,-1.8328039646148682,-0.5285668075084686,0.48200613260269165,-5.727292537689209,-9.148184776306152,-9.954086303710938,-8.2765212059021,214.0,176.0,186.0,274.0
context,Q13618,U,False,False,135,IFT122,1241,68533522a4a9c9457742993e10cf5a7473529d04be33eda634967fa662003915,Q9HBG6,KEAP1,624,549dc2f31d2981e3cd99a62ea027bf7d8a5cd3b7232c910e4a3fbec108f88c17,Q14145,-1.2767913341522217,-0.21913855274518332,0.49264204502105713,-3.3857061862945557,-6.8069257736206055,-7.497459411621094,-5.896697123845418,151.0,144.0,176.0,134.0
context,Q13618,U,False,False,136,UBXN11,520,aa40da640da3c93fa1defa4c51440550e84db96f4da2816823397effe32d630a,Q5T124,KEAP1,624,549dc2f31d2981e3cd99a62ea027bf7d8a5cd3b7232c910e4a3fbec108f88c17,Q14145,-0.8253185749053955,1.433609962463379,0.6694322228431702,-4.430422306060791,-5.883037567138672,-4.426634311676025,-4.913364728291829,90.0,17.0,2.0,52.0
context,Q13618,U,False,False,137,CEP83,701,ea84109a5d92a7a54cbfa17d3fc80bb6ca25edfa1d21bd53343c5c71a7c9aba2,Q9Y592,KEAP1,624,549dc2f31d2981e3cd99a62ea027bf7d8a5cd3b7232c910e4a3fbec108f88c17,Q14145,-1.5650957028071086,-0.3067030906677246,0.4721737205982208,-6.014726161956787,-9.556304931640625,-8.506223678588867,-8.02575159072876,184.0,154.0,198.0,269.0
context,Q13618,U,False,False,138,EPX,715,380a93a7225ab4c73f85ff5b41a21222a316dd12cba2885cfc86521d1e5c890a,P11678,KEAP1,624,549dc2f31d2981e3cd99a62ea027bf7d8a5cd3b7232c910e4a3fbec108f88c17,Q14145,-2.1727517445882163,-1.8252182006835938,0.5590947866439819,-3.078857183456421,-11.291754722595215,-4.403618335723877,-6.258076747258504,250.0,271.0,75.0,161.0
context,Q13618,U,False,False,139,SRRT,876,95158bcf754a88248c31f1ea3254069af8c5a068803b6291b960c2f078c6eb1f,Q9BXP5,KEAP1,624,549dc2f31d2981e3cd99a62ea027bf7d8a5cd3b7232c910e4a3fbec108f88c17,Q14145,-1.5949850877126057,-0.9862619837125143,0.4246245324611664,-4.555912494659424,-10.5044527053833,-8.376662254333496,-7.812342484792073,192.0,225.0,251.0,260.0
context,Q13618,U,False,False,140,KSR2,950,de38e2fa47352449c33aadf66adb581832bc318ff7f762ab96b7bc0fc1eca86e,Q6VAB6,KEAP1,624,549dc2f31d2981e3cd99a62ea027bf7d8a5cd3b7232c910e4a3fbec108f88c17,Q14145,-1.036290427049001,-0.7894077102343241,0.5596036911010742,-4.570596694946289,-9.231856346130371,-7.978813648223877,-7.260422229766846,114.0,206.0,74.0,240.0
context,Q13618,U,False,False,141,PICK1,415,a3bc566baab8685fe7d30aa1ed957a74debd409e26cbaa2da29ea3e3f2ab327e,Q9NRD5,KEAP1,624,549dc2f31d2981e3cd99a62ea027bf7d8a5cd3b7232c910e4a3fbec108f88c17,Q14145,-0.9617880781491598,0.5572453935941061,0.49654674530029297,-3.4115419387817383,-7.309319496154785,-9.26620864868164,-6.662356694539388,107.0,68.0,172.0,195.0
context,Q13618,U,False,False,142,FANCI,1328,30d4492f6d5545031de5842fc2a65e80952e0f9b00999615d04c535aa5b57aae,Q9NVI1,KEAP1,624,549dc2f31d2981e3cd99a62ea027bf7d8a5cd3b7232c910e4a3fbec108f88c17,Q14145,-1.9898759524027507,-1.197113831837972,0.4815230965614319,-3.4832987785339355,-7.341825008392334,-6.547769069671631,-5.790964285532634,229.0,239.0,187.0,120.0
context,Q13618,U,False,False,143,CPAP,1338,9d2e71a0250b436ad70d5739f2117a8ff9214eeb6235fca01b5fabb77b594970,Q9HC77,KEAP1,624,549dc2f31d2981e3cd99a62ea027bf7d8a5cd3b7232c910e4a3fbec108f88c17,Q14145,-1.582589586575826,-0.7250932852427164,0.5008397698402405,-4.627391815185547,-9.432075500488281,-9.28802490234375,-7.782497406005859,189.0,200.0,166.0,259.0
context,Q13618,U,False,False,144,NACC1,527,05bc95bfe8ddeb197c181dd9c93d9626a992d470d0a022b7b32a71f711fad90e,Q96RE7,KEAP1,624,549dc2f31d2981e3cd99a62ea027bf7d8a5cd3b7232c910e4a3fbec108f88c17,Q14145,-0.4803807735443115,1.3525656660397847,0.6341226100921631,-1.5164759159088135,-5.440732002258301,-4.700956344604492,-3.886054754257202,44.0,18.0,14.0,9.0
context,Q13618,U,False,False,145,SPECC1L,1117,e38588d4f5449153b674bf362c8f58f17387f1e88b5fbd1d9f9ebd61f94fd57d,Q69YQ0,KEAP1,624,549dc2f31d2981e3cd99a62ea027bf7d8a5cd3b7232c910e4a3fbec108f88c17,Q14145,-1.796717643737793,-1.2724522451559703,0.4939725399017334,-4.078986644744873,-11.201630592346191,-10.346528053283691,-8.542381763458252,210.0,243.0,175.0,279.0
context,Q13618,U,False,False,146,LMLN,647,111ed1653a4952b101fe6f40fa61ac9eef90819d4fc1d95b9df19e2815ee5c95,Q96KR4,KEAP1,624,549dc2f31d2981e3cd99a62ea027bf7d8a5cd3b7232c910e4a3fbec108f88c17,Q14145,-2.4743282794952393,-0.7331335345904032,0.5302099585533142,-4.892040252685547,-11.022289276123047,-5.557699203491211,-7.157342910766602,271.0,202.0,120.0,233.0
context,Q13618,U,False,False,147,CDKL5,960,1656eed34effe158eaaea890544cedd712a21332cf1543b4195b66c021e01a48,O76039,KEAP1,624,549dc2f31d2981e3cd99a62ea027bf7d8a5cd3b7232c910e4a3fbec108f88c17,Q14145,-1.4262967109680176,0.053686430056889854,0.4165177047252655,-2.2701170444488525,-7.650524139404297,-7.015383243560791,-5.6453414758046465,172.0,117.0,260.0,108.0
context,Q13618,U,False,False,148,PTK2,1052,673a5ff1e9eb71e9f4ce597ab556006ebebba414fa71bbe2287e813bbd3ddf7e,Q05397,KEAP1,624,549dc2f31d2981e3cd99a62ea027bf7d8a5cd3b7232c910e4a3fbec108f88c17,Q14145,-0.7468998233477274,0.7085951964060465,0.5314935445785522,-4.433644771575928,-9.45422077178955,-6.58335542678833,-6.823740323384603,76.0,57.0,117.0,210.0
context,Q13618,U,False,False,149,TUBG2,451,270a5167023eb1af3bb2f9ddc4269c819a9440d86e7501b43f9704a551923ea1,Q9NRH3,KEAP1,624,549dc2f31d2981e3cd99a62ea027bf7d8a5cd3b7232c910e4a3fbec108f88c17,Q14145,0.19267573114484549,0.7290639281272888,0.5562155842781067,-3.467552661895752,-5.347023010253906,-5.31494665145874,-4.709840774536133,8.0,54.0,80.0,42.0
context,Q13618,U,False,False,150,TBC1D13,400,124dd168626f03a9a87d79d336b653b39c5369f0c6485b60223dc51e6474e10c,Q9NVG8,KEAP1,624,549dc2f31d2981e3cd99a62ea027bf7d8a5cd3b7232c910e4a3fbec108f88c17,Q14145,-0.9363470673561096,0.6644852558771769,0.613470733165741,-4.853873252868652,-10.224268913269043,-4.187276840209961,-6.421806335449219,101.0,60.0,25.0,170.0
context,Q13618,U,False,False,151,MKRN2,416,a2dc3019026430853f4f2fe8f8ff3e55367d6e432995ba9d7d90f282fd3ff20d,Q9H000,KEAP1,624,549dc2f31d2981e3cd99a62ea027bf7d8a5cd3b7232c910e4a3fbec108f88c17,Q14145,-0.692541778087616,0.7986320654551188,0.529811680316925,-3.5293965339660645,-8.735372543334961,-5.996312141418457,-6.087027072906494,66.0,48.0,121.0,149.0
context,Q13618,U,False,False,152,DHX58,678,c9e670cb8f8b21cc31b314f8bc5c1c4ae9f33ab34a99f5cdfeb490d4e4483e0b,Q96C10,KEAP1,624,549dc2f31d2981e3cd99a62ea027bf7d8a5cd3b7232c910e4a3fbec108f88c17,Q14145,-1.8492809931437175,-0.5413593649864197,0.44777119159698486,-5.5065693855285645,-5.075220108032227,-5.335516452789307,-5.305768648783366,216.0,180.0,229.0,84.0
context,Q13618,U,False,False,153,PIK3C3,887,186511e88dbf4c9e64edd64625a3972bf50c36d60a176d909030945ac9245a48,Q8NEB9,KEAP1,624,549dc2f31d2981e3cd99a62ea027bf7d8a5cd3b7232c910e4a3fbec108f88c17,Q14145,-1.3717028697331746,0.4459510048230489,0.503102719783783,-3.045470714569092,-6.736166954040527,-6.094283580780029,-5.29197374979655,165.0,78.0,161.0,83.0
background,Q13618,U,False,False,154,PADI2,665,a058df6612aa42c44c95267e22a6ebc51dfd1ab3eb8a6660c1b98ae862817aaf,Q9Y2J8,KEAP1,624,549dc2f31d2981e3cd99a62ea027bf7d8a5cd3b7232c910e4a3fbec108f88c17,Q14145,-2.1725953022638955,0.814680020014445,0.5957210063934326,-3.9772233963012695,-6.647774696350098,-5.041000843048096,-5.221999645233154,249.0,47.0,36.0,77.0
background,Q13618,U,False,False,155,PCOLCE,449,4f2c48d06ba6bf368167f159be4ffa9a4efdfd26bb9d68b2c24ca88affe85309,Q15113,KEAP1,624,549dc2f31d2981e3cd99a62ea027bf7d8a5cd3b7232c910e4a3fbec108f88c17,Q14145,-2.574827512105306,-0.5341988603274027,0.48043355345726013,-4.587108612060547,-7.171509742736816,-8.477344512939453,-6.745320955912272,277.0,178.0,189.0,201.0
background,Q13618,U,False,False,156,ME1,572,a6ee1852f76a0ddd44b02b33038cf58d89e3131b5bef23117ff296cf89d40c8f,P48163,KEAP1,624,549dc2f31d2981e3cd99a62ea027bf7d8a5cd3b7232c910e4a3fbec108f88c17,Q14145,-0.6874860723813375,-0.03636687994003296,0.6019399762153625,-3.765587091445923,-4.511889934539795,-7.586839199066162,-5.288105408350627,64.0,125.0,33.0,82.0
background,Q13618,U,False,False,157,PRDM1,825,2d0f74fbe4b67b719ff0c37d244c583b5d4bcdccd21c5fc3b30b68afbf9f7245,O75626,KEAP1,624,549dc2f31d2981e3cd99a62ea027bf7d8a5cd3b7232c910e4a3fbec108f88c17,Q14145,-0.5604660212993622,-0.5987179577350616,0.5517516732215881,-4.6691508293151855,-7.408710479736328,-6.3506340980529785,-6.142831802368164,51.0,188.0,85.0,154.0
background,Q13618,U,False,False,158,SLC39A8,460,9e30f119773f22d9f1cb5e2ed29acc66e2177384a3815dca9ef40b68dca16df4,Q9C0K1,KEAP1,624,549dc2f31d2981e3cd99a62ea027bf7d8a5cd3b7232c910e4a3fbec108f88c17,Q14145,-3.9669481118520102,-2.801381508509318,0.41904833912849426,-5.25244140625,-10.78873348236084,-10.486771583557129,-8.84264882405599,301.0,297.0,259.0,285.0
background,Q13618,U,False,False,159,PASD1,773,d423a4f5f667882e4b095c5c7a2543b7028cd97cd7e54057fa903fc5b6e7d7a1,Q8IV76,KEAP1,624,549dc2f31d2981e3cd99a62ea027bf7d8a5cd3b7232c910e4a3fbec108f88c17,Q14145,-1.7006664276123047,-0.5785946547985077,0.5381808876991272,-3.0954394340515137,-7.407599449157715,-5.911454200744629,-5.471497694651286,204.0,184.0,104.0,92.0
background,Q13618,U,False,False,160,PTPRJ,1337,04e69cd2f66153581190cf72fc27a709fec4d451072fde718c545ccc994353db,Q12913,KEAP1,624,549dc2f31d2981e3cd99a62ea027bf7d8a5cd3b7232c910e4a3fbec108f88c17,Q14145,-2.1479071776072183,-0.15412190556526184,0.5284472703933716,-4.34556245803833,-6.8604817390441895,-9.133272171020508,-6.779772122701009,246.0,140.0,124.0,204.0
background,Q13618,U,False,False,161,HHLA2,414,ef806bfbd9f8385ce32459020313a83813a98252a92413d41616fc8834fc3575,Q9UM44,KEAP1,624,549dc2f31d2981e3cd99a62ea027bf7d8a5cd3b7232c910e4a3fbec108f88c17,Q14145,-2.5587551593780518,-2.041912396748861,0.4869994819164276,-5.729759216308594,-8.621570587158203,-8.239240646362305,-7.530190149943034,275.0,284.0,182.0,250.0
background,Q13618,U,False,False,162,DRD5,477,84f03c7918b76c7e07d3b922a5793387567de20fd8792bd18d405d3f61dee66c,P21918,KEAP1,624,549dc2f31d2981e3cd99a62ea027bf7d8a5cd3b7232c910e4a3fbec108f88c17,Q14145,-3.430110057195028,-3.7333358923594155,0.4668246805667877,-4.220595836639404,-10.228300094604492,-7.300867080688477,-7.249921003977458,297.0,301.0,204.0,239.0
background,Q13618,U,False,False,163,ATP5F1A,553,d2d8c3d2c73136d875adcac6d11c10cf6b9974790f8be0466fddffb27f010a71,P25705,KEAP1,624,549dc2f31d2981e3cd99a62ea027bf7d8a5cd3b7232c910e4a3fbec108f88c17,Q14145,-1.6401699384053547,-1.3465041319529216,0.4544696509838104,-3.8233590126037598,-6.041626930236816,-10.858160018920898,-6.907715320587158,195.0,248.0,218.0,217.0
background,Q13618,U,False,False,164,COL23A1,540,c08a3a011ad4000904a1fcd44829e1b8fb1207504a3ccf8187c45ab0831afb17,Q86Y22,KEAP1,624,549dc2f31d2981e3cd99a62ea027bf7d8a5cd3b7232c910e4a3fbec108f88c17,Q14145,-2.4482767581939697,-1.8913386662801106,0.40310096740722656,-4.539833068847656,-9.91693115234375,-9.128045082092285,-7.8616031010945635,270.0,278.0,271.0,264.0
background,Q13618,U,False,False,165,AP3M2,418,c675b145dc5ce50ab7aa50de8b4b6ce3d2aaf038c9650bb6654094bb356da234,P53677,KEAP1,624,549dc2f31d2981e3cd99a62ea027bf7d8a5cd3b7232c910e4a3fbec108f88c17,Q14145,-1.1086767514546711,-0.9431000550587972,0.420041561126709,-4.647719860076904,-6.916205883026123,-6.0253190994262695,-5.863081614176433,122.0,218.0,258.0,129.0
background,Q13618,U,False,False,166,DIAPH3,1193,4a6efa56cabbb1f5f8f1aee2c4003ea084324d2416f8a8af5e3c4674793bb8a8,Q9NSV4,KEAP1,624,549dc2f31d2981e3cd99a62ea027bf7d8a5cd3b7232c910e4a3fbec108f88c17,Q14145,-2.329563935597738,-0.5763474504152933,0.5343786478042603,-5.387556552886963,-7.361336708068848,-7.664475440979004,-6.8044562339782715,264.0,183.0,113.0,208.0
background,Q13618,U,False,False,167,KCNAB3,404,bf947ce9a46b0fdacf031d0e3642d018513fd23ca12800311b74f03d26388362,O43448,KEAP1,624,549dc2f31d2981e3cd99a62ea027bf7d8a5cd3b7232c910e4a3fbec108f88c17,Q14145,-0.7507062753041586,-0.4794325629870097,0.5883254408836365,-1.5262037515640259,-7.10815954208374,-6.6766510009765625,-5.103671431541443,77.0,170.0,44.0,67.0
background,Q13618,U,False,False,168,HRH4,390,f9e4438a973a786f57d02eedc556f473ed5c6c4884d83dba60819418c48036d5,Q9H3N8,KEAP1,624,549dc2f31d2981e3cd99a62ea027bf7d8a5cd3b7232c910e4a3fbec108f88c17,Q14145,-4.03352149327596,-4.345724900563558,0.45636647939682007,-5.432502269744873,-10.030525207519531,-12.179533004760742,-9.214186827341715,302.0,303.0,215.0,289.0
background,Q13618,U,False,False,169,FLRT1,674,87ad08564d620041503cc3caf124e53599c6d298f9a56e2b621c1c0d51b46b74,Q9NZU1,KEAP1,624,549dc2f31d2981e3cd99a62ea027bf7d8a5cd3b7232c910e4a3fbec108f88c17,Q14145,-3.094238042831421,-1.9152864217758179,0.5018102526664734,-4.559628963470459,-11.034358978271484,-9.606086730957031,-8.400024890899658,291.0,279.0,162.0,275.0
background,Q13618,U,False,False,170,PAFAH1B1,410,2e7f2f9f7d4a28eecec9af34f9b5a3070d9e8ec9d07448b8ad631181e09bcd79,P43034,KEAP1,624,549dc2f31d2981e3cd99a62ea027bf7d8a5cd3b7232c910e4a3fbec108f88c17,Q14145,-2.1472370624542236,-1.095681498448054,0.4510078430175781,-2.5770370960235596,-4.219356536865234,-6.142361164093018,-4.3129182656606035,245.0,230.0,226.0,23.0
background,Q13618,U,False,False,171,FYB1,783,19a41a5872b8fe0eb392eb8fb8ce4ecd7bb0793f15892e1e720cf5a81520f86e,O15117,KEAP1,624,549dc2f31d2981e3cd99a62ea027bf7d8a5cd3b7232c910e4a3fbec108f88c17,Q14145,-2.6295597553253174,-1.8142433563868205,0.41389504075050354,-3.5127196311950684,-10.664999961853027,-7.967483043670654,-7.381734212239583,280.0,270.0,264.0,244.0
background,Q13618,U,False,False,172,NFATC3,1075,2ce845714755cb72155e7738c05cdf32f78bdef587c5b2cbe45c705db38f90d8,Q12968,KEAP1,624,549dc2f31d2981e3cd99a62ea027bf7d8a5cd3b7232c910e4a3fbec108f88c17,Q14145,-0.08994935421893994,1.1881717840830486,0.657302737236023,-3.859459400177002,-5.434720516204834,-3.9794623851776123,-4.424547433853149,20.0,25.0,5.0,28.0
background,Q13618,U,False,False,173,KIAA1958,716,502173bc0c02ba4bab2159d20babdcfb2143013f6ac3cdadee75b12559b91f54,Q8N8K9,KEAP1,624,549dc2f31d2981e3cd99a62ea027bf7d8a5cd3b7232c910e4a3fbec108f88c17,Q14145,-2.048112988471985,0.05973738431930542,0.5331506729125977,-4.686488628387451,-7.9808197021484375,-5.214718341827393,-5.960675557454427,234.0,115.0,116.0,140.0
background,Q13618,U,False,False,174,GIT1,761,46a2eb68e5fbb8822a5b5688cf50546b1312169353db02c4008be9a967abab29,Q9Y2X7,KEAP1,624,549dc2f31d2981e3cd99a62ea027bf7d8a5cd3b7232c910e4a3fbec108f88c17,Q14145,-1.5812636613845825,-0.7889246344566345,0.5238250494003296,-4.665555477142334,-6.3561272621154785,-8.198258399963379,-6.4066470464070635,188.0,205.0,128.0,168.0
background,Q13618,U,False,False,175,ZDHHC17,632,5a78d64babb6e04df4e7a36f77a4fcfa4d63e19b8bf0b8f09591a51fb5f87810,Q8IUH5,KEAP1,624,549dc2f31d2981e3cd99a62ea027bf7d8a5cd3b7232c910e4a3fbec108f88c17,Q14145,-1.228766640027364,-2.2733143965403237,0.3827429711818695,-4.606325149536133,-9.885066032409668,-7.925140380859375,-7.472177187601726,142.0,291.0,284.0,246.0
background,Q13618,U,False,False,176,GPRASP2,838,162e7b4effad782fe89cae163311322a32e19f5043b34327d8bdf201b2dfebad,Q96D09,KEAP1,624,549dc2f31d2981e3cd99a62ea027bf7d8a5cd3b7232c910e4a3fbec108f88c17,Q14145,-1.4097003539403279,-9.948015213012695e-05,0.4692758619785309,-5.285398483276367,-8.230143547058105,-7.013646125793457,-6.84306271870931,170.0,122.0,201.0,214.0
background,Q13618,U,False,False,177,TSGA10,698,6ec87b19cbf8867217987993ea13868934090d266c76a70851666f9c8fe72973,Q9BZW7,KEAP1,624,549dc2f31d2981e3cd99a62ea027bf7d8a5cd3b7232c910e4a3fbec108f88c17,Q14145,-0.9084000587463379,0.7538623809814453,0.5134311318397522,-4.557023525238037,-5.969904899597168,-5.610391139984131,-5.379106521606445,98.0,51.0,146.0,87.0
background,Q13618,U,False,False,178,SOWAHB,793,f66185278755dad11fce2a5b90e3199331170e3893a4f264817bb015258f18f2,A6NEL2,KEAP1,624,549dc2f31d2981e3cd99a62ea027bf7d8a5cd3b7232c910e4a3fbec108f88c17,Q14145,0.1666490137577057,1.7265942494074504,0.6270167827606201,-4.455345630645752,-6.623571395874023,-7.219905376434326,-6.099607467651367,9.0,10.0,17.0,150.0
background,Q13618,U,False,False,179,CSGALNACT2,542,9566a7e49510b778389615ffa3c00551151aaa16168c95a38857acfa049b4245,Q8N6G5,KEAP1,624,549dc2f31d2981e3cd99a62ea027bf7d8a5cd3b7232c910e4a3fbec108f88c17,Q14145,-2.2458670934041343,-1.023926357428233,0.34386858344078064,-5.1500139236450195,-13.161663055419922,-14.161062240600586,-10.824246406555176,256.0,228.0,295.0,303.0
background,Q13618,U,False,False,180,KRT84,600,1002e3ef3f3391b28c9ebb3e7a49aa327a5c98c27678b3697c8f5993e324c3d5,Q9NSB2,KEAP1,624,549dc2f31d2981e3cd99a62ea027bf7d8a5cd3b7232c910e4a3fbec108f88c17,Q14145,-0.9889924923578898,0.5020796457926432,0.5626488327980042,-5.666092395782471,-8.200187683105469,-5.1248602867126465,-6.330380121866862,110.0,72.0,70.0,164.0
background,Q13618,U,False,False,181,DCP1A,582,5a9b197a62a06caa05d97b98034e94a9e90ef1024aba2c865b51ad7d48492653,Q9NPI6,KEAP1,624,549dc2f31d2981e3cd99a62ea027bf7d8a5cd3b7232c910e4a3fbec108f88c17,Q14145,-0.9778769214948019,-0.6382361451784769,0.47046661376953125,-5.214269638061523,-8.096295356750488,-6.393623352050781,-6.568062782287598,109.0,190.0,200.0,186.0
background,Q13618,U,False,False,182,ADRA2C,462,6cafcb7b73cd4a888a56672f7918414880d65496ffaf95ec385ae03d299e5862,P18825,KEAP1,624,549dc2f31d2981e3cd99a62ea027bf7d8a5cd3b7232c910e4a3fbec108f88c17,Q14145,-1.6631252368291218,-1.4242487649122875,0.4305959641933441,-3.23077654838562,-8.704597473144531,-6.603203773498535,-6.1795259316762285,201.0,252.0,244.0,157.0
background,Q13618,U,False,False,183,PCDHGA4,962,7d251e67f534a474a9505c33d657d18c381527c447da2be313c3fcd7e9d1da6b,Q9Y5G9,KEAP1,624,549dc2f31d2981e3cd99a62ea027bf7d8a5cd3b7232c910e4a3fbec108f88c17,Q14145,-0.6319212913513184,1.0880955855051677,0.4205848276615143,-3.4017417430877686,-3.716337203979492,-9.219525337219238,-5.445868094762166,60.0,28.0,257.0,91.0
background,Q13618,U,False,False,184,CSPG5,566,65b8c35c46fdff5660391db1f6a8c14c662694d20269fa1fe87e2f3a736302be,O95196,KEAP1,624,549dc2f31d2981e3cd99a62ea027bf7d8a5cd3b7232c910e4a3fbec108f88c17,Q14145,-2.256547133127848,-2.780983646710714,0.32787349820137024,-6.621268272399902,-12.729397773742676,-12.186527252197266,-10.512397766113281,258.0,296.0,298.0,302.0
background,Q13618,U,False,False,185,RAP1GAP,663,22d5574218c2d4914bd8a69c13385cb543275c2e9098cc2c502843f77f130fce,P47736,KEAP1,624,549dc2f31d2981e3cd99a62ea027bf7d8a5cd3b7232c910e4a3fbec108f88c17,Q14145,-2.0431301991144815,-0.03682108720143636,0.5229646563529968,-3.7312519550323486,-6.43215799331665,-7.214163303375244,-5.792524417241414,233.0,126.0,130.0,121.0
background,Q13618,U,False,False,186,CD96,585,c3f8d02e406c92cd3383b809d83bcf884dab5fe9cf103dd8fc0ff52b1be8e2b8,P40200,KEAP1,624,549dc2f31d2981e3cd99a62ea027bf7d8a5cd3b7232c910e4a3fbec108f88c17,Q14145,-2.2984118461608887,-1.8768198887507122,0.40590694546699524,-5.854707717895508,-8.694640159606934,-9.871840476989746,-8.140396118164062,261.0,275.0,268.0,272.0
background,Q13618,U,False,False,187,LUC7L2,392,4888fdd8250c46df273491f16f70c9da7cc0d172b32119269915247ef9685660,Q9Y383,KEAP1,624,549dc2f31d2981e3cd99a62ea027bf7d8a5cd3b7232c910e4a3fbec108f88c17,Q14145,-1.9386415481567383,-1.6066428422927856,0.35744982957839966,-5.0971479415893555,-9.754549026489258,-8.826446533203125,-7.892714500427246,226.0,266.0,292.0,268.0
background,Q13618,U,False,False,188,GJA8,433,1ef49bb4e8c199886d30513d45f62ac78fca8d6d7cb6f8e2692562e9fbccf373,P48165,KEAP1,624,549dc2f31d2981e3cd99a62ea027bf7d8a5cd3b7232c910e4a3fbec108f88c17,Q14145,-2.170555353164673,-2.1103299856185913,0.41469359397888184,-4.171994686126709,-11.515731811523438,-12.157563209533691,-9.281763235727945,248.0,285.0,262.0,291.0
background,Q13618,U,False,False,189,TFRC,760,c6a44b119bef130274a956ef9023aa7b51713ae3ba54bf0da32d5ebdbf133834,P02786,KEAP1,624,549dc2f31d2981e3cd99a62ea027bf7d8a5cd3b7232c910e4a3fbec108f88c17,Q14145,-2.640691598256429,-1.8906964461008708,0.4216141402721405,-5.769249439239502,-12.98074722290039,-10.268643379211426,-9.672880013783773,282.0,277.0,256.0,293.0
background,Q13618,U,False,False,190,NSD2,1365,f6dcc93f9cc56631d70ae1a3534f6573cce6303fd5ed840e032480672c7964d6,O96028,KEAP1,624,549dc2f31d2981e3cd99a62ea027bf7d8a5cd3b7232c910e4a3fbec108f88c17,Q14145,-0.8581358790397644,-0.6557085315386454,0.47571468353271484,-5.866824626922607,-11.381294250488281,-9.983811378479004,-9.07731008529663,94.0,193.0,192.0,287.0
background,Q13618,U,False,False,191,EDC4,1401,1af15452c39e7a8313910ef62a564b95a77affbbb99d208c30e1e49b27f0b27d,Q6P2E9,KEAP1,624,549dc2f31d2981e3cd99a62ea027bf7d8a5cd3b7232c910e4a3fbec108f88c17,Q14145,-0.47075532873471576,1.991814414660136,0.5155353546142578,-3.8962104320526123,-7.32372522354126,-3.8596742153167725,-5.026536623636882,43.0,7.0,143.0,59.0
background,Q13618,U,False,False,192,USP6,1406,2f40b69877e0c1e3d8ec297f740282689ce2cc01c6c2c89c20ac1ae051172ca0,P35125,KEAP1,624,549dc2f31d2981e3cd99a62ea027bf7d8a5cd3b7232c910e4a3fbec108f88c17,Q14145,-0.14112852389613786,1.6126500765482585,0.5010603070259094,-3.9805407524108887,-9.395210266113281,-6.445250034332275,-6.607000350952148,21.0,13.0,165.0,190.0
background,Q13618,U,False,False,193,PALM3,673,1a158a0ba65fb3127500a75e9b2f2c739f7563684bf904e84249b3179db86062,A6NDB9,KEAP1,624,549dc2f31d2981e3cd99a62ea027bf7d8a5cd3b7232c910e4a3fbec108f88c17,Q14145,-1.3652620315551758,-0.6849900782108307,0.4142040014266968,-2.996540069580078,-9.728103637695312,-7.420180797576904,-6.714941501617432,164.0,196.0,263.0,198.0
background,Q13618,U,False,False,194,DGKK,1271,405d91ca6c9ef9044478c33932562be0c5aa3243e16be09c7446f692290c36fb,Q5KSL6,KEAP1,624,549dc2f31d2981e3cd99a62ea027bf7d8a5cd3b7232c910e4a3fbec108f88c17,Q14145,-1.175980766614278,-0.5486611723899841,0.5370085835456848,-4.2844038009643555,-11.021061897277832,-10.723506927490234,-8.676324208577475,130.0,181.0,107.0,283.0
background,Q13618,U,False,False,195,MCF2,925,5658c50efda459be9edb30717a055f256ce6f3b50679a0d6ea9618056e3a6897,P10911,KEAP1,624,549dc2f31d2981e3cd99a62ea027bf7d8a5cd3b7232c910e4a3fbec108f88c17,Q14145,-0.9739997784296671,0.3283449014027913,0.51602703332901,-4.46811580657959,-5.728400230407715,-6.620052337646484,-5.605522791544597,108.0,89.0,142.0,104.0
background,Q13618,U,False,False,196,SLC12A9,914,01c9ef0b0d1d7baaddcefdae572b4b7e48e356be5ff6bda70ec44619270d35f4,Q9BXP2,KEAP1,624,549dc2f31d2981e3cd99a62ea027bf7d8a5cd3b7232c910e4a3fbec108f88c17,Q14145,-2.5058932304382324,-1.511583725611369,0.3270430266857147,-5.301486968994141,-13.944308280944824,-10.480684280395508,-9.90882651011149,272.0,262.0,299.0,296.0
background,Q13618,U,False,False,197,WNT10A,417,5f649dbdfcc251f3bd8b2ce6ba81fd64b24438b624d3b1f6ec7e3c8a171eb29d,Q9GZT5,KEAP1,624,549dc2f31d2981e3cd99a62ea027bf7d8a5cd3b7232c910e4a3fbec108f88c17,Q14145,-2.14371128877004,0.05649834871292114,0.37195175886154175,-3.49800443649292,-7.2873454093933105,-3.906202793121338,-4.8971842130025225,244.0,116.0,286.0,51.0
background,Q13618,U,False,False,198,MAN1A2,641,1f5756ae925bdd1871af22fd2c39340b3069fcb4a81c266d452b3c2159c37d95,O60476,KEAP1,624,549dc2f31d2981e3cd99a62ea027bf7d8a5cd3b7232c910e4a3fbec108f88c17,Q14145,-1.8338758150736492,-0.8250566720962524,0.27925992012023926,-4.063263893127441,-13.323968887329102,-10.852311134338379,-9.41318130493164,215.0,209.0,303.0,292.0
background,Q13618,U,False,False,199,TARS3,802,14cf8c5117cdd3d1f5e594c521275a8b1cd846b708b4d6f5cad5c985be94a7c0,A2RTX5,KEAP1,624,549dc2f31d2981e3cd99a62ea027bf7d8a5cd3b7232c910e4a3fbec108f88c17,Q14145,-1.4564979473749797,0.2915954887866974,0.5350006818771362,-3.2118213176727295,-7.825023651123047,-6.986866474151611,-6.007903814315796,174.0,97.0,111.0,142.0
background,Q13618,U,False,False,200,ANGPT1,498,9161753d4a3aed6dd365d4dd67f36b96eeaee3eb7d9c43f362bdea5378fd569b,Q15389,KEAP1,624,549dc2f31d2981e3cd99a62ea027bf7d8a5cd3b7232c910e4a3fbec108f88c17,Q14145,-1.5848443110783894,-0.401373823483785,0.48805198073387146,-3.59971022605896,-10.876279830932617,-9.023038864135742,-7.833009640375773,190.0,165.0,179.0,261.0
background,Q13618,U,False,False,201,SIN3A,1273,364a65f974373b6a00d555f7b6fba788e14e676e4cf607f6d5ac77fb43f4ff3b,Q96ST3,KEAP1,624,549dc2f31d2981e3cd99a62ea027bf7d8a5cd3b7232c910e4a3fbec108f88c17,Q14145,-1.2368452548980713,-0.26885998249053955,0.5510870814323425,-4.479940414428711,-8.082778930664062,-5.572831153869629,-6.045183499654134,144.0,148.0,86.0,144.0
background,Q13618,U,False,False,202,CEP78,689,93212784c653eab20016d38244f9a5efb342f5d580266000e3238980b5debbf4,Q5JTW2,KEAP1,624,549dc2f31d2981e3cd99a62ea027bf7d8a5cd3b7232c910e4a3fbec108f88c17,Q14145,-1.651696801185608,-0.5961919327576956,0.5520705580711365,-5.497231960296631,-10.381570816040039,-8.326074600219727,-8.068292458852133,199.0,186.0,84.0,270.0
background,Q13618,U,False,False,203,C2orf81,582,4c4338001ab70bf1c37de60b0b57e404983f40c1f81a2e13fbfee72068e196fe,A6NN90,KEAP1,624,549dc2f31d2981e3cd99a62ea027bf7d8a5cd3b7232c910e4a3fbec108f88c17,Q14145,-1.4156996011734009,0.5904104510943095,0.3932958245277405,-5.475550651550293,-6.506872653961182,-9.574607849121094,-7.1856770515441895,171.0,64.0,278.0,236.0
context,Q13501,U,False,False,204,HLCS,726,934089f16fa6cece54b0a4b64a14b01da87c0615ad986b69b13daac95f46a8eb,P50747,KEAP1,624,549dc2f31d2981e3cd99a62ea027bf7d8a5cd3b7232c910e4a3fbec108f88c17,Q14145,-1.2150685389836628,-0.10709695021311443,0.5372162461280823,-4.095006942749023,-6.49041223526001,-6.541752338409424,-5.709057172139485,137.0,135.0,106.0,115.0
context,Q13501,U,False,False,205,ENKUR,256,86a19d49ff5cf4d03f2fbace8267cde8829235160e749339f228f7dd23e03b59,Q8TC29,KEAP1,624,549dc2f31d2981e3cd99a62ea027bf7d8a5cd3b7232c910e4a3fbec108f88c17,Q14145,-1.586287260055542,-0.9508440891901652,0.49719473719596863,-3.4442429542541504,-5.296313762664795,-5.6214399337768555,-4.787332216898601,191.0,219.0,171.0,47.0
context,Q13501,U,False,False,206,TAX1BP1,789,18e1f56bd26227487fda0ea960d1aa8aa11eea1ab88ba097494b8a1587447132,Q86VP1,KEAP1,624,549dc2f31d2981e3cd99a62ea027bf7d8a5cd3b7232c910e4a3fbec108f88c17,Q14145,-0.6613611280918121,1.6946247816085815,0.5613037943840027,-3.5063021183013916,-3.175964117050171,-1.7957160472869873,-2.82599409421285,62.0,11.0,72.0,1.0
context,Q13501,U,False,False,207,MTMR2,643,736a6deb04093a15ea58af8a7e02a771f719138621d8a2107bec1a19fe2db4c4,Q13614,KEAP1,624,549dc2f31d2981e3cd99a62ea027bf7d8a5cd3b7232c910e4a3fbec108f88c17,Q14145,-1.0381327072779338,0.5561649600664774,0.540206789970398,-3.2948784828186035,-9.123473167419434,-5.725161075592041,-6.047837575276692,116.0,69.0,100.0,145.0
context,Q13501,U,False,False,208,PARD6B,372,acf18a9d07c9951d3351d57e563d9b151473cec5e74566c43edd4ebf80bdccf7,Q9BYG5,KEAP1,624,549dc2f31d2981e3cd99a62ea027bf7d8a5cd3b7232c910e4a3fbec108f88c17,Q14145,-0.9372614820798238,0.042006472746531166,0.5372917652130127,-4.738132953643799,-6.62407112121582,-5.632537841796875,-5.664913972218831,102.0,121.0,105.0,112.0
context,Q13501,U,False,False,209,EPHX2,555,1c9241b56a619d629499ed1269bc3662f154bd72a3a25f047061c832e374af14,P34913,KEAP1,624,549dc2f31d2981e3cd99a62ea027bf7d8a5cd3b7232c910e4a3fbec108f88c17,Q14145,-1.2994747559229534,0.12784384687741598,0.5572129487991333,-2.7357006072998047,-8.513778686523438,-5.858356952667236,-5.702612082163493,154.0,109.0,78.0,114.0
context,Q13501,U,False,False,210,DDX6,483,7936a5a915944e44b9feaf803400283988ea53c14d877e78053209f31b7c85e6,P26196,KEAP1,624,549dc2f31d2981e3cd99a62ea027bf7d8a5cd3b7232c910e4a3fbec108f88c17,Q14145,-2.7603861490885415,-1.8451680342356365,0.4634198844432831,-3.352633237838745,-7.25382661819458,-6.195483207702637,-5.600647687911987,284.0,272.0,208.0,101.0
context,Q13501,U,False,False,211,CRTC2,693,86d4bf1618351293a3ac92f9f6aea3191580260c9829187f2305f554863f4b01,Q53ET0,KEAP1,624,549dc2f31d2981e3cd99a62ea027bf7d8a5cd3b7232c910e4a3fbec108f88c17,Q14145,-0.39668378233909607,0.4201430082321167,0.39373672008514404,-6.764799118041992,-8.901607513427734,-3.323093891143799,-6.329833507537842,36.0,81.0,277.0,163.0
context,Q13501,U,False,False,212,PRSS37,235,9c70fefddb813628516ad571e1a2d44f31b7b294eb8325eceb5e12f6e7785f5f,A4D1T9,KEAP1,624,549dc2f31d2981e3cd99a62ea027bf7d8a5cd3b7232c910e4a3fbec108f88c17,Q14145,-3.0955374240875244,-2.226942777633667,0.5833569765090942,-4.259801387786865,-7.899112701416016,-7.339505672454834,-6.499473253885905,292.0,289.0,47.0,179.0
context,Q13501,U,False,False,213,IER5,327,042723429109f7e8fd79a7193eba0ef976501af0972d7388a064a32d339aca84,Q5VY09,KEAP1,624,549dc2f31d2981e3cd99a62ea027bf7d8a5cd3b7232c910e4a3fbec108f88c17,Q14145,-2.081181287765503,0.44718297322591144,0.5581395626068115,-4.450244903564453,-7.326953887939453,-3.2593374252319336,-5.012178738911946,237.0,77.0,76.0,57.0
context,Q13501,U,False,False,214,HNRNPK,463,d50486ee0e1541e0b5cc55502add877912624ce009897e19c42ac0e1ca74c32a,P61978,KEAP1,624,549dc2f31d2981e3cd99a62ea027bf7d8a5cd3b7232c910e4a3fbec108f88c17,Q14145,-1.57796577612559,-0.9292084376017252,0.5072178244590759,-4.572094440460205,-8.887874603271484,-9.427220344543457,-7.629063129425049,186.0,216.0,156.0,252.0
context,Q13501,U,False,False,215,NDOR1,597,abc9f96c6b2e2db222c6e55e050d98cc972512ce3f88ea6be9cb2d56aadbf358,Q9UHB4,KEAP1,624,549dc2f31d2981e3cd99a62ea027bf7d8a5cd3b7232c910e4a3fbec108f88c17,Q14145,-1.118025044600169,0.509991466999054,0.5686739087104797,-3.7120938301086426,-4.477356433868408,-2.040919542312622,-3.410123268763224,124.0,70.0,63.0,4.0
context,Q13501,U,False,False,216,CRNN,495,479f1aecb40c2336a6f8ecde891bbaffd9c95b06af702aab454e7e00f2a7a787,Q9UBG3,KEAP1,624,549dc2f31d2981e3cd99a62ea027bf7d8a5cd3b7232c910e4a3fbec108f88c17,Q14145,-0.7450209458669027,-0.6503934462865194,0.42890357971191406,-4.537741661071777,-6.980792999267578,-6.847711086273193,-6.122081915537517,74.0,191.0,246.0,152.0
context,Q13501,U,False,False,217,IKZF3,509,9fdc8c03c6b4713b7f1df55f9e135ee219bd1ddf2aa3b0197fcacd45ea846980,Q9UKT9,KEAP1,624,549dc2f31d2981e3cd99a62ea027bf7d8a5cd3b7232c910e4a3fbec108f88c17,Q14145,-0.6305199364821116,-0.23690682649612427,0.5440977215766907,-4.427349090576172,-6.68074893951416,-5.935742378234863,-5.681280136108398,59.0,145.0,96.0,113.0
context,Q13501,U,False,False,218,RBM38,239,97a739f8ab68dcb02851d68026cbd493869c3186efd0da2bd0a38e413a118ef3,Q9H0Z9,KEAP1,624,549dc2f31d2981e3cd99a62ea027bf7d8a5cd3b7232c910e4a3fbec108f88c17,Q14145,-1.056723992029826,0.274305800596873,0.4990241527557373,-4.067862510681152,-7.2483296394348145,-3.960054636001587,-5.092082262039185,119.0,101.0,168.0,65.0
context,Q13501,U,False,False,219,NFKBIE,500,8a574d1cc16d54b5ef9bcd69a970dd3246a8ccba95e21684fd5c7e7e0094b4f0,O00221,KEAP1,624,549dc2f31d2981e3cd99a62ea027bf7d8a5cd3b7232c910e4a3fbec108f88c17,Q14145,-0.03406306356191635,0.3784577548503876,0.5861560106277466,-4.080123424530029,-6.380762100219727,-3.4978063106536865,-4.652897278467814,15.0,84.0,46.0,39.0
context,Q13501,U,False,False,220,ATP6V1E1,226,419fcf67c8bf20d2694540c33a32d9865546c08026795151312fb818c30a0435,P36543,KEAP1,624,549dc2f31d2981e3cd99a62ea027bf7d8a5cd3b7232c910e4a3fbec108f88c17,Q14145,-3.100313107172648,-1.5480380455652873,0.4744700789451599,-5.996547698974609,-7.375396728515625,-6.775784492492676,-6.715909639994304,293.0,263.0,194.0,199.0
context,Q13501,U,False,False,221,SERPINB13,391,e777b73622378463907b82989c1098572d89782dcbadb5c67b6f7295c67d702a,Q9UIV8,KEAP1,624,549dc2f31d2981e3cd99a62ea027bf7d8a5cd3b7232c910e4a3fbec108f88c17,Q14145,-2.8489524523417153,-0.7996367812156677,0.5635883808135986,-1.6151304244995117,-6.285773277282715,-5.300565719604492,-4.400489807128906,287.0,207.0,67.0,27.0
context,Q13501,U,False,False,222,CFAP184,555,b281508e9a86895e8f2eeb66d949e6965748b8e8feaaf9f6a7c7e1d80c4a3251,Q2M329,KEAP1,624,549dc2f31d2981e3cd99a62ea027bf7d8a5cd3b7232c910e4a3fbec108f88c17,Q14145,-1.8539702892303467,-1.804437796274821,0.4356463849544525,-7.447306156158447,-10.637449264526367,-12.310808181762695,-10.13185453414917,217.0,269.0,241.0,298.0
context,Q13501,U,False,False,223,MAP2K6,334,de9ec681ea51b9c4fc73401fedf2e829c2e2202c2903c4de357ed45eb5f57aef,P52564,KEAP1,624,549dc2f31d2981e3cd99a62ea027bf7d8a5cd3b7232c910e4a3fbec108f88c17,Q14145,-0.6792852083841959,0.7288320859273275,0.5205739736557007,-3.31242299079895,-6.951813697814941,-5.219785690307617,-5.161340792973836,63.0,55.0,133.0,74.0
context,Q13501,U,False,False,224,FNBP1,617,b8ac7c6e8b9bf54ed283f5acb95b9df2ed321a890a0b1390424114fa6d2e4f84,Q96RU3,KEAP1,624,549dc2f31d2981e3cd99a62ea027bf7d8a5cd3b7232c910e4a3fbec108f88c17,Q14145,-0.9470927119255066,0.35405129194259644,0.5254277586936951,-2.455625295639038,-9.413311958312988,-6.312294006347656,-6.0604104200998945,103.0,85.0,127.0,147.0
context,Q13501,U,False,False,225,RSPH9,276,166ae70904fdc86f80454303629a3b3646cac483de1230453b5638fe9ebf0118,Q9H1X1,KEAP1,624,549dc2f31d2981e3cd99a62ea027bf7d8a5cd3b7232c910e4a3fbec108f88c17,Q14145,-2.555433432261149,0.0513836940129598,0.5226229429244995,-4.974213600158691,-6.59289026260376,-5.867506504058838,-5.81153678894043,274.0,119.0,131.0,123.0
context,Q13501,U,False,False,226,LYPLA2,231,e3749bde9b791031f6735341131ebda5ed348b86c98b3f28bbe26d68db328cad,O95372,KEAP1,624,549dc2f31d2981e3cd99a62ea027bf7d8a5cd3b7232c910e4a3fbec108f88c17,Q14145,-0.3320009112358093,-0.5238577326138815,0.5642408132553101,-2.6657564640045166,-6.564598560333252,-4.952484607696533,-4.727613210678101,34.0,175.0,65.0,44.0
context,Q13501,U,False,False,227,SEC14L1,715,c737eea3184c62dee8ad4cdf2d13e8fdb97dcd71de0ccd049a70da36732bbf0b,Q92503,KEAP1,624,549dc2f31d2981e3cd99a62ea027bf7d8a5cd3b7232c910e4a3fbec108f88c17,Q14145,-0.1525617092847824,0.5949540833632151,0.5132988691329956,-2.818211793899536,-8.660110473632812,-8.210983276367188,-6.563101847966512,22.0,63.0,147.0,185.0
context,Q13501,U,False,False,228,AKAP10,662,f8c2392867dd64b550976c9dcca0f67307c99dea5f91ad78780b94097a539689,O43572,KEAP1,624,549dc2f31d2981e3cd99a62ea027bf7d8a5cd3b7232c910e4a3fbec108f88c17,Q14145,-1.2152467568715413,-0.4469677011171977,0.5998678207397461,-6.551307678222656,-8.476655006408691,-7.396633625030518,-7.474865436553955,138.0,168.0,35.0,247.0
context,Q13501,U,False,False,229,RPS6KA3,740,49fe047bcbcb31e41253f9377715ec6f0c7987bb8362e25ebcd09b4ef0afaf83,P51812,KEAP1,624,549dc2f31d2981e3cd99a62ea027bf7d8a5cd3b7232c910e4a3fbec108f88c17,Q14145,-1.3169633150100708,-0.12628984451293945,0.46326252818107605,-4.8064799308776855,-8.911947250366211,-7.200709819793701,-6.973045667012532,157.0,137.0,209.0,222.0
context,Q13501,U,False,False,230,DVL2,736,90587a8e00cab6c11929a3d317c68c9411e81aed6a27a8be8b5e607f373bb7c7,O14641,KEAP1,624,549dc2f31d2981e3cd99a62ea027bf7d8a5cd3b7232c910e4a3fbec108f88c17,Q14145,1.6767644087473552,2.669507702191671,0.5127679109573364,-4.518196105957031,-4.811522960662842,-3.6375699043273926,-4.322429656982422,1.0,2.0,150.0,24.0
context,Q13501,U,False,False,231,AHRR,697,5ff5c2ff91b73deeb437d0da361afe1d08acd07eb8b278f1d0257e0248d74451,A9YTQ3,KEAP1,624,549dc2f31d2981e3cd99a62ea027bf7d8a5cd3b7232c910e4a3fbec108f88c17,Q14145,-0.274675577878952,0.8478673497835795,0.5701735615730286,-4.744146347045898,-4.625081539154053,-4.084226131439209,-4.484484672546387,28.0,44.0,60.0,35.0
context,Q13501,U,False,False,232,ADK,362,6cd3aee22d199615898a07909fd0479facea78313c4edb840380494eb27305e0,P55263,KEAP1,624,549dc2f31d2981e3cd99a62ea027bf7d8a5cd3b7232c910e4a3fbec108f88c17,Q14145,-1.2206722497940063,0.2957969804604848,0.617694616317749,-3.054201602935791,-6.515873432159424,-7.396406173706055,-5.65549373626709,140.0,96.0,24.0,110.0
context,Q13501,U,False,False,233,KHDC4,614,b6528885b55b24942319bc08d5eea208120c41a7dbf64496659698c59b3d8649,Q7Z7F0,KEAP1,624,549dc2f31d2981e3cd99a62ea027bf7d8a5cd3b7232c910e4a3fbec108f88c17,Q14145,-0.8558629155158997,-0.7671495676040649,0.46277400851249695,-5.315617561340332,-4.98057222366333,-3.6601438522338867,-4.652111212412517,93.0,203.0,210.0,38.0
context,Q13501,U,False,False,234,MAB21L2,359,67439b85d8d50e7e2b4f9abf93875e22b1b3993405fa66a711943e516bed4453,Q9Y586,KEAP1,624,549dc2f31d2981e3cd99a62ea027bf7d8a5cd3b7232c910e4a3fbec108f88c17,Q14145,-2.0493955612182617,-0.1351503332455953,0.6555400490760803,-4.246328830718994,-10.973572731018066,-8.44407844543457,-7.887993335723877,235.0,139.0,7.0,267.0
context,Q13501,U,False,False,235,TP53RK,253,23614e5b0071e80e643d95e7442a5951c9e37c7104bba22334d651d1da0ebc2e,Q96S44,KEAP1,624,549dc2f31d2981e3cd99a62ea027bf7d8a5cd3b7232c910e4a3fbec108f88c17,Q14145,-2.9460291862487793,-0.49747711420059204,0.5355855226516724,-5.244583606719971,-9.356098175048828,-4.656044960021973,-6.418908913930257,288.0,173.0,110.0,169.0
context,Q13501,U,False,False,236,DUSP9,384,0b3449583136fb146f231966341c00f0fb87511f9af66a8d3417c6831028a492,Q99956,KEAP1,624,549dc2f31d2981e3cd99a62ea027bf7d8a5cd3b7232c910e4a3fbec108f88c17,Q14145,-0.44108761350313824,0.47453242540359497,0.607421875,-3.9899027347564697,-4.965853214263916,-2.9195728302001953,-3.9584429264068604,38.0,75.0,28.0,11.0
context,Q13501,U,False,False,237,KIFC2,838,b1fc7346399b0586859cfc51df4a13f4bb2179428ae69f3baf8f20b357678c05,Q96AC6,KEAP1,624,549dc2f31d2981e3cd99a62ea027bf7d8a5cd3b7232c910e4a3fbec108f88c17,Q14145,1.036994496981303,2.651151259740194,0.4529625475406647,-4.843959331512451,-7.538702487945557,-8.145722389221191,-6.842794736226399,2.0,3.0,223.0,213.0
context,Q13501,U,False,False,238,CELF1,486,1a7e28eba1e5711d9b953401fe14921803dcb867e1d9fd755cf108195cc15de1,Q92879,KEAP1,624,549dc2f31d2981e3cd99a62ea027bf7d8a5cd3b7232c910e4a3fbec108f88c17,Q14145,-1.2086272239685059,-0.9753504594167074,0.435964435338974,-3.7406880855560303,-4.9562249183654785,-3.23557448387146,-3.9774958292643228,135.0,223.0,240.0,13.0
context,Q13501,U,False,False,239,BKGD,315,fa8d8f3a7d0fbbd10732a5cac519ced6b4c85e750ed905c7d8cac59be42a3782,Q9H0W9,KEAP1,624,549dc2f31d2981e3cd99a62ea027bf7d8a5cd3b7232c910e4a3fbec108f88c17,Q14145,-2.5774633089701333,0.4375437945127487,0.6051943302154541,-3.1954257488250732,-5.5523247718811035,-4.102736949920654,-4.283495823542277,278.0,80.0,29.0,21.0
context,Q13501,U,False,False,240,PYCR2,320,94d11aadeb80d736df907a833dec6665b7c9883cc6be8e6467b46b7ba5382ca2,Q96C36,KEAP1,624,549dc2f31d2981e3cd99a62ea027bf7d8a5cd3b7232c910e4a3fbec108f88c17,Q14145,-2.2540008227030435,-0.19249072670936584,0.5643284916877747,-3.569659471511841,-6.616538047790527,-4.934675693511963,-5.04029107093811,257.0,141.0,64.0,62.0
context,Q13501,U,False,False,241,GSTT2,244,0404379877fed2b0a266d76f928eae7fbe3e0a15896940b779d4ed99ef7542d4,P0CG29,KEAP1,624,549dc2f31d2981e3cd99a62ea027bf7d8a5cd3b7232c910e4a3fbec108f88c17,Q14145,-0.5012507339318594,-0.5982857743899027,0.5272589325904846,-5.172591686248779,-5.5005011558532715,-5.945723056793213,-5.539605299631755,47.0,187.0,125.0,98.0
context,Q13501,U,False,False,242,PABPN1L,278,0ca00e2a6ca4f94607260d0fdaaaa2c50033f6ae018fb49070843903e9fc6148,A6NDY0,KEAP1,624,549dc2f31d2981e3cd99a62ea027bf7d8a5cd3b7232c910e4a3fbec108f88c17,Q14145,-1.0952629645665486,-0.21721755464871725,0.3938635289669037,-5.332278251647949,-5.4674248695373535,-6.100294589996338,-5.63333257039388,121.0,143.0,276.0,107.0
context,Q13501,U,False,False,243,NCK2,380,70aa174a44771812cb4fb908fdb291708f563e2126dd377493b5cbbeef5ecd79,O43639,KEAP1,624,549dc2f31d2981e3cd99a62ea027bf7d8a5cd3b7232c910e4a3fbec108f88c17,Q14145,0.11644888669252396,1.0360973676045735,0.5204740762710571,-2.7017993927001953,-5.303792953491211,-4.616926670074463,-4.20750633875529,11.0,31.0,134.0,19.0
context,Q13501,U,False,False,244,GTPBP1,669,a057ad479cadabbe0557daa0e855773276a898d5bd0706525a7cd289e40f94d2,O00178,KEAP1,624,549dc2f31d2981e3cd99a62ea027bf7d8a5cd3b7232c910e4a3fbec108f88c17,Q14145,-1.3933945894241333,-0.33755116661389667,0.5420128107070923,-3.8036749362945557,-9.193394660949707,-5.861553192138672,-6.2862075964609785,169.0,158.0,99.0,162.0
context,Q13501,U,False,False,245,RSPH3,560,b940f6c65912fe94dd1e4b60aa4fcaf5df317cdb761e054536ef27405121e3d2,Q86UC2,KEAP1,624,549dc2f31d2981e3cd99a62ea027bf7d8a5cd3b7232c910e4a3fbec108f88c17,Q14145,-0.6050829986731211,0.33725043137868244,0.41546931862831116,-5.187072277069092,-9.775920867919922,-10.837136268615723,-8.600043137868246,56.0,88.0,261.0,282.0
context,Q13501,U,False,False,246,MISP,679,f3c8a7ae87a1b63716dd600774163197a7e512d53e2d756cbddd1b5e2f81ccbf,Q8IVT2,KEAP1,624,549dc2f31d2981e3cd99a62ea027bf7d8a5cd3b7232c910e4a3fbec108f88c17,Q14145,-0.6000460684299469,0.9441476464271545,0.36723434925079346,-4.40500545501709,-3.975850820541382,-5.590326309204102,-4.657060861587524,54.0,36.0,288.0,40.0
context,Q13501,U,False,False,247,FXR2,673,1a2821727315a18e0dab52c63977c30e8c4be712b2c0a966774171ce3ce5d3da,P51116,KEAP1,624,549dc2f31d2981e3cd99a62ea027bf7d8a5cd3b7232c910e4a3fbec108f88c17,Q14145,-0.6022062202294668,0.34152870376904804,0.4611814320087433,-5.238773345947266,-8.181416511535645,-8.065589904785156,-7.1619265874226885,55.0,86.0,213.0,234.0
context,Q13501,U,False,False,248,PRMT9,845,dc360328575b9e20eedb15c573041f6e34ff82ceeaa46c64f32a1f1d8e1837dc,Q6P2P2,KEAP1,624,549dc2f31d2981e3cd99a62ea027bf7d8a5cd3b7232c910e4a3fbec108f88c17,Q14145,-1.2811933954556782,-0.3950248559315999,0.5286279916763306,-3.789332628250122,-6.420799732208252,-5.777417182922363,-5.329183181126912,153.0,163.0,123.0,85.0
context,Q13501,U,False,False,249,GCK,465,48ae6d5533dd7faf386b768e3da89f009ee6678a330e57c47be85385d5aca664,P35557,KEAP1,624,549dc2f31d2981e3cd99a62ea027bf7d8a5cd3b7232c910e4a3fbec108f88c17,Q14145,-1.5768279631932576,-0.3319489558537801,0.5600779056549072,-4.217092514038086,-6.514552116394043,-4.615349292755127,-5.115664641062419,185.0,156.0,73.0,69.0
context,Q13501,U,False,False,250,MARK2,788,e4bd16877129fb7b2877b5ad567ccdaef2a44e1a339c24b88a864640d72c0543,Q7KZI7,KEAP1,624,549dc2f31d2981e3cd99a62ea027bf7d8a5cd3b7232c910e4a3fbec108f88c17,Q14145,-0.6138850152492523,0.12306435902913411,0.4840429127216339,-3.029014825820923,-7.279538631439209,-6.957100868225098,-5.755218108495076,58.0,110.0,184.0,119.0
context,Q13501,U,False,False,251,NCBP3,620,7f21c89f92a6502f356d83204513fb43fd94e59f6e4ba9bb315c7784e17cc062,Q53F19,KEAP1,624,549dc2f31d2981e3cd99a62ea027bf7d8a5cd3b7232c910e4a3fbec108f88c17,Q14145,-0.9577817320823669,-1.1765929063161213,0.422590434551239,-5.610791206359863,-8.882428169250488,-7.141363143920898,-7.211527506510417,106.0,236.0,254.0,237.0
context,Q13501,U,False,False,252,ARHGEF25,580,9df098a97c879d6a9f5c671a7a4ca5f0e81982dc808dce8666969ca292bcbac7,Q86VW2,KEAP1,624,549dc2f31d2981e3cd99a62ea027bf7d8a5cd3b7232c910e4a3fbec108f88c17,Q14145,-0.27734749019145966,1.5166759888331096,0.5426831841468811,-3.5049569606781006,-7.00639009475708,-7.196232795715332,-5.902526617050171,29.0,15.0,98.0,135.0
context,Q13501,U,False,False,253,NHERF4,571,873b36daf2df67ffa21d7e911b8d4cd143615301cf5b3d9e04c8934dfd418603,Q86UT5,KEAP1,624,549dc2f31d2981e3cd99a62ea027bf7d8a5cd3b7232c910e4a3fbec108f88c17,Q14145,-0.16772453797360262,1.248037834962209,0.513130247592926,-3.5040085315704346,-5.932637691497803,-4.4426727294921875,-4.626439650853475,23.0,21.0,148.0,37.0
background,Q13501,U,False,False,254,KIAA0930,404,9f2694cae6f51d7d2f09f2fbfbea049c1b3d007f596232a497317b94ce642bba,Q6ICG6,KEAP1,624,549dc2f31d2981e3cd99a62ea027bf7d8a5cd3b7232c910e4a3fbec108f88c17,Q14145,-0.7147223552068075,0.730042576789856,0.5479071140289307,-4.5775675773620605,-8.02280330657959,-8.63865852355957,-7.079676469167073,70.0,53.0,90.0,228.0
background,Q13501,U,False,False,255,CHDH,594,fa596bdc9675d9eda30a22c41a2ae8e65ff86656f408f283f83d226270383aa2,Q8NE62,KEAP1,624,549dc2f31d2981e3cd99a62ea027bf7d8a5cd3b7232c910e4a3fbec108f88c17,Q14145,-1.1838863293329875,-0.32127833366394043,0.5500162243843079,-4.733962059020996,-6.66961145401001,-6.103158473968506,-5.835577328999837,132.0,155.0,88.0,127.0
background,Q13501,U,False,False,256,IGF2BP3,579,f4773c1f8040890d506a167b70759e2a084bbfa1c1606db2ba105c4878e4c798,O00425,KEAP1,624,549dc2f31d2981e3cd99a62ea027bf7d8a5cd3b7232c910e4a3fbec108f88c17,Q14145,-2.303619146347046,-1.4549589554468791,0.4284697473049164,-5.627839088439941,-6.4427266120910645,-8.132491111755371,-6.734352270762126,262.0,254.0,247.0,200.0
background,Q13501,U,False,False,257,RAB3IL1,382,e9a68feb48290b004abc29cceff548426ae7fa8eb932e6773fbd8f071ee99d0a,Q8TBN0,KEAP1,624,549dc2f31d2981e3cd99a62ea027bf7d8a5cd3b7232c910e4a3fbec108f88c17,Q14145,-0.4545840223630269,0.566087524096171,0.5635557770729065,-5.6120500564575195,-7.916172027587891,-4.131069183349609,-5.886430422465007,41.0,67.0,68.0,133.0
background,Q13501,U,False,False,258,GTF2A1L,478,b5cd89c3ad2883e576cbfb516500c73b131f3f80d9b71bbbf129aaead88a8f2d,Q9UNN4,KEAP1,624,549dc2f31d2981e3cd99a62ea027bf7d8a5cd3b7232c910e4a3fbec108f88c17,Q14145,-1.7570805152257283,-0.2577587862809499,0.4743618965148926,-5.181789398193359,-6.546538352966309,-4.963608264923096,-5.563978672027588,208.0,147.0,195.0,100.0
background,Q13501,U,False,False,259,G3BP1,466,1143032ea0038400688e26047cdfdaf01adc090181ae8c9805e5826fd7ac630f,Q13283,KEAP1,624,549dc2f31d2981e3cd99a62ea027bf7d8a5cd3b7232c910e4a3fbec108f88c17,Q14145,-0.2775235374768575,0.47109177708625793,0.45451998710632324,-2.9149997234344482,-6.505270481109619,-6.027531623840332,-5.149267276128133,30.0,76.0,217.0,72.0
background,Q13501,U,False,False,260,CORO6,472,ae6ae2071689fea46ae0fc113b308b77c1fc8f04cba9389b6406980906ec57ee,Q6QEF8,KEAP1,624,549dc2f31d2981e3cd99a62ea027bf7d8a5cd3b7232c910e4a3fbec108f88c17,Q14145,-0.7672811349232992,0.5755388935407003,0.42186611890792847,-2.499934196472168,-6.008732795715332,-5.228106498718262,-4.578924496968587,79.0,65.0,255.0,36.0
background,Q13501,U,False,False,261,RPIA,311,5ad5399d1a84fdafdba5cc7ff111dd73534cdfde03ed272b47f06b27464e42a2,P49247,KEAP1,624,549dc2f31d2981e3cd99a62ea027bf7d8a5cd3b7232c910e4a3fbec108f88c17,Q14145,-0.4545438090960185,2.5437397162119546,0.5803465843200684,-3.1249568462371826,-4.509144306182861,-2.3798863887786865,-3.3379958470662436,40.0,4.0,53.0,3.0
background,Q13501,U,False,False,262,ALX1,326,fbb8ed909ca2e7ae5937829acb4d030b696ce8f5964a3e33681bc3f199286619,Q15699,KEAP1,624,549dc2f31d2981e3cd99a62ea027bf7d8a5cd3b7232c910e4a3fbec108f88c17,Q14145,0.675105075041453,0.818820575873057,0.5730162262916565,-3.8519675731658936,-4.5381927490234375,-3.8646247386932373,-4.0849283536275225,3.0,46.0,58.0,15.0
background,Q13501,U,False,False,263,GPR107,600,c002ab95ddd9087601de3a097f0787b378d915df81a42a5aeae2d74bae04a68a,Q5VW38,KEAP1,624,549dc2f31d2981e3cd99a62ea027bf7d8a5cd3b7232c910e4a3fbec108f88c17,Q14145,-2.7830117543538413,-2.0194700558980307,0.3991052508354187,-5.327001571655273,-12.825135231018066,-13.342583656311035,-10.498240152994791,285.0,283.0,273.0,301.0
background,Q13501,U,False,False,264,ERP29,261,76cbcea37e59bfdb67e7eb17fb49350058cfb96becc32735b77f5296b506913a,P30040,KEAP1,624,549dc2f31d2981e3cd99a62ea027bf7d8a5cd3b7232c910e4a3fbec108f88c17,Q14145,-2.130350033442179,-0.9304172595342001,0.4675125777721405,-4.810127258300781,-11.032018661499023,-11.087267875671387,-8.976471265157064,243.0,217.0,203.0,286.0
background,Q13501,U,False,False,265,TMOD2,351,35dd271cd43108a5c7201db8f4bab7e1897a2eb306022ac365ba0d3aac23ff7a,Q9NZR1,KEAP1,624,549dc2f31d2981e3cd99a62ea027bf7d8a5cd3b7232c910e4a3fbec108f88c17,Q14145,-2.2337607542673745,-1.850793759028117,0.4244406819343567,-4.5292887687683105,-8.349413871765137,-6.4773335456848145,-6.452012062072754,254.0,273.0,252.0,175.0
background,Q13501,U,False,False,266,IFI16,785,8da7aeb7d92addd7376ad018e3010e5cd9adf7c274681b6fdea0ec66c2131ce8,Q16666,KEAP1,624,549dc2f31d2981e3cd99a62ea027bf7d8a5cd3b7232c910e4a3fbec108f88c17,Q14145,-1.4888724486033122,0.11300688982009888,0.5348819494247437,-5.370070934295654,-8.620161056518555,-6.495145797729492,-6.8284592628479,178.0,113.0,112.0,211.0
background,Q13501,U,False,False,267,HOXB2,356,1d782ae5104d518d5bf9f6e1c45179e95933e8ca27278f05990b51a6dd6b3539,P14652,KEAP1,624,549dc2f31d2981e3cd99a62ea027bf7d8a5cd3b7232c910e4a3fbec108f88c17,Q14145,-0.9060011307398478,0.38313037157058716,0.5233238935470581,-5.372189998626709,-10.008332252502441,-5.963903903961182,-7.114808718363444,97.0,83.0,129.0,230.0
background,Q13501,U,False,False,268,TEAD4,434,da1a6fa53c530f50e7ee49f5abeb5391aa96639a6de854b40f177873dabdbc61,Q15561,KEAP1,624,549dc2f31d2981e3cd99a62ea027bf7d8a5cd3b7232c910e4a3fbec108f88c17,Q14145,-0.7749234239260355,0.5670609871546427,0.6309158205986023,-3.5228521823883057,-6.880794048309326,-5.893748760223389,-5.432464996973674,81.0,66.0,15.0,90.0
background,Q13501,U,False,False,269,ZNF774,483,ba9fd260c917c3a9e0061946185498b5f3ec964239fdce1350af13d49550256b,Q6NX45,KEAP1,624,549dc2f31d2981e3cd99a62ea027bf7d8a5cd3b7232c910e4a3fbec108f88c17,Q14145,-2.360926946004232,-1.8869651953379314,0.5187557339668274,-4.915683269500732,-5.4867262840271,-6.830015182495117,-5.744141578674316,267.0,276.0,138.0,118.0
background,Q13501,U,False,False,270,ADAM8,824,8e87e8e1e301ce334c2a35a68a3ed36ec66a52c77ae99eaaac0812b52d38a812,P78325,KEAP1,624,549dc2f31d2981e3cd99a62ea027bf7d8a5cd3b7232c910e4a3fbec108f88c17,Q14145,-0.853606641292572,0.44458504517873126,0.4325335621833801,-4.228753089904785,-9.011009216308594,-7.635870456695557,-6.9585442543029785,92.0,79.0,243.0,219.0
background,Q13501,U,False,False,271,KNSTRN,316,ff50d3706aca83a81048a94eebf77bd7a757ff6aee2b7a2dfa9089b1a19d827b,Q9Y448,KEAP1,624,549dc2f31d2981e3cd99a62ea027bf7d8a5cd3b7232c910e4a3fbec108f88c17,Q14145,-0.7104495962460836,-0.3836209575335185,0.5752367377281189,-4.36074686050415,-7.96405029296875,-7.535244464874268,-6.62001387278239,69.0,162.0,56.0,191.0
background,Q13501,U,False,False,272,GFPT2,682,0f1936ea932c0858d9aef2fbfac5afda718660c20c5b887835ee5a4601bb1760,O94808,KEAP1,624,549dc2f31d2981e3cd99a62ea027bf7d8a5cd3b7232c910e4a3fbec108f88c17,Q14145,-2.2098793983459473,-0.8301532566547394,0.6186452507972717,-5.2635297775268555,-7.200411796569824,-7.399900913238525,-6.621280829111735,253.0,211.0,21.0,192.0
background,Q13501,U,False,False,273,WDR5B,330,55879b07085b88761e28bee552ba13c686eaada5184d981862d1e7fe63cf0789,Q86VZ2,KEAP1,624,549dc2f31d2981e3cd99a62ea027bf7d8a5cd3b7232c910e4a3fbec108f88c17,Q14145,-1.8561668793360393,-0.9088771144549052,0.48671719431877136,-1.7847473621368408,-6.088992118835449,-4.188704490661621,-4.020814657211304,218.0,215.0,183.0,14.0
background,Q13501,U,False,False,274,BMP3,472,1c1bbc9c1c7138e6486fd07acd1d9432c35e72888a1cf987f9449c59ba77d26b,P12645,KEAP1,624,549dc2f31d2981e3cd99a62ea027bf7d8a5cd3b7232c910e4a3fbec108f88c17,Q14145,-1.2526246706644695,-0.20707464218139648,0.5202487111091614,-3.2433135509490967,-7.827533721923828,-7.46068000793457,-6.177175760269165,148.0,142.0,135.0,155.0
background,Q13501,U,False,False,275,KLK8,260,8ee0e8d5f91eb4ad6331af0cd8c29af4240f1e0d78af2d4d6ca915b083d7cdff,O60259,KEAP1,624,549dc2f31d2981e3cd99a62ea027bf7d8a5cd3b7232c910e4a3fbec108f88c17,Q14145,-3.3977203369140625,-2.285064478715261,0.5739176869392395,-2.924574851989746,-8.42011547088623,-6.608018398284912,-5.984236240386963,296.0,292.0,57.0,141.0
background,Q13501,U,False,False,276,SP140L,580,50d17afd876a073929cf54293e87e73e5c28273d459ae8e3725c5248aa51cf71,Q9H930,KEAP1,624,549dc2f31d2981e3cd99a62ea027bf7d8a5cd3b7232c910e4a3fbec108f88c17,Q14145,-1.2810567220052083,0.3060407042503357,0.6540894508361816,-6.167055130004883,-7.547101020812988,-6.960949897766113,-6.891702016194661,152.0,94.0,8.0,216.0
background,Q13501,U,False,False,277,LRPAP1,357,f8a9f35b8bf3e634a060814076a1445786c088e3e620768d2293cb723fcdadde,P30533,KEAP1,624,549dc2f31d2981e3cd99a62ea027bf7d8a5cd3b7232c910e4a3fbec108f88c17,Q14145,-1.65790061155955,-1.4899874528249104,0.31930315494537354,-5.219054698944092,-7.87822961807251,-7.404444217681885,-6.833909511566162,200.0,259.0,301.0,212.0
background,Q13501,U,False,False,278,RAB20,234,84d413cd9fe088f9e7f287fc7351afff9d07dc883cfd06b4b864a3782efdb823,Q9NX57,KEAP1,624,549dc2f31d2981e3cd99a62ea027bf7d8a5cd3b7232c910e4a3fbec108f88c17,Q14145,-1.6276147762934368,-1.187683880329132,0.5474537014961243,-6.635283470153809,-7.3770856857299805,-9.138976097106934,-7.717115084330241,194.0,237.0,91.0,256.0
background,Q13501,U,False,False,279,OSTM1,334,1a2f96c9df5017653644b6cd26374b7d08f9dc624ae296b1648cdb1aa47095de,Q86WC4,KEAP1,624,549dc2f31d2981e3cd99a62ea027bf7d8a5cd3b7232c910e4a3fbec108f88c17,Q14145,-2.6277894973754883,-2.143293539683024,0.40071073174476624,-4.6053996086120605,-11.320940017700195,-10.46570873260498,-8.797349452972412,279.0,286.0,272.0,284.0
background,Q13501,U,False,False,280,ASB17,295,62db473c381018e56fec422dab2fbdb721f9fb0d5bf5566a0d7f75471d5842a7,Q8WXJ9,KEAP1,624,549dc2f31d2981e3cd99a62ea027bf7d8a5cd3b7232c910e4a3fbec108f88c17,Q14145,-2.404759963353475,-1.6573646863301594,0.6198039650917053,-3.204674482345581,-7.517851829528809,-6.992527008056641,-5.905017773310344,269.0,267.0,19.0,137.0
background,Q13501,U,False,False,281,MYBPH,477,d3b4d4aafa0f3f445eaa909366f2525b6edbde65a93889147144233b998e894a,Q13203,KEAP1,624,549dc2f31d2981e3cd99a62ea027bf7d8a5cd3b7232c910e4a3fbec108f88c17,Q14145,-2.3382200400034585,-0.5882491072018942,0.6095467805862427,-4.1638593673706055,-6.781813144683838,-4.565860271453857,-5.170510927836101,265.0,185.0,27.0,75.0
background,Q13501,U,False,False,282,MPG,298,5458b85388810180b89d4537bcb7c49bb945ba0531e69b178728ace9e87f57cb,P29372,KEAP1,624,549dc2f31d2981e3cd99a62ea027bf7d8a5cd3b7232c910e4a3fbec108f88c17,Q14145,-0.2552583695699771,1.9264180262883503,0.5564346313476562,-3.6021904945373535,-7.245314121246338,-4.886917591094971,-5.244807402292888,27.0,8.0,79.0,79.0
background,Q13501,U,False,False,283,GPATCH11,285,60935118174a6b898acfbfff3c5d32e9a0bb91293e99ceb11fa2aa205f3ba2f4,Q8N954,KEAP1,624,549dc2f31d2981e3cd99a62ea027bf7d8a5cd3b7232c910e4a3fbec108f88c17,Q14145,-1.776600440343221,-1.1266799966494243,0.5167608261108398,-4.295156478881836,-9.042780876159668,-5.937239170074463,-6.425058841705322,209.0,232.0,141.0,171.0
background,Q13501,U,False,False,284,CYP4V2,525,7168692d582a751c0d38a93392255948de4638366096ead8e5c5ce3e49e5a555,Q6ZWL3,KEAP1,624,549dc2f31d2981e3cd99a62ea027bf7d8a5cd3b7232c910e4a3fbec108f88c17,Q14145,-0.8662798404693604,-1.4894030888875325,0.5100033283233643,-3.8669166564941406,-8.193324089050293,-5.761817455291748,-5.940686066945394,96.0,258.0,152.0,138.0
background,Q13501,U,False,False,285,ISL1,349,468178c31192403559027f17a995d18d84c2ff7b711558d4e47892a06dce6505,P61371,KEAP1,624,549dc2f31d2981e3cd99a62ea027bf7d8a5cd3b7232c910e4a3fbec108f88c17,Q14145,0.4821993211905162,1.1932173172632854,0.6571773886680603,-5.04770040512085,-6.29438591003418,-3.6747186183929443,-5.005601644515991,6.0,24.0,6.0,56.0
background,Q13501,U,False,False,286,NEUROD1,356,bf810187d4abe4c3225c09e66ac8870d607d82b8c568624875999ed3735a7c47,Q13562,KEAP1,624,549dc2f31d2981e3cd99a62ea027bf7d8a5cd3b7232c910e4a3fbec108f88c17,Q14145,-1.304661512374878,-1.4995790322621663,0.5559954643249512,-5.1858673095703125,-8.842324256896973,-5.400948524475098,-6.476380030314128,156.0,261.0,81.0,178.0
background,Q13501,U,False,False,287,PAQR5,330,220a46a92a0cf99fe6256254f6153d7f066cf66277b11ad8d243fa3068ce1017,Q9NXK6,KEAP1,624,549dc2f31d2981e3cd99a62ea027bf7d8a5cd3b7232c910e4a3fbec108f88c17,Q14145,-2.243849992752075,-2.2438236077626548,0.36661893129348755,-4.409615516662598,-11.47165298461914,-9.717665672302246,-8.532978057861328,255.0,290.0,289.0,278.0
background,Q13501,U,False,False,288,LIX1L,337,29e881d47c76e0f46ce3df7fe6394a8c84abe6fa37cb54199e908be56c70ea83,Q8IVB5,KEAP1,624,549dc2f31d2981e3cd99a62ea027bf7d8a5cd3b7232c910e4a3fbec108f88c17,Q14145,-1.056463897228241,0.8282957275708517,0.6046488881111145,-2.621366024017334,-8.136879920959473,-6.471164226531982,-5.743136723836263,118.0,45.0,30.0,117.0
background,Q13501,U,False,False,289,DHCR7,475,aa99d79df457eae7c8804b0cbf6e4955973b7f683f0cba39682444921e522cf3,Q9UBM7,KEAP1,624,549dc2f31d2981e3cd99a62ea027bf7d8a5cd3b7232c910e4a3fbec108f88c17,Q14145,-1.0296428600947063,-0.6690087815125784,0.38905254006385803,-4.844824314117432,-13.457367897033691,-11.047045707702637,-9.783079306284586,113.0,195.0,280.0,294.0
background,Q13501,U,False,False,290,AHSG,367,73ff43019b4979729f5e35e58728f63129776b9d3489703a3412e71c27b1bdb8,P02765,KEAP1,624,549dc2f31d2981e3cd99a62ea027bf7d8a5cd3b7232c910e4a3fbec108f88c17,Q14145,-2.8464553356170654,-1.977302114168803,0.4467324912548065,-3.773942708969116,-9.220471382141113,-6.072134017944336,-6.3555160363515215,286.0,281.0,232.0,166.0
background,Q13501,U,False,False,291,EFR3A,821,a136671c4af4f1617f625d96f4677619c32059179cab722d64d28acfccf7a43a,Q14156,KEAP1,624,549dc2f31d2981e3cd99a62ea027bf7d8a5cd3b7232c910e4a3fbec108f88c17,Q14145,-1.9031872749328613,-0.5380794008572897,0.5288633108139038,-4.135186672210693,-9.04342269897461,-7.417706489562988,-6.865438620249431,222.0,179.0,122.0,215.0
background,Q13501,U,False,False,292,MAP7,749,ef951548c875ca09b0819b2f03ec921a404b272f886aeeb5ae5c27b639352029,Q14244,KEAP1,624,549dc2f31d2981e3cd99a62ea027bf7d8a5cd3b7232c910e4a3fbec108f88c17,Q14145,-0.6893547375996908,-0.34892086187998456,0.45429518818855286,-4.099991321563721,-7.5033745765686035,-8.04280948638916,-6.548725128173828,65.0,160.0,219.0,184.0
background,Q13501,U,False,False,293,SGSM3,749,f0a17c175f8534ee140068863586ec43b438085a9e74aa5958a12524a7cbc691,Q96HU1,KEAP1,624,549dc2f31d2981e3cd99a62ea027bf7d8a5cd3b7232c910e4a3fbec108f88c17,Q14145,0.1209081142830352,0.6060741543769836,0.6026745438575745,-5.282698631286621,-8.43018913269043,-9.920417785644531,-7.877768516540527,10.0,62.0,32.0,266.0
background,Q13501,U,False,False,294,GLYATL3,288,3d8372df04a5ee1eedf969a747cbc2ba6d3bd7695b456f0715767229ba5d03af,Q5SZD4,KEAP1,624,549dc2f31d2981e3cd99a62ea027bf7d8a5cd3b7232c910e4a3fbec108f88c17,Q14145,-0.8535512884457906,0.7471463978290558,0.5808199048042297,-3.358724594116211,-7.131170272827148,-4.617970943450928,-5.035955270131429,91.0,52.0,51.0,61.0
background,Q13501,U,False,False,295,HIC2,615,840d71c6d3dfae9e521f0605b0b4548a65e949e3b858792513f094001d93892e,Q96JB3,KEAP1,624,549dc2f31d2981e3cd99a62ea027bf7d8a5cd3b7232c910e4a3fbec108f88c17,Q14145,-0.4893709321816762,-0.13116904844840369,0.5123605132102966,-4.806478500366211,-4.3278398513793945,-4.230987548828125,-4.45510196685791,45.0,138.0,151.0,31.0
background,Q13501,U,False,False,296,PYGL,847,e10aeb1300cbf12891fa31c176db2b7da3980497fa5d5e187bc9cffa075b1f32,P06737,KEAP1,624,549dc2f31d2981e3cd99a62ea027bf7d8a5cd3b7232c910e4a3fbec108f88c17,Q14145,-2.985900640487671,-1.5614351431528728,0.46130722761154175,-3.210597276687622,-7.981667995452881,-6.972833156585693,-6.0550328095753985,289.0,264.0,211.0,146.0
background,Q13501,U,False,False,297,EEF1A2,463,716f4233dbf07bef50a59a252fdb91a5f1bf153bbc208994fb1fe38786066cbf,Q05639,KEAP1,624,549dc2f31d2981e3cd99a62ea027bf7d8a5cd3b7232c910e4a3fbec108f88c17,Q14145,-3.1672653357187905,-0.974106510480245,0.45344847440719604,-3.6247973442077637,-5.793515205383301,-5.894064903259277,-5.10412581761678,295.0,222.0,220.0,68.0
background,Q13501,U,False,False,298,MRS2,443,c958aa4e1c6ef83c0f3d30846cdc8285c0648c019b4a0bb4f5e9d2c9fac0bcfd,Q9HD23,KEAP1,624,549dc2f31d2981e3cd99a62ea027bf7d8a5cd3b7232c910e4a3fbec108f88c17,Q14145,-0.33616084853808087,0.30650516351064044,0.40916383266448975,-4.724920272827148,-8.459371566772461,-7.058833122253418,-6.747708320617676,35.0,93.0,266.0,202.0
background,Q13501,U,False,False,299,OGFRL1,451,46a29816a02b390e24a91b866fb8e3d0ee78ec9421161dc4321ec248a5a49347,Q5TC84,KEAP1,624,549dc2f31d2981e3cd99a62ea027bf7d8a5cd3b7232c910e4a3fbec108f88c17,Q14145,-1.62428879737854,-0.8397513826688131,0.5710555911064148,-3.6376259326934814,-7.750427722930908,-5.470890045166016,-5.619647900263469,193.0,212.0,59.0,105.0
background,Q13501,U,False,False,300,VCP,806,7762b7e6637bdd56653ba85cb8b36c82fab2bb9cfab69a64a28e55582a199e35,P55072,KEAP1,624,549dc2f31d2981e3cd99a62ea027bf7d8a5cd3b7232c910e4a3fbec108f88c17,Q14145,-1.389415939648946,-0.35043567419052124,0.5815785527229309,-5.119320869445801,-6.675697326660156,-7.49857759475708,-6.431198596954346,168.0,161.0,50.0,172.0
background,Q13501,U,False,False,301,DNAJC14,702,1c03b62a1bc3f14f871253140d035b1c4e5324e3db1b219369339fdcba79d7fb,Q6Y2X3,KEAP1,624,549dc2f31d2981e3cd99a62ea027bf7d8a5cd3b7232c910e4a3fbec108f88c17,Q14145,-0.695969025293986,0.7725988229115804,0.318121075630188,-5.742466926574707,-13.553960800170898,-6.43753719329834,-8.577988306681315,68.0,50.0,302.0,280.0
background,Q13501,U,False,False,302,TOM1,492,5cf31f6f57fcd2b618b34929f80089e30d52d982539b1eda10a177134069b347,O60784,KEAP1,624,549dc2f31d2981e3cd99a62ea027bf7d8a5cd3b7232c910e4a3fbec108f88c17,Q14145,-1.2490821679433186,-0.29119883477687836,0.4112251102924347,-3.4075844287872314,-10.742653846740723,-6.985774040222168,-7.045337438583374,146.0,151.0,265.0,226.0
background,Q13501,U,False,False,303,INO80E,244,fc482b55816a02763075fe5621e181edc01d175d17d093498cbb7f1508560d6a,Q8NBZ0,KEAP1,624,549dc2f31d2981e3cd99a62ea027bf7d8a5cd3b7232c910e4a3fbec108f88c17,Q14145,-0.3134927401940028,-0.6621677279472351,0.40884727239608765,-5.558627128601074,-8.624504089355469,-5.911752700805664,-6.698294639587402,33.0,194.0,267.0,196.0
