U_stratum,anchor_positive_uniprot,class,development_exposed_positive,homomeric,panel_row,partner_gene,partner_sequence_length,partner_sequence_sha256,partner_uniprot,prior_train_development_pair,query_gene,query_sequence_length,query_sequence_sha256,query_uniprot,target_cohort,training_exposed_positive,ipin_baseline_score,ipin_optimized_score,tuna_retrained_seed20260803_score,tuna_retrained_seed20260817_score,tuna_retrained_seed20260831_score,tuna_retrained_score,ipin_baseline_rank,ipin_optimized_rank,tuna_retrained_rank
,,P,False,False,1,TNF,233,8625b8e5664220caffd8c457d023faa6156bab712d487986eaeab87c99b668e5,P01375,False,TNFRSF1A,455,67798edab4531e17cdc23203459a594909edf57e9e01653fba722356c72ef5aa,P19438,additional_six,False,-0.7483862042427063,1.23443599541982,-7.60060977935791,-3.4283995628356934,-3.2599966526031494,-4.763001998265584,33.0,2.0,6.0
,,P,False,False,2,LTA,205,a6b9c5f9518591b9e3cac86b3bbb79db73a05898cbdc8e43f367343248e2e3be,P01374,False,TNFRSF1A,455,67798edab4531e17cdc23203459a594909edf57e9e01653fba722356c72ef5aa,P19438,additional_six,False,-1.4332315524419148,-0.6288055578867594,-10.40412425994873,-8.878718376159668,-10.784577369689941,-10.022473335266113,81.0,55.0,139.0
,,P,False,False,3,TRADD,312,74154fd61322261763725138826e1471b488e5d6736086d2f5ee4eb302a5a429,Q15628,False,TNFRSF1A,455,67798edab4531e17cdc23203459a594909edf57e9e01653fba722356c72ef5aa,P19438,additional_six,False,-2.8718372186024985,-2.0964779059092202,-13.149941444396973,-16.769506454467773,-12.50715160369873,-14.142199834187826,243.0,165.0,283.0
context,P01375,U,False,False,4,TMPRSS11B,416,f9e95c6de604258303bf521790c38446eac2324bee837d725911f6cbf6a8d5ff,Q86T26,False,TNFRSF1A,455,67798edab4531e17cdc23203459a594909edf57e9e01653fba722356c72ef5aa,P19438,additional_six,False,-2.1047807137171426,-2.0899742046991983,-8.341800689697266,-6.628551006317139,-6.248958587646484,-7.073103427886963,163.0,164.0,53.0
context,P01375,U,False,False,5,MRAP,172,393ead1bb0d4fdb49be5304d387dda60315c2920296a5c162d1099e681794d8d,Q8TCY5,False,TNFRSF1A,455,67798edab4531e17cdc23203459a594909edf57e9e01653fba722356c72ef5aa,P19438,additional_six,False,-2.0257623195648193,-1.0758111874262493,-9.675737380981445,-6.06235933303833,-2.966542959213257,-6.234879891077678,153.0,81.0,27.0
context,P01375,U,False,False,6,ORAI2,254,37972edaf1f9ac21af40c12ad2623dffe2a359deda11585427ae6fd333060150,Q96SN7,False,TNFRSF1A,455,67798edab4531e17cdc23203459a594909edf57e9e01653fba722356c72ef5aa,P19438,additional_six,False,-0.77499920129776,0.10095888376235962,-8.860612869262695,-2.4461910724639893,-6.652094841003418,-5.986299594243367,35.0,18.0,20.0
context,P01375,U,False,False,7,HCAR3,387,0176c827199dd0c3578186e27853eb5a3befae2b2bff7944a3886e3061ab4462,P49019,False,TNFRSF1A,455,67798edab4531e17cdc23203459a594909edf57e9e01653fba722356c72ef5aa,P19438,additional_six,False,-2.2532992362976074,-2.0486502647399902,-11.399798393249512,-9.118548393249512,-6.724588394165039,-9.080978393554688,184.0,159.0,114.0
context,P01375,U,False,False,8,CD1A,327,6827b627d0986ff77ed914ec06a746b1429144021a6ff402af5cf9e817bb1612,P06126,False,TNFRSF1A,455,67798edab4531e17cdc23203459a594909edf57e9e01653fba722356c72ef5aa,P19438,additional_six,False,-0.8559563755989075,-2.2833025058110556,-7.415285110473633,-6.479331016540527,-6.825305461883545,-6.906640529632568,41.0,180.0,44.0
context,P01375,U,False,False,9,SYT7,403,94903cc6d1261a206a8e101ba208f00a958d0e11195c6077519851c507ae9dcb,O43581,False,TNFRSF1A,455,67798edab4531e17cdc23203459a594909edf57e9e01653fba722356c72ef5aa,P19438,additional_six,False,-2.580535570780436,-2.9025357166926065,-10.486672401428223,-10.048470497131348,-8.474943161010742,-9.670028686523438,214.0,235.0,129.0
context,P01375,U,False,False,10,GPR35,309,8e5803b7e221fed0b1390e5cdbc4950f73d35c1058a7d077052ba16d63646602,Q9HC97,False,TNFRSF1A,455,67798edab4531e17cdc23203459a594909edf57e9e01653fba722356c72ef5aa,P19438,additional_six,False,-0.7364100615183512,0.655413806438446,-11.528043746948242,-8.876774787902832,-4.970862865447998,-8.458560466766357,32.0,5.0,98.0
context,P01375,U,False,False,11,IFNGR2,337,39f1023222b5396289e6b79ccc0bc7c99505cd46757ec2cb2a00f94d07521e2c,P38484,False,TNFRSF1A,455,67798edab4531e17cdc23203459a594909edf57e9e01653fba722356c72ef5aa,P19438,additional_six,False,-1.8414900700251262,-3.064412832260132,-8.694499969482422,-6.734322547912598,-4.411032199859619,-6.613284905751546,133.0,249.0,33.0
context,P01375,U,False,False,12,CRTAM,393,a2878b89ecbe0e5b08012dc37be636724a36f9b13828eeccb3e0f38647077bc4,O95727,False,TNFRSF1A,455,67798edab4531e17cdc23203459a594909edf57e9e01653fba722356c72ef5aa,P19438,additional_six,False,-1.9122710227966309,-1.4498647451400757,-8.546422004699707,-6.431271553039551,-6.712918281555176,-7.230203946431478,144.0,101.0,56.0
context,P01375,U,False,False,13,CD47,323,caa66c8069880514fd225b7c8673a1f4877dbfc3e15d10e69400cb453a226918,Q08722,False,TNFRSF1A,455,67798edab4531e17cdc23203459a594909edf57e9e01653fba722356c72ef5aa,P19438,additional_six,False,-0.02976457526286443,0.9275709589322408,-9.674127578735352,-5.582223415374756,-4.77434778213501,-6.676899592081706,11.0,3.0,37.0
context,P01375,U,False,False,14,GPR25,361,fe488629acdd126c8bfd82f2a374fbd1b92b792fd9375ad220d046a7c2adc664,O00155,False,TNFRSF1A,455,67798edab4531e17cdc23203459a594909edf57e9e01653fba722356c72ef5aa,P19438,additional_six,False,-1.6497459411621094,-0.18474032481511435,-7.11742639541626,-4.256192684173584,-3.0599541664123535,-4.811191082000732,106.0,29.0,7.0
context,P01375,U,False,False,15,CCRL2,344,d840712ed2c46605656a0e143ae4ba234dc75d5c8d26c6be3dfee5a07d8d443d,O00421,False,TNFRSF1A,455,67798edab4531e17cdc23203459a594909edf57e9e01653fba722356c72ef5aa,P19438,additional_six,False,-2.1041370232899985,-0.9793795148531595,-9.977612495422363,-5.572521686553955,-7.457508563995361,-7.669214248657227,162.0,76.0,70.0
context,P01375,U,False,False,16,CCR4,360,382beaef4182aa309b904efca62ac33f8554b3ed85ecaa3bc3c3fa250f563ea2,P51679,False,TNFRSF1A,455,67798edab4531e17cdc23203459a594909edf57e9e01653fba722356c72ef5aa,P19438,additional_six,False,-3.440450588862101,-3.1384056409200034,-12.10427474975586,-8.60254192352295,-6.986631393432617,-9.231149355570475,278.0,254.0,119.0
context,P01375,U,False,False,17,TMEM88,159,6635ce524d515b302090289e151fca04a69e6861472c15949e23bbb636f84c8b,Q6PEY1,False,TNFRSF1A,455,67798edab4531e17cdc23203459a594909edf57e9e01653fba722356c72ef5aa,P19438,additional_six,False,-1.2325168053309123,-0.37432849407196045,-7.87196683883667,-5.687607765197754,-4.912542819976807,-6.15737247467041,66.0,38.0,24.0
context,P01375,U,False,False,18,RNF5,180,3e45a2a48f62f017062986afb923dfee040a8f8b7bc5c6187a8bebf3609a8b28,Q99942,False,TNFRSF1A,455,67798edab4531e17cdc23203459a594909edf57e9e01653fba722356c72ef5aa,P19438,additional_six,False,-0.6336891949176788,-1.9364959398905437,-6.754812240600586,-3.8248538970947266,-3.5940475463867188,-4.724571228027344,29.0,143.0,5.0
context,P01375,U,False,False,19,LPAR2,348,6401978c7129c234713e9a2c858a7fd7722fe0f28e7d0b5fda8c7011cb62e98a,Q9HBW0,False,TNFRSF1A,455,67798edab4531e17cdc23203459a594909edf57e9e01653fba722356c72ef5aa,P19438,additional_six,False,-1.355605125427246,0.1538099596897761,-10.943177223205566,-6.442176818847656,-4.4783501625061035,-7.287901401519775,75.0,15.0,57.0
context,P01375,U,False,False,20,LHFPL5,219,d3b4c3b3a0fd13a2c7d659e01aed0810f64c199ab1d5803b1f07b3d506ca348f,Q8TAF8,False,TNFRSF1A,455,67798edab4531e17cdc23203459a594909edf57e9e01653fba722356c72ef5aa,P19438,additional_six,False,-1.869320551554362,-1.9559191465377808,-9.639779090881348,-3.5869600772857666,-4.6872968673706055,-5.97134534517924,135.0,146.0,19.0
context,P01375,U,False,False,21,PTGIR,386,da6cc608fe79e6562618573c2f4fe0ea1c428faa8b7d2e2c70688f04fd9b4cf0,P43119,False,TNFRSF1A,455,67798edab4531e17cdc23203459a594909edf57e9e01653fba722356c72ef5aa,P19438,additional_six,False,-0.6986674865086874,-0.05144840478897095,-10.430980682373047,-6.429664134979248,-5.247248649597168,-7.369297822316487,31.0,26.0,60.0
context,P01375,U,False,False,22,OR1A1,309,9a79439422ed78475973cb19efbcbc91c658bca304554fc0d817b7860d8d41eb,Q9P1Q5,False,TNFRSF1A,455,67798edab4531e17cdc23203459a594909edf57e9e01653fba722356c72ef5aa,P19438,additional_six,False,-3.2050567468007407,-2.3985555171966553,-14.456171035766602,-10.982528686523438,-9.890676498413086,-11.776458740234375,267.0,192.0,193.0
context,P01375,U,False,False,23,OLR1,273,6a96a9199a95493c7432eefcd84ce0b08f7b66f028d6aa1b62fbdf55a90cd3fe,P78380,False,TNFRSF1A,455,67798edab4531e17cdc23203459a594909edf57e9e01653fba722356c72ef5aa,P19438,additional_six,False,0.10696159054835637,0.5618288914362589,-8.3406343460083,-6.729848861694336,-3.7801477909088135,-6.283543666203816,8.0,7.0,28.0
context,P01375,U,False,False,24,CFAP95,229,9b53cb14996c121720394d9ed76725030c4079a468c938d88f6c67cf7dfc3bf7,Q5VTT2,False,TNFRSF1A,455,67798edab4531e17cdc23203459a594909edf57e9e01653fba722356c72ef5aa,P19438,additional_six,False,-2.4288878440856934,-3.7763121128082275,-14.662466049194336,-12.058155059814453,-12.225724220275879,-12.982115109761557,206.0,281.0,247.0
context,P01375,U,False,False,25,LILRA5,299,d11569df6571422144683312aefe7bb2e681c80224068bd2abc053f694316de6,A6NI73,False,TNFRSF1A,455,67798edab4531e17cdc23203459a594909edf57e9e01653fba722356c72ef5aa,P19438,additional_six,False,-1.638939380645752,-0.4108368953069051,-5.26853609085083,-6.928818702697754,-6.388570308685303,-6.195308367411296,101.0,40.0,26.0
context,P01375,U,False,False,26,KCNK12,430,6fadf8f9920a8502d6ada90609836b330383018c17e5bd9ca610525b20eaf8ed,Q9HB15,False,TNFRSF1A,455,67798edab4531e17cdc23203459a594909edf57e9e01653fba722356c72ef5aa,P19438,additional_six,False,-2.404813766479492,-2.657471855481466,-9.488605499267578,-7.079803466796875,-8.640886306762695,-8.403098424275717,205.0,216.0,95.0
context,P01375,U,False,False,27,TMPRSS11E,423,127073c11d69401357355b4f6fcdca3d964f6fdd8dca96c4ee913e1bc2578d5c,Q9UL52,False,TNFRSF1A,455,67798edab4531e17cdc23203459a594909edf57e9e01653fba722356c72ef5aa,P19438,additional_six,False,-1.2403730948766072,-0.6193823019663492,-7.954468727111816,-6.492342948913574,-6.9758405685424805,-7.140884081522624,67.0,54.0,54.0
context,P01375,U,False,False,28,P2RX6,441,4f3b14a96fd410f26344def88390a0e417ec8ebc4d79affe93114a13dd3a2a7b,O15547,False,TNFRSF1A,455,67798edab4531e17cdc23203459a594909edf57e9e01653fba722356c72ef5aa,P19438,additional_six,False,-2.0156680742899575,-2.038500706354777,-11.042757987976074,-8.839057922363281,-9.554764747619629,-9.812193552652994,152.0,157.0,133.0
context,P01375,U,False,False,29,LAMP2,410,2957fce4312004bd98332b74cddbe1e5d8a6a74ad81fd87b68c21dbe7402da3d,P13473,False,TNFRSF1A,455,67798edab4531e17cdc23203459a594909edf57e9e01653fba722356c72ef5aa,P19438,additional_six,False,-2.8569438457489014,-1.7394969860712688,-10.173757553100586,-6.502110481262207,-8.164904594421387,-8.28025754292806,241.0,121.0,91.0
context,P01375,U,False,False,30,TNFSF10,281,99c06fd1fbaf0561a34f2420634593210d13dc40b618fb708087075a69a159cc,P50591,False,TNFRSF1A,455,67798edab4531e17cdc23203459a594909edf57e9e01653fba722356c72ef5aa,P19438,additional_six,False,-0.2125909005602201,-0.5628917614618937,-7.605579376220703,-5.692254543304443,-7.567748069763184,-6.955193996429443,17.0,49.0,46.0
context,P01375,U,False,False,31,ORAI1,301,08dd546ac4cae44a46eb653383e02b1a176949a2b42b2a1426bc0004637a0a54,Q96D31,False,TNFRSF1A,455,67798edab4531e17cdc23203459a594909edf57e9e01653fba722356c72ef5aa,P19438,additional_six,False,-1.055638571580251,-0.6130377848943075,-7.419253826141357,-2.7863385677337646,-6.186755180358887,-5.464115858078003,48.0,53.0,12.0
context,P01375,U,False,False,32,KCNK16,309,4e6a5f31f8562074d90aafb2a29e985026659356946e074545efec66a785cabb,Q96T55,False,TNFRSF1A,455,67798edab4531e17cdc23203459a594909edf57e9e01653fba722356c72ef5aa,P19438,additional_six,False,-2.2372726996739707,-2.3818962574005127,-11.534854888916016,-6.993715286254883,-8.396645545959473,-8.975071907043457,182.0,189.0,112.0
context,P01375,U,False,False,33,CHRM1,460,a9d70e6dd79a9d6d5fef6772b08efb426eba56ffbc49737c550220e71c521746,P11229,False,TNFRSF1A,455,67798edab4531e17cdc23203459a594909edf57e9e01653fba722356c72ef5aa,P19438,additional_six,False,-1.9170480966567993,-2.0762789249420166,-11.330499649047852,-8.670456886291504,-8.526785850524902,-9.509247461954752,145.0,163.0,126.0
context,P01375,U,False,False,34,PLVAP,442,2647faacd277934cdb68d42958afebf6807a736c56550a20fff607d8e730055f,Q9BX97,False,TNFRSF1A,455,67798edab4531e17cdc23203459a594909edf57e9e01653fba722356c72ef5aa,P19438,additional_six,False,-2.33165176709493,-2.8439409732818604,-11.376605033874512,-13.316265106201172,-12.250592231750488,-12.31448745727539,193.0,230.0,221.0
context,P01375,U,False,False,35,CD3D,171,c835bc54e2c1a2e7ab7a183af127a61aea6a1a39fac39c9703297ecd93ffd9aa,P04234,False,TNFRSF1A,455,67798edab4531e17cdc23203459a594909edf57e9e01653fba722356c72ef5aa,P19438,additional_six,False,-1.2998713254928589,-0.32680195569992065,-10.47226619720459,-7.891137599945068,-4.710952281951904,-7.6914520263671875,72.0,33.0,71.0
context,P01375,U,False,False,36,GJD4,370,10e17b02e8ee25728220c0711e7ea07885347f8dfd103f3b3ec695a591a03dbb,Q96KN9,False,TNFRSF1A,455,67798edab4531e17cdc23203459a594909edf57e9e01653fba722356c72ef5aa,P19438,additional_six,False,-2.011232058207194,-1.7513525485992432,-8.86978816986084,-8.181622505187988,-5.646871089935303,-7.566093921661377,150.0,124.0,66.0
context,P01375,U,False,False,37,SIGLEC6,453,5d7b1b5fc1693c71993bc178bdeaa2abc7a1dec96a16f8a9ee8a454d9d264a7b,O43699,False,TNFRSF1A,455,67798edab4531e17cdc23203459a594909edf57e9e01653fba722356c72ef5aa,P19438,additional_six,False,-2.661697785059611,-2.3705446322758994,-9.338043212890625,-9.118346214294434,-8.179826736450195,-8.878738721211752,222.0,185.0,111.0
context,P01375,U,False,False,38,HLA-DRA,254,ba441e701023b22b998f19610fa6074b5c397a848a1d6f6bfdfd289f5ce86163,P01903,False,TNFRSF1A,455,67798edab4531e17cdc23203459a594909edf57e9e01653fba722356c72ef5aa,P19438,additional_six,False,-1.7930757602055867,-3.061335245768229,-11.47314739227295,-12.08924674987793,-7.237144947052002,-10.266513029734293,125.0,248.0,150.0
context,P01375,U,False,False,39,SLC39A2,309,4a91ea2645efecc4fc5da69b401a95abc3a96eb1e415dc619a2db3673bd47cfb,Q9NP94,False,TNFRSF1A,455,67798edab4531e17cdc23203459a594909edf57e9e01653fba722356c72ef5aa,P19438,additional_six,False,-1.435526927312215,-0.2865646680196126,-5.144069671630859,-2.888676166534424,-4.424529075622559,-4.152424971262614,82.0,30.0,3.0
context,P01375,U,False,False,40,GSDMA,445,88fb547af94e14c6ba86500a5c1949b9b15ff810edd3dcf88cddd2f2fa7f1925,Q96QA5,False,TNFRSF1A,455,67798edab4531e17cdc23203459a594909edf57e9e01653fba722356c72ef5aa,P19438,additional_six,False,-2.1541656653086343,-2.044654210408529,-12.867181777954102,-12.380309104919434,-11.565306663513184,-12.27093251546224,173.0,158.0,216.0
context,P01375,U,False,False,41,MC1R,317,c48e7174ffe180f6896ac337a52f433858b4bfdfd4d5a74c8a4e74cf7972009f,Q01726,False,TNFRSF1A,455,67798edab4531e17cdc23203459a594909edf57e9e01653fba722356c72ef5aa,P19438,additional_six,False,-1.538899540901184,-0.3557237883408864,-12.125349998474121,-8.750297546386719,-7.310065269470215,-9.395237604777018,91.0,35.0,122.0
context,P01375,U,False,False,42,GJA3,435,e887beb4a95c8cda2217abda37ed348dbd5343619e6b6498b2372b5053b05feb,Q9Y6H8,False,TNFRSF1A,455,67798edab4531e17cdc23203459a594909edf57e9e01653fba722356c72ef5aa,P19438,additional_six,False,-1.7356844743092854,-1.55632750193278,-9.790650367736816,-7.845666885375977,-5.944798469543457,-7.860371907552083,119.0,108.0,79.0
context,P01375,U,False,False,43,GPRC5A,357,86a875b88f5f0dca803d400b3084a488385e48ea6abc3d57ee701be99d778a9e,Q8NFJ5,False,TNFRSF1A,455,67798edab4531e17cdc23203459a594909edf57e9e01653fba722356c72ef5aa,P19438,additional_six,False,-1.1273634433746338,-0.4936187068621318,-9.453213691711426,-4.617904186248779,-5.885876178741455,-6.652331352233887,54.0,42.0,36.0
context,P01375,U,False,False,44,VIPR2,438,0fba48e413a10b67938ee506f12c365a5475d77c480219e7cc3dc0c1d2fac835,P41587,False,TNFRSF1A,455,67798edab4531e17cdc23203459a594909edf57e9e01653fba722356c72ef5aa,P19438,additional_six,False,-2.27825935681661,-2.5615267753601074,-13.015542030334473,-11.907577514648438,-8.46122932434082,-11.128116289774576,187.0,203.0,166.0
context,P01375,U,False,False,45,CDC50B,351,87b4e748f3a75e3103fb47df2feaa65c89a768626e3dafdc898e3f72696d34f0,Q3MIR4,False,TNFRSF1A,455,67798edab4531e17cdc23203459a594909edf57e9e01653fba722356c72ef5aa,P19438,additional_six,False,-0.42865635951360065,-0.5563990473747253,-10.736513137817383,-13.199020385742188,-9.845355033874512,-11.260296185811361,23.0,47.0,171.0
context,P01375,U,False,False,46,UPK3B,320,3adc17d84ed47ff870762565e6e83ba605225ca28f933dd9769848ac87adf7d1,Q9BT76,False,TNFRSF1A,455,67798edab4531e17cdc23203459a594909edf57e9e01653fba722356c72ef5aa,P19438,additional_six,False,-1.569293777147929,-1.2314772605895996,-9.384821891784668,-8.964445114135742,-10.755048751831055,-9.701438585917154,97.0,89.0,130.0
context,P01375,U,False,False,47,TNFSF18,177,53c469c225a5f473879afd4ba31bfe74714013b2d3b63ad8b503ac53f1369822,Q9UNG2,False,TNFRSF1A,455,67798edab4531e17cdc23203459a594909edf57e9e01653fba722356c72ef5aa,P19438,additional_six,False,-0.9201147556304932,0.02210269371668498,-9.914751052856445,-4.0039873123168945,-3.2912204265594482,-5.736652930577596,44.0,24.0,15.0
context,P01375,U,False,False,48,HCAR1,346,c32755f7cf88545d4870f6e97465dd635accb79c823f0af7137a9cc06d190015,Q9BXC0,False,TNFRSF1A,455,67798edab4531e17cdc23203459a594909edf57e9e01653fba722356c72ef5aa,P19438,additional_six,False,-1.71458101272583,0.0460586945215861,-11.323922157287598,-5.791079044342041,-5.062175750732422,-7.3923923174540205,113.0,20.0,62.0
context,P01375,U,False,False,49,RELT,430,fb09a901644eebcb4035d1d3c934177347ba9b238488ef89e7f6c9b4151fdf7b,Q969Z4,False,TNFRSF1A,455,67798edab4531e17cdc23203459a594909edf57e9e01653fba722356c72ef5aa,P19438,additional_six,False,-1.2002087831497192,-0.9538621306419373,-9.217652320861816,-9.928383827209473,-6.190117835998535,-8.445384661356607,63.0,73.0,97.0
context,P01375,U,False,False,50,TRAC,140,89a5ca800630639f757e77e2cb94adfc9a3f191515d773d57d20b978cf40a513,P01848,False,TNFRSF1A,455,67798edab4531e17cdc23203459a594909edf57e9e01653fba722356c72ef5aa,P19438,additional_six,False,-3.3997275034586587,-2.0507886012395224,-8.601340293884277,-10.254419326782227,-9.149910926818848,-9.335223515828451,277.0,160.0,121.0
context,P01375,U,False,False,51,PTGER1,402,c023f2020521997be8fb42b34e324939a1a257be4409046970b282871a5aab88,P34995,False,TNFRSF1A,455,67798edab4531e17cdc23203459a594909edf57e9e01653fba722356c72ef5aa,P19438,additional_six,False,-2.9167906443277993,-2.058736880620321,-10.04760456085205,-9.663350105285645,-6.200680255889893,-8.637211640675863,251.0,161.0,102.0
context,P01375,U,False,False,52,IYD,289,a1f57178b205bb04c3b2626cc16126a43ed01508e321cb751652968a8089dd1e,Q6PHW0,False,TNFRSF1A,455,67798edab4531e17cdc23203459a594909edf57e9e01653fba722356c72ef5aa,P19438,additional_six,False,-1.1756603320439656,-2.647778034210205,-7.467146396636963,-5.224828720092773,-4.607494831085205,-5.7664899826049805,60.0,212.0,17.0
context,P01375,U,False,False,53,EDA,391,2942a341fea2a8cc83a7efcfe09457e3f17ccdd09df29b7ba306076da93aa5b7,Q92838,False,TNFRSF1A,455,67798edab4531e17cdc23203459a594909edf57e9e01653fba722356c72ef5aa,P19438,additional_six,False,-0.8240148425102234,-1.2122541069984436,-8.569388389587402,-4.423006057739258,-5.215821266174316,-6.069405237833659,38.0,87.0,21.0
background,P01375,U,False,False,54,ARL6IP6,226,8b60983b0bd37eefa981fe55c818e3dd7b92e7b5698f878cee6d252b7f3896d6,Q8N6S5,False,TNFRSF1A,455,67798edab4531e17cdc23203459a594909edf57e9e01653fba722356c72ef5aa,P19438,additional_six,False,-0.21249063313007355,-0.5038777192433676,-9.037160873413086,-5.033531188964844,-6.318971157073975,-6.796554406483968,16.0,45.0,41.0
background,P01375,U,False,False,55,DIRAS3,229,d92fa4b0282c80e2f31680640f1e30101206ceee2b096257d2d450633b2b5261,O95661,False,TNFRSF1A,455,67798edab4531e17cdc23203459a594909edf57e9e01653fba722356c72ef5aa,P19438,additional_six,False,-3.122798442840576,-3.017578125,-15.813787460327148,-12.649855613708496,-13.436431884765625,-13.966691652933756,265.0,244.0,278.0
background,P01375,U,False,False,56,TGOLN2,437,cdd27dbf2774c29e6f71ffe63bdb5d7d646daac6596333f85c6681795882f18d,O43493,False,TNFRSF1A,455,67798edab4531e17cdc23203459a594909edf57e9e01653fba722356c72ef5aa,P19438,additional_six,False,-2.1368539333343506,-1.3286499977111816,-10.2355375289917,-5.21832799911499,-9.67018985748291,-8.374685128529867,169.0,92.0,93.0
background,P01375,U,False,False,57,ATG10,220,30e46fad816590fd803f22d0978ef0da64bef7ea1492546ffbb2b0060c141669,Q9H0Y0,False,TNFRSF1A,455,67798edab4531e17cdc23203459a594909edf57e9e01653fba722356c72ef5aa,P19438,additional_six,False,-0.8197808265686035,-2.3016899029413858,-11.73903751373291,-14.776145935058594,-11.167366981506348,-12.560850143432617,37.0,181.0,235.0
background,P01375,U,False,False,58,C8orf74,294,f587ca8f70f5b213ec497b618b1dbf2056cb88d374a4d6e12c13f79e9ada0fbe,Q6P047,False,TNFRSF1A,455,67798edab4531e17cdc23203459a594909edf57e9e01653fba722356c72ef5aa,P19438,additional_six,False,-2.3602925141652427,-2.694745143254598,-11.751983642578125,-10.151398658752441,-11.203739166259766,-11.035707155863443,199.0,220.0,165.0
background,P01375,U,False,False,59,EFNB1,346,616cfd89c774addbc04d06e86639aa25211ba335b22977196abac9241bfae758,P98172,False,TNFRSF1A,455,67798edab4531e17cdc23203459a594909edf57e9e01653fba722356c72ef5aa,P19438,additional_six,False,-1.9106965065002441,-2.779634475708008,-8.297075271606445,-8.27859878540039,-7.535617828369141,-8.037097295125326,142.0,225.0,85.0
background,P01375,U,False,False,60,BID,195,32e2c6d7cd6e14c644699ae29f0f63d557dc59d5027e915fb78b740236409298,P55957,False,TNFRSF1A,455,67798edab4531e17cdc23203459a594909edf57e9e01653fba722356c72ef5aa,P19438,additional_six,False,-1.836870511372884,-1.842211167017619,-11.241848945617676,-15.525880813598633,-12.322967529296875,-13.030232429504395,132.0,134.0,250.0
background,P01375,U,False,False,61,FBXO36,188,98ffb4ea8383a28428025ba6df6695b65aa3e530576db065c0dd25064e2a02c4,Q8NEA4,False,TNFRSF1A,455,67798edab4531e17cdc23203459a594909edf57e9e01653fba722356c72ef5aa,P19438,additional_six,False,-3.6610368887583413,-3.284019629160563,-13.059709548950195,-15.85788345336914,-15.050983428955078,-14.656192143758139,290.0,259.0,293.0
background,P01375,U,False,False,62,MAGEB10,347,ecd598db3a9c0bc3f1389bf0782877dab85037d02610455a640ef9d53a49c047,Q96LZ2,False,TNFRSF1A,455,67798edab4531e17cdc23203459a594909edf57e9e01653fba722356c72ef5aa,P19438,additional_six,False,-2.3608314196268716,-2.3757373491923013,-10.528202056884766,-11.701817512512207,-11.735700607299805,-11.321906725565592,200.0,187.0,174.0
background,P01375,U,False,False,63,LIX1L,337,29e881d47c76e0f46ce3df7fe6394a8c84abe6fa37cb54199e908be56c70ea83,Q8IVB5,False,TNFRSF1A,455,67798edab4531e17cdc23203459a594909edf57e9e01653fba722356c72ef5aa,P19438,additional_six,False,-2.8169400691986084,-2.5697723229726157,-11.380701065063477,-16.08906364440918,-11.630937576293945,-13.033567428588867,235.0,205.0,251.0
background,P01375,U,False,False,64,NR2F6,404,5aad59d1ef387f9091e7aeec4de93a5ffc4ffa97bbd86e5a58d3ab417632bd42,P10588,False,TNFRSF1A,455,67798edab4531e17cdc23203459a594909edf57e9e01653fba722356c72ef5aa,P19438,additional_six,False,-2.7167065938313804,-1.4980867703755696,-9.758687973022461,-12.928792953491211,-7.316591739654541,-10.001357555389404,226.0,104.0,137.0
background,P01375,U,False,False,65,ZNF747,330,de9e28d721232b3b7ec0de2acfd496da87f59ea262d88124e8e1e60f1e2c292c,Q9BV97,False,TNFRSF1A,455,67798edab4531e17cdc23203459a594909edf57e9e01653fba722356c72ef5aa,P19438,additional_six,False,-3.0091797510782876,-2.850380619366964,-14.38866901397705,-15.883156776428223,-11.5693941116333,-13.947073300679525,259.0,231.0,277.0
background,P01375,U,False,False,66,PARL,379,2c000ffa2c8d1956ed79e44f384eda116a06e772cc1ae3c4f56fc1a75bee0595,Q9H300,False,TNFRSF1A,455,67798edab4531e17cdc23203459a594909edf57e9e01653fba722356c72ef5aa,P19438,additional_six,False,-2.029281973838806,-1.5886383056640625,-12.856545448303223,-8.547930717468262,-4.168451309204102,-8.524309158325195,154.0,113.0,99.0
background,P01375,U,False,False,67,FA2H,372,4b44c3e1949c7320cf46913bc8e2ac140d6a875ea7e9e855a0d4e0dd3a195482,Q7L5A8,False,TNFRSF1A,455,67798edab4531e17cdc23203459a594909edf57e9e01653fba722356c72ef5aa,P19438,additional_six,False,-1.3091463247934978,0.13732105493545532,-6.948239803314209,-3.989194631576538,-3.016822576522827,-4.651419003804524,73.0,16.0,4.0
background,P01375,U,False,False,68,ZNF593,134,7a4553ff314ab96fabfbdc81c39a701d019e49c87fdce355cac6b73a5c5bd5f0,O00488,False,TNFRSF1A,455,67798edab4531e17cdc23203459a594909edf57e9e01653fba722356c72ef5aa,P19438,additional_six,False,-2.347792387008667,-1.9688405593236287,-13.901860237121582,-16.28948974609375,-14.779190063476562,-14.990180015563965,197.0,149.0,298.0
background,P01375,U,False,False,69,ATP5MC3,142,9213016148d51f32f8fa81eda6458728b176bd24893034140902dd6d456521a5,P48201,False,TNFRSF1A,455,67798edab4531e17cdc23203459a594909edf57e9e01653fba722356c72ef5aa,P19438,additional_six,False,-1.1877705256144206,-0.9476957519849142,-11.583807945251465,-8.778471946716309,-9.838160514831543,-10.066813468933105,61.0,72.0,144.0
background,P01375,U,False,False,70,DNAJC5B,199,3d73dfc7ff81944fc7a65f4781087697fc112aea76fa50d954a1d5ffcbd5cf2f,Q9UF47,False,TNFRSF1A,455,67798edab4531e17cdc23203459a594909edf57e9e01653fba722356c72ef5aa,P19438,additional_six,False,-1.0517190893491108,-0.8620095252990723,-10.224161148071289,-4.94471549987793,-7.3471198081970215,-7.505332152048747,47.0,67.0,64.0
background,P01375,U,False,False,71,UBXN6,441,75203a54ecd0749d80d66492648a75ee6befb1ecf5c6aef1509666d2dd6b811d,Q9BZV1,False,TNFRSF1A,455,67798edab4531e17cdc23203459a594909edf57e9e01653fba722356c72ef5aa,P19438,additional_six,False,-2.2575668891270957,-3.0799957116444907,-11.56920051574707,-14.1841402053833,-10.70118522644043,-12.151508649190268,185.0,250.0,208.0
background,P01375,U,False,False,72,TSPY1,308,edfbddb42cfba39d10a43474cbb535bddf3fd813f3c76c8f21f105ccc25643c9,Q01534,False,TNFRSF1A,455,67798edab4531e17cdc23203459a594909edf57e9e01653fba722356c72ef5aa,P19438,additional_six,False,-4.153814792633057,-5.112756093343099,-11.989407539367676,-17.57535171508789,-11.459216117858887,-13.67465845743815,296.0,300.0,272.0
background,P01375,U,False,False,73,MOB3C,216,03791116ad36474a9843719449403e4b9c2a8fc803636468acd50547a783e3f2,Q70IA8,False,TNFRSF1A,455,67798edab4531e17cdc23203459a594909edf57e9e01653fba722356c72ef5aa,P19438,additional_six,False,-3.493515888849894,-3.6242764790852866,-7.638959884643555,-13.75801944732666,-9.963592529296875,-10.453523953755697,280.0,276.0,154.0
background,P01375,U,False,False,74,SNAPC2,334,a989dfbc4f05f934c4581c4cd384b8312f02db4fe6b0e1f154323ce5d3204d5b,Q13487,False,TNFRSF1A,455,67798edab4531e17cdc23203459a594909edf57e9e01653fba722356c72ef5aa,P19438,additional_six,False,-2.885584910710653,-1.912828505039215,-13.528946876525879,-14.819229125976562,-10.494460105895996,-12.947545369466146,245.0,140.0,246.0
background,P01375,U,False,False,75,SERPINB13,391,e777b73622378463907b82989c1098572d89782dcbadb5c67b6f7295c67d702a,Q9UIV8,False,TNFRSF1A,455,67798edab4531e17cdc23203459a594909edf57e9e01653fba722356c72ef5aa,P19438,additional_six,False,-2.5238547325134277,-3.148936907450358,-8.571274757385254,-10.27907657623291,-11.131802558898926,-9.994051297505697,210.0,255.0,136.0
background,P01375,U,False,False,76,NDUFAF3,184,8b355463bc97a2da915c27431ac2a34b423859eeb396adc0ac569f5ee417297f,Q9BU61,False,TNFRSF1A,455,67798edab4531e17cdc23203459a594909edf57e9e01653fba722356c72ef5aa,P19438,additional_six,False,-1.551816463470459,-0.7333878477414449,-12.786866188049316,-13.544886589050293,-13.139641761779785,-13.157131512959799,93.0,61.0,256.0
background,P01375,U,False,False,77,EIF4EBP1,118,e3117ed0ded827072d1fc70299f6dabc5e50c31afcbd0057a5cee9f6dc2816b1,Q13541,False,TNFRSF1A,455,67798edab4531e17cdc23203459a594909edf57e9e01653fba722356c72ef5aa,P19438,additional_six,False,-2.9318079153696694,-4.512673695882161,-14.044668197631836,-15.411689758300781,-13.618881225585938,-14.358413060506185,253.0,296.0,288.0
background,P01375,U,False,False,78,ZDHHC3,299,4f521c7c4176925d8cbfa947312a9ffa8780444d83608c49567db427424cf7c6,Q9NYG2,False,TNFRSF1A,455,67798edab4531e17cdc23203459a594909edf57e9e01653fba722356c72ef5aa,P19438,additional_six,False,-0.5093944172064463,0.0014931559562683105,-8.196342468261719,-4.462576866149902,-4.63945198059082,-5.7661237716674805,27.0,25.0,16.0
background,P01375,U,False,False,79,GEMIN6,167,304233a3019e80be79df163a8eb4dc986c78c848eb0f8b73410951fc2b455165,Q8WXD5,False,TNFRSF1A,455,67798edab4531e17cdc23203459a594909edf57e9e01653fba722356c72ef5aa,P19438,additional_six,False,-1.484071969985962,-2.568512042363485,-13.59801197052002,-14.467667579650879,-16.006380081176758,-14.690686543782553,86.0,204.0,294.0
background,P01375,U,False,False,80,IGHV7-81,117,bf7d617b60eafc349c6333a6f80bfb39304b125e3fc2e471d0150e587185a077,A0A0B4J1V7,False,TNFRSF1A,455,67798edab4531e17cdc23203459a594909edf57e9e01653fba722356c72ef5aa,P19438,additional_six,False,-0.031075882414976757,-1.8504436413447063,-8.102115631103516,-6.784899711608887,-5.227855682373047,-6.704957008361816,12.0,136.0,38.0
background,P01375,U,False,False,81,PGAM4,254,aac5ce9429f16204a89c1c2202fdf5a11a482d12e2a7b9186f6824faa48bcc08,Q8N0Y7,False,TNFRSF1A,455,67798edab4531e17cdc23203459a594909edf57e9e01653fba722356c72ef5aa,P19438,additional_six,False,-3.0255027612050376,-3.536816676457723,-9.387495040893555,-14.747726440429688,-10.313490867614746,-11.482904116312662,263.0,270.0,179.0
background,P01375,U,False,False,82,IFI35,286,cc8809aedf29f325982ed997cd0fc31d30f5cf52b675ccb4d8ac304e603077ac,P80217,False,TNFRSF1A,455,67798edab4531e17cdc23203459a594909edf57e9e01653fba722356c72ef5aa,P19438,additional_six,False,-3.013326565424601,-2.8529536724090576,-12.04478645324707,-12.337475776672363,-12.92827320098877,-12.436845143636068,261.0,232.0,227.0
background,P01375,U,False,False,83,CLXN,211,302c7fc435faf042d51776386be888dabd1a043195581ea6496fb3f5d6389847,Q9HAE3,False,TNFRSF1A,455,67798edab4531e17cdc23203459a594909edf57e9e01653fba722356c72ef5aa,P19438,additional_six,False,-1.4322563409805298,-1.8267552852630615,-11.382427215576172,-12.977381706237793,-9.954757690429688,-11.438188870747885,80.0,133.0,177.0
background,P01375,U,False,False,84,TSEN15,171,b83bd73491e1caed6a4eb7d25d3bb81aa9e0c06eb39770dc5e514b0803620927,Q8WW01,False,TNFRSF1A,455,67798edab4531e17cdc23203459a594909edf57e9e01653fba722356c72ef5aa,P19438,additional_six,False,-2.0466306606928506,-2.162285804748535,-8.380876541137695,-9.943434715270996,-8.113666534423828,-8.81265926361084,156.0,169.0,109.0
background,P01375,U,False,False,85,SNAI2,268,6cad100489d982ab2e7c53da0f624ae0b43190502b4a3dd751e8dff8129cf40f,O43623,False,TNFRSF1A,455,67798edab4531e17cdc23203459a594909edf57e9e01653fba722356c72ef5aa,P19438,additional_six,False,-1.1610815525054932,-1.5758730967839558,-11.796820640563965,-16.39722442626953,-12.015813827514648,-13.403286298116049,57.0,111.0,264.0
background,P01375,U,False,False,86,WBP1,269,6a3cf3f4b89cfee4eeeb5d3948c4b50a1e61479dd1c40d77e707e66713ee83cc,Q96G27,False,TNFRSF1A,455,67798edab4531e17cdc23203459a594909edf57e9e01653fba722356c72ef5aa,P19438,additional_six,False,-1.4841516415278118,-1.937568465868632,-10.103482246398926,-9.785567283630371,-4.045337200164795,-7.978128910064697,87.0,144.0,83.0
background,P01375,U,False,False,87,FCRLA,359,f2ec8a213e90f3a0bd5f3a1d9c69bc295791b80cc8f0d17497ec70f90f490006,Q7L513,False,TNFRSF1A,455,67798edab4531e17cdc23203459a594909edf57e9e01653fba722356c72ef5aa,P19438,additional_six,False,-2.6640001932779946,-2.4526637395222983,-5.299894332885742,-8.35234546661377,-6.1193766593933105,-6.5905388196309405,223.0,194.0,31.0
background,P01375,U,False,False,88,DCTN6,190,0885c30f8dc24eaaf1941ee1c8c3eebd2320306b0b87473444204080ab0846a7,O00399,False,TNFRSF1A,455,67798edab4531e17cdc23203459a594909edf57e9e01653fba722356c72ef5aa,P19438,additional_six,False,-2.1380011638005576,-2.913207451502482,-14.196643829345703,-12.717284202575684,-7.644115924835205,-11.519347985585531,170.0,237.0,182.0
background,P01375,U,False,False,89,DAPK2,370,13b123fd9e2dead9f26f0242ed2e18c4f2845f0255f774288eb6bf4cdea61463,Q9UIK4,False,TNFRSF1A,455,67798edab4531e17cdc23203459a594909edf57e9e01653fba722356c72ef5aa,P19438,additional_six,False,-2.11485226949056,-2.9157636165618896,-15.285542488098145,-12.560484886169434,-10.722020149230957,-12.856015841166178,164.0,238.0,245.0
background,P01375,U,False,False,90,IGLV4-69,119,9ffab8729ee5383ffeff69919442fee5cc5bc0e32c3ec899f0022c2b52e9e4af,A0A075B6H9,False,TNFRSF1A,455,67798edab4531e17cdc23203459a594909edf57e9e01653fba722356c72ef5aa,P19438,additional_six,False,-0.07564747830231984,-0.7400475939114889,-9.741446495056152,-6.2897844314575195,-4.49069881439209,-6.840643246968587,14.0,63.0,42.0
background,P01375,U,False,False,91,TXNIP,391,ac9246474c835a4c8ca7e13300a00c802298ce3f904d296a4feb77cb10903eb9,Q9H3M7,False,TNFRSF1A,455,67798edab4531e17cdc23203459a594909edf57e9e01653fba722356c72ef5aa,P19438,additional_six,False,-2.1214720408121743,-1.7942523558934529,-8.829431533813477,-16.260684967041016,-13.151071548461914,-12.747062683105469,166.0,131.0,242.0
background,P01375,U,False,False,92,PRSS35,413,2deddf7c14d498459adc84f84ed6218846300b6bc2ccf4115af0d7a1811aa7d4,Q8N3Z0,False,TNFRSF1A,455,67798edab4531e17cdc23203459a594909edf57e9e01653fba722356c72ef5aa,P19438,additional_six,False,-2.3435121377309165,-3.3644394874572754,-11.658849716186523,-14.576237678527832,-12.944717407226562,-13.059934933980307,195.0,262.0,253.0
background,P01375,U,False,False,93,MACROD2,425,872c0ec9e3b701db921bb86f314bea026aae3d069c8212c1eaf33dae7d47d856,A1Z1Q3,False,TNFRSF1A,455,67798edab4531e17cdc23203459a594909edf57e9e01653fba722356c72ef5aa,P19438,additional_six,False,-2.375041405359904,-3.103729248046875,-14.23337173461914,-11.739325523376465,-13.8900785446167,-13.287591934204102,203.0,251.0,259.0
background,P01375,U,False,False,94,HBB,147,9ebf320eb707d71644444fe5006ed58af56a0bf0ec9568eb6a3a65e0e8191465,P68871,False,TNFRSF1A,455,67798edab4531e17cdc23203459a594909edf57e9e01653fba722356c72ef5aa,P19438,additional_six,False,-1.8882026672363281,-3.458839257558187,-12.123905181884766,-13.130867958068848,-12.695234298706055,-12.650002479553223,138.0,264.0,237.0
background,P01375,U,False,False,95,NEURL3,262,6339a607cd75640403c619f1c6dece0584200b4179c1b0b244a41ca86eb4d853,Q96EH8,False,TNFRSF1A,455,67798edab4531e17cdc23203459a594909edf57e9e01653fba722356c72ef5aa,P19438,additional_six,False,-2.63139541943868,-2.059537967046102,-14.945975303649902,-13.524909019470215,-8.041827201843262,-12.170903841654459,218.0,162.0,209.0
background,P01375,U,False,False,96,C5orf52,159,45a7fee3522b80796d6105c2479b061d7bec81ba3a8b6a9493a96906f46830dc,A6NGY3,False,TNFRSF1A,455,67798edab4531e17cdc23203459a594909edf57e9e01653fba722356c72ef5aa,P19438,additional_six,False,-3.5268561045328775,-3.129172960917155,-12.369341850280762,-16.037717819213867,-11.536221504211426,-13.314427057902018,282.0,252.0,261.0
background,P01375,U,False,False,97,RFLNA,216,ddc47d2bdd2d7d10ee02cddd97415c20048351a22ed18b7706ed71adc79dde35,Q6ZTI6,False,TNFRSF1A,455,67798edab4531e17cdc23203459a594909edf57e9e01653fba722356c72ef5aa,P19438,additional_six,False,-5.19072421391805,-3.9191622734069824,-12.848098754882812,-11.50318717956543,-11.769119262695312,-12.040135065714518,303.0,288.0,202.0
background,P01375,U,False,False,98,TDP2,362,bd38bd4790028d4666b4138013a04d3ac74c9904985fd571a88753595d894e1e,O95551,False,TNFRSF1A,455,67798edab4531e17cdc23203459a594909edf57e9e01653fba722356c72ef5aa,P19438,additional_six,False,-1.4216961065928142,-2.1647468407948813,-16.11894416809082,-14.162544250488281,-10.860047340393066,-13.713845252990723,79.0,170.0,274.0
background,P01375,U,False,False,99,ABT1,272,3903c6d4525d80766939fb79054416ea89a83febd6b98a35e67475d37a7af63d,Q9ULW3,False,TNFRSF1A,455,67798edab4531e17cdc23203459a594909edf57e9e01653fba722356c72ef5aa,P19438,additional_six,False,-2.912449916203817,-3.6843315760294595,-14.940753936767578,-15.992997169494629,-13.64820384979248,-14.860651652018229,249.0,279.0,297.0
background,P01375,U,False,False,100,HCCS,268,92c87b4257b7a293616a022782d65fd37c7b5b7f3e9706229e5b37d35423fb77,P53701,False,TNFRSF1A,455,67798edab4531e17cdc23203459a594909edf57e9e01653fba722356c72ef5aa,P19438,additional_six,False,-2.362759749094645,-3.0370419025421143,-8.020139694213867,-9.189804077148438,-10.771743774414062,-9.327229181925455,202.0,246.0,120.0
background,P01375,U,False,False,101,MRAP2,205,eb81177efb529598b0625f27a4dd4972df7d8c7c625d0a81f5d0e4174e3fdcbb,Q96G30,False,TNFRSF1A,455,67798edab4531e17cdc23203459a594909edf57e9e01653fba722356c72ef5aa,P19438,additional_six,False,-2.2964792251586914,-1.3929953177769978,-10.04185962677002,-4.4873528480529785,-5.621918678283691,-6.7170437177022295,189.0,98.0,39.0
background,P01375,U,False,False,102,P2RY11,374,1457cc37fe90125e3eb5fb1673cd0881ebb57ab5c80dcbeadd95da0d567fb66f,Q96G91,False,TNFRSF1A,455,67798edab4531e17cdc23203459a594909edf57e9e01653fba722356c72ef5aa,P19438,additional_six,False,-1.2903867562611897,0.29909608761469525,-9.628458976745605,-6.719736576080322,-6.187763214111328,-7.511986255645752,71.0,11.0,65.0
background,P01375,U,False,False,103,MMD2,270,45e6bcd08535556eeec5509ac0e92be1d46af2453d99b6a2905ab5579448d413,Q8IY49,False,TNFRSF1A,455,67798edab4531e17cdc23203459a594909edf57e9e01653fba722356c72ef5aa,P19438,additional_six,False,-0.6293858091036478,0.41912664969762164,-9.827144622802734,-6.238786220550537,-5.806128025054932,-7.290686289469401,28.0,8.0,58.0
context,P01374,U,False,False,104,IGHV3-64,118,6150329435f035ca672cfd4a07b5e2f8b6ada1f57419ff2b0c051a032f0ae8f2,A0A075B6Q5,False,TNFRSF1A,455,67798edab4531e17cdc23203459a594909edf57e9e01653fba722356c72ef5aa,P19438,additional_six,False,-1.1672772566477458,-2.5251007874806723,-9.828377723693848,-9.258453369140625,-4.266074180603027,-7.7843017578125,58.0,199.0,75.0
context,P01374,U,False,False,105,FIBIN,211,7a33874e5f7f68d3a5a5fd4209be9dbabc2e8a52db41db1574f08a08019901fc,Q8TAL6,False,TNFRSF1A,455,67798edab4531e17cdc23203459a594909edf57e9e01653fba722356c72ef5aa,P19438,additional_six,False,-1.159759481747945,-0.6477929949760437,-9.314003944396973,-7.824284553527832,-6.876804351806641,-8.005030949910482,56.0,56.0,84.0
context,P01374,U,False,False,106,NPB,125,2da66add7b773be3f524514102345cd5ecc4a212d6e0887889a593dd562a9d91,Q8NG41,False,TNFRSF1A,455,67798edab4531e17cdc23203459a594909edf57e9e01653fba722356c72ef5aa,P19438,additional_six,False,-2.8090523878733316,-2.988877216974894,-10.410501480102539,-10.558450698852539,-8.72671127319336,-9.898554484049479,234.0,242.0,134.0
context,P01374,U,False,False,107,ARTN,220,3eb322d0bc238b699e5f84ef48e4a437418a59159f9ac9083c9f90f28b78f76f,Q5T4W7,False,TNFRSF1A,455,67798edab4531e17cdc23203459a594909edf57e9e01653fba722356c72ef5aa,P19438,additional_six,False,-3.559433619181315,-3.0193154017130532,-6.934415340423584,-12.058379173278809,-11.106212615966797,-10.033002376556396,283.0,245.0,140.0
context,P01374,U,False,False,108,GRP,148,609736be1c2278191533f7d55b116f55a95716e2eb05a54af1801960816d7d71,P07492,False,TNFRSF1A,455,67798edab4531e17cdc23203459a594909edf57e9e01653fba722356c72ef5aa,P19438,additional_six,False,-3.5955068270365396,-2.183587352434794,-12.08676528930664,-12.954169273376465,-11.786906242370605,-12.275946935017904,286.0,172.0,217.0
context,P01374,U,False,False,109,ADCYAP1,176,bfc08b2f0cfee11609798bc0e9576f325c958cab21544ed70904aedae70c9269,P18509,False,TNFRSF1A,455,67798edab4531e17cdc23203459a594909edf57e9e01653fba722356c72ef5aa,P19438,additional_six,False,-3.6192702452341714,-2.9689135551452637,-12.865303993225098,-13.933691024780273,-10.744354248046875,-12.514449755350748,288.0,241.0,230.0
context,P01374,U,False,False,110,LY96,160,cc6051cc087ee7754ce05ac28b3e20fc0ba4908ece9a5f529acfbd9a9a5b1314,Q9Y6Y9,False,TNFRSF1A,455,67798edab4531e17cdc23203459a594909edf57e9e01653fba722356c72ef5aa,P19438,additional_six,False,-1.5669941107432048,0.27649301290512085,-11.498268127441406,-11.228921890258789,-11.753636360168457,-11.493608792622885,96.0,12.0,181.0
context,P01374,U,False,False,111,WNT8A,351,7ea29509dfaef55664f8f880464762cf470710d183b9d6d103e87b9851c83011,Q9H1J5,False,TNFRSF1A,455,67798edab4531e17cdc23203459a594909edf57e9e01653fba722356c72ef5aa,P19438,additional_six,False,-1.5917630990346272,-1.3707934021949768,-8.358946800231934,-7.706456661224365,-6.385846138000488,-7.483749866485596,99.0,94.0,63.0
context,P01374,U,False,False,112,MFAP2,183,4f1ecb129ad9de1fb54db840b6e0ebc840077c81e6b8a0909539ae811337eeaf,P55001,False,TNFRSF1A,455,67798edab4531e17cdc23203459a594909edf57e9e01653fba722356c72ef5aa,P19438,additional_six,False,-0.769045889377594,-0.4958908756573995,-9.640290260314941,-4.593110084533691,-9.421192169189453,-7.884864171346028,34.0,43.0,80.0
context,P01374,U,False,False,113,IGHV3-15,119,bc810432fd9d4ff134277dad91769ce3baf668a56fc15bc431740048df4cbaf0,A0A0B4J1V0,False,TNFRSF1A,455,67798edab4531e17cdc23203459a594909edf57e9e01653fba722356c72ef5aa,P19438,additional_six,False,-1.8058795134226482,-3.1367682218551636,-9.531366348266602,-8.873043060302734,-6.477425575256348,-8.29394499460856,127.0,253.0,92.0
context,P01374,U,False,False,114,REG1B,166,c3a645fbaa990c47fde156e2b3b289bf2eb2067a8a6064dc57f60eada26a32a2,P48304,False,TNFRSF1A,455,67798edab4531e17cdc23203459a594909edf57e9e01653fba722356c72ef5aa,P19438,additional_six,False,-1.0586858987808228,-1.192969560623169,-10.232483863830566,-13.154720306396484,-10.756756782531738,-11.381320317586264,49.0,85.0,176.0
context,P01374,U,False,False,115,IGF1,195,1262a27a2b8171ad653c5fc1b8e2d81da66b2d4f5d88b237ab7ec9ae03589a8e,P05019,False,TNFRSF1A,455,67798edab4531e17cdc23203459a594909edf57e9e01653fba722356c72ef5aa,P19438,additional_six,False,-3.011993885040283,-2.906299114227295,-11.193863868713379,-14.249907493591309,-11.642607688903809,-12.362126350402832,260.0,236.0,225.0
context,P01374,U,False,False,116,GDF15,308,e7cc12a1753279a291fd91d77b26604b50d4add207e63e5fd2e433fc6cc77a57,Q99988,False,TNFRSF1A,455,67798edab4531e17cdc23203459a594909edf57e9e01653fba722356c72ef5aa,P19438,additional_six,False,-1.7777470350265503,-0.9401493668556213,-9.681648254394531,-12.525437355041504,-10.814203262329102,-11.007096290588379,123.0,71.0,164.0
context,P01374,U,False,False,117,IGKV2-29,120,0cd30f9ac1267fb746329d0a461734cec05a45c2ce9568c3859b20b2669c2c1f,A2NJV5,False,TNFRSF1A,455,67798edab4531e17cdc23203459a594909edf57e9e01653fba722356c72ef5aa,P19438,additional_six,False,-0.40816178917884827,-1.3736983338991802,-8.365010261535645,-7.046353340148926,-5.125043869018555,-6.845469156901042,22.0,95.0,43.0
context,P01374,U,False,False,118,ANXA1,346,a5b9c1e8750f0318983cf6587c1313c9dcaec27036783dcc8ac33a55b5dfa925,P04083,False,TNFRSF1A,455,67798edab4531e17cdc23203459a594909edf57e9e01653fba722356c72ef5aa,P19438,additional_six,False,-2.7516722679138184,-2.7869317531585693,-11.39948844909668,-9.188753128051758,-7.775598526000977,-9.45461336771647,229.0,226.0,124.0
context,P01374,U,False,False,119,CBLN3,205,74c231e80546485f8910524e88883d88d71ddf6686efc5959205b5ef75a3bb71,Q6UW01,False,TNFRSF1A,455,67798edab4531e17cdc23203459a594909edf57e9e01653fba722356c72ef5aa,P19438,additional_six,False,-2.224440097808838,-2.1159871419270835,-9.89725399017334,-14.618461608886719,-6.631125450134277,-10.382280349731445,179.0,166.0,153.0
context,P01374,U,False,False,120,RARRES2,163,91067cbea52a9736b1a00d9b8fa472bcfb997fde587ea3354c4ee8a0e637e318,Q99969,False,TNFRSF1A,455,67798edab4531e17cdc23203459a594909edf57e9e01653fba722356c72ef5aa,P19438,additional_six,False,-3.2159742514292398,-3.891014019648234,-11.497661590576172,-12.374001502990723,-12.999072074890137,-12.290245056152344,269.0,287.0,219.0
context,P01374,U,False,False,121,IGKV4-1,121,88a2bde9343dabc2a1d566fed0f4d8d20fbb0502fb9e9159d3a1075444ba4bfb,P06312,False,TNFRSF1A,455,67798edab4531e17cdc23203459a594909edf57e9e01653fba722356c72ef5aa,P19438,additional_six,False,0.4543956220149994,-0.894938071568807,-9.872584342956543,-8.099684715270996,-5.481992721557617,-7.818087259928386,2.0,69.0,77.0
context,P01374,U,False,False,122,CSN3,182,8f19b0546f940fbadeb649dfba79db5f30b83762902944b0c3044ed419cfc214,P07498,False,TNFRSF1A,455,67798edab4531e17cdc23203459a594909edf57e9e01653fba722356c72ef5aa,P19438,additional_six,False,-2.7623774210611978,-2.3036869366963706,-11.764317512512207,-9.63526439666748,-8.79074478149414,-10.06344223022461,231.0,182.0,143.0
context,P01374,U,False,False,123,REN,406,fcfb09a6bd3571f67e1a10ecdcd3005e00f3bd03a7e392bbe0ad742723ca029f,P00797,False,TNFRSF1A,455,67798edab4531e17cdc23203459a594909edf57e9e01653fba722356c72ef5aa,P19438,additional_six,False,-1.5241682926813762,-0.965508500734965,-10.502619743347168,-7.814416408538818,-12.400052070617676,-10.23902940750122,90.0,75.0,146.0
context,P01374,U,False,False,124,IGKV2-30,120,e75e04ed89400e69270e6ee1c8deb8cfe4fd71145b14f4251a69990e7889ca70,P06310,False,TNFRSF1A,455,67798edab4531e17cdc23203459a594909edf57e9e01653fba722356c72ef5aa,P19438,additional_six,False,0.02307571719090144,-0.4389149347941081,-9.414812088012695,-7.517280101776123,-3.9907805919647217,-6.97429092725118,9.0,41.0,48.0
context,P01374,U,False,False,125,PRADC1,188,a171d4adc086940746c696fcb443aa142251df2d5edcb53a5590aa4c5a5b4354,Q9BSG0,False,TNFRSF1A,455,67798edab4531e17cdc23203459a594909edf57e9e01653fba722356c72ef5aa,P19438,additional_six,False,-1.7286717891693115,-2.668599526087443,-8.730396270751953,-13.119680404663086,-12.470023155212402,-11.440033276875814,117.0,217.0,178.0
context,P01374,U,False,False,126,IL5,134,b536d3a02bc7e2f29dab0bfcbc26b7f040787562db36559fd93ca839c513102e,P05113,False,TNFRSF1A,455,67798edab4531e17cdc23203459a594909edf57e9e01653fba722356c72ef5aa,P19438,additional_six,False,-2.8210320472717285,-1.945839484532674,-11.429360389709473,-6.473977565765381,-8.2716703414917,-8.725002765655518,237.0,145.0,105.0
context,P01374,U,False,False,127,IFNG,166,62f4843c60cbed2b811412deaf7c7932eb8da01c0646c400fa694004491f67de,P01579,False,TNFRSF1A,455,67798edab4531e17cdc23203459a594909edf57e9e01653fba722356c72ef5aa,P19438,additional_six,False,-2.9107120831807456,-1.9285920063654582,-11.31650161743164,-12.534398078918457,-7.944566249847412,-10.598488648732504,248.0,142.0,158.0
context,P01374,U,False,False,128,FCGR3B,233,11deba54d0bda18d921ed8e0fc44cf4b5c0093f5eef6930b4cba9c2adb29ce71,O75015,False,TNFRSF1A,455,67798edab4531e17cdc23203459a594909edf57e9e01653fba722356c72ef5aa,P19438,additional_six,False,-1.1156092087427776,-1.1542247136433919,-8.057985305786133,-5.147091865539551,-5.071516036987305,-6.092197736104329,52.0,83.0,23.0
context,P01374,U,False,False,129,KLK12,248,3ec4fc8892ac7417e95b509059279d2ef942d5a55ec9a8d6bd023b251478cba5,Q9UKR0,False,TNFRSF1A,455,67798edab4531e17cdc23203459a594909edf57e9e01653fba722356c72ef5aa,P19438,additional_six,False,-1.5021628538767497,-2.160611867904663,-6.697176456451416,-13.613322257995605,-8.557637214660645,-9.622711976369223,88.0,168.0,128.0
context,P01374,U,False,False,130,LY6G5B,201,b6049f473cb67e6a0641c70ed840ba8e110349e3d623d0befa5c0cc376ee1b39,Q8NDX9,False,TNFRSF1A,455,67798edab4531e17cdc23203459a594909edf57e9e01653fba722356c72ef5aa,P19438,additional_six,False,-1.8114899794260662,-1.5070487260818481,-10.208684921264648,-11.454726219177246,-9.089513778686523,-10.250974973042807,128.0,106.0,148.0
context,P01374,U,False,False,131,IGLV2-8,118,da47a3d462301b312b05642996ea404fe98e014c04ce9c03dff209e768e50a3a,P01709,False,TNFRSF1A,455,67798edab4531e17cdc23203459a594909edf57e9e01653fba722356c72ef5aa,P19438,additional_six,False,-0.24351012706756592,-0.496763010819753,-8.930636405944824,-8.548986434936523,-2.869586706161499,-6.783069849014282,19.0,44.0,40.0
context,P01374,U,False,False,132,RETN,108,d9a426ca5ac18acdd4e6e0f30e1ad4b929d78152799802e3b6fd32108045c6c1,Q9HD89,False,TNFRSF1A,455,67798edab4531e17cdc23203459a594909edf57e9e01653fba722356c72ef5aa,P19438,additional_six,False,-1.8144731918970745,-1.0331535935401917,-7.6659746170043945,-7.011384010314941,-7.463748931884766,-7.380369186401367,129.0,80.0,61.0
context,P01374,U,False,False,133,CSHL1,222,77f9050abd060e90dc2ef2b9b8f363f0bf3e631759a44e2293966a58aedc2225,Q14406,False,TNFRSF1A,455,67798edab4531e17cdc23203459a594909edf57e9e01653fba722356c72ef5aa,P19438,additional_six,False,-3.5910967191060386,-3.5477165381113687,-11.656601905822754,-13.137691497802734,-10.010601997375488,-11.601631800333658,285.0,271.0,183.0
context,P01374,U,False,False,134,VSTM2A,236,c361ffc2f7cce3da727dcc73c15b6e808f36cfc306c31ca9a71d1a0e784df1ad,Q8TAG5,False,TNFRSF1A,455,67798edab4531e17cdc23203459a594909edf57e9e01653fba722356c72ef5aa,P19438,additional_six,False,-1.5026436646779378,-1.4299555818239849,-12.232108116149902,-3.994325876235962,-6.5670013427734375,-7.597811778386434,89.0,100.0,67.0
context,P01374,U,False,False,135,FRZB,325,6f27d03d47a449271d7ef7dbea703faf99a33993c97fe17c0b26f288d81dd383,Q92765,False,TNFRSF1A,455,67798edab4531e17cdc23203459a594909edf57e9e01653fba722356c72ef5aa,P19438,additional_six,False,-1.612849275271098,-2.249712824821472,-10.736186027526855,-13.568482398986816,-13.769821166992188,-12.69149653116862,100.0,178.0,239.0
context,P01374,U,False,False,136,NMB,121,538a37c6a652ef5565d67faefac4023cfe4042ec4dc9fa60fba65e485c28542c,P08949,False,TNFRSF1A,455,67798edab4531e17cdc23203459a594909edf57e9e01653fba722356c72ef5aa,P19438,additional_six,False,-4.369536876678467,-4.293691476186116,-11.93143081665039,-14.735389709472656,-8.31304931640625,-11.659956614176432,299.0,292.0,186.0
context,P01374,U,False,False,137,TOR2A,242,5a39523224a7228e9ccddd0ef4ec0f8c077125fd310960b4c8dd54c07e016621,Q8N2E6,False,TNFRSF1A,455,67798edab4531e17cdc23203459a594909edf57e9e01653fba722356c72ef5aa,P19438,additional_six,False,-2.491769472757975,-2.6783081690470376,-13.058188438415527,-15.526238441467285,-8.959952354431152,-12.514793078104654,209.0,218.0,231.0
context,P01374,U,False,False,138,GZMM,257,c56496c50a1c57e64e72468eb135cff113e5e15177d890a87c0a345e04ac19c0,P51124,False,TNFRSF1A,455,67798edab4531e17cdc23203459a594909edf57e9e01653fba722356c72ef5aa,P19438,additional_six,False,-2.864778439203898,-3.494959910710653,-11.387130737304688,-13.69777774810791,-8.56789493560791,-11.21760114034017,242.0,267.0,170.0
context,P01374,U,False,False,139,REG3A,175,77f442919756f70ff47ff9909da185e26bd25cfa1633a8907c3da0ec31992062,Q06141,False,TNFRSF1A,455,67798edab4531e17cdc23203459a594909edf57e9e01653fba722356c72ef5aa,P19438,additional_six,False,-0.8997448285420736,-0.6779499650001526,-9.134376525878906,-10.553864479064941,-10.822428703308105,-10.170223236083984,43.0,59.0,145.0
context,P01374,U,False,False,140,WNT5A,380,0a57ca60e95802846be9713727f56860a77bc7f2e7bd965a0d9c02cc2743046b,P41221,False,TNFRSF1A,455,67798edab4531e17cdc23203459a594909edf57e9e01653fba722356c72ef5aa,P19438,additional_six,False,-2.1234395503997803,-1.7636713584264119,-8.587104797363281,-5.174407958984375,-6.063685894012451,-6.608399550120036,168.0,125.0,32.0
context,P01374,U,False,False,141,OAS1,400,110bf4c06cc0598999643646a52973d5017ddda6e2df2ec169b5c3bdba9c5ef4,P00973,False,TNFRSF1A,455,67798edab4531e17cdc23203459a594909edf57e9e01653fba722356c72ef5aa,P19438,additional_six,False,-1.1750974456469219,-2.3865750630696616,-10.874217987060547,-15.851236343383789,-11.6865816116333,-12.804011980692545,59.0,191.0,244.0
context,P01374,U,False,False,142,RNASET2,256,6d4146c6a9526175d43b23fe5e078d8034e8af03534c356b1f58b1229cc0c003,O00584,False,TNFRSF1A,455,67798edab4531e17cdc23203459a594909edf57e9e01653fba722356c72ef5aa,P19438,additional_six,False,-2.843949476877848,-3.1998514334360757,-7.874483585357666,-11.485560417175293,-8.860115051269531,-9.40671968460083,240.0,256.0,123.0
context,P01374,U,False,False,143,IGKV1-37,117,4657149cb4e792fe4475b82fa4276f1e16ee8297b3a2cf524af9ee4b0d9243e4,A0A075B6S9,False,TNFRSF1A,455,67798edab4531e17cdc23203459a594909edf57e9e01653fba722356c72ef5aa,P19438,additional_six,False,-0.29115454852581024,-0.9633533159891764,-9.283476829528809,-7.999167442321777,-5.5832839012146,-7.6219760576883955,20.0,74.0,69.0
context,P01374,U,False,False,144,IGKV2-24,120,a42a3e8a27b5f7cea52d872c91fb00d8e16b1904ba31097a4c542d254100198a,A0A0C4DH68,False,TNFRSF1A,455,67798edab4531e17cdc23203459a594909edf57e9e01653fba722356c72ef5aa,P19438,additional_six,False,-0.012387548883756002,-0.7336505452791849,-8.202117919921875,-8.16478443145752,-2.631744384765625,-6.332882245381673,10.0,62.0,29.0
context,P01374,U,False,False,145,C1QL1,258,d2c62a0ce5fa04b3ce218c015e6800390f5c9ed8ea54a7e93bfcca770e86184a,O75973,False,TNFRSF1A,455,67798edab4531e17cdc23203459a594909edf57e9e01653fba722356c72ef5aa,P19438,additional_six,False,-0.15444736431042352,0.05388796329498291,-8.779083251953125,-4.853209972381592,-4.194900989532471,-5.9423980712890625,15.0,19.0,18.0
context,P01374,U,False,False,146,FGF8,233,c9e1e21512667a8d835cf7c1ca10bd1fc12aa8e2cc749590dbef439cec5bd3c0,P55075,False,TNFRSF1A,455,67798edab4531e17cdc23203459a594909edf57e9e01653fba722356c72ef5aa,P19438,additional_six,False,-2.322103500366211,-1.66464896996816,-11.29167366027832,-12.776759147644043,-11.11353588104248,-11.727322896321615,192.0,114.0,191.0
context,P01374,U,False,False,147,FGF3,239,fa401a99008658b837f2e5194ce0b8424bc5c777da0ebfca50b9225c068811a2,P11487,False,TNFRSF1A,455,67798edab4531e17cdc23203459a594909edf57e9e01653fba722356c72ef5aa,P19438,additional_six,False,-2.6718575954437256,-1.9779869715372722,-9.770689010620117,-11.743812561035156,-8.6127347946167,-10.042412122090658,224.0,151.0,142.0
context,P01374,U,False,False,148,BSPH1,132,0f59dd26c6608399255f1700f70aa3fc88098bfee996c236af3bf32c142044ec,Q075Z2,False,TNFRSF1A,455,67798edab4531e17cdc23203459a594909edf57e9e01653fba722356c72ef5aa,P19438,additional_six,False,-1.8802927732467651,-0.5986493031183878,-9.00002384185791,-9.15229606628418,-8.246539115905762,-8.799619674682617,137.0,52.0,108.0
context,P01374,U,False,False,149,ADIPOQ,244,0cd6bacadafe49919051c85c610b36b7d834e296ef5a6fcf9ca5d22f59799b00,Q15848,False,TNFRSF1A,455,67798edab4531e17cdc23203459a594909edf57e9e01653fba722356c72ef5aa,P19438,additional_six,False,-0.8080585797627767,0.3795508146286011,-6.967611312866211,-2.399075508117676,-3.052114725112915,-4.139600515365601,36.0,9.0,2.0
context,P01374,U,False,False,150,C1QTNF2,285,0285991de11ecbe596f79cfe97ec2458a104c5eb2f1313a414cbc1ef9eb6a5c7,Q9BXJ5,False,TNFRSF1A,455,67798edab4531e17cdc23203459a594909edf57e9e01653fba722356c72ef5aa,P19438,additional_six,False,-0.9989695946375529,-0.5908165375391642,-10.680113792419434,-12.374796867370605,-10.538069725036621,-11.197660128275553,46.0,51.0,169.0
context,P01374,U,False,False,151,FGL1,312,6e0ada300a5d2b01563af846958dea3fda34a39461b3c3de8042e704bd524f62,Q08830,False,TNFRSF1A,455,67798edab4531e17cdc23203459a594909edf57e9e01653fba722356c72ef5aa,P19438,additional_six,False,-1.7197829484939575,-1.7478150526682537,-9.928295135498047,-8.78512954711914,-7.022461891174316,-8.578628857930502,115.0,122.0,100.0
context,P01374,U,False,False,152,AIMP1,312,b0d0457c3f95487b2edd8e8097e8e954619445e86698cbf1dc672e231d82f7b8,Q12904,False,TNFRSF1A,455,67798edab4531e17cdc23203459a594909edf57e9e01653fba722356c72ef5aa,P19438,additional_six,False,-1.5526988903681438,-2.0380285580952964,-15.050704956054688,-14.486912727355957,-14.690386772155762,-14.742668151855469,94.0,156.0,296.0
context,P01374,U,False,False,153,IGLV3-25,112,9eaefa82868860f1f7c4193a883ec36dd5b1782ccabeaf52ba0bf17e2ac56800,P01717,False,TNFRSF1A,455,67798edab4531e17cdc23203459a594909edf57e9e01653fba722356c72ef5aa,P19438,additional_six,False,0.2495689665277799,0.04183351993560791,-10.435794830322266,-6.414143085479736,-4.147923946380615,-6.999287287394206,5.0,21.0,50.0
background,P01374,U,False,False,154,TRAV26-2,109,0826e1bbce2bc8bfddf118e930c310df6308cc8c84a9d78a506dbd5cf891bfc1,A0A0B4J265,False,TNFRSF1A,455,67798edab4531e17cdc23203459a594909edf57e9e01653fba722356c72ef5aa,P19438,additional_six,False,-1.6738991737365723,-1.6760782798131306,-9.877741813659668,-9.383492469787598,-6.8775224685668945,-8.712918917338053,110.0,115.0,103.0
background,P01374,U,False,False,155,FEV,238,a069870fd633d11d498504784c213385ea9ad655a3f400ea0da260ba6ca155c6,Q99581,False,TNFRSF1A,455,67798edab4531e17cdc23203459a594909edf57e9e01653fba722356c72ef5aa,P19438,additional_six,False,-1.9673139651616414,-2.522791067759196,-9.888754844665527,-15.543079376220703,-12.679827690124512,-12.703887303670248,146.0,197.0,240.0
background,P01374,U,False,False,156,PLAAT1,168,4ed6462beaed5dc43a488a798d01083e9bb1b1caff32f2055ed3cefc8a877980,Q9HDD0,False,TNFRSF1A,455,67798edab4531e17cdc23203459a594909edf57e9e01653fba722356c72ef5aa,P19438,additional_six,False,-2.1646154721577964,-2.186709483464559,-11.236947059631348,-11.143522262573242,-8.596516609191895,-10.325661977132162,175.0,173.0,151.0
background,P01374,U,False,False,157,CNMD,334,04344de05dba7991be5bf189ee45fbabc311d737267db3410330db98b7199fd5,O75829,False,TNFRSF1A,455,67798edab4531e17cdc23203459a594909edf57e9e01653fba722356c72ef5aa,P19438,additional_six,False,-0.43668551246325177,-0.5376097758611044,-9.272133827209473,-5.515496253967285,-8.044981002807617,-7.610870361328125,24.0,46.0,68.0
background,P01374,U,False,False,158,GPR148,347,182e30612e8ff44ad0a7f3021ea3dd27b345b54b7caf2553ceac89efaaba7e61,Q8TDV2,False,TNFRSF1A,455,67798edab4531e17cdc23203459a594909edf57e9e01653fba722356c72ef5aa,P19438,additional_six,False,-1.8951865037282307,-0.08287167549133301,-10.86900806427002,-7.072171211242676,-7.9151201248168945,-8.61876646677653,139.0,27.0,101.0
background,P01374,U,False,False,159,NDUFB8,186,7038db1a946192f7adc9c40a478c99ec6b3d3728f8bbc18b1b2844352671d5fe,O95169,False,TNFRSF1A,455,67798edab4531e17cdc23203459a594909edf57e9e01653fba722356c72ef5aa,P19438,additional_six,False,-1.646260142326355,-1.9629682699839275,-6.310227870941162,-5.2827630043029785,-3.24656081199646,-4.9465172290802,105.0,148.0,9.0
background,P01374,U,False,False,160,GCA,217,661b8173ee7a1fc2f9e49373060ee9607cc3380bedfbadfe6d4262becd94c312,P28676,False,TNFRSF1A,455,67798edab4531e17cdc23203459a594909edf57e9e01653fba722356c72ef5aa,P19438,additional_six,False,0.24835661053657532,0.13603129982948303,-12.428153038024902,-13.927124977111816,-9.995828628540039,-12.117035547892252,6.0,17.0,205.0
background,P01374,U,False,False,161,IL2RA,272,290d65d7c27ea9d8968019162a0c555118035dd9deea2b16caaf419b78296792,P01589,False,TNFRSF1A,455,67798edab4531e17cdc23203459a594909edf57e9e01653fba722356c72ef5aa,P19438,additional_six,False,-0.9434274037679037,-0.40541805823644,-8.725541114807129,-5.493321418762207,-5.688680648803711,-6.635847727457683,45.0,39.0,35.0
background,P01374,U,False,False,162,TREM1,234,bf8a7860c621096e38bc5e941f5ff53631a3967ab7fcf10a4e160b59a97aadfa,Q9NP99,False,TNFRSF1A,455,67798edab4531e17cdc23203459a594909edf57e9e01653fba722356c72ef5aa,P19438,additional_six,False,-2.0892521937688193,-2.0082393487294516,-11.683944702148438,-11.610433578491211,-9.584054946899414,-10.959477742513021,161.0,154.0,162.0
background,P01374,U,False,False,163,C1orf52,182,7fcc454c0916c1cd53da921e10d80902b69a7b8d957d5a9c335486c919fc5e89,Q8N6N3,False,TNFRSF1A,455,67798edab4531e17cdc23203459a594909edf57e9e01653fba722356c72ef5aa,P19438,additional_six,False,-2.226757605870565,-3.780270497004191,-13.475333213806152,-12.686318397521973,-11.309845924377441,-12.490499178568522,181.0,282.0,228.0
background,P01374,U,False,False,164,PCGF6,350,262e4d5894eb5381c5df53115170a02db389aaf759f7f1ef77bfa6727cd69338,Q9BYE7,False,TNFRSF1A,455,67798edab4531e17cdc23203459a594909edf57e9e01653fba722356c72ef5aa,P19438,additional_six,False,-2.6356794039408364,-2.880711873372396,-9.817483901977539,-13.729568481445312,-12.905130386352539,-12.15072758992513,219.0,234.0,207.0
background,P01374,U,False,False,165,FAM199X,388,f3686441f51bbe50d039d565b7636dcfcaeddb7855b625757bd938fbcda72278,Q6PEV8,False,TNFRSF1A,455,67798edab4531e17cdc23203459a594909edf57e9e01653fba722356c72ef5aa,P19438,additional_six,False,-1.993149201075236,-3.481972853342692,-9.275521278381348,-18.713741302490234,-8.607440948486328,-12.198901176452637,147.0,266.0,212.0
background,P01374,U,False,False,166,SH2D6,335,74ca51fb9fa59f945ba01b510305c15003efaa4bc8b0d27770f9e205c744a845,Q7Z4S9,False,TNFRSF1A,455,67798edab4531e17cdc23203459a594909edf57e9e01653fba722356c72ef5aa,P19438,additional_six,False,-2.3216613133748374,-2.199612538019816,-9.74903392791748,-16.052936553955078,-11.055928230285645,-12.285966237386068,191.0,174.0,218.0
background,P01374,U,False,False,167,IFNB1,187,783298856c3779f3be0132fd9633d416590dc1e167c5ad0e447f4b682a5b21e6,P01574,False,TNFRSF1A,455,67798edab4531e17cdc23203459a594909edf57e9e01653fba722356c72ef5aa,P19438,additional_six,False,-3.30539600054423,-2.177219827969869,-7.138628959655762,-10.341254234313965,-6.25328254699707,-7.911055246988933,273.0,171.0,82.0
background,P01374,U,False,False,168,ARMC10,343,edba7eb08cfd068ea23e2d03b6fe0c311e2b6d323980f418298371734bf9ce95,Q8N2F6,False,TNFRSF1A,455,67798edab4531e17cdc23203459a594909edf57e9e01653fba722356c72ef5aa,P19438,additional_six,False,-1.734423319498698,-0.6531306703885397,-8.054332733154297,-6.0528035163879395,-6.830810546875,-6.979315598805745,118.0,57.0,49.0
background,P01374,U,False,False,169,MAP6D1,199,7ad0b51a59135f41d12584ace954dff345510f6ee638dd6041720db85b6217e0,Q9H9H5,False,TNFRSF1A,455,67798edab4531e17cdc23203459a594909edf57e9e01653fba722356c72ef5aa,P19438,additional_six,False,-2.192820151646932,-2.54755965868632,-12.10676097869873,-15.07221794128418,-9.811347007751465,-12.330108642578125,176.0,202.0,223.0
background,P01374,U,False,False,170,ZSCAN31,406,fd43f772c4d60a4081e890e220ee343b68b56cf55c3b4c1a0a61f2293abde9bb,Q96LW9,False,TNFRSF1A,455,67798edab4531e17cdc23203459a594909edf57e9e01653fba722356c72ef5aa,P19438,additional_six,False,-2.74340025583903,-2.0164326826731362,-11.034462928771973,-9.653816223144531,-10.10525131225586,-10.264510154724121,227.0,155.0,149.0
background,P01374,U,False,False,171,FIBP,364,25715e57a8459e6a001356f718570b3e77178214de5c62f668f54763838cfae5,O43427,False,TNFRSF1A,455,67798edab4531e17cdc23203459a594909edf57e9e01653fba722356c72ef5aa,P19438,additional_six,False,-2.3395758469899497,-2.380873998006185,-8.999137878417969,-12.68565845489502,-10.603793144226074,-10.762863159179688,194.0,188.0,160.0
background,P01374,U,False,False,172,PLEK,350,8775abf1a78a7e465b45de8c8e9f25bf5e882714c335b99e5078381037ae61cb,P08567,False,TNFRSF1A,455,67798edab4531e17cdc23203459a594909edf57e9e01653fba722356c72ef5aa,P19438,additional_six,False,-1.7878979047139485,-2.6169064044952393,-15.057621955871582,-11.324886322021484,-9.3732271194458,-11.918578465779623,124.0,210.0,198.0
background,P01374,U,False,False,173,RGCC,137,8f47008bd1aace06db2f2a88ac7ff6492200fc4d94084ca8b0913dcd7fca36e4,Q9H4X1,False,TNFRSF1A,455,67798edab4531e17cdc23203459a594909edf57e9e01653fba722356c72ef5aa,P19438,additional_six,False,-4.2513424555460615,-3.316791534423828,-11.870922088623047,-12.084700584411621,-9.889267921447754,-11.281630198160807,298.0,260.0,172.0
background,P01374,U,False,False,174,SBK2,348,f8acadeb02256416fd611e413b159fbf79647e1c1844390ab013b22748deb112,P0C263,False,TNFRSF1A,455,67798edab4531e17cdc23203459a594909edf57e9e01653fba722356c72ef5aa,P19438,additional_six,False,-2.383555809656779,-1.9591840505599976,-10.4276123046875,-15.711450576782227,-10.188519477844238,-12.109194119771322,204.0,147.0,204.0
background,P01374,U,False,False,175,PRB3,351,29e08d89435cd974e8bf89fa1727f40caad30fa7e570d14afe07db80feef2293,Q04118,False,TNFRSF1A,455,67798edab4531e17cdc23203459a594909edf57e9e01653fba722356c72ef5aa,P19438,additional_six,False,-3.015855153401693,-2.537633180618286,-9.911486625671387,-8.842255592346191,-7.882243633270264,-8.878661950429281,262.0,200.0,110.0
background,P01374,U,False,False,176,MRPS34,218,72ba5b40369af0c9e3889fc9df83d7a20de5454aa36c33d6b0c0326e1bbdccf4,P82930,False,TNFRSF1A,455,67798edab4531e17cdc23203459a594909edf57e9e01653fba722356c72ef5aa,P19438,additional_six,False,-2.1394735972086587,-2.8712799549102783,-13.80362319946289,-14.89227294921875,-9.21041488647461,-12.63543701171875,171.0,233.0,236.0
background,P01374,U,False,False,177,TP53I11,189,f96cc019a939a82369df5eb484fbb6a1bcaa800cafd469992929cbc1058ff8af,O14683,False,TNFRSF1A,455,67798edab4531e17cdc23203459a594909edf57e9e01653fba722356c72ef5aa,P19438,additional_six,False,0.2736274028817813,1.7485827803611755,-6.985747337341309,-2.5544915199279785,-1.3322018384933472,-3.624146898587545,4.0,1.0,1.0
background,P01374,U,False,False,178,LEF1,399,3c5e4f9322f6958a64497f6684789b4be003eddbb3e9c4ee66d3c2e43d25c028,Q9UJU2,False,TNFRSF1A,455,67798edab4531e17cdc23203459a594909edf57e9e01653fba722356c72ef5aa,P19438,additional_six,False,-1.832040826479594,-3.478135665257772,-15.55461311340332,-13.879977226257324,-13.001946449279785,-14.145512262980143,130.0,265.0,284.0
background,P01374,U,False,False,179,RNASEH2C,164,05e64ba6494a89fd17fcd5e5c93700a07fb63f2b0b3adf32991112817a84ffa6,Q8TDP1,False,TNFRSF1A,455,67798edab4531e17cdc23203459a594909edf57e9e01653fba722356c72ef5aa,P19438,additional_six,False,-4.052790482838948,-3.9375572204589844,-17.014678955078125,-13.218024253845215,-11.160114288330078,-13.797605832417807,294.0,289.0,275.0
background,P01374,U,False,False,180,RAB9B,201,88ebd9a570dfb761a988f7f9a488d58fe2a8b52bb96ab330d1658617ac955b03,Q9NP90,False,TNFRSF1A,455,67798edab4531e17cdc23203459a594909edf57e9e01653fba722356c72ef5aa,P19438,additional_six,False,-2.203629732131958,-2.538269519805908,-6.836061477661133,-14.09368896484375,-13.528730392456055,-11.486160278320312,178.0,201.0,180.0
background,P01374,U,False,False,181,VAPB,243,76abcfb94bfee017c2e2ebb958ea4e0f924945e4d1a156de8d2c8c8775411aac,O95292,False,TNFRSF1A,455,67798edab4531e17cdc23203459a594909edf57e9e01653fba722356c72ef5aa,P19438,additional_six,False,-2.08015243212382,-1.1986711819966633,-7.403243541717529,-4.427182674407959,-4.55303955078125,-5.461155255635579,160.0,86.0,11.0
background,P01374,U,False,False,182,ICOS,199,480e59e625dcb7b3d3852c7b8cf8d62378e452426167f65c686cd7f8c9c8918a,Q9Y6W8,False,TNFRSF1A,455,67798edab4531e17cdc23203459a594909edf57e9e01653fba722356c72ef5aa,P19438,additional_six,False,-1.7458821535110474,-2.6015141805013022,-11.245081901550293,-6.136598587036133,-4.552529335021973,-7.311403274536133,121.0,208.0,59.0
background,P01374,U,False,False,183,PRMT6,375,94749bfca734a91ab2d467933512760513dfa9113b4f2cbc4f691f221a3b93cf,Q96LA8,False,TNFRSF1A,455,67798edab4531e17cdc23203459a594909edf57e9e01653fba722356c72ef5aa,P19438,additional_six,False,-2.9087952772776284,-2.9351613521575928,-13.59861946105957,-14.541420936584473,-14.30376148223877,-14.147933959960938,247.0,239.0,285.0
background,P01374,U,False,False,184,KLF9,244,63b0e9b53ba251fcbbd8def37184adc9fd2a745115cc552c6bc2b8e849ee0130,Q13886,False,TNFRSF1A,455,67798edab4531e17cdc23203459a594909edf57e9e01653fba722356c72ef5aa,P19438,additional_six,False,-1.4462258021036785,-1.5833930174509685,-14.690574645996094,-16.44291877746582,-14.0368070602417,-15.056766827901205,84.0,112.0,300.0
background,P01374,U,False,False,185,MENT,341,439870ab3964eb8bc901a2e2e77556b0f986131f5b8118979713ce934021f4c0,Q9BUN1,False,TNFRSF1A,455,67798edab4531e17cdc23203459a594909edf57e9e01653fba722356c72ef5aa,P19438,additional_six,False,-1.9114642143249512,-1.9694708188374836,-8.585719108581543,-9.231176376342773,-7.509588241577148,-8.442161242167154,143.0,150.0,96.0
background,P01374,U,False,False,186,PHOX2A,284,2b1ac1da97cc594c06c011d3d71ef5e1b4a10d3aebd20f8c013b81871098560b,O14813,False,TNFRSF1A,455,67798edab4531e17cdc23203459a594909edf57e9e01653fba722356c72ef5aa,P19438,additional_six,False,-2.8361312548319497,-2.577774186929067,-13.373348236083984,-12.356982231140137,-13.2560396194458,-12.99545669555664,239.0,206.0,248.0
background,P01374,U,False,False,187,GAPDH,335,4b2c2bd32a59c45cd89bf42b340c41f03a8517f2fd427d837cfa76b63742ffee,P04406,False,TNFRSF1A,455,67798edab4531e17cdc23203459a594909edf57e9e01653fba722356c72ef5aa,P19438,additional_six,False,-2.0641822020212808,-2.592432419459025,-14.672794342041016,-15.500638961791992,-10.49001407623291,-13.554482460021973,157.0,207.0,266.0
background,P01374,U,False,False,188,GGTLC1,225,d18ab9add914f9fc7bfb71e0a2cfcb466db1627d19aab1f3449938ce45bcc2fe,Q9BX51,False,TNFRSF1A,455,67798edab4531e17cdc23203459a594909edf57e9e01653fba722356c72ef5aa,P19438,additional_six,False,-4.231409231821696,-3.7561986446380615,-9.921780586242676,-9.145346641540527,-8.185514450073242,-9.084213892618815,297.0,280.0,115.0
background,P01374,U,False,False,189,TMBIM1,311,3e1635a99f5c9801f2be41b43c036d31c744045a4fbeddb3b8d33e2b28f9a794,Q969X1,False,TNFRSF1A,455,67798edab4531e17cdc23203459a594909edf57e9e01653fba722356c72ef5aa,P19438,additional_six,False,0.5596173504988352,-0.3252513110637665,-7.895089626312256,-5.340258598327637,-5.257432460784912,-6.164260228474935,1.0,32.0,25.0
background,P01374,U,False,False,190,TK1,234,08f07cc12ba9601e17da325c37d347996aa047f34f0d9498555d1ab1b6d4ac4d,P04183,False,TNFRSF1A,455,67798edab4531e17cdc23203459a594909edf57e9e01653fba722356c72ef5aa,P19438,additional_six,False,-3.9149179458618164,-3.5903194745381675,-15.25548267364502,-12.101394653320312,-12.774160385131836,-13.377012570699057,293.0,273.0,263.0
background,P01374,U,False,False,191,CALCA,128,c9996ffe4f3651e0ae3c0df33beeeaeebcf924a8b505d5ecb15e538d68ca0bc6,P06881,False,TNFRSF1A,455,67798edab4531e17cdc23203459a594909edf57e9e01653fba722356c72ef5aa,P19438,additional_six,False,-2.892482280731201,-1.7982734044392903,-10.688071250915527,-13.116708755493164,-11.8115234375,-11.872101147969564,246.0,132.0,195.0
background,P01374,U,False,False,192,MRPL35,188,8d0f7f455ee249421cd85f647b31c5fc59a5af279c175cc86d37585373f04869,Q9NZE8,False,TNFRSF1A,455,67798edab4531e17cdc23203459a594909edf57e9e01653fba722356c72ef5aa,P19438,additional_six,False,-4.1127621332804365,-4.590559959411621,-11.144219398498535,-14.379897117614746,-9.77706527709961,-11.76706059773763,295.0,297.0,192.0
background,P01374,U,False,False,193,IGFBP3,291,977f1241d1509aacdb0443d120311c896e06b01a1e4a657084213563048e06d4,P17936,False,TNFRSF1A,455,67798edab4531e17cdc23203459a594909edf57e9e01653fba722356c72ef5aa,P19438,additional_six,False,-1.1255228916803997,-0.36531569560368854,-6.562868118286133,-9.610940933227539,-8.967795372009277,-8.380534807840982,53.0,36.0,94.0
background,P01374,U,False,False,194,U2AF1,240,0ac226c1624f0a1afc89ff3f2dcac364bc6a7716762d362dcfdc01538e620eb7,Q01081,False,TNFRSF1A,455,67798edab4531e17cdc23203459a594909edf57e9e01653fba722356c72ef5aa,P19438,additional_six,False,-3.369889974594116,-5.02769120534261,-13.90497875213623,-13.963805198669434,-15.861298561096191,-14.576694170633951,275.0,299.0,290.0
background,P01374,U,False,False,195,GLT8D1,371,9edab3e3ce53a152cd6d2de122211abe6f1d87292c88d393dc63c2adea73e48c,Q68CQ7,False,TNFRSF1A,455,67798edab4531e17cdc23203459a594909edf57e9e01653fba722356c72ef5aa,P19438,additional_six,False,-1.2890140612920125,0.03294014930725098,-10.010876655578613,-5.195592880249023,-5.676501750946045,-6.9609904289245605,70.0,22.0,47.0
background,P01374,U,False,False,196,CARD19,228,7886c598327a9892616e9dcbb0fde81bd85c4fd82b7d817223bc8d7b65901b83,Q96LW7,False,TNFRSF1A,455,67798edab4531e17cdc23203459a594909edf57e9e01653fba722356c72ef5aa,P19438,additional_six,False,-4.472943623860677,-3.796513239542643,-11.906477928161621,-14.2479248046875,-11.465521812438965,-12.539974848429361,301.0,285.0,232.0
background,P01374,U,False,False,197,ARL14EP,260,25dce8b7e4935f227a96c21a1590c0574d06687268312c04e0039aa234311c86,Q8N8R7,False,TNFRSF1A,455,67798edab4531e17cdc23203459a594909edf57e9e01653fba722356c72ef5aa,P19438,additional_six,False,-1.3986023267110188,-0.8822291096051534,-13.748348236083984,-9.902741432189941,-11.198165893554688,-11.616418520609537,77.0,68.0,184.0
background,P01374,U,False,False,198,SNRNP40,357,0a8e64eb27c51a97589a53e0378ffe2f331ff197ef519d69af374a457f0f60cd,Q96DI7,False,TNFRSF1A,455,67798edab4531e17cdc23203459a594909edf57e9e01653fba722356c72ef5aa,P19438,additional_six,False,-3.207260847091675,-1.4707993666330974,-9.65023136138916,-10.837459564208984,-11.234963417053223,-10.574218114217123,268.0,102.0,157.0
background,P01374,U,False,False,199,SHLD1,205,d64cb011207568d6dc8355d3da30399dd7315f98c708ea4f6b37838d9ad1ef43,Q8IYI0,False,TNFRSF1A,455,67798edab4531e17cdc23203459a594909edf57e9e01653fba722356c72ef5aa,P19438,additional_six,False,-2.1233511765797934,-1.3922171394030254,-14.417407035827637,-13.79444408416748,-11.321976661682129,-13.177942593892416,167.0,97.0,257.0
background,P01374,U,False,False,200,RNF41,317,d6321c9b3a59847df79e8f4da9e4c2d4d64d701a66aa303c2a855666134784aa,Q9H4P4,False,TNFRSF1A,455,67798edab4531e17cdc23203459a594909edf57e9e01653fba722356c72ef5aa,P19438,additional_six,False,-0.04719586173693339,0.3471544186274211,-8.926863670349121,-13.073417663574219,-8.009673118591309,-10.003318150838217,13.0,10.0,138.0
background,P01374,U,False,False,201,CD209,404,79c891d01ebfd7d2089419c51eb05b0e6a36de252f45a9c559412d6de8aa8432,Q9NNX6,False,TNFRSF1A,455,67798edab4531e17cdc23203459a594909edf57e9e01653fba722356c72ef5aa,P19438,additional_six,False,-0.8368384838104248,-1.9206568598747253,-7.504575729370117,-10.172499656677246,-8.5411376953125,-8.739404360453287,40.0,141.0,107.0
background,P01374,U,False,False,202,PSMD7,324,4681134390594e14beb69807c47d738e2a4dbd29e776e3ff46cb5374b68fc516,P51665,False,TNFRSF1A,455,67798edab4531e17cdc23203459a594909edf57e9e01653fba722356c72ef5aa,P19438,additional_six,False,-1.4784183502197266,-1.7661317189534504,-8.133009910583496,-10.06460189819336,-9.162551879882812,-9.120054562886557,85.0,126.0,116.0
background,P01374,U,False,False,203,IGLL5,214,3017cc272ea2d3eafdfd0f8319ed30c8061b6620214197500a92a5d971263623,B9A064,False,TNFRSF1A,455,67798edab4531e17cdc23203459a594909edf57e9e01653fba722356c72ef5aa,P19438,additional_six,False,-2.994530518849691,-4.024992227554321,-10.543828010559082,-11.677351951599121,-9.310420989990234,-10.510533650716146,258.0,290.0,156.0
context,Q15628,U,False,False,204,COPZ2,210,95499a1fc10c5e24e1d5be772ad7ea525f872a5232cd5c1a844ddcef4a4678fd,Q9P299,False,TNFRSF1A,455,67798edab4531e17cdc23203459a594909edf57e9e01653fba722356c72ef5aa,P19438,additional_six,False,-2.202906688054403,-1.230835239092509,-11.08846664428711,-14.877914428710938,-9.022750854492188,-11.663043975830078,177.0,88.0,188.0
context,Q15628,U,False,False,205,ZAP70,619,396befcebe5288da90f843b09776c049f30f933da94f3c0b630ab333cdae4e17,P43403,False,TNFRSF1A,455,67798edab4531e17cdc23203459a594909edf57e9e01653fba722356c72ef5aa,P19438,additional_six,False,-1.8527359167734783,-2.456451177597046,-15.414763450622559,-13.114532470703125,-13.034541130065918,-13.854612350463867,134.0,195.0,276.0
context,Q15628,U,False,False,206,SDF4,362,5deb4c4359a00ef4044017229b5644562a423a1e4cd7ad48060e75ee4d18230f,Q9BRK5,False,TNFRSF1A,455,67798edab4531e17cdc23203459a594909edf57e9e01653fba722356c72ef5aa,P19438,additional_six,False,-2.5818814436594644,-3.2279552618662515,-6.4495673179626465,-10.651453971862793,-6.4117751121521,-7.83759880065918,215.0,257.0,78.0
context,Q15628,U,False,False,207,CHAC2,184,54da673591ef593b6a67dfb4bbfec37aed226b3d398c21814148d8102cb2fd4c,Q8WUX2,False,TNFRSF1A,455,67798edab4531e17cdc23203459a594909edf57e9e01653fba722356c72ef5aa,P19438,additional_six,False,-0.22884559507171312,-0.6634023562073708,-11.358201026916504,-11.509876251220703,-12.150800704956055,-11.672959327697754,18.0,58.0,190.0
context,Q15628,U,False,False,208,TRIM65,517,dbb3f823bcfef6e0e827efc2a51542edd6c0044d11f4077dec0ea92e9e16a02f,Q6PJ69,False,TNFRSF1A,455,67798edab4531e17cdc23203459a594909edf57e9e01653fba722356c72ef5aa,P19438,additional_six,False,0.24069249661018452,0.9050480723381042,-7.358879089355469,-9.224968910217285,-6.7701005935668945,-7.78464953104655,7.0,4.0,76.0
context,Q15628,U,False,False,209,PARP3,533,b948ecf99d2636142878deb4552f75af1be1be641a7a6b3aa281b3d6a42089da,Q9Y6F1,False,TNFRSF1A,455,67798edab4531e17cdc23203459a594909edf57e9e01653fba722356c72ef5aa,P19438,additional_six,False,-2.4558889865875244,-3.326831261316935,-11.903050422668457,-15.807780265808105,-16.196197509765625,-14.635676066080729,208.0,261.0,292.0
context,Q15628,U,False,False,210,ALKBH3,286,c6cad75ff6dfb44e9e6f239a24b1ff1ff9c9ea1281abe842ffd630e5bd38d106,Q96Q83,False,TNFRSF1A,455,67798edab4531e17cdc23203459a594909edf57e9e01653fba722356c72ef5aa,P19438,additional_six,False,-1.1044152975082397,-0.7767587105433146,-13.791769981384277,-11.452720642089844,-11.519847869873047,-12.254779497782389,51.0,66.0,215.0
context,Q15628,U,False,False,211,GAP43,238,5091604be724510f3fd1a02c3870f1260853a2cb82ebeb737c9c007e51a36427,P17677,False,TNFRSF1A,455,67798edab4531e17cdc23203459a594909edf57e9e01653fba722356c72ef5aa,P19438,additional_six,False,-1.6396260658899944,-2.3220141728719077,-11.24179458618164,-9.07978630065918,-11.476004600524902,-10.59919516245524,103.0,184.0,159.0
context,Q15628,U,False,False,212,TRIM45,580,4004b04bb5b61b94d43b91489e2626bcf10116d31f39471824ec89c407d91999,Q9H8W5,False,TNFRSF1A,455,67798edab4531e17cdc23203459a594909edf57e9e01653fba722356c72ef5aa,P19438,additional_six,False,-1.3890277942021687,-0.9106083611647288,-12.503791809082031,-14.962242126464844,-13.358646392822266,-13.608226776123047,76.0,70.0,269.0
context,Q15628,U,False,False,213,RRAS,218,dd9f01f66938f02a0f8d523da80ee90c67f49db1d3ce2bfc0cf4af826c089201,P10301,False,TNFRSF1A,455,67798edab4531e17cdc23203459a594909edf57e9e01653fba722356c72ef5aa,P19438,additional_six,False,-2.9765429496765137,-3.569429556528727,-14.809720993041992,-15.45583724975586,-13.603527069091797,-14.623028437296549,257.0,272.0,291.0
context,Q15628,U,False,False,214,CDK5R2,367,f6c7f7b87ad8014351403092f851356dde6bdf71c747614f5530021bf3e54341,Q13319,False,TNFRSF1A,455,67798edab4531e17cdc23203459a594909edf57e9e01653fba722356c72ef5aa,P19438,additional_six,False,-3.5095380942026773,-3.5122807025909424,-13.73788070678711,-16.397720336914062,-10.324435234069824,-13.486678759256998,281.0,269.0,265.0
context,Q15628,U,False,False,215,HSF1,529,e1332cd2b231cf13fb9f6a650c37a5841475fb58fa1b96299a204bf851ec62d1,Q00613,False,TNFRSF1A,455,67798edab4531e17cdc23203459a594909edf57e9e01653fba722356c72ef5aa,P19438,additional_six,False,-1.4203683535257976,-1.7496368885040283,-7.420571327209473,-17.41657257080078,-10.146782875061035,-11.661308924357096,78.0,123.0,187.0
context,Q15628,U,False,False,216,CSRP3,194,a9feb7bfedccf4568cb00f1eb5bc3acb8583bbeaf1e9fa2be068e51ff69dfb93,P50461,False,TNFRSF1A,455,67798edab4531e17cdc23203459a594909edf57e9e01653fba722356c72ef5aa,P19438,additional_six,False,-1.2291969060897827,-1.874614953994751,-11.239933013916016,-10.028772354125977,-11.654184341430664,-10.974296569824219,65.0,137.0,163.0
context,Q15628,U,False,False,217,ZBTB8OS,167,92948fa17dea0be47db8acd1efa51ae910e766340291fbbd352a6fd8b0bb8c15,Q8IWT0,False,TNFRSF1A,455,67798edab4531e17cdc23203459a594909edf57e9e01653fba722356c72ef5aa,P19438,additional_six,False,-2.5646265347798667,-2.8271543979644775,-15.13224983215332,-13.837030410766602,-8.70057201385498,-12.556617418924967,213.0,228.0,234.0
context,Q15628,U,False,False,218,NSUN6,469,c956bbaf62ab4759652fc8a8afef5d93eba24b99074275d980ef1948e3f2fbc3,Q8TEA1,False,TNFRSF1A,455,67798edab4531e17cdc23203459a594909edf57e9e01653fba722356c72ef5aa,P19438,additional_six,False,-2.643142302831014,-2.8305116494496665,-15.513669967651367,-14.19973087310791,-12.773025512695312,-14.162142117818197,220.0,229.0,286.0
context,Q15628,U,False,False,219,OLAH,265,22f646954f5a10a4d3ac42e43771548c0c23786950bebc77055d19afa85ff9ce,Q9NV23,False,TNFRSF1A,455,67798edab4531e17cdc23203459a594909edf57e9e01653fba722356c72ef5aa,P19438,additional_six,False,-2.03265114625295,-1.7075864871342976,-11.306583404541016,-15.00749683380127,-14.705028533935547,-13.673036257425943,155.0,119.0,271.0
context,Q15628,U,False,False,220,EXOSC4,245,3535c19d6bf82ce7ac0e6ccfd5b0d819bd2c0b115a67d0b2a8e2d37e42f0eb0d,Q9NPD3,False,TNFRSF1A,455,67798edab4531e17cdc23203459a594909edf57e9e01653fba722356c72ef5aa,P19438,additional_six,False,-2.014514764149984,-2.007772962252299,-14.869869232177734,-14.778214454650879,-12.761154174804688,-14.136412620544434,151.0,153.0,282.0
context,Q15628,U,False,False,221,SDR9C7,313,778f19f03c72a93d2415a17116746f313b1c4f8168590075ffa0e90ab3912f47,Q8NEX9,False,TNFRSF1A,455,67798edab4531e17cdc23203459a594909edf57e9e01653fba722356c72ef5aa,P19438,additional_six,False,-1.8039316336313884,-1.7353970209757488,-9.197007179260254,-14.334823608398438,-7.492895126342773,-10.341575304667154,126.0,120.0,152.0
context,Q15628,U,False,False,222,CKB,381,34e816b382f4c1bf47bbe71a56b7ae3586f9a7416fe2a4fd122c044a2957d133,P12277,False,TNFRSF1A,455,67798edab4531e17cdc23203459a594909edf57e9e01653fba722356c72ef5aa,P19438,additional_six,False,-1.565924088160197,-1.3743555347124736,-14.951722145080566,-13.371149063110352,-9.303614616394043,-12.54216194152832,95.0,96.0,233.0
context,Q15628,U,False,False,223,TWIST2,160,0660787767b58aec9e580c360c0a0f7bfb8c35a6446ed880538654bd375c931e,Q8WVJ9,False,TNFRSF1A,455,67798edab4531e17cdc23203459a594909edf57e9e01653fba722356c72ef5aa,P19438,additional_six,False,-3.718743880589803,-4.449906587600708,-10.482015609741211,-15.622976303100586,-14.725297927856445,-13.61009661356608,292.0,294.0,270.0
context,Q15628,U,False,False,224,TBPL1,186,c084ab7ba88348aab79deb4b311869c9edb47826eb7de29f07940441659680e0,P62380,False,TNFRSF1A,455,67798edab4531e17cdc23203459a594909edf57e9e01653fba722356c72ef5aa,P19438,additional_six,False,-2.779534657796224,-4.193825006484985,-11.794806480407715,-14.78997802734375,-10.095617294311523,-12.226800600687662,232.0,291.0,213.0
context,Q15628,U,False,False,225,CDC42EP2,210,a15bf3f77a4f2655470b86593fa226fc3d2a74a8ba5ec956bb6d05ee171887e9,O14613,False,TNFRSF1A,455,67798edab4531e17cdc23203459a594909edf57e9e01653fba722356c72ef5aa,P19438,additional_six,False,-3.6295272509256997,-4.762871742248535,-14.237646102905273,-15.06950569152832,-9.96255111694336,-13.089900970458984,289.0,298.0,255.0
context,Q15628,U,False,False,226,CACNB3,484,b07e66ce76fa109a0e003a0541a8296b62c88a77e8b8dcc0ebea501b127cda94,P54284,False,TNFRSF1A,455,67798edab4531e17cdc23203459a594909edf57e9e01653fba722356c72ef5aa,P19438,additional_six,False,-2.5876272519429526,-3.0438525676727295,-11.36617660522461,-12.164769172668457,-6.184797763824463,-9.905247847239176,217.0,247.0,135.0
context,Q15628,U,False,False,227,BFSP2,415,f392ab21fb3a64064b2a5d80708f3b37eb0e304f02747d374f19d33480537aeb,Q13515,False,TNFRSF1A,455,67798edab4531e17cdc23203459a594909edf57e9e01653fba722356c72ef5aa,P19438,additional_six,False,-3.609990358352661,-2.995647350947062,-12.701910972595215,-12.759960174560547,-11.509557723999023,-12.323809623718262,287.0,243.0,222.0
context,Q15628,U,False,False,228,CRY2,593,7dde2af6b346fa6965e0f2b147af7d011fc997716f94c0ce0138f11e1bcc6bd0,Q49AN0,False,TNFRSF1A,455,67798edab4531e17cdc23203459a594909edf57e9e01653fba722356c72ef5aa,P19438,additional_six,False,-1.7605027357737224,-2.6109913190205893,-10.9002685546875,-10.818236351013184,-11.696640968322754,-11.138381958007812,122.0,209.0,167.0
context,Q15628,U,False,False,229,GID8,228,9f7697d151562fea8d4647540e8ef94a153a3cedd7522ace6a1f6b24dc81aa51,Q9NWU2,False,TNFRSF1A,455,67798edab4531e17cdc23203459a594909edf57e9e01653fba722356c72ef5aa,P19438,additional_six,False,-2.7088638146718345,-3.2661715348561606,-14.023876190185547,-13.493160247802734,-12.613122940063477,-13.37671979268392,225.0,258.0,262.0
context,Q15628,U,False,False,230,SAMD5,173,f39a81e32e044370da7eec5a43a6f6df09a9b6737b19bf6b68ca0ae52f1641ae,Q5TGI4,False,TNFRSF1A,455,67798edab4531e17cdc23203459a594909edf57e9e01653fba722356c72ef5aa,P19438,additional_six,False,-3.674499273300171,-2.3751418590545654,-11.863405227661133,-15.588400840759277,-7.538881301879883,-11.663562456766764,291.0,186.0,189.0
context,Q15628,U,False,False,231,RSRC1,334,fa096306967226c7aecf7ec24b684529db8843e48cd3ced37db5a31b7b66c41a,Q96IZ7,False,TNFRSF1A,455,67798edab4531e17cdc23203459a594909edf57e9e01653fba722356c72ef5aa,P19438,additional_six,False,-2.9605721632639566,-5.585857550303142,-14.084981918334961,-17.146345138549805,-13.983451843261719,-15.071592966715494,256.0,303.0,301.0
context,Q15628,U,False,False,232,MTHFS,203,08be96fe4a6ca38428d6481661bdc567dade5b193445edf0eebdf0660c80c229,P49914,False,TNFRSF1A,455,67798edab4531e17cdc23203459a594909edf57e9e01653fba722356c72ef5aa,P19438,additional_six,False,-3.2809646924336753,-3.452648480733236,-10.843973159790039,-13.22947883605957,-12.484848976135254,-12.186100323994955,270.0,263.0,211.0
context,Q15628,U,False,False,233,CAMKV,501,05bc38b39ec51739a68d039992f2eb6fc40539c069307cab3138dfddb2255bdf,Q8NCB2,False,TNFRSF1A,455,67798edab4531e17cdc23203459a594909edf57e9e01653fba722356c72ef5aa,P19438,additional_six,False,-2.818540175755819,-4.47418753306071,-12.932729721069336,-12.368568420410156,-14.494030952453613,-13.265109697977701,236.0,295.0,258.0
context,Q15628,U,False,False,234,CAPNS1,268,52b0706d878664cac77cca85df92d2e3b8b93c9d6f03c75738860222a0c18d3c,P04632,False,TNFRSF1A,455,67798edab4531e17cdc23203459a594909edf57e9e01653fba722356c72ef5aa,P19438,additional_six,False,-0.8272794286410013,-0.16673266887664795,-13.530426025390625,-13.024821281433105,-8.380989074707031,-11.64541212717692,39.0,28.0,185.0
context,Q15628,U,False,False,235,DUSP22,184,0980495a2ae93c86f320bb2afe6c4f750648d7820c23e77d8501027ba2fbba12,Q9NRW4,False,TNFRSF1A,455,67798edab4531e17cdc23203459a594909edf57e9e01653fba722356c72ef5aa,P19438,additional_six,False,-1.6997732321421306,-1.8884071111679077,-15.511603355407715,-8.50505256652832,-4.396508693695068,-9.471054871877035,112.0,139.0,125.0
context,Q15628,U,False,False,236,AHCYL2,611,35749d9915d505367c1eb85806a6b6deb41da18fb2d2d151d4702dfe29373b4a,Q96HN2,False,TNFRSF1A,455,67798edab4531e17cdc23203459a594909edf57e9e01653fba722356c72ef5aa,P19438,additional_six,False,-1.836337725321452,-1.7745375235875447,-9.20238971710205,-11.443653106689453,-10.774328231811523,-10.473457018534342,131.0,127.0,155.0
context,Q15628,U,False,False,237,SHMT1,483,08e94d00e198158ed1db5b7682cd0bf55b72692b6ec3afd93489a9c743eb745a,P34896,False,TNFRSF1A,455,67798edab4531e17cdc23203459a594909edf57e9e01653fba722356c72ef5aa,P19438,additional_six,False,-2.1563092867533364,-2.277595122655233,-13.21694278717041,-12.803871154785156,-11.200443267822266,-12.407085736592611,174.0,179.0,226.0
context,Q15628,U,False,False,238,TCAP,167,3766c25bb19c5711c60979e83b983c1934f744b3baf4e7414e7ddbe5d26279ea,O15273,False,TNFRSF1A,455,67798edab4531e17cdc23203459a594909edf57e9e01653fba722356c72ef5aa,P19438,additional_six,False,-2.823834180831909,-2.317930261294047,-10.094897270202637,-15.13660717010498,-11.175799369812012,-12.135767936706543,238.0,183.0,206.0
context,Q15628,U,False,False,239,APOBEC3D,386,868496463c3991c5d4e608725c7f2b151c0dc43083ff766393e7bb85349b0c5e,Q96AK3,False,TNFRSF1A,455,67798edab4531e17cdc23203459a594909edf57e9e01653fba722356c72ef5aa,P19438,additional_six,False,-2.8059352238972983,-4.382707913716634,-8.209758758544922,-11.362449645996094,-7.988879203796387,-9.187029202779135,233.0,293.0,118.0
context,Q15628,U,False,False,240,RSPH14,348,2b2695b705cb74ca85ee76dcece25e18d605833bad783248b9f4094ff2b84360,Q9UHP6,False,TNFRSF1A,455,67798edab4531e17cdc23203459a594909edf57e9e01653fba722356c72ef5aa,P19438,additional_six,False,-2.2715001106262207,-1.6772405703862507,-12.955519676208496,-13.068199157714844,-9.577530860900879,-11.867083231608072,186.0,116.0,194.0
context,Q15628,U,False,False,241,INPP5K,448,94e938dbbf5362992039407c760b13b06b42e8d5368f3918eb95882b8dfb2b21,Q9BT40,False,TNFRSF1A,455,67798edab4531e17cdc23203459a594909edf57e9e01653fba722356c72ef5aa,P19438,additional_six,False,-0.6417907079060873,-0.3503129482269287,-7.886441707611084,-7.3686203956604,-5.893996715545654,-7.049686272939046,30.0,34.0,52.0
context,Q15628,U,False,False,242,MAGEA11,429,e8264b573b697a57e1a4edae6af2ce9211e9f1e87866ca107741f1ea6e6d239c,P43364,False,TNFRSF1A,455,67798edab4531e17cdc23203459a594909edf57e9e01653fba722356c72ef5aa,P19438,additional_six,False,-2.9174650510152182,-1.4822028477986653,-5.260438919067383,-8.339515686035156,-6.053843975067139,-6.551266193389893,252.0,103.0,30.0
context,Q15628,U,False,False,243,CCDC181,509,7f43ec0df6c7a898701c9169c7022498a3ec7967033739060bb215747854b77a,Q5TID7,False,TNFRSF1A,455,67798edab4531e17cdc23203459a594909edf57e9e01653fba722356c72ef5aa,P19438,additional_six,False,-3.064766009648641,-3.7806366284688315,-14.797508239746094,-15.893961906433105,-5.8637375831604,-12.1850692431132,264.0,283.0,210.0
context,Q15628,U,False,False,244,APOBEC3H,200,72c511a273cf1fc80fbc7068476da9a1c43ff1dfb270acb670cb4b85d7eba1db,Q6NTF7,False,TNFRSF1A,455,67798edab4531e17cdc23203459a594909edf57e9e01653fba722356c72ef5aa,P19438,additional_six,False,-2.1171568632125854,-2.4295244216918945,-11.07241439819336,-14.320740699768066,-14.524077415466309,-13.305744171142578,165.0,193.0,260.0
context,Q15628,U,False,False,245,ARL4A,200,558fcdb31fc78967d2d1edab786f8d403ab71447d076d0222ab90dd5749ed27b,P40617,False,TNFRSF1A,455,67798edab4531e17cdc23203459a594909edf57e9e01653fba722356c72ef5aa,P19438,additional_six,False,-1.5899577538172405,-1.395054777463277,-12.24073600769043,-14.417004585266113,-14.062515258789062,-13.573418617248535,98.0,99.0,267.0
context,Q15628,U,False,False,246,RPL29,159,b2b85d74d504b25e8c09088288d1d1586a89ffa7aa3c6b1c9abc7e1e64f6193c,P47914,False,TNFRSF1A,455,67798edab4531e17cdc23203459a594909edf57e9e01653fba722356c72ef5aa,P19438,additional_six,False,-4.4192460378011065,-5.128642241160075,-12.92017650604248,-12.073798179626465,-10.677525520324707,-11.89050006866455,300.0,301.0,196.0
context,Q15628,U,False,False,247,CCDC69,296,6b68fa3240e54391655f106acbb15b2d75cf7522dfd257a576bc97554716bb62,A6NI79,False,TNFRSF1A,455,67798edab4531e17cdc23203459a594909edf57e9e01653fba722356c72ef5aa,P19438,additional_six,False,-1.2537915706634521,-1.3057074149449666,-12.515130043029785,-11.70193099975586,-12.845502853393555,-12.354187965393066,68.0,91.0,224.0
context,Q15628,U,False,False,248,HAPSTR1,275,673d261ba9b4439b60eb785a8d231f517f6a5b11e21bf7f1a77a30bc6d1b2fd8,Q14CZ0,False,TNFRSF1A,455,67798edab4531e17cdc23203459a594909edf57e9e01653fba722356c72ef5aa,P19438,additional_six,False,-2.0107154051462808,-2.384113311767578,-9.785039901733398,-13.729229927062988,-12.392054557800293,-11.968774795532227,149.0,190.0,201.0
context,Q15628,U,False,False,249,LGI1,557,be2b5af00fb4e6787f690b9e7fd2b4974e3ac4140e48efeab537d24e474891e9,O95970,False,TNFRSF1A,455,67798edab4531e17cdc23203459a594909edf57e9e01653fba722356c72ef5aa,P19438,additional_six,False,-1.6614195505777996,-0.556926816701889,-7.015389919281006,-8.192224502563477,-8.018447875976562,-7.742020765940349,109.0,48.0,72.0
context,Q15628,U,False,False,250,DUSP3,185,77cc90c3f7f0564ba9385130afb8a4aa4d98caa47eb637000df4abfc74f63549,P51452,False,TNFRSF1A,455,67798edab4531e17cdc23203459a594909edf57e9e01653fba722356c72ef5aa,P19438,additional_six,False,-0.4456522564093272,0.02643899122873942,-16.4141845703125,-13.083518981933594,-12.867955207824707,-14.121886253356934,25.0,23.0,281.0
context,Q15628,U,False,False,251,IVL,585,1e8af825249d7b9846c6ea3cb5b2411273ef604fcf2c386b0903ea1bbb50a35d,P07476,False,TNFRSF1A,455,67798edab4531e17cdc23203459a594909edf57e9e01653fba722356c72ef5aa,P19438,additional_six,False,-1.873195727666219,0.19487198193868002,-6.810608863830566,-8.7511568069458,-6.013068675994873,-7.191611448923747,136.0,13.0,55.0
context,Q15628,U,False,False,252,BEGAIN,593,9a63e1312dc197d3027c36d4dfcc6de9d9bbee20ace6781409bb6c550c4ad101,Q9BUH8,False,TNFRSF1A,455,67798edab4531e17cdc23203459a594909edf57e9e01653fba722356c72ef5aa,P19438,additional_six,False,-3.365964889526367,-3.6169614791870117,-11.699023246765137,-12.70431137084961,-12.325827598571777,-12.243054072062174,274.0,274.0,214.0
context,Q15628,U,False,False,253,STRAP,350,f9ce8edd4318f49543897a068298b102c6752d410901ea30a3ec42966ba91441,Q9Y3F4,False,TNFRSF1A,455,67798edab4531e17cdc23203459a594909edf57e9e01653fba722356c72ef5aa,P19438,additional_six,False,-2.226480801900228,-2.1400309403737388,-12.269487380981445,-12.53453254699707,-13.204537391662598,-12.669519106547037,180.0,167.0,238.0
background,Q15628,U,False,False,254,ZNF212,495,45222c5977237c7d3e339cee6112d0d1e8e1340c4763dc495ff7c6ea70ce89c4,Q9UDV6,False,TNFRSF1A,455,67798edab4531e17cdc23203459a594909edf57e9e01653fba722356c72ef5aa,P19438,additional_six,False,-2.2962191899617515,-1.849557916323344,-11.198925971984863,-14.09870433807373,-8.582256317138672,-11.293295542399088,188.0,135.0,173.0
background,Q15628,U,False,False,255,PLIN5,463,2d4fca8a3c3bb2e5aa18cd7e270915da844acbd2550f449337f271610e4ae75d,Q00G26,False,TNFRSF1A,455,67798edab4531e17cdc23203459a594909edf57e9e01653fba722356c72ef5aa,P19438,additional_six,False,-0.8983729481697083,0.6000974376996359,-9.094407081604004,-6.831455230712891,-11.466827392578125,-9.13089656829834,42.0,6.0,117.0
background,Q15628,U,False,False,256,DCAF4,495,9cb6171b14c96e4b5fa7f05579c1ebacc551aecf922fa1d7a5761bf704ec7998,Q8WV16,False,TNFRSF1A,455,67798edab4531e17cdc23203459a594909edf57e9e01653fba722356c72ef5aa,P19438,additional_six,False,-2.1476120154062905,-2.221166968345642,-13.9357328414917,-16.081628799438477,-12.090907096862793,-14.036089579264322,172.0,177.0,279.0
background,Q15628,U,False,False,257,GLRB,497,657f732e459945b31d91197a96adf2aa7606e787129bb1eeb3c92fafb9de9cbc,P48167,False,TNFRSF1A,455,67798edab4531e17cdc23203459a594909edf57e9e01653fba722356c72ef5aa,P19438,additional_six,False,-3.3027031421661377,-2.651594320933024,-9.485033988952637,-10.206607818603516,-6.484543800354004,-8.725395202636719,272.0,213.0,106.0
background,Q15628,U,False,False,258,NUDT16,195,2d39ea92bdc9565b7703b623053adf9b7f35d6d656fe69bcb7995cefb5d362b4,Q96DE0,False,TNFRSF1A,455,67798edab4531e17cdc23203459a594909edf57e9e01653fba722356c72ef5aa,P19438,additional_six,False,-1.7389358679453533,-1.6987857421239216,-14.554388999938965,-15.277358055114746,-11.230998039245605,-13.687581698099772,120.0,117.0,273.0
background,Q15628,U,False,False,259,ABCD4,606,e59f93775a838151f65020cde29857c205db80422da2cc350c499055ca7282d0,O14678,False,TNFRSF1A,455,67798edab4531e17cdc23203459a594909edf57e9e01653fba722356c72ef5aa,P19438,additional_six,False,-1.642401138941447,-0.769997109969457,-8.444087028503418,-10.788761138916016,-9.909134864807129,-9.713994344075521,104.0,65.0,132.0
background,Q15628,U,False,False,260,ZNF829,432,e535f5114af2640fed429f2c14b77a990f27f60cdc715258108b9eb5510bde04,Q3KNS6,False,TNFRSF1A,455,67798edab4531e17cdc23203459a594909edf57e9e01653fba722356c72ef5aa,P19438,additional_six,False,-1.8961844046910603,-2.7548163731892905,-11.834556579589844,-11.156473159790039,-10.562170028686523,-11.184399922688803,141.0,223.0,168.0
background,Q15628,U,False,False,261,NKPD1,610,35061060f32021ada63cc3b4265842907fec95eb51f1f9d347db47fa9e0d60e9,Q17RQ9,False,TNFRSF1A,455,67798edab4531e17cdc23203459a594909edf57e9e01653fba722356c72ef5aa,P19438,additional_six,False,-1.4377305507659912,0.17728477716445923,-10.023566246032715,-3.437739133834839,-6.43141508102417,-6.630906820297241,83.0,14.0,34.0
background,Q15628,U,False,False,262,TM9SF1,606,8f164321e0556c0c5f4cacc20dc9edcaeb361bb6ab752a69b6770bdb966897ff,O15321,False,TNFRSF1A,455,67798edab4531e17cdc23203459a594909edf57e9e01653fba722356c72ef5aa,P19438,additional_six,False,-1.697039524714152,-1.5538304646809895,-10.773707389831543,-6.722768783569336,-5.780682563781738,-7.759052912394206,111.0,107.0,73.0
background,Q15628,U,False,False,263,KBTBD4,534,fffeb7619e45885a3525bf6499cae2734818471870eba98d91e32fd19874b390,Q9NVX7,False,TNFRSF1A,455,67798edab4531e17cdc23203459a594909edf57e9e01653fba722356c72ef5aa,P19438,additional_six,False,-2.3544274965922036,-1.7889501253763835,-10.124667167663574,-14.740448951721191,-13.40971565246582,-12.75827725728353,198.0,129.0,243.0
background,Q15628,U,False,False,264,SDC3,442,87bb5290089fe604dbf475188e4f6aee009d9169266ccf59ca8fa218ddcc50dd,O75056,False,TNFRSF1A,455,67798edab4531e17cdc23203459a594909edf57e9e01653fba722356c72ef5aa,P19438,additional_six,False,-3.5684472719828286,-3.6528566678365073,-7.859436511993408,-7.257463455200195,-8.597417831420898,-7.904772599538167,284.0,277.0,81.0
background,Q15628,U,False,False,265,TMEM38A,299,d70e996db656c5cc1854dd869138b0a1304516732aa7ca248e775e187f9eb60d,Q9H6F2,False,TNFRSF1A,455,67798edab4531e17cdc23203459a594909edf57e9e01653fba722356c72ef5aa,P19438,additional_six,False,-2.0088565746943154,-1.1352808475494385,-10.379145622253418,-5.161165714263916,-10.615843772888184,-8.71871836980184,148.0,82.0,104.0
background,Q15628,U,False,False,266,GPR45,372,8de3f2ef81781f744ebf9c24d374dca07db929203140d958dde3dc65b05d2b22,Q9Y5Y3,False,TNFRSF1A,455,67798edab4531e17cdc23203459a594909edf57e9e01653fba722356c72ef5aa,P19438,additional_six,False,-1.2270850737889607,-0.32412752509117126,-6.623656272888184,-7.020380973815918,-4.593872547149658,-6.07930326461792,64.0,31.0,22.0
background,Q15628,U,False,False,267,NAPA,295,5aa777c73f3504c65c13ad87a19bfe3ed6d80231fc1bdd5ae677675b29a250d5,P54920,False,TNFRSF1A,455,67798edab4531e17cdc23203459a594909edf57e9e01653fba722356c72ef5aa,P19438,additional_six,False,-1.661256233851115,-0.9827040036519369,-6.814772129058838,-5.2775139808654785,-3.0441110134124756,-5.045465707778931,108.0,77.0,10.0
background,Q15628,U,False,False,268,TOR1AIP2,470,a1aeb2cf4a9e7d31b4c9a38693b5dab6be6d49b074ee550b35b340e3e3746905,Q8NFQ8,False,TNFRSF1A,455,67798edab4531e17cdc23203459a594909edf57e9e01653fba722356c72ef5aa,P19438,additional_six,False,-0.4039565920829773,-0.6890287895997366,-6.084711074829102,-5.266223430633545,-3.2718796730041504,-4.874271392822266,21.0,60.0,8.0
background,Q15628,U,False,False,269,ITPA,194,5db3e7a51fce0c33eed47e6144f66adb97ab0c2b734d75b2493e0737e8cf5c66,Q9BY32,False,TNFRSF1A,455,67798edab4531e17cdc23203459a594909edf57e9e01653fba722356c72ef5aa,P19438,additional_six,False,-2.0699525674184165,-1.7938689390818279,-10.690848350524902,-11.852663040161133,-13.28680419921875,-11.943438529968262,158.0,130.0,199.0
background,Q15628,U,False,False,270,EIPR1,387,431226dd173b0499bd405e78b599abbba2ac688a621fdd9c47b16c5ac5da8042,Q53HC9,False,TNFRSF1A,455,67798edab4531e17cdc23203459a594909edf57e9e01653fba722356c72ef5aa,P19438,additional_six,False,-3.4717824459075928,-2.626764416694641,-14.489157676696777,-13.833452224731445,-13.905475616455078,-14.0760285059611,279.0,211.0,280.0
background,Q15628,U,False,False,271,FUT4,530,83625a9ef145a1394261e837cdc41d26c0bba5feb4499005db8884febf0b96e2,P22083,False,TNFRSF1A,455,67798edab4531e17cdc23203459a594909edf57e9e01653fba722356c72ef5aa,P19438,additional_six,False,-2.0728664795557656,-1.352928598721822,-10.474595069885254,-7.281055927276611,-6.7845964431762695,-8.180082480112711,159.0,93.0,88.0
background,Q15628,U,False,False,272,C1orf202,182,e97adf8a7286f0497c23f05ca944aca3ccaa38e6f24b5b9ea8641b17930dd5a6,A0A1W2PPE3,False,TNFRSF1A,455,67798edab4531e17cdc23203459a594909edf57e9e01653fba722356c72ef5aa,P19438,additional_six,False,-2.9152331352233887,-2.68450661500295,-8.309426307678223,-10.318129539489746,-8.421442985534668,-9.016332944234213,250.0,219.0,113.0
background,Q15628,U,False,False,273,IFNA8,189,ccbad152bf2b5bfb1b424fd5486986a3e648a43e3422b901ba9ba417930a4df0,P32881,False,TNFRSF1A,455,67798edab4531e17cdc23203459a594909edf57e9e01653fba722356c72ef5aa,P19438,additional_six,False,-3.3749117851257324,-2.2065581480662027,-12.279589653015137,-10.342018127441406,-10.012014389038086,-10.877874056498209,276.0,175.0,161.0
background,Q15628,U,False,False,274,SERPINA12,414,ce9d31e15450c2bb743f983fc3ce88e848d3c2fe743a5d5ed61d20e8372c86ce,Q8IW75,False,TNFRSF1A,455,67798edab4531e17cdc23203459a594909edf57e9e01653fba722356c72ef5aa,P19438,additional_six,False,-3.2825144131978354,-3.8295211791992188,-9.71595287322998,-7.214232921600342,-7.851721286773682,-8.260635693868002,271.0,286.0,90.0
background,Q15628,U,False,False,275,UMPS,480,c303d7e7724c7beedc8089712b3939a89de9ef2ec912b0e488240d9c7393bb88,P11172,False,TNFRSF1A,455,67798edab4531e17cdc23203459a594909edf57e9e01653fba722356c72ef5aa,P19438,additional_six,False,-2.882345676422119,-2.746657371520996,-13.474647521972656,-14.613386154174805,-15.996728897094727,-14.694920857747396,244.0,222.0,295.0
background,Q15628,U,False,False,276,IL15RA,267,0ce2cc0479c780a0c64f646ac67b6f4c2517b53283ca08ef5eca72bc9c85e135,Q13261,False,TNFRSF1A,455,67798edab4531e17cdc23203459a594909edf57e9e01653fba722356c72ef5aa,P19438,additional_six,False,0.37207476794719696,-0.98342231909434,-9.689515113830566,-8.487227439880371,-5.9591827392578125,-8.045308430989584,3.0,78.0,86.0
background,Q15628,U,False,False,277,PABPC5,382,ea3f8c84b919986387f47bc03eb829d11809b234261c45de227dc7c961e90a74,Q96DU9,False,TNFRSF1A,455,67798edab4531e17cdc23203459a594909edf57e9e01653fba722356c72ef5aa,P19438,additional_six,False,-2.7539026737213135,-3.4974486033121743,-12.511308670043945,-13.35741901397705,-13.21789264678955,-13.028873443603516,230.0,268.0,249.0
background,Q15628,U,False,False,278,CRELD2,353,2bac4df4d628f0710d60ca2cc39b8cc2e63e2919be309dfc016c38fb5422a8cf,Q6UXH1,False,TNFRSF1A,455,67798edab4531e17cdc23203459a594909edf57e9e01653fba722356c72ef5aa,P19438,additional_six,False,-1.1350766221682231,-1.7021116018295288,-7.107556343078613,-10.617897987365723,-11.02984619140625,-9.585100173950195,55.0,118.0,127.0
background,Q15628,U,False,False,279,TEKTL1,499,e379cadd0dfcb49b3ae6d02fd617ccfa46269d20cbfc7437ebe3d319cc3e46ad,Q8IYK2,False,TNFRSF1A,455,67798edab4531e17cdc23203459a594909edf57e9e01653fba722356c72ef5aa,P19438,additional_six,False,-4.823617458343506,-5.2221347490946455,-15.573399543762207,-16.80559730529785,-12.712759971618652,-15.030585606892904,302.0,302.0,299.0
background,Q15628,U,False,False,280,HOXD9,352,2c7110971af84a716532eb3edb4cddd655556f066679a66d306cfadc59bcc162,P28356,False,TNFRSF1A,455,67798edab4531e17cdc23203459a594909edf57e9e01653fba722356c72ef5aa,P19438,additional_six,False,-2.535173018773397,-2.795156240463257,-13.01451587677002,-11.83659839630127,-11.040505409240723,-11.963873227437338,211.0,227.0,200.0
background,Q15628,U,False,False,281,TMEM59L,342,dbd7e3874e1722e0b2be6ae1864a711cde239990f4447459c393723b4388fd4f,Q9UK28,False,TNFRSF1A,455,67798edab4531e17cdc23203459a594909edf57e9e01653fba722356c72ef5aa,P19438,additional_six,False,-1.3108199834823608,-1.5630887349446614,-9.260100364685059,-5.696098804473877,-6.1663126945495605,-7.040837287902832,74.0,109.0,51.0
background,Q15628,U,False,False,282,GATA3,443,990bd8162e839de2762a8e040cd37642cd92f4dc2e2c81722dbb596d8d6c261e,P23771,False,TNFRSF1A,455,67798edab4531e17cdc23203459a594909edf57e9e01653fba722356c72ef5aa,P19438,additional_six,False,-1.5462686618169148,-2.7033114433288574,-14.71327018737793,-14.730758666992188,-13.212339401245117,-14.218789418538412,92.0,221.0,287.0
background,Q15628,U,False,False,283,AIRE,545,e6aac992e36aace49968814f1ba5e1a0a51e58bb541a0f17cf25dbba1f4e0524,O43918,False,TNFRSF1A,455,67798edab4531e17cdc23203459a594909edf57e9e01653fba722356c72ef5aa,P19438,additional_six,False,-2.5835874875386557,-1.5696580410003662,-14.409173965454102,-14.646905899047852,-10.061805725097656,-13.039295196533203,216.0,110.0,252.0
background,Q15628,U,False,False,284,TYW2,448,5955241044158a84d2b5a81e206136d0c8e956060762e95a52bbc0e57b522b5f,Q53H54,False,TNFRSF1A,455,67798edab4531e17cdc23203459a594909edf57e9e01653fba722356c72ef5aa,P19438,additional_six,False,-1.7275264660517375,-1.180455207824707,-11.858621597290039,-15.228277206420898,-12.129852294921875,-13.072250366210938,116.0,84.0,254.0
background,Q15628,U,False,False,285,NECAP1,275,b33bae244aac2ce7fbe54af9cfd26420f521e5233d608c9d5d5aedd52d9d3b64,Q8NC96,False,TNFRSF1A,455,67798edab4531e17cdc23203459a594909edf57e9e01653fba722356c72ef5aa,P19438,additional_six,False,-1.6521557569503784,-2.657223383585612,-15.067327499389648,-15.996278762817383,-15.40463924407959,-15.489415168762207,107.0,215.0,303.0
background,Q15628,U,False,False,286,P2RY1,373,5dbfb306761c6e6d5c1308409611d2d21029578ad33ffea491610d95814d9128,P47900,False,TNFRSF1A,455,67798edab4531e17cdc23203459a594909edf57e9e01653fba722356c72ef5aa,P19438,additional_six,False,-2.9410808086395264,-2.4777497053146362,-12.13034439086914,-9.493748664855957,-8.501791000366211,-10.041961352030436,254.0,196.0,141.0
background,Q15628,U,False,False,287,ANKRD65,399,87ae3d0558943dc8e0e19d6af7cad0b3bdc2722f377571d15375e50abc3c3ddb,E5RJM6,False,TNFRSF1A,455,67798edab4531e17cdc23203459a594909edf57e9e01653fba722356c72ef5aa,P19438,additional_six,False,-1.6390618483225505,-0.3716093848148982,-9.588178634643555,-9.165600776672363,-10.361115455627441,-9.704964955647787,102.0,37.0,131.0
background,Q15628,U,False,False,288,PDCD2,344,42138e629b45c9281837b01548b8b5d19d20e3876a2a664f4acb014e82bc1c53,Q16342,False,TNFRSF1A,455,67798edab4531e17cdc23203459a594909edf57e9e01653fba722356c72ef5aa,P19438,additional_six,False,-2.3437277475992837,-2.7649900118509927,-12.356854438781738,-15.311548233032227,-9.841156959533691,-12.503186543782553,196.0,224.0,229.0
background,Q15628,U,False,False,289,CSN1S1,185,9b064645ba8c5b9ae176cac30eb99985f4d772f1a0bde8d7c3cd6657e9d5eb54,P47710,False,TNFRSF1A,455,67798edab4531e17cdc23203459a594909edf57e9e01653fba722356c72ef5aa,P19438,additional_six,False,-1.1932564576466878,-1.0042889912923176,-7.224578857421875,-9.217323303222656,-6.898847579956055,-7.780249913533528,62.0,79.0,74.0
background,Q15628,U,False,False,290,ZNRF2,242,59d906b57424f713a5128ce2530dcb09bbcb695718395e1209aceef1be5ab109,Q8NHG8,False,TNFRSF1A,455,67798edab4531e17cdc23203459a594909edf57e9e01653fba722356c72ef5aa,P19438,additional_six,False,-2.300583759943644,-1.8773771127065022,-10.819499015808105,-14.629264831542969,-8.620891571044922,-11.356551806131998,190.0,138.0,175.0
background,Q15628,U,False,False,291,PSME3IP1,254,951f2a8cac5a9ccf725c94f88b9a99ee58fbc8e3609221103b49067ff39c562b,Q9GZU8,False,TNFRSF1A,455,67798edab4531e17cdc23203459a594909edf57e9e01653fba722356c72ef5aa,P19438,additional_six,False,-2.439188798268636,-3.65815003712972,-10.14370346069336,-8.406153678894043,-12.171144485473633,-10.240333875020346,207.0,278.0,147.0
background,Q15628,U,False,False,292,TMEM238,176,aa7aa17e085978a50159a405b665dbc0e61bdaefcb8826563ed447a54311970e,C9JI98,False,TNFRSF1A,455,67798edab4531e17cdc23203459a594909edf57e9e01653fba722356c72ef5aa,P19438,additional_six,False,-2.2415202458699546,-1.7865864833196003,-7.674166679382324,-6.727169513702393,-6.39042329788208,-6.930586496988933,183.0,128.0,45.0
background,Q15628,U,False,False,293,ZNF467,595,42c8231fc087425ec27ed6c2519419b137bd184ade9794163b08fdc564add91c,Q7Z7K2,False,TNFRSF1A,455,67798edab4531e17cdc23203459a594909edf57e9e01653fba722356c72ef5aa,P19438,additional_six,False,-3.154107173283895,-2.6553957064946494,-13.623886108398438,-13.84006118774414,-8.780800819396973,-12.08158270517985,266.0,214.0,203.0
background,Q15628,U,False,False,294,NHEJ1,299,a86533157e195e273d77572ae675502daa55113680f46fec720ab30c1372325c,Q9H9Q4,False,TNFRSF1A,455,67798edab4531e17cdc23203459a594909edf57e9e01653fba722356c72ef5aa,P19438,additional_six,False,-1.2723479270935059,-1.4998246431350708,-13.43675708770752,-15.177947044372559,-12.106244087219238,-13.573649406433105,69.0,105.0,268.0
background,Q15628,U,False,False,295,APTX,356,d411fa0ae0dbf13f6b878394c013175912eef8c72f61b4b0f76b033e53ccc4a7,Q7Z2E3,False,TNFRSF1A,455,67798edab4531e17cdc23203459a594909edf57e9e01653fba722356c72ef5aa,P19438,additional_six,False,-1.7153198719024658,-2.524205287297567,-11.684680938720703,-13.423864364624023,-11.812811851501465,-12.307119051615397,114.0,198.0,220.0
background,Q15628,U,False,False,296,BUD13,619,fe2f58ab5c0d00d21d306407b7b4272c66dcc1e9ad8ed24c8afdd3d8fef67482,Q9BRD0,False,TNFRSF1A,455,67798edab4531e17cdc23203459a594909edf57e9e01653fba722356c72ef5aa,P19438,additional_six,False,-1.8960609833399455,-3.6192070643107095,-7.675689220428467,-16.42719268798828,-14.043511390686035,-12.715464433034262,140.0,275.0,241.0
background,Q15628,U,False,False,297,CD200R1L,271,1a739972c6011c4f9d0dde61b39c73128367938065d8c520ab982a0792d89ddc,Q6Q8B3,False,TNFRSF1A,455,67798edab4531e17cdc23203459a594909edf57e9e01653fba722356c72ef5aa,P19438,additional_six,False,-2.7492547829945884,-2.945174773534139,-8.624784469604492,-6.114778518676758,-9.691819190979004,-8.143794059753418,228.0,240.0,87.0
background,Q15628,U,False,False,298,SLC6A1,599,9061011260b9d045e365e5402f4e150b7e1bc166a21b6dcd06b0d24f3294833e,P30531,False,TNFRSF1A,455,67798edab4531e17cdc23203459a594909edf57e9e01653fba722356c72ef5aa,P19438,additional_six,False,-1.0812262694040935,-0.5862624645233154,-11.38929271697998,-6.387070655822754,-6.97976541519165,-8.252042929331461,50.0,50.0,89.0
background,Q15628,U,False,False,299,CCDC28A,274,e4344c3ce1762f9b1c92e57f16616a4a32d646da7b0c286fc3cc4ff650155c83,Q8IWP9,False,TNFRSF1A,455,67798edab4531e17cdc23203459a594909edf57e9e01653fba722356c72ef5aa,P19438,additional_six,False,-2.644022226333618,-2.216137170791626,-14.249730110168457,-16.009796142578125,-13.002546310424805,-14.420690854390463,221.0,176.0,289.0
background,Q15628,U,False,False,300,NADK,446,0a6aa1debade875f917132245b6e69b13523b85ec0a5a9c3cefbba21fe664a65,O95544,False,TNFRSF1A,455,67798edab4531e17cdc23203459a594909edf57e9e01653fba722356c72ef5aa,P19438,additional_six,False,-2.9491590658823648,-3.795540730158488,-16.16567611694336,-15.32330322265625,-14.671935081481934,-15.386971473693848,255.0,284.0,302.0
background,Q15628,U,False,False,301,TRIM59,403,c889868897b0353218c09ce0d9a7b2f0238d4e0f0c0b4e01ba559c120f43fdf9,Q8IWR1,False,TNFRSF1A,455,67798edab4531e17cdc23203459a594909edf57e9e01653fba722356c72ef5aa,P19438,additional_six,False,-0.47310807307561237,-0.7616246143976847,-6.402029991149902,-6.272362232208252,-4.155660629272461,-5.610017617543538,26.0,64.0,14.0
background,Q15628,U,False,False,302,KLRG2,409,d03e96ff58010aa4653d5e79bc73324817eeab06d35134963367bd788dc54c6b,A4D1S0,False,TNFRSF1A,455,67798edab4531e17cdc23203459a594909edf57e9e01653fba722356c72ef5aa,P19438,additional_six,False,-2.36218523979187,-1.2642616033554077,-8.51254940032959,-4.150196552276611,-3.8070178031921387,-5.48992125193278,201.0,90.0,13.0
background,Q15628,U,False,False,303,GABRB1,474,ce2c45260b943b0fc4ec4618476a254679a80cc435c13dd081206fb7fd5b619f,P18505,False,TNFRSF1A,455,67798edab4531e17cdc23203459a594909edf57e9e01653fba722356c72ef5aa,P19438,additional_six,False,-2.552818854649862,-1.9881906509399414,-9.585680961608887,-13.571919441223145,-12.590861320495605,-11.916153907775879,212.0,152.0,197.0
