species,target_id,subset,candidate_set,P,U,evaluable
mouse,mouse:P22725,all,background,2,100,True
mouse,mouse:P22725,all,matched,2,100,True
mouse,mouse:P22725,all,all_U,2,200,True
mouse,mouse:P22725,no_exact_TRAIN_DEV_endpoint,background,2,98,True
mouse,mouse:P22725,no_exact_TRAIN_DEV_endpoint,matched,2,100,True
mouse,mouse:P22725,no_exact_TRAIN_DEV_endpoint,all_U,2,198,True
mouse,mouse:P22725,no_exact_any_model_TRAIN_DEV_endpoint,background,2,98,True
mouse,mouse:P22725,no_exact_any_model_TRAIN_DEV_endpoint,matched,2,100,True
mouse,mouse:P22725,no_exact_any_model_TRAIN_DEV_endpoint,all_U,2,198,True
mouse,mouse:P47242,all,background,2,100,True
mouse,mouse:P47242,all,matched,2,100,True
mouse,mouse:P47242,all,all_U,2,200,True
mouse,mouse:P47242,no_exact_TRAIN_DEV_endpoint,background,2,100,True
mouse,mouse:P47242,no_exact_TRAIN_DEV_endpoint,matched,2,100,True
mouse,mouse:P47242,no_exact_TRAIN_DEV_endpoint,all_U,2,200,True
mouse,mouse:P47242,no_exact_any_model_TRAIN_DEV_endpoint,background,2,100,True
mouse,mouse:P47242,no_exact_any_model_TRAIN_DEV_endpoint,matched,2,100,True
mouse,mouse:P47242,no_exact_any_model_TRAIN_DEV_endpoint,all_U,2,200,True
mouse,mouse:Q9JL10,all,background,7,100,True
mouse,mouse:Q9JL10,all,matched,7,100,True
mouse,mouse:Q9JL10,all,all_U,7,200,True
mouse,mouse:Q9JL10,no_exact_TRAIN_DEV_endpoint,background,7,98,True
mouse,mouse:Q9JL10,no_exact_TRAIN_DEV_endpoint,matched,7,99,True
mouse,mouse:Q9JL10,no_exact_TRAIN_DEV_endpoint,all_U,7,197,True
mouse,mouse:Q9JL10,no_exact_any_model_TRAIN_DEV_endpoint,background,7,98,True
mouse,mouse:Q9JL10,no_exact_any_model_TRAIN_DEV_endpoint,matched,7,99,True
mouse,mouse:Q9JL10,no_exact_any_model_TRAIN_DEV_endpoint,all_U,7,197,True
mouse,mouse:Q6P9Y7,all,background,2,100,True
mouse,mouse:Q6P9Y7,all,matched,2,100,True
mouse,mouse:Q6P9Y7,all,all_U,2,200,True
mouse,mouse:Q6P9Y7,no_exact_TRAIN_DEV_endpoint,background,2,100,True
mouse,mouse:Q6P9Y7,no_exact_TRAIN_DEV_endpoint,matched,2,100,True
mouse,mouse:Q6P9Y7,no_exact_TRAIN_DEV_endpoint,all_U,2,200,True
mouse,mouse:Q6P9Y7,no_exact_any_model_TRAIN_DEV_endpoint,background,2,100,True
mouse,mouse:Q6P9Y7,no_exact_any_model_TRAIN_DEV_endpoint,matched,2,100,True
mouse,mouse:Q6P9Y7,no_exact_any_model_TRAIN_DEV_endpoint,all_U,2,200,True
mouse,mouse:Q9CZA6,all,background,5,100,True
mouse,mouse:Q9CZA6,all,matched,5,100,True
mouse,mouse:Q9CZA6,all,all_U,5,200,True
mouse,mouse:Q9CZA6,no_exact_TRAIN_DEV_endpoint,background,5,97,True
mouse,mouse:Q9CZA6,no_exact_TRAIN_DEV_endpoint,matched,5,97,True
mouse,mouse:Q9CZA6,no_exact_TRAIN_DEV_endpoint,all_U,5,194,True
mouse,mouse:Q9CZA6,no_exact_any_model_TRAIN_DEV_endpoint,background,5,97,True
mouse,mouse:Q9CZA6,no_exact_any_model_TRAIN_DEV_endpoint,matched,5,97,True
mouse,mouse:Q9CZA6,no_exact_any_model_TRAIN_DEV_endpoint,all_U,5,194,True
mouse,mouse:P70217,all,background,2,100,True
mouse,mouse:P70217,all,matched,2,100,True
mouse,mouse:P70217,all,all_U,2,200,True
mouse,mouse:P70217,no_exact_TRAIN_DEV_endpoint,background,2,98,True
mouse,mouse:P70217,no_exact_TRAIN_DEV_endpoint,matched,2,99,True
mouse,mouse:P70217,no_exact_TRAIN_DEV_endpoint,all_U,2,197,True
mouse,mouse:P70217,no_exact_any_model_TRAIN_DEV_endpoint,background,2,96,True
mouse,mouse:P70217,no_exact_any_model_TRAIN_DEV_endpoint,matched,2,98,True
mouse,mouse:P70217,no_exact_any_model_TRAIN_DEV_endpoint,all_U,2,194,True
mouse,mouse:Q9QX99,all,background,4,100,True
mouse,mouse:Q9QX99,all,matched,4,100,True
mouse,mouse:Q9QX99,all,all_U,4,200,True
mouse,mouse:Q9QX99,no_exact_TRAIN_DEV_endpoint,background,4,97,True
mouse,mouse:Q9QX99,no_exact_TRAIN_DEV_endpoint,matched,4,99,True
mouse,mouse:Q9QX99,no_exact_TRAIN_DEV_endpoint,all_U,4,196,True
mouse,mouse:Q9QX99,no_exact_any_model_TRAIN_DEV_endpoint,background,4,96,True
mouse,mouse:Q9QX99,no_exact_any_model_TRAIN_DEV_endpoint,matched,4,99,True
mouse,mouse:Q9QX99,no_exact_any_model_TRAIN_DEV_endpoint,all_U,4,195,True
mouse,mouse:P53776,all,background,3,100,True
mouse,mouse:P53776,all,matched,3,100,True
mouse,mouse:P53776,all,all_U,3,200,True
mouse,mouse:P53776,no_exact_TRAIN_DEV_endpoint,background,3,99,True
mouse,mouse:P53776,no_exact_TRAIN_DEV_endpoint,matched,3,100,True
mouse,mouse:P53776,no_exact_TRAIN_DEV_endpoint,all_U,3,199,True
mouse,mouse:P53776,no_exact_any_model_TRAIN_DEV_endpoint,background,3,98,True
mouse,mouse:P53776,no_exact_any_model_TRAIN_DEV_endpoint,matched,3,100,True
mouse,mouse:P53776,no_exact_any_model_TRAIN_DEV_endpoint,all_U,3,198,True
mouse,mouse:P08152,all,background,2,100,True
mouse,mouse:P08152,all,matched,2,100,True
mouse,mouse:P08152,all,all_U,2,200,True
mouse,mouse:P08152,no_exact_TRAIN_DEV_endpoint,background,1,96,True
mouse,mouse:P08152,no_exact_TRAIN_DEV_endpoint,matched,1,98,True
mouse,mouse:P08152,no_exact_TRAIN_DEV_endpoint,all_U,1,194,True
mouse,mouse:P08152,no_exact_any_model_TRAIN_DEV_endpoint,background,1,96,True
mouse,mouse:P08152,no_exact_any_model_TRAIN_DEV_endpoint,matched,1,95,True
mouse,mouse:P08152,no_exact_any_model_TRAIN_DEV_endpoint,all_U,1,191,True
mouse,mouse:Q61909,all,background,9,100,True
mouse,mouse:Q61909,all,matched,9,100,True
mouse,mouse:Q61909,all,all_U,9,200,True
mouse,mouse:Q61909,no_exact_TRAIN_DEV_endpoint,background,9,97,True
mouse,mouse:Q61909,no_exact_TRAIN_DEV_endpoint,matched,9,99,True
mouse,mouse:Q61909,no_exact_TRAIN_DEV_endpoint,all_U,9,196,True
mouse,mouse:Q61909,no_exact_any_model_TRAIN_DEV_endpoint,background,9,97,True
mouse,mouse:Q61909,no_exact_any_model_TRAIN_DEV_endpoint,matched,9,99,True
mouse,mouse:Q61909,no_exact_any_model_TRAIN_DEV_endpoint,all_U,9,196,True
mouse,mouse:P68040,all,background,2,100,True
mouse,mouse:P68040,all,matched,2,100,True
mouse,mouse:P68040,all,all_U,2,200,True
mouse,mouse:P68040,no_exact_TRAIN_DEV_endpoint,background,2,98,True
mouse,mouse:P68040,no_exact_TRAIN_DEV_endpoint,matched,2,100,True
mouse,mouse:P68040,no_exact_TRAIN_DEV_endpoint,all_U,2,198,True
mouse,mouse:P68040,no_exact_any_model_TRAIN_DEV_endpoint,background,2,97,True
mouse,mouse:P68040,no_exact_any_model_TRAIN_DEV_endpoint,matched,2,100,True
mouse,mouse:P68040,no_exact_any_model_TRAIN_DEV_endpoint,all_U,2,197,True
mouse,mouse:P04228,all,background,2,100,True
mouse,mouse:P04228,all,matched,2,100,True
mouse,mouse:P04228,all,all_U,2,200,True
mouse,mouse:P04228,no_exact_TRAIN_DEV_endpoint,background,2,99,True
mouse,mouse:P04228,no_exact_TRAIN_DEV_endpoint,matched,2,100,True
mouse,mouse:P04228,no_exact_TRAIN_DEV_endpoint,all_U,2,199,True
mouse,mouse:P04228,no_exact_any_model_TRAIN_DEV_endpoint,background,2,97,True
mouse,mouse:P04228,no_exact_any_model_TRAIN_DEV_endpoint,matched,2,99,True
mouse,mouse:P04228,no_exact_any_model_TRAIN_DEV_endpoint,all_U,2,196,True
mouse,mouse:Q9CXU1,all,background,3,100,True
mouse,mouse:Q9CXU1,all,matched,3,100,True
mouse,mouse:Q9CXU1,all,all_U,3,200,True
mouse,mouse:Q9CXU1,no_exact_TRAIN_DEV_endpoint,background,3,99,True
mouse,mouse:Q9CXU1,no_exact_TRAIN_DEV_endpoint,matched,3,100,True
mouse,mouse:Q9CXU1,no_exact_TRAIN_DEV_endpoint,all_U,3,199,True
mouse,mouse:Q9CXU1,no_exact_any_model_TRAIN_DEV_endpoint,background,3,98,True
mouse,mouse:Q9CXU1,no_exact_any_model_TRAIN_DEV_endpoint,matched,3,98,True
mouse,mouse:Q9CXU1,no_exact_any_model_TRAIN_DEV_endpoint,all_U,3,196,True
mouse,mouse:Q9QZB6,all,background,3,100,True
mouse,mouse:Q9QZB6,all,matched,3,100,True
mouse,mouse:Q9QZB6,all,all_U,3,200,True
mouse,mouse:Q9QZB6,no_exact_TRAIN_DEV_endpoint,background,3,98,True
mouse,mouse:Q9QZB6,no_exact_TRAIN_DEV_endpoint,matched,3,100,True
mouse,mouse:Q9QZB6,no_exact_TRAIN_DEV_endpoint,all_U,3,198,True
mouse,mouse:Q9QZB6,no_exact_any_model_TRAIN_DEV_endpoint,background,3,98,True
mouse,mouse:Q9QZB6,no_exact_any_model_TRAIN_DEV_endpoint,matched,3,100,True
mouse,mouse:Q9QZB6,no_exact_any_model_TRAIN_DEV_endpoint,all_U,3,198,True
mouse,mouse:Q9QWH1,all,background,4,100,True
mouse,mouse:Q9QWH1,all,matched,4,100,True
mouse,mouse:Q9QWH1,all,all_U,4,200,True
mouse,mouse:Q9QWH1,no_exact_TRAIN_DEV_endpoint,background,4,99,True
mouse,mouse:Q9QWH1,no_exact_TRAIN_DEV_endpoint,matched,4,100,True
mouse,mouse:Q9QWH1,no_exact_TRAIN_DEV_endpoint,all_U,4,199,True
mouse,mouse:Q9QWH1,no_exact_any_model_TRAIN_DEV_endpoint,background,4,98,True
mouse,mouse:Q9QWH1,no_exact_any_model_TRAIN_DEV_endpoint,matched,4,98,True
mouse,mouse:Q9QWH1,no_exact_any_model_TRAIN_DEV_endpoint,all_U,4,196,True
mouse,mouse:P70396,all,background,7,100,True
mouse,mouse:P70396,all,matched,7,100,True
mouse,mouse:P70396,all,all_U,7,200,True
mouse,mouse:P70396,no_exact_TRAIN_DEV_endpoint,background,7,99,True
mouse,mouse:P70396,no_exact_TRAIN_DEV_endpoint,matched,7,97,True
mouse,mouse:P70396,no_exact_TRAIN_DEV_endpoint,all_U,7,196,True
mouse,mouse:P70396,no_exact_any_model_TRAIN_DEV_endpoint,background,7,97,True
mouse,mouse:P70396,no_exact_any_model_TRAIN_DEV_endpoint,matched,7,97,True
mouse,mouse:P70396,no_exact_any_model_TRAIN_DEV_endpoint,all_U,7,194,True
mouse,mouse:Q60809,all,background,2,100,True
mouse,mouse:Q60809,all,matched,2,100,True
mouse,mouse:Q60809,all,all_U,2,200,True
mouse,mouse:Q60809,no_exact_TRAIN_DEV_endpoint,background,1,97,True
mouse,mouse:Q60809,no_exact_TRAIN_DEV_endpoint,matched,1,99,True
mouse,mouse:Q60809,no_exact_TRAIN_DEV_endpoint,all_U,1,196,True
mouse,mouse:Q60809,no_exact_any_model_TRAIN_DEV_endpoint,background,1,95,True
mouse,mouse:Q60809,no_exact_any_model_TRAIN_DEV_endpoint,matched,1,98,True
mouse,mouse:Q60809,no_exact_any_model_TRAIN_DEV_endpoint,all_U,1,193,True
mouse,mouse:Q8BZL8,all,background,5,100,True
mouse,mouse:Q8BZL8,all,matched,5,100,True
mouse,mouse:Q8BZL8,all,all_U,5,200,True
mouse,mouse:Q8BZL8,no_exact_TRAIN_DEV_endpoint,background,0,0,False
mouse,mouse:Q8BZL8,no_exact_TRAIN_DEV_endpoint,matched,0,0,False
mouse,mouse:Q8BZL8,no_exact_TRAIN_DEV_endpoint,all_U,0,0,False
mouse,mouse:Q8BZL8,no_exact_any_model_TRAIN_DEV_endpoint,background,0,0,False
mouse,mouse:Q8BZL8,no_exact_any_model_TRAIN_DEV_endpoint,matched,0,0,False
mouse,mouse:Q8BZL8,no_exact_any_model_TRAIN_DEV_endpoint,all_U,0,0,False
mouse,mouse:P60898,all,background,9,100,True
mouse,mouse:P60898,all,matched,9,100,True
mouse,mouse:P60898,all,all_U,9,200,True
mouse,mouse:P60898,no_exact_TRAIN_DEV_endpoint,background,0,0,False
mouse,mouse:P60898,no_exact_TRAIN_DEV_endpoint,matched,0,0,False
mouse,mouse:P60898,no_exact_TRAIN_DEV_endpoint,all_U,0,0,False
mouse,mouse:P60898,no_exact_any_model_TRAIN_DEV_endpoint,background,0,0,False
mouse,mouse:P60898,no_exact_any_model_TRAIN_DEV_endpoint,matched,0,0,False
mouse,mouse:P60898,no_exact_any_model_TRAIN_DEV_endpoint,all_U,0,0,False
mouse,mouse:Q8CF60,all,background,3,100,True
mouse,mouse:Q8CF60,all,matched,3,100,True
mouse,mouse:Q8CF60,all,all_U,3,200,True
mouse,mouse:Q8CF60,no_exact_TRAIN_DEV_endpoint,background,3,99,True
mouse,mouse:Q8CF60,no_exact_TRAIN_DEV_endpoint,matched,3,97,True
mouse,mouse:Q8CF60,no_exact_TRAIN_DEV_endpoint,all_U,3,196,True
mouse,mouse:Q8CF60,no_exact_any_model_TRAIN_DEV_endpoint,background,3,99,True
mouse,mouse:Q8CF60,no_exact_any_model_TRAIN_DEV_endpoint,matched,3,97,True
mouse,mouse:Q8CF60,no_exact_any_model_TRAIN_DEV_endpoint,all_U,3,196,True
mouse,mouse:O55144,all,background,10,100,True
mouse,mouse:O55144,all,matched,10,100,True
mouse,mouse:O55144,all,all_U,10,200,True
mouse,mouse:O55144,no_exact_TRAIN_DEV_endpoint,background,10,99,True
mouse,mouse:O55144,no_exact_TRAIN_DEV_endpoint,matched,10,97,True
mouse,mouse:O55144,no_exact_TRAIN_DEV_endpoint,all_U,10,196,True
mouse,mouse:O55144,no_exact_any_model_TRAIN_DEV_endpoint,background,10,99,True
mouse,mouse:O55144,no_exact_any_model_TRAIN_DEV_endpoint,matched,10,95,True
mouse,mouse:O55144,no_exact_any_model_TRAIN_DEV_endpoint,all_U,10,194,True
mouse,mouse:E9Q7L6,all,background,2,100,True
mouse,mouse:E9Q7L6,all,matched,2,100,True
mouse,mouse:E9Q7L6,all,all_U,2,200,True
mouse,mouse:E9Q7L6,no_exact_TRAIN_DEV_endpoint,background,2,100,True
mouse,mouse:E9Q7L6,no_exact_TRAIN_DEV_endpoint,matched,2,99,True
mouse,mouse:E9Q7L6,no_exact_TRAIN_DEV_endpoint,all_U,2,199,True
mouse,mouse:E9Q7L6,no_exact_any_model_TRAIN_DEV_endpoint,background,2,100,True
mouse,mouse:E9Q7L6,no_exact_any_model_TRAIN_DEV_endpoint,matched,2,98,True
mouse,mouse:E9Q7L6,no_exact_any_model_TRAIN_DEV_endpoint,all_U,2,198,True
mouse,mouse:P83917,all,background,2,100,True
mouse,mouse:P83917,all,matched,2,100,True
mouse,mouse:P83917,all,all_U,2,200,True
mouse,mouse:P83917,no_exact_TRAIN_DEV_endpoint,background,0,0,False
mouse,mouse:P83917,no_exact_TRAIN_DEV_endpoint,matched,0,0,False
mouse,mouse:P83917,no_exact_TRAIN_DEV_endpoint,all_U,0,0,False
mouse,mouse:P83917,no_exact_any_model_TRAIN_DEV_endpoint,background,0,0,False
mouse,mouse:P83917,no_exact_any_model_TRAIN_DEV_endpoint,matched,0,0,False
mouse,mouse:P83917,no_exact_any_model_TRAIN_DEV_endpoint,all_U,0,0,False
mouse,mouse:Q06986,all,background,2,100,True
mouse,mouse:Q06986,all,matched,2,100,True
mouse,mouse:Q06986,all,all_U,2,200,True
mouse,mouse:Q06986,no_exact_TRAIN_DEV_endpoint,background,2,100,True
mouse,mouse:Q06986,no_exact_TRAIN_DEV_endpoint,matched,2,100,True
mouse,mouse:Q06986,no_exact_TRAIN_DEV_endpoint,all_U,2,200,True
mouse,mouse:Q06986,no_exact_any_model_TRAIN_DEV_endpoint,background,2,100,True
mouse,mouse:Q06986,no_exact_any_model_TRAIN_DEV_endpoint,matched,2,100,True
mouse,mouse:Q06986,no_exact_any_model_TRAIN_DEV_endpoint,all_U,2,200,True
mouse,mouse:Q9WV74,all,background,2,100,True
mouse,mouse:Q9WV74,all,matched,2,100,True
mouse,mouse:Q9WV74,all,all_U,2,200,True
mouse,mouse:Q9WV74,no_exact_TRAIN_DEV_endpoint,background,2,100,True
mouse,mouse:Q9WV74,no_exact_TRAIN_DEV_endpoint,matched,2,98,True
mouse,mouse:Q9WV74,no_exact_TRAIN_DEV_endpoint,all_U,2,198,True
mouse,mouse:Q9WV74,no_exact_any_model_TRAIN_DEV_endpoint,background,2,100,True
mouse,mouse:Q9WV74,no_exact_any_model_TRAIN_DEV_endpoint,matched,2,98,True
mouse,mouse:Q9WV74,no_exact_any_model_TRAIN_DEV_endpoint,all_U,2,198,True
mouse,mouse:P25425,all,background,7,100,True
mouse,mouse:P25425,all,matched,7,100,True
mouse,mouse:P25425,all,all_U,7,200,True
mouse,mouse:P25425,no_exact_TRAIN_DEV_endpoint,background,7,100,True
mouse,mouse:P25425,no_exact_TRAIN_DEV_endpoint,matched,7,98,True
mouse,mouse:P25425,no_exact_TRAIN_DEV_endpoint,all_U,7,198,True
mouse,mouse:P25425,no_exact_any_model_TRAIN_DEV_endpoint,background,7,100,True
mouse,mouse:P25425,no_exact_any_model_TRAIN_DEV_endpoint,matched,7,97,True
mouse,mouse:P25425,no_exact_any_model_TRAIN_DEV_endpoint,all_U,7,197,True
mouse,mouse:P01887,all,background,6,100,True
mouse,mouse:P01887,all,matched,6,100,True
mouse,mouse:P01887,all,all_U,6,200,True
mouse,mouse:P01887,no_exact_TRAIN_DEV_endpoint,background,6,99,True
mouse,mouse:P01887,no_exact_TRAIN_DEV_endpoint,matched,6,99,True
mouse,mouse:P01887,no_exact_TRAIN_DEV_endpoint,all_U,6,198,True
mouse,mouse:P01887,no_exact_any_model_TRAIN_DEV_endpoint,background,6,99,True
mouse,mouse:P01887,no_exact_any_model_TRAIN_DEV_endpoint,matched,6,99,True
mouse,mouse:P01887,no_exact_any_model_TRAIN_DEV_endpoint,all_U,6,198,True
mouse,mouse:Q9JHE6,all,background,4,100,True
mouse,mouse:Q9JHE6,all,matched,4,100,True
mouse,mouse:Q9JHE6,all,all_U,4,200,True
mouse,mouse:Q9JHE6,no_exact_TRAIN_DEV_endpoint,background,3,99,True
mouse,mouse:Q9JHE6,no_exact_TRAIN_DEV_endpoint,matched,3,100,True
mouse,mouse:Q9JHE6,no_exact_TRAIN_DEV_endpoint,all_U,3,199,True
mouse,mouse:Q9JHE6,no_exact_any_model_TRAIN_DEV_endpoint,background,3,98,True
mouse,mouse:Q9JHE6,no_exact_any_model_TRAIN_DEV_endpoint,matched,3,100,True
mouse,mouse:Q9JHE6,no_exact_any_model_TRAIN_DEV_endpoint,all_U,3,198,True
mouse,mouse:O54918,all,background,2,100,True
mouse,mouse:O54918,all,matched,2,100,True
mouse,mouse:O54918,all,all_U,2,200,True
mouse,mouse:O54918,no_exact_TRAIN_DEV_endpoint,background,2,98,True
mouse,mouse:O54918,no_exact_TRAIN_DEV_endpoint,matched,2,99,True
mouse,mouse:O54918,no_exact_TRAIN_DEV_endpoint,all_U,2,197,True
mouse,mouse:O54918,no_exact_any_model_TRAIN_DEV_endpoint,background,2,97,True
mouse,mouse:O54918,no_exact_any_model_TRAIN_DEV_endpoint,matched,2,97,True
mouse,mouse:O54918,no_exact_any_model_TRAIN_DEV_endpoint,all_U,2,194,True
mouse,mouse:Q8VHS6,all,background,4,100,True
mouse,mouse:Q8VHS6,all,matched,4,100,True
mouse,mouse:Q8VHS6,all,all_U,4,200,True
mouse,mouse:Q8VHS6,no_exact_TRAIN_DEV_endpoint,background,4,98,True
mouse,mouse:Q8VHS6,no_exact_TRAIN_DEV_endpoint,matched,4,97,True
mouse,mouse:Q8VHS6,no_exact_TRAIN_DEV_endpoint,all_U,4,195,True
mouse,mouse:Q8VHS6,no_exact_any_model_TRAIN_DEV_endpoint,background,4,98,True
mouse,mouse:Q8VHS6,no_exact_any_model_TRAIN_DEV_endpoint,matched,4,96,True
mouse,mouse:Q8VHS6,no_exact_any_model_TRAIN_DEV_endpoint,all_U,4,194,True
mouse,mouse:Q9QY53,all,background,2,100,True
mouse,mouse:Q9QY53,all,matched,2,100,True
mouse,mouse:Q9QY53,all,all_U,2,200,True
mouse,mouse:Q9QY53,no_exact_TRAIN_DEV_endpoint,background,2,97,True
mouse,mouse:Q9QY53,no_exact_TRAIN_DEV_endpoint,matched,2,100,True
mouse,mouse:Q9QY53,no_exact_TRAIN_DEV_endpoint,all_U,2,197,True
mouse,mouse:Q9QY53,no_exact_any_model_TRAIN_DEV_endpoint,background,2,97,True
mouse,mouse:Q9QY53,no_exact_any_model_TRAIN_DEV_endpoint,matched,2,100,True
mouse,mouse:Q9QY53,no_exact_any_model_TRAIN_DEV_endpoint,all_U,2,197,True
mouse,mouse:P97762,all,background,2,100,True
mouse,mouse:P97762,all,matched,2,100,True
mouse,mouse:P97762,all,all_U,2,200,True
mouse,mouse:P97762,no_exact_TRAIN_DEV_endpoint,background,2,97,True
mouse,mouse:P97762,no_exact_TRAIN_DEV_endpoint,matched,2,98,True
mouse,mouse:P97762,no_exact_TRAIN_DEV_endpoint,all_U,2,195,True
mouse,mouse:P97762,no_exact_any_model_TRAIN_DEV_endpoint,background,2,97,True
mouse,mouse:P97762,no_exact_any_model_TRAIN_DEV_endpoint,matched,2,97,True
mouse,mouse:P97762,no_exact_any_model_TRAIN_DEV_endpoint,all_U,2,194,True
mouse,mouse:Q7TNK1,all,background,2,100,True
mouse,mouse:Q7TNK1,all,matched,2,100,True
mouse,mouse:Q7TNK1,all,all_U,2,200,True
mouse,mouse:Q7TNK1,no_exact_TRAIN_DEV_endpoint,background,1,100,True
mouse,mouse:Q7TNK1,no_exact_TRAIN_DEV_endpoint,matched,1,99,True
mouse,mouse:Q7TNK1,no_exact_TRAIN_DEV_endpoint,all_U,1,199,True
mouse,mouse:Q7TNK1,no_exact_any_model_TRAIN_DEV_endpoint,background,1,99,True
mouse,mouse:Q7TNK1,no_exact_any_model_TRAIN_DEV_endpoint,matched,1,99,True
mouse,mouse:Q7TNK1,no_exact_any_model_TRAIN_DEV_endpoint,all_U,1,198,True
mouse,mouse:P16110,all,background,2,100,True
mouse,mouse:P16110,all,matched,2,100,True
mouse,mouse:P16110,all,all_U,2,200,True
mouse,mouse:P16110,no_exact_TRAIN_DEV_endpoint,background,2,99,True
mouse,mouse:P16110,no_exact_TRAIN_DEV_endpoint,matched,2,100,True
mouse,mouse:P16110,no_exact_TRAIN_DEV_endpoint,all_U,2,199,True
mouse,mouse:P16110,no_exact_any_model_TRAIN_DEV_endpoint,background,2,98,True
mouse,mouse:P16110,no_exact_any_model_TRAIN_DEV_endpoint,matched,2,100,True
mouse,mouse:P16110,no_exact_any_model_TRAIN_DEV_endpoint,all_U,2,198,True
mouse,mouse:Q61501,all,background,3,100,True
mouse,mouse:Q61501,all,matched,3,100,True
mouse,mouse:Q61501,all,all_U,3,200,True
mouse,mouse:Q61501,no_exact_TRAIN_DEV_endpoint,background,3,100,True
mouse,mouse:Q61501,no_exact_TRAIN_DEV_endpoint,matched,3,100,True
mouse,mouse:Q61501,no_exact_TRAIN_DEV_endpoint,all_U,3,200,True
mouse,mouse:Q61501,no_exact_any_model_TRAIN_DEV_endpoint,background,3,100,True
mouse,mouse:Q61501,no_exact_any_model_TRAIN_DEV_endpoint,matched,3,100,True
mouse,mouse:Q61501,no_exact_any_model_TRAIN_DEV_endpoint,all_U,3,200,True
mouse,mouse:P01867,all,background,2,100,True
mouse,mouse:P01867,all,matched,2,100,True
mouse,mouse:P01867,all,all_U,2,200,True
mouse,mouse:P01867,no_exact_TRAIN_DEV_endpoint,background,2,99,True
mouse,mouse:P01867,no_exact_TRAIN_DEV_endpoint,matched,2,92,True
mouse,mouse:P01867,no_exact_TRAIN_DEV_endpoint,all_U,2,191,True
mouse,mouse:P01867,no_exact_any_model_TRAIN_DEV_endpoint,background,2,99,True
mouse,mouse:P01867,no_exact_any_model_TRAIN_DEV_endpoint,matched,2,87,True
mouse,mouse:P01867,no_exact_any_model_TRAIN_DEV_endpoint,all_U,2,186,True
mouse,mouse:Q8VCD5,all,background,2,100,True
mouse,mouse:Q8VCD5,all,matched,2,100,True
mouse,mouse:Q8VCD5,all,all_U,2,200,True
mouse,mouse:Q8VCD5,no_exact_TRAIN_DEV_endpoint,background,2,99,True
mouse,mouse:Q8VCD5,no_exact_TRAIN_DEV_endpoint,matched,2,100,True
mouse,mouse:Q8VCD5,no_exact_TRAIN_DEV_endpoint,all_U,2,199,True
mouse,mouse:Q8VCD5,no_exact_any_model_TRAIN_DEV_endpoint,background,2,99,True
mouse,mouse:Q8VCD5,no_exact_any_model_TRAIN_DEV_endpoint,matched,2,100,True
mouse,mouse:Q8VCD5,no_exact_any_model_TRAIN_DEV_endpoint,all_U,2,199,True
mouse,mouse:P61458,all,background,10,100,True
mouse,mouse:P61458,all,matched,10,100,True
mouse,mouse:P61458,all,all_U,10,200,True
mouse,mouse:P61458,no_exact_TRAIN_DEV_endpoint,background,10,99,True
mouse,mouse:P61458,no_exact_TRAIN_DEV_endpoint,matched,10,100,True
mouse,mouse:P61458,no_exact_TRAIN_DEV_endpoint,all_U,10,199,True
mouse,mouse:P61458,no_exact_any_model_TRAIN_DEV_endpoint,background,10,97,True
mouse,mouse:P61458,no_exact_any_model_TRAIN_DEV_endpoint,matched,10,100,True
mouse,mouse:P61458,no_exact_any_model_TRAIN_DEV_endpoint,all_U,10,197,True
mouse,mouse:Q9CPV7,all,background,8,100,True
mouse,mouse:Q9CPV7,all,matched,8,100,True
mouse,mouse:Q9CPV7,all,all_U,8,200,True
mouse,mouse:Q9CPV7,no_exact_TRAIN_DEV_endpoint,background,7,98,True
mouse,mouse:Q9CPV7,no_exact_TRAIN_DEV_endpoint,matched,7,99,True
mouse,mouse:Q9CPV7,no_exact_TRAIN_DEV_endpoint,all_U,7,197,True
mouse,mouse:Q9CPV7,no_exact_any_model_TRAIN_DEV_endpoint,background,7,97,True
mouse,mouse:Q9CPV7,no_exact_any_model_TRAIN_DEV_endpoint,matched,7,99,True
mouse,mouse:Q9CPV7,no_exact_any_model_TRAIN_DEV_endpoint,all_U,7,196,True
mouse,mouse:Q8C7B8,all,background,2,100,True
mouse,mouse:Q8C7B8,all,matched,2,100,True
mouse,mouse:Q8C7B8,all,all_U,2,200,True
mouse,mouse:Q8C7B8,no_exact_TRAIN_DEV_endpoint,background,1,99,True
mouse,mouse:Q8C7B8,no_exact_TRAIN_DEV_endpoint,matched,1,100,True
mouse,mouse:Q8C7B8,no_exact_TRAIN_DEV_endpoint,all_U,1,199,True
mouse,mouse:Q8C7B8,no_exact_any_model_TRAIN_DEV_endpoint,background,1,96,True
mouse,mouse:Q8C7B8,no_exact_any_model_TRAIN_DEV_endpoint,matched,1,98,True
mouse,mouse:Q8C7B8,no_exact_any_model_TRAIN_DEV_endpoint,all_U,1,194,True
mouse,mouse:P70278,all,background,6,100,True
mouse,mouse:P70278,all,matched,6,100,True
mouse,mouse:P70278,all,all_U,6,200,True
mouse,mouse:P70278,no_exact_TRAIN_DEV_endpoint,background,6,97,True
mouse,mouse:P70278,no_exact_TRAIN_DEV_endpoint,matched,6,99,True
mouse,mouse:P70278,no_exact_TRAIN_DEV_endpoint,all_U,6,196,True
mouse,mouse:P70278,no_exact_any_model_TRAIN_DEV_endpoint,background,6,97,True
mouse,mouse:P70278,no_exact_any_model_TRAIN_DEV_endpoint,matched,6,99,True
mouse,mouse:P70278,no_exact_any_model_TRAIN_DEV_endpoint,all_U,6,196,True
mouse,mouse:Q9CQV8,all,background,2,100,True
mouse,mouse:Q9CQV8,all,matched,2,100,True
mouse,mouse:Q9CQV8,all,all_U,2,200,True
mouse,mouse:Q9CQV8,no_exact_TRAIN_DEV_endpoint,background,2,99,True
mouse,mouse:Q9CQV8,no_exact_TRAIN_DEV_endpoint,matched,2,100,True
mouse,mouse:Q9CQV8,no_exact_TRAIN_DEV_endpoint,all_U,2,199,True
mouse,mouse:Q9CQV8,no_exact_any_model_TRAIN_DEV_endpoint,background,2,99,True
mouse,mouse:Q9CQV8,no_exact_any_model_TRAIN_DEV_endpoint,matched,2,100,True
mouse,mouse:Q9CQV8,no_exact_any_model_TRAIN_DEV_endpoint,all_U,2,199,True
mouse,mouse:Q60769,all,background,6,100,True
mouse,mouse:Q60769,all,matched,6,100,True
mouse,mouse:Q60769,all,all_U,6,200,True
mouse,mouse:Q60769,no_exact_TRAIN_DEV_endpoint,background,5,98,True
mouse,mouse:Q60769,no_exact_TRAIN_DEV_endpoint,matched,5,100,True
mouse,mouse:Q60769,no_exact_TRAIN_DEV_endpoint,all_U,5,198,True
mouse,mouse:Q60769,no_exact_any_model_TRAIN_DEV_endpoint,background,5,95,True
mouse,mouse:Q60769,no_exact_any_model_TRAIN_DEV_endpoint,matched,5,100,True
mouse,mouse:Q60769,no_exact_any_model_TRAIN_DEV_endpoint,all_U,5,195,True
mouse,mouse:Q9D275,all,background,2,100,True
mouse,mouse:Q9D275,all,matched,2,100,True
mouse,mouse:Q9D275,all,all_U,2,200,True
mouse,mouse:Q9D275,no_exact_TRAIN_DEV_endpoint,background,2,97,True
mouse,mouse:Q9D275,no_exact_TRAIN_DEV_endpoint,matched,2,99,True
mouse,mouse:Q9D275,no_exact_TRAIN_DEV_endpoint,all_U,2,196,True
mouse,mouse:Q9D275,no_exact_any_model_TRAIN_DEV_endpoint,background,2,96,True
mouse,mouse:Q9D275,no_exact_any_model_TRAIN_DEV_endpoint,matched,2,99,True
mouse,mouse:Q9D275,no_exact_any_model_TRAIN_DEV_endpoint,all_U,2,195,True
mouse,mouse:Q924X6,all,background,3,100,True
mouse,mouse:Q924X6,all,matched,3,100,True
mouse,mouse:Q924X6,all,all_U,3,200,True
mouse,mouse:Q924X6,no_exact_TRAIN_DEV_endpoint,background,3,99,True
mouse,mouse:Q924X6,no_exact_TRAIN_DEV_endpoint,matched,3,99,True
mouse,mouse:Q924X6,no_exact_TRAIN_DEV_endpoint,all_U,3,198,True
mouse,mouse:Q924X6,no_exact_any_model_TRAIN_DEV_endpoint,background,3,99,True
mouse,mouse:Q924X6,no_exact_any_model_TRAIN_DEV_endpoint,matched,3,99,True
mouse,mouse:Q924X6,no_exact_any_model_TRAIN_DEV_endpoint,all_U,3,198,True
mouse,mouse:P97318,all,background,4,100,True
mouse,mouse:P97318,all,matched,4,100,True
mouse,mouse:P97318,all,all_U,4,200,True
mouse,mouse:P97318,no_exact_TRAIN_DEV_endpoint,background,4,96,True
mouse,mouse:P97318,no_exact_TRAIN_DEV_endpoint,matched,4,100,True
mouse,mouse:P97318,no_exact_TRAIN_DEV_endpoint,all_U,4,196,True
mouse,mouse:P97318,no_exact_any_model_TRAIN_DEV_endpoint,background,4,95,True
mouse,mouse:P97318,no_exact_any_model_TRAIN_DEV_endpoint,matched,4,100,True
mouse,mouse:P97318,no_exact_any_model_TRAIN_DEV_endpoint,all_U,4,195,True
mouse,mouse:Q9D6W8,all,background,2,100,True
mouse,mouse:Q9D6W8,all,matched,2,100,True
mouse,mouse:Q9D6W8,all,all_U,2,200,True
mouse,mouse:Q9D6W8,no_exact_TRAIN_DEV_endpoint,background,2,98,True
mouse,mouse:Q9D6W8,no_exact_TRAIN_DEV_endpoint,matched,2,100,True
mouse,mouse:Q9D6W8,no_exact_TRAIN_DEV_endpoint,all_U,2,198,True
mouse,mouse:Q9D6W8,no_exact_any_model_TRAIN_DEV_endpoint,background,2,97,True
mouse,mouse:Q9D6W8,no_exact_any_model_TRAIN_DEV_endpoint,matched,2,99,True
mouse,mouse:Q9D6W8,no_exact_any_model_TRAIN_DEV_endpoint,all_U,2,196,True
mouse,mouse:O88653,all,background,2,100,True
mouse,mouse:O88653,all,matched,2,100,True
mouse,mouse:O88653,all,all_U,2,200,True
mouse,mouse:O88653,no_exact_TRAIN_DEV_endpoint,background,2,100,True
mouse,mouse:O88653,no_exact_TRAIN_DEV_endpoint,matched,2,99,True
mouse,mouse:O88653,no_exact_TRAIN_DEV_endpoint,all_U,2,199,True
mouse,mouse:O88653,no_exact_any_model_TRAIN_DEV_endpoint,background,2,100,True
mouse,mouse:O88653,no_exact_any_model_TRAIN_DEV_endpoint,matched,2,99,True
mouse,mouse:O88653,no_exact_any_model_TRAIN_DEV_endpoint,all_U,2,199,True
mouse,mouse:Q99PV5,all,background,7,100,True
mouse,mouse:Q99PV5,all,matched,7,100,True
mouse,mouse:Q99PV5,all,all_U,7,200,True
mouse,mouse:Q99PV5,no_exact_TRAIN_DEV_endpoint,background,7,98,True
mouse,mouse:Q99PV5,no_exact_TRAIN_DEV_endpoint,matched,7,100,True
mouse,mouse:Q99PV5,no_exact_TRAIN_DEV_endpoint,all_U,7,198,True
mouse,mouse:Q99PV5,no_exact_any_model_TRAIN_DEV_endpoint,background,7,97,True
mouse,mouse:Q99PV5,no_exact_any_model_TRAIN_DEV_endpoint,matched,7,100,True
mouse,mouse:Q99PV5,no_exact_any_model_TRAIN_DEV_endpoint,all_U,7,197,True
mouse,mouse:Q925B0,all,background,2,100,True
mouse,mouse:Q925B0,all,matched,2,100,True
mouse,mouse:Q925B0,all,all_U,2,200,True
mouse,mouse:Q925B0,no_exact_TRAIN_DEV_endpoint,background,2,100,True
mouse,mouse:Q925B0,no_exact_TRAIN_DEV_endpoint,matched,2,98,True
mouse,mouse:Q925B0,no_exact_TRAIN_DEV_endpoint,all_U,2,198,True
mouse,mouse:Q925B0,no_exact_any_model_TRAIN_DEV_endpoint,background,2,99,True
mouse,mouse:Q925B0,no_exact_any_model_TRAIN_DEV_endpoint,matched,2,96,True
mouse,mouse:Q925B0,no_exact_any_model_TRAIN_DEV_endpoint,all_U,2,195,True
fly,fly:P17336,all,background,4,100,True
fly,fly:P17336,all,matched,4,100,True
fly,fly:P17336,all,all_U,4,200,True
fly,fly:P17336,no_exact_TRAIN_DEV_endpoint,background,4,100,True
fly,fly:P17336,no_exact_TRAIN_DEV_endpoint,matched,4,100,True
fly,fly:P17336,no_exact_TRAIN_DEV_endpoint,all_U,4,200,True
fly,fly:P17336,no_exact_any_model_TRAIN_DEV_endpoint,background,4,100,True
fly,fly:P17336,no_exact_any_model_TRAIN_DEV_endpoint,matched,4,100,True
fly,fly:P17336,no_exact_any_model_TRAIN_DEV_endpoint,all_U,4,200,True
fly,fly:O44226,all,background,3,100,True
fly,fly:O44226,all,matched,3,100,True
fly,fly:O44226,all,all_U,3,200,True
fly,fly:O44226,no_exact_TRAIN_DEV_endpoint,background,3,100,True
fly,fly:O44226,no_exact_TRAIN_DEV_endpoint,matched,3,100,True
fly,fly:O44226,no_exact_TRAIN_DEV_endpoint,all_U,3,200,True
fly,fly:O44226,no_exact_any_model_TRAIN_DEV_endpoint,background,3,100,True
fly,fly:O44226,no_exact_any_model_TRAIN_DEV_endpoint,matched,3,100,True
fly,fly:O44226,no_exact_any_model_TRAIN_DEV_endpoint,all_U,3,200,True
fly,fly:Q9VYM8,all,background,2,100,True
fly,fly:Q9VYM8,all,matched,2,100,True
fly,fly:Q9VYM8,all,all_U,2,200,True
fly,fly:Q9VYM8,no_exact_TRAIN_DEV_endpoint,background,2,100,True
fly,fly:Q9VYM8,no_exact_TRAIN_DEV_endpoint,matched,2,100,True
fly,fly:Q9VYM8,no_exact_TRAIN_DEV_endpoint,all_U,2,200,True
fly,fly:Q9VYM8,no_exact_any_model_TRAIN_DEV_endpoint,background,2,100,True
fly,fly:Q9VYM8,no_exact_any_model_TRAIN_DEV_endpoint,matched,2,100,True
fly,fly:Q9VYM8,no_exact_any_model_TRAIN_DEV_endpoint,all_U,2,200,True
fly,fly:Q7JX41,all,background,10,100,True
fly,fly:Q7JX41,all,matched,10,100,True
fly,fly:Q7JX41,all,all_U,10,200,True
fly,fly:Q7JX41,no_exact_TRAIN_DEV_endpoint,background,10,100,True
fly,fly:Q7JX41,no_exact_TRAIN_DEV_endpoint,matched,10,100,True
fly,fly:Q7JX41,no_exact_TRAIN_DEV_endpoint,all_U,10,200,True
fly,fly:Q7JX41,no_exact_any_model_TRAIN_DEV_endpoint,background,10,100,True
fly,fly:Q7JX41,no_exact_any_model_TRAIN_DEV_endpoint,matched,10,99,True
fly,fly:Q7JX41,no_exact_any_model_TRAIN_DEV_endpoint,all_U,10,199,True
fly,fly:Q8IPT5,all,background,7,100,True
fly,fly:Q8IPT5,all,matched,7,100,True
fly,fly:Q8IPT5,all,all_U,7,200,True
fly,fly:Q8IPT5,no_exact_TRAIN_DEV_endpoint,background,7,100,True
fly,fly:Q8IPT5,no_exact_TRAIN_DEV_endpoint,matched,7,100,True
fly,fly:Q8IPT5,no_exact_TRAIN_DEV_endpoint,all_U,7,200,True
fly,fly:Q8IPT5,no_exact_any_model_TRAIN_DEV_endpoint,background,7,100,True
fly,fly:Q8IPT5,no_exact_any_model_TRAIN_DEV_endpoint,matched,7,100,True
fly,fly:Q8IPT5,no_exact_any_model_TRAIN_DEV_endpoint,all_U,7,200,True
fly,fly:Q9V3Q4,all,background,3,100,True
fly,fly:Q9V3Q4,all,matched,3,100,True
fly,fly:Q9V3Q4,all,all_U,3,200,True
fly,fly:Q9V3Q4,no_exact_TRAIN_DEV_endpoint,background,3,100,True
fly,fly:Q9V3Q4,no_exact_TRAIN_DEV_endpoint,matched,3,100,True
fly,fly:Q9V3Q4,no_exact_TRAIN_DEV_endpoint,all_U,3,200,True
fly,fly:Q9V3Q4,no_exact_any_model_TRAIN_DEV_endpoint,background,3,99,True
fly,fly:Q9V3Q4,no_exact_any_model_TRAIN_DEV_endpoint,matched,3,100,True
fly,fly:Q9V3Q4,no_exact_any_model_TRAIN_DEV_endpoint,all_U,3,199,True
fly,fly:Q9VR26,all,background,10,100,True
fly,fly:Q9VR26,all,matched,10,100,True
fly,fly:Q9VR26,all,all_U,10,200,True
fly,fly:Q9VR26,no_exact_TRAIN_DEV_endpoint,background,10,100,True
fly,fly:Q9VR26,no_exact_TRAIN_DEV_endpoint,matched,10,100,True
fly,fly:Q9VR26,no_exact_TRAIN_DEV_endpoint,all_U,10,200,True
fly,fly:Q9VR26,no_exact_any_model_TRAIN_DEV_endpoint,background,10,100,True
fly,fly:Q9VR26,no_exact_any_model_TRAIN_DEV_endpoint,matched,10,100,True
fly,fly:Q9VR26,no_exact_any_model_TRAIN_DEV_endpoint,all_U,10,200,True
fly,fly:Q9W004,all,background,3,100,True
fly,fly:Q9W004,all,matched,3,100,True
fly,fly:Q9W004,all,all_U,3,200,True
fly,fly:Q9W004,no_exact_TRAIN_DEV_endpoint,background,3,100,True
fly,fly:Q9W004,no_exact_TRAIN_DEV_endpoint,matched,3,100,True
fly,fly:Q9W004,no_exact_TRAIN_DEV_endpoint,all_U,3,200,True
fly,fly:Q9W004,no_exact_any_model_TRAIN_DEV_endpoint,background,3,100,True
fly,fly:Q9W004,no_exact_any_model_TRAIN_DEV_endpoint,matched,3,100,True
fly,fly:Q9W004,no_exact_any_model_TRAIN_DEV_endpoint,all_U,3,200,True
fly,fly:Q7KAH0,all,background,2,100,True
fly,fly:Q7KAH0,all,matched,2,100,True
fly,fly:Q7KAH0,all,all_U,2,200,True
fly,fly:Q7KAH0,no_exact_TRAIN_DEV_endpoint,background,2,100,True
fly,fly:Q7KAH0,no_exact_TRAIN_DEV_endpoint,matched,2,100,True
fly,fly:Q7KAH0,no_exact_TRAIN_DEV_endpoint,all_U,2,200,True
fly,fly:Q7KAH0,no_exact_any_model_TRAIN_DEV_endpoint,background,2,100,True
fly,fly:Q7KAH0,no_exact_any_model_TRAIN_DEV_endpoint,matched,2,100,True
fly,fly:Q7KAH0,no_exact_any_model_TRAIN_DEV_endpoint,all_U,2,200,True
fly,fly:Q27889,all,background,10,100,True
fly,fly:Q27889,all,matched,10,100,True
fly,fly:Q27889,all,all_U,10,200,True
fly,fly:Q27889,no_exact_TRAIN_DEV_endpoint,background,10,100,True
fly,fly:Q27889,no_exact_TRAIN_DEV_endpoint,matched,10,100,True
fly,fly:Q27889,no_exact_TRAIN_DEV_endpoint,all_U,10,200,True
fly,fly:Q27889,no_exact_any_model_TRAIN_DEV_endpoint,background,10,100,True
fly,fly:Q27889,no_exact_any_model_TRAIN_DEV_endpoint,matched,10,100,True
fly,fly:Q27889,no_exact_any_model_TRAIN_DEV_endpoint,all_U,10,200,True
fly,fly:Q9VUZ0,all,background,10,100,True
fly,fly:Q9VUZ0,all,matched,10,100,True
fly,fly:Q9VUZ0,all,all_U,10,200,True
fly,fly:Q9VUZ0,no_exact_TRAIN_DEV_endpoint,background,10,100,True
fly,fly:Q9VUZ0,no_exact_TRAIN_DEV_endpoint,matched,10,100,True
fly,fly:Q9VUZ0,no_exact_TRAIN_DEV_endpoint,all_U,10,200,True
fly,fly:Q9VUZ0,no_exact_any_model_TRAIN_DEV_endpoint,background,10,100,True
fly,fly:Q9VUZ0,no_exact_any_model_TRAIN_DEV_endpoint,matched,10,100,True
fly,fly:Q9VUZ0,no_exact_any_model_TRAIN_DEV_endpoint,all_U,10,200,True
fly,fly:Q9VTC2,all,background,8,100,True
fly,fly:Q9VTC2,all,matched,8,100,True
fly,fly:Q9VTC2,all,all_U,8,200,True
fly,fly:Q9VTC2,no_exact_TRAIN_DEV_endpoint,background,8,100,True
fly,fly:Q9VTC2,no_exact_TRAIN_DEV_endpoint,matched,8,100,True
fly,fly:Q9VTC2,no_exact_TRAIN_DEV_endpoint,all_U,8,200,True
fly,fly:Q9VTC2,no_exact_any_model_TRAIN_DEV_endpoint,background,8,100,True
fly,fly:Q9VTC2,no_exact_any_model_TRAIN_DEV_endpoint,matched,8,100,True
fly,fly:Q9VTC2,no_exact_any_model_TRAIN_DEV_endpoint,all_U,8,200,True
fly,fly:Q9VD26,all,background,10,100,True
fly,fly:Q9VD26,all,matched,10,100,True
fly,fly:Q9VD26,all,all_U,10,200,True
fly,fly:Q9VD26,no_exact_TRAIN_DEV_endpoint,background,10,100,True
fly,fly:Q9VD26,no_exact_TRAIN_DEV_endpoint,matched,10,100,True
fly,fly:Q9VD26,no_exact_TRAIN_DEV_endpoint,all_U,10,200,True
fly,fly:Q9VD26,no_exact_any_model_TRAIN_DEV_endpoint,background,10,100,True
fly,fly:Q9VD26,no_exact_any_model_TRAIN_DEV_endpoint,matched,10,100,True
fly,fly:Q9VD26,no_exact_any_model_TRAIN_DEV_endpoint,all_U,10,200,True
fly,fly:Q9W1R3,all,background,4,100,True
fly,fly:Q9W1R3,all,matched,4,100,True
fly,fly:Q9W1R3,all,all_U,4,200,True
fly,fly:Q9W1R3,no_exact_TRAIN_DEV_endpoint,background,4,100,True
fly,fly:Q9W1R3,no_exact_TRAIN_DEV_endpoint,matched,4,100,True
fly,fly:Q9W1R3,no_exact_TRAIN_DEV_endpoint,all_U,4,200,True
fly,fly:Q9W1R3,no_exact_any_model_TRAIN_DEV_endpoint,background,4,100,True
fly,fly:Q9W1R3,no_exact_any_model_TRAIN_DEV_endpoint,matched,4,100,True
fly,fly:Q9W1R3,no_exact_any_model_TRAIN_DEV_endpoint,all_U,4,200,True
fly,fly:Q9W1Z1,all,background,10,100,True
fly,fly:Q9W1Z1,all,matched,10,100,True
fly,fly:Q9W1Z1,all,all_U,10,200,True
fly,fly:Q9W1Z1,no_exact_TRAIN_DEV_endpoint,background,10,100,True
fly,fly:Q9W1Z1,no_exact_TRAIN_DEV_endpoint,matched,10,100,True
fly,fly:Q9W1Z1,no_exact_TRAIN_DEV_endpoint,all_U,10,200,True
fly,fly:Q9W1Z1,no_exact_any_model_TRAIN_DEV_endpoint,background,10,100,True
fly,fly:Q9W1Z1,no_exact_any_model_TRAIN_DEV_endpoint,matched,10,100,True
fly,fly:Q9W1Z1,no_exact_any_model_TRAIN_DEV_endpoint,all_U,10,200,True
fly,fly:Q9VLI1,all,background,9,100,True
fly,fly:Q9VLI1,all,matched,9,100,True
fly,fly:Q9VLI1,all,all_U,9,200,True
fly,fly:Q9VLI1,no_exact_TRAIN_DEV_endpoint,background,9,100,True
fly,fly:Q9VLI1,no_exact_TRAIN_DEV_endpoint,matched,9,100,True
fly,fly:Q9VLI1,no_exact_TRAIN_DEV_endpoint,all_U,9,200,True
fly,fly:Q9VLI1,no_exact_any_model_TRAIN_DEV_endpoint,background,9,100,True
fly,fly:Q9VLI1,no_exact_any_model_TRAIN_DEV_endpoint,matched,9,100,True
fly,fly:Q9VLI1,no_exact_any_model_TRAIN_DEV_endpoint,all_U,9,200,True
fly,fly:Q0E8F8,all,background,10,100,True
fly,fly:Q0E8F8,all,matched,10,100,True
fly,fly:Q0E8F8,all,all_U,10,200,True
fly,fly:Q0E8F8,no_exact_TRAIN_DEV_endpoint,background,10,100,True
fly,fly:Q0E8F8,no_exact_TRAIN_DEV_endpoint,matched,10,100,True
fly,fly:Q0E8F8,no_exact_TRAIN_DEV_endpoint,all_U,10,200,True
fly,fly:Q0E8F8,no_exact_any_model_TRAIN_DEV_endpoint,background,10,100,True
fly,fly:Q0E8F8,no_exact_any_model_TRAIN_DEV_endpoint,matched,10,100,True
fly,fly:Q0E8F8,no_exact_any_model_TRAIN_DEV_endpoint,all_U,10,200,True
fly,fly:Q9W0A8,all,background,10,100,True
fly,fly:Q9W0A8,all,matched,10,100,True
fly,fly:Q9W0A8,all,all_U,10,200,True
fly,fly:Q9W0A8,no_exact_TRAIN_DEV_endpoint,background,10,100,True
fly,fly:Q9W0A8,no_exact_TRAIN_DEV_endpoint,matched,10,100,True
fly,fly:Q9W0A8,no_exact_TRAIN_DEV_endpoint,all_U,10,200,True
fly,fly:Q9W0A8,no_exact_any_model_TRAIN_DEV_endpoint,background,10,100,True
fly,fly:Q9W0A8,no_exact_any_model_TRAIN_DEV_endpoint,matched,10,100,True
fly,fly:Q9W0A8,no_exact_any_model_TRAIN_DEV_endpoint,all_U,10,200,True
fly,fly:Q9VCQ7,all,background,3,100,True
fly,fly:Q9VCQ7,all,matched,3,100,True
fly,fly:Q9VCQ7,all,all_U,3,200,True
fly,fly:Q9VCQ7,no_exact_TRAIN_DEV_endpoint,background,3,100,True
fly,fly:Q9VCQ7,no_exact_TRAIN_DEV_endpoint,matched,3,100,True
fly,fly:Q9VCQ7,no_exact_TRAIN_DEV_endpoint,all_U,3,200,True
fly,fly:Q9VCQ7,no_exact_any_model_TRAIN_DEV_endpoint,background,3,100,True
fly,fly:Q9VCQ7,no_exact_any_model_TRAIN_DEV_endpoint,matched,3,100,True
fly,fly:Q9VCQ7,no_exact_any_model_TRAIN_DEV_endpoint,all_U,3,200,True
fly,fly:Q9VF20,all,background,2,100,True
fly,fly:Q9VF20,all,matched,2,100,True
fly,fly:Q9VF20,all,all_U,2,200,True
fly,fly:Q9VF20,no_exact_TRAIN_DEV_endpoint,background,2,100,True
fly,fly:Q9VF20,no_exact_TRAIN_DEV_endpoint,matched,2,100,True
fly,fly:Q9VF20,no_exact_TRAIN_DEV_endpoint,all_U,2,200,True
fly,fly:Q9VF20,no_exact_any_model_TRAIN_DEV_endpoint,background,2,100,True
fly,fly:Q9VF20,no_exact_any_model_TRAIN_DEV_endpoint,matched,2,100,True
fly,fly:Q9VF20,no_exact_any_model_TRAIN_DEV_endpoint,all_U,2,200,True
fly,fly:Q9VT29,all,background,4,100,True
fly,fly:Q9VT29,all,matched,4,100,True
fly,fly:Q9VT29,all,all_U,4,200,True
fly,fly:Q9VT29,no_exact_TRAIN_DEV_endpoint,background,4,100,True
fly,fly:Q9VT29,no_exact_TRAIN_DEV_endpoint,matched,4,100,True
fly,fly:Q9VT29,no_exact_TRAIN_DEV_endpoint,all_U,4,200,True
fly,fly:Q9VT29,no_exact_any_model_TRAIN_DEV_endpoint,background,4,100,True
fly,fly:Q9VT29,no_exact_any_model_TRAIN_DEV_endpoint,matched,4,100,True
fly,fly:Q9VT29,no_exact_any_model_TRAIN_DEV_endpoint,all_U,4,200,True
fly,fly:Q9XZ16,all,background,2,100,True
fly,fly:Q9XZ16,all,matched,2,100,True
fly,fly:Q9XZ16,all,all_U,2,200,True
fly,fly:Q9XZ16,no_exact_TRAIN_DEV_endpoint,background,2,100,True
fly,fly:Q9XZ16,no_exact_TRAIN_DEV_endpoint,matched,2,100,True
fly,fly:Q9XZ16,no_exact_TRAIN_DEV_endpoint,all_U,2,200,True
fly,fly:Q9XZ16,no_exact_any_model_TRAIN_DEV_endpoint,background,2,100,True
fly,fly:Q9XZ16,no_exact_any_model_TRAIN_DEV_endpoint,matched,2,100,True
fly,fly:Q9XZ16,no_exact_any_model_TRAIN_DEV_endpoint,all_U,2,200,True
fly,fly:Q9VHA9,all,background,10,100,True
fly,fly:Q9VHA9,all,matched,10,100,True
fly,fly:Q9VHA9,all,all_U,10,200,True
fly,fly:Q9VHA9,no_exact_TRAIN_DEV_endpoint,background,10,100,True
fly,fly:Q9VHA9,no_exact_TRAIN_DEV_endpoint,matched,10,100,True
fly,fly:Q9VHA9,no_exact_TRAIN_DEV_endpoint,all_U,10,200,True
fly,fly:Q9VHA9,no_exact_any_model_TRAIN_DEV_endpoint,background,10,100,True
fly,fly:Q9VHA9,no_exact_any_model_TRAIN_DEV_endpoint,matched,10,100,True
fly,fly:Q9VHA9,no_exact_any_model_TRAIN_DEV_endpoint,all_U,10,200,True
fly,fly:P09083,all,background,2,100,True
fly,fly:P09083,all,matched,2,100,True
fly,fly:P09083,all,all_U,2,200,True
fly,fly:P09083,no_exact_TRAIN_DEV_endpoint,background,2,100,True
fly,fly:P09083,no_exact_TRAIN_DEV_endpoint,matched,2,100,True
fly,fly:P09083,no_exact_TRAIN_DEV_endpoint,all_U,2,200,True
fly,fly:P09083,no_exact_any_model_TRAIN_DEV_endpoint,background,2,100,True
fly,fly:P09083,no_exact_any_model_TRAIN_DEV_endpoint,matched,2,100,True
fly,fly:P09083,no_exact_any_model_TRAIN_DEV_endpoint,all_U,2,200,True
fly,fly:Q9VUB1,all,background,10,100,True
fly,fly:Q9VUB1,all,matched,10,100,True
fly,fly:Q9VUB1,all,all_U,10,200,True
fly,fly:Q9VUB1,no_exact_TRAIN_DEV_endpoint,background,10,100,True
fly,fly:Q9VUB1,no_exact_TRAIN_DEV_endpoint,matched,10,100,True
fly,fly:Q9VUB1,no_exact_TRAIN_DEV_endpoint,all_U,10,200,True
fly,fly:Q9VUB1,no_exact_any_model_TRAIN_DEV_endpoint,background,10,100,True
fly,fly:Q9VUB1,no_exact_any_model_TRAIN_DEV_endpoint,matched,10,100,True
fly,fly:Q9VUB1,no_exact_any_model_TRAIN_DEV_endpoint,all_U,10,200,True
fly,fly:Q9XYU1,all,background,2,100,True
fly,fly:Q9XYU1,all,matched,2,100,True
fly,fly:Q9XYU1,all,all_U,2,200,True
fly,fly:Q9XYU1,no_exact_TRAIN_DEV_endpoint,background,2,100,True
fly,fly:Q9XYU1,no_exact_TRAIN_DEV_endpoint,matched,2,100,True
fly,fly:Q9XYU1,no_exact_TRAIN_DEV_endpoint,all_U,2,200,True
fly,fly:Q9XYU1,no_exact_any_model_TRAIN_DEV_endpoint,background,2,100,True
fly,fly:Q9XYU1,no_exact_any_model_TRAIN_DEV_endpoint,matched,2,100,True
fly,fly:Q9XYU1,no_exact_any_model_TRAIN_DEV_endpoint,all_U,2,200,True
fly,fly:Q4V6I0,all,background,10,100,True
fly,fly:Q4V6I0,all,matched,10,100,True
fly,fly:Q4V6I0,all,all_U,10,200,True
fly,fly:Q4V6I0,no_exact_TRAIN_DEV_endpoint,background,10,100,True
fly,fly:Q4V6I0,no_exact_TRAIN_DEV_endpoint,matched,10,100,True
fly,fly:Q4V6I0,no_exact_TRAIN_DEV_endpoint,all_U,10,200,True
fly,fly:Q4V6I0,no_exact_any_model_TRAIN_DEV_endpoint,background,10,100,True
fly,fly:Q4V6I0,no_exact_any_model_TRAIN_DEV_endpoint,matched,10,100,True
fly,fly:Q4V6I0,no_exact_any_model_TRAIN_DEV_endpoint,all_U,10,200,True
fly,fly:Q9VEW6,all,background,3,100,True
fly,fly:Q9VEW6,all,matched,3,100,True
fly,fly:Q9VEW6,all,all_U,3,200,True
fly,fly:Q9VEW6,no_exact_TRAIN_DEV_endpoint,background,3,100,True
fly,fly:Q9VEW6,no_exact_TRAIN_DEV_endpoint,matched,3,100,True
fly,fly:Q9VEW6,no_exact_TRAIN_DEV_endpoint,all_U,3,200,True
fly,fly:Q9VEW6,no_exact_any_model_TRAIN_DEV_endpoint,background,3,100,True
fly,fly:Q9VEW6,no_exact_any_model_TRAIN_DEV_endpoint,matched,3,100,True
fly,fly:Q9VEW6,no_exact_any_model_TRAIN_DEV_endpoint,all_U,3,200,True
fly,fly:Q9VJK3,all,background,10,100,True
fly,fly:Q9VJK3,all,matched,10,100,True
fly,fly:Q9VJK3,all,all_U,10,200,True
fly,fly:Q9VJK3,no_exact_TRAIN_DEV_endpoint,background,10,100,True
fly,fly:Q9VJK3,no_exact_TRAIN_DEV_endpoint,matched,10,100,True
fly,fly:Q9VJK3,no_exact_TRAIN_DEV_endpoint,all_U,10,200,True
fly,fly:Q9VJK3,no_exact_any_model_TRAIN_DEV_endpoint,background,10,100,True
fly,fly:Q9VJK3,no_exact_any_model_TRAIN_DEV_endpoint,matched,10,100,True
fly,fly:Q9VJK3,no_exact_any_model_TRAIN_DEV_endpoint,all_U,10,200,True
fly,fly:Q9VK36,all,background,2,100,True
fly,fly:Q9VK36,all,matched,2,100,True
fly,fly:Q9VK36,all,all_U,2,200,True
fly,fly:Q9VK36,no_exact_TRAIN_DEV_endpoint,background,2,100,True
fly,fly:Q9VK36,no_exact_TRAIN_DEV_endpoint,matched,2,100,True
fly,fly:Q9VK36,no_exact_TRAIN_DEV_endpoint,all_U,2,200,True
fly,fly:Q9VK36,no_exact_any_model_TRAIN_DEV_endpoint,background,2,100,True
fly,fly:Q9VK36,no_exact_any_model_TRAIN_DEV_endpoint,matched,2,100,True
fly,fly:Q9VK36,no_exact_any_model_TRAIN_DEV_endpoint,all_U,2,200,True
fly,fly:Q9VNU3,all,background,10,100,True
fly,fly:Q9VNU3,all,matched,10,100,True
fly,fly:Q9VNU3,all,all_U,10,200,True
fly,fly:Q9VNU3,no_exact_TRAIN_DEV_endpoint,background,10,100,True
fly,fly:Q9VNU3,no_exact_TRAIN_DEV_endpoint,matched,10,100,True
fly,fly:Q9VNU3,no_exact_TRAIN_DEV_endpoint,all_U,10,200,True
fly,fly:Q9VNU3,no_exact_any_model_TRAIN_DEV_endpoint,background,10,100,True
fly,fly:Q9VNU3,no_exact_any_model_TRAIN_DEV_endpoint,matched,10,100,True
fly,fly:Q9VNU3,no_exact_any_model_TRAIN_DEV_endpoint,all_U,10,200,True
fly,fly:Q9VXI1,all,background,3,100,True
fly,fly:Q9VXI1,all,matched,3,100,True
fly,fly:Q9VXI1,all,all_U,3,200,True
fly,fly:Q9VXI1,no_exact_TRAIN_DEV_endpoint,background,3,100,True
fly,fly:Q9VXI1,no_exact_TRAIN_DEV_endpoint,matched,3,100,True
fly,fly:Q9VXI1,no_exact_TRAIN_DEV_endpoint,all_U,3,200,True
fly,fly:Q9VXI1,no_exact_any_model_TRAIN_DEV_endpoint,background,3,100,True
fly,fly:Q9VXI1,no_exact_any_model_TRAIN_DEV_endpoint,matched,3,100,True
fly,fly:Q9VXI1,no_exact_any_model_TRAIN_DEV_endpoint,all_U,3,200,True
fly,fly:Q9VQU9,all,background,10,100,True
fly,fly:Q9VQU9,all,matched,10,100,True
fly,fly:Q9VQU9,all,all_U,10,200,True
fly,fly:Q9VQU9,no_exact_TRAIN_DEV_endpoint,background,10,100,True
fly,fly:Q9VQU9,no_exact_TRAIN_DEV_endpoint,matched,10,100,True
fly,fly:Q9VQU9,no_exact_TRAIN_DEV_endpoint,all_U,10,200,True
fly,fly:Q9VQU9,no_exact_any_model_TRAIN_DEV_endpoint,background,10,100,True
fly,fly:Q9VQU9,no_exact_any_model_TRAIN_DEV_endpoint,matched,10,100,True
fly,fly:Q9VQU9,no_exact_any_model_TRAIN_DEV_endpoint,all_U,10,200,True
fly,fly:Q9VCG8,all,background,3,100,True
fly,fly:Q9VCG8,all,matched,3,100,True
fly,fly:Q9VCG8,all,all_U,3,200,True
fly,fly:Q9VCG8,no_exact_TRAIN_DEV_endpoint,background,3,100,True
fly,fly:Q9VCG8,no_exact_TRAIN_DEV_endpoint,matched,3,100,True
fly,fly:Q9VCG8,no_exact_TRAIN_DEV_endpoint,all_U,3,200,True
fly,fly:Q9VCG8,no_exact_any_model_TRAIN_DEV_endpoint,background,3,100,True
fly,fly:Q9VCG8,no_exact_any_model_TRAIN_DEV_endpoint,matched,3,100,True
fly,fly:Q9VCG8,no_exact_any_model_TRAIN_DEV_endpoint,all_U,3,200,True
fly,fly:P09775,all,background,10,100,True
fly,fly:P09775,all,matched,10,100,True
fly,fly:P09775,all,all_U,10,200,True
fly,fly:P09775,no_exact_TRAIN_DEV_endpoint,background,10,100,True
fly,fly:P09775,no_exact_TRAIN_DEV_endpoint,matched,10,100,True
fly,fly:P09775,no_exact_TRAIN_DEV_endpoint,all_U,10,200,True
fly,fly:P09775,no_exact_any_model_TRAIN_DEV_endpoint,background,10,100,True
fly,fly:P09775,no_exact_any_model_TRAIN_DEV_endpoint,matched,10,100,True
fly,fly:P09775,no_exact_any_model_TRAIN_DEV_endpoint,all_U,10,200,True
fly,fly:Q9W187,all,background,2,100,True
fly,fly:Q9W187,all,matched,2,100,True
fly,fly:Q9W187,all,all_U,2,200,True
fly,fly:Q9W187,no_exact_TRAIN_DEV_endpoint,background,2,100,True
fly,fly:Q9W187,no_exact_TRAIN_DEV_endpoint,matched,2,100,True
fly,fly:Q9W187,no_exact_TRAIN_DEV_endpoint,all_U,2,200,True
fly,fly:Q9W187,no_exact_any_model_TRAIN_DEV_endpoint,background,2,100,True
fly,fly:Q9W187,no_exact_any_model_TRAIN_DEV_endpoint,matched,2,100,True
fly,fly:Q9W187,no_exact_any_model_TRAIN_DEV_endpoint,all_U,2,200,True
fly,fly:Q00748,all,background,8,100,True
fly,fly:Q00748,all,matched,8,100,True
fly,fly:Q00748,all,all_U,8,200,True
fly,fly:Q00748,no_exact_TRAIN_DEV_endpoint,background,8,100,True
fly,fly:Q00748,no_exact_TRAIN_DEV_endpoint,matched,8,100,True
fly,fly:Q00748,no_exact_TRAIN_DEV_endpoint,all_U,8,200,True
fly,fly:Q00748,no_exact_any_model_TRAIN_DEV_endpoint,background,8,100,True
fly,fly:Q00748,no_exact_any_model_TRAIN_DEV_endpoint,matched,8,100,True
fly,fly:Q00748,no_exact_any_model_TRAIN_DEV_endpoint,all_U,8,200,True
fly,fly:Q9VGG3,all,background,10,100,True
fly,fly:Q9VGG3,all,matched,10,100,True
fly,fly:Q9VGG3,all,all_U,10,200,True
fly,fly:Q9VGG3,no_exact_TRAIN_DEV_endpoint,background,10,100,True
fly,fly:Q9VGG3,no_exact_TRAIN_DEV_endpoint,matched,10,100,True
fly,fly:Q9VGG3,no_exact_TRAIN_DEV_endpoint,all_U,10,200,True
fly,fly:Q9VGG3,no_exact_any_model_TRAIN_DEV_endpoint,background,10,100,True
fly,fly:Q9VGG3,no_exact_any_model_TRAIN_DEV_endpoint,matched,10,100,True
fly,fly:Q9VGG3,no_exact_any_model_TRAIN_DEV_endpoint,all_U,10,200,True
fly,fly:Q9VVE3,all,background,3,100,True
fly,fly:Q9VVE3,all,matched,3,100,True
fly,fly:Q9VVE3,all,all_U,3,200,True
fly,fly:Q9VVE3,no_exact_TRAIN_DEV_endpoint,background,3,100,True
fly,fly:Q9VVE3,no_exact_TRAIN_DEV_endpoint,matched,3,100,True
fly,fly:Q9VVE3,no_exact_TRAIN_DEV_endpoint,all_U,3,200,True
fly,fly:Q9VVE3,no_exact_any_model_TRAIN_DEV_endpoint,background,3,100,True
fly,fly:Q9VVE3,no_exact_any_model_TRAIN_DEV_endpoint,matched,3,100,True
fly,fly:Q9VVE3,no_exact_any_model_TRAIN_DEV_endpoint,all_U,3,200,True
fly,fly:Q9VWZ8,all,background,4,100,True
fly,fly:Q9VWZ8,all,matched,4,100,True
fly,fly:Q9VWZ8,all,all_U,4,200,True
fly,fly:Q9VWZ8,no_exact_TRAIN_DEV_endpoint,background,4,100,True
fly,fly:Q9VWZ8,no_exact_TRAIN_DEV_endpoint,matched,4,100,True
fly,fly:Q9VWZ8,no_exact_TRAIN_DEV_endpoint,all_U,4,200,True
fly,fly:Q9VWZ8,no_exact_any_model_TRAIN_DEV_endpoint,background,4,100,True
fly,fly:Q9VWZ8,no_exact_any_model_TRAIN_DEV_endpoint,matched,4,100,True
fly,fly:Q9VWZ8,no_exact_any_model_TRAIN_DEV_endpoint,all_U,4,200,True
fly,fly:O77051,all,background,10,100,True
fly,fly:O77051,all,matched,10,100,True
fly,fly:O77051,all,all_U,10,200,True
fly,fly:O77051,no_exact_TRAIN_DEV_endpoint,background,10,100,True
fly,fly:O77051,no_exact_TRAIN_DEV_endpoint,matched,10,100,True
fly,fly:O77051,no_exact_TRAIN_DEV_endpoint,all_U,10,200,True
fly,fly:O77051,no_exact_any_model_TRAIN_DEV_endpoint,background,10,100,True
fly,fly:O77051,no_exact_any_model_TRAIN_DEV_endpoint,matched,10,100,True
fly,fly:O77051,no_exact_any_model_TRAIN_DEV_endpoint,all_U,10,200,True
fly,fly:Q9W2N0,all,background,7,100,True
fly,fly:Q9W2N0,all,matched,7,100,True
fly,fly:Q9W2N0,all,all_U,7,200,True
fly,fly:Q9W2N0,no_exact_TRAIN_DEV_endpoint,background,7,100,True
fly,fly:Q9W2N0,no_exact_TRAIN_DEV_endpoint,matched,7,100,True
fly,fly:Q9W2N0,no_exact_TRAIN_DEV_endpoint,all_U,7,200,True
fly,fly:Q9W2N0,no_exact_any_model_TRAIN_DEV_endpoint,background,7,100,True
fly,fly:Q9W2N0,no_exact_any_model_TRAIN_DEV_endpoint,matched,7,100,True
fly,fly:Q9W2N0,no_exact_any_model_TRAIN_DEV_endpoint,all_U,7,200,True
fly,fly:Q7KSI9,all,background,2,100,True
fly,fly:Q7KSI9,all,matched,2,100,True
fly,fly:Q7KSI9,all,all_U,2,200,True
fly,fly:Q7KSI9,no_exact_TRAIN_DEV_endpoint,background,2,100,True
fly,fly:Q7KSI9,no_exact_TRAIN_DEV_endpoint,matched,2,100,True
fly,fly:Q7KSI9,no_exact_TRAIN_DEV_endpoint,all_U,2,200,True
fly,fly:Q7KSI9,no_exact_any_model_TRAIN_DEV_endpoint,background,2,100,True
fly,fly:Q7KSI9,no_exact_any_model_TRAIN_DEV_endpoint,matched,2,100,True
fly,fly:Q7KSI9,no_exact_any_model_TRAIN_DEV_endpoint,all_U,2,200,True
fly,fly:Q27368,all,background,9,100,True
fly,fly:Q27368,all,matched,9,100,True
fly,fly:Q27368,all,all_U,9,200,True
fly,fly:Q27368,no_exact_TRAIN_DEV_endpoint,background,9,100,True
fly,fly:Q27368,no_exact_TRAIN_DEV_endpoint,matched,9,100,True
fly,fly:Q27368,no_exact_TRAIN_DEV_endpoint,all_U,9,200,True
fly,fly:Q27368,no_exact_any_model_TRAIN_DEV_endpoint,background,9,100,True
fly,fly:Q27368,no_exact_any_model_TRAIN_DEV_endpoint,matched,9,100,True
fly,fly:Q27368,no_exact_any_model_TRAIN_DEV_endpoint,all_U,9,200,True
fly,fly:P07665,all,background,10,100,True
fly,fly:P07665,all,matched,10,100,True
fly,fly:P07665,all,all_U,10,200,True
fly,fly:P07665,no_exact_TRAIN_DEV_endpoint,background,10,100,True
fly,fly:P07665,no_exact_TRAIN_DEV_endpoint,matched,10,100,True
fly,fly:P07665,no_exact_TRAIN_DEV_endpoint,all_U,10,200,True
fly,fly:P07665,no_exact_any_model_TRAIN_DEV_endpoint,background,10,100,True
fly,fly:P07665,no_exact_any_model_TRAIN_DEV_endpoint,matched,10,100,True
fly,fly:P07665,no_exact_any_model_TRAIN_DEV_endpoint,all_U,10,200,True
fly,fly:Q9VQW7,all,background,5,100,True
fly,fly:Q9VQW7,all,matched,5,100,True
fly,fly:Q9VQW7,all,all_U,5,200,True
fly,fly:Q9VQW7,no_exact_TRAIN_DEV_endpoint,background,5,100,True
fly,fly:Q9VQW7,no_exact_TRAIN_DEV_endpoint,matched,5,100,True
fly,fly:Q9VQW7,no_exact_TRAIN_DEV_endpoint,all_U,5,200,True
fly,fly:Q9VQW7,no_exact_any_model_TRAIN_DEV_endpoint,background,5,100,True
fly,fly:Q9VQW7,no_exact_any_model_TRAIN_DEV_endpoint,matched,5,100,True
fly,fly:Q9VQW7,no_exact_any_model_TRAIN_DEV_endpoint,all_U,5,200,True
fly,fly:Q9W4C4,all,background,2,100,True
fly,fly:Q9W4C4,all,matched,2,100,True
fly,fly:Q9W4C4,all,all_U,2,200,True
fly,fly:Q9W4C4,no_exact_TRAIN_DEV_endpoint,background,2,100,True
fly,fly:Q9W4C4,no_exact_TRAIN_DEV_endpoint,matched,2,100,True
fly,fly:Q9W4C4,no_exact_TRAIN_DEV_endpoint,all_U,2,200,True
fly,fly:Q9W4C4,no_exact_any_model_TRAIN_DEV_endpoint,background,2,100,True
fly,fly:Q9W4C4,no_exact_any_model_TRAIN_DEV_endpoint,matched,2,100,True
fly,fly:Q9W4C4,no_exact_any_model_TRAIN_DEV_endpoint,all_U,2,200,True
fly,fly:Q9VNI4,all,background,10,100,True
fly,fly:Q9VNI4,all,matched,10,100,True
fly,fly:Q9VNI4,all,all_U,10,200,True
fly,fly:Q9VNI4,no_exact_TRAIN_DEV_endpoint,background,10,100,True
fly,fly:Q9VNI4,no_exact_TRAIN_DEV_endpoint,matched,10,100,True
fly,fly:Q9VNI4,no_exact_TRAIN_DEV_endpoint,all_U,10,200,True
fly,fly:Q9VNI4,no_exact_any_model_TRAIN_DEV_endpoint,background,10,100,True
fly,fly:Q9VNI4,no_exact_any_model_TRAIN_DEV_endpoint,matched,10,100,True
fly,fly:Q9VNI4,no_exact_any_model_TRAIN_DEV_endpoint,all_U,10,200,True
fly,fly:P22812,all,background,3,100,True
fly,fly:P22812,all,matched,3,100,True
fly,fly:P22812,all,all_U,3,200,True
fly,fly:P22812,no_exact_TRAIN_DEV_endpoint,background,3,100,True
fly,fly:P22812,no_exact_TRAIN_DEV_endpoint,matched,3,100,True
fly,fly:P22812,no_exact_TRAIN_DEV_endpoint,all_U,3,200,True
fly,fly:P22812,no_exact_any_model_TRAIN_DEV_endpoint,background,3,100,True
fly,fly:P22812,no_exact_any_model_TRAIN_DEV_endpoint,matched,3,100,True
fly,fly:P22812,no_exact_any_model_TRAIN_DEV_endpoint,all_U,3,200,True
fly,fly:Q9V447,all,background,8,100,True
fly,fly:Q9V447,all,matched,8,100,True
fly,fly:Q9V447,all,all_U,8,200,True
fly,fly:Q9V447,no_exact_TRAIN_DEV_endpoint,background,8,100,True
fly,fly:Q9V447,no_exact_TRAIN_DEV_endpoint,matched,8,100,True
fly,fly:Q9V447,no_exact_TRAIN_DEV_endpoint,all_U,8,200,True
fly,fly:Q9V447,no_exact_any_model_TRAIN_DEV_endpoint,background,8,100,True
fly,fly:Q9V447,no_exact_any_model_TRAIN_DEV_endpoint,matched,8,100,True
fly,fly:Q9V447,no_exact_any_model_TRAIN_DEV_endpoint,all_U,8,200,True
worm,worm:Q9XTC6,all,background,5,100,True
worm,worm:Q9XTC6,all,matched,5,100,True
worm,worm:Q9XTC6,all,all_U,5,200,True
worm,worm:Q9XTC6,no_exact_TRAIN_DEV_endpoint,background,5,100,True
worm,worm:Q9XTC6,no_exact_TRAIN_DEV_endpoint,matched,5,100,True
worm,worm:Q9XTC6,no_exact_TRAIN_DEV_endpoint,all_U,5,200,True
worm,worm:Q9XTC6,no_exact_any_model_TRAIN_DEV_endpoint,background,5,100,True
worm,worm:Q9XTC6,no_exact_any_model_TRAIN_DEV_endpoint,matched,5,100,True
worm,worm:Q9XTC6,no_exact_any_model_TRAIN_DEV_endpoint,all_U,5,200,True
worm,worm:Q20778,all,background,4,100,True
worm,worm:Q20778,all,matched,4,100,True
worm,worm:Q20778,all,all_U,4,200,True
worm,worm:Q20778,no_exact_TRAIN_DEV_endpoint,background,4,100,True
worm,worm:Q20778,no_exact_TRAIN_DEV_endpoint,matched,4,100,True
worm,worm:Q20778,no_exact_TRAIN_DEV_endpoint,all_U,4,200,True
worm,worm:Q20778,no_exact_any_model_TRAIN_DEV_endpoint,background,4,100,True
worm,worm:Q20778,no_exact_any_model_TRAIN_DEV_endpoint,matched,4,100,True
worm,worm:Q20778,no_exact_any_model_TRAIN_DEV_endpoint,all_U,4,200,True
worm,worm:O44408,all,background,3,100,True
worm,worm:O44408,all,matched,3,100,True
worm,worm:O44408,all,all_U,3,200,True
worm,worm:O44408,no_exact_TRAIN_DEV_endpoint,background,3,100,True
worm,worm:O44408,no_exact_TRAIN_DEV_endpoint,matched,3,100,True
worm,worm:O44408,no_exact_TRAIN_DEV_endpoint,all_U,3,200,True
worm,worm:O44408,no_exact_any_model_TRAIN_DEV_endpoint,background,3,100,True
worm,worm:O44408,no_exact_any_model_TRAIN_DEV_endpoint,matched,3,100,True
worm,worm:O44408,no_exact_any_model_TRAIN_DEV_endpoint,all_U,3,200,True
worm,worm:Q9BIC2,all,background,2,100,True
worm,worm:Q9BIC2,all,matched,2,100,True
worm,worm:Q9BIC2,all,all_U,2,200,True
worm,worm:Q9BIC2,no_exact_TRAIN_DEV_endpoint,background,2,100,True
worm,worm:Q9BIC2,no_exact_TRAIN_DEV_endpoint,matched,2,100,True
worm,worm:Q9BIC2,no_exact_TRAIN_DEV_endpoint,all_U,2,200,True
worm,worm:Q9BIC2,no_exact_any_model_TRAIN_DEV_endpoint,background,2,100,True
worm,worm:Q9BIC2,no_exact_any_model_TRAIN_DEV_endpoint,matched,2,100,True
worm,worm:Q9BIC2,no_exact_any_model_TRAIN_DEV_endpoint,all_U,2,200,True
worm,worm:Q0G819,all,background,3,100,True
worm,worm:Q0G819,all,matched,3,100,True
worm,worm:Q0G819,all,all_U,3,200,True
worm,worm:Q0G819,no_exact_TRAIN_DEV_endpoint,background,3,100,True
worm,worm:Q0G819,no_exact_TRAIN_DEV_endpoint,matched,3,100,True
worm,worm:Q0G819,no_exact_TRAIN_DEV_endpoint,all_U,3,200,True
worm,worm:Q0G819,no_exact_any_model_TRAIN_DEV_endpoint,background,3,100,True
worm,worm:Q0G819,no_exact_any_model_TRAIN_DEV_endpoint,matched,3,100,True
worm,worm:Q0G819,no_exact_any_model_TRAIN_DEV_endpoint,all_U,3,200,True
worm,worm:Q22212,all,background,3,100,True
worm,worm:Q22212,all,matched,3,100,True
worm,worm:Q22212,all,all_U,3,200,True
worm,worm:Q22212,no_exact_TRAIN_DEV_endpoint,background,3,100,True
worm,worm:Q22212,no_exact_TRAIN_DEV_endpoint,matched,3,100,True
worm,worm:Q22212,no_exact_TRAIN_DEV_endpoint,all_U,3,200,True
worm,worm:Q22212,no_exact_any_model_TRAIN_DEV_endpoint,background,3,100,True
worm,worm:Q22212,no_exact_any_model_TRAIN_DEV_endpoint,matched,3,100,True
worm,worm:Q22212,no_exact_any_model_TRAIN_DEV_endpoint,all_U,3,200,True
worm,worm:P34555,all,background,3,100,True
worm,worm:P34555,all,matched,3,100,True
worm,worm:P34555,all,all_U,3,200,True
worm,worm:P34555,no_exact_TRAIN_DEV_endpoint,background,3,100,True
worm,worm:P34555,no_exact_TRAIN_DEV_endpoint,matched,3,100,True
worm,worm:P34555,no_exact_TRAIN_DEV_endpoint,all_U,3,200,True
worm,worm:P34555,no_exact_any_model_TRAIN_DEV_endpoint,background,3,100,True
worm,worm:P34555,no_exact_any_model_TRAIN_DEV_endpoint,matched,3,100,True
worm,worm:P34555,no_exact_any_model_TRAIN_DEV_endpoint,all_U,3,200,True
worm,worm:Q03571,all,background,2,100,True
worm,worm:Q03571,all,matched,2,100,True
worm,worm:Q03571,all,all_U,2,200,True
worm,worm:Q03571,no_exact_TRAIN_DEV_endpoint,background,2,100,True
worm,worm:Q03571,no_exact_TRAIN_DEV_endpoint,matched,2,100,True
worm,worm:Q03571,no_exact_TRAIN_DEV_endpoint,all_U,2,200,True
worm,worm:Q03571,no_exact_any_model_TRAIN_DEV_endpoint,background,2,100,True
worm,worm:Q03571,no_exact_any_model_TRAIN_DEV_endpoint,matched,2,100,True
worm,worm:Q03571,no_exact_any_model_TRAIN_DEV_endpoint,all_U,2,200,True
worm,worm:O18015,all,background,3,100,True
worm,worm:O18015,all,matched,3,100,True
worm,worm:O18015,all,all_U,3,200,True
worm,worm:O18015,no_exact_TRAIN_DEV_endpoint,background,3,100,True
worm,worm:O18015,no_exact_TRAIN_DEV_endpoint,matched,3,100,True
worm,worm:O18015,no_exact_TRAIN_DEV_endpoint,all_U,3,200,True
worm,worm:O18015,no_exact_any_model_TRAIN_DEV_endpoint,background,3,100,True
worm,worm:O18015,no_exact_any_model_TRAIN_DEV_endpoint,matched,3,100,True
worm,worm:O18015,no_exact_any_model_TRAIN_DEV_endpoint,all_U,3,200,True
worm,worm:O44949,all,background,3,100,True
worm,worm:O44949,all,matched,3,100,True
worm,worm:O44949,all,all_U,3,200,True
worm,worm:O44949,no_exact_TRAIN_DEV_endpoint,background,3,100,True
worm,worm:O44949,no_exact_TRAIN_DEV_endpoint,matched,3,100,True
worm,worm:O44949,no_exact_TRAIN_DEV_endpoint,all_U,3,200,True
worm,worm:O44949,no_exact_any_model_TRAIN_DEV_endpoint,background,3,100,True
worm,worm:O44949,no_exact_any_model_TRAIN_DEV_endpoint,matched,3,100,True
worm,worm:O44949,no_exact_any_model_TRAIN_DEV_endpoint,all_U,3,200,True
worm,worm:Q17549,all,background,6,100,True
worm,worm:Q17549,all,matched,6,100,True
worm,worm:Q17549,all,all_U,6,200,True
worm,worm:Q17549,no_exact_TRAIN_DEV_endpoint,background,6,100,True
worm,worm:Q17549,no_exact_TRAIN_DEV_endpoint,matched,6,100,True
worm,worm:Q17549,no_exact_TRAIN_DEV_endpoint,all_U,6,200,True
worm,worm:Q17549,no_exact_any_model_TRAIN_DEV_endpoint,background,6,100,True
worm,worm:Q17549,no_exact_any_model_TRAIN_DEV_endpoint,matched,6,100,True
worm,worm:Q17549,no_exact_any_model_TRAIN_DEV_endpoint,all_U,6,200,True
worm,worm:P34260,all,background,2,100,True
worm,worm:P34260,all,matched,2,100,True
worm,worm:P34260,all,all_U,2,200,True
worm,worm:P34260,no_exact_TRAIN_DEV_endpoint,background,2,100,True
worm,worm:P34260,no_exact_TRAIN_DEV_endpoint,matched,2,100,True
worm,worm:P34260,no_exact_TRAIN_DEV_endpoint,all_U,2,200,True
worm,worm:P34260,no_exact_any_model_TRAIN_DEV_endpoint,background,2,100,True
worm,worm:P34260,no_exact_any_model_TRAIN_DEV_endpoint,matched,2,100,True
worm,worm:P34260,no_exact_any_model_TRAIN_DEV_endpoint,all_U,2,200,True
worm,worm:O45599,all,background,2,100,True
worm,worm:O45599,all,matched,2,100,True
worm,worm:O45599,all,all_U,2,200,True
worm,worm:O45599,no_exact_TRAIN_DEV_endpoint,background,2,100,True
worm,worm:O45599,no_exact_TRAIN_DEV_endpoint,matched,2,100,True
worm,worm:O45599,no_exact_TRAIN_DEV_endpoint,all_U,2,200,True
worm,worm:O45599,no_exact_any_model_TRAIN_DEV_endpoint,background,2,100,True
worm,worm:O45599,no_exact_any_model_TRAIN_DEV_endpoint,matched,2,100,True
worm,worm:O45599,no_exact_any_model_TRAIN_DEV_endpoint,all_U,2,200,True
worm,worm:Q95ZQ4,all,background,10,100,True
worm,worm:Q95ZQ4,all,matched,10,100,True
worm,worm:Q95ZQ4,all,all_U,10,200,True
worm,worm:Q95ZQ4,no_exact_TRAIN_DEV_endpoint,background,10,100,True
worm,worm:Q95ZQ4,no_exact_TRAIN_DEV_endpoint,matched,10,100,True
worm,worm:Q95ZQ4,no_exact_TRAIN_DEV_endpoint,all_U,10,200,True
worm,worm:Q95ZQ4,no_exact_any_model_TRAIN_DEV_endpoint,background,10,100,True
worm,worm:Q95ZQ4,no_exact_any_model_TRAIN_DEV_endpoint,matched,10,100,True
worm,worm:Q95ZQ4,no_exact_any_model_TRAIN_DEV_endpoint,all_U,10,200,True
worm,worm:Q65XX1,all,background,2,100,True
worm,worm:Q65XX1,all,matched,2,100,True
worm,worm:Q65XX1,all,all_U,2,200,True
worm,worm:Q65XX1,no_exact_TRAIN_DEV_endpoint,background,2,100,True
worm,worm:Q65XX1,no_exact_TRAIN_DEV_endpoint,matched,2,100,True
worm,worm:Q65XX1,no_exact_TRAIN_DEV_endpoint,all_U,2,200,True
worm,worm:Q65XX1,no_exact_any_model_TRAIN_DEV_endpoint,background,2,100,True
worm,worm:Q65XX1,no_exact_any_model_TRAIN_DEV_endpoint,matched,2,100,True
worm,worm:Q65XX1,no_exact_any_model_TRAIN_DEV_endpoint,all_U,2,200,True
worm,worm:P34447,all,background,5,100,True
worm,worm:P34447,all,matched,5,100,True
worm,worm:P34447,all,all_U,5,200,True
worm,worm:P34447,no_exact_TRAIN_DEV_endpoint,background,5,100,True
worm,worm:P34447,no_exact_TRAIN_DEV_endpoint,matched,5,100,True
worm,worm:P34447,no_exact_TRAIN_DEV_endpoint,all_U,5,200,True
worm,worm:P34447,no_exact_any_model_TRAIN_DEV_endpoint,background,5,100,True
worm,worm:P34447,no_exact_any_model_TRAIN_DEV_endpoint,matched,5,100,True
worm,worm:P34447,no_exact_any_model_TRAIN_DEV_endpoint,all_U,5,200,True
worm,worm:O01530,all,background,4,100,True
worm,worm:O01530,all,matched,4,100,True
worm,worm:O01530,all,all_U,4,200,True
worm,worm:O01530,no_exact_TRAIN_DEV_endpoint,background,4,100,True
worm,worm:O01530,no_exact_TRAIN_DEV_endpoint,matched,4,100,True
worm,worm:O01530,no_exact_TRAIN_DEV_endpoint,all_U,4,200,True
worm,worm:O01530,no_exact_any_model_TRAIN_DEV_endpoint,background,4,100,True
worm,worm:O01530,no_exact_any_model_TRAIN_DEV_endpoint,matched,4,100,True
worm,worm:O01530,no_exact_any_model_TRAIN_DEV_endpoint,all_U,4,200,True
worm,worm:O44180,all,background,2,100,True
worm,worm:O44180,all,matched,2,100,True
worm,worm:O44180,all,all_U,2,200,True
worm,worm:O44180,no_exact_TRAIN_DEV_endpoint,background,2,100,True
worm,worm:O44180,no_exact_TRAIN_DEV_endpoint,matched,2,100,True
worm,worm:O44180,no_exact_TRAIN_DEV_endpoint,all_U,2,200,True
worm,worm:O44180,no_exact_any_model_TRAIN_DEV_endpoint,background,2,100,True
worm,worm:O44180,no_exact_any_model_TRAIN_DEV_endpoint,matched,2,100,True
worm,worm:O44180,no_exact_any_model_TRAIN_DEV_endpoint,all_U,2,200,True
worm,worm:Q9XVF7,all,background,5,100,True
worm,worm:Q9XVF7,all,matched,5,100,True
worm,worm:Q9XVF7,all,all_U,5,200,True
worm,worm:Q9XVF7,no_exact_TRAIN_DEV_endpoint,background,5,100,True
worm,worm:Q9XVF7,no_exact_TRAIN_DEV_endpoint,matched,5,100,True
worm,worm:Q9XVF7,no_exact_TRAIN_DEV_endpoint,all_U,5,200,True
worm,worm:Q9XVF7,no_exact_any_model_TRAIN_DEV_endpoint,background,5,100,True
worm,worm:Q9XVF7,no_exact_any_model_TRAIN_DEV_endpoint,matched,5,100,True
worm,worm:Q9XVF7,no_exact_any_model_TRAIN_DEV_endpoint,all_U,5,200,True
worm,worm:Q17561,all,background,2,100,True
worm,worm:Q17561,all,matched,2,100,True
worm,worm:Q17561,all,all_U,2,200,True
worm,worm:Q17561,no_exact_TRAIN_DEV_endpoint,background,2,100,True
worm,worm:Q17561,no_exact_TRAIN_DEV_endpoint,matched,2,100,True
worm,worm:Q17561,no_exact_TRAIN_DEV_endpoint,all_U,2,200,True
worm,worm:Q17561,no_exact_any_model_TRAIN_DEV_endpoint,background,2,100,True
worm,worm:Q17561,no_exact_any_model_TRAIN_DEV_endpoint,matched,2,100,True
worm,worm:Q17561,no_exact_any_model_TRAIN_DEV_endpoint,all_U,2,200,True
worm,worm:Q9XVS2,all,background,10,100,True
worm,worm:Q9XVS2,all,matched,10,100,True
worm,worm:Q9XVS2,all,all_U,10,200,True
worm,worm:Q9XVS2,no_exact_TRAIN_DEV_endpoint,background,10,100,True
worm,worm:Q9XVS2,no_exact_TRAIN_DEV_endpoint,matched,10,100,True
worm,worm:Q9XVS2,no_exact_TRAIN_DEV_endpoint,all_U,10,200,True
worm,worm:Q9XVS2,no_exact_any_model_TRAIN_DEV_endpoint,background,10,100,True
worm,worm:Q9XVS2,no_exact_any_model_TRAIN_DEV_endpoint,matched,10,100,True
worm,worm:Q9XVS2,no_exact_any_model_TRAIN_DEV_endpoint,all_U,10,200,True
worm,worm:Q9U2C9,all,background,4,100,True
worm,worm:Q9U2C9,all,matched,4,100,True
worm,worm:Q9U2C9,all,all_U,4,200,True
worm,worm:Q9U2C9,no_exact_TRAIN_DEV_endpoint,background,4,100,True
worm,worm:Q9U2C9,no_exact_TRAIN_DEV_endpoint,matched,4,100,True
worm,worm:Q9U2C9,no_exact_TRAIN_DEV_endpoint,all_U,4,200,True
worm,worm:Q9U2C9,no_exact_any_model_TRAIN_DEV_endpoint,background,4,100,True
worm,worm:Q9U2C9,no_exact_any_model_TRAIN_DEV_endpoint,matched,4,100,True
worm,worm:Q9U2C9,no_exact_any_model_TRAIN_DEV_endpoint,all_U,4,200,True
worm,worm:Q9TZ37,all,background,5,100,True
worm,worm:Q9TZ37,all,matched,5,100,True
worm,worm:Q9TZ37,all,all_U,5,200,True
worm,worm:Q9TZ37,no_exact_TRAIN_DEV_endpoint,background,5,100,True
worm,worm:Q9TZ37,no_exact_TRAIN_DEV_endpoint,matched,5,100,True
worm,worm:Q9TZ37,no_exact_TRAIN_DEV_endpoint,all_U,5,200,True
worm,worm:Q9TZ37,no_exact_any_model_TRAIN_DEV_endpoint,background,5,100,True
worm,worm:Q9TZ37,no_exact_any_model_TRAIN_DEV_endpoint,matched,5,100,True
worm,worm:Q9TZ37,no_exact_any_model_TRAIN_DEV_endpoint,all_U,5,200,True
worm,worm:O45189,all,background,6,100,True
worm,worm:O45189,all,matched,6,100,True
worm,worm:O45189,all,all_U,6,200,True
worm,worm:O45189,no_exact_TRAIN_DEV_endpoint,background,6,100,True
worm,worm:O45189,no_exact_TRAIN_DEV_endpoint,matched,6,100,True
worm,worm:O45189,no_exact_TRAIN_DEV_endpoint,all_U,6,200,True
worm,worm:O45189,no_exact_any_model_TRAIN_DEV_endpoint,background,6,100,True
worm,worm:O45189,no_exact_any_model_TRAIN_DEV_endpoint,matched,6,100,True
worm,worm:O45189,no_exact_any_model_TRAIN_DEV_endpoint,all_U,6,200,True
worm,worm:O17586,all,background,6,100,True
worm,worm:O17586,all,matched,6,100,True
worm,worm:O17586,all,all_U,6,200,True
worm,worm:O17586,no_exact_TRAIN_DEV_endpoint,background,6,100,True
worm,worm:O17586,no_exact_TRAIN_DEV_endpoint,matched,6,100,True
worm,worm:O17586,no_exact_TRAIN_DEV_endpoint,all_U,6,200,True
worm,worm:O17586,no_exact_any_model_TRAIN_DEV_endpoint,background,6,100,True
worm,worm:O17586,no_exact_any_model_TRAIN_DEV_endpoint,matched,6,100,True
worm,worm:O17586,no_exact_any_model_TRAIN_DEV_endpoint,all_U,6,200,True
worm,worm:G5ED85,all,background,3,100,True
worm,worm:G5ED85,all,matched,3,100,True
worm,worm:G5ED85,all,all_U,3,200,True
worm,worm:G5ED85,no_exact_TRAIN_DEV_endpoint,background,3,100,True
worm,worm:G5ED85,no_exact_TRAIN_DEV_endpoint,matched,3,100,True
worm,worm:G5ED85,no_exact_TRAIN_DEV_endpoint,all_U,3,200,True
worm,worm:G5ED85,no_exact_any_model_TRAIN_DEV_endpoint,background,3,100,True
worm,worm:G5ED85,no_exact_any_model_TRAIN_DEV_endpoint,matched,3,100,True
worm,worm:G5ED85,no_exact_any_model_TRAIN_DEV_endpoint,all_U,3,200,True
worm,worm:G5EFY5,all,background,3,100,True
worm,worm:G5EFY5,all,matched,3,100,True
worm,worm:G5EFY5,all,all_U,3,200,True
worm,worm:G5EFY5,no_exact_TRAIN_DEV_endpoint,background,3,100,True
worm,worm:G5EFY5,no_exact_TRAIN_DEV_endpoint,matched,3,100,True
worm,worm:G5EFY5,no_exact_TRAIN_DEV_endpoint,all_U,3,200,True
worm,worm:G5EFY5,no_exact_any_model_TRAIN_DEV_endpoint,background,3,100,True
worm,worm:G5EFY5,no_exact_any_model_TRAIN_DEV_endpoint,matched,3,100,True
worm,worm:G5EFY5,no_exact_any_model_TRAIN_DEV_endpoint,all_U,3,200,True
worm,worm:P34682,all,background,2,100,True
worm,worm:P34682,all,matched,2,100,True
worm,worm:P34682,all,all_U,2,200,True
worm,worm:P34682,no_exact_TRAIN_DEV_endpoint,background,2,100,True
worm,worm:P34682,no_exact_TRAIN_DEV_endpoint,matched,2,100,True
worm,worm:P34682,no_exact_TRAIN_DEV_endpoint,all_U,2,200,True
worm,worm:P34682,no_exact_any_model_TRAIN_DEV_endpoint,background,2,100,True
worm,worm:P34682,no_exact_any_model_TRAIN_DEV_endpoint,matched,2,100,True
worm,worm:P34682,no_exact_any_model_TRAIN_DEV_endpoint,all_U,2,200,True
worm,worm:Q7JMA9,all,background,3,100,True
worm,worm:Q7JMA9,all,matched,3,100,True
worm,worm:Q7JMA9,all,all_U,3,200,True
worm,worm:Q7JMA9,no_exact_TRAIN_DEV_endpoint,background,3,100,True
worm,worm:Q7JMA9,no_exact_TRAIN_DEV_endpoint,matched,3,100,True
worm,worm:Q7JMA9,no_exact_TRAIN_DEV_endpoint,all_U,3,200,True
worm,worm:Q7JMA9,no_exact_any_model_TRAIN_DEV_endpoint,background,3,100,True
worm,worm:Q7JMA9,no_exact_any_model_TRAIN_DEV_endpoint,matched,3,100,True
worm,worm:Q7JMA9,no_exact_any_model_TRAIN_DEV_endpoint,all_U,3,200,True
worm,worm:O44732,all,background,2,100,True
worm,worm:O44732,all,matched,2,100,True
worm,worm:O44732,all,all_U,2,200,True
worm,worm:O44732,no_exact_TRAIN_DEV_endpoint,background,2,100,True
worm,worm:O44732,no_exact_TRAIN_DEV_endpoint,matched,2,100,True
worm,worm:O44732,no_exact_TRAIN_DEV_endpoint,all_U,2,200,True
worm,worm:O44732,no_exact_any_model_TRAIN_DEV_endpoint,background,2,100,True
worm,worm:O44732,no_exact_any_model_TRAIN_DEV_endpoint,matched,2,100,True
worm,worm:O44732,no_exact_any_model_TRAIN_DEV_endpoint,all_U,2,200,True
worm,worm:Q9N3F7,all,background,2,100,True
worm,worm:Q9N3F7,all,matched,2,100,True
worm,worm:Q9N3F7,all,all_U,2,200,True
worm,worm:Q9N3F7,no_exact_TRAIN_DEV_endpoint,background,2,100,True
worm,worm:Q9N3F7,no_exact_TRAIN_DEV_endpoint,matched,2,100,True
worm,worm:Q9N3F7,no_exact_TRAIN_DEV_endpoint,all_U,2,200,True
worm,worm:Q9N3F7,no_exact_any_model_TRAIN_DEV_endpoint,background,2,100,True
worm,worm:Q9N3F7,no_exact_any_model_TRAIN_DEV_endpoint,matched,2,100,True
worm,worm:Q9N3F7,no_exact_any_model_TRAIN_DEV_endpoint,all_U,2,200,True
worm,worm:O17927,all,background,2,100,True
worm,worm:O17927,all,matched,2,100,True
worm,worm:O17927,all,all_U,2,200,True
worm,worm:O17927,no_exact_TRAIN_DEV_endpoint,background,2,100,True
worm,worm:O17927,no_exact_TRAIN_DEV_endpoint,matched,2,100,True
worm,worm:O17927,no_exact_TRAIN_DEV_endpoint,all_U,2,200,True
worm,worm:O17927,no_exact_any_model_TRAIN_DEV_endpoint,background,2,100,True
worm,worm:O17927,no_exact_any_model_TRAIN_DEV_endpoint,matched,2,100,True
worm,worm:O17927,no_exact_any_model_TRAIN_DEV_endpoint,all_U,2,200,True
worm,worm:P46502,all,background,2,100,True
worm,worm:P46502,all,matched,2,100,True
worm,worm:P46502,all,all_U,2,200,True
worm,worm:P46502,no_exact_TRAIN_DEV_endpoint,background,2,100,True
worm,worm:P46502,no_exact_TRAIN_DEV_endpoint,matched,2,100,True
worm,worm:P46502,no_exact_TRAIN_DEV_endpoint,all_U,2,200,True
worm,worm:P46502,no_exact_any_model_TRAIN_DEV_endpoint,background,2,100,True
worm,worm:P46502,no_exact_any_model_TRAIN_DEV_endpoint,matched,2,100,True
worm,worm:P46502,no_exact_any_model_TRAIN_DEV_endpoint,all_U,2,200,True
worm,worm:Q21127,all,background,9,100,True
worm,worm:Q21127,all,matched,9,100,True
worm,worm:Q21127,all,all_U,9,200,True
worm,worm:Q21127,no_exact_TRAIN_DEV_endpoint,background,9,100,True
worm,worm:Q21127,no_exact_TRAIN_DEV_endpoint,matched,9,100,True
worm,worm:Q21127,no_exact_TRAIN_DEV_endpoint,all_U,9,200,True
worm,worm:Q21127,no_exact_any_model_TRAIN_DEV_endpoint,background,9,100,True
worm,worm:Q21127,no_exact_any_model_TRAIN_DEV_endpoint,matched,9,100,True
worm,worm:Q21127,no_exact_any_model_TRAIN_DEV_endpoint,all_U,9,200,True
worm,worm:O45799,all,background,10,100,True
worm,worm:O45799,all,matched,10,100,True
worm,worm:O45799,all,all_U,10,200,True
worm,worm:O45799,no_exact_TRAIN_DEV_endpoint,background,10,100,True
worm,worm:O45799,no_exact_TRAIN_DEV_endpoint,matched,10,100,True
worm,worm:O45799,no_exact_TRAIN_DEV_endpoint,all_U,10,200,True
worm,worm:O45799,no_exact_any_model_TRAIN_DEV_endpoint,background,10,100,True
worm,worm:O45799,no_exact_any_model_TRAIN_DEV_endpoint,matched,10,100,True
worm,worm:O45799,no_exact_any_model_TRAIN_DEV_endpoint,all_U,10,200,True
worm,worm:Q9U2M8,all,background,5,100,True
worm,worm:Q9U2M8,all,matched,5,100,True
worm,worm:Q9U2M8,all,all_U,5,200,True
worm,worm:Q9U2M8,no_exact_TRAIN_DEV_endpoint,background,5,100,True
worm,worm:Q9U2M8,no_exact_TRAIN_DEV_endpoint,matched,5,100,True
worm,worm:Q9U2M8,no_exact_TRAIN_DEV_endpoint,all_U,5,200,True
worm,worm:Q9U2M8,no_exact_any_model_TRAIN_DEV_endpoint,background,5,100,True
worm,worm:Q9U2M8,no_exact_any_model_TRAIN_DEV_endpoint,matched,5,100,True
worm,worm:Q9U2M8,no_exact_any_model_TRAIN_DEV_endpoint,all_U,5,200,True
worm,worm:Q9XVU2,all,background,3,100,True
worm,worm:Q9XVU2,all,matched,3,100,True
worm,worm:Q9XVU2,all,all_U,3,200,True
worm,worm:Q9XVU2,no_exact_TRAIN_DEV_endpoint,background,3,100,True
worm,worm:Q9XVU2,no_exact_TRAIN_DEV_endpoint,matched,3,100,True
worm,worm:Q9XVU2,no_exact_TRAIN_DEV_endpoint,all_U,3,200,True
worm,worm:Q9XVU2,no_exact_any_model_TRAIN_DEV_endpoint,background,3,100,True
worm,worm:Q9XVU2,no_exact_any_model_TRAIN_DEV_endpoint,matched,3,100,True
worm,worm:Q9XVU2,no_exact_any_model_TRAIN_DEV_endpoint,all_U,3,200,True
worm,worm:G5EFV8,all,background,10,100,True
worm,worm:G5EFV8,all,matched,10,100,True
worm,worm:G5EFV8,all,all_U,10,200,True
worm,worm:G5EFV8,no_exact_TRAIN_DEV_endpoint,background,10,100,True
worm,worm:G5EFV8,no_exact_TRAIN_DEV_endpoint,matched,10,100,True
worm,worm:G5EFV8,no_exact_TRAIN_DEV_endpoint,all_U,10,200,True
worm,worm:G5EFV8,no_exact_any_model_TRAIN_DEV_endpoint,background,10,100,True
worm,worm:G5EFV8,no_exact_any_model_TRAIN_DEV_endpoint,matched,10,100,True
worm,worm:G5EFV8,no_exact_any_model_TRAIN_DEV_endpoint,all_U,10,200,True
worm,worm:P53013,all,background,10,100,True
worm,worm:P53013,all,matched,10,100,True
worm,worm:P53013,all,all_U,10,200,True
worm,worm:P53013,no_exact_TRAIN_DEV_endpoint,background,10,100,True
worm,worm:P53013,no_exact_TRAIN_DEV_endpoint,matched,10,100,True
worm,worm:P53013,no_exact_TRAIN_DEV_endpoint,all_U,10,200,True
worm,worm:P53013,no_exact_any_model_TRAIN_DEV_endpoint,background,10,100,True
worm,worm:P53013,no_exact_any_model_TRAIN_DEV_endpoint,matched,10,100,True
worm,worm:P53013,no_exact_any_model_TRAIN_DEV_endpoint,all_U,10,200,True
worm,worm:Q9U3S8,all,background,10,100,True
worm,worm:Q9U3S8,all,matched,10,100,True
worm,worm:Q9U3S8,all,all_U,10,200,True
worm,worm:Q9U3S8,no_exact_TRAIN_DEV_endpoint,background,10,100,True
worm,worm:Q9U3S8,no_exact_TRAIN_DEV_endpoint,matched,10,100,True
worm,worm:Q9U3S8,no_exact_TRAIN_DEV_endpoint,all_U,10,200,True
worm,worm:Q9U3S8,no_exact_any_model_TRAIN_DEV_endpoint,background,10,100,True
worm,worm:Q9U3S8,no_exact_any_model_TRAIN_DEV_endpoint,matched,10,100,True
worm,worm:Q9U3S8,no_exact_any_model_TRAIN_DEV_endpoint,all_U,10,200,True
worm,worm:Q22289,all,background,10,100,True
worm,worm:Q22289,all,matched,10,100,True
worm,worm:Q22289,all,all_U,10,200,True
worm,worm:Q22289,no_exact_TRAIN_DEV_endpoint,background,10,100,True
worm,worm:Q22289,no_exact_TRAIN_DEV_endpoint,matched,10,100,True
worm,worm:Q22289,no_exact_TRAIN_DEV_endpoint,all_U,10,200,True
worm,worm:Q22289,no_exact_any_model_TRAIN_DEV_endpoint,background,10,100,True
worm,worm:Q22289,no_exact_any_model_TRAIN_DEV_endpoint,matched,10,100,True
worm,worm:Q22289,no_exact_any_model_TRAIN_DEV_endpoint,all_U,10,200,True
worm,worm:O17006,all,background,2,100,True
worm,worm:O17006,all,matched,2,100,True
worm,worm:O17006,all,all_U,2,200,True
worm,worm:O17006,no_exact_TRAIN_DEV_endpoint,background,2,100,True
worm,worm:O17006,no_exact_TRAIN_DEV_endpoint,matched,2,100,True
worm,worm:O17006,no_exact_TRAIN_DEV_endpoint,all_U,2,200,True
worm,worm:O17006,no_exact_any_model_TRAIN_DEV_endpoint,background,2,100,True
worm,worm:O17006,no_exact_any_model_TRAIN_DEV_endpoint,matched,2,100,True
worm,worm:O17006,no_exact_any_model_TRAIN_DEV_endpoint,all_U,2,200,True
worm,worm:Q17589,all,background,3,100,True
worm,worm:Q17589,all,matched,3,100,True
worm,worm:Q17589,all,all_U,3,200,True
worm,worm:Q17589,no_exact_TRAIN_DEV_endpoint,background,3,100,True
worm,worm:Q17589,no_exact_TRAIN_DEV_endpoint,matched,3,100,True
worm,worm:Q17589,no_exact_TRAIN_DEV_endpoint,all_U,3,200,True
worm,worm:Q17589,no_exact_any_model_TRAIN_DEV_endpoint,background,3,100,True
worm,worm:Q17589,no_exact_any_model_TRAIN_DEV_endpoint,matched,3,100,True
worm,worm:Q17589,no_exact_any_model_TRAIN_DEV_endpoint,all_U,3,200,True
worm,worm:Q20228,all,background,3,100,True
worm,worm:Q20228,all,matched,3,100,True
worm,worm:Q20228,all,all_U,3,200,True
worm,worm:Q20228,no_exact_TRAIN_DEV_endpoint,background,3,100,True
worm,worm:Q20228,no_exact_TRAIN_DEV_endpoint,matched,3,100,True
worm,worm:Q20228,no_exact_TRAIN_DEV_endpoint,all_U,3,200,True
worm,worm:Q20228,no_exact_any_model_TRAIN_DEV_endpoint,background,3,100,True
worm,worm:Q20228,no_exact_any_model_TRAIN_DEV_endpoint,matched,3,100,True
worm,worm:Q20228,no_exact_any_model_TRAIN_DEV_endpoint,all_U,3,200,True
worm,worm:Q21636,all,background,3,100,True
worm,worm:Q21636,all,matched,3,100,True
worm,worm:Q21636,all,all_U,3,200,True
worm,worm:Q21636,no_exact_TRAIN_DEV_endpoint,background,3,100,True
worm,worm:Q21636,no_exact_TRAIN_DEV_endpoint,matched,3,100,True
worm,worm:Q21636,no_exact_TRAIN_DEV_endpoint,all_U,3,200,True
worm,worm:Q21636,no_exact_any_model_TRAIN_DEV_endpoint,background,3,100,True
worm,worm:Q21636,no_exact_any_model_TRAIN_DEV_endpoint,matched,3,100,True
worm,worm:Q21636,no_exact_any_model_TRAIN_DEV_endpoint,all_U,3,200,True
worm,worm:O45784,all,background,10,100,True
worm,worm:O45784,all,matched,10,100,True
worm,worm:O45784,all,all_U,10,200,True
worm,worm:O45784,no_exact_TRAIN_DEV_endpoint,background,10,100,True
worm,worm:O45784,no_exact_TRAIN_DEV_endpoint,matched,10,100,True
worm,worm:O45784,no_exact_TRAIN_DEV_endpoint,all_U,10,200,True
worm,worm:O45784,no_exact_any_model_TRAIN_DEV_endpoint,background,10,100,True
worm,worm:O45784,no_exact_any_model_TRAIN_DEV_endpoint,matched,10,100,True
worm,worm:O45784,no_exact_any_model_TRAIN_DEV_endpoint,all_U,10,200,True
worm,worm:Q9TYT3,all,background,2,100,True
worm,worm:Q9TYT3,all,matched,2,100,True
worm,worm:Q9TYT3,all,all_U,2,200,True
worm,worm:Q9TYT3,no_exact_TRAIN_DEV_endpoint,background,2,100,True
worm,worm:Q9TYT3,no_exact_TRAIN_DEV_endpoint,matched,2,100,True
worm,worm:Q9TYT3,no_exact_TRAIN_DEV_endpoint,all_U,2,200,True
worm,worm:Q9TYT3,no_exact_any_model_TRAIN_DEV_endpoint,background,2,100,True
worm,worm:Q9TYT3,no_exact_any_model_TRAIN_DEV_endpoint,matched,2,100,True
worm,worm:Q9TYT3,no_exact_any_model_TRAIN_DEV_endpoint,all_U,2,200,True
worm,worm:O01456,all,background,2,100,True
worm,worm:O01456,all,matched,2,100,True
worm,worm:O01456,all,all_U,2,200,True
worm,worm:O01456,no_exact_TRAIN_DEV_endpoint,background,2,100,True
worm,worm:O01456,no_exact_TRAIN_DEV_endpoint,matched,2,100,True
worm,worm:O01456,no_exact_TRAIN_DEV_endpoint,all_U,2,200,True
worm,worm:O01456,no_exact_any_model_TRAIN_DEV_endpoint,background,2,100,True
worm,worm:O01456,no_exact_any_model_TRAIN_DEV_endpoint,matched,2,100,True
worm,worm:O01456,no_exact_any_model_TRAIN_DEV_endpoint,all_U,2,200,True
worm,worm:P06125,all,background,2,100,True
worm,worm:P06125,all,matched,2,100,True
worm,worm:P06125,all,all_U,2,200,True
worm,worm:P06125,no_exact_TRAIN_DEV_endpoint,background,2,100,True
worm,worm:P06125,no_exact_TRAIN_DEV_endpoint,matched,2,100,True
worm,worm:P06125,no_exact_TRAIN_DEV_endpoint,all_U,2,200,True
worm,worm:P06125,no_exact_any_model_TRAIN_DEV_endpoint,background,2,100,True
worm,worm:P06125,no_exact_any_model_TRAIN_DEV_endpoint,matched,2,100,True
worm,worm:P06125,no_exact_any_model_TRAIN_DEV_endpoint,all_U,2,200,True
worm,worm:P18948,all,background,4,100,True
worm,worm:P18948,all,matched,4,100,True
worm,worm:P18948,all,all_U,4,200,True
worm,worm:P18948,no_exact_TRAIN_DEV_endpoint,background,4,100,True
worm,worm:P18948,no_exact_TRAIN_DEV_endpoint,matched,4,100,True
worm,worm:P18948,no_exact_TRAIN_DEV_endpoint,all_U,4,200,True
worm,worm:P18948,no_exact_any_model_TRAIN_DEV_endpoint,background,4,100,True
worm,worm:P18948,no_exact_any_model_TRAIN_DEV_endpoint,matched,4,100,True
worm,worm:P18948,no_exact_any_model_TRAIN_DEV_endpoint,all_U,4,200,True
yeast,yeast:Q02767,all,background,2,100,True
yeast,yeast:Q02767,all,matched,2,100,True
yeast,yeast:Q02767,all,all_U,2,200,True
yeast,yeast:Q02767,no_exact_TRAIN_DEV_endpoint,background,2,100,True
yeast,yeast:Q02767,no_exact_TRAIN_DEV_endpoint,matched,2,100,True
yeast,yeast:Q02767,no_exact_TRAIN_DEV_endpoint,all_U,2,200,True
yeast,yeast:Q02767,no_exact_any_model_TRAIN_DEV_endpoint,background,2,100,True
yeast,yeast:Q02767,no_exact_any_model_TRAIN_DEV_endpoint,matched,2,100,True
yeast,yeast:Q02767,no_exact_any_model_TRAIN_DEV_endpoint,all_U,2,200,True
yeast,yeast:Q03558,all,background,2,100,True
yeast,yeast:Q03558,all,matched,2,100,True
yeast,yeast:Q03558,all,all_U,2,200,True
yeast,yeast:Q03558,no_exact_TRAIN_DEV_endpoint,background,2,100,True
yeast,yeast:Q03558,no_exact_TRAIN_DEV_endpoint,matched,2,100,True
yeast,yeast:Q03558,no_exact_TRAIN_DEV_endpoint,all_U,2,200,True
yeast,yeast:Q03558,no_exact_any_model_TRAIN_DEV_endpoint,background,2,100,True
yeast,yeast:Q03558,no_exact_any_model_TRAIN_DEV_endpoint,matched,2,100,True
yeast,yeast:Q03558,no_exact_any_model_TRAIN_DEV_endpoint,all_U,2,200,True
yeast,yeast:Q12200,all,background,2,100,True
yeast,yeast:Q12200,all,matched,2,100,True
yeast,yeast:Q12200,all,all_U,2,200,True
yeast,yeast:Q12200,no_exact_TRAIN_DEV_endpoint,background,2,100,True
yeast,yeast:Q12200,no_exact_TRAIN_DEV_endpoint,matched,2,100,True
yeast,yeast:Q12200,no_exact_TRAIN_DEV_endpoint,all_U,2,200,True
yeast,yeast:Q12200,no_exact_any_model_TRAIN_DEV_endpoint,background,2,100,True
yeast,yeast:Q12200,no_exact_any_model_TRAIN_DEV_endpoint,matched,2,100,True
yeast,yeast:Q12200,no_exact_any_model_TRAIN_DEV_endpoint,all_U,2,200,True
yeast,yeast:Q03323,all,background,5,100,True
yeast,yeast:Q03323,all,matched,5,100,True
yeast,yeast:Q03323,all,all_U,5,200,True
yeast,yeast:Q03323,no_exact_TRAIN_DEV_endpoint,background,5,100,True
yeast,yeast:Q03323,no_exact_TRAIN_DEV_endpoint,matched,5,100,True
yeast,yeast:Q03323,no_exact_TRAIN_DEV_endpoint,all_U,5,200,True
yeast,yeast:Q03323,no_exact_any_model_TRAIN_DEV_endpoint,background,5,100,True
yeast,yeast:Q03323,no_exact_any_model_TRAIN_DEV_endpoint,matched,5,100,True
yeast,yeast:Q03323,no_exact_any_model_TRAIN_DEV_endpoint,all_U,5,200,True
yeast,yeast:Q12418,all,background,4,100,True
yeast,yeast:Q12418,all,matched,4,100,True
yeast,yeast:Q12418,all,all_U,4,200,True
yeast,yeast:Q12418,no_exact_TRAIN_DEV_endpoint,background,4,100,True
yeast,yeast:Q12418,no_exact_TRAIN_DEV_endpoint,matched,4,100,True
yeast,yeast:Q12418,no_exact_TRAIN_DEV_endpoint,all_U,4,200,True
yeast,yeast:Q12418,no_exact_any_model_TRAIN_DEV_endpoint,background,4,100,True
yeast,yeast:Q12418,no_exact_any_model_TRAIN_DEV_endpoint,matched,4,100,True
yeast,yeast:Q12418,no_exact_any_model_TRAIN_DEV_endpoint,all_U,4,200,True
yeast,yeast:P38166,all,background,2,100,True
yeast,yeast:P38166,all,matched,2,100,True
yeast,yeast:P38166,all,all_U,2,200,True
yeast,yeast:P38166,no_exact_TRAIN_DEV_endpoint,background,2,100,True
yeast,yeast:P38166,no_exact_TRAIN_DEV_endpoint,matched,2,100,True
yeast,yeast:P38166,no_exact_TRAIN_DEV_endpoint,all_U,2,200,True
yeast,yeast:P38166,no_exact_any_model_TRAIN_DEV_endpoint,background,2,100,True
yeast,yeast:P38166,no_exact_any_model_TRAIN_DEV_endpoint,matched,2,100,True
yeast,yeast:P38166,no_exact_any_model_TRAIN_DEV_endpoint,all_U,2,200,True
yeast,yeast:P38862,all,background,6,100,True
yeast,yeast:P38862,all,matched,6,100,True
yeast,yeast:P38862,all,all_U,6,200,True
yeast,yeast:P38862,no_exact_TRAIN_DEV_endpoint,background,6,100,True
yeast,yeast:P38862,no_exact_TRAIN_DEV_endpoint,matched,6,100,True
yeast,yeast:P38862,no_exact_TRAIN_DEV_endpoint,all_U,6,200,True
yeast,yeast:P38862,no_exact_any_model_TRAIN_DEV_endpoint,background,6,100,True
yeast,yeast:P38862,no_exact_any_model_TRAIN_DEV_endpoint,matched,6,100,True
yeast,yeast:P38862,no_exact_any_model_TRAIN_DEV_endpoint,all_U,6,200,True
yeast,yeast:Q03790,all,background,7,100,True
yeast,yeast:Q03790,all,matched,7,100,True
yeast,yeast:Q03790,all,all_U,7,200,True
yeast,yeast:Q03790,no_exact_TRAIN_DEV_endpoint,background,7,100,True
yeast,yeast:Q03790,no_exact_TRAIN_DEV_endpoint,matched,7,100,True
yeast,yeast:Q03790,no_exact_TRAIN_DEV_endpoint,all_U,7,200,True
yeast,yeast:Q03790,no_exact_any_model_TRAIN_DEV_endpoint,background,7,100,True
yeast,yeast:Q03790,no_exact_any_model_TRAIN_DEV_endpoint,matched,7,100,True
yeast,yeast:Q03790,no_exact_any_model_TRAIN_DEV_endpoint,all_U,7,200,True
yeast,yeast:P00635,all,background,3,100,True
yeast,yeast:P00635,all,matched,3,100,True
yeast,yeast:P00635,all,all_U,3,200,True
yeast,yeast:P00635,no_exact_TRAIN_DEV_endpoint,background,3,100,True
yeast,yeast:P00635,no_exact_TRAIN_DEV_endpoint,matched,3,100,True
yeast,yeast:P00635,no_exact_TRAIN_DEV_endpoint,all_U,3,200,True
yeast,yeast:P00635,no_exact_any_model_TRAIN_DEV_endpoint,background,3,100,True
yeast,yeast:P00635,no_exact_any_model_TRAIN_DEV_endpoint,matched,3,100,True
yeast,yeast:P00635,no_exact_any_model_TRAIN_DEV_endpoint,all_U,3,200,True
yeast,yeast:P19454,all,background,6,100,True
yeast,yeast:P19454,all,matched,6,100,True
yeast,yeast:P19454,all,all_U,6,200,True
yeast,yeast:P19454,no_exact_TRAIN_DEV_endpoint,background,6,100,True
yeast,yeast:P19454,no_exact_TRAIN_DEV_endpoint,matched,6,100,True
yeast,yeast:P19454,no_exact_TRAIN_DEV_endpoint,all_U,6,200,True
yeast,yeast:P19454,no_exact_any_model_TRAIN_DEV_endpoint,background,6,100,True
yeast,yeast:P19454,no_exact_any_model_TRAIN_DEV_endpoint,matched,6,100,True
yeast,yeast:P19454,no_exact_any_model_TRAIN_DEV_endpoint,all_U,6,200,True
yeast,yeast:P07274,all,background,3,100,True
yeast,yeast:P07274,all,matched,3,100,True
yeast,yeast:P07274,all,all_U,3,200,True
yeast,yeast:P07274,no_exact_TRAIN_DEV_endpoint,background,3,100,True
yeast,yeast:P07274,no_exact_TRAIN_DEV_endpoint,matched,3,100,True
yeast,yeast:P07274,no_exact_TRAIN_DEV_endpoint,all_U,3,200,True
yeast,yeast:P07274,no_exact_any_model_TRAIN_DEV_endpoint,background,3,100,True
yeast,yeast:P07274,no_exact_any_model_TRAIN_DEV_endpoint,matched,3,100,True
yeast,yeast:P07274,no_exact_any_model_TRAIN_DEV_endpoint,all_U,3,200,True
yeast,yeast:Q12208,all,background,6,100,True
yeast,yeast:Q12208,all,matched,6,100,True
yeast,yeast:Q12208,all,all_U,6,200,True
yeast,yeast:Q12208,no_exact_TRAIN_DEV_endpoint,background,6,100,True
yeast,yeast:Q12208,no_exact_TRAIN_DEV_endpoint,matched,6,100,True
yeast,yeast:Q12208,no_exact_TRAIN_DEV_endpoint,all_U,6,200,True
yeast,yeast:Q12208,no_exact_any_model_TRAIN_DEV_endpoint,background,6,100,True
yeast,yeast:Q12208,no_exact_any_model_TRAIN_DEV_endpoint,matched,6,100,True
yeast,yeast:Q12208,no_exact_any_model_TRAIN_DEV_endpoint,all_U,6,200,True
yeast,yeast:P22289,all,background,2,100,True
yeast,yeast:P22289,all,matched,2,100,True
yeast,yeast:P22289,all,all_U,2,200,True
yeast,yeast:P22289,no_exact_TRAIN_DEV_endpoint,background,2,100,True
yeast,yeast:P22289,no_exact_TRAIN_DEV_endpoint,matched,2,100,True
yeast,yeast:P22289,no_exact_TRAIN_DEV_endpoint,all_U,2,200,True
yeast,yeast:P22289,no_exact_any_model_TRAIN_DEV_endpoint,background,2,100,True
yeast,yeast:P22289,no_exact_any_model_TRAIN_DEV_endpoint,matched,2,100,True
yeast,yeast:P22289,no_exact_any_model_TRAIN_DEV_endpoint,all_U,2,200,True
yeast,yeast:P38130,all,background,6,100,True
yeast,yeast:P38130,all,matched,6,100,True
yeast,yeast:P38130,all,all_U,6,200,True
yeast,yeast:P38130,no_exact_TRAIN_DEV_endpoint,background,6,100,True
yeast,yeast:P38130,no_exact_TRAIN_DEV_endpoint,matched,6,100,True
yeast,yeast:P38130,no_exact_TRAIN_DEV_endpoint,all_U,6,200,True
yeast,yeast:P38130,no_exact_any_model_TRAIN_DEV_endpoint,background,6,100,True
yeast,yeast:P38130,no_exact_any_model_TRAIN_DEV_endpoint,matched,6,100,True
yeast,yeast:P38130,no_exact_any_model_TRAIN_DEV_endpoint,all_U,6,200,True
yeast,yeast:Q12527,all,background,10,100,True
yeast,yeast:Q12527,all,matched,10,100,True
yeast,yeast:Q12527,all,all_U,10,200,True
yeast,yeast:Q12527,no_exact_TRAIN_DEV_endpoint,background,10,100,True
yeast,yeast:Q12527,no_exact_TRAIN_DEV_endpoint,matched,10,100,True
yeast,yeast:Q12527,no_exact_TRAIN_DEV_endpoint,all_U,10,200,True
yeast,yeast:Q12527,no_exact_any_model_TRAIN_DEV_endpoint,background,10,100,True
yeast,yeast:Q12527,no_exact_any_model_TRAIN_DEV_endpoint,matched,10,100,True
yeast,yeast:Q12527,no_exact_any_model_TRAIN_DEV_endpoint,all_U,10,200,True
yeast,yeast:Q12334,all,background,3,100,True
yeast,yeast:Q12334,all,matched,3,100,True
yeast,yeast:Q12334,all,all_U,3,200,True
yeast,yeast:Q12334,no_exact_TRAIN_DEV_endpoint,background,3,100,True
yeast,yeast:Q12334,no_exact_TRAIN_DEV_endpoint,matched,3,100,True
yeast,yeast:Q12334,no_exact_TRAIN_DEV_endpoint,all_U,3,200,True
yeast,yeast:Q12334,no_exact_any_model_TRAIN_DEV_endpoint,background,3,100,True
yeast,yeast:Q12334,no_exact_any_model_TRAIN_DEV_endpoint,matched,3,100,True
yeast,yeast:Q12334,no_exact_any_model_TRAIN_DEV_endpoint,all_U,3,200,True
yeast,yeast:P32833,all,background,6,100,True
yeast,yeast:P32833,all,matched,6,100,True
yeast,yeast:P32833,all,all_U,6,200,True
yeast,yeast:P32833,no_exact_TRAIN_DEV_endpoint,background,6,100,True
yeast,yeast:P32833,no_exact_TRAIN_DEV_endpoint,matched,6,100,True
yeast,yeast:P32833,no_exact_TRAIN_DEV_endpoint,all_U,6,200,True
yeast,yeast:P32833,no_exact_any_model_TRAIN_DEV_endpoint,background,6,100,True
yeast,yeast:P32833,no_exact_any_model_TRAIN_DEV_endpoint,matched,6,100,True
yeast,yeast:P32833,no_exact_any_model_TRAIN_DEV_endpoint,all_U,6,200,True
yeast,yeast:P46983,all,background,3,100,True
yeast,yeast:P46983,all,matched,3,100,True
yeast,yeast:P46983,all,all_U,3,200,True
yeast,yeast:P46983,no_exact_TRAIN_DEV_endpoint,background,3,100,True
yeast,yeast:P46983,no_exact_TRAIN_DEV_endpoint,matched,3,100,True
yeast,yeast:P46983,no_exact_TRAIN_DEV_endpoint,all_U,3,200,True
yeast,yeast:P46983,no_exact_any_model_TRAIN_DEV_endpoint,background,3,100,True
yeast,yeast:P46983,no_exact_any_model_TRAIN_DEV_endpoint,matched,3,100,True
yeast,yeast:P46983,no_exact_any_model_TRAIN_DEV_endpoint,all_U,3,200,True
yeast,yeast:P39529,all,background,2,100,True
yeast,yeast:P39529,all,matched,2,100,True
yeast,yeast:P39529,all,all_U,2,200,True
yeast,yeast:P39529,no_exact_TRAIN_DEV_endpoint,background,2,100,True
yeast,yeast:P39529,no_exact_TRAIN_DEV_endpoint,matched,2,100,True
yeast,yeast:P39529,no_exact_TRAIN_DEV_endpoint,all_U,2,200,True
yeast,yeast:P39529,no_exact_any_model_TRAIN_DEV_endpoint,background,2,100,True
yeast,yeast:P39529,no_exact_any_model_TRAIN_DEV_endpoint,matched,2,100,True
yeast,yeast:P39529,no_exact_any_model_TRAIN_DEV_endpoint,all_U,2,200,True
yeast,yeast:Q3E792,all,background,2,100,True
yeast,yeast:Q3E792,all,matched,2,100,True
yeast,yeast:Q3E792,all,all_U,2,200,True
yeast,yeast:Q3E792,no_exact_TRAIN_DEV_endpoint,background,2,100,True
yeast,yeast:Q3E792,no_exact_TRAIN_DEV_endpoint,matched,2,100,True
yeast,yeast:Q3E792,no_exact_TRAIN_DEV_endpoint,all_U,2,200,True
yeast,yeast:Q3E792,no_exact_any_model_TRAIN_DEV_endpoint,background,2,100,True
yeast,yeast:Q3E792,no_exact_any_model_TRAIN_DEV_endpoint,matched,2,100,True
yeast,yeast:Q3E792,no_exact_any_model_TRAIN_DEV_endpoint,all_U,2,200,True
yeast,yeast:P29469,all,background,9,100,True
yeast,yeast:P29469,all,matched,9,100,True
yeast,yeast:P29469,all,all_U,9,200,True
yeast,yeast:P29469,no_exact_TRAIN_DEV_endpoint,background,9,100,True
yeast,yeast:P29469,no_exact_TRAIN_DEV_endpoint,matched,9,100,True
yeast,yeast:P29469,no_exact_TRAIN_DEV_endpoint,all_U,9,200,True
yeast,yeast:P29469,no_exact_any_model_TRAIN_DEV_endpoint,background,9,100,True
yeast,yeast:P29469,no_exact_any_model_TRAIN_DEV_endpoint,matched,9,100,True
yeast,yeast:P29469,no_exact_any_model_TRAIN_DEV_endpoint,all_U,9,200,True
yeast,yeast:P53969,all,background,2,100,True
yeast,yeast:P53969,all,matched,2,100,True
yeast,yeast:P53969,all,all_U,2,200,True
yeast,yeast:P53969,no_exact_TRAIN_DEV_endpoint,background,2,100,True
yeast,yeast:P53969,no_exact_TRAIN_DEV_endpoint,matched,2,100,True
yeast,yeast:P53969,no_exact_TRAIN_DEV_endpoint,all_U,2,200,True
yeast,yeast:P53969,no_exact_any_model_TRAIN_DEV_endpoint,background,2,100,True
yeast,yeast:P53969,no_exact_any_model_TRAIN_DEV_endpoint,matched,2,100,True
yeast,yeast:P53969,no_exact_any_model_TRAIN_DEV_endpoint,all_U,2,200,True
yeast,yeast:Q02555,all,background,2,100,True
yeast,yeast:Q02555,all,matched,2,100,True
yeast,yeast:Q02555,all,all_U,2,200,True
yeast,yeast:Q02555,no_exact_TRAIN_DEV_endpoint,background,2,100,True
yeast,yeast:Q02555,no_exact_TRAIN_DEV_endpoint,matched,2,100,True
yeast,yeast:Q02555,no_exact_TRAIN_DEV_endpoint,all_U,2,200,True
yeast,yeast:Q02555,no_exact_any_model_TRAIN_DEV_endpoint,background,2,100,True
yeast,yeast:Q02555,no_exact_any_model_TRAIN_DEV_endpoint,matched,2,100,True
yeast,yeast:Q02555,no_exact_any_model_TRAIN_DEV_endpoint,all_U,2,200,True
yeast,yeast:P53035,all,background,7,100,True
yeast,yeast:P53035,all,matched,7,100,True
yeast,yeast:P53035,all,all_U,7,200,True
yeast,yeast:P53035,no_exact_TRAIN_DEV_endpoint,background,7,100,True
yeast,yeast:P53035,no_exact_TRAIN_DEV_endpoint,matched,7,100,True
yeast,yeast:P53035,no_exact_TRAIN_DEV_endpoint,all_U,7,200,True
yeast,yeast:P53035,no_exact_any_model_TRAIN_DEV_endpoint,background,7,100,True
yeast,yeast:P53035,no_exact_any_model_TRAIN_DEV_endpoint,matched,7,100,True
yeast,yeast:P53035,no_exact_any_model_TRAIN_DEV_endpoint,all_U,7,200,True
yeast,yeast:P32500,all,background,4,100,True
yeast,yeast:P32500,all,matched,4,100,True
yeast,yeast:P32500,all,all_U,4,200,True
yeast,yeast:P32500,no_exact_TRAIN_DEV_endpoint,background,4,100,True
yeast,yeast:P32500,no_exact_TRAIN_DEV_endpoint,matched,4,100,True
yeast,yeast:P32500,no_exact_TRAIN_DEV_endpoint,all_U,4,200,True
yeast,yeast:P32500,no_exact_any_model_TRAIN_DEV_endpoint,background,4,100,True
yeast,yeast:P32500,no_exact_any_model_TRAIN_DEV_endpoint,matched,4,100,True
yeast,yeast:P32500,no_exact_any_model_TRAIN_DEV_endpoint,all_U,4,200,True
yeast,yeast:P47083,all,background,10,100,True
yeast,yeast:P47083,all,matched,10,100,True
yeast,yeast:P47083,all,all_U,10,200,True
yeast,yeast:P47083,no_exact_TRAIN_DEV_endpoint,background,10,100,True
yeast,yeast:P47083,no_exact_TRAIN_DEV_endpoint,matched,10,100,True
yeast,yeast:P47083,no_exact_TRAIN_DEV_endpoint,all_U,10,200,True
yeast,yeast:P47083,no_exact_any_model_TRAIN_DEV_endpoint,background,10,100,True
yeast,yeast:P47083,no_exact_any_model_TRAIN_DEV_endpoint,matched,10,100,True
yeast,yeast:P47083,no_exact_any_model_TRAIN_DEV_endpoint,all_U,10,200,True
yeast,yeast:P38249,all,background,2,100,True
yeast,yeast:P38249,all,matched,2,100,True
yeast,yeast:P38249,all,all_U,2,200,True
yeast,yeast:P38249,no_exact_TRAIN_DEV_endpoint,background,2,100,True
yeast,yeast:P38249,no_exact_TRAIN_DEV_endpoint,matched,2,100,True
yeast,yeast:P38249,no_exact_TRAIN_DEV_endpoint,all_U,2,200,True
yeast,yeast:P38249,no_exact_any_model_TRAIN_DEV_endpoint,background,2,100,True
yeast,yeast:P38249,no_exact_any_model_TRAIN_DEV_endpoint,matched,2,100,True
yeast,yeast:P38249,no_exact_any_model_TRAIN_DEV_endpoint,all_U,2,200,True
yeast,yeast:P38770,all,background,2,100,True
yeast,yeast:P38770,all,matched,2,100,True
yeast,yeast:P38770,all,all_U,2,200,True
yeast,yeast:P38770,no_exact_TRAIN_DEV_endpoint,background,2,100,True
yeast,yeast:P38770,no_exact_TRAIN_DEV_endpoint,matched,2,100,True
yeast,yeast:P38770,no_exact_TRAIN_DEV_endpoint,all_U,2,200,True
yeast,yeast:P38770,no_exact_any_model_TRAIN_DEV_endpoint,background,2,100,True
yeast,yeast:P38770,no_exact_any_model_TRAIN_DEV_endpoint,matched,2,100,True
yeast,yeast:P38770,no_exact_any_model_TRAIN_DEV_endpoint,all_U,2,200,True
yeast,yeast:P38753,all,background,2,100,True
yeast,yeast:P38753,all,matched,2,100,True
yeast,yeast:P38753,all,all_U,2,200,True
yeast,yeast:P38753,no_exact_TRAIN_DEV_endpoint,background,2,100,True
yeast,yeast:P38753,no_exact_TRAIN_DEV_endpoint,matched,2,100,True
yeast,yeast:P38753,no_exact_TRAIN_DEV_endpoint,all_U,2,200,True
yeast,yeast:P38753,no_exact_any_model_TRAIN_DEV_endpoint,background,2,100,True
yeast,yeast:P38753,no_exact_any_model_TRAIN_DEV_endpoint,matched,2,100,True
yeast,yeast:P38753,no_exact_any_model_TRAIN_DEV_endpoint,all_U,2,200,True
yeast,yeast:P38071,all,background,2,100,True
yeast,yeast:P38071,all,matched,2,100,True
yeast,yeast:P38071,all,all_U,2,200,True
yeast,yeast:P38071,no_exact_TRAIN_DEV_endpoint,background,2,100,True
yeast,yeast:P38071,no_exact_TRAIN_DEV_endpoint,matched,2,100,True
yeast,yeast:P38071,no_exact_TRAIN_DEV_endpoint,all_U,2,200,True
yeast,yeast:P38071,no_exact_any_model_TRAIN_DEV_endpoint,background,2,100,True
yeast,yeast:P38071,no_exact_any_model_TRAIN_DEV_endpoint,matched,2,100,True
yeast,yeast:P38071,no_exact_any_model_TRAIN_DEV_endpoint,all_U,2,200,True
yeast,yeast:Q06628,all,background,7,100,True
yeast,yeast:Q06628,all,matched,7,100,True
yeast,yeast:Q06628,all,all_U,7,200,True
yeast,yeast:Q06628,no_exact_TRAIN_DEV_endpoint,background,7,100,True
yeast,yeast:Q06628,no_exact_TRAIN_DEV_endpoint,matched,7,100,True
yeast,yeast:Q06628,no_exact_TRAIN_DEV_endpoint,all_U,7,200,True
yeast,yeast:Q06628,no_exact_any_model_TRAIN_DEV_endpoint,background,7,100,True
yeast,yeast:Q06628,no_exact_any_model_TRAIN_DEV_endpoint,matched,7,100,True
yeast,yeast:Q06628,no_exact_any_model_TRAIN_DEV_endpoint,all_U,7,200,True
yeast,yeast:P15790,all,background,10,100,True
yeast,yeast:P15790,all,matched,10,100,True
yeast,yeast:P15790,all,all_U,10,200,True
yeast,yeast:P15790,no_exact_TRAIN_DEV_endpoint,background,10,100,True
yeast,yeast:P15790,no_exact_TRAIN_DEV_endpoint,matched,10,100,True
yeast,yeast:P15790,no_exact_TRAIN_DEV_endpoint,all_U,10,200,True
yeast,yeast:P15790,no_exact_any_model_TRAIN_DEV_endpoint,background,10,100,True
yeast,yeast:P15790,no_exact_any_model_TRAIN_DEV_endpoint,matched,10,100,True
yeast,yeast:P15790,no_exact_any_model_TRAIN_DEV_endpoint,all_U,10,200,True
yeast,yeast:P53583,all,background,3,100,True
yeast,yeast:P53583,all,matched,3,100,True
yeast,yeast:P53583,all,all_U,3,200,True
yeast,yeast:P53583,no_exact_TRAIN_DEV_endpoint,background,3,100,True
yeast,yeast:P53583,no_exact_TRAIN_DEV_endpoint,matched,3,100,True
yeast,yeast:P53583,no_exact_TRAIN_DEV_endpoint,all_U,3,200,True
yeast,yeast:P53583,no_exact_any_model_TRAIN_DEV_endpoint,background,3,100,True
yeast,yeast:P53583,no_exact_any_model_TRAIN_DEV_endpoint,matched,3,100,True
yeast,yeast:P53583,no_exact_any_model_TRAIN_DEV_endpoint,all_U,3,200,True
yeast,yeast:Q04401,all,background,3,100,True
yeast,yeast:Q04401,all,matched,3,100,True
yeast,yeast:Q04401,all,all_U,3,200,True
yeast,yeast:Q04401,no_exact_TRAIN_DEV_endpoint,background,3,100,True
yeast,yeast:Q04401,no_exact_TRAIN_DEV_endpoint,matched,3,100,True
yeast,yeast:Q04401,no_exact_TRAIN_DEV_endpoint,all_U,3,200,True
yeast,yeast:Q04401,no_exact_any_model_TRAIN_DEV_endpoint,background,3,100,True
yeast,yeast:Q04401,no_exact_any_model_TRAIN_DEV_endpoint,matched,3,100,True
yeast,yeast:Q04401,no_exact_any_model_TRAIN_DEV_endpoint,all_U,3,200,True
yeast,yeast:Q07500,all,background,2,100,True
yeast,yeast:Q07500,all,matched,2,100,True
yeast,yeast:Q07500,all,all_U,2,200,True
yeast,yeast:Q07500,no_exact_TRAIN_DEV_endpoint,background,2,100,True
yeast,yeast:Q07500,no_exact_TRAIN_DEV_endpoint,matched,2,100,True
yeast,yeast:Q07500,no_exact_TRAIN_DEV_endpoint,all_U,2,200,True
yeast,yeast:Q07500,no_exact_any_model_TRAIN_DEV_endpoint,background,2,100,True
yeast,yeast:Q07500,no_exact_any_model_TRAIN_DEV_endpoint,matched,2,100,True
yeast,yeast:Q07500,no_exact_any_model_TRAIN_DEV_endpoint,all_U,2,200,True
yeast,yeast:P47050,all,background,5,100,True
yeast,yeast:P47050,all,matched,5,100,True
yeast,yeast:P47050,all,all_U,5,200,True
yeast,yeast:P47050,no_exact_TRAIN_DEV_endpoint,background,5,100,True
yeast,yeast:P47050,no_exact_TRAIN_DEV_endpoint,matched,5,100,True
yeast,yeast:P47050,no_exact_TRAIN_DEV_endpoint,all_U,5,200,True
yeast,yeast:P47050,no_exact_any_model_TRAIN_DEV_endpoint,background,5,100,True
yeast,yeast:P47050,no_exact_any_model_TRAIN_DEV_endpoint,matched,5,100,True
yeast,yeast:P47050,no_exact_any_model_TRAIN_DEV_endpoint,all_U,5,200,True
yeast,yeast:P40454,all,background,7,100,True
yeast,yeast:P40454,all,matched,7,100,True
yeast,yeast:P40454,all,all_U,7,200,True
yeast,yeast:P40454,no_exact_TRAIN_DEV_endpoint,background,7,100,True
yeast,yeast:P40454,no_exact_TRAIN_DEV_endpoint,matched,7,100,True
yeast,yeast:P40454,no_exact_TRAIN_DEV_endpoint,all_U,7,200,True
yeast,yeast:P40454,no_exact_any_model_TRAIN_DEV_endpoint,background,7,100,True
yeast,yeast:P40454,no_exact_any_model_TRAIN_DEV_endpoint,matched,7,100,True
yeast,yeast:P40454,no_exact_any_model_TRAIN_DEV_endpoint,all_U,7,200,True
yeast,yeast:P15315,all,background,8,100,True
yeast,yeast:P15315,all,matched,8,100,True
yeast,yeast:P15315,all,all_U,8,200,True
yeast,yeast:P15315,no_exact_TRAIN_DEV_endpoint,background,8,100,True
yeast,yeast:P15315,no_exact_TRAIN_DEV_endpoint,matched,8,100,True
yeast,yeast:P15315,no_exact_TRAIN_DEV_endpoint,all_U,8,200,True
yeast,yeast:P15315,no_exact_any_model_TRAIN_DEV_endpoint,background,8,100,True
yeast,yeast:P15315,no_exact_any_model_TRAIN_DEV_endpoint,matched,8,100,True
yeast,yeast:P15315,no_exact_any_model_TRAIN_DEV_endpoint,all_U,8,200,True
yeast,yeast:P21825,all,background,10,100,True
yeast,yeast:P21825,all,matched,10,100,True
yeast,yeast:P21825,all,all_U,10,200,True
yeast,yeast:P21825,no_exact_TRAIN_DEV_endpoint,background,10,100,True
yeast,yeast:P21825,no_exact_TRAIN_DEV_endpoint,matched,10,100,True
yeast,yeast:P21825,no_exact_TRAIN_DEV_endpoint,all_U,10,200,True
yeast,yeast:P21825,no_exact_any_model_TRAIN_DEV_endpoint,background,10,100,True
yeast,yeast:P21825,no_exact_any_model_TRAIN_DEV_endpoint,matched,10,100,True
yeast,yeast:P21825,no_exact_any_model_TRAIN_DEV_endpoint,all_U,10,200,True
yeast,yeast:P25337,all,background,3,100,True
yeast,yeast:P25337,all,matched,3,100,True
yeast,yeast:P25337,all,all_U,3,200,True
yeast,yeast:P25337,no_exact_TRAIN_DEV_endpoint,background,3,100,True
yeast,yeast:P25337,no_exact_TRAIN_DEV_endpoint,matched,3,100,True
yeast,yeast:P25337,no_exact_TRAIN_DEV_endpoint,all_U,3,200,True
yeast,yeast:P25337,no_exact_any_model_TRAIN_DEV_endpoint,background,3,100,True
yeast,yeast:P25337,no_exact_any_model_TRAIN_DEV_endpoint,matched,3,100,True
yeast,yeast:P25337,no_exact_any_model_TRAIN_DEV_endpoint,all_U,3,200,True
yeast,yeast:P39958,all,background,10,100,True
yeast,yeast:P39958,all,matched,10,100,True
yeast,yeast:P39958,all,all_U,10,200,True
yeast,yeast:P39958,no_exact_TRAIN_DEV_endpoint,background,10,100,True
yeast,yeast:P39958,no_exact_TRAIN_DEV_endpoint,matched,10,100,True
yeast,yeast:P39958,no_exact_TRAIN_DEV_endpoint,all_U,10,200,True
yeast,yeast:P39958,no_exact_any_model_TRAIN_DEV_endpoint,background,10,100,True
yeast,yeast:P39958,no_exact_any_model_TRAIN_DEV_endpoint,matched,10,100,True
yeast,yeast:P39958,no_exact_any_model_TRAIN_DEV_endpoint,all_U,10,200,True
yeast,yeast:P40187,all,background,2,100,True
yeast,yeast:P40187,all,matched,2,100,True
yeast,yeast:P40187,all,all_U,2,200,True
yeast,yeast:P40187,no_exact_TRAIN_DEV_endpoint,background,2,100,True
yeast,yeast:P40187,no_exact_TRAIN_DEV_endpoint,matched,2,100,True
yeast,yeast:P40187,no_exact_TRAIN_DEV_endpoint,all_U,2,200,True
yeast,yeast:P40187,no_exact_any_model_TRAIN_DEV_endpoint,background,2,100,True
yeast,yeast:P40187,no_exact_any_model_TRAIN_DEV_endpoint,matched,2,100,True
yeast,yeast:P40187,no_exact_any_model_TRAIN_DEV_endpoint,all_U,2,200,True
yeast,yeast:P40554,all,background,3,100,True
yeast,yeast:P40554,all,matched,3,100,True
yeast,yeast:P40554,all,all_U,3,200,True
yeast,yeast:P40554,no_exact_TRAIN_DEV_endpoint,background,3,100,True
yeast,yeast:P40554,no_exact_TRAIN_DEV_endpoint,matched,3,100,True
yeast,yeast:P40554,no_exact_TRAIN_DEV_endpoint,all_U,3,200,True
yeast,yeast:P40554,no_exact_any_model_TRAIN_DEV_endpoint,background,3,100,True
yeast,yeast:P40554,no_exact_any_model_TRAIN_DEV_endpoint,matched,3,100,True
yeast,yeast:P40554,no_exact_any_model_TRAIN_DEV_endpoint,all_U,3,200,True
yeast,yeast:P50946,all,background,3,100,True
yeast,yeast:P50946,all,matched,3,100,True
yeast,yeast:P50946,all,all_U,3,200,True
yeast,yeast:P50946,no_exact_TRAIN_DEV_endpoint,background,3,100,True
yeast,yeast:P50946,no_exact_TRAIN_DEV_endpoint,matched,3,100,True
yeast,yeast:P50946,no_exact_TRAIN_DEV_endpoint,all_U,3,200,True
yeast,yeast:P50946,no_exact_any_model_TRAIN_DEV_endpoint,background,3,100,True
yeast,yeast:P50946,no_exact_any_model_TRAIN_DEV_endpoint,matched,3,100,True
yeast,yeast:P50946,no_exact_any_model_TRAIN_DEV_endpoint,all_U,3,200,True
yeast,yeast:P25453,all,background,4,100,True
yeast,yeast:P25453,all,matched,4,100,True
yeast,yeast:P25453,all,all_U,4,200,True
yeast,yeast:P25453,no_exact_TRAIN_DEV_endpoint,background,4,100,True
yeast,yeast:P25453,no_exact_TRAIN_DEV_endpoint,matched,4,100,True
yeast,yeast:P25453,no_exact_TRAIN_DEV_endpoint,all_U,4,200,True
yeast,yeast:P25453,no_exact_any_model_TRAIN_DEV_endpoint,background,4,100,True
yeast,yeast:P25453,no_exact_any_model_TRAIN_DEV_endpoint,matched,4,100,True
yeast,yeast:P25453,no_exact_any_model_TRAIN_DEV_endpoint,all_U,4,200,True
yeast,yeast:P25343,all,background,5,100,True
yeast,yeast:P25343,all,matched,5,100,True
yeast,yeast:P25343,all,all_U,5,200,True
yeast,yeast:P25343,no_exact_TRAIN_DEV_endpoint,background,5,100,True
yeast,yeast:P25343,no_exact_TRAIN_DEV_endpoint,matched,5,100,True
yeast,yeast:P25343,no_exact_TRAIN_DEV_endpoint,all_U,5,200,True
yeast,yeast:P25343,no_exact_any_model_TRAIN_DEV_endpoint,background,5,100,True
yeast,yeast:P25343,no_exact_any_model_TRAIN_DEV_endpoint,matched,5,100,True
yeast,yeast:P25343,no_exact_any_model_TRAIN_DEV_endpoint,all_U,5,200,True
yeast,yeast:P37366,all,background,4,100,True
yeast,yeast:P37366,all,matched,4,100,True
yeast,yeast:P37366,all,all_U,4,200,True
yeast,yeast:P37366,no_exact_TRAIN_DEV_endpoint,background,4,100,True
yeast,yeast:P37366,no_exact_TRAIN_DEV_endpoint,matched,4,100,True
yeast,yeast:P37366,no_exact_TRAIN_DEV_endpoint,all_U,4,200,True
yeast,yeast:P37366,no_exact_any_model_TRAIN_DEV_endpoint,background,4,100,True
yeast,yeast:P37366,no_exact_any_model_TRAIN_DEV_endpoint,matched,4,100,True
yeast,yeast:P37366,no_exact_any_model_TRAIN_DEV_endpoint,all_U,4,200,True
yeast,yeast:P32618,all,background,3,100,True
yeast,yeast:P32618,all,matched,3,100,True
yeast,yeast:P32618,all,all_U,3,200,True
yeast,yeast:P32618,no_exact_TRAIN_DEV_endpoint,background,3,100,True
yeast,yeast:P32618,no_exact_TRAIN_DEV_endpoint,matched,3,100,True
yeast,yeast:P32618,no_exact_TRAIN_DEV_endpoint,all_U,3,200,True
yeast,yeast:P32618,no_exact_any_model_TRAIN_DEV_endpoint,background,3,100,True
yeast,yeast:P32618,no_exact_any_model_TRAIN_DEV_endpoint,matched,3,100,True
yeast,yeast:P32618,no_exact_any_model_TRAIN_DEV_endpoint,all_U,3,200,True
yeast,yeast:Q01684,all,background,2,100,True
yeast,yeast:Q01684,all,matched,2,100,True
yeast,yeast:Q01684,all,all_U,2,200,True
yeast,yeast:Q01684,no_exact_TRAIN_DEV_endpoint,background,2,100,True
yeast,yeast:Q01684,no_exact_TRAIN_DEV_endpoint,matched,2,100,True
yeast,yeast:Q01684,no_exact_TRAIN_DEV_endpoint,all_U,2,200,True
yeast,yeast:Q01684,no_exact_any_model_TRAIN_DEV_endpoint,background,2,100,True
yeast,yeast:Q01684,no_exact_any_model_TRAIN_DEV_endpoint,matched,2,100,True
yeast,yeast:Q01684,no_exact_any_model_TRAIN_DEV_endpoint,all_U,2,200,True
yeast,yeast:P54999,all,background,9,100,True
yeast,yeast:P54999,all,matched,9,100,True
yeast,yeast:P54999,all,all_U,9,200,True
yeast,yeast:P54999,no_exact_TRAIN_DEV_endpoint,background,9,100,True
yeast,yeast:P54999,no_exact_TRAIN_DEV_endpoint,matched,9,100,True
yeast,yeast:P54999,no_exact_TRAIN_DEV_endpoint,all_U,9,200,True
yeast,yeast:P54999,no_exact_any_model_TRAIN_DEV_endpoint,background,9,100,True
yeast,yeast:P54999,no_exact_any_model_TRAIN_DEV_endpoint,matched,9,100,True
yeast,yeast:P54999,no_exact_any_model_TRAIN_DEV_endpoint,all_U,9,200,True
arabidopsis,arabidopsis:Q9FRL3,all,background,2,100,True
arabidopsis,arabidopsis:Q9FRL3,all,matched,2,100,True
arabidopsis,arabidopsis:Q9FRL3,all,all_U,2,200,True
arabidopsis,arabidopsis:Q9FRL3,no_exact_TRAIN_DEV_endpoint,background,2,100,True
arabidopsis,arabidopsis:Q9FRL3,no_exact_TRAIN_DEV_endpoint,matched,2,100,True
arabidopsis,arabidopsis:Q9FRL3,no_exact_TRAIN_DEV_endpoint,all_U,2,200,True
arabidopsis,arabidopsis:Q9FRL3,no_exact_any_model_TRAIN_DEV_endpoint,background,2,100,True
arabidopsis,arabidopsis:Q9FRL3,no_exact_any_model_TRAIN_DEV_endpoint,matched,2,100,True
arabidopsis,arabidopsis:Q9FRL3,no_exact_any_model_TRAIN_DEV_endpoint,all_U,2,200,True
arabidopsis,arabidopsis:Q39090,all,background,6,100,True
arabidopsis,arabidopsis:Q39090,all,matched,6,100,True
arabidopsis,arabidopsis:Q39090,all,all_U,6,200,True
arabidopsis,arabidopsis:Q39090,no_exact_TRAIN_DEV_endpoint,background,6,100,True
arabidopsis,arabidopsis:Q39090,no_exact_TRAIN_DEV_endpoint,matched,6,100,True
arabidopsis,arabidopsis:Q39090,no_exact_TRAIN_DEV_endpoint,all_U,6,200,True
arabidopsis,arabidopsis:Q39090,no_exact_any_model_TRAIN_DEV_endpoint,background,6,100,True
arabidopsis,arabidopsis:Q39090,no_exact_any_model_TRAIN_DEV_endpoint,matched,6,100,True
arabidopsis,arabidopsis:Q39090,no_exact_any_model_TRAIN_DEV_endpoint,all_U,6,200,True
arabidopsis,arabidopsis:F4I2H2,all,background,2,100,True
arabidopsis,arabidopsis:F4I2H2,all,matched,2,100,True
arabidopsis,arabidopsis:F4I2H2,all,all_U,2,200,True
arabidopsis,arabidopsis:F4I2H2,no_exact_TRAIN_DEV_endpoint,background,2,100,True
arabidopsis,arabidopsis:F4I2H2,no_exact_TRAIN_DEV_endpoint,matched,2,100,True
arabidopsis,arabidopsis:F4I2H2,no_exact_TRAIN_DEV_endpoint,all_U,2,200,True
arabidopsis,arabidopsis:F4I2H2,no_exact_any_model_TRAIN_DEV_endpoint,background,2,100,True
arabidopsis,arabidopsis:F4I2H2,no_exact_any_model_TRAIN_DEV_endpoint,matched,2,100,True
arabidopsis,arabidopsis:F4I2H2,no_exact_any_model_TRAIN_DEV_endpoint,all_U,2,200,True
arabidopsis,arabidopsis:Q9XGR4,all,background,6,100,True
arabidopsis,arabidopsis:Q9XGR4,all,matched,6,100,True
arabidopsis,arabidopsis:Q9XGR4,all,all_U,6,200,True
arabidopsis,arabidopsis:Q9XGR4,no_exact_TRAIN_DEV_endpoint,background,6,100,True
arabidopsis,arabidopsis:Q9XGR4,no_exact_TRAIN_DEV_endpoint,matched,6,100,True
arabidopsis,arabidopsis:Q9XGR4,no_exact_TRAIN_DEV_endpoint,all_U,6,200,True
arabidopsis,arabidopsis:Q9XGR4,no_exact_any_model_TRAIN_DEV_endpoint,background,6,100,True
arabidopsis,arabidopsis:Q9XGR4,no_exact_any_model_TRAIN_DEV_endpoint,matched,6,100,True
arabidopsis,arabidopsis:Q9XGR4,no_exact_any_model_TRAIN_DEV_endpoint,all_U,6,200,True
arabidopsis,arabidopsis:Q5PP65,all,background,10,100,True
arabidopsis,arabidopsis:Q5PP65,all,matched,10,100,True
arabidopsis,arabidopsis:Q5PP65,all,all_U,10,200,True
arabidopsis,arabidopsis:Q5PP65,no_exact_TRAIN_DEV_endpoint,background,10,100,True
arabidopsis,arabidopsis:Q5PP65,no_exact_TRAIN_DEV_endpoint,matched,10,100,True
arabidopsis,arabidopsis:Q5PP65,no_exact_TRAIN_DEV_endpoint,all_U,10,200,True
arabidopsis,arabidopsis:Q5PP65,no_exact_any_model_TRAIN_DEV_endpoint,background,10,100,True
arabidopsis,arabidopsis:Q5PP65,no_exact_any_model_TRAIN_DEV_endpoint,matched,10,100,True
arabidopsis,arabidopsis:Q5PP65,no_exact_any_model_TRAIN_DEV_endpoint,all_U,10,200,True
arabidopsis,arabidopsis:O64688,all,background,2,100,True
arabidopsis,arabidopsis:O64688,all,matched,2,100,True
arabidopsis,arabidopsis:O64688,all,all_U,2,200,True
arabidopsis,arabidopsis:O64688,no_exact_TRAIN_DEV_endpoint,background,2,100,True
arabidopsis,arabidopsis:O64688,no_exact_TRAIN_DEV_endpoint,matched,2,100,True
arabidopsis,arabidopsis:O64688,no_exact_TRAIN_DEV_endpoint,all_U,2,200,True
arabidopsis,arabidopsis:O64688,no_exact_any_model_TRAIN_DEV_endpoint,background,2,100,True
arabidopsis,arabidopsis:O64688,no_exact_any_model_TRAIN_DEV_endpoint,matched,2,100,True
arabidopsis,arabidopsis:O64688,no_exact_any_model_TRAIN_DEV_endpoint,all_U,2,200,True
arabidopsis,arabidopsis:Q949Z8,all,background,2,100,True
arabidopsis,arabidopsis:Q949Z8,all,matched,2,100,True
arabidopsis,arabidopsis:Q949Z8,all,all_U,2,200,True
arabidopsis,arabidopsis:Q949Z8,no_exact_TRAIN_DEV_endpoint,background,2,100,True
arabidopsis,arabidopsis:Q949Z8,no_exact_TRAIN_DEV_endpoint,matched,2,100,True
arabidopsis,arabidopsis:Q949Z8,no_exact_TRAIN_DEV_endpoint,all_U,2,200,True
arabidopsis,arabidopsis:Q949Z8,no_exact_any_model_TRAIN_DEV_endpoint,background,2,100,True
arabidopsis,arabidopsis:Q949Z8,no_exact_any_model_TRAIN_DEV_endpoint,matched,2,100,True
arabidopsis,arabidopsis:Q949Z8,no_exact_any_model_TRAIN_DEV_endpoint,all_U,2,200,True
arabidopsis,arabidopsis:Q8W4C8,all,background,2,100,True
arabidopsis,arabidopsis:Q8W4C8,all,matched,2,100,True
arabidopsis,arabidopsis:Q8W4C8,all,all_U,2,200,True
arabidopsis,arabidopsis:Q8W4C8,no_exact_TRAIN_DEV_endpoint,background,2,100,True
arabidopsis,arabidopsis:Q8W4C8,no_exact_TRAIN_DEV_endpoint,matched,2,100,True
arabidopsis,arabidopsis:Q8W4C8,no_exact_TRAIN_DEV_endpoint,all_U,2,200,True
arabidopsis,arabidopsis:Q8W4C8,no_exact_any_model_TRAIN_DEV_endpoint,background,2,100,True
arabidopsis,arabidopsis:Q8W4C8,no_exact_any_model_TRAIN_DEV_endpoint,matched,2,100,True
arabidopsis,arabidopsis:Q8W4C8,no_exact_any_model_TRAIN_DEV_endpoint,all_U,2,200,True
arabidopsis,arabidopsis:Q9LZK5,all,background,3,100,True
arabidopsis,arabidopsis:Q9LZK5,all,matched,3,100,True
arabidopsis,arabidopsis:Q9LZK5,all,all_U,3,200,True
arabidopsis,arabidopsis:Q9LZK5,no_exact_TRAIN_DEV_endpoint,background,3,100,True
arabidopsis,arabidopsis:Q9LZK5,no_exact_TRAIN_DEV_endpoint,matched,3,100,True
arabidopsis,arabidopsis:Q9LZK5,no_exact_TRAIN_DEV_endpoint,all_U,3,200,True
arabidopsis,arabidopsis:Q9LZK5,no_exact_any_model_TRAIN_DEV_endpoint,background,3,100,True
arabidopsis,arabidopsis:Q9LZK5,no_exact_any_model_TRAIN_DEV_endpoint,matched,3,100,True
arabidopsis,arabidopsis:Q9LZK5,no_exact_any_model_TRAIN_DEV_endpoint,all_U,3,200,True
arabidopsis,arabidopsis:Q9LSM6,all,background,3,100,True
arabidopsis,arabidopsis:Q9LSM6,all,matched,3,100,True
arabidopsis,arabidopsis:Q9LSM6,all,all_U,3,200,True
arabidopsis,arabidopsis:Q9LSM6,no_exact_TRAIN_DEV_endpoint,background,3,100,True
arabidopsis,arabidopsis:Q9LSM6,no_exact_TRAIN_DEV_endpoint,matched,3,100,True
arabidopsis,arabidopsis:Q9LSM6,no_exact_TRAIN_DEV_endpoint,all_U,3,200,True
arabidopsis,arabidopsis:Q9LSM6,no_exact_any_model_TRAIN_DEV_endpoint,background,3,100,True
arabidopsis,arabidopsis:Q9LSM6,no_exact_any_model_TRAIN_DEV_endpoint,matched,3,100,True
arabidopsis,arabidopsis:Q9LSM6,no_exact_any_model_TRAIN_DEV_endpoint,all_U,3,200,True
arabidopsis,arabidopsis:Q7PCC6,all,background,6,100,True
arabidopsis,arabidopsis:Q7PCC6,all,matched,6,100,True
arabidopsis,arabidopsis:Q7PCC6,all,all_U,6,200,True
arabidopsis,arabidopsis:Q7PCC6,no_exact_TRAIN_DEV_endpoint,background,6,100,True
arabidopsis,arabidopsis:Q7PCC6,no_exact_TRAIN_DEV_endpoint,matched,6,100,True
arabidopsis,arabidopsis:Q7PCC6,no_exact_TRAIN_DEV_endpoint,all_U,6,200,True
arabidopsis,arabidopsis:Q7PCC6,no_exact_any_model_TRAIN_DEV_endpoint,background,6,100,True
arabidopsis,arabidopsis:Q7PCC6,no_exact_any_model_TRAIN_DEV_endpoint,matched,6,100,True
arabidopsis,arabidopsis:Q7PCC6,no_exact_any_model_TRAIN_DEV_endpoint,all_U,6,200,True
arabidopsis,arabidopsis:Q9M310,all,background,10,100,True
arabidopsis,arabidopsis:Q9M310,all,matched,10,100,True
arabidopsis,arabidopsis:Q9M310,all,all_U,10,200,True
arabidopsis,arabidopsis:Q9M310,no_exact_TRAIN_DEV_endpoint,background,10,100,True
arabidopsis,arabidopsis:Q9M310,no_exact_TRAIN_DEV_endpoint,matched,10,100,True
arabidopsis,arabidopsis:Q9M310,no_exact_TRAIN_DEV_endpoint,all_U,10,200,True
arabidopsis,arabidopsis:Q9M310,no_exact_any_model_TRAIN_DEV_endpoint,background,10,100,True
arabidopsis,arabidopsis:Q9M310,no_exact_any_model_TRAIN_DEV_endpoint,matched,10,100,True
arabidopsis,arabidopsis:Q9M310,no_exact_any_model_TRAIN_DEV_endpoint,all_U,10,200,True
arabidopsis,arabidopsis:Q8RX71,all,background,3,100,True
arabidopsis,arabidopsis:Q8RX71,all,matched,3,100,True
arabidopsis,arabidopsis:Q8RX71,all,all_U,3,200,True
arabidopsis,arabidopsis:Q8RX71,no_exact_TRAIN_DEV_endpoint,background,3,100,True
arabidopsis,arabidopsis:Q8RX71,no_exact_TRAIN_DEV_endpoint,matched,3,100,True
arabidopsis,arabidopsis:Q8RX71,no_exact_TRAIN_DEV_endpoint,all_U,3,200,True
arabidopsis,arabidopsis:Q8RX71,no_exact_any_model_TRAIN_DEV_endpoint,background,3,100,True
arabidopsis,arabidopsis:Q8RX71,no_exact_any_model_TRAIN_DEV_endpoint,matched,3,100,True
arabidopsis,arabidopsis:Q8RX71,no_exact_any_model_TRAIN_DEV_endpoint,all_U,3,200,True
arabidopsis,arabidopsis:Q9LW00,all,background,4,100,True
arabidopsis,arabidopsis:Q9LW00,all,matched,4,100,True
arabidopsis,arabidopsis:Q9LW00,all,all_U,4,200,True
arabidopsis,arabidopsis:Q9LW00,no_exact_TRAIN_DEV_endpoint,background,4,100,True
arabidopsis,arabidopsis:Q9LW00,no_exact_TRAIN_DEV_endpoint,matched,4,100,True
arabidopsis,arabidopsis:Q9LW00,no_exact_TRAIN_DEV_endpoint,all_U,4,200,True
arabidopsis,arabidopsis:Q9LW00,no_exact_any_model_TRAIN_DEV_endpoint,background,4,100,True
arabidopsis,arabidopsis:Q9LW00,no_exact_any_model_TRAIN_DEV_endpoint,matched,4,100,True
arabidopsis,arabidopsis:Q9LW00,no_exact_any_model_TRAIN_DEV_endpoint,all_U,4,200,True
arabidopsis,arabidopsis:Q9SR06,all,background,4,100,True
arabidopsis,arabidopsis:Q9SR06,all,matched,4,100,True
arabidopsis,arabidopsis:Q9SR06,all,all_U,4,200,True
arabidopsis,arabidopsis:Q9SR06,no_exact_TRAIN_DEV_endpoint,background,4,100,True
arabidopsis,arabidopsis:Q9SR06,no_exact_TRAIN_DEV_endpoint,matched,4,100,True
arabidopsis,arabidopsis:Q9SR06,no_exact_TRAIN_DEV_endpoint,all_U,4,200,True
arabidopsis,arabidopsis:Q9SR06,no_exact_any_model_TRAIN_DEV_endpoint,background,4,100,True
arabidopsis,arabidopsis:Q9SR06,no_exact_any_model_TRAIN_DEV_endpoint,matched,4,100,True
arabidopsis,arabidopsis:Q9SR06,no_exact_any_model_TRAIN_DEV_endpoint,all_U,4,200,True
arabidopsis,arabidopsis:Q9SIZ5,all,background,10,100,True
arabidopsis,arabidopsis:Q9SIZ5,all,matched,10,100,True
arabidopsis,arabidopsis:Q9SIZ5,all,all_U,10,200,True
arabidopsis,arabidopsis:Q9SIZ5,no_exact_TRAIN_DEV_endpoint,background,10,100,True
arabidopsis,arabidopsis:Q9SIZ5,no_exact_TRAIN_DEV_endpoint,matched,10,100,True
arabidopsis,arabidopsis:Q9SIZ5,no_exact_TRAIN_DEV_endpoint,all_U,10,200,True
arabidopsis,arabidopsis:Q9SIZ5,no_exact_any_model_TRAIN_DEV_endpoint,background,10,100,True
arabidopsis,arabidopsis:Q9SIZ5,no_exact_any_model_TRAIN_DEV_endpoint,matched,10,100,True
arabidopsis,arabidopsis:Q9SIZ5,no_exact_any_model_TRAIN_DEV_endpoint,all_U,10,200,True
arabidopsis,arabidopsis:Q9FNZ4,all,background,10,100,True
arabidopsis,arabidopsis:Q9FNZ4,all,matched,10,100,True
arabidopsis,arabidopsis:Q9FNZ4,all,all_U,10,200,True
arabidopsis,arabidopsis:Q9FNZ4,no_exact_TRAIN_DEV_endpoint,background,10,100,True
arabidopsis,arabidopsis:Q9FNZ4,no_exact_TRAIN_DEV_endpoint,matched,10,100,True
arabidopsis,arabidopsis:Q9FNZ4,no_exact_TRAIN_DEV_endpoint,all_U,10,200,True
arabidopsis,arabidopsis:Q9FNZ4,no_exact_any_model_TRAIN_DEV_endpoint,background,10,100,True
arabidopsis,arabidopsis:Q9FNZ4,no_exact_any_model_TRAIN_DEV_endpoint,matched,10,100,True
arabidopsis,arabidopsis:Q9FNZ4,no_exact_any_model_TRAIN_DEV_endpoint,all_U,10,200,True
arabidopsis,arabidopsis:F4JN35,all,background,10,100,True
arabidopsis,arabidopsis:F4JN35,all,matched,10,100,True
arabidopsis,arabidopsis:F4JN35,all,all_U,10,200,True
arabidopsis,arabidopsis:F4JN35,no_exact_TRAIN_DEV_endpoint,background,10,100,True
arabidopsis,arabidopsis:F4JN35,no_exact_TRAIN_DEV_endpoint,matched,10,100,True
arabidopsis,arabidopsis:F4JN35,no_exact_TRAIN_DEV_endpoint,all_U,10,200,True
arabidopsis,arabidopsis:F4JN35,no_exact_any_model_TRAIN_DEV_endpoint,background,10,100,True
arabidopsis,arabidopsis:F4JN35,no_exact_any_model_TRAIN_DEV_endpoint,matched,10,100,True
arabidopsis,arabidopsis:F4JN35,no_exact_any_model_TRAIN_DEV_endpoint,all_U,10,200,True
arabidopsis,arabidopsis:Q4FE47,all,background,3,100,True
arabidopsis,arabidopsis:Q4FE47,all,matched,3,100,True
arabidopsis,arabidopsis:Q4FE47,all,all_U,3,200,True
arabidopsis,arabidopsis:Q4FE47,no_exact_TRAIN_DEV_endpoint,background,3,100,True
arabidopsis,arabidopsis:Q4FE47,no_exact_TRAIN_DEV_endpoint,matched,3,100,True
arabidopsis,arabidopsis:Q4FE47,no_exact_TRAIN_DEV_endpoint,all_U,3,200,True
arabidopsis,arabidopsis:Q4FE47,no_exact_any_model_TRAIN_DEV_endpoint,background,3,100,True
arabidopsis,arabidopsis:Q4FE47,no_exact_any_model_TRAIN_DEV_endpoint,matched,3,100,True
arabidopsis,arabidopsis:Q4FE47,no_exact_any_model_TRAIN_DEV_endpoint,all_U,3,200,True
arabidopsis,arabidopsis:Q2HIK4,all,background,5,100,True
arabidopsis,arabidopsis:Q2HIK4,all,matched,5,100,True
arabidopsis,arabidopsis:Q2HIK4,all,all_U,5,200,True
arabidopsis,arabidopsis:Q2HIK4,no_exact_TRAIN_DEV_endpoint,background,5,100,True
arabidopsis,arabidopsis:Q2HIK4,no_exact_TRAIN_DEV_endpoint,matched,5,100,True
arabidopsis,arabidopsis:Q2HIK4,no_exact_TRAIN_DEV_endpoint,all_U,5,200,True
arabidopsis,arabidopsis:Q2HIK4,no_exact_any_model_TRAIN_DEV_endpoint,background,5,100,True
arabidopsis,arabidopsis:Q2HIK4,no_exact_any_model_TRAIN_DEV_endpoint,matched,5,100,True
arabidopsis,arabidopsis:Q2HIK4,no_exact_any_model_TRAIN_DEV_endpoint,all_U,5,200,True
arabidopsis,arabidopsis:F4JS25,all,background,3,100,True
arabidopsis,arabidopsis:F4JS25,all,matched,3,100,True
arabidopsis,arabidopsis:F4JS25,all,all_U,3,200,True
arabidopsis,arabidopsis:F4JS25,no_exact_TRAIN_DEV_endpoint,background,3,100,True
arabidopsis,arabidopsis:F4JS25,no_exact_TRAIN_DEV_endpoint,matched,3,100,True
arabidopsis,arabidopsis:F4JS25,no_exact_TRAIN_DEV_endpoint,all_U,3,200,True
arabidopsis,arabidopsis:F4JS25,no_exact_any_model_TRAIN_DEV_endpoint,background,3,100,True
arabidopsis,arabidopsis:F4JS25,no_exact_any_model_TRAIN_DEV_endpoint,matched,3,100,True
arabidopsis,arabidopsis:F4JS25,no_exact_any_model_TRAIN_DEV_endpoint,all_U,3,200,True
arabidopsis,arabidopsis:Q6AWX6,all,background,6,100,True
arabidopsis,arabidopsis:Q6AWX6,all,matched,6,100,True
arabidopsis,arabidopsis:Q6AWX6,all,all_U,6,200,True
arabidopsis,arabidopsis:Q6AWX6,no_exact_TRAIN_DEV_endpoint,background,6,100,True
arabidopsis,arabidopsis:Q6AWX6,no_exact_TRAIN_DEV_endpoint,matched,6,100,True
arabidopsis,arabidopsis:Q6AWX6,no_exact_TRAIN_DEV_endpoint,all_U,6,200,True
arabidopsis,arabidopsis:Q6AWX6,no_exact_any_model_TRAIN_DEV_endpoint,background,6,100,True
arabidopsis,arabidopsis:Q6AWX6,no_exact_any_model_TRAIN_DEV_endpoint,matched,6,100,True
arabidopsis,arabidopsis:Q6AWX6,no_exact_any_model_TRAIN_DEV_endpoint,all_U,6,200,True
arabidopsis,arabidopsis:Q9M8T0,all,background,2,100,True
arabidopsis,arabidopsis:Q9M8T0,all,matched,2,100,True
arabidopsis,arabidopsis:Q9M8T0,all,all_U,2,200,True
arabidopsis,arabidopsis:Q9M8T0,no_exact_TRAIN_DEV_endpoint,background,2,100,True
arabidopsis,arabidopsis:Q9M8T0,no_exact_TRAIN_DEV_endpoint,matched,2,100,True
arabidopsis,arabidopsis:Q9M8T0,no_exact_TRAIN_DEV_endpoint,all_U,2,200,True
arabidopsis,arabidopsis:Q9M8T0,no_exact_any_model_TRAIN_DEV_endpoint,background,2,100,True
arabidopsis,arabidopsis:Q9M8T0,no_exact_any_model_TRAIN_DEV_endpoint,matched,2,100,True
arabidopsis,arabidopsis:Q9M8T0,no_exact_any_model_TRAIN_DEV_endpoint,all_U,2,200,True
arabidopsis,arabidopsis:Q8W4S5,all,background,9,100,True
arabidopsis,arabidopsis:Q8W4S5,all,matched,9,100,True
arabidopsis,arabidopsis:Q8W4S5,all,all_U,9,200,True
arabidopsis,arabidopsis:Q8W4S5,no_exact_TRAIN_DEV_endpoint,background,9,100,True
arabidopsis,arabidopsis:Q8W4S5,no_exact_TRAIN_DEV_endpoint,matched,9,100,True
arabidopsis,arabidopsis:Q8W4S5,no_exact_TRAIN_DEV_endpoint,all_U,9,200,True
arabidopsis,arabidopsis:Q8W4S5,no_exact_any_model_TRAIN_DEV_endpoint,background,9,100,True
arabidopsis,arabidopsis:Q8W4S5,no_exact_any_model_TRAIN_DEV_endpoint,matched,9,100,True
arabidopsis,arabidopsis:Q8W4S5,no_exact_any_model_TRAIN_DEV_endpoint,all_U,9,200,True
arabidopsis,arabidopsis:Q9ZVX8,all,background,10,100,True
arabidopsis,arabidopsis:Q9ZVX8,all,matched,10,100,True
arabidopsis,arabidopsis:Q9ZVX8,all,all_U,10,200,True
arabidopsis,arabidopsis:Q9ZVX8,no_exact_TRAIN_DEV_endpoint,background,10,100,True
arabidopsis,arabidopsis:Q9ZVX8,no_exact_TRAIN_DEV_endpoint,matched,10,100,True
arabidopsis,arabidopsis:Q9ZVX8,no_exact_TRAIN_DEV_endpoint,all_U,10,200,True
arabidopsis,arabidopsis:Q9ZVX8,no_exact_any_model_TRAIN_DEV_endpoint,background,10,100,True
arabidopsis,arabidopsis:Q9ZVX8,no_exact_any_model_TRAIN_DEV_endpoint,matched,10,100,True
arabidopsis,arabidopsis:Q9ZVX8,no_exact_any_model_TRAIN_DEV_endpoint,all_U,10,200,True
arabidopsis,arabidopsis:Q9SF14,all,background,2,100,True
arabidopsis,arabidopsis:Q9SF14,all,matched,2,100,True
arabidopsis,arabidopsis:Q9SF14,all,all_U,2,200,True
arabidopsis,arabidopsis:Q9SF14,no_exact_TRAIN_DEV_endpoint,background,2,100,True
arabidopsis,arabidopsis:Q9SF14,no_exact_TRAIN_DEV_endpoint,matched,2,100,True
arabidopsis,arabidopsis:Q9SF14,no_exact_TRAIN_DEV_endpoint,all_U,2,200,True
arabidopsis,arabidopsis:Q9SF14,no_exact_any_model_TRAIN_DEV_endpoint,background,2,100,True
arabidopsis,arabidopsis:Q9SF14,no_exact_any_model_TRAIN_DEV_endpoint,matched,2,100,True
arabidopsis,arabidopsis:Q9SF14,no_exact_any_model_TRAIN_DEV_endpoint,all_U,2,200,True
arabidopsis,arabidopsis:Q9M0U9,all,background,2,100,True
arabidopsis,arabidopsis:Q9M0U9,all,matched,2,100,True
arabidopsis,arabidopsis:Q9M0U9,all,all_U,2,200,True
arabidopsis,arabidopsis:Q9M0U9,no_exact_TRAIN_DEV_endpoint,background,2,100,True
arabidopsis,arabidopsis:Q9M0U9,no_exact_TRAIN_DEV_endpoint,matched,2,100,True
arabidopsis,arabidopsis:Q9M0U9,no_exact_TRAIN_DEV_endpoint,all_U,2,200,True
arabidopsis,arabidopsis:Q9M0U9,no_exact_any_model_TRAIN_DEV_endpoint,background,2,100,True
arabidopsis,arabidopsis:Q9M0U9,no_exact_any_model_TRAIN_DEV_endpoint,matched,2,100,True
arabidopsis,arabidopsis:Q9M0U9,no_exact_any_model_TRAIN_DEV_endpoint,all_U,2,200,True
arabidopsis,arabidopsis:C0SVM5,all,background,10,100,True
arabidopsis,arabidopsis:C0SVM5,all,matched,10,100,True
arabidopsis,arabidopsis:C0SVM5,all,all_U,10,200,True
arabidopsis,arabidopsis:C0SVM5,no_exact_TRAIN_DEV_endpoint,background,10,100,True
arabidopsis,arabidopsis:C0SVM5,no_exact_TRAIN_DEV_endpoint,matched,10,100,True
arabidopsis,arabidopsis:C0SVM5,no_exact_TRAIN_DEV_endpoint,all_U,10,200,True
arabidopsis,arabidopsis:C0SVM5,no_exact_any_model_TRAIN_DEV_endpoint,background,10,100,True
arabidopsis,arabidopsis:C0SVM5,no_exact_any_model_TRAIN_DEV_endpoint,matched,10,100,True
arabidopsis,arabidopsis:C0SVM5,no_exact_any_model_TRAIN_DEV_endpoint,all_U,10,200,True
arabidopsis,arabidopsis:Q9SEE9,all,background,4,100,True
arabidopsis,arabidopsis:Q9SEE9,all,matched,4,100,True
arabidopsis,arabidopsis:Q9SEE9,all,all_U,4,200,True
arabidopsis,arabidopsis:Q9SEE9,no_exact_TRAIN_DEV_endpoint,background,4,100,True
arabidopsis,arabidopsis:Q9SEE9,no_exact_TRAIN_DEV_endpoint,matched,4,100,True
arabidopsis,arabidopsis:Q9SEE9,no_exact_TRAIN_DEV_endpoint,all_U,4,200,True
arabidopsis,arabidopsis:Q9SEE9,no_exact_any_model_TRAIN_DEV_endpoint,background,4,100,True
arabidopsis,arabidopsis:Q9SEE9,no_exact_any_model_TRAIN_DEV_endpoint,matched,4,100,True
arabidopsis,arabidopsis:Q9SEE9,no_exact_any_model_TRAIN_DEV_endpoint,all_U,4,200,True
arabidopsis,arabidopsis:P48001,all,background,10,100,True
arabidopsis,arabidopsis:P48001,all,matched,10,100,True
arabidopsis,arabidopsis:P48001,all,all_U,10,200,True
arabidopsis,arabidopsis:P48001,no_exact_TRAIN_DEV_endpoint,background,10,100,True
arabidopsis,arabidopsis:P48001,no_exact_TRAIN_DEV_endpoint,matched,10,100,True
arabidopsis,arabidopsis:P48001,no_exact_TRAIN_DEV_endpoint,all_U,10,200,True
arabidopsis,arabidopsis:P48001,no_exact_any_model_TRAIN_DEV_endpoint,background,10,100,True
arabidopsis,arabidopsis:P48001,no_exact_any_model_TRAIN_DEV_endpoint,matched,10,100,True
arabidopsis,arabidopsis:P48001,no_exact_any_model_TRAIN_DEV_endpoint,all_U,10,200,True
arabidopsis,arabidopsis:Q93W54,all,background,2,100,True
arabidopsis,arabidopsis:Q93W54,all,matched,2,100,True
arabidopsis,arabidopsis:Q93W54,all,all_U,2,200,True
arabidopsis,arabidopsis:Q93W54,no_exact_TRAIN_DEV_endpoint,background,2,100,True
arabidopsis,arabidopsis:Q93W54,no_exact_TRAIN_DEV_endpoint,matched,2,100,True
arabidopsis,arabidopsis:Q93W54,no_exact_TRAIN_DEV_endpoint,all_U,2,200,True
arabidopsis,arabidopsis:Q93W54,no_exact_any_model_TRAIN_DEV_endpoint,background,2,100,True
arabidopsis,arabidopsis:Q93W54,no_exact_any_model_TRAIN_DEV_endpoint,matched,2,100,True
arabidopsis,arabidopsis:Q93W54,no_exact_any_model_TRAIN_DEV_endpoint,all_U,2,200,True
arabidopsis,arabidopsis:Q94AF2,all,background,3,100,True
arabidopsis,arabidopsis:Q94AF2,all,matched,3,100,True
arabidopsis,arabidopsis:Q94AF2,all,all_U,3,200,True
arabidopsis,arabidopsis:Q94AF2,no_exact_TRAIN_DEV_endpoint,background,3,100,True
arabidopsis,arabidopsis:Q94AF2,no_exact_TRAIN_DEV_endpoint,matched,3,100,True
arabidopsis,arabidopsis:Q94AF2,no_exact_TRAIN_DEV_endpoint,all_U,3,200,True
arabidopsis,arabidopsis:Q94AF2,no_exact_any_model_TRAIN_DEV_endpoint,background,3,100,True
arabidopsis,arabidopsis:Q94AF2,no_exact_any_model_TRAIN_DEV_endpoint,matched,3,100,True
arabidopsis,arabidopsis:Q94AF2,no_exact_any_model_TRAIN_DEV_endpoint,all_U,3,200,True
arabidopsis,arabidopsis:Q9LM76,all,background,2,100,True
arabidopsis,arabidopsis:Q9LM76,all,matched,2,100,True
arabidopsis,arabidopsis:Q9LM76,all,all_U,2,200,True
arabidopsis,arabidopsis:Q9LM76,no_exact_TRAIN_DEV_endpoint,background,2,100,True
arabidopsis,arabidopsis:Q9LM76,no_exact_TRAIN_DEV_endpoint,matched,2,100,True
arabidopsis,arabidopsis:Q9LM76,no_exact_TRAIN_DEV_endpoint,all_U,2,200,True
arabidopsis,arabidopsis:Q9LM76,no_exact_any_model_TRAIN_DEV_endpoint,background,2,100,True
arabidopsis,arabidopsis:Q9LM76,no_exact_any_model_TRAIN_DEV_endpoint,matched,2,100,True
arabidopsis,arabidopsis:Q9LM76,no_exact_any_model_TRAIN_DEV_endpoint,all_U,2,200,True
arabidopsis,arabidopsis:Q8L746,all,background,10,100,True
arabidopsis,arabidopsis:Q8L746,all,matched,10,100,True
arabidopsis,arabidopsis:Q8L746,all,all_U,10,200,True
arabidopsis,arabidopsis:Q8L746,no_exact_TRAIN_DEV_endpoint,background,10,100,True
arabidopsis,arabidopsis:Q8L746,no_exact_TRAIN_DEV_endpoint,matched,10,100,True
arabidopsis,arabidopsis:Q8L746,no_exact_TRAIN_DEV_endpoint,all_U,10,200,True
arabidopsis,arabidopsis:Q8L746,no_exact_any_model_TRAIN_DEV_endpoint,background,10,100,True
arabidopsis,arabidopsis:Q8L746,no_exact_any_model_TRAIN_DEV_endpoint,matched,10,100,True
arabidopsis,arabidopsis:Q8L746,no_exact_any_model_TRAIN_DEV_endpoint,all_U,10,200,True
arabidopsis,arabidopsis:Q9SJI8,all,background,5,100,True
arabidopsis,arabidopsis:Q9SJI8,all,matched,5,100,True
arabidopsis,arabidopsis:Q9SJI8,all,all_U,5,200,True
arabidopsis,arabidopsis:Q9SJI8,no_exact_TRAIN_DEV_endpoint,background,5,100,True
arabidopsis,arabidopsis:Q9SJI8,no_exact_TRAIN_DEV_endpoint,matched,5,100,True
arabidopsis,arabidopsis:Q9SJI8,no_exact_TRAIN_DEV_endpoint,all_U,5,200,True
arabidopsis,arabidopsis:Q9SJI8,no_exact_any_model_TRAIN_DEV_endpoint,background,5,100,True
arabidopsis,arabidopsis:Q9SJI8,no_exact_any_model_TRAIN_DEV_endpoint,matched,5,100,True
arabidopsis,arabidopsis:Q9SJI8,no_exact_any_model_TRAIN_DEV_endpoint,all_U,5,200,True
arabidopsis,arabidopsis:Q9XEC3,all,background,10,100,True
arabidopsis,arabidopsis:Q9XEC3,all,matched,10,100,True
arabidopsis,arabidopsis:Q9XEC3,all,all_U,10,200,True
arabidopsis,arabidopsis:Q9XEC3,no_exact_TRAIN_DEV_endpoint,background,10,100,True
arabidopsis,arabidopsis:Q9XEC3,no_exact_TRAIN_DEV_endpoint,matched,10,100,True
arabidopsis,arabidopsis:Q9XEC3,no_exact_TRAIN_DEV_endpoint,all_U,10,200,True
arabidopsis,arabidopsis:Q9XEC3,no_exact_any_model_TRAIN_DEV_endpoint,background,10,100,True
arabidopsis,arabidopsis:Q9XEC3,no_exact_any_model_TRAIN_DEV_endpoint,matched,10,100,True
arabidopsis,arabidopsis:Q9XEC3,no_exact_any_model_TRAIN_DEV_endpoint,all_U,10,200,True
arabidopsis,arabidopsis:Q9LZD3,all,background,2,100,True
arabidopsis,arabidopsis:Q9LZD3,all,matched,2,100,True
arabidopsis,arabidopsis:Q9LZD3,all,all_U,2,200,True
arabidopsis,arabidopsis:Q9LZD3,no_exact_TRAIN_DEV_endpoint,background,2,100,True
arabidopsis,arabidopsis:Q9LZD3,no_exact_TRAIN_DEV_endpoint,matched,2,100,True
arabidopsis,arabidopsis:Q9LZD3,no_exact_TRAIN_DEV_endpoint,all_U,2,200,True
arabidopsis,arabidopsis:Q9LZD3,no_exact_any_model_TRAIN_DEV_endpoint,background,2,100,True
arabidopsis,arabidopsis:Q9LZD3,no_exact_any_model_TRAIN_DEV_endpoint,matched,2,100,True
arabidopsis,arabidopsis:Q9LZD3,no_exact_any_model_TRAIN_DEV_endpoint,all_U,2,200,True
arabidopsis,arabidopsis:P59220,all,background,3,100,True
arabidopsis,arabidopsis:P59220,all,matched,3,100,True
arabidopsis,arabidopsis:P59220,all,all_U,3,200,True
arabidopsis,arabidopsis:P59220,no_exact_TRAIN_DEV_endpoint,background,3,100,True
arabidopsis,arabidopsis:P59220,no_exact_TRAIN_DEV_endpoint,matched,3,100,True
arabidopsis,arabidopsis:P59220,no_exact_TRAIN_DEV_endpoint,all_U,3,200,True
arabidopsis,arabidopsis:P59220,no_exact_any_model_TRAIN_DEV_endpoint,background,3,100,True
arabidopsis,arabidopsis:P59220,no_exact_any_model_TRAIN_DEV_endpoint,matched,3,100,True
arabidopsis,arabidopsis:P59220,no_exact_any_model_TRAIN_DEV_endpoint,all_U,3,200,True
arabidopsis,arabidopsis:Q9SVU5,all,background,2,100,True
arabidopsis,arabidopsis:Q9SVU5,all,matched,2,100,True
arabidopsis,arabidopsis:Q9SVU5,all,all_U,2,200,True
arabidopsis,arabidopsis:Q9SVU5,no_exact_TRAIN_DEV_endpoint,background,2,100,True
arabidopsis,arabidopsis:Q9SVU5,no_exact_TRAIN_DEV_endpoint,matched,2,100,True
arabidopsis,arabidopsis:Q9SVU5,no_exact_TRAIN_DEV_endpoint,all_U,2,200,True
arabidopsis,arabidopsis:Q9SVU5,no_exact_any_model_TRAIN_DEV_endpoint,background,2,100,True
arabidopsis,arabidopsis:Q9SVU5,no_exact_any_model_TRAIN_DEV_endpoint,matched,2,100,True
arabidopsis,arabidopsis:Q9SVU5,no_exact_any_model_TRAIN_DEV_endpoint,all_U,2,200,True
arabidopsis,arabidopsis:Q84JE5,all,background,5,100,True
arabidopsis,arabidopsis:Q84JE5,all,matched,5,100,True
arabidopsis,arabidopsis:Q84JE5,all,all_U,5,200,True
arabidopsis,arabidopsis:Q84JE5,no_exact_TRAIN_DEV_endpoint,background,5,100,True
arabidopsis,arabidopsis:Q84JE5,no_exact_TRAIN_DEV_endpoint,matched,5,100,True
arabidopsis,arabidopsis:Q84JE5,no_exact_TRAIN_DEV_endpoint,all_U,5,200,True
arabidopsis,arabidopsis:Q84JE5,no_exact_any_model_TRAIN_DEV_endpoint,background,5,100,True
arabidopsis,arabidopsis:Q84JE5,no_exact_any_model_TRAIN_DEV_endpoint,matched,5,100,True
arabidopsis,arabidopsis:Q84JE5,no_exact_any_model_TRAIN_DEV_endpoint,all_U,5,200,True
arabidopsis,arabidopsis:P48007,all,background,7,100,True
arabidopsis,arabidopsis:P48007,all,matched,7,100,True
arabidopsis,arabidopsis:P48007,all,all_U,7,200,True
arabidopsis,arabidopsis:P48007,no_exact_TRAIN_DEV_endpoint,background,7,100,True
arabidopsis,arabidopsis:P48007,no_exact_TRAIN_DEV_endpoint,matched,7,100,True
arabidopsis,arabidopsis:P48007,no_exact_TRAIN_DEV_endpoint,all_U,7,200,True
arabidopsis,arabidopsis:P48007,no_exact_any_model_TRAIN_DEV_endpoint,background,7,100,True
arabidopsis,arabidopsis:P48007,no_exact_any_model_TRAIN_DEV_endpoint,matched,7,100,True
arabidopsis,arabidopsis:P48007,no_exact_any_model_TRAIN_DEV_endpoint,all_U,7,200,True
arabidopsis,arabidopsis:Q9M0I9,all,background,2,100,True
arabidopsis,arabidopsis:Q9M0I9,all,matched,2,100,True
arabidopsis,arabidopsis:Q9M0I9,all,all_U,2,200,True
arabidopsis,arabidopsis:Q9M0I9,no_exact_TRAIN_DEV_endpoint,background,2,100,True
arabidopsis,arabidopsis:Q9M0I9,no_exact_TRAIN_DEV_endpoint,matched,2,100,True
arabidopsis,arabidopsis:Q9M0I9,no_exact_TRAIN_DEV_endpoint,all_U,2,200,True
arabidopsis,arabidopsis:Q9M0I9,no_exact_any_model_TRAIN_DEV_endpoint,background,2,100,True
arabidopsis,arabidopsis:Q9M0I9,no_exact_any_model_TRAIN_DEV_endpoint,matched,2,100,True
arabidopsis,arabidopsis:Q9M0I9,no_exact_any_model_TRAIN_DEV_endpoint,all_U,2,200,True
arabidopsis,arabidopsis:B3H7D8,all,background,10,100,True
arabidopsis,arabidopsis:B3H7D8,all,matched,10,100,True
arabidopsis,arabidopsis:B3H7D8,all,all_U,10,200,True
arabidopsis,arabidopsis:B3H7D8,no_exact_TRAIN_DEV_endpoint,background,10,100,True
arabidopsis,arabidopsis:B3H7D8,no_exact_TRAIN_DEV_endpoint,matched,10,100,True
arabidopsis,arabidopsis:B3H7D8,no_exact_TRAIN_DEV_endpoint,all_U,10,200,True
arabidopsis,arabidopsis:B3H7D8,no_exact_any_model_TRAIN_DEV_endpoint,background,10,100,True
arabidopsis,arabidopsis:B3H7D8,no_exact_any_model_TRAIN_DEV_endpoint,matched,10,100,True
arabidopsis,arabidopsis:B3H7D8,no_exact_any_model_TRAIN_DEV_endpoint,all_U,10,200,True
arabidopsis,arabidopsis:Q9ZQX4,all,background,3,100,True
arabidopsis,arabidopsis:Q9ZQX4,all,matched,3,100,True
arabidopsis,arabidopsis:Q9ZQX4,all,all_U,3,200,True
arabidopsis,arabidopsis:Q9ZQX4,no_exact_TRAIN_DEV_endpoint,background,3,100,True
arabidopsis,arabidopsis:Q9ZQX4,no_exact_TRAIN_DEV_endpoint,matched,3,100,True
arabidopsis,arabidopsis:Q9ZQX4,no_exact_TRAIN_DEV_endpoint,all_U,3,200,True
arabidopsis,arabidopsis:Q9ZQX4,no_exact_any_model_TRAIN_DEV_endpoint,background,3,100,True
arabidopsis,arabidopsis:Q9ZQX4,no_exact_any_model_TRAIN_DEV_endpoint,matched,3,100,True
arabidopsis,arabidopsis:Q9ZQX4,no_exact_any_model_TRAIN_DEV_endpoint,all_U,3,200,True
arabidopsis,arabidopsis:P45724,all,background,4,100,True
arabidopsis,arabidopsis:P45724,all,matched,4,100,True
arabidopsis,arabidopsis:P45724,all,all_U,4,200,True
arabidopsis,arabidopsis:P45724,no_exact_TRAIN_DEV_endpoint,background,4,100,True
arabidopsis,arabidopsis:P45724,no_exact_TRAIN_DEV_endpoint,matched,4,100,True
arabidopsis,arabidopsis:P45724,no_exact_TRAIN_DEV_endpoint,all_U,4,200,True
arabidopsis,arabidopsis:P45724,no_exact_any_model_TRAIN_DEV_endpoint,background,4,100,True
arabidopsis,arabidopsis:P45724,no_exact_any_model_TRAIN_DEV_endpoint,matched,4,100,True
arabidopsis,arabidopsis:P45724,no_exact_any_model_TRAIN_DEV_endpoint,all_U,4,200,True
arabidopsis,arabidopsis:Q9LZ65,all,background,5,100,True
arabidopsis,arabidopsis:Q9LZ65,all,matched,5,100,True
arabidopsis,arabidopsis:Q9LZ65,all,all_U,5,200,True
arabidopsis,arabidopsis:Q9LZ65,no_exact_TRAIN_DEV_endpoint,background,5,100,True
arabidopsis,arabidopsis:Q9LZ65,no_exact_TRAIN_DEV_endpoint,matched,5,100,True
arabidopsis,arabidopsis:Q9LZ65,no_exact_TRAIN_DEV_endpoint,all_U,5,200,True
arabidopsis,arabidopsis:Q9LZ65,no_exact_any_model_TRAIN_DEV_endpoint,background,5,100,True
arabidopsis,arabidopsis:Q9LZ65,no_exact_any_model_TRAIN_DEV_endpoint,matched,5,100,True
arabidopsis,arabidopsis:Q9LZ65,no_exact_any_model_TRAIN_DEV_endpoint,all_U,5,200,True
arabidopsis,arabidopsis:Q93V36,all,background,2,100,True
arabidopsis,arabidopsis:Q93V36,all,matched,2,100,True
arabidopsis,arabidopsis:Q93V36,all,all_U,2,200,True
arabidopsis,arabidopsis:Q93V36,no_exact_TRAIN_DEV_endpoint,background,2,100,True
arabidopsis,arabidopsis:Q93V36,no_exact_TRAIN_DEV_endpoint,matched,2,100,True
arabidopsis,arabidopsis:Q93V36,no_exact_TRAIN_DEV_endpoint,all_U,2,200,True
arabidopsis,arabidopsis:Q93V36,no_exact_any_model_TRAIN_DEV_endpoint,background,2,100,True
arabidopsis,arabidopsis:Q93V36,no_exact_any_model_TRAIN_DEV_endpoint,matched,2,100,True
arabidopsis,arabidopsis:Q93V36,no_exact_any_model_TRAIN_DEV_endpoint,all_U,2,200,True
arabidopsis,arabidopsis:B2C6R6,all,background,2,100,True
arabidopsis,arabidopsis:B2C6R6,all,matched,2,100,True
arabidopsis,arabidopsis:B2C6R6,all,all_U,2,200,True
arabidopsis,arabidopsis:B2C6R6,no_exact_TRAIN_DEV_endpoint,background,2,100,True
arabidopsis,arabidopsis:B2C6R6,no_exact_TRAIN_DEV_endpoint,matched,2,100,True
arabidopsis,arabidopsis:B2C6R6,no_exact_TRAIN_DEV_endpoint,all_U,2,200,True
arabidopsis,arabidopsis:B2C6R6,no_exact_any_model_TRAIN_DEV_endpoint,background,2,100,True
arabidopsis,arabidopsis:B2C6R6,no_exact_any_model_TRAIN_DEV_endpoint,matched,2,100,True
arabidopsis,arabidopsis:B2C6R6,no_exact_any_model_TRAIN_DEV_endpoint,all_U,2,200,True
arabidopsis,arabidopsis:Q8VYW1,all,background,6,100,True
arabidopsis,arabidopsis:Q8VYW1,all,matched,6,100,True
arabidopsis,arabidopsis:Q8VYW1,all,all_U,6,200,True
arabidopsis,arabidopsis:Q8VYW1,no_exact_TRAIN_DEV_endpoint,background,6,100,True
arabidopsis,arabidopsis:Q8VYW1,no_exact_TRAIN_DEV_endpoint,matched,6,100,True
arabidopsis,arabidopsis:Q8VYW1,no_exact_TRAIN_DEV_endpoint,all_U,6,200,True
arabidopsis,arabidopsis:Q8VYW1,no_exact_any_model_TRAIN_DEV_endpoint,background,6,100,True
arabidopsis,arabidopsis:Q8VYW1,no_exact_any_model_TRAIN_DEV_endpoint,matched,6,100,True
arabidopsis,arabidopsis:Q8VYW1,no_exact_any_model_TRAIN_DEV_endpoint,all_U,6,200,True
arabidopsis,arabidopsis:Q9LR64,all,background,3,100,True
arabidopsis,arabidopsis:Q9LR64,all,matched,3,100,True
arabidopsis,arabidopsis:Q9LR64,all,all_U,3,200,True
arabidopsis,arabidopsis:Q9LR64,no_exact_TRAIN_DEV_endpoint,background,3,100,True
arabidopsis,arabidopsis:Q9LR64,no_exact_TRAIN_DEV_endpoint,matched,3,100,True
arabidopsis,arabidopsis:Q9LR64,no_exact_TRAIN_DEV_endpoint,all_U,3,200,True
arabidopsis,arabidopsis:Q9LR64,no_exact_any_model_TRAIN_DEV_endpoint,background,3,100,True
arabidopsis,arabidopsis:Q9LR64,no_exact_any_model_TRAIN_DEV_endpoint,matched,3,100,True
arabidopsis,arabidopsis:Q9LR64,no_exact_any_model_TRAIN_DEV_endpoint,all_U,3,200,True
ecoli,ecoli:P17410,all,background,6,100,True
ecoli,ecoli:P17410,all,matched,6,100,True
ecoli,ecoli:P17410,all,all_U,6,200,True
ecoli,ecoli:P17410,no_exact_TRAIN_DEV_endpoint,background,6,100,True
ecoli,ecoli:P17410,no_exact_TRAIN_DEV_endpoint,matched,6,100,True
ecoli,ecoli:P17410,no_exact_TRAIN_DEV_endpoint,all_U,6,200,True
ecoli,ecoli:P17410,no_exact_any_model_TRAIN_DEV_endpoint,background,6,100,True
ecoli,ecoli:P17410,no_exact_any_model_TRAIN_DEV_endpoint,matched,6,100,True
ecoli,ecoli:P17410,no_exact_any_model_TRAIN_DEV_endpoint,all_U,6,200,True
ecoli,ecoli:P0A8R9,all,background,5,100,True
ecoli,ecoli:P0A8R9,all,matched,5,100,True
ecoli,ecoli:P0A8R9,all,all_U,5,200,True
ecoli,ecoli:P0A8R9,no_exact_TRAIN_DEV_endpoint,background,5,100,True
ecoli,ecoli:P0A8R9,no_exact_TRAIN_DEV_endpoint,matched,5,100,True
ecoli,ecoli:P0A8R9,no_exact_TRAIN_DEV_endpoint,all_U,5,200,True
ecoli,ecoli:P0A8R9,no_exact_any_model_TRAIN_DEV_endpoint,background,5,100,True
ecoli,ecoli:P0A8R9,no_exact_any_model_TRAIN_DEV_endpoint,matched,5,100,True
ecoli,ecoli:P0A8R9,no_exact_any_model_TRAIN_DEV_endpoint,all_U,5,200,True
ecoli,ecoli:P78271,all,background,2,100,True
ecoli,ecoli:P78271,all,matched,2,100,True
ecoli,ecoli:P78271,all,all_U,2,200,True
ecoli,ecoli:P78271,no_exact_TRAIN_DEV_endpoint,background,2,100,True
ecoli,ecoli:P78271,no_exact_TRAIN_DEV_endpoint,matched,2,100,True
ecoli,ecoli:P78271,no_exact_TRAIN_DEV_endpoint,all_U,2,200,True
ecoli,ecoli:P78271,no_exact_any_model_TRAIN_DEV_endpoint,background,2,100,True
ecoli,ecoli:P78271,no_exact_any_model_TRAIN_DEV_endpoint,matched,2,100,True
ecoli,ecoli:P78271,no_exact_any_model_TRAIN_DEV_endpoint,all_U,2,200,True
ecoli,ecoli:P0ADI4,all,background,5,100,True
ecoli,ecoli:P0ADI4,all,matched,5,100,True
ecoli,ecoli:P0ADI4,all,all_U,5,200,True
ecoli,ecoli:P0ADI4,no_exact_TRAIN_DEV_endpoint,background,5,100,True
ecoli,ecoli:P0ADI4,no_exact_TRAIN_DEV_endpoint,matched,5,100,True
ecoli,ecoli:P0ADI4,no_exact_TRAIN_DEV_endpoint,all_U,5,200,True
ecoli,ecoli:P0ADI4,no_exact_any_model_TRAIN_DEV_endpoint,background,5,100,True
ecoli,ecoli:P0ADI4,no_exact_any_model_TRAIN_DEV_endpoint,matched,5,100,True
ecoli,ecoli:P0ADI4,no_exact_any_model_TRAIN_DEV_endpoint,all_U,5,200,True
ecoli,ecoli:P37759,all,background,3,100,True
ecoli,ecoli:P37759,all,matched,3,100,True
ecoli,ecoli:P37759,all,all_U,3,200,True
ecoli,ecoli:P37759,no_exact_TRAIN_DEV_endpoint,background,3,100,True
ecoli,ecoli:P37759,no_exact_TRAIN_DEV_endpoint,matched,3,100,True
ecoli,ecoli:P37759,no_exact_TRAIN_DEV_endpoint,all_U,3,200,True
ecoli,ecoli:P37759,no_exact_any_model_TRAIN_DEV_endpoint,background,3,100,True
ecoli,ecoli:P37759,no_exact_any_model_TRAIN_DEV_endpoint,matched,3,100,True
ecoli,ecoli:P37759,no_exact_any_model_TRAIN_DEV_endpoint,all_U,3,200,True
ecoli,ecoli:P0A7A5,all,background,2,100,True
ecoli,ecoli:P0A7A5,all,matched,2,100,True
ecoli,ecoli:P0A7A5,all,all_U,2,200,True
ecoli,ecoli:P0A7A5,no_exact_TRAIN_DEV_endpoint,background,2,100,True
ecoli,ecoli:P0A7A5,no_exact_TRAIN_DEV_endpoint,matched,2,100,True
ecoli,ecoli:P0A7A5,no_exact_TRAIN_DEV_endpoint,all_U,2,200,True
ecoli,ecoli:P0A7A5,no_exact_any_model_TRAIN_DEV_endpoint,background,2,100,True
ecoli,ecoli:P0A7A5,no_exact_any_model_TRAIN_DEV_endpoint,matched,2,100,True
ecoli,ecoli:P0A7A5,no_exact_any_model_TRAIN_DEV_endpoint,all_U,2,200,True
ecoli,ecoli:P20605,all,background,4,100,True
ecoli,ecoli:P20605,all,matched,4,100,True
ecoli,ecoli:P20605,all,all_U,4,200,True
ecoli,ecoli:P20605,no_exact_TRAIN_DEV_endpoint,background,4,100,True
ecoli,ecoli:P20605,no_exact_TRAIN_DEV_endpoint,matched,4,100,True
ecoli,ecoli:P20605,no_exact_TRAIN_DEV_endpoint,all_U,4,200,True
ecoli,ecoli:P20605,no_exact_any_model_TRAIN_DEV_endpoint,background,4,100,True
ecoli,ecoli:P20605,no_exact_any_model_TRAIN_DEV_endpoint,matched,4,100,True
ecoli,ecoli:P20605,no_exact_any_model_TRAIN_DEV_endpoint,all_U,4,200,True
ecoli,ecoli:P77650,all,background,5,100,True
ecoli,ecoli:P77650,all,matched,5,100,True
ecoli,ecoli:P77650,all,all_U,5,200,True
ecoli,ecoli:P77650,no_exact_TRAIN_DEV_endpoint,background,5,100,True
ecoli,ecoli:P77650,no_exact_TRAIN_DEV_endpoint,matched,5,100,True
ecoli,ecoli:P77650,no_exact_TRAIN_DEV_endpoint,all_U,5,200,True
ecoli,ecoli:P77650,no_exact_any_model_TRAIN_DEV_endpoint,background,5,100,True
ecoli,ecoli:P77650,no_exact_any_model_TRAIN_DEV_endpoint,matched,5,100,True
ecoli,ecoli:P77650,no_exact_any_model_TRAIN_DEV_endpoint,all_U,5,200,True
ecoli,ecoli:P0A858,all,background,2,100,True
ecoli,ecoli:P0A858,all,matched,2,100,True
ecoli,ecoli:P0A858,all,all_U,2,200,True
ecoli,ecoli:P0A858,no_exact_TRAIN_DEV_endpoint,background,2,100,True
ecoli,ecoli:P0A858,no_exact_TRAIN_DEV_endpoint,matched,2,100,True
ecoli,ecoli:P0A858,no_exact_TRAIN_DEV_endpoint,all_U,2,200,True
ecoli,ecoli:P0A858,no_exact_any_model_TRAIN_DEV_endpoint,background,2,100,True
ecoli,ecoli:P0A858,no_exact_any_model_TRAIN_DEV_endpoint,matched,2,100,True
ecoli,ecoli:P0A858,no_exact_any_model_TRAIN_DEV_endpoint,all_U,2,200,True
ecoli,ecoli:P33129,all,background,5,100,True
ecoli,ecoli:P33129,all,matched,5,100,True
ecoli,ecoli:P33129,all,all_U,5,200,True
ecoli,ecoli:P33129,no_exact_TRAIN_DEV_endpoint,background,5,100,True
ecoli,ecoli:P33129,no_exact_TRAIN_DEV_endpoint,matched,5,100,True
ecoli,ecoli:P33129,no_exact_TRAIN_DEV_endpoint,all_U,5,200,True
ecoli,ecoli:P33129,no_exact_any_model_TRAIN_DEV_endpoint,background,5,100,True
ecoli,ecoli:P33129,no_exact_any_model_TRAIN_DEV_endpoint,matched,5,100,True
ecoli,ecoli:P33129,no_exact_any_model_TRAIN_DEV_endpoint,all_U,5,200,True
ecoli,ecoli:P75691,all,background,2,100,True
ecoli,ecoli:P75691,all,matched,2,100,True
ecoli,ecoli:P75691,all,all_U,2,200,True
ecoli,ecoli:P75691,no_exact_TRAIN_DEV_endpoint,background,2,100,True
ecoli,ecoli:P75691,no_exact_TRAIN_DEV_endpoint,matched,2,100,True
ecoli,ecoli:P75691,no_exact_TRAIN_DEV_endpoint,all_U,2,200,True
ecoli,ecoli:P75691,no_exact_any_model_TRAIN_DEV_endpoint,background,2,100,True
ecoli,ecoli:P75691,no_exact_any_model_TRAIN_DEV_endpoint,matched,2,100,True
ecoli,ecoli:P75691,no_exact_any_model_TRAIN_DEV_endpoint,all_U,2,200,True
ecoli,ecoli:P0AG51,all,background,2,100,True
ecoli,ecoli:P0AG51,all,matched,2,100,True
ecoli,ecoli:P0AG51,all,all_U,2,200,True
ecoli,ecoli:P0AG51,no_exact_TRAIN_DEV_endpoint,background,2,100,True
ecoli,ecoli:P0AG51,no_exact_TRAIN_DEV_endpoint,matched,2,100,True
ecoli,ecoli:P0AG51,no_exact_TRAIN_DEV_endpoint,all_U,2,200,True
ecoli,ecoli:P0AG51,no_exact_any_model_TRAIN_DEV_endpoint,background,2,100,True
ecoli,ecoli:P0AG51,no_exact_any_model_TRAIN_DEV_endpoint,matched,2,100,True
ecoli,ecoli:P0AG51,no_exact_any_model_TRAIN_DEV_endpoint,all_U,2,200,True
ecoli,ecoli:P32669,all,background,4,100,True
ecoli,ecoli:P32669,all,matched,4,100,True
ecoli,ecoli:P32669,all,all_U,4,200,True
ecoli,ecoli:P32669,no_exact_TRAIN_DEV_endpoint,background,4,100,True
ecoli,ecoli:P32669,no_exact_TRAIN_DEV_endpoint,matched,4,100,True
ecoli,ecoli:P32669,no_exact_TRAIN_DEV_endpoint,all_U,4,200,True
ecoli,ecoli:P32669,no_exact_any_model_TRAIN_DEV_endpoint,background,4,100,True
ecoli,ecoli:P32669,no_exact_any_model_TRAIN_DEV_endpoint,matched,4,100,True
ecoli,ecoli:P32669,no_exact_any_model_TRAIN_DEV_endpoint,all_U,4,200,True
ecoli,ecoli:P69222,all,background,3,100,True
ecoli,ecoli:P69222,all,matched,3,100,True
ecoli,ecoli:P69222,all,all_U,3,200,True
ecoli,ecoli:P69222,no_exact_TRAIN_DEV_endpoint,background,3,100,True
ecoli,ecoli:P69222,no_exact_TRAIN_DEV_endpoint,matched,3,100,True
ecoli,ecoli:P69222,no_exact_TRAIN_DEV_endpoint,all_U,3,200,True
ecoli,ecoli:P69222,no_exact_any_model_TRAIN_DEV_endpoint,background,3,100,True
ecoli,ecoli:P69222,no_exact_any_model_TRAIN_DEV_endpoint,matched,3,100,True
ecoli,ecoli:P69222,no_exact_any_model_TRAIN_DEV_endpoint,all_U,3,200,True
ecoli,ecoli:P0A6E6,all,background,3,100,True
ecoli,ecoli:P0A6E6,all,matched,3,100,True
ecoli,ecoli:P0A6E6,all,all_U,3,200,True
ecoli,ecoli:P0A6E6,no_exact_TRAIN_DEV_endpoint,background,3,100,True
ecoli,ecoli:P0A6E6,no_exact_TRAIN_DEV_endpoint,matched,3,100,True
ecoli,ecoli:P0A6E6,no_exact_TRAIN_DEV_endpoint,all_U,3,200,True
ecoli,ecoli:P0A6E6,no_exact_any_model_TRAIN_DEV_endpoint,background,3,100,True
ecoli,ecoli:P0A6E6,no_exact_any_model_TRAIN_DEV_endpoint,matched,3,100,True
ecoli,ecoli:P0A6E6,no_exact_any_model_TRAIN_DEV_endpoint,all_U,3,200,True
ecoli,ecoli:P39265,all,background,2,100,True
ecoli,ecoli:P39265,all,matched,2,100,True
ecoli,ecoli:P39265,all,all_U,2,200,True
ecoli,ecoli:P39265,no_exact_TRAIN_DEV_endpoint,background,2,100,True
ecoli,ecoli:P39265,no_exact_TRAIN_DEV_endpoint,matched,2,100,True
ecoli,ecoli:P39265,no_exact_TRAIN_DEV_endpoint,all_U,2,200,True
ecoli,ecoli:P39265,no_exact_any_model_TRAIN_DEV_endpoint,background,2,100,True
ecoli,ecoli:P39265,no_exact_any_model_TRAIN_DEV_endpoint,matched,2,100,True
ecoli,ecoli:P39265,no_exact_any_model_TRAIN_DEV_endpoint,all_U,2,200,True
ecoli,ecoli:P63284,all,background,2,100,True
ecoli,ecoli:P63284,all,matched,2,100,True
ecoli,ecoli:P63284,all,all_U,2,200,True
ecoli,ecoli:P63284,no_exact_TRAIN_DEV_endpoint,background,2,100,True
ecoli,ecoli:P63284,no_exact_TRAIN_DEV_endpoint,matched,2,100,True
ecoli,ecoli:P63284,no_exact_TRAIN_DEV_endpoint,all_U,2,200,True
ecoli,ecoli:P63284,no_exact_any_model_TRAIN_DEV_endpoint,background,2,100,True
ecoli,ecoli:P63284,no_exact_any_model_TRAIN_DEV_endpoint,matched,2,100,True
ecoli,ecoli:P63284,no_exact_any_model_TRAIN_DEV_endpoint,all_U,2,200,True
ecoli,ecoli:P0A6T3,all,background,4,100,True
ecoli,ecoli:P0A6T3,all,matched,4,100,True
ecoli,ecoli:P0A6T3,all,all_U,4,200,True
ecoli,ecoli:P0A6T3,no_exact_TRAIN_DEV_endpoint,background,4,100,True
ecoli,ecoli:P0A6T3,no_exact_TRAIN_DEV_endpoint,matched,4,100,True
ecoli,ecoli:P0A6T3,no_exact_TRAIN_DEV_endpoint,all_U,4,200,True
ecoli,ecoli:P0A6T3,no_exact_any_model_TRAIN_DEV_endpoint,background,4,100,True
ecoli,ecoli:P0A6T3,no_exact_any_model_TRAIN_DEV_endpoint,matched,4,100,True
ecoli,ecoli:P0A6T3,no_exact_any_model_TRAIN_DEV_endpoint,all_U,4,200,True
ecoli,ecoli:P0A9I3,all,background,3,100,True
ecoli,ecoli:P0A9I3,all,matched,3,100,True
ecoli,ecoli:P0A9I3,all,all_U,3,200,True
ecoli,ecoli:P0A9I3,no_exact_TRAIN_DEV_endpoint,background,3,100,True
ecoli,ecoli:P0A9I3,no_exact_TRAIN_DEV_endpoint,matched,3,100,True
ecoli,ecoli:P0A9I3,no_exact_TRAIN_DEV_endpoint,all_U,3,200,True
ecoli,ecoli:P0A9I3,no_exact_any_model_TRAIN_DEV_endpoint,background,3,100,True
ecoli,ecoli:P0A9I3,no_exact_any_model_TRAIN_DEV_endpoint,matched,3,100,True
ecoli,ecoli:P0A9I3,no_exact_any_model_TRAIN_DEV_endpoint,all_U,3,200,True
ecoli,ecoli:P75864,all,background,4,100,True
ecoli,ecoli:P75864,all,matched,4,100,True
ecoli,ecoli:P75864,all,all_U,4,200,True
ecoli,ecoli:P75864,no_exact_TRAIN_DEV_endpoint,background,4,100,True
ecoli,ecoli:P75864,no_exact_TRAIN_DEV_endpoint,matched,4,100,True
ecoli,ecoli:P75864,no_exact_TRAIN_DEV_endpoint,all_U,4,200,True
ecoli,ecoli:P75864,no_exact_any_model_TRAIN_DEV_endpoint,background,4,100,True
ecoli,ecoli:P75864,no_exact_any_model_TRAIN_DEV_endpoint,matched,4,100,True
ecoli,ecoli:P75864,no_exact_any_model_TRAIN_DEV_endpoint,all_U,4,200,True
ecoli,ecoli:P64559,all,background,2,100,True
ecoli,ecoli:P64559,all,matched,2,100,True
ecoli,ecoli:P64559,all,all_U,2,200,True
ecoli,ecoli:P64559,no_exact_TRAIN_DEV_endpoint,background,2,100,True
ecoli,ecoli:P64559,no_exact_TRAIN_DEV_endpoint,matched,2,100,True
ecoli,ecoli:P64559,no_exact_TRAIN_DEV_endpoint,all_U,2,200,True
ecoli,ecoli:P64559,no_exact_any_model_TRAIN_DEV_endpoint,background,2,100,True
ecoli,ecoli:P64559,no_exact_any_model_TRAIN_DEV_endpoint,matched,2,100,True
ecoli,ecoli:P64559,no_exact_any_model_TRAIN_DEV_endpoint,all_U,2,200,True
ecoli,ecoli:P0AG30,all,background,5,100,True
ecoli,ecoli:P0AG30,all,matched,5,100,True
ecoli,ecoli:P0AG30,all,all_U,5,200,True
ecoli,ecoli:P0AG30,no_exact_TRAIN_DEV_endpoint,background,5,100,True
ecoli,ecoli:P0AG30,no_exact_TRAIN_DEV_endpoint,matched,5,100,True
ecoli,ecoli:P0AG30,no_exact_TRAIN_DEV_endpoint,all_U,5,200,True
ecoli,ecoli:P0AG30,no_exact_any_model_TRAIN_DEV_endpoint,background,5,100,True
ecoli,ecoli:P0AG30,no_exact_any_model_TRAIN_DEV_endpoint,matched,5,100,True
ecoli,ecoli:P0AG30,no_exact_any_model_TRAIN_DEV_endpoint,all_U,5,200,True
ecoli,ecoli:P18811,all,background,3,100,True
ecoli,ecoli:P18811,all,matched,3,100,True
ecoli,ecoli:P18811,all,all_U,3,200,True
ecoli,ecoli:P18811,no_exact_TRAIN_DEV_endpoint,background,3,100,True
ecoli,ecoli:P18811,no_exact_TRAIN_DEV_endpoint,matched,3,100,True
ecoli,ecoli:P18811,no_exact_TRAIN_DEV_endpoint,all_U,3,200,True
ecoli,ecoli:P18811,no_exact_any_model_TRAIN_DEV_endpoint,background,3,100,True
ecoli,ecoli:P18811,no_exact_any_model_TRAIN_DEV_endpoint,matched,3,100,True
ecoli,ecoli:P18811,no_exact_any_model_TRAIN_DEV_endpoint,all_U,3,200,True
ecoli,ecoli:P08839,all,background,2,100,True
ecoli,ecoli:P08839,all,matched,2,100,True
ecoli,ecoli:P08839,all,all_U,2,200,True
ecoli,ecoli:P08839,no_exact_TRAIN_DEV_endpoint,background,2,100,True
ecoli,ecoli:P08839,no_exact_TRAIN_DEV_endpoint,matched,2,100,True
ecoli,ecoli:P08839,no_exact_TRAIN_DEV_endpoint,all_U,2,200,True
ecoli,ecoli:P08839,no_exact_any_model_TRAIN_DEV_endpoint,background,2,100,True
ecoli,ecoli:P08839,no_exact_any_model_TRAIN_DEV_endpoint,matched,2,100,True
ecoli,ecoli:P08839,no_exact_any_model_TRAIN_DEV_endpoint,all_U,2,200,True
ecoli,ecoli:P17115,all,background,2,100,True
ecoli,ecoli:P17115,all,matched,2,100,True
ecoli,ecoli:P17115,all,all_U,2,200,True
ecoli,ecoli:P17115,no_exact_TRAIN_DEV_endpoint,background,2,100,True
ecoli,ecoli:P17115,no_exact_TRAIN_DEV_endpoint,matched,2,100,True
ecoli,ecoli:P17115,no_exact_TRAIN_DEV_endpoint,all_U,2,200,True
ecoli,ecoli:P17115,no_exact_any_model_TRAIN_DEV_endpoint,background,2,100,True
ecoli,ecoli:P17115,no_exact_any_model_TRAIN_DEV_endpoint,matched,2,100,True
ecoli,ecoli:P17115,no_exact_any_model_TRAIN_DEV_endpoint,all_U,2,200,True
ecoli,ecoli:P37640,all,background,3,100,True
ecoli,ecoli:P37640,all,matched,3,100,True
ecoli,ecoli:P37640,all,all_U,3,200,True
ecoli,ecoli:P37640,no_exact_TRAIN_DEV_endpoint,background,3,100,True
ecoli,ecoli:P37640,no_exact_TRAIN_DEV_endpoint,matched,3,100,True
ecoli,ecoli:P37640,no_exact_TRAIN_DEV_endpoint,all_U,3,200,True
ecoli,ecoli:P37640,no_exact_any_model_TRAIN_DEV_endpoint,background,3,100,True
ecoli,ecoli:P37640,no_exact_any_model_TRAIN_DEV_endpoint,matched,3,100,True
ecoli,ecoli:P37640,no_exact_any_model_TRAIN_DEV_endpoint,all_U,3,200,True
ecoli,ecoli:P15070,all,background,10,100,True
ecoli,ecoli:P15070,all,matched,10,100,True
ecoli,ecoli:P15070,all,all_U,10,200,True
ecoli,ecoli:P15070,no_exact_TRAIN_DEV_endpoint,background,10,100,True
ecoli,ecoli:P15070,no_exact_TRAIN_DEV_endpoint,matched,10,100,True
ecoli,ecoli:P15070,no_exact_TRAIN_DEV_endpoint,all_U,10,200,True
ecoli,ecoli:P15070,no_exact_any_model_TRAIN_DEV_endpoint,background,10,100,True
ecoli,ecoli:P15070,no_exact_any_model_TRAIN_DEV_endpoint,matched,10,100,True
ecoli,ecoli:P15070,no_exact_any_model_TRAIN_DEV_endpoint,all_U,10,200,True
ecoli,ecoli:P0A8I5,all,background,4,100,True
ecoli,ecoli:P0A8I5,all,matched,4,100,True
ecoli,ecoli:P0A8I5,all,all_U,4,200,True
ecoli,ecoli:P0A8I5,no_exact_TRAIN_DEV_endpoint,background,4,100,True
ecoli,ecoli:P0A8I5,no_exact_TRAIN_DEV_endpoint,matched,4,100,True
ecoli,ecoli:P0A8I5,no_exact_TRAIN_DEV_endpoint,all_U,4,200,True
ecoli,ecoli:P0A8I5,no_exact_any_model_TRAIN_DEV_endpoint,background,4,100,True
ecoli,ecoli:P0A8I5,no_exact_any_model_TRAIN_DEV_endpoint,matched,4,100,True
ecoli,ecoli:P0A8I5,no_exact_any_model_TRAIN_DEV_endpoint,all_U,4,200,True
ecoli,ecoli:P0A7L8,all,background,4,100,True
ecoli,ecoli:P0A7L8,all,matched,4,100,True
ecoli,ecoli:P0A7L8,all,all_U,4,200,True
ecoli,ecoli:P0A7L8,no_exact_TRAIN_DEV_endpoint,background,4,100,True
ecoli,ecoli:P0A7L8,no_exact_TRAIN_DEV_endpoint,matched,4,100,True
ecoli,ecoli:P0A7L8,no_exact_TRAIN_DEV_endpoint,all_U,4,200,True
ecoli,ecoli:P0A7L8,no_exact_any_model_TRAIN_DEV_endpoint,background,4,100,True
ecoli,ecoli:P0A7L8,no_exact_any_model_TRAIN_DEV_endpoint,matched,4,100,True
ecoli,ecoli:P0A7L8,no_exact_any_model_TRAIN_DEV_endpoint,all_U,4,200,True
ecoli,ecoli:P0A8A8,all,background,4,100,True
ecoli,ecoli:P0A8A8,all,matched,4,100,True
ecoli,ecoli:P0A8A8,all,all_U,4,200,True
ecoli,ecoli:P0A8A8,no_exact_TRAIN_DEV_endpoint,background,4,100,True
ecoli,ecoli:P0A8A8,no_exact_TRAIN_DEV_endpoint,matched,4,100,True
ecoli,ecoli:P0A8A8,no_exact_TRAIN_DEV_endpoint,all_U,4,200,True
ecoli,ecoli:P0A8A8,no_exact_any_model_TRAIN_DEV_endpoint,background,4,100,True
ecoli,ecoli:P0A8A8,no_exact_any_model_TRAIN_DEV_endpoint,matched,4,100,True
ecoli,ecoli:P0A8A8,no_exact_any_model_TRAIN_DEV_endpoint,all_U,4,200,True
ecoli,ecoli:P0AAF6,all,background,6,100,True
ecoli,ecoli:P0AAF6,all,matched,6,100,True
ecoli,ecoli:P0AAF6,all,all_U,6,200,True
ecoli,ecoli:P0AAF6,no_exact_TRAIN_DEV_endpoint,background,6,100,True
ecoli,ecoli:P0AAF6,no_exact_TRAIN_DEV_endpoint,matched,6,100,True
ecoli,ecoli:P0AAF6,no_exact_TRAIN_DEV_endpoint,all_U,6,200,True
ecoli,ecoli:P0AAF6,no_exact_any_model_TRAIN_DEV_endpoint,background,6,100,True
ecoli,ecoli:P0AAF6,no_exact_any_model_TRAIN_DEV_endpoint,matched,6,100,True
ecoli,ecoli:P0AAF6,no_exact_any_model_TRAIN_DEV_endpoint,all_U,6,200,True
ecoli,ecoli:P08142,all,background,2,100,True
ecoli,ecoli:P08142,all,matched,2,100,True
ecoli,ecoli:P08142,all,all_U,2,200,True
ecoli,ecoli:P08142,no_exact_TRAIN_DEV_endpoint,background,2,100,True
ecoli,ecoli:P08142,no_exact_TRAIN_DEV_endpoint,matched,2,100,True
ecoli,ecoli:P08142,no_exact_TRAIN_DEV_endpoint,all_U,2,200,True
ecoli,ecoli:P08142,no_exact_any_model_TRAIN_DEV_endpoint,background,2,100,True
ecoli,ecoli:P08142,no_exact_any_model_TRAIN_DEV_endpoint,matched,2,100,True
ecoli,ecoli:P08142,no_exact_any_model_TRAIN_DEV_endpoint,all_U,2,200,True
ecoli,ecoli:P0A7B1,all,background,6,100,True
ecoli,ecoli:P0A7B1,all,matched,6,100,True
ecoli,ecoli:P0A7B1,all,all_U,6,200,True
ecoli,ecoli:P0A7B1,no_exact_TRAIN_DEV_endpoint,background,6,100,True
ecoli,ecoli:P0A7B1,no_exact_TRAIN_DEV_endpoint,matched,6,100,True
ecoli,ecoli:P0A7B1,no_exact_TRAIN_DEV_endpoint,all_U,6,200,True
ecoli,ecoli:P0A7B1,no_exact_any_model_TRAIN_DEV_endpoint,background,6,100,True
ecoli,ecoli:P0A7B1,no_exact_any_model_TRAIN_DEV_endpoint,matched,6,100,True
ecoli,ecoli:P0A7B1,no_exact_any_model_TRAIN_DEV_endpoint,all_U,6,200,True
ecoli,ecoli:P07649,all,background,5,100,True
ecoli,ecoli:P07649,all,matched,5,100,True
ecoli,ecoli:P07649,all,all_U,5,200,True
ecoli,ecoli:P07649,no_exact_TRAIN_DEV_endpoint,background,5,100,True
ecoli,ecoli:P07649,no_exact_TRAIN_DEV_endpoint,matched,5,100,True
ecoli,ecoli:P07649,no_exact_TRAIN_DEV_endpoint,all_U,5,200,True
ecoli,ecoli:P07649,no_exact_any_model_TRAIN_DEV_endpoint,background,5,100,True
ecoli,ecoli:P07649,no_exact_any_model_TRAIN_DEV_endpoint,matched,5,100,True
ecoli,ecoli:P07649,no_exact_any_model_TRAIN_DEV_endpoint,all_U,5,200,True
ecoli,ecoli:P33358,all,background,3,100,True
ecoli,ecoli:P33358,all,matched,3,100,True
ecoli,ecoli:P33358,all,all_U,3,200,True
ecoli,ecoli:P33358,no_exact_TRAIN_DEV_endpoint,background,3,100,True
ecoli,ecoli:P33358,no_exact_TRAIN_DEV_endpoint,matched,3,100,True
ecoli,ecoli:P33358,no_exact_TRAIN_DEV_endpoint,all_U,3,200,True
ecoli,ecoli:P33358,no_exact_any_model_TRAIN_DEV_endpoint,background,3,100,True
ecoli,ecoli:P33358,no_exact_any_model_TRAIN_DEV_endpoint,matched,3,100,True
ecoli,ecoli:P33358,no_exact_any_model_TRAIN_DEV_endpoint,all_U,3,200,True
ecoli,ecoli:P46144,all,background,5,100,True
ecoli,ecoli:P46144,all,matched,5,100,True
ecoli,ecoli:P46144,all,all_U,5,200,True
ecoli,ecoli:P46144,no_exact_TRAIN_DEV_endpoint,background,5,100,True
ecoli,ecoli:P46144,no_exact_TRAIN_DEV_endpoint,matched,5,100,True
ecoli,ecoli:P46144,no_exact_TRAIN_DEV_endpoint,all_U,5,200,True
ecoli,ecoli:P46144,no_exact_any_model_TRAIN_DEV_endpoint,background,5,100,True
ecoli,ecoli:P46144,no_exact_any_model_TRAIN_DEV_endpoint,matched,5,100,True
ecoli,ecoli:P46144,no_exact_any_model_TRAIN_DEV_endpoint,all_U,5,200,True
ecoli,ecoli:P30138,all,background,3,100,True
ecoli,ecoli:P30138,all,matched,3,100,True
ecoli,ecoli:P30138,all,all_U,3,200,True
ecoli,ecoli:P30138,no_exact_TRAIN_DEV_endpoint,background,3,100,True
ecoli,ecoli:P30138,no_exact_TRAIN_DEV_endpoint,matched,3,100,True
ecoli,ecoli:P30138,no_exact_TRAIN_DEV_endpoint,all_U,3,200,True
ecoli,ecoli:P30138,no_exact_any_model_TRAIN_DEV_endpoint,background,3,100,True
ecoli,ecoli:P30138,no_exact_any_model_TRAIN_DEV_endpoint,matched,3,100,True
ecoli,ecoli:P30138,no_exact_any_model_TRAIN_DEV_endpoint,all_U,3,200,True
ecoli,ecoli:P28903,all,background,3,100,True
ecoli,ecoli:P28903,all,matched,3,100,True
ecoli,ecoli:P28903,all,all_U,3,200,True
ecoli,ecoli:P28903,no_exact_TRAIN_DEV_endpoint,background,3,100,True
ecoli,ecoli:P28903,no_exact_TRAIN_DEV_endpoint,matched,3,100,True
ecoli,ecoli:P28903,no_exact_TRAIN_DEV_endpoint,all_U,3,200,True
ecoli,ecoli:P28903,no_exact_any_model_TRAIN_DEV_endpoint,background,3,100,True
ecoli,ecoli:P28903,no_exact_any_model_TRAIN_DEV_endpoint,matched,3,100,True
ecoli,ecoli:P28903,no_exact_any_model_TRAIN_DEV_endpoint,all_U,3,200,True
ecoli,ecoli:P33225,all,background,2,100,True
ecoli,ecoli:P33225,all,matched,2,100,True
ecoli,ecoli:P33225,all,all_U,2,200,True
ecoli,ecoli:P33225,no_exact_TRAIN_DEV_endpoint,background,2,100,True
ecoli,ecoli:P33225,no_exact_TRAIN_DEV_endpoint,matched,2,100,True
ecoli,ecoli:P33225,no_exact_TRAIN_DEV_endpoint,all_U,2,200,True
ecoli,ecoli:P33225,no_exact_any_model_TRAIN_DEV_endpoint,background,2,100,True
ecoli,ecoli:P33225,no_exact_any_model_TRAIN_DEV_endpoint,matched,2,100,True
ecoli,ecoli:P33225,no_exact_any_model_TRAIN_DEV_endpoint,all_U,2,200,True
ecoli,ecoli:P41443,all,background,3,100,True
ecoli,ecoli:P41443,all,matched,3,100,True
ecoli,ecoli:P41443,all,all_U,3,200,True
ecoli,ecoli:P41443,no_exact_TRAIN_DEV_endpoint,background,3,100,True
ecoli,ecoli:P41443,no_exact_TRAIN_DEV_endpoint,matched,3,100,True
ecoli,ecoli:P41443,no_exact_TRAIN_DEV_endpoint,all_U,3,200,True
ecoli,ecoli:P41443,no_exact_any_model_TRAIN_DEV_endpoint,background,3,100,True
ecoli,ecoli:P41443,no_exact_any_model_TRAIN_DEV_endpoint,matched,3,100,True
ecoli,ecoli:P41443,no_exact_any_model_TRAIN_DEV_endpoint,all_U,3,200,True
ecoli,ecoli:P0AD68,all,background,7,100,True
ecoli,ecoli:P0AD68,all,matched,7,100,True
ecoli,ecoli:P0AD68,all,all_U,7,200,True
ecoli,ecoli:P0AD68,no_exact_TRAIN_DEV_endpoint,background,7,100,True
ecoli,ecoli:P0AD68,no_exact_TRAIN_DEV_endpoint,matched,7,100,True
ecoli,ecoli:P0AD68,no_exact_TRAIN_DEV_endpoint,all_U,7,200,True
ecoli,ecoli:P0AD68,no_exact_any_model_TRAIN_DEV_endpoint,background,7,100,True
ecoli,ecoli:P0AD68,no_exact_any_model_TRAIN_DEV_endpoint,matched,7,100,True
ecoli,ecoli:P0AD68,no_exact_any_model_TRAIN_DEV_endpoint,all_U,7,200,True
ecoli,ecoli:P0A850,all,background,3,100,True
ecoli,ecoli:P0A850,all,matched,3,100,True
ecoli,ecoli:P0A850,all,all_U,3,200,True
ecoli,ecoli:P0A850,no_exact_TRAIN_DEV_endpoint,background,3,100,True
ecoli,ecoli:P0A850,no_exact_TRAIN_DEV_endpoint,matched,3,100,True
ecoli,ecoli:P0A850,no_exact_TRAIN_DEV_endpoint,all_U,3,200,True
ecoli,ecoli:P0A850,no_exact_any_model_TRAIN_DEV_endpoint,background,3,100,True
ecoli,ecoli:P0A850,no_exact_any_model_TRAIN_DEV_endpoint,matched,3,100,True
ecoli,ecoli:P0A850,no_exact_any_model_TRAIN_DEV_endpoint,all_U,3,200,True
ecoli,ecoli:P77493,all,background,2,100,True
ecoli,ecoli:P77493,all,matched,2,100,True
ecoli,ecoli:P77493,all,all_U,2,200,True
ecoli,ecoli:P77493,no_exact_TRAIN_DEV_endpoint,background,2,100,True
ecoli,ecoli:P77493,no_exact_TRAIN_DEV_endpoint,matched,2,100,True
ecoli,ecoli:P77493,no_exact_TRAIN_DEV_endpoint,all_U,2,200,True
ecoli,ecoli:P77493,no_exact_any_model_TRAIN_DEV_endpoint,background,2,100,True
ecoli,ecoli:P77493,no_exact_any_model_TRAIN_DEV_endpoint,matched,2,100,True
ecoli,ecoli:P77493,no_exact_any_model_TRAIN_DEV_endpoint,all_U,2,200,True
ecoli,ecoli:P0AAY6,all,background,7,100,True
ecoli,ecoli:P0AAY6,all,matched,7,100,True
ecoli,ecoli:P0AAY6,all,all_U,7,200,True
ecoli,ecoli:P0AAY6,no_exact_TRAIN_DEV_endpoint,background,7,100,True
ecoli,ecoli:P0AAY6,no_exact_TRAIN_DEV_endpoint,matched,7,100,True
ecoli,ecoli:P0AAY6,no_exact_TRAIN_DEV_endpoint,all_U,7,200,True
ecoli,ecoli:P0AAY6,no_exact_any_model_TRAIN_DEV_endpoint,background,7,100,True
ecoli,ecoli:P0AAY6,no_exact_any_model_TRAIN_DEV_endpoint,matched,7,100,True
ecoli,ecoli:P0AAY6,no_exact_any_model_TRAIN_DEV_endpoint,all_U,7,200,True
ecoli,ecoli:P00895,all,background,4,100,True
ecoli,ecoli:P00895,all,matched,4,100,True
ecoli,ecoli:P00895,all,all_U,4,200,True
ecoli,ecoli:P00895,no_exact_TRAIN_DEV_endpoint,background,4,100,True
ecoli,ecoli:P00895,no_exact_TRAIN_DEV_endpoint,matched,4,100,True
ecoli,ecoli:P00895,no_exact_TRAIN_DEV_endpoint,all_U,4,200,True
ecoli,ecoli:P00895,no_exact_any_model_TRAIN_DEV_endpoint,background,4,100,True
ecoli,ecoli:P00895,no_exact_any_model_TRAIN_DEV_endpoint,matched,4,100,True
ecoli,ecoli:P00895,no_exact_any_model_TRAIN_DEV_endpoint,all_U,4,200,True
ecoli,ecoli:P77378,all,background,4,100,True
ecoli,ecoli:P77378,all,matched,4,100,True
ecoli,ecoli:P77378,all,all_U,4,200,True
ecoli,ecoli:P77378,no_exact_TRAIN_DEV_endpoint,background,4,100,True
ecoli,ecoli:P77378,no_exact_TRAIN_DEV_endpoint,matched,4,100,True
ecoli,ecoli:P77378,no_exact_TRAIN_DEV_endpoint,all_U,4,200,True
ecoli,ecoli:P77378,no_exact_any_model_TRAIN_DEV_endpoint,background,4,100,True
ecoli,ecoli:P77378,no_exact_any_model_TRAIN_DEV_endpoint,matched,4,100,True
ecoli,ecoli:P77378,no_exact_any_model_TRAIN_DEV_endpoint,all_U,4,200,True
ecoli,ecoli:P25522,all,background,3,100,True
ecoli,ecoli:P25522,all,matched,3,100,True
ecoli,ecoli:P25522,all,all_U,3,200,True
ecoli,ecoli:P25522,no_exact_TRAIN_DEV_endpoint,background,3,100,True
ecoli,ecoli:P25522,no_exact_TRAIN_DEV_endpoint,matched,3,100,True
ecoli,ecoli:P25522,no_exact_TRAIN_DEV_endpoint,all_U,3,200,True
ecoli,ecoli:P25522,no_exact_any_model_TRAIN_DEV_endpoint,background,3,100,True
ecoli,ecoli:P25522,no_exact_any_model_TRAIN_DEV_endpoint,matched,3,100,True
ecoli,ecoli:P25522,no_exact_any_model_TRAIN_DEV_endpoint,all_U,3,200,True
ecoli,ecoli:P0ABA6,all,background,6,100,True
ecoli,ecoli:P0ABA6,all,matched,6,100,True
ecoli,ecoli:P0ABA6,all,all_U,6,200,True
ecoli,ecoli:P0ABA6,no_exact_TRAIN_DEV_endpoint,background,6,100,True
ecoli,ecoli:P0ABA6,no_exact_TRAIN_DEV_endpoint,matched,6,100,True
ecoli,ecoli:P0ABA6,no_exact_TRAIN_DEV_endpoint,all_U,6,200,True
ecoli,ecoli:P0ABA6,no_exact_any_model_TRAIN_DEV_endpoint,background,6,100,True
ecoli,ecoli:P0ABA6,no_exact_any_model_TRAIN_DEV_endpoint,matched,6,100,True
ecoli,ecoli:P0ABA6,no_exact_any_model_TRAIN_DEV_endpoint,all_U,6,200,True
ecoli,ecoli:P69910,all,background,2,100,True
ecoli,ecoli:P69910,all,matched,2,100,True
ecoli,ecoli:P69910,all,all_U,2,200,True
ecoli,ecoli:P69910,no_exact_TRAIN_DEV_endpoint,background,2,100,True
ecoli,ecoli:P69910,no_exact_TRAIN_DEV_endpoint,matched,2,100,True
ecoli,ecoli:P69910,no_exact_TRAIN_DEV_endpoint,all_U,2,200,True
ecoli,ecoli:P69910,no_exact_any_model_TRAIN_DEV_endpoint,background,2,100,True
ecoli,ecoli:P69910,no_exact_any_model_TRAIN_DEV_endpoint,matched,2,100,True
ecoli,ecoli:P69910,no_exact_any_model_TRAIN_DEV_endpoint,all_U,2,200,True
ecoli,ecoli:P0A7Q1,all,background,3,100,True
ecoli,ecoli:P0A7Q1,all,matched,3,100,True
ecoli,ecoli:P0A7Q1,all,all_U,3,200,True
ecoli,ecoli:P0A7Q1,no_exact_TRAIN_DEV_endpoint,background,3,100,True
ecoli,ecoli:P0A7Q1,no_exact_TRAIN_DEV_endpoint,matched,3,100,True
ecoli,ecoli:P0A7Q1,no_exact_TRAIN_DEV_endpoint,all_U,3,200,True
ecoli,ecoli:P0A7Q1,no_exact_any_model_TRAIN_DEV_endpoint,background,3,100,True
ecoli,ecoli:P0A7Q1,no_exact_any_model_TRAIN_DEV_endpoint,matched,3,100,True
ecoli,ecoli:P0A7Q1,no_exact_any_model_TRAIN_DEV_endpoint,all_U,3,200,True
