species,subset,candidate_set,model,targets,P,U,panel_size,P_vs_U_concordance,average_precision,first_positive_rank_min,first_positive_rank_max,first_positive_rank_expected,reciprocal_rank,recovered_P_at_5,recall_at_5,known_positive_precision_at_5,EF_at_5,NDCG_at_5,target_success_at_5,recovered_P_at_10,recall_at_10,known_positive_precision_at_10,EF_at_10,NDCG_at_10,target_success_at_10,recovered_P_at_20,recall_at_20,known_positive_precision_at_20,EF_at_20,NDCG_at_20,target_success_at_20,total_P,total_U
arabidopsis,all,all_U,ipin_baseline,50,4.98,200.0,204.98,0.618321507936508,0.13210068297153277,36.4,36.4,36.4,0.2332957706275722,0.54,0.10585714285714286,0.10800000000000001,4.3422857142857145,0.13207507339835678,0.3,0.96,0.18496825396825398,0.09600000000000002,3.7953650793650797,0.14976345727703325,0.46,1.26,0.2433015873015873,0.06299999999999999,2.496015873015873,0.1734143638685039,0.58,249,10000
arabidopsis,all,all_U,ipin_optimized,50,4.98,200.0,204.98,0.6734255555555556,0.1542141377580425,27.58,27.58,27.58,0.2938293283320266,0.62,0.12866666666666668,0.124,5.270666666666667,0.16425326225010775,0.38,0.94,0.18552380952380954,0.094,3.80447619047619,0.17057776675794167,0.48,1.26,0.23807936507936506,0.063,2.443793650793651,0.19343836903505335,0.58,249,10000
arabidopsis,all,all_U,ipin_tuna_31k,50,4.98,200.0,204.98,0.7047574603174604,0.14181508056393574,26.26,26.26,26.26,0.20818094773071136,0.54,0.11444444444444445,0.10800000000000003,4.685777777777778,0.12176970309337667,0.34,0.98,0.21533333333333335,0.09799999999999999,4.404666666666667,0.15546150610207538,0.5,1.52,0.30996825396825395,0.076,3.17568253968254,0.19541158617251328,0.62,249,10000
arabidopsis,all,all_U,tuna_retrained,50,4.98,200.0,204.98,0.719032857142857,0.1588782912144799,22.4,22.4,22.4,0.2666847798187521,0.68,0.14255555555555555,0.136,5.838222222222223,0.16061626673526738,0.38,1.12,0.2391111111111111,0.11199999999999999,4.894222222222222,0.18093996460177209,0.54,1.62,0.3239365079365079,0.081,3.320365079365079,0.21814728449867463,0.68,249,10000
arabidopsis,all,background,ipin_baseline,50,4.98,100.0,104.98,0.617896507936508,0.19627313399670857,18.7,18.7,18.7,0.3359383526155485,0.78,0.15274603174603174,0.156,3.210920634920635,0.1975333303237708,0.42,1.2,0.23263492063492064,0.12,2.4463492063492063,0.2050656650207997,0.58,1.86,0.36957142857142855,0.09299999999999999,1.9408571428571433,0.2585284305808577,0.74,249,5000
arabidopsis,all,background,ipin_optimized,50,4.98,100.0,104.98,0.6767479365079366,0.21888400902941377,13.9,13.9,13.9,0.3763393974985694,0.9,0.18952380952380954,0.18,3.970476190476191,0.23069465764829616,0.52,1.22,0.23385714285714282,0.122,2.460571428571429,0.22310970453929724,0.58,1.94,0.40390476190476193,0.09700000000000002,2.1165238095238097,0.2885217041110227,0.78,249,5000
arabidopsis,all,background,ipin_tuna_31k,50,4.98,100.0,104.98,0.7130868253968253,0.21947039933861834,12.92,12.92,12.92,0.29648466419974406,0.8,0.17777777777777778,0.16,3.715555555555556,0.19001034511150874,0.48,1.36,0.28307936507936504,0.136,2.966793650793651,0.2246076470378878,0.62,2.14,0.41357142857142853,0.10700000000000001,2.174857142857143,0.28334568717163716,0.76,249,5000
arabidopsis,all,background,tuna_retrained,50,4.98,100.0,104.98,0.7229180952380951,0.2471597738956025,11.5,11.5,11.5,0.35978493510472925,0.92,0.1942222222222222,0.184,4.068444444444445,0.23336884695169918,0.5,1.42,0.29074603174603175,0.142,3.049460317460318,0.24987040922090312,0.64,2.26,0.4544920634920635,0.113,2.3854603174603177,0.31808028208380607,0.76,249,5000
arabidopsis,all,matched,ipin_baseline,50,4.98,100.0,104.98,0.618746507936508,0.1890400000037799,18.7,18.7,18.7,0.2986954776266777,0.78,0.166968253968254,0.15600000000000003,3.49536507936508,0.18982545228853737,0.46,1.2,0.2281904761904762,0.12,2.401904761904762,0.19455332271064324,0.56,1.76,0.36471428571428577,0.08800000000000001,1.9115714285714287,0.24612087741387742,0.74,249,5000
arabidopsis,all,matched,ipin_optimized,50,4.98,100.0,104.98,0.6701031746031747,0.20558127675800628,14.68,14.68,14.68,0.35007839003921665,0.8,0.16952380952380952,0.16,3.5504761904761906,0.20599665935797265,0.46,1.22,0.25196825396825395,0.122,2.64168253968254,0.21665398876800598,0.62,2.0,0.41396825396825393,0.1,2.1698412698412697,0.2807875645506576,0.78,249,5000
arabidopsis,all,matched,ipin_tuna_31k,50,4.98,100.0,104.98,0.6964280952380955,0.21915207031582962,14.34,14.34,14.34,0.323829579754038,0.84,0.19400000000000003,0.168,4.048000000000001,0.20602742296881627,0.46,1.38,0.2995555555555556,0.13799999999999998,3.133555555555556,0.2340100732804395,0.62,2.08,0.4125238095238095,0.10399999999999998,2.166619047619048,0.28390264987488484,0.74,249,5000
arabidopsis,all,matched,tuna_retrained,50,4.98,100.0,104.98,0.7151476190476191,0.23895158454543058,11.9,11.9,11.9,0.36322258160822274,0.96,0.22011111111111112,0.19199999999999995,4.594222222222223,0.23913779448752542,0.56,1.54,0.3129365079365079,0.154,3.2833650793650797,0.25944296758722496,0.68,2.3,0.4676031746031746,0.115,2.453015873015873,0.3214376850566217,0.78,249,5000
arabidopsis,no_exact_TRAIN_DEV_endpoint,all_U,ipin_baseline,50,4.98,200.0,204.98,0.618321507936508,0.13210068297153277,36.4,36.4,36.4,0.2332957706275722,0.54,0.10585714285714286,0.10800000000000001,4.3422857142857145,0.13207507339835678,0.3,0.96,0.18496825396825398,0.09600000000000002,3.7953650793650797,0.14976345727703325,0.46,1.26,0.2433015873015873,0.06299999999999999,2.496015873015873,0.1734143638685039,0.58,249,10000
arabidopsis,no_exact_TRAIN_DEV_endpoint,all_U,ipin_optimized,50,4.98,200.0,204.98,0.6734255555555556,0.1542141377580425,27.58,27.58,27.58,0.2938293283320266,0.62,0.12866666666666668,0.124,5.270666666666667,0.16425326225010775,0.38,0.94,0.18552380952380954,0.094,3.80447619047619,0.17057776675794167,0.48,1.26,0.23807936507936506,0.063,2.443793650793651,0.19343836903505335,0.58,249,10000
arabidopsis,no_exact_TRAIN_DEV_endpoint,all_U,ipin_tuna_31k,50,4.98,200.0,204.98,0.7047574603174604,0.14181508056393574,26.26,26.26,26.26,0.20818094773071136,0.54,0.11444444444444445,0.10800000000000003,4.685777777777778,0.12176970309337667,0.34,0.98,0.21533333333333335,0.09799999999999999,4.404666666666667,0.15546150610207538,0.5,1.52,0.30996825396825395,0.076,3.17568253968254,0.19541158617251328,0.62,249,10000
arabidopsis,no_exact_TRAIN_DEV_endpoint,all_U,tuna_retrained,50,4.98,200.0,204.98,0.719032857142857,0.1588782912144799,22.4,22.4,22.4,0.2666847798187521,0.68,0.14255555555555555,0.136,5.838222222222223,0.16061626673526738,0.38,1.12,0.2391111111111111,0.11199999999999999,4.894222222222222,0.18093996460177209,0.54,1.62,0.3239365079365079,0.081,3.320365079365079,0.21814728449867463,0.68,249,10000
arabidopsis,no_exact_TRAIN_DEV_endpoint,background,ipin_baseline,50,4.98,100.0,104.98,0.617896507936508,0.19627313399670857,18.7,18.7,18.7,0.3359383526155485,0.78,0.15274603174603174,0.156,3.210920634920635,0.1975333303237708,0.42,1.2,0.23263492063492064,0.12,2.4463492063492063,0.2050656650207997,0.58,1.86,0.36957142857142855,0.09299999999999999,1.9408571428571433,0.2585284305808577,0.74,249,5000
arabidopsis,no_exact_TRAIN_DEV_endpoint,background,ipin_optimized,50,4.98,100.0,104.98,0.6767479365079366,0.21888400902941377,13.9,13.9,13.9,0.3763393974985694,0.9,0.18952380952380954,0.18,3.970476190476191,0.23069465764829616,0.52,1.22,0.23385714285714282,0.122,2.460571428571429,0.22310970453929724,0.58,1.94,0.40390476190476193,0.09700000000000002,2.1165238095238097,0.2885217041110227,0.78,249,5000
arabidopsis,no_exact_TRAIN_DEV_endpoint,background,ipin_tuna_31k,50,4.98,100.0,104.98,0.7130868253968253,0.21947039933861834,12.92,12.92,12.92,0.29648466419974406,0.8,0.17777777777777778,0.16,3.715555555555556,0.19001034511150874,0.48,1.36,0.28307936507936504,0.136,2.966793650793651,0.2246076470378878,0.62,2.14,0.41357142857142853,0.10700000000000001,2.174857142857143,0.28334568717163716,0.76,249,5000
arabidopsis,no_exact_TRAIN_DEV_endpoint,background,tuna_retrained,50,4.98,100.0,104.98,0.7229180952380951,0.2471597738956025,11.5,11.5,11.5,0.35978493510472925,0.92,0.1942222222222222,0.184,4.068444444444445,0.23336884695169918,0.5,1.42,0.29074603174603175,0.142,3.049460317460318,0.24987040922090312,0.64,2.26,0.4544920634920635,0.113,2.3854603174603177,0.31808028208380607,0.76,249,5000
arabidopsis,no_exact_TRAIN_DEV_endpoint,matched,ipin_baseline,50,4.98,100.0,104.98,0.618746507936508,0.1890400000037799,18.7,18.7,18.7,0.2986954776266777,0.78,0.166968253968254,0.15600000000000003,3.49536507936508,0.18982545228853737,0.46,1.2,0.2281904761904762,0.12,2.401904761904762,0.19455332271064324,0.56,1.76,0.36471428571428577,0.08800000000000001,1.9115714285714287,0.24612087741387742,0.74,249,5000
arabidopsis,no_exact_TRAIN_DEV_endpoint,matched,ipin_optimized,50,4.98,100.0,104.98,0.6701031746031747,0.20558127675800628,14.68,14.68,14.68,0.35007839003921665,0.8,0.16952380952380952,0.16,3.5504761904761906,0.20599665935797265,0.46,1.22,0.25196825396825395,0.122,2.64168253968254,0.21665398876800598,0.62,2.0,0.41396825396825393,0.1,2.1698412698412697,0.2807875645506576,0.78,249,5000
arabidopsis,no_exact_TRAIN_DEV_endpoint,matched,ipin_tuna_31k,50,4.98,100.0,104.98,0.6964280952380955,0.21915207031582962,14.34,14.34,14.34,0.323829579754038,0.84,0.19400000000000003,0.168,4.048000000000001,0.20602742296881627,0.46,1.38,0.2995555555555556,0.13799999999999998,3.133555555555556,0.2340100732804395,0.62,2.08,0.4125238095238095,0.10399999999999998,2.166619047619048,0.28390264987488484,0.74,249,5000
arabidopsis,no_exact_TRAIN_DEV_endpoint,matched,tuna_retrained,50,4.98,100.0,104.98,0.7151476190476191,0.23895158454543058,11.9,11.9,11.9,0.36322258160822274,0.96,0.22011111111111112,0.19199999999999995,4.594222222222223,0.23913779448752542,0.56,1.54,0.3129365079365079,0.154,3.2833650793650797,0.25944296758722496,0.68,2.3,0.4676031746031746,0.115,2.453015873015873,0.3214376850566217,0.78,249,5000
arabidopsis,no_exact_any_model_TRAIN_DEV_endpoint,all_U,ipin_baseline,50,4.98,200.0,204.98,0.618321507936508,0.13210068297153277,36.4,36.4,36.4,0.2332957706275722,0.54,0.10585714285714286,0.10800000000000001,4.3422857142857145,0.13207507339835678,0.3,0.96,0.18496825396825398,0.09600000000000002,3.7953650793650797,0.14976345727703325,0.46,1.26,0.2433015873015873,0.06299999999999999,2.496015873015873,0.1734143638685039,0.58,249,10000
arabidopsis,no_exact_any_model_TRAIN_DEV_endpoint,all_U,ipin_optimized,50,4.98,200.0,204.98,0.6734255555555556,0.1542141377580425,27.58,27.58,27.58,0.2938293283320266,0.62,0.12866666666666668,0.124,5.270666666666667,0.16425326225010775,0.38,0.94,0.18552380952380954,0.094,3.80447619047619,0.17057776675794167,0.48,1.26,0.23807936507936506,0.063,2.443793650793651,0.19343836903505335,0.58,249,10000
arabidopsis,no_exact_any_model_TRAIN_DEV_endpoint,all_U,ipin_tuna_31k,50,4.98,200.0,204.98,0.7047574603174604,0.14181508056393574,26.26,26.26,26.26,0.20818094773071136,0.54,0.11444444444444445,0.10800000000000003,4.685777777777778,0.12176970309337667,0.34,0.98,0.21533333333333335,0.09799999999999999,4.404666666666667,0.15546150610207538,0.5,1.52,0.30996825396825395,0.076,3.17568253968254,0.19541158617251328,0.62,249,10000
arabidopsis,no_exact_any_model_TRAIN_DEV_endpoint,all_U,tuna_retrained,50,4.98,200.0,204.98,0.719032857142857,0.1588782912144799,22.4,22.4,22.4,0.2666847798187521,0.68,0.14255555555555555,0.136,5.838222222222223,0.16061626673526738,0.38,1.12,0.2391111111111111,0.11199999999999999,4.894222222222222,0.18093996460177209,0.54,1.62,0.3239365079365079,0.081,3.320365079365079,0.21814728449867463,0.68,249,10000
arabidopsis,no_exact_any_model_TRAIN_DEV_endpoint,background,ipin_baseline,50,4.98,100.0,104.98,0.617896507936508,0.19627313399670857,18.7,18.7,18.7,0.3359383526155485,0.78,0.15274603174603174,0.156,3.210920634920635,0.1975333303237708,0.42,1.2,0.23263492063492064,0.12,2.4463492063492063,0.2050656650207997,0.58,1.86,0.36957142857142855,0.09299999999999999,1.9408571428571433,0.2585284305808577,0.74,249,5000
arabidopsis,no_exact_any_model_TRAIN_DEV_endpoint,background,ipin_optimized,50,4.98,100.0,104.98,0.6767479365079366,0.21888400902941377,13.9,13.9,13.9,0.3763393974985694,0.9,0.18952380952380954,0.18,3.970476190476191,0.23069465764829616,0.52,1.22,0.23385714285714282,0.122,2.460571428571429,0.22310970453929724,0.58,1.94,0.40390476190476193,0.09700000000000002,2.1165238095238097,0.2885217041110227,0.78,249,5000
arabidopsis,no_exact_any_model_TRAIN_DEV_endpoint,background,ipin_tuna_31k,50,4.98,100.0,104.98,0.7130868253968253,0.21947039933861834,12.92,12.92,12.92,0.29648466419974406,0.8,0.17777777777777778,0.16,3.715555555555556,0.19001034511150874,0.48,1.36,0.28307936507936504,0.136,2.966793650793651,0.2246076470378878,0.62,2.14,0.41357142857142853,0.10700000000000001,2.174857142857143,0.28334568717163716,0.76,249,5000
arabidopsis,no_exact_any_model_TRAIN_DEV_endpoint,background,tuna_retrained,50,4.98,100.0,104.98,0.7229180952380951,0.2471597738956025,11.5,11.5,11.5,0.35978493510472925,0.92,0.1942222222222222,0.184,4.068444444444445,0.23336884695169918,0.5,1.42,0.29074603174603175,0.142,3.049460317460318,0.24987040922090312,0.64,2.26,0.4544920634920635,0.113,2.3854603174603177,0.31808028208380607,0.76,249,5000
arabidopsis,no_exact_any_model_TRAIN_DEV_endpoint,matched,ipin_baseline,50,4.98,100.0,104.98,0.618746507936508,0.1890400000037799,18.7,18.7,18.7,0.2986954776266777,0.78,0.166968253968254,0.15600000000000003,3.49536507936508,0.18982545228853737,0.46,1.2,0.2281904761904762,0.12,2.401904761904762,0.19455332271064324,0.56,1.76,0.36471428571428577,0.08800000000000001,1.9115714285714287,0.24612087741387742,0.74,249,5000
arabidopsis,no_exact_any_model_TRAIN_DEV_endpoint,matched,ipin_optimized,50,4.98,100.0,104.98,0.6701031746031747,0.20558127675800628,14.68,14.68,14.68,0.35007839003921665,0.8,0.16952380952380952,0.16,3.5504761904761906,0.20599665935797265,0.46,1.22,0.25196825396825395,0.122,2.64168253968254,0.21665398876800598,0.62,2.0,0.41396825396825393,0.1,2.1698412698412697,0.2807875645506576,0.78,249,5000
arabidopsis,no_exact_any_model_TRAIN_DEV_endpoint,matched,ipin_tuna_31k,50,4.98,100.0,104.98,0.6964280952380955,0.21915207031582962,14.34,14.34,14.34,0.323829579754038,0.84,0.19400000000000003,0.168,4.048000000000001,0.20602742296881627,0.46,1.38,0.2995555555555556,0.13799999999999998,3.133555555555556,0.2340100732804395,0.62,2.08,0.4125238095238095,0.10399999999999998,2.166619047619048,0.28390264987488484,0.74,249,5000
arabidopsis,no_exact_any_model_TRAIN_DEV_endpoint,matched,tuna_retrained,50,4.98,100.0,104.98,0.7151476190476191,0.23895158454543058,11.9,11.9,11.9,0.36322258160822274,0.96,0.22011111111111112,0.19199999999999995,4.594222222222223,0.23913779448752542,0.56,1.54,0.3129365079365079,0.154,3.2833650793650797,0.25944296758722496,0.68,2.3,0.4676031746031746,0.115,2.453015873015873,0.3214376850566217,0.78,249,5000
ecoli,all,all_U,ipin_baseline,50,3.72,200.0,203.72,0.5462447619047619,0.061422736815379686,46.7,46.7,46.7,0.11388790309680599,0.18,0.044047619047619044,0.036000000000000004,1.797904761904762,0.04634396931671645,0.12,0.32,0.0727142857142857,0.032,1.4862857142857144,0.05862918377226697,0.24,0.54,0.11442857142857144,0.027000000000000003,1.1712857142857143,0.07632771532085372,0.38,186,10000
ecoli,all,all_U,ipin_optimized,50,3.72,200.0,203.72,0.5603216666666667,0.054462272087410286,43.6,43.6,43.6,0.08854361104973385,0.2,0.03885714285714286,0.04,1.5942857142857145,0.03843864673431358,0.14,0.34,0.07223809523809523,0.034,1.478761904761905,0.05032574620365099,0.22,0.54,0.1110952380952381,0.027000000000000003,1.1379523809523808,0.06694897591164703,0.38,186,10000
ecoli,all,all_U,ipin_tuna_31k,50,3.72,200.0,203.72,0.5556688095238096,0.05021183641730783,40.52,40.52,40.52,0.09501320337492897,0.14,0.03919047619047619,0.027999999999999997,1.5956190476190477,0.030259908653260014,0.14,0.36,0.09352380952380951,0.036000000000000004,1.9064761904761907,0.056691301453918486,0.36,0.52,0.13938095238095236,0.026000000000000002,1.4198095238095236,0.07335312750667508,0.46,186,10000
ecoli,all,all_U,tuna_retrained,50,3.72,200.0,203.72,0.561337619047619,0.041075697528420975,42.38,42.38,42.38,0.06658357308089405,0.06,0.012857142857142855,0.012000000000000002,0.5262857142857144,0.014481088808698406,0.06,0.14,0.03238095238095238,0.013999999999999999,0.6616190476190477,0.02287459274980014,0.12,0.42,0.09542857142857143,0.021,0.9752857142857144,0.04865293662703826,0.32,186,10000
ecoli,all,background,ipin_baseline,50,3.72,100.0,103.72,0.5407061904761905,0.09629548622872029,24.24,24.24,24.24,0.16357429204198987,0.3,0.06938095238095238,0.06,1.4476190476190476,0.07070971667073085,0.24,0.54,0.12042857142857143,0.054000000000000006,1.2582857142857145,0.09259439372074882,0.38,0.92,0.2188095238095238,0.046,1.1400476190476192,0.12948307154918873,0.54,186,5000
ecoli,all,background,ipin_optimized,50,3.72,100.0,103.72,0.5601490476190476,0.0915486737178453,22.4,22.4,22.4,0.14451912399439343,0.36,0.07709523809523809,0.07200000000000001,1.613904761904762,0.07143118335977477,0.26,0.48,0.09809523809523808,0.048,1.028952380952381,0.07737586181011295,0.34,0.9,0.21295238095238095,0.045,1.1097619047619047,0.12052314090928527,0.52,186,5000
ecoli,all,background,ipin_tuna_31k,50,3.72,100.0,103.72,0.5594142857142856,0.0952207862697356,20.68,20.68,20.68,0.17367890256234714,0.3,0.07685714285714285,0.06,1.5971428571428572,0.07116478053454804,0.3,0.58,0.1537142857142857,0.057999999999999996,1.5951428571428574,0.10513511319198614,0.5,0.94,0.24657142857142858,0.047000000000000014,1.279857142857143,0.14004309893963104,0.62,186,5000
ecoli,all,background,tuna_retrained,50,3.72,100.0,103.72,0.5652952380952382,0.08005201699786699,21.36,21.36,21.36,0.1269665314149236,0.22,0.05038095238095238,0.044000000000000004,1.0516190476190477,0.04735546616195619,0.18,0.38,0.09257142857142857,0.038000000000000006,0.9637142857142856,0.0637221991704752,0.3,0.72,0.18242857142857144,0.036000000000000004,0.9481428571428573,0.09759338285774571,0.5,186,5000
ecoli,all,matched,ipin_baseline,50,3.72,100.0,103.72,0.5517833333333334,0.09690087606620251,23.46,23.46,23.46,0.15574530259665326,0.3,0.06938095238095238,0.06000000000000001,1.4476190476190476,0.06850679581386507,0.22,0.52,0.11823809523809523,0.052000000000000005,1.2343809523809524,0.0901123563023752,0.36,0.96,0.23628571428571427,0.048,1.2294285714285715,0.13467799494423327,0.58,186,5000
ecoli,all,matched,ipin_optimized,50,3.72,100.0,103.72,0.5604942857142856,0.09452192437854412,22.2,22.2,22.2,0.15774665505482255,0.28,0.05357142857142857,0.055999999999999994,1.1274285714285714,0.06234319467854012,0.18,0.54,0.11776190476190475,0.054000000000000006,1.2316190476190478,0.08845005155254247,0.38,0.84,0.20609523809523808,0.042,1.0724761904761906,0.12034486209565178,0.54,186,5000
ecoli,all,matched,ipin_tuna_31k,50,3.72,100.0,103.72,0.5519233333333333,0.08927072445529287,20.84,20.84,20.84,0.16431834732228054,0.32,0.08752380952380953,0.064,1.8144761904761908,0.0719177882582179,0.32,0.52,0.13604761904761906,0.05200000000000001,1.4124761904761904,0.09406292708932938,0.44,0.84,0.22128571428571425,0.042,1.1484285714285714,0.12640088643382896,0.6,186,5000
ecoli,all,matched,tuna_retrained,50,3.72,100.0,103.72,0.55738,0.07520313634288685,22.02,22.02,22.02,0.11859858198016943,0.16,0.04238095238095238,0.032,0.8796190476190477,0.03821795251599616,0.14,0.36,0.0809047619047619,0.036000000000000004,0.8450476190476192,0.05648452181338092,0.28,0.68,0.19076190476190477,0.034,0.987809523809524,0.09390618266941914,0.52,186,5000
ecoli,no_exact_TRAIN_DEV_endpoint,all_U,ipin_baseline,50,3.72,200.0,203.72,0.5462447619047619,0.061422736815379686,46.7,46.7,46.7,0.11388790309680599,0.18,0.044047619047619044,0.036000000000000004,1.797904761904762,0.04634396931671645,0.12,0.32,0.0727142857142857,0.032,1.4862857142857144,0.05862918377226697,0.24,0.54,0.11442857142857144,0.027000000000000003,1.1712857142857143,0.07632771532085372,0.38,186,10000
ecoli,no_exact_TRAIN_DEV_endpoint,all_U,ipin_optimized,50,3.72,200.0,203.72,0.5603216666666667,0.054462272087410286,43.6,43.6,43.6,0.08854361104973385,0.2,0.03885714285714286,0.04,1.5942857142857145,0.03843864673431358,0.14,0.34,0.07223809523809523,0.034,1.478761904761905,0.05032574620365099,0.22,0.54,0.1110952380952381,0.027000000000000003,1.1379523809523808,0.06694897591164703,0.38,186,10000
ecoli,no_exact_TRAIN_DEV_endpoint,all_U,ipin_tuna_31k,50,3.72,200.0,203.72,0.5556688095238096,0.05021183641730783,40.52,40.52,40.52,0.09501320337492897,0.14,0.03919047619047619,0.027999999999999997,1.5956190476190477,0.030259908653260014,0.14,0.36,0.09352380952380951,0.036000000000000004,1.9064761904761907,0.056691301453918486,0.36,0.52,0.13938095238095236,0.026000000000000002,1.4198095238095236,0.07335312750667508,0.46,186,10000
ecoli,no_exact_TRAIN_DEV_endpoint,all_U,tuna_retrained,50,3.72,200.0,203.72,0.561337619047619,0.041075697528420975,42.38,42.38,42.38,0.06658357308089405,0.06,0.012857142857142855,0.012000000000000002,0.5262857142857144,0.014481088808698406,0.06,0.14,0.03238095238095238,0.013999999999999999,0.6616190476190477,0.02287459274980014,0.12,0.42,0.09542857142857143,0.021,0.9752857142857144,0.04865293662703826,0.32,186,10000
ecoli,no_exact_TRAIN_DEV_endpoint,background,ipin_baseline,50,3.72,100.0,103.72,0.5407061904761905,0.09629548622872029,24.24,24.24,24.24,0.16357429204198987,0.3,0.06938095238095238,0.06,1.4476190476190476,0.07070971667073085,0.24,0.54,0.12042857142857143,0.054000000000000006,1.2582857142857145,0.09259439372074882,0.38,0.92,0.2188095238095238,0.046,1.1400476190476192,0.12948307154918873,0.54,186,5000
ecoli,no_exact_TRAIN_DEV_endpoint,background,ipin_optimized,50,3.72,100.0,103.72,0.5601490476190476,0.0915486737178453,22.4,22.4,22.4,0.14451912399439343,0.36,0.07709523809523809,0.07200000000000001,1.613904761904762,0.07143118335977477,0.26,0.48,0.09809523809523808,0.048,1.028952380952381,0.07737586181011295,0.34,0.9,0.21295238095238095,0.045,1.1097619047619047,0.12052314090928527,0.52,186,5000
ecoli,no_exact_TRAIN_DEV_endpoint,background,ipin_tuna_31k,50,3.72,100.0,103.72,0.5594142857142856,0.0952207862697356,20.68,20.68,20.68,0.17367890256234714,0.3,0.07685714285714285,0.06,1.5971428571428572,0.07116478053454804,0.3,0.58,0.1537142857142857,0.057999999999999996,1.5951428571428574,0.10513511319198614,0.5,0.94,0.24657142857142858,0.047000000000000014,1.279857142857143,0.14004309893963104,0.62,186,5000
ecoli,no_exact_TRAIN_DEV_endpoint,background,tuna_retrained,50,3.72,100.0,103.72,0.5652952380952382,0.08005201699786699,21.36,21.36,21.36,0.1269665314149236,0.22,0.05038095238095238,0.044000000000000004,1.0516190476190477,0.04735546616195619,0.18,0.38,0.09257142857142857,0.038000000000000006,0.9637142857142856,0.0637221991704752,0.3,0.72,0.18242857142857144,0.036000000000000004,0.9481428571428573,0.09759338285774571,0.5,186,5000
ecoli,no_exact_TRAIN_DEV_endpoint,matched,ipin_baseline,50,3.72,100.0,103.72,0.5517833333333334,0.09690087606620251,23.46,23.46,23.46,0.15574530259665326,0.3,0.06938095238095238,0.06000000000000001,1.4476190476190476,0.06850679581386507,0.22,0.52,0.11823809523809523,0.052000000000000005,1.2343809523809524,0.0901123563023752,0.36,0.96,0.23628571428571427,0.048,1.2294285714285715,0.13467799494423327,0.58,186,5000
ecoli,no_exact_TRAIN_DEV_endpoint,matched,ipin_optimized,50,3.72,100.0,103.72,0.5604942857142856,0.09452192437854412,22.2,22.2,22.2,0.15774665505482255,0.28,0.05357142857142857,0.055999999999999994,1.1274285714285714,0.06234319467854012,0.18,0.54,0.11776190476190475,0.054000000000000006,1.2316190476190478,0.08845005155254247,0.38,0.84,0.20609523809523808,0.042,1.0724761904761906,0.12034486209565178,0.54,186,5000
ecoli,no_exact_TRAIN_DEV_endpoint,matched,ipin_tuna_31k,50,3.72,100.0,103.72,0.5519233333333333,0.08927072445529287,20.84,20.84,20.84,0.16431834732228054,0.32,0.08752380952380953,0.064,1.8144761904761908,0.0719177882582179,0.32,0.52,0.13604761904761906,0.05200000000000001,1.4124761904761904,0.09406292708932938,0.44,0.84,0.22128571428571425,0.042,1.1484285714285714,0.12640088643382896,0.6,186,5000
ecoli,no_exact_TRAIN_DEV_endpoint,matched,tuna_retrained,50,3.72,100.0,103.72,0.55738,0.07520313634288685,22.02,22.02,22.02,0.11859858198016943,0.16,0.04238095238095238,0.032,0.8796190476190477,0.03821795251599616,0.14,0.36,0.0809047619047619,0.036000000000000004,0.8450476190476192,0.05648452181338092,0.28,0.68,0.19076190476190477,0.034,0.987809523809524,0.09390618266941914,0.52,186,5000
ecoli,no_exact_any_model_TRAIN_DEV_endpoint,all_U,ipin_baseline,50,3.72,200.0,203.72,0.5462447619047619,0.061422736815379686,46.7,46.7,46.7,0.11388790309680599,0.18,0.044047619047619044,0.036000000000000004,1.797904761904762,0.04634396931671645,0.12,0.32,0.0727142857142857,0.032,1.4862857142857144,0.05862918377226697,0.24,0.54,0.11442857142857144,0.027000000000000003,1.1712857142857143,0.07632771532085372,0.38,186,10000
ecoli,no_exact_any_model_TRAIN_DEV_endpoint,all_U,ipin_optimized,50,3.72,200.0,203.72,0.5603216666666667,0.054462272087410286,43.6,43.6,43.6,0.08854361104973385,0.2,0.03885714285714286,0.04,1.5942857142857145,0.03843864673431358,0.14,0.34,0.07223809523809523,0.034,1.478761904761905,0.05032574620365099,0.22,0.54,0.1110952380952381,0.027000000000000003,1.1379523809523808,0.06694897591164703,0.38,186,10000
ecoli,no_exact_any_model_TRAIN_DEV_endpoint,all_U,ipin_tuna_31k,50,3.72,200.0,203.72,0.5556688095238096,0.05021183641730783,40.52,40.52,40.52,0.09501320337492897,0.14,0.03919047619047619,0.027999999999999997,1.5956190476190477,0.030259908653260014,0.14,0.36,0.09352380952380951,0.036000000000000004,1.9064761904761907,0.056691301453918486,0.36,0.52,0.13938095238095236,0.026000000000000002,1.4198095238095236,0.07335312750667508,0.46,186,10000
ecoli,no_exact_any_model_TRAIN_DEV_endpoint,all_U,tuna_retrained,50,3.72,200.0,203.72,0.561337619047619,0.041075697528420975,42.38,42.38,42.38,0.06658357308089405,0.06,0.012857142857142855,0.012000000000000002,0.5262857142857144,0.014481088808698406,0.06,0.14,0.03238095238095238,0.013999999999999999,0.6616190476190477,0.02287459274980014,0.12,0.42,0.09542857142857143,0.021,0.9752857142857144,0.04865293662703826,0.32,186,10000
ecoli,no_exact_any_model_TRAIN_DEV_endpoint,background,ipin_baseline,50,3.72,100.0,103.72,0.5407061904761905,0.09629548622872029,24.24,24.24,24.24,0.16357429204198987,0.3,0.06938095238095238,0.06,1.4476190476190476,0.07070971667073085,0.24,0.54,0.12042857142857143,0.054000000000000006,1.2582857142857145,0.09259439372074882,0.38,0.92,0.2188095238095238,0.046,1.1400476190476192,0.12948307154918873,0.54,186,5000
ecoli,no_exact_any_model_TRAIN_DEV_endpoint,background,ipin_optimized,50,3.72,100.0,103.72,0.5601490476190476,0.0915486737178453,22.4,22.4,22.4,0.14451912399439343,0.36,0.07709523809523809,0.07200000000000001,1.613904761904762,0.07143118335977477,0.26,0.48,0.09809523809523808,0.048,1.028952380952381,0.07737586181011295,0.34,0.9,0.21295238095238095,0.045,1.1097619047619047,0.12052314090928527,0.52,186,5000
ecoli,no_exact_any_model_TRAIN_DEV_endpoint,background,ipin_tuna_31k,50,3.72,100.0,103.72,0.5594142857142856,0.0952207862697356,20.68,20.68,20.68,0.17367890256234714,0.3,0.07685714285714285,0.06,1.5971428571428572,0.07116478053454804,0.3,0.58,0.1537142857142857,0.057999999999999996,1.5951428571428574,0.10513511319198614,0.5,0.94,0.24657142857142858,0.047000000000000014,1.279857142857143,0.14004309893963104,0.62,186,5000
ecoli,no_exact_any_model_TRAIN_DEV_endpoint,background,tuna_retrained,50,3.72,100.0,103.72,0.5652952380952382,0.08005201699786699,21.36,21.36,21.36,0.1269665314149236,0.22,0.05038095238095238,0.044000000000000004,1.0516190476190477,0.04735546616195619,0.18,0.38,0.09257142857142857,0.038000000000000006,0.9637142857142856,0.0637221991704752,0.3,0.72,0.18242857142857144,0.036000000000000004,0.9481428571428573,0.09759338285774571,0.5,186,5000
ecoli,no_exact_any_model_TRAIN_DEV_endpoint,matched,ipin_baseline,50,3.72,100.0,103.72,0.5517833333333334,0.09690087606620251,23.46,23.46,23.46,0.15574530259665326,0.3,0.06938095238095238,0.06000000000000001,1.4476190476190476,0.06850679581386507,0.22,0.52,0.11823809523809523,0.052000000000000005,1.2343809523809524,0.0901123563023752,0.36,0.96,0.23628571428571427,0.048,1.2294285714285715,0.13467799494423327,0.58,186,5000
ecoli,no_exact_any_model_TRAIN_DEV_endpoint,matched,ipin_optimized,50,3.72,100.0,103.72,0.5604942857142856,0.09452192437854412,22.2,22.2,22.2,0.15774665505482255,0.28,0.05357142857142857,0.055999999999999994,1.1274285714285714,0.06234319467854012,0.18,0.54,0.11776190476190475,0.054000000000000006,1.2316190476190478,0.08845005155254247,0.38,0.84,0.20609523809523808,0.042,1.0724761904761906,0.12034486209565178,0.54,186,5000
ecoli,no_exact_any_model_TRAIN_DEV_endpoint,matched,ipin_tuna_31k,50,3.72,100.0,103.72,0.5519233333333333,0.08927072445529287,20.84,20.84,20.84,0.16431834732228054,0.32,0.08752380952380953,0.064,1.8144761904761908,0.0719177882582179,0.32,0.52,0.13604761904761906,0.05200000000000001,1.4124761904761904,0.09406292708932938,0.44,0.84,0.22128571428571425,0.042,1.1484285714285714,0.12640088643382896,0.6,186,5000
ecoli,no_exact_any_model_TRAIN_DEV_endpoint,matched,tuna_retrained,50,3.72,100.0,103.72,0.55738,0.07520313634288685,22.02,22.02,22.02,0.11859858198016943,0.16,0.04238095238095238,0.032,0.8796190476190477,0.03821795251599616,0.14,0.36,0.0809047619047619,0.036000000000000004,0.8450476190476192,0.05648452181338092,0.28,0.68,0.19076190476190477,0.034,0.987809523809524,0.09390618266941914,0.52,186,5000
fly,all,all_U,ipin_baseline,50,6.28,200.0,206.28,0.6445468253968255,0.09359825273498355,23.84,23.84,23.84,0.19641358118601793,0.4,0.0605,0.08,2.5,0.08511108217781864,0.34,0.7,0.10524603174603175,0.07,2.1749206349206345,0.08856533728327542,0.44,1.14,0.17099206349206347,0.057,1.766920634920635,0.11958525681454713,0.56,314,10000
fly,all,all_U,ipin_optimized,50,6.28,200.0,206.28,0.628675753968254,0.11089523410752208,23.5,23.5,23.5,0.28185476597729714,0.42,0.06566666666666666,0.084,2.710666666666666,0.11145138286166417,0.34,0.78,0.12122222222222222,0.07800000000000001,2.5024444444444445,0.11552112840932413,0.46,1.42,0.21630158730158733,0.07100000000000001,2.2340158730158732,0.15917276311109657,0.68,314,10000
fly,all,all_U,ipin_tuna_31k,50,6.28,200.0,206.28,0.671617261904762,0.12034274043524924,17.14,17.14,17.14,0.2755245031819022,0.56,0.0741031746031746,0.11200000000000002,3.0761269841269843,0.12564911617556995,0.36,0.96,0.12796031746031747,0.096,2.655206349206349,0.12154294800907181,0.52,1.72,0.25784920634920633,0.086,2.6644920634920637,0.1780426283320412,0.7,314,10000
fly,all,all_U,tuna_retrained,50,6.28,200.0,206.28,0.6767691666666665,0.13758757222889673,20.34,20.34,20.34,0.3110810924939926,0.7,0.0956031746031746,0.14,3.9641269841269837,0.15984589886278125,0.46,1.18,0.15049206349206348,0.11800000000000001,3.1278412698412708,0.15095278521491357,0.58,1.8,0.24007142857142857,0.09,2.4907142857142857,0.19121816369326297,0.7,314,10000
fly,all,background,ipin_baseline,50,6.28,100.0,106.28,0.6455017460317459,0.1615448996877427,12.38,12.38,12.38,0.3010239538887707,0.7,0.10235714285714284,0.14,2.1871428571428573,0.15381710447868716,0.42,1.14,0.1801031746031746,0.114,1.9150317460317459,0.15386656374870966,0.58,2.16,0.3592857142857142,0.10800000000000001,1.9044285714285716,0.23017350185847232,0.8,314,5000
fly,all,background,ipin_optimized,50,6.28,100.0,106.28,0.6281219841269842,0.18260751371404557,11.92,11.92,11.92,0.3728498113666589,0.76,0.11044444444444444,0.15200000000000002,2.360888888888889,0.18323980083202798,0.48,1.48,0.23201587301587304,0.14800000000000002,2.46815873015873,0.20110574719493407,0.68,2.28,0.3563095238095238,0.114,1.895547619047619,0.2572234844820669,0.8,314,5000
fly,all,background,ipin_tuna_31k,50,6.28,100.0,106.28,0.6710380158730159,0.19843124002505402,9.34,9.34,9.34,0.3440172792607003,0.9,0.12562698412698414,0.18,2.692539682539682,0.19484277493073196,0.52,1.66,0.23468253968253966,0.16599999999999998,2.5128253968253973,0.207046734082863,0.68,2.7,0.42328571428571427,0.135,2.251428571428572,0.28737901956601564,0.9,314,5000
fly,all,background,tuna_retrained,50,6.28,100.0,106.28,0.6752509523809523,0.20536426940722738,10.96,10.96,10.96,0.370336100393859,0.98,0.12826984126984126,0.19599999999999998,2.7613968253968255,0.2156607928685443,0.54,1.62,0.20834920634920637,0.162,2.2454920634920637,0.20484069714762992,0.66,2.66,0.3756428571428571,0.13299999999999998,2.011214285714286,0.2793780296375014,0.8,314,5000
fly,all,matched,ipin_baseline,50,6.28,100.0,106.28,0.6435919047619048,0.1592575599270605,12.46,12.46,12.46,0.29953759649677336,0.66,0.10924603174603174,0.132,2.316920634920635,0.15059118256948112,0.44,1.04,0.1589920634920635,0.10400000000000001,1.693920634920635,0.14339568825135934,0.58,2.14,0.3570396825396825,0.107,1.8921984126984126,0.22691835238093194,0.86,314,5000
fly,all,matched,ipin_optimized,50,6.28,100.0,106.28,0.6292295238095238,0.17324055657837703,12.58,12.58,12.58,0.337281618123711,0.72,0.115,0.14400000000000002,2.444,0.17025427396954768,0.48,1.24,0.19080158730158728,0.12400000000000003,2.0320158730158733,0.17403987065195012,0.64,2.22,0.34498412698412695,0.111,1.8359206349206352,0.2428507180331069,0.76,314,5000
fly,all,matched,ipin_tuna_31k,50,6.28,100.0,106.28,0.6721965079365081,0.18700965805090658,8.8,8.8,8.8,0.3690615014070896,0.78,0.10446031746031745,0.156,2.2452063492063496,0.17599141846532237,0.48,1.54,0.2351825396825397,0.154,2.505825396825397,0.19998629240500498,0.7,2.58,0.4116428571428572,0.12899999999999998,2.187214285714286,0.2770431107806866,0.88,314,5000
fly,all,matched,tuna_retrained,50,6.28,100.0,106.28,0.678287380952381,0.21107341863550225,10.38,10.38,10.38,0.432449209006902,1.0,0.13199206349206347,0.2,2.8398412698412705,0.23287580040321612,0.56,1.54,0.2154047619047619,0.154,2.308047619047619,0.21500840679560848,0.72,2.58,0.3841984126984127,0.129,2.0499920634920636,0.2903597994366639,0.82,314,5000
fly,no_exact_TRAIN_DEV_endpoint,all_U,ipin_baseline,50,6.28,200.0,206.28,0.6445468253968255,0.09359825273498355,23.84,23.84,23.84,0.19641358118601793,0.4,0.0605,0.08,2.5,0.08511108217781864,0.34,0.7,0.10524603174603175,0.07,2.1749206349206345,0.08856533728327542,0.44,1.14,0.17099206349206347,0.057,1.766920634920635,0.11958525681454713,0.56,314,10000
fly,no_exact_TRAIN_DEV_endpoint,all_U,ipin_optimized,50,6.28,200.0,206.28,0.628675753968254,0.11089523410752208,23.5,23.5,23.5,0.28185476597729714,0.42,0.06566666666666666,0.084,2.710666666666666,0.11145138286166417,0.34,0.78,0.12122222222222222,0.07800000000000001,2.5024444444444445,0.11552112840932413,0.46,1.42,0.21630158730158733,0.07100000000000001,2.2340158730158732,0.15917276311109657,0.68,314,10000
fly,no_exact_TRAIN_DEV_endpoint,all_U,ipin_tuna_31k,50,6.28,200.0,206.28,0.671617261904762,0.12034274043524924,17.14,17.14,17.14,0.2755245031819022,0.56,0.0741031746031746,0.11200000000000002,3.0761269841269843,0.12564911617556995,0.36,0.96,0.12796031746031747,0.096,2.655206349206349,0.12154294800907181,0.52,1.72,0.25784920634920633,0.086,2.6644920634920637,0.1780426283320412,0.7,314,10000
fly,no_exact_TRAIN_DEV_endpoint,all_U,tuna_retrained,50,6.28,200.0,206.28,0.6767691666666665,0.13758757222889673,20.34,20.34,20.34,0.3110810924939926,0.7,0.0956031746031746,0.14,3.9641269841269837,0.15984589886278125,0.46,1.18,0.15049206349206348,0.11800000000000001,3.1278412698412708,0.15095278521491357,0.58,1.8,0.24007142857142857,0.09,2.4907142857142857,0.19121816369326297,0.7,314,10000
fly,no_exact_TRAIN_DEV_endpoint,background,ipin_baseline,50,6.28,100.0,106.28,0.6455017460317459,0.1615448996877427,12.38,12.38,12.38,0.3010239538887707,0.7,0.10235714285714284,0.14,2.1871428571428573,0.15381710447868716,0.42,1.14,0.1801031746031746,0.114,1.9150317460317459,0.15386656374870966,0.58,2.16,0.3592857142857142,0.10800000000000001,1.9044285714285716,0.23017350185847232,0.8,314,5000
fly,no_exact_TRAIN_DEV_endpoint,background,ipin_optimized,50,6.28,100.0,106.28,0.6281219841269842,0.18260751371404557,11.92,11.92,11.92,0.3728498113666589,0.76,0.11044444444444444,0.15200000000000002,2.360888888888889,0.18323980083202798,0.48,1.48,0.23201587301587304,0.14800000000000002,2.46815873015873,0.20110574719493407,0.68,2.28,0.3563095238095238,0.114,1.895547619047619,0.2572234844820669,0.8,314,5000
fly,no_exact_TRAIN_DEV_endpoint,background,ipin_tuna_31k,50,6.28,100.0,106.28,0.6710380158730159,0.19843124002505402,9.34,9.34,9.34,0.3440172792607003,0.9,0.12562698412698414,0.18,2.692539682539682,0.19484277493073196,0.52,1.66,0.23468253968253966,0.16599999999999998,2.5128253968253973,0.207046734082863,0.68,2.7,0.42328571428571427,0.135,2.251428571428572,0.28737901956601564,0.9,314,5000
fly,no_exact_TRAIN_DEV_endpoint,background,tuna_retrained,50,6.28,100.0,106.28,0.6752509523809523,0.20536426940722738,10.96,10.96,10.96,0.370336100393859,0.98,0.12826984126984126,0.19599999999999998,2.7613968253968255,0.2156607928685443,0.54,1.62,0.20834920634920637,0.162,2.2454920634920637,0.20484069714762992,0.66,2.66,0.3756428571428571,0.13299999999999998,2.011214285714286,0.2793780296375014,0.8,314,5000
fly,no_exact_TRAIN_DEV_endpoint,matched,ipin_baseline,50,6.28,100.0,106.28,0.6435919047619048,0.1592575599270605,12.46,12.46,12.46,0.29953759649677336,0.66,0.10924603174603174,0.132,2.316920634920635,0.15059118256948112,0.44,1.04,0.1589920634920635,0.10400000000000001,1.693920634920635,0.14339568825135934,0.58,2.14,0.3570396825396825,0.107,1.8921984126984126,0.22691835238093194,0.86,314,5000
fly,no_exact_TRAIN_DEV_endpoint,matched,ipin_optimized,50,6.28,100.0,106.28,0.6292295238095238,0.17324055657837703,12.58,12.58,12.58,0.337281618123711,0.72,0.115,0.14400000000000002,2.444,0.17025427396954768,0.48,1.24,0.19080158730158728,0.12400000000000003,2.0320158730158733,0.17403987065195012,0.64,2.22,0.34498412698412695,0.111,1.8359206349206352,0.2428507180331069,0.76,314,5000
fly,no_exact_TRAIN_DEV_endpoint,matched,ipin_tuna_31k,50,6.28,100.0,106.28,0.6721965079365081,0.18700965805090658,8.8,8.8,8.8,0.3690615014070896,0.78,0.10446031746031745,0.156,2.2452063492063496,0.17599141846532237,0.48,1.54,0.2351825396825397,0.154,2.505825396825397,0.19998629240500498,0.7,2.58,0.4116428571428572,0.12899999999999998,2.187214285714286,0.2770431107806866,0.88,314,5000
fly,no_exact_TRAIN_DEV_endpoint,matched,tuna_retrained,50,6.28,100.0,106.28,0.678287380952381,0.21107341863550225,10.38,10.38,10.38,0.432449209006902,1.0,0.13199206349206347,0.2,2.8398412698412705,0.23287580040321612,0.56,1.54,0.2154047619047619,0.154,2.308047619047619,0.21500840679560848,0.72,2.58,0.3841984126984127,0.129,2.0499920634920636,0.2903597994366639,0.82,314,5000
fly,no_exact_any_model_TRAIN_DEV_endpoint,all_U,ipin_baseline,50,6.28,199.96,206.24,0.6445160046263062,0.0936094126614821,23.84,23.84,23.84,0.19641358118601793,0.4,0.0605,0.08,2.5,0.08511108217781864,0.34,0.7,0.10524603174603175,0.07,2.1749206349206345,0.08856533728327542,0.44,1.14,0.17099206349206347,0.057,1.766820634920635,0.11958525681454713,0.56,314,9998
fly,no_exact_any_model_TRAIN_DEV_endpoint,all_U,ipin_optimized,50,6.28,199.96,206.24,0.6287468929967297,0.11093593590453783,23.48,23.48,23.48,0.28192012545442136,0.42,0.06566666666666666,0.084,2.710666666666666,0.11145138286166417,0.34,0.78,0.12122222222222222,0.07800000000000001,2.5024444444444445,0.11552112840932413,0.46,1.42,0.21630158730158733,0.07100000000000001,2.233915873015873,0.15919214682713867,0.68,314,9998
fly,no_exact_any_model_TRAIN_DEV_endpoint,all_U,ipin_tuna_31k,50,6.28,199.96,206.24,0.6717162903804739,0.12039257662732528,17.12,17.12,17.12,0.2755307688460626,0.56,0.0741031746031746,0.11200000000000002,3.0761269841269843,0.12564911617556995,0.36,0.96,0.12796031746031747,0.096,2.6550063492063494,0.12154294800907181,0.52,1.72,0.25784920634920633,0.086,2.6642920634920637,0.17807603218494794,0.7,314,9998
fly,no_exact_any_model_TRAIN_DEV_endpoint,all_U,tuna_retrained,50,6.28,199.96,206.24,0.6768550125628141,0.13768873633526835,20.32,20.32,20.32,0.31117633058923067,0.7,0.0956031746031746,0.14,3.9641269841269837,0.15984589886278125,0.46,1.18,0.15049206349206348,0.11800000000000001,3.1278412698412708,0.15095278521491357,0.58,1.82,0.2420714285714286,0.091,2.511314285714286,0.19228417514155438,0.7,314,9998
fly,no_exact_any_model_TRAIN_DEV_endpoint,background,ipin_baseline,50,6.28,99.98,106.26,0.6453751467051467,0.1615448996877427,12.38,12.38,12.38,0.3010239538887707,0.7,0.10235714285714284,0.14,2.1871428571428573,0.15381710447868716,0.42,1.14,0.1801031746031746,0.114,1.9150317460317459,0.15386656374870966,0.58,2.16,0.3592857142857142,0.10800000000000001,1.9044285714285716,0.23017350185847232,0.8,314,4999
fly,no_exact_any_model_TRAIN_DEV_endpoint,background,ipin_optimized,50,6.28,99.98,106.26,0.6281347787397789,0.18261368543377227,11.92,11.92,11.92,0.3728498113666589,0.76,0.11044444444444444,0.15200000000000002,2.360888888888889,0.18323980083202798,0.48,1.48,0.23201587301587304,0.14800000000000002,2.46815873015873,0.20110574719493407,0.68,2.28,0.3563095238095238,0.114,1.895547619047619,0.2572234844820669,0.8,314,4999
fly,no_exact_any_model_TRAIN_DEV_endpoint,background,ipin_tuna_31k,50,6.28,99.98,106.26,0.6711114165464166,0.19844286023290586,9.32,9.32,9.32,0.34403744055102287,0.9,0.12562698412698414,0.18,2.692539682539682,0.19484277493073196,0.52,1.66,0.23468253968253966,0.16599999999999998,2.5128253968253973,0.207046734082863,0.68,2.7,0.42328571428571427,0.135,2.251428571428572,0.28737901956601564,0.9,314,4999
fly,no_exact_any_model_TRAIN_DEV_endpoint,background,tuna_retrained,50,6.28,99.98,106.26,0.675267113997114,0.20536916545526626,10.96,10.96,10.96,0.370336100393859,0.98,0.12826984126984126,0.19599999999999998,2.7613968253968255,0.2156607928685443,0.54,1.62,0.20834920634920637,0.162,2.2454920634920637,0.20484069714762992,0.66,2.66,0.3756428571428571,0.13299999999999998,2.0108809523809525,0.2793780296375014,0.8,314,4999
fly,no_exact_any_model_TRAIN_DEV_endpoint,matched,ipin_baseline,50,6.28,99.98,106.26,0.6436579653679654,0.15929542833815744,12.46,12.46,12.46,0.29953759649677336,0.66,0.10924603174603174,0.132,2.316920634920635,0.15059118256948112,0.44,1.04,0.1589920634920635,0.10400000000000001,1.6937206349206348,0.14339568825135934,0.58,2.14,0.3570396825396825,0.107,1.8920984126984126,0.22691835238093194,0.86,314,4999
fly,no_exact_any_model_TRAIN_DEV_endpoint,matched,ipin_optimized,50,6.28,99.98,106.26,0.6293549783549784,0.17335338810903436,12.56,12.56,12.56,0.3375038403459332,0.72,0.115,0.14400000000000002,2.444,0.17025427396954768,0.48,1.24,0.19080158730158728,0.12400000000000003,2.0318158730158733,0.17409253935705885,0.64,2.24,0.34698412698412695,0.11199999999999999,1.846620634920635,0.2439291011142791,0.76,314,4999
fly,no_exact_any_model_TRAIN_DEV_endpoint,matched,ipin_tuna_31k,50,6.28,99.98,106.26,0.6723108513708516,0.18715526430071108,8.8,8.8,8.8,0.3690615014070896,0.78,0.10446031746031745,0.156,2.2448063492063492,0.17599141846532237,0.48,1.54,0.2351825396825397,0.154,2.505425396825397,0.20006494640825664,0.7,2.58,0.4116428571428572,0.12899999999999998,2.186814285714286,0.2771593830447642,0.88,314,4999
fly,no_exact_any_model_TRAIN_DEV_endpoint,matched,tuna_retrained,50,6.28,99.98,106.26,0.6784411183261183,0.21128327551802215,10.36,10.36,10.36,0.4326714312291242,1.0,0.13199206349206347,0.2,2.8398412698412705,0.23287580040321612,0.56,1.54,0.2154047619047619,0.154,2.307847619047619,0.21506107550071726,0.72,2.58,0.3841984126984127,0.129,2.0494920634920635,0.29052420884802943,0.82,314,4999
mouse,all,all_U,ipin_baseline,50,3.8,200.0,203.8,0.7405530158730158,0.13871015914868903,23.14,23.14,23.14,0.2071211839669543,0.32,0.09890476190476191,0.064,4.020190476190477,0.11048373925256479,0.24,0.58,0.1682857142857143,0.057999999999999996,3.4237142857142855,0.1369141809012115,0.36,0.92,0.28669841269841273,0.046,2.9129841269841266,0.1773547709861017,0.52,190,10000
mouse,all,all_U,ipin_optimized,50,3.8,200.0,203.8,0.7259589285714285,0.11421063129672168,27.4,27.4,27.4,0.15664087340817073,0.24,0.0800952380952381,0.048,3.2518095238095244,0.0766893458717435,0.18,0.56,0.19114285714285714,0.055999999999999994,3.878857142857143,0.1213991091715867,0.38,0.9,0.29144444444444445,0.045,2.9594444444444448,0.15739539572373631,0.54,190,10000
mouse,all,all_U,ipin_tuna_31k,50,3.8,200.0,203.8,0.7681027777777778,0.12091452718734778,19.94,19.94,19.94,0.19348051108268252,0.3,0.1231904761904762,0.06000000000000001,4.987619047619047,0.10060445800372993,0.3,0.48,0.17819047619047615,0.04800000000000001,3.611809523809524,0.12200887114286915,0.38,1.04,0.3403809523809524,0.052000000000000005,3.4558095238095246,0.1796819994280511,0.62,190,10000
mouse,all,all_U,tuna_retrained,50,3.8,200.0,203.8,0.7178404365079366,0.13061690680271754,27.5,27.5,27.5,0.19313727993389526,0.26,0.1031904761904762,0.052000000000000005,4.179619047619047,0.096701784360238,0.24,0.56,0.1963809523809524,0.05600000000000001,3.983619047619048,0.13712333529016144,0.38,1.02,0.36820634920634915,0.051000000000000004,3.7330634920634918,0.1950424378626855,0.64,190,10000
mouse,all,background,ipin_baseline,50,3.8,100.0,103.8,0.754675,0.2140628943268339,11.24,11.24,11.24,0.2854465019712539,0.62,0.19550793650793652,0.12400000000000003,4.03415873015873,0.1856235851928661,0.38,1.0,0.30852380952380953,0.1,3.185238095238095,0.22469731371203416,0.56,1.74,0.5432857142857143,0.087,2.8034285714285714,0.30776259684499974,0.82,190,5000
mouse,all,background,ipin_optimized,50,3.8,100.0,103.8,0.734232619047619,0.19752421140474502,13.5,13.5,13.5,0.2705191586563117,0.56,0.2016984126984127,0.11199999999999999,4.145968253968254,0.17654574367461928,0.42,0.9,0.3003015873015873,0.09,3.093015873015874,0.2118034061421201,0.58,1.54,0.478484126984127,0.077,2.4694206349206356,0.2767171949408537,0.76,190,5000
mouse,all,background,ipin_tuna_31k,50,3.8,100.0,103.8,0.7762243650793651,0.21267974468644332,10.02,10.02,10.02,0.2928697983933278,0.54,0.19390476190476189,0.10800000000000001,3.986095238095239,0.17060783142393493,0.46,1.14,0.36946031746031743,0.11399999999999999,3.808603174603175,0.2443662174966165,0.64,1.94,0.6139682539682539,0.09700000000000002,3.1668412698412705,0.3326230914890814,0.86,190,5000
mouse,all,background,tuna_retrained,50,3.8,100.0,103.8,0.7215316666666668,0.20576139615659986,14.12,14.12,14.12,0.2814681135301601,0.62,0.22738095238095235,0.124,4.671619047619048,0.18488985054803084,0.44,1.1,0.3775873015873016,0.11,3.8858730158730164,0.24707661546690413,0.68,1.58,0.5055873015873016,0.079,2.606936507936508,0.29534479501946725,0.82,190,5000
mouse,all,matched,ipin_baseline,50,3.8,100.0,103.8,0.7264310317460319,0.18729827565259669,12.9,12.9,12.9,0.25410987934822277,0.46,0.14146031746031745,0.092,2.92120634920635,0.14601841893272083,0.3,0.84,0.259,0.08399999999999999,2.6740000000000004,0.19004535788813243,0.52,1.48,0.47879365079365077,0.074,2.4679682539682544,0.2644568796277064,0.74,190,5000
mouse,all,matched,ipin_optimized,50,3.8,100.0,103.8,0.7176852380952381,0.1673136326369377,14.9,14.9,14.9,0.20277351390118725,0.46,0.15653968253968253,0.092,3.222793650793651,0.12894928647982307,0.36,0.84,0.2719206349206349,0.084,2.803206349206349,0.175164992886221,0.48,1.44,0.43765079365079357,0.072,2.2602539682539686,0.23527731965280016,0.74,190,5000
mouse,all,matched,ipin_tuna_31k,50,3.8,100.0,103.8,0.7599811904761906,0.19114536124350193,10.92,10.92,10.92,0.28229440847397125,0.44,0.16985714285714287,0.08800000000000001,3.485142857142857,0.15415086272106973,0.38,0.92,0.30133333333333334,0.09200000000000001,3.105333333333333,0.21051384725456862,0.56,1.66,0.5338095238095238,0.083,2.7520476190476195,0.2906163759279093,0.86,190,5000
mouse,all,matched,tuna_retrained,50,3.8,100.0,103.8,0.7141492063492063,0.19950045508981723,14.38,14.38,14.38,0.2704868953257255,0.46,0.18219047619047618,0.092,3.7358095238095244,0.16171513671363022,0.36,0.88,0.32090476190476186,0.08800000000000001,3.29704761904762,0.22027358108222145,0.56,1.5,0.4799206349206349,0.075,2.4746031746031747,0.28062070054436034,0.78,190,5000
mouse,no_exact_TRAIN_DEV_endpoint,all_U,ipin_baseline,47,3.5531914893617023,197.51063829787233,201.06382978723406,0.737957892113992,0.13546255251022177,24.46808510638298,24.46808510638298,24.46808510638298,0.1768759284741702,0.2553191489361702,0.09812563323201622,0.05106382978723405,3.9322391084093207,0.10081332771332699,0.2127659574468085,0.46808510638297873,0.1648429584599797,0.04680851063829788,3.3016919959473157,0.12808458446563828,0.3404255319148936,0.7659574468085106,0.2785207700101317,0.03829787234042553,2.788933637284701,0.1656475102772418,0.48936170212765956,167,9283
mouse,no_exact_TRAIN_DEV_endpoint,all_U,ipin_optimized,47,3.5531914893617023,197.51063829787233,201.06382978723406,0.7220323924188303,0.11197935851865742,28.127659574468087,28.127659574468087,28.127659574468087,0.1520884556494378,0.23404255319148937,0.07456940222897669,0.04680851063829788,2.99515704154002,0.07506156802562652,0.1702127659574468,0.48936170212765956,0.185612968591692,0.048936170212765966,3.724214792299899,0.1171012369953713,0.3617021276595745,0.8085106382978723,0.2847517730496454,0.04042553191489363,2.8548581560283695,0.1521347963327691,0.5319148936170213,167,9283
mouse,no_exact_TRAIN_DEV_endpoint,all_U,ipin_tuna_31k,47,3.5531914893617023,197.51063829787233,201.06382978723406,0.7652017760313645,0.12192072489858716,20.872340425531913,20.872340425531913,20.872340425531913,0.19595079808855523,0.2765957446808511,0.11048632218844985,0.05531914893617022,4.419088145896657,0.09726516039690951,0.2765957446808511,0.44680851063829785,0.15977710233029382,0.044680851063829796,3.2032320162107393,0.11807435095266611,0.3404255319148936,1.0425531914893618,0.3482776089159068,0.05212765957446808,3.495987841945288,0.18273869068630935,0.5957446808510638,167,9283
mouse,no_exact_TRAIN_DEV_endpoint,all_U,tuna_retrained,47,3.5531914893617023,197.51063829787233,201.06382978723406,0.7195831072493805,0.13396346509419044,28.148936170212767,28.148936170212767,28.148936170212767,0.19391046467117679,0.2553191489361702,0.0991388044579534,0.05106382978723405,3.9713475177304964,0.09635139620487597,0.23404255319148937,0.5957446808510638,0.20607902735562308,0.0595744680851064,4.12872340425532,0.14272769564549412,0.40425531914893614,1.0425531914893618,0.39983113812901044,0.05212765957446809,3.9949358324890243,0.20400963959563592,0.6595744680851063,167,9283
mouse,no_exact_TRAIN_DEV_endpoint,background,ipin_baseline,47,3.5531914893617023,98.51063829787235,102.06382978723404,0.7521601808811985,0.21043775262929604,11.787234042553191,11.787234042553191,11.787234042553191,0.2590974385335164,0.5531914893617021,0.19853090172239107,0.11063829787234043,4.033039513677811,0.17764149680210056,0.3617021276595745,0.8723404255319149,0.30410334346504564,0.08723404255319148,3.092948328267477,0.21595244202099403,0.5319148936170213,1.5319148936170213,0.538483620398514,0.07659574468085105,2.7322737250928744,0.296514699901461,0.8085106382978723,167,4630
mouse,no_exact_TRAIN_DEV_endpoint,background,ipin_optimized,47,3.5531914893617023,98.51063829787235,102.06382978723404,0.7307745385803001,0.185755767388632,13.808510638297872,13.808510638297872,13.808510638297872,0.25805085788088455,0.5106382978723404,0.19093211752786218,0.10212765957446808,3.8725531914893616,0.16566066490752668,0.3829787234042553,0.7872340425531915,0.2785714285714285,0.07872340425531917,2.8243110435663628,0.19526793886401028,0.5319148936170213,1.4042553191489362,0.48454913880445794,0.0702127659574468,2.4575253292806485,0.2655933078138088,0.7659574468085106,167,4630
mouse,no_exact_TRAIN_DEV_endpoint,background,ipin_tuna_31k,47,3.5531914893617023,98.51063829787235,102.06382978723404,0.772530093829862,0.208112492790271,10.46808510638298,10.46808510638298,10.46808510638298,0.2862026662705102,0.5319148936170213,0.18004052684903749,0.10638297872340427,3.6643768996960486,0.16332893449020114,0.425531914893617,1.127659574468085,0.3919790611279973,0.11276595744680849,3.9872019587977032,0.24699662347608417,0.5957446808510638,1.7872340425531914,0.6178149273893954,0.08936170212765956,3.1374712934819327,0.3253575486473129,0.8723404255319149,167,4630
mouse,no_exact_TRAIN_DEV_endpoint,background,tuna_retrained,47,3.5531914893617023,98.51063829787235,102.06382978723404,0.7219466620497536,0.20480073039176394,14.446808510638299,14.446808510638299,14.446808510638299,0.2746984773039179,0.6170212765957447,0.22203647416413372,0.12340425531914895,4.4971732522796355,0.18074451886557005,0.425531914893617,1.1063829787234043,0.39790611279972976,0.11063829787234043,4.031209050996285,0.25127067863045477,0.7021276595744681,1.5106382978723405,0.5167004390408646,0.07553191489361702,2.6206577169875045,0.2946167339031729,0.8085106382978723,167,4630
mouse,no_exact_TRAIN_DEV_endpoint,matched,ipin_baseline,47,3.5531914893617023,99.0,102.55319148936171,0.723818400913747,0.17783068471109334,13.680851063829786,13.680851063829786,13.680851063829786,0.22662886144191685,0.40425531914893614,0.14812563323201622,0.08085106382978724,3.0145694022289766,0.1367180522612614,0.2978723404255319,0.7021276595744681,0.24007092198581556,0.07021276595744683,2.4380851063829785,0.17385447474016422,0.48936170212765956,1.3404255319148937,0.4835866261398176,0.06702127659574468,2.4548657548125634,0.2535854903274479,0.7446808510638298,167,4653
mouse,no_exact_TRAIN_DEV_endpoint,matched,ipin_optimized,47,3.5531914893617023,99.0,102.55319148936171,0.7131667062845245,0.16143231532465394,15.319148936170214,15.319148936170214,15.319148936170214,0.1980237960393412,0.425531914893617,0.16180344478216818,0.0851063829787234,3.2924417426545087,0.12716520197912418,0.3404255319148936,0.7446808510638298,0.26681864235055724,0.074468085106383,2.721838905775076,0.1692389701566368,0.46808510638297873,1.297872340425532,0.4306484295845998,0.06489361702127659,2.202368287740628,0.2266175635769009,0.7021276595744681,167,4653
mouse,no_exact_TRAIN_DEV_endpoint,matched,ipin_tuna_31k,47,3.5531914893617023,99.0,102.55319148936171,0.7578258225198591,0.19798154118025316,11.404255319148936,11.404255319148936,11.404255319148936,0.29608398421337107,0.425531914893617,0.16155015197568387,0.08510638297872343,3.279017223910841,0.15756811226466427,0.3617021276595745,0.9148936170212766,0.2907801418439716,0.09148936170212765,2.968444782168186,0.2152009438835577,0.5319148936170213,1.5319148936170213,0.5230834177642688,0.07659574468085105,2.6656053698074973,0.29113699007767724,0.8085106382978723,167,4653
mouse,no_exact_TRAIN_DEV_endpoint,matched,tuna_retrained,47,3.5531914893617023,99.0,102.55319148936171,0.7171474931629811,0.20138166132960664,14.702127659574469,14.702127659574469,14.702127659574469,0.2755631477851327,0.5106382978723404,0.20091185410334347,0.1021276595744681,4.087051671732522,0.17271581986709827,0.3829787234042553,0.9361702127659575,0.3682201958797703,0.09361702127659575,3.7367679837892602,0.23708203527257155,0.6170212765957447,1.4680851063829787,0.49719689294157376,0.07340425531914894,2.5319098277608916,0.28637177541040626,0.7659574468085106,167,4653
mouse,no_exact_any_model_TRAIN_DEV_endpoint,all_U,ipin_baseline,47,3.5531914893617023,196.25531914893617,199.80851063829786,0.7373375138468249,0.13562325003476614,24.425531914893618,24.425531914893618,24.425531914893618,0.1769115054027158,0.2553191489361702,0.09812563323201622,0.05106382978723405,3.898814589665654,0.10081332771332699,0.2127659574468085,0.46808510638297873,0.1648429584599797,0.04680851063829788,3.271408308004053,0.12808458446563828,0.3404255319148936,0.7659574468085106,0.2785207700101317,0.03829787234042553,2.766086626139818,0.16572523679184956,0.48936170212765956,167,9224
mouse,no_exact_any_model_TRAIN_DEV_endpoint,all_U,ipin_optimized,47,3.5531914893617023,196.25531914893617,199.80851063829786,0.7211790685925022,0.11201282582785889,28.085106382978722,28.085106382978722,28.085106382978722,0.1521050783210239,0.23404255319148937,0.07456940222897669,0.04680851063829788,2.985592705167173,0.07506156802562652,0.1702127659574468,0.48936170212765956,0.185612968591692,0.048936170212765966,3.693627152988855,0.1171012369953713,0.3617021276595745,0.8085106382978723,0.2847517730496454,0.04042553191489363,2.8332953394123606,0.1521347963327691,0.5319148936170213,167,9224
mouse,no_exact_any_model_TRAIN_DEV_endpoint,all_U,ipin_tuna_31k,47,3.5531914893617023,196.25531914893617,199.80851063829786,0.7653044578843152,0.12209337625075968,20.70212765957447,20.70212765957447,20.70212765957447,0.19610834905116611,0.2765957446808511,0.11048632218844985,0.05531914893617022,4.386352583586627,0.09726516039690951,0.2765957446808511,0.44680851063829785,0.15977710233029382,0.044680851063829796,3.1805876393110437,0.11807435095266611,0.3404255319148936,1.0425531914893618,0.3482776089159068,0.05212765957446808,3.4669376899696056,0.18281758354722014,0.5957446808510638,167,9224
mouse,no_exact_any_model_TRAIN_DEV_endpoint,all_U,tuna_retrained,47,3.5531914893617023,196.25531914893617,199.80851063829786,0.7195150750087896,0.1342192188363497,28.02127659574468,28.02127659574468,28.02127659574468,0.19411686106054546,0.2553191489361702,0.0991388044579534,0.05106382978723405,3.9519047619047623,0.09635139620487597,0.23404255319148937,0.5957446808510638,0.20607902735562308,0.0595744680851064,4.105096251266464,0.14272769564549412,0.40425531914893614,1.0425531914893618,0.39983113812901044,0.05212765957446809,3.9624181019925704,0.20422368282769662,0.6595744680851063,167,9224
mouse,no_exact_any_model_TRAIN_DEV_endpoint,background,ipin_baseline,47,3.5531914893617023,97.85106382978724,101.40425531914893,0.7514354927682242,0.21051463601770687,11.76595744680851,11.76595744680851,11.76595744680851,0.259111795210807,0.5531914893617021,0.19853090172239107,0.11063829787234043,3.9985410334346505,0.17764149680210056,0.3617021276595745,0.8723404255319149,0.30410334346504564,0.08723404255319148,3.0684194528875386,0.21595244202099403,0.5319148936170213,1.5319148936170213,0.538483620398514,0.07659574468085105,2.7147686592367446,0.296514699901461,0.8085106382978723,167,4599
mouse,no_exact_any_model_TRAIN_DEV_endpoint,background,ipin_optimized,47,3.5531914893617023,97.85106382978724,101.40425531914893,0.729927864546013,0.1858119243816529,13.787234042553191,13.787234042553191,13.787234042553191,0.25805802171783565,0.5106382978723404,0.19093211752786218,0.10212765957446808,3.8386220871327255,0.16566066490752668,0.3829787234042553,0.7872340425531915,0.2785714285714285,0.07872340425531917,2.8001215805471134,0.19526793886401028,0.5319148936170213,1.4042553191489362,0.48454913880445794,0.0702127659574468,2.43758865248227,0.2655933078138088,0.7659574468085106,167,4599
mouse,no_exact_any_model_TRAIN_DEV_endpoint,background,ipin_tuna_31k,47,3.5531914893617023,97.85106382978724,101.40425531914893,0.7727537648826537,0.20864189015382736,10.361702127659575,10.361702127659575,10.361702127659575,0.2867105695623486,0.5319148936170213,0.18004052684903749,0.10638297872340427,3.6407092198581563,0.16332893449020114,0.425531914893617,1.127659574468085,0.3919790611279973,0.11276595744680849,3.955383316447147,0.24725120154727762,0.5957446808510638,1.7872340425531914,0.6178149273893954,0.08936170212765956,3.114958628841608,0.32583522127656667,0.8723404255319149,167,4599
mouse,no_exact_any_model_TRAIN_DEV_endpoint,background,tuna_retrained,47,3.5531914893617023,97.85106382978724,101.40425531914893,0.7214235505119837,0.20492426158031732,14.404255319148936,14.404255319148936,14.404255319148936,0.2747052372672256,0.6170212765957447,0.22203647416413372,0.12340425531914895,4.475096251266464,0.18074451886557005,0.425531914893617,1.1063829787234043,0.39790611279972976,0.11063829787234043,4.00643701452212,0.25127067863045477,0.7021276595744681,1.5106382978723405,0.5167004390408646,0.07553191489361702,2.601344140493077,0.2946167339031729,0.8085106382978723,167,4599
mouse,no_exact_any_model_TRAIN_DEV_endpoint,matched,ipin_baseline,47,3.5531914893617023,98.40425531914893,101.95744680851064,0.7233432186281459,0.17810679098292526,13.659574468085106,13.659574468085106,13.659574468085106,0.22671751392418635,0.40425531914893614,0.14812563323201622,0.08085106382978724,2.9937183383991894,0.1367180522612614,0.2978723404255319,0.7021276595744681,0.24007092198581556,0.07021276595744683,2.416590678824721,0.17385447474016422,0.48936170212765956,1.3404255319148937,0.4835866261398176,0.06702127659574468,2.4336372847011147,0.25381286854413426,0.7446808510638298,167,4625
mouse,no_exact_any_model_TRAIN_DEV_endpoint,matched,ipin_optimized,47,3.5531914893617023,98.40425531914893,101.95744680851064,0.7122233055050009,0.1614925215143154,15.297872340425531,15.297872340425531,15.297872340425531,0.19806984927688376,0.425531914893617,0.16180344478216818,0.0851063829787234,3.2668693009118543,0.12716520197912418,0.3404255319148936,0.7446808510638298,0.26681864235055724,0.074468085106383,2.7026494427558254,0.1692389701566368,0.46808510638297873,1.297872340425532,0.4306484295845998,0.06489361702127659,2.1883814589665658,0.2266175635769009,0.7021276595744681,167,4625
mouse,no_exact_any_model_TRAIN_DEV_endpoint,matched,ipin_tuna_31k,47,3.5531914893617023,98.40425531914893,101.95744680851064,0.7577701865878367,0.19812722216640524,11.340425531914894,11.340425531914894,11.340425531914894,0.29619104915691635,0.425531914893617,0.16155015197568387,0.08510638297872343,3.2476697061803446,0.15756811226466427,0.3617021276595745,0.9148936170212766,0.2907801418439716,0.09148936170212765,2.9450506585612968,0.2152009438835577,0.5319148936170213,1.5319148936170213,0.5230834177642688,0.07659574468085105,2.6456003039513685,0.29113699007767724,0.8085106382978723,167,4625
mouse,no_exact_any_model_TRAIN_DEV_endpoint,matched,tuna_retrained,47,3.5531914893617023,98.40425531914893,101.95744680851064,0.7175095213583769,0.2020130375594771,14.617021276595745,14.617021276595745,14.617021276595745,0.2761097445638236,0.5106382978723404,0.20091185410334347,0.1021276595744681,4.064214792299898,0.17271581986709827,0.3829787234042553,0.9361702127659575,0.3682201958797703,0.09361702127659575,3.7071732522796355,0.23746221519911628,0.6170212765957447,1.4680851063829787,0.49719689294157376,0.07340425531914894,2.5111600810536983,0.2869035373197754,0.7659574468085106,167,4625
worm,all,all_U,ipin_baseline,50,4.38,200.0,204.38,0.5838588888888889,0.10308227505014755,34.82,34.82,34.82,0.21887366888690135,0.42,0.07722222222222222,0.08400000000000002,3.1728888888888895,0.10199183424197805,0.28,0.68,0.13755555555555557,0.068,2.819111111111111,0.11791017938374049,0.44,1.1,0.23633333333333334,0.05500000000000001,2.4183333333333334,0.15653490033432527,0.52,219,10000
worm,all,all_U,ipin_optimized,50,4.38,200.0,204.38,0.6138877777777778,0.10473233115709123,31.3,31.3,31.3,0.2347566245492148,0.46,0.08633333333333333,0.09200000000000001,3.5453333333333337,0.11361236415288171,0.32,0.68,0.12855555555555556,0.068,2.6391111111111116,0.1181415139944631,0.42,1.0,0.20255555555555557,0.05,2.075555555555556,0.14771129483780338,0.56,219,10000
worm,all,all_U,ipin_tuna_31k,50,4.38,200.0,204.38,0.628105,0.09322055022128412,28.12,28.12,28.12,0.18104967311850853,0.3,0.07122222222222221,0.06,2.9088888888888893,0.0787739365594971,0.26,0.58,0.14288888888888887,0.05800000000000001,2.915777777777778,0.10565124829364832,0.46,0.94,0.2192222222222222,0.047,2.2392222222222227,0.13582941579966185,0.6,219,10000
worm,all,all_U,tuna_retrained,50,4.38,200.0,204.38,0.6096038888888888,0.08485765028637379,33.5,33.5,33.5,0.18261872238262225,0.38,0.07366666666666666,0.07600000000000001,3.0226666666666673,0.08492757937028361,0.28,0.6,0.11766666666666666,0.06,2.413333333333333,0.09384942830448267,0.4,0.86,0.17866666666666667,0.04300000000000001,1.8296666666666663,0.11774933566119185,0.46,219,10000
worm,all,background,ipin_baseline,50,4.38,100.0,104.38,0.6045577777777779,0.17297044325158725,16.56,16.56,16.56,0.32215638196344715,0.74,0.15955555555555556,0.14800000000000002,3.3391111111111114,0.18121525499663435,0.48,1.14,0.2421111111111111,0.114,2.535111111111111,0.20132361306407298,0.54,1.6,0.33166666666666667,0.07999999999999999,1.7383333333333335,0.238209300278856,0.7,219,5000
worm,all,background,ipin_optimized,50,4.38,100.0,104.38,0.6321622222222223,0.1603527010876116,15.14,15.14,15.14,0.2877951109795593,0.7,0.12955555555555556,0.14,2.731111111111111,0.16067151163185142,0.46,1.04,0.21455555555555555,0.10399999999999998,2.2495555555555558,0.1759285946036718,0.58,1.62,0.3471111111111111,0.081,1.8165555555555557,0.2277326748343465,0.7,219,5000
worm,all,background,ipin_tuna_31k,50,4.38,100.0,104.38,0.6598344444444446,0.1867064183441807,13.06,13.06,13.06,0.3415929337248597,0.66,0.15955555555555553,0.132,3.3231111111111113,0.18415344294350006,0.48,1.08,0.25722222222222224,0.10800000000000001,2.6802222222222225,0.21181012436136404,0.58,1.64,0.37888888888888883,0.08199999999999999,1.9764444444444444,0.2606907810510177,0.76,219,5000
worm,all,background,tuna_retrained,50,4.38,100.0,104.38,0.6209266666666666,0.14507939299671668,16.86,16.86,16.86,0.25226128254409325,0.54,0.10700000000000001,0.10800000000000001,2.248,0.12818495026797455,0.38,0.9,0.18866666666666668,0.09000000000000002,1.9766666666666668,0.15085151592904697,0.46,1.6,0.33299999999999996,0.08,1.745,0.20873764207422973,0.7,219,5000
worm,all,matched,ipin_baseline,50,4.38,100.0,104.38,0.56316,0.14235244402392053,19.26,19.26,19.26,0.27386178714569626,0.62,0.1268888888888889,0.124,2.6617777777777776,0.144220718239677,0.42,0.9,0.20233333333333334,0.09,2.1133333333333333,0.16175674237851267,0.52,1.4,0.2996666666666667,0.06999999999999999,1.5683333333333331,0.20260964097388445,0.68,219,5000
worm,all,matched,ipin_optimized,50,4.38,100.0,104.38,0.5956133333333334,0.15406928120517022,17.16,17.16,17.16,0.3112893312972836,0.62,0.11655555555555555,0.124,2.455111111111111,0.15550162581870677,0.4,0.9,0.18955555555555556,0.09,1.9855555555555555,0.16752863240753796,0.56,1.42,0.3058888888888889,0.071,1.6004444444444446,0.2129519703121015,0.68,219,5000
worm,all,matched,ipin_tuna_31k,50,4.38,100.0,104.38,0.5963755555555555,0.13392908884514146,16.06,16.06,16.06,0.243768513128547,0.48,0.11888888888888888,0.09600000000000002,2.473777777777778,0.12325268454026554,0.42,0.74,0.1788888888888889,0.074,1.8628888888888888,0.14067277060281713,0.54,1.38,0.3128888888888889,0.069,1.6334444444444447,0.19456602277582594,0.7,219,5000
worm,all,matched,tuna_retrained,50,4.38,100.0,104.38,0.598281111111111,0.1320290864353213,17.64,17.64,17.64,0.251464892757243,0.54,0.11199999999999999,0.10800000000000001,2.3480000000000003,0.12595293898762847,0.4,0.78,0.16433333333333333,0.07800000000000001,1.7213333333333332,0.13481052541643423,0.48,1.54,0.33922222222222226,0.077,1.7731111111111113,0.20295228139326685,0.7,219,5000
worm,no_exact_TRAIN_DEV_endpoint,all_U,ipin_baseline,50,4.38,200.0,204.38,0.5838588888888889,0.10308227505014755,34.82,34.82,34.82,0.21887366888690135,0.42,0.07722222222222222,0.08400000000000002,3.1728888888888895,0.10199183424197805,0.28,0.68,0.13755555555555557,0.068,2.819111111111111,0.11791017938374049,0.44,1.1,0.23633333333333334,0.05500000000000001,2.4183333333333334,0.15653490033432527,0.52,219,10000
worm,no_exact_TRAIN_DEV_endpoint,all_U,ipin_optimized,50,4.38,200.0,204.38,0.6138877777777778,0.10473233115709123,31.3,31.3,31.3,0.2347566245492148,0.46,0.08633333333333333,0.09200000000000001,3.5453333333333337,0.11361236415288171,0.32,0.68,0.12855555555555556,0.068,2.6391111111111116,0.1181415139944631,0.42,1.0,0.20255555555555557,0.05,2.075555555555556,0.14771129483780338,0.56,219,10000
worm,no_exact_TRAIN_DEV_endpoint,all_U,ipin_tuna_31k,50,4.38,200.0,204.38,0.628105,0.09322055022128412,28.12,28.12,28.12,0.18104967311850853,0.3,0.07122222222222221,0.06,2.9088888888888893,0.0787739365594971,0.26,0.58,0.14288888888888887,0.05800000000000001,2.915777777777778,0.10565124829364832,0.46,0.94,0.2192222222222222,0.047,2.2392222222222227,0.13582941579966185,0.6,219,10000
worm,no_exact_TRAIN_DEV_endpoint,all_U,tuna_retrained,50,4.38,200.0,204.38,0.6096038888888888,0.08485765028637379,33.5,33.5,33.5,0.18261872238262225,0.38,0.07366666666666666,0.07600000000000001,3.0226666666666673,0.08492757937028361,0.28,0.6,0.11766666666666666,0.06,2.413333333333333,0.09384942830448267,0.4,0.86,0.17866666666666667,0.04300000000000001,1.8296666666666663,0.11774933566119185,0.46,219,10000
worm,no_exact_TRAIN_DEV_endpoint,background,ipin_baseline,50,4.38,100.0,104.38,0.6045577777777779,0.17297044325158725,16.56,16.56,16.56,0.32215638196344715,0.74,0.15955555555555556,0.14800000000000002,3.3391111111111114,0.18121525499663435,0.48,1.14,0.2421111111111111,0.114,2.535111111111111,0.20132361306407298,0.54,1.6,0.33166666666666667,0.07999999999999999,1.7383333333333335,0.238209300278856,0.7,219,5000
worm,no_exact_TRAIN_DEV_endpoint,background,ipin_optimized,50,4.38,100.0,104.38,0.6321622222222223,0.1603527010876116,15.14,15.14,15.14,0.2877951109795593,0.7,0.12955555555555556,0.14,2.731111111111111,0.16067151163185142,0.46,1.04,0.21455555555555555,0.10399999999999998,2.2495555555555558,0.1759285946036718,0.58,1.62,0.3471111111111111,0.081,1.8165555555555557,0.2277326748343465,0.7,219,5000
worm,no_exact_TRAIN_DEV_endpoint,background,ipin_tuna_31k,50,4.38,100.0,104.38,0.6598344444444446,0.1867064183441807,13.06,13.06,13.06,0.3415929337248597,0.66,0.15955555555555553,0.132,3.3231111111111113,0.18415344294350006,0.48,1.08,0.25722222222222224,0.10800000000000001,2.6802222222222225,0.21181012436136404,0.58,1.64,0.37888888888888883,0.08199999999999999,1.9764444444444444,0.2606907810510177,0.76,219,5000
worm,no_exact_TRAIN_DEV_endpoint,background,tuna_retrained,50,4.38,100.0,104.38,0.6209266666666666,0.14507939299671668,16.86,16.86,16.86,0.25226128254409325,0.54,0.10700000000000001,0.10800000000000001,2.248,0.12818495026797455,0.38,0.9,0.18866666666666668,0.09000000000000002,1.9766666666666668,0.15085151592904697,0.46,1.6,0.33299999999999996,0.08,1.745,0.20873764207422973,0.7,219,5000
worm,no_exact_TRAIN_DEV_endpoint,matched,ipin_baseline,50,4.38,100.0,104.38,0.56316,0.14235244402392053,19.26,19.26,19.26,0.27386178714569626,0.62,0.1268888888888889,0.124,2.6617777777777776,0.144220718239677,0.42,0.9,0.20233333333333334,0.09,2.1133333333333333,0.16175674237851267,0.52,1.4,0.2996666666666667,0.06999999999999999,1.5683333333333331,0.20260964097388445,0.68,219,5000
worm,no_exact_TRAIN_DEV_endpoint,matched,ipin_optimized,50,4.38,100.0,104.38,0.5956133333333334,0.15406928120517022,17.16,17.16,17.16,0.3112893312972836,0.62,0.11655555555555555,0.124,2.455111111111111,0.15550162581870677,0.4,0.9,0.18955555555555556,0.09,1.9855555555555555,0.16752863240753796,0.56,1.42,0.3058888888888889,0.071,1.6004444444444446,0.2129519703121015,0.68,219,5000
worm,no_exact_TRAIN_DEV_endpoint,matched,ipin_tuna_31k,50,4.38,100.0,104.38,0.5963755555555555,0.13392908884514146,16.06,16.06,16.06,0.243768513128547,0.48,0.11888888888888888,0.09600000000000002,2.473777777777778,0.12325268454026554,0.42,0.74,0.1788888888888889,0.074,1.8628888888888888,0.14067277060281713,0.54,1.38,0.3128888888888889,0.069,1.6334444444444447,0.19456602277582594,0.7,219,5000
worm,no_exact_TRAIN_DEV_endpoint,matched,tuna_retrained,50,4.38,100.0,104.38,0.598281111111111,0.1320290864353213,17.64,17.64,17.64,0.251464892757243,0.54,0.11199999999999999,0.10800000000000001,2.3480000000000003,0.12595293898762847,0.4,0.78,0.16433333333333333,0.07800000000000001,1.7213333333333332,0.13481052541643423,0.48,1.54,0.33922222222222226,0.077,1.7731111111111113,0.20295228139326685,0.7,219,5000
worm,no_exact_any_model_TRAIN_DEV_endpoint,all_U,ipin_baseline,50,4.38,200.0,204.38,0.5838588888888889,0.10308227505014755,34.82,34.82,34.82,0.21887366888690135,0.42,0.07722222222222222,0.08400000000000002,3.1728888888888895,0.10199183424197805,0.28,0.68,0.13755555555555557,0.068,2.819111111111111,0.11791017938374049,0.44,1.1,0.23633333333333334,0.05500000000000001,2.4183333333333334,0.15653490033432527,0.52,219,10000
worm,no_exact_any_model_TRAIN_DEV_endpoint,all_U,ipin_optimized,50,4.38,200.0,204.38,0.6138877777777778,0.10473233115709123,31.3,31.3,31.3,0.2347566245492148,0.46,0.08633333333333333,0.09200000000000001,3.5453333333333337,0.11361236415288171,0.32,0.68,0.12855555555555556,0.068,2.6391111111111116,0.1181415139944631,0.42,1.0,0.20255555555555557,0.05,2.075555555555556,0.14771129483780338,0.56,219,10000
worm,no_exact_any_model_TRAIN_DEV_endpoint,all_U,ipin_tuna_31k,50,4.38,200.0,204.38,0.628105,0.09322055022128412,28.12,28.12,28.12,0.18104967311850853,0.3,0.07122222222222221,0.06,2.9088888888888893,0.0787739365594971,0.26,0.58,0.14288888888888887,0.05800000000000001,2.915777777777778,0.10565124829364832,0.46,0.94,0.2192222222222222,0.047,2.2392222222222227,0.13582941579966185,0.6,219,10000
worm,no_exact_any_model_TRAIN_DEV_endpoint,all_U,tuna_retrained,50,4.38,200.0,204.38,0.6096038888888888,0.08485765028637379,33.5,33.5,33.5,0.18261872238262225,0.38,0.07366666666666666,0.07600000000000001,3.0226666666666673,0.08492757937028361,0.28,0.6,0.11766666666666666,0.06,2.413333333333333,0.09384942830448267,0.4,0.86,0.17866666666666667,0.04300000000000001,1.8296666666666663,0.11774933566119185,0.46,219,10000
worm,no_exact_any_model_TRAIN_DEV_endpoint,background,ipin_baseline,50,4.38,100.0,104.38,0.6045577777777779,0.17297044325158725,16.56,16.56,16.56,0.32215638196344715,0.74,0.15955555555555556,0.14800000000000002,3.3391111111111114,0.18121525499663435,0.48,1.14,0.2421111111111111,0.114,2.535111111111111,0.20132361306407298,0.54,1.6,0.33166666666666667,0.07999999999999999,1.7383333333333335,0.238209300278856,0.7,219,5000
worm,no_exact_any_model_TRAIN_DEV_endpoint,background,ipin_optimized,50,4.38,100.0,104.38,0.6321622222222223,0.1603527010876116,15.14,15.14,15.14,0.2877951109795593,0.7,0.12955555555555556,0.14,2.731111111111111,0.16067151163185142,0.46,1.04,0.21455555555555555,0.10399999999999998,2.2495555555555558,0.1759285946036718,0.58,1.62,0.3471111111111111,0.081,1.8165555555555557,0.2277326748343465,0.7,219,5000
worm,no_exact_any_model_TRAIN_DEV_endpoint,background,ipin_tuna_31k,50,4.38,100.0,104.38,0.6598344444444446,0.1867064183441807,13.06,13.06,13.06,0.3415929337248597,0.66,0.15955555555555553,0.132,3.3231111111111113,0.18415344294350006,0.48,1.08,0.25722222222222224,0.10800000000000001,2.6802222222222225,0.21181012436136404,0.58,1.64,0.37888888888888883,0.08199999999999999,1.9764444444444444,0.2606907810510177,0.76,219,5000
worm,no_exact_any_model_TRAIN_DEV_endpoint,background,tuna_retrained,50,4.38,100.0,104.38,0.6209266666666666,0.14507939299671668,16.86,16.86,16.86,0.25226128254409325,0.54,0.10700000000000001,0.10800000000000001,2.248,0.12818495026797455,0.38,0.9,0.18866666666666668,0.09000000000000002,1.9766666666666668,0.15085151592904697,0.46,1.6,0.33299999999999996,0.08,1.745,0.20873764207422973,0.7,219,5000
worm,no_exact_any_model_TRAIN_DEV_endpoint,matched,ipin_baseline,50,4.38,100.0,104.38,0.56316,0.14235244402392053,19.26,19.26,19.26,0.27386178714569626,0.62,0.1268888888888889,0.124,2.6617777777777776,0.144220718239677,0.42,0.9,0.20233333333333334,0.09,2.1133333333333333,0.16175674237851267,0.52,1.4,0.2996666666666667,0.06999999999999999,1.5683333333333331,0.20260964097388445,0.68,219,5000
worm,no_exact_any_model_TRAIN_DEV_endpoint,matched,ipin_optimized,50,4.38,100.0,104.38,0.5956133333333334,0.15406928120517022,17.16,17.16,17.16,0.3112893312972836,0.62,0.11655555555555555,0.124,2.455111111111111,0.15550162581870677,0.4,0.9,0.18955555555555556,0.09,1.9855555555555555,0.16752863240753796,0.56,1.42,0.3058888888888889,0.071,1.6004444444444446,0.2129519703121015,0.68,219,5000
worm,no_exact_any_model_TRAIN_DEV_endpoint,matched,ipin_tuna_31k,50,4.38,100.0,104.38,0.5963755555555555,0.13392908884514146,16.06,16.06,16.06,0.243768513128547,0.48,0.11888888888888888,0.09600000000000002,2.473777777777778,0.12325268454026554,0.42,0.74,0.1788888888888889,0.074,1.8628888888888888,0.14067277060281713,0.54,1.38,0.3128888888888889,0.069,1.6334444444444447,0.19456602277582594,0.7,219,5000
worm,no_exact_any_model_TRAIN_DEV_endpoint,matched,tuna_retrained,50,4.38,100.0,104.38,0.598281111111111,0.1320290864353213,17.64,17.64,17.64,0.251464892757243,0.54,0.11199999999999999,0.10800000000000001,2.3480000000000003,0.12595293898762847,0.4,0.78,0.16433333333333333,0.07800000000000001,1.7213333333333332,0.13481052541643423,0.48,1.54,0.33922222222222226,0.077,1.7731111111111113,0.20295228139326685,0.7,219,5000
yeast,all,all_U,ipin_baseline,50,4.54,200.0,204.54,0.5884446428571429,0.06604737432431507,36.22,36.22,36.22,0.11688556494029381,0.14,0.033079365079365076,0.027999999999999997,1.351174603174603,0.03692052388037718,0.12,0.44,0.10034920634920635,0.044000000000000004,2.050984126984127,0.06494466152975248,0.32,0.8,0.16028571428571428,0.04,1.6428571428571428,0.09082248085261681,0.42,227,10000
yeast,all,all_U,ipin_optimized,50,4.54,200.0,204.54,0.629874761904762,0.08786705420646185,30.68,30.68,30.68,0.2037805548451836,0.36,0.07222222222222223,0.07200000000000001,2.960888888888889,0.09029604699658385,0.26,0.54,0.1177142857142857,0.054000000000000006,2.4082857142857144,0.0950644935494483,0.36,0.88,0.1871746031746032,0.044,1.9157460317460318,0.12281108042405477,0.56,227,10000
yeast,all,all_U,ipin_tuna_31k,50,4.54,200.0,204.54,0.63583,0.09339353982593095,32.54,32.54,32.54,0.20057271161236132,0.3,0.0757936507936508,0.06,3.091746031746032,0.08164318993529995,0.28,0.62,0.1273968253968254,0.062,2.6099365079365078,0.10473605819457701,0.42,0.98,0.21874603174603177,0.048999999999999995,2.2364603174603177,0.13876547487246163,0.58,227,10000
yeast,all,all_U,tuna_retrained,50,4.54,200.0,204.54,0.6174471825396826,0.07334759308279201,37.32,37.32,37.32,0.131311388434878,0.2,0.03333333333333333,0.04000000000000001,1.3733333333333335,0.044497227957437414,0.18,0.46,0.0966031746031746,0.046000000000000006,1.978063492063492,0.06705529392870357,0.36,0.96,0.2286190476190476,0.048,2.3341904761904764,0.11555815828139045,0.58,227,10000
yeast,all,background,ipin_baseline,50,4.54,100.0,104.54,0.5816519047619048,0.1241996008702316,19.46,19.46,19.46,0.20107661753682493,0.36,0.0746031746031746,0.07200000000000001,1.5640634920634922,0.09084655390887635,0.26,0.7,0.1492857142857143,0.07,1.5628571428571427,0.11729964344351007,0.48,1.26,0.2788015873015873,0.063,1.4570079365079365,0.16769498720919493,0.64,227,5000
yeast,all,background,ipin_optimized,50,4.54,100.0,104.54,0.6265346031746032,0.14316428375137302,16.38,16.38,16.38,0.2711436189281664,0.52,0.11168253968253967,0.10400000000000002,2.337650793650794,0.13449225436611326,0.38,0.84,0.17269841269841268,0.084,1.8109841269841271,0.14434492468775997,0.52,1.52,0.3159365079365079,0.076,1.65568253968254,0.20274957349409617,0.7,227,5000
yeast,all,background,ipin_tuna_31k,50,4.54,100.0,104.54,0.6418903174603174,0.15177257174259984,16.72,16.72,16.72,0.2762225962190965,0.6,0.14398412698412696,0.12000000000000002,2.99968253968254,0.14698860168811326,0.46,0.94,0.20063492063492064,0.094,2.100349206349206,0.16300969088421546,0.54,1.44,0.31531746031746033,0.07200000000000001,1.6485873015873016,0.20869788472039819,0.66,227,5000
yeast,all,background,tuna_retrained,50,4.54,100.0,104.54,0.611215873015873,0.1311071361270662,20.36,20.36,20.36,0.21466839592284795,0.36,0.07938095238095237,0.072,1.6596190476190475,0.09309991252491896,0.3,0.8,0.18506349206349207,0.08,1.9306349206349205,0.13234201428970174,0.52,1.4,0.3116904761904762,0.06999999999999999,1.628452380952381,0.18392699119272723,0.66,227,5000
yeast,all,matched,ipin_baseline,50,4.54,100.0,104.54,0.595237380952381,0.11654871498902335,17.76,17.76,17.76,0.1834125899706563,0.4,0.087015873015873,0.08,1.8203174603174603,0.08697754214748796,0.3,0.78,0.17095238095238094,0.07800000000000001,1.7875238095238097,0.11739287013360883,0.44,1.38,0.31180158730158736,0.069,1.6280079365079365,0.17207875599877556,0.72,227,5000
yeast,all,matched,ipin_optimized,50,4.54,100.0,104.54,0.6332149206349207,0.15448859189888436,15.3,15.3,15.3,0.2935330238914503,0.5,0.1093015873015873,0.1,2.286031746031746,0.13908731115383166,0.36,0.88,0.19628571428571429,0.088,2.0508571428571427,0.1620196957526606,0.6,1.6,0.34471428571428575,0.08,1.8035714285714286,0.22156505445502128,0.74,227,5000
yeast,all,matched,ipin_tuna_31k,50,4.54,100.0,104.54,0.6297696825396825,0.153698475896623,16.82,16.82,16.82,0.29697693791839747,0.56,0.11898412698412697,0.11199999999999999,2.49168253968254,0.1459104143642399,0.42,0.84,0.1945873015873016,0.084,2.029873015873016,0.16424978735878543,0.56,1.42,0.31187301587301586,0.071,1.6303650793650795,0.21260632677447155,0.64,227,5000
yeast,all,matched,tuna_retrained,50,4.54,100.0,104.54,0.6236784920634921,0.14171616048979593,17.96,17.96,17.96,0.23746822272154833,0.46,0.09504761904761905,0.09200000000000001,1.9929523809523808,0.107208854968219,0.36,1.04,0.252452380952381,0.10400000000000001,2.62852380952381,0.16742684487501766,0.64,1.64,0.3773571428571428,0.08200000000000002,1.9687857142857144,0.21830856669394372,0.76,227,5000
yeast,no_exact_TRAIN_DEV_endpoint,all_U,ipin_baseline,50,4.54,200.0,204.54,0.5884446428571429,0.06604737432431507,36.22,36.22,36.22,0.11688556494029381,0.14,0.033079365079365076,0.027999999999999997,1.351174603174603,0.03692052388037718,0.12,0.44,0.10034920634920635,0.044000000000000004,2.050984126984127,0.06494466152975248,0.32,0.8,0.16028571428571428,0.04,1.6428571428571428,0.09082248085261681,0.42,227,10000
yeast,no_exact_TRAIN_DEV_endpoint,all_U,ipin_optimized,50,4.54,200.0,204.54,0.629874761904762,0.08786705420646185,30.68,30.68,30.68,0.2037805548451836,0.36,0.07222222222222223,0.07200000000000001,2.960888888888889,0.09029604699658385,0.26,0.54,0.1177142857142857,0.054000000000000006,2.4082857142857144,0.0950644935494483,0.36,0.88,0.1871746031746032,0.044,1.9157460317460318,0.12281108042405477,0.56,227,10000
yeast,no_exact_TRAIN_DEV_endpoint,all_U,ipin_tuna_31k,50,4.54,200.0,204.54,0.63583,0.09339353982593095,32.54,32.54,32.54,0.20057271161236132,0.3,0.0757936507936508,0.06,3.091746031746032,0.08164318993529995,0.28,0.62,0.1273968253968254,0.062,2.6099365079365078,0.10473605819457701,0.42,0.98,0.21874603174603177,0.048999999999999995,2.2364603174603177,0.13876547487246163,0.58,227,10000
yeast,no_exact_TRAIN_DEV_endpoint,all_U,tuna_retrained,50,4.54,200.0,204.54,0.6174471825396826,0.07334759308279201,37.32,37.32,37.32,0.131311388434878,0.2,0.03333333333333333,0.04000000000000001,1.3733333333333335,0.044497227957437414,0.18,0.46,0.0966031746031746,0.046000000000000006,1.978063492063492,0.06705529392870357,0.36,0.96,0.2286190476190476,0.048,2.3341904761904764,0.11555815828139045,0.58,227,10000
yeast,no_exact_TRAIN_DEV_endpoint,background,ipin_baseline,50,4.54,100.0,104.54,0.5816519047619048,0.1241996008702316,19.46,19.46,19.46,0.20107661753682493,0.36,0.0746031746031746,0.07200000000000001,1.5640634920634922,0.09084655390887635,0.26,0.7,0.1492857142857143,0.07,1.5628571428571427,0.11729964344351007,0.48,1.26,0.2788015873015873,0.063,1.4570079365079365,0.16769498720919493,0.64,227,5000
yeast,no_exact_TRAIN_DEV_endpoint,background,ipin_optimized,50,4.54,100.0,104.54,0.6265346031746032,0.14316428375137302,16.38,16.38,16.38,0.2711436189281664,0.52,0.11168253968253967,0.10400000000000002,2.337650793650794,0.13449225436611326,0.38,0.84,0.17269841269841268,0.084,1.8109841269841271,0.14434492468775997,0.52,1.52,0.3159365079365079,0.076,1.65568253968254,0.20274957349409617,0.7,227,5000
yeast,no_exact_TRAIN_DEV_endpoint,background,ipin_tuna_31k,50,4.54,100.0,104.54,0.6418903174603174,0.15177257174259984,16.72,16.72,16.72,0.2762225962190965,0.6,0.14398412698412696,0.12000000000000002,2.99968253968254,0.14698860168811326,0.46,0.94,0.20063492063492064,0.094,2.100349206349206,0.16300969088421546,0.54,1.44,0.31531746031746033,0.07200000000000001,1.6485873015873016,0.20869788472039819,0.66,227,5000
yeast,no_exact_TRAIN_DEV_endpoint,background,tuna_retrained,50,4.54,100.0,104.54,0.611215873015873,0.1311071361270662,20.36,20.36,20.36,0.21466839592284795,0.36,0.07938095238095237,0.072,1.6596190476190475,0.09309991252491896,0.3,0.8,0.18506349206349207,0.08,1.9306349206349205,0.13234201428970174,0.52,1.4,0.3116904761904762,0.06999999999999999,1.628452380952381,0.18392699119272723,0.66,227,5000
yeast,no_exact_TRAIN_DEV_endpoint,matched,ipin_baseline,50,4.54,100.0,104.54,0.595237380952381,0.11654871498902335,17.76,17.76,17.76,0.1834125899706563,0.4,0.087015873015873,0.08,1.8203174603174603,0.08697754214748796,0.3,0.78,0.17095238095238094,0.07800000000000001,1.7875238095238097,0.11739287013360883,0.44,1.38,0.31180158730158736,0.069,1.6280079365079365,0.17207875599877556,0.72,227,5000
yeast,no_exact_TRAIN_DEV_endpoint,matched,ipin_optimized,50,4.54,100.0,104.54,0.6332149206349207,0.15448859189888436,15.3,15.3,15.3,0.2935330238914503,0.5,0.1093015873015873,0.1,2.286031746031746,0.13908731115383166,0.36,0.88,0.19628571428571429,0.088,2.0508571428571427,0.1620196957526606,0.6,1.6,0.34471428571428575,0.08,1.8035714285714286,0.22156505445502128,0.74,227,5000
yeast,no_exact_TRAIN_DEV_endpoint,matched,ipin_tuna_31k,50,4.54,100.0,104.54,0.6297696825396825,0.153698475896623,16.82,16.82,16.82,0.29697693791839747,0.56,0.11898412698412697,0.11199999999999999,2.49168253968254,0.1459104143642399,0.42,0.84,0.1945873015873016,0.084,2.029873015873016,0.16424978735878543,0.56,1.42,0.31187301587301586,0.071,1.6303650793650795,0.21260632677447155,0.64,227,5000
yeast,no_exact_TRAIN_DEV_endpoint,matched,tuna_retrained,50,4.54,100.0,104.54,0.6236784920634921,0.14171616048979593,17.96,17.96,17.96,0.23746822272154833,0.46,0.09504761904761905,0.09200000000000001,1.9929523809523808,0.107208854968219,0.36,1.04,0.252452380952381,0.10400000000000001,2.62852380952381,0.16742684487501766,0.64,1.64,0.3773571428571428,0.08200000000000002,1.9687857142857144,0.21830856669394372,0.76,227,5000
yeast,no_exact_any_model_TRAIN_DEV_endpoint,all_U,ipin_baseline,50,4.54,200.0,204.54,0.5884446428571429,0.06604737432431507,36.22,36.22,36.22,0.11688556494029381,0.14,0.033079365079365076,0.027999999999999997,1.351174603174603,0.03692052388037718,0.12,0.44,0.10034920634920635,0.044000000000000004,2.050984126984127,0.06494466152975248,0.32,0.8,0.16028571428571428,0.04,1.6428571428571428,0.09082248085261681,0.42,227,10000
yeast,no_exact_any_model_TRAIN_DEV_endpoint,all_U,ipin_optimized,50,4.54,200.0,204.54,0.629874761904762,0.08786705420646185,30.68,30.68,30.68,0.2037805548451836,0.36,0.07222222222222223,0.07200000000000001,2.960888888888889,0.09029604699658385,0.26,0.54,0.1177142857142857,0.054000000000000006,2.4082857142857144,0.0950644935494483,0.36,0.88,0.1871746031746032,0.044,1.9157460317460318,0.12281108042405477,0.56,227,10000
yeast,no_exact_any_model_TRAIN_DEV_endpoint,all_U,ipin_tuna_31k,50,4.54,200.0,204.54,0.63583,0.09339353982593095,32.54,32.54,32.54,0.20057271161236132,0.3,0.0757936507936508,0.06,3.091746031746032,0.08164318993529995,0.28,0.62,0.1273968253968254,0.062,2.6099365079365078,0.10473605819457701,0.42,0.98,0.21874603174603177,0.048999999999999995,2.2364603174603177,0.13876547487246163,0.58,227,10000
yeast,no_exact_any_model_TRAIN_DEV_endpoint,all_U,tuna_retrained,50,4.54,200.0,204.54,0.6174471825396826,0.07334759308279201,37.32,37.32,37.32,0.131311388434878,0.2,0.03333333333333333,0.04000000000000001,1.3733333333333335,0.044497227957437414,0.18,0.46,0.0966031746031746,0.046000000000000006,1.978063492063492,0.06705529392870357,0.36,0.96,0.2286190476190476,0.048,2.3341904761904764,0.11555815828139045,0.58,227,10000
yeast,no_exact_any_model_TRAIN_DEV_endpoint,background,ipin_baseline,50,4.54,100.0,104.54,0.5816519047619048,0.1241996008702316,19.46,19.46,19.46,0.20107661753682493,0.36,0.0746031746031746,0.07200000000000001,1.5640634920634922,0.09084655390887635,0.26,0.7,0.1492857142857143,0.07,1.5628571428571427,0.11729964344351007,0.48,1.26,0.2788015873015873,0.063,1.4570079365079365,0.16769498720919493,0.64,227,5000
yeast,no_exact_any_model_TRAIN_DEV_endpoint,background,ipin_optimized,50,4.54,100.0,104.54,0.6265346031746032,0.14316428375137302,16.38,16.38,16.38,0.2711436189281664,0.52,0.11168253968253967,0.10400000000000002,2.337650793650794,0.13449225436611326,0.38,0.84,0.17269841269841268,0.084,1.8109841269841271,0.14434492468775997,0.52,1.52,0.3159365079365079,0.076,1.65568253968254,0.20274957349409617,0.7,227,5000
yeast,no_exact_any_model_TRAIN_DEV_endpoint,background,ipin_tuna_31k,50,4.54,100.0,104.54,0.6418903174603174,0.15177257174259984,16.72,16.72,16.72,0.2762225962190965,0.6,0.14398412698412696,0.12000000000000002,2.99968253968254,0.14698860168811326,0.46,0.94,0.20063492063492064,0.094,2.100349206349206,0.16300969088421546,0.54,1.44,0.31531746031746033,0.07200000000000001,1.6485873015873016,0.20869788472039819,0.66,227,5000
yeast,no_exact_any_model_TRAIN_DEV_endpoint,background,tuna_retrained,50,4.54,100.0,104.54,0.611215873015873,0.1311071361270662,20.36,20.36,20.36,0.21466839592284795,0.36,0.07938095238095237,0.072,1.6596190476190475,0.09309991252491896,0.3,0.8,0.18506349206349207,0.08,1.9306349206349205,0.13234201428970174,0.52,1.4,0.3116904761904762,0.06999999999999999,1.628452380952381,0.18392699119272723,0.66,227,5000
yeast,no_exact_any_model_TRAIN_DEV_endpoint,matched,ipin_baseline,50,4.54,100.0,104.54,0.595237380952381,0.11654871498902335,17.76,17.76,17.76,0.1834125899706563,0.4,0.087015873015873,0.08,1.8203174603174603,0.08697754214748796,0.3,0.78,0.17095238095238094,0.07800000000000001,1.7875238095238097,0.11739287013360883,0.44,1.38,0.31180158730158736,0.069,1.6280079365079365,0.17207875599877556,0.72,227,5000
yeast,no_exact_any_model_TRAIN_DEV_endpoint,matched,ipin_optimized,50,4.54,100.0,104.54,0.6332149206349207,0.15448859189888436,15.3,15.3,15.3,0.2935330238914503,0.5,0.1093015873015873,0.1,2.286031746031746,0.13908731115383166,0.36,0.88,0.19628571428571429,0.088,2.0508571428571427,0.1620196957526606,0.6,1.6,0.34471428571428575,0.08,1.8035714285714286,0.22156505445502128,0.74,227,5000
yeast,no_exact_any_model_TRAIN_DEV_endpoint,matched,ipin_tuna_31k,50,4.54,100.0,104.54,0.6297696825396825,0.153698475896623,16.82,16.82,16.82,0.29697693791839747,0.56,0.11898412698412697,0.11199999999999999,2.49168253968254,0.1459104143642399,0.42,0.84,0.1945873015873016,0.084,2.029873015873016,0.16424978735878543,0.56,1.42,0.31187301587301586,0.071,1.6303650793650795,0.21260632677447155,0.64,227,5000
yeast,no_exact_any_model_TRAIN_DEV_endpoint,matched,tuna_retrained,50,4.54,100.0,104.54,0.6236784920634921,0.14171616048979593,17.96,17.96,17.96,0.23746822272154833,0.46,0.09504761904761905,0.09200000000000001,1.9929523809523808,0.107208854968219,0.36,1.04,0.252452380952381,0.10400000000000001,2.62852380952381,0.16742684487501766,0.64,1.64,0.3773571428571428,0.08200000000000002,1.9687857142857144,0.21830856669394372,0.76,227,5000
equal_species,all,background,ipin_baseline,300,4.616666666666666,100.0,104.61666666666667,0.6241648544973545,0.1608910763936374,17.096666666666668,17.096666666666668,17.096666666666668,0.2682026833363058,0.5833333333333333,0.12569179894179894,0.11666666666666665,2.6305026455026455,0.1466242575952609,0.3666666666666667,0.9533333333333333,0.20551455026455026,0.09533333333333334,2.1504788359788356,0.1658078654516459,0.52,1.59,0.3502367724867725,0.07949999999999999,1.8306838624338626,0.22197531472026155,0.7066666666666666,1385,30000
equal_species,all,background,ipin_optimized,300,4.616666666666666,100.0,104.61666666666667,0.6429914021164022,0.16568023211750568,15.54,15.54,15.54,0.28719437023727656,0.6333333333333334,0.1366666666666667,0.12666666666666668,2.8600000000000008,0.15951252525211382,0.42,0.9933333333333333,0.20858730158730157,0.09933333333333333,2.1852063492063496,0.17227803982964937,0.5466666666666667,1.633333333333333,0.3524497354497355,0.08166666666666668,1.843915343915344,0.22891129546194522,0.7100000000000001,1385,30000
equal_species,all,background,tuna_retrained,300,4.616666666666666,100.0,104.61666666666667,0.6528564153439154,0.16908733093017994,15.86,15.86,15.86,0.26758089315176886,0.6066666666666667,0.1311058201058201,0.12133333333333333,2.7434497354497354,0.15042663655385402,0.38999999999999996,1.0366666666666666,0.22383068783068785,0.10366666666666667,2.3419735449735453,0.17478390853744352,0.5433333333333333,1.7033333333333334,0.36047354497354495,0.08516666666666667,1.8875343915343918,0.23051018714424623,0.7066666666666667,1385,30000
equal_species,all,background,ipin_tuna_31k,300,4.616666666666666,100.0,104.61666666666667,0.6702480423280424,0.1773801934011053,13.79,13.79,13.79,0.28747769572667925,0.6333333333333334,0.14628439153439154,0.12666666666666668,3.052354497354497,0.15962796277205615,0.45,1.1266666666666667,0.2497989417989418,0.11266666666666665,2.610656084656085,0.1926625878424888,0.5933333333333334,1.8,0.3986005291005292,0.09000000000000001,2.083002645502646,0.25212992715629684,0.7599999999999999,1385,30000
equal_species,all,matched,ipin_baseline,300,4.616666666666666,100.0,104.61666666666667,0.6164916931216932,0.14856631177709725,17.423333333333336,17.423333333333336,17.423333333333336,0.24422710553077995,0.5366666666666667,0.11682671957671958,0.10733333333333334,2.4438677248677245,0.13102335166529488,0.3566666666666667,0.88,0.18961772486772488,0.08800000000000001,1.9841772486772487,0.14954272294410528,0.49666666666666665,1.5200000000000002,0.3413835978835979,0.076,1.7829179894179894,0.2078104168899015,0.7200000000000001,1385,30000
equal_species,all,matched,ipin_optimized,300,4.616666666666666,100.0,104.61666666666667,0.6343900793650795,0.15820254390931995,16.136666666666667,16.136666666666667,16.136666666666667,0.27545042205127857,0.5633333333333334,0.12008201058201058,0.11266666666666665,2.5143068783068787,0.14368872524307033,0.3733333333333333,0.9366666666666666,0.20304894179894176,0.09366666666666668,2.1241560846560845,0.16397620533648635,0.5466666666666667,1.5866666666666667,0.3422169312169312,0.07933333333333334,1.7904179894179897,0.21896291484988986,0.7066666666666667,1385,30000
equal_species,all,matched,tuna_retrained,300,4.616666666666666,100.0,104.61666666666667,0.6478206349206349,0.16641230692312567,15.713333333333333,15.713333333333333,15.713333333333333,0.27894839723330184,0.5966666666666667,0.13062037037037036,0.1193333333333333,2.7317407407407415,0.15085141301270258,0.39666666666666667,1.0233333333333334,0.224489417989418,0.10233333333333333,2.3472275132275136,0.1755744745949813,0.56,1.706666666666667,0.37317724867724866,0.08533333333333333,1.9512195767195768,0.23459753596571262,0.7266666666666667,1385,30000
equal_species,all,matched,ipin_tuna_31k,300,4.616666666666666,100.0,104.61666666666667,0.6511123941798943,0.16236756313454923,14.63,14.63,14.63,0.2800415480007206,0.57,0.13228571428571426,0.114,2.7597142857142867,0.14620843188632196,0.41333333333333333,0.9900000000000001,0.22426587301587306,0.09899999999999999,2.3416587301587306,0.17391594966515753,0.5700000000000001,1.66,0.36733730158730155,0.083,1.9196865079365082,0.23085589542793453,0.7366666666666665,1385,30000
equal_species,all,all_U,ipin_baseline,300,4.616666666666666,200.0,204.61666666666667,0.6203282738095239,0.09916024684084128,33.519999999999996,33.519999999999996,33.519999999999996,0.18107961211742427,0.3333333333333333,0.06993518518518518,0.06666666666666667,2.864074074074074,0.08548770371130197,0.2333333333333333,0.6133333333333334,0.12818650793650796,0.06133333333333333,2.6250634920634917,0.10278783335788,0.37666666666666665,0.96,0.20200661375661377,0.047999999999999994,2.0680661375661376,0.1323399146961581,0.49666666666666665,1385,60000
equal_species,all,all_U,ipin_optimized,300,4.616666666666666,200.0,204.61666666666667,0.6386907407407408,0.10439694343554162,30.676666666666673,30.676666666666673,30.676666666666673,0.20990095969360445,0.3833333333333333,0.07864021164021165,0.07666666666666667,3.222275132275133,0.09912350814454908,0.27,0.64,0.13606613756613756,0.064,2.785322751322751,0.1118382930144025,0.38666666666666666,1.0,0.20777513227513225,0.049999999999999996,2.127751322751323,0.14124631317389857,0.55,1385,60000
equal_species,all,all_U,tuna_retrained,300,4.616666666666666,200.0,204.61666666666667,0.6503385251322751,0.10439395185728016,30.573333333333334,30.573333333333334,30.573333333333334,0.1919028060241724,0.38000000000000006,0.07686772486772486,0.07600000000000001,3.1507089947089955,0.09351164101578435,0.26666666666666666,0.6766666666666667,0.1387724867724868,0.06766666666666667,2.843116402116402,0.10879923334830556,0.39666666666666667,1.1133333333333333,0.2391547619047619,0.05566666666666667,2.4472142857142853,0.14772805277070727,0.5633333333333334,1385,60000
equal_species,all,all_U,ipin_tuna_31k,300,4.616666666666666,200.0,204.61666666666667,0.6606802182539683,0.10331637910850927,27.419999999999998,27.419999999999998,27.419999999999998,0.19230359168351577,0.3566666666666667,0.08299074074074074,0.07133333333333335,3.3909629629629627,0.0897833854034556,0.28,0.6633333333333333,0.14754894179894176,0.06633333333333334,3.0173121693121696,0.11101532219936004,0.43999999999999995,1.12,0.2475912698412698,0.055999999999999994,2.5319126984126985,0.15018070535190067,0.5966666666666667,1385,60000
equal_species,no_exact_TRAIN_DEV_endpoint,background,ipin_baseline,297,4.575531914893617,99.7517730496454,104.32730496453901,0.6237457179775543,0.16028688611071443,17.187872340425532,17.187872340425532,17.187872340425532,0.2638111727633496,0.5721985815602836,0.12619562647754137,0.11443971631205674,2.630316109422493,0.14529390953013332,0.3636170212765957,0.9320567375886525,0.20477780592142295,0.09320567375886524,2.135097208150399,0.16435038683647255,0.5153191489361703,1.5553191489361702,0.34943642350557247,0.0777659574468085,1.8188247213779132,0.22010066522967175,0.7047517730496454,1362,29630
equal_species,no_exact_TRAIN_DEV_endpoint,background,ipin_optimized,297,4.575531914893617,99.7517730496454,104.32730496453901,0.642415055371849,0.16371882478148686,15.591418439716312,15.591418439716312,15.591418439716312,0.28511632010803867,0.6251063829787233,0.1348722841382416,0.1250212765957447,2.814430822920185,0.1576983454575984,0.41382978723404257,0.9745390070921985,0.2049656084656085,0.09745390070921985,2.1404222109647644,0.16952212861663107,0.5386524822695036,1.6107092198581558,0.353460570753124,0.0805354609929078,1.8419327929753464,0.22705731427410436,0.7109929078014185,1362,29630
equal_species,no_exact_TRAIN_DEV_endpoint,background,tuna_retrained,297,4.575531914893617,99.7517730496454,104.32730496453901,0.6529255812410965,0.16892721996937396,15.914468085106384,15.914468085106384,15.914468085106384,0.26645262044739515,0.6061702127659575,0.1302150737363503,0.12123404255319148,2.7143754362265007,0.14973574794011055,0.3875886524822694,1.0377304964539007,0.22721715636609255,0.10377304964539007,2.36619621749409,0.17548291906470195,0.5470212765957447,1.6917730496453902,0.3623257345491388,0.0845886524822695,1.8898212597095576,0.23038884362486386,0.7047517730496454,1362,29630
equal_species,no_exact_TRAIN_DEV_endpoint,background,ipin_tuna_31k,297,4.575531914893617,99.7517730496454,104.32730496453901,0.6696323304531253,0.17661898475174323,13.864680851063829,13.864680851063829,13.864680851063829,0.286366507039543,0.631985815602837,0.1439736856917708,0.1263971631205674,2.9987347742879655,0.1584148132831005,0.4442553191489362,1.124609929078014,0.2535520657435551,0.11246099290780141,2.6404225486885062,0.19310098883906676,0.5859574468085107,1.7745390070921987,0.39924164133738604,0.08872695035460994,2.078107649442756,0.2509190033493354,0.7620567375886526,1362,29630
equal_species,no_exact_TRAIN_DEV_endpoint,matched,ipin_baseline,297,4.575531914893617,99.83333333333333,104.40886524822695,0.6160562546496458,0.14698837995351335,17.553475177304964,17.553475177304964,17.553475177304964,0.23964693587972893,0.5273758865248227,0.11793760553866937,0.10547517730496453,2.459428233704829,0.129473290553385,0.35631205673758864,0.8570212765957447,0.18646287853202748,0.08570212765957448,1.9448580997410785,0.1468442424194439,0.4915602836879432,1.496737588652482,0.342182427107959,0.07483687943262411,1.7807342395587076,0.20599851867319177,0.7207801418439717,1362,29653
equal_species,no_exact_TRAIN_DEV_endpoint,matched,ipin_optimized,297,4.575531914893617,99.83333333333333,104.40886524822695,0.6336369907299605,0.15722232435727265,16.206524822695034,16.206524822695034,16.206524822695034,0.2746588024076375,0.5575886524822695,0.12095930428909153,0.1115177304964539,2.525914893617021,0.14339137782628716,0.3700709219858156,0.9207801418439717,0.20219860970392886,0.09207801418439716,2.110594844084206,0.16298853488155565,0.5446808510638298,1.5629787234042556,0.3410498705392322,0.07814893617021278,1.7807703759990996,0.2175196221705733,0.7003546099290779,1362,29653
equal_species,no_exact_TRAIN_DEV_endpoint,matched,tuna_retrained,297,4.575531914893617,99.83333333333333,104.40886524822695,0.6483203493895974,0.1667258412964239,15.767021276595747,15.767021276595747,15.767021276595747,0.2797944393098697,0.6051063829787234,0.1337406000225149,0.12102127659574467,2.7902810987279074,0.15268486020494723,0.4004964539007092,1.032695035460993,0.2323753236519194,0.1032695035460993,2.420514240684454,0.1783758836267063,0.5695035460992909,1.7013475177304969,0.37605662501407183,0.08506737588652484,1.9607706855791962,0.23555604844338693,0.7243262411347517,1362,29653
equal_species,no_exact_TRAIN_DEV_endpoint,matched,ipin_tuna_31k,297,4.575531914893617,99.83333333333333,104.40886524822695,0.6507531661871723,0.1635069264573411,14.710709219858154,14.710709219858154,14.710709219858154,0.2823398106239539,0.5675886524822695,0.13090121580547112,0.1135177304964539,2.7253600135089506,0.14677797347692104,0.41028368794326237,0.9891489361702127,0.2225070077676461,0.09891489361702126,2.3188439716312055,0.17469713243665566,0.5653191489361703,1.6386524822695032,0.3655496172464258,0.08193262411347517,1.9052794663964878,0.23094266445289588,0.7280851063829786,1362,29653
equal_species,no_exact_TRAIN_DEV_endpoint,all_U,ipin_baseline,297,4.575531914893617,199.58510638297875,204.16063829787234,0.6198957531830199,0.0986189790677634,33.741347517730496,33.741347517730496,33.741347517730496,0.17603873620196023,0.32255319148936173,0.06980533040639424,0.06451063829787235,2.849415512777215,0.08387596845476235,0.2287943262411348,0.5946808510638298,0.12761271529888552,0.05946808510638298,2.6047264437689974,0.10131623395195115,0.37340425531914895,0.9343262411347518,0.20064367330856692,0.04671631205673759,2.0473910559495665,0.13038870457801477,0.4915602836879433,1362,59283
equal_species,no_exact_TRAIN_DEV_endpoint,all_U,ipin_optimized,297,4.575531914893617,199.58510638297875,204.16063829787234,0.6380363180486411,0.10402506463919754,30.79794326241135,30.79794326241135,30.79794326241135,0.20914222340048227,0.3823404255319149,0.07771923899583474,0.07646808510638299,3.179499718563548,0.09885221183686294,0.26836879432624117,0.62822695035461,0.13514448947427668,0.062822695035461,2.759549026229877,0.11112198098503324,0.3836170212765957,0.9847517730496453,0.20665968704266577,0.04923758865248227,2.110320274681977,0.14036954660873735,0.5486524822695036,1362,59283
equal_species,no_exact_TRAIN_DEV_endpoint,all_U,tuna_retrained,297,4.575531914893617,199.58510638297875,204.16063829787234,0.6506289702558491,0.10495171157252564,30.68148936170213,30.68148936170213,30.68148936170213,0.1920316701470526,0.3792198581560284,0.07619244624563774,0.0758439716312057,3.1159970730609032,0.09345324298989066,0.26567375886524824,0.6826241134751774,0.14038883260159857,0.06826241134751773,2.8673004615557804,0.1097332934075277,0.40070921985815605,1.1170921985815603,0.24442556005853877,0.05585460992907801,2.4908596757852077,0.14922258639286567,0.566595744680851,1362,59283
equal_species,no_exact_TRAIN_DEV_endpoint,all_U,ipin_tuna_31k,297,4.575531914893617,199.58510638297875,204.16063829787234,0.6601967179628995,0.10348407872704916,27.575390070921983,27.575390070921983,27.575390070921983,0.1927153061844946,0.35276595744680855,0.08087338174040301,0.0705531914893617,3.2962078126758976,0.08922683580231887,0.2760992907801419,0.6578014184397163,0.14448004615557805,0.06578014184397163,2.9492159180457054,0.11035956883432618,0.4334042553191489,1.1204255319148937,0.2489073792637622,0.05602127659574468,2.5386090847686593,0.15069015389494375,0.5926241134751773,1362,59283
equal_species,no_exact_any_model_TRAIN_DEV_endpoint,background,ipin_baseline,297,4.575531914893617,99.63851063829787,104.21404255319148,0.6236038367376254,0.16029970000878288,17.18432624113475,17.18432624113475,17.18432624113475,0.2638135655428981,0.5721985815602836,0.12619562647754137,0.11443971631205674,2.6245663627152993,0.14529390953013332,0.3636170212765957,0.9320567375886525,0.20477780592142295,0.09320567375886524,2.131009062253743,0.16435038683647255,0.5153191489361703,1.5553191489361702,0.34943642350557247,0.0777659574468085,1.8159072104018916,0.22010066522967175,0.7047517730496454,1362,29598
equal_species,no_exact_any_model_TRAIN_DEV_endpoint,background,ipin_optimized,297,4.575531914893617,99.63851063829787,104.21404255319148,0.6422760754682669,0.16372921290027814,15.587872340425532,15.587872340425532,15.587872340425532,0.2851175140808639,0.6251063829787233,0.1348722841382416,0.1250212765957447,2.808775638860746,0.1576983454575984,0.41382978723404257,0.9745390070921985,0.2049656084656085,0.09745390070921985,2.1363906337948895,0.16952212861663107,0.5386524822695036,1.6107092198581558,0.353460570753124,0.0805354609929078,1.8386100135089496,0.22705731427410436,0.7109929078014185,1362,29598
equal_species,no_exact_any_model_TRAIN_DEV_endpoint,background,tuna_retrained,297,4.575531914893617,99.63851063829787,104.21404255319148,0.6528410895874951,0.168948624508806,15.907375886524823,15.907375886524823,15.907375886524823,0.26645374710794645,0.6061702127659575,0.1302150737363503,0.12123404255319148,2.7106959360576384,0.14973574794011055,0.3875886524822694,1.0377304964539007,0.22721715636609255,0.10377304964539007,2.362067544748396,0.17548291906470195,0.5470212765957447,1.6917730496453902,0.3623257345491388,0.0845886524822695,1.8865467747382645,0.23038884362486386,0.7047517730496454,1362,29598
equal_species,no_exact_any_model_TRAIN_DEV_endpoint,background,ipin_tuna_31k,297,4.575531914893617,99.63851063829787,104.21404255319148,0.6696818424074906,0.17670915434697795,13.843617021276595,13.843617021276595,13.843617021276595,0.2864545178032365,0.631985815602837,0.1439736856917708,0.1263971631205674,2.99479016098165,0.1584148132831005,0.4442553191489362,1.124609929078014,0.2535520657435551,0.11246099290780141,2.63511944163008,0.193143418517599,0.5859574468085107,1.7745390070921987,0.39924164133738604,0.08872695035460994,2.074355538669369,0.25099861545421104,0.7620567375886526,1362,29598
equal_species,no_exact_any_model_TRAIN_DEV_endpoint,matched,ipin_baseline,297,4.575531914893617,99.73070921985816,104.30624113475176,0.6159880677030555,0.14704070906733482,17.549929078014184,17.549929078014184,17.549929078014184,0.23966171129344052,0.5273758865248227,0.11793760553866937,0.10547517730496453,2.455953056399865,0.129473290553385,0.35631205673758864,0.8570212765957447,0.18646287853202748,0.08570212765957448,1.9412423618147023,0.1468442424194439,0.4915602836879432,1.496737588652482,0.342182427107959,0.07483687943262411,1.777179494540133,0.20603641504263948,0.7207801418439717,1362,29624
equal_species,no_exact_any_model_TRAIN_DEV_endpoint,matched,ipin_optimized,297,4.575531914893617,99.73070921985816,104.30624113475176,0.6335006663576156,0.15725116397732578,16.19964539007092,16.19964539007092,16.19964539007092,0.274703514984265,0.5575886524822695,0.12095930428909153,0.1115177304964539,2.5216528199932458,0.14339137782628716,0.3700709219858156,0.9207801418439717,0.20219860970392886,0.09207801418439716,2.1073632669143305,0.16299731299907377,0.5446808510638298,1.5663120567375888,0.34138320387256554,0.07831560283687944,1.7802225712034225,0.217699352684102,0.7003546099290779,1362,29624
equal_species,no_exact_any_model_TRAIN_DEV_endpoint,matched,tuna_retrained,297,4.575531914893617,99.73070921985816,104.30624113475176,0.6484063103177863,0.16686604681515563,15.749503546099291,15.749503546099291,15.749503546099291,0.2799225758100219,0.6051063829787234,0.1337406000225149,0.12102127659574467,2.7864749521558037,0.15268486020494723,0.4004964539007092,1.032695035460993,0.2323753236519194,0.1032695035460993,2.4155484520995163,0.1784480250653152,0.5695035460992909,1.7013475177304969,0.37605662501407183,0.08506737588652484,1.9572290611279974,0.2356720769968427,0.7243262411347517,1362,29624
equal_species,no_exact_any_model_TRAIN_DEV_endpoint,matched,ipin_tuna_31k,297,4.575531914893617,99.73070921985816,104.30624113475176,0.6507629507708925,0.16355547433000053,14.700070921985818,14.700070921985818,14.700070921985818,0.2823576547812115,0.5675886524822695,0.13090121580547112,0.1135177304964539,2.720068760553868,0.14677797347692104,0.41028368794326237,0.9891489361702127,0.2225070077676461,0.09891489361702126,2.3148782843633913,0.17471024143719763,0.5653191489361703,1.6386524822695032,0.3655496172464258,0.08193262411347517,1.9018786220871329,0.23096204316357546,0.7280851063829786,1362,29624
equal_species,no_exact_any_model_TRAIN_DEV_endpoint,all_U,ipin_baseline,297,4.575531914893617,199.36921985815604,203.94475177304966,0.6197872200100721,0.09864762197627054,33.734255319148936,33.734255319148936,33.734255319148936,0.17604466569005117,0.32255319148936173,0.06980533040639424,0.06451063829787235,2.8438447596532708,0.08387596845476235,0.2287943262411348,0.5946808510638298,0.12761271529888552,0.05946808510638298,2.59967916244512,0.10131623395195115,0.37340425531914895,0.9343262411347518,0.20064367330856692,0.04671631205673759,2.0435665540920858,0.13040165899711606,0.4915602836879433,1362,59222
equal_species,no_exact_any_model_TRAIN_DEV_endpoint,all_U,ipin_optimized,297,4.575531914893617,199.36921985815604,203.94475177304966,0.6379059539156656,0.10403742615690041,30.787517730496457,30.787517730496457,30.787517730496457,0.20915588709193403,0.3823404255319149,0.07771923899583474,0.07646808510638299,3.177905662501407,0.09885221183686294,0.26836879432624117,0.62822695035461,0.13514448947427668,0.062822695035461,2.7544510863447034,0.11112198098503324,0.3836170212765957,0.9847517730496453,0.20665968704266577,0.04923758865248227,2.1067098052459756,0.14037277722807773,0.5486524822695036,1362,59222
equal_species,no_exact_any_model_TRAIN_DEV_endpoint,all_U,tuna_retrained,297,4.575531914893617,199.36921985815604,203.94475177304966,0.6506319391984419,0.10501119788061414,30.656879432624113,30.656879432624113,30.656879432624113,0.19208194256115377,0.3792198581560284,0.07619244624563774,0.0758439716312057,3.1127566137566145,0.09345324298989066,0.26567375886524824,0.6826241134751774,0.14038883260159857,0.06826241134751773,2.8633626027243047,0.1097332934075277,0.40070921985815605,1.1204255319148937,0.24475889339187215,0.05602127659574468,2.488873387369132,0.14943592883959103,0.566595744680851,1362,59222
equal_species,no_exact_any_model_TRAIN_DEV_endpoint,all_U,ipin_tuna_31k,297,4.575531914893617,199.36921985815604,203.94475177304966,0.6602303363510099,0.10352115998442392,27.543687943262412,27.543687943262412,27.543687943262412,0.19274260895562312,0.35276595744680855,0.08087338174040301,0.0705531914893617,3.290751885624226,0.08922683580231887,0.2760992907801419,0.6578014184397163,0.14448004615557805,0.06578014184397163,2.945408521895756,0.11035956883432618,0.4334042553191489,1.1204255319148937,0.2489073792637622,0.05602127659574468,2.5337340594393787,0.1507088700139133,0.5926241134751773,1362,59222
