species,subset,candidate_set,metric,model,targets,estimate,ci_low,ci_high
mouse,all,background,P_vs_U_concordance,ipin_baseline,50,0.754675,0.7048926011904763,0.802478361111111
mouse,all,background,P_vs_U_concordance,ipin_optimized,50,0.734232619047619,0.6828952321428572,0.7836845297619047
mouse,all,background,P_vs_U_concordance,tuna_retrained,50,0.7215316666666668,0.6603119484126985,0.7787618571428572
mouse,all,background,P_vs_U_concordance,ipin_tuna_31k,50,0.776224365079365,0.7285267261904762,0.8208833194444443
mouse,all,background,average_precision,ipin_baseline,50,0.21406289432683395,0.15706145873352123,0.2764800228220831
mouse,all,background,average_precision,ipin_optimized,50,0.19752421140474508,0.1427001499255763,0.25878476258099764
mouse,all,background,average_precision,tuna_retrained,50,0.20576139615659986,0.15648114897414542,0.26126046843809886
mouse,all,background,average_precision,ipin_tuna_31k,50,0.2126797446864433,0.16703103550171777,0.26169672582175746
mouse,all,background,reciprocal_rank,ipin_baseline,50,0.2854465019712539,0.192255371985993,0.3856198645747158
mouse,all,background,reciprocal_rank,ipin_optimized,50,0.2705191586563117,0.1849553490799452,0.3642710518309071
mouse,all,background,reciprocal_rank,tuna_retrained,50,0.28146811353016005,0.19612580184073156,0.37877205158500943
mouse,all,background,reciprocal_rank,ipin_tuna_31k,50,0.2928697983933278,0.20831213237742646,0.386389980379098
mouse,all,background,recall_at_10,ipin_baseline,50,0.30852380952380953,0.21737976190476188,0.4059047619047619
mouse,all,background,recall_at_10,ipin_optimized,50,0.3003015873015873,0.2074420634920635,0.3974948412698412
mouse,all,background,recall_at_10,tuna_retrained,50,0.3775873015873015,0.27980873015873015,0.47685793650793645
mouse,all,background,recall_at_10,ipin_tuna_31k,50,0.36946031746031743,0.27331626984126983,0.4680003968253968
mouse,all,background,NDCG_at_10,ipin_baseline,50,0.22469731371203416,0.14993289766466333,0.30444777866340483
mouse,all,background,NDCG_at_10,ipin_optimized,50,0.2118034061421201,0.14116696134539097,0.28939867946991726
mouse,all,background,NDCG_at_10,tuna_retrained,50,0.24707661546690413,0.17920818175524314,0.3201416442676297
mouse,all,background,NDCG_at_10,ipin_tuna_31k,50,0.24436621749661647,0.17811543302720056,0.31334385154643374
mouse,all,matched,P_vs_U_concordance,ipin_baseline,50,0.7264310317460319,0.6760265654761906,0.7753414166666669
mouse,all,matched,P_vs_U_concordance,ipin_optimized,50,0.7176852380952381,0.6647909880952382,0.7682211071428572
mouse,all,matched,P_vs_U_concordance,tuna_retrained,50,0.7141492063492063,0.6547385357142856,0.7700278412698413
mouse,all,matched,P_vs_U_concordance,ipin_tuna_31k,50,0.7599811904761904,0.7176156150793651,0.8007496666666668
mouse,all,matched,average_precision,ipin_baseline,50,0.18729827565259669,0.1333869549706205,0.2509070725722754
mouse,all,matched,average_precision,ipin_optimized,50,0.1673136326369377,0.11780493575704334,0.22799085079114428
mouse,all,matched,average_precision,tuna_retrained,50,0.19950045508981723,0.1477397721728132,0.257963645404536
mouse,all,matched,average_precision,ipin_tuna_31k,50,0.19114536124350193,0.14782547079451383,0.24069490752671588
mouse,all,matched,reciprocal_rank,ipin_baseline,50,0.25410987934822277,0.16991602431551323,0.34951324078614676
mouse,all,matched,reciprocal_rank,ipin_optimized,50,0.20277351390118725,0.13860397196094956,0.2751456143641912
mouse,all,matched,reciprocal_rank,tuna_retrained,50,0.27048689532572556,0.18527542238742767,0.36402620097457444
mouse,all,matched,reciprocal_rank,ipin_tuna_31k,50,0.2822944084739712,0.1967020047388972,0.37920033150579613
mouse,all,matched,recall_at_10,ipin_baseline,50,0.259,0.1738047619047619,0.3497154761904762
mouse,all,matched,recall_at_10,ipin_optimized,50,0.2719206349206349,0.17685476190476193,0.37585952380952375
mouse,all,matched,recall_at_10,tuna_retrained,50,0.32090476190476197,0.22418571428571427,0.4216714285714285
mouse,all,matched,recall_at_10,ipin_tuna_31k,50,0.30133333333333334,0.21633095238095237,0.39328809523809516
mouse,all,matched,NDCG_at_10,ipin_baseline,50,0.19004535788813237,0.12048981706993657,0.2679516432165289
mouse,all,matched,NDCG_at_10,ipin_optimized,50,0.175164992886221,0.111186550048481,0.24761297853893346
mouse,all,matched,NDCG_at_10,tuna_retrained,50,0.22027358108222145,0.14962382468586574,0.2966978390492057
mouse,all,matched,NDCG_at_10,ipin_tuna_31k,50,0.21051384725456862,0.1467129373814125,0.281890022189028
mouse,all,all_U,P_vs_U_concordance,ipin_baseline,50,0.740553015873016,0.6906160634920634,0.7881517916666666
mouse,all,all_U,P_vs_U_concordance,ipin_optimized,50,0.7259589285714284,0.6760660863095239,0.7741314880952381
mouse,all,all_U,P_vs_U_concordance,tuna_retrained,50,0.7178404365079366,0.659642425595238,0.7730214265873016
mouse,all,all_U,P_vs_U_concordance,ipin_tuna_31k,50,0.7681027777777778,0.7235557063492064,0.8103966011904763
mouse,all,all_U,average_precision,ipin_baseline,50,0.13871015914868903,0.09021231739186868,0.19427410189173042
mouse,all,all_U,average_precision,ipin_optimized,50,0.11421063129672168,0.07372361279720582,0.16375435729548252
mouse,all,all_U,average_precision,tuna_retrained,50,0.13061690680271754,0.08961063581424605,0.1788612227335126
mouse,all,all_U,average_precision,ipin_tuna_31k,50,0.1209145271873478,0.09024644976840066,0.15638636308887252
mouse,all,all_U,reciprocal_rank,ipin_baseline,50,0.20712118396695436,0.12166366306321881,0.30210030457536724
mouse,all,all_U,reciprocal_rank,ipin_optimized,50,0.15664087340817076,0.09496744226520494,0.22664548268177429
mouse,all,all_U,reciprocal_rank,tuna_retrained,50,0.19313727993389532,0.11878539858403343,0.27871329584388665
mouse,all,all_U,reciprocal_rank,ipin_tuna_31k,50,0.19348051108268255,0.12431876003674161,0.27516505520042545
mouse,all,all_U,recall_at_10,ipin_baseline,50,0.1682857142857143,0.09923809523809524,0.24466904761904756
mouse,all,all_U,recall_at_10,ipin_optimized,50,0.19114285714285714,0.11352380952380951,0.27780952380952384
mouse,all,all_U,recall_at_10,tuna_retrained,50,0.1963809523809524,0.12266666666666666,0.2793333333333333
mouse,all,all_U,recall_at_10,ipin_tuna_31k,50,0.17819047619047615,0.11066666666666666,0.25
mouse,all,all_U,NDCG_at_10,ipin_baseline,50,0.1369141809012115,0.07506047195210541,0.20532737751450916
mouse,all,all_U,NDCG_at_10,ipin_optimized,50,0.12139910917158671,0.06784080734374076,0.1834197371945112
mouse,all,all_U,NDCG_at_10,tuna_retrained,50,0.13712333529016144,0.08284484725327795,0.19754993595753786
mouse,all,all_U,NDCG_at_10,ipin_tuna_31k,50,0.12200887114286915,0.07489719125023601,0.172176995806697
mouse,no_exact_TRAIN_DEV_endpoint,background,P_vs_U_concordance,ipin_baseline,47,0.7521601808811984,0.7006870254744267,0.8025470223662622
mouse,no_exact_TRAIN_DEV_endpoint,background,P_vs_U_concordance,ipin_optimized,47,0.7307745385803001,0.6761748483857607,0.7824281338444927
mouse,no_exact_TRAIN_DEV_endpoint,background,P_vs_U_concordance,tuna_retrained,47,0.7219466620497536,0.6567657738457309,0.7829027909334905
mouse,no_exact_TRAIN_DEV_endpoint,background,P_vs_U_concordance,ipin_tuna_31k,47,0.7725300938298624,0.7222134928645952,0.8198753621763529
mouse,no_exact_TRAIN_DEV_endpoint,background,average_precision,ipin_baseline,47,0.210437752629296,0.1468283069674927,0.2854984363931429
mouse,no_exact_TRAIN_DEV_endpoint,background,average_precision,ipin_optimized,47,0.18575576738863203,0.13105769024407388,0.24843104304579422
mouse,no_exact_TRAIN_DEV_endpoint,background,average_precision,tuna_retrained,47,0.2048007303917639,0.15144641718223026,0.26531556328222977
mouse,no_exact_TRAIN_DEV_endpoint,background,average_precision,ipin_tuna_31k,47,0.20811249279027094,0.15853119262487936,0.2615196870578798
mouse,no_exact_TRAIN_DEV_endpoint,background,reciprocal_rank,ipin_baseline,47,0.2590974385335164,0.17014927420610415,0.3556835929882758
mouse,no_exact_TRAIN_DEV_endpoint,background,reciprocal_rank,ipin_optimized,47,0.2580508578808845,0.17380097293467212,0.35259712149331573
mouse,no_exact_TRAIN_DEV_endpoint,background,reciprocal_rank,tuna_retrained,47,0.2746984773039179,0.1883979938541763,0.37130082247770524
mouse,no_exact_TRAIN_DEV_endpoint,background,reciprocal_rank,ipin_tuna_31k,47,0.28620266627051016,0.19843792726690362,0.38343251080375607
mouse,no_exact_TRAIN_DEV_endpoint,background,recall_at_10,ipin_baseline,47,0.3041033434650456,0.2048087639311043,0.410943515704154
mouse,no_exact_TRAIN_DEV_endpoint,background,recall_at_10,ipin_optimized,47,0.2785714285714285,0.18191236068895641,0.3801431104356636
mouse,no_exact_TRAIN_DEV_endpoint,background,recall_at_10,tuna_retrained,47,0.39790611279972976,0.2970246538331645,0.5029052684903749
mouse,no_exact_TRAIN_DEV_endpoint,background,recall_at_10,ipin_tuna_31k,47,0.3919790611279973,0.2801046943600135,0.5089332151300237
mouse,no_exact_TRAIN_DEV_endpoint,background,NDCG_at_10,ipin_baseline,47,0.21595244202099406,0.1365262323157408,0.3028099725611007
mouse,no_exact_TRAIN_DEV_endpoint,background,NDCG_at_10,ipin_optimized,47,0.19526793886401028,0.12479950481348492,0.2730100154837136
mouse,no_exact_TRAIN_DEV_endpoint,background,NDCG_at_10,tuna_retrained,47,0.25127067863045477,0.18174161387546395,0.32488980729941663
mouse,no_exact_TRAIN_DEV_endpoint,background,NDCG_at_10,ipin_tuna_31k,47,0.24699662347608412,0.1755730987478592,0.321453671271653
mouse,no_exact_TRAIN_DEV_endpoint,matched,P_vs_U_concordance,ipin_baseline,47,0.7238184009137469,0.6710528500299531,0.7741387972325295
mouse,no_exact_TRAIN_DEV_endpoint,matched,P_vs_U_concordance,ipin_optimized,47,0.7131667062845245,0.6598797025100152,0.7643738624810867
mouse,no_exact_TRAIN_DEV_endpoint,matched,P_vs_U_concordance,tuna_retrained,47,0.7171474931629811,0.6545849815480079,0.7753477323429177
mouse,no_exact_TRAIN_DEV_endpoint,matched,P_vs_U_concordance,ipin_tuna_31k,47,0.757825822519859,0.7131316024705949,0.800386310829489
mouse,no_exact_TRAIN_DEV_endpoint,matched,average_precision,ipin_baseline,47,0.17783068471109334,0.12035179050547566,0.24626896957602892
mouse,no_exact_TRAIN_DEV_endpoint,matched,average_precision,ipin_optimized,47,0.16143231532465388,0.11130904476358217,0.22459077351368648
mouse,no_exact_TRAIN_DEV_endpoint,matched,average_precision,tuna_retrained,47,0.20138166132960672,0.14590614938313076,0.26377593095198054
mouse,no_exact_TRAIN_DEV_endpoint,matched,average_precision,ipin_tuna_31k,47,0.19798154118025316,0.1455739994517178,0.25588652222165226
mouse,no_exact_TRAIN_DEV_endpoint,matched,reciprocal_rank,ipin_baseline,47,0.22662886144191688,0.14770645251579292,0.31630765484333956
mouse,no_exact_TRAIN_DEV_endpoint,matched,reciprocal_rank,ipin_optimized,47,0.19802379603934114,0.13259515172146666,0.2732704378087705
mouse,no_exact_TRAIN_DEV_endpoint,matched,reciprocal_rank,tuna_retrained,47,0.2755631477851327,0.18600598050710468,0.37429416775286384
mouse,no_exact_TRAIN_DEV_endpoint,matched,reciprocal_rank,ipin_tuna_31k,47,0.296083984213371,0.19853494190310958,0.40382408749722526
mouse,no_exact_TRAIN_DEV_endpoint,matched,recall_at_10,ipin_baseline,47,0.24007092198581556,0.15602710233029382,0.3318173758865248
mouse,no_exact_TRAIN_DEV_endpoint,matched,recall_at_10,ipin_optimized,47,0.26681864235055724,0.16823454913880448,0.3723429584599798
mouse,no_exact_TRAIN_DEV_endpoint,matched,recall_at_10,tuna_retrained,47,0.36822019587977034,0.26119300911854104,0.47872340425531906
mouse,no_exact_TRAIN_DEV_endpoint,matched,recall_at_10,ipin_tuna_31k,47,0.2907801418439716,0.19959346504559267,0.388506838905775
mouse,no_exact_TRAIN_DEV_endpoint,matched,NDCG_at_10,ipin_baseline,47,0.17385447474016422,0.10435334145637953,0.253201390284469
mouse,no_exact_TRAIN_DEV_endpoint,matched,NDCG_at_10,ipin_optimized,47,0.1692389701566368,0.10486919054896175,0.24147473071613484
mouse,no_exact_TRAIN_DEV_endpoint,matched,NDCG_at_10,tuna_retrained,47,0.23708203527257155,0.16353465065169132,0.3165565185720718
mouse,no_exact_TRAIN_DEV_endpoint,matched,NDCG_at_10,ipin_tuna_31k,47,0.2152009438835577,0.14209928003407937,0.29309607131929916
mouse,no_exact_TRAIN_DEV_endpoint,all_U,P_vs_U_concordance,ipin_baseline,47,0.7379578921139921,0.6865723681496763,0.7883246271763754
mouse,no_exact_TRAIN_DEV_endpoint,all_U,P_vs_U_concordance,ipin_optimized,47,0.7220323924188301,0.6695018214289635,0.7733386975864917
mouse,no_exact_TRAIN_DEV_endpoint,all_U,P_vs_U_concordance,tuna_retrained,47,0.7195831072493807,0.6563785352424609,0.7806306176691755
mouse,no_exact_TRAIN_DEV_endpoint,all_U,P_vs_U_concordance,ipin_tuna_31k,47,0.7652017760313649,0.7194768804056922,0.8103715056294559
mouse,no_exact_TRAIN_DEV_endpoint,all_U,average_precision,ipin_baseline,47,0.13546255251022177,0.08024906064855221,0.20382442760341082
mouse,no_exact_TRAIN_DEV_endpoint,all_U,average_precision,ipin_optimized,47,0.11197935851865742,0.06656819241557932,0.1716621453439426
mouse,no_exact_TRAIN_DEV_endpoint,all_U,average_precision,tuna_retrained,47,0.13396346509419044,0.08772687733111055,0.19195114007424643
mouse,no_exact_TRAIN_DEV_endpoint,all_U,average_precision,ipin_tuna_31k,47,0.12192072489858716,0.0874055917467617,0.16116510994004957
mouse,no_exact_TRAIN_DEV_endpoint,all_U,reciprocal_rank,ipin_baseline,47,0.1768759284741703,0.10041380348817262,0.26818028319403286
mouse,no_exact_TRAIN_DEV_endpoint,all_U,reciprocal_rank,ipin_optimized,47,0.1520884556494378,0.08827034586603086,0.22871883305303456
mouse,no_exact_TRAIN_DEV_endpoint,all_U,reciprocal_rank,tuna_retrained,47,0.19391046467117679,0.11549514018595174,0.2835237043217316
mouse,no_exact_TRAIN_DEV_endpoint,all_U,reciprocal_rank,ipin_tuna_31k,47,0.19595079808855523,0.12256034874344428,0.2845793553223648
mouse,no_exact_TRAIN_DEV_endpoint,all_U,recall_at_10,ipin_baseline,47,0.16484295845997973,0.08955927051671732,0.25126899696048627
mouse,no_exact_TRAIN_DEV_endpoint,all_U,recall_at_10,ipin_optimized,47,0.185612968591692,0.10425531914893618,0.2781180344478216
mouse,no_exact_TRAIN_DEV_endpoint,all_U,recall_at_10,tuna_retrained,47,0.20607902735562308,0.12563323201621074,0.29372593718338397
mouse,no_exact_TRAIN_DEV_endpoint,all_U,recall_at_10,ipin_tuna_31k,47,0.15977710233029382,0.09240121580547114,0.2342451874366768
mouse,no_exact_TRAIN_DEV_endpoint,all_U,NDCG_at_10,ipin_baseline,47,0.1280845844656383,0.06331792877829717,0.2048472110069277
mouse,no_exact_TRAIN_DEV_endpoint,all_U,NDCG_at_10,ipin_optimized,47,0.1171012369953713,0.061205787041577364,0.18580969124943103
mouse,no_exact_TRAIN_DEV_endpoint,all_U,NDCG_at_10,tuna_retrained,47,0.14272769564549412,0.08388281583605961,0.20925581811408886
mouse,no_exact_TRAIN_DEV_endpoint,all_U,NDCG_at_10,ipin_tuna_31k,47,0.11807435095266611,0.06861709251294308,0.17404643710828052
fly,all,background,P_vs_U_concordance,ipin_baseline,50,0.6455017460317459,0.5982533591269842,0.6905439404761905
fly,all,background,P_vs_U_concordance,ipin_optimized,50,0.6281219841269842,0.5823183492063492,0.6726387976190475
fly,all,background,P_vs_U_concordance,tuna_retrained,50,0.6752509523809523,0.6307892142857144,0.7176687619047619
fly,all,background,P_vs_U_concordance,ipin_tuna_31k,50,0.6710380158730159,0.6265045515873015,0.7134982242063491
fly,all,background,average_precision,ipin_baseline,50,0.1615448996877427,0.1286118819914547,0.19702097686956563
fly,all,background,average_precision,ipin_optimized,50,0.18260751371404557,0.14242546020422867,0.22483245228505963
fly,all,background,average_precision,tuna_retrained,50,0.20536426940722735,0.159310664556309,0.2530639293733411
fly,all,background,average_precision,ipin_tuna_31k,50,0.19843124002505402,0.15776499575646097,0.24112625450403874
fly,all,background,reciprocal_rank,ipin_baseline,50,0.3010239538887707,0.21523720143801992,0.3947933372664919
fly,all,background,reciprocal_rank,ipin_optimized,50,0.37284981136665896,0.2687048045419633,0.4826171879337082
fly,all,background,reciprocal_rank,tuna_retrained,50,0.37033610039385906,0.2722292508281948,0.47403806293562745
fly,all,background,reciprocal_rank,ipin_tuna_31k,50,0.34401727926070036,0.2533839689002518,0.44266604342295124
fly,all,background,recall_at_10,ipin_baseline,50,0.1801031746031746,0.12421170634920635,0.24335773809523809
fly,all,background,recall_at_10,ipin_optimized,50,0.23201587301587304,0.1644815476190476,0.30276210317460317
fly,all,background,recall_at_10,tuna_retrained,50,0.20834920634920637,0.1539670634920635,0.2649555555555555
fly,all,background,recall_at_10,ipin_tuna_31k,50,0.2346825396825397,0.17368988095238094,0.29862142857142854
fly,all,background,NDCG_at_10,ipin_baseline,50,0.15386656374870966,0.10896858024853492,0.20176731285113897
fly,all,background,NDCG_at_10,ipin_optimized,50,0.20110574719493404,0.14318248529221603,0.2604174238506642
fly,all,background,NDCG_at_10,tuna_retrained,50,0.20484069714762987,0.1474336954473943,0.26449966619738563
fly,all,background,NDCG_at_10,ipin_tuna_31k,50,0.20704673408286303,0.15464930668997573,0.26139362647101394
fly,all,matched,P_vs_U_concordance,ipin_baseline,50,0.6435919047619048,0.5966563492063492,0.6900722698412697
fly,all,matched,P_vs_U_concordance,ipin_optimized,50,0.6292295238095238,0.5827721666666666,0.6742219682539683
fly,all,matched,P_vs_U_concordance,tuna_retrained,50,0.678287380952381,0.6320916746031746,0.7210380257936508
fly,all,matched,P_vs_U_concordance,ipin_tuna_31k,50,0.672196507936508,0.6323658670634922,0.7112376924603173
fly,all,matched,average_precision,ipin_baseline,50,0.1592575599270605,0.12737932608170763,0.191397399040324
fly,all,matched,average_precision,ipin_optimized,50,0.17324055657837703,0.1363972134421337,0.2103688896451233
fly,all,matched,average_precision,tuna_retrained,50,0.2110734186355022,0.16638761759070653,0.2590003648276798
fly,all,matched,average_precision,ipin_tuna_31k,50,0.18700965805090658,0.15169758674522457,0.22434171469510017
fly,all,matched,reciprocal_rank,ipin_baseline,50,0.29953759649677336,0.20790893275545821,0.39528303806929466
fly,all,matched,reciprocal_rank,ipin_optimized,50,0.337281618123711,0.24066458989728284,0.43806265989817955
fly,all,matched,reciprocal_rank,tuna_retrained,50,0.432449209006902,0.3210381302168112,0.5470916020938986
fly,all,matched,reciprocal_rank,ipin_tuna_31k,50,0.3690615014070896,0.26469721587644385,0.47899550755616915
fly,all,matched,recall_at_10,ipin_baseline,50,0.1589920634920635,0.10683253968253968,0.21796825396825398
fly,all,matched,recall_at_10,ipin_optimized,50,0.19080158730158728,0.13357936507936508,0.2525041666666666
fly,all,matched,recall_at_10,tuna_retrained,50,0.2154047619047619,0.16404662698412698,0.26904265873015865
fly,all,matched,recall_at_10,ipin_tuna_31k,50,0.23518253968253966,0.1765793650793651,0.2989303571428571
fly,all,matched,NDCG_at_10,ipin_baseline,50,0.14339568825135934,0.09961016984503536,0.18822525534348808
fly,all,matched,NDCG_at_10,ipin_optimized,50,0.17403987065195006,0.122250673642161,0.22626416989716902
fly,all,matched,NDCG_at_10,tuna_retrained,50,0.21500840679560845,0.16054332404815025,0.27194057774176417
fly,all,matched,NDCG_at_10,ipin_tuna_31k,50,0.19998629240500498,0.15146656091882588,0.24864820904134555
fly,all,all_U,P_vs_U_concordance,ipin_baseline,50,0.6445468253968255,0.5978349444444445,0.6893365952380953
fly,all,all_U,P_vs_U_concordance,ipin_optimized,50,0.628675753968254,0.5837232628968255,0.6724583541666667
fly,all,all_U,P_vs_U_concordance,tuna_retrained,50,0.6767691666666668,0.6328031726190476,0.7182743958333335
fly,all,all_U,P_vs_U_concordance,ipin_tuna_31k,50,0.671617261904762,0.6307488621031745,0.7122648234126985
fly,all,all_U,average_precision,ipin_baseline,50,0.09359825273498355,0.07310153940715475,0.11526999081169685
fly,all,all_U,average_precision,ipin_optimized,50,0.11089523410752211,0.08526938312128189,0.1381224704701094
fly,all,all_U,average_precision,tuna_retrained,50,0.13758757222889675,0.10117756893051755,0.1779308941250499
fly,all,all_U,average_precision,ipin_tuna_31k,50,0.12034274043524923,0.09291899735312281,0.1506735056231714
fly,all,all_U,reciprocal_rank,ipin_baseline,50,0.19641358118601798,0.1306172885691105,0.26992566844476695
fly,all,all_U,reciprocal_rank,ipin_optimized,50,0.2818547659772972,0.1845634473757556,0.3857588658204193
fly,all,all_U,reciprocal_rank,tuna_retrained,50,0.3110810924939926,0.21223977410523354,0.41657980368185626
fly,all,all_U,reciprocal_rank,ipin_tuna_31k,50,0.2755245031819022,0.18224257531718133,0.3759469799799116
fly,all,all_U,recall_at_10,ipin_baseline,50,0.10524603174603175,0.06207936507936509,0.1580561507936508
fly,all,all_U,recall_at_10,ipin_optimized,50,0.12122222222222222,0.0768875,0.1685583333333333
fly,all,all_U,recall_at_10,tuna_retrained,50,0.15049206349206348,0.10360972222222223,0.2011672619047619
fly,all,all_U,recall_at_10,ipin_tuna_31k,50,0.12796031746031744,0.08507936507936507,0.17253353174603173
fly,all,all_U,NDCG_at_10,ipin_baseline,50,0.08856533728327542,0.05699209999179931,0.12302524641516245
fly,all,all_U,NDCG_at_10,ipin_optimized,50,0.11552112840932413,0.07560045332561664,0.15674050220802804
fly,all,all_U,NDCG_at_10,tuna_retrained,50,0.15095278521491357,0.10110984978364126,0.20510112757839066
fly,all,all_U,NDCG_at_10,ipin_tuna_31k,50,0.12154294800907181,0.08110446993775755,0.16501913917738897
fly,no_exact_TRAIN_DEV_endpoint,background,P_vs_U_concordance,ipin_baseline,50,0.6455017460317459,0.5990230674603174,0.6910118273809522
fly,no_exact_TRAIN_DEV_endpoint,background,P_vs_U_concordance,ipin_optimized,50,0.6281219841269842,0.5819645198412697,0.6738400396825398
fly,no_exact_TRAIN_DEV_endpoint,background,P_vs_U_concordance,tuna_retrained,50,0.6752509523809523,0.6308895555555554,0.7182945317460318
fly,no_exact_TRAIN_DEV_endpoint,background,P_vs_U_concordance,ipin_tuna_31k,50,0.6710380158730159,0.6273734265873016,0.7147313075396826
fly,no_exact_TRAIN_DEV_endpoint,background,average_precision,ipin_baseline,50,0.1615448996877427,0.12807365037287693,0.1965475648756893
fly,no_exact_TRAIN_DEV_endpoint,background,average_precision,ipin_optimized,50,0.18260751371404557,0.14180713786362137,0.22493137431689486
fly,no_exact_TRAIN_DEV_endpoint,background,average_precision,tuna_retrained,50,0.20536426940722735,0.15994374435894235,0.2533084800726523
fly,no_exact_TRAIN_DEV_endpoint,background,average_precision,ipin_tuna_31k,50,0.19843124002505402,0.1582400976154355,0.24199115955566314
fly,no_exact_TRAIN_DEV_endpoint,background,reciprocal_rank,ipin_baseline,50,0.3010239538887707,0.2152604904596947,0.3945382369317385
fly,no_exact_TRAIN_DEV_endpoint,background,reciprocal_rank,ipin_optimized,50,0.37284981136665896,0.2655521476157683,0.48242478333488226
fly,no_exact_TRAIN_DEV_endpoint,background,reciprocal_rank,tuna_retrained,50,0.37033610039385906,0.27204497951760886,0.4733036383587676
fly,no_exact_TRAIN_DEV_endpoint,background,reciprocal_rank,ipin_tuna_31k,50,0.34401727926070036,0.2529309352927774,0.442862991047695
fly,no_exact_TRAIN_DEV_endpoint,background,recall_at_10,ipin_baseline,50,0.1801031746031746,0.12354623015873016,0.24185773809523806
fly,no_exact_TRAIN_DEV_endpoint,background,recall_at_10,ipin_optimized,50,0.23201587301587304,0.16429960317460318,0.3042234126984127
fly,no_exact_TRAIN_DEV_endpoint,background,recall_at_10,tuna_retrained,50,0.20834920634920637,0.15329285714285715,0.26429444444444444
fly,no_exact_TRAIN_DEV_endpoint,background,recall_at_10,ipin_tuna_31k,50,0.2346825396825397,0.17405555555555555,0.3006065476190476
fly,no_exact_TRAIN_DEV_endpoint,background,NDCG_at_10,ipin_baseline,50,0.15386656374870966,0.10841643035872067,0.2021921285694851
fly,no_exact_TRAIN_DEV_endpoint,background,NDCG_at_10,ipin_optimized,50,0.20110574719493404,0.14316404875961355,0.2599832818196317
fly,no_exact_TRAIN_DEV_endpoint,background,NDCG_at_10,tuna_retrained,50,0.20484069714762987,0.14830119465488642,0.2643410048718585
fly,no_exact_TRAIN_DEV_endpoint,background,NDCG_at_10,ipin_tuna_31k,50,0.20704673408286303,0.15474824772407317,0.2615911922025553
fly,no_exact_TRAIN_DEV_endpoint,matched,P_vs_U_concordance,ipin_baseline,50,0.6435919047619048,0.596186380952381,0.6895017182539682
fly,no_exact_TRAIN_DEV_endpoint,matched,P_vs_U_concordance,ipin_optimized,50,0.6292295238095238,0.5823952499999999,0.6740881507936508
fly,no_exact_TRAIN_DEV_endpoint,matched,P_vs_U_concordance,tuna_retrained,50,0.678287380952381,0.6327668055555555,0.7221961825396825
fly,no_exact_TRAIN_DEV_endpoint,matched,P_vs_U_concordance,ipin_tuna_31k,50,0.672196507936508,0.6322349166666668,0.7112419603174605
fly,no_exact_TRAIN_DEV_endpoint,matched,average_precision,ipin_baseline,50,0.1592575599270605,0.12781096475158066,0.19230390948305803
fly,no_exact_TRAIN_DEV_endpoint,matched,average_precision,ipin_optimized,50,0.17324055657837703,0.13730567007968814,0.2112072422870446
fly,no_exact_TRAIN_DEV_endpoint,matched,average_precision,tuna_retrained,50,0.2110734186355022,0.1650999134468142,0.25915224164395606
fly,no_exact_TRAIN_DEV_endpoint,matched,average_precision,ipin_tuna_31k,50,0.18700965805090658,0.15189381715757905,0.22425654956781318
fly,no_exact_TRAIN_DEV_endpoint,matched,reciprocal_rank,ipin_baseline,50,0.29953759649677336,0.20897458860076232,0.3947438643122152
fly,no_exact_TRAIN_DEV_endpoint,matched,reciprocal_rank,ipin_optimized,50,0.337281618123711,0.2390657180125952,0.44158392163224824
fly,no_exact_TRAIN_DEV_endpoint,matched,reciprocal_rank,tuna_retrained,50,0.432449209006902,0.3189062753840334,0.5482091446948362
fly,no_exact_TRAIN_DEV_endpoint,matched,reciprocal_rank,ipin_tuna_31k,50,0.3690615014070896,0.2659162323991368,0.47714844899789755
fly,no_exact_TRAIN_DEV_endpoint,matched,recall_at_10,ipin_baseline,50,0.1589920634920635,0.10821369047619046,0.21727261904761902
fly,no_exact_TRAIN_DEV_endpoint,matched,recall_at_10,ipin_optimized,50,0.19080158730158728,0.1338325396825397,0.25289285714285714
fly,no_exact_TRAIN_DEV_endpoint,matched,recall_at_10,tuna_retrained,50,0.2154047619047619,0.16238749999999996,0.27059563492063493
fly,no_exact_TRAIN_DEV_endpoint,matched,recall_at_10,ipin_tuna_31k,50,0.23518253968253966,0.17685615079365083,0.29731726190476176
fly,no_exact_TRAIN_DEV_endpoint,matched,NDCG_at_10,ipin_baseline,50,0.14339568825135934,0.1000914759780203,0.1893668053511433
fly,no_exact_TRAIN_DEV_endpoint,matched,NDCG_at_10,ipin_optimized,50,0.17403987065195006,0.12314868861525782,0.2275540841848186
fly,no_exact_TRAIN_DEV_endpoint,matched,NDCG_at_10,tuna_retrained,50,0.21500840679560845,0.15953277833126014,0.27344569237242655
fly,no_exact_TRAIN_DEV_endpoint,matched,NDCG_at_10,ipin_tuna_31k,50,0.19998629240500498,0.15210627424880682,0.24926242246949204
fly,no_exact_TRAIN_DEV_endpoint,all_U,P_vs_U_concordance,ipin_baseline,50,0.6445468253968255,0.60014916765873,0.690526492063492
fly,no_exact_TRAIN_DEV_endpoint,all_U,P_vs_U_concordance,ipin_optimized,50,0.628675753968254,0.5849501676587301,0.6727565
fly,no_exact_TRAIN_DEV_endpoint,all_U,P_vs_U_concordance,tuna_retrained,50,0.6767691666666668,0.6339096696428571,0.7200087886904764
fly,no_exact_TRAIN_DEV_endpoint,all_U,P_vs_U_concordance,ipin_tuna_31k,50,0.671617261904762,0.6312956359126984,0.7118247688492064
fly,no_exact_TRAIN_DEV_endpoint,all_U,average_precision,ipin_baseline,50,0.09359825273498355,0.07340798941347162,0.11539365706645201
fly,no_exact_TRAIN_DEV_endpoint,all_U,average_precision,ipin_optimized,50,0.11089523410752211,0.0850861640344173,0.1386810281890365
fly,no_exact_TRAIN_DEV_endpoint,all_U,average_precision,tuna_retrained,50,0.13758757222889675,0.10210661995679028,0.17956514455499487
fly,no_exact_TRAIN_DEV_endpoint,all_U,average_precision,ipin_tuna_31k,50,0.12034274043524923,0.09305057945424253,0.1510815919542497
fly,no_exact_TRAIN_DEV_endpoint,all_U,reciprocal_rank,ipin_baseline,50,0.19641358118601798,0.13063541224994937,0.27090482748157246
fly,no_exact_TRAIN_DEV_endpoint,all_U,reciprocal_rank,ipin_optimized,50,0.2818547659772972,0.1886689199993418,0.3870546225426832
fly,no_exact_TRAIN_DEV_endpoint,all_U,reciprocal_rank,tuna_retrained,50,0.3110810924939926,0.21625223355463719,0.4172128315285972
fly,no_exact_TRAIN_DEV_endpoint,all_U,reciprocal_rank,ipin_tuna_31k,50,0.2755245031819022,0.18223056135621232,0.37717607347784965
fly,no_exact_TRAIN_DEV_endpoint,all_U,recall_at_10,ipin_baseline,50,0.10524603174603175,0.06321428571428572,0.15716785714285714
fly,no_exact_TRAIN_DEV_endpoint,all_U,recall_at_10,ipin_optimized,50,0.12122222222222222,0.07672222222222222,0.1701125
fly,no_exact_TRAIN_DEV_endpoint,all_U,recall_at_10,tuna_retrained,50,0.15049206349206348,0.10530079365079364,0.20093789682539678
fly,no_exact_TRAIN_DEV_endpoint,all_U,recall_at_10,ipin_tuna_31k,50,0.12796031746031744,0.08710238095238093,0.17360337301587303
fly,no_exact_TRAIN_DEV_endpoint,all_U,NDCG_at_10,ipin_baseline,50,0.08856533728327542,0.05735194306325746,0.12240622976067984
fly,no_exact_TRAIN_DEV_endpoint,all_U,NDCG_at_10,ipin_optimized,50,0.11552112840932413,0.07572099725677307,0.1587354916008027
fly,no_exact_TRAIN_DEV_endpoint,all_U,NDCG_at_10,tuna_retrained,50,0.15095278521491357,0.10369065406773607,0.20561085801298404
fly,no_exact_TRAIN_DEV_endpoint,all_U,NDCG_at_10,ipin_tuna_31k,50,0.12154294800907181,0.08137276791166843,0.1650204223391451
worm,all,background,P_vs_U_concordance,ipin_baseline,50,0.6045577777777779,0.5508744166666666,0.6573545833333333
worm,all,background,P_vs_U_concordance,ipin_optimized,50,0.6321622222222222,0.5839438888888889,0.6798592777777777
worm,all,background,P_vs_U_concordance,tuna_retrained,50,0.6209266666666666,0.5749166666666667,0.6682775000000001
worm,all,background,P_vs_U_concordance,ipin_tuna_31k,50,0.6598344444444444,0.611122,0.7071966666666667
worm,all,background,average_precision,ipin_baseline,50,0.17297044325158725,0.12274968943434496,0.2292120920821989
worm,all,background,average_precision,ipin_optimized,50,0.16035270108761165,0.11614651528552515,0.2105262024745325
worm,all,background,average_precision,tuna_retrained,50,0.14507939299671668,0.10425459290220031,0.1924941470193577
worm,all,background,average_precision,ipin_tuna_31k,50,0.18670641834418075,0.14162601441068898,0.2359394375118282
worm,all,background,reciprocal_rank,ipin_baseline,50,0.32215638196344715,0.22504457021692073,0.42623232685943274
worm,all,background,reciprocal_rank,ipin_optimized,50,0.2877951109795593,0.20115205333316716,0.38145086959721075
worm,all,background,reciprocal_rank,tuna_retrained,50,0.2522612825440932,0.16648922535110708,0.3464986952910981
worm,all,background,reciprocal_rank,ipin_tuna_31k,50,0.3415929337248597,0.24062440374080557,0.4495241884719838
worm,all,background,recall_at_10,ipin_baseline,50,0.2421111111111111,0.169,0.31911388888888886
worm,all,background,recall_at_10,ipin_optimized,50,0.21455555555555555,0.14733055555555555,0.28944444444444445
worm,all,background,recall_at_10,tuna_retrained,50,0.1886666666666667,0.12266666666666666,0.26033333333333336
worm,all,background,recall_at_10,ipin_tuna_31k,50,0.25722222222222224,0.18233055555555555,0.33333333333333337
worm,all,background,NDCG_at_10,ipin_baseline,50,0.20132361306407298,0.13629484902786818,0.2712749754868073
worm,all,background,NDCG_at_10,ipin_optimized,50,0.17592859460367177,0.11682042964264741,0.24201539238748915
worm,all,background,NDCG_at_10,tuna_retrained,50,0.15085151592904697,0.09586039357074377,0.21180742846543224
worm,all,background,NDCG_at_10,ipin_tuna_31k,50,0.21181012436136404,0.14966539370256055,0.27648535911349365
worm,all,matched,P_vs_U_concordance,ipin_baseline,50,0.56316,0.5075930833333334,0.6192340000000001
worm,all,matched,P_vs_U_concordance,ipin_optimized,50,0.5956133333333333,0.5435266666666667,0.6470214999999999
worm,all,matched,P_vs_U_concordance,tuna_retrained,50,0.598281111111111,0.5511833055555556,0.6474626111111111
worm,all,matched,P_vs_U_concordance,ipin_tuna_31k,50,0.5963755555555555,0.5516124166666668,0.6407945277777778
worm,all,matched,average_precision,ipin_baseline,50,0.14235244402392053,0.10289000789329394,0.18586520842980792
worm,all,matched,average_precision,ipin_optimized,50,0.15406928120517027,0.10944900751897185,0.20605027155525532
worm,all,matched,average_precision,tuna_retrained,50,0.1320290864353213,0.10218546957546824,0.16397180896358643
worm,all,matched,average_precision,ipin_tuna_31k,50,0.1339290888451415,0.10249910177692843,0.167661902010484
worm,all,matched,reciprocal_rank,ipin_baseline,50,0.27386178714569626,0.1832979337549507,0.371735244040701
worm,all,matched,reciprocal_rank,ipin_optimized,50,0.3112893312972836,0.21230964719482295,0.413069512757587
worm,all,matched,reciprocal_rank,tuna_retrained,50,0.251464892757243,0.17113858328000262,0.3400926732287548
worm,all,matched,reciprocal_rank,ipin_tuna_31k,50,0.24376851312854705,0.16212208347373674,0.3338759046802404
worm,all,matched,recall_at_10,ipin_baseline,50,0.20233333333333334,0.138,0.27299999999999996
worm,all,matched,recall_at_10,ipin_optimized,50,0.18955555555555553,0.12866666666666668,0.256
worm,all,matched,recall_at_10,tuna_retrained,50,0.16433333333333333,0.11199999999999999,0.2193333333333333
worm,all,matched,recall_at_10,ipin_tuna_31k,50,0.1788888888888889,0.12366666666666667,0.2353333333333333
worm,all,matched,NDCG_at_10,ipin_baseline,50,0.16175674237851267,0.10828988551126095,0.2192379503422867
worm,all,matched,NDCG_at_10,ipin_optimized,50,0.16752863240753796,0.11055918162422917,0.2299543564179445
worm,all,matched,NDCG_at_10,tuna_retrained,50,0.13481052541643426,0.09074549294373772,0.17978621250375568
worm,all,matched,NDCG_at_10,ipin_tuna_31k,50,0.14067277060281713,0.09573495671183611,0.18871656116839183
worm,all,all_U,P_vs_U_concordance,ipin_baseline,50,0.5838588888888889,0.5298380972222222,0.6383125972222222
worm,all,all_U,P_vs_U_concordance,ipin_optimized,50,0.6138877777777778,0.5650412638888889,0.6638671111111111
worm,all,all_U,P_vs_U_concordance,tuna_retrained,50,0.6096038888888888,0.5637511111111112,0.6571392222222221
worm,all,all_U,P_vs_U_concordance,ipin_tuna_31k,50,0.6281049999999999,0.5828712916666668,0.6733200833333333
worm,all,all_U,average_precision,ipin_baseline,50,0.10308227505014755,0.06787211335609507,0.14492362486551086
worm,all,all_U,average_precision,ipin_optimized,50,0.10473233115709123,0.06972229127402196,0.14743286103783823
worm,all,all_U,average_precision,tuna_retrained,50,0.0848576502863738,0.059840782511406246,0.1140365671461879
worm,all,all_U,average_precision,ipin_tuna_31k,50,0.09322055022128412,0.06747325232308349,0.12346927899395159
worm,all,all_U,reciprocal_rank,ipin_baseline,50,0.21887366888690138,0.1358346672936758,0.31240778276485365
worm,all,all_U,reciprocal_rank,ipin_optimized,50,0.2347566245492148,0.14909253761171712,0.3323717911067438
worm,all,all_U,reciprocal_rank,tuna_retrained,50,0.18261872238262225,0.10905572683506644,0.27068806230680126
worm,all,all_U,reciprocal_rank,ipin_tuna_31k,50,0.18104967311850853,0.1161031045062091,0.25677992285348883
worm,all,all_U,recall_at_10,ipin_baseline,50,0.13755555555555554,0.08566388888888889,0.19733333333333333
worm,all,all_U,recall_at_10,ipin_optimized,50,0.12855555555555556,0.07800000000000001,0.1845583333333333
worm,all,all_U,recall_at_10,tuna_retrained,50,0.11766666666666666,0.07266666666666667,0.16666666666666663
worm,all,all_U,recall_at_10,ipin_tuna_31k,50,0.14288888888888887,0.0932222222222222,0.19599999999999998
worm,all,all_U,NDCG_at_10,ipin_baseline,50,0.1179101793837405,0.0707943083869653,0.17214798683453209
worm,all,all_U,NDCG_at_10,ipin_optimized,50,0.11814151399446311,0.06964520631722916,0.1746290050038171
worm,all,all_U,NDCG_at_10,tuna_retrained,50,0.09384942830448267,0.05707226303355995,0.13438876340193237
worm,all,all_U,NDCG_at_10,ipin_tuna_31k,50,0.10565124829364832,0.06758443334817697,0.14746644666835157
worm,no_exact_TRAIN_DEV_endpoint,background,P_vs_U_concordance,ipin_baseline,50,0.6045577777777779,0.551410861111111,0.6567372777777778
worm,no_exact_TRAIN_DEV_endpoint,background,P_vs_U_concordance,ipin_optimized,50,0.6321622222222222,0.5831898888888889,0.6795123333333334
worm,no_exact_TRAIN_DEV_endpoint,background,P_vs_U_concordance,tuna_retrained,50,0.6209266666666666,0.5748296666666667,0.66648425
worm,no_exact_TRAIN_DEV_endpoint,background,P_vs_U_concordance,ipin_tuna_31k,50,0.6598344444444444,0.6096029444444444,0.7063341111111111
worm,no_exact_TRAIN_DEV_endpoint,background,average_precision,ipin_baseline,50,0.17297044325158725,0.1237128317137933,0.22912721006158404
worm,no_exact_TRAIN_DEV_endpoint,background,average_precision,ipin_optimized,50,0.16035270108761165,0.11606114967897818,0.21052829026783634
worm,no_exact_TRAIN_DEV_endpoint,background,average_precision,tuna_retrained,50,0.14507939299671668,0.10430003769796475,0.19173784375651937
worm,no_exact_TRAIN_DEV_endpoint,background,average_precision,ipin_tuna_31k,50,0.18670641834418075,0.14212007215460154,0.23434382893318645
worm,no_exact_TRAIN_DEV_endpoint,background,reciprocal_rank,ipin_baseline,50,0.32215638196344715,0.22507330105733636,0.4246689520398079
worm,no_exact_TRAIN_DEV_endpoint,background,reciprocal_rank,ipin_optimized,50,0.2877951109795593,0.20115695358361516,0.38047238135319744
worm,no_exact_TRAIN_DEV_endpoint,background,reciprocal_rank,tuna_retrained,50,0.2522612825440932,0.1669139080864233,0.3463861211857621
worm,no_exact_TRAIN_DEV_endpoint,background,reciprocal_rank,ipin_tuna_31k,50,0.3415929337248597,0.24261026533103028,0.447796976934356
worm,no_exact_TRAIN_DEV_endpoint,background,recall_at_10,ipin_baseline,50,0.2421111111111111,0.16999166666666668,0.31744722222222216
worm,no_exact_TRAIN_DEV_endpoint,background,recall_at_10,ipin_optimized,50,0.21455555555555555,0.14722222222222223,0.2865583333333333
worm,no_exact_TRAIN_DEV_endpoint,background,recall_at_10,tuna_retrained,50,0.1886666666666667,0.12266666666666667,0.2603333333333333
worm,no_exact_TRAIN_DEV_endpoint,background,recall_at_10,ipin_tuna_31k,50,0.25722222222222224,0.18366666666666667,0.335
worm,no_exact_TRAIN_DEV_endpoint,background,NDCG_at_10,ipin_baseline,50,0.20132361306407298,0.13684250580773588,0.27125101320791845
worm,no_exact_TRAIN_DEV_endpoint,background,NDCG_at_10,ipin_optimized,50,0.17592859460367177,0.11692962704137795,0.2408012514428003
worm,no_exact_TRAIN_DEV_endpoint,background,NDCG_at_10,tuna_retrained,50,0.15085151592904697,0.09613702170473837,0.21128201746993752
worm,no_exact_TRAIN_DEV_endpoint,background,NDCG_at_10,ipin_tuna_31k,50,0.21181012436136404,0.15067003011579033,0.27625237101534733
worm,no_exact_TRAIN_DEV_endpoint,matched,P_vs_U_concordance,ipin_baseline,50,0.56316,0.50812475,0.61910075
worm,no_exact_TRAIN_DEV_endpoint,matched,P_vs_U_concordance,ipin_optimized,50,0.5956133333333333,0.5433465000000001,0.6476135
worm,no_exact_TRAIN_DEV_endpoint,matched,P_vs_U_concordance,tuna_retrained,50,0.598281111111111,0.55060525,0.6466339722222222
worm,no_exact_TRAIN_DEV_endpoint,matched,P_vs_U_concordance,ipin_tuna_31k,50,0.5963755555555555,0.5511777222222222,0.6413434722222221
worm,no_exact_TRAIN_DEV_endpoint,matched,average_precision,ipin_baseline,50,0.14235244402392053,0.1037765325558162,0.1867909005299911
worm,no_exact_TRAIN_DEV_endpoint,matched,average_precision,ipin_optimized,50,0.15406928120517027,0.1104238739413451,0.2063103856033809
worm,no_exact_TRAIN_DEV_endpoint,matched,average_precision,tuna_retrained,50,0.1320290864353213,0.101360673219793,0.16503925579557524
worm,no_exact_TRAIN_DEV_endpoint,matched,average_precision,ipin_tuna_31k,50,0.1339290888451415,0.10329487771150644,0.16773319986173527
worm,no_exact_TRAIN_DEV_endpoint,matched,reciprocal_rank,ipin_baseline,50,0.27386178714569626,0.1843433646488859,0.3756533573817806
worm,no_exact_TRAIN_DEV_endpoint,matched,reciprocal_rank,ipin_optimized,50,0.3112893312972836,0.21439244975646476,0.4172470605693683
worm,no_exact_TRAIN_DEV_endpoint,matched,reciprocal_rank,tuna_retrained,50,0.251464892757243,0.17014782099991607,0.341611829105329
worm,no_exact_TRAIN_DEV_endpoint,matched,reciprocal_rank,ipin_tuna_31k,50,0.24376851312854705,0.1635682302275383,0.33384762786577016
worm,no_exact_TRAIN_DEV_endpoint,matched,recall_at_10,ipin_baseline,50,0.20233333333333334,0.13699999999999998,0.2723333333333333
worm,no_exact_TRAIN_DEV_endpoint,matched,recall_at_10,ipin_optimized,50,0.18955555555555553,0.12855555555555556,0.255
worm,no_exact_TRAIN_DEV_endpoint,matched,recall_at_10,tuna_retrained,50,0.16433333333333333,0.11133333333333333,0.2193333333333333
worm,no_exact_TRAIN_DEV_endpoint,matched,recall_at_10,ipin_tuna_31k,50,0.1788888888888889,0.12377777777777776,0.23700277777777776
worm,no_exact_TRAIN_DEV_endpoint,matched,NDCG_at_10,ipin_baseline,50,0.16175674237851267,0.1085245091026324,0.22010780411289096
worm,no_exact_TRAIN_DEV_endpoint,matched,NDCG_at_10,ipin_optimized,50,0.16752863240753796,0.11147743939920701,0.23068648244387652
worm,no_exact_TRAIN_DEV_endpoint,matched,NDCG_at_10,tuna_retrained,50,0.13481052541643426,0.09024813096666784,0.18135756739926498
worm,no_exact_TRAIN_DEV_endpoint,matched,NDCG_at_10,ipin_tuna_31k,50,0.14067277060281713,0.09480711098531938,0.18892869754707714
worm,no_exact_TRAIN_DEV_endpoint,all_U,P_vs_U_concordance,ipin_baseline,50,0.5838588888888889,0.5292526944444444,0.6383598888888887
worm,no_exact_TRAIN_DEV_endpoint,all_U,P_vs_U_concordance,ipin_optimized,50,0.6138877777777778,0.563782125,0.664475
worm,no_exact_TRAIN_DEV_endpoint,all_U,P_vs_U_concordance,tuna_retrained,50,0.6096038888888888,0.5627504583333335,0.6565004444444446
worm,no_exact_TRAIN_DEV_endpoint,all_U,P_vs_U_concordance,ipin_tuna_31k,50,0.6281049999999999,0.5826842083333333,0.6735237916666668
worm,no_exact_TRAIN_DEV_endpoint,all_U,average_precision,ipin_baseline,50,0.10308227505014755,0.06845806814723639,0.14475530571473944
worm,no_exact_TRAIN_DEV_endpoint,all_U,average_precision,ipin_optimized,50,0.10473233115709123,0.0688699193487056,0.14720330509514037
worm,no_exact_TRAIN_DEV_endpoint,all_U,average_precision,tuna_retrained,50,0.0848576502863738,0.05934403588001872,0.11383964046906099
worm,no_exact_TRAIN_DEV_endpoint,all_U,average_precision,ipin_tuna_31k,50,0.09322055022128412,0.06707332813254337,0.12354856201007085
worm,no_exact_TRAIN_DEV_endpoint,all_U,reciprocal_rank,ipin_baseline,50,0.21887366888690138,0.13583023679646716,0.3128302670402122
worm,no_exact_TRAIN_DEV_endpoint,all_U,reciprocal_rank,ipin_optimized,50,0.2347566245492148,0.14629635800822288,0.33235980230700407
worm,no_exact_TRAIN_DEV_endpoint,all_U,reciprocal_rank,tuna_retrained,50,0.18261872238262225,0.10848282675893756,0.26870093981848464
worm,no_exact_TRAIN_DEV_endpoint,all_U,reciprocal_rank,ipin_tuna_31k,50,0.18104967311850853,0.11522274937283519,0.2582910627341153
worm,no_exact_TRAIN_DEV_endpoint,all_U,recall_at_10,ipin_baseline,50,0.13755555555555554,0.08655,0.19733611111111107
worm,no_exact_TRAIN_DEV_endpoint,all_U,recall_at_10,ipin_optimized,50,0.12855555555555556,0.07755000000000001,0.18489166666666665
worm,no_exact_TRAIN_DEV_endpoint,all_U,recall_at_10,tuna_retrained,50,0.11766666666666666,0.07233333333333335,0.16633333333333333
worm,no_exact_TRAIN_DEV_endpoint,all_U,recall_at_10,ipin_tuna_31k,50,0.14288888888888887,0.09188888888888888,0.19755555555555557
worm,no_exact_TRAIN_DEV_endpoint,all_U,NDCG_at_10,ipin_baseline,50,0.1179101793837405,0.07121011932464356,0.17191556696443436
worm,no_exact_TRAIN_DEV_endpoint,all_U,NDCG_at_10,ipin_optimized,50,0.11814151399446311,0.068549232040245,0.17382647519913577
worm,no_exact_TRAIN_DEV_endpoint,all_U,NDCG_at_10,tuna_retrained,50,0.09384942830448267,0.05649670720254228,0.1352271671587134
worm,no_exact_TRAIN_DEV_endpoint,all_U,NDCG_at_10,ipin_tuna_31k,50,0.10565124829364832,0.0672204251245832,0.1486718102322335
yeast,all,background,P_vs_U_concordance,ipin_baseline,50,0.5816519047619048,0.5314087380952381,0.6304291904761905
yeast,all,background,P_vs_U_concordance,ipin_optimized,50,0.6265346031746032,0.5750054007936507,0.6754055714285715
yeast,all,background,P_vs_U_concordance,tuna_retrained,50,0.611215873015873,0.5493065119047619,0.6687530515873017
yeast,all,background,P_vs_U_concordance,ipin_tuna_31k,50,0.6418903174603174,0.5937600793650795,0.6875648214285714
yeast,all,background,average_precision,ipin_baseline,50,0.12419960087023162,0.08631343324604601,0.17335443907993167
yeast,all,background,average_precision,ipin_optimized,50,0.14316428375137305,0.10802073543730925,0.1810821292212081
yeast,all,background,average_precision,tuna_retrained,50,0.1311071361270662,0.09705052822555049,0.1741048627206427
yeast,all,background,average_precision,ipin_tuna_31k,50,0.1517725717425998,0.11637246548061882,0.18941847922604713
yeast,all,background,reciprocal_rank,ipin_baseline,50,0.20107661753682493,0.12664517824632684,0.28815783903788006
yeast,all,background,reciprocal_rank,ipin_optimized,50,0.2711436189281664,0.18074702118947647,0.37362144557731614
yeast,all,background,reciprocal_rank,tuna_retrained,50,0.21466839592284795,0.1406560708024981,0.300972392139344
yeast,all,background,reciprocal_rank,ipin_tuna_31k,50,0.27622259621909645,0.1892426592302889,0.37105006948917885
yeast,all,background,recall_at_10,ipin_baseline,50,0.14928571428571427,0.0934123015873016,0.2116833333333333
yeast,all,background,recall_at_10,ipin_optimized,50,0.17269841269841268,0.11880912698412699,0.22774682539682536
yeast,all,background,recall_at_10,tuna_retrained,50,0.18506349206349207,0.12152301587301588,0.2530488095238095
yeast,all,background,recall_at_10,ipin_tuna_31k,50,0.20063492063492064,0.13368174603174607,0.27488888888888885
yeast,all,background,NDCG_at_10,ipin_baseline,50,0.11729964344351008,0.0700201500916335,0.1733597296188189
yeast,all,background,NDCG_at_10,ipin_optimized,50,0.14434492468775997,0.09707808462157635,0.19485616151362753
yeast,all,background,NDCG_at_10,tuna_retrained,50,0.13234201428970174,0.08492744524446617,0.1872643931346973
yeast,all,background,NDCG_at_10,ipin_tuna_31k,50,0.16300969088421546,0.11022220833192332,0.21710278635426494
yeast,all,matched,P_vs_U_concordance,ipin_baseline,50,0.595237380952381,0.545861384920635,0.6448996726190476
yeast,all,matched,P_vs_U_concordance,ipin_optimized,50,0.6332149206349207,0.5835799365079365,0.6822582261904762
yeast,all,matched,P_vs_U_concordance,tuna_retrained,50,0.6236784920634921,0.5646366587301587,0.6831713829365078
yeast,all,matched,P_vs_U_concordance,ipin_tuna_31k,50,0.6297696825396826,0.584433115079365,0.6757405992063492
yeast,all,matched,average_precision,ipin_baseline,50,0.11654871498902336,0.08903214965456166,0.1480207628205514
yeast,all,matched,average_precision,ipin_optimized,50,0.15448859189888436,0.11433145519474973,0.19956566042624746
yeast,all,matched,average_precision,tuna_retrained,50,0.14171616048979593,0.11075851891611015,0.17824280048792746
yeast,all,matched,average_precision,ipin_tuna_31k,50,0.15369847589662297,0.1176198728080512,0.19296389638455197
yeast,all,matched,reciprocal_rank,ipin_baseline,50,0.1834125899706563,0.12179836109336252,0.2539717025637148
yeast,all,matched,reciprocal_rank,ipin_optimized,50,0.2935330238914503,0.19514938022105371,0.39626859352054195
yeast,all,matched,reciprocal_rank,tuna_retrained,50,0.23746822272154833,0.16374360749373415,0.3228321202455228
yeast,all,matched,reciprocal_rank,ipin_tuna_31k,50,0.2969769379183975,0.20388844008849993,0.40186671773839594
yeast,all,matched,recall_at_10,ipin_baseline,50,0.17095238095238094,0.10685555555555555,0.24435079365079362
yeast,all,matched,recall_at_10,ipin_optimized,50,0.19628571428571429,0.143522619047619,0.2508107142857143
yeast,all,matched,recall_at_10,tuna_retrained,50,0.25245238095238093,0.18321309523809523,0.32576190476190475
yeast,all,matched,recall_at_10,ipin_tuna_31k,50,0.19458730158730156,0.13465039682539684,0.25820912698412696
yeast,all,matched,NDCG_at_10,ipin_baseline,50,0.11739287013360883,0.07419147767012636,0.16570715102369035
yeast,all,matched,NDCG_at_10,ipin_optimized,50,0.1620196957526606,0.11183415441689179,0.21577330530795752
yeast,all,matched,NDCG_at_10,tuna_retrained,50,0.16742684487501763,0.12061752579658569,0.21951862412665601
yeast,all,matched,NDCG_at_10,ipin_tuna_31k,50,0.1642497873587854,0.11446439660878806,0.21875708214142867
yeast,all,all_U,P_vs_U_concordance,ipin_baseline,50,0.5884446428571429,0.5394812242063493,0.6381646567460317
yeast,all,all_U,P_vs_U_concordance,ipin_optimized,50,0.6298747619047619,0.5795905595238097,0.6799428551587302
yeast,all,all_U,P_vs_U_concordance,tuna_retrained,50,0.6174471825396826,0.5569101785714285,0.6745370922619047
yeast,all,all_U,P_vs_U_concordance,ipin_tuna_31k,50,0.63583,0.590253005952381,0.6814935535714285
yeast,all,all_U,average_precision,ipin_baseline,50,0.06604737432431508,0.04678113125750944,0.09099217075843259
yeast,all,all_U,average_precision,ipin_optimized,50,0.0878670542064618,0.06412758458434348,0.11392214014160552
yeast,all,all_U,average_precision,tuna_retrained,50,0.07334759308279201,0.054922004327165354,0.0962895093356394
yeast,all,all_U,average_precision,ipin_tuna_31k,50,0.09339353982593095,0.06767860891962182,0.1227695669385165
yeast,all,all_U,reciprocal_rank,ipin_baseline,50,0.1168855649402938,0.07001426233353698,0.17402789365670257
yeast,all,all_U,reciprocal_rank,ipin_optimized,50,0.2037805548451836,0.12346509334725995,0.29502564081716803
yeast,all,all_U,reciprocal_rank,tuna_retrained,50,0.13131138843487797,0.07986851866136577,0.19536461900415245
yeast,all,all_U,reciprocal_rank,ipin_tuna_31k,50,0.20057271161236134,0.12451562158842473,0.2868088982484229
yeast,all,all_U,recall_at_10,ipin_baseline,50,0.10034920634920635,0.050824603174603175,0.16181031746031743
yeast,all,all_U,recall_at_10,ipin_optimized,50,0.11771428571428569,0.06799285714285716,0.1723809523809524
yeast,all,all_U,recall_at_10,tuna_retrained,50,0.0966031746031746,0.055269047619047613,0.14442936507936505
yeast,all,all_U,recall_at_10,ipin_tuna_31k,50,0.1273968253968254,0.0812063492063492,0.17702301587301578
yeast,all,all_U,NDCG_at_10,ipin_baseline,50,0.06494466152975249,0.03454021074379455,0.1027221878353341
yeast,all,all_U,NDCG_at_10,ipin_optimized,50,0.0950644935494483,0.05714213883639437,0.13612448603289665
yeast,all,all_U,NDCG_at_10,tuna_retrained,50,0.06705529392870357,0.036817736572307025,0.1036276216022809
yeast,all,all_U,NDCG_at_10,ipin_tuna_31k,50,0.10473605819457701,0.06601307989580675,0.14714634195504528
yeast,no_exact_TRAIN_DEV_endpoint,background,P_vs_U_concordance,ipin_baseline,50,0.5816519047619048,0.5323350238095238,0.631053357142857
yeast,no_exact_TRAIN_DEV_endpoint,background,P_vs_U_concordance,ipin_optimized,50,0.6265346031746032,0.5764616547619047,0.6753297738095236
yeast,no_exact_TRAIN_DEV_endpoint,background,P_vs_U_concordance,tuna_retrained,50,0.611215873015873,0.5488128293650792,0.6698857500000001
yeast,no_exact_TRAIN_DEV_endpoint,background,P_vs_U_concordance,ipin_tuna_31k,50,0.6418903174603174,0.594675757936508,0.6880452380952383
yeast,no_exact_TRAIN_DEV_endpoint,background,average_precision,ipin_baseline,50,0.12419960087023162,0.08640093271834182,0.1728135646459695
yeast,no_exact_TRAIN_DEV_endpoint,background,average_precision,ipin_optimized,50,0.14316428375137305,0.10916360103954276,0.18062346839679638
yeast,no_exact_TRAIN_DEV_endpoint,background,average_precision,tuna_retrained,50,0.1311071361270662,0.0970514810362649,0.1729455371832646
yeast,no_exact_TRAIN_DEV_endpoint,background,average_precision,ipin_tuna_31k,50,0.1517725717425998,0.11698782170281952,0.18979518691258454
yeast,no_exact_TRAIN_DEV_endpoint,background,reciprocal_rank,ipin_baseline,50,0.20107661753682493,0.1263999999813495,0.28495958405265276
yeast,no_exact_TRAIN_DEV_endpoint,background,reciprocal_rank,ipin_optimized,50,0.2711436189281664,0.18127468455963164,0.3700470799712209
yeast,no_exact_TRAIN_DEV_endpoint,background,reciprocal_rank,tuna_retrained,50,0.21466839592284795,0.1398812828156792,0.30042111428993956
yeast,no_exact_TRAIN_DEV_endpoint,background,reciprocal_rank,ipin_tuna_31k,50,0.27622259621909645,0.19145731411371733,0.369667532206387
yeast,no_exact_TRAIN_DEV_endpoint,background,recall_at_10,ipin_baseline,50,0.14928571428571427,0.09453888888888887,0.2110968253968254
yeast,no_exact_TRAIN_DEV_endpoint,background,recall_at_10,ipin_optimized,50,0.17269841269841268,0.11952341269841268,0.22763730158730158
yeast,no_exact_TRAIN_DEV_endpoint,background,recall_at_10,tuna_retrained,50,0.18506349206349207,0.12256785714285716,0.2549694444444444
yeast,no_exact_TRAIN_DEV_endpoint,background,recall_at_10,ipin_tuna_31k,50,0.20063492063492064,0.13355238095238098,0.27400158730158725
yeast,no_exact_TRAIN_DEV_endpoint,background,NDCG_at_10,ipin_baseline,50,0.11729964344351008,0.07014536718068028,0.1727135391572243
yeast,no_exact_TRAIN_DEV_endpoint,background,NDCG_at_10,ipin_optimized,50,0.14434492468775997,0.09777565808111652,0.1946060743366495
yeast,no_exact_TRAIN_DEV_endpoint,background,NDCG_at_10,tuna_retrained,50,0.13234201428970174,0.08501655949341722,0.18685866013420543
yeast,no_exact_TRAIN_DEV_endpoint,background,NDCG_at_10,ipin_tuna_31k,50,0.16300969088421546,0.11262696915541713,0.21702601818604417
yeast,no_exact_TRAIN_DEV_endpoint,matched,P_vs_U_concordance,ipin_baseline,50,0.595237380952381,0.5453400555555556,0.6461486507936508
yeast,no_exact_TRAIN_DEV_endpoint,matched,P_vs_U_concordance,ipin_optimized,50,0.6332149206349207,0.5825775595238094,0.6825012182539681
yeast,no_exact_TRAIN_DEV_endpoint,matched,P_vs_U_concordance,tuna_retrained,50,0.6236784920634921,0.5611893055555556,0.6834287123015872
yeast,no_exact_TRAIN_DEV_endpoint,matched,P_vs_U_concordance,ipin_tuna_31k,50,0.6297696825396826,0.5837422777777778,0.6756543888888888
yeast,no_exact_TRAIN_DEV_endpoint,matched,average_precision,ipin_baseline,50,0.11654871498902336,0.08890060996887182,0.1482243479850043
yeast,no_exact_TRAIN_DEV_endpoint,matched,average_precision,ipin_optimized,50,0.15448859189888436,0.11420656579801164,0.20004982000410598
yeast,no_exact_TRAIN_DEV_endpoint,matched,average_precision,tuna_retrained,50,0.14171616048979593,0.10953649847086627,0.1768597654919031
yeast,no_exact_TRAIN_DEV_endpoint,matched,average_precision,ipin_tuna_31k,50,0.15369847589662297,0.11711507198626321,0.19391893634874088
yeast,no_exact_TRAIN_DEV_endpoint,matched,reciprocal_rank,ipin_baseline,50,0.1834125899706563,0.12237463310066284,0.2543833937906449
yeast,no_exact_TRAIN_DEV_endpoint,matched,reciprocal_rank,ipin_optimized,50,0.2935330238914503,0.19645696333935328,0.39708336335623734
yeast,no_exact_TRAIN_DEV_endpoint,matched,reciprocal_rank,tuna_retrained,50,0.23746822272154833,0.16347923244965687,0.3215451336452549
yeast,no_exact_TRAIN_DEV_endpoint,matched,reciprocal_rank,ipin_tuna_31k,50,0.2969769379183975,0.2026403098829756,0.3989714575840623
yeast,no_exact_TRAIN_DEV_endpoint,matched,recall_at_10,ipin_baseline,50,0.17095238095238094,0.10495238095238095,0.245365873015873
yeast,no_exact_TRAIN_DEV_endpoint,matched,recall_at_10,ipin_optimized,50,0.19628571428571429,0.14309523809523808,0.25152380952380954
yeast,no_exact_TRAIN_DEV_endpoint,matched,recall_at_10,tuna_retrained,50,0.25245238095238093,0.18178392857142855,0.32928690476190475
yeast,no_exact_TRAIN_DEV_endpoint,matched,recall_at_10,ipin_tuna_31k,50,0.19458730158730156,0.13349126984126986,0.2625718253968254
yeast,no_exact_TRAIN_DEV_endpoint,matched,NDCG_at_10,ipin_baseline,50,0.11739287013360883,0.07408901160194663,0.16631961861165478
yeast,no_exact_TRAIN_DEV_endpoint,matched,NDCG_at_10,ipin_optimized,50,0.1620196957526606,0.1117393235815359,0.21737928824508462
yeast,no_exact_TRAIN_DEV_endpoint,matched,NDCG_at_10,tuna_retrained,50,0.16742684487501763,0.11882826279258506,0.21881804269629931
yeast,no_exact_TRAIN_DEV_endpoint,matched,NDCG_at_10,ipin_tuna_31k,50,0.1642497873587854,0.11239137030107887,0.21925754642478337
yeast,no_exact_TRAIN_DEV_endpoint,all_U,P_vs_U_concordance,ipin_baseline,50,0.5884446428571429,0.5386936478174603,0.6377616974206348
yeast,no_exact_TRAIN_DEV_endpoint,all_U,P_vs_U_concordance,ipin_optimized,50,0.6298747619047619,0.579804384920635,0.6789020257936509
yeast,no_exact_TRAIN_DEV_endpoint,all_U,P_vs_U_concordance,tuna_retrained,50,0.6174471825396826,0.5577436617063491,0.6742584682539684
yeast,no_exact_TRAIN_DEV_endpoint,all_U,P_vs_U_concordance,ipin_tuna_31k,50,0.63583,0.5891116190476191,0.6811592976190476
yeast,no_exact_TRAIN_DEV_endpoint,all_U,average_precision,ipin_baseline,50,0.06604737432431508,0.04662665890202935,0.09085110876942763
yeast,no_exact_TRAIN_DEV_endpoint,all_U,average_precision,ipin_optimized,50,0.0878670542064618,0.06369252200579395,0.11422513802002077
yeast,no_exact_TRAIN_DEV_endpoint,all_U,average_precision,tuna_retrained,50,0.07334759308279201,0.05503864120314841,0.09524132337932029
yeast,no_exact_TRAIN_DEV_endpoint,all_U,average_precision,ipin_tuna_31k,50,0.09339353982593095,0.06756773625138877,0.12303464722815535
yeast,no_exact_TRAIN_DEV_endpoint,all_U,reciprocal_rank,ipin_baseline,50,0.1168855649402938,0.0699469718559158,0.1737147200244638
yeast,no_exact_TRAIN_DEV_endpoint,all_U,reciprocal_rank,ipin_optimized,50,0.2037805548451836,0.12126676288796485,0.2959159860285142
yeast,no_exact_TRAIN_DEV_endpoint,all_U,reciprocal_rank,tuna_retrained,50,0.13131138843487797,0.08066624254284883,0.1943426206270697
yeast,no_exact_TRAIN_DEV_endpoint,all_U,reciprocal_rank,ipin_tuna_31k,50,0.20057271161236134,0.12431637748213338,0.2861844711208795
yeast,no_exact_TRAIN_DEV_endpoint,all_U,recall_at_10,ipin_baseline,50,0.10034920634920635,0.05053730158730159,0.15968412698412696
yeast,no_exact_TRAIN_DEV_endpoint,all_U,recall_at_10,ipin_optimized,50,0.11771428571428569,0.06933333333333333,0.17238095238095238
yeast,no_exact_TRAIN_DEV_endpoint,all_U,recall_at_10,tuna_retrained,50,0.0966031746031746,0.05550674603174603,0.14249285714285714
yeast,no_exact_TRAIN_DEV_endpoint,all_U,recall_at_10,ipin_tuna_31k,50,0.1273968253968254,0.08015873015873015,0.17739920634920633
yeast,no_exact_TRAIN_DEV_endpoint,all_U,NDCG_at_10,ipin_baseline,50,0.06494466152975249,0.03369712384626299,0.10235723874289882
yeast,no_exact_TRAIN_DEV_endpoint,all_U,NDCG_at_10,ipin_optimized,50,0.0950644935494483,0.057179591397564164,0.13638027505516523
yeast,no_exact_TRAIN_DEV_endpoint,all_U,NDCG_at_10,tuna_retrained,50,0.06705529392870357,0.03679516107011761,0.1024107963517733
yeast,no_exact_TRAIN_DEV_endpoint,all_U,NDCG_at_10,ipin_tuna_31k,50,0.10473605819457701,0.06516597191666978,0.14731719433429305
arabidopsis,all,background,P_vs_U_concordance,ipin_baseline,50,0.6178965079365079,0.5498894484126984,0.6831154999999999
arabidopsis,all,background,P_vs_U_concordance,ipin_optimized,50,0.6767479365079364,0.6196168690476191,0.7297708769841268
arabidopsis,all,background,P_vs_U_concordance,tuna_retrained,50,0.7229180952380954,0.6694956547619048,0.7737648095238094
arabidopsis,all,background,P_vs_U_concordance,ipin_tuna_31k,50,0.7130868253968252,0.6645948809523811,0.7612419087301587
arabidopsis,all,background,average_precision,ipin_baseline,50,0.19627313399670854,0.1363871189363731,0.264076776649487
arabidopsis,all,background,average_precision,ipin_optimized,50,0.21888400902941374,0.16160792661818274,0.28344873609446636
arabidopsis,all,background,average_precision,tuna_retrained,50,0.24715977389560248,0.18315727279537364,0.3192411025599716
arabidopsis,all,background,average_precision,ipin_tuna_31k,50,0.21947039933861837,0.16219917451201013,0.2846486221866874
arabidopsis,all,background,reciprocal_rank,ipin_baseline,50,0.33593835261554844,0.23260521126436967,0.4478482292970809
arabidopsis,all,background,reciprocal_rank,ipin_optimized,50,0.3763393974985694,0.27236732842545625,0.49021818393374295
arabidopsis,all,background,reciprocal_rank,tuna_retrained,50,0.3597849351047291,0.2606679185363539,0.46790502070393375
arabidopsis,all,background,reciprocal_rank,ipin_tuna_31k,50,0.29648466419974406,0.2146130848056318,0.3850673585799855
arabidopsis,all,background,recall_at_10,ipin_baseline,50,0.23263492063492064,0.16199920634920636,0.31205039682539676
arabidopsis,all,background,recall_at_10,ipin_optimized,50,0.23385714285714287,0.16485714285714284,0.3093333333333333
arabidopsis,all,background,recall_at_10,tuna_retrained,50,0.29074603174603175,0.2089809523809524,0.3775246031746032
arabidopsis,all,background,recall_at_10,ipin_tuna_31k,50,0.2830793650793651,0.19818492063492063,0.3727460317460317
arabidopsis,all,background,NDCG_at_10,ipin_baseline,50,0.20506566502079968,0.1381471908573221,0.28112538690807337
arabidopsis,all,background,NDCG_at_10,ipin_optimized,50,0.22310970453929724,0.15456769209552315,0.29785093441539745
arabidopsis,all,background,NDCG_at_10,tuna_retrained,50,0.2498704092209031,0.17602833045891927,0.3291973196340662
arabidopsis,all,background,NDCG_at_10,ipin_tuna_31k,50,0.22460764703788777,0.15419530225948613,0.30102571653375776
arabidopsis,all,matched,P_vs_U_concordance,ipin_baseline,50,0.618746507936508,0.5487619285714286,0.6857865119047619
arabidopsis,all,matched,P_vs_U_concordance,ipin_optimized,50,0.6701031746031745,0.6115364166666667,0.724522496031746
arabidopsis,all,matched,P_vs_U_concordance,tuna_retrained,50,0.7151476190476191,0.6577435119047618,0.7684102976190474
arabidopsis,all,matched,P_vs_U_concordance,ipin_tuna_31k,50,0.6964280952380952,0.6404319047619048,0.7493269523809521
arabidopsis,all,matched,average_precision,ipin_baseline,50,0.18904000000377993,0.13165698931053343,0.25317604511154806
arabidopsis,all,matched,average_precision,ipin_optimized,50,0.20558127675800628,0.15214910832166337,0.2664315144630572
arabidopsis,all,matched,average_precision,tuna_retrained,50,0.23895158454543058,0.18075797145534633,0.30170002212089636
arabidopsis,all,matched,average_precision,ipin_tuna_31k,50,0.2191520703158296,0.16081056180127737,0.2837162936609561
arabidopsis,all,matched,reciprocal_rank,ipin_baseline,50,0.29869547762667775,0.20874366956142748,0.3962726113278826
arabidopsis,all,matched,reciprocal_rank,ipin_optimized,50,0.35007839003921665,0.24565026156467681,0.46299683556368726
arabidopsis,all,matched,reciprocal_rank,tuna_retrained,50,0.3632225816082228,0.2643243990242907,0.467857604340447
arabidopsis,all,matched,reciprocal_rank,ipin_tuna_31k,50,0.323829579754038,0.22862433034586677,0.427944789697603
arabidopsis,all,matched,recall_at_10,ipin_baseline,50,0.22819047619047617,0.15371309523809523,0.3102404761904762
arabidopsis,all,matched,recall_at_10,ipin_optimized,50,0.251968253968254,0.17640992063492061,0.3310182539682539
arabidopsis,all,matched,recall_at_10,tuna_retrained,50,0.31293650793650796,0.23193253968253968,0.3964920634920635
arabidopsis,all,matched,recall_at_10,ipin_tuna_31k,50,0.2995555555555555,0.21288333333333334,0.39299999999999996
arabidopsis,all,matched,NDCG_at_10,ipin_baseline,50,0.1945533227106433,0.12736450176061384,0.2682047490432944
arabidopsis,all,matched,NDCG_at_10,ipin_optimized,50,0.21665398876800596,0.14972955226681633,0.28894803166231753
arabidopsis,all,matched,NDCG_at_10,tuna_retrained,50,0.25944296758722496,0.18952587121700373,0.33210298686898754
arabidopsis,all,matched,NDCG_at_10,ipin_tuna_31k,50,0.23401007328043946,0.1623990104898761,0.3113488666039128
arabidopsis,all,all_U,P_vs_U_concordance,ipin_baseline,50,0.6183215079365079,0.548561998015873,0.6842237757936509
arabidopsis,all,all_U,P_vs_U_concordance,ipin_optimized,50,0.6734255555555555,0.6167074444444445,0.7266159166666665
arabidopsis,all,all_U,P_vs_U_concordance,tuna_retrained,50,0.7190328571428571,0.664072857142857,0.7715635833333334
arabidopsis,all,all_U,P_vs_U_concordance,ipin_tuna_31k,50,0.7047574603174604,0.6514046785714286,0.7555377321428574
arabidopsis,all,all_U,average_precision,ipin_baseline,50,0.13210068297153277,0.08342330840367587,0.18913893561242429
arabidopsis,all,all_U,average_precision,ipin_optimized,50,0.15421413775804246,0.10416240990185026,0.21146489014923414
arabidopsis,all,all_U,average_precision,tuna_retrained,50,0.1588782912144799,0.11343449471553749,0.21057100389038005
arabidopsis,all,all_U,average_precision,ipin_tuna_31k,50,0.1418150805639357,0.0969152008428474,0.19274799514141655
arabidopsis,all,all_U,reciprocal_rank,ipin_baseline,50,0.2332957706275722,0.14907232187533642,0.3270855581493073
arabidopsis,all,all_U,reciprocal_rank,ipin_optimized,50,0.2938293283320266,0.1942786606064747,0.4007306434230079
arabidopsis,all,all_U,reciprocal_rank,tuna_retrained,50,0.26668477981875216,0.17687798688142747,0.3672555430663121
arabidopsis,all,all_U,reciprocal_rank,ipin_tuna_31k,50,0.20818094773071139,0.13647304886060982,0.29040869755929305
arabidopsis,all,all_U,recall_at_10,ipin_baseline,50,0.18496825396825392,0.11415595238095239,0.26411309523809523
arabidopsis,all,all_U,recall_at_10,ipin_optimized,50,0.1855238095238095,0.12,0.2571904761904762
arabidopsis,all,all_U,recall_at_10,tuna_retrained,50,0.23911111111111116,0.15977777777777777,0.3251111111111111
arabidopsis,all,all_U,recall_at_10,ipin_tuna_31k,50,0.21533333333333332,0.135,0.3053333333333333
arabidopsis,all,all_U,NDCG_at_10,ipin_baseline,50,0.14976345727703325,0.08922915270276703,0.21874818604413926
arabidopsis,all,all_U,NDCG_at_10,ipin_optimized,50,0.17057776675794167,0.10868393837506109,0.23903168228283986
arabidopsis,all,all_U,NDCG_at_10,tuna_retrained,50,0.18093996460177206,0.12087740975936491,0.2466022560233625
arabidopsis,all,all_U,NDCG_at_10,ipin_tuna_31k,50,0.15546150610207538,0.09558541403865618,0.22321299672418704
arabidopsis,no_exact_TRAIN_DEV_endpoint,background,P_vs_U_concordance,ipin_baseline,50,0.6178965079365079,0.5494994365079365,0.683382246031746
arabidopsis,no_exact_TRAIN_DEV_endpoint,background,P_vs_U_concordance,ipin_optimized,50,0.6767479365079364,0.6200661706349206,0.7292555992063492
arabidopsis,no_exact_TRAIN_DEV_endpoint,background,P_vs_U_concordance,tuna_retrained,50,0.7229180952380954,0.6698227857142857,0.7738758095238095
arabidopsis,no_exact_TRAIN_DEV_endpoint,background,P_vs_U_concordance,ipin_tuna_31k,50,0.7130868253968252,0.6637731587301587,0.7615325634920634
arabidopsis,no_exact_TRAIN_DEV_endpoint,background,average_precision,ipin_baseline,50,0.19627313399670854,0.1357467248699784,0.2628000388348211
arabidopsis,no_exact_TRAIN_DEV_endpoint,background,average_precision,ipin_optimized,50,0.21888400902941374,0.16196086111253508,0.2814039314768796
arabidopsis,no_exact_TRAIN_DEV_endpoint,background,average_precision,tuna_retrained,50,0.24715977389560248,0.18358701096042018,0.3160935774153344
arabidopsis,no_exact_TRAIN_DEV_endpoint,background,average_precision,ipin_tuna_31k,50,0.21947039933861837,0.1624862628391882,0.28223804302803723
arabidopsis,no_exact_TRAIN_DEV_endpoint,background,reciprocal_rank,ipin_baseline,50,0.33593835261554844,0.2318894902701077,0.44628727819108344
arabidopsis,no_exact_TRAIN_DEV_endpoint,background,reciprocal_rank,ipin_optimized,50,0.3763393974985694,0.26973226672784245,0.4854192786327769
arabidopsis,no_exact_TRAIN_DEV_endpoint,background,reciprocal_rank,tuna_retrained,50,0.3597849351047291,0.2618560209977115,0.4630152370592159
arabidopsis,no_exact_TRAIN_DEV_endpoint,background,reciprocal_rank,ipin_tuna_31k,50,0.29648466419974406,0.21506602734566907,0.3855292825429624
arabidopsis,no_exact_TRAIN_DEV_endpoint,background,recall_at_10,ipin_baseline,50,0.23263492063492064,0.1590154761904762,0.30911111111111106
arabidopsis,no_exact_TRAIN_DEV_endpoint,background,recall_at_10,ipin_optimized,50,0.23385714285714287,0.1631904761904762,0.3071916666666667
arabidopsis,no_exact_TRAIN_DEV_endpoint,background,recall_at_10,tuna_retrained,50,0.29074603174603175,0.21088809523809524,0.3759690476190476
arabidopsis,no_exact_TRAIN_DEV_endpoint,background,recall_at_10,ipin_tuna_31k,50,0.2830793650793651,0.19866507936507932,0.37216071428571423
arabidopsis,no_exact_TRAIN_DEV_endpoint,background,NDCG_at_10,ipin_baseline,50,0.20506566502079968,0.13594449759030125,0.27912275129108965
arabidopsis,no_exact_TRAIN_DEV_endpoint,background,NDCG_at_10,ipin_optimized,50,0.22310970453929724,0.15340590528071432,0.29534389479986883
arabidopsis,no_exact_TRAIN_DEV_endpoint,background,NDCG_at_10,tuna_retrained,50,0.2498704092209031,0.17662261805073867,0.32755005307808266
arabidopsis,no_exact_TRAIN_DEV_endpoint,background,NDCG_at_10,ipin_tuna_31k,50,0.22460764703788777,0.15432655549221339,0.2994239587815616
arabidopsis,no_exact_TRAIN_DEV_endpoint,matched,P_vs_U_concordance,ipin_baseline,50,0.618746507936508,0.5504182857142857,0.6846082936507936
arabidopsis,no_exact_TRAIN_DEV_endpoint,matched,P_vs_U_concordance,ipin_optimized,50,0.6701031746031745,0.6139283174603174,0.7243310317460319
arabidopsis,no_exact_TRAIN_DEV_endpoint,matched,P_vs_U_concordance,tuna_retrained,50,0.7151476190476191,0.6605669523809525,0.7682406309523809
arabidopsis,no_exact_TRAIN_DEV_endpoint,matched,P_vs_U_concordance,ipin_tuna_31k,50,0.6964280952380952,0.6416170476190476,0.7499344523809524
arabidopsis,no_exact_TRAIN_DEV_endpoint,matched,average_precision,ipin_baseline,50,0.18904000000377993,0.1322035341052379,0.2534888972751028
arabidopsis,no_exact_TRAIN_DEV_endpoint,matched,average_precision,ipin_optimized,50,0.20558127675800628,0.15207604477863798,0.2636342279930138
arabidopsis,no_exact_TRAIN_DEV_endpoint,matched,average_precision,tuna_retrained,50,0.23895158454543058,0.18157501816706315,0.30019137941384877
arabidopsis,no_exact_TRAIN_DEV_endpoint,matched,average_precision,ipin_tuna_31k,50,0.2191520703158296,0.16089074086226676,0.28257725274405304
arabidopsis,no_exact_TRAIN_DEV_endpoint,matched,reciprocal_rank,ipin_baseline,50,0.29869547762667775,0.2081990892004326,0.39318174226567676
arabidopsis,no_exact_TRAIN_DEV_endpoint,matched,reciprocal_rank,ipin_optimized,50,0.35007839003921665,0.24408834859923714,0.45604909915592395
arabidopsis,no_exact_TRAIN_DEV_endpoint,matched,reciprocal_rank,tuna_retrained,50,0.3632225816082228,0.26633093678011527,0.4663615786277306
arabidopsis,no_exact_TRAIN_DEV_endpoint,matched,reciprocal_rank,ipin_tuna_31k,50,0.323829579754038,0.2266029281004513,0.42633404115320517
arabidopsis,no_exact_TRAIN_DEV_endpoint,matched,recall_at_10,ipin_baseline,50,0.22819047619047617,0.15166666666666667,0.3067178571428571
arabidopsis,no_exact_TRAIN_DEV_endpoint,matched,recall_at_10,ipin_optimized,50,0.251968253968254,0.178490873015873,0.3300821428571428
arabidopsis,no_exact_TRAIN_DEV_endpoint,matched,recall_at_10,tuna_retrained,50,0.31293650793650796,0.23247380952380953,0.39705039682539683
arabidopsis,no_exact_TRAIN_DEV_endpoint,matched,recall_at_10,ipin_tuna_31k,50,0.2995555555555555,0.213,0.39188888888888884
arabidopsis,no_exact_TRAIN_DEV_endpoint,matched,NDCG_at_10,ipin_baseline,50,0.1945533227106433,0.1275249058518466,0.2663314327299997
arabidopsis,no_exact_TRAIN_DEV_endpoint,matched,NDCG_at_10,ipin_optimized,50,0.21665398876800596,0.15140540779126402,0.2856148535594609
arabidopsis,no_exact_TRAIN_DEV_endpoint,matched,NDCG_at_10,tuna_retrained,50,0.25944296758722496,0.19039240730919207,0.33208871528001127
arabidopsis,no_exact_TRAIN_DEV_endpoint,matched,NDCG_at_10,ipin_tuna_31k,50,0.23401007328043946,0.16151792208747337,0.3102474450979212
arabidopsis,no_exact_TRAIN_DEV_endpoint,all_U,P_vs_U_concordance,ipin_baseline,50,0.6183215079365079,0.551297255952381,0.6854247996031746
arabidopsis,no_exact_TRAIN_DEV_endpoint,all_U,P_vs_U_concordance,ipin_optimized,50,0.6734255555555555,0.6169154722222222,0.7281614166666666
arabidopsis,no_exact_TRAIN_DEV_endpoint,all_U,P_vs_U_concordance,tuna_retrained,50,0.7190328571428571,0.6654843333333333,0.7699236666666668
arabidopsis,no_exact_TRAIN_DEV_endpoint,all_U,P_vs_U_concordance,ipin_tuna_31k,50,0.7047574603174604,0.6538437222222221,0.755681630952381
arabidopsis,no_exact_TRAIN_DEV_endpoint,all_U,average_precision,ipin_baseline,50,0.13210068297153277,0.08415892829364872,0.18891410009527124
arabidopsis,no_exact_TRAIN_DEV_endpoint,all_U,average_precision,ipin_optimized,50,0.15421413775804246,0.10467107493510498,0.21065902689216737
arabidopsis,no_exact_TRAIN_DEV_endpoint,all_U,average_precision,tuna_retrained,50,0.1588782912144799,0.1137840573956778,0.21020465559480747
arabidopsis,no_exact_TRAIN_DEV_endpoint,all_U,average_precision,ipin_tuna_31k,50,0.1418150805639357,0.09832605614506286,0.19254916026487184
arabidopsis,no_exact_TRAIN_DEV_endpoint,all_U,reciprocal_rank,ipin_baseline,50,0.2332957706275722,0.15116824165782097,0.3269561960899744
arabidopsis,no_exact_TRAIN_DEV_endpoint,all_U,reciprocal_rank,ipin_optimized,50,0.2938293283320266,0.19382943401599845,0.40164089678084436
arabidopsis,no_exact_TRAIN_DEV_endpoint,all_U,reciprocal_rank,tuna_retrained,50,0.26668477981875216,0.17876887127861968,0.3653498808183303
arabidopsis,no_exact_TRAIN_DEV_endpoint,all_U,reciprocal_rank,ipin_tuna_31k,50,0.20818094773071139,0.13816490582613716,0.2897760979200373
arabidopsis,no_exact_TRAIN_DEV_endpoint,all_U,recall_at_10,ipin_baseline,50,0.18496825396825392,0.11611031746031746,0.2644190476190475
arabidopsis,no_exact_TRAIN_DEV_endpoint,all_U,recall_at_10,ipin_optimized,50,0.1855238095238095,0.1193297619047619,0.2575738095238095
arabidopsis,no_exact_TRAIN_DEV_endpoint,all_U,recall_at_10,tuna_retrained,50,0.23911111111111116,0.16077777777777777,0.3243333333333333
arabidopsis,no_exact_TRAIN_DEV_endpoint,all_U,recall_at_10,ipin_tuna_31k,50,0.21533333333333332,0.1366666666666667,0.3023333333333333
arabidopsis,no_exact_TRAIN_DEV_endpoint,all_U,NDCG_at_10,ipin_baseline,50,0.14976345727703325,0.09086003813353144,0.21854153354883424
arabidopsis,no_exact_TRAIN_DEV_endpoint,all_U,NDCG_at_10,ipin_optimized,50,0.17057776675794167,0.10752425143329249,0.23852012127436048
arabidopsis,no_exact_TRAIN_DEV_endpoint,all_U,NDCG_at_10,tuna_retrained,50,0.18093996460177206,0.12290573815177748,0.24590559161809825
arabidopsis,no_exact_TRAIN_DEV_endpoint,all_U,NDCG_at_10,ipin_tuna_31k,50,0.15546150610207538,0.09765662771178804,0.22004111204196453
ecoli,all,background,P_vs_U_concordance,ipin_baseline,50,0.5407061904761904,0.49180980952380954,0.588238511904762
ecoli,all,background,P_vs_U_concordance,ipin_optimized,50,0.5601490476190476,0.5135798095238095,0.6061850714285715
ecoli,all,background,P_vs_U_concordance,tuna_retrained,50,0.5652952380952382,0.5258956785714286,0.6057670833333333
ecoli,all,background,P_vs_U_concordance,ipin_tuna_31k,50,0.5594142857142856,0.5148510595238096,0.6035623571428571
ecoli,all,background,average_precision,ipin_baseline,50,0.0962954862287203,0.0687618978802163,0.13074637478032813
ecoli,all,background,average_precision,ipin_optimized,50,0.09154867371784531,0.06635166239044073,0.12388035119247204
ecoli,all,background,average_precision,tuna_retrained,50,0.08005201699786699,0.06110540095315021,0.1029856719797919
ecoli,all,background,average_precision,ipin_tuna_31k,50,0.0952207862697356,0.07420122073499862,0.12074402712830987
ecoli,all,background,reciprocal_rank,ipin_baseline,50,0.16357429204198987,0.10185217611127777,0.23737101457672738
ecoli,all,background,reciprocal_rank,ipin_optimized,50,0.14451912399439348,0.09195165931813987,0.2073091228511778
ecoli,all,background,reciprocal_rank,tuna_retrained,50,0.12696653141492362,0.0768423438725088,0.18981358292728587
ecoli,all,background,reciprocal_rank,ipin_tuna_31k,50,0.17367890256234716,0.11822988778840947,0.23971730116038997
ecoli,all,background,recall_at_10,ipin_baseline,50,0.12042857142857143,0.07357023809523809,0.17438214285714287
ecoli,all,background,recall_at_10,ipin_optimized,50,0.0980952380952381,0.05714047619047619,0.14357142857142857
ecoli,all,background,recall_at_10,tuna_retrained,50,0.09257142857142857,0.04757142857142857,0.14781190476190473
ecoli,all,background,recall_at_10,ipin_tuna_31k,50,0.1537142857142857,0.10471428571428572,0.20500119047619045
ecoli,all,background,NDCG_at_10,ipin_baseline,50,0.09259439372074882,0.05259356643703528,0.139440828153575
ecoli,all,background,NDCG_at_10,ipin_optimized,50,0.07737586181011295,0.04138518005152743,0.11991617909247503
ecoli,all,background,NDCG_at_10,tuna_retrained,50,0.0637221991704752,0.0322781778669222,0.10042500507665691
ecoli,all,background,NDCG_at_10,ipin_tuna_31k,50,0.10513511319198614,0.07048328480936474,0.14374489106569446
ecoli,all,matched,P_vs_U_concordance,ipin_baseline,50,0.5517833333333333,0.5048908214285716,0.598140273809524
ecoli,all,matched,P_vs_U_concordance,ipin_optimized,50,0.5604942857142858,0.5167028928571429,0.6042477142857142
ecoli,all,matched,P_vs_U_concordance,tuna_retrained,50,0.55738,0.5192146666666667,0.5967545357142858
ecoli,all,matched,P_vs_U_concordance,ipin_tuna_31k,50,0.5519233333333333,0.5084665952380952,0.5958434642857142
ecoli,all,matched,average_precision,ipin_baseline,50,0.09690087606620251,0.0688263680819756,0.13350066536106941
ecoli,all,matched,average_precision,ipin_optimized,50,0.09452192437854412,0.06661322853397232,0.13047411554740343
ecoli,all,matched,average_precision,tuna_retrained,50,0.07520313634288686,0.05931521121488544,0.09511695050858616
ecoli,all,matched,average_precision,ipin_tuna_31k,50,0.08927072445529287,0.07149477318245909,0.10883510469352654
ecoli,all,matched,reciprocal_rank,ipin_baseline,50,0.15574530259665326,0.09718529657481609,0.22974990780121637
ecoli,all,matched,reciprocal_rank,ipin_optimized,50,0.15774665505482255,0.09304105776789706,0.2350805247840838
ecoli,all,matched,reciprocal_rank,tuna_retrained,50,0.11859858198016944,0.07094436015664563,0.18213938245047662
ecoli,all,matched,reciprocal_rank,ipin_tuna_31k,50,0.16431834732228057,0.11404498401996406,0.22205337067246506
ecoli,all,matched,recall_at_10,ipin_baseline,50,0.11823809523809524,0.06933095238095238,0.17157380952380952
ecoli,all,matched,recall_at_10,ipin_optimized,50,0.11776190476190478,0.07266666666666666,0.16766904761904758
ecoli,all,matched,recall_at_10,tuna_retrained,50,0.0809047619047619,0.04266547619047619,0.12695238095238096
ecoli,all,matched,recall_at_10,ipin_tuna_31k,50,0.13604761904761903,0.08900000000000001,0.18671428571428572
ecoli,all,matched,NDCG_at_10,ipin_baseline,50,0.0901123563023752,0.04910097278459778,0.13936754976315913
ecoli,all,matched,NDCG_at_10,ipin_optimized,50,0.08845005155254247,0.0485780280991887,0.13555277866421578
ecoli,all,matched,NDCG_at_10,tuna_retrained,50,0.05648452181338092,0.028629699920015923,0.08965945473417901
ecoli,all,matched,NDCG_at_10,ipin_tuna_31k,50,0.0940629270893294,0.06084101326895694,0.1293286371090468
ecoli,all,all_U,P_vs_U_concordance,ipin_baseline,50,0.5462447619047619,0.4987676785714285,0.5920109226190476
ecoli,all,all_U,P_vs_U_concordance,ipin_optimized,50,0.5603216666666667,0.5160972500000001,0.604859755952381
ecoli,all,all_U,P_vs_U_concordance,tuna_retrained,50,0.5613376190476189,0.5238013988095238,0.6000912797619048
ecoli,all,all_U,P_vs_U_concordance,ipin_tuna_31k,50,0.5556688095238096,0.5126600595238096,0.5983200476190477
ecoli,all,all_U,average_precision,ipin_baseline,50,0.061422736815379686,0.03746885997578216,0.09259762140133854
ecoli,all,all_U,average_precision,ipin_optimized,50,0.054462272087410286,0.03444009256256775,0.08433601897953882
ecoli,all,all_U,average_precision,tuna_retrained,50,0.041075697528420975,0.03138173630444215,0.05265223259582145
ecoli,all,all_U,average_precision,ipin_tuna_31k,50,0.05021183641730784,0.03907158989670587,0.06297845944850686
ecoli,all,all_U,reciprocal_rank,ipin_baseline,50,0.11388790309680599,0.057458104990914305,0.18445412576909453
ecoli,all,all_U,reciprocal_rank,ipin_optimized,50,0.08854361104973384,0.05028591948375796,0.13924859972749468
ecoli,all,all_U,reciprocal_rank,tuna_retrained,50,0.06658357308089403,0.03872460893778361,0.10128943421946103
ecoli,all,all_U,reciprocal_rank,ipin_tuna_31k,50,0.09501320337492897,0.06456419995100887,0.12900619571144997
ecoli,all,all_U,recall_at_10,ipin_baseline,50,0.0727142857142857,0.03537976190476191,0.11538214285714286
ecoli,all,all_U,recall_at_10,ipin_optimized,50,0.07223809523809524,0.033,0.11685833333333331
ecoli,all,all_U,recall_at_10,tuna_retrained,50,0.03238095238095238,0.009047619047619047,0.06142857142857142
ecoli,all,all_U,recall_at_10,ipin_tuna_31k,50,0.09352380952380952,0.057190476190476194,0.13399999999999998
ecoli,all,all_U,NDCG_at_10,ipin_baseline,50,0.05862918377226696,0.024716582290684054,0.10025969679123478
ecoli,all,all_U,NDCG_at_10,ipin_optimized,50,0.05032574620365098,0.020097368833351392,0.08975237958275664
ecoli,all,all_U,NDCG_at_10,tuna_retrained,50,0.022874592749800145,0.005856546911120007,0.04310519789198207
ecoli,all,all_U,NDCG_at_10,ipin_tuna_31k,50,0.056691301453918486,0.03462630195569508,0.08144994309802449
ecoli,no_exact_TRAIN_DEV_endpoint,background,P_vs_U_concordance,ipin_baseline,50,0.5407061904761904,0.49319473809523806,0.5873949285714287
ecoli,no_exact_TRAIN_DEV_endpoint,background,P_vs_U_concordance,ipin_optimized,50,0.5601490476190476,0.5155266428571429,0.6052697142857143
ecoli,no_exact_TRAIN_DEV_endpoint,background,P_vs_U_concordance,tuna_retrained,50,0.5652952380952382,0.52678925,0.6057543333333334
ecoli,no_exact_TRAIN_DEV_endpoint,background,P_vs_U_concordance,ipin_tuna_31k,50,0.5594142857142856,0.5157297023809523,0.603765119047619
ecoli,no_exact_TRAIN_DEV_endpoint,background,average_precision,ipin_baseline,50,0.0962954862287203,0.06857543979472969,0.13023805489061227
ecoli,no_exact_TRAIN_DEV_endpoint,background,average_precision,ipin_optimized,50,0.09154867371784531,0.06581342508631917,0.12430927516045963
ecoli,no_exact_TRAIN_DEV_endpoint,background,average_precision,tuna_retrained,50,0.08005201699786699,0.06098219497949192,0.10243005439051411
ecoli,no_exact_TRAIN_DEV_endpoint,background,average_precision,ipin_tuna_31k,50,0.0952207862697356,0.07465380474806514,0.1202288255309702
ecoli,no_exact_TRAIN_DEV_endpoint,background,reciprocal_rank,ipin_baseline,50,0.16357429204198987,0.10121172486327296,0.23698991749332246
ecoli,no_exact_TRAIN_DEV_endpoint,background,reciprocal_rank,ipin_optimized,50,0.14451912399439348,0.09178780855542344,0.20882137779317686
ecoli,no_exact_TRAIN_DEV_endpoint,background,reciprocal_rank,tuna_retrained,50,0.12696653141492362,0.07684154418501485,0.1893635965178532
ecoli,no_exact_TRAIN_DEV_endpoint,background,reciprocal_rank,ipin_tuna_31k,50,0.17367890256234716,0.1179920967448034,0.23777724071505124
ecoli,no_exact_TRAIN_DEV_endpoint,background,recall_at_10,ipin_baseline,50,0.12042857142857143,0.07314285714285715,0.1723345238095238
ecoli,no_exact_TRAIN_DEV_endpoint,background,recall_at_10,ipin_optimized,50,0.0980952380952381,0.05671428571428572,0.145
ecoli,no_exact_TRAIN_DEV_endpoint,background,recall_at_10,tuna_retrained,50,0.09257142857142857,0.04823809523809525,0.14857142857142855
ecoli,no_exact_TRAIN_DEV_endpoint,background,recall_at_10,ipin_tuna_31k,50,0.1537142857142857,0.106,0.20404880952380955
ecoli,no_exact_TRAIN_DEV_endpoint,background,NDCG_at_10,ipin_baseline,50,0.09259439372074882,0.05181369998847448,0.13911007364720362
ecoli,no_exact_TRAIN_DEV_endpoint,background,NDCG_at_10,ipin_optimized,50,0.07737586181011295,0.040850033943606506,0.12199209942859864
ecoli,no_exact_TRAIN_DEV_endpoint,background,NDCG_at_10,tuna_retrained,50,0.0637221991704752,0.033077179897660125,0.09957657734310087
ecoli,no_exact_TRAIN_DEV_endpoint,background,NDCG_at_10,ipin_tuna_31k,50,0.10513511319198614,0.07138592360085028,0.143047591363354
ecoli,no_exact_TRAIN_DEV_endpoint,matched,P_vs_U_concordance,ipin_baseline,50,0.5517833333333333,0.5046427857142857,0.5982027857142858
ecoli,no_exact_TRAIN_DEV_endpoint,matched,P_vs_U_concordance,ipin_optimized,50,0.5604942857142858,0.5156005595238096,0.604086
ecoli,no_exact_TRAIN_DEV_endpoint,matched,P_vs_U_concordance,tuna_retrained,50,0.55738,0.5187359523809524,0.5967801785714285
ecoli,no_exact_TRAIN_DEV_endpoint,matched,P_vs_U_concordance,ipin_tuna_31k,50,0.5519233333333333,0.5097360833333333,0.5962246309523809
ecoli,no_exact_TRAIN_DEV_endpoint,matched,average_precision,ipin_baseline,50,0.09690087606620251,0.06832116615782112,0.13214750147531254
ecoli,no_exact_TRAIN_DEV_endpoint,matched,average_precision,ipin_optimized,50,0.09452192437854412,0.06674821502526204,0.13014314453591097
ecoli,no_exact_TRAIN_DEV_endpoint,matched,average_precision,tuna_retrained,50,0.07520313634288686,0.05921238254008913,0.09445730065359195
ecoli,no_exact_TRAIN_DEV_endpoint,matched,average_precision,ipin_tuna_31k,50,0.08927072445529287,0.07178534666675448,0.10819657369616154
ecoli,no_exact_TRAIN_DEV_endpoint,matched,reciprocal_rank,ipin_baseline,50,0.15574530259665326,0.09626404980760693,0.22614027363746914
ecoli,no_exact_TRAIN_DEV_endpoint,matched,reciprocal_rank,ipin_optimized,50,0.15774665505482255,0.09398694756360942,0.2344079496397941
ecoli,no_exact_TRAIN_DEV_endpoint,matched,reciprocal_rank,tuna_retrained,50,0.11859858198016944,0.07159802676237566,0.17970365001783947
ecoli,no_exact_TRAIN_DEV_endpoint,matched,reciprocal_rank,ipin_tuna_31k,50,0.16431834732228057,0.11480882333707604,0.22036321085939564
ecoli,no_exact_TRAIN_DEV_endpoint,matched,recall_at_10,ipin_baseline,50,0.11823809523809524,0.07066666666666667,0.17314523809523805
ecoli,no_exact_TRAIN_DEV_endpoint,matched,recall_at_10,ipin_optimized,50,0.11776190476190478,0.0723297619047619,0.16728690476190475
ecoli,no_exact_TRAIN_DEV_endpoint,matched,recall_at_10,tuna_retrained,50,0.0809047619047619,0.04171428571428572,0.12547738095238092
ecoli,no_exact_TRAIN_DEV_endpoint,matched,recall_at_10,ipin_tuna_31k,50,0.13604761904761903,0.08933333333333333,0.18610119047619036
ecoli,no_exact_TRAIN_DEV_endpoint,matched,NDCG_at_10,ipin_baseline,50,0.0901123563023752,0.049060189279733234,0.13807583433653975
ecoli,no_exact_TRAIN_DEV_endpoint,matched,NDCG_at_10,ipin_optimized,50,0.08845005155254247,0.04905829822993218,0.13549941555130685
ecoli,no_exact_TRAIN_DEV_endpoint,matched,NDCG_at_10,tuna_retrained,50,0.05648452181338092,0.028723129404133345,0.08873498169201247
ecoli,no_exact_TRAIN_DEV_endpoint,matched,NDCG_at_10,ipin_tuna_31k,50,0.0940629270893294,0.06098889038296536,0.12936559834756559
ecoli,no_exact_TRAIN_DEV_endpoint,all_U,P_vs_U_concordance,ipin_baseline,50,0.5462447619047619,0.4992783095238095,0.5921217142857143
ecoli,no_exact_TRAIN_DEV_endpoint,all_U,P_vs_U_concordance,ipin_optimized,50,0.5603216666666667,0.5166518452380953,0.6026836904761905
ecoli,no_exact_TRAIN_DEV_endpoint,all_U,P_vs_U_concordance,tuna_retrained,50,0.5613376190476189,0.5230550892857143,0.5994101547619047
ecoli,no_exact_TRAIN_DEV_endpoint,all_U,P_vs_U_concordance,ipin_tuna_31k,50,0.5556688095238096,0.5132943273809524,0.597840363095238
ecoli,no_exact_TRAIN_DEV_endpoint,all_U,average_precision,ipin_baseline,50,0.061422736815379686,0.03734899639546588,0.09326127218425263
ecoli,no_exact_TRAIN_DEV_endpoint,all_U,average_precision,ipin_optimized,50,0.054462272087410286,0.03444118139941542,0.08440682585398769
ecoli,no_exact_TRAIN_DEV_endpoint,all_U,average_precision,tuna_retrained,50,0.041075697528420975,0.03144125873955592,0.05313920960986296
ecoli,no_exact_TRAIN_DEV_endpoint,all_U,average_precision,ipin_tuna_31k,50,0.05021183641730784,0.03895780454804985,0.06324260677956452
ecoli,no_exact_TRAIN_DEV_endpoint,all_U,reciprocal_rank,ipin_baseline,50,0.11388790309680599,0.057631600641157396,0.1844735165377658
ecoli,no_exact_TRAIN_DEV_endpoint,all_U,reciprocal_rank,ipin_optimized,50,0.08854361104973384,0.05035619327579998,0.13904509476549995
ecoli,no_exact_TRAIN_DEV_endpoint,all_U,reciprocal_rank,tuna_retrained,50,0.06658357308089403,0.039010119476908224,0.10119627684000566
ecoli,no_exact_TRAIN_DEV_endpoint,all_U,reciprocal_rank,ipin_tuna_31k,50,0.09501320337492897,0.06457751385624931,0.12939301765642827
ecoli,no_exact_TRAIN_DEV_endpoint,all_U,recall_at_10,ipin_baseline,50,0.0727142857142857,0.035,0.11642857142857144
ecoli,no_exact_TRAIN_DEV_endpoint,all_U,recall_at_10,ipin_optimized,50,0.07223809523809524,0.03323809523809524,0.11800000000000001
ecoli,no_exact_TRAIN_DEV_endpoint,all_U,recall_at_10,tuna_retrained,50,0.03238095238095238,0.01,0.06238095238095237
ecoli,no_exact_TRAIN_DEV_endpoint,all_U,recall_at_10,ipin_tuna_31k,50,0.09352380952380952,0.056666666666666664,0.134
ecoli,no_exact_TRAIN_DEV_endpoint,all_U,NDCG_at_10,ipin_baseline,50,0.05862918377226696,0.024180390810228637,0.10162949163246057
ecoli,no_exact_TRAIN_DEV_endpoint,all_U,NDCG_at_10,ipin_optimized,50,0.05032574620365098,0.020407712457626535,0.08966205273931574
ecoli,no_exact_TRAIN_DEV_endpoint,all_U,NDCG_at_10,tuna_retrained,50,0.022874592749800145,0.006048788018709798,0.043255266654501405
ecoli,no_exact_TRAIN_DEV_endpoint,all_U,NDCG_at_10,ipin_tuna_31k,50,0.056691301453918486,0.03424781980144409,0.08163807891085002
mouse,no_exact_any_model_TRAIN_DEV_endpoint,background,P_vs_U_concordance,ipin_baseline,47,0.751435492768224,0.6979561774208333,0.8025018106899562
mouse,no_exact_any_model_TRAIN_DEV_endpoint,background,P_vs_U_concordance,ipin_optimized,47,0.7299278645460129,0.6760446045017524,0.7813374429426094
mouse,no_exact_any_model_TRAIN_DEV_endpoint,background,P_vs_U_concordance,tuna_retrained,47,0.7214235505119837,0.6551202343566065,0.7824558000220851
mouse,no_exact_any_model_TRAIN_DEV_endpoint,background,P_vs_U_concordance,ipin_tuna_31k,47,0.7727537648826537,0.7214136434242929,0.820458213872659
mouse,no_exact_any_model_TRAIN_DEV_endpoint,background,average_precision,ipin_baseline,47,0.21051463601770687,0.14601427553245544,0.28620487611131995
mouse,no_exact_any_model_TRAIN_DEV_endpoint,background,average_precision,ipin_optimized,47,0.18581192438165295,0.13139150354605567,0.24927343200733024
mouse,no_exact_any_model_TRAIN_DEV_endpoint,background,average_precision,tuna_retrained,47,0.20492426158031726,0.15151786341143542,0.26621714103928834
mouse,no_exact_any_model_TRAIN_DEV_endpoint,background,average_precision,ipin_tuna_31k,47,0.20864189015382736,0.15917817059188524,0.262668436794691
mouse,no_exact_any_model_TRAIN_DEV_endpoint,background,reciprocal_rank,ipin_baseline,47,0.259111795210807,0.1705649573486019,0.3576372371459347
mouse,no_exact_any_model_TRAIN_DEV_endpoint,background,reciprocal_rank,ipin_optimized,47,0.25805802171783565,0.17324564754537558,0.3522775184324298
mouse,no_exact_any_model_TRAIN_DEV_endpoint,background,reciprocal_rank,tuna_retrained,47,0.2747052372672256,0.18756983330192456,0.3717683321881277
mouse,no_exact_any_model_TRAIN_DEV_endpoint,background,reciprocal_rank,ipin_tuna_31k,47,0.2867105695623485,0.1963556489078794,0.38493079459875
mouse,no_exact_any_model_TRAIN_DEV_endpoint,background,recall_at_10,ipin_baseline,47,0.3041033434650456,0.20176671732522797,0.41165273556231
mouse,no_exact_any_model_TRAIN_DEV_endpoint,background,recall_at_10,ipin_optimized,47,0.2785714285714285,0.18333333333333335,0.38166413373860175
mouse,no_exact_any_model_TRAIN_DEV_endpoint,background,recall_at_10,tuna_retrained,47,0.39790611279972976,0.29618118878757177,0.4996327254305977
mouse,no_exact_any_model_TRAIN_DEV_endpoint,background,recall_at_10,ipin_tuna_31k,47,0.3919790611279973,0.27798969942586965,0.5099024822695035
mouse,no_exact_any_model_TRAIN_DEV_endpoint,background,NDCG_at_10,ipin_baseline,47,0.21595244202099406,0.13624409727956902,0.304644098137411
mouse,no_exact_any_model_TRAIN_DEV_endpoint,background,NDCG_at_10,ipin_optimized,47,0.19526793886401028,0.12562122816389615,0.2741451665974685
mouse,no_exact_any_model_TRAIN_DEV_endpoint,background,NDCG_at_10,tuna_retrained,47,0.25127067863045477,0.18220702752750823,0.3247949935830606
mouse,no_exact_any_model_TRAIN_DEV_endpoint,background,NDCG_at_10,ipin_tuna_31k,47,0.24725120154727762,0.1722514513456752,0.323831246303839
mouse,no_exact_any_model_TRAIN_DEV_endpoint,matched,P_vs_U_concordance,ipin_baseline,47,0.7233432186281459,0.6711530963084937,0.7741899536856606
mouse,no_exact_any_model_TRAIN_DEV_endpoint,matched,P_vs_U_concordance,ipin_optimized,47,0.7122233055050007,0.6589066940811731,0.7643302087601868
mouse,no_exact_any_model_TRAIN_DEV_endpoint,matched,P_vs_U_concordance,tuna_retrained,47,0.7175095213583769,0.6556422488712785,0.7776416552996251
mouse,no_exact_any_model_TRAIN_DEV_endpoint,matched,P_vs_U_concordance,ipin_tuna_31k,47,0.7577701865878365,0.7132275857318117,0.8008759470418158
mouse,no_exact_any_model_TRAIN_DEV_endpoint,matched,average_precision,ipin_baseline,47,0.17810679098292526,0.12135083774133791,0.24596659779342525
mouse,no_exact_any_model_TRAIN_DEV_endpoint,matched,average_precision,ipin_optimized,47,0.1614925215143154,0.11041547255466895,0.22483106497058816
mouse,no_exact_any_model_TRAIN_DEV_endpoint,matched,average_precision,tuna_retrained,47,0.20201303755947714,0.147174799825307,0.26495224172050597
mouse,no_exact_any_model_TRAIN_DEV_endpoint,matched,average_precision,ipin_tuna_31k,47,0.19812722216640521,0.14546905097489024,0.2578767613724896
mouse,no_exact_any_model_TRAIN_DEV_endpoint,matched,reciprocal_rank,ipin_baseline,47,0.2267175139241864,0.14942098928791478,0.3153403261930287
mouse,no_exact_any_model_TRAIN_DEV_endpoint,matched,reciprocal_rank,ipin_optimized,47,0.19806984927688373,0.13292424627007607,0.27426939379137466
mouse,no_exact_any_model_TRAIN_DEV_endpoint,matched,reciprocal_rank,tuna_retrained,47,0.2761097445638236,0.1884876547171843,0.37288280193618434
mouse,no_exact_any_model_TRAIN_DEV_endpoint,matched,reciprocal_rank,ipin_tuna_31k,47,0.29619104915691635,0.19849906644426749,0.40476320847138236
mouse,no_exact_any_model_TRAIN_DEV_endpoint,matched,recall_at_10,ipin_baseline,47,0.24007092198581556,0.15597771023302937,0.3333333333333333
mouse,no_exact_any_model_TRAIN_DEV_endpoint,matched,recall_at_10,ipin_optimized,47,0.26681864235055724,0.16904128672745697,0.37345618034447825
mouse,no_exact_any_model_TRAIN_DEV_endpoint,matched,recall_at_10,tuna_retrained,47,0.36822019587977034,0.261903917595407,0.4815653495440728
mouse,no_exact_any_model_TRAIN_DEV_endpoint,matched,recall_at_10,ipin_tuna_31k,47,0.2907801418439716,0.19974544072948328,0.3887550658561297
mouse,no_exact_any_model_TRAIN_DEV_endpoint,matched,NDCG_at_10,ipin_baseline,47,0.17385447474016422,0.10418467574384192,0.25271015684586107
mouse,no_exact_any_model_TRAIN_DEV_endpoint,matched,NDCG_at_10,ipin_optimized,47,0.1692389701566368,0.10487170292383903,0.24271880734637527
mouse,no_exact_any_model_TRAIN_DEV_endpoint,matched,NDCG_at_10,tuna_retrained,47,0.23746221519911637,0.16523264946321622,0.31685610191976354
mouse,no_exact_any_model_TRAIN_DEV_endpoint,matched,NDCG_at_10,ipin_tuna_31k,47,0.2152009438835577,0.1422956381862542,0.2950902364365234
mouse,no_exact_any_model_TRAIN_DEV_endpoint,all_U,P_vs_U_concordance,ipin_baseline,47,0.7373375138468248,0.6851250828158773,0.7880446689993095
mouse,no_exact_any_model_TRAIN_DEV_endpoint,all_U,P_vs_U_concordance,ipin_optimized,47,0.7211790685925025,0.6686162678496275,0.7711848126528819
mouse,no_exact_any_model_TRAIN_DEV_endpoint,all_U,P_vs_U_concordance,tuna_retrained,47,0.7195150750087899,0.6566321626298685,0.7779177447895382
mouse,no_exact_any_model_TRAIN_DEV_endpoint,all_U,P_vs_U_concordance,ipin_tuna_31k,47,0.7653044578843154,0.7187030865828311,0.8090820097357897
mouse,no_exact_any_model_TRAIN_DEV_endpoint,all_U,average_precision,ipin_baseline,47,0.13562325003476614,0.07997143351892874,0.20516865328378578
mouse,no_exact_any_model_TRAIN_DEV_endpoint,all_U,average_precision,ipin_optimized,47,0.11201282582785886,0.06674688671740693,0.17083261046616927
mouse,no_exact_any_model_TRAIN_DEV_endpoint,all_U,average_precision,tuna_retrained,47,0.1342192188363497,0.08815718836187543,0.18995494722946443
mouse,no_exact_any_model_TRAIN_DEV_endpoint,all_U,average_precision,ipin_tuna_31k,47,0.1220933762507597,0.08774242749925128,0.16113425619787622
mouse,no_exact_any_model_TRAIN_DEV_endpoint,all_U,reciprocal_rank,ipin_baseline,47,0.17691150540271586,0.09916269207955351,0.2685336226535963
mouse,no_exact_any_model_TRAIN_DEV_endpoint,all_U,reciprocal_rank,ipin_optimized,47,0.1521050783210239,0.088277493448777,0.2298006325292071
mouse,no_exact_any_model_TRAIN_DEV_endpoint,all_U,reciprocal_rank,tuna_retrained,47,0.19411686106054551,0.11636347324725241,0.28467692753846835
mouse,no_exact_any_model_TRAIN_DEV_endpoint,all_U,reciprocal_rank,ipin_tuna_31k,47,0.1961083490511661,0.1217190751965538,0.28237108211015804
mouse,no_exact_any_model_TRAIN_DEV_endpoint,all_U,recall_at_10,ipin_baseline,47,0.16484295845997973,0.09088145896656535,0.24944275582573452
mouse,no_exact_any_model_TRAIN_DEV_endpoint,all_U,recall_at_10,ipin_optimized,47,0.185612968591692,0.10405268490374874,0.276193009118541
mouse,no_exact_any_model_TRAIN_DEV_endpoint,all_U,recall_at_10,tuna_retrained,47,0.20607902735562308,0.125531914893617,0.2897745694022289
mouse,no_exact_any_model_TRAIN_DEV_endpoint,all_U,recall_at_10,ipin_tuna_31k,47,0.15977710233029382,0.0928951367781155,0.23394376899696043
mouse,no_exact_any_model_TRAIN_DEV_endpoint,all_U,NDCG_at_10,ipin_baseline,47,0.1280845844656383,0.0631539148701505,0.20668838550670668
mouse,no_exact_any_model_TRAIN_DEV_endpoint,all_U,NDCG_at_10,ipin_optimized,47,0.1171012369953713,0.060262657346161354,0.18461465804894928
mouse,no_exact_any_model_TRAIN_DEV_endpoint,all_U,NDCG_at_10,tuna_retrained,47,0.14272769564549412,0.083692471324898,0.20755960021014197
mouse,no_exact_any_model_TRAIN_DEV_endpoint,all_U,NDCG_at_10,ipin_tuna_31k,47,0.11807435095266611,0.06815645739765618,0.17404222833966154
fly,no_exact_any_model_TRAIN_DEV_endpoint,background,P_vs_U_concordance,ipin_baseline,50,0.6453751467051467,0.5988853311087061,0.6892097738095239
fly,no_exact_any_model_TRAIN_DEV_endpoint,background,P_vs_U_concordance,ipin_optimized,50,0.6281347787397789,0.5820706652236652,0.6731683899711399
fly,no_exact_any_model_TRAIN_DEV_endpoint,background,P_vs_U_concordance,tuna_retrained,50,0.675267113997114,0.6314727059884561,0.7182039682539682
fly,no_exact_any_model_TRAIN_DEV_endpoint,background,P_vs_U_concordance,ipin_tuna_31k,50,0.6711114165464166,0.6270649777537277,0.7125143095238095
fly,no_exact_any_model_TRAIN_DEV_endpoint,background,average_precision,ipin_baseline,50,0.1615448996877427,0.12845642909855656,0.19607436698097191
fly,no_exact_any_model_TRAIN_DEV_endpoint,background,average_precision,ipin_optimized,50,0.18261368543377227,0.1424777453140442,0.2256045949971988
fly,no_exact_any_model_TRAIN_DEV_endpoint,background,average_precision,tuna_retrained,50,0.2053691654552663,0.1592792624240795,0.25362232576436383
fly,no_exact_any_model_TRAIN_DEV_endpoint,background,average_precision,ipin_tuna_31k,50,0.1984428602329059,0.15829273586882875,0.24073334130500848
fly,no_exact_any_model_TRAIN_DEV_endpoint,background,reciprocal_rank,ipin_baseline,50,0.3010239538887707,0.2131068905203439,0.39407914439925623
fly,no_exact_any_model_TRAIN_DEV_endpoint,background,reciprocal_rank,ipin_optimized,50,0.37284981136665896,0.2680610748473303,0.4829817263062944
fly,no_exact_any_model_TRAIN_DEV_endpoint,background,reciprocal_rank,tuna_retrained,50,0.37033610039385906,0.27187975968715195,0.4738270122334563
fly,no_exact_any_model_TRAIN_DEV_endpoint,background,reciprocal_rank,ipin_tuna_31k,50,0.3440374405510229,0.2538172729647263,0.4387997753166471
fly,no_exact_any_model_TRAIN_DEV_endpoint,background,recall_at_10,ipin_baseline,50,0.1801031746031746,0.12473769841269841,0.2403813492063492
fly,no_exact_any_model_TRAIN_DEV_endpoint,background,recall_at_10,ipin_optimized,50,0.23201587301587304,0.16604682539682541,0.30454900793650785
fly,no_exact_any_model_TRAIN_DEV_endpoint,background,recall_at_10,tuna_retrained,50,0.20834920634920637,0.1536825396825397,0.26424841269841265
fly,no_exact_any_model_TRAIN_DEV_endpoint,background,recall_at_10,ipin_tuna_31k,50,0.2346825396825397,0.17321210317460314,0.2993099206349206
fly,no_exact_any_model_TRAIN_DEV_endpoint,background,NDCG_at_10,ipin_baseline,50,0.15386656374870966,0.10828562105497276,0.20146873585811126
fly,no_exact_any_model_TRAIN_DEV_endpoint,background,NDCG_at_10,ipin_optimized,50,0.20110574719493404,0.14492260724031944,0.2607218584094253
fly,no_exact_any_model_TRAIN_DEV_endpoint,background,NDCG_at_10,tuna_retrained,50,0.20484069714762987,0.14884322695378904,0.2639469247651613
fly,no_exact_any_model_TRAIN_DEV_endpoint,background,NDCG_at_10,ipin_tuna_31k,50,0.20704673408286303,0.15466250743501295,0.2605347066842245
fly,no_exact_any_model_TRAIN_DEV_endpoint,matched,P_vs_U_concordance,ipin_baseline,50,0.6436579653679654,0.5974131374458874,0.6907108232323234
fly,no_exact_any_model_TRAIN_DEV_endpoint,matched,P_vs_U_concordance,ipin_optimized,50,0.6293549783549783,0.5843096966089465,0.6752701006493506
fly,no_exact_any_model_TRAIN_DEV_endpoint,matched,P_vs_U_concordance,tuna_retrained,50,0.6784411183261183,0.6336929181096681,0.7229464448051949
fly,no_exact_any_model_TRAIN_DEV_endpoint,matched,P_vs_U_concordance,ipin_tuna_31k,50,0.6723108513708514,0.63212773502886,0.7112816484487733
fly,no_exact_any_model_TRAIN_DEV_endpoint,matched,average_precision,ipin_baseline,50,0.1592954283381574,0.12856358113850047,0.19205133110872646
fly,no_exact_any_model_TRAIN_DEV_endpoint,matched,average_precision,ipin_optimized,50,0.17335338810903436,0.13856170895850559,0.21009493298807252
fly,no_exact_any_model_TRAIN_DEV_endpoint,matched,average_precision,tuna_retrained,50,0.2112832755180221,0.16732504047246874,0.25917405701395463
fly,no_exact_any_model_TRAIN_DEV_endpoint,matched,average_precision,ipin_tuna_31k,50,0.18715526430071108,0.15152841520981772,0.22387661658467936
fly,no_exact_any_model_TRAIN_DEV_endpoint,matched,reciprocal_rank,ipin_baseline,50,0.29953759649677336,0.2102535441722346,0.3976753253266367
fly,no_exact_any_model_TRAIN_DEV_endpoint,matched,reciprocal_rank,ipin_optimized,50,0.33750384034593317,0.24341657837827663,0.4404218156388258
fly,no_exact_any_model_TRAIN_DEV_endpoint,matched,reciprocal_rank,tuna_retrained,50,0.4326714312291242,0.32203339073529763,0.5463495609463836
fly,no_exact_any_model_TRAIN_DEV_endpoint,matched,reciprocal_rank,ipin_tuna_31k,50,0.3690615014070896,0.2653130302091699,0.4766974414474414
fly,no_exact_any_model_TRAIN_DEV_endpoint,matched,recall_at_10,ipin_baseline,50,0.1589920634920635,0.1075470238095238,0.21885833333333332
fly,no_exact_any_model_TRAIN_DEV_endpoint,matched,recall_at_10,ipin_optimized,50,0.19080158730158728,0.13576924603174603,0.2525801587301587
fly,no_exact_any_model_TRAIN_DEV_endpoint,matched,recall_at_10,tuna_retrained,50,0.2154047619047619,0.16271408730158732,0.2714458333333333
fly,no_exact_any_model_TRAIN_DEV_endpoint,matched,recall_at_10,ipin_tuna_31k,50,0.23518253968253966,0.17693650793650792,0.29784365079365077
fly,no_exact_any_model_TRAIN_DEV_endpoint,matched,NDCG_at_10,ipin_baseline,50,0.14339568825135934,0.10006505262641324,0.1893205577463604
fly,no_exact_any_model_TRAIN_DEV_endpoint,matched,NDCG_at_10,ipin_optimized,50,0.17409253935705885,0.1246845185341783,0.22698786135621804
fly,no_exact_any_model_TRAIN_DEV_endpoint,matched,NDCG_at_10,tuna_retrained,50,0.2150610755007172,0.16124533486841808,0.2732145108912235
fly,no_exact_any_model_TRAIN_DEV_endpoint,matched,NDCG_at_10,ipin_tuna_31k,50,0.20006494640825664,0.15166108898647487,0.24882690099744934
fly,no_exact_any_model_TRAIN_DEV_endpoint,all_U,P_vs_U_concordance,ipin_baseline,50,0.6445160046263062,0.5982765491893993,0.6895545786870861
fly,no_exact_any_model_TRAIN_DEV_endpoint,all_U,P_vs_U_concordance,ipin_optimized,50,0.6287468929967297,0.5839062424822525,0.6742699970238093
fly,no_exact_any_model_TRAIN_DEV_endpoint,all_U,P_vs_U_concordance,tuna_retrained,50,0.6768550125628141,0.6318748923636037,0.7202662894681743
fly,no_exact_any_model_TRAIN_DEV_endpoint,all_U,P_vs_U_concordance,ipin_tuna_31k,50,0.6717162903804739,0.6292922633803939,0.712732577251336
fly,no_exact_any_model_TRAIN_DEV_endpoint,all_U,average_precision,ipin_baseline,50,0.09360941266148208,0.07336620244446661,0.11584131555968323
fly,no_exact_any_model_TRAIN_DEV_endpoint,all_U,average_precision,ipin_optimized,50,0.11093593590453786,0.08555294378117334,0.13885859186630894
fly,no_exact_any_model_TRAIN_DEV_endpoint,all_U,average_precision,tuna_retrained,50,0.13768873633526835,0.10225162028790546,0.17781743300858296
fly,no_exact_any_model_TRAIN_DEV_endpoint,all_U,average_precision,ipin_tuna_31k,50,0.12039257662732523,0.09277128026562169,0.15128191581685832
fly,no_exact_any_model_TRAIN_DEV_endpoint,all_U,reciprocal_rank,ipin_baseline,50,0.19641358118601798,0.13056383755462073,0.27229755701233793
fly,no_exact_any_model_TRAIN_DEV_endpoint,all_U,reciprocal_rank,ipin_optimized,50,0.28192012545442136,0.18578299144261742,0.3858548684715854
fly,no_exact_any_model_TRAIN_DEV_endpoint,all_U,reciprocal_rank,tuna_retrained,50,0.3111763305892307,0.21394228013176636,0.41687704263600955
fly,no_exact_any_model_TRAIN_DEV_endpoint,all_U,reciprocal_rank,ipin_tuna_31k,50,0.2755307688460626,0.18105788115043753,0.3754557484044026
fly,no_exact_any_model_TRAIN_DEV_endpoint,all_U,recall_at_10,ipin_baseline,50,0.10524603174603175,0.06315535714285714,0.15844444444444444
fly,no_exact_any_model_TRAIN_DEV_endpoint,all_U,recall_at_10,ipin_optimized,50,0.12122222222222222,0.07749861111111112,0.17127777777777775
fly,no_exact_any_model_TRAIN_DEV_endpoint,all_U,recall_at_10,tuna_retrained,50,0.15049206349206348,0.10419027777777777,0.20077003968253967
fly,no_exact_any_model_TRAIN_DEV_endpoint,all_U,recall_at_10,ipin_tuna_31k,50,0.12796031746031744,0.08660257936507935,0.1738900793650794
fly,no_exact_any_model_TRAIN_DEV_endpoint,all_U,NDCG_at_10,ipin_baseline,50,0.08856533728327542,0.056906509336005516,0.12408663382768124
fly,no_exact_any_model_TRAIN_DEV_endpoint,all_U,NDCG_at_10,ipin_optimized,50,0.11552112840932413,0.07605449348133198,0.15771808084413075
fly,no_exact_any_model_TRAIN_DEV_endpoint,all_U,NDCG_at_10,tuna_retrained,50,0.15095278521491357,0.10251921596729072,0.20331415258199026
fly,no_exact_any_model_TRAIN_DEV_endpoint,all_U,NDCG_at_10,ipin_tuna_31k,50,0.12154294800907181,0.08093973584584936,0.16561021313980512
worm,no_exact_any_model_TRAIN_DEV_endpoint,background,P_vs_U_concordance,ipin_baseline,50,0.6045577777777779,0.5506461666666668,0.6580911666666667
worm,no_exact_any_model_TRAIN_DEV_endpoint,background,P_vs_U_concordance,ipin_optimized,50,0.6321622222222222,0.58312475,0.6803156666666665
worm,no_exact_any_model_TRAIN_DEV_endpoint,background,P_vs_U_concordance,tuna_retrained,50,0.6209266666666666,0.5738461666666668,0.6684503333333334
worm,no_exact_any_model_TRAIN_DEV_endpoint,background,P_vs_U_concordance,ipin_tuna_31k,50,0.6598344444444444,0.6112229166666667,0.7072836944444444
worm,no_exact_any_model_TRAIN_DEV_endpoint,background,average_precision,ipin_baseline,50,0.17297044325158725,0.12371678532427645,0.2297363750945175
worm,no_exact_any_model_TRAIN_DEV_endpoint,background,average_precision,ipin_optimized,50,0.16035270108761165,0.11600535526884384,0.2108884050827405
worm,no_exact_any_model_TRAIN_DEV_endpoint,background,average_precision,tuna_retrained,50,0.14507939299671668,0.10393972875631628,0.19301726196355087
worm,no_exact_any_model_TRAIN_DEV_endpoint,background,average_precision,ipin_tuna_31k,50,0.18670641834418075,0.14228554325185103,0.2354197229347373
worm,no_exact_any_model_TRAIN_DEV_endpoint,background,reciprocal_rank,ipin_baseline,50,0.32215638196344715,0.2257902309194429,0.42722199784665815
worm,no_exact_any_model_TRAIN_DEV_endpoint,background,reciprocal_rank,ipin_optimized,50,0.2877951109795593,0.20201630554962416,0.380923696149808
worm,no_exact_any_model_TRAIN_DEV_endpoint,background,reciprocal_rank,tuna_retrained,50,0.2522612825440932,0.16692200609860203,0.3452564846324524
worm,no_exact_any_model_TRAIN_DEV_endpoint,background,reciprocal_rank,ipin_tuna_31k,50,0.3415929337248597,0.2407711060354099,0.44687112248651617
worm,no_exact_any_model_TRAIN_DEV_endpoint,background,recall_at_10,ipin_baseline,50,0.2421111111111111,0.17010833333333336,0.3196694444444444
worm,no_exact_any_model_TRAIN_DEV_endpoint,background,recall_at_10,ipin_optimized,50,0.21455555555555555,0.14788888888888888,0.28733333333333333
worm,no_exact_any_model_TRAIN_DEV_endpoint,background,recall_at_10,tuna_retrained,50,0.1886666666666667,0.12300000000000001,0.2603333333333333
worm,no_exact_any_model_TRAIN_DEV_endpoint,background,recall_at_10,ipin_tuna_31k,50,0.25722222222222224,0.18255,0.33789166666666665
worm,no_exact_any_model_TRAIN_DEV_endpoint,background,NDCG_at_10,ipin_baseline,50,0.20132361306407298,0.1375289295460662,0.2718102549064656
worm,no_exact_any_model_TRAIN_DEV_endpoint,background,NDCG_at_10,ipin_optimized,50,0.17592859460367177,0.11706692508634126,0.24075003870454098
worm,no_exact_any_model_TRAIN_DEV_endpoint,background,NDCG_at_10,tuna_retrained,50,0.15085151592904697,0.09635451432398918,0.21214628933473645
worm,no_exact_any_model_TRAIN_DEV_endpoint,background,NDCG_at_10,ipin_tuna_31k,50,0.21181012436136404,0.15057978639851882,0.2770285480899136
worm,no_exact_any_model_TRAIN_DEV_endpoint,matched,P_vs_U_concordance,ipin_baseline,50,0.56316,0.5077896666666666,0.6180219999999998
worm,no_exact_any_model_TRAIN_DEV_endpoint,matched,P_vs_U_concordance,ipin_optimized,50,0.5956133333333333,0.5435593333333333,0.6456403333333335
worm,no_exact_any_model_TRAIN_DEV_endpoint,matched,P_vs_U_concordance,tuna_retrained,50,0.598281111111111,0.5497720277777778,0.64593475
worm,no_exact_any_model_TRAIN_DEV_endpoint,matched,P_vs_U_concordance,ipin_tuna_31k,50,0.5963755555555555,0.55124475,0.6404919722222221
worm,no_exact_any_model_TRAIN_DEV_endpoint,matched,average_precision,ipin_baseline,50,0.14235244402392053,0.1032814666071642,0.18563816620604381
worm,no_exact_any_model_TRAIN_DEV_endpoint,matched,average_precision,ipin_optimized,50,0.15406928120517027,0.10924517270351977,0.20541974940141083
worm,no_exact_any_model_TRAIN_DEV_endpoint,matched,average_precision,tuna_retrained,50,0.1320290864353213,0.10148790186575643,0.1651506788472801
worm,no_exact_any_model_TRAIN_DEV_endpoint,matched,average_precision,ipin_tuna_31k,50,0.1339290888451415,0.10312857229495002,0.1677110612475392
worm,no_exact_any_model_TRAIN_DEV_endpoint,matched,reciprocal_rank,ipin_baseline,50,0.27386178714569626,0.1823825801664434,0.3732108211493023
worm,no_exact_any_model_TRAIN_DEV_endpoint,matched,reciprocal_rank,ipin_optimized,50,0.3112893312972836,0.21256502742888975,0.4158922563735496
worm,no_exact_any_model_TRAIN_DEV_endpoint,matched,reciprocal_rank,tuna_retrained,50,0.251464892757243,0.1697142363622061,0.34256324390443904
worm,no_exact_any_model_TRAIN_DEV_endpoint,matched,reciprocal_rank,ipin_tuna_31k,50,0.24376851312854705,0.1644036684349078,0.33414180411740496
worm,no_exact_any_model_TRAIN_DEV_endpoint,matched,recall_at_10,ipin_baseline,50,0.20233333333333334,0.1366583333333333,0.27166666666666667
worm,no_exact_any_model_TRAIN_DEV_endpoint,matched,recall_at_10,ipin_optimized,50,0.18955555555555553,0.1292222222222222,0.25566666666666665
worm,no_exact_any_model_TRAIN_DEV_endpoint,matched,recall_at_10,tuna_retrained,50,0.16433333333333333,0.11199999999999999,0.21866666666666668
worm,no_exact_any_model_TRAIN_DEV_endpoint,matched,recall_at_10,ipin_tuna_31k,50,0.1788888888888889,0.12399999999999999,0.23699999999999996
worm,no_exact_any_model_TRAIN_DEV_endpoint,matched,NDCG_at_10,ipin_baseline,50,0.16175674237851267,0.10923545541387535,0.21886358250726975
worm,no_exact_any_model_TRAIN_DEV_endpoint,matched,NDCG_at_10,ipin_optimized,50,0.16752863240753796,0.11089375515732043,0.2302659200215569
worm,no_exact_any_model_TRAIN_DEV_endpoint,matched,NDCG_at_10,tuna_retrained,50,0.13481052541643426,0.09092456993042901,0.1813061648899803
worm,no_exact_any_model_TRAIN_DEV_endpoint,matched,NDCG_at_10,ipin_tuna_31k,50,0.14067277060281713,0.09625164515467984,0.18962532396031306
worm,no_exact_any_model_TRAIN_DEV_endpoint,all_U,P_vs_U_concordance,ipin_baseline,50,0.5838588888888889,0.5300855555555556,0.6374082638888889
worm,no_exact_any_model_TRAIN_DEV_endpoint,all_U,P_vs_U_concordance,ipin_optimized,50,0.6138877777777778,0.5640765416666665,0.6639411249999999
worm,no_exact_any_model_TRAIN_DEV_endpoint,all_U,P_vs_U_concordance,tuna_retrained,50,0.6096038888888888,0.5636127361111111,0.6560583472222221
worm,no_exact_any_model_TRAIN_DEV_endpoint,all_U,P_vs_U_concordance,ipin_tuna_31k,50,0.6281049999999999,0.5813940416666667,0.6728824166666667
worm,no_exact_any_model_TRAIN_DEV_endpoint,all_U,average_precision,ipin_baseline,50,0.10308227505014755,0.06892470787932742,0.14541579466747093
worm,no_exact_any_model_TRAIN_DEV_endpoint,all_U,average_precision,ipin_optimized,50,0.10473233115709123,0.06876177874886255,0.1476301234227549
worm,no_exact_any_model_TRAIN_DEV_endpoint,all_U,average_precision,tuna_retrained,50,0.0848576502863738,0.05954682037377507,0.11423218062421919
worm,no_exact_any_model_TRAIN_DEV_endpoint,all_U,average_precision,ipin_tuna_31k,50,0.09322055022128412,0.06790338814469586,0.122493584930276
worm,no_exact_any_model_TRAIN_DEV_endpoint,all_U,reciprocal_rank,ipin_baseline,50,0.21887366888690138,0.13630726165256907,0.3131685422753533
worm,no_exact_any_model_TRAIN_DEV_endpoint,all_U,reciprocal_rank,ipin_optimized,50,0.2347566245492148,0.14584522018254442,0.3343987505601208
worm,no_exact_any_model_TRAIN_DEV_endpoint,all_U,reciprocal_rank,tuna_retrained,50,0.18261872238262225,0.10708471386372227,0.2719385231579589
worm,no_exact_any_model_TRAIN_DEV_endpoint,all_U,reciprocal_rank,ipin_tuna_31k,50,0.18104967311850853,0.11662352124049317,0.2552219328541895
worm,no_exact_any_model_TRAIN_DEV_endpoint,all_U,recall_at_10,ipin_baseline,50,0.13755555555555554,0.08610833333333333,0.19589444444444437
worm,no_exact_any_model_TRAIN_DEV_endpoint,all_U,recall_at_10,ipin_optimized,50,0.12855555555555556,0.07866666666666666,0.18478055555555553
worm,no_exact_any_model_TRAIN_DEV_endpoint,all_U,recall_at_10,tuna_retrained,50,0.11766666666666666,0.07366666666666666,0.16833333333333333
worm,no_exact_any_model_TRAIN_DEV_endpoint,all_U,recall_at_10,ipin_tuna_31k,50,0.14288888888888887,0.0918888888888889,0.19689166666666663
worm,no_exact_any_model_TRAIN_DEV_endpoint,all_U,NDCG_at_10,ipin_baseline,50,0.1179101793837405,0.07181459504092991,0.17227177804790092
worm,no_exact_any_model_TRAIN_DEV_endpoint,all_U,NDCG_at_10,ipin_optimized,50,0.11814151399446311,0.06882069168440848,0.17438376737648872
worm,no_exact_any_model_TRAIN_DEV_endpoint,all_U,NDCG_at_10,tuna_retrained,50,0.09384942830448267,0.05717062205061117,0.13582995798549402
worm,no_exact_any_model_TRAIN_DEV_endpoint,all_U,NDCG_at_10,ipin_tuna_31k,50,0.10565124829364832,0.06778129563663875,0.14747158917180345
yeast,no_exact_any_model_TRAIN_DEV_endpoint,background,P_vs_U_concordance,ipin_baseline,50,0.5816519047619048,0.5335118809523809,0.6308831547619048
yeast,no_exact_any_model_TRAIN_DEV_endpoint,background,P_vs_U_concordance,ipin_optimized,50,0.6265346031746032,0.5760477261904762,0.6765496666666666
yeast,no_exact_any_model_TRAIN_DEV_endpoint,background,P_vs_U_concordance,tuna_retrained,50,0.611215873015873,0.5507422579365079,0.6691572857142856
yeast,no_exact_any_model_TRAIN_DEV_endpoint,background,P_vs_U_concordance,ipin_tuna_31k,50,0.6418903174603174,0.5951979404761905,0.6888578174603175
yeast,no_exact_any_model_TRAIN_DEV_endpoint,background,average_precision,ipin_baseline,50,0.12419960087023162,0.08650510524475123,0.1729000593649414
yeast,no_exact_any_model_TRAIN_DEV_endpoint,background,average_precision,ipin_optimized,50,0.14316428375137305,0.10860333038458411,0.17981049235264407
yeast,no_exact_any_model_TRAIN_DEV_endpoint,background,average_precision,tuna_retrained,50,0.1311071361270662,0.09726284362935717,0.1743562737277993
yeast,no_exact_any_model_TRAIN_DEV_endpoint,background,average_precision,ipin_tuna_31k,50,0.1517725717425998,0.11671261656576946,0.19028598335811503
yeast,no_exact_any_model_TRAIN_DEV_endpoint,background,reciprocal_rank,ipin_baseline,50,0.20107661753682493,0.1276198412936067,0.28474581083257694
yeast,no_exact_any_model_TRAIN_DEV_endpoint,background,reciprocal_rank,ipin_optimized,50,0.2711436189281664,0.17993562288381712,0.3677527353581748
yeast,no_exact_any_model_TRAIN_DEV_endpoint,background,reciprocal_rank,tuna_retrained,50,0.21466839592284795,0.1413828550311614,0.3016228336721816
yeast,no_exact_any_model_TRAIN_DEV_endpoint,background,reciprocal_rank,ipin_tuna_31k,50,0.27622259621909645,0.1900713625016092,0.37054339996030256
yeast,no_exact_any_model_TRAIN_DEV_endpoint,background,recall_at_10,ipin_baseline,50,0.14928571428571427,0.09487142857142858,0.21066785714285713
yeast,no_exact_any_model_TRAIN_DEV_endpoint,background,recall_at_10,ipin_optimized,50,0.17269841269841268,0.1201265873015873,0.227715873015873
yeast,no_exact_any_model_TRAIN_DEV_endpoint,background,recall_at_10,tuna_retrained,50,0.18506349206349207,0.12263492063492062,0.25509722222222214
yeast,no_exact_any_model_TRAIN_DEV_endpoint,background,recall_at_10,ipin_tuna_31k,50,0.20063492063492064,0.1332063492063492,0.27425793650793645
yeast,no_exact_any_model_TRAIN_DEV_endpoint,background,NDCG_at_10,ipin_baseline,50,0.11729964344351008,0.07115110347556611,0.1727386648928737
yeast,no_exact_any_model_TRAIN_DEV_endpoint,background,NDCG_at_10,ipin_optimized,50,0.14434492468775997,0.09760641695378186,0.19416659327714098
yeast,no_exact_any_model_TRAIN_DEV_endpoint,background,NDCG_at_10,tuna_retrained,50,0.13234201428970174,0.08461519403556522,0.18814579585775398
yeast,no_exact_any_model_TRAIN_DEV_endpoint,background,NDCG_at_10,ipin_tuna_31k,50,0.16300969088421546,0.11171369277579409,0.21725510833253064
yeast,no_exact_any_model_TRAIN_DEV_endpoint,matched,P_vs_U_concordance,ipin_baseline,50,0.595237380952381,0.5453183452380953,0.644384619047619
yeast,no_exact_any_model_TRAIN_DEV_endpoint,matched,P_vs_U_concordance,ipin_optimized,50,0.6332149206349207,0.5833585,0.6819251111111111
yeast,no_exact_any_model_TRAIN_DEV_endpoint,matched,P_vs_U_concordance,tuna_retrained,50,0.6236784920634921,0.5628247718253968,0.6822418412698413
yeast,no_exact_any_model_TRAIN_DEV_endpoint,matched,P_vs_U_concordance,ipin_tuna_31k,50,0.6297696825396826,0.5829293055555556,0.6771332182539682
yeast,no_exact_any_model_TRAIN_DEV_endpoint,matched,average_precision,ipin_baseline,50,0.11654871498902336,0.08788631853834476,0.1481405737766569
yeast,no_exact_any_model_TRAIN_DEV_endpoint,matched,average_precision,ipin_optimized,50,0.15448859189888436,0.11346959670304833,0.20037207957706613
yeast,no_exact_any_model_TRAIN_DEV_endpoint,matched,average_precision,tuna_retrained,50,0.14171616048979593,0.10992740080476611,0.17713150609935652
yeast,no_exact_any_model_TRAIN_DEV_endpoint,matched,average_precision,ipin_tuna_31k,50,0.15369847589662297,0.11755601710606445,0.19384828808095209
yeast,no_exact_any_model_TRAIN_DEV_endpoint,matched,reciprocal_rank,ipin_baseline,50,0.1834125899706563,0.12260917015473652,0.25506101245087226
yeast,no_exact_any_model_TRAIN_DEV_endpoint,matched,reciprocal_rank,ipin_optimized,50,0.2935330238914503,0.1953541746343562,0.40042762673673127
yeast,no_exact_any_model_TRAIN_DEV_endpoint,matched,reciprocal_rank,tuna_retrained,50,0.23746822272154833,0.16358542374852086,0.3237776855665461
yeast,no_exact_any_model_TRAIN_DEV_endpoint,matched,reciprocal_rank,ipin_tuna_31k,50,0.2969769379183975,0.20242876007784216,0.40011895289480415
yeast,no_exact_any_model_TRAIN_DEV_endpoint,matched,recall_at_10,ipin_baseline,50,0.17095238095238094,0.10504523809523808,0.24555555555555553
yeast,no_exact_any_model_TRAIN_DEV_endpoint,matched,recall_at_10,ipin_optimized,50,0.19628571428571429,0.14376190476190476,0.2508583333333333
yeast,no_exact_any_model_TRAIN_DEV_endpoint,matched,recall_at_10,tuna_retrained,50,0.25245238095238093,0.18240297619047618,0.3274065476190475
yeast,no_exact_any_model_TRAIN_DEV_endpoint,matched,recall_at_10,ipin_tuna_31k,50,0.19458730158730156,0.13477698412698413,0.25969920634920635
yeast,no_exact_any_model_TRAIN_DEV_endpoint,matched,NDCG_at_10,ipin_baseline,50,0.11739287013360883,0.07245437661492357,0.16591506105083803
yeast,no_exact_any_model_TRAIN_DEV_endpoint,matched,NDCG_at_10,ipin_optimized,50,0.1620196957526606,0.11159339863242086,0.21719013700973605
yeast,no_exact_any_model_TRAIN_DEV_endpoint,matched,NDCG_at_10,tuna_retrained,50,0.16742684487501763,0.11965114491244173,0.21982615185438775
yeast,no_exact_any_model_TRAIN_DEV_endpoint,matched,NDCG_at_10,ipin_tuna_31k,50,0.1642497873587854,0.11419120199886565,0.21998388330841265
yeast,no_exact_any_model_TRAIN_DEV_endpoint,all_U,P_vs_U_concordance,ipin_baseline,50,0.5884446428571429,0.5389602599206349,0.63696725
yeast,no_exact_any_model_TRAIN_DEV_endpoint,all_U,P_vs_U_concordance,ipin_optimized,50,0.6298747619047619,0.5787658789682539,0.6787918115079365
yeast,no_exact_any_model_TRAIN_DEV_endpoint,all_U,P_vs_U_concordance,tuna_retrained,50,0.6174471825396826,0.5556488492063493,0.6753143561507936
yeast,no_exact_any_model_TRAIN_DEV_endpoint,all_U,P_vs_U_concordance,ipin_tuna_31k,50,0.63583,0.589483761904762,0.6806040178571428
yeast,no_exact_any_model_TRAIN_DEV_endpoint,all_U,average_precision,ipin_baseline,50,0.06604737432431508,0.04656037982634817,0.0907565076121727
yeast,no_exact_any_model_TRAIN_DEV_endpoint,all_U,average_precision,ipin_optimized,50,0.0878670542064618,0.06466686245992895,0.11430523795473632
yeast,no_exact_any_model_TRAIN_DEV_endpoint,all_U,average_precision,tuna_retrained,50,0.07334759308279201,0.054722005756245556,0.09571780945427194
yeast,no_exact_any_model_TRAIN_DEV_endpoint,all_U,average_precision,ipin_tuna_31k,50,0.09339353982593095,0.06781461484961274,0.12237261485928883
yeast,no_exact_any_model_TRAIN_DEV_endpoint,all_U,reciprocal_rank,ipin_baseline,50,0.1168855649402938,0.07080942814628133,0.17451037093894786
yeast,no_exact_any_model_TRAIN_DEV_endpoint,all_U,reciprocal_rank,ipin_optimized,50,0.2037805548451836,0.12311408247798916,0.2955528160841769
yeast,no_exact_any_model_TRAIN_DEV_endpoint,all_U,reciprocal_rank,tuna_retrained,50,0.13131138843487797,0.08089635434584616,0.1951036044454231
yeast,no_exact_any_model_TRAIN_DEV_endpoint,all_U,reciprocal_rank,ipin_tuna_31k,50,0.20057271161236134,0.12403095396827483,0.28526316612313285
yeast,no_exact_any_model_TRAIN_DEV_endpoint,all_U,recall_at_10,ipin_baseline,50,0.10034920634920635,0.05015793650793651,0.16061031746031737
yeast,no_exact_any_model_TRAIN_DEV_endpoint,all_U,recall_at_10,ipin_optimized,50,0.11771428571428569,0.06942857142857142,0.17209523809523805
yeast,no_exact_any_model_TRAIN_DEV_endpoint,all_U,recall_at_10,tuna_retrained,50,0.0966031746031746,0.05623809523809524,0.14392103174603174
yeast,no_exact_any_model_TRAIN_DEV_endpoint,all_U,recall_at_10,ipin_tuna_31k,50,0.1273968253968254,0.08091904761904763,0.17695396825396825
yeast,no_exact_any_model_TRAIN_DEV_endpoint,all_U,NDCG_at_10,ipin_baseline,50,0.06494466152975249,0.03326601274360057,0.10110209808574712
yeast,no_exact_any_model_TRAIN_DEV_endpoint,all_U,NDCG_at_10,ipin_optimized,50,0.0950644935494483,0.05717673585359811,0.1362701774818051
yeast,no_exact_any_model_TRAIN_DEV_endpoint,all_U,NDCG_at_10,tuna_retrained,50,0.06705529392870357,0.03712022203107234,0.10304769105105231
yeast,no_exact_any_model_TRAIN_DEV_endpoint,all_U,NDCG_at_10,ipin_tuna_31k,50,0.10473605819457701,0.06530700499807378,0.14744939846401695
arabidopsis,no_exact_any_model_TRAIN_DEV_endpoint,background,P_vs_U_concordance,ipin_baseline,50,0.6178965079365079,0.5509381031746031,0.6845058888888889
arabidopsis,no_exact_any_model_TRAIN_DEV_endpoint,background,P_vs_U_concordance,ipin_optimized,50,0.6767479365079364,0.6218346428571428,0.7298501666666667
arabidopsis,no_exact_any_model_TRAIN_DEV_endpoint,background,P_vs_U_concordance,tuna_retrained,50,0.7229180952380954,0.670802630952381,0.7743548690476191
arabidopsis,no_exact_any_model_TRAIN_DEV_endpoint,background,P_vs_U_concordance,ipin_tuna_31k,50,0.7130868253968252,0.6654943968253967,0.7610939880952381
arabidopsis,no_exact_any_model_TRAIN_DEV_endpoint,background,average_precision,ipin_baseline,50,0.19627313399670854,0.13497905648635425,0.26320480251938944
arabidopsis,no_exact_any_model_TRAIN_DEV_endpoint,background,average_precision,ipin_optimized,50,0.21888400902941374,0.160939795670794,0.2823834114429911
arabidopsis,no_exact_any_model_TRAIN_DEV_endpoint,background,average_precision,tuna_retrained,50,0.24715977389560248,0.1828786086984466,0.3178443341679707
arabidopsis,no_exact_any_model_TRAIN_DEV_endpoint,background,average_precision,ipin_tuna_31k,50,0.21947039933861837,0.16257926406277587,0.2835983406862785
arabidopsis,no_exact_any_model_TRAIN_DEV_endpoint,background,reciprocal_rank,ipin_baseline,50,0.33593835261554844,0.23071328660146725,0.4477089398297065
arabidopsis,no_exact_any_model_TRAIN_DEV_endpoint,background,reciprocal_rank,ipin_optimized,50,0.3763393974985694,0.2703340683345721,0.4864434205583103
arabidopsis,no_exact_any_model_TRAIN_DEV_endpoint,background,reciprocal_rank,tuna_retrained,50,0.3597849351047291,0.26055280508276785,0.46623738484320587
arabidopsis,no_exact_any_model_TRAIN_DEV_endpoint,background,reciprocal_rank,ipin_tuna_31k,50,0.29648466419974406,0.21456127046385035,0.3850483939036927
arabidopsis,no_exact_any_model_TRAIN_DEV_endpoint,background,recall_at_10,ipin_baseline,50,0.23263492063492064,0.159490873015873,0.3111912698412698
arabidopsis,no_exact_any_model_TRAIN_DEV_endpoint,background,recall_at_10,ipin_optimized,50,0.23385714285714287,0.16352380952380954,0.3095238095238095
arabidopsis,no_exact_any_model_TRAIN_DEV_endpoint,background,recall_at_10,tuna_retrained,50,0.29074603174603175,0.21022222222222223,0.37566865079365075
arabidopsis,no_exact_any_model_TRAIN_DEV_endpoint,background,recall_at_10,ipin_tuna_31k,50,0.2830793650793651,0.199,0.371047619047619
arabidopsis,no_exact_any_model_TRAIN_DEV_endpoint,background,NDCG_at_10,ipin_baseline,50,0.20506566502079968,0.1351829701437337,0.2796373810615692
arabidopsis,no_exact_any_model_TRAIN_DEV_endpoint,background,NDCG_at_10,ipin_optimized,50,0.22310970453929724,0.15321848317008474,0.29743261743737315
arabidopsis,no_exact_any_model_TRAIN_DEV_endpoint,background,NDCG_at_10,tuna_retrained,50,0.2498704092209031,0.17680377871998287,0.32795140115591526
arabidopsis,no_exact_any_model_TRAIN_DEV_endpoint,background,NDCG_at_10,ipin_tuna_31k,50,0.22460764703788777,0.1551934940986316,0.30084039302258886
arabidopsis,no_exact_any_model_TRAIN_DEV_endpoint,matched,P_vs_U_concordance,ipin_baseline,50,0.618746507936508,0.5501084246031747,0.684030361111111
arabidopsis,no_exact_any_model_TRAIN_DEV_endpoint,matched,P_vs_U_concordance,ipin_optimized,50,0.6701031746031745,0.6121553412698413,0.7239532301587299
arabidopsis,no_exact_any_model_TRAIN_DEV_endpoint,matched,P_vs_U_concordance,tuna_retrained,50,0.7151476190476191,0.6597808095238095,0.768483880952381
arabidopsis,no_exact_any_model_TRAIN_DEV_endpoint,matched,P_vs_U_concordance,ipin_tuna_31k,50,0.6964280952380952,0.6404792023809524,0.7492029642857142
arabidopsis,no_exact_any_model_TRAIN_DEV_endpoint,matched,average_precision,ipin_baseline,50,0.18904000000377993,0.13279117456166895,0.25315481251287625
arabidopsis,no_exact_any_model_TRAIN_DEV_endpoint,matched,average_precision,ipin_optimized,50,0.20558127675800628,0.1531946864652314,0.2633686350658318
arabidopsis,no_exact_any_model_TRAIN_DEV_endpoint,matched,average_precision,tuna_retrained,50,0.23895158454543058,0.1832246105681994,0.30028881888562314
arabidopsis,no_exact_any_model_TRAIN_DEV_endpoint,matched,average_precision,ipin_tuna_31k,50,0.2191520703158296,0.16179047143406544,0.2830244062067315
arabidopsis,no_exact_any_model_TRAIN_DEV_endpoint,matched,reciprocal_rank,ipin_baseline,50,0.29869547762667775,0.20955305828514145,0.396832328807953
arabidopsis,no_exact_any_model_TRAIN_DEV_endpoint,matched,reciprocal_rank,ipin_optimized,50,0.35007839003921665,0.2462950067017962,0.4597395299315723
arabidopsis,no_exact_any_model_TRAIN_DEV_endpoint,matched,reciprocal_rank,tuna_retrained,50,0.3632225816082228,0.2666262910706279,0.46821807829310985
arabidopsis,no_exact_any_model_TRAIN_DEV_endpoint,matched,reciprocal_rank,ipin_tuna_31k,50,0.323829579754038,0.22979906418401,0.4280201465883045
arabidopsis,no_exact_any_model_TRAIN_DEV_endpoint,matched,recall_at_10,ipin_baseline,50,0.22819047619047617,0.1535238095238095,0.3071904761904762
arabidopsis,no_exact_any_model_TRAIN_DEV_endpoint,matched,recall_at_10,ipin_optimized,50,0.251968253968254,0.17910833333333334,0.33127142857142855
arabidopsis,no_exact_any_model_TRAIN_DEV_endpoint,matched,recall_at_10,tuna_retrained,50,0.31293650793650796,0.23388849206349208,0.3966678571428571
arabidopsis,no_exact_any_model_TRAIN_DEV_endpoint,matched,recall_at_10,ipin_tuna_31k,50,0.2995555555555555,0.21355555555555558,0.3921138888888888
arabidopsis,no_exact_any_model_TRAIN_DEV_endpoint,matched,NDCG_at_10,ipin_baseline,50,0.1945533227106433,0.12893081313809027,0.26625341670738095
arabidopsis,no_exact_any_model_TRAIN_DEV_endpoint,matched,NDCG_at_10,ipin_optimized,50,0.21665398876800596,0.15059927176339252,0.285930369739222
arabidopsis,no_exact_any_model_TRAIN_DEV_endpoint,matched,NDCG_at_10,tuna_retrained,50,0.25944296758722496,0.1921565395373434,0.3314141766464606
arabidopsis,no_exact_any_model_TRAIN_DEV_endpoint,matched,NDCG_at_10,ipin_tuna_31k,50,0.23401007328043946,0.16383453798203013,0.3115816710785616
arabidopsis,no_exact_any_model_TRAIN_DEV_endpoint,all_U,P_vs_U_concordance,ipin_baseline,50,0.6183215079365079,0.5497617757936508,0.6829979543650794
arabidopsis,no_exact_any_model_TRAIN_DEV_endpoint,all_U,P_vs_U_concordance,ipin_optimized,50,0.6734255555555555,0.6172134305555556,0.7267337500000001
arabidopsis,no_exact_any_model_TRAIN_DEV_endpoint,all_U,P_vs_U_concordance,tuna_retrained,50,0.7190328571428571,0.6643795,0.7713940357142858
arabidopsis,no_exact_any_model_TRAIN_DEV_endpoint,all_U,P_vs_U_concordance,ipin_tuna_31k,50,0.7047574603174604,0.6514509781746031,0.7552044742063493
arabidopsis,no_exact_any_model_TRAIN_DEV_endpoint,all_U,average_precision,ipin_baseline,50,0.13210068297153277,0.0830242380726603,0.18844786876135866
arabidopsis,no_exact_any_model_TRAIN_DEV_endpoint,all_U,average_precision,ipin_optimized,50,0.15421413775804246,0.10387443729906472,0.21083066279617793
arabidopsis,no_exact_any_model_TRAIN_DEV_endpoint,all_U,average_precision,tuna_retrained,50,0.1588782912144799,0.1122406732389545,0.2092455031766273
arabidopsis,no_exact_any_model_TRAIN_DEV_endpoint,all_U,average_precision,ipin_tuna_31k,50,0.1418150805639357,0.09660244341164546,0.19178538899979772
arabidopsis,no_exact_any_model_TRAIN_DEV_endpoint,all_U,reciprocal_rank,ipin_baseline,50,0.2332957706275722,0.14984322426771546,0.3249698265877137
arabidopsis,no_exact_any_model_TRAIN_DEV_endpoint,all_U,reciprocal_rank,ipin_optimized,50,0.2938293283320266,0.19384809021832755,0.39996244254550956
arabidopsis,no_exact_any_model_TRAIN_DEV_endpoint,all_U,reciprocal_rank,tuna_retrained,50,0.26668477981875216,0.1769474244317739,0.3638695254757172
arabidopsis,no_exact_any_model_TRAIN_DEV_endpoint,all_U,reciprocal_rank,ipin_tuna_31k,50,0.20818094773071139,0.1353151077765158,0.28801438945983254
arabidopsis,no_exact_any_model_TRAIN_DEV_endpoint,all_U,recall_at_10,ipin_baseline,50,0.18496825396825392,0.11433333333333334,0.2628579365079365
arabidopsis,no_exact_any_model_TRAIN_DEV_endpoint,all_U,recall_at_10,ipin_optimized,50,0.1855238095238095,0.11866309523809523,0.25666666666666665
arabidopsis,no_exact_any_model_TRAIN_DEV_endpoint,all_U,recall_at_10,tuna_retrained,50,0.23911111111111116,0.15833333333333333,0.32534166666666653
arabidopsis,no_exact_any_model_TRAIN_DEV_endpoint,all_U,recall_at_10,ipin_tuna_31k,50,0.21533333333333332,0.13399999999999998,0.30434166666666657
arabidopsis,no_exact_any_model_TRAIN_DEV_endpoint,all_U,NDCG_at_10,ipin_baseline,50,0.14976345727703325,0.08892412424241525,0.21747434940074853
arabidopsis,no_exact_any_model_TRAIN_DEV_endpoint,all_U,NDCG_at_10,ipin_optimized,50,0.17057776675794167,0.1076295362170095,0.2383311516174814
arabidopsis,no_exact_any_model_TRAIN_DEV_endpoint,all_U,NDCG_at_10,tuna_retrained,50,0.18093996460177206,0.11965538560638181,0.24513901194202403
arabidopsis,no_exact_any_model_TRAIN_DEV_endpoint,all_U,NDCG_at_10,ipin_tuna_31k,50,0.15546150610207538,0.09448445763461316,0.22115158064737178
ecoli,no_exact_any_model_TRAIN_DEV_endpoint,background,P_vs_U_concordance,ipin_baseline,50,0.5407061904761904,0.49324602380952387,0.5886795476190475
ecoli,no_exact_any_model_TRAIN_DEV_endpoint,background,P_vs_U_concordance,ipin_optimized,50,0.5601490476190476,0.5147290357142857,0.6053705714285713
ecoli,no_exact_any_model_TRAIN_DEV_endpoint,background,P_vs_U_concordance,tuna_retrained,50,0.5652952380952382,0.526140130952381,0.6048010714285715
ecoli,no_exact_any_model_TRAIN_DEV_endpoint,background,P_vs_U_concordance,ipin_tuna_31k,50,0.5594142857142856,0.5150105714285714,0.6029641547619047
ecoli,no_exact_any_model_TRAIN_DEV_endpoint,background,average_precision,ipin_baseline,50,0.0962954862287203,0.06886218717056371,0.13028217316323837
ecoli,no_exact_any_model_TRAIN_DEV_endpoint,background,average_precision,ipin_optimized,50,0.09154867371784531,0.06569505456805229,0.12440662733885753
ecoli,no_exact_any_model_TRAIN_DEV_endpoint,background,average_precision,tuna_retrained,50,0.08005201699786699,0.06141004286792005,0.10290957503041555
ecoli,no_exact_any_model_TRAIN_DEV_endpoint,background,average_precision,ipin_tuna_31k,50,0.0952207862697356,0.07390711082867982,0.12058434937605624
ecoli,no_exact_any_model_TRAIN_DEV_endpoint,background,reciprocal_rank,ipin_baseline,50,0.16357429204198987,0.10092197923432827,0.2373801648114393
ecoli,no_exact_any_model_TRAIN_DEV_endpoint,background,reciprocal_rank,ipin_optimized,50,0.14451912399439348,0.09139883479066593,0.2080787699160923
ecoli,no_exact_any_model_TRAIN_DEV_endpoint,background,reciprocal_rank,tuna_retrained,50,0.12696653141492362,0.07658107471406542,0.18902740102799767
ecoli,no_exact_any_model_TRAIN_DEV_endpoint,background,reciprocal_rank,ipin_tuna_31k,50,0.17367890256234716,0.11744837643895756,0.23861037621990272
ecoli,no_exact_any_model_TRAIN_DEV_endpoint,background,recall_at_10,ipin_baseline,50,0.12042857142857143,0.07280952380952381,0.17362023809523808
ecoli,no_exact_any_model_TRAIN_DEV_endpoint,background,recall_at_10,ipin_optimized,50,0.0980952380952381,0.05704761904761905,0.14414285714285716
ecoli,no_exact_any_model_TRAIN_DEV_endpoint,background,recall_at_10,tuna_retrained,50,0.09257142857142857,0.04823571428571428,0.14723809523809522
ecoli,no_exact_any_model_TRAIN_DEV_endpoint,background,recall_at_10,ipin_tuna_31k,50,0.1537142857142857,0.10438095238095237,0.204047619047619
ecoli,no_exact_any_model_TRAIN_DEV_endpoint,background,NDCG_at_10,ipin_baseline,50,0.09259439372074882,0.05180572431541497,0.14002953473785482
ecoli,no_exact_any_model_TRAIN_DEV_endpoint,background,NDCG_at_10,ipin_optimized,50,0.07737586181011295,0.041241025169009425,0.12072678297940821
ecoli,no_exact_any_model_TRAIN_DEV_endpoint,background,NDCG_at_10,tuna_retrained,50,0.0637221991704752,0.03283681828674446,0.09929804261415964
ecoli,no_exact_any_model_TRAIN_DEV_endpoint,background,NDCG_at_10,ipin_tuna_31k,50,0.10513511319198614,0.07011795812502536,0.14286786091723314
ecoli,no_exact_any_model_TRAIN_DEV_endpoint,matched,P_vs_U_concordance,ipin_baseline,50,0.5517833333333333,0.5042861666666667,0.5983047857142857
ecoli,no_exact_any_model_TRAIN_DEV_endpoint,matched,P_vs_U_concordance,ipin_optimized,50,0.5604942857142858,0.5161140119047618,0.6045187619047618
ecoli,no_exact_any_model_TRAIN_DEV_endpoint,matched,P_vs_U_concordance,tuna_retrained,50,0.55738,0.5190914642857142,0.596274630952381
ecoli,no_exact_any_model_TRAIN_DEV_endpoint,matched,P_vs_U_concordance,ipin_tuna_31k,50,0.5519233333333333,0.5081394642857143,0.5946245476190476
ecoli,no_exact_any_model_TRAIN_DEV_endpoint,matched,average_precision,ipin_baseline,50,0.09690087606620251,0.06866553428212478,0.13263081398954327
ecoli,no_exact_any_model_TRAIN_DEV_endpoint,matched,average_precision,ipin_optimized,50,0.09452192437854412,0.06643998138594207,0.13036835279879042
ecoli,no_exact_any_model_TRAIN_DEV_endpoint,matched,average_precision,tuna_retrained,50,0.07520313634288686,0.05917220625979265,0.09405398026501204
ecoli,no_exact_any_model_TRAIN_DEV_endpoint,matched,average_precision,ipin_tuna_31k,50,0.08927072445529287,0.07140530862089417,0.10880667822580861
ecoli,no_exact_any_model_TRAIN_DEV_endpoint,matched,reciprocal_rank,ipin_baseline,50,0.15574530259665326,0.09738930445820193,0.2275581786168925
ecoli,no_exact_any_model_TRAIN_DEV_endpoint,matched,reciprocal_rank,ipin_optimized,50,0.15774665505482255,0.092968441680429,0.2354811616259518
ecoli,no_exact_any_model_TRAIN_DEV_endpoint,matched,reciprocal_rank,tuna_retrained,50,0.11859858198016944,0.07033183753308231,0.17968803336653313
ecoli,no_exact_any_model_TRAIN_DEV_endpoint,matched,reciprocal_rank,ipin_tuna_31k,50,0.16431834732228057,0.11467568960695393,0.22240737690554974
ecoli,no_exact_any_model_TRAIN_DEV_endpoint,matched,recall_at_10,ipin_baseline,50,0.11823809523809524,0.069,0.171047619047619
ecoli,no_exact_any_model_TRAIN_DEV_endpoint,matched,recall_at_10,ipin_optimized,50,0.11776190476190478,0.07185714285714286,0.16695238095238094
ecoli,no_exact_any_model_TRAIN_DEV_endpoint,matched,recall_at_10,tuna_retrained,50,0.0809047619047619,0.04252380952380951,0.12585952380952378
ecoli,no_exact_any_model_TRAIN_DEV_endpoint,matched,recall_at_10,ipin_tuna_31k,50,0.13604761904761903,0.08914166666666667,0.18772142857142846
ecoli,no_exact_any_model_TRAIN_DEV_endpoint,matched,NDCG_at_10,ipin_baseline,50,0.0901123563023752,0.048588395390419065,0.1381152090448003
ecoli,no_exact_any_model_TRAIN_DEV_endpoint,matched,NDCG_at_10,ipin_optimized,50,0.08845005155254247,0.04861035910831776,0.13497380818956942
ecoli,no_exact_any_model_TRAIN_DEV_endpoint,matched,NDCG_at_10,tuna_retrained,50,0.05648452181338092,0.02882044298577255,0.08897567702530543
ecoli,no_exact_any_model_TRAIN_DEV_endpoint,matched,NDCG_at_10,ipin_tuna_31k,50,0.0940629270893294,0.061432309622215964,0.12989857204820832
ecoli,no_exact_any_model_TRAIN_DEV_endpoint,all_U,P_vs_U_concordance,ipin_baseline,50,0.5462447619047619,0.4978589583333333,0.5920545476190475
ecoli,no_exact_any_model_TRAIN_DEV_endpoint,all_U,P_vs_U_concordance,ipin_optimized,50,0.5603216666666667,0.5153822499999999,0.60379675
ecoli,no_exact_any_model_TRAIN_DEV_endpoint,all_U,P_vs_U_concordance,tuna_retrained,50,0.5613376190476189,0.5238597559523809,0.5994449642857143
ecoli,no_exact_any_model_TRAIN_DEV_endpoint,all_U,P_vs_U_concordance,ipin_tuna_31k,50,0.5556688095238096,0.5126248809523809,0.5974322976190476
ecoli,no_exact_any_model_TRAIN_DEV_endpoint,all_U,average_precision,ipin_baseline,50,0.061422736815379686,0.03707556159992111,0.09370802642821631
ecoli,no_exact_any_model_TRAIN_DEV_endpoint,all_U,average_precision,ipin_optimized,50,0.054462272087410286,0.03429331212397725,0.08393743207659259
ecoli,no_exact_any_model_TRAIN_DEV_endpoint,all_U,average_precision,tuna_retrained,50,0.041075697528420975,0.031244983172143734,0.053137832513380015
ecoli,no_exact_any_model_TRAIN_DEV_endpoint,all_U,average_precision,ipin_tuna_31k,50,0.05021183641730784,0.03913695218400739,0.06334298221408338
ecoli,no_exact_any_model_TRAIN_DEV_endpoint,all_U,reciprocal_rank,ipin_baseline,50,0.11388790309680599,0.05623890791653386,0.18521692578583057
ecoli,no_exact_any_model_TRAIN_DEV_endpoint,all_U,reciprocal_rank,ipin_optimized,50,0.08854361104973384,0.04994586018752316,0.13784450571915724
ecoli,no_exact_any_model_TRAIN_DEV_endpoint,all_U,reciprocal_rank,tuna_retrained,50,0.06658357308089403,0.038961159642240735,0.10237891211350619
ecoli,no_exact_any_model_TRAIN_DEV_endpoint,all_U,reciprocal_rank,ipin_tuna_31k,50,0.09501320337492897,0.06483539946621371,0.12899474731672878
ecoli,no_exact_any_model_TRAIN_DEV_endpoint,all_U,recall_at_10,ipin_baseline,50,0.0727142857142857,0.03532857142857143,0.1160488095238095
ecoli,no_exact_any_model_TRAIN_DEV_endpoint,all_U,recall_at_10,ipin_optimized,50,0.07223809523809524,0.03333333333333333,0.11657380952380951
ecoli,no_exact_any_model_TRAIN_DEV_endpoint,all_U,recall_at_10,tuna_retrained,50,0.03238095238095238,0.009047619047619047,0.06286904761904745
ecoli,no_exact_any_model_TRAIN_DEV_endpoint,all_U,recall_at_10,ipin_tuna_31k,50,0.09352380952380952,0.056190476190476187,0.1336749999999999
ecoli,no_exact_any_model_TRAIN_DEV_endpoint,all_U,NDCG_at_10,ipin_baseline,50,0.05862918377226696,0.024150993647198506,0.10155492812854171
ecoli,no_exact_any_model_TRAIN_DEV_endpoint,all_U,NDCG_at_10,ipin_optimized,50,0.05032574620365098,0.020442751742375684,0.08923505954717309
ecoli,no_exact_any_model_TRAIN_DEV_endpoint,all_U,NDCG_at_10,tuna_retrained,50,0.022874592749800145,0.005885877495670839,0.04375009322705456
ecoli,no_exact_any_model_TRAIN_DEV_endpoint,all_U,NDCG_at_10,ipin_tuna_31k,50,0.056691301453918486,0.03415535985958163,0.08155356167010241
equal_species,all,background,P_vs_U_concordance,ipin_baseline,300,0.6241648544973545,0.6025602490079364,0.6452439186507937
equal_species,all,background,P_vs_U_concordance,ipin_optimized,300,0.6429914021164022,0.6229271937830687,0.6625631263227513
equal_species,all,background,P_vs_U_concordance,tuna_retrained,300,0.6528564153439154,0.6322435611772487,0.6733397913359789
equal_species,all,background,P_vs_U_concordance,ipin_tuna_31k,300,0.6702480423280424,0.6511816028439154,0.6887617427248678
equal_species,all,background,average_precision,ipin_baseline,300,0.1608910763936374,0.1411450098967955,0.18124641920910908
equal_species,all,background,average_precision,ipin_optimized,300,0.16568023211750568,0.14704781029131894,0.18514027910736022
equal_species,all,background,average_precision,tuna_retrained,300,0.16908733093017994,0.14990594355798023,0.1887529569309143
equal_species,all,background,average_precision,ipin_tuna_31k,300,0.1773801934011053,0.15966784207270168,0.19561827540460136
equal_species,all,background,reciprocal_rank,ipin_baseline,300,0.2682026833363058,0.23082112592610787,0.3053381052313237
equal_species,all,background,reciprocal_rank,ipin_optimized,300,0.28719437023727656,0.24984322414934307,0.3258344474178904
equal_species,all,background,reciprocal_rank,tuna_retrained,300,0.26758089315176886,0.23237646873521703,0.3049503645362699
equal_species,all,background,reciprocal_rank,ipin_tuna_31k,300,0.28747769572667925,0.2519316807348989,0.32326605120996804
equal_species,all,background,recall_at_10,ipin_baseline,300,0.20551455026455026,0.17701365740740738,0.23500079365079365
equal_species,all,background,recall_at_10,ipin_optimized,300,0.20858730158730157,0.1804375992063492,0.23672043650793648
equal_species,all,background,recall_at_10,tuna_retrained,300,0.22383068783068785,0.1949136904761905,0.2534550595238095
equal_species,all,background,recall_at_10,ipin_tuna_31k,300,0.2497989417989418,0.21950515873015877,0.2816160383597883
equal_species,all,background,NDCG_at_10,ipin_baseline,300,0.1658078654516459,0.14077538762861463,0.1910686356303795
equal_species,all,background,NDCG_at_10,ipin_optimized,300,0.17227803982964937,0.1477400060239435,0.19718331892445154
equal_species,all,background,NDCG_at_10,tuna_retrained,300,0.17478390853744352,0.150608712060108,0.19957695685455396
equal_species,all,background,NDCG_at_10,ipin_tuna_31k,300,0.1926625878424888,0.16889088937861305,0.21715814968174588
equal_species,all,matched,P_vs_U_concordance,ipin_baseline,300,0.6164916931216932,0.5944163621031746,0.6380135823412698
equal_species,all,matched,P_vs_U_concordance,ipin_optimized,300,0.6343900793650795,0.6142672043650793,0.6544311726190477
equal_species,all,matched,P_vs_U_concordance,tuna_retrained,300,0.6478206349206349,0.6270294408068783,0.6683745244708994
equal_species,all,matched,P_vs_U_concordance,ipin_tuna_31k,300,0.6511123941798943,0.6325933908730158,0.669232531415344
equal_species,all,matched,average_precision,ipin_baseline,300,0.14856631177709725,0.1309163647352098,0.16736744992616
equal_species,all,matched,average_precision,ipin_optimized,300,0.15820254390931995,0.14021563291531505,0.17770738559585472
equal_species,all,matched,average_precision,tuna_retrained,300,0.16641230692312567,0.14882244587281818,0.1844200033989466
equal_species,all,matched,average_precision,ipin_tuna_31k,300,0.16236756313454923,0.14612192236563876,0.17974214145392636
equal_species,all,matched,reciprocal_rank,ipin_baseline,300,0.24422710553077995,0.20986677546342433,0.27967541388260975
equal_species,all,matched,reciprocal_rank,ipin_optimized,300,0.27545042205127857,0.23817380112028,0.3140491985300687
equal_species,all,matched,reciprocal_rank,tuna_retrained,300,0.27894839723330184,0.2424930576253569,0.3177338131217752
equal_species,all,matched,reciprocal_rank,ipin_tuna_31k,300,0.2800415480007206,0.24396032797161196,0.3186399052611638
equal_species,all,matched,recall_at_10,ipin_baseline,300,0.18961772486772488,0.16200942460317458,0.21827791005291003
equal_species,all,matched,recall_at_10,ipin_optimized,300,0.20304894179894176,0.17578964947089945,0.23134269179894182
equal_species,all,matched,recall_at_10,tuna_retrained,300,0.224489417989418,0.19630238095238092,0.25321306216931216
equal_species,all,matched,recall_at_10,ipin_tuna_31k,300,0.22426587301587306,0.1965526455026455,0.25257754629629625
equal_species,all,matched,NDCG_at_10,ipin_baseline,300,0.14954272294410528,0.12673265806382358,0.1734199262439889
equal_species,all,matched,NDCG_at_10,ipin_optimized,300,0.16397620533648635,0.1411448989670671,0.18817163572218526
equal_species,all,matched,NDCG_at_10,tuna_retrained,300,0.1755744745949813,0.15256264896471392,0.19921086494830398
equal_species,all,matched,NDCG_at_10,ipin_tuna_31k,300,0.17391594966515753,0.15124899096018732,0.1969774123289435
equal_species,all,all_U,P_vs_U_concordance,ipin_baseline,300,0.6203282738095239,0.5989227910052911,0.6412435327380952
equal_species,all,all_U,P_vs_U_concordance,ipin_optimized,300,0.6386907407407408,0.6188188673941798,0.6582767237103173
equal_species,all,all_U,P_vs_U_concordance,tuna_retrained,300,0.6503385251322751,0.6301307400793651,0.6704762437169313
equal_species,all,all_U,P_vs_U_concordance,ipin_tuna_31k,300,0.6606802182539683,0.6422252151124337,0.6789616615410052
equal_species,all,all_U,average_precision,ipin_baseline,300,0.09916024684084128,0.08396338022562032,0.11506900154384206
equal_species,all,all_U,average_precision,ipin_optimized,300,0.10439694343554162,0.08958329367031469,0.12013640135655977
equal_species,all,all_U,average_precision,tuna_retrained,300,0.10439395185728016,0.09067148951789876,0.11880833191722437
equal_species,all,all_U,average_precision,ipin_tuna_31k,300,0.10331637910850927,0.09098514833797591,0.11688427274338459
equal_species,all,all_U,reciprocal_rank,ipin_baseline,300,0.18107961211742427,0.15054915536746627,0.21273298808415742
equal_species,all,all_U,reciprocal_rank,ipin_optimized,300,0.20990095969360445,0.1760176637367396,0.2446877381034653
equal_species,all,all_U,reciprocal_rank,tuna_retrained,300,0.1919028060241724,0.16088916202154124,0.22542477636212996
equal_species,all,all_U,reciprocal_rank,ipin_tuna_31k,300,0.19230359168351577,0.1628784865565165,0.22388704062647338
equal_species,all,all_U,recall_at_10,ipin_baseline,300,0.12818650793650796,0.10414808201058201,0.1527440476190476
equal_species,all,all_U,recall_at_10,ipin_optimized,300,0.13606613756613756,0.11249692460317459,0.16045343915343913
equal_species,all,all_U,recall_at_10,tuna_retrained,300,0.1387724867724868,0.1158452380952381,0.16264566798941799
equal_species,all,all_U,recall_at_10,ipin_tuna_31k,300,0.14754894179894176,0.12438343253968254,0.17206511243386244
equal_species,all,all_U,NDCG_at_10,ipin_baseline,300,0.10278783335788,0.08299316439394658,0.12341073441612364
equal_species,all,all_U,NDCG_at_10,ipin_optimized,300,0.1118382930144025,0.09215349765908362,0.13201279722822384
equal_species,all,all_U,NDCG_at_10,tuna_retrained,300,0.10879923334830556,0.09037462352011365,0.1279610541812481
equal_species,all,all_U,NDCG_at_10,ipin_tuna_31k,300,0.11101532219936004,0.09322545659185458,0.12990907660122358
equal_species,no_exact_TRAIN_DEV_endpoint,background,P_vs_U_concordance,ipin_baseline,297,0.6237457179775543,0.602126715160437,0.645433413605959
equal_species,no_exact_TRAIN_DEV_endpoint,background,P_vs_U_concordance,ipin_optimized,297,0.642415055371849,0.6220398449018969,0.662633043996805
equal_species,no_exact_TRAIN_DEV_endpoint,background,P_vs_U_concordance,tuna_retrained,297,0.6529255812410965,0.6320830472538123,0.6740654395411737
equal_species,no_exact_TRAIN_DEV_endpoint,background,P_vs_U_concordance,ipin_tuna_31k,297,0.6696323304531253,0.6506600531241082,0.6886816929949481
equal_species,no_exact_TRAIN_DEV_endpoint,background,average_precision,ipin_baseline,297,0.16028688611071443,0.14034323013888186,0.18141718072227617
equal_species,no_exact_TRAIN_DEV_endpoint,background,average_precision,ipin_optimized,297,0.16371882478148686,0.1452172459423122,0.18300373589821733
equal_species,no_exact_TRAIN_DEV_endpoint,background,average_precision,tuna_retrained,297,0.16892721996937396,0.14989986701525834,0.18887477825623628
equal_species,no_exact_TRAIN_DEV_endpoint,background,average_precision,ipin_tuna_31k,297,0.17661898475174323,0.1586675581034704,0.1950736155595539
equal_species,no_exact_TRAIN_DEV_endpoint,background,reciprocal_rank,ipin_baseline,297,0.2638111727633496,0.22720106993005632,0.30126746435240986
equal_species,no_exact_TRAIN_DEV_endpoint,background,reciprocal_rank,ipin_optimized,297,0.28511632010803867,0.24825046709410714,0.32366483975971766
equal_species,no_exact_TRAIN_DEV_endpoint,background,reciprocal_rank,tuna_retrained,297,0.26645262044739515,0.23237231951007198,0.3032820874331196
equal_species,no_exact_TRAIN_DEV_endpoint,background,reciprocal_rank,ipin_tuna_31k,297,0.286366507039543,0.25085160899803977,0.322890682642945
equal_species,no_exact_TRAIN_DEV_endpoint,background,recall_at_10,ipin_baseline,297,0.20477780592142295,0.1756380797590904,0.23490637383203872
equal_species,no_exact_TRAIN_DEV_endpoint,background,recall_at_10,ipin_optimized,297,0.2049656084656085,0.17646884287402906,0.2344525005628729
equal_species,no_exact_TRAIN_DEV_endpoint,background,recall_at_10,tuna_retrained,297,0.22721715636609255,0.19745793369357204,0.25723042468760543
equal_species,no_exact_TRAIN_DEV_endpoint,background,recall_at_10,ipin_tuna_31k,297,0.2535520657435551,0.22139503475740174,0.28676697413599006
equal_species,no_exact_TRAIN_DEV_endpoint,background,NDCG_at_10,ipin_baseline,297,0.16435038683647255,0.13957264832717747,0.19017995926318654
equal_species,no_exact_TRAIN_DEV_endpoint,background,NDCG_at_10,ipin_optimized,297,0.16952212861663107,0.14588151767041854,0.19493815423247235
equal_species,no_exact_TRAIN_DEV_endpoint,background,NDCG_at_10,tuna_retrained,297,0.17548291906470195,0.15133582562906467,0.19968150887509084
equal_species,no_exact_TRAIN_DEV_endpoint,background,NDCG_at_10,ipin_tuna_31k,297,0.19310098883906676,0.16871687363845891,0.21751067034077565
equal_species,no_exact_TRAIN_DEV_endpoint,matched,P_vs_U_concordance,ipin_baseline,297,0.6160562546496458,0.5938206459018108,0.6380745087675901
equal_species,no_exact_TRAIN_DEV_endpoint,matched,P_vs_U_concordance,ipin_optimized,297,0.6336369907299605,0.6127332556577718,0.6541254121783054
equal_species,no_exact_TRAIN_DEV_endpoint,matched,P_vs_U_concordance,tuna_retrained,297,0.6483203493895974,0.6265891313580221,0.6690024017390198
equal_species,no_exact_TRAIN_DEV_endpoint,matched,P_vs_U_concordance,ipin_tuna_31k,297,0.6507531661871723,0.6323377806328587,0.6695366737389149
equal_species,no_exact_TRAIN_DEV_endpoint,matched,average_precision,ipin_baseline,297,0.14698837995351335,0.1291293651478974,0.16616827121770847
equal_species,no_exact_TRAIN_DEV_endpoint,matched,average_precision,ipin_optimized,297,0.15722232435727265,0.1386598269502994,0.17716257312461026
equal_species,no_exact_TRAIN_DEV_endpoint,matched,average_precision,tuna_retrained,297,0.1667258412964239,0.14927992124749567,0.18506247593612224
equal_species,no_exact_TRAIN_DEV_endpoint,matched,average_precision,ipin_tuna_31k,297,0.1635069264573411,0.14643054130496302,0.18153743773289988
equal_species,no_exact_TRAIN_DEV_endpoint,matched,reciprocal_rank,ipin_baseline,297,0.23964693587972893,0.20527881386429522,0.27496363710733507
equal_species,no_exact_TRAIN_DEV_endpoint,matched,reciprocal_rank,ipin_optimized,297,0.2746588024076375,0.23719781664220718,0.3139285747918629
equal_species,no_exact_TRAIN_DEV_endpoint,matched,reciprocal_rank,tuna_retrained,297,0.2797944393098697,0.2441285628108255,0.3172490183627977
equal_species,no_exact_TRAIN_DEV_endpoint,matched,reciprocal_rank,ipin_tuna_31k,297,0.2823398106239539,0.2455805505919134,0.32148676944468346
equal_species,no_exact_TRAIN_DEV_endpoint,matched,recall_at_10,ipin_baseline,297,0.18646287853202748,0.15862693557919624,0.21584474769222106
equal_species,no_exact_TRAIN_DEV_endpoint,matched,recall_at_10,ipin_optimized,297,0.20219860970392886,0.17457636707756388,0.2315687844759653
equal_species,no_exact_TRAIN_DEV_endpoint,matched,recall_at_10,tuna_retrained,297,0.2323753236519194,0.20289138100866824,0.26277308412135536
equal_species,no_exact_TRAIN_DEV_endpoint,matched,recall_at_10,ipin_tuna_31k,297,0.2225070077676461,0.19281135173927727,0.25192321850726107
equal_species,no_exact_TRAIN_DEV_endpoint,matched,NDCG_at_10,ipin_baseline,297,0.1468442424194439,0.12365848229392305,0.1709676868288287
equal_species,no_exact_TRAIN_DEV_endpoint,matched,NDCG_at_10,ipin_optimized,297,0.16298853488155565,0.13975387974002149,0.18752476153016398
equal_species,no_exact_TRAIN_DEV_endpoint,matched,NDCG_at_10,tuna_retrained,297,0.1783758836267063,0.15552333138672347,0.20240149632089469
equal_species,no_exact_TRAIN_DEV_endpoint,matched,NDCG_at_10,ipin_tuna_31k,297,0.17469713243665566,0.1514769994457912,0.1988582905703067
equal_species,no_exact_TRAIN_DEV_endpoint,all_U,P_vs_U_concordance,ipin_baseline,297,0.6198957531830199,0.5985750986520895,0.6417285523775296
equal_species,no_exact_TRAIN_DEV_endpoint,all_U,P_vs_U_concordance,ipin_optimized,297,0.6380363180486411,0.61768475694425,0.6584282442072175
equal_species,no_exact_TRAIN_DEV_endpoint,all_U,P_vs_U_concordance,tuna_retrained,297,0.6506289702558491,0.6300908662415156,0.6717855335948492
equal_species,no_exact_TRAIN_DEV_endpoint,all_U,P_vs_U_concordance,ipin_tuna_31k,297,0.6601967179628995,0.6416945771973679,0.6791279747874017
equal_species,no_exact_TRAIN_DEV_endpoint,all_U,average_precision,ipin_baseline,297,0.0986189790677634,0.08278764465248087,0.11624476821460937
equal_species,no_exact_TRAIN_DEV_endpoint,all_U,average_precision,ipin_optimized,297,0.10402506463919754,0.08890642784590289,0.12114853076740592
equal_species,no_exact_TRAIN_DEV_endpoint,all_U,average_precision,tuna_retrained,297,0.10495171157252564,0.09095383019734765,0.12031332286650247
equal_species,no_exact_TRAIN_DEV_endpoint,all_U,average_precision,ipin_tuna_31k,297,0.10348407872704916,0.09074488255770784,0.11718299393587843
equal_species,no_exact_TRAIN_DEV_endpoint,all_U,reciprocal_rank,ipin_baseline,297,0.17603873620196023,0.14566508969131003,0.20868607293421215
equal_species,no_exact_TRAIN_DEV_endpoint,all_U,reciprocal_rank,ipin_optimized,297,0.20914222340048227,0.1746628531718212,0.24579873966499202
equal_species,no_exact_TRAIN_DEV_endpoint,all_U,reciprocal_rank,tuna_retrained,297,0.1920316701470526,0.1606147557611758,0.2247875476522513
equal_species,no_exact_TRAIN_DEV_endpoint,all_U,reciprocal_rank,ipin_tuna_31k,297,0.1927153061844946,0.16235559458646628,0.22478895984305933
equal_species,no_exact_TRAIN_DEV_endpoint,all_U,recall_at_10,ipin_baseline,297,0.12761271529888552,0.10365540639423619,0.15387197455814475
equal_species,no_exact_TRAIN_DEV_endpoint,all_U,recall_at_10,ipin_optimized,297,0.13514448947427668,0.11144778861308118,0.16089208459979737
equal_species,no_exact_TRAIN_DEV_endpoint,all_U,recall_at_10,tuna_retrained,297,0.14038883260159857,0.11691153889451762,0.1651288662332545
equal_species,no_exact_TRAIN_DEV_endpoint,all_U,recall_at_10,ipin_tuna_31k,297,0.14448004615557805,0.12109624634132614,0.16903542229539567
equal_species,no_exact_TRAIN_DEV_endpoint,all_U,NDCG_at_10,ipin_baseline,297,0.10131623395195115,0.08103955805678678,0.1233497279913718
equal_species,no_exact_TRAIN_DEV_endpoint,all_U,NDCG_at_10,ipin_optimized,297,0.11112198098503324,0.0909825293245474,0.1330074270532869
equal_species,no_exact_TRAIN_DEV_endpoint,all_U,NDCG_at_10,tuna_retrained,297,0.1097332934075277,0.09081608758458297,0.1296672872184422
equal_species,no_exact_TRAIN_DEV_endpoint,all_U,NDCG_at_10,ipin_tuna_31k,297,0.11035956883432618,0.0921453196064553,0.12946812097423005
equal_species,no_exact_any_model_TRAIN_DEV_endpoint,background,P_vs_U_concordance,ipin_baseline,297,0.6236038367376254,0.6021330132886102,0.6453170403305979
equal_species,no_exact_any_model_TRAIN_DEV_endpoint,background,P_vs_U_concordance,ipin_optimized,297,0.6422760754682669,0.6221612677677141,0.6628968576784107
equal_species,no_exact_any_model_TRAIN_DEV_endpoint,background,P_vs_U_concordance,tuna_retrained,297,0.6528410895874951,0.6320731964660984,0.6734295401358645
equal_species,no_exact_any_model_TRAIN_DEV_endpoint,background,P_vs_U_concordance,ipin_tuna_31k,297,0.6696818424074906,0.6508909482968088,0.6885570656036136
equal_species,no_exact_any_model_TRAIN_DEV_endpoint,background,average_precision,ipin_baseline,297,0.16029970000878288,0.13993464532372143,0.1815809050411674
equal_species,no_exact_any_model_TRAIN_DEV_endpoint,background,average_precision,ipin_optimized,297,0.16372921290027814,0.14478823969045818,0.1834017285524757
equal_species,no_exact_any_model_TRAIN_DEV_endpoint,background,average_precision,tuna_retrained,297,0.168948624508806,0.14971136984769834,0.18919460953617068
equal_species,no_exact_any_model_TRAIN_DEV_endpoint,background,average_precision,ipin_tuna_31k,297,0.17670915434697795,0.15904768320502619,0.19571077657762115
equal_species,no_exact_any_model_TRAIN_DEV_endpoint,background,reciprocal_rank,ipin_baseline,297,0.2638135655428981,0.2270121379389205,0.3005883622810661
equal_species,no_exact_any_model_TRAIN_DEV_endpoint,background,reciprocal_rank,ipin_optimized,297,0.2851175140808639,0.24756273939862988,0.3228425303058872
equal_species,no_exact_any_model_TRAIN_DEV_endpoint,background,reciprocal_rank,tuna_retrained,297,0.26645374710794645,0.23129587942406385,0.30367677676220184
equal_species,no_exact_any_model_TRAIN_DEV_endpoint,background,reciprocal_rank,ipin_tuna_31k,297,0.2864545178032365,0.2506852192084062,0.32456087298903424
equal_species,no_exact_any_model_TRAIN_DEV_endpoint,background,recall_at_10,ipin_baseline,297,0.20477780592142295,0.17591192586963864,0.23421484577282448
equal_species,no_exact_any_model_TRAIN_DEV_endpoint,background,recall_at_10,ipin_optimized,297,0.2049656084656085,0.17655547604975794,0.23428892195767193
equal_species,no_exact_any_model_TRAIN_DEV_endpoint,background,recall_at_10,tuna_retrained,297,0.22721715636609255,0.1974506360463807,0.25728401300236403
equal_species,no_exact_any_model_TRAIN_DEV_endpoint,background,recall_at_10,ipin_tuna_31k,297,0.2535520657435551,0.2211510047281324,0.28627528706518074
equal_species,no_exact_any_model_TRAIN_DEV_endpoint,background,NDCG_at_10,ipin_baseline,297,0.16435038683647255,0.13927342211880772,0.18981922044048719
equal_species,no_exact_any_model_TRAIN_DEV_endpoint,background,NDCG_at_10,ipin_optimized,297,0.16952212861663107,0.14547441043458806,0.19476885768715932
equal_species,no_exact_any_model_TRAIN_DEV_endpoint,background,NDCG_at_10,tuna_retrained,297,0.17548291906470195,0.15115405439449328,0.20031875273450928
equal_species,no_exact_any_model_TRAIN_DEV_endpoint,background,NDCG_at_10,ipin_tuna_31k,297,0.193143418517599,0.1685743612299512,0.21866630758610764
equal_species,no_exact_any_model_TRAIN_DEV_endpoint,matched,P_vs_U_concordance,ipin_baseline,297,0.6159880677030555,0.5942524978391689,0.637918808633586
equal_species,no_exact_any_model_TRAIN_DEV_endpoint,matched,P_vs_U_concordance,ipin_optimized,297,0.6335006663576156,0.612937014565275,0.6536616734825763
equal_species,no_exact_any_model_TRAIN_DEV_endpoint,matched,P_vs_U_concordance,tuna_retrained,297,0.6484063103177863,0.6275228882945794,0.6695292117615103
equal_species,no_exact_any_model_TRAIN_DEV_endpoint,matched,P_vs_U_concordance,ipin_tuna_31k,297,0.6507629507708925,0.6319759527270206,0.6694150449504231
equal_species,no_exact_any_model_TRAIN_DEV_endpoint,matched,average_precision,ipin_baseline,297,0.14704070906733482,0.12915614674112408,0.16602629316962306
equal_species,no_exact_any_model_TRAIN_DEV_endpoint,matched,average_precision,ipin_optimized,297,0.15725116397732578,0.13879263147064566,0.17669048326582068
equal_species,no_exact_any_model_TRAIN_DEV_endpoint,matched,average_precision,tuna_retrained,297,0.16686604681515563,0.14990548353256816,0.18537026748398797
equal_species,no_exact_any_model_TRAIN_DEV_endpoint,matched,average_precision,ipin_tuna_31k,297,0.16355547433000053,0.14649998352373317,0.18176354646969198
equal_species,no_exact_any_model_TRAIN_DEV_endpoint,matched,reciprocal_rank,ipin_baseline,297,0.23966171129344052,0.2066409446655985,0.2755385849119122
equal_species,no_exact_any_model_TRAIN_DEV_endpoint,matched,reciprocal_rank,ipin_optimized,297,0.274703514984265,0.2380111276002247,0.31375443113479895
equal_species,no_exact_any_model_TRAIN_DEV_endpoint,matched,reciprocal_rank,tuna_retrained,297,0.2799225758100219,0.24477768447785625,0.31722629523130186
equal_species,no_exact_any_model_TRAIN_DEV_endpoint,matched,reciprocal_rank,ipin_tuna_31k,297,0.2823576547812115,0.24513010154564407,0.32028681854557667
equal_species,no_exact_any_model_TRAIN_DEV_endpoint,matched,recall_at_10,ipin_baseline,297,0.18646287853202748,0.15838771811325003,0.21561128419452888
equal_species,no_exact_any_model_TRAIN_DEV_endpoint,matched,recall_at_10,ipin_optimized,297,0.20219860970392886,0.17468072723179107,0.23096310719914442
equal_species,no_exact_any_model_TRAIN_DEV_endpoint,matched,recall_at_10,tuna_retrained,297,0.2323753236519194,0.20397765605651244,0.2627217824777665
equal_species,no_exact_any_model_TRAIN_DEV_endpoint,matched,recall_at_10,ipin_tuna_31k,297,0.2225070077676461,0.19383491430260047,0.253088208516267
equal_species,no_exact_any_model_TRAIN_DEV_endpoint,matched,NDCG_at_10,ipin_baseline,297,0.1468442424194439,0.12421131582961685,0.17075507057559178
equal_species,no_exact_any_model_TRAIN_DEV_endpoint,matched,NDCG_at_10,ipin_optimized,297,0.16299731299907377,0.13947107260564112,0.18746014148509896
equal_species,no_exact_any_model_TRAIN_DEV_endpoint,matched,NDCG_at_10,tuna_retrained,297,0.1784480250653152,0.15622869450358076,0.20235197596887058
equal_species,no_exact_any_model_TRAIN_DEV_endpoint,matched,NDCG_at_10,ipin_tuna_31k,297,0.17471024143719763,0.15143610810899927,0.1996509204853538
equal_species,no_exact_any_model_TRAIN_DEV_endpoint,all_U,P_vs_U_concordance,ipin_baseline,297,0.6197872200100721,0.5975476298126998,0.6409155411678447
equal_species,no_exact_any_model_TRAIN_DEV_endpoint,all_U,P_vs_U_concordance,ipin_optimized,297,0.6379059539156656,0.6176935887038736,0.657645146908703
equal_species,no_exact_any_model_TRAIN_DEV_endpoint,all_U,P_vs_U_concordance,tuna_retrained,297,0.6506319391984419,0.6294059207468172,0.6706287736004368
equal_species,no_exact_any_model_TRAIN_DEV_endpoint,all_U,P_vs_U_concordance,ipin_tuna_31k,297,0.6602303363510099,0.6416874819621347,0.6785600967771036
equal_species,no_exact_any_model_TRAIN_DEV_endpoint,all_U,average_precision,ipin_baseline,297,0.09864762197627054,0.08270591000607852,0.11599625648697248
equal_species,no_exact_any_model_TRAIN_DEV_endpoint,all_U,average_precision,ipin_optimized,297,0.10403742615690041,0.08849789751922427,0.12066281882662344
equal_species,no_exact_any_model_TRAIN_DEV_endpoint,all_U,average_precision,tuna_retrained,297,0.10501119788061414,0.090719518860624,0.12010939273422919
equal_species,no_exact_any_model_TRAIN_DEV_endpoint,all_U,average_precision,ipin_tuna_31k,297,0.10352115998442392,0.09049128236155565,0.11716042950243577
equal_species,no_exact_any_model_TRAIN_DEV_endpoint,all_U,reciprocal_rank,ipin_baseline,297,0.17604466569005117,0.14587341983128668,0.20863383779643713
equal_species,no_exact_any_model_TRAIN_DEV_endpoint,all_U,reciprocal_rank,ipin_optimized,297,0.20915588709193403,0.17419459902380907,0.24529542377829688
equal_species,no_exact_any_model_TRAIN_DEV_endpoint,all_U,reciprocal_rank,tuna_retrained,297,0.19208194256115377,0.16033668514173935,0.22495705321627746
equal_species,no_exact_any_model_TRAIN_DEV_endpoint,all_U,reciprocal_rank,ipin_tuna_31k,297,0.19274260895562312,0.1620716306649714,0.22384377894151683
equal_species,no_exact_any_model_TRAIN_DEV_endpoint,all_U,recall_at_10,ipin_baseline,297,0.12761271529888552,0.10347840960261172,0.15250693248339522
equal_species,no_exact_any_model_TRAIN_DEV_endpoint,all_U,recall_at_10,ipin_optimized,297,0.13514448947427668,0.11132698483057525,0.16020670029832262
equal_species,no_exact_any_model_TRAIN_DEV_endpoint,all_U,recall_at_10,tuna_retrained,297,0.14038883260159857,0.11603957911178657,0.16537715791399302
equal_species,no_exact_any_model_TRAIN_DEV_endpoint,all_U,recall_at_10,ipin_tuna_31k,297,0.14448004615557805,0.12096389733198244,0.1684836302487898
equal_species,no_exact_any_model_TRAIN_DEV_endpoint,all_U,NDCG_at_10,ipin_baseline,297,0.10131623395195115,0.08106183291574943,0.12274394064291175
equal_species,no_exact_any_model_TRAIN_DEV_endpoint,all_U,NDCG_at_10,ipin_optimized,297,0.11112198098503324,0.09074930242023714,0.13237660096071072
equal_species,no_exact_any_model_TRAIN_DEV_endpoint,all_U,NDCG_at_10,tuna_retrained,297,0.1097332934075277,0.09070604897222065,0.12938916459001654
equal_species,no_exact_any_model_TRAIN_DEV_endpoint,all_U,NDCG_at_10,ipin_tuna_31k,297,0.11035956883432618,0.09182746553051546,0.12923968827167123
