U_stratum,anchor_positive_uniprot,class,development_exposed_positive,homomeric,panel_row,partner_gene,partner_sequence_length,partner_sequence_sha256,partner_uniprot,prior_train_development_pair,query_gene,query_sequence_length,query_sequence_sha256,query_uniprot,target_cohort,training_exposed_positive,ipin_baseline_score,ipin_optimized_score,tuna_retrained_seed20260803_score,tuna_retrained_seed20260817_score,tuna_retrained_seed20260831_score,tuna_retrained_score,ipin_baseline_rank,ipin_optimized_rank,tuna_retrained_rank
,,P,False,False,1,BCL2L11,198,394475cc5b09e2e0e97717eb7efd8e3a9a9abe5840a270058955914e57651e87,O43521,False,BCL2,239,fff13b41ef65181ecfd036c714d8c453d73781b4e2a5bd73a6cbe02d9829fb19,P10415,original_six,False,-0.9792822400728861,0.7513763507207235,-3.5083348751068115,-4.595956325531006,-3.6624865531921387,-3.922259251276652,12.0,7.0,18.0
,,P,False,False,2,BAD,168,714a24434b02fc2e522a17668112b15546853e551c25e5ae45e91625d8aab59f,Q92934,False,BCL2,239,fff13b41ef65181ecfd036c714d8c453d73781b4e2a5bd73a6cbe02d9829fb19,P10415,original_six,False,-1.266326904296875,0.3422282934188843,-5.297192573547363,-4.641768932342529,-3.585045337677002,-4.508002281188965,27.0,15.0,25.0
,,P,False,False,3,BBC3,193,7303d018c5b74b919ac27b3bdea3e46a1dc1220db7a0f53c160ae2ef5e1be807,Q9BXH1,False,BCL2,239,fff13b41ef65181ecfd036c714d8c453d73781b4e2a5bd73a6cbe02d9829fb19,P10415,original_six,False,-0.21183940892418227,0.5386053224404653,-4.871813774108887,-6.716676235198975,-7.890207767486572,-6.492899258931478,3.0,9.0,90.0
context,O43521,U,False,False,4,NIPSNAP1,284,5e3531e92ee2c982350ba95a338be666498eb2aa8c0c899ecb4ffd403e9dd66b,Q9BPW8,False,BCL2,239,fff13b41ef65181ecfd036c714d8c453d73781b4e2a5bd73a6cbe02d9829fb19,P10415,original_six,False,-2.6098485787709556,-1.5056082407633464,-6.293422222137451,-8.833767890930176,-11.176069259643555,-8.76775312423706,167.0,121.0,217.0
context,O43521,U,False,False,5,AKR1B15,316,2c7db613a1dcceebbdb6dc18f9a74481f063128359b8566ef054d2b33270efc1,C9JRZ8,False,BCL2,239,fff13b41ef65181ecfd036c714d8c453d73781b4e2a5bd73a6cbe02d9829fb19,P10415,original_six,False,-4.329780737559001,-3.330482085545858,-8.479865074157715,-10.733002662658691,-6.791844367980957,-8.668237368265787,293.0,279.0,207.0
context,O43521,U,False,False,6,MRPS11,194,79e0b9ceb444979061abb5912e7a9400678af18bdc415dfb94ad7e5d0b337ba0,P82912,False,BCL2,239,fff13b41ef65181ecfd036c714d8c453d73781b4e2a5bd73a6cbe02d9829fb19,P10415,original_six,False,-3.5504345099131265,-3.356760581334432,-6.9120869636535645,-11.59604263305664,-8.348679542541504,-8.952269713083902,267.0,282.0,226.0
context,O43521,U,False,False,7,MRRF,262,6a64a32f8cbedb4f19929f6429cae441de99779189cd7d5894c64b0405a01220,Q96E11,False,BCL2,239,fff13b41ef65181ecfd036c714d8c453d73781b4e2a5bd73a6cbe02d9829fb19,P10415,original_six,False,-3.2089523474375405,-2.68459145228068,-5.813264846801758,-5.1840410232543945,-5.396321773529053,-5.464542547861735,238.0,250.0,54.0
context,O43521,U,False,False,8,KLK6,244,95a6d9dafd4a6b80f49ae48dd3aba141b33684f70afe0af7128957d767e0840d,Q92876,False,BCL2,239,fff13b41ef65181ecfd036c714d8c453d73781b4e2a5bd73a6cbe02d9829fb19,P10415,original_six,False,-2.589477062225342,-2.6603453954060874,-5.833414077758789,-10.556319236755371,-7.933910846710205,-8.107881387074789,166.0,246.0,171.0
context,O43521,U,False,False,9,RPS3,243,b19ed740e19349873e90269592156769a66f859091c1eb70c68ca36a287fa594,P23396,False,BCL2,239,fff13b41ef65181ecfd036c714d8c453d73781b4e2a5bd73a6cbe02d9829fb19,P10415,original_six,False,-3.1305602391560874,-1.826558768749237,-6.024247646331787,-6.079692840576172,-4.69165563583374,-5.598532040913899,227.0,160.0,61.0
context,O43521,U,False,False,10,MRPS12,138,b41639f3703a7d412a67d4c0490af69ffa164ab108e6d24303202cc34245ffb8,O15235,False,BCL2,239,fff13b41ef65181ecfd036c714d8c453d73781b4e2a5bd73a6cbe02d9829fb19,P10415,original_six,False,-2.360970973968506,-1.6740049918492634,-6.027822971343994,-5.623915195465088,-8.881102561950684,-6.844280242919922,128.0,140.0,106.0
context,O43521,U,False,False,11,ECHDC2,292,46a5fc516a9b7a3a3c2e21e1817937d06509c7cfd9cd368f1789737dbd3fdc01,Q86YB7,False,BCL2,239,fff13b41ef65181ecfd036c714d8c453d73781b4e2a5bd73a6cbe02d9829fb19,P10415,original_six,False,-3.099090019861857,-2.072486480077108,-8.543522834777832,-10.815784454345703,-7.782767295837402,-9.047358194986979,224.0,183.0,230.0
context,O43521,U,False,False,12,CCN6,354,ba6bce6e4945902e0a2c2366723d4a00ede3cc058c7c1e0fa8f18278a6fb0c76,O95389,False,BCL2,239,fff13b41ef65181ecfd036c714d8c453d73781b4e2a5bd73a6cbe02d9829fb19,P10415,original_six,False,-2.5719871520996094,-2.243108034133911,-5.194189548492432,-9.220085144042969,-11.423969268798828,-8.61274798711141,163.0,200.0,204.0
context,O43521,U,False,False,13,NDUFA8,172,ba1a72a85a48a2bbc985402740b9cf958086f7022788f09087606c58d89963e2,P51970,False,BCL2,239,fff13b41ef65181ecfd036c714d8c453d73781b4e2a5bd73a6cbe02d9829fb19,P10415,original_six,False,-1.7329576412836711,-2.9403812885284424,-7.97655725479126,-8.998505592346191,-8.21168327331543,-8.39558204015096,60.0,265.0,194.0
context,O43521,U,False,False,14,PPP3R2,170,e5eb8edaeafa49de59c0d3d56e07c4333ba77a4c12988510dbd2ee2c9aa3db43,Q96LZ3,False,BCL2,239,fff13b41ef65181ecfd036c714d8c453d73781b4e2a5bd73a6cbe02d9829fb19,P10415,original_six,False,-2.469350020090739,-1.8563895622889202,-11.011762619018555,-9.806740760803223,-7.343739986419678,-9.387414455413818,147.0,166.0,243.0
context,O43521,U,False,False,15,COQ10B,238,5403f72c21e39cf00063ff34cd4af3a1f89be96b5c07c0e2d856252fea7f48a1,Q9H8M1,False,BCL2,239,fff13b41ef65181ecfd036c714d8c453d73781b4e2a5bd73a6cbe02d9829fb19,P10415,original_six,False,-1.7448485692342122,-1.6561853090922039,-7.492010116577148,-2.468946695327759,-6.638464450836182,-5.533140420913696,63.0,137.0,57.0
context,O43521,U,False,False,16,PDHA2,388,3bbc671767ff8d3f1b2ea52acfefa255676f7eca2415bc9a89a8c045e5dfa013,P29803,False,BCL2,239,fff13b41ef65181ecfd036c714d8c453d73781b4e2a5bd73a6cbe02d9829fb19,P10415,original_six,False,-2.2442332903544107,-2.532042980194092,-12.998586654663086,-9.602764129638672,-7.076803684234619,-9.892718156178793,117.0,230.0,269.0
context,O43521,U,False,False,17,GADD45GIP1,222,75a8931a97624227a055523af960a254781ec8621a57a64d234d3be31baa39f1,Q8TAE8,False,BCL2,239,fff13b41ef65181ecfd036c714d8c453d73781b4e2a5bd73a6cbe02d9829fb19,P10415,original_six,False,-1.3789445161819458,0.43934206167856854,-6.891556739807129,-8.197757720947266,-6.3924784660339355,-7.160597642262776,37.0,13.0,120.0
context,O43521,U,False,False,18,NUDT13,352,a7a7789bdc8b57c994754e93172ef7445589f367be11fbf8b2504be9e0788f22,Q86X67,False,BCL2,239,fff13b41ef65181ecfd036c714d8c453d73781b4e2a5bd73a6cbe02d9829fb19,P10415,original_six,False,-1.6479873657226562,-1.405328094959259,-4.9922261238098145,-12.233458518981934,-9.112200736999512,-8.779295126597086,54.0,110.0,218.0
context,O43521,U,False,False,19,NDUFAB1,156,43aa1cdb7bb3efd8b9d3a0610e7dfde2f8a390c7892e6a537e446ba96a8b6eff,O14561,False,BCL2,239,fff13b41ef65181ecfd036c714d8c453d73781b4e2a5bd73a6cbe02d9829fb19,P10415,original_six,False,-3.086176633834839,-2.3714053630828857,-6.59707498550415,-5.161962509155273,-6.035434246063232,-5.931490580240886,222.0,212.0,71.0
context,O43521,U,False,False,20,TACO1,297,57a176b7d7e4dbc38cee984aa6939488a71c6877a4f2be4cb056454e9d3dc5ed,Q9BSH4,False,BCL2,239,fff13b41ef65181ecfd036c714d8c453d73781b4e2a5bd73a6cbe02d9829fb19,P10415,original_six,False,-2.344045718510946,-1.6194098790486653,-11.171578407287598,-9.956914901733398,-11.058574676513672,-10.729022661844889,126.0,131.0,295.0
context,O43521,U,False,False,21,MSRB2,182,6ec5f2922bc88e1bc21c539a3fb86bb0acc9b3e16e994254722e35f4540c56d0,Q9Y3D2,False,BCL2,239,fff13b41ef65181ecfd036c714d8c453d73781b4e2a5bd73a6cbe02d9829fb19,P10415,original_six,False,-1.2122138738632202,-0.9218538800875345,-5.527822494506836,-9.729863166809082,-6.69881534576416,-7.318833669026692,24.0,58.0,128.0
context,O43521,U,False,False,22,PFDN4,134,ae20432a873fc6eb8300e379c2cc3bb129de35876ddab39b8791a1017543d6bb,Q9NQP4,False,BCL2,239,fff13b41ef65181ecfd036c714d8c453d73781b4e2a5bd73a6cbe02d9829fb19,P10415,original_six,False,-5.174449920654297,-3.7648256619771323,-7.9657087326049805,-7.553947448730469,-12.581345558166504,-9.367000579833984,303.0,293.0,242.0
context,O43521,U,False,False,23,SIRT4,314,236cf7141c9841a95e870c79da10f6152bc44c00ee3be8d650a63df3be2aa75c,Q9Y6E7,False,BCL2,239,fff13b41ef65181ecfd036c714d8c453d73781b4e2a5bd73a6cbe02d9829fb19,P10415,original_six,False,-3.0676864782969155,-1.700261116027832,-6.310576438903809,-9.255758285522461,-8.811957359313965,-8.126097361246744,220.0,143.0,173.0
context,O43521,U,False,False,24,DUT,252,e1f81876efdc0beaa353f6e606c50edee6389f07fe0f7785a6501be80f75abdc,P33316,False,BCL2,239,fff13b41ef65181ecfd036c714d8c453d73781b4e2a5bd73a6cbe02d9829fb19,P10415,original_six,False,-2.097484032313029,-2.315387765566508,-10.778993606567383,-8.88397216796875,-9.153532981872559,-9.605499585469564,100.0,206.0,253.0
context,O43521,U,False,False,25,MRPS34,218,72ba5b40369af0c9e3889fc9df83d7a20de5454aa36c33d6b0c0326e1bbdccf4,P82930,False,BCL2,239,fff13b41ef65181ecfd036c714d8c453d73781b4e2a5bd73a6cbe02d9829fb19,P10415,original_six,False,-1.8032497962315877,-1.4634071588516235,-6.646047115325928,-7.554832458496094,-7.106646537780762,-7.102508703867595,68.0,116.0,113.0
context,O43521,U,False,False,26,MPG,298,5458b85388810180b89d4537bcb7c49bb945ba0531e69b178728ace9e87f57cb,P29372,False,BCL2,239,fff13b41ef65181ecfd036c714d8c453d73781b4e2a5bd73a6cbe02d9829fb19,P10415,original_six,False,-2.5146988232930503,-1.7566996812820435,-9.833706855773926,-9.853647232055664,-7.938337326049805,-9.208563804626465,153.0,150.0,235.0
context,O43521,U,False,False,27,RIDA,137,80cb299053557525e26d817051db03af855798bad425cc1cbf9bdf46b7a627b7,P52758,False,BCL2,239,fff13b41ef65181ecfd036c714d8c453d73781b4e2a5bd73a6cbe02d9829fb19,P10415,original_six,False,-3.341409762700399,-2.276710112889608,-5.225673198699951,-8.844342231750488,-3.3408846855163574,-5.803633371988933,248.0,203.0,68.0
context,O43521,U,False,False,28,PARK7,189,8c00caffdd00302d00ed1cca33741abae543f9c6a7b61edc3b5a0c286e88e181,Q99497,False,BCL2,239,fff13b41ef65181ecfd036c714d8c453d73781b4e2a5bd73a6cbe02d9829fb19,P10415,original_six,False,-3.2418595949808755,-2.458753148714701,-10.226896286010742,-6.4094038009643555,-6.591375350952148,-7.742558479309082,241.0,222.0,152.0
context,O43521,U,False,False,29,RBFA,343,d05653c00224217c57896a500bc11d0d50222bb60f8349b0fdb1cb9c4bb05eca,Q8N0V3,False,BCL2,239,fff13b41ef65181ecfd036c714d8c453d73781b4e2a5bd73a6cbe02d9829fb19,P10415,original_six,False,-3.229323466618856,-1.306889832019806,-2.3672614097595215,-3.36042857170105,-3.942615032196045,-3.2234350045522056,240.0,98.0,9.0
context,O43521,U,False,False,30,PUSL1,303,d2027d8852ffc2b76f008c9c4a2d27d882e8352a7e36feafb9c472b577450993,Q8N0Z8,False,BCL2,239,fff13b41ef65181ecfd036c714d8c453d73781b4e2a5bd73a6cbe02d9829fb19,P10415,original_six,False,-1.6158790985743205,-0.9202918211619059,-4.771791934967041,-7.205276966094971,-7.265982627868652,-6.414350509643555,52.0,57.0,87.0
context,O43521,U,False,False,31,MRPL1,325,787c759cc5c22a62490538750a15c07d9987def800111ccf253f97db2a155ffe,Q9BYD6,False,BCL2,239,fff13b41ef65181ecfd036c714d8c453d73781b4e2a5bd73a6cbe02d9829fb19,P10415,original_six,False,-3.500691811243693,-2.8086442152659097,-9.407933235168457,-8.346839904785156,-7.593994140625,-8.449589093526205,264.0,259.0,196.0
context,O43521,U,False,False,32,COQ7,217,ee9b05487fdc0817541e0ee9a25a0ff681ce66a73ac23b185eebe17ebe55e2b5,Q99807,False,BCL2,239,fff13b41ef65181ecfd036c714d8c453d73781b4e2a5bd73a6cbe02d9829fb19,P10415,original_six,False,-1.808900515238444,-1.9022448857625325,-6.185674667358398,-8.424210548400879,-5.378721237182617,-6.662868817647298,69.0,171.0,97.0
context,O43521,U,False,False,33,RPUSD3,351,5415121ac244913214666d7edc9deefa44a752f83e5e30d872a6296746df1077,Q6P087,False,BCL2,239,fff13b41ef65181ecfd036c714d8c453d73781b4e2a5bd73a6cbe02d9829fb19,P10415,original_six,False,-3.4876554012298584,-1.8857100407282512,-11.555850982666016,-11.288140296936035,-12.06706428527832,-11.637018521626791,262.0,169.0,303.0
context,O43521,U,False,False,34,MRPS31,395,81775b9124c18de2278a169ad2d1e610c0bfdbe92bdf992411e762dde7117c35,Q92665,False,BCL2,239,fff13b41ef65181ecfd036c714d8c453d73781b4e2a5bd73a6cbe02d9829fb19,P10415,original_six,False,-3.1379125118255615,-1.4289331634839375,-1.9002450704574585,-8.461424827575684,-8.309094429016113,-6.2235881090164185,228.0,112.0,82.0
context,O43521,U,False,False,35,TRUB2,331,6e9b8805d904ea82d9545d3a12c3c992ad82c21dc82b4b3eec8455d0c1ea844a,O95900,False,BCL2,239,fff13b41ef65181ecfd036c714d8c453d73781b4e2a5bd73a6cbe02d9829fb19,P10415,original_six,False,-2.321478764216105,-2.096273144086202,-9.694765090942383,-12.259366989135742,-9.596651077270508,-10.516927719116211,122.0,187.0,290.0
context,O43521,U,False,False,36,SLIRP,109,bba17cdd1730252e1a56dc57d4a3738440eb9d1ba27b92849a665f193573a209,Q9GZT3,False,BCL2,239,fff13b41ef65181ecfd036c714d8c453d73781b4e2a5bd73a6cbe02d9829fb19,P10415,original_six,False,-2.2083497047424316,-1.7846258481343586,-9.99479866027832,-10.881345748901367,-9.442156791687012,-10.1061004002889,114.0,153.0,276.0
context,O43521,U,False,False,37,IBA57,356,553a633c46324476a5c3e56991339e170c86288fa61f68074ec1990a6dfc4c2e,Q5T440,False,BCL2,239,fff13b41ef65181ecfd036c714d8c453d73781b4e2a5bd73a6cbe02d9829fb19,P10415,original_six,False,-1.1864060759544373,-1.0823211868604024,-7.212418079376221,-6.546762466430664,-4.57180643081665,-6.110328992207845,23.0,77.0,76.0
context,O43521,U,False,False,38,RAB32,225,f13fc0fe2020dfad356fd4efb7a05bb90310875bb88ffad60e2bef91b9b94ed3,Q13637,False,BCL2,239,fff13b41ef65181ecfd036c714d8c453d73781b4e2a5bd73a6cbe02d9829fb19,P10415,original_six,False,-3.657227357228597,-2.341907819112142,-9.420865058898926,-9.549823760986328,-9.232080459594727,-9.400923093159994,276.0,209.0,244.0
context,O43521,U,False,False,39,NDUFA2,99,b303a5d5cbbf70859143da016f4536b89593bda0ea0dd11fb0e4ec22f7ec4833,O43678,False,BCL2,239,fff13b41ef65181ecfd036c714d8c453d73781b4e2a5bd73a6cbe02d9829fb19,P10415,original_six,False,-2.171319325764974,-0.9851423899332682,-7.232532501220703,-6.850106716156006,-6.972017765045166,-7.018218994140625,108.0,64.0,111.0
context,O43521,U,False,False,40,MRPL36,103,5527ad582973ee2242e7722804878a36194f8b179a4f6fdfcc38d3e9a371594e,Q9P0J6,False,BCL2,239,fff13b41ef65181ecfd036c714d8c453d73781b4e2a5bd73a6cbe02d9829fb19,P10415,original_six,False,-2.748000701268514,-2.127169132232666,-5.351503849029541,-7.919907093048096,-5.3228607177734375,-6.198090553283691,185.0,189.0,80.0
context,O43521,U,False,False,41,MTHFD2,350,7abfa6947682e2dd60129edd24de8c8936cbe7352858e6af92d176067ced72a1,P13995,False,BCL2,239,fff13b41ef65181ecfd036c714d8c453d73781b4e2a5bd73a6cbe02d9829fb19,P10415,original_six,False,-2.5469685395558677,-2.495098034540812,-6.511774063110352,-9.838631629943848,-8.2990083694458,-8.216471354166666,161.0,227.0,178.0
context,O43521,U,False,False,42,ATPAF1,328,8d42f0d58362d68764e13f898af328873674ebb3b0c3a0a474391915c2e0ecb0,Q5TC12,False,BCL2,239,fff13b41ef65181ecfd036c714d8c453d73781b4e2a5bd73a6cbe02d9829fb19,P10415,original_six,False,-2.202367146809896,-0.8827044169108073,-9.867066383361816,-6.592357158660889,-7.224188327789307,-7.894537289937337,113.0,55.0,159.0
context,O43521,U,False,False,43,UBB,229,b99a5e678bdfbf9b6c2a1b574ba987085d3ab3f118ef307320ae5e15c6634065,P0CG47,False,BCL2,239,fff13b41ef65181ecfd036c714d8c453d73781b4e2a5bd73a6cbe02d9829fb19,P10415,original_six,False,-3.1910793781280518,-1.2157042821248372,-5.204702377319336,-1.8393276929855347,-1.321271538734436,-2.788433869679769,235.0,89.0,5.0
context,O43521,U,False,False,44,GSTP1,210,cd085d4391829da9e96878c9f2170c05c298e1c4c86a7f810400d6adda64bbb6,P09211,False,BCL2,239,fff13b41ef65181ecfd036c714d8c453d73781b4e2a5bd73a6cbe02d9829fb19,P10415,original_six,False,-3.7689766883850098,-2.943545659383138,-8.751679420471191,-9.391087532043457,-6.8691534996032715,-8.33730681737264,281.0,266.0,190.0
context,O43521,U,False,False,45,PFDN2,154,fe199ecb7f0f53ca847fea1b7231829c151ef6d7c64af365d4024fb959a36573,Q9UHV9,False,BCL2,239,fff13b41ef65181ecfd036c714d8c453d73781b4e2a5bd73a6cbe02d9829fb19,P10415,original_six,False,-5.149938265482585,-3.930682102839152,-11.436787605285645,-9.820630073547363,-10.18623161315918,-10.481216430664062,302.0,297.0,287.0
context,O43521,U,False,False,46,NDUFS4,175,fc363bc355c8d48f9c00f859c004119fc4806c2baca9e0c85abddc15ca0efd73,O43181,False,BCL2,239,fff13b41ef65181ecfd036c714d8c453d73781b4e2a5bd73a6cbe02d9829fb19,P10415,original_six,False,-2.863873322804769,-3.3795153299967446,-6.022531986236572,-9.825456619262695,-7.343181133270264,-7.730389912923177,201.0,285.0,151.0
context,O43521,U,False,False,47,ATCAY,371,1d84dfd1d87b368d42102c3a08d11fd0bbd8b1ad3d8f60bef6c4c6d230bb65eb,Q86WG3,False,BCL2,239,fff13b41ef65181ecfd036c714d8c453d73781b4e2a5bd73a6cbe02d9829fb19,P10415,original_six,False,-1.94429878393809,-1.0711501638094585,-0.0664660856127739,-0.9186010956764221,-1.728051781654358,-0.9043729876478513,88.0,76.0,1.0
context,O43521,U,False,False,48,ALKBH1,389,200f961262aa2415b054550243782b7cf0fc516376a3ca3a700692b87a373b5f,Q13686,False,BCL2,239,fff13b41ef65181ecfd036c714d8c453d73781b4e2a5bd73a6cbe02d9829fb19,P10415,original_six,False,-1.3048139413197835,-0.6605717341105143,-10.419448852539062,-6.566978931427002,-7.791163921356201,-8.259197235107422,29.0,40.0,184.0
context,O43521,U,False,False,49,TYMS,313,d4978a79f2cd2a7fa529c8632ede803a9632661f71146ce517d787c3dc5aebdd,P04818,False,BCL2,239,fff13b41ef65181ecfd036c714d8c453d73781b4e2a5bd73a6cbe02d9829fb19,P10415,original_six,False,-2.366175651550293,-0.9409595926602682,-8.446742057800293,-3.113736867904663,-7.0426459312438965,-6.201041618982951,129.0,60.0,81.0
context,O43521,U,False,False,50,CCDC127,260,ec96e26160649cef4fc9a922900f1834e71283a040fe552022af3423f9f97f76,Q96BQ5,False,BCL2,239,fff13b41ef65181ecfd036c714d8c453d73781b4e2a5bd73a6cbe02d9829fb19,P10415,original_six,False,-0.37357357144355774,1.6864354610443115,-3.762582540512085,-2.904738664627075,-5.896485328674316,-4.187935511271159,4.0,3.0,19.0
context,O43521,U,False,False,51,CHCHD6,235,69c9ec55719353b9a80711e031d542c4871588561d4ae71dd6a1a8de2838af3f,Q9BRQ6,False,BCL2,239,fff13b41ef65181ecfd036c714d8c453d73781b4e2a5bd73a6cbe02d9829fb19,P10415,original_six,False,-1.3502719799677532,-0.447310209274292,-9.197293281555176,-9.491264343261719,-7.359434604644775,-8.682664076487223,36.0,33.0,210.0
context,O43521,U,False,False,52,DDAH2,285,dfe19a422bc81d554676cab1b477671f789162b77a706cd04494411fc6115883,O95865,False,BCL2,239,fff13b41ef65181ecfd036c714d8c453d73781b4e2a5bd73a6cbe02d9829fb19,P10415,original_six,False,-2.5306994120279946,-1.5800250172615051,-9.822816848754883,-9.439449310302734,-10.810306549072266,-10.024190902709961,159.0,127.0,273.0
context,O43521,U,False,False,53,MRPS24,167,7d7ea2526189d91a862c4424cbfd5ded9c6526fa7ac0c1c4f4741ae3da66768a,Q96EL2,False,BCL2,239,fff13b41ef65181ecfd036c714d8c453d73781b4e2a5bd73a6cbe02d9829fb19,P10415,original_six,False,-3.1881022453308105,-2.55177108446757,-4.328242778778076,-6.752115726470947,-6.489561557769775,-5.856640021006267,234.0,234.0,69.0
background,O43521,U,False,False,54,ANP32B,251,49d6a6109e1068f917dea2cce591edc56bf003e5e916afe897f52ce2f902f7f6,Q92688,False,BCL2,239,fff13b41ef65181ecfd036c714d8c453d73781b4e2a5bd73a6cbe02d9829fb19,P10415,original_six,False,-3.0868350664774575,-1.749603013197581,-9.68890380859375,-6.348052978515625,-8.243446350097656,-8.093467712402344,223.0,149.0,170.0
background,O43521,U,False,False,55,UTP11,253,8c8e356cd82062a2bcebee02d40bd45e6c7fd4a2a7c27067a96d47155caac32c,Q9Y3A2,False,BCL2,239,fff13b41ef65181ecfd036c714d8c453d73781b4e2a5bd73a6cbe02d9829fb19,P10415,original_six,False,-4.844492276509603,-4.775692303975423,-7.940708637237549,-10.42197036743164,-5.0092453956604,-7.79064146677653,298.0,302.0,153.0
background,O43521,U,False,False,56,GUCA2B,112,0bec849d67ee7b0ebe5fded6167cbd5aef37759cae64c6e5dd1264d6d7d421d5,Q16661,False,BCL2,239,fff13b41ef65181ecfd036c714d8c453d73781b4e2a5bd73a6cbe02d9829fb19,P10415,original_six,False,-3.1062256495157876,-3.801058530807495,-8.982612609863281,-9.156620979309082,-7.901576995849609,-8.680270195007324,226.0,295.0,209.0
background,O43521,U,False,False,57,CD82,267,de9a6cfaa5ba398a00340c981b0058f26010169f0f74ef672c695e4846b65416,P27701,False,BCL2,239,fff13b41ef65181ecfd036c714d8c453d73781b4e2a5bd73a6cbe02d9829fb19,P10415,original_six,False,-3.4771371682484946,-2.988754669825236,-5.902713298797607,-5.388374328613281,-5.452121257781982,-5.581069628397624,261.0,268.0,59.0
background,O43521,U,False,False,58,TGIF2LY,185,cd1475f656b60369ac8a6e671e75814c2cfee6e5d7e1c152407842c76f4afa7d,Q8IUE0,False,BCL2,239,fff13b41ef65181ecfd036c714d8c453d73781b4e2a5bd73a6cbe02d9829fb19,P10415,original_six,False,-3.6146793365478516,-3.454060713450114,-12.663789749145508,-9.222589492797852,-9.176032066345215,-10.354137102762857,269.0,287.0,282.0
background,O43521,U,False,False,59,C9orf78,289,f1fda1f069844888636ff3d3e64ba9216798665c816d39fe5857b927f30564d5,Q9NZ63,False,BCL2,239,fff13b41ef65181ecfd036c714d8c453d73781b4e2a5bd73a6cbe02d9829fb19,P10415,original_six,False,-3.787269910176595,-2.6265969276428223,-8.149202346801758,-8.70919418334961,-9.345823287963867,-8.734739939371744,282.0,241.0,214.0
background,O43521,U,False,False,60,UBE2QL1,161,affff80ed35411e2a85b0f9b73e8fe696d8cc8299c585730d702e02a84ab2954,A1L167,False,BCL2,239,fff13b41ef65181ecfd036c714d8c453d73781b4e2a5bd73a6cbe02d9829fb19,P10415,original_six,False,-2.388758738835653,-1.6100104053815205,-5.190602779388428,-8.619446754455566,-5.920538425445557,-6.576862653096517,136.0,129.0,94.0
background,O43521,U,False,False,61,SIAH3,269,b038339e58f1d94be49e735e56cf43e4d403e02d1aeba07467ff2b6f54428a55,Q8IW03,False,BCL2,239,fff13b41ef65181ecfd036c714d8c453d73781b4e2a5bd73a6cbe02d9829fb19,P10415,original_six,False,-0.7874748706817627,-1.5235755046208699,-4.67133092880249,-8.432207107543945,-4.252850532531738,-5.785462856292725,9.0,123.0,67.0
background,O43521,U,False,False,62,CMTM3,182,45f667054a0f616959a26b726eb6f1d0290b7832999012a1dcd21f3f6c5fd15b,Q96MX0,False,BCL2,239,fff13b41ef65181ecfd036c714d8c453d73781b4e2a5bd73a6cbe02d9829fb19,P10415,original_six,False,-2.7905425230662027,-0.44249169031778973,-3.8552632331848145,-2.9716172218322754,-3.6236648559570312,-3.4835151036580405,189.0,32.0,14.0
background,O43521,U,False,False,63,PARD6A,346,3013daa41681506c06100ded50936dda1c4dcbe7479badbbd21cc394b9a1d530,Q9NPB6,False,BCL2,239,fff13b41ef65181ecfd036c714d8c453d73781b4e2a5bd73a6cbe02d9829fb19,P10415,original_six,False,-2.4599831104278564,-1.6914876699447632,-12.011994361877441,-10.366286277770996,-9.112406730651855,-10.496895790100098,144.0,142.0,289.0
background,O43521,U,False,False,64,ELAC1,363,6788ab0539c218f96250b54fe6da8dfa3b2cd2b25331aa8ebf0d350cc457c3ad,Q9H777,False,BCL2,239,fff13b41ef65181ecfd036c714d8c453d73781b4e2a5bd73a6cbe02d9829fb19,P10415,original_six,False,-3.019593079884847,-2.2522691090901694,-8.323185920715332,-11.94932746887207,-8.92287540435791,-9.731796264648438,212.0,201.0,261.0
background,O43521,U,False,False,65,LYZL4,146,c15e093aa8fdbb22e8a29d0ef65d4b64366c6ad27193c524d89ce50bffad405a,Q96KX0,False,BCL2,239,fff13b41ef65181ecfd036c714d8c453d73781b4e2a5bd73a6cbe02d9829fb19,P10415,original_six,False,-4.053815444310506,-2.8843277295430503,-7.238561630249023,-6.971136093139648,-8.11431884765625,-7.441338857014974,290.0,264.0,134.0
background,O43521,U,False,False,66,METTL1,276,eb8dd1cbc59f1355c708bacc431cd9fddf094ccbe0382daa168c56f98a4d5f9f,Q9UBP6,False,BCL2,239,fff13b41ef65181ecfd036c714d8c453d73781b4e2a5bd73a6cbe02d9829fb19,P10415,original_six,False,-3.3550445238749185,-2.5997963746388755,-8.837821960449219,-10.582923889160156,-11.253682136535645,-10.224809328715006,250.0,236.0,281.0
background,O43521,U,False,False,67,RFPL4AL1,287,bc35c4f459bcf0ab50a97b1de0d34f4f3fae602e165ae7a08deaa38659d5bf6d,F8VTS6,False,BCL2,239,fff13b41ef65181ecfd036c714d8c453d73781b4e2a5bd73a6cbe02d9829fb19,P10415,original_six,False,-1.1449276208877563,-0.8124919533729553,-11.245418548583984,-9.871895790100098,-6.5977783203125,-9.238364219665527,20.0,49.0,236.0
background,O43521,U,False,False,68,SPAG7,227,5b4de54a4f562c0bd7f2cad7fff06a9e50559b941ba7927c8f4657be0c1bc2c7,O75391,False,BCL2,239,fff13b41ef65181ecfd036c714d8c453d73781b4e2a5bd73a6cbe02d9829fb19,P10415,original_six,False,-5.028963406880696,-3.8306356271107993,-11.779587745666504,-8.780489921569824,-8.60058879852295,-9.720222155253092,301.0,296.0,260.0
background,O43521,U,False,False,69,CRYGC,174,b01b693ff983cdf33bc9c47cfbd906fe4862017607d798af5750c38f2842967a,P07315,False,BCL2,239,fff13b41ef65181ecfd036c714d8c453d73781b4e2a5bd73a6cbe02d9829fb19,P10415,original_six,False,-2.1333924531936646,-1.3431991338729858,-8.17014217376709,-8.446953773498535,-8.853099822998047,-8.490065256754557,104.0,101.0,199.0
background,O43521,U,False,False,70,TM2D2,214,ec0daf1a7f0c4995f70dab3e6eb7914deab9546269401e06c703883ad22cf10a,Q9BX73,False,BCL2,239,fff13b41ef65181ecfd036c714d8c453d73781b4e2a5bd73a6cbe02d9829fb19,P10415,original_six,False,-1.7195168733596802,-0.6770180861155192,-4.418250560760498,-3.6982781887054443,-6.556397914886475,-4.890975554784139,59.0,41.0,31.0
background,O43521,U,False,False,71,LAPTM5,262,b398cc77a9227bb4c6ac22d61a4ab09b6dfe7a4d77327e8cc72d90d1f6e1d539,Q13571,False,BCL2,239,fff13b41ef65181ecfd036c714d8c453d73781b4e2a5bd73a6cbe02d9829fb19,P10415,original_six,False,-1.9866233666737874,-0.7832808295885721,-5.099916934967041,-4.2392449378967285,-6.250950336456299,-5.196704069773356,92.0,47.0,41.0
background,O43521,U,False,False,72,KRTAP10-3,221,3ef980390ab6c0bd492fe3735c83b0f052d9abadaaa238fc44cc86b72be8da92,P60369,False,BCL2,239,fff13b41ef65181ecfd036c714d8c453d73781b4e2a5bd73a6cbe02d9829fb19,P10415,original_six,False,-1.0977821747461955,-1.1924223999182384,-7.634548664093018,-7.9207892417907715,-6.414323329925537,-7.323220411936442,17.0,86.0,129.0
background,O43521,U,False,False,73,TIPIN,301,928ff6c63e88c05a77425771145f8ebb11f75ff9c9b03bb562b58c0183f83695,Q9BVW5,False,BCL2,239,fff13b41ef65181ecfd036c714d8c453d73781b4e2a5bd73a6cbe02d9829fb19,P10415,original_six,False,-2.939087470372518,-2.428930640220642,-9.346601486206055,-7.828317165374756,-8.783843994140625,-8.652920881907145,209.0,218.0,206.0
background,O43521,U,False,False,74,PSTK,348,9289c3f52326ce3945d6a3cec18884caae28e9c4f72e00bf8e2c20b08d0b9105,Q8IV42,False,BCL2,239,fff13b41ef65181ecfd036c714d8c453d73781b4e2a5bd73a6cbe02d9829fb19,P10415,original_six,False,-2.1475472847620645,-1.1143487294514973,-10.388960838317871,-9.291892051696777,-9.132735252380371,-9.60452938079834,105.0,82.0,252.0
background,O43521,U,False,False,75,TDP2,362,bd38bd4790028d4666b4138013a04d3ac74c9904985fd571a88753595d894e1e,O95551,False,BCL2,239,fff13b41ef65181ecfd036c714d8c453d73781b4e2a5bd73a6cbe02d9829fb19,P10415,original_six,False,-2.468625783920288,-2.1809833447138467,-13.667914390563965,-9.475138664245605,-9.939875602722168,-11.027642885843912,146.0,193.0,299.0
background,O43521,U,False,False,76,NCR3,201,87b207aee242396fccbb4243ad71d0a903637ff0da85722fa9fb7e1c78812c70,O14931,False,BCL2,239,fff13b41ef65181ecfd036c714d8c453d73781b4e2a5bd73a6cbe02d9829fb19,P10415,original_six,False,-2.992998997370402,-2.8027973969777427,-7.425980091094971,-7.452274799346924,-9.063437461853027,-7.980564117431641,210.0,257.0,167.0
background,O43521,U,False,False,77,CEBPE,281,75d0af597e53395b056c9ddf6a8c3cc22a01301e34393e380b953aaa076af7ac,Q15744,False,BCL2,239,fff13b41ef65181ecfd036c714d8c453d73781b4e2a5bd73a6cbe02d9829fb19,P10415,original_six,False,-1.9030137459437053,-1.027413288752238,-9.66069507598877,-12.307942390441895,-9.81256103515625,-10.593732833862305,81.0,69.0,291.0
background,O43521,U,False,False,78,TPK1,243,f0559a57916fe3476edde5fcf068226659ef805c10686332ab7582655fa2ffc7,Q9H3S4,False,BCL2,239,fff13b41ef65181ecfd036c714d8c453d73781b4e2a5bd73a6cbe02d9829fb19,P10415,original_six,False,-2.831404527028402,-2.7974253495534263,-7.448076248168945,-9.351598739624023,-8.220062255859375,-8.339912414550781,195.0,255.0,191.0
background,O43521,U,False,False,79,DTWD1,304,b94f154ff317c48b6342faf508a8a7719a125f9930637778116576ec6310cd35,Q8N5C7,False,BCL2,239,fff13b41ef65181ecfd036c714d8c453d73781b4e2a5bd73a6cbe02d9829fb19,P10415,original_six,False,-3.62473201751709,-2.675022602081299,-9.74201774597168,-11.012227058410645,-10.53199291229248,-10.428745905558268,272.0,249.0,285.0
background,O43521,U,False,False,80,PRSS57,283,33dc904f88c9ce9a62925da7ba4f2eac8e2fcebcab3d1fb42730ab87d926f29a,Q6UWY2,False,BCL2,239,fff13b41ef65181ecfd036c714d8c453d73781b4e2a5bd73a6cbe02d9829fb19,P10415,original_six,False,-3.3445050716400146,-3.460360527038574,-5.795013427734375,-8.85098934173584,-7.439906597137451,-7.361969788869222,249.0,288.0,132.0
background,O43521,U,False,False,81,CBX3,183,bcd26b7b1ff11fbb551df537553e30191fe1224420829e7c6e6fefcdc3421782,Q13185,False,BCL2,239,fff13b41ef65181ecfd036c714d8c453d73781b4e2a5bd73a6cbe02d9829fb19,P10415,original_six,False,-4.566633860270183,-4.476044495900472,-10.9528226852417,-8.807703971862793,-9.180275917053223,-9.646934191385904,297.0,300.0,255.0
background,O43521,U,False,False,82,ARC,396,b11b5bd6f4ce662644f923e39cfdbb12e785f40d70abbbc0ab070f58c2a92fc0,Q7LC44,False,BCL2,239,fff13b41ef65181ecfd036c714d8c453d73781b4e2a5bd73a6cbe02d9829fb19,P10415,original_six,False,-1.8755393822987874,-0.14019209146499634,-8.195942878723145,-9.473865509033203,-5.457584857940674,-7.709131081899007,79.0,26.0,148.0
background,O43521,U,False,False,83,IGLV5-45,123,85eca6de4d12a7c2b6f114ae42cc672dccbef151433463080ce0adf982d4d791,A0A087WSX0,False,BCL2,239,fff13b41ef65181ecfd036c714d8c453d73781b4e2a5bd73a6cbe02d9829fb19,P10415,original_six,False,-3.6279319127400718,-2.8005916277567544,-8.49570369720459,-5.0550217628479,-4.798677444458008,-6.116467634836833,273.0,256.0,79.0
background,O43521,U,False,False,84,NIPAL2,383,f20436d098b01596a8725ea789c048a109b718ae407ba8742a810d024f65a241,Q9H841,False,BCL2,239,fff13b41ef65181ecfd036c714d8c453d73781b4e2a5bd73a6cbe02d9829fb19,P10415,original_six,False,-2.770120938618978,-1.3924914995829265,-4.980515956878662,-5.194300651550293,-5.930954933166504,-5.368590513865153,188.0,108.0,49.0
background,O43521,U,False,False,85,AIM2,343,3d5800437498f20aae1ce9848de1158ec50ad8a3154539c65daee4e1e5f52857,O14862,False,BCL2,239,fff13b41ef65181ecfd036c714d8c453d73781b4e2a5bd73a6cbe02d9829fb19,P10415,original_six,False,-2.6581033070882163,-2.6146183808644614,-11.873525619506836,-9.361265182495117,-7.110503196716309,-9.448431332906088,174.0,239.0,246.0
background,O43521,U,False,False,86,VASP,380,887c2b3c4dbd60879966b5d6f21808c636cdc6b9fddbc381e85d582776cb5d25,P50552,False,BCL2,239,fff13b41ef65181ecfd036c714d8c453d73781b4e2a5bd73a6cbe02d9829fb19,P10415,original_six,False,-2.87904421488444,-1.726722776889801,-5.6890130043029785,-6.377052307128906,-3.843252420425415,-5.3031059106191,203.0,146.0,46.0
background,O43521,U,False,False,87,SNRPD2,118,7c85b904a2049dec5c358d8639ee15af3ec5754f5eb0707659b7b4daf57fce83,P62316,False,BCL2,239,fff13b41ef65181ecfd036c714d8c453d73781b4e2a5bd73a6cbe02d9829fb19,P10415,original_six,False,-3.735499461491903,-3.364861249923706,-7.863100051879883,-11.8585844039917,-9.378138542175293,-9.699940999348959,279.0,283.0,258.0
background,O43521,U,False,False,88,EURL,297,96829bbcdffc0845adfded6565732e3a19cdeeca12b1abe530911f0819517b40,Q9NYK6,False,BCL2,239,fff13b41ef65181ecfd036c714d8c453d73781b4e2a5bd73a6cbe02d9829fb19,P10415,original_six,False,-1.8500418663024902,-1.0205723245938618,-11.318798065185547,-11.164602279663086,-8.890775680541992,-10.458058675130209,74.0,67.0,286.0
background,O43521,U,False,False,89,HSF2BP,334,527dc21fa5db5ee902c19bfaa04ce75ecdc44e0a8e3dbbb0588abb81f6b0359d,O75031,False,BCL2,239,fff13b41ef65181ecfd036c714d8c453d73781b4e2a5bd73a6cbe02d9829fb19,P10415,original_six,False,-2.260780175526937,-1.3002500534057617,-10.265678405761719,-10.694849967956543,-8.781855583190918,-9.914127985636393,119.0,96.0,270.0
background,O43521,U,False,False,90,NAPA,295,5aa777c73f3504c65c13ad87a19bfe3ed6d80231fc1bdd5ae677675b29a250d5,P54920,False,BCL2,239,fff13b41ef65181ecfd036c714d8c453d73781b4e2a5bd73a6cbe02d9829fb19,P10415,original_six,False,-1.867630918820699,-1.0525347987810771,-3.0989129543304443,-4.577159881591797,-1.5507339239120483,-3.0756022532780967,78.0,72.0,7.0
background,O43521,U,False,False,91,EIF5AL1,154,46a368829fea930b5dfb40c8e17be611883e6904089e79f41c1f1e65d0b585d3,Q6IS14,False,BCL2,239,fff13b41ef65181ecfd036c714d8c453d73781b4e2a5bd73a6cbe02d9829fb19,P10415,original_six,False,-3.0999547640482583,-2.5339802503585815,-7.5588059425354,-6.798895835876465,-8.087876319885254,-7.48185936609904,225.0,231.0,135.0
background,O43521,U,False,False,92,DNASE2,360,9df50a48235e58d4a41e937851b7b4a546c16878c0d2f7830b091c5eaf50c3fa,O00115,False,BCL2,239,fff13b41ef65181ecfd036c714d8c453d73781b4e2a5bd73a6cbe02d9829fb19,P10415,original_six,False,-3.639524062474569,-1.4725600282351177,-4.9579315185546875,-4.362131118774414,-4.379916191101074,-4.566659609476726,275.0,118.0,27.0
background,O43521,U,False,False,93,APOA2,100,ca2ca9fe5ffa4a196540dfb3c71452ec0557f0dd2ee54b8e7216973e7808ae3b,P02652,False,BCL2,239,fff13b41ef65181ecfd036c714d8c453d73781b4e2a5bd73a6cbe02d9829fb19,P10415,original_six,False,-2.513192574183146,-1.5317169030507405,-4.348006248474121,-3.7987895011901855,-3.4304234981536865,-3.8590730826059976,152.0,124.0,17.0
background,O43521,U,False,False,94,MEOX2,304,ae24bc70903fd8fc95cee3bcf83ce73748174e4e262801dbbeda0ee8f16e1bbc,P50222,False,BCL2,239,fff13b41ef65181ecfd036c714d8c453d73781b4e2a5bd73a6cbe02d9829fb19,P10415,original_six,False,0.23757932086785635,2.4075588385264077,-0.6962487697601318,-0.9722999334335327,-1.7080903053283691,-1.1255463361740112,1.0,1.0,2.0
background,O43521,U,False,False,95,PDLIM4,330,2bb75cd1b63a5ca827e68aca9c11ab59e01e154db61ac9254315574b0298638d,P50479,False,BCL2,239,fff13b41ef65181ecfd036c714d8c453d73781b4e2a5bd73a6cbe02d9829fb19,P10415,original_six,False,-1.600129763285319,-0.9973844091097513,-11.62979507446289,-10.020588874816895,-7.343742370605469,-9.664708773295084,50.0,65.0,257.0
background,O43521,U,False,False,96,RCN2,317,3e66cc58b79997cacb9013203dabb67b243656fc225ad262dbc1be17e43bb6d8,Q14257,False,BCL2,239,fff13b41ef65181ecfd036c714d8c453d73781b4e2a5bd73a6cbe02d9829fb19,P10415,original_six,False,-1.9908676942189534,-1.7974692185719807,-2.7672293186187744,-6.362130641937256,-7.305532455444336,-5.478297472000122,94.0,155.0,55.0
background,O43521,U,False,False,97,POLR2D,142,b93a8364e2c5dd30a796be0b02763543dbdb147a1b48fccf9848646d53276a1e,O15514,False,BCL2,239,fff13b41ef65181ecfd036c714d8c453d73781b4e2a5bd73a6cbe02d9829fb19,P10415,original_six,False,-2.4611138502756753,-1.7232229510943096,-5.747733116149902,-8.774511337280273,-8.320755958557129,-7.614333470662435,145.0,145.0,142.0
background,O43521,U,False,False,98,GPD1L,351,872bf5c7a9c3944ec34c246c16bf81bb832a11cd1786e662044660daf5125c14,Q8N335,False,BCL2,239,fff13b41ef65181ecfd036c714d8c453d73781b4e2a5bd73a6cbe02d9829fb19,P10415,original_six,False,-2.7105249563852944,-1.8698272307713826,-10.660260200500488,-6.519871711730957,-7.6431097984313965,-8.274413903554281,183.0,167.0,186.0
background,O43521,U,False,False,99,EIF1AD,165,622812cdd3c78680e4357e6ce703830d376e5c795f90c3646c11f6beca697a49,Q8N9N8,False,BCL2,239,fff13b41ef65181ecfd036c714d8c453d73781b4e2a5bd73a6cbe02d9829fb19,P10415,original_six,False,-2.7688960234324136,-2.073082367579142,-7.873229503631592,-7.192605972290039,-6.271912097930908,-7.112582524617513,187.0,184.0,115.0
background,O43521,U,False,False,100,CHAC2,184,54da673591ef593b6a67dfb4bbfec37aed226b3d398c21814148d8102cb2fd4c,Q8WUX2,False,BCL2,239,fff13b41ef65181ecfd036c714d8c453d73781b4e2a5bd73a6cbe02d9829fb19,P10415,original_six,False,-1.8446869055430095,-2.064902385075887,-5.253924369812012,-7.944454669952393,-6.810402870178223,-6.669593969980876,73.0,182.0,98.0
background,O43521,U,False,False,101,KLF6,283,23df6100d6169ebe76b0138628a0d3d16bd5f4c0076756f4bf202b075f76d595,Q99612,False,BCL2,239,fff13b41ef65181ecfd036c714d8c453d73781b4e2a5bd73a6cbe02d9829fb19,P10415,original_six,False,-2.376069943110148,-1.0229530731836955,-10.189583778381348,-8.364873886108398,-12.894652366638184,-10.483036677042643,132.0,68.0,288.0
background,O43521,U,False,False,102,CFAP68,150,79559523b819476c4025167af388ced7d8f9377c1e7d4847a30a8b7281e945a1,Q9H5F2,False,BCL2,239,fff13b41ef65181ecfd036c714d8c453d73781b4e2a5bd73a6cbe02d9829fb19,P10415,original_six,False,-2.6401204268137612,-0.39425816138585407,-7.0904951095581055,-5.700517177581787,-7.324884414672852,-6.705298900604248,172.0,30.0,101.0
background,O43521,U,False,False,103,TMEM178B,294,690ac4ca9bf97dfbe96bac7cdb84b9fcb09d7bfada3683d12efc12714e00b732,H3BS89,False,BCL2,239,fff13b41ef65181ecfd036c714d8c453d73781b4e2a5bd73a6cbe02d9829fb19,P10415,original_six,False,-3.4604466756184897,-3.3545695145924888,-7.773364067077637,-4.313962459564209,-7.602245330810547,-6.563190619150798,260.0,281.0,92.0
context,Q92934,U,False,False,104,RAB40AL,278,2fe19813282adbb3801e7d7cf5a691e1a9aab9df146a564f1e404581ec167c18,P0C0E4,False,BCL2,239,fff13b41ef65181ecfd036c714d8c453d73781b4e2a5bd73a6cbe02d9829fb19,P10415,original_six,False,-3.1847546895345054,-2.5417441527048745,-12.24808120727539,-11.442819595336914,-8.462074279785156,-10.717658360799154,233.0,233.0,294.0
context,Q92934,U,False,False,105,METAP1D,335,d40c4fd9fd796126d0f44853fb5a0f9a60ab351f620df14a1f8f50ba083e9b3b,Q6UB28,False,BCL2,239,fff13b41ef65181ecfd036c714d8c453d73781b4e2a5bd73a6cbe02d9829fb19,P10415,original_six,False,-2.6669159730275473,-2.1924153168996177,-10.030807495117188,-9.814244270324707,-9.287557601928711,-9.710869789123535,176.0,195.0,259.0
context,Q92934,U,False,False,106,MRPL10,261,adfda39bd406d785b7eaa7ef3033440570bcc2f0363de51c2c7b72f438d18a2a,Q7Z7H8,False,BCL2,239,fff13b41ef65181ecfd036c714d8c453d73781b4e2a5bd73a6cbe02d9829fb19,P10415,original_six,False,-3.0322630405426025,-1.3995887438456218,-9.844757080078125,-7.315871715545654,-9.228291511535645,-8.79630676905314,215.0,109.0,219.0
context,Q92934,U,False,False,107,HMGCL,325,cc96b70a4fd2f1f221962cfaed833ff0b1df1fab1b9db6142e5745754f3edabb,P35914,False,BCL2,239,fff13b41ef65181ecfd036c714d8c453d73781b4e2a5bd73a6cbe02d9829fb19,P10415,original_six,False,-3.623293320337931,-2.805423855781555,-13.093852996826172,-10.435574531555176,-9.409164428710938,-10.979530652364096,271.0,258.0,297.0
context,Q92934,U,False,False,108,MRPL55,128,20add78316e86e234ad9a8316e73a8ee5f16408b01bd2aee1db96ca01fca04bc,Q7Z7F7,False,BCL2,239,fff13b41ef65181ecfd036c714d8c453d73781b4e2a5bd73a6cbe02d9829fb19,P10415,original_six,False,-1.927833120028178,-1.0116177399953206,-8.01353931427002,-9.511168479919434,-8.011630058288574,-8.512112617492676,86.0,66.0,200.0
context,Q92934,U,False,False,109,MRPL46,279,cbef5ade60cb4370fdd5b6c5ddc9427a7271a41fc5e5633060d6460baa69953c,Q9H2W6,False,BCL2,239,fff13b41ef65181ecfd036c714d8c453d73781b4e2a5bd73a6cbe02d9829fb19,P10415,original_six,False,-2.325122356414795,-1.8436548709869385,-4.729098796844482,-9.99468994140625,-5.440988063812256,-6.721592267354329,124.0,164.0,103.0
context,Q92934,U,False,False,110,MRPL24,216,719892d7179bc4198ff7bfaee59124fcf325422b9bf47ad9fa92a501820b6c1b,Q96A35,False,BCL2,239,fff13b41ef65181ecfd036c714d8c453d73781b4e2a5bd73a6cbe02d9829fb19,P10415,original_six,False,-3.3806862036387124,-2.45734179019928,-7.854142189025879,-9.067471504211426,-9.270869255065918,-8.730827649434408,252.0,221.0,213.0
context,Q92934,U,False,False,111,TFAM,246,dc0f05fca7d2e6d08c546fdf068f8f3774c434e9e7396b0ea6024aa79a66a67e,Q00059,False,BCL2,239,fff13b41ef65181ecfd036c714d8c453d73781b4e2a5bd73a6cbe02d9829fb19,P10415,original_six,False,-3.87930957476298,-3.2727390925089517,-6.781930446624756,-10.065123558044434,-9.785709381103516,-8.877587795257568,284.0,276.0,223.0
context,Q92934,U,False,False,112,COQ4,265,91990ee74f45102535463b2d9f87fb4212a4bf6f7f5048b52d5cfc7716b1efb7,Q9Y3A0,False,BCL2,239,fff13b41ef65181ecfd036c714d8c453d73781b4e2a5bd73a6cbe02d9829fb19,P10415,original_six,False,-1.453946312268575,0.13775143027305603,-2.224747657775879,-4.041995525360107,-3.9390110969543457,-3.401918093363444,44.0,18.0,12.0
context,Q92934,U,False,False,113,GPX1,203,b0fdc0b0c852e0cfae601c205b4f91c6fd2fe992a88e53d8b34080264e005f7a,P07203,False,BCL2,239,fff13b41ef65181ecfd036c714d8c453d73781b4e2a5bd73a6cbe02d9829fb19,P10415,original_six,False,-1.851539929707845,-1.832865556081136,-7.1533331871032715,-7.33876895904541,-8.96455192565918,-7.81888469060262,76.0,163.0,154.0
context,Q92934,U,False,False,114,NME6,186,6b5359064878c020d40ba9549df4807c881df7c6382d5054baa6ec350367932b,O75414,False,BCL2,239,fff13b41ef65181ecfd036c714d8c453d73781b4e2a5bd73a6cbe02d9829fb19,P10415,original_six,False,-1.0474522312482197,0.5045358737309774,-5.208029270172119,-5.272030830383301,-4.490016937255859,-4.990025679270427,15.0,11.0,33.0
context,Q92934,U,False,False,115,TANGO2,276,e44d255d3e494bb3e812e34fe6543af67473b1458336e1f5a171bdb35a94ebd5,Q6ICL3,False,BCL2,239,fff13b41ef65181ecfd036c714d8c453d73781b4e2a5bd73a6cbe02d9829fb19,P10415,original_six,False,-0.8757233421007792,-0.9177495241165161,-7.983153820037842,-10.248265266418457,-5.481438636779785,-7.904285907745361,11.0,56.0,160.0
context,Q92934,U,False,False,116,METTL8,291,126650808d02af0fda454a934273435303d2f57760c5a9d9fc8e1d490bc43d40,Q9H825,False,BCL2,239,fff13b41ef65181ecfd036c714d8c453d73781b4e2a5bd73a6cbe02d9829fb19,P10415,original_six,False,-2.5708860556284585,-1.374020238717397,-7.268115520477295,-11.221222877502441,-10.351728439331055,-9.613688945770264,162.0,105.0,254.0
context,Q92934,U,False,False,117,DGUOK,277,36cbde690fea610679b96df1142c30039791a445ef08c109cbdc4fe2dcf63169,Q16854,False,BCL2,239,fff13b41ef65181ecfd036c714d8c453d73781b4e2a5bd73a6cbe02d9829fb19,P10415,original_six,False,-2.690452973047892,-1.6216552754243214,-6.354344844818115,-7.620640754699707,-8.641031265258789,-7.53867228825887,178.0,132.0,137.0
context,Q92934,U,False,False,118,LDHB,334,8e6243dda6cb628412d9650d80763148742604dfe2f2f03e5782c827777400af,P07195,False,BCL2,239,fff13b41ef65181ecfd036c714d8c453d73781b4e2a5bd73a6cbe02d9829fb19,P10415,original_six,False,-3.151806592941284,-3.4426991939544678,-12.752202987670898,-7.982100963592529,-9.344131469726562,-10.026145140329996,231.0,286.0,274.0
context,Q92934,U,False,False,119,OPA3,179,13b35d1b92c11317561b3707d02f11f13c96eaf5af837dad9d24b0bdaaeea8d5,Q9H6K4,False,BCL2,239,fff13b41ef65181ecfd036c714d8c453d73781b4e2a5bd73a6cbe02d9829fb19,P10415,original_six,False,-2.3181305726369223,-0.8357165356477102,-6.009340286254883,-4.304218292236328,-4.754846096038818,-5.022801558176677,121.0,52.0,34.0
context,Q92934,U,False,False,120,ATP5MG,103,4a704d3a1e5afb8e1876bb96abe0a72d470ba8e7aa6d0a65876ba152edb6280d,O75964,False,BCL2,239,fff13b41ef65181ecfd036c714d8c453d73781b4e2a5bd73a6cbe02d9829fb19,P10415,original_six,False,-2.381615320841471,-0.330827256043752,-5.046111106872559,-3.6893503665924072,-4.24943733215332,-4.328299601872762,135.0,29.0,21.0
context,Q92934,U,False,False,121,MTIF3,278,9e7b9c1488b708a37e893d44ea110356cb2e35a416a6c72088247be167194301,Q9H2K0,False,BCL2,239,fff13b41ef65181ecfd036c714d8c453d73781b4e2a5bd73a6cbe02d9829fb19,P10415,original_six,False,-3.5019466082255044,-2.274165630340576,-8.651092529296875,-11.887802124023438,-6.622467517852783,-9.053787390391031,265.0,202.0,231.0
context,Q92934,U,False,False,122,MRPL35,188,8d0f7f455ee249421cd85f647b31c5fc59a5af279c175cc86d37585373f04869,Q9NZE8,False,BCL2,239,fff13b41ef65181ecfd036c714d8c453d73781b4e2a5bd73a6cbe02d9829fb19,P10415,original_six,False,-4.544022560119629,-4.507301966349284,-6.435324668884277,-7.667086601257324,-8.047822952270508,-7.383411407470703,296.0,301.0,133.0
context,Q92934,U,False,False,123,CHCHD2,151,ccc93deed84a4c1ffb280e74b2fc8e7fd9516e86d47b685fcda2e98e0c9f760a,Q9Y6H1,False,BCL2,239,fff13b41ef65181ecfd036c714d8c453d73781b4e2a5bd73a6cbe02d9829fb19,P10415,original_six,False,-0.7880764206250509,-1.3035277128219604,-6.855545997619629,-7.2290358543396,-6.259461879730225,-6.781347910563151,10.0,97.0,104.0
context,Q92934,U,False,False,124,NIPSNAP2,286,649c935f02e49c0b2006e7e4674385c96d3a3027eca17cf5fc4b4cf82297a691,O75323,False,BCL2,239,fff13b41ef65181ecfd036c714d8c453d73781b4e2a5bd73a6cbe02d9829fb19,P10415,original_six,False,-2.515329917271932,-1.584704617659251,-7.407557010650635,-8.761847496032715,-10.995133399963379,-9.054845968882242,154.0,128.0,232.0
context,Q92934,U,False,False,125,CISD3,127,71d8db29e0887e4bf6e10cba5d29bca6bcb9e3f8de9187a31dd57ea17bd1a901,P0C7P0,False,BCL2,239,fff13b41ef65181ecfd036c714d8c453d73781b4e2a5bd73a6cbe02d9829fb19,P10415,original_six,False,-2.005943854649862,-1.1356031397978466,-7.376893520355225,-9.868627548217773,-4.347416400909424,-7.197645823160808,96.0,83.0,121.0
context,Q92934,U,False,False,126,NDUFS7,213,2044fc8c590280bd0815be987bf6fa53c78182893b4bc22b03274bd5a0b5e053,O75251,False,BCL2,239,fff13b41ef65181ecfd036c714d8c453d73781b4e2a5bd73a6cbe02d9829fb19,P10415,original_six,False,-2.517106612523397,-1.0344968636830647,-9.283730506896973,-5.759566307067871,-9.672174453735352,-8.238490422566732,155.0,71.0,180.0
context,Q92934,U,False,False,127,HOGA1,327,bff43a6e4a79b5f8d9cb30ef155dca1183fc9c121a54dce3c7de0adc1e00a588,Q86XE5,False,BCL2,239,fff13b41ef65181ecfd036c714d8c453d73781b4e2a5bd73a6cbe02d9829fb19,P10415,original_six,False,-2.7951698303222656,-2.2219173510869346,-9.275163650512695,-9.274710655212402,-7.581040382385254,-8.710304896036783,190.0,198.0,212.0
context,Q92934,U,False,False,128,TIMM10,90,3220f2917bf7d48a95fbd8fdabaeeb674091f197e13b1a54fe96bb65cc9cf7d3,P62072,False,BCL2,239,fff13b41ef65181ecfd036c714d8c453d73781b4e2a5bd73a6cbe02d9829fb19,P10415,original_six,False,-2.865833123524984,-1.8281257152557373,-4.2327680587768555,-8.409730911254883,-7.48584508895874,-6.709448019663493,202.0,162.0,102.0
context,Q92934,U,False,False,129,PYURF,114,ce5782a2f6929c463ebbd9440436009e1c793a9fd276d11a2d823a2205df9bda,Q96I23,False,BCL2,239,fff13b41ef65181ecfd036c714d8c453d73781b4e2a5bd73a6cbe02d9829fb19,P10415,original_six,False,-2.0443571408589682,-1.247558832168579,-7.360297203063965,-8.965608596801758,-5.018161296844482,-7.114689032236735,97.0,93.0,116.0
context,Q92934,U,False,False,130,NDUFV2,249,5c20c649fa48f13b1a5b622ef57749220698c792b5f97dc4e6ac1fc63db68ba7,P19404,False,BCL2,239,fff13b41ef65181ecfd036c714d8c453d73781b4e2a5bd73a6cbe02d9829fb19,P10415,original_six,False,-2.1722663243611655,-1.4680641492207844,-7.823836326599121,-8.208107948303223,-5.231817722320557,-7.087920665740967,109.0,117.0,112.0
context,Q92934,U,False,False,131,CHCHD5,110,fbc04f6892ee39b9279cb6f829e45b6ff458dfc8906e8f6b3f3f0e87030a512e,Q9BSY4,False,BCL2,239,fff13b41ef65181ecfd036c714d8c453d73781b4e2a5bd73a6cbe02d9829fb19,P10415,original_six,False,-0.7327508727709452,0.025141586860020954,-5.466706275939941,-5.591786861419678,-4.966578006744385,-5.341690381368001,8.0,24.0,48.0
context,Q92934,U,False,False,132,NGB,151,e39246eff0990109cf419789c9596211990a1a591289191c72d8892941d2f43b,Q9NPG2,False,BCL2,239,fff13b41ef65181ecfd036c714d8c453d73781b4e2a5bd73a6cbe02d9829fb19,P10415,original_six,False,-1.9030624628067017,0.061280786991119385,-5.226523399353027,-7.068899631500244,-9.525690078735352,-7.273704369862874,82.0,23.0,126.0
context,Q92934,U,False,False,133,MTG1,334,c31671f621005adfafae42c1c86bea5d9997f700b584e7e2b4c2274c8581a935,Q9BT17,False,BCL2,239,fff13b41ef65181ecfd036c714d8c453d73781b4e2a5bd73a6cbe02d9829fb19,P10415,original_six,False,-2.5040674209594727,-1.8858390649159749,-7.817110538482666,-7.291547775268555,-9.667101860046387,-8.258586724599203,149.0,170.0,183.0
context,Q92934,U,False,False,134,LYRM4,91,c6e2484e2ed73c37674c89fdda64c53edcde46a994a84fca71d8d65298b29a11,Q9HD34,False,BCL2,239,fff13b41ef65181ecfd036c714d8c453d73781b4e2a5bd73a6cbe02d9829fb19,P10415,original_six,False,-3.5006869633992515,-2.4796467622121177,-8.143655776977539,-5.565088272094727,-8.091251373291016,-7.266665140787761,263.0,225.0,125.0
context,Q92934,U,False,False,135,NDUFA7,113,c264df07746407da7006ac809a60dae58c99edf8160174108406f29a9fb2ffa4,O95182,False,BCL2,239,fff13b41ef65181ecfd036c714d8c453d73781b4e2a5bd73a6cbe02d9829fb19,P10415,original_six,False,-2.3703076044718423,-0.5960718393325806,-6.902104377746582,-7.203329086303711,-5.924938678741455,-6.676790714263916,131.0,38.0,99.0
context,Q92934,U,False,False,136,NENF,172,a102a0cdbeee284682a1f44a6da21aea93df3a6b6e118cacec5a5a92ccf247e1,Q9UMX5,False,BCL2,239,fff13b41ef65181ecfd036c714d8c453d73781b4e2a5bd73a6cbe02d9829fb19,P10415,original_six,False,-2.7053178946177163,-1.7417335907618205,-8.345491409301758,-8.292579650878906,-7.401675701141357,-8.013248920440674,181.0,148.0,168.0
context,Q92934,U,False,False,137,STYXL1,313,016140b9cd7896fede7578d26c18c4c5592f4e560743ba9f4a9347158b6dcfe9,Q9Y6J8,False,BCL2,239,fff13b41ef65181ecfd036c714d8c453d73781b4e2a5bd73a6cbe02d9829fb19,P10415,original_six,False,-1.3375571966171265,-1.2150310277938843,-8.801526069641113,-7.014489650726318,-7.973590850830078,-7.929868857065837,35.0,88.0,164.0
context,Q92934,U,False,False,138,COX6B2,88,694a8cbc565e923164fe25339615a70b0e1ba9bb31c956be20333eb78adcea94,Q6YFQ2,False,BCL2,239,fff13b41ef65181ecfd036c714d8c453d73781b4e2a5bd73a6cbe02d9829fb19,P10415,original_six,False,-2.849330107371012,-2.6134145657221475,-8.992209434509277,-11.074089050292969,-10.315768241882324,-10.127355575561523,198.0,238.0,277.0
context,Q92934,U,False,False,139,EFHD1,239,ea955dc3370b06fab7c3d1d4148e0f7abbe628fc1f4fd3b0d5b27cfd5740a4cb,Q9BUP0,False,BCL2,239,fff13b41ef65181ecfd036c714d8c453d73781b4e2a5bd73a6cbe02d9829fb19,P10415,original_six,False,-2.5285579363505044,-1.441041608651479,-7.063127517700195,-9.251694679260254,-10.425305366516113,-8.913375854492188,157.0,114.0,224.0
context,Q92934,U,False,False,140,MRPS25,173,5503484d63010153cee172dbe0596eebcafe73414affcdc09a7d88eb37ffce8e,P82663,False,BCL2,239,fff13b41ef65181ecfd036c714d8c453d73781b4e2a5bd73a6cbe02d9829fb19,P10415,original_six,False,-1.73452627658844,-0.75827357172966,-7.135280132293701,-6.063455104827881,-7.4322028160095215,-6.876979351043701,61.0,46.0,108.0
context,Q92934,U,False,False,141,CA5B,317,486dfc57e7984c71a5b05346fff61606d92d4d9518f6ce220be4a3b3dd9ed92c,Q9Y2D0,False,BCL2,239,fff13b41ef65181ecfd036c714d8c453d73781b4e2a5bd73a6cbe02d9829fb19,P10415,original_six,False,-1.788734793663025,-1.6219643553098042,-7.495344638824463,-9.156744956970215,-10.402661323547363,-9.018250306447348,67.0,133.0,228.0
context,Q92934,U,False,False,142,MRPS18A,196,8b6aef72425c6fdea445a1879e5dae305be51b9533362502fb1cde2eeb990d7e,Q9NVS2,False,BCL2,239,fff13b41ef65181ecfd036c714d8c453d73781b4e2a5bd73a6cbe02d9829fb19,P10415,original_six,False,-1.6071937878926594,-0.9786583085854849,-4.878862380981445,-3.3317806720733643,-4.844543933868408,-4.351728995641072,51.0,63.0,22.0
context,Q92934,U,False,False,143,MRPS35,323,ddbc618da69eeb8f574c1cb4cd69dbf0cbde601b1f00dd344ff839c16c39ed8e,P82673,False,BCL2,239,fff13b41ef65181ecfd036c714d8c453d73781b4e2a5bd73a6cbe02d9829fb19,P10415,original_six,False,-2.7076950867970786,-1.4435415863990784,-7.595264434814453,-10.325206756591797,-8.820014953613281,-8.913495381673178,182.0,115.0,225.0
context,Q92934,U,False,False,144,PRDX3,256,d637974b8084f6d94d3f1f830f012212805c2e79fe24c17bdd273b507b6db9f1,P30048,False,BCL2,239,fff13b41ef65181ecfd036c714d8c453d73781b4e2a5bd73a6cbe02d9829fb19,P10415,original_six,False,-1.6849518616994221,-2.153546134630839,-9.142518043518066,-6.3492913246154785,-7.154821395874023,-7.548876921335856,58.0,190.0,139.0
context,Q92934,U,False,False,145,ARL2BP,163,0adadda1e5616239019884cce30436400144cc82ad1328648ae8230bf67f18e0,Q9Y2Y0,False,BCL2,239,fff13b41ef65181ecfd036c714d8c453d73781b4e2a5bd73a6cbe02d9829fb19,P10415,original_six,False,-3.2436161041259766,-2.460423489411672,-3.7177278995513916,-5.1461501121521,-5.690379619598389,-4.85141921043396,243.0,223.0,30.0
context,Q92934,U,False,False,146,ATP5IF1,106,e8372755142cb1e1a5c2c19dd8532e42e580ab95790c47ff4c7c2b4c2a621ef6,Q9UII2,False,BCL2,239,fff13b41ef65181ecfd036c714d8c453d73781b4e2a5bd73a6cbe02d9829fb19,P10415,original_six,False,-1.9656248490015666,-1.9437392950057983,-5.696150779724121,-6.573633193969727,-6.078339099884033,-6.11604102452596,90.0,174.0,78.0
context,Q92934,U,False,False,147,NIT1,327,0918aff8077a0e6f13c72c8b1792092d621f64de1920539bc656771a2a4451ff,Q86X76,False,BCL2,239,fff13b41ef65181ecfd036c714d8c453d73781b4e2a5bd73a6cbe02d9829fb19,P10415,original_six,False,-1.2978984117507935,0.06944489479064941,-9.264787673950195,-11.935749053955078,-9.291624069213867,-10.164053599039713,28.0,22.0,279.0
context,Q92934,U,False,False,148,MRPL32,188,56cddf47c1ee4458ab4bdf74655732685670042ec9e2b050f73a01b2671e27c8,Q9BYC8,False,BCL2,239,fff13b41ef65181ecfd036c714d8c453d73781b4e2a5bd73a6cbe02d9829fb19,P10415,original_six,False,-1.5709829330444336,0.7743363777796427,-5.376717567443848,-9.136292457580566,-8.676817893981934,-7.729942639668782,49.0,5.0,150.0
context,Q92934,U,False,False,149,ARL2,184,3d6a32c366a4f06dc663ab0ad3f6bc4a68444f0ef99821b4a2a127be4c334bcf,P36404,False,BCL2,239,fff13b41ef65181ecfd036c714d8c453d73781b4e2a5bd73a6cbe02d9829fb19,P10415,original_six,False,-2.268572966257731,-1.4796853462855022,-6.091846466064453,-10.093483924865723,-8.616071701049805,-8.267134030659994,120.0,120.0,185.0
context,Q92934,U,False,False,150,DCTPP1,170,c91f387d6cb02a8334f17cb2e0cace199ee8f9cb09be580c9af0496c7c0a08a4,Q9H773,False,BCL2,239,fff13b41ef65181ecfd036c714d8c453d73781b4e2a5bd73a6cbe02d9829fb19,P10415,original_six,False,-1.321791648864746,-0.8564342558383942,-4.608827590942383,-6.300103664398193,-4.223511695861816,-5.044147650400798,32.0,54.0,36.0
context,Q92934,U,False,False,151,HSD17B8,261,b2bd0880c2da90aece54244e195521b3f42f0cfbe006650d3d09a3b9ec7ecd27,Q92506,False,BCL2,239,fff13b41ef65181ecfd036c714d8c453d73781b4e2a5bd73a6cbe02d9829fb19,P10415,original_six,False,-2.8095052242279053,-1.8154155015945435,-4.684593677520752,-7.496598243713379,-9.80966567993164,-7.330285867055257,192.0,157.0,130.0
context,Q92934,U,False,False,152,ETFB,255,73819fcc8127cd8b4525da980a57a1c7139167887058db9d95ca411408836a67,P38117,False,BCL2,239,fff13b41ef65181ecfd036c714d8c453d73781b4e2a5bd73a6cbe02d9829fb19,P10415,original_six,False,-3.2053698698679605,-2.1579761107762656,-8.436163902282715,-9.244053840637207,-5.991748332977295,-7.890655358632405,237.0,191.0,158.0
context,Q92934,U,False,False,153,MRPL28,256,ffe9c9753231efeb153f0347327004566509a374333ebd16f3252162777b513f,Q13084,False,BCL2,239,fff13b41ef65181ecfd036c714d8c453d73781b4e2a5bd73a6cbe02d9829fb19,P10415,original_six,False,-1.6258692741394043,0.37119218707084656,-9.816213607788086,-8.38634967803955,-9.640839576721191,-9.281134287516275,53.0,14.0,238.0
background,Q92934,U,False,False,154,RBM7,266,046343a8120d4913cebaa6a57d0f4a832d801b8c7599dde050d9de550e2abc65,Q9Y580,False,BCL2,239,fff13b41ef65181ecfd036c714d8c453d73781b4e2a5bd73a6cbe02d9829fb19,P10415,original_six,False,-1.544356147448222,-1.1026450594266255,-11.194272994995117,-10.146175384521484,-9.900504112243652,-10.413650830586752,46.0,79.0,284.0
background,Q92934,U,False,False,155,RAB40A,277,cc5d686387b86a2c6e17b3e252e6bce86400b185b70aec0591c65b0ef5b1d322,Q8WXH6,False,BCL2,239,fff13b41ef65181ecfd036c714d8c453d73781b4e2a5bd73a6cbe02d9829fb19,P10415,original_six,False,-2.9184327125549316,-2.3855974276860556,-11.711405754089355,-11.130546569824219,-7.5982794761657715,-10.146743933359781,208.0,214.0,278.0
background,Q92934,U,False,False,156,DPH5,285,0890bd09904370d5bbd88f288c3a05ce5346aac63149a21896df63670c9c0dd7,Q9H2P9,False,BCL2,239,fff13b41ef65181ecfd036c714d8c453d73781b4e2a5bd73a6cbe02d9829fb19,P10415,original_six,False,-2.429487864176432,-1.7986929019292195,-9.322760581970215,-7.900871753692627,-9.703498840332031,-8.975710391998291,142.0,156.0,227.0
background,Q92934,U,False,False,157,RSRP1,290,0b33a760c816a3e2bceadda87004c77606adba2218ffc4bdc3a152948bfef0f6,Q9BUV0,False,BCL2,239,fff13b41ef65181ecfd036c714d8c453d73781b4e2a5bd73a6cbe02d9829fb19,P10415,original_six,False,-3.935435136159261,-2.582491715749105,-9.087681770324707,-10.992121696472168,-8.653298377990723,-9.5777006149292,286.0,235.0,250.0
background,Q92934,U,False,False,158,RWDD2A,292,93fb37c38798463e827269a0abc87e1b7bfeb2017820badf67c70ba5a42574a8,Q9UIY3,False,BCL2,239,fff13b41ef65181ecfd036c714d8c453d73781b4e2a5bd73a6cbe02d9829fb19,P10415,original_six,False,-1.7822519938151042,-1.474231203397115,-8.733511924743652,-11.145715713500977,-8.895759582519531,-9.591662406921387,66.0,119.0,251.0
background,Q92934,U,False,False,159,GRAP2,330,92043fe21ca620bdf706024aea52747c1a733a3bdfc640beb4eb7ddf4699e794,O75791,False,BCL2,239,fff13b41ef65181ecfd036c714d8c453d73781b4e2a5bd73a6cbe02d9829fb19,P10415,original_six,False,-1.9032747745513916,-1.937185287475586,-11.88524341583252,-11.378396034240723,-10.48121452331543,-11.248284657796225,83.0,172.0,302.0
background,Q92934,U,False,False,160,SLC39A1,324,5e3a77bc0f9e8a3546133e966ca3c6019782236f2ff43f3272ec312fb275d021,Q9NY26,False,BCL2,239,fff13b41ef65181ecfd036c714d8c453d73781b4e2a5bd73a6cbe02d9829fb19,P10415,original_six,False,-3.386151075363159,-2.750747481981913,-3.1322994232177734,-3.695024013519287,-4.008429050445557,-3.611917495727539,253.0,252.0,15.0
background,Q92934,U,False,False,161,ZFAND2A,145,ba9989152fde389bde0000fa1128daa04318041613b03b1c0860b56684f2d8a9,Q8N6M9,False,BCL2,239,fff13b41ef65181ecfd036c714d8c453d73781b4e2a5bd73a6cbe02d9829fb19,P10415,original_six,False,-3.1449557145436606,-2.794920285542806,-4.837791442871094,-10.026698112487793,-8.209790229797363,-7.691426595052083,229.0,254.0,147.0
background,Q92934,U,False,False,162,CEP20,174,353c2dbe741f159cb79373d10bbe105657755c2c6641d18123165d92cec370f4,Q96NB1,False,BCL2,239,fff13b41ef65181ecfd036c714d8c453d73781b4e2a5bd73a6cbe02d9829fb19,P10415,original_six,False,-3.2608273029327393,-1.9880965153376262,-8.252955436706543,-8.499855041503906,-6.124879837036133,-7.62589677174886,244.0,178.0,144.0
background,Q92934,U,False,False,163,GSX1,264,1a8ca2780c943040c2e876822bd72771784d0302bed732960cabcbac3da84a06,Q9H4S2,False,BCL2,239,fff13b41ef65181ecfd036c714d8c453d73781b4e2a5bd73a6cbe02d9829fb19,P10415,original_six,False,-2.159152030944824,-1.2211088140805562,-6.674750328063965,-8.481393814086914,-10.026399612426758,-8.394181251525879,106.0,90.0,193.0
background,Q92934,U,False,False,164,C1GALT1C1L,315,fccf04fcc855c0be59e3c8a45d1454c2be5cbd80b80dc460ad5c375c9c832863,P0DN25,False,BCL2,239,fff13b41ef65181ecfd036c714d8c453d73781b4e2a5bd73a6cbe02d9829fb19,P10415,original_six,False,-2.6120707988739014,-3.3200742403666177,-4.556975364685059,-5.034852027893066,-3.948305130004883,-4.513377507527669,168.0,278.0,26.0
background,Q92934,U,False,False,165,ETFRF1,90,b884d7f67f420157a4a9bb5009f0b282a7a5d4c6ba489604531cfded271cb11b,Q6IPR1,False,BCL2,239,fff13b41ef65181ecfd036c714d8c453d73781b4e2a5bd73a6cbe02d9829fb19,P10415,original_six,False,-3.3988112608591714,-2.3587224880854287,-7.783344268798828,-7.09234619140625,-6.756157398223877,-7.210615952809651,254.0,210.0,122.0
background,Q92934,U,False,False,166,HAND1,215,d737c950241a13f4b79dd0c2bbcaa2d43e2c504099c528c2063f812759f19901,O96004,False,BCL2,239,fff13b41ef65181ecfd036c714d8c453d73781b4e2a5bd73a6cbe02d9829fb19,P10415,original_six,False,-2.5768158435821533,-2.5202674865722656,-10.948223114013672,-7.2142767906188965,-7.768947124481201,-8.643815676371256,164.0,229.0,205.0
background,Q92934,U,False,False,167,GJD2,321,14ddf9f5927e11b8f8ac0d7543fe99ce32ac8900218077735b8c56a8278d847f,Q9UKL4,False,BCL2,239,fff13b41ef65181ecfd036c714d8c453d73781b4e2a5bd73a6cbe02d9829fb19,P10415,original_six,False,-3.5315069357554116,-1.739323655764262,-3.5493838787078857,-5.741360187530518,-3.6686511039733887,-4.319798390070598,266.0,147.0,20.0
background,Q92934,U,False,False,168,DNAJC9,260,2b56a943547cca0303205acbb2c59802ee0fb8b5abe1839e7e394846735c7c86,Q8WXX5,False,BCL2,239,fff13b41ef65181ecfd036c714d8c453d73781b4e2a5bd73a6cbe02d9829fb19,P10415,original_six,False,-4.112655480702718,-2.944638967514038,-6.637153148651123,-8.526710510253906,-10.185417175292969,-8.449760278066,291.0,267.0,197.0
background,Q92934,U,False,False,169,NRN1,142,a60ba06782ce7fe96ae9801704f84a84987a3099ef148c3f1873c2cdac1b9c09,Q9NPD7,False,BCL2,239,fff13b41ef65181ecfd036c714d8c453d73781b4e2a5bd73a6cbe02d9829fb19,P10415,original_six,False,-4.477621396382649,-4.222605307896932,-3.8721272945404053,-7.096277713775635,-5.684346675872803,-5.550917228062947,295.0,298.0,58.0
background,Q92934,U,False,False,170,CFAP20,193,7409b121e1c9a810a39b74d262c2dacdceae0db98698147c85da389f49d1b915,Q9Y6A4,False,BCL2,239,fff13b41ef65181ecfd036c714d8c453d73781b4e2a5bd73a6cbe02d9829fb19,P10415,original_six,False,-1.1136831839879353,-1.785012682278951,-6.512128829956055,-9.564109802246094,-7.5033183097839355,-7.859852313995361,19.0,154.0,157.0
background,Q92934,U,False,False,171,RACK1,317,0fb9c278b1ae511c34c9c7808619afe5fe75fa69340fbf90bcc27b05d4715686,P63244,False,BCL2,239,fff13b41ef65181ecfd036c714d8c453d73781b4e2a5bd73a6cbe02d9829fb19,P10415,original_six,False,-3.6347299416859946,-1.9599142670631409,-8.510481834411621,-9.998299598693848,-4.111799240112305,-7.540193557739258,274.0,175.0,138.0
background,Q92934,U,False,False,172,VHL,213,9635f5e11bc2e95cb5b4aca19e52963af7b7cacd94b962e99be1d66499686daf,P40337,False,BCL2,239,fff13b41ef65181ecfd036c714d8c453d73781b4e2a5bd73a6cbe02d9829fb19,P10415,original_six,False,-1.006808082262675,0.5217029452323914,-9.942599296569824,-5.517613410949707,-5.995306015014648,-7.15183957417806,13.0,10.0,119.0
background,Q92934,U,False,False,173,RHOA,193,e9c693242056e3e52c610f376c507efdd776b8ec24d2f734813041d4254189e4,P61586,False,BCL2,239,fff13b41ef65181ecfd036c714d8c453d73781b4e2a5bd73a6cbe02d9829fb19,P10415,original_six,False,-3.0207161903381348,-3.3457934856414795,-9.42505931854248,-7.1332316398620605,-8.666996955871582,-8.408429304758707,213.0,280.0,195.0
background,Q92934,U,False,False,174,TRAV5,113,041f29a3c17af3e45e3d590d1dbd9d624a94986abebbbd858e9cb5d13dbaf43b,A0A0B4J249,False,BCL2,239,fff13b41ef65181ecfd036c714d8c453d73781b4e2a5bd73a6cbe02d9829fb19,P10415,original_six,False,-3.0676263173421225,-2.8537681897481284,-7.150129318237305,-3.2739415168762207,-5.123347282409668,-5.1824727058410645,219.0,262.0,40.0
background,Q92934,U,False,False,175,C1orf74,269,7a0b846a9200b6d0f5f70a37a57bbec74f6ef220571e5c7f07527295f704197e,Q96LT6,False,BCL2,239,fff13b41ef65181ecfd036c714d8c453d73781b4e2a5bd73a6cbe02d9829fb19,P10415,original_six,False,-1.0928773880004883,-0.5925077299276987,-4.6586384773254395,-6.249991416931152,-5.931177616119385,-5.613269170125325,16.0,37.0,62.0
background,Q92934,U,False,False,176,TAC4,113,d83e401630f1e87b033457f5acff7cc0250377737a310d5e4b3d9eb4ba2c2e5d,Q86UU9,False,BCL2,239,fff13b41ef65181ecfd036c714d8c453d73781b4e2a5bd73a6cbe02d9829fb19,P10415,original_six,False,-1.4642836252848308,-1.192752520243327,-3.4739480018615723,-4.188246726989746,-8.193618774414062,-5.285271167755127,45.0,87.0,45.0
background,Q92934,U,False,False,177,HLA-DRB4,266,9e906f5d59d4e4f8ec9dd9cc6132f5fe1551187f406ab7734456432e87ac7055,P13762,False,BCL2,239,fff13b41ef65181ecfd036c714d8c453d73781b4e2a5bd73a6cbe02d9829fb19,P10415,original_six,False,-2.0995599826176963,-2.331137220064799,-5.353542327880859,-3.8518309593200684,-4.661156177520752,-4.62217648824056,101.0,207.0,29.0
background,Q92934,U,False,False,178,FDX1,184,0d837addcb3c583056e03029a95e52a5bc6ea4c721c77a7eb71ac1d077dc752b,P10109,False,BCL2,239,fff13b41ef65181ecfd036c714d8c453d73781b4e2a5bd73a6cbe02d9829fb19,P10415,original_six,False,-1.164533297220866,-0.7193755308787028,-10.581798553466797,-8.603798866271973,-10.122735023498535,-9.769444147745768,21.0,44.0,263.0
background,Q92934,U,False,False,179,SPATA4,305,2ce3b23ec9cc5aed22b8231d57275afe4d094419393d199d8d311a79817b8cb8,Q8NEY3,False,BCL2,239,fff13b41ef65181ecfd036c714d8c453d73781b4e2a5bd73a6cbe02d9829fb19,P10415,original_six,False,-3.6225191752115884,-2.534892956415812,-10.063892364501953,-11.270232200622559,-9.81486988067627,-10.38299814860026,270.0,232.0,283.0
background,Q92934,U,False,False,180,APOBEC1,236,520b22acf8291ac62d918e0ac39ac331aa828b9119e33ad729df39e3bd4387cd,P41238,False,BCL2,239,fff13b41ef65181ecfd036c714d8c453d73781b4e2a5bd73a6cbe02d9829fb19,P10415,original_six,False,-1.8536349137624104,-0.9263632297515869,-7.7488813400268555,-5.0504021644592285,-5.3536458015441895,-6.050976435343425,77.0,59.0,74.0
background,Q92934,U,False,False,181,ERG28,140,ced9262ea7b495b998308dc1a2669fdedeb512a22fb11a2f640ca8b9ed7b41f8,Q9UKR5,False,BCL2,239,fff13b41ef65181ecfd036c714d8c453d73781b4e2a5bd73a6cbe02d9829fb19,P10415,original_six,False,-2.368652105331421,-1.2636627157529194,-3.3972012996673584,-2.3642737865448,-3.8036000728607178,-3.1883583863576255,130.0,94.0,8.0
background,Q92934,U,False,False,182,RAMP1,148,9d33c57ebb30dfe8f9a3eb4b292ab0fe259ea89fa662dac2fc589120aaf83788,O60894,False,BCL2,239,fff13b41ef65181ecfd036c714d8c453d73781b4e2a5bd73a6cbe02d9829fb19,P10415,original_six,False,-4.885172367095947,-4.8582353591918945,-4.780218124389648,-6.3645920753479,-4.818209648132324,-5.321006615956624,299.0,303.0,47.0
background,Q92934,U,False,False,183,GATD1,220,24895f7552f790d180c5a4dea9e2d245a220d8e7db3971f5a4ce4ecd740b4155,Q8NB37,False,BCL2,239,fff13b41ef65181ecfd036c714d8c453d73781b4e2a5bd73a6cbe02d9829fb19,P10415,original_six,False,-1.8419249455134075,-2.6578176816304526,-11.255657196044922,-5.681795120239258,-9.278865814208984,-8.738772710164389,72.0,245.0,215.0
background,Q92934,U,False,False,184,OR7D4,312,49fa4e1898eb62a82bedec5d0f49128063c810d6207823a12d8584f3c4a4ab99,Q8NG98,False,BCL2,239,fff13b41ef65181ecfd036c714d8c453d73781b4e2a5bd73a6cbe02d9829fb19,P10415,original_six,False,-2.9002959728240967,-1.6681298812230427,-7.304775714874268,-6.302216053009033,-8.178924560546875,-7.261972109476726,206.0,139.0,124.0
background,Q92934,U,False,False,185,GPX4,197,50d683b4d151074ef5261481009850d9c8649a14bf4f3d75789b7efb8e81482e,P36969,False,BCL2,239,fff13b41ef65181ecfd036c714d8c453d73781b4e2a5bd73a6cbe02d9829fb19,P10415,original_six,False,-1.40902046362559,-1.3620219628016155,-4.35814094543457,-8.15553092956543,-6.500283241271973,-6.337985038757324,40.0,104.0,86.0
background,Q92934,U,False,False,186,DUSP26,211,c4f9f24f9556b562ea41671342f97ddcb9a9a4f5ead0f0f3a0234ae9c0367d9b,Q9BV47,False,BCL2,239,fff13b41ef65181ecfd036c714d8c453d73781b4e2a5bd73a6cbe02d9829fb19,P10415,original_six,False,-1.6669717232386272,-0.7096282740434011,-8.005278587341309,-8.658486366271973,-8.51425552368164,-8.39267349243164,55.0,43.0,192.0
background,Q92934,U,False,False,187,RIMOC1,294,f1bd649666ad76c145e17513f44a027b726decc8d2c09a68d9b725e128d37d49,A6NDU8,False,BCL2,239,fff13b41ef65181ecfd036c714d8c453d73781b4e2a5bd73a6cbe02d9829fb19,P10415,original_six,False,-1.4242980082829793,-1.1737627188364665,-6.984969615936279,-6.301021575927734,-5.685343265533447,-6.32377815246582,41.0,85.0,85.0
background,Q92934,U,False,False,188,CBLN1,193,9ada9cf291d93318c7fb0587adb85e7f8ad24a852de86d183a84397e15710178,P23435,False,BCL2,239,fff13b41ef65181ecfd036c714d8c453d73781b4e2a5bd73a6cbe02d9829fb19,P10415,original_six,False,-3.4548534552256265,-2.645730972290039,-5.4401631355285645,-7.159804821014404,-7.946775913238525,-6.848914623260498,258.0,244.0,107.0
background,Q92934,U,False,False,189,RAB21,225,e186829c295e43770c0a07df45aec7fc6dac472dfa0a41707168f2b575bfc34c,Q9UL25,False,BCL2,239,fff13b41ef65181ecfd036c714d8c453d73781b4e2a5bd73a6cbe02d9829fb19,P10415,original_six,False,-3.454892635345459,-2.174638032913208,-10.261292457580566,-6.277779579162598,-7.202029228210449,-7.913700421651204,259.0,192.0,162.0
background,Q92934,U,False,False,190,OCIAD1,245,3705766b3774d5b91cd0dcb39295365601bc05213122022f48d8760e17cd38bd,Q9NX40,False,BCL2,239,fff13b41ef65181ecfd036c714d8c453d73781b4e2a5bd73a6cbe02d9829fb19,P10415,original_six,False,-1.021923343340556,0.17291054129600525,-3.6812586784362793,-3.247511863708496,-4.2941975593566895,-3.740989367167155,14.0,16.0,16.0
background,Q92934,U,False,False,191,MCEE,176,925118fbef385d1c30218a359353f4c5270e5569c1326b9f28969a98bb41baca,Q96PE7,False,BCL2,239,fff13b41ef65181ecfd036c714d8c453d73781b4e2a5bd73a6cbe02d9829fb19,P10415,original_six,False,-1.3366282383600872,-0.8017045656840006,-6.689679145812988,-8.301494598388672,-7.686192512512207,-7.559122085571289,34.0,48.0,140.0
background,Q92934,U,False,False,192,RNASEH2C,164,05e64ba6494a89fd17fcd5e5c93700a07fb63f2b0b3adf32991112817a84ffa6,Q8TDP1,False,BCL2,239,fff13b41ef65181ecfd036c714d8c453d73781b4e2a5bd73a6cbe02d9829fb19,P10415,original_six,False,-3.1922501722971597,-3.0665274461110434,-6.741240501403809,-7.282084941864014,-5.7099609375,-6.577762126922607,236.0,272.0,95.0
background,Q92934,U,False,False,193,PEX39,101,5302b3cad224f2c6a451d3c2c5d4d0885786aa09d8c5153c1fb6fc1ea0ea067a,Q5I0X4,False,BCL2,239,fff13b41ef65181ecfd036c714d8c453d73781b4e2a5bd73a6cbe02d9829fb19,P10415,original_six,False,-2.6393049558003745,-1.3378274937470753,-7.23129940032959,-7.42180871963501,-7.036519527435303,-7.229875882466634,171.0,100.0,123.0
background,Q92934,U,False,False,194,VAX2,290,8e76b0e766f793ac0f074453dbccd6b8003fc0c61ca32a09cc0d2c1e763da65f,Q9UIW0,False,BCL2,239,fff13b41ef65181ecfd036c714d8c453d73781b4e2a5bd73a6cbe02d9829fb19,P10415,original_six,False,-2.1033729712168374,-1.6162356734275818,-11.37797737121582,-9.858661651611328,-12.117315292358398,-11.117984771728516,102.0,130.0,301.0
background,Q92934,U,False,False,195,POLR2J3,115,31d65308457c25cc0981191905ab4bbf7b6e7c1f2c536d58642a329a3b562c2f,Q9H1A7,False,BCL2,239,fff13b41ef65181ecfd036c714d8c453d73781b4e2a5bd73a6cbe02d9829fb19,P10415,original_six,False,-2.5275060335795083,-1.966681977113088,-8.12580394744873,-10.141656875610352,-10.949103355407715,-9.7388547261556,156.0,176.0,262.0
background,Q92934,U,False,False,196,ALX1,326,fbb8ed909ca2e7ae5937829acb4d030b696ce8f5964a3e33681bc3f199286619,Q15699,False,BCL2,239,fff13b41ef65181ecfd036c714d8c453d73781b4e2a5bd73a6cbe02d9829fb19,P10415,original_six,False,-1.2309783299763997,0.1593954066435496,-6.832562446594238,-6.475189208984375,-9.841438293457031,-7.716396649678548,25.0,17.0,149.0
background,Q92934,U,False,False,197,LY6D,128,ecf2be03221c2a3824bdb8aef8e7a90df050213ac196daa6b7c11f2aa0b22876,Q14210,False,BCL2,239,fff13b41ef65181ecfd036c714d8c453d73781b4e2a5bd73a6cbe02d9829fb19,P10415,original_six,False,-2.3993157545725503,-2.6606993675231934,-8.087566375732422,-8.14974594116211,-7.476077079772949,-7.904463132222493,139.0,247.0,161.0
background,Q92934,U,False,False,198,KHDC3L,217,be9d31d08a8f83db1dded3a992b4439eb20610127393b9ec7d1eacde34bbd2c5,Q587J8,False,BCL2,239,fff13b41ef65181ecfd036c714d8c453d73781b4e2a5bd73a6cbe02d9829fb19,P10415,original_six,False,-2.6663296222686768,-0.971169094244639,-10.612397193908691,-9.815610885620117,-7.792210102081299,-9.406739393870035,175.0,62.0,245.0
background,Q92934,U,False,False,199,GFER,205,171c22f729902a102a66478aa76c11a70ad45a9704f7db161560ab4620e050bb,P55789,False,BCL2,239,fff13b41ef65181ecfd036c714d8c453d73781b4e2a5bd73a6cbe02d9829fb19,P10415,original_six,False,-3.052344481150309,-3.5098986625671387,-10.651230812072754,-10.949881553649902,-8.03236198425293,-9.877824783325195,218.0,289.0,268.0
background,Q92934,U,False,False,200,MRM2,246,18ca8754ed4603de28ea120dfe5bba27937062261a4e5f277b848f7de2fd6b64,Q9UI43,False,BCL2,239,fff13b41ef65181ecfd036c714d8c453d73781b4e2a5bd73a6cbe02d9829fb19,P10415,original_six,False,-3.2430014610290527,-1.3800514141718547,-7.737537860870361,-6.7532854080200195,-9.00728988647461,-7.832704385121663,242.0,107.0,155.0
background,Q92934,U,False,False,201,SLC39A2,309,4a91ea2645efecc4fc5da69b401a95abc3a96eb1e415dc619a2db3673bd47cfb,Q9NP94,False,BCL2,239,fff13b41ef65181ecfd036c714d8c453d73781b4e2a5bd73a6cbe02d9829fb19,P10415,original_six,False,-3.2187949816385903,-2.3946852684020996,-2.501469612121582,-3.909641742706299,-3.678036689758301,-3.363049348195394,239.0,216.0,11.0
background,Q92934,U,False,False,202,RHOQ,205,110343b4f8d5ba4fd6dbcb8cf2f4ed088575509a32d2afa866e35863a64333d5,P17081,False,BCL2,239,fff13b41ef65181ecfd036c714d8c453d73781b4e2a5bd73a6cbe02d9829fb19,P10415,original_six,False,-3.1766133308410645,-3.1597859064737954,-9.318852424621582,-10.610738754272461,-9.68002700805664,-9.86987272898356,232.0,274.0,267.0
background,Q92934,U,False,False,203,MPZL3,235,019f08724e3ea3b0fd9ab5d5b5b6ded1ba2e9174e8366f4d683390464681c3e2,Q6UWV2,False,BCL2,239,fff13b41ef65181ecfd036c714d8c453d73781b4e2a5bd73a6cbe02d9829fb19,P10415,original_six,False,-2.640582720438639,-2.4784825642903647,-8.286959648132324,-3.272775888442993,-5.672912120819092,-5.744215885798137,173.0,224.0,65.0
context,Q9BXH1,U,False,False,204,AK2,239,21f80c531548da527b9c9985963e968ed738e4abd3d13a77e9e253b5eb5e3368,P54819,False,BCL2,239,fff13b41ef65181ecfd036c714d8c453d73781b4e2a5bd73a6cbe02d9829fb19,P10415,original_six,False,-1.9721183776855469,-1.0276305476824443,-8.954487800598145,-8.286023139953613,-9.864764213562012,-9.035091718037924,91.0,70.0,229.0
context,Q9BXH1,U,False,False,205,PPTC7,304,c488d59fba6f7bb7a11092f08cd954fedb709e876b949e4f0741f24525d8c130,Q8NI37,False,BCL2,239,fff13b41ef65181ecfd036c714d8c453d73781b4e2a5bd73a6cbe02d9829fb19,P10415,original_six,False,-2.9000539779663086,-2.2257352272669473,-4.164667129516602,-7.220991611480713,-11.096900939941406,-7.494186560312907,205.0,199.0,136.0
context,Q9BXH1,U,False,False,206,AMACR,382,a80d4c389a5665f4c973094153831fdce12ed4da3c2f2ab0bd664d28197fdbe9,Q9UHK6,False,BCL2,239,fff13b41ef65181ecfd036c714d8c453d73781b4e2a5bd73a6cbe02d9829fb19,P10415,original_six,False,-2.6909192403157554,-1.3608026107152302,-7.8843865394592285,-12.18154239654541,-7.868980884552002,-9.311636606852213,179.0,103.0,239.0
context,Q9BXH1,U,False,False,207,METTL9,318,ef20287be5c12b8657b8e5e37fe7f95bf9bec4b1a86f4bca5771f4f4508f65a1,Q9H1A3,False,BCL2,239,fff13b41ef65181ecfd036c714d8c453d73781b4e2a5bd73a6cbe02d9829fb19,P10415,original_six,False,-2.3892385164896646,-0.8125640054543813,-5.373695373535156,-5.563578128814697,-5.9754228591918945,-5.637565453847249,137.0,50.0,63.0
context,Q9BXH1,U,False,False,208,NDUFAF5,345,e8b817ec4edc647a68df17ed46d9bee3810fd49cd3ce61144efbae991f1d3237,Q5TEU4,False,BCL2,239,fff13b41ef65181ecfd036c714d8c453d73781b4e2a5bd73a6cbe02d9829fb19,P10415,original_six,False,-3.323622703552246,-2.3933143615722656,-11.162095069885254,-7.7738494873046875,-11.04089069366455,-9.992278416951498,247.0,215.0,272.0
context,Q9BXH1,U,False,False,209,DUSP18,188,23943c4fbc24e21cb48f064508f363c924882e17e5f075c843a7ea0503c49480,Q8NEJ0,False,BCL2,239,fff13b41ef65181ecfd036c714d8c453d73781b4e2a5bd73a6cbe02d9829fb19,P10415,original_six,False,-1.5602279901504517,-1.7760547002156575,-11.165946006774902,-7.3546576499938965,-7.5322370529174805,-8.684280236562094,47.0,152.0,211.0
context,Q9BXH1,U,False,False,210,TFB1M,346,e86c0ba4884534162cad441f9e9c351771e93a67d544e71927bbe9fb64631ad1,Q8WVM0,False,BCL2,239,fff13b41ef65181ecfd036c714d8c453d73781b4e2a5bd73a6cbe02d9829fb19,P10415,original_six,False,-3.969978411992391,-3.75525164604187,-10.303464889526367,-11.65890884399414,-10.056705474853516,-10.673026402791342,287.0,292.0,292.0
context,Q9BXH1,U,False,False,211,CKB,381,34e816b382f4c1bf47bbe71a56b7ae3586f9a7416fe2a4fd122c044a2957d133,P12277,False,BCL2,239,fff13b41ef65181ecfd036c714d8c453d73781b4e2a5bd73a6cbe02d9829fb19,P10415,original_six,False,-2.5362626711527505,-3.030625820159912,-8.442582130432129,-8.146228790283203,-7.7745232582092285,-8.121111392974854,160.0,270.0,172.0
context,Q9BXH1,U,False,False,212,PPM1K,372,044dcfe1c1b173959a8fa62fab94e3efb9d7e607ee0ec6e0d2a26fbd2f3216ff,Q8N3J5,False,BCL2,239,fff13b41ef65181ecfd036c714d8c453d73781b4e2a5bd73a6cbe02d9829fb19,P10415,original_six,False,-3.082927942276001,-1.6250371932983398,-9.980810165405273,-9.978618621826172,-12.151793479919434,-10.703740755716959,221.0,134.0,293.0
context,Q9BXH1,U,False,False,213,AK4,223,a94f8cfb4ac3b29a0ababcb71a9d14512b4ad63c04d3f667f2ac4c25024e73e7,P27144,False,BCL2,239,fff13b41ef65181ecfd036c714d8c453d73781b4e2a5bd73a6cbe02d9829fb19,P10415,original_six,False,-1.904803991317749,-1.1105979681015015,-10.861189842224121,-9.995287895202637,-7.773632526397705,-9.543370087941488,84.0,81.0,249.0
context,Q9BXH1,U,False,False,214,ARMC1,282,4f73e43c543d89c5076c3da34db928e5a9aef5d03e34daf7d3114236845e640d,Q9NVT9,False,BCL2,239,fff13b41ef65181ecfd036c714d8c453d73781b4e2a5bd73a6cbe02d9829fb19,P10415,original_six,False,-1.1858584880828857,0.07381288210550944,-6.813699245452881,-6.360012054443359,-8.875962257385254,-7.349891185760498,22.0,21.0,131.0
context,Q9BXH1,U,False,False,215,EXOG,368,67bfc07862d44164b556972355d00e1218f34ddcb3f29e0dd6940d491e3a6002,Q9Y2C4,False,BCL2,239,fff13b41ef65181ecfd036c714d8c453d73781b4e2a5bd73a6cbe02d9829fb19,P10415,original_six,False,-2.3235788345336914,-1.550899863243103,-5.721338272094727,-5.60167932510376,-4.814083099365234,-5.37903356552124,123.0,125.0,50.0
context,Q9BXH1,U,False,False,216,PNPLA4,253,0d4d81d846d8c4d9955bdf783cc2f8a7fa78336a373721ffb11220cd743c9458,P41247,False,BCL2,239,fff13b41ef65181ecfd036c714d8c453d73781b4e2a5bd73a6cbe02d9829fb19,P10415,original_six,False,-2.676743189493815,-2.8613978226979575,-8.623597145080566,-7.666993618011475,-7.648849010467529,-7.97981325785319,177.0,263.0,166.0
context,Q9BXH1,U,False,False,217,MRPL50,158,a59c422617a2f8a51d53b8ca0a85466b705e235014481ad0207039ee6002c39b,Q8N5N7,False,BCL2,239,fff13b41ef65181ecfd036c714d8c453d73781b4e2a5bd73a6cbe02d9829fb19,P10415,original_six,False,-1.3177363475163777,-0.11839531858762105,-2.467557907104492,-2.925220489501953,-7.739165782928467,-4.377314726511638,31.0,25.0,24.0
context,Q9BXH1,U,False,False,218,BDH1,343,aef86dcafffb362998e55807c63b364d425af2eaac9940adcad34c25ba8b7ff5,Q02338,False,BCL2,239,fff13b41ef65181ecfd036c714d8c453d73781b4e2a5bd73a6cbe02d9829fb19,P10415,original_six,False,-3.4170990784962973,-2.62709108988444,-5.878857135772705,-3.0614376068115234,-8.139182090759277,-5.693158944447835,256.0,242.0,64.0
context,Q9BXH1,U,False,False,219,SMCP,116,549cd1b95d5af683c15c33bd028076aab1c943b25082b69d4e3a1147cb856dfe,P49901,False,BCL2,239,fff13b41ef65181ecfd036c714d8c453d73781b4e2a5bd73a6cbe02d9829fb19,P10415,original_six,False,-2.8314645290374756,-1.1003189484278362,-5.006887435913086,-5.557911396026611,-5.707717418670654,-5.424172083536784,196.0,78.0,51.0
context,Q9BXH1,U,False,False,220,MRPL45,306,e8127963f8d3a2196c9b6aa96866c2cf3d4d44932056ed516fb095449526fe05,Q9BRJ2,False,BCL2,239,fff13b41ef65181ecfd036c714d8c453d73781b4e2a5bd73a6cbe02d9829fb19,P10415,original_six,False,-2.7178125381469727,-0.7211441993713379,-8.485365867614746,-5.051938056945801,-4.763736724853516,-6.1003468831380205,184.0,45.0,75.0
context,Q9BXH1,U,False,False,221,MRPS16,137,3864761589c6a6f7be03aebe83c4a99d26e92e84a416a9631548561862bce815,Q9Y3D3,False,BCL2,239,fff13b41ef65181ecfd036c714d8c453d73781b4e2a5bd73a6cbe02d9829fb19,P10415,original_six,False,-3.979424238204956,-3.6806801160176597,-8.691713333129883,-9.839664459228516,-9.200555801391602,-9.243977864583334,288.0,291.0,237.0
context,Q9BXH1,U,False,False,222,KGD4,103,f2db2d2d6b9a070960dbd76f3485e532697d1de31263fe9da891c2dbb826a5c2,P82909,False,BCL2,239,fff13b41ef65181ecfd036c714d8c453d73781b4e2a5bd73a6cbe02d9829fb19,P10415,original_six,False,-1.9473010698954265,-0.3946418762207031,-8.3469820022583,-9.347400665283203,-8.100334167480469,-8.598238945007324,89.0,31.0,203.0
context,Q9BXH1,U,False,False,223,HADH,314,44422865b2b1a4d71288ab8fd130b74c7b913ab570a44816c7fb0f6dd6158f01,Q16836,False,BCL2,239,fff13b41ef65181ecfd036c714d8c453d73781b4e2a5bd73a6cbe02d9829fb19,P10415,original_six,False,-3.4492125511169434,-2.0817134777704873,-7.091019630432129,-3.7084906101226807,-5.046413898468018,-5.281974713007609,257.0,185.0,44.0
context,Q9BXH1,U,False,False,224,PPP6C,305,da2655887faf0814dfca605bd3f897b4db836d50865f62657470b9bbf194f803,O00743,False,BCL2,239,fff13b41ef65181ecfd036c714d8c453d73781b4e2a5bd73a6cbe02d9829fb19,P10415,original_six,False,-2.236655871073405,-1.6576160589853923,-7.705196380615234,-7.687766075134277,-9.600130081176758,-8.33103084564209,116.0,138.0,189.0
context,Q9BXH1,U,False,False,225,UNG,313,1f68148fd83ece2022f097c0183ad3a4bcc6d699c6f15b8d6b834e788cc219ab,P13051,False,BCL2,239,fff13b41ef65181ecfd036c714d8c453d73781b4e2a5bd73a6cbe02d9829fb19,P10415,original_six,False,-2.4215502738952637,-3.3132689793904624,-6.381089687347412,-7.509915828704834,-10.65778636932373,-8.182930628458658,140.0,277.0,176.0
context,Q9BXH1,U,False,False,226,PNKD,385,1e3f2744a509a423995eb613904c9f35be62dc49030351da8e8242ea145d1028,Q8N490,False,BCL2,239,fff13b41ef65181ecfd036c714d8c453d73781b4e2a5bd73a6cbe02d9829fb19,P10415,original_six,False,-1.941300908724467,-1.2426970799763997,-12.18089485168457,-11.855234146118164,-9.1636962890625,-11.066608428955078,87.0,92.0,300.0
context,Q9BXH1,U,False,False,227,TOMM34,309,cb4f72299b255c9c098a1f8f1f97bc8b483f46649c2a945cdedc67a193814613,Q15785,False,BCL2,239,fff13b41ef65181ecfd036c714d8c453d73781b4e2a5bd73a6cbe02d9829fb19,P10415,original_six,False,-1.5605384906133015,-0.9494315981864929,-7.148614406585693,-8.004603385925293,-8.95670223236084,-8.03664000829061,48.0,61.0,169.0
context,Q9BXH1,U,False,False,228,NUDT1,156,13e46f3bda9c34b9432ccbb79f65335eec4d7d753e97179ae8f100183fb747e4,P36639,False,BCL2,239,fff13b41ef65181ecfd036c714d8c453d73781b4e2a5bd73a6cbe02d9829fb19,P10415,original_six,False,-2.500456174214681,-3.0709991455078125,-8.357429504394531,-6.580411911010742,-8.048218727111816,-7.662020047505696,148.0,273.0,146.0
context,Q9BXH1,U,False,False,229,TK2,265,700aaca4d7c026aa2d745608c188ee190df15d5bfc52e364dd642c7d319ac6b0,O00142,False,BCL2,239,fff13b41ef65181ecfd036c714d8c453d73781b4e2a5bd73a6cbe02d9829fb19,P10415,original_six,False,-2.1191976070404053,-1.1042811572551727,-10.874685287475586,-11.173699378967285,-5.892470836639404,-9.313618501027426,103.0,80.0,241.0
context,Q9BXH1,U,False,False,230,BOLA3,107,6167d4e5f21ce0170c0431e522fab3056fb1e22c056053cdd63a1f37ee03b872,Q53S33,False,BCL2,239,fff13b41ef65181ecfd036c714d8c453d73781b4e2a5bd73a6cbe02d9829fb19,P10415,original_six,False,-3.681850035985311,-3.0211716492970786,-8.404414176940918,-10.943470001220703,-9.123637199401855,-9.490507125854492,277.0,269.0,248.0
context,Q9BXH1,U,False,False,231,CBR4,237,edb56c756f5809e89064b3238e57cdf654e52ac250ea9838bd13cdc9454d4c10,Q8N4T8,False,BCL2,239,fff13b41ef65181ecfd036c714d8c453d73781b4e2a5bd73a6cbe02d9829fb19,P10415,original_six,False,-3.409816344579061,-2.4214503367741904,-6.427335262298584,-7.954863548278809,-6.925342082977295,-7.1025136311848955,255.0,217.0,114.0
context,Q9BXH1,U,False,False,232,PDHB,359,7cb6e04ef1bc29d0fd2bbc5d3b8ecdf198095f2a2fca9e58f7b76c7e8581e5ff,P11177,False,BCL2,239,fff13b41ef65181ecfd036c714d8c453d73781b4e2a5bd73a6cbe02d9829fb19,P10415,original_six,False,-3.9268739223480225,-2.452596743901571,-6.810033321380615,-6.517899513244629,-6.064639091491699,-6.464190642038981,285.0,220.0,89.0
context,Q9BXH1,U,False,False,233,FHIT,147,8612f9c80e351cfe2dc6adbde253dc7f46362329f14c080ea6e0bd050910298f,P49789,False,BCL2,239,fff13b41ef65181ecfd036c714d8c453d73781b4e2a5bd73a6cbe02d9829fb19,P10415,original_six,False,-2.4235339164733887,-1.9862375656763713,-9.01305103302002,-8.761821746826172,-7.673200607299805,-8.482691129048666,141.0,177.0,198.0
context,Q9BXH1,U,False,False,234,MRPL47,250,a4ada16d69bc2ed9076926daea0b503d36d48073a0af1bc571df864363a2ecd4,Q9HD33,False,BCL2,239,fff13b41ef65181ecfd036c714d8c453d73781b4e2a5bd73a6cbe02d9829fb19,P10415,original_six,False,-3.303735891977946,-2.6326905886332193,-2.411050319671631,-5.094750881195068,-5.624598026275635,-4.376799742380778,246.0,243.0,23.0
context,Q9BXH1,U,False,False,235,MRPL44,332,bbeaa09c6fa69c831a8b6daaf1421a84b44493899a85842aa4a4041f2c0b37ff,Q9H9J2,False,BCL2,239,fff13b41ef65181ecfd036c714d8c453d73781b4e2a5bd73a6cbe02d9829fb19,P10415,original_six,False,-3.6087361176808677,-1.827701727549235,-5.756163597106934,-10.605121612548828,-10.059112548828125,-8.806799252827963,268.0,161.0,221.0
context,Q9BXH1,U,False,False,236,YWHAG,247,0472f1c5d0009e840b47541564d7889ed2461d4f06ea85258ecc0e027c476537,P61981,False,BCL2,239,fff13b41ef65181ecfd036c714d8c453d73781b4e2a5bd73a6cbe02d9829fb19,P10415,original_six,False,-1.822057803471883,-1.8226401656866074,-5.78530740737915,-8.230674743652344,-2.3261170387268066,-5.447366396586101,70.0,158.0,53.0
context,Q9BXH1,U,False,False,237,GOLPH3,298,d1b058705f2d9c86845771679d029d14848fd89789a3aaaa7006eae74da7c9fc,Q9H4A6,False,BCL2,239,fff13b41ef65181ecfd036c714d8c453d73781b4e2a5bd73a6cbe02d9829fb19,P10415,original_six,False,-3.283416430155436,-2.1830963691075644,-8.379029273986816,-7.233362197875977,-5.309352874755859,-6.973914782206218,245.0,194.0,110.0
context,Q9BXH1,U,False,False,238,MMADHC,296,c68db1df797313e84aa3ffb40346125155ef78b54b68fb5f2f09ca482dfb0ae2,Q9H3L0,False,BCL2,239,fff13b41ef65181ecfd036c714d8c453d73781b4e2a5bd73a6cbe02d9829fb19,P10415,original_six,False,-2.3458423614501953,-1.6500485738118489,-7.294963359832764,-7.446651458740234,-4.620031356811523,-6.453882058461507,127.0,136.0,88.0
context,Q9BXH1,U,False,False,239,MRPL52,123,399f2cf89de06ac4bdc0d6708bf3562d6c5b0663e3b2860e88b5f3b51032dab6,Q86TS9,False,BCL2,239,fff13b41ef65181ecfd036c714d8c453d73781b4e2a5bd73a6cbe02d9829fb19,P10415,original_six,False,-1.6829007069269817,-0.30508582790692645,-5.266923427581787,-6.596671104431152,-4.429682731628418,-5.431092421213786,57.0,28.0,52.0
context,Q9BXH1,U,False,False,240,PAM16,125,64bcce4d093d8eaea284fd138f8248ae06554c733180a59b53b591ae128a49b2,Q9Y3D7,False,BCL2,239,fff13b41ef65181ecfd036c714d8c453d73781b4e2a5bd73a6cbe02d9829fb19,P10415,original_six,False,-1.6750016609827678,-1.0580617189407349,-4.416563987731934,-7.733720779418945,-3.4475150108337402,-5.19926659266154,56.0,74.0,43.0
context,Q9BXH1,U,False,False,241,CDK1,297,1abdf9f5fe8a5ce4b11f9b7b9cbbd0bc1697da6c82615add5f03f1f0cb3a0cbf,P06493,False,BCL2,239,fff13b41ef65181ecfd036c714d8c453d73781b4e2a5bd73a6cbe02d9829fb19,P10415,original_six,False,-2.6325310866038003,-1.8773249785105388,-8.277445793151855,-9.460923194885254,-10.19918441772461,-9.312517801920572,169.0,168.0,240.0
context,Q9BXH1,U,False,False,242,PABPC5,382,ea3f8c84b919986387f47bc03eb829d11809b234261c45de227dc7c961e90a74,Q96DU9,False,BCL2,239,fff13b41ef65181ecfd036c714d8c453d73781b4e2a5bd73a6cbe02d9829fb19,P10415,original_six,False,-3.690652767817179,-2.818403482437134,-8.73395824432373,-10.37687873840332,-10.388647079467773,-9.833161354064941,278.0,261.0,266.0
context,Q9BXH1,U,False,False,243,RSAD2,361,33d2b64547640d7624a234de6e3466d9a330107597bc8de8dd574d3c4ecfa059,Q8WXG1,False,BCL2,239,fff13b41ef65181ecfd036c714d8c453d73781b4e2a5bd73a6cbe02d9829fb19,P10415,original_six,False,-3.3658852577209473,-1.3752296765645344,-7.10737943649292,-9.885589599609375,-7.701866149902344,-8.231611728668213,251.0,106.0,179.0
context,Q9BXH1,U,False,False,244,CLYBL,340,4fd413f8618d1f78903a0dedd7f210f421748d40c79e699b1d0106693244b4ca,Q8N0X4,False,BCL2,239,fff13b41ef65181ecfd036c714d8c453d73781b4e2a5bd73a6cbe02d9829fb19,P10415,original_six,False,-4.041848659515381,-2.7853805224100747,-11.261902809143066,-12.506806373596191,-5.6324782371521,-9.800395806630453,289.0,253.0,264.0
context,Q9BXH1,U,False,False,245,HAGH,308,885b20713ab5c7ca9779fb70abb556c5400d132735598ba1e77866eb4d1ccc0d,Q16775,False,BCL2,239,fff13b41ef65181ecfd036c714d8c453d73781b4e2a5bd73a6cbe02d9829fb19,P10415,original_six,False,-2.398033301035563,-1.6784680684407551,-10.012072563171387,-7.949793815612793,-6.454843521118164,-8.138903299967447,138.0,141.0,175.0
context,Q9BXH1,U,False,False,246,FDX2,183,a269d0529c47c05a245436c220dc1385076f353f35f3de6d9c40bf15878de014,Q6P4F2,False,BCL2,239,fff13b41ef65181ecfd036c714d8c453d73781b4e2a5bd73a6cbe02d9829fb19,P10415,original_six,False,-1.1014995972315471,-0.6833034406105677,-10.528484344482422,-11.23099136352539,-8.52169418334961,-10.09372329711914,18.0,42.0,275.0
context,Q9BXH1,U,False,False,247,ALKBH7,221,a4fc83f30f0105ccfb8c053a9f941ab653095a6b04d78db7e15cf920e831a9c7,Q9BT30,False,BCL2,239,fff13b41ef65181ecfd036c714d8c453d73781b4e2a5bd73a6cbe02d9829fb19,P10415,original_six,False,-0.3796371519565582,0.7690403858820597,-5.86354923248291,-9.898685455322266,-5.646803379058838,-7.136346022288005,5.0,6.0,118.0
context,Q9BXH1,U,False,False,248,RAD51,339,f4d04cca4e694e8ba963588b88105d083fe954dc619dcd894247ff3d226406d6,Q06609,False,BCL2,239,fff13b41ef65181ecfd036c714d8c453d73781b4e2a5bd73a6cbe02d9829fb19,P10415,original_six,False,-2.227983077367147,-1.5178611079851787,-8.308323860168457,-8.75113582611084,-7.531591892242432,-8.197017192840576,115.0,122.0,177.0
context,Q9BXH1,U,False,False,249,MRPS18C,142,c5232892f357ad771b22858538a465cb9950fa3127ad8dfe1af76beb8f08813e,Q9Y3D5,False,BCL2,239,fff13b41ef65181ecfd036c714d8c453d73781b4e2a5bd73a6cbe02d9829fb19,P10415,original_six,False,-1.7381011247634888,-1.3307432333628337,-6.695538520812988,-4.336012363433838,-4.562025547027588,-5.197858810424805,62.0,99.0,42.0
context,Q9BXH1,U,False,False,250,HINT2,163,f4517aaf05924d30a2cabd171961c994ba0a5d1a58256e01220043d030c9ff7f,Q9BX68,False,BCL2,239,fff13b41ef65181ecfd036c714d8c453d73781b4e2a5bd73a6cbe02d9829fb19,P10415,original_six,False,-2.3802855809529624,-1.825051446755727,-6.81417179107666,-6.603991985321045,-3.9154112339019775,-5.777858336766561,133.0,159.0,66.0
context,Q9BXH1,U,False,False,251,MRPL13,178,b9ffb49aada0184d93cbf9ef6d70ed158bd19b9a72d65d4e133e70216508c2b6,Q9BYD1,False,BCL2,239,fff13b41ef65181ecfd036c714d8c453d73781b4e2a5bd73a6cbe02d9829fb19,P10415,original_six,False,-1.8296072880427043,-1.0689414540926616,-5.7822089195251465,-7.485355377197266,-6.7809648513793945,-6.682843049367269,71.0,75.0,100.0
context,Q9BXH1,U,False,False,252,CHCHD1,118,d0e3a52021c42284b5959806ecea6d026410a1efec23c4d65d28448fa9db39ca,Q96BP2,False,BCL2,239,fff13b41ef65181ecfd036c714d8c453d73781b4e2a5bd73a6cbe02d9829fb19,P10415,original_six,False,-2.994146188100179,-2.314932346343994,-8.031068801879883,-7.7244181632995605,-10.513968467712402,-8.756485144297281,211.0,205.0,216.0
context,Q9BXH1,U,False,False,253,SULT1C2,296,de5bb0bccd47ab27a828e08dcc778064614ceab37feb52d91ce5715738a97f70,O00338,False,BCL2,239,fff13b41ef65181ecfd036c714d8c453d73781b4e2a5bd73a6cbe02d9829fb19,P10415,original_six,False,-2.505871375401815,-1.6417362292607625,-9.2334566116333,-11.764941215515137,-11.715364456176758,-10.904587427775065,150.0,135.0,296.0
background,Q9BXH1,U,False,False,254,MDH2,338,0a6342776d21661604a4528bcb4ab8e590387d27b1f3eba94c52c7deb6255ed2,P40926,False,BCL2,239,fff13b41ef65181ecfd036c714d8c453d73781b4e2a5bd73a6cbe02d9829fb19,P10415,original_six,False,-3.046955188115438,-3.2164905071258545,-11.540872573852539,-8.009405136108398,-6.849435806274414,-8.799904505411783,217.0,275.0,220.0
background,Q9BXH1,U,False,False,255,MORF4L1,362,bf9f79f7b04cc0cac621a9be4288d78389c3f47eb155bb9f74591bdd68560793,Q9UBU8,False,BCL2,239,fff13b41ef65181ecfd036c714d8c453d73781b4e2a5bd73a6cbe02d9829fb19,P10415,original_six,False,-3.0441288153330484,-2.2996113300323486,-9.326272964477539,-8.804800987243652,-5.756686210632324,-7.962586720784505,216.0,204.0,165.0
background,Q9BXH1,U,False,False,256,GAMT,236,012573999d576a3c0f9841625c6d7c3764de44c2e09863dd6a639e98bad24b6b,Q14353,False,BCL2,239,fff13b41ef65181ecfd036c714d8c453d73781b4e2a5bd73a6cbe02d9829fb19,P10415,original_six,False,-2.5120174884796143,-1.994858940442403,-5.982362270355225,-7.771474838256836,-4.983952522277832,-6.245929876963298,151.0,179.0,83.0
background,Q9BXH1,U,False,False,257,CMTM6,183,6abe040ed29286507905f55b3446dce5b180d75e65b729fc7b2081f73134faad,Q9NX76,False,BCL2,239,fff13b41ef65181ecfd036c714d8c453d73781b4e2a5bd73a6cbe02d9829fb19,P10415,original_six,False,-2.1627469857533774,-0.49297212560971576,-3.5935094356536865,-1.096798300743103,-2.3279271125793457,-2.3394116163253784,107.0,34.0,4.0
background,Q9BXH1,U,False,False,258,SPOUT1,376,92184d205b2594b62a641066f5969fc4b2d12efda05ecea0a3360df401e8a0ca,Q5T280,False,BCL2,239,fff13b41ef65181ecfd036c714d8c453d73781b4e2a5bd73a6cbe02d9829fb19,P10415,original_six,False,-3.859675884246826,-2.8103001912434897,-7.225261688232422,-8.672782897949219,-8.936771392822266,-8.278271993001303,283.0,260.0,187.0
background,Q9BXH1,U,False,False,259,CAAP1,361,1db7cade2861e61e445089ec8a7b068e692309529aa2ba46c6b2578b3132a6c2,Q9H8G2,False,BCL2,239,fff13b41ef65181ecfd036c714d8c453d73781b4e2a5bd73a6cbe02d9829fb19,P10415,original_six,False,-2.6987632115681968,-2.3321195443471274,-11.800454139709473,-7.92342472076416,-9.229293823242188,-9.651057561238607,180.0,208.0,256.0
background,Q9BXH1,U,False,False,260,POLR2I,125,5c200d49f91ea248a0c9441d603091aed887c43fd0bf9fa5afc48e8b70efb59c,P36954,False,BCL2,239,fff13b41ef65181ecfd036c714d8c453d73781b4e2a5bd73a6cbe02d9829fb19,P10415,original_six,False,-1.396380623181661,-0.8427302440007528,-8.406993865966797,-5.592477798461914,-8.772137641906738,-7.590536435445149,39.0,53.0,141.0
background,Q9BXH1,U,False,False,261,IGFBP4,258,d76dc9b0e8478d5ea124df655029c24233e6117f2a2daa2923f20451ca5fa758,P22692,False,BCL2,239,fff13b41ef65181ecfd036c714d8c453d73781b4e2a5bd73a6cbe02d9829fb19,P10415,original_six,False,-2.580329974492391,-3.0527064005533853,-6.868709087371826,-4.404553413391113,-4.218793869018555,-5.164018789927165,165.0,271.0,39.0
background,Q9BXH1,U,False,False,262,UBE2M,183,44a39c0abf90e9da9f443ec722b161d35249899412fcaa9128d2dcabff95ca11,P61081,False,BCL2,239,fff13b41ef65181ecfd036c714d8c453d73781b4e2a5bd73a6cbe02d9829fb19,P10415,original_six,False,-2.8186251322428384,-1.4385114510854085,-10.23808479309082,-9.436970710754395,-8.757120132446289,-9.477391878763834,193.0,113.0,247.0
background,Q9BXH1,U,False,False,263,C20orf204,189,6691abbe4a474d1f2ab27a1964313f8fa1aea44836eb103086b77c213c27acfa,A0A1B0GTL2,False,BCL2,239,fff13b41ef65181ecfd036c714d8c453d73781b4e2a5bd73a6cbe02d9829fb19,P10415,original_six,False,-4.898394743601481,-4.284862518310547,-8.037321090698242,-9.175813674926758,-8.798318862915039,-8.67048454284668,300.0,299.0,208.0
background,Q9BXH1,U,False,False,264,NMNAT2,307,60e59030474cf46771c63b47c3d85e5dc6753420e1e7a80e3d20f25c3087b7b2,Q9BZQ4,False,BCL2,239,fff13b41ef65181ecfd036c714d8c453d73781b4e2a5bd73a6cbe02d9829fb19,P10415,original_six,False,-2.6353280544281006,-2.666869322458903,-9.05435848236084,-8.13230037689209,-10.20816707611084,-9.131608645121256,170.0,248.0,234.0
background,Q9BXH1,U,False,False,265,SDCBP2,292,b26f487c6bbeb45acdf61a31c315d71738f99ada315a178c80cac6a1254de4f5,Q9H190,False,BCL2,239,fff13b41ef65181ecfd036c714d8c453d73781b4e2a5bd73a6cbe02d9829fb19,P10415,original_six,False,-0.7180689374605814,1.244999845822652,-6.623621463775635,-5.491547107696533,-4.324701309204102,-5.47995662689209,7.0,4.0,56.0
background,Q9BXH1,U,False,False,266,VAMP1,118,26bcc3f885e027278b23732c75546378f51922205e6825418fe1948ea6cec157,P23763,False,BCL2,239,fff13b41ef65181ecfd036c714d8c453d73781b4e2a5bd73a6cbe02d9829fb19,P10415,original_six,False,-2.9121870199839273,0.12156995137532552,-3.407831907272339,-1.361871361732483,-1.7324343919754028,-2.1673792203267417,207.0,19.0,3.0
background,Q9BXH1,U,False,False,267,PSMA4,261,26466ea37823d997802e82e1745c81d8eafc359776e80bfe8483b82692476bc2,P25789,False,BCL2,239,fff13b41ef65181ecfd036c714d8c453d73781b4e2a5bd73a6cbe02d9829fb19,P10415,original_six,False,-1.768770654996236,-0.21650540828704834,-10.499419212341309,-7.640267848968506,-7.479376792907715,-8.539687951405844,65.0,27.0,201.0
background,Q9BXH1,U,False,False,268,BPNT2,359,3acfe33c8cbd158db60d2372a91e3fde8accfe8e9d3ab2c2352b1001e4959260,Q9NX62,False,BCL2,239,fff13b41ef65181ecfd036c714d8c453d73781b4e2a5bd73a6cbe02d9829fb19,P10415,original_six,False,-1.909821351369222,-2.210221449534098,-2.700986385345459,-3.644076108932495,-2.5500259399414062,-2.96502947807312,85.0,197.0,6.0
background,Q9BXH1,U,False,False,269,TEX38,206,192e00dc4eb5fd365a3b0ecfb49398dc75754e776f4bb7f0e6f3a5bc9183ca47,Q6PEX7,False,BCL2,239,fff13b41ef65181ecfd036c714d8c453d73781b4e2a5bd73a6cbe02d9829fb19,P10415,original_six,False,-1.4300909042358398,0.745536595582962,-4.355154514312744,-3.1107606887817383,-2.838047504425049,-3.4346542358398438,42.0,8.0,13.0
background,Q9BXH1,U,False,False,270,HSPB6,160,52dbb9c68b19d953b96690e7ccc857bf4868938bed0d4685692e77a566ae9da7,O14558,False,BCL2,239,fff13b41ef65181ecfd036c714d8c453d73781b4e2a5bd73a6cbe02d9829fb19,P10415,original_six,False,-1.243440310160319,-2.2081371943155923,-6.390823841094971,-10.494926452636719,-6.873575210571289,-7.919775168100993,26.0,196.0,163.0
background,Q9BXH1,U,False,False,271,ING4,249,0fc2295702046f1a4eb946a26c7ec9132b0c784d344e5c504ebc0fbdae1afb81,Q9UNL4,False,BCL2,239,fff13b41ef65181ecfd036c714d8c453d73781b4e2a5bd73a6cbe02d9829fb19,P10415,original_six,False,-2.529614289601644,-2.084180394808451,-6.988266468048096,-9.244332313537598,-10.9900484085083,-9.074215730031332,158.0,186.0,233.0
background,Q9BXH1,U,False,False,272,CD300LF,290,e06490df5becd0276275dbabeb66501b7cf98d8f951f28b69452b42f804e4974,Q8TDQ1,False,BCL2,239,fff13b41ef65181ecfd036c714d8c453d73781b4e2a5bd73a6cbe02d9829fb19,P10415,original_six,False,-1.757170557975769,-0.539231946070989,-6.675983428955078,-3.207313060760498,-5.285849571228027,-5.056382020314534,64.0,36.0,37.0
background,Q9BXH1,U,False,False,273,IFNGR2,337,39f1023222b5396289e6b79ccc0bc7c99505cd46757ec2cb2a00f94d07521e2c,P38484,False,BCL2,239,fff13b41ef65181ecfd036c714d8c453d73781b4e2a5bd73a6cbe02d9829fb19,P10415,original_six,False,-1.850813627243042,-2.4485218127568564,-5.204544544219971,-4.267304420471191,-4.256024360656738,-4.575957775115967,75.0,219.0,28.0
background,Q9BXH1,U,False,False,274,KHK,298,a7ce43ba126cbaa29e2432cf5427930e37aed65aa840e2e74e94dbef23f00ba7,P50053,False,BCL2,239,fff13b41ef65181ecfd036c714d8c453d73781b4e2a5bd73a6cbe02d9829fb19,P10415,original_six,False,-2.056336243947347,-0.8313244680563608,-8.184776306152344,-6.869390964508057,-6.83651876449585,-7.296895345052083,98.0,51.0,127.0
background,Q9BXH1,U,False,False,275,RFFL,363,7a7dfa7c4b452bc74013ca88fc0403093a52f36ce90bb3145a20ece2fb03ca2e,Q8WZ73,False,BCL2,239,fff13b41ef65181ecfd036c714d8c453d73781b4e2a5bd73a6cbe02d9829fb19,P10415,original_six,False,-0.46108317375183105,0.48421016335487366,-6.685109615325928,-8.991545677185059,-5.67423152923584,-7.116962273915608,6.0,12.0,117.0
background,Q9BXH1,U,False,False,276,APOM,188,8b98146cbd1807b473bcdbc12f201731380b07146b2882db3f95a971ee16b5d5,O95445,False,BCL2,239,fff13b41ef65181ecfd036c714d8c453d73781b4e2a5bd73a6cbe02d9829fb19,P10415,original_six,False,-1.9904096126556396,-1.295625925064087,-3.818253755569458,-3.6452596187591553,-2.442344903945923,-3.3019527594248452,93.0,95.0,10.0
background,Q9BXH1,U,False,False,277,RAB40B,278,94a7c25f9a587ca594ca0822b6926ae6862d69c625894be66df5e410c21b3ff0,Q12829,False,BCL2,239,fff13b41ef65181ecfd036c714d8c453d73781b4e2a5bd73a6cbe02d9829fb19,P10415,original_six,False,-2.8067038853963218,-2.61704691251119,-12.045838356018066,-10.59990406036377,-6.775348663330078,-9.80703035990397,191.0,240.0,265.0
background,Q9BXH1,U,False,False,278,SST,116,c2e72eb229222becb695310f38318a7dab353d30d98899c1083e97041ceec316,P61278,False,BCL2,239,fff13b41ef65181ecfd036c714d8c453d73781b4e2a5bd73a6cbe02d9829fb19,P10415,original_six,False,-3.0210769971211753,-3.6459054946899414,-5.932897090911865,-6.168408393859863,-5.833608627319336,-5.9783047040303545,214.0,290.0,72.0
background,Q9BXH1,U,False,False,279,MDFIC,246,1286e0ee34b64e37ccebae2454eded03f97dc2e6d39a1e8299917a6e83ecc855,Q9P1T7,False,BCL2,239,fff13b41ef65181ecfd036c714d8c453d73781b4e2a5bd73a6cbe02d9829fb19,P10415,original_six,False,0.009601816534996033,2.0748256047566733,-9.007518768310547,-4.97625732421875,-4.349099636077881,-6.110958576202393,2.0,2.0,77.0
background,Q9BXH1,U,False,False,280,GTF2A1,376,21e4a468605657df0c26aa9cb24f8b8b94056e0d6442a0cb7456673c9aeb6da1,P52655,False,BCL2,239,fff13b41ef65181ecfd036c714d8c453d73781b4e2a5bd73a6cbe02d9829fb19,P10415,original_six,False,-1.391074776649475,0.08385207255681355,-6.425644397735596,-9.616969108581543,-6.8342084884643555,-7.625607331593831,38.0,20.0,143.0
background,Q9BXH1,U,False,False,281,SPARC,303,83e4903637013a7105117caf22702db6d97a4decd94ca79cf33a334310086771,P09486,False,BCL2,239,fff13b41ef65181ecfd036c714d8c453d73781b4e2a5bd73a6cbe02d9829fb19,P10415,original_six,False,-2.178583860397339,-2.3756287892659507,-6.581600666046143,-6.231064796447754,-6.878124713897705,-6.563596725463867,111.0,213.0,93.0
background,Q9BXH1,U,False,False,282,GDAP1,358,5e4b5db0ebecd5878acdc48b80a7d7afc39d5185b8a70c9ec6aad38d49d0d419,Q8TB36,False,BCL2,239,fff13b41ef65181ecfd036c714d8c453d73781b4e2a5bd73a6cbe02d9829fb19,P10415,original_six,False,-2.0688705444335938,-0.6256593465805054,-3.763869285583496,-6.847198009490967,-4.750611305236816,-5.120559533437093,99.0,39.0,38.0
background,Q9BXH1,U,False,False,283,SCG5,212,b44a69577579b37ad2e1753f64bc1023d6553465f325e62f5d1916810e386168,P05408,False,BCL2,239,fff13b41ef65181ecfd036c714d8c453d73781b4e2a5bd73a6cbe02d9829fb19,P10415,original_six,False,-1.3249802986780803,-1.5778985619544983,-5.722109794616699,-5.854341983795166,-6.20196008682251,-5.926137288411458,33.0,126.0,70.0
background,Q9BXH1,U,False,False,284,MAGEB1,347,6cb8d7574278efe41a7cfa03a30e3d1b14884453aa1f5a1b5a224d8139a7ce50,P43366,False,BCL2,239,fff13b41ef65181ecfd036c714d8c453d73781b4e2a5bd73a6cbe02d9829fb19,P10415,original_six,False,-2.4368823369344077,-1.3561034202575684,-6.604963779449463,-10.83846378326416,-6.935919761657715,-8.12644910812378,143.0,102.0,174.0
background,Q9BXH1,U,False,False,285,HSPB2,182,65d02eb4d1cd8de5288d6f7cb12e251bffb79f2f4d84cabd36dfb31d55b028ed,Q16082,False,BCL2,239,fff13b41ef65181ecfd036c714d8c453d73781b4e2a5bd73a6cbe02d9829fb19,P10415,original_six,False,-1.4306092262268066,-1.40853613615036,-8.921102523803711,-11.520909309387207,-10.103381156921387,-10.181797663370768,43.0,111.0,280.0
background,Q9BXH1,U,False,False,286,CST11,138,b073faf974506b6fb6671cda6e04d7fd50eecfb04408fb8b2eb49f555c699cf7,Q9H112,False,BCL2,239,fff13b41ef65181ecfd036c714d8c453d73781b4e2a5bd73a6cbe02d9829fb19,P10415,original_six,False,-2.8531527519226074,-2.0189446210861206,-7.3160576820373535,-5.024349212646484,-8.082618713378906,-6.807675202687581,199.0,181.0,105.0
background,Q9BXH1,U,False,False,287,ING5,240,f5b33aa35c340f8df13b263fba8d6da848ff34636ed7b7b60df79982e2997455,Q8WYH8,False,BCL2,239,fff13b41ef65181ecfd036c714d8c453d73781b4e2a5bd73a6cbe02d9829fb19,P10415,original_six,False,-2.855143388112386,-2.695564309755961,-7.219845771789551,-7.860108375549316,-9.690603256225586,-8.256852467854818,200.0,251.0,182.0
background,Q9BXH1,U,False,False,288,YBX1,324,179380e5f15bc53b435184c51f8f9f82683e23db28354786dd1e218ee4ed49e0,P67809,False,BCL2,239,fff13b41ef65181ecfd036c714d8c453d73781b4e2a5bd73a6cbe02d9829fb19,P10415,original_six,False,-1.3149371147155762,-0.5154212315877279,-6.920719146728516,-9.510406494140625,-6.496748447418213,-7.642624696095784,30.0,35.0,145.0
background,Q9BXH1,U,False,False,289,UBALD2,164,10c1ae21f0dc3d54d5668a0bd126239973e3a30322eda3fab764ef583bdede60,Q8IYN6,False,BCL2,239,fff13b41ef65181ecfd036c714d8c453d73781b4e2a5bd73a6cbe02d9829fb19,P10415,original_six,False,-1.8825843731562297,-1.1690811961889267,-6.371321201324463,-6.862411022186279,-6.392225742340088,-6.541985988616943,80.0,84.0,91.0
background,Q9BXH1,U,False,False,290,RFC5,340,73c19ffe3b9ea05174b742d245e68f96904bb0aa2c913726529740e4df5e6711,P40937,False,BCL2,239,fff13b41ef65181ecfd036c714d8c453d73781b4e2a5bd73a6cbe02d9829fb19,P10415,original_six,False,-4.222618738810222,-2.502852519353231,-8.608209609985352,-5.760044574737549,-9.15534782409668,-7.841200669606526,292.0,228.0,156.0
background,Q9BXH1,U,False,False,291,AASDHPPT,309,39d0177cf14e36132595681a3946d8397e3b8ea3de5c040bdc2b819358606854,Q9NRN7,False,BCL2,239,fff13b41ef65181ecfd036c714d8c453d73781b4e2a5bd73a6cbe02d9829fb19,P10415,original_six,False,-1.9984989166259766,-1.7570003271102905,-5.369557857513428,-10.411137580871582,-10.668498039245605,-8.816397825876871,95.0,151.0,222.0
background,Q9BXH1,U,False,False,292,CLEC6A,209,4332a5c8f8f77e856167d7e8eec95bbf869678c5e7fca982d8c8e1880c299ac9,Q6EIG7,False,BCL2,239,fff13b41ef65181ecfd036c714d8c453d73781b4e2a5bd73a6cbe02d9829fb19,P10415,original_six,False,-2.38142720858256,-2.602676788965861,-5.81154203414917,-3.537938356399536,-5.590017795562744,-4.979832728703816,134.0,237.0,32.0
background,Q9BXH1,U,False,False,293,SIKE1,207,3eaab5dc2027836aff08ce5b1dfee9b056986e36249a78ce6971598c3e7b9deb,Q9BRV8,False,BCL2,239,fff13b41ef65181ecfd036c714d8c453d73781b4e2a5bd73a6cbe02d9829fb19,P10415,original_six,False,-2.175361712773641,-1.9949735800425212,-9.19963550567627,-9.800105094909668,-6.632025718688965,-8.543922106424967,110.0,180.0,202.0
background,Q9BXH1,U,False,False,294,FN3K,309,6d74f898d462783bda160807fd581db11ef2c7d627b2b5ac1c8e3c30d18c47a6,Q9H479,False,BCL2,239,fff13b41ef65181ecfd036c714d8c453d73781b4e2a5bd73a6cbe02d9829fb19,P10415,original_six,False,-3.14831805229187,-3.3764212131500244,-11.231987953186035,-9.187369346618652,-12.576591491699219,-10.998649597167969,230.0,284.0,298.0
background,Q9BXH1,U,False,False,295,MYOZ2,264,515661a0c020b31c8dd6d52c89c3ebc1bd0b6a8cf3808b669508d8f8b59a0edb,Q9NPC6,False,BCL2,239,fff13b41ef65181ecfd036c714d8c453d73781b4e2a5bd73a6cbe02d9829fb19,P10415,original_six,False,-2.8404595057169595,-1.053693453470866,-6.600367546081543,-10.39246940612793,-7.95537805557251,-8.31607166926066,197.0,73.0,188.0
background,Q9BXH1,U,False,False,296,IGLV5-37,123,50ea07c6475494974a417d729b1741a776b7919c11c4c35e03a96469965ca8be,A0A075B6J1,False,BCL2,239,fff13b41ef65181ecfd036c714d8c453d73781b4e2a5bd73a6cbe02d9829fb19,P10415,original_six,False,-2.884087324142456,-2.3639845848083496,-7.834906101226807,-4.325851917266846,-5.9491424560546875,-6.036633491516113,204.0,211.0,73.0
background,Q9BXH1,U,False,False,297,SPIN1,262,e310043d779c711bdbbc7927c6ee45d3ac117dedb8efb360698474770561cf32,Q9Y657,False,BCL2,239,fff13b41ef65181ecfd036c714d8c453d73781b4e2a5bd73a6cbe02d9829fb19,P10415,original_six,False,-2.7593398094177246,-1.8512293100357056,-9.749679565429688,-6.113251686096191,-8.895903587341309,-8.252944946289062,186.0,165.0,181.0
background,Q9BXH1,U,False,False,298,ZSCAN16,348,1220de580f66ba5a779b8dbfe0645e905a2a137b87bf1615a6b50ba562f9f0a3,Q9H4T2,False,BCL2,239,fff13b41ef65181ecfd036c714d8c453d73781b4e2a5bd73a6cbe02d9829fb19,P10415,original_six,False,-3.7639266649881997,-1.9380685091018677,-10.49902629852295,-9.283205032348633,-10.022662162780762,-9.934964497884115,280.0,173.0,271.0
background,Q9BXH1,U,False,False,299,NAPG,312,e4347024dd21efe71a4505f29468a39ef72b9cbf5f082dd38de48b99060e36d4,Q99747,False,BCL2,239,fff13b41ef65181ecfd036c714d8c453d73781b4e2a5bd73a6cbe02d9829fb19,P10415,original_six,False,-2.8207428455352783,-2.1181275049845376,-5.948065280914307,-7.309859752655029,-5.539061546325684,-6.26566219329834,194.0,188.0,84.0
background,Q9BXH1,U,False,False,300,CLMP,373,65cdd26b854f0649bc657507d1b7063228a900a124112f6fe4e8924b10f16298,Q9H6B4,False,BCL2,239,fff13b41ef65181ecfd036c714d8c453d73781b4e2a5bd73a6cbe02d9829fb19,P10415,original_six,False,-4.390377521514893,-3.7678352197011313,-8.277987480163574,-2.8036537170410156,-8.849574089050293,-6.643738428751628,294.0,294.0,96.0
background,Q9BXH1,U,False,False,301,TARM1,271,c24b03d9d13d754f7d4329288782c4e54985bfd0e741808ee38f60372a26f061,B6A8C7,False,BCL2,239,fff13b41ef65181ecfd036c714d8c453d73781b4e2a5bd73a6cbe02d9829fb19,P10415,original_six,False,-2.342668294906616,-1.7100909948349,-5.614729881286621,-7.92909049987793,-7.319357872009277,-6.954392751057942,125.0,144.0,109.0
background,Q9BXH1,U,False,False,302,POPDC3,291,eec4bfb5ac3b512217d7fc92ea99e041b9c6152c5aa31e623898dcd13e97297e,Q9HBV1,False,BCL2,239,fff13b41ef65181ecfd036c714d8c453d73781b4e2a5bd73a6cbe02d9829fb19,P10415,original_six,False,-2.178779125213623,-1.2222246726353962,-5.350375175476074,-6.517638683319092,-4.910300254821777,-5.5927713712056475,112.0,91.0,60.0
background,Q9BXH1,U,False,False,303,TRBV27,114,da4de2c75113fb2b41f26e00ecf5f285e51a991a2af132ec6555235fd64d715e,A0A0K0K1C4,False,BCL2,239,fff13b41ef65181ecfd036c714d8c453d73781b4e2a5bd73a6cbe02d9829fb19,P10415,original_six,False,-2.255287488301595,-2.484975576400757,-6.0177001953125,-3.052288055419922,-6.05608606338501,-5.0420247713724775,118.0,226.0,35.0
