target,model,positive_subset,U_stratum,P,U,panel_size,P_vs_U_concordance,average_precision,first_positive_rank_min,first_positive_rank_max,first_positive_rank_expected,reciprocal_rank,recovered_P_at_5,recall_at_5,known_positive_precision_at_5,EF_at_5,NDCG_at_5,target_success_at_5,recovered_P_at_10,recall_at_10,known_positive_precision_at_10,EF_at_10,NDCG_at_10,target_success_at_10,recovered_P_at_20,recall_at_20,known_positive_precision_at_20,EF_at_20,NDCG_at_20,target_success_at_20
ERN1,ipin_baseline,all_P,all_U,4,400,404,0.475,0.02209216360971506,18,18,18.0,0.05555555555555555,0.0,0.0,0.0,0.0,0.0,0.0,0.0,0.0,0.0,0.0,0.0,0.0,1.0,0.25,0.05,5.05,0.09189894336865458,1.0
ERN1,ipin_baseline,all_P,context,4,200,204,0.46,0.03500575511445077,13,13,13.0,0.07692307692307693,0.0,0.0,0.0,0.0,0.0,0.0,0.0,0.0,0.0,0.0,0.0,0.0,1.0,0.25,0.05,2.5500000000000003,0.10253313861822189,1.0
ERN1,ipin_baseline,all_P,background,4,200,204,0.49,0.05840617715617715,6,6,6.0,0.16666666666666666,0.0,0.0,0.0,0.0,0.0,0.0,1.0,0.25,0.1,5.1000000000000005,0.13905617951077562,1.0,1.0,0.25,0.05,2.5500000000000003,0.13905617951077562,1.0
ERN1,ipin_baseline,exclude_development_P,all_U,4,400,404,0.475,0.02209216360971506,18,18,18.0,0.05555555555555555,0.0,0.0,0.0,0.0,0.0,0.0,0.0,0.0,0.0,0.0,0.0,0.0,1.0,0.25,0.05,5.05,0.09189894336865458,1.0
ERN1,ipin_baseline,exclude_development_P,context,4,200,204,0.46,0.03500575511445077,13,13,13.0,0.07692307692307693,0.0,0.0,0.0,0.0,0.0,0.0,0.0,0.0,0.0,0.0,0.0,0.0,1.0,0.25,0.05,2.5500000000000003,0.10253313861822189,1.0
ERN1,ipin_baseline,exclude_development_P,background,4,200,204,0.49,0.05840617715617715,6,6,6.0,0.16666666666666666,0.0,0.0,0.0,0.0,0.0,0.0,1.0,0.25,0.1,5.1000000000000005,0.13905617951077562,1.0,1.0,0.25,0.05,2.5500000000000003,0.13905617951077562,1.0
ERN1,ipin_baseline,exclude_development_P_and_homomers,all_U,3,400,403,0.31416666666666665,0.006984156420783819,169,169,169.0,0.005917159763313609,0.0,0.0,0.0,0.0,0.0,0.0,0.0,0.0,0.0,0.0,0.0,0.0,0.0,0.0,0.0,0.0,0.0,0.0
ERN1,ipin_baseline,exclude_development_P_and_homomers,context,3,200,203,0.3,0.013543956043956043,91,91,91.0,0.01098901098901099,0.0,0.0,0.0,0.0,0.0,0.0,0.0,0.0,0.0,0.0,0.0,0.0,0.0,0.0,0.0,0.0,0.0,0.0
ERN1,ipin_baseline,exclude_development_P_and_homomers,background,3,200,203,0.3283333333333333,0.014234770265803338,79,79,79.0,0.012658227848101266,0.0,0.0,0.0,0.0,0.0,0.0,0.0,0.0,0.0,0.0,0.0,0.0,0.0,0.0,0.0,0.0,0.0,0.0
ERN1,ipin_baseline,exclude_prior_train_development_P,all_U,4,400,404,0.475,0.02209216360971506,18,18,18.0,0.05555555555555555,0.0,0.0,0.0,0.0,0.0,0.0,0.0,0.0,0.0,0.0,0.0,0.0,1.0,0.25,0.05,5.05,0.09189894336865458,1.0
ERN1,ipin_baseline,exclude_prior_train_development_P,context,4,200,204,0.46,0.03500575511445077,13,13,13.0,0.07692307692307693,0.0,0.0,0.0,0.0,0.0,0.0,0.0,0.0,0.0,0.0,0.0,0.0,1.0,0.25,0.05,2.5500000000000003,0.10253313861822189,1.0
ERN1,ipin_baseline,exclude_prior_train_development_P,background,4,200,204,0.49,0.05840617715617715,6,6,6.0,0.16666666666666666,0.0,0.0,0.0,0.0,0.0,0.0,1.0,0.25,0.1,5.1000000000000005,0.13905617951077562,1.0,1.0,0.25,0.05,2.5500000000000003,0.13905617951077562,1.0
ERN1,ipin_baseline,exclude_prior_train_development_P_and_homomers,all_U,3,400,403,0.31416666666666665,0.006984156420783819,169,169,169.0,0.005917159763313609,0.0,0.0,0.0,0.0,0.0,0.0,0.0,0.0,0.0,0.0,0.0,0.0,0.0,0.0,0.0,0.0,0.0,0.0
ERN1,ipin_baseline,exclude_prior_train_development_P_and_homomers,context,3,200,203,0.3,0.013543956043956043,91,91,91.0,0.01098901098901099,0.0,0.0,0.0,0.0,0.0,0.0,0.0,0.0,0.0,0.0,0.0,0.0,0.0,0.0,0.0,0.0,0.0,0.0
ERN1,ipin_baseline,exclude_prior_train_development_P_and_homomers,background,3,200,203,0.3283333333333333,0.014234770265803338,79,79,79.0,0.012658227848101266,0.0,0.0,0.0,0.0,0.0,0.0,0.0,0.0,0.0,0.0,0.0,0.0,0.0,0.0,0.0,0.0,0.0,0.0
ERN1,ipin_optimized,all_P,all_U,4,400,404,0.505,0.026332356452838383,14,14,14.0,0.07142857142857142,0.0,0.0,0.0,0.0,0.0,0.0,0.0,0.0,0.0,0.0,0.0,0.0,1.0,0.25,0.05,5.05,0.09992090652113537,1.0
ERN1,ipin_optimized,all_P,context,4,200,204,0.49,0.05789471816628731,6,6,6.0,0.16666666666666666,0.0,0.0,0.0,0.0,0.0,0.0,1.0,0.25,0.1,5.1000000000000005,0.13905617951077562,1.0,1.0,0.25,0.05,2.5500000000000003,0.13905617951077562,1.0
ERN1,ipin_optimized,all_P,background,4,200,204,0.52,0.045091070001141945,9,9,9.0,0.1111111111111111,0.0,0.0,0.0,0.0,0.0,0.0,1.0,0.25,0.1,5.1000000000000005,0.11751610475642714,1.0,1.0,0.25,0.05,2.5500000000000003,0.11751610475642714,1.0
ERN1,ipin_optimized,exclude_development_P,all_U,4,400,404,0.505,0.026332356452838383,14,14,14.0,0.07142857142857142,0.0,0.0,0.0,0.0,0.0,0.0,0.0,0.0,0.0,0.0,0.0,0.0,1.0,0.25,0.05,5.05,0.09992090652113537,1.0
ERN1,ipin_optimized,exclude_development_P,context,4,200,204,0.49,0.05789471816628731,6,6,6.0,0.16666666666666666,0.0,0.0,0.0,0.0,0.0,0.0,1.0,0.25,0.1,5.1000000000000005,0.13905617951077562,1.0,1.0,0.25,0.05,2.5500000000000003,0.13905617951077562,1.0
ERN1,ipin_optimized,exclude_development_P,background,4,200,204,0.52,0.045091070001141945,9,9,9.0,0.1111111111111111,0.0,0.0,0.0,0.0,0.0,0.0,1.0,0.25,0.1,5.1000000000000005,0.11751610475642714,1.0,1.0,0.25,0.05,2.5500000000000003,0.11751610475642714,1.0
ERN1,ipin_optimized,exclude_development_P_and_homomers,all_U,3,400,403,0.35083333333333333,0.007512294740351754,248,248,248.0,0.004032258064516129,0.0,0.0,0.0,0.0,0.0,0.0,0.0,0.0,0.0,0.0,0.0,0.0,0.0,0.0,0.0,0.0,0.0,0.0
ERN1,ipin_optimized,exclude_development_P_and_homomers,context,3,200,203,0.3283333333333333,0.01444681861348528,130,130,130.0,0.007692307692307693,0.0,0.0,0.0,0.0,0.0,0.0,0.0,0.0,0.0,0.0,0.0,0.0,0.0,0.0,0.0,0.0,0.0,0.0
ERN1,ipin_optimized,exclude_development_P_and_homomers,background,3,200,203,0.37333333333333335,0.015380830593106807,119,119,119.0,0.008403361344537815,0.0,0.0,0.0,0.0,0.0,0.0,0.0,0.0,0.0,0.0,0.0,0.0,0.0,0.0,0.0,0.0,0.0,0.0
ERN1,ipin_optimized,exclude_prior_train_development_P,all_U,4,400,404,0.505,0.026332356452838383,14,14,14.0,0.07142857142857142,0.0,0.0,0.0,0.0,0.0,0.0,0.0,0.0,0.0,0.0,0.0,0.0,1.0,0.25,0.05,5.05,0.09992090652113537,1.0
ERN1,ipin_optimized,exclude_prior_train_development_P,context,4,200,204,0.49,0.05789471816628731,6,6,6.0,0.16666666666666666,0.0,0.0,0.0,0.0,0.0,0.0,1.0,0.25,0.1,5.1000000000000005,0.13905617951077562,1.0,1.0,0.25,0.05,2.5500000000000003,0.13905617951077562,1.0
ERN1,ipin_optimized,exclude_prior_train_development_P,background,4,200,204,0.52,0.045091070001141945,9,9,9.0,0.1111111111111111,0.0,0.0,0.0,0.0,0.0,0.0,1.0,0.25,0.1,5.1000000000000005,0.11751610475642714,1.0,1.0,0.25,0.05,2.5500000000000003,0.11751610475642714,1.0
ERN1,ipin_optimized,exclude_prior_train_development_P_and_homomers,all_U,3,400,403,0.35083333333333333,0.007512294740351754,248,248,248.0,0.004032258064516129,0.0,0.0,0.0,0.0,0.0,0.0,0.0,0.0,0.0,0.0,0.0,0.0,0.0,0.0,0.0,0.0,0.0,0.0
ERN1,ipin_optimized,exclude_prior_train_development_P_and_homomers,context,3,200,203,0.3283333333333333,0.01444681861348528,130,130,130.0,0.007692307692307693,0.0,0.0,0.0,0.0,0.0,0.0,0.0,0.0,0.0,0.0,0.0,0.0,0.0,0.0,0.0,0.0,0.0,0.0
ERN1,ipin_optimized,exclude_prior_train_development_P_and_homomers,background,3,200,203,0.37333333333333335,0.015380830593106807,119,119,119.0,0.008403361344537815,0.0,0.0,0.0,0.0,0.0,0.0,0.0,0.0,0.0,0.0,0.0,0.0,0.0,0.0,0.0,0.0,0.0,0.0
ERN1,tuna_retrained,all_P,all_U,4,400,404,0.6575,0.2637616400158356,1,1,1.0,1.0,1.0,0.25,0.2,20.2,0.3903800499921017,1.0,1.0,0.25,0.1,10.1,0.3903800499921017,1.0,1.0,0.25,0.05,5.05,0.3903800499921017,1.0
ERN1,tuna_retrained,all_P,context,4,200,204,0.57375,0.2704905402347004,1,1,1.0,1.0,1.0,0.25,0.2,10.200000000000001,0.3903800499921017,1.0,1.0,0.25,0.1,5.1000000000000005,0.3903800499921017,1.0,1.0,0.25,0.05,2.5500000000000003,0.3903800499921017,1.0
ERN1,tuna_retrained,all_P,background,4,200,204,0.74125,0.2909296585767174,1,1,1.0,1.0,1.0,0.25,0.2,10.200000000000001,0.3903800499921017,1.0,1.0,0.25,0.1,5.1000000000000005,0.3903800499921017,1.0,1.0,0.25,0.05,2.5500000000000003,0.3903800499921017,1.0
ERN1,tuna_retrained,exclude_development_P,all_U,4,400,404,0.6575,0.2637616400158356,1,1,1.0,1.0,1.0,0.25,0.2,20.2,0.3903800499921017,1.0,1.0,0.25,0.1,10.1,0.3903800499921017,1.0,1.0,0.25,0.05,5.05,0.3903800499921017,1.0
ERN1,tuna_retrained,exclude_development_P,context,4,200,204,0.57375,0.2704905402347004,1,1,1.0,1.0,1.0,0.25,0.2,10.200000000000001,0.3903800499921017,1.0,1.0,0.25,0.1,5.1000000000000005,0.3903800499921017,1.0,1.0,0.25,0.05,2.5500000000000003,0.3903800499921017,1.0
ERN1,tuna_retrained,exclude_development_P,background,4,200,204,0.74125,0.2909296585767174,1,1,1.0,1.0,1.0,0.25,0.2,10.200000000000001,0.3903800499921017,1.0,1.0,0.25,0.1,5.1000000000000005,0.3903800499921017,1.0,1.0,0.25,0.05,2.5500000000000003,0.3903800499921017,1.0
ERN1,tuna_retrained,exclude_development_P_and_homomers,all_U,3,400,403,0.5433333333333333,0.011637320380489778,108,108,108.0,0.009259259259259259,0.0,0.0,0.0,0.0,0.0,0.0,0.0,0.0,0.0,0.0,0.0,0.0,0.0,0.0,0.0,0.0,0.0,0.0
ERN1,tuna_retrained,exclude_development_P_and_homomers,context,3,200,203,0.43166666666666664,0.01754330830218223,76,76,76.0,0.013157894736842105,0.0,0.0,0.0,0.0,0.0,0.0,0.0,0.0,0.0,0.0,0.0,0.0,0.0,0.0,0.0,0.0,0.0,0.0
ERN1,tuna_retrained,exclude_development_P_and_homomers,background,3,200,203,0.655,0.03468712327125967,33,33,33.0,0.030303030303030304,0.0,0.0,0.0,0.0,0.0,0.0,0.0,0.0,0.0,0.0,0.0,0.0,0.0,0.0,0.0,0.0,0.0,0.0
ERN1,tuna_retrained,exclude_prior_train_development_P,all_U,4,400,404,0.6575,0.2637616400158356,1,1,1.0,1.0,1.0,0.25,0.2,20.2,0.3903800499921017,1.0,1.0,0.25,0.1,10.1,0.3903800499921017,1.0,1.0,0.25,0.05,5.05,0.3903800499921017,1.0
ERN1,tuna_retrained,exclude_prior_train_development_P,context,4,200,204,0.57375,0.2704905402347004,1,1,1.0,1.0,1.0,0.25,0.2,10.200000000000001,0.3903800499921017,1.0,1.0,0.25,0.1,5.1000000000000005,0.3903800499921017,1.0,1.0,0.25,0.05,2.5500000000000003,0.3903800499921017,1.0
ERN1,tuna_retrained,exclude_prior_train_development_P,background,4,200,204,0.74125,0.2909296585767174,1,1,1.0,1.0,1.0,0.25,0.2,10.200000000000001,0.3903800499921017,1.0,1.0,0.25,0.1,5.1000000000000005,0.3903800499921017,1.0,1.0,0.25,0.05,2.5500000000000003,0.3903800499921017,1.0
ERN1,tuna_retrained,exclude_prior_train_development_P_and_homomers,all_U,3,400,403,0.5433333333333333,0.011637320380489778,108,108,108.0,0.009259259259259259,0.0,0.0,0.0,0.0,0.0,0.0,0.0,0.0,0.0,0.0,0.0,0.0,0.0,0.0,0.0,0.0,0.0,0.0
ERN1,tuna_retrained,exclude_prior_train_development_P_and_homomers,context,3,200,203,0.43166666666666664,0.01754330830218223,76,76,76.0,0.013157894736842105,0.0,0.0,0.0,0.0,0.0,0.0,0.0,0.0,0.0,0.0,0.0,0.0,0.0,0.0,0.0,0.0,0.0,0.0
ERN1,tuna_retrained,exclude_prior_train_development_P_and_homomers,background,3,200,203,0.655,0.03468712327125967,33,33,33.0,0.030303030303030304,0.0,0.0,0.0,0.0,0.0,0.0,0.0,0.0,0.0,0.0,0.0,0.0,0.0,0.0,0.0,0.0,0.0,0.0
TP53,ipin_baseline,all_P,all_U,3,300,303,0.5155555555555555,0.013401493330794195,76,76,76.0,0.013157894736842105,0.0,0.0,0.0,0.0,0.0,0.0,0.0,0.0,0.0,0.0,0.0,0.0,0.0,0.0,0.0,0.0,0.0,0.0
TP53,ipin_baseline,all_P,context,3,150,153,0.44222222222222224,0.023067210567210568,44,44,44.0,0.022727272727272728,0.0,0.0,0.0,0.0,0.0,0.0,0.0,0.0,0.0,0.0,0.0,0.0,0.0,0.0,0.0,0.0,0.0,0.0
TP53,ipin_baseline,all_P,background,3,150,153,0.5888888888888889,0.030984934336075666,33,33,33.0,0.030303030303030304,0.0,0.0,0.0,0.0,0.0,0.0,0.0,0.0,0.0,0.0,0.0,0.0,0.0,0.0,0.0,0.0,0.0,0.0
TP53,ipin_baseline,exclude_development_P,all_U,3,300,303,0.5155555555555555,0.013401493330794195,76,76,76.0,0.013157894736842105,0.0,0.0,0.0,0.0,0.0,0.0,0.0,0.0,0.0,0.0,0.0,0.0,0.0,0.0,0.0,0.0,0.0,0.0
TP53,ipin_baseline,exclude_development_P,context,3,150,153,0.44222222222222224,0.023067210567210568,44,44,44.0,0.022727272727272728,0.0,0.0,0.0,0.0,0.0,0.0,0.0,0.0,0.0,0.0,0.0,0.0,0.0,0.0,0.0,0.0,0.0,0.0
TP53,ipin_baseline,exclude_development_P,background,3,150,153,0.5888888888888889,0.030984934336075666,33,33,33.0,0.030303030303030304,0.0,0.0,0.0,0.0,0.0,0.0,0.0,0.0,0.0,0.0,0.0,0.0,0.0,0.0,0.0,0.0,0.0,0.0
TP53,ipin_baseline,exclude_development_P_and_homomers,all_U,3,300,303,0.5155555555555555,0.013401493330794195,76,76,76.0,0.013157894736842105,0.0,0.0,0.0,0.0,0.0,0.0,0.0,0.0,0.0,0.0,0.0,0.0,0.0,0.0,0.0,0.0,0.0,0.0
TP53,ipin_baseline,exclude_development_P_and_homomers,context,3,150,153,0.44222222222222224,0.023067210567210568,44,44,44.0,0.022727272727272728,0.0,0.0,0.0,0.0,0.0,0.0,0.0,0.0,0.0,0.0,0.0,0.0,0.0,0.0,0.0,0.0,0.0,0.0
TP53,ipin_baseline,exclude_development_P_and_homomers,background,3,150,153,0.5888888888888889,0.030984934336075666,33,33,33.0,0.030303030303030304,0.0,0.0,0.0,0.0,0.0,0.0,0.0,0.0,0.0,0.0,0.0,0.0,0.0,0.0,0.0,0.0,0.0,0.0
TP53,ipin_baseline,exclude_prior_train_development_P,all_U,3,300,303,0.5155555555555555,0.013401493330794195,76,76,76.0,0.013157894736842105,0.0,0.0,0.0,0.0,0.0,0.0,0.0,0.0,0.0,0.0,0.0,0.0,0.0,0.0,0.0,0.0,0.0,0.0
TP53,ipin_baseline,exclude_prior_train_development_P,context,3,150,153,0.44222222222222224,0.023067210567210568,44,44,44.0,0.022727272727272728,0.0,0.0,0.0,0.0,0.0,0.0,0.0,0.0,0.0,0.0,0.0,0.0,0.0,0.0,0.0,0.0,0.0,0.0
TP53,ipin_baseline,exclude_prior_train_development_P,background,3,150,153,0.5888888888888889,0.030984934336075666,33,33,33.0,0.030303030303030304,0.0,0.0,0.0,0.0,0.0,0.0,0.0,0.0,0.0,0.0,0.0,0.0,0.0,0.0,0.0,0.0,0.0,0.0
TP53,ipin_baseline,exclude_prior_train_development_P_and_homomers,all_U,3,300,303,0.5155555555555555,0.013401493330794195,76,76,76.0,0.013157894736842105,0.0,0.0,0.0,0.0,0.0,0.0,0.0,0.0,0.0,0.0,0.0,0.0,0.0,0.0,0.0,0.0,0.0,0.0
TP53,ipin_baseline,exclude_prior_train_development_P_and_homomers,context,3,150,153,0.44222222222222224,0.023067210567210568,44,44,44.0,0.022727272727272728,0.0,0.0,0.0,0.0,0.0,0.0,0.0,0.0,0.0,0.0,0.0,0.0,0.0,0.0,0.0,0.0,0.0,0.0
TP53,ipin_baseline,exclude_prior_train_development_P_and_homomers,background,3,150,153,0.5888888888888889,0.030984934336075666,33,33,33.0,0.030303030303030304,0.0,0.0,0.0,0.0,0.0,0.0,0.0,0.0,0.0,0.0,0.0,0.0,0.0,0.0,0.0,0.0,0.0,0.0
TP53,ipin_optimized,all_P,all_U,3,300,303,0.4777777777777778,0.01203983205747688,113,113,113.0,0.008849557522123894,0.0,0.0,0.0,0.0,0.0,0.0,0.0,0.0,0.0,0.0,0.0,0.0,0.0,0.0,0.0,0.0,0.0,0.0
TP53,ipin_optimized,all_P,context,3,150,153,0.4,0.020782458282458283,63,63,63.0,0.015873015873015872,0.0,0.0,0.0,0.0,0.0,0.0,0.0,0.0,0.0,0.0,0.0,0.0,0.0,0.0,0.0,0.0,0.0,0.0
TP53,ipin_optimized,all_P,background,3,150,153,0.5555555555555556,0.027825690437954756,51,51,51.0,0.0196078431372549,0.0,0.0,0.0,0.0,0.0,0.0,0.0,0.0,0.0,0.0,0.0,0.0,0.0,0.0,0.0,0.0,0.0,0.0
TP53,ipin_optimized,exclude_development_P,all_U,3,300,303,0.4777777777777778,0.01203983205747688,113,113,113.0,0.008849557522123894,0.0,0.0,0.0,0.0,0.0,0.0,0.0,0.0,0.0,0.0,0.0,0.0,0.0,0.0,0.0,0.0,0.0,0.0
TP53,ipin_optimized,exclude_development_P,context,3,150,153,0.4,0.020782458282458283,63,63,63.0,0.015873015873015872,0.0,0.0,0.0,0.0,0.0,0.0,0.0,0.0,0.0,0.0,0.0,0.0,0.0,0.0,0.0,0.0,0.0,0.0
TP53,ipin_optimized,exclude_development_P,background,3,150,153,0.5555555555555556,0.027825690437954756,51,51,51.0,0.0196078431372549,0.0,0.0,0.0,0.0,0.0,0.0,0.0,0.0,0.0,0.0,0.0,0.0,0.0,0.0,0.0,0.0,0.0,0.0
TP53,ipin_optimized,exclude_development_P_and_homomers,all_U,3,300,303,0.4777777777777778,0.01203983205747688,113,113,113.0,0.008849557522123894,0.0,0.0,0.0,0.0,0.0,0.0,0.0,0.0,0.0,0.0,0.0,0.0,0.0,0.0,0.0,0.0,0.0,0.0
TP53,ipin_optimized,exclude_development_P_and_homomers,context,3,150,153,0.4,0.020782458282458283,63,63,63.0,0.015873015873015872,0.0,0.0,0.0,0.0,0.0,0.0,0.0,0.0,0.0,0.0,0.0,0.0,0.0,0.0,0.0,0.0,0.0,0.0
TP53,ipin_optimized,exclude_development_P_and_homomers,background,3,150,153,0.5555555555555556,0.027825690437954756,51,51,51.0,0.0196078431372549,0.0,0.0,0.0,0.0,0.0,0.0,0.0,0.0,0.0,0.0,0.0,0.0,0.0,0.0,0.0,0.0,0.0,0.0
TP53,ipin_optimized,exclude_prior_train_development_P,all_U,3,300,303,0.4777777777777778,0.01203983205747688,113,113,113.0,0.008849557522123894,0.0,0.0,0.0,0.0,0.0,0.0,0.0,0.0,0.0,0.0,0.0,0.0,0.0,0.0,0.0,0.0,0.0,0.0
TP53,ipin_optimized,exclude_prior_train_development_P,context,3,150,153,0.4,0.020782458282458283,63,63,63.0,0.015873015873015872,0.0,0.0,0.0,0.0,0.0,0.0,0.0,0.0,0.0,0.0,0.0,0.0,0.0,0.0,0.0,0.0,0.0,0.0
TP53,ipin_optimized,exclude_prior_train_development_P,background,3,150,153,0.5555555555555556,0.027825690437954756,51,51,51.0,0.0196078431372549,0.0,0.0,0.0,0.0,0.0,0.0,0.0,0.0,0.0,0.0,0.0,0.0,0.0,0.0,0.0,0.0,0.0,0.0
TP53,ipin_optimized,exclude_prior_train_development_P_and_homomers,all_U,3,300,303,0.4777777777777778,0.01203983205747688,113,113,113.0,0.008849557522123894,0.0,0.0,0.0,0.0,0.0,0.0,0.0,0.0,0.0,0.0,0.0,0.0,0.0,0.0,0.0,0.0,0.0,0.0
TP53,ipin_optimized,exclude_prior_train_development_P_and_homomers,context,3,150,153,0.4,0.020782458282458283,63,63,63.0,0.015873015873015872,0.0,0.0,0.0,0.0,0.0,0.0,0.0,0.0,0.0,0.0,0.0,0.0,0.0,0.0,0.0,0.0,0.0,0.0
TP53,ipin_optimized,exclude_prior_train_development_P_and_homomers,background,3,150,153,0.5555555555555556,0.027825690437954756,51,51,51.0,0.0196078431372549,0.0,0.0,0.0,0.0,0.0,0.0,0.0,0.0,0.0,0.0,0.0,0.0,0.0,0.0,0.0,0.0,0.0,0.0
TP53,tuna_retrained,all_P,all_U,3,300,303,0.8244444444444444,0.036630036630036625,28,28,28.0,0.03571428571428571,0.0,0.0,0.0,0.0,0.0,0.0,0.0,0.0,0.0,0.0,0.0,0.0,0.0,0.0,0.0,0.0,0.0,0.0
TP53,tuna_retrained,all_P,context,3,150,153,0.7555555555555555,0.050555131790829724,23,23,23.0,0.043478260869565216,0.0,0.0,0.0,0.0,0.0,0.0,0.0,0.0,0.0,0.0,0.0,0.0,0.0,0.0,0.0,0.0,0.0,0.0
TP53,tuna_retrained,all_P,background,3,150,153,0.8933333333333333,0.1259259259259259,6,6,6.0,0.16666666666666666,0.0,0.0,0.0,0.0,0.0,0.0,1.0,0.3333333333333333,0.1,5.1000000000000005,0.16716045496620227,1.0,2.0,0.6666666666666666,0.1,5.1000000000000005,0.2776328499252997,1.0
TP53,tuna_retrained,exclude_development_P,all_U,3,300,303,0.8244444444444444,0.036630036630036625,28,28,28.0,0.03571428571428571,0.0,0.0,0.0,0.0,0.0,0.0,0.0,0.0,0.0,0.0,0.0,0.0,0.0,0.0,0.0,0.0,0.0,0.0
TP53,tuna_retrained,exclude_development_P,context,3,150,153,0.7555555555555555,0.050555131790829724,23,23,23.0,0.043478260869565216,0.0,0.0,0.0,0.0,0.0,0.0,0.0,0.0,0.0,0.0,0.0,0.0,0.0,0.0,0.0,0.0,0.0,0.0
TP53,tuna_retrained,exclude_development_P,background,3,150,153,0.8933333333333333,0.1259259259259259,6,6,6.0,0.16666666666666666,0.0,0.0,0.0,0.0,0.0,0.0,1.0,0.3333333333333333,0.1,5.1000000000000005,0.16716045496620227,1.0,2.0,0.6666666666666666,0.1,5.1000000000000005,0.2776328499252997,1.0
TP53,tuna_retrained,exclude_development_P_and_homomers,all_U,3,300,303,0.8244444444444444,0.036630036630036625,28,28,28.0,0.03571428571428571,0.0,0.0,0.0,0.0,0.0,0.0,0.0,0.0,0.0,0.0,0.0,0.0,0.0,0.0,0.0,0.0,0.0,0.0
TP53,tuna_retrained,exclude_development_P_and_homomers,context,3,150,153,0.7555555555555555,0.050555131790829724,23,23,23.0,0.043478260869565216,0.0,0.0,0.0,0.0,0.0,0.0,0.0,0.0,0.0,0.0,0.0,0.0,0.0,0.0,0.0,0.0,0.0,0.0
TP53,tuna_retrained,exclude_development_P_and_homomers,background,3,150,153,0.8933333333333333,0.1259259259259259,6,6,6.0,0.16666666666666666,0.0,0.0,0.0,0.0,0.0,0.0,1.0,0.3333333333333333,0.1,5.1000000000000005,0.16716045496620227,1.0,2.0,0.6666666666666666,0.1,5.1000000000000005,0.2776328499252997,1.0
TP53,tuna_retrained,exclude_prior_train_development_P,all_U,3,300,303,0.8244444444444444,0.036630036630036625,28,28,28.0,0.03571428571428571,0.0,0.0,0.0,0.0,0.0,0.0,0.0,0.0,0.0,0.0,0.0,0.0,0.0,0.0,0.0,0.0,0.0,0.0
TP53,tuna_retrained,exclude_prior_train_development_P,context,3,150,153,0.7555555555555555,0.050555131790829724,23,23,23.0,0.043478260869565216,0.0,0.0,0.0,0.0,0.0,0.0,0.0,0.0,0.0,0.0,0.0,0.0,0.0,0.0,0.0,0.0,0.0,0.0
TP53,tuna_retrained,exclude_prior_train_development_P,background,3,150,153,0.8933333333333333,0.1259259259259259,6,6,6.0,0.16666666666666666,0.0,0.0,0.0,0.0,0.0,0.0,1.0,0.3333333333333333,0.1,5.1000000000000005,0.16716045496620227,1.0,2.0,0.6666666666666666,0.1,5.1000000000000005,0.2776328499252997,1.0
TP53,tuna_retrained,exclude_prior_train_development_P_and_homomers,all_U,3,300,303,0.8244444444444444,0.036630036630036625,28,28,28.0,0.03571428571428571,0.0,0.0,0.0,0.0,0.0,0.0,0.0,0.0,0.0,0.0,0.0,0.0,0.0,0.0,0.0,0.0,0.0,0.0
TP53,tuna_retrained,exclude_prior_train_development_P_and_homomers,context,3,150,153,0.7555555555555555,0.050555131790829724,23,23,23.0,0.043478260869565216,0.0,0.0,0.0,0.0,0.0,0.0,0.0,0.0,0.0,0.0,0.0,0.0,0.0,0.0,0.0,0.0,0.0,0.0
TP53,tuna_retrained,exclude_prior_train_development_P_and_homomers,background,3,150,153,0.8933333333333333,0.1259259259259259,6,6,6.0,0.16666666666666666,0.0,0.0,0.0,0.0,0.0,0.0,1.0,0.3333333333333333,0.1,5.1000000000000005,0.16716045496620227,1.0,2.0,0.6666666666666666,0.1,5.1000000000000005,0.2776328499252997,1.0
EGFR,ipin_baseline,all_P,all_U,3,300,303,0.6366666666666667,0.0190102120974077,67,67,67.0,0.014925373134328358,0.0,0.0,0.0,0.0,0.0,0.0,0.0,0.0,0.0,0.0,0.0,0.0,0.0,0.0,0.0,0.0,0.0,0.0
EGFR,ipin_baseline,all_P,context,3,150,153,0.6266666666666667,0.035685838277301686,37,37,37.0,0.02702702702702703,0.0,0.0,0.0,0.0,0.0,0.0,0.0,0.0,0.0,0.0,0.0,0.0,0.0,0.0,0.0,0.0,0.0,0.0
EGFR,ipin_baseline,all_P,background,3,150,153,0.6466666666666666,0.03907998454057649,31,31,31.0,0.03225806451612903,0.0,0.0,0.0,0.0,0.0,0.0,0.0,0.0,0.0,0.0,0.0,0.0,0.0,0.0,0.0,0.0,0.0,0.0
EGFR,ipin_baseline,exclude_development_P,all_U,3,300,303,0.6366666666666667,0.0190102120974077,67,67,67.0,0.014925373134328358,0.0,0.0,0.0,0.0,0.0,0.0,0.0,0.0,0.0,0.0,0.0,0.0,0.0,0.0,0.0,0.0,0.0,0.0
EGFR,ipin_baseline,exclude_development_P,context,3,150,153,0.6266666666666667,0.035685838277301686,37,37,37.0,0.02702702702702703,0.0,0.0,0.0,0.0,0.0,0.0,0.0,0.0,0.0,0.0,0.0,0.0,0.0,0.0,0.0,0.0,0.0,0.0
EGFR,ipin_baseline,exclude_development_P,background,3,150,153,0.6466666666666666,0.03907998454057649,31,31,31.0,0.03225806451612903,0.0,0.0,0.0,0.0,0.0,0.0,0.0,0.0,0.0,0.0,0.0,0.0,0.0,0.0,0.0,0.0,0.0,0.0
EGFR,ipin_baseline,exclude_development_P_and_homomers,all_U,3,300,303,0.6366666666666667,0.0190102120974077,67,67,67.0,0.014925373134328358,0.0,0.0,0.0,0.0,0.0,0.0,0.0,0.0,0.0,0.0,0.0,0.0,0.0,0.0,0.0,0.0,0.0,0.0
EGFR,ipin_baseline,exclude_development_P_and_homomers,context,3,150,153,0.6266666666666667,0.035685838277301686,37,37,37.0,0.02702702702702703,0.0,0.0,0.0,0.0,0.0,0.0,0.0,0.0,0.0,0.0,0.0,0.0,0.0,0.0,0.0,0.0,0.0,0.0
EGFR,ipin_baseline,exclude_development_P_and_homomers,background,3,150,153,0.6466666666666666,0.03907998454057649,31,31,31.0,0.03225806451612903,0.0,0.0,0.0,0.0,0.0,0.0,0.0,0.0,0.0,0.0,0.0,0.0,0.0,0.0,0.0,0.0,0.0,0.0
EGFR,ipin_baseline,exclude_prior_train_development_P,all_U,3,300,303,0.6366666666666667,0.0190102120974077,67,67,67.0,0.014925373134328358,0.0,0.0,0.0,0.0,0.0,0.0,0.0,0.0,0.0,0.0,0.0,0.0,0.0,0.0,0.0,0.0,0.0,0.0
EGFR,ipin_baseline,exclude_prior_train_development_P,context,3,150,153,0.6266666666666667,0.035685838277301686,37,37,37.0,0.02702702702702703,0.0,0.0,0.0,0.0,0.0,0.0,0.0,0.0,0.0,0.0,0.0,0.0,0.0,0.0,0.0,0.0,0.0,0.0
EGFR,ipin_baseline,exclude_prior_train_development_P,background,3,150,153,0.6466666666666666,0.03907998454057649,31,31,31.0,0.03225806451612903,0.0,0.0,0.0,0.0,0.0,0.0,0.0,0.0,0.0,0.0,0.0,0.0,0.0,0.0,0.0,0.0,0.0,0.0
EGFR,ipin_baseline,exclude_prior_train_development_P_and_homomers,all_U,3,300,303,0.6366666666666667,0.0190102120974077,67,67,67.0,0.014925373134328358,0.0,0.0,0.0,0.0,0.0,0.0,0.0,0.0,0.0,0.0,0.0,0.0,0.0,0.0,0.0,0.0,0.0,0.0
EGFR,ipin_baseline,exclude_prior_train_development_P_and_homomers,context,3,150,153,0.6266666666666667,0.035685838277301686,37,37,37.0,0.02702702702702703,0.0,0.0,0.0,0.0,0.0,0.0,0.0,0.0,0.0,0.0,0.0,0.0,0.0,0.0,0.0,0.0,0.0,0.0
EGFR,ipin_baseline,exclude_prior_train_development_P_and_homomers,background,3,150,153,0.6466666666666666,0.03907998454057649,31,31,31.0,0.03225806451612903,0.0,0.0,0.0,0.0,0.0,0.0,0.0,0.0,0.0,0.0,0.0,0.0,0.0,0.0,0.0,0.0,0.0,0.0
EGFR,ipin_optimized,all_P,all_U,3,300,303,0.6333333333333333,0.017205371575494108,93,93,93.0,0.010752688172043012,0.0,0.0,0.0,0.0,0.0,0.0,0.0,0.0,0.0,0.0,0.0,0.0,0.0,0.0,0.0,0.0,0.0,0.0
EGFR,ipin_optimized,all_P,context,3,150,153,0.6666666666666666,0.03683772991107878,41,41,41.0,0.024390243902439025,0.0,0.0,0.0,0.0,0.0,0.0,0.0,0.0,0.0,0.0,0.0,0.0,0.0,0.0,0.0,0.0,0.0,0.0
EGFR,ipin_optimized,all_P,background,3,150,153,0.6,0.03125160078545206,53,53,53.0,0.018867924528301886,0.0,0.0,0.0,0.0,0.0,0.0,0.0,0.0,0.0,0.0,0.0,0.0,0.0,0.0,0.0,0.0,0.0,0.0
EGFR,ipin_optimized,exclude_development_P,all_U,3,300,303,0.6333333333333333,0.017205371575494108,93,93,93.0,0.010752688172043012,0.0,0.0,0.0,0.0,0.0,0.0,0.0,0.0,0.0,0.0,0.0,0.0,0.0,0.0,0.0,0.0,0.0,0.0
EGFR,ipin_optimized,exclude_development_P,context,3,150,153,0.6666666666666666,0.03683772991107878,41,41,41.0,0.024390243902439025,0.0,0.0,0.0,0.0,0.0,0.0,0.0,0.0,0.0,0.0,0.0,0.0,0.0,0.0,0.0,0.0,0.0,0.0
EGFR,ipin_optimized,exclude_development_P,background,3,150,153,0.6,0.03125160078545206,53,53,53.0,0.018867924528301886,0.0,0.0,0.0,0.0,0.0,0.0,0.0,0.0,0.0,0.0,0.0,0.0,0.0,0.0,0.0,0.0,0.0,0.0
EGFR,ipin_optimized,exclude_development_P_and_homomers,all_U,3,300,303,0.6333333333333333,0.017205371575494108,93,93,93.0,0.010752688172043012,0.0,0.0,0.0,0.0,0.0,0.0,0.0,0.0,0.0,0.0,0.0,0.0,0.0,0.0,0.0,0.0,0.0,0.0
EGFR,ipin_optimized,exclude_development_P_and_homomers,context,3,150,153,0.6666666666666666,0.03683772991107878,41,41,41.0,0.024390243902439025,0.0,0.0,0.0,0.0,0.0,0.0,0.0,0.0,0.0,0.0,0.0,0.0,0.0,0.0,0.0,0.0,0.0,0.0
EGFR,ipin_optimized,exclude_development_P_and_homomers,background,3,150,153,0.6,0.03125160078545206,53,53,53.0,0.018867924528301886,0.0,0.0,0.0,0.0,0.0,0.0,0.0,0.0,0.0,0.0,0.0,0.0,0.0,0.0,0.0,0.0,0.0,0.0
EGFR,ipin_optimized,exclude_prior_train_development_P,all_U,3,300,303,0.6333333333333333,0.017205371575494108,93,93,93.0,0.010752688172043012,0.0,0.0,0.0,0.0,0.0,0.0,0.0,0.0,0.0,0.0,0.0,0.0,0.0,0.0,0.0,0.0,0.0,0.0
EGFR,ipin_optimized,exclude_prior_train_development_P,context,3,150,153,0.6666666666666666,0.03683772991107878,41,41,41.0,0.024390243902439025,0.0,0.0,0.0,0.0,0.0,0.0,0.0,0.0,0.0,0.0,0.0,0.0,0.0,0.0,0.0,0.0,0.0,0.0
EGFR,ipin_optimized,exclude_prior_train_development_P,background,3,150,153,0.6,0.03125160078545206,53,53,53.0,0.018867924528301886,0.0,0.0,0.0,0.0,0.0,0.0,0.0,0.0,0.0,0.0,0.0,0.0,0.0,0.0,0.0,0.0,0.0,0.0
EGFR,ipin_optimized,exclude_prior_train_development_P_and_homomers,all_U,3,300,303,0.6333333333333333,0.017205371575494108,93,93,93.0,0.010752688172043012,0.0,0.0,0.0,0.0,0.0,0.0,0.0,0.0,0.0,0.0,0.0,0.0,0.0,0.0,0.0,0.0,0.0,0.0
EGFR,ipin_optimized,exclude_prior_train_development_P_and_homomers,context,3,150,153,0.6666666666666666,0.03683772991107878,41,41,41.0,0.024390243902439025,0.0,0.0,0.0,0.0,0.0,0.0,0.0,0.0,0.0,0.0,0.0,0.0,0.0,0.0,0.0,0.0,0.0,0.0
EGFR,ipin_optimized,exclude_prior_train_development_P_and_homomers,background,3,150,153,0.6,0.03125160078545206,53,53,53.0,0.018867924528301886,0.0,0.0,0.0,0.0,0.0,0.0,0.0,0.0,0.0,0.0,0.0,0.0,0.0,0.0,0.0,0.0,0.0,0.0
EGFR,tuna_retrained,all_P,all_U,3,300,303,0.7288888888888889,0.03298368298368298,20,20,20.0,0.05,0.0,0.0,0.0,0.0,0.0,0.0,0.0,0.0,0.0,0.0,0.0,0.0,1.0,0.3333333333333333,0.05,5.05,0.10684080426179023,1.0
EGFR,tuna_retrained,all_P,context,3,150,153,0.7777777777777778,0.07676256972031618,9,9,9.0,0.1111111111111111,0.0,0.0,0.0,0.0,0.0,0.0,1.0,0.3333333333333333,0.1,5.1000000000000005,0.14126697285982898,1.0,1.0,0.3333333333333333,0.05,2.5500000000000003,0.14126697285982898,1.0
EGFR,tuna_retrained,all_P,background,3,150,153,0.68,0.05434721872991925,12,12,12.0,0.08333333333333333,0.0,0.0,0.0,0.0,0.0,0.0,0.0,0.0,0.0,0.0,0.0,0.0,1.0,0.3333333333333333,0.05,2.5500000000000003,0.12681701683239352,1.0
EGFR,tuna_retrained,exclude_development_P,all_U,3,300,303,0.7288888888888889,0.03298368298368298,20,20,20.0,0.05,0.0,0.0,0.0,0.0,0.0,0.0,0.0,0.0,0.0,0.0,0.0,0.0,1.0,0.3333333333333333,0.05,5.05,0.10684080426179023,1.0
EGFR,tuna_retrained,exclude_development_P,context,3,150,153,0.7777777777777778,0.07676256972031618,9,9,9.0,0.1111111111111111,0.0,0.0,0.0,0.0,0.0,0.0,1.0,0.3333333333333333,0.1,5.1000000000000005,0.14126697285982898,1.0,1.0,0.3333333333333333,0.05,2.5500000000000003,0.14126697285982898,1.0
EGFR,tuna_retrained,exclude_development_P,background,3,150,153,0.68,0.05434721872991925,12,12,12.0,0.08333333333333333,0.0,0.0,0.0,0.0,0.0,0.0,0.0,0.0,0.0,0.0,0.0,0.0,1.0,0.3333333333333333,0.05,2.5500000000000003,0.12681701683239352,1.0
EGFR,tuna_retrained,exclude_development_P_and_homomers,all_U,3,300,303,0.7288888888888889,0.03298368298368298,20,20,20.0,0.05,0.0,0.0,0.0,0.0,0.0,0.0,0.0,0.0,0.0,0.0,0.0,0.0,1.0,0.3333333333333333,0.05,5.05,0.10684080426179023,1.0
EGFR,tuna_retrained,exclude_development_P_and_homomers,context,3,150,153,0.7777777777777778,0.07676256972031618,9,9,9.0,0.1111111111111111,0.0,0.0,0.0,0.0,0.0,0.0,1.0,0.3333333333333333,0.1,5.1000000000000005,0.14126697285982898,1.0,1.0,0.3333333333333333,0.05,2.5500000000000003,0.14126697285982898,1.0
EGFR,tuna_retrained,exclude_development_P_and_homomers,background,3,150,153,0.68,0.05434721872991925,12,12,12.0,0.08333333333333333,0.0,0.0,0.0,0.0,0.0,0.0,0.0,0.0,0.0,0.0,0.0,0.0,1.0,0.3333333333333333,0.05,2.5500000000000003,0.12681701683239352,1.0
EGFR,tuna_retrained,exclude_prior_train_development_P,all_U,3,300,303,0.7288888888888889,0.03298368298368298,20,20,20.0,0.05,0.0,0.0,0.0,0.0,0.0,0.0,0.0,0.0,0.0,0.0,0.0,0.0,1.0,0.3333333333333333,0.05,5.05,0.10684080426179023,1.0
EGFR,tuna_retrained,exclude_prior_train_development_P,context,3,150,153,0.7777777777777778,0.07676256972031618,9,9,9.0,0.1111111111111111,0.0,0.0,0.0,0.0,0.0,0.0,1.0,0.3333333333333333,0.1,5.1000000000000005,0.14126697285982898,1.0,1.0,0.3333333333333333,0.05,2.5500000000000003,0.14126697285982898,1.0
EGFR,tuna_retrained,exclude_prior_train_development_P,background,3,150,153,0.68,0.05434721872991925,12,12,12.0,0.08333333333333333,0.0,0.0,0.0,0.0,0.0,0.0,0.0,0.0,0.0,0.0,0.0,0.0,1.0,0.3333333333333333,0.05,2.5500000000000003,0.12681701683239352,1.0
EGFR,tuna_retrained,exclude_prior_train_development_P_and_homomers,all_U,3,300,303,0.7288888888888889,0.03298368298368298,20,20,20.0,0.05,0.0,0.0,0.0,0.0,0.0,0.0,0.0,0.0,0.0,0.0,0.0,0.0,1.0,0.3333333333333333,0.05,5.05,0.10684080426179023,1.0
EGFR,tuna_retrained,exclude_prior_train_development_P_and_homomers,context,3,150,153,0.7777777777777778,0.07676256972031618,9,9,9.0,0.1111111111111111,0.0,0.0,0.0,0.0,0.0,0.0,1.0,0.3333333333333333,0.1,5.1000000000000005,0.14126697285982898,1.0,1.0,0.3333333333333333,0.05,2.5500000000000003,0.14126697285982898,1.0
EGFR,tuna_retrained,exclude_prior_train_development_P_and_homomers,background,3,150,153,0.68,0.05434721872991925,12,12,12.0,0.08333333333333333,0.0,0.0,0.0,0.0,0.0,0.0,0.0,0.0,0.0,0.0,0.0,0.0,1.0,0.3333333333333333,0.05,2.5500000000000003,0.12681701683239352,1.0
BCL2,ipin_baseline,all_P,all_U,3,300,303,0.96,0.2037037037037037,3,3,3.0,0.3333333333333333,1.0,0.3333333333333333,0.2,20.2,0.23463936301137822,1.0,1.0,0.3333333333333333,0.1,10.1,0.23463936301137822,1.0,2.0,0.6666666666666666,0.1,10.1,0.36145637984377177,1.0
BCL2,ipin_baseline,all_P,context,3,150,153,0.9666666666666667,0.5054945054945055,1,1,1.0,1.0,1.0,0.3333333333333333,0.2,10.200000000000001,0.46927872602275644,1.0,2.0,0.6666666666666666,0.2,10.200000000000001,0.6257049680303419,1.0,3.0,1.0,0.15,7.6499999999999995,0.7489608072230654,1.0
BCL2,ipin_baseline,all_P,background,3,150,153,0.9533333333333334,0.26517273576097106,3,3,3.0,0.3333333333333333,1.0,0.3333333333333333,0.2,10.200000000000001,0.23463936301137822,1.0,2.0,0.6666666666666666,0.2,10.200000000000001,0.39106560501896365,1.0,3.0,1.0,0.15,7.6499999999999995,0.5036044938144312,1.0
BCL2,ipin_baseline,exclude_development_P,all_U,3,300,303,0.96,0.2037037037037037,3,3,3.0,0.3333333333333333,1.0,0.3333333333333333,0.2,20.2,0.23463936301137822,1.0,1.0,0.3333333333333333,0.1,10.1,0.23463936301137822,1.0,2.0,0.6666666666666666,0.1,10.1,0.36145637984377177,1.0
BCL2,ipin_baseline,exclude_development_P,context,3,150,153,0.9666666666666667,0.5054945054945055,1,1,1.0,1.0,1.0,0.3333333333333333,0.2,10.200000000000001,0.46927872602275644,1.0,2.0,0.6666666666666666,0.2,10.200000000000001,0.6257049680303419,1.0,3.0,1.0,0.15,7.6499999999999995,0.7489608072230654,1.0
BCL2,ipin_baseline,exclude_development_P,background,3,150,153,0.9533333333333334,0.26517273576097106,3,3,3.0,0.3333333333333333,1.0,0.3333333333333333,0.2,10.200000000000001,0.23463936301137822,1.0,2.0,0.6666666666666666,0.2,10.200000000000001,0.39106560501896365,1.0,3.0,1.0,0.15,7.6499999999999995,0.5036044938144312,1.0
BCL2,ipin_baseline,exclude_development_P_and_homomers,all_U,3,300,303,0.96,0.2037037037037037,3,3,3.0,0.3333333333333333,1.0,0.3333333333333333,0.2,20.2,0.23463936301137822,1.0,1.0,0.3333333333333333,0.1,10.1,0.23463936301137822,1.0,2.0,0.6666666666666666,0.1,10.1,0.36145637984377177,1.0
BCL2,ipin_baseline,exclude_development_P_and_homomers,context,3,150,153,0.9666666666666667,0.5054945054945055,1,1,1.0,1.0,1.0,0.3333333333333333,0.2,10.200000000000001,0.46927872602275644,1.0,2.0,0.6666666666666666,0.2,10.200000000000001,0.6257049680303419,1.0,3.0,1.0,0.15,7.6499999999999995,0.7489608072230654,1.0
BCL2,ipin_baseline,exclude_development_P_and_homomers,background,3,150,153,0.9533333333333334,0.26517273576097106,3,3,3.0,0.3333333333333333,1.0,0.3333333333333333,0.2,10.200000000000001,0.23463936301137822,1.0,2.0,0.6666666666666666,0.2,10.200000000000001,0.39106560501896365,1.0,3.0,1.0,0.15,7.6499999999999995,0.5036044938144312,1.0
BCL2,ipin_baseline,exclude_prior_train_development_P,all_U,3,300,303,0.96,0.2037037037037037,3,3,3.0,0.3333333333333333,1.0,0.3333333333333333,0.2,20.2,0.23463936301137822,1.0,1.0,0.3333333333333333,0.1,10.1,0.23463936301137822,1.0,2.0,0.6666666666666666,0.1,10.1,0.36145637984377177,1.0
BCL2,ipin_baseline,exclude_prior_train_development_P,context,3,150,153,0.9666666666666667,0.5054945054945055,1,1,1.0,1.0,1.0,0.3333333333333333,0.2,10.200000000000001,0.46927872602275644,1.0,2.0,0.6666666666666666,0.2,10.200000000000001,0.6257049680303419,1.0,3.0,1.0,0.15,7.6499999999999995,0.7489608072230654,1.0
BCL2,ipin_baseline,exclude_prior_train_development_P,background,3,150,153,0.9533333333333334,0.26517273576097106,3,3,3.0,0.3333333333333333,1.0,0.3333333333333333,0.2,10.200000000000001,0.23463936301137822,1.0,2.0,0.6666666666666666,0.2,10.200000000000001,0.39106560501896365,1.0,3.0,1.0,0.15,7.6499999999999995,0.5036044938144312,1.0
BCL2,ipin_baseline,exclude_prior_train_development_P_and_homomers,all_U,3,300,303,0.96,0.2037037037037037,3,3,3.0,0.3333333333333333,1.0,0.3333333333333333,0.2,20.2,0.23463936301137822,1.0,1.0,0.3333333333333333,0.1,10.1,0.23463936301137822,1.0,2.0,0.6666666666666666,0.1,10.1,0.36145637984377177,1.0
BCL2,ipin_baseline,exclude_prior_train_development_P_and_homomers,context,3,150,153,0.9666666666666667,0.5054945054945055,1,1,1.0,1.0,1.0,0.3333333333333333,0.2,10.200000000000001,0.46927872602275644,1.0,2.0,0.6666666666666666,0.2,10.200000000000001,0.6257049680303419,1.0,3.0,1.0,0.15,7.6499999999999995,0.7489608072230654,1.0
BCL2,ipin_baseline,exclude_prior_train_development_P_and_homomers,background,3,150,153,0.9533333333333334,0.26517273576097106,3,3,3.0,0.3333333333333333,1.0,0.3333333333333333,0.2,10.200000000000001,0.23463936301137822,1.0,2.0,0.6666666666666666,0.2,10.200000000000001,0.39106560501896365,1.0,3.0,1.0,0.15,7.6499999999999995,0.5036044938144312,1.0
BCL2,ipin_optimized,all_P,all_U,3,300,303,0.9722222222222222,0.18835978835978834,7,7,7.0,0.14285714285714285,0.0,0.0,0.0,0.0,0.0,0.0,2.0,0.6666666666666666,0.2,20.2,0.29769321486741446,1.0,3.0,1.0,0.15,15.149999999999999,0.41501289637310357,1.0
BCL2,ipin_optimized,all_P,context,3,150,153,0.9733333333333334,0.3277777777777778,4,4,4.0,0.25,2.0,0.6666666666666666,0.4,20.400000000000002,0.38364913903790027,1.0,3.0,1.0,0.3,15.299999999999999,0.5249161118977292,1.0,3.0,1.0,0.15,7.6499999999999995,0.5249161118977292,1.0
BCL2,ipin_optimized,all_P,background,3,150,153,0.9711111111111111,0.3055555555555555,4,4,4.0,0.25,1.0,0.3333333333333333,0.2,10.200000000000001,0.20210734650054757,1.0,3.0,1.0,0.3,15.299999999999999,0.5105347743265789,1.0,3.0,1.0,0.15,7.6499999999999995,0.5105347743265789,1.0
BCL2,ipin_optimized,exclude_development_P,all_U,3,300,303,0.9722222222222222,0.18835978835978834,7,7,7.0,0.14285714285714285,0.0,0.0,0.0,0.0,0.0,0.0,2.0,0.6666666666666666,0.2,20.2,0.29769321486741446,1.0,3.0,1.0,0.15,15.149999999999999,0.41501289637310357,1.0
BCL2,ipin_optimized,exclude_development_P,context,3,150,153,0.9733333333333334,0.3277777777777778,4,4,4.0,0.25,2.0,0.6666666666666666,0.4,20.400000000000002,0.38364913903790027,1.0,3.0,1.0,0.3,15.299999999999999,0.5249161118977292,1.0,3.0,1.0,0.15,7.6499999999999995,0.5249161118977292,1.0
BCL2,ipin_optimized,exclude_development_P,background,3,150,153,0.9711111111111111,0.3055555555555555,4,4,4.0,0.25,1.0,0.3333333333333333,0.2,10.200000000000001,0.20210734650054757,1.0,3.0,1.0,0.3,15.299999999999999,0.5105347743265789,1.0,3.0,1.0,0.15,7.6499999999999995,0.5105347743265789,1.0
BCL2,ipin_optimized,exclude_development_P_and_homomers,all_U,3,300,303,0.9722222222222222,0.18835978835978834,7,7,7.0,0.14285714285714285,0.0,0.0,0.0,0.0,0.0,0.0,2.0,0.6666666666666666,0.2,20.2,0.29769321486741446,1.0,3.0,1.0,0.15,15.149999999999999,0.41501289637310357,1.0
BCL2,ipin_optimized,exclude_development_P_and_homomers,context,3,150,153,0.9733333333333334,0.3277777777777778,4,4,4.0,0.25,2.0,0.6666666666666666,0.4,20.400000000000002,0.38364913903790027,1.0,3.0,1.0,0.3,15.299999999999999,0.5249161118977292,1.0,3.0,1.0,0.15,7.6499999999999995,0.5249161118977292,1.0
BCL2,ipin_optimized,exclude_development_P_and_homomers,background,3,150,153,0.9711111111111111,0.3055555555555555,4,4,4.0,0.25,1.0,0.3333333333333333,0.2,10.200000000000001,0.20210734650054757,1.0,3.0,1.0,0.3,15.299999999999999,0.5105347743265789,1.0,3.0,1.0,0.15,7.6499999999999995,0.5105347743265789,1.0
BCL2,ipin_optimized,exclude_prior_train_development_P,all_U,3,300,303,0.9722222222222222,0.18835978835978834,7,7,7.0,0.14285714285714285,0.0,0.0,0.0,0.0,0.0,0.0,2.0,0.6666666666666666,0.2,20.2,0.29769321486741446,1.0,3.0,1.0,0.15,15.149999999999999,0.41501289637310357,1.0
BCL2,ipin_optimized,exclude_prior_train_development_P,context,3,150,153,0.9733333333333334,0.3277777777777778,4,4,4.0,0.25,2.0,0.6666666666666666,0.4,20.400000000000002,0.38364913903790027,1.0,3.0,1.0,0.3,15.299999999999999,0.5249161118977292,1.0,3.0,1.0,0.15,7.6499999999999995,0.5249161118977292,1.0
BCL2,ipin_optimized,exclude_prior_train_development_P,background,3,150,153,0.9711111111111111,0.3055555555555555,4,4,4.0,0.25,1.0,0.3333333333333333,0.2,10.200000000000001,0.20210734650054757,1.0,3.0,1.0,0.3,15.299999999999999,0.5105347743265789,1.0,3.0,1.0,0.15,7.6499999999999995,0.5105347743265789,1.0
BCL2,ipin_optimized,exclude_prior_train_development_P_and_homomers,all_U,3,300,303,0.9722222222222222,0.18835978835978834,7,7,7.0,0.14285714285714285,0.0,0.0,0.0,0.0,0.0,0.0,2.0,0.6666666666666666,0.2,20.2,0.29769321486741446,1.0,3.0,1.0,0.15,15.149999999999999,0.41501289637310357,1.0
BCL2,ipin_optimized,exclude_prior_train_development_P_and_homomers,context,3,150,153,0.9733333333333334,0.3277777777777778,4,4,4.0,0.25,2.0,0.6666666666666666,0.4,20.400000000000002,0.38364913903790027,1.0,3.0,1.0,0.3,15.299999999999999,0.5249161118977292,1.0,3.0,1.0,0.15,7.6499999999999995,0.5249161118977292,1.0
BCL2,ipin_optimized,exclude_prior_train_development_P_and_homomers,background,3,150,153,0.9711111111111111,0.3055555555555555,4,4,4.0,0.25,1.0,0.3333333333333333,0.2,10.200000000000001,0.20210734650054757,1.0,3.0,1.0,0.3,15.299999999999999,0.5105347743265789,1.0,3.0,1.0,0.15,7.6499999999999995,0.5105347743265789,1.0
BCL2,tuna_retrained,all_P,all_U,3,300,303,0.8588888888888889,0.05629629629629629,18,18,18.0,0.05555555555555555,0.0,0.0,0.0,0.0,0.0,0.0,0.0,0.0,0.0,0.0,0.0,0.0,1.0,0.3333333333333333,0.05,5.05,0.11047239495909743,1.0
BCL2,tuna_retrained,all_P,context,3,150,153,0.8844444444444445,0.15108225108225107,5,5,5.0,0.2,1.0,0.3333333333333333,0.2,10.200000000000001,0.18154179253735267,1.0,1.0,0.3333333333333333,0.1,5.1000000000000005,0.18154179253735267,1.0,2.0,0.6666666666666666,0.1,5.1000000000000005,0.3124437827055499,1.0
BCL2,tuna_retrained,all_P,background,3,150,153,0.8333333333333334,0.08508403361344537,14,14,14.0,0.07142857142857142,0.0,0.0,0.0,0.0,0.0,0.0,0.0,0.0,0.0,0.0,0.0,0.0,2.0,0.6666666666666666,0.1,5.1000000000000005,0.23492495052406914,1.0
BCL2,tuna_retrained,exclude_development_P,all_U,3,300,303,0.8588888888888889,0.05629629629629629,18,18,18.0,0.05555555555555555,0.0,0.0,0.0,0.0,0.0,0.0,0.0,0.0,0.0,0.0,0.0,0.0,1.0,0.3333333333333333,0.05,5.05,0.11047239495909743,1.0
BCL2,tuna_retrained,exclude_development_P,context,3,150,153,0.8844444444444445,0.15108225108225107,5,5,5.0,0.2,1.0,0.3333333333333333,0.2,10.200000000000001,0.18154179253735267,1.0,1.0,0.3333333333333333,0.1,5.1000000000000005,0.18154179253735267,1.0,2.0,0.6666666666666666,0.1,5.1000000000000005,0.3124437827055499,1.0
BCL2,tuna_retrained,exclude_development_P,background,3,150,153,0.8333333333333334,0.08508403361344537,14,14,14.0,0.07142857142857142,0.0,0.0,0.0,0.0,0.0,0.0,0.0,0.0,0.0,0.0,0.0,0.0,2.0,0.6666666666666666,0.1,5.1000000000000005,0.23492495052406914,1.0
BCL2,tuna_retrained,exclude_development_P_and_homomers,all_U,3,300,303,0.8588888888888889,0.05629629629629629,18,18,18.0,0.05555555555555555,0.0,0.0,0.0,0.0,0.0,0.0,0.0,0.0,0.0,0.0,0.0,0.0,1.0,0.3333333333333333,0.05,5.05,0.11047239495909743,1.0
BCL2,tuna_retrained,exclude_development_P_and_homomers,context,3,150,153,0.8844444444444445,0.15108225108225107,5,5,5.0,0.2,1.0,0.3333333333333333,0.2,10.200000000000001,0.18154179253735267,1.0,1.0,0.3333333333333333,0.1,5.1000000000000005,0.18154179253735267,1.0,2.0,0.6666666666666666,0.1,5.1000000000000005,0.3124437827055499,1.0
BCL2,tuna_retrained,exclude_development_P_and_homomers,background,3,150,153,0.8333333333333334,0.08508403361344537,14,14,14.0,0.07142857142857142,0.0,0.0,0.0,0.0,0.0,0.0,0.0,0.0,0.0,0.0,0.0,0.0,2.0,0.6666666666666666,0.1,5.1000000000000005,0.23492495052406914,1.0
BCL2,tuna_retrained,exclude_prior_train_development_P,all_U,3,300,303,0.8588888888888889,0.05629629629629629,18,18,18.0,0.05555555555555555,0.0,0.0,0.0,0.0,0.0,0.0,0.0,0.0,0.0,0.0,0.0,0.0,1.0,0.3333333333333333,0.05,5.05,0.11047239495909743,1.0
BCL2,tuna_retrained,exclude_prior_train_development_P,context,3,150,153,0.8844444444444445,0.15108225108225107,5,5,5.0,0.2,1.0,0.3333333333333333,0.2,10.200000000000001,0.18154179253735267,1.0,1.0,0.3333333333333333,0.1,5.1000000000000005,0.18154179253735267,1.0,2.0,0.6666666666666666,0.1,5.1000000000000005,0.3124437827055499,1.0
BCL2,tuna_retrained,exclude_prior_train_development_P,background,3,150,153,0.8333333333333334,0.08508403361344537,14,14,14.0,0.07142857142857142,0.0,0.0,0.0,0.0,0.0,0.0,0.0,0.0,0.0,0.0,0.0,0.0,2.0,0.6666666666666666,0.1,5.1000000000000005,0.23492495052406914,1.0
BCL2,tuna_retrained,exclude_prior_train_development_P_and_homomers,all_U,3,300,303,0.8588888888888889,0.05629629629629629,18,18,18.0,0.05555555555555555,0.0,0.0,0.0,0.0,0.0,0.0,0.0,0.0,0.0,0.0,0.0,0.0,1.0,0.3333333333333333,0.05,5.05,0.11047239495909743,1.0
BCL2,tuna_retrained,exclude_prior_train_development_P_and_homomers,context,3,150,153,0.8844444444444445,0.15108225108225107,5,5,5.0,0.2,1.0,0.3333333333333333,0.2,10.200000000000001,0.18154179253735267,1.0,1.0,0.3333333333333333,0.1,5.1000000000000005,0.18154179253735267,1.0,2.0,0.6666666666666666,0.1,5.1000000000000005,0.3124437827055499,1.0
BCL2,tuna_retrained,exclude_prior_train_development_P_and_homomers,background,3,150,153,0.8333333333333334,0.08508403361344537,14,14,14.0,0.07142857142857142,0.0,0.0,0.0,0.0,0.0,0.0,0.0,0.0,0.0,0.0,0.0,0.0,2.0,0.6666666666666666,0.1,5.1000000000000005,0.23492495052406914,1.0
KEAP1,ipin_baseline,all_P,all_U,3,300,303,0.5766666666666667,0.05631163433618138,7,7,7.0,0.14285714285714285,0.0,0.0,0.0,0.0,0.0,0.0,1.0,0.3333333333333333,0.1,10.1,0.15642624200758548,1.0,1.0,0.3333333333333333,0.05,5.05,0.15642624200758548,1.0
KEAP1,ipin_baseline,all_P,context,3,150,153,0.5177777777777778,0.12613061156750477,3,3,3.0,0.3333333333333333,1.0,0.3333333333333333,0.2,10.200000000000001,0.23463936301137822,1.0,1.0,0.3333333333333333,0.1,5.1000000000000005,0.23463936301137822,1.0,1.0,0.3333333333333333,0.05,2.5500000000000003,0.23463936301137822,1.0
KEAP1,ipin_baseline,all_P,background,3,150,153,0.6355555555555555,0.08667455154740784,5,5,5.0,0.2,1.0,0.3333333333333333,0.2,10.200000000000001,0.18154179253735267,1.0,1.0,0.3333333333333333,0.1,5.1000000000000005,0.18154179253735267,1.0,1.0,0.3333333333333333,0.05,2.5500000000000003,0.18154179253735267,1.0
KEAP1,ipin_baseline,exclude_development_P,all_U,2,300,302,0.375,0.0077914041404140415,176,176,176.0,0.005681818181818182,0.0,0.0,0.0,0.0,0.0,0.0,0.0,0.0,0.0,0.0,0.0,0.0,0.0,0.0,0.0,0.0,0.0,0.0
KEAP1,ipin_baseline,exclude_development_P,context,2,150,152,0.2833333333333333,0.013522650439486139,102,102,102.0,0.00980392156862745,0.0,0.0,0.0,0.0,0.0,0.0,0.0,0.0,0.0,0.0,0.0,0.0,0.0,0.0,0.0,0.0,0.0,0.0
KEAP1,ipin_baseline,exclude_development_P,background,2,150,152,0.4666666666666667,0.018030303030303032,75,75,75.0,0.013333333333333334,0.0,0.0,0.0,0.0,0.0,0.0,0.0,0.0,0.0,0.0,0.0,0.0,0.0,0.0,0.0,0.0,0.0,0.0
KEAP1,ipin_baseline,exclude_development_P_and_homomers,all_U,2,300,302,0.375,0.0077914041404140415,176,176,176.0,0.005681818181818182,0.0,0.0,0.0,0.0,0.0,0.0,0.0,0.0,0.0,0.0,0.0,0.0,0.0,0.0,0.0,0.0,0.0,0.0
KEAP1,ipin_baseline,exclude_development_P_and_homomers,context,2,150,152,0.2833333333333333,0.013522650439486139,102,102,102.0,0.00980392156862745,0.0,0.0,0.0,0.0,0.0,0.0,0.0,0.0,0.0,0.0,0.0,0.0,0.0,0.0,0.0,0.0,0.0,0.0
KEAP1,ipin_baseline,exclude_development_P_and_homomers,background,2,150,152,0.4666666666666667,0.018030303030303032,75,75,75.0,0.013333333333333334,0.0,0.0,0.0,0.0,0.0,0.0,0.0,0.0,0.0,0.0,0.0,0.0,0.0,0.0,0.0,0.0,0.0,0.0
KEAP1,ipin_baseline,exclude_prior_train_development_P,all_U,2,300,302,0.375,0.0077914041404140415,176,176,176.0,0.005681818181818182,0.0,0.0,0.0,0.0,0.0,0.0,0.0,0.0,0.0,0.0,0.0,0.0,0.0,0.0,0.0,0.0,0.0,0.0
KEAP1,ipin_baseline,exclude_prior_train_development_P,context,2,150,152,0.2833333333333333,0.013522650439486139,102,102,102.0,0.00980392156862745,0.0,0.0,0.0,0.0,0.0,0.0,0.0,0.0,0.0,0.0,0.0,0.0,0.0,0.0,0.0,0.0,0.0,0.0
KEAP1,ipin_baseline,exclude_prior_train_development_P,background,2,150,152,0.4666666666666667,0.018030303030303032,75,75,75.0,0.013333333333333334,0.0,0.0,0.0,0.0,0.0,0.0,0.0,0.0,0.0,0.0,0.0,0.0,0.0,0.0,0.0,0.0,0.0,0.0
KEAP1,ipin_baseline,exclude_prior_train_development_P_and_homomers,all_U,2,300,302,0.375,0.0077914041404140415,176,176,176.0,0.005681818181818182,0.0,0.0,0.0,0.0,0.0,0.0,0.0,0.0,0.0,0.0,0.0,0.0,0.0,0.0,0.0,0.0,0.0,0.0
KEAP1,ipin_baseline,exclude_prior_train_development_P_and_homomers,context,2,150,152,0.2833333333333333,0.013522650439486139,102,102,102.0,0.00980392156862745,0.0,0.0,0.0,0.0,0.0,0.0,0.0,0.0,0.0,0.0,0.0,0.0,0.0,0.0,0.0,0.0,0.0,0.0
KEAP1,ipin_baseline,exclude_prior_train_development_P_and_homomers,background,2,150,152,0.4666666666666667,0.018030303030303032,75,75,75.0,0.013333333333333334,0.0,0.0,0.0,0.0,0.0,0.0,0.0,0.0,0.0,0.0,0.0,0.0,0.0,0.0,0.0,0.0,0.0,0.0
KEAP1,ipin_optimized,all_P,all_U,3,300,303,0.6366666666666667,0.06636975060948423,6,6,6.0,0.16666666666666666,0.0,0.0,0.0,0.0,0.0,0.0,1.0,0.3333333333333333,0.1,10.1,0.16716045496620227,1.0,1.0,0.3333333333333333,0.05,5.05,0.16716045496620227,1.0
KEAP1,ipin_optimized,all_P,context,3,150,153,0.5622222222222222,0.1008593396653098,4,4,4.0,0.25,1.0,0.3333333333333333,0.2,10.200000000000001,0.20210734650054757,1.0,1.0,0.3333333333333333,0.1,5.1000000000000005,0.20210734650054757,1.0,1.0,0.3333333333333333,0.05,2.5500000000000003,0.20210734650054757,1.0
KEAP1,ipin_optimized,all_P,background,3,150,153,0.7111111111111111,0.13824083893012842,3,3,3.0,0.3333333333333333,1.0,0.3333333333333333,0.2,10.200000000000001,0.23463936301137822,1.0,1.0,0.3333333333333333,0.1,5.1000000000000005,0.23463936301137822,1.0,1.0,0.3333333333333333,0.05,2.5500000000000003,0.23463936301137822,1.0
KEAP1,ipin_optimized,exclude_development_P,all_U,2,300,302,0.4633333333333333,0.009307359307359308,105,105,105.0,0.009523809523809525,0.0,0.0,0.0,0.0,0.0,0.0,0.0,0.0,0.0,0.0,0.0,0.0,0.0,0.0,0.0,0.0,0.0,0.0
KEAP1,ipin_optimized,exclude_development_P,context,2,150,152,0.35333333333333333,0.015209345362017117,66,66,66.0,0.015151515151515152,0.0,0.0,0.0,0.0,0.0,0.0,0.0,0.0,0.0,0.0,0.0,0.0,0.0,0.0,0.0,0.0,0.0,0.0
KEAP1,ipin_optimized,exclude_development_P,background,2,150,152,0.5733333333333334,0.02348901098901099,40,40,40.0,0.025,0.0,0.0,0.0,0.0,0.0,0.0,0.0,0.0,0.0,0.0,0.0,0.0,0.0,0.0,0.0,0.0,0.0,0.0
KEAP1,ipin_optimized,exclude_development_P_and_homomers,all_U,2,300,302,0.4633333333333333,0.009307359307359308,105,105,105.0,0.009523809523809525,0.0,0.0,0.0,0.0,0.0,0.0,0.0,0.0,0.0,0.0,0.0,0.0,0.0,0.0,0.0,0.0,0.0,0.0
KEAP1,ipin_optimized,exclude_development_P_and_homomers,context,2,150,152,0.35333333333333333,0.015209345362017117,66,66,66.0,0.015151515151515152,0.0,0.0,0.0,0.0,0.0,0.0,0.0,0.0,0.0,0.0,0.0,0.0,0.0,0.0,0.0,0.0,0.0,0.0
KEAP1,ipin_optimized,exclude_development_P_and_homomers,background,2,150,152,0.5733333333333334,0.02348901098901099,40,40,40.0,0.025,0.0,0.0,0.0,0.0,0.0,0.0,0.0,0.0,0.0,0.0,0.0,0.0,0.0,0.0,0.0,0.0,0.0,0.0
KEAP1,ipin_optimized,exclude_prior_train_development_P,all_U,2,300,302,0.4633333333333333,0.009307359307359308,105,105,105.0,0.009523809523809525,0.0,0.0,0.0,0.0,0.0,0.0,0.0,0.0,0.0,0.0,0.0,0.0,0.0,0.0,0.0,0.0,0.0,0.0
KEAP1,ipin_optimized,exclude_prior_train_development_P,context,2,150,152,0.35333333333333333,0.015209345362017117,66,66,66.0,0.015151515151515152,0.0,0.0,0.0,0.0,0.0,0.0,0.0,0.0,0.0,0.0,0.0,0.0,0.0,0.0,0.0,0.0,0.0,0.0
KEAP1,ipin_optimized,exclude_prior_train_development_P,background,2,150,152,0.5733333333333334,0.02348901098901099,40,40,40.0,0.025,0.0,0.0,0.0,0.0,0.0,0.0,0.0,0.0,0.0,0.0,0.0,0.0,0.0,0.0,0.0,0.0,0.0,0.0
KEAP1,ipin_optimized,exclude_prior_train_development_P_and_homomers,all_U,2,300,302,0.4633333333333333,0.009307359307359308,105,105,105.0,0.009523809523809525,0.0,0.0,0.0,0.0,0.0,0.0,0.0,0.0,0.0,0.0,0.0,0.0,0.0,0.0,0.0,0.0,0.0,0.0
KEAP1,ipin_optimized,exclude_prior_train_development_P_and_homomers,context,2,150,152,0.35333333333333333,0.015209345362017117,66,66,66.0,0.015151515151515152,0.0,0.0,0.0,0.0,0.0,0.0,0.0,0.0,0.0,0.0,0.0,0.0,0.0,0.0,0.0,0.0,0.0,0.0
KEAP1,ipin_optimized,exclude_prior_train_development_P_and_homomers,background,2,150,152,0.5733333333333334,0.02348901098901099,40,40,40.0,0.025,0.0,0.0,0.0,0.0,0.0,0.0,0.0,0.0,0.0,0.0,0.0,0.0,0.0,0.0,0.0,0.0,0.0,0.0
KEAP1,tuna_retrained,all_P,all_U,3,300,303,0.45111111111111113,0.011660990281719113,95,95,95.0,0.010526315789473684,0.0,0.0,0.0,0.0,0.0,0.0,0.0,0.0,0.0,0.0,0.0,0.0,0.0,0.0,0.0,0.0,0.0,0.0
KEAP1,tuna_retrained,all_P,context,3,150,153,0.36666666666666664,0.019984040523193282,57,57,57.0,0.017543859649122806,0.0,0.0,0.0,0.0,0.0,0.0,0.0,0.0,0.0,0.0,0.0,0.0,0.0,0.0,0.0,0.0,0.0,0.0
KEAP1,tuna_retrained,all_P,background,3,150,153,0.5355555555555556,0.027298098726670154,39,39,39.0,0.02564102564102564,0.0,0.0,0.0,0.0,0.0,0.0,0.0,0.0,0.0,0.0,0.0,0.0,0.0,0.0,0.0,0.0,0.0,0.0
KEAP1,tuna_retrained,exclude_development_P,all_U,2,300,302,0.3333333333333333,0.007296466973886329,186,186,186.0,0.005376344086021506,0.0,0.0,0.0,0.0,0.0,0.0,0.0,0.0,0.0,0.0,0.0,0.0,0.0,0.0,0.0,0.0,0.0,0.0
KEAP1,tuna_retrained,exclude_development_P,context,2,150,152,0.23666666666666666,0.012742175856929955,110,110,110.0,0.00909090909090909,0.0,0.0,0.0,0.0,0.0,0.0,0.0,0.0,0.0,0.0,0.0,0.0,0.0,0.0,0.0,0.0,0.0,0.0
KEAP1,tuna_retrained,exclude_development_P,background,2,150,152,0.43,0.016802784844021958,77,77,77.0,0.012987012987012988,0.0,0.0,0.0,0.0,0.0,0.0,0.0,0.0,0.0,0.0,0.0,0.0,0.0,0.0,0.0,0.0,0.0,0.0
KEAP1,tuna_retrained,exclude_development_P_and_homomers,all_U,2,300,302,0.3333333333333333,0.007296466973886329,186,186,186.0,0.005376344086021506,0.0,0.0,0.0,0.0,0.0,0.0,0.0,0.0,0.0,0.0,0.0,0.0,0.0,0.0,0.0,0.0,0.0,0.0
KEAP1,tuna_retrained,exclude_development_P_and_homomers,context,2,150,152,0.23666666666666666,0.012742175856929955,110,110,110.0,0.00909090909090909,0.0,0.0,0.0,0.0,0.0,0.0,0.0,0.0,0.0,0.0,0.0,0.0,0.0,0.0,0.0,0.0,0.0,0.0
KEAP1,tuna_retrained,exclude_development_P_and_homomers,background,2,150,152,0.43,0.016802784844021958,77,77,77.0,0.012987012987012988,0.0,0.0,0.0,0.0,0.0,0.0,0.0,0.0,0.0,0.0,0.0,0.0,0.0,0.0,0.0,0.0,0.0,0.0
KEAP1,tuna_retrained,exclude_prior_train_development_P,all_U,2,300,302,0.3333333333333333,0.007296466973886329,186,186,186.0,0.005376344086021506,0.0,0.0,0.0,0.0,0.0,0.0,0.0,0.0,0.0,0.0,0.0,0.0,0.0,0.0,0.0,0.0,0.0,0.0
KEAP1,tuna_retrained,exclude_prior_train_development_P,context,2,150,152,0.23666666666666666,0.012742175856929955,110,110,110.0,0.00909090909090909,0.0,0.0,0.0,0.0,0.0,0.0,0.0,0.0,0.0,0.0,0.0,0.0,0.0,0.0,0.0,0.0,0.0,0.0
KEAP1,tuna_retrained,exclude_prior_train_development_P,background,2,150,152,0.43,0.016802784844021958,77,77,77.0,0.012987012987012988,0.0,0.0,0.0,0.0,0.0,0.0,0.0,0.0,0.0,0.0,0.0,0.0,0.0,0.0,0.0,0.0,0.0,0.0
KEAP1,tuna_retrained,exclude_prior_train_development_P_and_homomers,all_U,2,300,302,0.3333333333333333,0.007296466973886329,186,186,186.0,0.005376344086021506,0.0,0.0,0.0,0.0,0.0,0.0,0.0,0.0,0.0,0.0,0.0,0.0,0.0,0.0,0.0,0.0,0.0,0.0
KEAP1,tuna_retrained,exclude_prior_train_development_P_and_homomers,context,2,150,152,0.23666666666666666,0.012742175856929955,110,110,110.0,0.00909090909090909,0.0,0.0,0.0,0.0,0.0,0.0,0.0,0.0,0.0,0.0,0.0,0.0,0.0,0.0,0.0,0.0,0.0,0.0
KEAP1,tuna_retrained,exclude_prior_train_development_P_and_homomers,background,2,150,152,0.43,0.016802784844021958,77,77,77.0,0.012987012987012988,0.0,0.0,0.0,0.0,0.0,0.0,0.0,0.0,0.0,0.0,0.0,0.0,0.0,0.0,0.0,0.0,0.0,0.0
BRCA1,ipin_baseline,all_P,all_U,3,300,303,0.6811111111111111,0.032780390107976315,16,16,16.0,0.0625,0.0,0.0,0.0,0.0,0.0,0.0,0.0,0.0,0.0,0.0,0.0,0.0,1.0,0.3333333333333333,0.05,5.05,0.11480929472601784,1.0
BRCA1,ipin_baseline,all_P,context,3,150,153,0.6266666666666667,0.057103762579182066,9,9,9.0,0.1111111111111111,0.0,0.0,0.0,0.0,0.0,0.0,1.0,0.3333333333333333,0.1,5.1000000000000005,0.14126697285982898,1.0,1.0,0.3333333333333333,0.05,2.5500000000000003,0.14126697285982898,1.0
BRCA1,ipin_baseline,all_P,background,3,150,153,0.7355555555555555,0.0699169110459433,8,8,8.0,0.125,0.0,0.0,0.0,0.0,0.0,0.0,1.0,0.3333333333333333,0.1,5.1000000000000005,0.1480409554829326,1.0,1.0,0.3333333333333333,0.05,2.5500000000000003,0.1480409554829326,1.0
BRCA1,ipin_baseline,exclude_development_P,all_U,3,300,303,0.6811111111111111,0.032780390107976315,16,16,16.0,0.0625,0.0,0.0,0.0,0.0,0.0,0.0,0.0,0.0,0.0,0.0,0.0,0.0,1.0,0.3333333333333333,0.05,5.05,0.11480929472601784,1.0
BRCA1,ipin_baseline,exclude_development_P,context,3,150,153,0.6266666666666667,0.057103762579182066,9,9,9.0,0.1111111111111111,0.0,0.0,0.0,0.0,0.0,0.0,1.0,0.3333333333333333,0.1,5.1000000000000005,0.14126697285982898,1.0,1.0,0.3333333333333333,0.05,2.5500000000000003,0.14126697285982898,1.0
BRCA1,ipin_baseline,exclude_development_P,background,3,150,153,0.7355555555555555,0.0699169110459433,8,8,8.0,0.125,0.0,0.0,0.0,0.0,0.0,0.0,1.0,0.3333333333333333,0.1,5.1000000000000005,0.1480409554829326,1.0,1.0,0.3333333333333333,0.05,2.5500000000000003,0.1480409554829326,1.0
BRCA1,ipin_baseline,exclude_development_P_and_homomers,all_U,3,300,303,0.6811111111111111,0.032780390107976315,16,16,16.0,0.0625,0.0,0.0,0.0,0.0,0.0,0.0,0.0,0.0,0.0,0.0,0.0,0.0,1.0,0.3333333333333333,0.05,5.05,0.11480929472601784,1.0
BRCA1,ipin_baseline,exclude_development_P_and_homomers,context,3,150,153,0.6266666666666667,0.057103762579182066,9,9,9.0,0.1111111111111111,0.0,0.0,0.0,0.0,0.0,0.0,1.0,0.3333333333333333,0.1,5.1000000000000005,0.14126697285982898,1.0,1.0,0.3333333333333333,0.05,2.5500000000000003,0.14126697285982898,1.0
BRCA1,ipin_baseline,exclude_development_P_and_homomers,background,3,150,153,0.7355555555555555,0.0699169110459433,8,8,8.0,0.125,0.0,0.0,0.0,0.0,0.0,0.0,1.0,0.3333333333333333,0.1,5.1000000000000005,0.1480409554829326,1.0,1.0,0.3333333333333333,0.05,2.5500000000000003,0.1480409554829326,1.0
BRCA1,ipin_baseline,exclude_prior_train_development_P,all_U,3,300,303,0.6811111111111111,0.032780390107976315,16,16,16.0,0.0625,0.0,0.0,0.0,0.0,0.0,0.0,0.0,0.0,0.0,0.0,0.0,0.0,1.0,0.3333333333333333,0.05,5.05,0.11480929472601784,1.0
BRCA1,ipin_baseline,exclude_prior_train_development_P,context,3,150,153,0.6266666666666667,0.057103762579182066,9,9,9.0,0.1111111111111111,0.0,0.0,0.0,0.0,0.0,0.0,1.0,0.3333333333333333,0.1,5.1000000000000005,0.14126697285982898,1.0,1.0,0.3333333333333333,0.05,2.5500000000000003,0.14126697285982898,1.0
BRCA1,ipin_baseline,exclude_prior_train_development_P,background,3,150,153,0.7355555555555555,0.0699169110459433,8,8,8.0,0.125,0.0,0.0,0.0,0.0,0.0,0.0,1.0,0.3333333333333333,0.1,5.1000000000000005,0.1480409554829326,1.0,1.0,0.3333333333333333,0.05,2.5500000000000003,0.1480409554829326,1.0
BRCA1,ipin_baseline,exclude_prior_train_development_P_and_homomers,all_U,3,300,303,0.6811111111111111,0.032780390107976315,16,16,16.0,0.0625,0.0,0.0,0.0,0.0,0.0,0.0,0.0,0.0,0.0,0.0,0.0,0.0,1.0,0.3333333333333333,0.05,5.05,0.11480929472601784,1.0
BRCA1,ipin_baseline,exclude_prior_train_development_P_and_homomers,context,3,150,153,0.6266666666666667,0.057103762579182066,9,9,9.0,0.1111111111111111,0.0,0.0,0.0,0.0,0.0,0.0,1.0,0.3333333333333333,0.1,5.1000000000000005,0.14126697285982898,1.0,1.0,0.3333333333333333,0.05,2.5500000000000003,0.14126697285982898,1.0
BRCA1,ipin_baseline,exclude_prior_train_development_P_and_homomers,background,3,150,153,0.7355555555555555,0.0699169110459433,8,8,8.0,0.125,0.0,0.0,0.0,0.0,0.0,0.0,1.0,0.3333333333333333,0.1,5.1000000000000005,0.1480409554829326,1.0,1.0,0.3333333333333333,0.05,2.5500000000000003,0.1480409554829326,1.0
BRCA1,ipin_optimized,all_P,all_U,3,300,303,0.8566666666666667,0.051961203822564535,15,15,15.0,0.06666666666666667,0.0,0.0,0.0,0.0,0.0,0.0,0.0,0.0,0.0,0.0,0.0,0.0,1.0,0.3333333333333333,0.05,5.05,0.11731968150568911,1.0
BRCA1,ipin_optimized,all_P,context,3,150,153,0.8155555555555556,0.08548951048951048,8,8,8.0,0.125,0.0,0.0,0.0,0.0,0.0,0.0,1.0,0.3333333333333333,0.1,5.1000000000000005,0.1480409554829326,1.0,1.0,0.3333333333333333,0.05,2.5500000000000003,0.1480409554829326,1.0
BRCA1,ipin_optimized,all_P,background,3,150,153,0.8977777777777778,0.1226190476190476,8,8,8.0,0.125,0.0,0.0,0.0,0.0,0.0,0.0,1.0,0.3333333333333333,0.1,5.1000000000000005,0.1480409554829326,1.0,2.0,0.6666666666666666,0.1,5.1000000000000005,0.26815661128098395,1.0
BRCA1,ipin_optimized,exclude_development_P,all_U,3,300,303,0.8566666666666667,0.051961203822564535,15,15,15.0,0.06666666666666667,0.0,0.0,0.0,0.0,0.0,0.0,0.0,0.0,0.0,0.0,0.0,0.0,1.0,0.3333333333333333,0.05,5.05,0.11731968150568911,1.0
BRCA1,ipin_optimized,exclude_development_P,context,3,150,153,0.8155555555555556,0.08548951048951048,8,8,8.0,0.125,0.0,0.0,0.0,0.0,0.0,0.0,1.0,0.3333333333333333,0.1,5.1000000000000005,0.1480409554829326,1.0,1.0,0.3333333333333333,0.05,2.5500000000000003,0.1480409554829326,1.0
BRCA1,ipin_optimized,exclude_development_P,background,3,150,153,0.8977777777777778,0.1226190476190476,8,8,8.0,0.125,0.0,0.0,0.0,0.0,0.0,0.0,1.0,0.3333333333333333,0.1,5.1000000000000005,0.1480409554829326,1.0,2.0,0.6666666666666666,0.1,5.1000000000000005,0.26815661128098395,1.0
BRCA1,ipin_optimized,exclude_development_P_and_homomers,all_U,3,300,303,0.8566666666666667,0.051961203822564535,15,15,15.0,0.06666666666666667,0.0,0.0,0.0,0.0,0.0,0.0,0.0,0.0,0.0,0.0,0.0,0.0,1.0,0.3333333333333333,0.05,5.05,0.11731968150568911,1.0
BRCA1,ipin_optimized,exclude_development_P_and_homomers,context,3,150,153,0.8155555555555556,0.08548951048951048,8,8,8.0,0.125,0.0,0.0,0.0,0.0,0.0,0.0,1.0,0.3333333333333333,0.1,5.1000000000000005,0.1480409554829326,1.0,1.0,0.3333333333333333,0.05,2.5500000000000003,0.1480409554829326,1.0
BRCA1,ipin_optimized,exclude_development_P_and_homomers,background,3,150,153,0.8977777777777778,0.1226190476190476,8,8,8.0,0.125,0.0,0.0,0.0,0.0,0.0,0.0,1.0,0.3333333333333333,0.1,5.1000000000000005,0.1480409554829326,1.0,2.0,0.6666666666666666,0.1,5.1000000000000005,0.26815661128098395,1.0
BRCA1,ipin_optimized,exclude_prior_train_development_P,all_U,3,300,303,0.8566666666666667,0.051961203822564535,15,15,15.0,0.06666666666666667,0.0,0.0,0.0,0.0,0.0,0.0,0.0,0.0,0.0,0.0,0.0,0.0,1.0,0.3333333333333333,0.05,5.05,0.11731968150568911,1.0
BRCA1,ipin_optimized,exclude_prior_train_development_P,context,3,150,153,0.8155555555555556,0.08548951048951048,8,8,8.0,0.125,0.0,0.0,0.0,0.0,0.0,0.0,1.0,0.3333333333333333,0.1,5.1000000000000005,0.1480409554829326,1.0,1.0,0.3333333333333333,0.05,2.5500000000000003,0.1480409554829326,1.0
BRCA1,ipin_optimized,exclude_prior_train_development_P,background,3,150,153,0.8977777777777778,0.1226190476190476,8,8,8.0,0.125,0.0,0.0,0.0,0.0,0.0,0.0,1.0,0.3333333333333333,0.1,5.1000000000000005,0.1480409554829326,1.0,2.0,0.6666666666666666,0.1,5.1000000000000005,0.26815661128098395,1.0
BRCA1,ipin_optimized,exclude_prior_train_development_P_and_homomers,all_U,3,300,303,0.8566666666666667,0.051961203822564535,15,15,15.0,0.06666666666666667,0.0,0.0,0.0,0.0,0.0,0.0,0.0,0.0,0.0,0.0,0.0,0.0,1.0,0.3333333333333333,0.05,5.05,0.11731968150568911,1.0
BRCA1,ipin_optimized,exclude_prior_train_development_P_and_homomers,context,3,150,153,0.8155555555555556,0.08548951048951048,8,8,8.0,0.125,0.0,0.0,0.0,0.0,0.0,0.0,1.0,0.3333333333333333,0.1,5.1000000000000005,0.1480409554829326,1.0,1.0,0.3333333333333333,0.05,2.5500000000000003,0.1480409554829326,1.0
BRCA1,ipin_optimized,exclude_prior_train_development_P_and_homomers,background,3,150,153,0.8977777777777778,0.1226190476190476,8,8,8.0,0.125,0.0,0.0,0.0,0.0,0.0,0.0,1.0,0.3333333333333333,0.1,5.1000000000000005,0.1480409554829326,1.0,2.0,0.6666666666666666,0.1,5.1000000000000005,0.26815661128098395,1.0
BRCA1,tuna_retrained,all_P,all_U,3,300,303,0.9377777777777778,0.16705516705516704,3,3,3.0,0.3333333333333333,1.0,0.3333333333333333,0.2,20.2,0.23463936301137822,1.0,1.0,0.3333333333333333,0.1,10.1,0.23463936301137822,1.0,1.0,0.3333333333333333,0.05,5.05,0.23463936301137822,1.0
BRCA1,tuna_retrained,all_P,context,3,150,153,0.9422222222222222,0.43977591036414565,1,1,1.0,1.0,1.0,0.3333333333333333,0.2,10.200000000000001,0.46927872602275644,1.0,1.0,0.3333333333333333,0.1,5.1000000000000005,0.46927872602275644,1.0,3.0,1.0,0.15,7.6499999999999995,0.7019332706162753,1.0
BRCA1,tuna_retrained,all_P,background,3,150,153,0.9333333333333333,0.21136173767752714,3,3,3.0,0.3333333333333333,1.0,0.3333333333333333,0.2,10.200000000000001,0.23463936301137822,1.0,1.0,0.3333333333333333,0.1,5.1000000000000005,0.23463936301137822,1.0,3.0,1.0,0.15,7.6499999999999995,0.46333589191046304,1.0
BRCA1,tuna_retrained,exclude_development_P,all_U,3,300,303,0.9377777777777778,0.16705516705516704,3,3,3.0,0.3333333333333333,1.0,0.3333333333333333,0.2,20.2,0.23463936301137822,1.0,1.0,0.3333333333333333,0.1,10.1,0.23463936301137822,1.0,1.0,0.3333333333333333,0.05,5.05,0.23463936301137822,1.0
BRCA1,tuna_retrained,exclude_development_P,context,3,150,153,0.9422222222222222,0.43977591036414565,1,1,1.0,1.0,1.0,0.3333333333333333,0.2,10.200000000000001,0.46927872602275644,1.0,1.0,0.3333333333333333,0.1,5.1000000000000005,0.46927872602275644,1.0,3.0,1.0,0.15,7.6499999999999995,0.7019332706162753,1.0
BRCA1,tuna_retrained,exclude_development_P,background,3,150,153,0.9333333333333333,0.21136173767752714,3,3,3.0,0.3333333333333333,1.0,0.3333333333333333,0.2,10.200000000000001,0.23463936301137822,1.0,1.0,0.3333333333333333,0.1,5.1000000000000005,0.23463936301137822,1.0,3.0,1.0,0.15,7.6499999999999995,0.46333589191046304,1.0
BRCA1,tuna_retrained,exclude_development_P_and_homomers,all_U,3,300,303,0.9377777777777778,0.16705516705516704,3,3,3.0,0.3333333333333333,1.0,0.3333333333333333,0.2,20.2,0.23463936301137822,1.0,1.0,0.3333333333333333,0.1,10.1,0.23463936301137822,1.0,1.0,0.3333333333333333,0.05,5.05,0.23463936301137822,1.0
BRCA1,tuna_retrained,exclude_development_P_and_homomers,context,3,150,153,0.9422222222222222,0.43977591036414565,1,1,1.0,1.0,1.0,0.3333333333333333,0.2,10.200000000000001,0.46927872602275644,1.0,1.0,0.3333333333333333,0.1,5.1000000000000005,0.46927872602275644,1.0,3.0,1.0,0.15,7.6499999999999995,0.7019332706162753,1.0
BRCA1,tuna_retrained,exclude_development_P_and_homomers,background,3,150,153,0.9333333333333333,0.21136173767752714,3,3,3.0,0.3333333333333333,1.0,0.3333333333333333,0.2,10.200000000000001,0.23463936301137822,1.0,1.0,0.3333333333333333,0.1,5.1000000000000005,0.23463936301137822,1.0,3.0,1.0,0.15,7.6499999999999995,0.46333589191046304,1.0
BRCA1,tuna_retrained,exclude_prior_train_development_P,all_U,3,300,303,0.9377777777777778,0.16705516705516704,3,3,3.0,0.3333333333333333,1.0,0.3333333333333333,0.2,20.2,0.23463936301137822,1.0,1.0,0.3333333333333333,0.1,10.1,0.23463936301137822,1.0,1.0,0.3333333333333333,0.05,5.05,0.23463936301137822,1.0
BRCA1,tuna_retrained,exclude_prior_train_development_P,context,3,150,153,0.9422222222222222,0.43977591036414565,1,1,1.0,1.0,1.0,0.3333333333333333,0.2,10.200000000000001,0.46927872602275644,1.0,1.0,0.3333333333333333,0.1,5.1000000000000005,0.46927872602275644,1.0,3.0,1.0,0.15,7.6499999999999995,0.7019332706162753,1.0
BRCA1,tuna_retrained,exclude_prior_train_development_P,background,3,150,153,0.9333333333333333,0.21136173767752714,3,3,3.0,0.3333333333333333,1.0,0.3333333333333333,0.2,10.200000000000001,0.23463936301137822,1.0,1.0,0.3333333333333333,0.1,5.1000000000000005,0.23463936301137822,1.0,3.0,1.0,0.15,7.6499999999999995,0.46333589191046304,1.0
BRCA1,tuna_retrained,exclude_prior_train_development_P_and_homomers,all_U,3,300,303,0.9377777777777778,0.16705516705516704,3,3,3.0,0.3333333333333333,1.0,0.3333333333333333,0.2,20.2,0.23463936301137822,1.0,1.0,0.3333333333333333,0.1,10.1,0.23463936301137822,1.0,1.0,0.3333333333333333,0.05,5.05,0.23463936301137822,1.0
BRCA1,tuna_retrained,exclude_prior_train_development_P_and_homomers,context,3,150,153,0.9422222222222222,0.43977591036414565,1,1,1.0,1.0,1.0,0.3333333333333333,0.2,10.200000000000001,0.46927872602275644,1.0,1.0,0.3333333333333333,0.1,5.1000000000000005,0.46927872602275644,1.0,3.0,1.0,0.15,7.6499999999999995,0.7019332706162753,1.0
BRCA1,tuna_retrained,exclude_prior_train_development_P_and_homomers,background,3,150,153,0.9333333333333333,0.21136173767752714,3,3,3.0,0.3333333333333333,1.0,0.3333333333333333,0.2,10.200000000000001,0.23463936301137822,1.0,1.0,0.3333333333333333,0.1,5.1000000000000005,0.23463936301137822,1.0,3.0,1.0,0.15,7.6499999999999995,0.46333589191046304,1.0
KRAS,ipin_baseline,all_P,all_U,3,300,303,0.6911111111111111,0.020247520247520245,74,74,74.0,0.013513513513513514,0.0,0.0,0.0,0.0,0.0,0.0,0.0,0.0,0.0,0.0,0.0,0.0,0.0,0.0,0.0,0.0,0.0,0.0
KRAS,ipin_baseline,all_P,context,3,150,153,0.62,0.032706924411993535,49,49,49.0,0.02040816326530612,0.0,0.0,0.0,0.0,0.0,0.0,0.0,0.0,0.0,0.0,0.0,0.0,0.0,0.0,0.0,0.0,0.0,0.0
KRAS,ipin_baseline,all_P,background,3,150,153,0.7622222222222222,0.05074786324786325,26,26,26.0,0.038461538461538464,0.0,0.0,0.0,0.0,0.0,0.0,0.0,0.0,0.0,0.0,0.0,0.0,0.0,0.0,0.0,0.0,0.0,0.0
KRAS,ipin_baseline,exclude_development_P,all_U,3,300,303,0.6911111111111111,0.020247520247520245,74,74,74.0,0.013513513513513514,0.0,0.0,0.0,0.0,0.0,0.0,0.0,0.0,0.0,0.0,0.0,0.0,0.0,0.0,0.0,0.0,0.0,0.0
KRAS,ipin_baseline,exclude_development_P,context,3,150,153,0.62,0.032706924411993535,49,49,49.0,0.02040816326530612,0.0,0.0,0.0,0.0,0.0,0.0,0.0,0.0,0.0,0.0,0.0,0.0,0.0,0.0,0.0,0.0,0.0,0.0
KRAS,ipin_baseline,exclude_development_P,background,3,150,153,0.7622222222222222,0.05074786324786325,26,26,26.0,0.038461538461538464,0.0,0.0,0.0,0.0,0.0,0.0,0.0,0.0,0.0,0.0,0.0,0.0,0.0,0.0,0.0,0.0,0.0,0.0
KRAS,ipin_baseline,exclude_development_P_and_homomers,all_U,3,300,303,0.6911111111111111,0.020247520247520245,74,74,74.0,0.013513513513513514,0.0,0.0,0.0,0.0,0.0,0.0,0.0,0.0,0.0,0.0,0.0,0.0,0.0,0.0,0.0,0.0,0.0,0.0
KRAS,ipin_baseline,exclude_development_P_and_homomers,context,3,150,153,0.62,0.032706924411993535,49,49,49.0,0.02040816326530612,0.0,0.0,0.0,0.0,0.0,0.0,0.0,0.0,0.0,0.0,0.0,0.0,0.0,0.0,0.0,0.0,0.0,0.0
KRAS,ipin_baseline,exclude_development_P_and_homomers,background,3,150,153,0.7622222222222222,0.05074786324786325,26,26,26.0,0.038461538461538464,0.0,0.0,0.0,0.0,0.0,0.0,0.0,0.0,0.0,0.0,0.0,0.0,0.0,0.0,0.0,0.0,0.0,0.0
KRAS,ipin_baseline,exclude_prior_train_development_P,all_U,3,300,303,0.6911111111111111,0.020247520247520245,74,74,74.0,0.013513513513513514,0.0,0.0,0.0,0.0,0.0,0.0,0.0,0.0,0.0,0.0,0.0,0.0,0.0,0.0,0.0,0.0,0.0,0.0
KRAS,ipin_baseline,exclude_prior_train_development_P,context,3,150,153,0.62,0.032706924411993535,49,49,49.0,0.02040816326530612,0.0,0.0,0.0,0.0,0.0,0.0,0.0,0.0,0.0,0.0,0.0,0.0,0.0,0.0,0.0,0.0,0.0,0.0
KRAS,ipin_baseline,exclude_prior_train_development_P,background,3,150,153,0.7622222222222222,0.05074786324786325,26,26,26.0,0.038461538461538464,0.0,0.0,0.0,0.0,0.0,0.0,0.0,0.0,0.0,0.0,0.0,0.0,0.0,0.0,0.0,0.0,0.0,0.0
KRAS,ipin_baseline,exclude_prior_train_development_P_and_homomers,all_U,3,300,303,0.6911111111111111,0.020247520247520245,74,74,74.0,0.013513513513513514,0.0,0.0,0.0,0.0,0.0,0.0,0.0,0.0,0.0,0.0,0.0,0.0,0.0,0.0,0.0,0.0,0.0,0.0
KRAS,ipin_baseline,exclude_prior_train_development_P_and_homomers,context,3,150,153,0.62,0.032706924411993535,49,49,49.0,0.02040816326530612,0.0,0.0,0.0,0.0,0.0,0.0,0.0,0.0,0.0,0.0,0.0,0.0,0.0,0.0,0.0,0.0,0.0,0.0
KRAS,ipin_baseline,exclude_prior_train_development_P_and_homomers,background,3,150,153,0.7622222222222222,0.05074786324786325,26,26,26.0,0.038461538461538464,0.0,0.0,0.0,0.0,0.0,0.0,0.0,0.0,0.0,0.0,0.0,0.0,0.0,0.0,0.0,0.0,0.0,0.0
KRAS,ipin_optimized,all_P,all_U,3,300,303,0.9166666666666666,0.07525252525252525,15,15,15.0,0.06666666666666667,0.0,0.0,0.0,0.0,0.0,0.0,0.0,0.0,0.0,0.0,0.0,0.0,1.0,0.3333333333333333,0.05,5.05,0.11731968150568911,1.0
KRAS,ipin_optimized,all_P,context,3,150,153,0.9022222222222223,0.1354326676907322,7,7,7.0,0.14285714285714285,0.0,0.0,0.0,0.0,0.0,0.0,1.0,0.3333333333333333,0.1,5.1000000000000005,0.15642624200758548,1.0,2.0,0.6666666666666666,0.1,5.1000000000000005,0.283243258839979,1.0
KRAS,ipin_optimized,all_P,background,3,150,153,0.9311111111111111,0.1550925925925926,9,9,9.0,0.1111111111111111,0.0,0.0,0.0,0.0,0.0,0.0,1.0,0.3333333333333333,0.1,5.1000000000000005,0.14126697285982898,1.0,3.0,1.0,0.15,7.6499999999999995,0.38289328441824033,1.0
KRAS,ipin_optimized,exclude_development_P,all_U,3,300,303,0.9166666666666666,0.07525252525252525,15,15,15.0,0.06666666666666667,0.0,0.0,0.0,0.0,0.0,0.0,0.0,0.0,0.0,0.0,0.0,0.0,1.0,0.3333333333333333,0.05,5.05,0.11731968150568911,1.0
KRAS,ipin_optimized,exclude_development_P,context,3,150,153,0.9022222222222223,0.1354326676907322,7,7,7.0,0.14285714285714285,0.0,0.0,0.0,0.0,0.0,0.0,1.0,0.3333333333333333,0.1,5.1000000000000005,0.15642624200758548,1.0,2.0,0.6666666666666666,0.1,5.1000000000000005,0.283243258839979,1.0
KRAS,ipin_optimized,exclude_development_P,background,3,150,153,0.9311111111111111,0.1550925925925926,9,9,9.0,0.1111111111111111,0.0,0.0,0.0,0.0,0.0,0.0,1.0,0.3333333333333333,0.1,5.1000000000000005,0.14126697285982898,1.0,3.0,1.0,0.15,7.6499999999999995,0.38289328441824033,1.0
KRAS,ipin_optimized,exclude_development_P_and_homomers,all_U,3,300,303,0.9166666666666666,0.07525252525252525,15,15,15.0,0.06666666666666667,0.0,0.0,0.0,0.0,0.0,0.0,0.0,0.0,0.0,0.0,0.0,0.0,1.0,0.3333333333333333,0.05,5.05,0.11731968150568911,1.0
KRAS,ipin_optimized,exclude_development_P_and_homomers,context,3,150,153,0.9022222222222223,0.1354326676907322,7,7,7.0,0.14285714285714285,0.0,0.0,0.0,0.0,0.0,0.0,1.0,0.3333333333333333,0.1,5.1000000000000005,0.15642624200758548,1.0,2.0,0.6666666666666666,0.1,5.1000000000000005,0.283243258839979,1.0
KRAS,ipin_optimized,exclude_development_P_and_homomers,background,3,150,153,0.9311111111111111,0.1550925925925926,9,9,9.0,0.1111111111111111,0.0,0.0,0.0,0.0,0.0,0.0,1.0,0.3333333333333333,0.1,5.1000000000000005,0.14126697285982898,1.0,3.0,1.0,0.15,7.6499999999999995,0.38289328441824033,1.0
KRAS,ipin_optimized,exclude_prior_train_development_P,all_U,3,300,303,0.9166666666666666,0.07525252525252525,15,15,15.0,0.06666666666666667,0.0,0.0,0.0,0.0,0.0,0.0,0.0,0.0,0.0,0.0,0.0,0.0,1.0,0.3333333333333333,0.05,5.05,0.11731968150568911,1.0
KRAS,ipin_optimized,exclude_prior_train_development_P,context,3,150,153,0.9022222222222223,0.1354326676907322,7,7,7.0,0.14285714285714285,0.0,0.0,0.0,0.0,0.0,0.0,1.0,0.3333333333333333,0.1,5.1000000000000005,0.15642624200758548,1.0,2.0,0.6666666666666666,0.1,5.1000000000000005,0.283243258839979,1.0
KRAS,ipin_optimized,exclude_prior_train_development_P,background,3,150,153,0.9311111111111111,0.1550925925925926,9,9,9.0,0.1111111111111111,0.0,0.0,0.0,0.0,0.0,0.0,1.0,0.3333333333333333,0.1,5.1000000000000005,0.14126697285982898,1.0,3.0,1.0,0.15,7.6499999999999995,0.38289328441824033,1.0
KRAS,ipin_optimized,exclude_prior_train_development_P_and_homomers,all_U,3,300,303,0.9166666666666666,0.07525252525252525,15,15,15.0,0.06666666666666667,0.0,0.0,0.0,0.0,0.0,0.0,0.0,0.0,0.0,0.0,0.0,0.0,1.0,0.3333333333333333,0.05,5.05,0.11731968150568911,1.0
KRAS,ipin_optimized,exclude_prior_train_development_P_and_homomers,context,3,150,153,0.9022222222222223,0.1354326676907322,7,7,7.0,0.14285714285714285,0.0,0.0,0.0,0.0,0.0,0.0,1.0,0.3333333333333333,0.1,5.1000000000000005,0.15642624200758548,1.0,2.0,0.6666666666666666,0.1,5.1000000000000005,0.283243258839979,1.0
KRAS,ipin_optimized,exclude_prior_train_development_P_and_homomers,background,3,150,153,0.9311111111111111,0.1550925925925926,9,9,9.0,0.1111111111111111,0.0,0.0,0.0,0.0,0.0,0.0,1.0,0.3333333333333333,0.1,5.1000000000000005,0.14126697285982898,1.0,3.0,1.0,0.15,7.6499999999999995,0.38289328441824033,1.0
KRAS,tuna_retrained,all_P,all_U,3,300,303,0.8933333333333333,0.05690836940836941,21,21,21.0,0.047619047619047616,0.0,0.0,0.0,0.0,0.0,0.0,0.0,0.0,0.0,0.0,0.0,0.0,0.0,0.0,0.0,0.0,0.0,0.0
KRAS,tuna_retrained,all_P,context,3,150,153,0.8577777777777778,0.08309806135893091,14,14,14.0,0.07142857142857142,0.0,0.0,0.0,0.0,0.0,0.0,0.0,0.0,0.0,0.0,0.0,0.0,1.0,0.3333333333333333,0.05,2.5500000000000003,0.12011565579805131,1.0
KRAS,tuna_retrained,all_P,background,3,150,153,0.9288888888888889,0.15277777777777776,8,8,8.0,0.125,0.0,0.0,0.0,0.0,0.0,0.0,1.0,0.3333333333333333,0.1,5.1000000000000005,0.1480409554829326,1.0,3.0,1.0,0.15,7.6499999999999995,0.38533036727442355,1.0
KRAS,tuna_retrained,exclude_development_P,all_U,3,300,303,0.8933333333333333,0.05690836940836941,21,21,21.0,0.047619047619047616,0.0,0.0,0.0,0.0,0.0,0.0,0.0,0.0,0.0,0.0,0.0,0.0,0.0,0.0,0.0,0.0,0.0,0.0
KRAS,tuna_retrained,exclude_development_P,context,3,150,153,0.8577777777777778,0.08309806135893091,14,14,14.0,0.07142857142857142,0.0,0.0,0.0,0.0,0.0,0.0,0.0,0.0,0.0,0.0,0.0,0.0,1.0,0.3333333333333333,0.05,2.5500000000000003,0.12011565579805131,1.0
KRAS,tuna_retrained,exclude_development_P,background,3,150,153,0.9288888888888889,0.15277777777777776,8,8,8.0,0.125,0.0,0.0,0.0,0.0,0.0,0.0,1.0,0.3333333333333333,0.1,5.1000000000000005,0.1480409554829326,1.0,3.0,1.0,0.15,7.6499999999999995,0.38533036727442355,1.0
KRAS,tuna_retrained,exclude_development_P_and_homomers,all_U,3,300,303,0.8933333333333333,0.05690836940836941,21,21,21.0,0.047619047619047616,0.0,0.0,0.0,0.0,0.0,0.0,0.0,0.0,0.0,0.0,0.0,0.0,0.0,0.0,0.0,0.0,0.0,0.0
KRAS,tuna_retrained,exclude_development_P_and_homomers,context,3,150,153,0.8577777777777778,0.08309806135893091,14,14,14.0,0.07142857142857142,0.0,0.0,0.0,0.0,0.0,0.0,0.0,0.0,0.0,0.0,0.0,0.0,1.0,0.3333333333333333,0.05,2.5500000000000003,0.12011565579805131,1.0
KRAS,tuna_retrained,exclude_development_P_and_homomers,background,3,150,153,0.9288888888888889,0.15277777777777776,8,8,8.0,0.125,0.0,0.0,0.0,0.0,0.0,0.0,1.0,0.3333333333333333,0.1,5.1000000000000005,0.1480409554829326,1.0,3.0,1.0,0.15,7.6499999999999995,0.38533036727442355,1.0
KRAS,tuna_retrained,exclude_prior_train_development_P,all_U,3,300,303,0.8933333333333333,0.05690836940836941,21,21,21.0,0.047619047619047616,0.0,0.0,0.0,0.0,0.0,0.0,0.0,0.0,0.0,0.0,0.0,0.0,0.0,0.0,0.0,0.0,0.0,0.0
KRAS,tuna_retrained,exclude_prior_train_development_P,context,3,150,153,0.8577777777777778,0.08309806135893091,14,14,14.0,0.07142857142857142,0.0,0.0,0.0,0.0,0.0,0.0,0.0,0.0,0.0,0.0,0.0,0.0,1.0,0.3333333333333333,0.05,2.5500000000000003,0.12011565579805131,1.0
KRAS,tuna_retrained,exclude_prior_train_development_P,background,3,150,153,0.9288888888888889,0.15277777777777776,8,8,8.0,0.125,0.0,0.0,0.0,0.0,0.0,0.0,1.0,0.3333333333333333,0.1,5.1000000000000005,0.1480409554829326,1.0,3.0,1.0,0.15,7.6499999999999995,0.38533036727442355,1.0
KRAS,tuna_retrained,exclude_prior_train_development_P_and_homomers,all_U,3,300,303,0.8933333333333333,0.05690836940836941,21,21,21.0,0.047619047619047616,0.0,0.0,0.0,0.0,0.0,0.0,0.0,0.0,0.0,0.0,0.0,0.0,0.0,0.0,0.0,0.0,0.0,0.0
KRAS,tuna_retrained,exclude_prior_train_development_P_and_homomers,context,3,150,153,0.8577777777777778,0.08309806135893091,14,14,14.0,0.07142857142857142,0.0,0.0,0.0,0.0,0.0,0.0,0.0,0.0,0.0,0.0,0.0,0.0,1.0,0.3333333333333333,0.05,2.5500000000000003,0.12011565579805131,1.0
KRAS,tuna_retrained,exclude_prior_train_development_P_and_homomers,background,3,150,153,0.9288888888888889,0.15277777777777776,8,8,8.0,0.125,0.0,0.0,0.0,0.0,0.0,0.0,1.0,0.3333333333333333,0.1,5.1000000000000005,0.1480409554829326,1.0,3.0,1.0,0.15,7.6499999999999995,0.38533036727442355,1.0
CDK2,ipin_baseline,all_P,all_U,3,300,303,0.6788888888888889,0.028691423519009725,20,20,20.0,0.05,0.0,0.0,0.0,0.0,0.0,0.0,0.0,0.0,0.0,0.0,0.0,0.0,1.0,0.3333333333333333,0.05,5.05,0.10684080426179023,1.0
CDK2,ipin_baseline,all_P,context,3,150,153,0.6155555555555555,0.05290262172284644,10,10,10.0,0.1,0.0,0.0,0.0,0.0,0.0,0.0,1.0,0.3333333333333333,0.1,5.1000000000000005,0.13565197343244778,1.0,1.0,0.3333333333333333,0.05,2.5500000000000003,0.13565197343244778,1.0
CDK2,ipin_baseline,all_P,background,3,150,153,0.7422222222222222,0.060072695665916,11,11,11.0,0.09090909090909091,0.0,0.0,0.0,0.0,0.0,0.0,0.0,0.0,0.0,0.0,0.0,0.0,1.0,0.3333333333333333,0.05,2.5500000000000003,0.1309019901681972,1.0
CDK2,ipin_baseline,exclude_development_P,all_U,3,300,303,0.6788888888888889,0.028691423519009725,20,20,20.0,0.05,0.0,0.0,0.0,0.0,0.0,0.0,0.0,0.0,0.0,0.0,0.0,0.0,1.0,0.3333333333333333,0.05,5.05,0.10684080426179023,1.0
CDK2,ipin_baseline,exclude_development_P,context,3,150,153,0.6155555555555555,0.05290262172284644,10,10,10.0,0.1,0.0,0.0,0.0,0.0,0.0,0.0,1.0,0.3333333333333333,0.1,5.1000000000000005,0.13565197343244778,1.0,1.0,0.3333333333333333,0.05,2.5500000000000003,0.13565197343244778,1.0
CDK2,ipin_baseline,exclude_development_P,background,3,150,153,0.7422222222222222,0.060072695665916,11,11,11.0,0.09090909090909091,0.0,0.0,0.0,0.0,0.0,0.0,0.0,0.0,0.0,0.0,0.0,0.0,1.0,0.3333333333333333,0.05,2.5500000000000003,0.1309019901681972,1.0
CDK2,ipin_baseline,exclude_development_P_and_homomers,all_U,3,300,303,0.6788888888888889,0.028691423519009725,20,20,20.0,0.05,0.0,0.0,0.0,0.0,0.0,0.0,0.0,0.0,0.0,0.0,0.0,0.0,1.0,0.3333333333333333,0.05,5.05,0.10684080426179023,1.0
CDK2,ipin_baseline,exclude_development_P_and_homomers,context,3,150,153,0.6155555555555555,0.05290262172284644,10,10,10.0,0.1,0.0,0.0,0.0,0.0,0.0,0.0,1.0,0.3333333333333333,0.1,5.1000000000000005,0.13565197343244778,1.0,1.0,0.3333333333333333,0.05,2.5500000000000003,0.13565197343244778,1.0
CDK2,ipin_baseline,exclude_development_P_and_homomers,background,3,150,153,0.7422222222222222,0.060072695665916,11,11,11.0,0.09090909090909091,0.0,0.0,0.0,0.0,0.0,0.0,0.0,0.0,0.0,0.0,0.0,0.0,1.0,0.3333333333333333,0.05,2.5500000000000003,0.1309019901681972,1.0
CDK2,ipin_baseline,exclude_prior_train_development_P,all_U,3,300,303,0.6788888888888889,0.028691423519009725,20,20,20.0,0.05,0.0,0.0,0.0,0.0,0.0,0.0,0.0,0.0,0.0,0.0,0.0,0.0,1.0,0.3333333333333333,0.05,5.05,0.10684080426179023,1.0
CDK2,ipin_baseline,exclude_prior_train_development_P,context,3,150,153,0.6155555555555555,0.05290262172284644,10,10,10.0,0.1,0.0,0.0,0.0,0.0,0.0,0.0,1.0,0.3333333333333333,0.1,5.1000000000000005,0.13565197343244778,1.0,1.0,0.3333333333333333,0.05,2.5500000000000003,0.13565197343244778,1.0
CDK2,ipin_baseline,exclude_prior_train_development_P,background,3,150,153,0.7422222222222222,0.060072695665916,11,11,11.0,0.09090909090909091,0.0,0.0,0.0,0.0,0.0,0.0,0.0,0.0,0.0,0.0,0.0,0.0,1.0,0.3333333333333333,0.05,2.5500000000000003,0.1309019901681972,1.0
CDK2,ipin_baseline,exclude_prior_train_development_P_and_homomers,all_U,3,300,303,0.6788888888888889,0.028691423519009725,20,20,20.0,0.05,0.0,0.0,0.0,0.0,0.0,0.0,0.0,0.0,0.0,0.0,0.0,0.0,1.0,0.3333333333333333,0.05,5.05,0.10684080426179023,1.0
CDK2,ipin_baseline,exclude_prior_train_development_P_and_homomers,context,3,150,153,0.6155555555555555,0.05290262172284644,10,10,10.0,0.1,0.0,0.0,0.0,0.0,0.0,0.0,1.0,0.3333333333333333,0.1,5.1000000000000005,0.13565197343244778,1.0,1.0,0.3333333333333333,0.05,2.5500000000000003,0.13565197343244778,1.0
CDK2,ipin_baseline,exclude_prior_train_development_P_and_homomers,background,3,150,153,0.7422222222222222,0.060072695665916,11,11,11.0,0.09090909090909091,0.0,0.0,0.0,0.0,0.0,0.0,0.0,0.0,0.0,0.0,0.0,0.0,1.0,0.3333333333333333,0.05,2.5500000000000003,0.1309019901681972,1.0
CDK2,ipin_optimized,all_P,all_U,3,300,303,0.8744444444444445,0.39056776556776557,1,1,1.0,1.0,1.0,0.3333333333333333,0.2,20.2,0.46927872602275644,1.0,1.0,0.3333333333333333,0.1,10.1,0.46927872602275644,1.0,2.0,0.6666666666666666,0.1,10.1,0.5893943818208077,1.0
CDK2,ipin_optimized,all_P,context,3,150,153,0.8466666666666667,0.43181818181818177,1,1,1.0,1.0,1.0,0.3333333333333333,0.2,10.200000000000001,0.46927872602275644,1.0,2.0,0.6666666666666666,0.2,10.200000000000001,0.617319681505689,1.0,2.0,0.6666666666666666,0.1,5.1000000000000005,0.617319681505689,1.0
CDK2,ipin_optimized,all_P,background,3,150,153,0.9022222222222223,0.4410569105691057,1,1,1.0,1.0,1.0,0.3333333333333333,0.2,10.200000000000001,0.46927872602275644,1.0,2.0,0.6666666666666666,0.2,10.200000000000001,0.617319681505689,1.0,2.0,0.6666666666666666,0.1,5.1000000000000005,0.617319681505689,1.0
CDK2,ipin_optimized,exclude_development_P,all_U,3,300,303,0.8744444444444445,0.39056776556776557,1,1,1.0,1.0,1.0,0.3333333333333333,0.2,20.2,0.46927872602275644,1.0,1.0,0.3333333333333333,0.1,10.1,0.46927872602275644,1.0,2.0,0.6666666666666666,0.1,10.1,0.5893943818208077,1.0
CDK2,ipin_optimized,exclude_development_P,context,3,150,153,0.8466666666666667,0.43181818181818177,1,1,1.0,1.0,1.0,0.3333333333333333,0.2,10.200000000000001,0.46927872602275644,1.0,2.0,0.6666666666666666,0.2,10.200000000000001,0.617319681505689,1.0,2.0,0.6666666666666666,0.1,5.1000000000000005,0.617319681505689,1.0
CDK2,ipin_optimized,exclude_development_P,background,3,150,153,0.9022222222222223,0.4410569105691057,1,1,1.0,1.0,1.0,0.3333333333333333,0.2,10.200000000000001,0.46927872602275644,1.0,2.0,0.6666666666666666,0.2,10.200000000000001,0.617319681505689,1.0,2.0,0.6666666666666666,0.1,5.1000000000000005,0.617319681505689,1.0
CDK2,ipin_optimized,exclude_development_P_and_homomers,all_U,3,300,303,0.8744444444444445,0.39056776556776557,1,1,1.0,1.0,1.0,0.3333333333333333,0.2,20.2,0.46927872602275644,1.0,1.0,0.3333333333333333,0.1,10.1,0.46927872602275644,1.0,2.0,0.6666666666666666,0.1,10.1,0.5893943818208077,1.0
CDK2,ipin_optimized,exclude_development_P_and_homomers,context,3,150,153,0.8466666666666667,0.43181818181818177,1,1,1.0,1.0,1.0,0.3333333333333333,0.2,10.200000000000001,0.46927872602275644,1.0,2.0,0.6666666666666666,0.2,10.200000000000001,0.617319681505689,1.0,2.0,0.6666666666666666,0.1,5.1000000000000005,0.617319681505689,1.0
CDK2,ipin_optimized,exclude_development_P_and_homomers,background,3,150,153,0.9022222222222223,0.4410569105691057,1,1,1.0,1.0,1.0,0.3333333333333333,0.2,10.200000000000001,0.46927872602275644,1.0,2.0,0.6666666666666666,0.2,10.200000000000001,0.617319681505689,1.0,2.0,0.6666666666666666,0.1,5.1000000000000005,0.617319681505689,1.0
CDK2,ipin_optimized,exclude_prior_train_development_P,all_U,3,300,303,0.8744444444444445,0.39056776556776557,1,1,1.0,1.0,1.0,0.3333333333333333,0.2,20.2,0.46927872602275644,1.0,1.0,0.3333333333333333,0.1,10.1,0.46927872602275644,1.0,2.0,0.6666666666666666,0.1,10.1,0.5893943818208077,1.0
CDK2,ipin_optimized,exclude_prior_train_development_P,context,3,150,153,0.8466666666666667,0.43181818181818177,1,1,1.0,1.0,1.0,0.3333333333333333,0.2,10.200000000000001,0.46927872602275644,1.0,2.0,0.6666666666666666,0.2,10.200000000000001,0.617319681505689,1.0,2.0,0.6666666666666666,0.1,5.1000000000000005,0.617319681505689,1.0
CDK2,ipin_optimized,exclude_prior_train_development_P,background,3,150,153,0.9022222222222223,0.4410569105691057,1,1,1.0,1.0,1.0,0.3333333333333333,0.2,10.200000000000001,0.46927872602275644,1.0,2.0,0.6666666666666666,0.2,10.200000000000001,0.617319681505689,1.0,2.0,0.6666666666666666,0.1,5.1000000000000005,0.617319681505689,1.0
CDK2,ipin_optimized,exclude_prior_train_development_P_and_homomers,all_U,3,300,303,0.8744444444444445,0.39056776556776557,1,1,1.0,1.0,1.0,0.3333333333333333,0.2,20.2,0.46927872602275644,1.0,1.0,0.3333333333333333,0.1,10.1,0.46927872602275644,1.0,2.0,0.6666666666666666,0.1,10.1,0.5893943818208077,1.0
CDK2,ipin_optimized,exclude_prior_train_development_P_and_homomers,context,3,150,153,0.8466666666666667,0.43181818181818177,1,1,1.0,1.0,1.0,0.3333333333333333,0.2,10.200000000000001,0.46927872602275644,1.0,2.0,0.6666666666666666,0.2,10.200000000000001,0.617319681505689,1.0,2.0,0.6666666666666666,0.1,5.1000000000000005,0.617319681505689,1.0
CDK2,ipin_optimized,exclude_prior_train_development_P_and_homomers,background,3,150,153,0.9022222222222223,0.4410569105691057,1,1,1.0,1.0,1.0,0.3333333333333333,0.2,10.200000000000001,0.46927872602275644,1.0,2.0,0.6666666666666666,0.2,10.200000000000001,0.617319681505689,1.0,2.0,0.6666666666666666,0.1,5.1000000000000005,0.617319681505689,1.0
CDK2,tuna_retrained,all_P,all_U,3,300,303,0.9177777777777778,0.08367190720131897,9,9,9.0,0.1111111111111111,0.0,0.0,0.0,0.0,0.0,0.0,1.0,0.3333333333333333,0.1,10.1,0.14126697285982898,1.0,1.0,0.3333333333333333,0.05,5.05,0.14126697285982898,1.0
CDK2,tuna_retrained,all_P,context,3,150,153,0.9044444444444445,0.15674603174603174,4,4,4.0,0.25,1.0,0.3333333333333333,0.2,10.200000000000001,0.20210734650054757,1.0,1.0,0.3333333333333333,0.1,5.1000000000000005,0.20210734650054757,1.0,1.0,0.3333333333333333,0.05,2.5500000000000003,0.20210734650054757,1.0
CDK2,tuna_retrained,all_P,background,3,150,153,0.9311111111111111,0.16249999999999998,6,6,6.0,0.16666666666666666,0.0,0.0,0.0,0.0,0.0,0.0,1.0,0.3333333333333333,0.1,5.1000000000000005,0.16716045496620227,1.0,3.0,1.0,0.15,7.6499999999999995,0.39928943119790916,1.0
CDK2,tuna_retrained,exclude_development_P,all_U,3,300,303,0.9177777777777778,0.08367190720131897,9,9,9.0,0.1111111111111111,0.0,0.0,0.0,0.0,0.0,0.0,1.0,0.3333333333333333,0.1,10.1,0.14126697285982898,1.0,1.0,0.3333333333333333,0.05,5.05,0.14126697285982898,1.0
CDK2,tuna_retrained,exclude_development_P,context,3,150,153,0.9044444444444445,0.15674603174603174,4,4,4.0,0.25,1.0,0.3333333333333333,0.2,10.200000000000001,0.20210734650054757,1.0,1.0,0.3333333333333333,0.1,5.1000000000000005,0.20210734650054757,1.0,1.0,0.3333333333333333,0.05,2.5500000000000003,0.20210734650054757,1.0
CDK2,tuna_retrained,exclude_development_P,background,3,150,153,0.9311111111111111,0.16249999999999998,6,6,6.0,0.16666666666666666,0.0,0.0,0.0,0.0,0.0,0.0,1.0,0.3333333333333333,0.1,5.1000000000000005,0.16716045496620227,1.0,3.0,1.0,0.15,7.6499999999999995,0.39928943119790916,1.0
CDK2,tuna_retrained,exclude_development_P_and_homomers,all_U,3,300,303,0.9177777777777778,0.08367190720131897,9,9,9.0,0.1111111111111111,0.0,0.0,0.0,0.0,0.0,0.0,1.0,0.3333333333333333,0.1,10.1,0.14126697285982898,1.0,1.0,0.3333333333333333,0.05,5.05,0.14126697285982898,1.0
CDK2,tuna_retrained,exclude_development_P_and_homomers,context,3,150,153,0.9044444444444445,0.15674603174603174,4,4,4.0,0.25,1.0,0.3333333333333333,0.2,10.200000000000001,0.20210734650054757,1.0,1.0,0.3333333333333333,0.1,5.1000000000000005,0.20210734650054757,1.0,1.0,0.3333333333333333,0.05,2.5500000000000003,0.20210734650054757,1.0
CDK2,tuna_retrained,exclude_development_P_and_homomers,background,3,150,153,0.9311111111111111,0.16249999999999998,6,6,6.0,0.16666666666666666,0.0,0.0,0.0,0.0,0.0,0.0,1.0,0.3333333333333333,0.1,5.1000000000000005,0.16716045496620227,1.0,3.0,1.0,0.15,7.6499999999999995,0.39928943119790916,1.0
CDK2,tuna_retrained,exclude_prior_train_development_P,all_U,3,300,303,0.9177777777777778,0.08367190720131897,9,9,9.0,0.1111111111111111,0.0,0.0,0.0,0.0,0.0,0.0,1.0,0.3333333333333333,0.1,10.1,0.14126697285982898,1.0,1.0,0.3333333333333333,0.05,5.05,0.14126697285982898,1.0
CDK2,tuna_retrained,exclude_prior_train_development_P,context,3,150,153,0.9044444444444445,0.15674603174603174,4,4,4.0,0.25,1.0,0.3333333333333333,0.2,10.200000000000001,0.20210734650054757,1.0,1.0,0.3333333333333333,0.1,5.1000000000000005,0.20210734650054757,1.0,1.0,0.3333333333333333,0.05,2.5500000000000003,0.20210734650054757,1.0
CDK2,tuna_retrained,exclude_prior_train_development_P,background,3,150,153,0.9311111111111111,0.16249999999999998,6,6,6.0,0.16666666666666666,0.0,0.0,0.0,0.0,0.0,0.0,1.0,0.3333333333333333,0.1,5.1000000000000005,0.16716045496620227,1.0,3.0,1.0,0.15,7.6499999999999995,0.39928943119790916,1.0
CDK2,tuna_retrained,exclude_prior_train_development_P_and_homomers,all_U,3,300,303,0.9177777777777778,0.08367190720131897,9,9,9.0,0.1111111111111111,0.0,0.0,0.0,0.0,0.0,0.0,1.0,0.3333333333333333,0.1,10.1,0.14126697285982898,1.0,1.0,0.3333333333333333,0.05,5.05,0.14126697285982898,1.0
CDK2,tuna_retrained,exclude_prior_train_development_P_and_homomers,context,3,150,153,0.9044444444444445,0.15674603174603174,4,4,4.0,0.25,1.0,0.3333333333333333,0.2,10.200000000000001,0.20210734650054757,1.0,1.0,0.3333333333333333,0.1,5.1000000000000005,0.20210734650054757,1.0,1.0,0.3333333333333333,0.05,2.5500000000000003,0.20210734650054757,1.0
CDK2,tuna_retrained,exclude_prior_train_development_P_and_homomers,background,3,150,153,0.9311111111111111,0.16249999999999998,6,6,6.0,0.16666666666666666,0.0,0.0,0.0,0.0,0.0,0.0,1.0,0.3333333333333333,0.1,5.1000000000000005,0.16716045496620227,1.0,3.0,1.0,0.15,7.6499999999999995,0.39928943119790916,1.0
HIF1A,ipin_baseline,all_P,all_U,3,300,303,0.73,0.029692197566213316,22,22,22.0,0.045454545454545456,0.0,0.0,0.0,0.0,0.0,0.0,0.0,0.0,0.0,0.0,0.0,0.0,0.0,0.0,0.0,0.0,0.0,0.0
HIF1A,ipin_baseline,all_P,context,3,150,153,0.6733333333333333,0.04613280513110733,15,15,15.0,0.06666666666666667,0.0,0.0,0.0,0.0,0.0,0.0,0.0,0.0,0.0,0.0,0.0,0.0,1.0,0.3333333333333333,0.05,2.5500000000000003,0.11731968150568911,1.0
HIF1A,ipin_baseline,all_P,background,3,150,153,0.7866666666666666,0.07685185185185185,8,8,8.0,0.125,0.0,0.0,0.0,0.0,0.0,0.0,1.0,0.3333333333333333,0.1,5.1000000000000005,0.1480409554829326,1.0,1.0,0.3333333333333333,0.05,2.5500000000000003,0.1480409554829326,1.0
HIF1A,ipin_baseline,exclude_development_P,all_U,3,300,303,0.73,0.029692197566213316,22,22,22.0,0.045454545454545456,0.0,0.0,0.0,0.0,0.0,0.0,0.0,0.0,0.0,0.0,0.0,0.0,0.0,0.0,0.0,0.0,0.0,0.0
HIF1A,ipin_baseline,exclude_development_P,context,3,150,153,0.6733333333333333,0.04613280513110733,15,15,15.0,0.06666666666666667,0.0,0.0,0.0,0.0,0.0,0.0,0.0,0.0,0.0,0.0,0.0,0.0,1.0,0.3333333333333333,0.05,2.5500000000000003,0.11731968150568911,1.0
HIF1A,ipin_baseline,exclude_development_P,background,3,150,153,0.7866666666666666,0.07685185185185185,8,8,8.0,0.125,0.0,0.0,0.0,0.0,0.0,0.0,1.0,0.3333333333333333,0.1,5.1000000000000005,0.1480409554829326,1.0,1.0,0.3333333333333333,0.05,2.5500000000000003,0.1480409554829326,1.0
HIF1A,ipin_baseline,exclude_development_P_and_homomers,all_U,3,300,303,0.73,0.029692197566213316,22,22,22.0,0.045454545454545456,0.0,0.0,0.0,0.0,0.0,0.0,0.0,0.0,0.0,0.0,0.0,0.0,0.0,0.0,0.0,0.0,0.0,0.0
HIF1A,ipin_baseline,exclude_development_P_and_homomers,context,3,150,153,0.6733333333333333,0.04613280513110733,15,15,15.0,0.06666666666666667,0.0,0.0,0.0,0.0,0.0,0.0,0.0,0.0,0.0,0.0,0.0,0.0,1.0,0.3333333333333333,0.05,2.5500000000000003,0.11731968150568911,1.0
HIF1A,ipin_baseline,exclude_development_P_and_homomers,background,3,150,153,0.7866666666666666,0.07685185185185185,8,8,8.0,0.125,0.0,0.0,0.0,0.0,0.0,0.0,1.0,0.3333333333333333,0.1,5.1000000000000005,0.1480409554829326,1.0,1.0,0.3333333333333333,0.05,2.5500000000000003,0.1480409554829326,1.0
HIF1A,ipin_baseline,exclude_prior_train_development_P,all_U,3,300,303,0.73,0.029692197566213316,22,22,22.0,0.045454545454545456,0.0,0.0,0.0,0.0,0.0,0.0,0.0,0.0,0.0,0.0,0.0,0.0,0.0,0.0,0.0,0.0,0.0,0.0
HIF1A,ipin_baseline,exclude_prior_train_development_P,context,3,150,153,0.6733333333333333,0.04613280513110733,15,15,15.0,0.06666666666666667,0.0,0.0,0.0,0.0,0.0,0.0,0.0,0.0,0.0,0.0,0.0,0.0,1.0,0.3333333333333333,0.05,2.5500000000000003,0.11731968150568911,1.0
HIF1A,ipin_baseline,exclude_prior_train_development_P,background,3,150,153,0.7866666666666666,0.07685185185185185,8,8,8.0,0.125,0.0,0.0,0.0,0.0,0.0,0.0,1.0,0.3333333333333333,0.1,5.1000000000000005,0.1480409554829326,1.0,1.0,0.3333333333333333,0.05,2.5500000000000003,0.1480409554829326,1.0
HIF1A,ipin_baseline,exclude_prior_train_development_P_and_homomers,all_U,3,300,303,0.73,0.029692197566213316,22,22,22.0,0.045454545454545456,0.0,0.0,0.0,0.0,0.0,0.0,0.0,0.0,0.0,0.0,0.0,0.0,0.0,0.0,0.0,0.0,0.0,0.0
HIF1A,ipin_baseline,exclude_prior_train_development_P_and_homomers,context,3,150,153,0.6733333333333333,0.04613280513110733,15,15,15.0,0.06666666666666667,0.0,0.0,0.0,0.0,0.0,0.0,0.0,0.0,0.0,0.0,0.0,0.0,1.0,0.3333333333333333,0.05,2.5500000000000003,0.11731968150568911,1.0
HIF1A,ipin_baseline,exclude_prior_train_development_P_and_homomers,background,3,150,153,0.7866666666666666,0.07685185185185185,8,8,8.0,0.125,0.0,0.0,0.0,0.0,0.0,0.0,1.0,0.3333333333333333,0.1,5.1000000000000005,0.1480409554829326,1.0,1.0,0.3333333333333333,0.05,2.5500000000000003,0.1480409554829326,1.0
HIF1A,ipin_optimized,all_P,all_U,3,300,303,0.6522222222222223,0.041292356185973204,12,12,12.0,0.08333333333333333,0.0,0.0,0.0,0.0,0.0,0.0,0.0,0.0,0.0,0.0,0.0,0.0,1.0,0.3333333333333333,0.05,5.05,0.12681701683239352,1.0
HIF1A,ipin_optimized,all_P,context,3,150,153,0.6266666666666667,0.06474594429139884,8,8,8.0,0.125,0.0,0.0,0.0,0.0,0.0,0.0,1.0,0.3333333333333333,0.1,5.1000000000000005,0.1480409554829326,1.0,1.0,0.3333333333333333,0.05,2.5500000000000003,0.1480409554829326,1.0
HIF1A,ipin_optimized,all_P,background,3,150,153,0.6777777777777778,0.09820218096080165,5,5,5.0,0.2,1.0,0.3333333333333333,0.2,10.200000000000001,0.18154179253735267,1.0,1.0,0.3333333333333333,0.1,5.1000000000000005,0.18154179253735267,1.0,1.0,0.3333333333333333,0.05,2.5500000000000003,0.18154179253735267,1.0
HIF1A,ipin_optimized,exclude_development_P,all_U,3,300,303,0.6522222222222223,0.041292356185973204,12,12,12.0,0.08333333333333333,0.0,0.0,0.0,0.0,0.0,0.0,0.0,0.0,0.0,0.0,0.0,0.0,1.0,0.3333333333333333,0.05,5.05,0.12681701683239352,1.0
HIF1A,ipin_optimized,exclude_development_P,context,3,150,153,0.6266666666666667,0.06474594429139884,8,8,8.0,0.125,0.0,0.0,0.0,0.0,0.0,0.0,1.0,0.3333333333333333,0.1,5.1000000000000005,0.1480409554829326,1.0,1.0,0.3333333333333333,0.05,2.5500000000000003,0.1480409554829326,1.0
HIF1A,ipin_optimized,exclude_development_P,background,3,150,153,0.6777777777777778,0.09820218096080165,5,5,5.0,0.2,1.0,0.3333333333333333,0.2,10.200000000000001,0.18154179253735267,1.0,1.0,0.3333333333333333,0.1,5.1000000000000005,0.18154179253735267,1.0,1.0,0.3333333333333333,0.05,2.5500000000000003,0.18154179253735267,1.0
HIF1A,ipin_optimized,exclude_development_P_and_homomers,all_U,3,300,303,0.6522222222222223,0.041292356185973204,12,12,12.0,0.08333333333333333,0.0,0.0,0.0,0.0,0.0,0.0,0.0,0.0,0.0,0.0,0.0,0.0,1.0,0.3333333333333333,0.05,5.05,0.12681701683239352,1.0
HIF1A,ipin_optimized,exclude_development_P_and_homomers,context,3,150,153,0.6266666666666667,0.06474594429139884,8,8,8.0,0.125,0.0,0.0,0.0,0.0,0.0,0.0,1.0,0.3333333333333333,0.1,5.1000000000000005,0.1480409554829326,1.0,1.0,0.3333333333333333,0.05,2.5500000000000003,0.1480409554829326,1.0
HIF1A,ipin_optimized,exclude_development_P_and_homomers,background,3,150,153,0.6777777777777778,0.09820218096080165,5,5,5.0,0.2,1.0,0.3333333333333333,0.2,10.200000000000001,0.18154179253735267,1.0,1.0,0.3333333333333333,0.1,5.1000000000000005,0.18154179253735267,1.0,1.0,0.3333333333333333,0.05,2.5500000000000003,0.18154179253735267,1.0
HIF1A,ipin_optimized,exclude_prior_train_development_P,all_U,3,300,303,0.6522222222222223,0.041292356185973204,12,12,12.0,0.08333333333333333,0.0,0.0,0.0,0.0,0.0,0.0,0.0,0.0,0.0,0.0,0.0,0.0,1.0,0.3333333333333333,0.05,5.05,0.12681701683239352,1.0
HIF1A,ipin_optimized,exclude_prior_train_development_P,context,3,150,153,0.6266666666666667,0.06474594429139884,8,8,8.0,0.125,0.0,0.0,0.0,0.0,0.0,0.0,1.0,0.3333333333333333,0.1,5.1000000000000005,0.1480409554829326,1.0,1.0,0.3333333333333333,0.05,2.5500000000000003,0.1480409554829326,1.0
HIF1A,ipin_optimized,exclude_prior_train_development_P,background,3,150,153,0.6777777777777778,0.09820218096080165,5,5,5.0,0.2,1.0,0.3333333333333333,0.2,10.200000000000001,0.18154179253735267,1.0,1.0,0.3333333333333333,0.1,5.1000000000000005,0.18154179253735267,1.0,1.0,0.3333333333333333,0.05,2.5500000000000003,0.18154179253735267,1.0
HIF1A,ipin_optimized,exclude_prior_train_development_P_and_homomers,all_U,3,300,303,0.6522222222222223,0.041292356185973204,12,12,12.0,0.08333333333333333,0.0,0.0,0.0,0.0,0.0,0.0,0.0,0.0,0.0,0.0,0.0,0.0,1.0,0.3333333333333333,0.05,5.05,0.12681701683239352,1.0
HIF1A,ipin_optimized,exclude_prior_train_development_P_and_homomers,context,3,150,153,0.6266666666666667,0.06474594429139884,8,8,8.0,0.125,0.0,0.0,0.0,0.0,0.0,0.0,1.0,0.3333333333333333,0.1,5.1000000000000005,0.1480409554829326,1.0,1.0,0.3333333333333333,0.05,2.5500000000000003,0.1480409554829326,1.0
HIF1A,ipin_optimized,exclude_prior_train_development_P_and_homomers,background,3,150,153,0.6777777777777778,0.09820218096080165,5,5,5.0,0.2,1.0,0.3333333333333333,0.2,10.200000000000001,0.18154179253735267,1.0,1.0,0.3333333333333333,0.1,5.1000000000000005,0.18154179253735267,1.0,1.0,0.3333333333333333,0.05,2.5500000000000003,0.18154179253735267,1.0
HIF1A,tuna_retrained,all_P,all_U,3,300,303,0.6977777777777778,0.053900620077090663,8,8,8.0,0.125,0.0,0.0,0.0,0.0,0.0,0.0,1.0,0.3333333333333333,0.1,10.1,0.1480409554829326,1.0,1.0,0.3333333333333333,0.05,5.05,0.1480409554829326,1.0
HIF1A,tuna_retrained,all_P,context,3,150,153,0.6377777777777778,0.08678809774700186,5,5,5.0,0.2,1.0,0.3333333333333333,0.2,10.200000000000001,0.18154179253735267,1.0,1.0,0.3333333333333333,0.1,5.1000000000000005,0.18154179253735267,1.0,1.0,0.3333333333333333,0.05,2.5500000000000003,0.18154179253735267,1.0
HIF1A,tuna_retrained,all_P,background,3,150,153,0.7577777777777778,0.11321070234113711,4,4,4.0,0.25,1.0,0.3333333333333333,0.2,10.200000000000001,0.20210734650054757,1.0,1.0,0.3333333333333333,0.1,5.1000000000000005,0.20210734650054757,1.0,1.0,0.3333333333333333,0.05,2.5500000000000003,0.20210734650054757,1.0
HIF1A,tuna_retrained,exclude_development_P,all_U,3,300,303,0.6977777777777778,0.053900620077090663,8,8,8.0,0.125,0.0,0.0,0.0,0.0,0.0,0.0,1.0,0.3333333333333333,0.1,10.1,0.1480409554829326,1.0,1.0,0.3333333333333333,0.05,5.05,0.1480409554829326,1.0
HIF1A,tuna_retrained,exclude_development_P,context,3,150,153,0.6377777777777778,0.08678809774700186,5,5,5.0,0.2,1.0,0.3333333333333333,0.2,10.200000000000001,0.18154179253735267,1.0,1.0,0.3333333333333333,0.1,5.1000000000000005,0.18154179253735267,1.0,1.0,0.3333333333333333,0.05,2.5500000000000003,0.18154179253735267,1.0
HIF1A,tuna_retrained,exclude_development_P,background,3,150,153,0.7577777777777778,0.11321070234113711,4,4,4.0,0.25,1.0,0.3333333333333333,0.2,10.200000000000001,0.20210734650054757,1.0,1.0,0.3333333333333333,0.1,5.1000000000000005,0.20210734650054757,1.0,1.0,0.3333333333333333,0.05,2.5500000000000003,0.20210734650054757,1.0
HIF1A,tuna_retrained,exclude_development_P_and_homomers,all_U,3,300,303,0.6977777777777778,0.053900620077090663,8,8,8.0,0.125,0.0,0.0,0.0,0.0,0.0,0.0,1.0,0.3333333333333333,0.1,10.1,0.1480409554829326,1.0,1.0,0.3333333333333333,0.05,5.05,0.1480409554829326,1.0
HIF1A,tuna_retrained,exclude_development_P_and_homomers,context,3,150,153,0.6377777777777778,0.08678809774700186,5,5,5.0,0.2,1.0,0.3333333333333333,0.2,10.200000000000001,0.18154179253735267,1.0,1.0,0.3333333333333333,0.1,5.1000000000000005,0.18154179253735267,1.0,1.0,0.3333333333333333,0.05,2.5500000000000003,0.18154179253735267,1.0
HIF1A,tuna_retrained,exclude_development_P_and_homomers,background,3,150,153,0.7577777777777778,0.11321070234113711,4,4,4.0,0.25,1.0,0.3333333333333333,0.2,10.200000000000001,0.20210734650054757,1.0,1.0,0.3333333333333333,0.1,5.1000000000000005,0.20210734650054757,1.0,1.0,0.3333333333333333,0.05,2.5500000000000003,0.20210734650054757,1.0
HIF1A,tuna_retrained,exclude_prior_train_development_P,all_U,3,300,303,0.6977777777777778,0.053900620077090663,8,8,8.0,0.125,0.0,0.0,0.0,0.0,0.0,0.0,1.0,0.3333333333333333,0.1,10.1,0.1480409554829326,1.0,1.0,0.3333333333333333,0.05,5.05,0.1480409554829326,1.0
HIF1A,tuna_retrained,exclude_prior_train_development_P,context,3,150,153,0.6377777777777778,0.08678809774700186,5,5,5.0,0.2,1.0,0.3333333333333333,0.2,10.200000000000001,0.18154179253735267,1.0,1.0,0.3333333333333333,0.1,5.1000000000000005,0.18154179253735267,1.0,1.0,0.3333333333333333,0.05,2.5500000000000003,0.18154179253735267,1.0
HIF1A,tuna_retrained,exclude_prior_train_development_P,background,3,150,153,0.7577777777777778,0.11321070234113711,4,4,4.0,0.25,1.0,0.3333333333333333,0.2,10.200000000000001,0.20210734650054757,1.0,1.0,0.3333333333333333,0.1,5.1000000000000005,0.20210734650054757,1.0,1.0,0.3333333333333333,0.05,2.5500000000000003,0.20210734650054757,1.0
HIF1A,tuna_retrained,exclude_prior_train_development_P_and_homomers,all_U,3,300,303,0.6977777777777778,0.053900620077090663,8,8,8.0,0.125,0.0,0.0,0.0,0.0,0.0,0.0,1.0,0.3333333333333333,0.1,10.1,0.1480409554829326,1.0,1.0,0.3333333333333333,0.05,5.05,0.1480409554829326,1.0
HIF1A,tuna_retrained,exclude_prior_train_development_P_and_homomers,context,3,150,153,0.6377777777777778,0.08678809774700186,5,5,5.0,0.2,1.0,0.3333333333333333,0.2,10.200000000000001,0.18154179253735267,1.0,1.0,0.3333333333333333,0.1,5.1000000000000005,0.18154179253735267,1.0,1.0,0.3333333333333333,0.05,2.5500000000000003,0.18154179253735267,1.0
HIF1A,tuna_retrained,exclude_prior_train_development_P_and_homomers,background,3,150,153,0.7577777777777778,0.11321070234113711,4,4,4.0,0.25,1.0,0.3333333333333333,0.2,10.200000000000001,0.20210734650054757,1.0,1.0,0.3333333333333333,0.1,5.1000000000000005,0.20210734650054757,1.0,1.0,0.3333333333333333,0.05,2.5500000000000003,0.20210734650054757,1.0
CTNNB1,ipin_baseline,all_P,all_U,3,300,303,0.8855555555555555,0.11492374727668844,4,4,4.0,0.25,1.0,0.3333333333333333,0.2,20.2,0.20210734650054757,1.0,1.0,0.3333333333333333,0.1,10.1,0.20210734650054757,1.0,1.0,0.3333333333333333,0.05,5.05,0.20210734650054757,1.0
CTNNB1,ipin_baseline,all_P,context,3,150,153,0.8666666666666667,0.16386648745519714,3,3,3.0,0.3333333333333333,1.0,0.3333333333333333,0.2,10.200000000000001,0.23463936301137822,1.0,1.0,0.3333333333333333,0.1,5.1000000000000005,0.23463936301137822,1.0,1.0,0.3333333333333333,0.05,2.5500000000000003,0.23463936301137822,1.0
CTNNB1,ipin_baseline,all_P,background,3,150,153,0.9044444444444445,0.23696969696969694,2,2,2.0,0.5,1.0,0.3333333333333333,0.2,10.200000000000001,0.2960819109658652,1.0,1.0,0.3333333333333333,0.1,5.1000000000000005,0.2960819109658652,1.0,1.0,0.3333333333333333,0.05,2.5500000000000003,0.2960819109658652,1.0
CTNNB1,ipin_baseline,exclude_development_P,all_U,3,300,303,0.8855555555555555,0.11492374727668844,4,4,4.0,0.25,1.0,0.3333333333333333,0.2,20.2,0.20210734650054757,1.0,1.0,0.3333333333333333,0.1,10.1,0.20210734650054757,1.0,1.0,0.3333333333333333,0.05,5.05,0.20210734650054757,1.0
CTNNB1,ipin_baseline,exclude_development_P,context,3,150,153,0.8666666666666667,0.16386648745519714,3,3,3.0,0.3333333333333333,1.0,0.3333333333333333,0.2,10.200000000000001,0.23463936301137822,1.0,1.0,0.3333333333333333,0.1,5.1000000000000005,0.23463936301137822,1.0,1.0,0.3333333333333333,0.05,2.5500000000000003,0.23463936301137822,1.0
CTNNB1,ipin_baseline,exclude_development_P,background,3,150,153,0.9044444444444445,0.23696969696969694,2,2,2.0,0.5,1.0,0.3333333333333333,0.2,10.200000000000001,0.2960819109658652,1.0,1.0,0.3333333333333333,0.1,5.1000000000000005,0.2960819109658652,1.0,1.0,0.3333333333333333,0.05,2.5500000000000003,0.2960819109658652,1.0
CTNNB1,ipin_baseline,exclude_development_P_and_homomers,all_U,3,300,303,0.8855555555555555,0.11492374727668844,4,4,4.0,0.25,1.0,0.3333333333333333,0.2,20.2,0.20210734650054757,1.0,1.0,0.3333333333333333,0.1,10.1,0.20210734650054757,1.0,1.0,0.3333333333333333,0.05,5.05,0.20210734650054757,1.0
CTNNB1,ipin_baseline,exclude_development_P_and_homomers,context,3,150,153,0.8666666666666667,0.16386648745519714,3,3,3.0,0.3333333333333333,1.0,0.3333333333333333,0.2,10.200000000000001,0.23463936301137822,1.0,1.0,0.3333333333333333,0.1,5.1000000000000005,0.23463936301137822,1.0,1.0,0.3333333333333333,0.05,2.5500000000000003,0.23463936301137822,1.0
CTNNB1,ipin_baseline,exclude_development_P_and_homomers,background,3,150,153,0.9044444444444445,0.23696969696969694,2,2,2.0,0.5,1.0,0.3333333333333333,0.2,10.200000000000001,0.2960819109658652,1.0,1.0,0.3333333333333333,0.1,5.1000000000000005,0.2960819109658652,1.0,1.0,0.3333333333333333,0.05,2.5500000000000003,0.2960819109658652,1.0
CTNNB1,ipin_baseline,exclude_prior_train_development_P,all_U,3,300,303,0.8855555555555555,0.11492374727668844,4,4,4.0,0.25,1.0,0.3333333333333333,0.2,20.2,0.20210734650054757,1.0,1.0,0.3333333333333333,0.1,10.1,0.20210734650054757,1.0,1.0,0.3333333333333333,0.05,5.05,0.20210734650054757,1.0
CTNNB1,ipin_baseline,exclude_prior_train_development_P,context,3,150,153,0.8666666666666667,0.16386648745519714,3,3,3.0,0.3333333333333333,1.0,0.3333333333333333,0.2,10.200000000000001,0.23463936301137822,1.0,1.0,0.3333333333333333,0.1,5.1000000000000005,0.23463936301137822,1.0,1.0,0.3333333333333333,0.05,2.5500000000000003,0.23463936301137822,1.0
CTNNB1,ipin_baseline,exclude_prior_train_development_P,background,3,150,153,0.9044444444444445,0.23696969696969694,2,2,2.0,0.5,1.0,0.3333333333333333,0.2,10.200000000000001,0.2960819109658652,1.0,1.0,0.3333333333333333,0.1,5.1000000000000005,0.2960819109658652,1.0,1.0,0.3333333333333333,0.05,2.5500000000000003,0.2960819109658652,1.0
CTNNB1,ipin_baseline,exclude_prior_train_development_P_and_homomers,all_U,3,300,303,0.8855555555555555,0.11492374727668844,4,4,4.0,0.25,1.0,0.3333333333333333,0.2,20.2,0.20210734650054757,1.0,1.0,0.3333333333333333,0.1,10.1,0.20210734650054757,1.0,1.0,0.3333333333333333,0.05,5.05,0.20210734650054757,1.0
CTNNB1,ipin_baseline,exclude_prior_train_development_P_and_homomers,context,3,150,153,0.8666666666666667,0.16386648745519714,3,3,3.0,0.3333333333333333,1.0,0.3333333333333333,0.2,10.200000000000001,0.23463936301137822,1.0,1.0,0.3333333333333333,0.1,5.1000000000000005,0.23463936301137822,1.0,1.0,0.3333333333333333,0.05,2.5500000000000003,0.23463936301137822,1.0
CTNNB1,ipin_baseline,exclude_prior_train_development_P_and_homomers,background,3,150,153,0.9044444444444445,0.23696969696969694,2,2,2.0,0.5,1.0,0.3333333333333333,0.2,10.200000000000001,0.2960819109658652,1.0,1.0,0.3333333333333333,0.1,5.1000000000000005,0.2960819109658652,1.0,1.0,0.3333333333333333,0.05,2.5500000000000003,0.2960819109658652,1.0
CTNNB1,ipin_optimized,all_P,all_U,3,300,303,0.6,0.016001899335232668,78,78,78.0,0.01282051282051282,0.0,0.0,0.0,0.0,0.0,0.0,0.0,0.0,0.0,0.0,0.0,0.0,0.0,0.0,0.0,0.0,0.0,0.0
CTNNB1,ipin_optimized,all_P,context,3,150,153,0.5755555555555556,0.029325380145052277,45,45,45.0,0.022222222222222223,0.0,0.0,0.0,0.0,0.0,0.0,0.0,0.0,0.0,0.0,0.0,0.0,0.0,0.0,0.0,0.0,0.0,0.0
CTNNB1,ipin_optimized,all_P,background,3,150,153,0.6244444444444445,0.034278928962889504,34,34,34.0,0.029411764705882353,0.0,0.0,0.0,0.0,0.0,0.0,0.0,0.0,0.0,0.0,0.0,0.0,0.0,0.0,0.0,0.0,0.0,0.0
CTNNB1,ipin_optimized,exclude_development_P,all_U,3,300,303,0.6,0.016001899335232668,78,78,78.0,0.01282051282051282,0.0,0.0,0.0,0.0,0.0,0.0,0.0,0.0,0.0,0.0,0.0,0.0,0.0,0.0,0.0,0.0,0.0,0.0
CTNNB1,ipin_optimized,exclude_development_P,context,3,150,153,0.5755555555555556,0.029325380145052277,45,45,45.0,0.022222222222222223,0.0,0.0,0.0,0.0,0.0,0.0,0.0,0.0,0.0,0.0,0.0,0.0,0.0,0.0,0.0,0.0,0.0,0.0
CTNNB1,ipin_optimized,exclude_development_P,background,3,150,153,0.6244444444444445,0.034278928962889504,34,34,34.0,0.029411764705882353,0.0,0.0,0.0,0.0,0.0,0.0,0.0,0.0,0.0,0.0,0.0,0.0,0.0,0.0,0.0,0.0,0.0,0.0
CTNNB1,ipin_optimized,exclude_development_P_and_homomers,all_U,3,300,303,0.6,0.016001899335232668,78,78,78.0,0.01282051282051282,0.0,0.0,0.0,0.0,0.0,0.0,0.0,0.0,0.0,0.0,0.0,0.0,0.0,0.0,0.0,0.0,0.0,0.0
CTNNB1,ipin_optimized,exclude_development_P_and_homomers,context,3,150,153,0.5755555555555556,0.029325380145052277,45,45,45.0,0.022222222222222223,0.0,0.0,0.0,0.0,0.0,0.0,0.0,0.0,0.0,0.0,0.0,0.0,0.0,0.0,0.0,0.0,0.0,0.0
CTNNB1,ipin_optimized,exclude_development_P_and_homomers,background,3,150,153,0.6244444444444445,0.034278928962889504,34,34,34.0,0.029411764705882353,0.0,0.0,0.0,0.0,0.0,0.0,0.0,0.0,0.0,0.0,0.0,0.0,0.0,0.0,0.0,0.0,0.0,0.0
CTNNB1,ipin_optimized,exclude_prior_train_development_P,all_U,3,300,303,0.6,0.016001899335232668,78,78,78.0,0.01282051282051282,0.0,0.0,0.0,0.0,0.0,0.0,0.0,0.0,0.0,0.0,0.0,0.0,0.0,0.0,0.0,0.0,0.0,0.0
CTNNB1,ipin_optimized,exclude_prior_train_development_P,context,3,150,153,0.5755555555555556,0.029325380145052277,45,45,45.0,0.022222222222222223,0.0,0.0,0.0,0.0,0.0,0.0,0.0,0.0,0.0,0.0,0.0,0.0,0.0,0.0,0.0,0.0,0.0,0.0
CTNNB1,ipin_optimized,exclude_prior_train_development_P,background,3,150,153,0.6244444444444445,0.034278928962889504,34,34,34.0,0.029411764705882353,0.0,0.0,0.0,0.0,0.0,0.0,0.0,0.0,0.0,0.0,0.0,0.0,0.0,0.0,0.0,0.0,0.0,0.0
CTNNB1,ipin_optimized,exclude_prior_train_development_P_and_homomers,all_U,3,300,303,0.6,0.016001899335232668,78,78,78.0,0.01282051282051282,0.0,0.0,0.0,0.0,0.0,0.0,0.0,0.0,0.0,0.0,0.0,0.0,0.0,0.0,0.0,0.0,0.0,0.0
CTNNB1,ipin_optimized,exclude_prior_train_development_P_and_homomers,context,3,150,153,0.5755555555555556,0.029325380145052277,45,45,45.0,0.022222222222222223,0.0,0.0,0.0,0.0,0.0,0.0,0.0,0.0,0.0,0.0,0.0,0.0,0.0,0.0,0.0,0.0,0.0,0.0
CTNNB1,ipin_optimized,exclude_prior_train_development_P_and_homomers,background,3,150,153,0.6244444444444445,0.034278928962889504,34,34,34.0,0.029411764705882353,0.0,0.0,0.0,0.0,0.0,0.0,0.0,0.0,0.0,0.0,0.0,0.0,0.0,0.0,0.0,0.0,0.0,0.0
CTNNB1,tuna_retrained,all_P,all_U,3,300,303,0.6166666666666667,0.02459453576609104,23,23,23.0,0.043478260869565216,0.0,0.0,0.0,0.0,0.0,0.0,0.0,0.0,0.0,0.0,0.0,0.0,0.0,0.0,0.0,0.0,0.0,0.0
CTNNB1,tuna_retrained,all_P,context,3,150,153,0.6022222222222222,0.039266579018052784,17,17,17.0,0.058823529411764705,0.0,0.0,0.0,0.0,0.0,0.0,0.0,0.0,0.0,0.0,0.0,0.0,1.0,0.3333333333333333,0.05,2.5500000000000003,0.1125388887954676,1.0
CTNNB1,tuna_retrained,all_P,background,3,150,153,0.6311111111111111,0.06782106782106781,7,7,7.0,0.14285714285714285,0.0,0.0,0.0,0.0,0.0,0.0,1.0,0.3333333333333333,0.1,5.1000000000000005,0.15642624200758548,1.0,1.0,0.3333333333333333,0.05,2.5500000000000003,0.15642624200758548,1.0
CTNNB1,tuna_retrained,exclude_development_P,all_U,3,300,303,0.6166666666666667,0.02459453576609104,23,23,23.0,0.043478260869565216,0.0,0.0,0.0,0.0,0.0,0.0,0.0,0.0,0.0,0.0,0.0,0.0,0.0,0.0,0.0,0.0,0.0,0.0
CTNNB1,tuna_retrained,exclude_development_P,context,3,150,153,0.6022222222222222,0.039266579018052784,17,17,17.0,0.058823529411764705,0.0,0.0,0.0,0.0,0.0,0.0,0.0,0.0,0.0,0.0,0.0,0.0,1.0,0.3333333333333333,0.05,2.5500000000000003,0.1125388887954676,1.0
CTNNB1,tuna_retrained,exclude_development_P,background,3,150,153,0.6311111111111111,0.06782106782106781,7,7,7.0,0.14285714285714285,0.0,0.0,0.0,0.0,0.0,0.0,1.0,0.3333333333333333,0.1,5.1000000000000005,0.15642624200758548,1.0,1.0,0.3333333333333333,0.05,2.5500000000000003,0.15642624200758548,1.0
CTNNB1,tuna_retrained,exclude_development_P_and_homomers,all_U,3,300,303,0.6166666666666667,0.02459453576609104,23,23,23.0,0.043478260869565216,0.0,0.0,0.0,0.0,0.0,0.0,0.0,0.0,0.0,0.0,0.0,0.0,0.0,0.0,0.0,0.0,0.0,0.0
CTNNB1,tuna_retrained,exclude_development_P_and_homomers,context,3,150,153,0.6022222222222222,0.039266579018052784,17,17,17.0,0.058823529411764705,0.0,0.0,0.0,0.0,0.0,0.0,0.0,0.0,0.0,0.0,0.0,0.0,1.0,0.3333333333333333,0.05,2.5500000000000003,0.1125388887954676,1.0
CTNNB1,tuna_retrained,exclude_development_P_and_homomers,background,3,150,153,0.6311111111111111,0.06782106782106781,7,7,7.0,0.14285714285714285,0.0,0.0,0.0,0.0,0.0,0.0,1.0,0.3333333333333333,0.1,5.1000000000000005,0.15642624200758548,1.0,1.0,0.3333333333333333,0.05,2.5500000000000003,0.15642624200758548,1.0
CTNNB1,tuna_retrained,exclude_prior_train_development_P,all_U,3,300,303,0.6166666666666667,0.02459453576609104,23,23,23.0,0.043478260869565216,0.0,0.0,0.0,0.0,0.0,0.0,0.0,0.0,0.0,0.0,0.0,0.0,0.0,0.0,0.0,0.0,0.0,0.0
CTNNB1,tuna_retrained,exclude_prior_train_development_P,context,3,150,153,0.6022222222222222,0.039266579018052784,17,17,17.0,0.058823529411764705,0.0,0.0,0.0,0.0,0.0,0.0,0.0,0.0,0.0,0.0,0.0,0.0,1.0,0.3333333333333333,0.05,2.5500000000000003,0.1125388887954676,1.0
CTNNB1,tuna_retrained,exclude_prior_train_development_P,background,3,150,153,0.6311111111111111,0.06782106782106781,7,7,7.0,0.14285714285714285,0.0,0.0,0.0,0.0,0.0,0.0,1.0,0.3333333333333333,0.1,5.1000000000000005,0.15642624200758548,1.0,1.0,0.3333333333333333,0.05,2.5500000000000003,0.15642624200758548,1.0
CTNNB1,tuna_retrained,exclude_prior_train_development_P_and_homomers,all_U,3,300,303,0.6166666666666667,0.02459453576609104,23,23,23.0,0.043478260869565216,0.0,0.0,0.0,0.0,0.0,0.0,0.0,0.0,0.0,0.0,0.0,0.0,0.0,0.0,0.0,0.0,0.0,0.0
CTNNB1,tuna_retrained,exclude_prior_train_development_P_and_homomers,context,3,150,153,0.6022222222222222,0.039266579018052784,17,17,17.0,0.058823529411764705,0.0,0.0,0.0,0.0,0.0,0.0,0.0,0.0,0.0,0.0,0.0,0.0,1.0,0.3333333333333333,0.05,2.5500000000000003,0.1125388887954676,1.0
CTNNB1,tuna_retrained,exclude_prior_train_development_P_and_homomers,background,3,150,153,0.6311111111111111,0.06782106782106781,7,7,7.0,0.14285714285714285,0.0,0.0,0.0,0.0,0.0,0.0,1.0,0.3333333333333333,0.1,5.1000000000000005,0.15642624200758548,1.0,1.0,0.3333333333333333,0.05,2.5500000000000003,0.15642624200758548,1.0
TNFRSF1A,ipin_baseline,all_P,all_U,3,300,303,0.61,0.02244668911335578,33,33,33.0,0.030303030303030304,0.0,0.0,0.0,0.0,0.0,0.0,0.0,0.0,0.0,0.0,0.0,0.0,0.0,0.0,0.0,0.0,0.0,0.0
TNFRSF1A,ipin_baseline,all_P,context,3,150,153,0.5755555555555556,0.03830749354005168,20,20,20.0,0.05,0.0,0.0,0.0,0.0,0.0,0.0,0.0,0.0,0.0,0.0,0.0,0.0,1.0,0.3333333333333333,0.05,2.5500000000000003,0.10684080426179023,1.0
TNFRSF1A,ipin_baseline,all_P,background,3,150,153,0.6444444444444445,0.0514041514041514,14,14,14.0,0.07142857142857142,0.0,0.0,0.0,0.0,0.0,0.0,0.0,0.0,0.0,0.0,0.0,0.0,1.0,0.3333333333333333,0.05,2.5500000000000003,0.12011565579805131,1.0
TNFRSF1A,ipin_baseline,exclude_development_P,all_U,3,300,303,0.61,0.02244668911335578,33,33,33.0,0.030303030303030304,0.0,0.0,0.0,0.0,0.0,0.0,0.0,0.0,0.0,0.0,0.0,0.0,0.0,0.0,0.0,0.0,0.0,0.0
TNFRSF1A,ipin_baseline,exclude_development_P,context,3,150,153,0.5755555555555556,0.03830749354005168,20,20,20.0,0.05,0.0,0.0,0.0,0.0,0.0,0.0,0.0,0.0,0.0,0.0,0.0,0.0,1.0,0.3333333333333333,0.05,2.5500000000000003,0.10684080426179023,1.0
TNFRSF1A,ipin_baseline,exclude_development_P,background,3,150,153,0.6444444444444445,0.0514041514041514,14,14,14.0,0.07142857142857142,0.0,0.0,0.0,0.0,0.0,0.0,0.0,0.0,0.0,0.0,0.0,0.0,1.0,0.3333333333333333,0.05,2.5500000000000003,0.12011565579805131,1.0
TNFRSF1A,ipin_baseline,exclude_development_P_and_homomers,all_U,3,300,303,0.61,0.02244668911335578,33,33,33.0,0.030303030303030304,0.0,0.0,0.0,0.0,0.0,0.0,0.0,0.0,0.0,0.0,0.0,0.0,0.0,0.0,0.0,0.0,0.0,0.0
TNFRSF1A,ipin_baseline,exclude_development_P_and_homomers,context,3,150,153,0.5755555555555556,0.03830749354005168,20,20,20.0,0.05,0.0,0.0,0.0,0.0,0.0,0.0,0.0,0.0,0.0,0.0,0.0,0.0,1.0,0.3333333333333333,0.05,2.5500000000000003,0.10684080426179023,1.0
TNFRSF1A,ipin_baseline,exclude_development_P_and_homomers,background,3,150,153,0.6444444444444445,0.0514041514041514,14,14,14.0,0.07142857142857142,0.0,0.0,0.0,0.0,0.0,0.0,0.0,0.0,0.0,0.0,0.0,0.0,1.0,0.3333333333333333,0.05,2.5500000000000003,0.12011565579805131,1.0
TNFRSF1A,ipin_baseline,exclude_prior_train_development_P,all_U,3,300,303,0.61,0.02244668911335578,33,33,33.0,0.030303030303030304,0.0,0.0,0.0,0.0,0.0,0.0,0.0,0.0,0.0,0.0,0.0,0.0,0.0,0.0,0.0,0.0,0.0,0.0
TNFRSF1A,ipin_baseline,exclude_prior_train_development_P,context,3,150,153,0.5755555555555556,0.03830749354005168,20,20,20.0,0.05,0.0,0.0,0.0,0.0,0.0,0.0,0.0,0.0,0.0,0.0,0.0,0.0,1.0,0.3333333333333333,0.05,2.5500000000000003,0.10684080426179023,1.0
TNFRSF1A,ipin_baseline,exclude_prior_train_development_P,background,3,150,153,0.6444444444444445,0.0514041514041514,14,14,14.0,0.07142857142857142,0.0,0.0,0.0,0.0,0.0,0.0,0.0,0.0,0.0,0.0,0.0,0.0,1.0,0.3333333333333333,0.05,2.5500000000000003,0.12011565579805131,1.0
TNFRSF1A,ipin_baseline,exclude_prior_train_development_P_and_homomers,all_U,3,300,303,0.61,0.02244668911335578,33,33,33.0,0.030303030303030304,0.0,0.0,0.0,0.0,0.0,0.0,0.0,0.0,0.0,0.0,0.0,0.0,0.0,0.0,0.0,0.0,0.0,0.0
TNFRSF1A,ipin_baseline,exclude_prior_train_development_P_and_homomers,context,3,150,153,0.5755555555555556,0.03830749354005168,20,20,20.0,0.05,0.0,0.0,0.0,0.0,0.0,0.0,0.0,0.0,0.0,0.0,0.0,0.0,1.0,0.3333333333333333,0.05,2.5500000000000003,0.10684080426179023,1.0
TNFRSF1A,ipin_baseline,exclude_prior_train_development_P_and_homomers,background,3,150,153,0.6444444444444445,0.0514041514041514,14,14,14.0,0.07142857142857142,0.0,0.0,0.0,0.0,0.0,0.0,0.0,0.0,0.0,0.0,0.0,0.0,1.0,0.3333333333333333,0.05,2.5500000000000003,0.12011565579805131,1.0
TNFRSF1A,ipin_optimized,all_P,all_U,3,300,303,0.76,0.18484848484848485,2,2,2.0,0.5,1.0,0.3333333333333333,0.2,20.2,0.2960819109658652,1.0,1.0,0.3333333333333333,0.1,10.1,0.2960819109658652,1.0,1.0,0.3333333333333333,0.05,5.05,0.2960819109658652,1.0
TNFRSF1A,ipin_optimized,all_P,context,3,150,153,0.7266666666666667,0.36272141706924316,1,1,1.0,1.0,1.0,0.3333333333333333,0.2,10.200000000000001,0.46927872602275644,1.0,1.0,0.3333333333333333,0.1,5.1000000000000005,0.46927872602275644,1.0,1.0,0.3333333333333333,0.05,2.5500000000000003,0.46927872602275644,1.0
TNFRSF1A,ipin_optimized,all_P,background,3,150,153,0.7933333333333333,0.21157059314954052,2,2,2.0,0.5,1.0,0.3333333333333333,0.2,10.200000000000001,0.2960819109658652,1.0,1.0,0.3333333333333333,0.1,5.1000000000000005,0.2960819109658652,1.0,1.0,0.3333333333333333,0.05,2.5500000000000003,0.2960819109658652,1.0
TNFRSF1A,ipin_optimized,exclude_development_P,all_U,3,300,303,0.76,0.18484848484848485,2,2,2.0,0.5,1.0,0.3333333333333333,0.2,20.2,0.2960819109658652,1.0,1.0,0.3333333333333333,0.1,10.1,0.2960819109658652,1.0,1.0,0.3333333333333333,0.05,5.05,0.2960819109658652,1.0
TNFRSF1A,ipin_optimized,exclude_development_P,context,3,150,153,0.7266666666666667,0.36272141706924316,1,1,1.0,1.0,1.0,0.3333333333333333,0.2,10.200000000000001,0.46927872602275644,1.0,1.0,0.3333333333333333,0.1,5.1000000000000005,0.46927872602275644,1.0,1.0,0.3333333333333333,0.05,2.5500000000000003,0.46927872602275644,1.0
TNFRSF1A,ipin_optimized,exclude_development_P,background,3,150,153,0.7933333333333333,0.21157059314954052,2,2,2.0,0.5,1.0,0.3333333333333333,0.2,10.200000000000001,0.2960819109658652,1.0,1.0,0.3333333333333333,0.1,5.1000000000000005,0.2960819109658652,1.0,1.0,0.3333333333333333,0.05,2.5500000000000003,0.2960819109658652,1.0
TNFRSF1A,ipin_optimized,exclude_development_P_and_homomers,all_U,3,300,303,0.76,0.18484848484848485,2,2,2.0,0.5,1.0,0.3333333333333333,0.2,20.2,0.2960819109658652,1.0,1.0,0.3333333333333333,0.1,10.1,0.2960819109658652,1.0,1.0,0.3333333333333333,0.05,5.05,0.2960819109658652,1.0
TNFRSF1A,ipin_optimized,exclude_development_P_and_homomers,context,3,150,153,0.7266666666666667,0.36272141706924316,1,1,1.0,1.0,1.0,0.3333333333333333,0.2,10.200000000000001,0.46927872602275644,1.0,1.0,0.3333333333333333,0.1,5.1000000000000005,0.46927872602275644,1.0,1.0,0.3333333333333333,0.05,2.5500000000000003,0.46927872602275644,1.0
TNFRSF1A,ipin_optimized,exclude_development_P_and_homomers,background,3,150,153,0.7933333333333333,0.21157059314954052,2,2,2.0,0.5,1.0,0.3333333333333333,0.2,10.200000000000001,0.2960819109658652,1.0,1.0,0.3333333333333333,0.1,5.1000000000000005,0.2960819109658652,1.0,1.0,0.3333333333333333,0.05,2.5500000000000003,0.2960819109658652,1.0
TNFRSF1A,ipin_optimized,exclude_prior_train_development_P,all_U,3,300,303,0.76,0.18484848484848485,2,2,2.0,0.5,1.0,0.3333333333333333,0.2,20.2,0.2960819109658652,1.0,1.0,0.3333333333333333,0.1,10.1,0.2960819109658652,1.0,1.0,0.3333333333333333,0.05,5.05,0.2960819109658652,1.0
TNFRSF1A,ipin_optimized,exclude_prior_train_development_P,context,3,150,153,0.7266666666666667,0.36272141706924316,1,1,1.0,1.0,1.0,0.3333333333333333,0.2,10.200000000000001,0.46927872602275644,1.0,1.0,0.3333333333333333,0.1,5.1000000000000005,0.46927872602275644,1.0,1.0,0.3333333333333333,0.05,2.5500000000000003,0.46927872602275644,1.0
TNFRSF1A,ipin_optimized,exclude_prior_train_development_P,background,3,150,153,0.7933333333333333,0.21157059314954052,2,2,2.0,0.5,1.0,0.3333333333333333,0.2,10.200000000000001,0.2960819109658652,1.0,1.0,0.3333333333333333,0.1,5.1000000000000005,0.2960819109658652,1.0,1.0,0.3333333333333333,0.05,2.5500000000000003,0.2960819109658652,1.0
TNFRSF1A,ipin_optimized,exclude_prior_train_development_P_and_homomers,all_U,3,300,303,0.76,0.18484848484848485,2,2,2.0,0.5,1.0,0.3333333333333333,0.2,20.2,0.2960819109658652,1.0,1.0,0.3333333333333333,0.1,10.1,0.2960819109658652,1.0,1.0,0.3333333333333333,0.05,5.05,0.2960819109658652,1.0
TNFRSF1A,ipin_optimized,exclude_prior_train_development_P_and_homomers,context,3,150,153,0.7266666666666667,0.36272141706924316,1,1,1.0,1.0,1.0,0.3333333333333333,0.2,10.200000000000001,0.46927872602275644,1.0,1.0,0.3333333333333333,0.1,5.1000000000000005,0.46927872602275644,1.0,1.0,0.3333333333333333,0.05,2.5500000000000003,0.46927872602275644,1.0
TNFRSF1A,ipin_optimized,exclude_prior_train_development_P_and_homomers,background,3,150,153,0.7933333333333333,0.21157059314954052,2,2,2.0,0.5,1.0,0.3333333333333333,0.2,10.200000000000001,0.2960819109658652,1.0,1.0,0.3333333333333333,0.1,5.1000000000000005,0.2960819109658652,1.0,1.0,0.3333333333333333,0.05,2.5500000000000003,0.2960819109658652,1.0
TNFRSF1A,tuna_retrained,all_P,all_U,3,300,303,0.5311111111111111,0.06388528752969355,6,6,6.0,0.16666666666666666,0.0,0.0,0.0,0.0,0.0,0.0,1.0,0.3333333333333333,0.1,10.1,0.16716045496620227,1.0,1.0,0.3333333333333333,0.05,5.05,0.16716045496620227,1.0
TNFRSF1A,tuna_retrained,all_P,context,3,150,153,0.5,0.09852890865549092,4,4,4.0,0.25,1.0,0.3333333333333333,0.2,10.200000000000001,0.20210734650054757,1.0,1.0,0.3333333333333333,0.1,5.1000000000000005,0.20210734650054757,1.0,1.0,0.3333333333333333,0.05,2.5500000000000003,0.20210734650054757,1.0
TNFRSF1A,tuna_retrained,all_P,background,3,150,153,0.5622222222222222,0.1291101760947483,3,3,3.0,0.3333333333333333,1.0,0.3333333333333333,0.2,10.200000000000001,0.23463936301137822,1.0,1.0,0.3333333333333333,0.1,5.1000000000000005,0.23463936301137822,1.0,1.0,0.3333333333333333,0.05,2.5500000000000003,0.23463936301137822,1.0
TNFRSF1A,tuna_retrained,exclude_development_P,all_U,3,300,303,0.5311111111111111,0.06388528752969355,6,6,6.0,0.16666666666666666,0.0,0.0,0.0,0.0,0.0,0.0,1.0,0.3333333333333333,0.1,10.1,0.16716045496620227,1.0,1.0,0.3333333333333333,0.05,5.05,0.16716045496620227,1.0
TNFRSF1A,tuna_retrained,exclude_development_P,context,3,150,153,0.5,0.09852890865549092,4,4,4.0,0.25,1.0,0.3333333333333333,0.2,10.200000000000001,0.20210734650054757,1.0,1.0,0.3333333333333333,0.1,5.1000000000000005,0.20210734650054757,1.0,1.0,0.3333333333333333,0.05,2.5500000000000003,0.20210734650054757,1.0
TNFRSF1A,tuna_retrained,exclude_development_P,background,3,150,153,0.5622222222222222,0.1291101760947483,3,3,3.0,0.3333333333333333,1.0,0.3333333333333333,0.2,10.200000000000001,0.23463936301137822,1.0,1.0,0.3333333333333333,0.1,5.1000000000000005,0.23463936301137822,1.0,1.0,0.3333333333333333,0.05,2.5500000000000003,0.23463936301137822,1.0
TNFRSF1A,tuna_retrained,exclude_development_P_and_homomers,all_U,3,300,303,0.5311111111111111,0.06388528752969355,6,6,6.0,0.16666666666666666,0.0,0.0,0.0,0.0,0.0,0.0,1.0,0.3333333333333333,0.1,10.1,0.16716045496620227,1.0,1.0,0.3333333333333333,0.05,5.05,0.16716045496620227,1.0
TNFRSF1A,tuna_retrained,exclude_development_P_and_homomers,context,3,150,153,0.5,0.09852890865549092,4,4,4.0,0.25,1.0,0.3333333333333333,0.2,10.200000000000001,0.20210734650054757,1.0,1.0,0.3333333333333333,0.1,5.1000000000000005,0.20210734650054757,1.0,1.0,0.3333333333333333,0.05,2.5500000000000003,0.20210734650054757,1.0
TNFRSF1A,tuna_retrained,exclude_development_P_and_homomers,background,3,150,153,0.5622222222222222,0.1291101760947483,3,3,3.0,0.3333333333333333,1.0,0.3333333333333333,0.2,10.200000000000001,0.23463936301137822,1.0,1.0,0.3333333333333333,0.1,5.1000000000000005,0.23463936301137822,1.0,1.0,0.3333333333333333,0.05,2.5500000000000003,0.23463936301137822,1.0
TNFRSF1A,tuna_retrained,exclude_prior_train_development_P,all_U,3,300,303,0.5311111111111111,0.06388528752969355,6,6,6.0,0.16666666666666666,0.0,0.0,0.0,0.0,0.0,0.0,1.0,0.3333333333333333,0.1,10.1,0.16716045496620227,1.0,1.0,0.3333333333333333,0.05,5.05,0.16716045496620227,1.0
TNFRSF1A,tuna_retrained,exclude_prior_train_development_P,context,3,150,153,0.5,0.09852890865549092,4,4,4.0,0.25,1.0,0.3333333333333333,0.2,10.200000000000001,0.20210734650054757,1.0,1.0,0.3333333333333333,0.1,5.1000000000000005,0.20210734650054757,1.0,1.0,0.3333333333333333,0.05,2.5500000000000003,0.20210734650054757,1.0
TNFRSF1A,tuna_retrained,exclude_prior_train_development_P,background,3,150,153,0.5622222222222222,0.1291101760947483,3,3,3.0,0.3333333333333333,1.0,0.3333333333333333,0.2,10.200000000000001,0.23463936301137822,1.0,1.0,0.3333333333333333,0.1,5.1000000000000005,0.23463936301137822,1.0,1.0,0.3333333333333333,0.05,2.5500000000000003,0.23463936301137822,1.0
TNFRSF1A,tuna_retrained,exclude_prior_train_development_P_and_homomers,all_U,3,300,303,0.5311111111111111,0.06388528752969355,6,6,6.0,0.16666666666666666,0.0,0.0,0.0,0.0,0.0,0.0,1.0,0.3333333333333333,0.1,10.1,0.16716045496620227,1.0,1.0,0.3333333333333333,0.05,5.05,0.16716045496620227,1.0
TNFRSF1A,tuna_retrained,exclude_prior_train_development_P_and_homomers,context,3,150,153,0.5,0.09852890865549092,4,4,4.0,0.25,1.0,0.3333333333333333,0.2,10.200000000000001,0.20210734650054757,1.0,1.0,0.3333333333333333,0.1,5.1000000000000005,0.20210734650054757,1.0,1.0,0.3333333333333333,0.05,2.5500000000000003,0.20210734650054757,1.0
TNFRSF1A,tuna_retrained,exclude_prior_train_development_P_and_homomers,background,3,150,153,0.5622222222222222,0.1291101760947483,3,3,3.0,0.3333333333333333,1.0,0.3333333333333333,0.2,10.200000000000001,0.23463936301137822,1.0,1.0,0.3333333333333333,0.1,5.1000000000000005,0.23463936301137822,1.0,1.0,0.3333333333333333,0.05,2.5500000000000003,0.23463936301137822,1.0
BECN1,ipin_baseline,all_P,all_U,3,300,303,0.7544444444444445,0.12740338853988198,4,4,4.0,0.25,1.0,0.3333333333333333,0.2,20.2,0.20210734650054757,1.0,1.0,0.3333333333333333,0.1,10.1,0.20210734650054757,1.0,2.0,0.6666666666666666,0.1,10.1,0.31464623529601515,1.0
BECN1,ipin_baseline,all_P,context,3,150,153,0.7511111111111111,0.18133255633255632,3,3,3.0,0.3333333333333333,1.0,0.3333333333333333,0.2,10.200000000000001,0.23463936301137822,1.0,1.0,0.3333333333333333,0.1,5.1000000000000005,0.23463936301137822,1.0,2.0,0.6666666666666666,0.1,5.1000000000000005,0.3655413531795754,1.0
BECN1,ipin_baseline,all_P,background,3,150,153,0.7577777777777778,0.25952380952380955,2,2,2.0,0.5,1.0,0.3333333333333333,0.2,10.200000000000001,0.2960819109658652,1.0,2.0,0.6666666666666666,0.2,10.200000000000001,0.4441228664487979,1.0,2.0,0.6666666666666666,0.1,5.1000000000000005,0.4441228664487979,1.0
BECN1,ipin_baseline,exclude_development_P,all_U,3,300,303,0.7544444444444445,0.12740338853988198,4,4,4.0,0.25,1.0,0.3333333333333333,0.2,20.2,0.20210734650054757,1.0,1.0,0.3333333333333333,0.1,10.1,0.20210734650054757,1.0,2.0,0.6666666666666666,0.1,10.1,0.31464623529601515,1.0
BECN1,ipin_baseline,exclude_development_P,context,3,150,153,0.7511111111111111,0.18133255633255632,3,3,3.0,0.3333333333333333,1.0,0.3333333333333333,0.2,10.200000000000001,0.23463936301137822,1.0,1.0,0.3333333333333333,0.1,5.1000000000000005,0.23463936301137822,1.0,2.0,0.6666666666666666,0.1,5.1000000000000005,0.3655413531795754,1.0
BECN1,ipin_baseline,exclude_development_P,background,3,150,153,0.7577777777777778,0.25952380952380955,2,2,2.0,0.5,1.0,0.3333333333333333,0.2,10.200000000000001,0.2960819109658652,1.0,2.0,0.6666666666666666,0.2,10.200000000000001,0.4441228664487979,1.0,2.0,0.6666666666666666,0.1,5.1000000000000005,0.4441228664487979,1.0
BECN1,ipin_baseline,exclude_development_P_and_homomers,all_U,3,300,303,0.7544444444444445,0.12740338853988198,4,4,4.0,0.25,1.0,0.3333333333333333,0.2,20.2,0.20210734650054757,1.0,1.0,0.3333333333333333,0.1,10.1,0.20210734650054757,1.0,2.0,0.6666666666666666,0.1,10.1,0.31464623529601515,1.0
BECN1,ipin_baseline,exclude_development_P_and_homomers,context,3,150,153,0.7511111111111111,0.18133255633255632,3,3,3.0,0.3333333333333333,1.0,0.3333333333333333,0.2,10.200000000000001,0.23463936301137822,1.0,1.0,0.3333333333333333,0.1,5.1000000000000005,0.23463936301137822,1.0,2.0,0.6666666666666666,0.1,5.1000000000000005,0.3655413531795754,1.0
BECN1,ipin_baseline,exclude_development_P_and_homomers,background,3,150,153,0.7577777777777778,0.25952380952380955,2,2,2.0,0.5,1.0,0.3333333333333333,0.2,10.200000000000001,0.2960819109658652,1.0,2.0,0.6666666666666666,0.2,10.200000000000001,0.4441228664487979,1.0,2.0,0.6666666666666666,0.1,5.1000000000000005,0.4441228664487979,1.0
BECN1,ipin_baseline,exclude_prior_train_development_P,all_U,1,300,301,0.3233333333333333,0.004901960784313725,204,204,204.0,0.004901960784313725,0.0,0.0,0.0,0.0,0.0,0.0,0.0,0.0,0.0,0.0,0.0,0.0,0.0,0.0,0.0,0.0,0.0,0.0
BECN1,ipin_baseline,exclude_prior_train_development_P,context,1,150,151,0.32666666666666666,0.00980392156862745,102,102,102.0,0.00980392156862745,0.0,0.0,0.0,0.0,0.0,0.0,0.0,0.0,0.0,0.0,0.0,0.0,0.0,0.0,0.0,0.0,0.0,0.0
BECN1,ipin_baseline,exclude_prior_train_development_P,background,1,150,151,0.32,0.009708737864077669,103,103,103.0,0.009708737864077669,0.0,0.0,0.0,0.0,0.0,0.0,0.0,0.0,0.0,0.0,0.0,0.0,0.0,0.0,0.0,0.0,0.0,0.0
BECN1,ipin_baseline,exclude_prior_train_development_P_and_homomers,all_U,1,300,301,0.3233333333333333,0.004901960784313725,204,204,204.0,0.004901960784313725,0.0,0.0,0.0,0.0,0.0,0.0,0.0,0.0,0.0,0.0,0.0,0.0,0.0,0.0,0.0,0.0,0.0,0.0
BECN1,ipin_baseline,exclude_prior_train_development_P_and_homomers,context,1,150,151,0.32666666666666666,0.00980392156862745,102,102,102.0,0.00980392156862745,0.0,0.0,0.0,0.0,0.0,0.0,0.0,0.0,0.0,0.0,0.0,0.0,0.0,0.0,0.0,0.0,0.0,0.0
BECN1,ipin_baseline,exclude_prior_train_development_P_and_homomers,background,1,150,151,0.32,0.009708737864077669,103,103,103.0,0.009708737864077669,0.0,0.0,0.0,0.0,0.0,0.0,0.0,0.0,0.0,0.0,0.0,0.0,0.0,0.0,0.0,0.0,0.0,0.0
BECN1,ipin_optimized,all_P,all_U,3,300,303,0.7922222222222223,0.24623524623524623,2,2,2.0,0.5,1.0,0.3333333333333333,0.2,20.2,0.2960819109658652,1.0,2.0,0.6666666666666666,0.2,20.2,0.43734888382569426,1.0,2.0,0.6666666666666666,0.1,10.1,0.43734888382569426,1.0
BECN1,ipin_optimized,all_P,context,3,150,153,0.7977777777777778,0.4776556776556777,1,1,1.0,1.0,2.0,0.6666666666666666,0.4,20.400000000000002,0.6508205185601091,1.0,2.0,0.6666666666666666,0.2,10.200000000000001,0.6508205185601091,1.0,2.0,0.6666666666666666,0.1,5.1000000000000005,0.6508205185601091,1.0
BECN1,ipin_optimized,all_P,background,3,150,153,0.7866666666666666,0.28841607565011823,2,2,2.0,0.5,1.0,0.3333333333333333,0.2,10.200000000000001,0.2960819109658652,1.0,2.0,0.6666666666666666,0.2,10.200000000000001,0.4632423659320675,1.0,2.0,0.6666666666666666,0.1,5.1000000000000005,0.4632423659320675,1.0
BECN1,ipin_optimized,exclude_development_P,all_U,3,300,303,0.7922222222222223,0.24623524623524623,2,2,2.0,0.5,1.0,0.3333333333333333,0.2,20.2,0.2960819109658652,1.0,2.0,0.6666666666666666,0.2,20.2,0.43734888382569426,1.0,2.0,0.6666666666666666,0.1,10.1,0.43734888382569426,1.0
BECN1,ipin_optimized,exclude_development_P,context,3,150,153,0.7977777777777778,0.4776556776556777,1,1,1.0,1.0,2.0,0.6666666666666666,0.4,20.400000000000002,0.6508205185601091,1.0,2.0,0.6666666666666666,0.2,10.200000000000001,0.6508205185601091,1.0,2.0,0.6666666666666666,0.1,5.1000000000000005,0.6508205185601091,1.0
BECN1,ipin_optimized,exclude_development_P,background,3,150,153,0.7866666666666666,0.28841607565011823,2,2,2.0,0.5,1.0,0.3333333333333333,0.2,10.200000000000001,0.2960819109658652,1.0,2.0,0.6666666666666666,0.2,10.200000000000001,0.4632423659320675,1.0,2.0,0.6666666666666666,0.1,5.1000000000000005,0.4632423659320675,1.0
BECN1,ipin_optimized,exclude_development_P_and_homomers,all_U,3,300,303,0.7922222222222223,0.24623524623524623,2,2,2.0,0.5,1.0,0.3333333333333333,0.2,20.2,0.2960819109658652,1.0,2.0,0.6666666666666666,0.2,20.2,0.43734888382569426,1.0,2.0,0.6666666666666666,0.1,10.1,0.43734888382569426,1.0
BECN1,ipin_optimized,exclude_development_P_and_homomers,context,3,150,153,0.7977777777777778,0.4776556776556777,1,1,1.0,1.0,2.0,0.6666666666666666,0.4,20.400000000000002,0.6508205185601091,1.0,2.0,0.6666666666666666,0.2,10.200000000000001,0.6508205185601091,1.0,2.0,0.6666666666666666,0.1,5.1000000000000005,0.6508205185601091,1.0
BECN1,ipin_optimized,exclude_development_P_and_homomers,background,3,150,153,0.7866666666666666,0.28841607565011823,2,2,2.0,0.5,1.0,0.3333333333333333,0.2,10.200000000000001,0.2960819109658652,1.0,2.0,0.6666666666666666,0.2,10.200000000000001,0.4632423659320675,1.0,2.0,0.6666666666666666,0.1,5.1000000000000005,0.4632423659320675,1.0
BECN1,ipin_optimized,exclude_prior_train_development_P,all_U,1,300,301,0.4033333333333333,0.005555555555555556,180,180,180.0,0.005555555555555556,0.0,0.0,0.0,0.0,0.0,0.0,0.0,0.0,0.0,0.0,0.0,0.0,0.0,0.0,0.0,0.0,0.0,0.0
BECN1,ipin_optimized,exclude_prior_train_development_P,context,1,150,151,0.41333333333333333,0.011235955056179775,89,89,89.0,0.011235955056179775,0.0,0.0,0.0,0.0,0.0,0.0,0.0,0.0,0.0,0.0,0.0,0.0,0.0,0.0,0.0,0.0,0.0,0.0
BECN1,ipin_optimized,exclude_prior_train_development_P,background,1,150,151,0.3933333333333333,0.010869565217391304,92,92,92.0,0.010869565217391304,0.0,0.0,0.0,0.0,0.0,0.0,0.0,0.0,0.0,0.0,0.0,0.0,0.0,0.0,0.0,0.0,0.0,0.0
BECN1,ipin_optimized,exclude_prior_train_development_P_and_homomers,all_U,1,300,301,0.4033333333333333,0.005555555555555556,180,180,180.0,0.005555555555555556,0.0,0.0,0.0,0.0,0.0,0.0,0.0,0.0,0.0,0.0,0.0,0.0,0.0,0.0,0.0,0.0,0.0,0.0
BECN1,ipin_optimized,exclude_prior_train_development_P_and_homomers,context,1,150,151,0.41333333333333333,0.011235955056179775,89,89,89.0,0.011235955056179775,0.0,0.0,0.0,0.0,0.0,0.0,0.0,0.0,0.0,0.0,0.0,0.0,0.0,0.0,0.0,0.0,0.0,0.0
BECN1,ipin_optimized,exclude_prior_train_development_P_and_homomers,background,1,150,151,0.3933333333333333,0.010869565217391304,92,92,92.0,0.010869565217391304,0.0,0.0,0.0,0.0,0.0,0.0,0.0,0.0,0.0,0.0,0.0,0.0,0.0,0.0,0.0,0.0,0.0,0.0
BECN1,tuna_retrained,all_P,all_U,3,300,303,0.8433333333333334,0.5070422535211268,1,1,1.0,1.0,2.0,0.6666666666666666,0.4,40.4,0.6713860725233041,1.0,2.0,0.6666666666666666,0.2,20.2,0.6713860725233041,1.0,2.0,0.6666666666666666,0.1,10.1,0.6713860725233041,1.0
BECN1,tuna_retrained,all_P,context,3,150,153,0.8622222222222222,0.5158730158730158,1,1,1.0,1.0,2.0,0.6666666666666666,0.4,20.400000000000002,0.6713860725233041,1.0,2.0,0.6666666666666666,0.2,10.200000000000001,0.6713860725233041,1.0,2.0,0.6666666666666666,0.1,5.1000000000000005,0.6713860725233041,1.0
BECN1,tuna_retrained,all_P,background,3,150,153,0.8244444444444444,0.6788617886178862,1,1,1.0,1.0,2.0,0.6666666666666666,0.4,20.400000000000002,0.7653606369886217,1.0,2.0,0.6666666666666666,0.2,10.200000000000001,0.7653606369886217,1.0,2.0,0.6666666666666666,0.1,5.1000000000000005,0.7653606369886217,1.0
BECN1,tuna_retrained,exclude_development_P,all_U,3,300,303,0.8433333333333334,0.5070422535211268,1,1,1.0,1.0,2.0,0.6666666666666666,0.4,40.4,0.6713860725233041,1.0,2.0,0.6666666666666666,0.2,20.2,0.6713860725233041,1.0,2.0,0.6666666666666666,0.1,10.1,0.6713860725233041,1.0
BECN1,tuna_retrained,exclude_development_P,context,3,150,153,0.8622222222222222,0.5158730158730158,1,1,1.0,1.0,2.0,0.6666666666666666,0.4,20.400000000000002,0.6713860725233041,1.0,2.0,0.6666666666666666,0.2,10.200000000000001,0.6713860725233041,1.0,2.0,0.6666666666666666,0.1,5.1000000000000005,0.6713860725233041,1.0
BECN1,tuna_retrained,exclude_development_P,background,3,150,153,0.8244444444444444,0.6788617886178862,1,1,1.0,1.0,2.0,0.6666666666666666,0.4,20.400000000000002,0.7653606369886217,1.0,2.0,0.6666666666666666,0.2,10.200000000000001,0.7653606369886217,1.0,2.0,0.6666666666666666,0.1,5.1000000000000005,0.7653606369886217,1.0
BECN1,tuna_retrained,exclude_development_P_and_homomers,all_U,3,300,303,0.8433333333333334,0.5070422535211268,1,1,1.0,1.0,2.0,0.6666666666666666,0.4,40.4,0.6713860725233041,1.0,2.0,0.6666666666666666,0.2,20.2,0.6713860725233041,1.0,2.0,0.6666666666666666,0.1,10.1,0.6713860725233041,1.0
BECN1,tuna_retrained,exclude_development_P_and_homomers,context,3,150,153,0.8622222222222222,0.5158730158730158,1,1,1.0,1.0,2.0,0.6666666666666666,0.4,20.400000000000002,0.6713860725233041,1.0,2.0,0.6666666666666666,0.2,10.200000000000001,0.6713860725233041,1.0,2.0,0.6666666666666666,0.1,5.1000000000000005,0.6713860725233041,1.0
BECN1,tuna_retrained,exclude_development_P_and_homomers,background,3,150,153,0.8244444444444444,0.6788617886178862,1,1,1.0,1.0,2.0,0.6666666666666666,0.4,20.400000000000002,0.7653606369886217,1.0,2.0,0.6666666666666666,0.2,10.200000000000001,0.7653606369886217,1.0,2.0,0.6666666666666666,0.1,5.1000000000000005,0.7653606369886217,1.0
BECN1,tuna_retrained,exclude_prior_train_development_P,all_U,1,300,301,0.5366666666666666,0.007142857142857143,140,140,140.0,0.007142857142857143,0.0,0.0,0.0,0.0,0.0,0.0,0.0,0.0,0.0,0.0,0.0,0.0,0.0,0.0,0.0,0.0,0.0,0.0
BECN1,tuna_retrained,exclude_prior_train_development_P,context,1,150,151,0.6,0.01639344262295082,61,61,61.0,0.01639344262295082,0.0,0.0,0.0,0.0,0.0,0.0,0.0,0.0,0.0,0.0,0.0,0.0,0.0,0.0,0.0,0.0,0.0,0.0
BECN1,tuna_retrained,exclude_prior_train_development_P,background,1,150,151,0.47333333333333333,0.0125,80,80,80.0,0.0125,0.0,0.0,0.0,0.0,0.0,0.0,0.0,0.0,0.0,0.0,0.0,0.0,0.0,0.0,0.0,0.0,0.0,0.0
BECN1,tuna_retrained,exclude_prior_train_development_P_and_homomers,all_U,1,300,301,0.5366666666666666,0.007142857142857143,140,140,140.0,0.007142857142857143,0.0,0.0,0.0,0.0,0.0,0.0,0.0,0.0,0.0,0.0,0.0,0.0,0.0,0.0,0.0,0.0,0.0,0.0
BECN1,tuna_retrained,exclude_prior_train_development_P_and_homomers,context,1,150,151,0.6,0.01639344262295082,61,61,61.0,0.01639344262295082,0.0,0.0,0.0,0.0,0.0,0.0,0.0,0.0,0.0,0.0,0.0,0.0,0.0,0.0,0.0,0.0,0.0,0.0
BECN1,tuna_retrained,exclude_prior_train_development_P_and_homomers,background,1,150,151,0.47333333333333333,0.0125,80,80,80.0,0.0125,0.0,0.0,0.0,0.0,0.0,0.0,0.0,0.0,0.0,0.0,0.0,0.0,0.0,0.0,0.0,0.0,0.0,0.0
