row_index,tuna_retrained_seed20260803_score,tuna_retrained_seed20260817_score,tuna_retrained_seed20260831_score,tuna_retrained_score
0,-3.997744560241699,-3.329434394836426,-3.683217763900757,-3.6701322396596274
1,-12.144438743591309,-11.096648216247559,-10.450021743774414,-11.230369567871094
2,-8.436973571777344,-7.716250419616699,-10.07099723815918,-8.74140707651774
3,-9.185290336608887,-7.340869903564453,-9.323583602905273,-8.616581281026205
4,-8.473287582397461,-6.369482517242432,-10.794147491455078,-8.545639197031656
5,-10.443016052246094,-8.248047828674316,-8.15939998626709,-8.950154622395834
6,-9.016725540161133,-7.380712032318115,-8.548108100891113,-8.315181891123453
7,-8.237491607666016,-8.21057415008545,-9.598264694213867,-8.682110150655111
8,-7.859025478363037,-8.437607765197754,-10.288212776184082,-8.861615339914957
9,-12.036287307739258,-8.549335479736328,-9.919879913330078,-10.168500900268555
10,-8.233404159545898,-6.088027477264404,-10.219608306884766,-8.180346647898356
11,-11.562939643859863,-9.30601692199707,-11.467741012573242,-10.778899192810059
12,-12.155266761779785,-9.612780570983887,-8.108489990234375,-9.958845774332682
13,-8.7688570022583,-11.515450477600098,-8.336811065673828,-9.540372848510742
14,-9.185602188110352,-7.893035411834717,-11.07208251953125,-9.383573373158773
15,-3.681627035140991,-4.644753456115723,-8.714314460754395,-5.680231650670369
16,-11.87496566772461,-9.01740550994873,-10.001779556274414,-10.298050244649252
17,-7.248323917388916,-11.244751930236816,-10.83230209350586,-9.775125980377197
18,-8.586393356323242,-7.060352802276611,-10.373574256896973,-8.673440138498941
19,-6.438389301300049,-5.184866905212402,-9.061275482177734,-6.8948438962300616
20,-7.473989009857178,-7.302804946899414,-8.841365814208984,-7.872719923655192
21,-7.807001113891602,-7.288336753845215,-11.176094055175781,-8.7571439743042
22,-8.218753814697266,-9.536531448364258,-7.978859901428223,-8.578048388163248
23,-6.049386024475098,-7.842667579650879,-8.010518074035645,-7.300857226053874
24,-6.099808692932129,-6.814147472381592,-10.42138957977295,-7.778448581695557
25,-7.379550933837891,-6.510841369628906,-10.00062084197998,-7.963671048482259
26,-8.604429244995117,-5.734988689422607,-8.202046394348145,-7.513821442921956
27,-6.910819053649902,-7.908614635467529,-13.474157333374023,-9.431197007497152
28,-5.145759105682373,-6.146609306335449,-9.726428985595703,-7.006265799204509
29,-9.327967643737793,-7.415477752685547,-9.035039901733398,-8.592828432718912
30,-8.757064819335938,-5.231118202209473,-11.281250953674316,-8.423144658406576
31,-5.827941417694092,-4.8752570152282715,-7.269690990447998,-5.990963141123454
32,-11.044946670532227,-11.01212215423584,-9.942632675170898,-10.666567166646322
33,-3.7301437854766846,-2.5644030570983887,-6.226284503936768,-4.17361044883728
34,-5.994358062744141,-5.160697937011719,-7.698818683624268,-6.284624894460042
35,-7.733059406280518,-5.200439453125,-9.082050323486328,-7.338516394297282
36,-9.149147033691406,-5.277939319610596,-8.451727867126465,-7.626271406809489
37,-6.060924053192139,-6.188024997711182,-7.388762950897217,-6.545904000600179
38,-9.78253173828125,-8.458159446716309,-10.106207847595215,-9.448966344197592
39,-8.779308319091797,-7.626516819000244,-10.559922218322754,-8.988582452138266
40,-7.670470714569092,-6.941453456878662,-9.461864471435547,-8.024596214294434
41,-9.273335456848145,-7.45468807220459,-10.059781074523926,-8.92926820119222
42,-8.20096492767334,-6.50294828414917,-7.326557636260986,-7.343490282694499
43,-5.916894435882568,-5.815556049346924,-10.642822265625,-7.458424250284831
44,-8.680123329162598,-7.027843475341797,-10.16406536102295,-8.624010721842447
45,-6.738100051879883,-6.62143087387085,-7.428085803985596,-6.929205576578776
46,-6.835559844970703,-6.376075267791748,-9.744733810424805,-7.652122974395752
47,-4.350443363189697,-5.206599235534668,-8.26158332824707,-5.9395419756571455
48,-10.988630294799805,-8.704744338989258,-10.317313194274902,-10.003562609354654
49,-5.8985676765441895,-5.434103965759277,-10.71141529083252,-7.348028977711995
50,-9.325366020202637,-7.708622455596924,-12.352007865905762,-9.795332113901773
51,-10.235503196716309,-8.5393705368042,-10.180290222167969,-9.651721318562826
52,-8.384988784790039,-8.590152740478516,-6.992725372314453,-7.989288965861003
53,-11.63730525970459,-11.116377830505371,-5.639894008636475,-9.464525699615479
54,-8.18805980682373,-8.558238983154297,-11.886543273925781,-9.544280687967936
55,-8.8545503616333,-11.088226318359375,-9.082683563232422,-9.675153414408365
56,-11.70340347290039,-12.672012329101562,-5.487659931182861,-9.954358577728271
57,-11.769518852233887,-8.513614654541016,-8.344991683959961,-9.542708396911621
58,-13.005690574645996,-5.813657283782959,-12.039703369140625,-10.28635040918986
59,-10.761000633239746,-13.517252922058105,-11.065040588378906,-11.781098047892252
60,-3.609267473220825,-6.457947731018066,-9.068909645080566,-6.378708283106486
61,-13.329748153686523,-12.827256202697754,-9.764100074768066,-11.973701477050781
62,-10.054736137390137,-12.910294532775879,-9.746110916137695,-10.903713862101236
63,-12.18674373626709,-12.207170486450195,-12.148493766784668,-12.180802663167318
64,-15.718801498413086,-14.612667083740234,-15.557741165161133,-15.296403249104818
65,-12.549878120422363,-10.049670219421387,-13.84195327758789,-12.147167205810547
66,-8.178333282470703,-8.069591522216797,-11.007650375366211,-9.08519172668457
67,-9.384414672851562,-8.240579605102539,-9.131282806396484,-8.918759028116861
68,-10.088757514953613,-9.243917465209961,-9.520676612854004,-9.617783864339193
69,-12.864543914794922,-9.672410011291504,-9.39306354522705,-10.643339157104492
70,-9.505655288696289,-15.808838844299316,-9.745636940002441,-11.686710357666016
71,-7.349892616271973,-9.44698715209961,-10.568817138671875,-9.121898969014486
72,-11.890554428100586,-13.065964698791504,-10.628564834594727,-11.86169465382894
73,-8.075934410095215,-8.866272926330566,-10.258779525756836,-9.066995620727539
74,-8.26208209991455,-8.091728210449219,-10.504669189453125,-8.952826499938965
75,-9.451469421386719,-11.053098678588867,-11.633283615112305,-10.71261723836263
76,-10.007047653198242,-9.88354206085205,-12.048894882202148,-10.64649486541748
77,-10.173041343688965,-10.224957466125488,-10.191755294799805,-10.196584701538086
78,-13.020108222961426,-8.555816650390625,-8.807732582092285,-10.127885818481445
79,-7.734493732452393,-12.360111236572266,-10.16582202911377,-10.086808999379477
80,-10.797359466552734,-10.308780670166016,-15.070023536682129,-12.058721224466959
81,-13.170817375183105,-9.06245231628418,-10.466172218322754,-10.899813969930014
82,-9.500664710998535,-13.166791915893555,-12.80506706237793,-11.824174563090006
83,-9.202580451965332,-9.039105415344238,-11.867281913757324,-10.036322593688965
84,-12.735067367553711,-12.063570022583008,-10.917448043823242,-11.905361811319986
85,-11.212239265441895,-12.535893440246582,-7.947664737701416,-10.565265814463297
86,-11.90219783782959,-12.577103614807129,-11.896831512451172,-12.125377655029297
87,-8.232969284057617,-7.610047340393066,-10.77534008026123,-8.872785568237305
88,-12.577695846557617,-11.470253944396973,-11.94333553314209,-11.997095108032227
89,-12.065433502197266,-10.422622680664062,-15.678459167480469,-12.722171783447266
90,-8.858601570129395,-13.455801010131836,-11.54529857635498,-11.286567052205404
91,-7.938358306884766,-6.058254241943359,-10.321738243103027,-8.106116930643717
92,-12.988418579101562,-11.10024642944336,-14.326037406921387,-12.804900805155436
93,-13.10203742980957,-13.17227840423584,-14.308672904968262,-13.527662913004557
94,-11.672998428344727,-7.6589436531066895,-10.580034255981445,-9.970658779144287
95,-10.48416805267334,-10.613693237304688,-10.215317726135254,-10.437726338704428
96,-6.966966152191162,-6.6746978759765625,-7.988135814666748,-7.209933280944824
97,-9.713988304138184,-8.579610824584961,-6.561549186706543,-8.285049438476562
98,-14.18239688873291,-12.630967140197754,-13.54847240447998,-13.453945477803549
99,-6.252982139587402,-6.350285530090332,-9.47378921508789,-7.359018961588542
100,-10.61892032623291,-9.420516014099121,-12.662168502807617,-10.900534947713217
101,-8.885279655456543,-10.604636192321777,-9.526698112487793,-9.672204653422037
102,-12.649007797241211,-10.837127685546875,-11.230899810791016,-11.572345097859701
103,-13.860915184020996,-9.273677825927734,-15.078441619873047,-12.737678209940592
104,-8.094385147094727,-6.9497504234313965,-10.3971586227417,-8.480431397755941
105,-9.791659355163574,-11.96900749206543,-10.134757995605469,-10.631808280944824
106,-11.45602798461914,-10.75322151184082,-11.438673973083496,-11.215974489847818
107,-12.591675758361816,-10.719744682312012,-10.596206665039062,-11.302542368570963
108,-6.1975507736206055,-5.759629726409912,-11.105500221252441,-7.687560240427653
109,-6.513427734375,-6.663652420043945,-9.170397758483887,-7.449159304300944
110,-6.058027267456055,-8.363466262817383,-8.421133041381836,-7.614208857218425
111,-11.689986228942871,-7.570494651794434,-9.457554817199707,-9.572678565979004
112,-11.598286628723145,-8.658870697021484,-9.252142906188965,-9.836433410644531
113,-12.603837013244629,-8.375432968139648,-10.160637855529785,-10.379969278971354
114,-11.688931465148926,-11.813015937805176,-10.716827392578125,-11.406258265177408
115,-10.175753593444824,-9.913236618041992,-10.717000007629395,-10.26866340637207
116,-9.947720527648926,-8.324482917785645,-10.968582153320312,-9.746928532918295
117,-8.05406379699707,-6.233054161071777,-11.589734077453613,-8.625617345174154
118,-10.703207015991211,-9.368914604187012,-10.56466007232666,-10.212260564168295
119,-12.565993309020996,-10.407135009765625,-10.887114524841309,-11.286747614542643
120,-7.713248252868652,-6.358700752258301,-9.217803001403809,-7.763250668843587
121,-9.995620727539062,-10.375801086425781,-9.773955345153809,-10.04845905303955
122,-8.492364883422852,-10.289185523986816,-10.049038887023926,-9.610196431477865
123,-9.208459854125977,-9.586477279663086,-9.402377128601074,-9.399104754130045
124,-8.843557357788086,-6.655055046081543,-8.189051628112793,-7.895888010660808
125,-14.5640869140625,-16.234256744384766,-14.626587867736816,-15.141643842061361
126,-8.930551528930664,-5.800784587860107,-8.884597778320312,-7.871977965037028
127,-9.04450798034668,-13.656862258911133,-11.390013694763184,-11.363794644673666
128,-7.667651176452637,-10.383796691894531,-8.72634220123291,-8.92593002319336
129,-7.341434001922607,-7.58662748336792,-11.966358184814453,-8.96480655670166
130,-8.198958396911621,-9.371726036071777,-8.296398162841797,-8.622360865275065
131,-11.806894302368164,-9.690095901489258,-10.319672584533691,-10.605554262797037
132,-13.88634204864502,-11.915301322937012,-13.129976272583008,-12.977206548055014
133,-8.545504570007324,-6.415574073791504,-11.568745613098145,-8.84327475229899
134,-9.57016372680664,-12.794158935546875,-13.3657865524292,-11.910036404927572
135,-14.38318920135498,-13.143392562866211,-14.357683181762695,-13.961421648661295
136,-8.227753639221191,-9.44893741607666,-10.1925630569458,-9.289751370747885
137,-9.42304801940918,-8.766100883483887,-10.499590873718262,-9.562913258870443
138,-12.393112182617188,-8.471552848815918,-12.830265998840332,-11.231643676757812
139,-11.57248592376709,-7.915217399597168,-9.20363712310791,-9.563780148824057
140,-11.331223487854004,-10.477715492248535,-8.974540710449219,-10.261159896850586
141,-10.174166679382324,-8.195802688598633,-7.574390411376953,-8.648119926452637
142,-5.469215393066406,-8.846763610839844,-6.709367752075195,-7.0084489186604815
143,-10.857234001159668,-6.2027082443237305,-11.328007698059082,-9.462649981180826
144,-9.686217308044434,-8.771462440490723,-7.885465621948242,-8.781048456827799
145,-12.029661178588867,-10.299755096435547,-11.132118225097656,-11.153844833374023
146,-12.272789001464844,-11.232895851135254,-11.706979751586914,-11.737554868062338
147,-8.108596801757812,-8.183612823486328,-10.882489204406738,-9.058232943216959
148,-11.967251777648926,-16.795089721679688,-13.087200164794922,-13.949847221374512
149,-9.90395450592041,-10.042941093444824,-10.794929504394531,-10.247275034586588
150,-9.542489051818848,-14.541504859924316,-9.255414962768555,-11.113136291503906
151,-7.73093318939209,-8.14418888092041,-12.696881294250488,-9.524001121520996
152,-12.085472106933594,-8.080108642578125,-11.160022735595703,-10.44186782836914
153,-12.170730590820312,-9.871393203735352,-8.360376358032227,-10.134166717529297
154,-7.7744460105896,-10.62796401977539,-11.039080619812012,-9.813830216725668
155,-12.736809730529785,-7.574676513671875,-9.569775581359863,-9.960420608520508
156,-12.318014144897461,-11.478812217712402,-13.960412979125977,-12.58574644724528
157,-9.406311988830566,-8.438920974731445,-8.555787086486816,-8.800340016682943
158,-8.070845603942871,-9.916105270385742,-11.686881065368652,-9.891277313232422
159,-6.926769733428955,-5.75622034072876,-11.725324630737305,-8.136104901631674
160,-11.992416381835938,-9.432931900024414,-10.711836814880371,-10.712395032246908
161,-11.712137222290039,-9.971498489379883,-11.72927188873291,-11.137635866800943
162,-9.871835708618164,-10.183927536010742,-11.422456741333008,-10.492739995320639
163,-9.130873680114746,-4.887500762939453,-12.156949996948242,-8.72510814666748
164,-8.630417823791504,-7.84224796295166,-9.207998275756836,-8.560221354166666
165,-14.864264488220215,-15.064809799194336,-12.227938652038574,-14.052337646484375
166,-6.723499298095703,-6.6280131340026855,-5.52197265625,-6.29116169611613
167,-11.350347518920898,-12.211960792541504,-12.769730567932129,-12.110679626464844
168,-8.636404991149902,-8.651594161987305,-10.134172439575195,-9.140723864237467
169,-12.448784828186035,-12.806171417236328,-11.991689682006836,-12.4155486424764
170,-6.517385482788086,-11.350358009338379,-9.688228607177734,-9.1853240331014
171,-13.528904914855957,-13.989959716796875,-13.924164772033691,-13.814343134562174
172,-8.47940731048584,-6.761493682861328,-9.020179748535156,-8.087026913960775
173,-11.168967247009277,-8.504040718078613,-8.471484184265137,-9.381497383117676
174,-13.828341484069824,-8.698461532592773,-10.704590797424316,-11.077131271362305
175,-8.47525405883789,-7.442465305328369,-11.261553764343262,-9.059757709503174
176,-8.870715141296387,-9.713140487670898,-9.006739616394043,-9.19686508178711
177,-10.94589900970459,-11.07985782623291,-11.982901573181152,-11.336219469706217
178,-11.714354515075684,-13.589271545410156,-11.164862632751465,-12.156162897745768
179,-7.474644660949707,-6.339515686035156,-5.737821578979492,-6.517327308654785
180,-7.643858909606934,-7.258235454559326,-10.996267318725586,-8.632787227630615
181,-9.4041109085083,-8.138505935668945,-9.742844581604004,-9.09515380859375
182,-5.652803897857666,-14.512679100036621,-7.4430108070373535,-9.202831268310547
183,-8.474686622619629,-6.4114203453063965,-9.55674934387207,-8.147618770599365
184,-11.564126014709473,-8.801711082458496,-10.865462303161621,-10.410433133443197
185,-13.029415130615234,-10.421184539794922,-7.322468280792236,-10.257689317067465
186,-7.773151874542236,-9.375813484191895,-9.824721336364746,-8.991228898366293
187,-7.441497325897217,-6.913088321685791,-10.606612205505371,-8.320399284362793
188,-8.219277381896973,-12.6300048828125,-7.420883655548096,-9.423388640085856
189,-6.924131870269775,-8.380406379699707,-10.410104751586914,-8.571547667185465
190,-9.821640014648438,-7.312341213226318,-9.230110168457031,-8.78803046544393
191,-8.421428680419922,-5.304928302764893,-8.553512573242188,-7.426623185475667
192,-13.757391929626465,-11.491679191589355,-16.03953742980957,-13.762869517008463
193,-10.542576789855957,-12.268523216247559,-10.756378173828125,-11.189159393310547
194,-11.160204887390137,-11.604819297790527,-10.105119705200195,-10.956714630126953
195,-4.929989814758301,-7.5963358879089355,-6.550488471984863,-6.358938058217366
196,-9.251808166503906,-6.987003803253174,-10.510030746459961,-8.91628090540568
197,-12.037030220031738,-9.763954162597656,-11.249786376953125,-11.016923586527506
198,-8.95102310180664,-6.831521034240723,-11.919774055480957,-9.234106063842773
199,-12.551980972290039,-13.7821626663208,-8.36059856414795,-11.564914067586264
200,-10.42041015625,-9.650556564331055,-7.756978988647461,-9.275981903076172
201,-12.081945419311523,-11.188215255737305,-11.655402183532715,-11.641854286193848
202,-13.278295516967773,-10.241792678833008,-9.979618072509766,-11.166568756103516
203,-13.823197364807129,-13.630000114440918,-14.776442527770996,-14.076546669006348
204,-13.135041236877441,-12.454449653625488,-7.749073028564453,-11.112854639689127
205,-10.038008689880371,-7.250560760498047,-8.889764785766602,-8.72611141204834
206,-8.780640602111816,-11.403982162475586,-12.051763534545898,-10.7454620997111
207,-9.007262229919434,-13.376885414123535,-12.176197052001953,-11.52011489868164
208,-11.1283597946167,-8.328267097473145,-12.31184196472168,-10.589489618937174
209,-7.348219871520996,-6.810082912445068,-8.601263999938965,-7.586522261301677
210,-9.870942115783691,-8.201945304870605,-11.890363693237305,-9.987750371297201
211,-9.051541328430176,-11.161675453186035,-12.057559967041016,-10.756925582885742
212,-8.171648979187012,-7.442423343658447,-11.82923698425293,-9.147769769032797
213,-5.400240421295166,-7.560937881469727,-8.643209457397461,-7.201462586720784
214,-12.1251859664917,-11.516092300415039,-12.791695594787598,-12.14432462056478
215,-9.747482299804688,-8.259533882141113,-12.530099868774414,-10.179038683573404
216,-6.559337615966797,-7.7215070724487305,-10.114689826965332,-8.131844838460287
217,-9.885554313659668,-9.806487083435059,-11.543267250061035,-10.41176954905192
218,-13.177027702331543,-13.602070808410645,-8.48995304107666,-11.75635051727295
219,-5.626168727874756,-7.103797435760498,-10.984766006469727,-7.904910723368327
220,-9.149473190307617,-10.651989936828613,-8.236581802368164,-9.346014976501465
221,-11.230947494506836,-9.85421085357666,-11.911395072937012,-10.99885114034017
222,-8.562494277954102,-8.065694808959961,-7.587343692779541,-8.071844259897867
223,-7.813590049743652,-8.93225383758545,-7.5312323570251465,-8.092358748118082
224,-9.679447174072266,-12.011500358581543,-9.598003387451172,-10.42965030670166
225,-5.28062105178833,-8.920329093933105,-12.411351203918457,-8.87076711654663
226,-8.148168563842773,-8.097171783447266,-11.048612594604492,-9.097984313964844
227,-13.589653015136719,-11.146956443786621,-12.131940841674805,-12.289516766866049
228,-8.033197402954102,-9.789070129394531,-12.298999786376953,-10.040422439575195
229,-7.692831993103027,-7.177296161651611,-8.14695930480957,-7.672362486521403
230,-11.767480850219727,-8.651573181152344,-9.635225296020508,-10.01809310913086
231,-10.046270370483398,-4.823825836181641,-8.901409149169922,-7.923835118611653
232,-7.913853168487549,-8.677875518798828,-11.441337585449219,-9.3443554242452
233,-9.20256519317627,-7.337281703948975,-11.052396774291992,-9.197414557139078
234,-9.449514389038086,-9.335168838500977,-11.961498260498047,-10.248727162679037
235,-8.81855297088623,-7.959083557128906,-11.212050437927246,-9.329895655314127
236,-7.3684186935424805,-9.965348243713379,-11.383807182312012,-9.572524706522623
237,-9.342575073242188,-10.320697784423828,-8.04381275177002,-9.235695203145346
238,-12.395236015319824,-9.219365119934082,-11.875151634216309,-11.163250923156738
239,-14.345499038696289,-8.967472076416016,-10.671211242675781,-11.328060785929361
240,-13.657423973083496,-13.082613945007324,-11.915504455566406,-12.885180791219076
241,-8.708391189575195,-7.094951629638672,-11.036808013916016,-8.946716944376627
242,-6.740264892578125,-8.322669982910156,-12.102608680725098,-9.055181185404459
243,-9.055943489074707,-9.85466194152832,-10.678035736083984,-9.86288038889567
244,-5.365915298461914,-4.004000186920166,-8.774490356445312,-6.048135280609131
245,-7.736071586608887,-8.118698120117188,-9.368144989013672,-8.407638231913248
246,-9.853860855102539,-7.732698917388916,-8.094194412231445,-8.560251394907633
247,-10.06607437133789,-8.707500457763672,-12.445029258728027,-10.406201362609863
248,-7.959909915924072,-9.024664878845215,-8.18922233581543,-8.391265710194906
249,-12.7765474319458,-11.481239318847656,-9.923467636108398,-11.393751462300619
250,-7.510031223297119,-5.243592262268066,-10.545866012573242,-7.766496499379476
251,-8.795886039733887,-10.465194702148438,-11.679035186767578,-10.313371976216635
252,-5.223499298095703,-5.877108097076416,-9.97773265838623,-7.026113351186116
253,-8.77189826965332,-6.9548163414001465,-4.506632328033447,-6.744448979695638
254,-8.357280731201172,-10.815396308898926,-10.389448165893555,-9.854041735331217
255,-11.516231536865234,-8.763012886047363,-11.26511287689209,-10.514785766601562
256,-10.23139762878418,-12.324041366577148,-13.58449649810791,-12.046645164489746
257,-11.727296829223633,-8.785131454467773,-9.967550277709961,-10.159992853800455
258,-8.691625595092773,-10.303434371948242,-9.236394882202148,-9.41048494974772
259,-11.086896896362305,-7.967043876647949,-13.205696105957031,-10.753212292989096
260,-10.063508033752441,-9.758910179138184,-10.46226978302002,-10.094895998636881
261,-10.213912963867188,-13.839005470275879,-14.423050880432129,-12.825323104858398
262,-13.144265174865723,-15.23898983001709,-11.76431941986084,-13.382524808247885
263,-8.555831909179688,-8.630043983459473,-10.256329536437988,-9.147401809692383
264,-12.871606826782227,-14.177189826965332,-10.412418365478516,-12.487071673075357
265,-15.48655891418457,-11.41917610168457,-9.917654991149902,-12.274463335673014
266,-7.553396224975586,-9.352837562561035,-9.435790061950684,-8.780674616495768
267,-10.173532485961914,-13.347024917602539,-4.041897296905518,-9.187484900156656
268,-10.079717636108398,-10.063641548156738,-10.623506546020508,-10.255621910095215
269,-9.687384605407715,-13.030964851379395,-13.931267738342285,-12.216539065043131
270,-7.544753074645996,-6.85690975189209,-8.541824340820312,-7.647829055786133
271,-8.090447425842285,-10.623893737792969,-11.36292552947998,-10.025755564371744
272,-6.874700546264648,-6.181471347808838,-9.094029426574707,-7.3834004402160645
273,-13.639487266540527,-10.09532356262207,-8.658418655395508,-10.797743161519369
274,-14.620306968688965,-12.275978088378906,-10.284870147705078,-12.393718401590982
275,-8.077471733093262,-8.80642318725586,-9.510872840881348,-8.798255920410156
276,-11.394049644470215,-9.715795516967773,-12.322279930114746,-11.144041697184244
277,-11.076529502868652,-9.137552261352539,-13.421998023986816,-11.212026596069336
278,-6.041062355041504,-8.494827270507812,-10.23715877532959,-8.257682800292969
279,-8.379558563232422,-8.175162315368652,-10.024628639221191,-8.859783172607422
280,-13.189419746398926,-12.96750545501709,-8.831457138061523,-11.66279411315918
281,-9.140460968017578,-7.411746501922607,-13.40129280090332,-9.984500090281168
282,-9.109278678894043,-8.836057662963867,-10.76772689819336,-9.57102108001709
283,-4.936750888824463,-12.860705375671387,-10.720057487487793,-9.50583791732788
284,-13.043155670166016,-10.249165534973145,-11.749412536621094,-11.680577913920084
285,-13.15731430053711,-10.93075942993164,-13.594382286071777,-12.560818672180176
286,-12.001886367797852,-9.5250244140625,-7.869435787200928,-9.798782189687094
287,-13.450618743896484,-12.195820808410645,-10.2020845413208,-11.94950803120931
288,-9.49579906463623,-6.714239597320557,-9.931344985961914,-8.713794549306234
289,-6.477047920227051,-8.033523559570312,-11.092918395996094,-8.534496625264486
290,-12.367734909057617,-8.296229362487793,-10.39262580871582,-10.35219669342041
291,-10.86694049835205,-12.05961799621582,-12.68475341796875,-11.870437304178873
292,-14.19369125366211,-12.42022705078125,-13.95836067199707,-13.52409299214681
293,-15.508143424987793,-10.946471214294434,-15.746299743652344,-14.06697146097819
294,-6.0381269454956055,-6.401407241821289,-7.76840353012085,-6.735979239145915
295,-9.202625274658203,-8.881223678588867,-8.381510734558105,-8.821786562601725
296,-6.17058801651001,-8.394011497497559,-8.150440216064453,-7.571679910024007
297,-7.4356513023376465,-7.4997124671936035,-10.314164161682129,-8.416509310404459
298,-11.558182716369629,-11.63904094696045,-12.251424789428711,-11.816216150919596
299,-13.527695655822754,-9.818754196166992,-10.541707038879395,-11.29605229695638
300,-4.815364360809326,-3.0160558223724365,-11.152374267578125,-6.327931483586629
301,-7.246527671813965,-6.529032230377197,-11.538666725158691,-8.438075542449951
302,-9.572030067443848,-5.279082775115967,-9.340386390686035,-8.063833077748617
303,-8.904435157775879,-10.467901229858398,-11.748016357421875,-10.373450915018717
304,-8.328788757324219,-7.1050639152526855,-9.973159790039062,-8.469004154205322
305,-8.467462539672852,-7.685420513153076,-10.233430862426758,-8.795437971750895
306,-7.237475395202637,-6.469318866729736,-7.436153411865234,-7.047649224599202
307,-6.168680191040039,-6.653254508972168,-8.937621116638184,-7.253185272216797
308,-9.010894775390625,-8.48711109161377,-10.037035942077637,-9.17834726969401
309,-7.655653476715088,-8.820771217346191,-9.808171272277832,-8.761531988779703
310,-8.191397666931152,-9.69062328338623,-12.268893241882324,-10.050304730733236
311,-8.124053001403809,-9.407875061035156,-11.728516578674316,-9.75348154703776
312,-9.74862003326416,-7.779714107513428,-8.160737991333008,-8.563024044036865
313,-6.741455554962158,-5.005216598510742,-9.717386245727539,-7.1546861330668134
314,-8.29220962524414,-7.877826690673828,-10.780255317687988,-8.983430544535318
315,-9.099291801452637,-6.148016452789307,-9.50262451171875,-8.249977588653564
316,-5.821236610412598,-5.705622673034668,-7.356387138366699,-6.294415473937988
317,-7.602998733520508,-10.054492950439453,-12.317336082458496,-9.991609255472818
318,-10.060546875,-8.089777946472168,-11.923611640930176,-10.024645487467447
319,-7.43525505065918,-8.194636344909668,-11.365031242370605,-8.998307545979818
320,-8.340417861938477,-7.357008934020996,-10.490440368652344,-8.729289054870605
321,-4.5976715087890625,-8.444714546203613,-10.533876419067383,-7.8587541580200195
322,-8.981793403625488,-9.530104637145996,-8.805977821350098,-9.105958620707193
323,-11.888548851013184,-9.121931076049805,-11.935131072998047,-10.981870333353678
324,-8.316211700439453,-7.979738712310791,-9.288016319274902,-8.527988910675049
325,-8.309100151062012,-6.483351707458496,-10.045355796813965,-8.279269218444824
326,-8.6560697555542,-4.861987590789795,-5.72429084777832,-6.4141160647074384
327,-6.192216396331787,-8.690459251403809,-8.784401893615723,-7.889025847117106
328,-9.415750503540039,-9.20214557647705,-10.997258186340332,-9.871718088785807
329,-8.81152629852295,-7.408790588378906,-12.295385360717773,-9.505234082539877
330,-7.114364147186279,-9.887478828430176,-10.036182403564453,-9.012675126393637
331,-6.407264709472656,-5.892181396484375,-9.10683536529541,-7.135427157084147
332,-9.206009864807129,-9.350448608398438,-9.862293243408203,-9.472917238871256
333,-9.499029159545898,-7.048252582550049,-7.147650241851807,-7.898310661315918
334,-7.676626205444336,-9.957353591918945,-10.127601623535156,-9.253860473632812
335,-8.349671363830566,-8.119373321533203,-11.448709487915039,-9.305918057759603
336,-4.365243434906006,-4.361319541931152,-7.737910747528076,-5.488157908121745
337,-9.84150505065918,-8.791240692138672,-10.31986141204834,-9.650869051615397
338,-7.293720722198486,-7.915713310241699,-10.249322891235352,-8.486252307891846
339,-8.717976570129395,-9.865808486938477,-12.250510215759277,-10.278098424275717
340,-7.807452201843262,-8.509751319885254,-10.297674179077148,-8.871625900268555
341,-10.905683517456055,-9.250387191772461,-13.256669998168945,-11.137580235799154
342,-9.18881893157959,-9.685787200927734,-11.33005428314209,-10.068220138549805
343,-8.53785514831543,-6.28578519821167,-7.8408308029174805,-7.554823716481526
344,-7.434665203094482,-6.515576362609863,-11.937349319458008,-8.629196961720785
345,-4.959152698516846,-4.650049209594727,-8.751267433166504,-6.120156447092692
346,-5.384340286254883,-5.3595476150512695,-8.478341102600098,-6.40740966796875
347,-7.564095973968506,-4.774816036224365,-12.552684783935547,-8.297198931376139
348,-5.6326093673706055,-5.944879531860352,-8.317229270935059,-6.631572723388672
349,-8.741227149963379,-7.160615921020508,-11.675742149353027,-9.19252840677897
350,-11.848978996276855,-7.6604132652282715,-9.614310264587402,-9.707900842030844
351,-7.513360500335693,-6.510898590087891,-8.53504467010498,-7.5197679201761884
352,-6.050322532653809,-6.596357822418213,-7.403049468994141,-6.683243274688721
353,-10.205065727233887,-5.5150580406188965,-8.033588409423828,-7.917904059092204
354,-12.046148300170898,-9.56560230255127,-11.718542098999023,-11.110097567240397
355,-9.1878662109375,-7.554172515869141,-9.428423881530762,-8.723487536112467
356,-8.643437385559082,-9.649628639221191,-9.036932945251465,-9.109999656677246
357,-6.656912326812744,-6.7198686599731445,-5.780887126922607,-6.385889371236165
358,-11.121192932128906,-9.014575004577637,-9.064537048339844,-9.733434995015463
359,-9.354097366333008,-16.048810958862305,-11.766077995300293,-12.389662106831869
360,-10.958476066589355,-11.498343467712402,-10.180541038513184,-10.879120190938314
361,-13.224334716796875,-9.693440437316895,-11.056557655334473,-11.324777603149414
362,-13.07036018371582,-16.58495330810547,-16.423858642578125,-15.359724044799805
363,-13.697416305541992,-10.377679824829102,-11.188281059265137,-11.754459063212076
364,-10.21237850189209,-8.895683288574219,-12.25134563446045,-10.45313580830892
365,-11.380910873413086,-11.3519868850708,-10.120927810668945,-10.951275189717611
366,-11.870128631591797,-10.495393753051758,-10.644221305847168,-11.00324789683024
367,-9.871596336364746,-7.223582744598389,-10.91540241241455,-9.336860497792562
368,-4.84071159362793,-5.986721992492676,-4.912733554840088,-5.246722380320231
369,-8.485748291015625,-7.234456539154053,-11.462151527404785,-9.06078545252482
370,-11.331530570983887,-10.082045555114746,-5.295923709869385,-8.90316661198934
371,-14.532341003417969,-11.417301177978516,-10.460590362548828,-12.136744181315104
372,-8.11674976348877,-7.522439479827881,-11.858749389648438,-9.165979544321695
373,-13.240872383117676,-12.879975318908691,-7.805968761444092,-11.30893882115682
374,-10.26956844329834,-6.55657434463501,-10.496910095214844,-9.10768429438273
375,-12.45390796661377,-13.212862968444824,-12.539762496948242,-12.73551114400228
376,-14.302092552185059,-7.90549373626709,-7.7726054191589355,-9.993397235870361
377,-5.868374824523926,-5.4391679763793945,-9.153985023498535,-6.820509274800618
378,-10.155183792114258,-11.0130033493042,-9.16120433807373,-10.109797159830729
379,-9.971406936645508,-11.525924682617188,-11.176905632019043,-10.891412417093912
380,-8.482340812683105,-10.844484329223633,-10.694587707519531,-10.007137616475424
381,-7.418091773986816,-9.289532661437988,-7.858826637268066,-8.188817024230957
382,-7.933612823486328,-7.062224864959717,-9.12328052520752,-8.039706071217855
383,-10.092392921447754,-11.43575668334961,-11.354852676391602,-10.961000760396322
384,-9.678592681884766,-10.182962417602539,-13.693501472473145,-11.18501885732015
385,-9.020435333251953,-7.3512654304504395,-8.204167366027832,-8.191956043243408
386,-9.528822898864746,-9.012625694274902,-10.984803199768066,-9.842083930969238
387,-13.52130126953125,-12.469096183776855,-11.91533374786377,-12.635243733723959
388,-10.806356430053711,-13.783673286437988,-11.765397071838379,-12.118475596110025
389,-11.191572189331055,-11.228286743164062,-10.338343620300293,-10.919400850931803
390,-10.6439790725708,-10.65697193145752,-14.663888931274414,-11.988279978434244
391,-9.768192291259766,-8.300253868103027,-13.123706817626953,-10.397384325663248
392,-10.753302574157715,-8.870361328125,-9.826075553894043,-9.816579818725586
393,-12.704874992370605,-15.106486320495605,-11.186039924621582,-12.999133745829264
394,-11.140565872192383,-11.416475296020508,-10.2356538772583,-10.930898348490397
395,-11.69230842590332,-7.3538994789123535,-11.806684494018555,-10.284297466278076
396,-9.31979751586914,-7.665183067321777,-9.722891807556152,-8.902624130249023
397,-10.948932647705078,-12.42404842376709,-11.118173599243164,-11.497051556905111
398,-11.632543563842773,-10.191061973571777,-12.004258155822754,-11.275954564412435
399,-10.457106590270996,-7.3785200119018555,-10.806910514831543,-9.547512372334799
400,-12.902655601501465,-11.218548774719238,-10.641575813293457,-11.58759339650472
401,-8.545705795288086,-7.565189361572266,-7.533701419830322,-7.881532192230225
402,-13.625465393066406,-8.911145210266113,-9.408951759338379,-10.648520787556967
403,-11.929749488830566,-12.85055160522461,-13.014622688293457,-12.598307927449545
404,-7.005260944366455,-7.504804611206055,-2.935692310333252,-5.815252621968587
405,-7.427194118499756,-7.337255001068115,-4.233578681945801,-6.332675933837891
406,-7.543209075927734,-8.774797439575195,-4.152007579803467,-6.823338031768799
407,-4.108340263366699,-8.094115257263184,-4.43091344833374,-5.544456322987874
408,-6.168807029724121,-8.725460052490234,-8.187189102172852,-7.693818728129069
409,-9.169617652893066,-8.70186996459961,-8.540973663330078,-8.804153760274252
410,-5.927943706512451,-9.22495174407959,-8.776444435119629,-7.976446628570557
411,-6.264457702636719,-4.721953392028809,-4.462475776672363,-5.14962895711263
412,-9.382479667663574,-9.41466999053955,-4.983993053436279,-7.927047570546468
413,-6.915438175201416,-7.401712894439697,-5.8981032371521,-6.738418102264404
414,-7.702282428741455,-14.000263214111328,-6.36116361618042,-9.354569753011068
415,-7.793402194976807,-9.62044620513916,-7.693487644195557,-8.369112014770508
416,-8.368374824523926,-7.242136478424072,-6.724168300628662,-7.44489320119222
417,-9.131394386291504,-9.792338371276855,-7.3397603034973145,-8.75449768702189
418,-3.3538172245025635,-7.18467378616333,-4.408663272857666,-4.98238476117452
419,-6.983421802520752,-11.46118450164795,-7.258520603179932,-8.567708969116211
420,-4.877525329589844,-10.022260665893555,-6.436922073364258,-7.112236022949219
421,-8.782231330871582,-7.515510559082031,-5.583224296569824,-7.2936553955078125
422,-8.214699745178223,-8.911657333374023,-6.276702404022217,-7.801019827524821
423,-7.101616382598877,-7.953744888305664,-3.8828887939453125,-6.312750021616618
424,-4.22346830368042,-8.240721702575684,-5.4734272956848145,-5.97920576731364
425,-5.329413414001465,-4.339371681213379,-5.848740100860596,-5.1725083986918134
426,-10.16388988494873,-11.03525447845459,-7.164493560791016,-9.454545974731445
427,-5.107947826385498,-6.7368388175964355,-4.463298320770264,-5.4360283215840655
428,-9.577890396118164,-8.472260475158691,-8.035664558410645,-8.695271809895834
429,-10.314552307128906,-10.862776756286621,-5.648134231567383,-8.941821098327637
430,-8.290260314941406,-9.143508911132812,-5.425816535949707,-7.619861920674642
431,-6.192704677581787,-8.695220947265625,-6.333232879638672,-7.073719501495361
432,-9.118217468261719,-11.121074676513672,-6.298135757446289,-8.84580930074056
433,-6.7812275886535645,-5.9079909324646,-6.74611759185791,-6.478445370992024
434,-4.252933502197266,-7.822964668273926,-2.1513819694519043,-4.742426713307698
435,-5.650343894958496,-11.645380973815918,-3.940951108932495,-7.07889199256897
436,-9.857526779174805,-10.708645820617676,-7.941944599151611,-9.502705732981363
437,-9.323866844177246,-8.378262519836426,-5.623510360717773,-7.775213241577148
438,-6.1370086669921875,-8.190361976623535,-6.113327503204346,-6.8135660489400225
439,-13.088608741760254,-9.904498100280762,-8.857335090637207,-10.616813977559408
440,-7.460864543914795,-12.42790412902832,-11.1376314163208,-10.342133363087973
441,-11.003641128540039,-11.811145782470703,-10.909963607788086,-11.241583506266275
442,-5.105288982391357,-7.070749282836914,-6.4426164627075195,-6.206218242645264
443,-6.495161533355713,-9.933990478515625,-6.8984694480896,-7.7758738199869795
444,-7.558846473693848,-9.540870666503906,-7.147508144378662,-8.082408428192139
445,-8.59799575805664,-8.009536743164062,-8.773703575134277,-8.46041202545166
446,-10.479323387145996,-9.536803245544434,-8.400888442993164,-9.472338358561197
447,-5.888972759246826,-8.60271167755127,-4.814759731292725,-6.4354813893636065
448,-6.2820940017700195,-6.949544906616211,-4.64274787902832,-5.958128929138184
449,-6.214325904846191,-6.746514797210693,-4.069862365722656,-5.676901022593181
450,-7.351841926574707,-12.123313903808594,-6.429996013641357,-8.635050614674887
451,-2.9831137657165527,-8.212907791137695,-4.245944976806641,-5.147322177886963
452,-4.5343017578125,-7.770900726318359,-6.029271602630615,-6.111491362253825
453,-7.837597370147705,-6.392394065856934,-4.195833206176758,-6.141941547393799
454,-7.240859508514404,-9.14024543762207,-5.2086405754089355,-7.196581840515137
455,-4.222988128662109,-6.548834800720215,-7.936260223388672,-6.236027717590332
456,-9.38121223449707,-9.75550651550293,-7.015810489654541,-8.717509746551514
457,-8.542328834533691,-11.999288558959961,-8.915157318115234,-9.818924903869629
458,-5.364386081695557,-8.015376091003418,-9.528042793273926,-7.635934988657634
459,-5.0833001136779785,-9.267410278320312,-7.871880531311035,-7.407530307769775
460,-14.1345853805542,-14.715570449829102,-8.843801498413086,-12.564652442932129
461,-7.83196496963501,-11.061984062194824,-5.694725036621094,-8.196224689483643
462,-8.958251953125,-7.438738822937012,-4.111845970153809,-6.836278915405273
463,-7.109915733337402,-9.640138626098633,-4.025180339813232,-6.925078233083089
464,-6.762042045593262,-11.633723258972168,-5.68849515914917,-8.0280868212382
465,-12.622380256652832,-13.659566879272461,-13.536225318908691,-13.272724151611328
466,-15.667854309082031,-15.983298301696777,-12.9865083694458,-14.879220326741537
467,-10.780431747436523,-9.213298797607422,-11.20679759979248,-10.400176048278809
468,-7.700954437255859,-12.349727630615234,-6.979743957519531,-9.010142008463541
469,-6.53578519821167,-10.703022003173828,-8.95610237121582,-8.73163652420044
470,-6.336617469787598,-8.419824600219727,-3.8093554973602295,-6.188599189122518
471,-7.031567573547363,-10.451090812683105,-6.2852935791015625,-7.922650655110677
472,-15.047835350036621,-10.33487606048584,-10.922613143920898,-12.10177485148112
473,-10.047159194946289,-13.283767700195312,-11.500801086425781,-11.610575993855795
474,-10.120006561279297,-9.905524253845215,-10.786325454711914,-10.270618756612143
475,-4.497746467590332,-9.014605522155762,-4.656223297119141,-6.056191762288411
476,-7.521371364593506,-8.37446117401123,-6.155099391937256,-7.350310643513997
477,-8.888333320617676,-7.916632652282715,-5.798609733581543,-7.534525235493978
478,-14.805509567260742,-12.813509941101074,-12.233261108398438,-13.284093538920084
479,-11.215475082397461,-12.908623695373535,-9.105817794799805,-11.0766388575236
480,-6.907594203948975,-9.510893821716309,-6.880880832672119,-7.766456286112468
481,-9.01669979095459,-8.577620506286621,-8.67430305480957,-8.756207784016928
482,-10.128552436828613,-10.793598175048828,-6.849958419799805,-9.257369677225748
483,-5.651825428009033,-6.279790878295898,-4.066872596740723,-5.332829634348552
484,-5.592469215393066,-8.484764099121094,-7.061801910400391,-7.046345074971517
485,-7.137579917907715,-8.01988410949707,-7.4008708000183105,-7.519444942474365
486,-6.087804794311523,-9.771371841430664,-4.509195804595947,-6.789457480112712
487,-11.88393497467041,-16.599336624145508,-9.420583724975586,-12.634618441263834
488,-7.136244773864746,-6.502504348754883,-5.056311130523682,-6.2316867510477705
489,-9.651958465576172,-14.48157787322998,-10.143190383911133,-11.425575574239096
490,-5.83481502532959,-8.688981056213379,-6.727293491363525,-7.083696524302165
491,-5.712643146514893,-8.955901145935059,-4.359825134277344,-6.342789808909099
492,-12.84675407409668,-12.327727317810059,-9.24523639678955,-11.473239262898764
493,-11.18801498413086,-10.959480285644531,-9.654199600219727,-10.600564956665039
494,-6.213506698608398,-8.59134578704834,-4.0650153160095215,-6.289955933888753
495,-9.219635009765625,-7.679633617401123,-7.001407623291016,-7.966892083485921
496,-5.727319717407227,-10.685510635375977,-10.321288108825684,-8.911372820536295
497,-14.480047225952148,-13.385188102722168,-11.71146297454834,-13.192232767740885
498,-6.720309257507324,-6.689559459686279,-4.052849292755127,-5.820906003316243
499,-10.102027893066406,-10.260011672973633,-5.803597927093506,-8.721879164377848
500,-6.5276899337768555,-7.454254627227783,-4.060396194458008,-6.014113585154216
501,-11.968527793884277,-8.607240676879883,-7.705996513366699,-9.427254994710287
502,-7.469460487365723,-9.240354537963867,-4.909765720367432,-7.206526915232341
503,-9.313455581665039,-12.873148918151855,-12.783740043640137,-11.656781514485678
504,-10.709439277648926,-11.676995277404785,-7.784549713134766,-10.056994756062826
505,-8.494335174560547,-7.702988624572754,-5.612715244293213,-7.270013014475505
506,-8.27489948272705,-10.24321460723877,-9.874293327331543,-9.464135805765787
507,-7.263978958129883,-11.174352645874023,-9.179195404052734,-9.20584233601888
508,-8.865715980529785,-10.070647239685059,-6.923976421356201,-8.620113213857016
509,-7.0253520011901855,-7.560827255249023,-3.2009739875793457,-5.9290510813395185
510,-5.835048198699951,-10.561516761779785,-8.956292152404785,-8.450952370961508
511,-6.205231189727783,-12.541377067565918,-8.15435791015625,-8.966988722483316
512,-7.505455493927002,-8.467927932739258,-5.644713401794434,-7.2060322761535645
513,-6.899783134460449,-9.018366813659668,-5.7244696617126465,-7.214206536610921
514,-5.222130298614502,-8.50019359588623,-6.542328834533691,-6.754884243011475
515,-6.889029026031494,-9.412264823913574,-4.927331924438477,-7.076208591461182
516,-7.722917556762695,-11.594675064086914,-10.438669204711914,-9.918753941853842
517,-7.627683639526367,-8.84890365600586,-9.216304779052734,-8.564297358194986
518,-7.855517387390137,-9.538069725036621,-3.386535882949829,-6.926707665125529
519,-6.608303070068359,-9.668722152709961,-6.095439910888672,-7.457488377888997
520,-4.042630195617676,-7.015138149261475,-7.914549350738525,-6.324105898539226
521,-6.238405704498291,-11.909269332885742,-6.099475860595703,-8.082383632659912
522,-6.547903537750244,-5.33786678314209,-3.8161823749542236,-5.2339842319488525
523,-5.89546537399292,-10.72407341003418,-6.472378253936768,-7.697305679321289
524,-4.9704437255859375,-9.873237609863281,-8.00658893585205,-7.616756757100423
525,-4.38865327835083,-5.515775203704834,-4.8419599533081055,-4.915462811787923
526,-6.847333908081055,-9.185720443725586,-7.852406978607178,-7.9618204434712725
527,-6.416708946228027,-6.647319793701172,-6.74210262298584,-6.602043787638347
528,-5.174302101135254,-6.175074100494385,-4.025820255279541,-5.1250654856363935
529,-7.2455339431762695,-8.776348114013672,-5.530499458312988,-7.18412717183431
530,-6.665349006652832,-9.590093612670898,-4.948653697967529,-7.068032105763753
531,-7.912045955657959,-12.755682945251465,-8.564385414123535,-9.744038105010986
532,-6.827159404754639,-8.84732723236084,-5.810099124908447,-7.161528587341309
533,-4.774490833282471,-6.081298351287842,-7.006307601928711,-5.954032262166341
534,-7.636250019073486,-8.01551628112793,-7.439637184143066,-7.697134494781494
535,-4.628528118133545,-8.735367774963379,-5.813387870788574,-6.392427921295166
536,-8.036213874816895,-6.702910423278809,-5.132785797119141,-6.623970031738281
537,-5.770257949829102,-8.08431339263916,-5.147216320037842,-6.333929220835368
538,-3.4410195350646973,-8.3725004196167,-6.324024200439453,-6.04584805170695
539,-5.790982246398926,-10.800969123840332,-5.504940509796143,-7.365630626678467
540,-6.419963836669922,-5.94429874420166,-4.694180011749268,-5.686147530873616
541,-6.138006210327148,-8.672623634338379,-6.478175640106201,-7.096268494923909
542,-7.224301815032959,-10.141728401184082,-4.553378582000732,-7.306469599405925
543,-7.488293647766113,-9.485939025878906,-8.103631019592285,-8.359287897745768
544,-5.625140190124512,-7.9570159912109375,-8.405011177062988,-7.3290557861328125
545,-7.650882244110107,-9.390213012695312,-5.103823184967041,-7.38163948059082
546,-6.7541680335998535,-9.337602615356445,-4.278440952301025,-6.790070533752441
547,-3.0804975032806396,-7.150113105773926,-4.547418117523193,-4.92600957552592
548,-2.882467269897461,-10.686209678649902,-2.896968364715576,-5.4885484377543134
549,-3.4368369579315186,-6.0104756355285645,-5.5127153396606445,-4.986675977706909
550,-4.236020565032959,-6.387147426605225,-4.782399654388428,-5.135189215342204
551,-2.9385390281677246,-5.469958305358887,-1.2433018684387207,-3.217266400655111
552,-7.915190696716309,-11.525175094604492,-5.081561088562012,-8.173975626627604
553,-5.300251007080078,-7.324616432189941,-3.82808780670166,-5.4843184153238935
554,-7.640480041503906,-9.048218727111816,-9.077868461608887,-8.588855743408203
555,-6.785221099853516,-8.440187454223633,-4.474767208099365,-6.566725254058838
556,-5.989874362945557,-7.693212985992432,-7.626806259155273,-7.103297869364421
557,-6.251615524291992,-8.91334056854248,-7.526010513305664,-7.563655535380046
558,-10.988166809082031,-7.2610182762146,-9.622823715209961,-9.290669600168863
559,-9.75986385345459,-12.089768409729004,-8.076081275939941,-9.975237846374512
560,-6.986866474151611,-7.872402191162109,-4.857318878173828,-6.572195847829183
561,-5.867943286895752,-7.819684982299805,-7.211779594421387,-6.9664692878723145
562,-10.776312828063965,-10.072275161743164,-8.202447891235352,-9.68367862701416
563,-5.752404689788818,-8.429557800292969,-5.256253719329834,-6.479405403137207
564,-6.833094120025635,-8.118461608886719,-8.726950645446777,-7.89283545811971
565,-8.677560806274414,-7.7346343994140625,-9.320385932922363,-8.577527046203613
566,-12.886731147766113,-10.75583553314209,-9.072874069213867,-10.905146916707357
567,-8.681025505065918,-10.224302291870117,-7.817717552185059,-8.907681783040365
568,-5.548486709594727,-11.364339828491211,-3.1548285484313965,-6.689218362172444
569,-5.496840000152588,-7.5339674949646,-6.560471534729004,-6.5304263432820635
570,-9.265729904174805,-11.429423332214355,-4.831282138824463,-8.508811791737875
571,-3.3416478633880615,-7.50820779800415,-5.278184413909912,-5.376013358434041
572,-7.811230659484863,-7.997993469238281,-6.100302696228027,-7.303175608317058
573,-8.47470474243164,-7.097652435302734,-5.564596176147461,-7.045651117960612
574,-10.707212448120117,-12.802474975585938,-7.748951435089111,-10.419546286265055
575,-11.43807601928711,-11.709199905395508,-7.047823429107666,-10.065033117930094
576,-10.91389274597168,-10.410107612609863,-8.836054801940918,-10.053351720174154
577,-6.913820743560791,-11.81435775756836,-5.533223628997803,-8.08713404337565
578,-10.618929862976074,-10.227190971374512,-4.935187339782715,-8.593769391377768
579,-13.252481460571289,-14.513724327087402,-12.607097625732422,-13.457767804463705
580,-9.189510345458984,-10.829829216003418,-5.167013645172119,-8.395451068878174
581,-12.40836238861084,-13.323431015014648,-13.098970413208008,-12.943587938944498
582,-8.412445068359375,-10.83538818359375,-6.560598850250244,-8.602810700734457
583,-3.297171115875244,-8.072104454040527,-1.698081374168396,-4.355785648028056
584,-8.676119804382324,-15.632018089294434,-9.689805030822754,-11.332647641499838
585,-9.5571928024292,-15.07879638671875,-7.310344696044922,-10.648777961730957
586,-14.774175643920898,-11.629049301147461,-10.023149490356445,-12.142124811808268
587,-4.885829448699951,-8.394681930541992,-4.379855155944824,-5.886788845062256
588,-5.610996723175049,-9.582443237304688,-6.325948238372803,-7.173129399617513
589,-12.246955871582031,-13.607162475585938,-11.402694702148438,-12.418937683105469
590,-6.664754390716553,-8.494364738464355,-5.494433879852295,-6.884517669677734
591,-8.874322891235352,-9.605541229248047,-7.164133071899414,-8.547999064127604
592,-8.107032775878906,-9.960539817810059,-4.977601051330566,-7.681724548339844
593,-6.403563499450684,-10.401029586791992,-7.07268762588501,-7.9590935707092285
594,-7.376087188720703,-8.643051147460938,-4.443483829498291,-6.820874055226644
595,-8.011967658996582,-10.196528434753418,-6.696234226226807,-8.301576773325602
596,-13.00997543334961,-12.491964340209961,-10.85737133026123,-12.119770367940268
597,-9.653909683227539,-9.757161140441895,-6.679636478424072,-8.696902434031168
598,-12.600510597229004,-17.596933364868164,-14.56275463104248,-14.920066197713217
599,-9.343749046325684,-12.368132591247559,-9.547348976135254,-10.419743537902832
600,-6.505232810974121,-11.295995712280273,-7.496245384216309,-8.432491302490234
601,-5.0516862869262695,-7.055978298187256,-4.211761951446533,-5.4398088455200195
602,-5.734425067901611,-9.109053611755371,-6.554162979125977,-7.132547219594319
603,-10.198461532592773,-9.009127616882324,-7.32107400894165,-8.84288771947225
604,-6.111727714538574,-10.861861228942871,-4.440435409545898,-7.138008117675781
605,-13.325118064880371,-9.598143577575684,-10.015522956848145,-10.979594866434732
606,-13.47664737701416,-14.973072052001953,-10.566232681274414,-13.005317370096842
607,-7.543045997619629,-11.276201248168945,-5.994344711303711,-8.271197319030762
608,-5.375082015991211,-9.246463775634766,-4.523869037628174,-6.381804943084717
609,-4.438930511474609,-8.024304389953613,-4.283985137939453,-5.582406679789226
610,-9.428444862365723,-7.608374118804932,-3.9309051036834717,-6.989241361618042
611,-5.452611446380615,-6.98809289932251,-4.437911510467529,-5.626205285390218
612,-6.036535263061523,-6.517210483551025,-3.458462953567505,-5.337402900060018
613,-6.936862468719482,-9.00019645690918,-4.306096076965332,-6.747718334197998
614,-6.573350429534912,-9.271327018737793,-7.221953392028809,-7.688876946767171
615,-7.035030841827393,-11.261341094970703,-3.5890772342681885,-7.295149723688762
616,-6.568073749542236,-6.9446516036987305,-6.345098495483398,-6.619274616241455
617,-7.392391204833984,-8.907485008239746,-5.622701168060303,-7.307525793711345
618,-8.160639762878418,-8.766064643859863,-5.3025970458984375,-7.409767150878906
619,-6.518823623657227,-13.580519676208496,-8.444642066955566,-9.51466178894043
620,-6.880837917327881,-12.67220401763916,-7.843634605407715,-9.132225513458252
621,-4.839339733123779,-7.532181262969971,-4.704036235809326,-5.691852410634358
622,-8.347128868103027,-12.12197494506836,-6.652772426605225,-9.040625413258871
623,-7.296566486358643,-10.120707511901855,-3.8918075561523438,-7.10302718480428
624,-10.268142700195312,-12.76555061340332,-8.03792953491211,-10.357207616170248
625,-7.470510959625244,-7.941800117492676,-4.784142971038818,-6.732151349385579
626,-8.058846473693848,-7.052303314208984,-7.88124418258667,-7.664131323496501
627,-6.876406192779541,-7.7225847244262695,-5.551827430725098,-6.716939449310303
628,-6.620574951171875,-8.535321235656738,-7.791780471801758,-7.64922555287679
629,-6.927611827850342,-10.233646392822266,-4.8900275230407715,-7.350428581237793
630,-9.138111114501953,-7.0572638511657715,-6.377264499664307,-7.524213155110677
631,-6.605294704437256,-10.942048072814941,-4.65010404586792,-7.399148941040039
632,-10.50329875946045,-11.275750160217285,-9.002998352050781,-10.260682423909506
633,-7.898560047149658,-7.894801616668701,-6.285382270812988,-7.359581311543782
634,-5.57490348815918,-11.094902992248535,-10.474526405334473,-9.048110961914062
635,-6.187506198883057,-8.783991813659668,-4.855881214141846,-6.6091264088948565
636,-8.019903182983398,-14.214993476867676,-10.843396186828613,-11.026097615559896
637,-4.858687877655029,-8.168428421020508,-7.014951229095459,-6.680689175923665
638,-5.093118667602539,-10.554697036743164,-6.711073398590088,-7.452963034311931
639,-8.605974197387695,-9.160953521728516,-7.7468390464782715,-8.504588921864828
640,-7.59794807434082,-11.006185531616211,-6.639064311981201,-8.41439930597941
641,-7.229100227355957,-10.17634105682373,-3.596308946609497,-7.0005834102630615
642,-7.280886173248291,-6.7707200050354,-6.382401466369629,-6.8113358815511065
643,-9.038497924804688,-9.309309005737305,-8.518674850463867,-8.955493927001953
644,-7.532901287078857,-8.766380310058594,-7.434169292449951,-7.911150296529134
645,-6.911235332489014,-8.656932830810547,-5.971767902374268,-7.179978688557942
646,-9.207756042480469,-8.51293659210205,-5.383116245269775,-7.701269626617432
647,-10.758447647094727,-10.704474449157715,-5.368896961212158,-8.943939685821533
648,-8.045475959777832,-10.699625968933105,-6.800896644592285,-8.51533285776774
649,-7.068649768829346,-8.431861877441406,-3.4439775943756104,-6.314829746882121
650,-6.819708824157715,-10.802248001098633,-4.5216383934021,-7.381198406219482
651,-8.350532531738281,-11.67303466796875,-5.579507827758789,-8.534358342488607
652,-6.020758152008057,-10.57092571258545,-5.505037307739258,-7.365573724110921
653,-5.2822771072387695,-9.940505027770996,-6.064241886138916,-7.0956746737162275
654,-5.300915718078613,-8.502713203430176,-5.464380741119385,-6.422669887542725
655,-7.895410537719727,-10.657320022583008,-7.809419631958008,-8.787383397420248
656,-8.073644638061523,-11.245953559875488,-5.4233012199401855,-8.247633139292398
657,-3.6479549407958984,-9.393954277038574,-5.202700138092041,-6.081536451975505
658,-7.254327774047852,-8.66768741607666,-5.777167320251465,-7.233060836791992
659,-9.073444366455078,-7.571346282958984,-6.26138973236084,-7.635393460591634
660,-3.2479147911071777,-5.891374588012695,-5.060922145843506,-4.73340384165446
661,-12.902623176574707,-14.689127922058105,-13.543623924255371,-13.71179167429606
662,-6.349826335906982,-12.212566375732422,-6.201981544494629,-8.254791418711344
663,-7.206240177154541,-6.1572723388671875,-6.046854019165039,-6.470122178395589
664,-6.312870502471924,-11.960664749145508,-5.900822162628174,-8.058119138081869
665,-6.367196559906006,-12.132999420166016,-4.980745792388916,-7.8269805908203125
666,-9.665532112121582,-10.414576530456543,-4.796475410461426,-8.292194684346518
667,-5.789346218109131,-10.360381126403809,-7.382905960083008,-7.844211101531982
668,-9.401589393615723,-12.073386192321777,-10.214238166809082,-10.563071250915527
669,-7.850125789642334,-9.701666831970215,-5.966271877288818,-7.839354832967122
670,-8.367684364318848,-10.27720832824707,-5.239980220794678,-7.961624304453532
671,-8.588685035705566,-10.053520202636719,-8.726327896118164,-9.122844378153482
672,-10.869980812072754,-12.975696563720703,-10.065193176269531,-11.30362351735433
673,-7.030825614929199,-13.049888610839844,-4.802309989929199,-8.294341405232748
674,-10.22561264038086,-8.220556259155273,-7.829501152038574,-8.758556683858236
675,-6.1418962478637695,-11.631118774414062,-3.886751413345337,-7.219922145207723
676,-7.956766128540039,-10.102248191833496,-7.355174541473389,-8.471396287282309
677,-7.4424967765808105,-8.183112144470215,-5.3630876541137695,-6.996232191721599
678,-5.12594747543335,-7.786797046661377,-4.784107208251953,-5.898950576782227
679,-7.0290985107421875,-9.325324058532715,-9.740667343139648,-8.698363304138184
680,-8.860136032104492,-9.266549110412598,-4.751792907714844,-7.6261593500773115
681,-7.43059778213501,-10.66504955291748,-5.32633638381958,-7.80732790629069
682,-6.686314582824707,-10.146486282348633,-3.485785484313965,-6.7728621164957685
683,-8.030295372009277,-11.3036527633667,-4.945432186126709,-8.093126773834229
684,-7.144423961639404,-6.537896156311035,-5.427552700042725,-6.369957605997722
685,-6.837677478790283,-9.820216178894043,-5.5161566734313965,-7.391350110371907
686,-7.281664848327637,-13.204599380493164,-5.9923624992370605,-8.826208909352621
687,-7.019618511199951,-10.775104522705078,-7.743626594543457,-8.512783209482828
688,-16.245140075683594,-12.884278297424316,-11.280373573303223,-13.469930648803711
689,-4.910137176513672,-8.2432222366333,-4.871192932128906,-6.00818411509196
690,-6.733068466186523,-10.592035293579102,-5.150900363922119,-7.492001374562581
691,-6.782997131347656,-10.285863876342773,-10.631085395812988,-9.233315467834473
692,-11.169768333435059,-9.060052871704102,-6.363728046417236,-8.864516417185465
693,-13.730122566223145,-17.273639678955078,-14.560011863708496,-15.18792470296224
694,-10.696479797363281,-8.834739685058594,-7.349476337432861,-8.960231939951578
695,-8.710811614990234,-10.153796195983887,-7.628350734710693,-8.830986181894938
696,-5.6633501052856445,-8.26898193359375,-4.481607437133789,-6.137979825337728
697,-7.019126892089844,-11.0387601852417,-5.160638809204102,-7.739508628845215
698,-10.534078598022461,-9.559879302978516,-8.711701393127441,-9.601886431376139
699,-7.629038333892822,-12.048430442810059,-6.92820405960083,-8.868557612101236
700,-7.067502498626709,-9.919445991516113,-4.927740097045898,-7.304896195729573
701,-8.192378044128418,-9.98325252532959,-5.592028617858887,-7.922553062438965
702,-7.110630035400391,-11.019553184509277,-6.529971599578857,-8.220051606496176
703,-6.5427117347717285,-9.404475212097168,-6.556913375854492,-7.50136677424113
704,-8.32051944732666,-12.554197311401367,-8.187686920166016,-9.687467892964682
705,-9.132400512695312,-11.265545845031738,-5.058234214782715,-8.485393524169922
706,-7.364647388458252,-6.594076156616211,-5.219533920288086,-6.392752488454183
707,-7.0762810707092285,-8.170791625976562,-6.6396870613098145,-7.295586585998535
708,-8.024524688720703,-9.559273719787598,-8.102025985717773,-8.561941464742025
709,-10.9114408493042,-11.603780746459961,-8.632756233215332,-10.382659276326498
710,-10.594189643859863,-12.136455535888672,-9.262249946594238,-10.664298375447592
711,-11.119074821472168,-13.620155334472656,-13.0865478515625,-12.608592669169107
712,-6.677452087402344,-10.256519317626953,-7.65226411819458,-8.195411841074625
713,-11.04456901550293,-12.009629249572754,-9.71912670135498,-10.924441655476889
714,-6.470009803771973,-8.908777236938477,-4.754144668579102,-6.710977236429851
715,-13.253389358520508,-11.59424114227295,-8.634550094604492,-11.16072686513265
716,-14.649042129516602,-12.895003318786621,-13.513771057128906,-13.685938835144043
717,-11.312252044677734,-10.85909366607666,-11.22525691986084,-11.132200876871744
718,-9.341182708740234,-11.814031600952148,-10.178297996520996,-10.444504102071127
719,-10.597387313842773,-14.065967559814453,-5.622200012207031,-10.095184961954752
720,-10.357542991638184,-13.055742263793945,-9.484126091003418,-10.965803782145182
721,-11.968595504760742,-10.36316204071045,-10.183248519897461,-10.838335355122885
722,-5.543562412261963,-5.822051048278809,-4.326907634735107,-5.23084036509196
723,-12.274491310119629,-11.713134765625,-9.651754379272461,-11.21312681833903
724,-9.820963859558105,-12.407561302185059,-6.986687660217285,-9.738404273986816
725,-9.717105865478516,-11.00368881225586,-10.467293739318848,-10.396029472351074
726,-10.061620712280273,-9.419443130493164,-10.558808326721191,-10.013290723164877
727,-10.149518013000488,-9.611513137817383,-6.994974613189697,-8.918668588002523
728,-11.730966567993164,-12.40886402130127,-9.11797046661377,-11.085933685302734
729,-15.894732475280762,-14.416184425354004,-14.120536804199219,-14.810484568277994
730,-10.494880676269531,-9.977100372314453,-9.18896484375,-9.886981964111328
731,-13.814414978027344,-10.198003768920898,-13.792399406433105,-12.601606051127115
732,-9.17055606842041,-6.940896987915039,-8.105224609375,-8.07222588857015
733,-12.177688598632812,-15.89257526397705,-11.05953311920166,-13.043265660603842
734,-10.646332740783691,-12.043338775634766,-11.383929252624512,-11.357866923014322
735,-12.27293872833252,-6.687133312225342,-4.738471031188965,-7.899514357248942
736,-8.335855484008789,-11.260831832885742,-7.129530906677246,-8.90873940785726
737,-10.627056121826172,-10.242668151855469,-11.58163070678711,-10.817118326822916
738,-8.189262390136719,-13.82586669921875,-9.351876258850098,-10.455668449401855
739,-9.404203414916992,-10.941665649414062,-8.659377098083496,-9.668415387471518
740,-9.999602317810059,-10.508711814880371,-10.245798110961914,-10.251370747884115
741,-9.539613723754883,-12.702165603637695,-7.735145568847656,-9.992308298746744
742,-13.10181713104248,-15.948777198791504,-15.591798782348633,-14.880797704060873
743,-5.094043731689453,-7.62075662612915,-5.527784824371338,-6.080861727396647
744,-9.721624374389648,-7.901819705963135,-8.338512420654297,-8.653985500335693
745,-8.276864051818848,-7.640323162078857,-6.993235111236572,-7.636807441711426
746,-8.645859718322754,-10.726234436035156,-8.01997184753418,-9.130688667297363
747,-8.23826789855957,-10.928030014038086,-7.444239139556885,-8.870179017384848
748,-6.130852222442627,-9.034592628479004,-6.9595208168029785,-7.374988555908203
749,-6.108046531677246,-13.31602668762207,-13.487680435180664,-10.970584551493326
750,-10.272642135620117,-15.068653106689453,-9.24966049194336,-11.53031857808431
751,-10.992331504821777,-16.650455474853516,-11.449983596801758,-13.03092352549235
752,-12.744397163391113,-10.376413345336914,-10.656875610351562,-11.259228706359863
753,-11.216440200805664,-14.015363693237305,-12.469740867614746,-12.567181587219238
754,-9.011155128479004,-9.880928039550781,-8.955414772033691,-9.282499313354492
755,-10.034551620483398,-12.05905818939209,-9.475994110107422,-10.52320130666097
756,-10.435274124145508,-9.211606979370117,-11.164713859558105,-10.27053165435791
757,-10.070956230163574,-13.880749702453613,-11.931373596191406,-11.961026509602865
758,-8.471944808959961,-13.21245002746582,-8.639399528503418,-10.1079314549764
759,-12.698441505432129,-12.2339506149292,-12.742775917053223,-12.55838934580485
760,-11.925366401672363,-12.100289344787598,-9.929102897644043,-11.318252881368002
761,-6.467012882232666,-6.270493507385254,-11.28900146484375,-8.008835951487223
762,-6.443065166473389,-10.377896308898926,-9.152280807495117,-8.657747427622477
763,-12.452202796936035,-9.48878002166748,-10.606104850769043,-10.849029223124186
764,-11.53058910369873,-11.273058891296387,-11.45041561126709,-11.418021202087402
765,-6.876719951629639,-9.736946105957031,-7.6307806968688965,-8.08148225148519
766,-8.593931198120117,-11.462034225463867,-9.199737548828125,-9.751900990804037
767,-6.501080513000488,-8.819232940673828,-9.169685363769531,-8.16333293914795
768,-11.424458503723145,-11.260833740234375,-9.227290153503418,-10.637527465820312
769,-7.111220836639404,-9.892343521118164,-8.093608856201172,-8.365724404652914
770,-6.24376106262207,-7.500184059143066,-5.6606292724609375,-6.468191464742024
771,-9.103171348571777,-10.51368522644043,-9.175002098083496,-9.597286224365234
772,-9.955696105957031,-8.252239227294922,-8.510591506958008,-8.90617561340332
773,-11.091920852661133,-9.181479454040527,-13.020803451538086,-11.098067919413248
774,-7.598655700683594,-8.321670532226562,-8.580875396728516,-8.167067209879557
775,-9.050718307495117,-10.439748764038086,-4.975363254547119,-8.155276775360107
776,-9.456342697143555,-7.4918036460876465,-7.955516338348389,-8.301220893859863
777,-4.172056198120117,-7.502906322479248,-5.009417533874512,-5.561460018157959
778,-11.778848648071289,-12.174774169921875,-9.893046379089355,-11.282223065694174
779,-10.294719696044922,-11.891831398010254,-10.650690078735352,-10.945747057596842
780,-8.853808403015137,-11.76043701171875,-8.838150978088379,-9.817465464274088
781,-10.097769737243652,-8.24098014831543,-3.4997525215148926,-7.279500802357991
782,-8.962368965148926,-10.302921295166016,-9.041013717651367,-9.435434659322103
783,-7.945531845092773,-10.908066749572754,-7.345181941986084,-8.732926845550537
784,-4.638752460479736,-6.2330522537231445,-5.787095546722412,-5.552966753641765
785,-9.5604829788208,-10.78787612915039,-9.756654739379883,-10.035004615783691
786,-8.035566329956055,-10.304421424865723,-10.414073944091797,-9.584687232971191
787,-7.530259132385254,-10.109475135803223,-12.596484184265137,-10.078739484151205
788,-9.96965217590332,-12.97080135345459,-12.454301834106445,-11.798251787821451
789,-7.883699893951416,-11.014551162719727,-11.157511711120605,-10.018587589263916
790,-9.141145706176758,-7.829648971557617,-4.89752197265625,-7.289438883463542
791,-10.535048484802246,-11.29018783569336,-9.486124038696289,-10.437120119730631
792,-12.840786933898926,-10.749817848205566,-9.762853622436523,-11.117819468180338
793,-7.957507133483887,-9.122383117675781,-5.621581077575684,-7.56715710957845
794,-13.813239097595215,-15.427199363708496,-11.210672378540039,-13.48370361328125
795,-11.93703556060791,-13.140375137329102,-9.223810195922852,-11.433740297953287
796,-10.320571899414062,-15.117379188537598,-10.415144920349121,-11.951032002766928
797,-8.09324836730957,-5.239170551300049,-8.928287506103516,-7.420235474904378
798,-7.770824432373047,-6.808867454528809,-5.998159408569336,-6.8592837651570635
799,-9.864974021911621,-8.744014739990234,-9.606907844543457,-9.405298868815104
800,-12.318201065063477,-10.296706199645996,-7.5806450843811035,-10.065184116363525
801,-8.644323348999023,-9.137009620666504,-10.685324668884277,-9.488885879516602
802,-10.336175918579102,-6.312545299530029,-9.091466903686523,-8.580062707265219
803,-8.273473739624023,-14.853782653808594,-9.21827220916748,-10.781842867533365
804,-12.938010215759277,-13.261276245117188,-5.3217644691467285,-10.507016976674398
805,-9.252528190612793,-8.929154396057129,-7.947904109954834,-8.709862232208252
806,-7.983156204223633,-8.820123672485352,-9.839530944824219,-8.880936940511068
807,-11.794890403747559,-13.466692924499512,-11.03278636932373,-12.0981232325236
808,-8.309219360351562,-9.396645545959473,-7.4797868728637695,-8.395217259724935
809,-2.612154960632324,-4.6629638671875,-3.12511944770813,-3.4667460918426514
810,-8.187410354614258,-10.464399337768555,-9.666261672973633,-9.439357121785482
811,-11.647954940795898,-11.974767684936523,-10.962543487548828,-11.528422037760416
812,-13.289487838745117,-16.457218170166016,-15.542013168334961,-15.096239725748697
813,-13.086191177368164,-11.149327278137207,-11.144048690795898,-11.79318904876709
814,-13.24647045135498,-11.476706504821777,-10.305378913879395,-11.676185290018717
815,-3.954122543334961,-4.467952251434326,-4.981065273284912,-4.467713356018066
816,-10.126218795776367,-13.704079627990723,-11.403446197509766,-11.744581540425619
817,-10.296365737915039,-9.464715003967285,-10.48305606842041,-10.081378936767578
818,-10.48031997680664,-10.562117576599121,-7.536149978637695,-9.526195844014486
819,-14.066956520080566,-16.032514572143555,-11.775581359863281,-13.958350817362467
820,-4.084146499633789,-10.85227108001709,-8.146839141845703,-7.694418907165527
821,-5.932083606719971,-10.30605697631836,-5.993227958679199,-7.41045618057251
822,-9.041817665100098,-12.75353717803955,-11.416964530944824,-11.070773124694824
823,-8.161090850830078,-13.454391479492188,-7.313558101654053,-9.64301347732544
824,-4.150404453277588,-8.555939674377441,-7.0407586097717285,-6.582367579142253
825,-12.831467628479004,-12.474350929260254,-10.111517906188965,-11.805778821309408
826,-12.945886611938477,-13.727392196655273,-7.404967308044434,-11.359415372212728
827,-10.213643074035645,-11.552018165588379,-9.523838996887207,-10.42983341217041
828,-11.62426471710205,-13.938467979431152,-13.28993034362793,-12.950887680053711
829,-9.105324745178223,-9.68123722076416,-9.882588386535645,-9.55638345082601
830,-15.210687637329102,-11.124761581420898,-10.861529350280762,-12.398992856343588
831,-12.36197280883789,-12.883691787719727,-12.108256340026855,-12.45130697886149
832,-14.838555335998535,-12.595377922058105,-9.278510093688965,-12.237481117248535
833,-9.939591407775879,-12.678003311157227,-10.511016845703125,-11.04287052154541
834,-15.564361572265625,-12.533541679382324,-11.667710304260254,-13.255204518636068
835,-13.403180122375488,-10.81785774230957,-10.087202072143555,-11.436079978942871
836,-6.911955833435059,-7.072469711303711,-5.94404411315918,-6.642823219299316
837,-9.026199340820312,-14.815872192382812,-7.746123313903809,-10.529398282368978
838,-8.28468132019043,-10.749150276184082,-5.773994445800781,-8.269275347391764
839,-8.12867259979248,-9.613935470581055,-10.002739906311035,-9.248449325561523
840,-13.156765937805176,-14.923983573913574,-11.018924713134766,-13.033224741617838
841,-9.579269409179688,-12.93952751159668,-11.086139678955078,-11.201645533243815
842,-10.70704174041748,-7.9753618240356445,-12.187320709228516,-10.289908091227213
843,-7.149967670440674,-8.75458812713623,-8.116138458251953,-8.006898085276285
844,-9.416089057922363,-8.619866371154785,-11.890767097473145,-9.975574175516764
845,-10.796290397644043,-12.283699989318848,-13.1820650100708,-12.08735179901123
846,-10.255875587463379,-8.59070110321045,-7.307754039764404,-8.71811024347941
847,-14.021501541137695,-12.602428436279297,-10.94866943359375,-12.524199803670248
848,-12.446542739868164,-14.332173347473145,-11.53735065460205,-12.772022247314453
849,-11.760910034179688,-11.967324256896973,-6.653524398803711,-10.127252896626791
850,-5.968549728393555,-11.851862907409668,-9.375276565551758,-9.065229733784994
851,-11.287064552307129,-10.175859451293945,-9.488289833068848,-10.317071278889975
852,-11.039250373840332,-15.239885330200195,-10.473819732666016,-12.250985145568848
853,-10.156195640563965,-12.53577709197998,-9.843568801879883,-10.84518051147461
854,-14.151772499084473,-13.833649635314941,-11.763895988464355,-13.249772707621256
855,-6.52801513671875,-13.940985679626465,-7.149804592132568,-9.206268469492594
856,-11.0682373046875,-10.831720352172852,-9.011953353881836,-10.303970336914062
857,-13.081543922424316,-10.283098220825195,-14.31271743774414,-12.559119860331217
858,-10.514630317687988,-11.30532455444336,-5.601090431213379,-9.140348434448242
859,-11.103532791137695,-11.777588844299316,-11.69076919555664,-11.523963610331217
860,-10.248209953308105,-7.495053768157959,-10.647429466247559,-9.463564395904541
861,-9.782792091369629,-12.91742992401123,-9.571598052978516,-10.757273356119791
862,-12.908438682556152,-12.901076316833496,-7.335646629333496,-11.048387209574381
863,-9.348444938659668,-12.427413940429688,-9.59488296508789,-10.456913948059082
864,-6.779971599578857,-9.100384712219238,-8.426225662231445,-8.10219399134318
865,-11.111676216125488,-11.645081520080566,-10.859604835510254,-11.205454190572103
866,-5.02182674407959,-7.460996627807617,-2.7192158699035645,-5.067346413930257
867,-12.8102445602417,-13.331310272216797,-11.005258560180664,-12.38227113087972
868,-8.061362266540527,-8.796269416809082,-8.105587005615234,-8.321072896321615
869,-9.764543533325195,-9.8392333984375,-9.012641906738281,-9.538806279500326
870,-11.74101734161377,-9.786587715148926,-10.460834503173828,-10.662813186645508
871,-13.709810256958008,-15.215707778930664,-10.612722396850586,-13.179413477579752
872,-7.218931674957275,-12.19618034362793,-6.5930328369140625,-8.669381618499756
873,-7.556015491485596,-12.53572940826416,-11.529233932495117,-10.540326277414957
874,-7.6203999519348145,-7.842469215393066,-6.74799108505249,-7.40362008412679
875,-12.683379173278809,-11.386223793029785,-5.234917163848877,-9.768173376719156
876,-10.993579864501953,-8.462230682373047,-9.972323417663574,-9.809377988179525
877,-12.497901916503906,-16.81961441040039,-12.229813575744629,-13.849109967549643
878,-13.430166244506836,-12.452672004699707,-8.404001235961914,-11.428946495056152
879,-10.347213745117188,-11.334612846374512,-11.542817115783691,-11.074881235758463
880,-11.414838790893555,-11.701338768005371,-12.642147064208984,-11.91944154103597
881,-10.19841480255127,-12.550993919372559,-9.893948554992676,-10.881119092305502
882,-11.581893920898438,-13.404969215393066,-11.396439552307129,-12.127767562866211
883,-11.184497833251953,-11.014300346374512,-8.847479820251465,-10.348759333292643
884,-8.416470527648926,-9.342589378356934,-8.33922290802002,-8.699427604675293
885,-11.350296020507812,-12.16246223449707,-7.9957122802734375,-10.50282351175944
886,-8.42159366607666,-9.562202453613281,-7.3541717529296875,-8.445989290873209
887,-9.141718864440918,-10.4962739944458,-3.7703726291656494,-7.802788496017456
888,-6.805265426635742,-10.465227127075195,-7.807106018066406,-8.359199523925781
889,-11.707444190979004,-11.050655364990234,-8.036459922790527,-10.264853159586588
890,-7.99446439743042,-14.35365104675293,-12.107061386108398,-11.485058943430582
891,-8.887992858886719,-10.24721622467041,-11.674355506896973,-10.269854863484701
892,-14.604674339294434,-12.94145679473877,-11.749874114990234,-13.098668416341146
893,-9.930205345153809,-9.92807674407959,-8.047822952270508,-9.302035013834635
894,-9.491884231567383,-9.607488632202148,-9.021903991699219,-9.373758951822916
895,-7.557697772979736,-8.29351806640625,-8.81750774383545,-8.222907861073812
896,-13.49509048461914,-10.739598274230957,-10.744267463684082,-11.65965207417806
897,-8.264647483825684,-8.758376121520996,-7.354040622711182,-8.125688076019287
898,-10.068256378173828,-12.492865562438965,-12.549247741699219,-11.70345656077067
899,-8.249704360961914,-8.292853355407715,-8.316414833068848,-8.286324183146158
900,-12.133420944213867,-8.684623718261719,-9.524751663208008,-10.114265441894531
901,-9.227633476257324,-10.69738483428955,-7.874229431152344,-9.26641591389974
902,-8.377873420715332,-11.10509967803955,-8.225560188293457,-9.236177762349447
903,-14.197545051574707,-12.6951322555542,-7.192317485809326,-11.36166493097941
904,-8.787307739257812,-9.90622615814209,-6.353843688964844,-8.349125862121582
905,-11.854804992675781,-9.76807689666748,-9.045246124267578,-10.22270933787028
906,-9.856657981872559,-10.914692878723145,-6.869344234466553,-9.213565031687418
907,-11.7667236328125,-14.66684341430664,-7.1712646484375,-11.201610565185547
908,-8.892967224121094,-11.906831741333008,-9.66568374633789,-10.155160903930664
909,-11.814706802368164,-11.367258071899414,-9.380553245544434,-10.854172706604004
910,-7.343642711639404,-10.815695762634277,-10.062240600585938,-9.407193024953207
911,-14.49925422668457,-14.03385066986084,-13.362706184387207,-13.965270360310873
912,-10.547986030578613,-12.218960762023926,-10.038593292236328,-10.935180028279623
913,-11.514687538146973,-10.754898071289062,-10.014049530029297,-10.761211713155111
914,-12.831718444824219,-12.564042091369629,-15.244458198547363,-13.54673957824707
915,-2.2743618488311768,-2.707749843597412,-2.491241931915283,-2.4911178747812905
916,-7.491244316101074,-11.100945472717285,-8.11966323852539,-8.903951009114584
917,-14.597805976867676,-11.790382385253906,-12.245414733886719,-12.877867698669434
918,-10.782115936279297,-10.664318084716797,-9.608224868774414,-10.351552963256836
919,-7.496728420257568,-10.855594635009766,-6.457896709442139,-8.270073254903158
920,-13.230426788330078,-9.861215591430664,-9.052803993225098,-10.714815457661947
921,-8.461024284362793,-9.06751823425293,-9.322010040283203,-8.950184186299643
922,-12.694009780883789,-13.061999320983887,-10.914932250976562,-12.223647117614746
923,-7.419911861419678,-12.953104019165039,-11.084943771362305,-10.485986550649008
924,-14.380297660827637,-10.244587898254395,-11.257034301757812,-11.960639953613281
925,-12.088144302368164,-12.200428009033203,-10.12265396118164,-11.47040875752767
926,-9.67275333404541,-12.583800315856934,-10.348512649536133,-10.868355433146158
927,-8.896360397338867,-9.210371971130371,-10.601466178894043,-9.56939951578776
928,-9.114343643188477,-10.814868927001953,-11.623303413391113,-10.517505327860514
929,-7.1045732498168945,-7.019847869873047,-10.823506355285645,-8.315975824991861
930,-12.526766777038574,-12.330451965332031,-15.580196380615234,-13.479138374328613
931,-7.434966087341309,-9.907601356506348,-8.26816463470459,-8.536910692850748
932,-8.83784294128418,-12.295153617858887,-9.875417709350586,-10.336138089497885
933,-8.551536560058594,-9.241568565368652,-7.930780410766602,-8.574628512064615
934,-8.993096351623535,-9.447189331054688,-5.683976650238037,-8.041420777638754
935,-6.414556503295898,-8.413047790527344,-4.519698619842529,-6.449100971221924
936,-7.130704879760742,-12.022979736328125,-8.128375053405762,-9.094019889831543
937,-7.168610572814941,-9.262483596801758,-9.211167335510254,-8.547420501708984
938,-10.990314483642578,-11.551986694335938,-8.390116691589355,-10.310805956522623
939,-7.322104454040527,-10.182416915893555,-7.4369330406188965,-8.313818136850992
940,-8.36482048034668,-13.788145065307617,-10.014907836914062,-10.72262446085612
941,-9.694846153259277,-10.760011672973633,-6.043962001800537,-8.832939942677816
942,-11.551640510559082,-15.49622631072998,-10.966042518615723,-12.671303113301596
943,-9.939781188964844,-12.24222183227539,-10.40795612335205,-10.863319714864096
944,-12.749382019042969,-12.235095977783203,-10.476996421813965,-11.820491472880045
945,-9.427688598632812,-11.854362487792969,-7.091884613037109,-9.45797856648763
946,-12.998456001281738,-13.198095321655273,-14.765059471130371,-13.653870264689127
947,-10.426165580749512,-10.31314468383789,-10.878447532653809,-10.539252599080404
948,-12.117138862609863,-12.929604530334473,-11.152064323425293,-12.066269238789877
949,-13.056805610656738,-11.821793556213379,-13.228669166564941,-12.702422777811686
950,-7.0691237449646,-7.74453067779541,-7.238918304443359,-7.350857575734456
951,-9.182506561279297,-12.507387161254883,-10.30132007598877,-10.663737932840982
952,-10.991495132446289,-8.396212577819824,-11.288801193237305,-10.225502967834473
953,-12.689949989318848,-12.818197250366211,-7.999970436096191,-11.16937255859375
954,-9.364372253417969,-9.569486618041992,-8.634126663208008,-9.18932851155599
955,-10.979792594909668,-10.161431312561035,-8.672961235046387,-9.938061714172363
956,-10.945225715637207,-12.455636024475098,-11.222498893737793,-11.541120211283365
957,-12.468195915222168,-12.614368438720703,-9.786975860595703,-11.623180071512857
958,-13.103899955749512,-10.82368278503418,-11.53221321105957,-11.819931983947754
959,-12.899628639221191,-11.948038101196289,-10.369933128356934,-11.739199956258139
960,-8.72571849822998,-11.018196105957031,-9.172574996948242,-9.638829867045084
961,-8.9301118850708,-11.979670524597168,-9.02800464630127,-9.979262351989746
962,-6.064846038818359,-12.169471740722656,-13.064608573913574,-10.43297545115153
963,-8.819051742553711,-11.167562484741211,-10.220555305480957,-10.069056510925293
964,-6.466224670410156,-7.373167037963867,-7.271992206573486,-7.03712797164917
965,-6.071241855621338,-6.933355808258057,-8.432809829711914,-7.1458024978637695
966,-10.518348693847656,-11.949931144714355,-9.047086715698242,-10.505122184753418
967,-12.50777816772461,-14.386959075927734,-10.556998252868652,-12.483911832173666
968,-13.788145065307617,-13.835038185119629,-13.108217239379883,-13.577133496602377
969,-8.096713066101074,-10.439263343811035,-8.700873374938965,-9.078949928283691
970,-12.467568397521973,-11.618361473083496,-10.699366569519043,-11.595098813374838
971,-7.8083696365356445,-8.470337867736816,-8.308501243591309,-8.195736249287924
972,-8.691632270812988,-9.814461708068848,-10.093026161193848,-9.533040046691895
973,-11.305713653564453,-12.239127159118652,-7.26276969909668,-10.269203503926596
974,-7.84940767288208,-13.490650177001953,-9.25467300415039,-10.198243618011475
975,-12.153953552246094,-11.008440971374512,-9.159392356872559,-10.773928960164389
976,-10.267044067382812,-10.518401145935059,-8.776439666748047,-9.853961626688639
977,-10.08528995513916,-9.096436500549316,-9.25399112701416,-9.478572527567545
978,-13.474404335021973,-10.347129821777344,-13.61445140838623,-12.47866185506185
979,-5.906113147735596,-10.100626945495605,-8.95879077911377,-8.32184362411499
980,-11.006575584411621,-11.537845611572266,-9.332235336303711,-10.6255521774292
981,-12.779221534729004,-13.061830520629883,-13.121070861816406,-12.987374305725098
982,-8.944564819335938,-9.654166221618652,-6.643552780151367,-8.414094607035318
983,-8.574735641479492,-6.727261543273926,-8.657684326171875,-7.986560503641765
984,-9.833961486816406,-10.553351402282715,-9.129907608032227,-9.839073499043783
985,-8.770120620727539,-13.857478141784668,-9.608443260192871,-10.745347340901693
986,-6.020322799682617,-8.351390838623047,-10.021186828613281,-8.130966822306315
987,-8.635560989379883,-10.661985397338867,-10.161892890930176,-9.819813092549643
988,-10.61290454864502,-9.726754188537598,-8.676170349121094,-9.671943028767904
989,-13.150999069213867,-11.78520679473877,-11.450689315795898,-12.128965059916178
990,-6.66800594329834,-8.09766674041748,-8.752779960632324,-7.839484214782715
991,-6.1386919021606445,-7.278277397155762,-5.902706623077393,-6.439891974131267
992,-9.897478103637695,-11.961332321166992,-7.967577934265137,-9.942129453023275
993,-7.404058456420898,-9.72106647491455,-8.939356803894043,-8.68816057840983
994,-7.340870380401611,-10.94033432006836,-6.835415840148926,-8.372206846872965
995,-11.021800994873047,-12.62308406829834,-9.53231430053711,-11.059066454569498
996,-8.419929504394531,-11.716348648071289,-6.485683917999268,-8.873987356821695
997,-10.103743553161621,-9.91707706451416,-11.130655288696289,-10.383825302124023
998,-10.770652770996094,-10.183412551879883,-8.876262664794922,-9.943442662556967
999,-10.935962677001953,-11.821996688842773,-11.237054824829102,-11.331671396891275
1000,-8.336216926574707,-8.893826484680176,-9.979265213012695,-9.069769541422525
1001,-8.631495475769043,-9.856745719909668,-10.945663452148438,-9.811301549275717
1002,-11.36861515045166,-13.051596641540527,-7.678685188293457,-10.699632326761881
1003,-9.183186531066895,-7.835664749145508,-7.279720783233643,-8.099524021148682
1004,-10.639533996582031,-8.90966510772705,-11.040303230285645,-10.196500778198242
1005,-14.580100059509277,-12.622775077819824,-10.778782844543457,-12.660552660624186
1006,-10.697334289550781,-13.255782127380371,-9.57823657989502,-11.177117665608725
1007,-10.873943328857422,-9.759749412536621,-8.328512191772461,-9.654068311055502
1008,-9.195516586303711,-8.819154739379883,-7.991037845611572,-8.668569723765055
1009,-14.18324089050293,-13.79907512664795,-12.555051803588867,-13.512455940246582
1010,-3.5083348751068115,-4.595956325531006,-3.6624865531921387,-3.922259251276652
1011,-5.297192573547363,-4.641768932342529,-3.585045337677002,-4.508002281188965
1012,-4.871813774108887,-6.716676235198975,-7.890207767486572,-6.492899258931478
1013,-6.293422222137451,-8.833767890930176,-11.176069259643555,-8.76775312423706
1014,-8.479865074157715,-10.733002662658691,-6.791844367980957,-8.668237368265787
1015,-6.9120869636535645,-11.59604263305664,-8.348679542541504,-8.952269713083902
1016,-5.813264846801758,-5.1840410232543945,-5.396321773529053,-5.464542547861735
1017,-5.833414077758789,-10.556319236755371,-7.933910846710205,-8.107881387074789
1018,-6.024247646331787,-6.079692840576172,-4.69165563583374,-5.598532040913899
1019,-6.027822971343994,-5.623915195465088,-8.881102561950684,-6.844280242919922
1020,-8.543522834777832,-10.815784454345703,-7.782767295837402,-9.047358194986979
1021,-5.194189548492432,-9.220085144042969,-11.423969268798828,-8.61274798711141
1022,-7.97655725479126,-8.998505592346191,-8.21168327331543,-8.39558204015096
1023,-11.011762619018555,-9.806740760803223,-7.343739986419678,-9.387414455413818
1024,-7.492010116577148,-2.468946695327759,-6.638464450836182,-5.533140420913696
1025,-12.998586654663086,-9.602764129638672,-7.076803684234619,-9.892718156178793
1026,-6.891556739807129,-8.197757720947266,-6.3924784660339355,-7.160597642262776
1027,-4.9922261238098145,-12.233458518981934,-9.112200736999512,-8.779295126597086
1028,-6.59707498550415,-5.161962509155273,-6.035434246063232,-5.931490580240886
1029,-11.171578407287598,-9.956914901733398,-11.058574676513672,-10.729022661844889
1030,-5.527822494506836,-9.729863166809082,-6.69881534576416,-7.318833669026692
1031,-7.9657087326049805,-7.553947448730469,-12.581345558166504,-9.367000579833984
1032,-6.310576438903809,-9.255758285522461,-8.811957359313965,-8.126097361246744
1033,-10.778993606567383,-8.88397216796875,-9.153532981872559,-9.605499585469564
1034,-6.646047115325928,-7.554832458496094,-7.106646537780762,-7.102508703867595
1035,-9.833706855773926,-9.853647232055664,-7.938337326049805,-9.208563804626465
1036,-5.225673198699951,-8.844342231750488,-3.3408846855163574,-5.803633371988933
1037,-10.226896286010742,-6.4094038009643555,-6.591375350952148,-7.742558479309082
1038,-2.3672614097595215,-3.36042857170105,-3.942615032196045,-3.2234350045522056
1039,-4.771791934967041,-7.205276966094971,-7.265982627868652,-6.414350509643555
1040,-9.407933235168457,-8.346839904785156,-7.593994140625,-8.449589093526205
1041,-6.185674667358398,-8.424210548400879,-5.378721237182617,-6.662868817647298
1042,-11.555850982666016,-11.288140296936035,-12.06706428527832,-11.637018521626791
1043,-1.9002450704574585,-8.461424827575684,-8.309094429016113,-6.2235881090164185
1044,-9.694765090942383,-12.259366989135742,-9.596651077270508,-10.516927719116211
1045,-9.99479866027832,-10.881345748901367,-9.442156791687012,-10.1061004002889
1046,-7.212418079376221,-6.546762466430664,-4.57180643081665,-6.110328992207845
1047,-9.420865058898926,-9.549823760986328,-9.232080459594727,-9.400923093159994
1048,-7.232532501220703,-6.850106716156006,-6.972017765045166,-7.018218994140625
1049,-5.351503849029541,-7.919907093048096,-5.3228607177734375,-6.198090553283691
1050,-6.511774063110352,-9.838631629943848,-8.2990083694458,-8.216471354166666
1051,-9.867066383361816,-6.592357158660889,-7.224188327789307,-7.894537289937337
1052,-5.204702377319336,-1.8393276929855347,-1.321271538734436,-2.788433869679769
1053,-8.751679420471191,-9.391087532043457,-6.8691534996032715,-8.33730681737264
1054,-11.436787605285645,-9.820630073547363,-10.18623161315918,-10.481216430664062
1055,-6.022531986236572,-9.825456619262695,-7.343181133270264,-7.730389912923177
1056,-0.0664660856127739,-0.9186010956764221,-1.728051781654358,-0.9043729876478513
1057,-10.419448852539062,-6.566978931427002,-7.791163921356201,-8.259197235107422
1058,-8.446742057800293,-3.113736867904663,-7.0426459312438965,-6.201041618982951
1059,-3.762582540512085,-2.904738664627075,-5.896485328674316,-4.187935511271159
1060,-9.197293281555176,-9.491264343261719,-7.359434604644775,-8.682664076487223
1061,-9.822816848754883,-9.439449310302734,-10.810306549072266,-10.024190902709961
1062,-4.328242778778076,-6.752115726470947,-6.489561557769775,-5.856640021006267
1063,-9.68890380859375,-6.348052978515625,-8.243446350097656,-8.093467712402344
1064,-7.940708637237549,-10.42197036743164,-5.0092453956604,-7.79064146677653
1065,-8.982612609863281,-9.156620979309082,-7.901576995849609,-8.680270195007324
1066,-5.902713298797607,-5.388374328613281,-5.452121257781982,-5.581069628397624
1067,-12.663789749145508,-9.222589492797852,-9.176032066345215,-10.354137102762857
1068,-8.149202346801758,-8.70919418334961,-9.345823287963867,-8.734739939371744
1069,-5.190602779388428,-8.619446754455566,-5.920538425445557,-6.576862653096517
1070,-4.67133092880249,-8.432207107543945,-4.252850532531738,-5.785462856292725
1071,-3.8552632331848145,-2.9716172218322754,-3.6236648559570312,-3.4835151036580405
1072,-12.011994361877441,-10.366286277770996,-9.112406730651855,-10.496895790100098
1073,-8.323185920715332,-11.94932746887207,-8.92287540435791,-9.731796264648438
1074,-7.238561630249023,-6.971136093139648,-8.11431884765625,-7.441338857014974
1075,-8.837821960449219,-10.582923889160156,-11.253682136535645,-10.224809328715006
1076,-11.245418548583984,-9.871895790100098,-6.5977783203125,-9.238364219665527
1077,-11.779587745666504,-8.780489921569824,-8.60058879852295,-9.720222155253092
1078,-8.17014217376709,-8.446953773498535,-8.853099822998047,-8.490065256754557
1079,-4.418250560760498,-3.6982781887054443,-6.556397914886475,-4.890975554784139
1080,-5.099916934967041,-4.2392449378967285,-6.250950336456299,-5.196704069773356
1081,-7.634548664093018,-7.9207892417907715,-6.414323329925537,-7.323220411936442
1082,-9.346601486206055,-7.828317165374756,-8.783843994140625,-8.652920881907145
1083,-10.388960838317871,-9.291892051696777,-9.132735252380371,-9.60452938079834
1084,-13.667914390563965,-9.475138664245605,-9.939875602722168,-11.027642885843912
1085,-7.425980091094971,-7.452274799346924,-9.063437461853027,-7.980564117431641
1086,-9.66069507598877,-12.307942390441895,-9.81256103515625,-10.593732833862305
1087,-7.448076248168945,-9.351598739624023,-8.220062255859375,-8.339912414550781
1088,-9.74201774597168,-11.012227058410645,-10.53199291229248,-10.428745905558268
1089,-5.795013427734375,-8.85098934173584,-7.439906597137451,-7.361969788869222
1090,-10.9528226852417,-8.807703971862793,-9.180275917053223,-9.646934191385904
1091,-8.195942878723145,-9.473865509033203,-5.457584857940674,-7.709131081899007
1092,-8.49570369720459,-5.0550217628479,-4.798677444458008,-6.116467634836833
1093,-4.980515956878662,-5.194300651550293,-5.930954933166504,-5.368590513865153
1094,-11.873525619506836,-9.361265182495117,-7.110503196716309,-9.448431332906088
1095,-5.6890130043029785,-6.377052307128906,-3.843252420425415,-5.3031059106191
1096,-7.863100051879883,-11.8585844039917,-9.378138542175293,-9.699940999348959
1097,-11.318798065185547,-11.164602279663086,-8.890775680541992,-10.458058675130209
1098,-10.265678405761719,-10.694849967956543,-8.781855583190918,-9.914127985636393
1099,-3.0989129543304443,-4.577159881591797,-1.5507339239120483,-3.0756022532780967
1100,-7.5588059425354,-6.798895835876465,-8.087876319885254,-7.48185936609904
1101,-4.9579315185546875,-4.362131118774414,-4.379916191101074,-4.566659609476726
1102,-4.348006248474121,-3.7987895011901855,-3.4304234981536865,-3.8590730826059976
1103,-0.6962487697601318,-0.9722999334335327,-1.7080903053283691,-1.1255463361740112
1104,-11.62979507446289,-10.020588874816895,-7.343742370605469,-9.664708773295084
1105,-2.7672293186187744,-6.362130641937256,-7.305532455444336,-5.478297472000122
1106,-5.747733116149902,-8.774511337280273,-8.320755958557129,-7.614333470662435
1107,-10.660260200500488,-6.519871711730957,-7.6431097984313965,-8.274413903554281
1108,-7.873229503631592,-7.192605972290039,-6.271912097930908,-7.112582524617513
1109,-5.253924369812012,-7.944454669952393,-6.810402870178223,-6.669593969980876
1110,-10.189583778381348,-8.364873886108398,-12.894652366638184,-10.483036677042643
1111,-7.0904951095581055,-5.700517177581787,-7.324884414672852,-6.705298900604248
1112,-7.773364067077637,-4.313962459564209,-7.602245330810547,-6.563190619150798
1113,-12.24808120727539,-11.442819595336914,-8.462074279785156,-10.717658360799154
1114,-10.030807495117188,-9.814244270324707,-9.287557601928711,-9.710869789123535
1115,-9.844757080078125,-7.315871715545654,-9.228291511535645,-8.79630676905314
1116,-13.093852996826172,-10.435574531555176,-9.409164428710938,-10.979530652364096
1117,-8.01353931427002,-9.511168479919434,-8.011630058288574,-8.512112617492676
1118,-4.729098796844482,-9.99468994140625,-5.440988063812256,-6.721592267354329
1119,-7.854142189025879,-9.067471504211426,-9.270869255065918,-8.730827649434408
1120,-6.781930446624756,-10.065123558044434,-9.785709381103516,-8.877587795257568
1121,-2.224747657775879,-4.041995525360107,-3.9390110969543457,-3.401918093363444
1122,-7.1533331871032715,-7.33876895904541,-8.96455192565918,-7.81888469060262
1123,-5.208029270172119,-5.272030830383301,-4.490016937255859,-4.990025679270427
1124,-7.983153820037842,-10.248265266418457,-5.481438636779785,-7.904285907745361
1125,-7.268115520477295,-11.221222877502441,-10.351728439331055,-9.613688945770264
1126,-6.354344844818115,-7.620640754699707,-8.641031265258789,-7.53867228825887
1127,-12.752202987670898,-7.982100963592529,-9.344131469726562,-10.026145140329996
1128,-6.009340286254883,-4.304218292236328,-4.754846096038818,-5.022801558176677
1129,-5.046111106872559,-3.6893503665924072,-4.24943733215332,-4.328299601872762
1130,-8.651092529296875,-11.887802124023438,-6.622467517852783,-9.053787390391031
1131,-6.435324668884277,-7.667086601257324,-8.047822952270508,-7.383411407470703
1132,-6.855545997619629,-7.2290358543396,-6.259461879730225,-6.781347910563151
1133,-7.407557010650635,-8.761847496032715,-10.995133399963379,-9.054845968882242
1134,-7.376893520355225,-9.868627548217773,-4.347416400909424,-7.197645823160808
1135,-9.283730506896973,-5.759566307067871,-9.672174453735352,-8.238490422566732
1136,-9.275163650512695,-9.274710655212402,-7.581040382385254,-8.710304896036783
1137,-4.2327680587768555,-8.409730911254883,-7.48584508895874,-6.709448019663493
1138,-7.360297203063965,-8.965608596801758,-5.018161296844482,-7.114689032236735
1139,-7.823836326599121,-8.208107948303223,-5.231817722320557,-7.087920665740967
1140,-5.466706275939941,-5.591786861419678,-4.966578006744385,-5.341690381368001
1141,-5.226523399353027,-7.068899631500244,-9.525690078735352,-7.273704369862874
1142,-7.817110538482666,-7.291547775268555,-9.667101860046387,-8.258586724599203
1143,-8.143655776977539,-5.565088272094727,-8.091251373291016,-7.266665140787761
1144,-6.902104377746582,-7.203329086303711,-5.924938678741455,-6.676790714263916
1145,-8.345491409301758,-8.292579650878906,-7.401675701141357,-8.013248920440674
1146,-8.801526069641113,-7.014489650726318,-7.973590850830078,-7.929868857065837
1147,-8.992209434509277,-11.074089050292969,-10.315768241882324,-10.127355575561523
1148,-7.063127517700195,-9.251694679260254,-10.425305366516113,-8.913375854492188
1149,-7.135280132293701,-6.063455104827881,-7.4322028160095215,-6.876979351043701
1150,-7.495344638824463,-9.156744956970215,-10.402661323547363,-9.018250306447348
1151,-4.878862380981445,-3.3317806720733643,-4.844543933868408,-4.351728995641072
1152,-7.595264434814453,-10.325206756591797,-8.820014953613281,-8.913495381673178
1153,-9.142518043518066,-6.3492913246154785,-7.154821395874023,-7.548876921335856
1154,-3.7177278995513916,-5.1461501121521,-5.690379619598389,-4.85141921043396
1155,-5.696150779724121,-6.573633193969727,-6.078339099884033,-6.11604102452596
1156,-9.264787673950195,-11.935749053955078,-9.291624069213867,-10.164053599039713
1157,-5.376717567443848,-9.136292457580566,-8.676817893981934,-7.729942639668782
1158,-6.091846466064453,-10.093483924865723,-8.616071701049805,-8.267134030659994
1159,-4.608827590942383,-6.300103664398193,-4.223511695861816,-5.044147650400798
1160,-4.684593677520752,-7.496598243713379,-9.80966567993164,-7.330285867055257
1161,-8.436163902282715,-9.244053840637207,-5.991748332977295,-7.890655358632405
1162,-9.816213607788086,-8.38634967803955,-9.640839576721191,-9.281134287516275
1163,-11.194272994995117,-10.146175384521484,-9.900504112243652,-10.413650830586752
1164,-11.711405754089355,-11.130546569824219,-7.5982794761657715,-10.146743933359781
1165,-9.322760581970215,-7.900871753692627,-9.703498840332031,-8.975710391998291
1166,-9.087681770324707,-10.992121696472168,-8.653298377990723,-9.5777006149292
1167,-8.733511924743652,-11.145715713500977,-8.895759582519531,-9.591662406921387
1168,-11.88524341583252,-11.378396034240723,-10.48121452331543,-11.248284657796225
1169,-3.1322994232177734,-3.695024013519287,-4.008429050445557,-3.611917495727539
1170,-4.837791442871094,-10.026698112487793,-8.209790229797363,-7.691426595052083
1171,-8.252955436706543,-8.499855041503906,-6.124879837036133,-7.62589677174886
1172,-6.674750328063965,-8.481393814086914,-10.026399612426758,-8.394181251525879
1173,-4.556975364685059,-5.034852027893066,-3.948305130004883,-4.513377507527669
1174,-7.783344268798828,-7.09234619140625,-6.756157398223877,-7.210615952809651
1175,-10.948223114013672,-7.2142767906188965,-7.768947124481201,-8.643815676371256
1176,-3.5493838787078857,-5.741360187530518,-3.6686511039733887,-4.319798390070598
1177,-6.637153148651123,-8.526710510253906,-10.185417175292969,-8.449760278066
1178,-3.8721272945404053,-7.096277713775635,-5.684346675872803,-5.550917228062947
1179,-6.512128829956055,-9.564109802246094,-7.5033183097839355,-7.859852313995361
1180,-8.510481834411621,-9.998299598693848,-4.111799240112305,-7.540193557739258
1181,-9.942599296569824,-5.517613410949707,-5.995306015014648,-7.15183957417806
1182,-9.42505931854248,-7.1332316398620605,-8.666996955871582,-8.408429304758707
1183,-7.150129318237305,-3.2739415168762207,-5.123347282409668,-5.1824727058410645
1184,-4.6586384773254395,-6.249991416931152,-5.931177616119385,-5.613269170125325
1185,-3.4739480018615723,-4.188246726989746,-8.193618774414062,-5.285271167755127
1186,-5.353542327880859,-3.8518309593200684,-4.661156177520752,-4.62217648824056
1187,-10.581798553466797,-8.603798866271973,-10.122735023498535,-9.769444147745768
1188,-10.063892364501953,-11.270232200622559,-9.81486988067627,-10.38299814860026
1189,-7.7488813400268555,-5.0504021644592285,-5.3536458015441895,-6.050976435343425
1190,-3.3972012996673584,-2.3642737865448,-3.8036000728607178,-3.1883583863576255
1191,-4.780218124389648,-6.3645920753479,-4.818209648132324,-5.321006615956624
1192,-11.255657196044922,-5.681795120239258,-9.278865814208984,-8.738772710164389
1193,-7.304775714874268,-6.302216053009033,-8.178924560546875,-7.261972109476726
1194,-4.35814094543457,-8.15553092956543,-6.500283241271973,-6.337985038757324
1195,-8.005278587341309,-8.658486366271973,-8.51425552368164,-8.39267349243164
1196,-6.984969615936279,-6.301021575927734,-5.685343265533447,-6.32377815246582
1197,-5.4401631355285645,-7.159804821014404,-7.946775913238525,-6.848914623260498
1198,-10.261292457580566,-6.277779579162598,-7.202029228210449,-7.913700421651204
1199,-3.6812586784362793,-3.247511863708496,-4.2941975593566895,-3.740989367167155
1200,-6.689679145812988,-8.301494598388672,-7.686192512512207,-7.559122085571289
1201,-6.741240501403809,-7.282084941864014,-5.7099609375,-6.577762126922607
1202,-7.23129940032959,-7.42180871963501,-7.036519527435303,-7.229875882466634
1203,-11.37797737121582,-9.858661651611328,-12.117315292358398,-11.117984771728516
1204,-8.12580394744873,-10.141656875610352,-10.949103355407715,-9.7388547261556
1205,-6.832562446594238,-6.475189208984375,-9.841438293457031,-7.716396649678548
1206,-8.087566375732422,-8.14974594116211,-7.476077079772949,-7.904463132222493
1207,-10.612397193908691,-9.815610885620117,-7.792210102081299,-9.406739393870035
1208,-10.651230812072754,-10.949881553649902,-8.03236198425293,-9.877824783325195
1209,-7.737537860870361,-6.7532854080200195,-9.00728988647461,-7.832704385121663
1210,-2.501469612121582,-3.909641742706299,-3.678036689758301,-3.363049348195394
1211,-9.318852424621582,-10.610738754272461,-9.68002700805664,-9.86987272898356
1212,-8.286959648132324,-3.272775888442993,-5.672912120819092,-5.744215885798137
1213,-8.954487800598145,-8.286023139953613,-9.864764213562012,-9.035091718037924
1214,-4.164667129516602,-7.220991611480713,-11.096900939941406,-7.494186560312907
1215,-7.8843865394592285,-12.18154239654541,-7.868980884552002,-9.311636606852213
1216,-5.373695373535156,-5.563578128814697,-5.9754228591918945,-5.637565453847249
1217,-11.162095069885254,-7.7738494873046875,-11.04089069366455,-9.992278416951498
1218,-11.165946006774902,-7.3546576499938965,-7.5322370529174805,-8.684280236562094
1219,-10.303464889526367,-11.65890884399414,-10.056705474853516,-10.673026402791342
1220,-8.442582130432129,-8.146228790283203,-7.7745232582092285,-8.121111392974854
1221,-9.980810165405273,-9.978618621826172,-12.151793479919434,-10.703740755716959
1222,-10.861189842224121,-9.995287895202637,-7.773632526397705,-9.543370087941488
1223,-6.813699245452881,-6.360012054443359,-8.875962257385254,-7.349891185760498
1224,-5.721338272094727,-5.60167932510376,-4.814083099365234,-5.37903356552124
1225,-8.623597145080566,-7.666993618011475,-7.648849010467529,-7.97981325785319
1226,-2.467557907104492,-2.925220489501953,-7.739165782928467,-4.377314726511638
1227,-5.878857135772705,-3.0614376068115234,-8.139182090759277,-5.693158944447835
1228,-5.006887435913086,-5.557911396026611,-5.707717418670654,-5.424172083536784
1229,-8.485365867614746,-5.051938056945801,-4.763736724853516,-6.1003468831380205
1230,-8.691713333129883,-9.839664459228516,-9.200555801391602,-9.243977864583334
1231,-8.3469820022583,-9.347400665283203,-8.100334167480469,-8.598238945007324
1232,-7.091019630432129,-3.7084906101226807,-5.046413898468018,-5.281974713007609
1233,-7.705196380615234,-7.687766075134277,-9.600130081176758,-8.33103084564209
1234,-6.381089687347412,-7.509915828704834,-10.65778636932373,-8.182930628458658
1235,-12.18089485168457,-11.855234146118164,-9.1636962890625,-11.066608428955078
1236,-7.148614406585693,-8.004603385925293,-8.95670223236084,-8.03664000829061
1237,-8.357429504394531,-6.580411911010742,-8.048218727111816,-7.662020047505696
1238,-10.874685287475586,-11.173699378967285,-5.892470836639404,-9.313618501027426
1239,-8.404414176940918,-10.943470001220703,-9.123637199401855,-9.490507125854492
1240,-6.427335262298584,-7.954863548278809,-6.925342082977295,-7.1025136311848955
1241,-6.810033321380615,-6.517899513244629,-6.064639091491699,-6.464190642038981
1242,-9.01305103302002,-8.761821746826172,-7.673200607299805,-8.482691129048666
1243,-2.411050319671631,-5.094750881195068,-5.624598026275635,-4.376799742380778
1244,-5.756163597106934,-10.605121612548828,-10.059112548828125,-8.806799252827963
1245,-5.78530740737915,-8.230674743652344,-2.3261170387268066,-5.447366396586101
1246,-8.379029273986816,-7.233362197875977,-5.309352874755859,-6.973914782206218
1247,-7.294963359832764,-7.446651458740234,-4.620031356811523,-6.453882058461507
1248,-5.266923427581787,-6.596671104431152,-4.429682731628418,-5.431092421213786
1249,-4.416563987731934,-7.733720779418945,-3.4475150108337402,-5.19926659266154
1250,-8.277445793151855,-9.460923194885254,-10.19918441772461,-9.312517801920572
1251,-8.73395824432373,-10.37687873840332,-10.388647079467773,-9.833161354064941
1252,-7.10737943649292,-9.885589599609375,-7.701866149902344,-8.231611728668213
1253,-11.261902809143066,-12.506806373596191,-5.6324782371521,-9.800395806630453
1254,-10.012072563171387,-7.949793815612793,-6.454843521118164,-8.138903299967447
1255,-10.528484344482422,-11.23099136352539,-8.52169418334961,-10.09372329711914
1256,-5.86354923248291,-9.898685455322266,-5.646803379058838,-7.136346022288005
1257,-8.308323860168457,-8.75113582611084,-7.531591892242432,-8.197017192840576
1258,-6.695538520812988,-4.336012363433838,-4.562025547027588,-5.197858810424805
1259,-6.81417179107666,-6.603991985321045,-3.9154112339019775,-5.777858336766561
1260,-5.7822089195251465,-7.485355377197266,-6.7809648513793945,-6.682843049367269
1261,-8.031068801879883,-7.7244181632995605,-10.513968467712402,-8.756485144297281
1262,-9.2334566116333,-11.764941215515137,-11.715364456176758,-10.904587427775065
1263,-11.540872573852539,-8.009405136108398,-6.849435806274414,-8.799904505411783
1264,-9.326272964477539,-8.804800987243652,-5.756686210632324,-7.962586720784505
1265,-5.982362270355225,-7.771474838256836,-4.983952522277832,-6.245929876963298
1266,-3.5935094356536865,-1.096798300743103,-2.3279271125793457,-2.3394116163253784
1267,-7.225261688232422,-8.672782897949219,-8.936771392822266,-8.278271993001303
1268,-11.800454139709473,-7.92342472076416,-9.229293823242188,-9.651057561238607
1269,-8.406993865966797,-5.592477798461914,-8.772137641906738,-7.590536435445149
1270,-6.868709087371826,-4.404553413391113,-4.218793869018555,-5.164018789927165
1271,-10.23808479309082,-9.436970710754395,-8.757120132446289,-9.477391878763834
1272,-8.037321090698242,-9.175813674926758,-8.798318862915039,-8.67048454284668
1273,-9.05435848236084,-8.13230037689209,-10.20816707611084,-9.131608645121256
1274,-6.623621463775635,-5.491547107696533,-4.324701309204102,-5.47995662689209
1275,-3.407831907272339,-1.361871361732483,-1.7324343919754028,-2.1673792203267417
1276,-10.499419212341309,-7.640267848968506,-7.479376792907715,-8.539687951405844
1277,-2.700986385345459,-3.644076108932495,-2.5500259399414062,-2.96502947807312
1278,-4.355154514312744,-3.1107606887817383,-2.838047504425049,-3.4346542358398438
1279,-6.390823841094971,-10.494926452636719,-6.873575210571289,-7.919775168100993
1280,-6.988266468048096,-9.244332313537598,-10.9900484085083,-9.074215730031332
1281,-6.675983428955078,-3.207313060760498,-5.285849571228027,-5.056382020314534
1282,-5.204544544219971,-4.267304420471191,-4.256024360656738,-4.575957775115967
1283,-8.184776306152344,-6.869390964508057,-6.83651876449585,-7.296895345052083
1284,-6.685109615325928,-8.991545677185059,-5.67423152923584,-7.116962273915608
1285,-3.818253755569458,-3.6452596187591553,-2.442344903945923,-3.3019527594248452
1286,-12.045838356018066,-10.59990406036377,-6.775348663330078,-9.80703035990397
1287,-5.932897090911865,-6.168408393859863,-5.833608627319336,-5.9783047040303545
1288,-9.007518768310547,-4.97625732421875,-4.349099636077881,-6.110958576202393
1289,-6.425644397735596,-9.616969108581543,-6.8342084884643555,-7.625607331593831
1290,-6.581600666046143,-6.231064796447754,-6.878124713897705,-6.563596725463867
1291,-3.763869285583496,-6.847198009490967,-4.750611305236816,-5.120559533437093
1292,-5.722109794616699,-5.854341983795166,-6.20196008682251,-5.926137288411458
1293,-6.604963779449463,-10.83846378326416,-6.935919761657715,-8.12644910812378
1294,-8.921102523803711,-11.520909309387207,-10.103381156921387,-10.181797663370768
1295,-7.3160576820373535,-5.024349212646484,-8.082618713378906,-6.807675202687581
1296,-7.219845771789551,-7.860108375549316,-9.690603256225586,-8.256852467854818
1297,-6.920719146728516,-9.510406494140625,-6.496748447418213,-7.642624696095784
1298,-6.371321201324463,-6.862411022186279,-6.392225742340088,-6.541985988616943
1299,-8.608209609985352,-5.760044574737549,-9.15534782409668,-7.841200669606526
1300,-5.369557857513428,-10.411137580871582,-10.668498039245605,-8.816397825876871
1301,-5.81154203414917,-3.537938356399536,-5.590017795562744,-4.979832728703816
1302,-9.19963550567627,-9.800105094909668,-6.632025718688965,-8.543922106424967
1303,-11.231987953186035,-9.187369346618652,-12.576591491699219,-10.998649597167969
1304,-6.600367546081543,-10.39246940612793,-7.95537805557251,-8.31607166926066
1305,-7.834906101226807,-4.325851917266846,-5.9491424560546875,-6.036633491516113
1306,-9.749679565429688,-6.113251686096191,-8.895903587341309,-8.252944946289062
1307,-10.49902629852295,-9.283205032348633,-10.022662162780762,-9.934964497884115
1308,-5.948065280914307,-7.309859752655029,-5.539061546325684,-6.26566219329834
1309,-8.277987480163574,-2.8036537170410156,-8.849574089050293,-6.643738428751628
1310,-5.614729881286621,-7.92909049987793,-7.319357872009277,-6.954392751057942
1311,-5.350375175476074,-6.517638683319092,-4.910300254821777,-5.5927713712056475
1312,-6.0177001953125,-3.052288055419922,-6.05608606338501,-5.0420247713724775
1313,-5.224294185638428,-8.98990535736084,-6.592756271362305,-6.935651938120524
1314,-4.534743785858154,-10.031865119934082,-5.173401832580566,-6.580003579457601
1315,-4.079543113708496,-7.379683494567871,-5.109133243560791,-5.522786617279053
1316,-4.392237186431885,-8.044655799865723,-5.788232803344727,-6.075041929880778
1317,-1.8695577383041382,-6.097280025482178,-6.5754313468933105,-4.8474230368932085
1318,-3.768960952758789,-9.509761810302734,-5.765477657318115,-6.348066806793213
1319,-3.306333541870117,-5.210629940032959,-3.1712899208068848,-3.896084467569987
1320,-4.957801342010498,-5.562823295593262,-6.435339450836182,-5.6519880294799805
1321,-2.1401143074035645,-6.2696533203125,-6.3932600021362305,-4.934342543284099
1322,-5.65114688873291,-9.00894546508789,-8.375650405883789,-7.67858091990153
1323,-2.5536041259765625,-5.933109283447266,-4.906225204467773,-4.4643128712972
1324,-5.577966213226318,-6.9181013107299805,-5.843288898468018,-6.113118807474772
1325,-4.542220592498779,-7.068882465362549,-8.293963432312012,-6.635022163391113
1326,-3.6928083896636963,-7.447963237762451,-8.258538246154785,-6.4664366245269775
1327,-3.885734796524048,-9.407235145568848,-7.087221622467041,-6.7933971881866455
1328,-3.411238193511963,-8.15855598449707,-5.825811862945557,-5.798535346984863
1329,-7.923953056335449,-9.588379859924316,-5.792474269866943,-7.768269062042236
1330,-4.5091776847839355,-8.713301658630371,-5.311030864715576,-6.177836736043294
1331,-5.129257678985596,-4.794107437133789,-3.249005079269409,-4.390790065129598
1332,-3.2641189098358154,-4.399532794952393,-3.044283151626587,-3.5693116188049316
1333,-4.984672546386719,-12.473377227783203,-10.09476375579834,-9.184271176656088
1334,-2.519066333770752,-6.69265079498291,-4.9487714767456055,-4.720162868499756
1335,-3.996877431869507,-10.18250560760498,-7.8380584716796875,-7.339147170384725
1336,-4.398927688598633,-10.032621383666992,-7.06155252456665,-7.164367198944092
1337,-3.4051833152770996,-5.666254043579102,-6.382090091705322,-5.151175816853841
1338,-4.41933536529541,-8.749048233032227,-5.40261173248291,-6.190331776936849
1339,-2.6213531494140625,-6.590742111206055,-7.355624198913574,-5.522573153177897
1340,-3.9642062187194824,-4.186631679534912,-9.478669166564941,-5.876502354939778
1341,-2.4759328365325928,-5.11442756652832,-5.8366522789001465,-4.47567089398702
1342,-3.224463939666748,-4.87832498550415,-8.493977546691895,-5.532255490620931
1343,-5.937854766845703,-8.020299911499023,-3.6711809635162354,-5.876445213953654
1344,-3.7937099933624268,-9.161749839782715,-3.8602335453033447,-5.605231126149495
1345,-4.755807399749756,-4.753864765167236,-5.7829108238220215,-5.097527662913005
1346,-5.347081184387207,-9.787723541259766,-7.720376968383789,-7.618393898010254
1347,-4.4079790115356445,-9.836602210998535,-7.184910774230957,-7.143163998921712
1348,-4.235064506530762,-7.766453742980957,-2.6592864990234375,-4.886934916178386
1349,-3.998053789138794,-7.4692301750183105,-4.698247909545898,-5.388510624567668
1350,-3.173208475112915,-7.560398101806641,-4.338531017303467,-5.024045864741008
1351,-2.378188371658325,-6.595033645629883,-6.214108943939209,-5.062443653742473
1352,-3.507035732269287,-6.893345832824707,-4.538409233093262,-4.979596932729085
1353,-3.6718571186065674,-6.910792350769043,-3.3940694332122803,-4.65890630086263
1354,-3.220410108566284,-8.436012268066406,-5.865218639373779,-5.84054700533549
1355,-3.749577522277832,-10.36950969696045,-7.218095779418945,-7.112394332885742
1356,-4.124862194061279,-9.955077171325684,-7.8911237716674805,-7.323687712351481
1357,-3.228875160217285,-8.327009201049805,-4.137333869934082,-5.231072743733724
1358,-3.713514804840088,-6.207793712615967,-5.331955909729004,-5.084421475728353
1359,-4.141889572143555,-12.919658660888672,-10.645539283752441,-9.235695838928223
1360,-3.679314374923706,-9.202847480773926,-4.590622425079346,-5.824261426925659
1361,-2.7956693172454834,-7.703596115112305,-6.994014739990234,-5.831093390782674
1362,-4.07138729095459,-6.750768661499023,-5.843095302581787,-5.555083751678467
1363,-1.9354338645935059,-6.082389831542969,-7.070820331573486,-5.029548009236653
1364,-3.2165093421936035,-8.935580253601074,-4.816604137420654,-5.65623124440511
1365,-4.6610798835754395,-9.273426055908203,-6.453658103942871,-6.796054681142171
1366,-5.326724529266357,-8.67282485961914,-8.89381217956543,-7.631120522816976
1367,-4.262825012207031,-7.113898754119873,-9.522951126098633,-6.966558297475179
1368,-4.059183120727539,-4.113609313964844,-5.166400909423828,-4.44639778137207
1369,-4.836666107177734,-7.034185409545898,-3.4886672496795654,-5.119839588801066
1370,-5.4412970542907715,-7.474086761474609,-8.504389762878418,-7.1399245262146
1371,-5.783390998840332,-9.173709869384766,-6.988867282867432,-7.315322717030843
1372,-3.095202922821045,-13.305069923400879,-13.065531730651855,-9.821934858957926
1373,-4.979984283447266,-9.459829330444336,-5.88805627822876,-6.775956630706787
1374,-3.655074119567871,-11.095701217651367,-6.890402793884277,-7.213726043701172
1375,-6.211477756500244,-9.2018461227417,-7.025363922119141,-7.479562600453694
1376,-3.300264596939087,-6.851266860961914,-4.108004570007324,-4.753178675969441
1377,-5.91227912902832,-8.84295654296875,-10.667508125305176,-8.474247932434082
1378,-2.62558913230896,-4.722445964813232,-5.509269714355469,-4.285768270492554
1379,-3.1391568183898926,-11.645757675170898,-7.404721260070801,-7.39654525121053
1380,-3.107011079788208,-5.417036533355713,-4.877770900726318,-4.467272837956746
1381,-4.132270812988281,-7.134124755859375,-5.175497055053711,-5.480630874633789
1382,-3.678159475326538,-10.22720718383789,-5.450150489807129,-6.451839049657186
1383,-3.9650986194610596,-11.149781227111816,-7.774994373321533,-7.629958073298137
1384,-5.701598644256592,-12.310684204101562,-7.239969730377197,-8.417417526245117
1385,-4.975889205932617,-7.484574794769287,-7.678200721740723,-6.712888240814209
1386,-3.124274730682373,-4.041865825653076,-7.756582736968994,-4.9742410977681475
1387,-4.0958733558654785,-11.34045124053955,-8.120469093322754,-7.852264563242595
1388,-4.273848533630371,-13.278531074523926,-12.892905235290527,-10.148428281148275
1389,-4.710012912750244,-9.456001281738281,-9.394219398498535,-7.8534111976623535
1390,-3.655280828475952,-7.882880687713623,-8.844589233398438,-6.794250249862671
1391,-4.245079040527344,-6.907249927520752,-6.559901237487793,-5.90407673517863
1392,-4.276890277862549,-10.12812328338623,-9.182530403137207,-7.862514654795329
1393,-5.7773895263671875,-10.27349853515625,-8.330459594726562,-8.127115885416666
1394,-1.2108330726623535,-6.498849391937256,-3.9151008129119873,-3.8749277591705322
1395,-5.573005199432373,-13.64166259765625,-11.831903457641602,-10.348857084910074
1396,-3.253570318222046,-3.6697921752929688,-2.878267765045166,-3.267210086186727
1397,-3.1790359020233154,-7.684373378753662,-6.730019569396973,-5.864476283391316
1398,-3.804586172103882,-7.241797924041748,-5.017421722412109,-5.354601939519246
1399,-4.8343586921691895,-8.600234985351562,-9.032936096191406,-7.489176591237386
1400,-3.1355550289154053,-6.5084357261657715,-6.139019012451172,-5.261003255844116
1401,-5.425968647003174,-8.128522872924805,-6.042693138122559,-6.532394886016846
1402,-3.9958364963531494,-8.079825401306152,-4.729189395904541,-5.601617097854614
1403,-2.964653491973877,-6.067601680755615,-5.152098178863525,-4.728117783864339
1404,-6.3698930740356445,-8.799551963806152,-5.768914222717285,-6.979453086853027
1405,-3.273346185684204,-7.317506790161133,-5.553151607513428,-5.381334861119588
1406,-3.197422742843628,-7.474409103393555,-5.898626804351807,-5.523486216862996
1407,-2.203791856765747,-5.825259685516357,-4.338632106781006,-4.12256121635437
1408,-4.894466876983643,-13.159571647644043,-12.160653114318848,-10.071563879648844
1409,-4.495629787445068,-6.562424659729004,-3.55711030960083,-4.871721585591634
1410,-3.4855403900146484,-9.583145141601562,-6.530049800872803,-6.532911777496338
1411,-4.262552261352539,-9.920358657836914,-6.776620388031006,-6.986510435740153
1412,-4.805283069610596,-9.745452880859375,-11.235674858093262,-8.595470269521078
1413,-5.478111743927002,-8.945974349975586,-5.108615398406982,-6.510900497436523
1414,-2.928596019744873,-8.569028854370117,-5.3846540451049805,-5.627426306406657
1415,-3.275705337524414,-7.496942520141602,-4.869834899902344,-5.214160919189453
1416,-5.657534122467041,-10.824882507324219,-8.068731307983398,-8.183715979258219
1417,-4.029876708984375,-10.351948738098145,-6.515972137451172,-6.965932528177897
1418,-4.976326942443848,-8.447362899780273,-7.71441125869751,-7.04603370030721
1419,-2.897653341293335,-8.766136169433594,-6.9704084396362305,-6.21139931678772
1420,-3.8544418811798096,-6.263675212860107,-7.737013339996338,-5.951710144678752
1421,-4.067498683929443,-5.28980016708374,-3.1681506633758545,-4.17514983812968
1422,-6.030703067779541,-7.888648986816406,-6.529068946838379,-6.816140333811442
1423,-3.4545533657073975,-4.441650867462158,-3.145693302154541,-3.6806325117746987
1424,-2.292041778564453,-8.374649047851562,-1.2337933778762817,-3.9668280680974326
1425,-4.368082046508789,-7.917133808135986,-7.226107597351074,-6.503774483998616
1426,-3.9355480670928955,-5.127943992614746,-3.641225814819336,-4.234905958175659
1427,-4.498157024383545,-9.054409980773926,-6.231494426727295,-6.594687143961589
1428,-3.9837543964385986,-9.938315391540527,-5.894148826599121,-6.605406204859416
1429,-4.273762226104736,-9.079182624816895,-4.125099182128906,-5.826014677683513
1430,-5.504589080810547,-6.905646324157715,-7.540491104125977,-6.650242169698079
1431,-4.794620037078857,-8.029598236083984,-6.5756306648254395,-6.466616312662761
1432,-3.9815514087677,-5.094244003295898,-3.2615764141082764,-4.112457275390625
1433,-2.900878429412842,-6.095673561096191,-4.094345569610596,-4.363632520039876
1434,-3.5702998638153076,-7.802724361419678,-4.402365684509277,-5.258463303248088
1435,-5.634278297424316,-6.582694053649902,-7.00167989730835,-6.4062174161275225
1436,-3.9357259273529053,-9.848139762878418,-7.335625648498535,-7.039830446243286
1437,-5.872579574584961,-7.480210304260254,-5.0582990646362305,-6.137029647827148
1438,-2.6218159198760986,-6.850147247314453,-3.8884758949279785,-4.453479687372844
1439,-5.341367244720459,-10.581903457641602,-7.323763847351074,-7.749011516571045
1440,-4.89198112487793,-7.54801082611084,-6.860424995422363,-6.433472315470378
1441,-5.797621726989746,-7.773808002471924,-4.482685089111328,-6.018038272857666
1442,-5.146389484405518,-7.884263515472412,-5.703638553619385,-6.2447638511657715
1443,-2.6381232738494873,-5.055703163146973,-2.7156474590301514,-3.4698246320088706
1444,-2.9322948455810547,-7.287914276123047,-5.211269378662109,-5.143826166788737
1445,-3.3273675441741943,-7.678122520446777,-6.205211162567139,-5.736900409062703
1446,-5.727292537689209,-9.148184776306152,-9.954086303710938,-8.2765212059021
1447,-3.3857061862945557,-6.8069257736206055,-7.497459411621094,-5.896697123845418
1448,-4.430422306060791,-5.883037567138672,-4.426634311676025,-4.913364728291829
1449,-6.014726161956787,-9.556304931640625,-8.506223678588867,-8.02575159072876
1450,-3.078857183456421,-11.291754722595215,-4.403618335723877,-6.258076747258504
1451,-4.555912494659424,-10.5044527053833,-8.376662254333496,-7.812342484792073
1452,-4.570596694946289,-9.231856346130371,-7.978813648223877,-7.260422229766846
1453,-3.4115419387817383,-7.309319496154785,-9.26620864868164,-6.662356694539388
1454,-3.4832987785339355,-7.341825008392334,-6.547769069671631,-5.790964285532634
1455,-4.627391815185547,-9.432076454162598,-9.288023948669434,-7.782497406005859
1456,-1.5164759159088135,-5.440732002258301,-4.700956344604492,-3.886054754257202
1457,-4.078986644744873,-11.201630592346191,-10.346528053283691,-8.542381763458252
1458,-4.892040252685547,-11.022289276123047,-5.557699203491211,-7.157342910766602
1459,-2.2701170444488525,-7.650524139404297,-7.015383243560791,-5.6453414758046465
1460,-4.433644771575928,-9.45422077178955,-6.58335542678833,-6.823740323384603
1461,-3.467552661895752,-5.347023010253906,-5.31494665145874,-4.709840774536133
1462,-4.853873252868652,-10.224268913269043,-4.187276840209961,-6.421806335449219
1463,-3.5293965339660645,-8.735372543334961,-5.996312141418457,-6.087027072906494
1464,-5.5065693855285645,-5.075220108032227,-5.335516452789307,-5.305768648783366
1465,-3.045470714569092,-6.736166954040527,-6.094283580780029,-5.29197374979655
1466,-3.9772233963012695,-6.647774696350098,-5.041000843048096,-5.221999645233154
1467,-4.587108612060547,-7.171509742736816,-8.477344512939453,-6.745320955912272
1468,-3.765587091445923,-4.511889934539795,-7.586839199066162,-5.288105408350627
1469,-4.6691508293151855,-7.408710479736328,-6.3506340980529785,-6.142831802368164
1470,-5.25244140625,-10.78873348236084,-10.486771583557129,-8.84264882405599
1471,-3.0954394340515137,-7.407599449157715,-5.911454200744629,-5.471497694651286
1472,-4.345561981201172,-6.860482692718506,-9.133272171020508,-6.7797722816467285
1473,-5.72976016998291,-8.621570587158203,-8.239240646362305,-7.530190467834473
1474,-4.220595836639404,-10.228300094604492,-7.300867080688477,-7.249921003977458
1475,-3.8233590126037598,-6.041626930236816,-10.858160018920898,-6.907715320587158
1476,-4.539833068847656,-9.91693115234375,-9.128045082092285,-7.8616031010945635
1477,-4.647719860076904,-6.916205883026123,-6.0253190994262695,-5.863081614176433
1478,-5.387556552886963,-7.361336708068848,-7.664475440979004,-6.8044562339782715
1479,-1.5262037515640259,-7.10815954208374,-6.6766510009765625,-5.103671431541443
1480,-5.432502269744873,-10.030525207519531,-12.179533004760742,-9.214186827341715
1481,-4.559628963470459,-11.034358978271484,-9.606086730957031,-8.400024890899658
1482,-2.5770370960235596,-4.219356536865234,-6.142361164093018,-4.3129182656606035
1483,-3.5127196311950684,-10.664999961853027,-7.967483043670654,-7.381734212239583
1484,-3.859457015991211,-5.4347076416015625,-3.979457139968872,-4.424540599187215
1485,-4.686488628387451,-7.9808197021484375,-5.214718341827393,-5.960675557454427
1486,-4.665555477142334,-6.3561272621154785,-8.198258399963379,-6.4066470464070635
1487,-4.606325149536133,-9.885066032409668,-7.925140380859375,-7.472177187601726
1488,-5.285398483276367,-8.230143547058105,-7.013646125793457,-6.84306271870931
1489,-4.557023525238037,-5.969904899597168,-5.610391139984131,-5.379106521606445
1490,-4.455345630645752,-6.623571395874023,-7.219905376434326,-6.099607467651367
1491,-5.150018692016602,-13.161666870117188,-14.161054611206055,-10.824246724446615
1492,-5.666092395782471,-8.200187683105469,-5.1248602867126465,-6.330380121866862
1493,-5.214269638061523,-8.096295356750488,-6.393623352050781,-6.568062782287598
1494,-3.23077654838562,-8.704597473144531,-6.603203773498535,-6.1795259316762285
1495,-3.4017417430877686,-3.716337203979492,-9.219525337219238,-5.445868094762166
1496,-6.621268272399902,-12.729397773742676,-12.186527252197266,-10.512397766113281
1497,-3.7312519550323486,-6.43215799331665,-7.214163303375244,-5.792524417241414
1498,-5.854707717895508,-8.694640159606934,-9.871840476989746,-8.140396118164062
1499,-5.0971479415893555,-9.754549026489258,-8.826446533203125,-7.892714500427246
1500,-4.171994686126709,-11.515731811523438,-12.157563209533691,-9.281763235727945
1501,-5.769249439239502,-12.98074722290039,-10.268643379211426,-9.672880013783773
1502,-5.866824626922607,-11.381294250488281,-9.983811378479004,-9.07731008529663
1503,-3.896209955215454,-7.323724269866943,-3.8596725463867188,-5.026535590489705
1504,-3.9805407524108887,-9.395210266113281,-6.445250034332275,-6.607000350952148
1505,-2.996540069580078,-9.728103637695312,-7.420180797576904,-6.714941501617432
1506,-4.2844038009643555,-11.021061897277832,-10.723506927490234,-8.676324208577475
1507,-4.46811580657959,-5.728400230407715,-6.620052337646484,-5.605522791544597
1508,-5.301486968994141,-13.944308280944824,-10.480684280395508,-9.90882651011149
1509,-3.49800443649292,-7.2873454093933105,-3.906202793121338,-4.8971842130025225
1510,-4.063263893127441,-13.323968887329102,-10.852311134338379,-9.41318130493164
1511,-3.2118213176727295,-7.825023651123047,-6.986866474151611,-6.007903814315796
1512,-3.59971022605896,-10.876279830932617,-9.023038864135742,-7.833009640375773
1513,-4.479940414428711,-8.082780838012695,-5.572830677032471,-6.045183976491292
1514,-5.497231960296631,-10.381570816040039,-8.326074600219727,-8.068292458852133
1515,-5.475550651550293,-6.506872653961182,-9.574607849121094,-7.1856770515441895
1516,-4.095006942749023,-6.49041223526001,-6.541752338409424,-5.709057172139485
1517,-3.4442429542541504,-5.296313762664795,-5.6214399337768555,-4.787332216898601
1518,-3.5063021183013916,-3.175964117050171,-1.7957160472869873,-2.82599409421285
1519,-3.2948784828186035,-9.123473167419434,-5.725161075592041,-6.047837575276692
1520,-4.738132953643799,-6.62407112121582,-5.632537841796875,-5.664913972218831
1521,-2.7357006072998047,-8.513778686523438,-5.858356952667236,-5.702612082163493
1522,-3.352633237838745,-7.25382661819458,-6.195483207702637,-5.600647687911987
1523,-6.764799118041992,-8.901607513427734,-3.323093891143799,-6.329833507537842
1524,-4.259801387786865,-7.899112701416016,-7.339505672454834,-6.499473253885905
1525,-4.450244903564453,-7.326953887939453,-3.2593374252319336,-5.012178738911946
1526,-4.572094440460205,-8.887874603271484,-9.427220344543457,-7.629063129425049
1527,-3.7120938301086426,-4.477356433868408,-2.040919542312622,-3.410123268763224
1528,-4.537741661071777,-6.980792999267578,-6.847711086273193,-6.122081915537517
1529,-4.427349090576172,-6.68074893951416,-5.935742378234863,-5.681280136108398
1530,-4.067862510681152,-7.2483296394348145,-3.960054636001587,-5.092082262039185
1531,-4.080123424530029,-6.380762100219727,-3.4978063106536865,-4.652897278467814
1532,-5.996547698974609,-7.375396728515625,-6.775784492492676,-6.715909639994304
1533,-1.6151304244995117,-6.285773277282715,-5.300565719604492,-4.400489807128906
1534,-7.447306156158447,-10.637449264526367,-12.310808181762695,-10.13185453414917
1535,-3.31242299079895,-6.951813697814941,-5.219785690307617,-5.161340792973836
1536,-2.455625295639038,-9.413311958312988,-6.312294006347656,-6.0604104200998945
1537,-4.974213600158691,-6.59289026260376,-5.867506504058838,-5.81153678894043
1538,-2.6657564640045166,-6.564598560333252,-4.952484607696533,-4.727613210678101
1539,-2.818211793899536,-8.660110473632812,-8.210983276367188,-6.563101847966512
1540,-6.551307678222656,-8.476655006408691,-7.396633625030518,-7.474865436553955
1541,-4.8064799308776855,-8.911947250366211,-7.200709819793701,-6.973045667012532
1542,-4.518196105957031,-4.811522960662842,-3.6375699043273926,-4.322429656982422
1543,-4.744146347045898,-4.625081539154053,-4.084226131439209,-4.484484672546387
1544,-3.054201602935791,-6.515873432159424,-7.396406173706055,-5.65549373626709
1545,-5.315617561340332,-4.98057222366333,-3.6601438522338867,-4.652111212412517
1546,-4.246328830718994,-10.973572731018066,-8.44407844543457,-7.887993335723877
1547,-5.244583606719971,-9.356098175048828,-4.656044960021973,-6.418908913930257
1548,-3.9899027347564697,-4.965853214263916,-2.9195728302001953,-3.9584429264068604
1549,-4.843959331512451,-7.538702487945557,-8.145722389221191,-6.842794736226399
1550,-3.7406880855560303,-4.9562249183654785,-3.23557448387146,-3.9774958292643228
1551,-3.1954257488250732,-5.5523247718811035,-4.102736949920654,-4.283495823542277
1552,-3.569659471511841,-6.616538047790527,-4.934675693511963,-5.04029107093811
1553,-5.172591686248779,-5.5005011558532715,-5.945723056793213,-5.539605299631755
1554,-5.332278251647949,-5.4674248695373535,-6.100294589996338,-5.63333257039388
1555,-2.7017993927001953,-5.303792953491211,-4.616926670074463,-4.20750633875529
1556,-3.8036749362945557,-9.193394660949707,-5.861553192138672,-6.2862075964609785
1557,-5.187072277069092,-9.775920867919922,-10.837136268615723,-8.600043137868246
1558,-4.40500545501709,-3.975850820541382,-5.590326309204102,-4.657060861587524
1559,-5.238773345947266,-8.181416511535645,-8.065589904785156,-7.1619265874226885
1560,-3.789332628250122,-6.420799732208252,-5.777417182922363,-5.329183181126912
1561,-4.217092514038086,-6.514552116394043,-4.615349292755127,-5.115664641062419
1562,-3.029014825820923,-7.279538631439209,-6.957100868225098,-5.755218108495076
1563,-5.610791206359863,-8.882428169250488,-7.141363143920898,-7.211527506510417
1564,-3.5049569606781006,-7.00639009475708,-7.196232795715332,-5.902526617050171
1565,-3.5040085315704346,-5.932637691497803,-4.4426727294921875,-4.626439650853475
1566,-4.5775675773620605,-8.02280330657959,-8.63865852355957,-7.079676469167073
1567,-4.733962059020996,-6.66961145401001,-6.103158473968506,-5.835577328999837
1568,-5.627839088439941,-6.4427266120910645,-8.132491111755371,-6.734352270762126
1569,-5.6120500564575195,-7.916172027587891,-4.131069183349609,-5.886430422465007
1570,-5.181789398193359,-6.546538352966309,-4.963608264923096,-5.563978672027588
1571,-2.9149997234344482,-6.505270481109619,-6.027531623840332,-5.149267276128133
1572,-2.499934196472168,-6.008732795715332,-5.228106498718262,-4.578924496968587
1573,-3.1249568462371826,-4.509144306182861,-2.3798863887786865,-3.3379958470662436
1574,-3.8519675731658936,-4.5381927490234375,-3.8646247386932373,-4.0849283536275225
1575,-5.327001571655273,-12.825135231018066,-13.342583656311035,-10.498240152994791
1576,-4.810127258300781,-11.032018661499023,-11.087267875671387,-8.976471265157064
1577,-4.5292887687683105,-8.349413871765137,-6.4773335456848145,-6.452012062072754
1578,-5.370070934295654,-8.620161056518555,-6.495145797729492,-6.8284592628479
1579,-5.372189998626709,-10.008332252502441,-5.963903903961182,-7.114808718363444
1580,-3.5228521823883057,-6.880794048309326,-5.893748760223389,-5.432464996973674
1581,-4.915683269500732,-5.4867262840271,-6.830015182495117,-5.744141578674316
1582,-4.228753089904785,-9.011009216308594,-7.635870456695557,-6.9585442543029785
1583,-4.36074686050415,-7.96405029296875,-7.535244464874268,-6.62001387278239
1584,-5.2635297775268555,-7.200411796569824,-7.399900913238525,-6.621280829111735
1585,-1.7847473621368408,-6.088992118835449,-4.188704490661621,-4.020814657211304
1586,-3.2433135509490967,-7.827533721923828,-7.46068000793457,-6.177175760269165
1587,-2.924574851989746,-8.42011547088623,-6.608018398284912,-5.984236240386963
1588,-6.167055130004883,-7.547101020812988,-6.960949897766113,-6.891702016194661
1589,-5.219054698944092,-7.87822961807251,-7.404444217681885,-6.833909511566162
1590,-6.635283470153809,-7.3770856857299805,-9.138976097106934,-7.717115084330241
1591,-4.6053996086120605,-11.320940017700195,-10.46570873260498,-8.797349452972412
1592,-3.204674482345581,-7.517851829528809,-6.992527008056641,-5.905017773310344
1593,-4.1638593673706055,-6.781813144683838,-4.565860271453857,-5.170510927836101
1594,-3.6021904945373535,-7.245314121246338,-4.886917591094971,-5.244807402292888
1595,-4.295156478881836,-9.042780876159668,-5.937239170074463,-6.425058841705322
1596,-3.8669166564941406,-8.193324089050293,-5.761817455291748,-5.940686066945394
1597,-5.04770040512085,-6.29438591003418,-3.6747186183929443,-5.005601644515991
1598,-5.1858673095703125,-8.842324256896973,-5.400948524475098,-6.476380030314128
1599,-4.409615516662598,-11.47165298461914,-9.717665672302246,-8.532978057861328
1600,-2.621366024017334,-8.136879920959473,-6.471164226531982,-5.743136723836263
1601,-4.844824314117432,-13.457367897033691,-11.047045707702637,-9.783079306284586
1602,-3.773942708969116,-9.220471382141113,-6.072134017944336,-6.3555160363515215
1603,-4.135186672210693,-9.04342269897461,-7.417706489562988,-6.865438620249431
1604,-4.099991321563721,-7.5033745765686035,-8.04280948638916,-6.548725128173828
1605,-5.282698631286621,-8.43018913269043,-9.920417785644531,-7.877768516540527
1606,-3.358724594116211,-7.131170272827148,-4.617970943450928,-5.035955270131429
1607,-4.806478500366211,-4.3278398513793945,-4.230987548828125,-4.45510196685791
1608,-3.210597276687622,-7.981667995452881,-6.972833156585693,-6.0550328095753985
1609,-3.6247973442077637,-5.793515205383301,-5.894064903259277,-5.10412581761678
1610,-4.724920272827148,-8.459371566772461,-7.058833122253418,-6.747708320617676
1611,-3.6376259326934814,-7.750427722930908,-5.470890045166016,-5.619647900263469
1612,-5.119320869445801,-6.675697326660156,-7.49857759475708,-6.431198596954346
1613,-5.742466926574707,-13.553960800170898,-6.43753719329834,-8.577988306681315
1614,-3.4075844287872314,-10.742653846740723,-6.985774040222168,-7.045337438583374
1615,-5.558627128601074,-8.624504089355469,-5.911752700805664,-6.698294639587402
1616,-5.73940372467041,-5.7537407875061035,-5.308932781219482,-5.600692431131999
1617,-5.260611057281494,-4.507133960723877,-2.8872904777526855,-4.2183451652526855
1618,-4.779009819030762,-5.953915596008301,-6.699885845184326,-5.81093708674113
1619,-7.975478649139404,-8.00963020324707,-8.068958282470703,-8.018022378285727
1620,-5.366238594055176,-9.365340232849121,-5.637616157531738,-6.789731661478679
1621,-6.141411304473877,-6.052767753601074,-6.089245319366455,-6.094474792480469
1622,-6.142858505249023,-5.321937561035156,-5.999892711639404,-5.821562925974528
1623,-6.118139743804932,-7.3582940101623535,-6.787799835205078,-6.754744529724121
1624,-5.4450273513793945,-7.1573872566223145,-6.4648847579956055,-6.3557664553324384
1625,-6.573652267456055,-8.929523468017578,-8.867169380187988,-8.123448371887207
1626,-8.158638954162598,-11.011791229248047,-7.710355281829834,-8.960261821746826
1627,-4.438640117645264,-8.094075202941895,-5.244588375091553,-5.92576789855957
1628,-6.128274917602539,-7.749495029449463,-5.015466690063477,-6.297745545705159
1629,-7.750985622406006,-5.128132343292236,-8.475314140319824,-7.1181440353393555
1630,-9.12983512878418,-10.451624870300293,-8.682857513427734,-9.421439170837402
1631,-5.350533485412598,-7.637200355529785,-4.867269992828369,-5.951667944590251
1632,-10.008965492248535,-9.438239097595215,-8.03598690032959,-9.16106383005778
1633,-9.521970748901367,-7.74149751663208,-11.78419017791748,-9.682552814483643
1634,-10.649078369140625,-10.503703117370605,-8.897295951843262,-10.016692479451498
1635,-7.819766044616699,-6.727519512176514,-5.600370407104492,-6.715885321299235
1636,-7.066277027130127,-6.035702228546143,-6.211650848388672,-6.4378767013549805
1637,-5.200343608856201,-5.306687355041504,-4.417609214782715,-4.97488005956014
1638,-7.821845531463623,-6.311875343322754,-5.768879413604736,-6.634200096130371
1639,-9.579554557800293,-12.649365425109863,-8.132884979248047,-10.120601654052734
1640,-8.361777305603027,-9.01735782623291,-8.40407657623291,-8.594403902689615
1641,-5.246679782867432,-8.659648895263672,-7.851472854614258,-7.25260051091512
1642,-9.24173355102539,-8.660082817077637,-11.101705551147461,-9.667840639750162
1643,-6.879700660705566,-7.006062984466553,-6.616650581359863,-6.834138075510661
1644,-7.038498401641846,-5.58540153503418,-8.00368595123291,-6.8758619626363116
1645,-5.677243232727051,-9.21938705444336,-8.9807710647583,-7.959133783976237
1646,-8.479077339172363,-7.871549129486084,-8.027966499328613,-8.126197655995687
1647,-8.460787773132324,-9.595726013183594,-6.73071813583374,-8.262410640716553
1648,-4.472529411315918,-6.747877597808838,-7.043075084686279,-6.087827364603679
1649,-6.142054080963135,-8.193222999572754,-5.4676289558410645,-6.600968678792317
1650,-6.5579376220703125,-8.000385284423828,-7.147875785827637,-7.235399564107259
1651,-8.77178955078125,-8.991658210754395,-8.775541305541992,-8.846329689025879
1652,-6.370674133300781,-6.597362041473389,-6.802435398101807,-6.590157190958659
1653,-6.475452899932861,-9.076051712036133,-5.241272926330566,-6.9309258460998535
1654,-7.284438610076904,-8.235433578491211,-7.0930376052856445,-7.537636597951253
1655,-4.304870128631592,-8.962565422058105,-5.21940803527832,-6.162281195322673
1656,-5.370882034301758,-3.87662410736084,-5.027941703796387,-4.758482615152995
1657,-5.7077436447143555,-6.564496040344238,-7.362617492675781,-6.544952392578125
1658,-5.908432483673096,-8.118326187133789,-5.712338447570801,-6.5796990394592285
1659,-9.722004890441895,-9.689469337463379,-8.695460319519043,-9.368978182474772
1660,-7.619280815124512,-7.25210428237915,-8.645023345947266,-7.838802814483643
1661,-8.412423133850098,-9.196578979492188,-8.703850746154785,-8.77095095316569
1662,-7.388023376464844,-5.836446285247803,-6.4602179527282715,-6.561562538146973
1663,-5.983610153198242,-6.272982120513916,-6.241487503051758,-6.166026592254639
1664,-5.6462082862854,-9.971450805664062,-5.927128314971924,-7.181595802307129
1665,-4.313482761383057,-7.974093914031982,-6.197338581085205,-6.161638418833415
1666,-5.65445613861084,-6.573545932769775,-7.363537788391113,-6.530513286590576
1667,-4.5816874504089355,-6.404349327087402,-6.735383987426758,-5.907140254974365
1668,-6.311934947967529,-5.524888038635254,-4.151682376861572,-5.329501787821452
1669,-7.687370300292969,-10.16831111907959,-4.631894588470459,-7.495858669281006
1670,-7.793835163116455,-9.564657211303711,-9.50135612487793,-8.953282833099365
1671,-4.625644683837891,-6.558149814605713,-8.167911529541016,-6.450568675994873
1672,-7.400927543640137,-10.220352172851562,-7.921070098876953,-8.514116605122885
1673,-8.175429344177246,-8.825562477111816,-7.365363597869873,-8.122118473052979
1674,-7.582639217376709,-7.309395790100098,-5.073676586151123,-6.655237197875977
1675,-6.358731746673584,-8.589594841003418,-7.412476539611816,-7.453601042429606
1676,-7.709407806396484,-9.106870651245117,-6.639773845672607,-7.818684101104736
1677,-7.817075252532959,-8.31108283996582,-6.3340349197387695,-7.48739767074585
1678,-6.809099197387695,-8.162335395812988,-9.930926322937012,-8.300786972045898
1679,-10.191329956054688,-12.170111656188965,-8.263612747192383,-10.208351453145346
1680,-11.252618789672852,-9.829254150390625,-10.00220012664795,-10.361357688903809
1681,-5.8566412925720215,-9.717991828918457,-7.702711582183838,-7.759114901224772
1682,-9.497978210449219,-9.056218147277832,-9.213262557983398,-9.25581963857015
1683,-6.599249839782715,-5.7267231941223145,-5.105034351348877,-5.810335795084636
1684,-10.257587432861328,-10.56313419342041,-11.780586242675781,-10.86710262298584
1685,-12.471321105957031,-13.453702926635742,-9.278592109680176,-11.734538714090982
1686,-6.638875961303711,-7.551032543182373,-7.026806831359863,-7.072238445281982
1687,-9.812862396240234,-12.091123580932617,-10.730111122131348,-10.878032366434732
1688,-10.395018577575684,-10.663761138916016,-10.369353294372559,-10.476044336954752
1689,-10.686050415039062,-9.120118141174316,-9.84777545928955,-9.884648005167643
1690,-5.10788106918335,-4.647095203399658,-5.500194072723389,-5.085056781768799
1691,-7.83530855178833,-10.154675483703613,-8.441252708435059,-8.810412247975668
1692,-8.752315521240234,-9.420331001281738,-8.151577949523926,-8.774741490681967
1693,-11.036779403686523,-10.647687911987305,-9.740683555603027,-10.475050290425619
1694,-10.843563079833984,-10.104670524597168,-7.247014045715332,-9.398415883382162
1695,-4.2150702476501465,-7.158047676086426,-5.836574554443359,-5.7365641593933105
1696,-5.029640197753906,-8.785475730895996,-7.685911655426025,-7.167009194691976
1697,-11.811959266662598,-11.714560508728027,-7.592057228088379,-10.372859001159668
1698,-12.125768661499023,-10.598947525024414,-7.277568817138672,-10.00076166788737
1699,-5.871657371520996,-7.000566005706787,-5.05512809753418,-5.975783824920654
1700,-5.242947101593018,-7.308873653411865,-6.77417516708374,-6.441998640696208
1701,-5.554054260253906,-8.997169494628906,-7.220150947570801,-7.257124900817871
1702,-7.453255653381348,-9.13647747039795,-7.88913106918335,-8.159621397654215
1703,-10.709541320800781,-10.212860107421875,-9.41828441619873,-10.113561948140463
1704,-8.885079383850098,-6.8928117752075195,-5.8839569091796875,-7.2206160227457685
1705,-7.871671676635742,-9.895413398742676,-6.797996997833252,-8.188360691070557
1706,-7.172000408172607,-8.892997741699219,-9.354336738586426,-8.473111629486084
1707,-7.6134514808654785,-9.594429969787598,-8.217535972595215,-8.475139141082764
1708,-8.775186538696289,-10.615168571472168,-5.228071689605713,-8.20614226659139
1709,-6.821896553039551,-10.470243453979492,-7.484040260314941,-8.258726755777994
1710,-12.507755279541016,-11.216552734375,-8.036797523498535,-10.587035179138184
1711,-11.020709037780762,-10.253825187683105,-10.07269287109375,-10.449075698852539
1712,-6.619065761566162,-5.907630920410156,-6.910147666931152,-6.47894811630249
1713,-4.17498779296875,-3.923443555831909,-3.2741899490356445,-3.7908737659454346
1714,-9.24107551574707,-8.83362102508545,-9.326400756835938,-9.133699099222818
1715,-13.575990676879883,-12.660050392150879,-11.59788703918457,-12.611309369405111
1716,-12.382891654968262,-10.604206085205078,-8.40499210357666,-10.464029947916666
1717,-6.382596015930176,-7.804911136627197,-11.135969161987305,-8.441158771514893
1718,-9.62253189086914,-12.304535865783691,-8.579906463623047,-10.168991406758627
1719,-3.996345043182373,-6.3979268074035645,-5.373767852783203,-5.25601323445638
1720,-8.519705772399902,-6.827588081359863,-7.724464416503906,-7.690586090087891
1721,-7.073099136352539,-7.952800273895264,-4.6154704093933105,-6.547123273213704
1722,-8.360119819641113,-10.49939250946045,-10.578153610229492,-9.812555313110352
1723,-8.484116554260254,-7.698025703430176,-6.501758575439453,-7.561300277709961
1724,-11.445009231567383,-10.280265808105469,-8.987581253051758,-10.237618764241537
1725,-7.850856781005859,-8.345162391662598,-7.758657932281494,-7.98489236831665
1726,-5.672837734222412,-5.166116237640381,-5.872902870178223,-5.570618947347005
1727,-6.30195951461792,-6.807377815246582,-5.196462154388428,-6.1019331614176435
1728,-5.980230331420898,-7.332957744598389,-6.543187141418457,-6.618791739145915
1729,-6.077897548675537,-4.977633476257324,-3.9059197902679443,-4.987150271733602
1730,-6.416786193847656,-7.082925796508789,-8.265751838684082,-7.255154609680176
1731,-7.430404186248779,-8.07624340057373,-8.539775848388672,-8.015474478403727
1732,-6.332871437072754,-7.0526933670043945,-7.709367275238037,-7.0316440264383955
1733,-6.670297145843506,-7.5727105140686035,-7.963493347167969,-7.402167002360026
1734,-10.105569839477539,-10.897480964660645,-10.597806930541992,-10.533619244893393
1735,-6.7688679695129395,-9.447694778442383,-8.468541145324707,-8.228367964426676
1736,-4.357261657714844,-4.500058650970459,-5.34533166885376,-4.7342173258463545
1737,-7.078677177429199,-8.894479751586914,-4.692012310028076,-6.8883897463480634
1738,-5.143037796020508,-9.357379913330078,-7.778794765472412,-7.426404158274333
1739,-10.0723295211792,-10.024262428283691,-6.135560989379883,-8.744050979614258
1740,-5.978085041046143,-7.767373085021973,-7.282960891723633,-7.009473005930583
1741,-4.68287467956543,-5.601022720336914,-4.503133773803711,-4.929010391235352
1742,-6.137662887573242,-6.136496543884277,-4.799463748931885,-5.691207726796468
1743,-5.599054336547852,-5.0788140296936035,-3.7703986167907715,-4.816088994344075
1744,-8.171792984008789,-9.564870834350586,-5.968221187591553,-7.901628335316976
1745,-6.291256427764893,-5.690884590148926,-6.369225978851318,-6.117122332255046
1746,-7.4858503341674805,-8.808975219726562,-9.809101104736328,-8.701308886210123
1747,-6.881194114685059,-7.433054447174072,-7.3582305908203125,-7.2241597175598145
1748,-5.814852237701416,-6.739137649536133,-5.2285308837890625,-5.927506923675537
1749,-7.083305835723877,-8.246203422546387,-7.639732837677002,-7.656414031982422
1750,-6.290492534637451,-6.961564540863037,-5.91552209854126,-6.389193058013916
1751,-6.313796043395996,-6.197390079498291,-5.919269561767578,-6.143485228220622
1752,-7.341763496398926,-8.669672012329102,-6.565569877624512,-7.525668462117513
1753,-6.8915252685546875,-9.413851737976074,-7.492410182952881,-7.932595729827881
1754,-6.570413112640381,-8.466201782226562,-6.6425700187683105,-7.226394971211751
1755,-6.545584678649902,-8.42970085144043,-5.680830001831055,-6.885371843973796
1756,-7.398037910461426,-8.585179328918457,-5.480462551116943,-7.154559930165608
1757,-7.033044815063477,-8.524115562438965,-6.733315944671631,-7.430158774058024
1758,-10.300435066223145,-9.351000785827637,-9.198030471801758,-9.616488774617514
1759,-3.946542978286743,-6.232505798339844,-8.725728034973145,-6.301592270533244
1760,-8.330798149108887,-8.779726028442383,-5.723543167114258,-7.611355781555176
1761,-9.149723052978516,-7.970606327056885,-9.288597106933594,-8.802975495656332
1762,-7.418431282043457,-8.206122398376465,-6.457788944244385,-7.3607808748881025
1763,-6.960579872131348,-11.069755554199219,-7.973214626312256,-8.667850017547607
1764,-7.116039752960205,-8.658071517944336,-9.406425476074219,-8.39351224899292
1765,-6.079843044281006,-7.80143404006958,-8.044966697692871,-7.308747927347819
1766,-8.417956352233887,-8.68160343170166,-7.674801826477051,-8.2581205368042
1767,-8.077820777893066,-7.986057758331299,-7.071805477142334,-7.711894671122233
1768,-7.668535232543945,-5.230015754699707,-7.541871547698975,-6.813474178314209
1769,-8.128596305847168,-9.956684112548828,-9.301712036132812,-9.128997484842936
1770,-5.178936004638672,-10.79787540435791,-7.093234539031982,-7.6900153160095215
1771,-7.492519378662109,-7.111540794372559,-5.175982475280762,-6.593347549438477
1772,-5.470418930053711,-8.152287483215332,-5.635874271392822,-6.419526894887288
1773,-5.837947368621826,-4.615947723388672,-4.177331447601318,-4.8770755132039385
1774,-7.785357475280762,-9.702016830444336,-6.425695896148682,-7.971023400624593
1775,-6.861138820648193,-6.931874752044678,-6.652052402496338,-6.815021991729736
1776,-8.505655288696289,-7.223109245300293,-6.553911209106445,-7.427558581034343
1777,-3.0895180702209473,-3.941176652908325,-3.6661508083343506,-3.565615177154541
1778,-4.569279670715332,-6.6035685539245605,-3.668617010116577,-4.947155078252156
1779,-7.760540962219238,-8.660660743713379,-6.955358505249023,-7.792186737060547
1780,-6.115930080413818,-7.338232040405273,-5.063908576965332,-6.172690232594808
1781,-3.3256430625915527,-9.83368968963623,-8.518289566040039,-7.225874106089274
1782,-6.06227445602417,-8.605360984802246,-8.484210014343262,-7.717281818389893
1783,-8.2376127243042,-8.840376853942871,-9.751023292541504,-8.943004290262857
1784,-7.729824066162109,-7.163210391998291,-6.588376522064209,-7.160470326741536
1785,-5.114760398864746,-6.302706718444824,-5.416215896606445,-5.611227671305339
1786,-10.304367065429688,-10.34108829498291,-8.428606033325195,-9.691353797912598
1787,-7.167295932769775,-8.901350975036621,-6.620999813079834,-7.563215573628743
1788,-8.767841339111328,-8.622642517089844,-10.153584480285645,-9.181356112162272
1789,-4.080557823181152,-9.673760414123535,-7.1262593269348145,-6.960192521413167
1790,-11.063332557678223,-10.530620574951172,-8.898761749267578,-10.164238293965658
1791,-11.950757026672363,-10.367209434509277,-9.615215301513672,-10.644393920898438
1792,-5.874828338623047,-8.381294250488281,-6.452890872955322,-6.90300448735555
1793,-8.0664644241333,-7.872061729431152,-9.672348976135254,-8.536958376566568
1794,-7.419147968292236,-7.619420528411865,-6.4523701667785645,-7.163646221160889
1795,-6.942744255065918,-8.344879150390625,-5.334264278411865,-6.87396256128947
1796,-6.830763339996338,-8.257376670837402,-6.641900539398193,-7.2433468500773115
1797,-6.133419990539551,-5.696831226348877,-4.930721759796143,-5.58699099222819
1798,-7.203125,-6.81027889251709,-7.888766765594482,-7.300723552703857
1799,-8.653924942016602,-10.758102416992188,-8.544824600219727,-9.318950653076172
1800,-12.392293930053711,-9.281957626342773,-9.55826473236084,-10.410838762919107
1801,-7.839107990264893,-11.081826210021973,-8.411735534667969,-9.110889911651611
1802,-11.061347961425781,-10.054208755493164,-9.130168914794922,-10.081908543904623
1803,-2.1099648475646973,-6.719619274139404,-8.052471160888672,-5.627351760864258
1804,-9.339829444885254,-7.274264335632324,-6.990265369415283,-7.868119716644287
1805,-6.327413082122803,-8.767233848571777,-7.551425457000732,-7.5486907958984375
1806,-6.7568182945251465,-9.60473918914795,-5.920650005340576,-7.427402496337891
1807,-7.064230918884277,-5.359645843505859,-6.549836158752441,-6.324570973714192
1808,-8.162299156188965,-8.127584457397461,-6.5522260665893555,-7.614036560058594
1809,-6.416699409484863,-6.479701995849609,-6.985270023345947,-6.62722380956014
1810,-7.431673049926758,-7.6774702072143555,-7.408071041107178,-7.505738099416097
1811,-8.001389503479004,-9.22497844696045,-6.988101959228516,-8.071489969889322
1812,-5.798494338989258,-7.891324520111084,-8.240854263305664,-7.310224374135335
1813,-5.38422966003418,-4.189703941345215,-4.063584327697754,-4.545839309692383
1814,-7.584194183349609,-9.590381622314453,-9.021430015563965,-8.732001940409342
1815,-6.325435638427734,-7.341769695281982,-5.778958320617676,-6.482054551442464
1816,-4.454761028289795,-5.55851936340332,-5.415458679199219,-5.142913023630778
1817,-8.766594886779785,-8.200909614562988,-5.967082500457764,-7.644862333933513
1818,-4.2066121101379395,-4.790388107299805,-4.479852199554443,-4.4922841389973955
1819,-5.5597147941589355,-5.554303169250488,-5.7715935707092285,-5.628537178039551
1820,-6.300744533538818,-6.380743026733398,-7.619351387023926,-6.766946315765381
1821,-7.2983503341674805,-9.08279800415039,-7.269937515258789,-7.883695284525554
1822,-5.078412055969238,-4.185992240905762,-4.441955089569092,-4.56878646214803
1823,-8.096423149108887,-9.733302116394043,-7.468463897705078,-8.432729721069336
1824,-8.476350784301758,-8.021238327026367,-9.226439476013184,-8.574676195780436
1825,-7.904708385467529,-7.569555759429932,-7.6187872886657715,-7.697683811187744
1826,-3.058948040008545,-4.870319366455078,-5.242434978485107,-4.390567461649577
1827,-6.547283172607422,-7.704974174499512,-5.315049648284912,-6.522435665130615
1828,-5.864267826080322,-6.588097095489502,-5.32648229598999,-5.9262824058532715
1829,-8.763867378234863,-9.742668151855469,-7.3083391189575195,-8.604958216349283
1830,-8.973119735717773,-9.49445629119873,-12.057289123535156,-10.174955050150553
1831,-8.800463676452637,-9.399975776672363,-7.197592258453369,-8.466010570526123
1832,-8.55092716217041,-7.860990047454834,-7.032660007476807,-7.814859072367351
1833,-8.81440258026123,-9.34736442565918,-6.64538049697876,-8.269049167633057
1834,-5.571087837219238,-8.137328147888184,-4.492289066314697,-6.066901683807373
1835,-7.003288745880127,-7.8130388259887695,-9.785902976989746,-8.200743516286215
1836,-11.129088401794434,-10.726532936096191,-7.786181926727295,-9.880601088205973
1837,-8.287365913391113,-9.705376625061035,-8.606520652770996,-8.866421063741049
1838,-7.186115264892578,-6.816922664642334,-8.136908531188965,-7.379982153574626
1839,-7.164592266082764,-9.188756942749023,-8.280253410339355,-8.211200873057047
1840,-8.068634986877441,-9.901603698730469,-9.967432022094727,-9.312556902567545
1841,-8.957897186279297,-8.126821517944336,-7.309203624725342,-8.131307442982992
1842,-5.906124591827393,-7.316774368286133,-6.696963310241699,-6.639954090118408
1843,-8.40250301361084,-7.642091274261475,-9.30860710144043,-8.451067129770914
1844,-9.97171401977539,-9.13561725616455,-9.451977729797363,-9.519769668579102
1845,-7.518687725067139,-8.943520545959473,-5.349851131439209,-7.2706864674886065
1846,-7.1667585372924805,-7.279440402984619,-7.945859432220459,-7.4640194574991865
1847,-6.3470025062561035,-6.8321123123168945,-5.683772563934326,-6.287629127502441
1848,-9.031693458557129,-7.307388782501221,-5.930119037628174,-7.423067092895508
1849,-7.605127811431885,-10.138556480407715,-8.316017150878906,-8.686567147572836
1850,-10.091222763061523,-8.264684677124023,-9.818061828613281,-9.39132308959961
1851,-5.151274681091309,-5.182779312133789,-6.372499942779541,-5.568851312001546
1852,-9.27814769744873,-12.502452850341797,-8.785489082336426,-10.18869654337565
1853,-3.9034194946289062,-7.240691661834717,-10.199007987976074,-7.1143730481465655
1854,-5.267027378082275,-6.102488994598389,-6.501387119293213,-5.956967830657959
1855,-6.065592288970947,-7.626538276672363,-7.30886697769165,-7.000332514444987
1856,-5.945754051208496,-6.381947994232178,-7.947018623352051,-6.758240222930908
1857,-6.017665386199951,-5.859633922576904,-6.627254962921143,-6.168184757232666
1858,-6.9243388175964355,-6.440535545349121,-7.288547039031982,-6.88447380065918
1859,-7.9761223793029785,-9.718998908996582,-9.309989929199219,-9.00170373916626
1860,-6.257646083831787,-10.204944610595703,-6.921391010284424,-7.794660568237305
1861,-4.72651481628418,-8.819211959838867,-6.3151750564575195,-6.6203006108601885
1862,-6.5531697273254395,-9.50206184387207,-7.128290176391602,-7.727840582529704
1863,-6.343852519989014,-9.153375625610352,-8.898390769958496,-8.131872971852621
1864,-9.308438301086426,-9.496550559997559,-9.439157485961914,-9.414715449015299
1865,-8.256173133850098,-7.2606706619262695,-9.372221946716309,-8.296355247497559
1866,-6.654642581939697,-8.181903839111328,-7.557575702667236,-7.464707374572754
1867,-8.395631790161133,-9.580793380737305,-7.119564056396484,-8.36532974243164
1868,-6.721877098083496,-7.5513224601745605,-5.781847953796387,-6.685015837351481
1869,-6.868027210235596,-5.4477763175964355,-4.1280598640441895,-5.481287797292073
1870,-4.827933311462402,-4.748171329498291,-3.1157066822052,-4.230603774388631
1871,-6.543933391571045,-7.348260402679443,-5.896600246429443,-6.596264680226644
1872,-7.014995098114014,-6.45235013961792,-5.568333625793457,-6.345226287841797
1873,-5.94828462600708,-9.52677059173584,-7.486720085144043,-7.653925100962321
1874,-8.40813159942627,-8.63915729522705,-7.119926452636719,-8.05573844909668
1875,-5.532482624053955,-7.750276565551758,-4.600478649139404,-5.961079279581706
1876,-6.997328758239746,-6.469479084014893,-4.700934886932373,-6.055914243062337
1877,-6.733331680297852,-9.345209121704102,-8.497727394104004,-8.192089398701986
1878,-8.708667755126953,-9.59382152557373,-7.63251256942749,-8.64500061670939
1879,-7.44125509262085,-7.262520790100098,-6.585262775421143,-7.096346219380696
1880,-7.877081394195557,-7.500282287597656,-9.452977180480957,-8.276780287424723
1881,-4.500664710998535,-6.238515377044678,-3.8969790935516357,-4.878719727198283
1882,-11.559514045715332,-11.019327163696289,-11.64062786102295,-11.406489690144857
1883,-6.57604455947876,-5.762845039367676,-8.35147476196289,-6.896788120269775
1884,-7.757272720336914,-11.408080101013184,-7.957882404327393,-9.041078408559164
1885,-7.650478363037109,-9.23872184753418,-7.445272922515869,-8.111491044362387
1886,-7.465841293334961,-7.820556640625,-7.718352794647217,-7.6682502428690595
1887,-9.776345252990723,-8.438530921936035,-7.554093837738037,-8.589656670888266
1888,-6.149206161499023,-6.972904205322266,-6.232173919677734,-6.451428095499675
1889,-3.2909905910491943,-11.627065658569336,-7.203359127044678,-7.373805125554402
1890,-7.07114839553833,-6.853623390197754,-4.540714263916016,-6.1551620165507
1891,-9.384185791015625,-8.993486404418945,-12.754112243652344,-10.377261479695639
1892,-10.42197036743164,-10.124079704284668,-10.351097106933594,-10.299049059549967
1893,-7.094883918762207,-9.077690124511719,-8.89228343963623,-8.354952494303385
1894,-7.965461730957031,-9.725257873535156,-4.289788246154785,-7.326835950215657
1895,-7.143209457397461,-11.281264305114746,-7.456125259399414,-8.626866340637207
1896,-7.909967422485352,-10.027067184448242,-10.107486724853516,-9.34817377726237
1897,-7.248728275299072,-8.516648292541504,-7.8080363273620605,-7.857804298400879
1898,-6.719956874847412,-6.235477924346924,-7.037935733795166,-6.664456844329834
1899,-9.629939079284668,-9.188332557678223,-8.941876411437988,-9.253382682800293
1900,-6.77764892578125,-6.667604923248291,-5.897925853729248,-6.447726567586263
1901,-8.91636848449707,-8.313483238220215,-6.973708152770996,-8.067853291829428
1902,-8.87802505493164,-11.14450740814209,-7.826261043548584,-9.282931168874105
1903,-11.060285568237305,-8.92790699005127,-10.288721084594727,-10.092304547627768
1904,-6.284763336181641,-10.286020278930664,-7.3956379890441895,-7.988807201385498
1905,-7.221268653869629,-7.717658996582031,-6.8206610679626465,-7.2531962394714355
1906,-7.309859752655029,-5.642475128173828,-6.905823707580566,-6.619386196136475
1907,-6.060457706451416,-7.689333438873291,-8.904536247253418,-7.551442464192708
1908,-9.822848320007324,-9.244943618774414,-8.447190284729004,-9.171660741170248
1909,-8.100221633911133,-8.557665824890137,-7.124040603637695,-7.927309354146321
1910,-7.111477375030518,-9.370479583740234,-7.641728401184082,-8.041228453318277
1911,-6.167030334472656,-6.218705654144287,-5.076597690582275,-5.820777893066406
1912,-9.840128898620605,-10.223039627075195,-9.432247161865234,-9.831805229187012
1913,-8.40301513671875,-7.174837112426758,-10.086295127868652,-8.554715792338053
1914,-7.539175987243652,-7.664391994476318,-7.959184169769287,-7.720917383829753
1915,-9.027375221252441,-10.975407600402832,-8.37074089050293,-9.457841237386068
1916,-11.710602760314941,-10.533712387084961,-10.632865905761719,-10.959060351053873
1917,-9.409453392028809,-8.630988121032715,-9.303984642028809,-9.114808718363443
1918,-8.56468391418457,-8.23404312133789,-8.449764251708984,-8.416163762410482
1919,-6.406756401062012,-5.358791828155518,-4.7285308837890625,-5.498026371002197
1920,-6.989221096038818,-5.755869388580322,-5.667314529418945,-6.137468338012695
1921,-6.2506489753723145,-5.872865200042725,-5.562870979309082,-5.895461718241374
1922,-8.258810997009277,-7.875919342041016,-7.789964199066162,-7.974898179372151
1923,-6.764008522033691,-8.392796516418457,-9.094755172729492,-8.083853403727213
1924,-3.8925366401672363,-4.521440505981445,-4.037411689758301,-4.150462945302327
1925,-10.430419921875,-9.163458824157715,-8.784504890441895,-9.459461212158203
1926,-8.641060829162598,-7.150975704193115,-9.296310424804688,-8.3627823193868
1927,-8.440043449401855,-7.251145362854004,-7.800711154937744,-7.830633322397868
1928,-8.814047813415527,-5.431337833404541,-8.727149963378906,-7.657511870066325
1929,-9.321245193481445,-7.986841201782227,-6.908299922943115,-8.072128772735596
1930,-9.293309211730957,-8.215596199035645,-9.788334846496582,-9.099080085754395
1931,-8.102614402770996,-8.091150283813477,-5.555974006652832,-7.2499128977457685
1932,-8.070833206176758,-9.651095390319824,-4.148139476776123,-7.290022691090901
1933,-8.251382827758789,-8.52452564239502,-9.767354965209961,-8.84775447845459
1934,-9.858838081359863,-10.080819129943848,-8.433927536010742,-9.45786158243815
1935,-8.107352256774902,-6.90840482711792,-6.126967906951904,-7.047574996948242
1936,-7.084315776824951,-6.421019554138184,-4.071533679962158,-5.858956336975098
1937,-10.613436698913574,-6.417551517486572,-7.081823348999023,-8.037603855133057
1938,-9.877854347229004,-7.996870517730713,-7.322333812713623,-8.399019559224447
1939,-5.4363579750061035,-6.062176704406738,-4.759568214416504,-5.419367631276448
1940,-7.148841381072998,-5.6578288078308105,-9.467916488647461,-7.424862225850423
1941,-10.998672485351562,-8.871828079223633,-7.472700119018555,-9.114400227864584
1942,-8.2177734375,-6.763987064361572,-7.386330604553223,-7.456030368804932
1943,-8.1404390335083,-6.014031410217285,-5.0521016120910645,-6.402190685272217
1944,-6.6622185707092285,-5.7153496742248535,-5.957029342651367,-6.111532529195149
1945,-12.009980201721191,-10.913527488708496,-8.99916934967041,-10.640892346700033
1946,-7.514199256896973,-8.457526206970215,-5.316836357116699,-7.096187273661296
1947,-6.435283184051514,-5.823454856872559,-4.240206241607666,-5.499648094177246
1948,-6.175786972045898,-7.455078601837158,-4.575061798095703,-6.068642457326253
1949,-5.233631610870361,-8.657206535339355,-12.095892906188965,-8.662243684132894
1950,-7.13712215423584,-7.714356899261475,-4.722297191619873,-6.5245920817057295
1951,-6.945646286010742,-6.202782154083252,-5.657031536102295,-6.268486658732097
1952,-9.306891441345215,-10.308147430419922,-8.483992576599121,-9.36634381612142
1953,-5.853719234466553,-7.43881893157959,-5.516894340515137,-6.269810835520427
1954,-7.6293559074401855,-6.607828617095947,-5.591389179229736,-6.609524567921956
1955,-9.209627151489258,-5.937480926513672,-7.9784955978393555,-7.708534558614095
1956,-5.4330925941467285,-5.450028419494629,-5.347946643829346,-5.410355885823567
1957,-8.933048248291016,-6.882935523986816,-6.434382438659668,-7.416788736979167
1958,-8.777064323425293,-11.49323844909668,-8.061631202697754,-9.443977991739908
1959,-9.01278305053711,-7.26364278793335,-8.882691383361816,-8.386372407277426
1960,-7.912204742431641,-6.886706829071045,-3.3114240169525146,-6.036778529485066
1961,-8.751707077026367,-12.093971252441406,-7.934807777404785,-9.59349536895752
1962,-5.517638206481934,-5.348323345184326,-5.4225029945373535,-5.429488182067871
1963,-6.639355659484863,-7.236329555511475,-5.754560947418213,-6.543415387471517
1964,-8.891315460205078,-9.100137710571289,-12.704591751098633,-10.232014973958334
1965,-8.064435005187988,-7.928502559661865,-7.71945333480835,-7.904130299886067
1966,-11.246532440185547,-11.02194881439209,-8.799806594848633,-10.356095949808756
1967,-6.255578994750977,-4.933323383331299,-5.343067169189453,-5.510656515757243
1968,-8.859569549560547,-6.663926124572754,-6.27134370803833,-7.264946460723877
1969,-8.972908020019531,-6.469426155090332,-8.17060661315918,-7.870980262756348
1970,-7.2777628898620605,-6.455392360687256,-5.749696254730225,-6.494283835093181
1971,-9.332660675048828,-8.428924560546875,-8.43704605102539,-8.732877095540365
1972,-11.054573059082031,-7.778199672698975,-7.922519207000732,-8.91843064626058
1973,-9.287111282348633,-9.817091941833496,-6.325923919677734,-8.476709047953287
1974,-10.58581256866455,-6.312313079833984,-5.56712007522583,-7.488415241241455
1975,-10.525306701660156,-9.556750297546387,-7.657512187957764,-9.246523062388102
1976,-11.074488639831543,-8.17115306854248,-7.6652727127075195,-8.970304807027182
1977,-7.31139612197876,-10.325681686401367,-6.195126533508301,-7.9440681139628095
1978,-6.289764881134033,-6.480222702026367,-3.8741683959960938,-5.548051993052165
1979,-6.818999290466309,-6.055851936340332,-6.422459602355957,-6.432436943054199
1980,-13.09459400177002,-10.516087532043457,-11.545550346374512,-11.718743960062662
1981,-9.043031692504883,-9.555643081665039,-5.98896598815918,-8.195880254109701
1982,-12.440152168273926,-12.458732604980469,-12.844316482543945,-12.581067085266113
1983,-12.385843276977539,-11.289263725280762,-12.094475746154785,-11.92319424947103
1984,-8.002813339233398,-8.609960556030273,-6.777585506439209,-7.796786467234294
1985,-10.182811737060547,-9.44148063659668,-9.655912399291992,-9.76006825764974
1986,-10.912100791931152,-10.945345878601074,-11.409046173095703,-11.088830947875977
1987,-12.169133186340332,-10.899312019348145,-9.185090065002441,-10.751178423563639
1988,-9.961807250976562,-13.818739891052246,-13.245787620544434,-12.342111587524414
1989,-8.64328670501709,-7.5519866943359375,-5.348466396331787,-7.1812465985616045
1990,-7.998387813568115,-7.6993303298950195,-8.936302185058594,-8.211340109507242
1991,-6.440757751464844,-6.298551559448242,-4.3887038230896,-5.7093377113342285
1992,-6.781225681304932,-6.162591934204102,-7.094149112701416,-6.679322242736816
1993,-8.536270141601562,-9.709980964660645,-9.058399200439453,-9.101550102233887
1994,-8.874650001525879,-10.572941780090332,-10.460993766784668,-9.969528516133627
1995,-11.544414520263672,-10.742047309875488,-10.696325302124023,-10.99426237742106
1996,-6.647060394287109,-6.8719162940979,-5.7462921142578125,-6.421756267547607
1997,-8.533672332763672,-9.160015106201172,-6.587077617645264,-8.09358835220337
1998,-7.058767795562744,-7.272768974304199,-9.606169700622559,-7.979235490163167
1999,-6.904756546020508,-6.181987762451172,-8.691678047180176,-7.259474118550618
2000,-5.444782257080078,-6.468029499053955,-6.480145454406738,-6.130985736846924
2001,-8.713263511657715,-9.947491645812988,-7.557370185852051,-8.739375114440918
2002,-6.462163925170898,-7.661678314208984,-7.935280799865723,-7.353041013081868
2003,-6.8312788009643555,-6.627868175506592,-4.535139083862305,-5.998095353444417
2004,-5.864337921142578,-7.422419548034668,-2.9969136714935303,-5.427890380223592
2005,-10.29364013671875,-6.899664402008057,-10.482500076293945,-9.225268205006918
2006,-9.634500503540039,-9.861395835876465,-7.7736592292785645,-9.08985185623169
2007,-11.905048370361328,-12.64362621307373,-11.015893936157227,-11.854856173197428
2008,-9.677041053771973,-8.808073043823242,-8.143868446350098,-8.876327514648438
2009,-8.129181861877441,-7.654238224029541,-7.349339962005615,-7.710920015970866
2010,-9.097012519836426,-6.2098565101623535,-7.073698043823242,-7.460189024607341
2011,-8.569167137145996,-7.286193370819092,-6.0621867179870605,-7.305849075317383
2012,-10.308324813842773,-7.641238689422607,-8.357514381408691,-8.769025961558023
2013,-8.400904655456543,-10.743119239807129,-5.424639701843262,-8.189554532368978
2014,-12.825260162353516,-10.94597053527832,-12.90848445892334,-12.226571718851725
2015,-9.284500122070312,-8.972505569458008,-8.242729187011719,-8.833244959513346
2016,-7.11185884475708,-4.762650966644287,-7.8339524269104,-6.569487412770589
2017,-7.7889404296875,-9.73430061340332,-6.982875347137451,-8.168705463409424
2018,-8.13351058959961,-6.988154888153076,-7.836307048797607,-7.652657508850098
2019,-6.374627590179443,-7.102807998657227,-5.990818023681641,-6.4894178708394366
2020,-5.506582736968994,-8.235434532165527,-7.296894073486328,-7.012970447540283
2021,-5.535516262054443,-8.236276626586914,-10.813243865966797,-8.19501225153605
2022,-10.521467208862305,-7.46900749206543,-5.579769134521484,-7.856747945149739
2023,-8.332967758178711,-8.324735641479492,-10.557172775268555,-9.071625391642252
2024,-8.550850868225098,-8.554659843444824,-12.333680152893066,-9.813063621520996
2025,-10.338325500488281,-12.192376136779785,-7.135665416717529,-9.8887890179952
2026,-9.086910247802734,-9.44968318939209,-7.420434951782227,-8.652342796325684
2027,-8.628610610961914,-10.422598838806152,-6.013979911804199,-8.355063120524088
2028,-6.379265785217285,-7.242919445037842,-7.286660671234131,-6.969615300496419
2029,-10.476795196533203,-7.986851215362549,-7.45025110244751,-8.63796583811442
2030,-9.091957092285156,-10.912134170532227,-6.366055965423584,-8.790049076080322
2031,-8.316061019897461,-7.79721212387085,-6.99798583984375,-7.7037529945373535
2032,-6.9329986572265625,-7.417232513427734,-5.212087631225586,-6.520772933959961
2033,-9.981480598449707,-9.891023635864258,-8.61583137512207,-9.496111869812012
2034,-4.876844882965088,-4.725744247436523,-4.734577655792236,-4.779055595397949
2035,-10.873922348022461,-9.087630271911621,-13.645304679870605,-11.202285766601562
2036,-5.53410530090332,-6.361465930938721,-6.159490585327148,-6.0183539390563965
2037,-6.867834568023682,-6.559711933135986,-7.110212326049805,-6.845919609069824
2038,-5.841517925262451,-7.584961891174316,-2.901190757751465,-5.442556858062744
2039,-7.691311359405518,-7.4732890129089355,-5.108144283294678,-6.75758155186971
2040,-6.86782169342041,-5.624750137329102,-2.0390264987945557,-4.8438661098480225
2041,-9.950883865356445,-8.768314361572266,-10.882165908813477,-9.867121378580729
2042,-5.867003917694092,-5.6856560707092285,-5.485546112060547,-5.679402033487956
2043,-7.933956146240234,-5.48420524597168,-5.750415325164795,-6.389525572458903
2044,-12.176679611206055,-10.920683860778809,-11.625114440917969,-11.574159304300943
2045,-9.41405963897705,-10.005596160888672,-8.068914413452148,-9.162856737772623
2046,-10.895687103271484,-9.840295791625977,-5.517166614532471,-8.751049836476644
2047,-8.841939926147461,-8.371577262878418,-8.938538551330566,-8.717351913452148
2048,-6.607665061950684,-6.0360612869262695,-5.9225544929504395,-6.188760280609131
2049,-6.2111616134643555,-6.953695297241211,-4.2760233879089355,-5.813626766204834
2050,-10.450615882873535,-7.799330711364746,-5.516456604003906,-7.9221343994140625
2051,-5.568965435028076,-7.750561714172363,-7.671619892120361,-6.997049013773601
2052,-6.296070575714111,-5.613796710968018,-5.908088207244873,-5.939318497975667
2053,-8.102154731750488,-6.374636173248291,-5.57754373550415,-6.684778213500977
2054,-7.619013786315918,-6.674956798553467,-7.905307292938232,-7.399759292602539
2055,-9.863153457641602,-8.318894386291504,-5.382352828979492,-7.854800224304199
2056,-8.514809608459473,-6.038753986358643,-7.203210830688477,-7.25225814183553
2057,-9.135082244873047,-5.198665618896484,-5.362527370452881,-6.565425078074138
2058,-8.021120071411133,-7.06078577041626,-9.01370620727539,-8.031870683034262
2059,-5.191440582275391,-6.4451799392700195,-4.222284317016602,-5.286301612854004
2060,-8.448385238647461,-8.821966171264648,-6.070048809051514,-7.780133406321208
2061,-7.572078227996826,-9.466849327087402,-7.404955863952637,-8.147961139678955
2062,-5.737531661987305,-6.286311626434326,-6.023868083953857,-6.015903790791829
2063,-10.322778701782227,-5.972577095031738,-7.5245747566223145,-7.939976851145427
2064,-9.15683364868164,-9.708772659301758,-7.800336837768555,-8.88864771525065
2065,-6.071868419647217,-5.572655200958252,-4.811613082885742,-5.485378901163737
2066,-8.494062423706055,-8.373700141906738,-5.462132930755615,-7.44329849878947
2067,-8.945362091064453,-6.678237438201904,-6.448224067687988,-7.357274532318115
2068,-8.308734893798828,-7.007022380828857,-2.6459438800811768,-5.987233718236287
2069,-4.939405918121338,-5.389946460723877,-7.876893997192383,-6.068748792012532
2070,-9.422669410705566,-10.37727165222168,-10.135721206665039,-9.978554089864096
2071,-9.313691139221191,-9.408183097839355,-7.09401273727417,-8.605295658111572
2072,-7.182461738586426,-6.449562072753906,-7.309764385223389,-6.98059606552124
2073,-8.042137145996094,-7.921499252319336,-6.33976411819458,-7.43446683883667
2074,-9.51295280456543,-8.198492050170898,-8.75973129272461,-8.823725382486979
2075,-9.353344917297363,-10.701300621032715,-8.182743072509766,-9.412462870279947
2076,-11.250246047973633,-11.747054100036621,-11.023964881896973,-11.340421676635742
2077,-7.2125983238220215,-5.935486316680908,-6.0479044914245605,-6.39866304397583
2078,-7.77377462387085,-7.240546703338623,-11.201687812805176,-8.738669713338217
2079,-6.405332088470459,-7.684399127960205,-9.278091430664062,-7.789274215698242
2080,-5.917544364929199,-5.8768415451049805,-6.403872013092041,-6.066085974375407
2081,-9.212289810180664,-7.160612106323242,-6.656155586242676,-7.676352500915527
2082,-12.340291023254395,-8.429977416992188,-9.113496780395508,-9.961255073547363
2083,-9.391875267028809,-5.766819000244141,-7.137519359588623,-7.432071208953857
2084,-9.677389144897461,-6.742941379547119,-8.951517105102539,-8.457282543182373
2085,-6.644037246704102,-5.1948418617248535,-6.837139129638672,-6.225339412689209
2086,-7.909778594970703,-8.409345626831055,-6.969865798950195,-7.762996673583984
2087,-11.014300346374512,-8.714460372924805,-8.983505249023438,-9.570755322774252
2088,-10.590536117553711,-9.969549179077148,-10.799328804016113,-10.45313803354899
2089,-4.661552906036377,-5.681948661804199,-5.943470478057861,-5.4289906819661455
2090,-9.468851089477539,-10.227984428405762,-12.178033828735352,-10.624956448872885
2091,-8.668408393859863,-7.892281532287598,-4.120637893676758,-6.893775939941406
2092,-12.316803932189941,-10.992709159851074,-10.679227828979492,-11.329580307006836
2093,-6.555199146270752,-5.270374774932861,-8.922932624816895,-6.916168848673503
2094,-11.842435836791992,-11.476934432983398,-8.696738243103027,-10.672036170959473
2095,-7.720958709716797,-7.979788780212402,-6.9757537841796875,-7.558833758036296
2096,-11.026494979858398,-11.472283363342285,-9.64033317565918,-10.713037172953287
2097,-9.621101379394531,-10.538214683532715,-12.038393020629883,-10.732569694519043
2098,-11.08768367767334,-11.3208646774292,-9.876372337341309,-10.761640230814615
2099,-5.095686435699463,-5.6165289878845215,-2.5638744831085205,-4.425363302230835
2100,-10.270453453063965,-7.3081560134887695,-12.084592819213867,-9.887734095255533
2101,-11.062685012817383,-8.632569313049316,-5.157303810119629,-8.284186045328775
2102,-9.971034049987793,-9.543045997619629,-5.271780490875244,-8.261953512827555
2103,-11.417252540588379,-10.692061424255371,-9.919919967651367,-10.676411310831705
2104,-10.066904067993164,-11.000887870788574,-12.656620979309082,-11.24147097269694
2105,-12.167521476745605,-11.64717960357666,-14.279163360595703,-12.697954813639322
2106,-9.549371719360352,-11.594440460205078,-8.445940017700195,-9.863250732421875
2107,-6.315767765045166,-6.217059135437012,-6.876410961151123,-6.469745953877767
2108,-13.321351051330566,-11.343398094177246,-13.504547119140625,-12.723098754882812
2109,-9.493124961853027,-7.2604851722717285,-4.623695373535156,-7.125768502553304
2110,-8.580854415893555,-9.566437721252441,-7.098167419433594,-8.41515318552653
2111,-5.948436737060547,-7.365011692047119,-7.584724426269531,-6.9660576184590655
2112,-12.069336891174316,-10.065902709960938,-10.130067825317383,-10.755102475484213
2113,-10.26479721069336,-7.899323463439941,-8.033441543579102,-8.732520739237467
2114,-6.015235424041748,-8.946382522583008,-8.662814140319824,-7.874810695648193
2115,-11.112123489379883,-9.525219917297363,-11.53803539276123,-10.725126266479492
2116,-10.028252601623535,-10.026196479797363,-8.133077621459961,-9.39584223429362
2117,-8.570512771606445,-9.116745948791504,-6.820228099822998,-8.169162273406982
2118,-12.599536895751953,-10.923653602600098,-13.864255905151367,-12.462482134501139
2119,-7.095826625823975,-6.448510646820068,-9.147553443908691,-7.563963572184245
2120,-11.877100944519043,-8.775533676147461,-9.540300369262695,-10.064311663309732
2121,-9.249531745910645,-9.034065246582031,-3.6513760089874268,-7.311657667160034
2122,-7.69883394241333,-9.410744667053223,-5.660319805145264,-7.5899661382039385
2123,-9.028653144836426,-10.784106254577637,-12.432901382446289,-10.748553593953451
2124,-10.456451416015625,-9.962308883666992,-4.754837989807129,-8.391199429829916
2125,-10.957324028015137,-8.370125770568848,-9.004830360412598,-9.444093386332193
2126,-6.8024725914001465,-6.521083831787109,-8.556090354919434,-7.2932155927022295
2127,-6.27893590927124,-12.069646835327148,-4.997471332550049,-7.7820180257161455
2128,-7.298742771148682,-8.08853816986084,-3.9473438262939453,-6.444874922434489
2129,-7.350615501403809,-8.304022789001465,-6.963834285736084,-7.539490858713786
2130,-6.265847682952881,-4.171113014221191,-6.5205206871032715,-5.652493794759114
2131,-10.310081481933594,-7.385880470275879,-4.537487983703613,-7.411149978637695
2132,-8.533380508422852,-11.317375183105469,-9.242668151855469,-9.697807947794596
2133,-8.222634315490723,-8.903944969177246,-5.879650115966797,-7.668743133544922
2134,-6.314688682556152,-4.289686679840088,-5.093103408813477,-5.232492923736572
2135,-7.255597114562988,-10.408753395080566,-4.990503311157227,-7.551617940266927
2136,-7.696591377258301,-8.943350791931152,-6.581909656524658,-7.740617275238037
2137,-8.384429931640625,-6.302728652954102,-6.054965019226074,-6.914041201273601
2138,-6.38179349899292,-6.696386337280273,-10.134323120117188,-7.73750098546346
2139,-4.193952560424805,-6.26073694229126,-5.919342994689941,-5.458010832468669
2140,-7.483661651611328,-8.842572212219238,-10.036063194274902,-8.787432352701822
2141,-9.962294578552246,-8.677072525024414,-7.941799640655518,-8.860388914744059
2142,-8.438629150390625,-9.468480110168457,-9.22115421295166,-9.042754491170248
2143,-9.330568313598633,-7.628561973571777,-7.135383129119873,-8.031504472096762
2144,-7.987182140350342,-7.789391994476318,-8.236595153808594,-8.004389762878418
2145,-3.6367554664611816,-3.520667552947998,-8.485898971557617,-5.214440663655599
2146,-10.314933776855469,-10.270036697387695,-7.539612770080566,-9.374861081441244
2147,-7.742556571960449,-8.276415824890137,-5.5688958168029785,-7.1959560712178545
2148,-4.785153865814209,-4.8595123291015625,-4.401677131652832,-4.682114442189534
2149,-11.576820373535156,-11.155029296875,-10.478439331054688,-11.070096333821615
2150,-8.527091026306152,-7.217389106750488,-4.377683639526367,-6.707387924194336
2151,-6.851246356964111,-5.937716960906982,-4.3819966316223145,-5.723653316497803
2152,-10.56314468383789,-6.366883754730225,-7.425817012786865,-8.11861515045166
2153,-7.399104595184326,-5.876126766204834,-3.8831396102905273,-5.7194569905598955
2154,-6.627664566040039,-5.287474632263184,-7.139392852783203,-6.351510683695476
2155,-8.030593872070312,-6.383629322052002,-4.240306377410889,-6.218176523844401
2156,-9.176054000854492,-9.47401237487793,-7.429358959197998,-8.69314177831014
2157,-6.994305610656738,-7.960746765136719,-7.601736068725586,-7.518929481506348
2158,-8.712141990661621,-10.270451545715332,-10.462139129638672,-9.814910888671875
2159,-10.050403594970703,-10.888784408569336,-6.652271747589111,-9.197153250376383
2160,-7.143840789794922,-7.566112041473389,-6.762283802032471,-7.157412211100261
2161,-10.302289009094238,-8.09994125366211,-5.5954413414001465,-7.999223868052165
2162,-7.564713001251221,-5.946197986602783,-4.559957981109619,-6.023622989654541
2163,-6.991109848022461,-7.272088527679443,-5.551056861877441,-6.604751745859782
2164,-9.580522537231445,-10.671578407287598,-6.787054538726807,-9.013051827748617
2165,-6.009273052215576,-6.912411689758301,-8.464356422424316,-7.128680388132731
2166,-8.422818183898926,-7.621280670166016,-7.828582286834717,-7.957560380299886
2167,-9.860735893249512,-6.434647083282471,-10.550056457519531,-8.948479811350504
2168,-8.430102348327637,-9.58033561706543,-6.193193435668945,-8.067877133687338
2169,-10.392120361328125,-8.766357421875,-6.7528533935546875,-8.637110392252604
2170,-7.234283924102783,-5.7291998863220215,-6.371893882751465,-6.445125897725423
2171,-9.41175651550293,-7.9350666999816895,-8.242629051208496,-8.529817422231039
2172,-9.897418975830078,-7.729739189147949,-10.659170150756836,-9.428776105244955
2173,-6.227294445037842,-3.7261664867401123,-3.135260820388794,-4.362907250722249
2174,-8.84294319152832,-8.931711196899414,-11.54753589630127,-9.774063428243002
2175,-8.307714462280273,-8.74295425415039,-6.9171061515808105,-7.989258289337158
2176,-8.22630786895752,-8.19039535522461,-9.994626998901367,-8.803776741027832
2177,-8.096366882324219,-6.071037769317627,-6.774868011474609,-6.980757554372151
2178,-8.660345077514648,-6.821972846984863,-7.9885430335998535,-7.823620319366455
2179,-6.006999969482422,-4.682373523712158,-5.562124729156494,-5.417166074117024
2180,-4.978005409240723,-6.711488246917725,-6.19658899307251,-5.962027549743652
2181,-11.798497200012207,-8.993264198303223,-7.306942462921143,-9.366234620412191
2182,-6.070375442504883,-6.409762382507324,-6.16392183303833,-6.214686552683513
2183,-8.054946899414062,-9.311853408813477,-5.517621040344238,-7.628140449523926
2184,-12.447686195373535,-12.361595153808594,-7.255378723144531,-10.688220024108887
2185,-13.286110877990723,-12.370830535888672,-11.160693168640137,-12.272544860839844
2186,-8.399251937866211,-7.509791851043701,-6.761141777038574,-7.556728521982829
2187,-13.096360206604004,-10.821852684020996,-10.14401912689209,-11.354077339172363
2188,-6.6736836433410645,-7.750345706939697,-5.296651840209961,-6.573560396830241
2189,-7.981040000915527,-7.66269588470459,-6.9637131690979,-7.535816351572673
2190,-11.422945976257324,-8.3556547164917,-8.879631996154785,-9.552744229634603
2191,-10.754668235778809,-9.268320083618164,-7.937018394470215,-9.320002237955729
2192,-6.402005195617676,-8.256299018859863,-5.045182228088379,-6.56782881418864
2193,-13.443126678466797,-11.813417434692383,-13.471909523010254,-12.90948454538981
2194,-8.567367553710938,-7.447573661804199,-7.048243522644043,-7.68772824605306
2195,-9.892784118652344,-6.926274299621582,-9.207792282104492,-8.675616900126139
2196,-10.847380638122559,-10.303524017333984,-8.545672416687012,-9.898859024047852
2197,-7.744029998779297,-7.165067195892334,-5.043610095977783,-6.650902430216472
2198,-9.310450553894043,-9.999225616455078,-9.279669761657715,-9.529781977335611
2199,-10.329790115356445,-9.051880836486816,-9.765508651733398,-9.715726534525553
2200,-5.871566295623779,-10.086848258972168,-7.075078964233398,-7.677831172943115
2201,-11.18766975402832,-10.517027854919434,-12.260851860046387,-11.321849822998047
2202,-7.81142520904541,-6.443019866943359,-5.568080902099609,-6.607508659362793
2203,-5.6415839195251465,-4.916245460510254,-5.64630126953125,-5.401376883188884
2204,-11.260184288024902,-8.885457038879395,-8.666716575622559,-9.604119300842285
2205,-10.732588768005371,-10.444052696228027,-6.683365821838379,-9.28666909535726
2206,-6.524768829345703,-5.244727611541748,-5.408936977386475,-5.726144472757976
2207,-8.243927001953125,-8.209748268127441,-6.437240123748779,-7.630305131276448
2208,-8.49170207977295,-3.723193407058716,-3.9784233570098877,-5.3977729479471845
2209,-5.7369208335876465,-7.521867275238037,-7.2715840339660645,-6.843457380930583
2210,-10.77580738067627,-7.770557880401611,-6.113248348236084,-8.219871203104654
2211,-10.166582107543945,-8.469886779785156,-10.315213203430176,-9.65056069691976
2212,-6.419541358947754,-6.139144420623779,-7.579711437225342,-6.712799072265625
2213,-11.34284782409668,-11.258208274841309,-8.217360496520996,-10.272805531819662
2214,-6.21617317199707,-7.053781032562256,-7.792361736297607,-7.0207719802856445
2215,-10.288677215576172,-9.9954195022583,-8.072610855102539,-9.45223585764567
2216,-8.969991683959961,-9.003653526306152,-10.188514709472656,-9.387386639912924
2217,-8.414963722229004,-8.593786239624023,-5.979875564575195,-7.662875175476074
2218,-7.846439838409424,-9.889233589172363,-7.56252384185791,-8.432732423146566
2219,-5.688704490661621,-8.662310600280762,-3.8064818382263184,-6.052498976389567
2220,-6.125932693481445,-9.66327953338623,-4.223749160766602,-6.670987129211426
2221,-6.5845112800598145,-7.358423709869385,-8.3042631149292,-7.415732701619466
2222,-3.7908380031585693,-7.73861026763916,-3.3895180225372314,-4.972988764444987
2223,-3.5807056427001953,-5.508683204650879,-2.5094690322875977,-3.866285959879557
2224,-4.406213760375977,-6.0848894119262695,-4.28738260269165,-4.926161924997966
2225,-5.503284931182861,-4.127511978149414,-7.75318717956543,-5.794661362965901
2226,-7.96012020111084,-7.812958717346191,-4.691033840179443,-6.821370919545491
2227,-7.428442001342773,-4.955112457275391,-7.9826436042785645,-6.788732687632243
2228,-8.425691604614258,-7.590043067932129,-4.916994094848633,-6.97757625579834
2229,-6.787290096282959,-4.874724864959717,-7.476508140563965,-6.379507700602214
2230,-4.9701313972473145,-6.742227554321289,-4.920086860656738,-5.544148604075114
2231,-7.111935615539551,-4.427362442016602,-7.1481614112854,-6.229153156280518
2232,-4.083606243133545,-5.5297770500183105,-3.763019561767578,-4.4588009516398115
2233,-5.896442413330078,-5.938109874725342,-5.3861870765686035,-5.740246454874675
2234,-3.56660795211792,-4.1262125968933105,-0.9635148048400879,-2.8854451179504395
2235,-11.047904968261719,-9.843053817749023,-6.30784797668457,-9.066268920898438
2236,-6.125214576721191,-7.33212947845459,-5.015338897705078,-6.15756098429362
2237,-7.517182350158691,-6.1159868240356445,-6.32241678237915,-6.651861985524495
2238,-9.330544471740723,-3.431950807571411,-5.78626823425293,-6.1829211711883545
2239,-7.536492824554443,-6.052878379821777,-4.167815685272217,-5.9190622965494795
2240,-12.158509254455566,-11.993967056274414,-9.429426193237305,-11.193967501322428
2241,-4.351739883422852,-4.509651184082031,-4.2299346923828125,-4.363775253295898
2242,-7.405421257019043,-7.397943496704102,-7.084855556488037,-7.2960734367370605
2243,-8.768450736999512,-6.402763843536377,-6.480997562408447,-7.217404047648112
2244,-7.702349662780762,-5.617063522338867,-6.477758407592773,-6.599057197570801
2245,-7.41493034362793,-5.897634506225586,-6.598891735076904,-6.637152194976807
2246,-6.184415817260742,-5.968560695648193,-6.668069362640381,-6.2736819585164385
2247,-6.634448051452637,-5.573963642120361,-6.186324596405029,-6.131578763326009
2248,-4.3170013427734375,-4.430122375488281,-5.680508613586426,-4.809210777282715
2249,-6.324068069458008,-4.259432315826416,-6.138723373413086,-5.574074586232503
2250,-6.440225124359131,-6.2959065437316895,-6.866146564483643,-6.534092744191487
2251,-4.762174606323242,-4.191408157348633,-4.144806385040283,-4.366129716237386
2252,-8.132001876831055,-6.964544296264648,-8.086655616760254,-7.727733929951985
2253,-7.282082557678223,-7.998493671417236,-3.3122410774230957,-6.1976057688395185
2254,-7.885611534118652,-4.703613758087158,-6.045926094055176,-6.211717128753662
2255,-6.3395094871521,-5.943369388580322,-7.04063081741333,-6.441169897715251
2256,-5.9813923835754395,-5.300863265991211,-5.296368598937988,-5.52620808283488
2257,-5.65244197845459,-5.9452338218688965,-4.904720306396484,-5.50079870223999
2258,-7.007558345794678,-7.001980781555176,-6.174371242523193,-6.727970123291016
2259,-6.3760151863098145,-4.634821891784668,-6.285830497741699,-5.7655558586120605
2260,-7.859079837799072,-6.490417003631592,-3.227794885635376,-5.859097242355347
2261,-4.903610706329346,-4.1676483154296875,-3.520139694213867,-4.1971329053243
2262,-6.163491249084473,-6.98408317565918,-5.463974475860596,-6.203849633534749
2263,-8.201753616333008,-5.855989456176758,-5.166636943817139,-6.408126672108968
2264,-7.781047344207764,-4.655744552612305,-6.554599285125732,-6.330463727315267
2265,-4.585469722747803,-2.220874071121216,-7.127775192260742,-4.64470632870992
2266,-6.930692672729492,-8.049248695373535,-5.515997409820557,-6.831979592641194
2267,-6.0879316329956055,-7.3665032386779785,-6.069586277008057,-6.508007049560547
2268,-7.158158302307129,-7.31489372253418,-5.691222190856934,-6.721424738566081
2269,-9.047245979309082,-7.210524559020996,-6.296599864959717,-7.518123467763265
2270,-3.173863410949707,-7.235433101654053,-6.0374884605407715,-5.482261657714844
2271,-6.8853983879089355,-5.068077564239502,-4.283627986907959,-5.412367979685466
2272,-5.844510078430176,-6.219010829925537,-6.221457004547119,-6.094992637634277
2273,-4.999845027923584,-4.831008434295654,-3.6474997997283936,-4.492784420649211
2274,-3.144961357116699,-5.476045608520508,-3.4146368503570557,-4.011881271998088
2275,-8.558347702026367,-8.239884376525879,-6.609034061431885,-7.802422046661377
2276,-4.769365310668945,-5.004092216491699,-5.6882734298706055,-5.153910319010417
2277,-9.002605438232422,-7.577526092529297,-6.188068389892578,-7.589399973551433
2278,-8.335453033447266,-7.228580474853516,-5.155587196350098,-6.906540234883626
2279,-7.695010185241699,-8.433073043823242,-8.173401832580566,-8.100495020548502
2280,-9.65567398071289,-8.566956520080566,-6.706314563751221,-8.309648354848227
2281,-12.137739181518555,-12.719571113586426,-9.743870735168457,-11.533727010091146
2282,-4.588228225708008,-9.250260353088379,-7.515500545501709,-7.117996374766032
2283,-8.495465278625488,-6.611999034881592,-6.735901832580566,-7.281122048695882
2284,-9.052131652832031,-9.529341697692871,-8.301532745361328,-8.961002031962076
2285,-11.557425498962402,-11.937766075134277,-12.023917198181152,-11.839702924092611
2286,-5.947763919830322,-5.747424125671387,-4.959867477416992,-5.551685174306233
2287,-9.63995361328125,-12.347650527954102,-8.438865661621094,-10.142156600952148
2288,-7.327597618103027,-4.939056873321533,-5.3647236824035645,-5.877126057942708
2289,-11.20033073425293,-7.918179512023926,-8.659734725952148,-9.259414990743002
2290,-8.270666122436523,-12.750267028808594,-8.817076683044434,-9.946003278096518
2291,-10.389996528625488,-4.694572925567627,-11.015166282653809,-8.699911912282309
2292,-10.285170555114746,-12.974991798400879,-10.69398021697998,-11.318047523498535
2293,-6.773738384246826,-8.544624328613281,-7.689334392547607,-7.669232368469238
2294,-8.838136672973633,-13.414844512939453,-8.375720977783203,-10.209567387898764
2295,-3.182602643966675,-5.356606483459473,-2.44346284866333,-3.6608906586964927
2296,-7.325899600982666,-8.228960990905762,-5.134612083435059,-6.896490891774495
2297,-9.38675308227539,-10.124592781066895,-10.06717300415039,-9.859506289164225
2298,-5.950031280517578,-5.9071478843688965,-4.343430519104004,-5.400203227996826
2299,-10.863576889038086,-9.226973533630371,-7.024288177490234,-9.03827953338623
2300,-6.264118671417236,-6.294881820678711,-7.585836887359619,-6.7149457931518555
2301,-9.079184532165527,-8.2009916305542,-6.812253475189209,-8.030809879302979
2302,-6.382336616516113,-6.699673175811768,-5.729886054992676,-6.2706319491068525
2303,-7.899054050445557,-6.6582512855529785,-7.674937725067139,-7.410747687021892
2304,-9.531818389892578,-6.2999186515808105,-7.596985340118408,-7.809574127197266
2305,-6.344089031219482,-5.645052433013916,-4.11494255065918,-5.368028004964192
2306,-6.239253997802734,-6.636411666870117,-5.025022506713867,-5.966896057128906
2307,-10.18669319152832,-10.806941032409668,-11.456007957458496,-10.816547393798828
2308,-5.36876106262207,-5.238584041595459,-5.995014190673828,-5.534119764963786
2309,-7.992368698120117,-6.75039529800415,-6.735986232757568,-7.159583409627278
2310,-6.944471836090088,-6.723930358886719,-6.600155353546143,-6.756185849507649
2311,-3.477692127227783,-6.281221389770508,-3.6478116512298584,-4.468908389409383
2312,-7.96204948425293,-8.770612716674805,-7.734102249145508,-8.155588150024414
2313,-10.97072696685791,-10.488870620727539,-8.107881546020508,-9.855826377868652
2314,-9.951189041137695,-9.360422134399414,-7.821653842926025,-9.044421672821045
2315,-7.522446632385254,-5.195563793182373,-6.509021282196045,-6.409010569254558
2316,-10.645886421203613,-6.614551544189453,-4.257880687713623,-7.1727728843688965
2317,-10.54670524597168,-12.026998519897461,-5.781971454620361,-9.451891740163168
2318,-8.186699867248535,-6.503798007965088,-5.1349687576293945,-6.608488877614339
2319,-9.182890892028809,-8.372631072998047,-8.291522979736328,-8.615681648254395
2320,-7.863275527954102,-8.341014862060547,-5.195977210998535,-7.1334225336710615
2321,-9.932209968566895,-10.69265365600586,-6.725500583648682,-9.116788069407145
2322,-10.048954010009766,-9.449943542480469,-5.846711158752441,-8.448536237080893
2323,-8.963156700134277,-7.248531818389893,-5.31145715713501,-7.1743818918863935
2324,-5.155566215515137,-5.631985664367676,-4.612594127655029,-5.133382002512614
2325,-10.606270790100098,-8.353928565979004,-6.163066864013672,-8.374422073364258
2326,-6.422632217407227,-8.36270523071289,-7.032361030578613,-7.272566159566243
2327,-7.294887065887451,-7.578150272369385,-7.631717681884766,-7.501585006713867
2328,-6.321770668029785,-5.965036869049072,-5.097299098968506,-5.794702212015788
2329,-6.4514617919921875,-4.73960018157959,-3.774104356765747,-4.988388776779175
2330,-5.472324848175049,-6.87407922744751,-4.977991104125977,-5.774798393249512
2331,-4.651759624481201,-4.429906368255615,-8.177350044250488,-5.753005345662435
2332,-6.9102044105529785,-8.26789665222168,-8.991031646728516,-8.05637756983439
2333,-4.487871170043945,-6.901405334472656,-3.9094271659851074,-5.099567890167236
2334,-7.585570812225342,-6.495438575744629,-6.011007308959961,-6.697338898976644
2335,-7.381678581237793,-5.208681106567383,-4.348885536193848,-5.646415074666341
2336,-6.734348773956299,-5.390969276428223,-6.360595226287842,-6.161971092224121
2337,-7.560163974761963,-6.893457889556885,-8.295029640197754,-7.582883834838867
2338,-6.692651271820068,-7.3806843757629395,-5.760739326477051,-6.6113583246866865
2339,-5.700490951538086,-4.90024471282959,-4.49410343170166,-5.031613032023112
2340,-5.722765922546387,-7.721360683441162,-7.641585826873779,-7.028570810953776
2341,-4.846148490905762,-4.099264144897461,-1.6736706495285034,-3.5396944284439087
2342,-7.674838542938232,-6.190240383148193,-4.659394264221191,-6.174824396769206
2343,-7.324161529541016,-6.918957710266113,-6.56838321685791,-6.937167485555013
2344,-8.037436485290527,-8.560647010803223,-4.704609394073486,-7.100897630055745
2345,-11.756616592407227,-8.863876342773438,-9.841086387634277,-10.153859774271647
2346,-5.612792015075684,-5.887622356414795,-6.7302565574646,-6.076890309651692
2347,-5.517187118530273,-4.001078128814697,-4.132300853729248,-4.550188700358073
2348,-8.318719863891602,-6.589458465576172,-6.661361217498779,-7.189846515655518
2349,-5.398091793060303,-6.6575422286987305,-4.4814910888671875,-5.512375036875407
2350,-9.190403938293457,-5.978868007659912,-6.081061363220215,-7.083444436391194
2351,-8.29123306274414,-4.866728782653809,-6.7548346519470215,-6.637598832448323
2352,-6.213269233703613,-3.723583459854126,-7.291471004486084,-5.7427745660146075
2353,-6.209909915924072,-7.466214179992676,-5.2282209396362305,-6.301448345184326
2354,-8.482942581176758,-7.0914177894592285,-6.357630729675293,-7.31066370010376
2355,-7.2417497634887695,-6.931155681610107,-5.258716106414795,-6.477207183837891
2356,-5.495417594909668,-5.439539432525635,-5.429420471191406,-5.454792499542236
2357,-9.411490440368652,-10.002063751220703,-8.291594505310059,-9.235049565633139
2358,-6.916268348693848,-8.253921508789062,-6.481099605560303,-7.217096487681071
2359,-7.658286094665527,-4.119216442108154,-7.053324222564697,-6.276942253112793
2360,-5.300679683685303,-5.2945709228515625,-4.605498790740967,-5.066916465759277
2361,-8.468297958374023,-4.537853240966797,-3.7542519569396973,-5.586801052093506
2362,-4.823563098907471,-9.896163940429688,-5.13493013381958,-6.618219057718913
2363,-4.6136698722839355,-3.9636263847351074,-4.14839506149292,-4.241897106170654
2364,-6.132780075073242,-6.196361064910889,-6.816806316375732,-6.381982485453288
2365,-7.251035690307617,-3.8096132278442383,-7.34831428527832,-6.136321067810059
2366,-7.710348129272461,-6.683345317840576,-6.562628269195557,-6.985440572102864
2367,-5.31777811050415,-6.00755500793457,-4.795713424682617,-5.373682181040446
2368,-8.370024681091309,-4.953423976898193,-5.275411605834961,-6.199620087941487
2369,-7.308747291564941,-4.51563835144043,-7.650711536407471,-6.49169905980428
2370,-6.36812686920166,-9.110091209411621,-3.4172496795654297,-6.298489252726237
2371,-6.5566511154174805,-7.607211589813232,-9.175605773925781,-7.779822826385498
2372,-6.461809158325195,-8.338075637817383,-5.343832969665527,-6.714572588602702
2373,-7.8228840827941895,-4.270576477050781,-6.185661792755127,-6.093040784200032
2374,-9.220478057861328,-6.153982162475586,-7.240674018859863,-7.538378079732259
2375,-8.27796745300293,-5.948915004730225,-9.563531875610352,-7.930138111114502
2376,-5.097120761871338,-4.868583679199219,-3.934235095977783,-4.633313179016113
2377,-5.86958122253418,-6.870072841644287,-5.330593109130859,-6.023415724436442
2378,-5.246213912963867,-4.025031566619873,-3.558591604232788,-4.276612361272176
2379,-6.009647369384766,-8.143990516662598,-4.2944746017456055,-6.149370829264323
2380,-11.647286415100098,-10.538169860839844,-10.746111869812012,-10.977189381917318
2381,-6.824984073638916,-6.38162088394165,-4.544281482696533,-5.916962146759033
2382,-9.194718360900879,-8.111818313598633,-7.956634044647217,-8.421056906382242
2383,-5.03423547744751,-5.264186382293701,-4.005465507507324,-4.767962455749512
2384,-6.731629371643066,-6.857183933258057,-5.304206848144531,-6.297673384348552
2385,-6.1480231285095215,-7.246729373931885,-7.426482200622559,-6.940411567687988
2386,-2.96982741355896,-2.2519710063934326,-3.709407329559326,-2.9770685831705728
2387,-7.6006669998168945,-11.911545753479004,-12.533235549926758,-10.681816101074219
2388,-8.18220329284668,-3.6706361770629883,-5.603815078735352,-5.81888484954834
2389,-2.685943365097046,-2.4290711879730225,-1.3052512407302856,-2.140088597933451
2390,-7.26576042175293,-8.092723846435547,-5.206936836242676,-6.855140368143718
2391,-7.667423248291016,-12.346386909484863,-11.408119201660156,-10.473976453145346
2392,-9.140974044799805,-2.393927812576294,-6.630624294281006,-6.055175383885701
2393,-6.661801338195801,-8.969608306884766,-6.76425313949585,-7.465220928192139
2394,-7.735292434692383,-4.920517921447754,-3.5238513946533203,-5.393220583597819
2395,-8.597321510314941,-8.331382751464844,-9.766268730163574,-8.898324330647787
2396,-5.019205570220947,-7.574158191680908,-4.8188652992248535,-5.804076353708903
2397,-7.876489639282227,-4.594139575958252,-5.157411098480225,-5.876013437906901
2398,-9.4428071975708,-8.442402839660645,-8.287589073181152,-8.724266370137533
2399,-6.494701385498047,-8.539398193359375,-6.98117733001709,-7.338425636291504
2400,-7.1967291831970215,-6.652454853057861,-6.422626495361328,-6.757270177205403
2401,-11.234128952026367,-9.06861400604248,-10.51623821258545,-10.272993723551432
2402,-11.874342918395996,-12.541512489318848,-12.510664939880371,-12.308840115865072
2403,-11.256872177124023,-7.604481220245361,-6.3668437004089355,-8.409399032592773
2404,-4.981856822967529,-7.611958026885986,-4.664947509765625,-5.752920786539714
2405,-11.45383358001709,-13.551899909973145,-11.979684829711914,-12.328472773234049
2406,-7.557872295379639,-7.553756237030029,-6.34490966796875,-7.15217940012614
2407,-10.390776634216309,-8.497147560119629,-8.24190616607666,-9.0432767868042
2408,-9.473666191101074,-7.5014328956604,-6.763860702514648,-7.912986596425374
2409,-9.327569961547852,-7.584788799285889,-5.748802661895752,-7.553720474243164
2410,-8.200026512145996,-7.42567253112793,-6.571186065673828,-7.398961702982585
2411,-12.0071439743042,-8.83930492401123,-9.85230827331543,-10.232919057210287
2412,-9.086155891418457,-8.609737396240234,-7.154894828796387,-8.28359603881836
2413,-8.994901657104492,-5.279933929443359,-6.180282115936279,-6.81837256749471
2414,-5.896317005157471,-7.409732818603516,-3.392158269882202,-5.5660693645477295
2415,-10.445709228515625,-10.768708229064941,-7.093886375427246,-9.436101277669271
2416,-2.3787050247192383,-1.5584408044815063,-1.1908615827560425,-1.7093358039855957
2417,-9.10990047454834,-5.468112945556641,-4.145096302032471,-6.241036574045817
2418,-6.270216464996338,-8.12786865234375,-6.03507137298584,-6.811052163441976
2419,-7.029642105102539,-6.401364803314209,-4.829856872558594,-6.086954593658447
2420,-8.663091659545898,-8.1944580078125,-6.645940780639648,-7.834496815999349
2421,-8.298246383666992,-7.9913010597229,-7.623776912689209,-7.971108118693034
2422,-13.054896354675293,-11.56664752960205,-9.239977836608887,-11.287173906962076
2423,-12.509174346923828,-12.424331665039062,-13.382855415344238,-12.772120475769043
2424,-10.211743354797363,-9.723363876342773,-11.837031364440918,-10.590712865193685
2425,-6.463700771331787,-8.458333969116211,-8.387699127197266,-7.769911289215088
2426,-10.082009315490723,-6.4725565910339355,-8.146692276000977,-8.233752727508545
2427,-4.326207160949707,-4.686038017272949,-4.459536075592041,-4.4905937512715655
2428,-2.080253839492798,-3.346234083175659,-2.542954444885254,-2.6564807891845703
2429,-7.156599044799805,-7.427823066711426,-7.233738899230957,-7.2727203369140625
2430,-7.687777042388916,-6.750733852386475,-6.335078716278076,-6.924529870351155
2431,-5.699166774749756,-5.152788162231445,-3.955634593963623,-4.935863176981608
2432,-5.589003562927246,-6.600891590118408,-7.396839618682861,-6.528911590576172
2433,-5.770504951477051,-6.7378106117248535,-5.297068119049072,-5.935127894083659
2434,-8.784380912780762,-7.463854789733887,-6.220108985900879,-7.489448229471843
2435,-5.647166728973389,-6.995006561279297,-5.835575580596924,-6.159249623616536
2436,-8.607597351074219,-8.826591491699219,-5.124418258666992,-7.5195357004801435
2437,-8.263952255249023,-5.735701084136963,-6.690314769744873,-6.896656036376953
2438,-6.6610426902771,-9.44644832611084,-7.812591552734375,-7.9733608563741045
2439,-5.195774078369141,-4.064993381500244,-3.7011587619781494,-4.320642073949178
2440,-5.495122909545898,-5.344358444213867,-4.031151294708252,-4.956877549489339
2441,-7.04266881942749,-5.461591720581055,-5.09279727935791,-5.865685939788818
2442,-4.436692237854004,-3.4194424152374268,-4.3835296630859375,-4.079888105392456
2443,-6.717767238616943,-7.583546161651611,-5.941618919372559,-6.747644106547038
2444,-5.586923599243164,-4.866185665130615,-4.904825687408447,-5.119311650594075
2445,-3.4699087142944336,-7.812427520751953,-5.344682693481445,-5.54233964284261
2446,-6.68067741394043,-6.02360200881958,-4.7764129638671875,-5.8268974622090655
2447,-3.739961862564087,-4.835620880126953,-4.796209812164307,-4.457264184951782
2448,-7.077902793884277,-6.8072614669799805,-4.4738640785217285,-6.119676113128662
2449,-6.833373546600342,-6.3771491050720215,-7.003417491912842,-6.737980047861735
2450,-7.109256267547607,-9.685436248779297,-7.766609191894531,-8.187100569407145
2451,-7.012753963470459,-6.088746070861816,-8.341489791870117,-7.147663275400798
2452,-6.973818302154541,-6.3784966468811035,-7.22772741317749,-6.860014120737712
2453,-4.697579860687256,-3.8509693145751953,-6.811102867126465,-5.119884014129639
2454,-7.848987579345703,-7.137946128845215,-4.9774322509765625,-6.654788653055827
2455,-7.1099629402160645,-5.648313522338867,-4.7318925857543945,-5.830056349436442
2456,-7.238842964172363,-4.76914644241333,-6.124584197998047,-6.044191201527913
2457,-7.782955646514893,-3.1227569580078125,-10.138367652893066,-7.014693419138591
2458,-6.428201675415039,-11.0143461227417,-7.9153947830200195,-8.45264752705892
2459,-5.427067756652832,-7.116907596588135,-5.458975791931152,-6.000983715057373
2460,-5.259913921356201,-2.0992825031280518,-6.3673577308654785,-4.575518051783244
2461,-5.1455793380737305,-4.428609848022461,-7.132613182067871,-5.5689341227213545
2462,-8.03393840789795,-4.828832149505615,-5.019254684448242,-5.960675080617269
2463,-7.990252494812012,-8.49738883972168,-6.600605487823486,-7.6960822741190595
2464,-5.973164081573486,-6.650192737579346,-4.813776016235352,-5.8123776117960615
2465,-7.329165935516357,-8.25309944152832,-6.415235996246338,-7.332500457763672
2466,-6.615999221801758,-4.643420696258545,-5.413333415985107,-5.557584444681804
2467,-5.90215539932251,-5.273015022277832,-6.0692009925842285,-5.74812380472819
2468,-5.977602005004883,-5.2058305740356445,-4.116788387298584,-5.10007365544637
2469,-4.457009792327881,-4.492137908935547,-3.024290084838867,-3.991145928700765
2470,-6.350309371948242,-6.058037757873535,-7.796093940734863,-6.734813690185547
2471,-5.171229362487793,-5.788819789886475,-6.222336769104004,-5.727461973826091
2472,-7.170261383056641,-5.984657287597656,-5.687405109405518,-6.2807745933532715
2473,-10.31636905670166,-9.311605453491211,-7.322688579559326,-8.983554363250732
2474,-7.508183479309082,-8.839164733886719,-7.1381683349609375,-7.828505516052246
2475,-6.9561638832092285,-7.503037452697754,-6.6045050621032715,-7.021235466003418
2476,-5.5533833503723145,-7.501462936401367,-5.756287574768066,-6.270377953847249
2477,-7.611090183258057,-4.664076328277588,-4.232223033905029,-5.502463181813558
2478,-5.604294776916504,-6.811530113220215,-5.534728050231934,-5.983517646789551
2479,-6.467009544372559,-3.7033467292785645,-4.548933982849121,-4.906430085500081
2480,-12.710870742797852,-10.664069175720215,-14.09123706817627,-12.488725662231445
2481,-10.21226978302002,-9.085766792297363,-7.701658725738525,-8.999898433685303
2482,-6.672348499298096,-8.056143760681152,-7.262811660766602,-7.330434640248616
2483,-8.234539985656738,-7.062597274780273,-7.35003137588501,-7.549056212107341
2484,-8.13107681274414,-9.264214515686035,-8.455761909484863,-8.61701774597168
2485,-7.1402268409729,-8.544222831726074,-6.730302810668945,-7.47158416112264
2486,-6.2480788230896,-9.979667663574219,-9.774770736694336,-8.667505741119385
2487,-6.516785144805908,-6.9628520011901855,-6.717024803161621,-6.732220649719238
2488,-8.73752212524414,-7.452165126800537,-9.215149879455566,-8.468279043833414
2489,-5.411954879760742,-3.4491870403289795,-4.831139087677002,-4.564093669255574
2490,-6.881149768829346,-5.247021198272705,-4.971754550933838,-5.69997517267863
2491,-6.381065368652344,-4.619292736053467,-4.33500862121582,-5.111788908640544
2492,-8.078189849853516,-6.635017395019531,-5.47864294052124,-6.730616728464763
2493,-5.27667760848999,-5.148355007171631,-5.573345184326172,-5.332792599995931
2494,-5.415259838104248,-5.1769819259643555,-7.00958251953125,-5.867274761199951
2495,-3.6749825477600098,-5.911604881286621,-5.4402875900268555,-5.008958339691162
2496,-6.38726282119751,-6.913980960845947,-8.416949272155762,-7.239397684733073
2497,-5.770321846008301,-10.474578857421875,-6.794151306152344,-7.679684003194173
2498,-7.331333637237549,-3.5309295654296875,-4.45946741104126,-5.107243537902832
2499,-10.268573760986328,-11.087606430053711,-8.230876922607422,-9.86235237121582
2500,-9.555170059204102,-8.097047805786133,-7.1982526779174805,-8.283490180969238
2501,-6.264576435089111,-5.421140670776367,-5.626884937286377,-5.770867347717285
2502,-2.9339816570281982,-3.5224320888519287,-2.554499387741089,-3.003637711207072
2503,-9.623324394226074,-10.12394905090332,-10.227935791015625,-9.99173641204834
2504,-6.10720682144165,-7.882582664489746,-9.556090354919434,-7.848626613616943
2505,-6.439246654510498,-5.150516033172607,-4.118080139160156,-5.235947608947754
2506,-8.006977081298828,-8.766514778137207,-6.092004299163818,-7.621832052866618
2507,-8.833279609680176,-8.850970268249512,-4.400708198547363,-7.361652692159017
2508,-7.77632999420166,-8.897954940795898,-7.30653190612793,-7.993605613708496
2509,-9.06421184539795,-8.684337615966797,-5.801987171173096,-7.850178877512614
2510,-5.532791614532471,-5.990915775299072,-9.636610984802246,-7.053439458211263
2511,-4.646881103515625,-6.332004070281982,-3.6781668663024902,-4.885684013366699
2512,-6.258605003356934,-6.1703691482543945,-5.935542583465576,-6.121505578358968
2513,-10.196006774902344,-12.506746292114258,-10.457135200500488,-11.053296089172363
2514,-10.908150672912598,-7.355282783508301,-9.268908500671387,-9.177447319030762
2515,-5.896917819976807,-5.255031108856201,-7.056723117828369,-6.069557348887126
2516,-7.454323768615723,-9.609851837158203,-10.775969505310059,-9.280048370361328
2517,-8.350090980529785,-9.669649124145508,-7.462067127227783,-8.493935743967691
2518,-8.124774932861328,-7.056520462036133,-10.9053316116333,-8.695542335510254
2519,-5.670127868652344,-6.268208980560303,-4.741026878356934,-5.55978790918986
2520,-9.901698112487793,-5.831005096435547,-8.226603507995605,-7.986435572306315
2521,-8.609801292419434,-9.216093063354492,-8.187416076660156,-8.671103477478027
2522,-10.630021095275879,-8.134333610534668,-9.034638404846191,-9.26633103688558
2523,-3.506681203842163,-3.870675563812256,-5.02800178527832,-4.135119517644246
2524,-5.240408897399902,-7.351350784301758,-6.479908466339111,-6.357222716013591
2525,-8.166192054748535,-5.0167341232299805,-5.887869834899902,-6.356932004292806
2526,-10.386187553405762,-9.360505104064941,-6.483608722686768,-8.743433793385824
2527,-8.691619873046875,-8.306743621826172,-7.869748115539551,-8.2893705368042
2528,-8.325912475585938,-4.408287048339844,-6.5653557777404785,-6.43318510055542
2529,-9.443818092346191,-4.126037120819092,-7.742046356201172,-7.103967189788818
2530,-9.194733619689941,-7.573058128356934,-6.168519020080566,-7.645436922709147
2531,-8.498567581176758,-6.831198215484619,-9.134462356567383,-8.15474271774292
2532,-10.957080841064453,-4.209235668182373,-9.009417533874512,-8.05857801437378
2533,-8.058499336242676,-6.668404579162598,-6.368091106414795,-7.031665007273356
2534,-7.897360801696777,-9.453544616699219,-4.695013523101807,-7.3486396471659345
2535,-9.219083786010742,-10.072213172912598,-8.319808959960938,-9.203701972961426
2536,-7.876166820526123,-9.15413761138916,-9.357341766357422,-8.795882066090902
2537,-7.2968034744262695,-9.212667465209961,-8.558197975158691,-8.355889638264975
2538,-6.6965436935424805,-5.886468887329102,-7.275784969329834,-6.619599183400472
2539,-7.525886535644531,-9.049628257751465,-6.8224406242370605,-7.7993184725443525
2540,-7.786573886871338,-9.93649673461914,-8.5729341506958,-8.765334924062094
2541,-8.83962631225586,-9.518088340759277,-8.273578643798828,-8.877097765604654
2542,-11.118906021118164,-9.309591293334961,-8.46608829498291,-9.631528536478678
2543,-10.871991157531738,-7.205063819885254,-10.86361312866211,-9.646889368693033
2544,-5.828436851501465,-7.923727989196777,-4.6212568283081055,-6.124473889668782
2545,-11.659555435180664,-8.166062355041504,-7.917418003082275,-9.247678597768148
2546,-7.50849723815918,-7.377071857452393,-4.823310852050781,-6.569626649220784
2547,-11.178128242492676,-4.619710445404053,-8.619112014770508,-8.138983567555746
2548,-8.93431282043457,-10.460040092468262,-7.247439861297607,-8.880597591400146
2549,-10.278919219970703,-9.946406364440918,-9.634477615356445,-9.953267733256022
2550,-10.228135108947754,-10.762007713317871,-7.59993839263916,-9.530027071634928
2551,-10.156380653381348,-9.848954200744629,-8.286646842956543,-9.430660565694174
2552,-7.667329788208008,-4.5655083656311035,-7.69858455657959,-6.643807570139567
2553,-9.103266716003418,-9.824732780456543,-10.02391529083252,-9.650638262430826
2554,-5.433962345123291,-6.337299823760986,-5.3804779052734375,-5.717246691385905
2555,-6.377378940582275,-9.603046417236328,-9.328631401062012,-8.436352252960205
2556,-11.626973152160645,-10.96822452545166,-9.610793113708496,-10.7353302637736
2557,-7.671180248260498,-12.885648727416992,-7.171907424926758,-9.24291213353475
2558,-9.117056846618652,-9.07617473602295,-7.984064102172852,-8.725765228271484
2559,-11.153488159179688,-9.707369804382324,-11.555410385131836,-10.80542278289795
2560,-9.762977600097656,-6.750452041625977,-9.714791297912598,-8.742740313212076
2561,-11.058594703674316,-8.980735778808594,-7.084301471710205,-9.041210651397705
2562,-10.856823921203613,-8.651896476745605,-7.006289005279541,-8.83833646774292
2563,-8.60458755493164,-10.319293975830078,-6.405681610107422,-8.443187713623047
2564,-9.354183197021484,-5.093236446380615,-8.382206916809082,-7.609875520070394
2565,-8.832801818847656,-7.093472957611084,-6.82326602935791,-7.58318026860555
2566,-8.209077835083008,-6.465152740478516,-7.934286594390869,-7.536172389984131
2567,-6.544634819030762,-10.05731201171875,-4.681281566619873,-7.094409465789795
2568,-8.165299415588379,-3.5277085304260254,-8.870565414428711,-6.854524453481038
2569,-7.7060546875,-11.183493614196777,-8.785321235656738,-9.224956512451172
2570,-11.678082466125488,-9.50073528289795,-4.714610576629639,-8.631142775217691
2571,-7.723431587219238,-6.800927639007568,-7.068356513977051,-7.197571913401286
2572,-9.536270141601562,-6.651628494262695,-11.340645790100098,-9.176181475321451
2573,-10.05289077758789,-4.066022872924805,-5.709873676300049,-6.609595775604248
2574,-10.088094711303711,-12.196854591369629,-8.46656322479248,-10.25050417582194
2575,-9.466845512390137,-6.524033546447754,-8.006183624267578,-7.999020894368489
2576,-11.30185317993164,-8.672200202941895,-10.962249755859375,-10.312101046244303
2577,-11.044651985168457,-8.11253547668457,-7.111025810241699,-8.756071090698242
2578,-10.322921752929688,-14.305179595947266,-9.672350883483887,-11.433484077453613
2579,-13.57732105255127,-14.48283863067627,-12.246550559997559,-13.435570081075033
2580,-12.229300498962402,-16.010404586791992,-12.100924491882324,-13.446876525878906
2581,-7.667913436889648,-8.127076148986816,-8.92308235168457,-8.239357312520346
2582,-10.6724214553833,-5.41249942779541,-8.059743881225586,-8.048221588134766
2583,-11.962646484375,-9.805916786193848,-10.33702278137207,-10.701862017313639
2584,-12.034627914428711,-14.186100006103516,-7.745340347290039,-11.322022755940756
2585,-10.377708435058594,-9.868440628051758,-7.252089023590088,-9.16607936223348
2586,-11.070311546325684,-5.0536675453186035,-6.528090000152588,-7.550689697265625
2587,-7.320539951324463,-10.806259155273438,-6.594593524932861,-8.240464210510254
2588,-11.153837203979492,-11.795096397399902,-9.342499732971191,-10.763811111450195
2589,-10.128473281860352,-11.922127723693848,-7.908801555633545,-9.986467520395914
2590,-12.008750915527344,-12.458057403564453,-10.986529350280762,-11.817779223124186
2591,-10.50926399230957,-6.681168556213379,-6.111498832702637,-7.767310460408528
2592,-9.166881561279297,-9.748991012573242,-7.688048839569092,-8.867973804473877
2593,-8.036540985107422,-9.848852157592773,-7.923120021820068,-8.602837721506754
2594,-5.706604957580566,-6.963151931762695,-7.370230197906494,-6.679995695749919
2595,-7.910660266876221,-7.211490631103516,-8.32535171508789,-7.815834204355876
2596,-10.064353942871094,-9.422873497009277,-9.984333038330078,-9.823853492736816
2597,-7.392193794250488,-9.4785795211792,-6.98970365524292,-7.953492323557536
2598,-9.67173957824707,-10.703064918518066,-11.309606552124023,-10.56147034962972
2599,-9.423364639282227,-14.97622013092041,-11.378901481628418,-11.926162083943685
2600,-9.7045259475708,-6.1066484451293945,-10.024812698364258,-8.611995697021484
2601,-9.82625675201416,-8.228787422180176,-8.419394493103027,-8.824812889099121
2602,-8.657631874084473,-9.338716506958008,-4.75430154800415,-7.583549976348877
2603,-10.74972915649414,-14.829376220703125,-10.273645401000977,-11.95091692606608
2604,-7.487627029418945,-9.045717239379883,-10.55251407623291,-9.028619448343912
2605,-8.382400512695312,-8.539627075195312,-8.17280101776123,-8.364942868550619
2606,-7.993440628051758,-10.160877227783203,-5.9320878982543945,-8.028801918029785
2607,-10.330340385437012,-8.463067054748535,-8.945996284484863,-9.24646790822347
2608,-10.372645378112793,-6.355650901794434,-8.492937088012695,-8.40707778930664
2609,-10.925213813781738,-12.752038955688477,-7.627607822418213,-10.434953530629477
2610,-11.060624122619629,-10.765909194946289,-9.780623435974121,-10.53571891784668
2611,-8.399620056152344,-4.561972618103027,-8.832075119018555,-7.264555931091309
2612,-10.279746055603027,-13.511813163757324,-10.657073020935059,-11.482877413431803
2613,-10.14456844329834,-9.45360279083252,-5.693741321563721,-8.43063751856486
2614,-8.547767639160156,-8.025163650512695,-9.435338973999023,-8.669423421223959
2615,-7.568955421447754,-10.085944175720215,-9.54179859161377,-9.065566062927246
2616,-5.30980110168457,-7.058128833770752,-8.78824234008789,-7.052057425181071
2617,-9.88377857208252,-9.209439277648926,-7.97864294052124,-9.023953596750895
2618,-8.986407279968262,-8.78940486907959,-5.380724906921387,-7.718845685323079
2619,-7.138155937194824,-10.438316345214844,-6.91076135635376,-8.162411212921143
2620,-8.805521011352539,-13.178303718566895,-10.065192222595215,-10.683005650838217
2621,-9.688924789428711,-11.902509689331055,-10.527299880981445,-10.706244786580404
2622,-8.316041946411133,-5.036397457122803,-10.007837295532227,-7.786758899688721
2623,-9.940292358398438,-9.407955169677734,-8.235973358154297,-9.194740295410156
2624,-13.051726341247559,-9.489543914794922,-9.425618171691895,-10.655629475911459
2625,-10.635251998901367,-7.049819469451904,-6.390000820159912,-8.02502409617106
2626,-8.063323020935059,-10.343310356140137,-5.729679584503174,-8.045437653859457
2627,-10.770103454589844,-8.729415893554688,-11.442912101745605,-10.314143816630045
2628,-9.61518669128418,-13.569055557250977,-9.47232723236084,-10.885523160298666
2629,-11.648386001586914,-12.830235481262207,-8.741116523742676,-11.073246002197266
2630,-7.806997776031494,-6.521052837371826,-6.600378513336182,-6.976143042246501
2631,-10.390948295593262,-9.839369773864746,-8.065760612487793,-9.432026227315268
2632,-10.38363265991211,-7.758016109466553,-6.71890115737915,-8.286849975585938
2633,-9.637747764587402,-10.852789878845215,-5.768470287322998,-8.753002643585205
2634,-9.563663482666016,-8.557659149169922,-5.830257415771484,-7.983860015869141
2635,-8.49256420135498,-8.860249519348145,-10.016806602478027,-9.123206774393717
2636,-8.464076042175293,-8.678218841552734,-10.166449546813965,-9.102914810180664
2637,-6.549972057342529,-6.5265092849731445,-6.406935691833496,-6.49447234471639
2638,-9.098697662353516,-9.587433815002441,-7.941732883453369,-8.875954786936441
2639,-9.931403160095215,-6.184199810028076,-6.713232040405273,-7.6096116701761884
2640,-10.984641075134277,-8.434425354003906,-9.39720630645752,-9.605424245198568
2641,-10.005085945129395,-5.207581996917725,-8.016536712646484,-7.743068218231201
2642,-12.569299697875977,-8.143421173095703,-11.532846450805664,-10.748522440592447
2643,-9.700760841369629,-6.025903701782227,-7.05534553527832,-7.594003359476726
2644,-8.728657722473145,-5.392709255218506,-5.538608551025391,-6.553325176239014
2645,-8.025858879089355,-7.493740081787109,-6.967695713043213,-7.4957648913065595
2646,-8.220892906188965,-7.775019645690918,-8.511667251586914,-8.169193267822266
2647,-11.133267402648926,-10.546114921569824,-3.910306692123413,-8.529896338780722
2648,-8.662240028381348,-10.812009811401367,-10.225907325744629,-9.900052388509115
2649,-9.051067352294922,-12.193486213684082,-10.750761032104492,-10.665104866027832
2650,-9.565532684326172,-8.270919799804688,-7.603384971618652,-8.47994581858317
2651,-9.30076789855957,-6.203720569610596,-7.031067371368408,-7.511851946512858
2652,-10.851457595825195,-8.515314102172852,-8.421401977539062,-9.26272455851237
2653,-8.19642448425293,-5.658459663391113,-9.31548023223877,-7.7234547932942705
2654,-8.264880180358887,-6.751469612121582,-7.642490863800049,-7.552946885426839
2655,-6.2619171142578125,-7.121090412139893,-4.573369979858398,-5.985459168752034
2656,-8.78482437133789,-8.514856338500977,-9.955904006958008,-9.085194905598959
2657,-9.551716804504395,-14.673246383666992,-7.813220500946045,-10.679394563039144
2658,-9.275031089782715,-11.820879936218262,-9.052107810974121,-10.049339612325033
2659,-8.794061660766602,-5.582672119140625,-5.865133285522461,-6.7472890218098955
2660,-8.411992073059082,-5.80925178527832,-5.29424524307251,-6.505163033803304
2661,-10.222657203674316,-5.7177414894104,-7.925250053405762,-7.955216248830159
2662,-8.908635139465332,-5.487170696258545,-5.938229560852051,-6.778011798858643
2663,-8.179827690124512,-8.458425521850586,-7.304319381713867,-7.980857531229655
2664,-9.998465538024902,-10.926036834716797,-7.562467575073242,-9.495656649271647
2665,-7.7509918212890625,-7.787776470184326,-8.645102500915527,-8.061290264129639
2666,-8.966317176818848,-11.552924156188965,-7.389516830444336,-9.302919387817383
2667,-6.873011589050293,-10.953208923339844,-8.131502151489258,-8.652574221293131
2668,-11.316544532775879,-7.670420169830322,-9.361562728881836,-9.449509143829346
2669,-10.72581672668457,-9.890551567077637,-8.337655067443848,-9.651341120402018
2670,-7.655784606933594,-9.701705932617188,-9.339225769042969,-8.898905436197916
2671,-10.052651405334473,-6.956686019897461,-8.869985580444336,-8.62644100189209
2672,-6.664379596710205,-8.487154006958008,-8.10322093963623,-7.7515848477681475
2673,-8.204859733581543,-9.465164184570312,-9.380976676940918,-9.017000198364258
2674,-9.228870391845703,-9.124777793884277,-6.397537708282471,-8.25039529800415
2675,-8.065768241882324,-11.393400192260742,-5.22757625579834,-8.228914896647135
2676,-10.93352222442627,-7.834427356719971,-7.600743293762207,-8.789564291636148
2677,-10.932132720947266,-10.189679145812988,-9.044698715209961,-10.055503527323404
2678,-10.125431060791016,-6.04226541519165,-8.464993476867676,-8.210896650950113
2679,-10.552879333496094,-9.049924850463867,-6.8394012451171875,-8.814068476359049
2680,-4.495640754699707,-3.895138740539551,-4.691560745239258,-4.360780080159505
2681,-11.24635124206543,-10.488988876342773,-11.431795120239258,-11.05571174621582
2682,-11.727741241455078,-9.172002792358398,-8.694629669189453,-9.86479123433431
2683,-9.539966583251953,-14.905839920043945,-8.440143585205078,-10.961983362833658
2684,-9.144491195678711,-6.14516544342041,-6.9138407707214355,-7.401165803273519
2685,-9.868785858154297,-18.189435958862305,-11.008672714233398,-13.022298177083334
2686,-8.931244850158691,-9.578625679016113,-6.20281457901001,-8.237561702728271
2687,-9.816165924072266,-9.370406150817871,-8.719361305236816,-9.30197779337565
2688,-8.604326248168945,-12.45166301727295,-12.132651329040527,-11.062880198160807
2689,-12.317750930786133,-10.384662628173828,-6.879266738891602,-9.860560099283854
2690,-7.959235668182373,-10.628273963928223,-7.1586809158325195,-8.582063515981039
2691,-4.9330291748046875,-4.281738758087158,-4.893106937408447,-4.702624956766765
2692,-10.962981224060059,-11.74993896484375,-11.041690826416016,-11.251537005106607
2693,-9.664130210876465,-10.07811164855957,-7.369222640991211,-9.037154833475748
2694,-9.424962043762207,-11.427250862121582,-10.273694038391113,-10.3753023147583
2695,-10.501840591430664,-10.04694652557373,-8.378311157226562,-9.642366091410318
2696,-8.652647972106934,-8.379377365112305,-8.682708740234375,-8.571578025817871
2697,-10.455790519714355,-10.081984519958496,-10.300859451293945,-10.279544830322266
2698,-8.043292999267578,-6.247350692749023,-5.143430709838867,-6.478024800618489
2699,-11.777892112731934,-16.75129508972168,-8.707051277160645,-12.412079493204752
2700,-8.491679191589355,-8.970998764038086,-8.589079856872559,-8.683919270833334
2701,-11.159287452697754,-6.148129940032959,-10.36631965637207,-9.224579016367594
2702,-9.081527709960938,-7.572821617126465,-7.661300182342529,-8.10521650314331
2703,-8.655557632446289,-5.26138162612915,-6.990486145019531,-6.969141801198323
2704,-10.584178924560547,-8.44587516784668,-7.594185829162598,-8.874746640523275
2705,-9.385772705078125,-7.314933776855469,-9.319512367248535,-8.673406283060709
2706,-8.539068222045898,-9.22393798828125,-8.79953670501709,-8.854180971781412
2707,-10.702573776245117,-13.119338989257812,-5.37137508392334,-9.731095949808756
2708,-11.650250434875488,-6.421046257019043,-6.877700328826904,-8.316332340240479
2709,-9.559864044189453,-11.190954208374023,-7.048216819763184,-9.266345024108887
2710,-6.339392185211182,-9.967681884765625,-9.046430587768555,-8.451168219248453
2711,-9.42712116241455,-6.878561973571777,-5.328470706939697,-7.211384614308675
2712,-9.176618576049805,-10.602387428283691,-13.297215461730957,-11.025407155354818
2713,-11.946638107299805,-10.243647575378418,-8.971830368041992,-10.387372016906738
2714,-7.730842590332031,-8.922111511230469,-8.486083030700684,-8.379679044087728
2715,-7.502712249755859,-6.035788536071777,-8.104084968566895,-7.214195251464844
2716,-8.520416259765625,-13.279644966125488,-13.008973121643066,-11.60301144917806
2717,-13.153644561767578,-8.773966789245605,-9.497308731079102,-10.474973360697428
2718,-12.104735374450684,-12.270729064941406,-11.8143892288208,-12.063284556070963
2719,-7.778287887573242,-12.000025749206543,-7.194785118103027,-8.991032918294271
2720,-7.034619331359863,-6.875837802886963,-6.213875770568848,-6.708110968271892
2721,-11.843842506408691,-10.868277549743652,-8.538207054138184,-10.416775703430176
2722,-11.771060943603516,-9.091158866882324,-10.448043823242188,-10.43675454457601
2723,-9.881979942321777,-7.443295478820801,-6.4107441902160645,-7.912006537119548
2724,-9.69261360168457,-10.199407577514648,-10.837291717529297,-10.243104298909506
2725,-9.985969543457031,-6.285406589508057,-6.749657154083252,-7.673677762349446
2726,-7.927780628204346,-7.43812894821167,-5.607702732086182,-6.9912041028340655
2727,-9.494669914245605,-4.819929122924805,-8.834092140197754,-7.716230392456055
2728,-9.055458068847656,-10.292583465576172,-8.180150985717773,-9.176064173380533
2729,-8.156091690063477,-4.9366455078125,-6.871291160583496,-6.654676119486491
2730,-9.808695793151855,-10.153138160705566,-7.016340732574463,-8.992724895477295
2731,-7.709316730499268,-5.098725318908691,-4.9006547927856445,-5.902898947397868
2732,-11.240747451782227,-7.390164852142334,-7.324817657470703,-8.651909987131754
2733,-10.901310920715332,-10.131300926208496,-9.681808471679688,-10.238140106201172
2734,-8.145066261291504,-7.927497386932373,-6.837149143218994,-7.636570930480957
2735,-11.117013931274414,-5.477384567260742,-9.120144844055176,-8.571514447530111
2736,-8.656601905822754,-7.429724216461182,-8.355728149414062,-8.147351423899332
2737,-8.13682746887207,-6.835519790649414,-8.81626033782959,-7.929535865783691
2738,-9.660815238952637,-6.290585041046143,-7.013022422790527,-7.6548075675964355
2739,-8.225800514221191,-7.15190315246582,-6.504812240600586,-7.294171969095866
2740,-9.550963401794434,-7.1602559089660645,-7.821232795715332,-8.177484035491943
2741,-9.701092720031738,-5.278167247772217,-7.605644226074219,-7.528301397959392
2742,-6.362926959991455,-6.282881259918213,-7.954134464263916,-6.866647561391194
2743,-10.163437843322754,-11.919607162475586,-6.794327259063721,-9.62579075495402
2744,-10.294344902038574,-7.166748523712158,-7.566247940063477,-8.34244712193807
2745,-8.636491775512695,-5.865907669067383,-6.297208309173584,-6.933202584584554
2746,-9.260665893554688,-6.508619785308838,-7.832507610321045,-7.86726442972819
2747,-8.572687149047852,-8.309685707092285,-6.448608875274658,-7.776993910471599
2748,-9.582063674926758,-8.685711860656738,-8.827259063720703,-9.031678199768066
2749,-11.655303001403809,-8.820541381835938,-11.306504249572754,-10.5941162109375
2750,-8.970166206359863,-8.958821296691895,-10.601613998413086,-9.510200500488281
2751,-9.993512153625488,-7.9018235206604,-8.36609172821045,-8.753809134165445
2752,-9.738810539245605,-6.6075520515441895,-7.990237236022949,-8.112199942270914
2753,-9.250268936157227,-7.671216011047363,-8.308904647827148,-8.41012986501058
2754,-7.688151836395264,-8.411741256713867,-9.229897499084473,-8.443263530731201
2755,-10.654289245605469,-6.869823932647705,-7.285192012786865,-8.269768397013346
2756,-6.207891464233398,-6.559377193450928,-7.782492160797119,-6.849920272827148
2757,-9.58970832824707,-6.751163005828857,-8.14807415008545,-8.162981828053793
2758,-8.180537223815918,-7.078298568725586,-10.04482650756836,-8.434554100036621
2759,-9.147461891174316,-7.455112934112549,-8.05992603302002,-8.220833619435629
2760,-8.341806411743164,-9.837382316589355,-8.88563060760498,-9.0216064453125
2761,-7.405827522277832,-8.290244102478027,-8.2424898147583,-7.979520479838054
2762,-10.547056198120117,-9.260323524475098,-9.816353797912598,-9.874577840169271
2763,-9.634722709655762,-7.555016994476318,-7.456689834594727,-8.215476512908936
2764,-9.810134887695312,-7.53660774230957,-10.043241500854492,-9.129994710286459
2765,-9.733180046081543,-11.64755630493164,-10.219314575195312,-10.533350308736166
2766,-8.744853973388672,-10.767735481262207,-7.599179744720459,-9.037256399790445
2767,-6.2872114181518555,-9.771439552307129,-5.894523620605469,-7.317724863688151
2768,-9.2493314743042,-10.096587181091309,-6.845236778259277,-8.730385144551596
2769,-6.653576850891113,-6.546268939971924,-8.90574836730957,-7.368531386057536
2770,-9.704139709472656,-7.652376174926758,-6.315365314483643,-7.8906270662943525
2771,-10.107217788696289,-7.466065883636475,-9.740206718444824,-9.104496796925863
2772,-12.087754249572754,-8.037121772766113,-7.063688278198242,-9.062854766845703
2773,-10.201153755187988,-8.58049201965332,-9.716043472290039,-9.499229749043783
2774,-9.024507522583008,-6.851322650909424,-6.1102752685546875,-7.328701814015706
2775,-9.047102928161621,-7.442440032958984,-7.753425121307373,-8.080989360809326
2776,-9.220993041992188,-10.165122032165527,-8.549824714660645,-9.31197992960612
2777,-8.06810474395752,-6.048495292663574,-8.864972114562988,-7.660524050394694
2778,-11.630572319030762,-8.016173362731934,-8.385973930358887,-9.344239870707193
2779,-10.735823631286621,-6.4743852615356445,-7.583530902862549,-8.264579931894938
2780,-11.796022415161133,-13.781302452087402,-11.053549766540527,-12.210291544596354
2781,-11.06123161315918,-12.590995788574219,-11.664125442504883,-11.772117614746094
2782,-9.917566299438477,-12.379365921020508,-12.809144020080566,-11.702025413513184
2783,-10.282625198364258,-8.789881706237793,-9.968977928161621,-9.680494944254557
2784,-10.16597843170166,-6.3849663734436035,-8.310254096984863,-8.287066300710043
2785,-9.386031150817871,-9.061247825622559,-8.824023246765137,-9.090434074401855
2786,-11.650251388549805,-10.742247581481934,-10.754923820495605,-11.049140930175781
2787,-10.559369087219238,-10.69687271118164,-10.417376518249512,-10.557872772216797
2788,-8.952544212341309,-5.556143283843994,-5.685901641845703,-6.731529712677002
2789,-11.067423820495605,-6.322244644165039,-8.170099258422852,-8.519922574361166
2790,-9.377156257629395,-6.036823272705078,-6.765951633453369,-7.39331038792928
2791,-10.37101936340332,-11.586140632629395,-11.949005126953125,-11.30205504099528
2792,-10.31865119934082,-11.43752384185791,-9.672224998474121,-10.476133346557617
2793,-12.96119213104248,-8.915996551513672,-8.434380531311035,-10.103856404622396
2794,-9.114097595214844,-8.482215881347656,-6.960418224334717,-8.185577233632406
2795,-10.769043922424316,-12.132065773010254,-10.506999969482422,-11.13603655497233
2796,-11.096776008605957,-11.16577434539795,-8.44112491607666,-10.23455842336019
2797,-11.882102012634277,-10.263201713562012,-10.8417387008667,-10.995680809020996
2798,-10.7551908493042,-9.209193229675293,-9.289971351623535,-9.75145181020101
2799,-10.74792766571045,-7.947611331939697,-7.857514381408691,-8.851017793019613
2800,-9.404333114624023,-9.050549507141113,-9.81814193725586,-9.424341519673666
2801,-9.645452499389648,-10.576732635498047,-10.266180992126465,-10.16278870900472
2802,-10.033805847167969,-8.22183895111084,-7.81076717376709,-8.688803990681967
2803,-12.154723167419434,-9.680794715881348,-11.50444221496582,-11.113320032755533
2804,-8.250548362731934,-5.989776134490967,-7.14232063293457,-7.127548376719157
2805,-11.465453147888184,-10.021533966064453,-9.445000648498535,-10.310662587483725
2806,-11.166719436645508,-5.206642150878906,-7.816433906555176,-8.063265164693197
2807,-10.606582641601562,-6.565065860748291,-7.789682865142822,-8.320443789164225
2808,-11.91270923614502,-12.885786056518555,-9.938186645507812,-11.578893979390463
2809,-10.456668853759766,-8.777534484863281,-8.212797164916992,-9.14900016784668
2810,-9.780654907226562,-8.024953842163086,-7.774832248687744,-8.526813666025797
2811,-8.254830360412598,-7.933289527893066,-5.820178985595703,-7.336099624633789
2812,-10.31075668334961,-8.946246147155762,-10.246260643005371,-9.834421157836914
2813,-11.126355171203613,-6.428347587585449,-7.958407402038574,-8.504370053609213
2814,-11.420517921447754,-11.00321102142334,-10.735732078552246,-11.05315367380778
2815,-10.28950309753418,-6.271813869476318,-7.524429798126221,-8.028582255045572
2816,-10.659354209899902,-9.410755157470703,-7.77738094329834,-9.282496770222982
2817,-12.72787857055664,-8.887677192687988,-9.411933898925781,-10.342496554056803
2818,-10.196393013000488,-5.979864120483398,-10.849321365356445,-9.008526166280111
2819,-8.395833015441895,-4.245919704437256,-5.835826396942139,-6.15919303894043
2820,-11.833413124084473,-8.571454048156738,-9.838480949401855,-10.08111604054769
2821,-8.14920425415039,-14.677643775939941,-10.760503768920898,-11.195783933003744
2822,-8.11027717590332,-5.394442081451416,-6.961963176727295,-6.822227478027344
2823,-10.027345657348633,-9.369600296020508,-7.339806079864502,-8.912250677744547
2824,-7.128894329071045,-5.479544162750244,-7.626560211181641,-6.7449995676676435
2825,-11.695671081542969,-11.763516426086426,-7.153812885284424,-10.204333464304606
2826,-9.092145919799805,-9.94864559173584,-8.058832168579102,-9.033207893371582
2827,-10.753884315490723,-8.334976196289062,-7.638651371002197,-8.909170627593994
2828,-8.618210792541504,-8.25588607788086,-6.126628875732422,-7.666908582051595
2829,-4.370227813720703,-5.3895745277404785,-2.9437906742095947,-4.234531005223592
2830,-6.556304454803467,-7.48590087890625,-6.457118034362793,-6.833107789357503
2831,-9.700032234191895,-12.024185180664062,-6.2161431312561035,-9.313453515370687
2832,-14.535113334655762,-8.098203659057617,-5.45621919631958,-9.363178730010986
2833,-12.683416366577148,-7.296673774719238,-3.831376075744629,-7.937155405680339
2834,-11.826238632202148,-13.098011016845703,-10.563592910766602,-11.829280853271484
2835,-13.816965103149414,-10.628215789794922,-7.264277935028076,-10.569819609324137
2836,-9.988783836364746,-10.232152938842773,-6.357810974121094,-8.859582583109537
2837,-12.937958717346191,-12.240100860595703,-10.084833145141602,-11.754297574361166
2838,-13.122721672058105,-12.791847229003906,-10.454750061035156,-12.123106320699057
2839,-10.2830171585083,-7.613371849060059,-7.667984485626221,-8.52145783106486
2840,-6.905884742736816,-8.766680717468262,-6.597815990447998,-7.423460483551025
2841,-8.386598587036133,-9.38757038116455,-6.531907558441162,-8.102025508880615
2842,-8.559584617614746,-9.824645042419434,-7.836942672729492,-8.74039077758789
2843,-12.144244194030762,-12.191261291503906,-11.462696075439453,-11.932733853658041
2844,-12.470929145812988,-11.871182441711426,-11.013378143310547,-11.785163243611654
2845,-9.068933486938477,-8.047119140625,-6.525820732116699,-7.880624453226726
2846,-9.38341236114502,-8.835561752319336,-5.444863796234131,-7.887945969899495
2847,-8.489666938781738,-8.754535675048828,-7.325498104095459,-8.189900239308676
2848,-9.79532241821289,-10.847500801086426,-9.385202407836914,-10.009341875712076
2849,-9.285192489624023,-12.063451766967773,-11.176888465881348,-10.841844240824381
2850,-8.665604591369629,-11.840399742126465,-6.713571071624756,-9.07319180170695
2851,-10.540749549865723,-11.493412971496582,-7.52768087387085,-9.85394779841105
2852,-12.885348320007324,-13.017840385437012,-9.864826202392578,-11.922671635945639
2853,-7.366217136383057,-11.002079963684082,-7.181888103485107,-8.516728401184082
2854,-7.31077766418457,-8.853696823120117,-5.487173557281494,-7.2172160148620605
2855,-11.155440330505371,-10.137998580932617,-9.531341552734375,-10.274926821390787
2856,-13.085782051086426,-11.005382537841797,-11.899962425231934,-11.997042338053385
2857,-11.392804145812988,-14.32048225402832,-9.693931579589844,-11.802405993143717
2858,-12.164371490478516,-11.487570762634277,-12.786294937133789,-12.146079063415527
2859,-12.453903198242188,-10.606464385986328,-10.48607349395752,-11.182147026062012
2860,-8.152585983276367,-11.089316368103027,-7.3217854499816895,-8.854562600453695
2861,-9.519046783447266,-12.094663619995117,-6.576791763305664,-9.396834055582682
2862,-13.383890151977539,-13.434340476989746,-12.393689155578613,-13.070639928181967
2863,-10.578691482543945,-11.992673873901367,-9.286118507385254,-10.619161287943522
2864,-8.380450248718262,-9.238983154296875,-6.411942481994629,-8.010458628336588
2865,-13.89233112335205,-13.833820343017578,-11.701395034790039,-13.142515500386557
2866,-10.323646545410156,-14.363054275512695,-9.555889129638672,-11.414196650187174
2867,-11.320150375366211,-10.059972763061523,-6.445223331451416,-9.275115489959717
2868,-12.40004825592041,-12.330818176269531,-10.359545707702637,-11.69680404663086
2869,-11.165475845336914,-11.41427230834961,-5.495556354522705,-9.358434836069742
2870,-10.425602912902832,-9.49708366394043,-9.938365936279297,-9.953684171040853
2871,-8.438041687011719,-9.56220817565918,-7.5931220054626465,-8.531123956044516
2872,-6.3608269691467285,-6.232533931732178,-7.473940372467041,-6.689100424448649
2873,-10.421507835388184,-11.639573097229004,-7.619894027709961,-9.893658320109049
2874,-10.561530113220215,-10.468433380126953,-11.500004768371582,-10.84332275390625
2875,-14.102690696716309,-11.065180778503418,-9.8391752243042,-11.669015566507975
2876,-12.445159912109375,-12.39582633972168,-7.750476360321045,-10.863820870717367
2877,-11.906577110290527,-11.746407508850098,-10.941078186035156,-11.531354268391928
2878,-7.083144664764404,-7.82908821105957,-5.4453840255737305,-6.785872300465901
2879,-15.029730796813965,-13.426511764526367,-9.559325218200684,-12.671855926513672
2880,-9.980104446411133,-9.726327896118164,-9.397065162658691,-9.701165835062662
2881,-8.130850791931152,-5.350960731506348,-6.339147567749023,-6.606986363728841
2882,-10.09235668182373,-10.872098922729492,-8.78609848022461,-9.916851361592611
2883,-12.796177864074707,-9.704795837402344,-8.116472244262695,-10.205815315246582
2884,-9.482173919677734,-10.051761627197266,-8.64289379119873,-9.392276446024576
2885,-8.124202728271484,-10.658698081970215,-4.9830546379089355,-7.921985149383545
2886,-11.901625633239746,-9.892641067504883,-9.47293758392334,-10.422401428222656
2887,-8.383644104003906,-7.071474075317383,-3.687821388244629,-6.380979855855306
2888,-5.76090145111084,-9.038137435913086,-6.65576696395874,-7.151601950327556
2889,-5.631072998046875,-9.734118461608887,-5.472743034362793,-6.945978164672852
2890,-4.5726494789123535,-3.945286273956299,-5.762162685394287,-4.7600328127543134
2891,-3.390678882598877,-5.5259504318237305,-1.2989164590835571,-3.4051819245020547
2892,-5.01809024810791,-5.789139747619629,-7.485255241394043,-6.097495079040527
2893,-5.33997917175293,-5.516188144683838,-6.081112861633301,-5.6457600593566895
2894,-4.862210273742676,-4.430643081665039,-4.8418169021606445,-4.711556752522786
2895,-7.342830181121826,-9.785163879394531,-5.058311939239502,-7.395435333251953
2896,-10.756608009338379,-11.64034366607666,-9.198202133178711,-10.531717936197916
2897,-10.07108211517334,-9.383553504943848,-4.653279781341553,-8.035971800486246
2898,-5.508103370666504,-8.199235916137695,-6.799620628356934,-6.835653305053711
2899,-12.137395858764648,-11.0345458984375,-9.16402816772461,-10.778656641642252
2900,-7.476248741149902,-8.31810474395752,-7.28278112411499,-7.692378203074138
2901,-5.4550461769104,-5.8515424728393555,-5.045318126678467,-5.450635592142741
2902,-11.918634414672852,-9.506207466125488,-10.056760787963867,-10.493867556254068
2903,-5.481435298919678,-8.864487648010254,-4.528824806213379,-6.2915825843811035
2904,-7.082362174987793,-9.118490219116211,-4.616486549377441,-6.9391129811604815
2905,-5.388803958892822,-5.145300388336182,-7.270840167999268,-5.934981505076091
2906,-7.176465034484863,-8.199516296386719,-7.57786226272583,-7.651281197865804
2907,-5.970946788787842,-9.232253074645996,-3.29862380027771,-6.167274554570516
2908,-4.690481662750244,-7.539978504180908,-4.5444016456604,-5.5916206041971845
2909,-8.703360557556152,-5.76308536529541,-3.791703462600708,-6.086049795150757
2910,-8.979850769042969,-9.723258972167969,-6.9740190505981445,-8.559042930603027
2911,-5.41664457321167,-7.338510036468506,-6.160300254821777,-6.305151621500651
2912,-5.435701370239258,-9.115951538085938,-4.555443286895752,-6.369032065073649
2913,-8.759344100952148,-10.632185935974121,-7.994278430938721,-9.128602822621664
2914,-10.331986427307129,-8.401363372802734,-6.761901378631592,-8.498417059580484
2915,-7.93035888671875,-7.156060695648193,-5.060299873352051,-6.715573151906331
2916,-7.7761335372924805,-9.509068489074707,-5.555678844451904,-7.613626956939697
2917,-5.147290229797363,-4.220659255981445,-2.931748867034912,-4.099899450937907
2918,-7.114137649536133,-3.9196841716766357,-4.119306564331055,-5.051042795181274
2919,-7.3415937423706055,-7.947449207305908,-5.489123821258545,-6.9260555903116865
2920,-7.549307346343994,-8.70734691619873,-5.097712993621826,-7.118122418721517
2921,-5.230727195739746,-10.859649658203125,-8.164405822753906,-8.084927558898926
2922,-11.706326484680176,-11.383331298828125,-9.665785789489746,-10.91848119099935
2923,-4.263702392578125,-4.961238861083984,-4.665897369384766,-4.630279541015625
2924,-10.53870964050293,-11.540871620178223,-7.833909511566162,-9.971163590749105
2925,-10.508273124694824,-10.996420860290527,-9.134020805358887,-10.212904930114746
2926,-5.939931869506836,-9.557760238647461,-5.358590602874756,-6.9520942370096845
2927,-3.755166530609131,-4.961852073669434,-5.105336666107178,-4.607451756795247
2928,-9.83334732055664,-7.874762058258057,-9.085476875305176,-8.931195418039957
2929,-5.556503772735596,-7.054673194885254,-4.902826309204102,-5.838001092274983
2930,-10.772311210632324,-9.99431037902832,-5.302211761474609,-8.689611117045084
2931,-5.390953063964844,-6.968256950378418,-5.495389938354492,-5.951533317565918
2932,-6.62504768371582,-7.647916793823242,-5.949066162109375,-6.7406768798828125
2933,-11.42026424407959,-9.15786361694336,-11.683038711547852,-10.753722190856934
2934,-6.482949733734131,-10.102303504943848,-7.7986860275268555,-8.127979755401611
2935,-3.598827362060547,-3.9232428073883057,-3.2311978340148926,-3.5844226678212485
2936,-7.52832555770874,-12.420580863952637,-5.994875431060791,-8.647927284240723
2937,-5.699378967285156,-5.342917442321777,-1.2617734670639038,-4.101356625556946
2938,-4.654625415802002,-7.52805757522583,-3.4733853340148926,-5.218689441680908
2939,-9.011295318603516,-7.908405780792236,-6.020895957946777,-7.646865685780843
2940,-6.456463813781738,-11.598788261413574,-4.859635353088379,-7.638295809427897
2941,-3.841296672821045,-5.8138813972473145,-2.992271900177002,-4.215816656748454
2942,-3.922379970550537,-6.0943827629089355,-4.1388373374938965,-4.718533356984456
2943,-5.390539646148682,-7.391992092132568,-4.218096733093262,-5.666876157124837
2944,-6.172243118286133,-11.00396728515625,-7.106242656707764,-8.094151020050049
2945,-8.242344856262207,-11.793694496154785,-8.15376091003418,-9.396600087483725
2946,-6.1356120109558105,-7.236306190490723,-4.275432586669922,-5.882450262705485
2947,-6.561286449432373,-7.806338310241699,-6.45593786239624,-6.9411875406901045
2948,-5.1363205909729,-6.543631553649902,-3.0068860054016113,-4.895612716674805
2949,-5.669098377227783,-10.652134895324707,-6.062965393066406,-7.461399555206299
2950,-5.2130208015441895,-6.3153276443481445,-5.4597063064575195,-5.662684917449951
2951,-5.652833461761475,-6.479935169219971,-3.5393741130828857,-5.224047581354777
2952,-5.098578453063965,-4.663794994354248,-5.109806060791016,-4.957393169403076
2953,-6.265529155731201,-9.565105438232422,-8.177641868591309,-8.002758820851644
2954,-2.5651190280914307,-8.835232734680176,-3.3054778575897217,-4.901943206787109
2955,-4.327957630157471,-5.71085262298584,-4.926849365234375,-4.9885532061258955
2956,-6.96829080581665,-7.778092384338379,-5.062168121337891,-6.602850437164307
2957,-6.650869369506836,-7.452892303466797,-3.84281587600708,-5.982192516326904
2958,-6.8857831954956055,-7.618103504180908,-5.844250202178955,-6.782712300618489
2959,-8.112946510314941,-8.808734893798828,-5.717520236968994,-7.546400547027588
2960,-4.319077968597412,-5.719631671905518,-1.5756536722183228,-3.871454437573751
2961,-7.382654666900635,-9.190424919128418,-4.50113582611084,-7.024738470713298
2962,-3.791867256164551,-9.979490280151367,-6.481997013092041,-6.751118183135986
2963,-3.553760528564453,-2.740847110748291,-2.7975456714630127,-3.0307177702585855
2964,-5.241002082824707,-7.222393035888672,-5.483519077301025,-5.982304732004802
2965,-7.497259140014648,-8.393415451049805,-6.265981674194336,-7.385552088419597
2966,-5.791439056396484,-5.553813457489014,-3.921083450317383,-5.088778654734294
2967,-7.051535129547119,-7.89278507232666,-6.219679355621338,-7.054666519165039
2968,-6.348167419433594,-10.377124786376953,-7.005995273590088,-7.910429159800212
2969,-6.221729755401611,-6.449723243713379,-3.7498416900634766,-5.473764896392822
2970,-11.050199508666992,-10.437644004821777,-7.543690204620361,-9.677177906036377
2971,-2.2668392658233643,-5.6477251052856445,-1.6070828437805176,-3.1738824049631753
2972,-5.101963996887207,-7.23716402053833,-4.471617698669434,-5.60358190536499
2973,-3.9289987087249756,-4.575772285461426,-1.85392165184021,-3.452897548675537
2974,-5.240009307861328,-7.500406742095947,-5.039614677429199,-5.926676909128825
2975,-5.051299571990967,-7.6288652420043945,-5.91403341293335,-6.198066075642903
2976,-6.259286403656006,-3.5891799926757812,-2.0045828819274902,-3.951016426086426
2977,-6.2147111892700195,-8.495285034179688,-5.583681106567383,-6.764559110005696
2978,-5.508497714996338,-6.281680107116699,-5.988889217376709,-5.926355679829915
2979,-4.37238883972168,-4.5243377685546875,-3.5564849376678467,-4.151070515314738
2980,-7.25356388092041,-11.337689399719238,-6.037551403045654,-8.209601561228434
2981,-5.334072113037109,-5.7043256759643555,-4.7540740966796875,-5.264157295227051
2982,-7.148101806640625,-6.691766738891602,-3.610304832458496,-5.816724459330241
2983,-9.818267822265625,-8.514151573181152,-8.497235298156738,-8.943218231201172
2984,-10.09585189819336,-10.835692405700684,-7.274648189544678,-9.402064164479574
2985,-6.110558986663818,-8.332084655761719,-3.7065420150756836,-6.049728552500407
2986,-11.404409408569336,-9.403056144714355,-11.021147727966309,-10.609537760416666
2987,-6.799965858459473,-9.533608436584473,-4.566824913024902,-6.966799736022949
2988,-6.081108093261719,-6.165486812591553,-6.23143196105957,-6.159342288970947
2989,-3.0077643394470215,-6.1809983253479,-1.6717534065246582,-3.6201720237731934
2990,-10.57120418548584,-14.415143966674805,-10.862371444702148,-11.949573198954264
2991,-6.955472946166992,-7.610189914703369,-5.431709289550781,-6.665790716807048
2992,-6.917830467224121,-7.911559104919434,-5.787084579467773,-6.872158050537109
2993,-5.572021961212158,-6.149167537689209,-5.936251640319824,-5.8858137130737305
2994,-5.163219928741455,-4.648278713226318,-6.0225300788879395,-5.278009573618571
2995,-8.45876693725586,-9.601117134094238,-10.915844917297363,-9.658576329549154
2996,-3.513437032699585,-10.130073547363281,-6.041018962860107,-6.561509847640991
2997,-6.200177192687988,-8.708392143249512,-6.845439434051514,-7.251336256663005
2998,-2.821742534637451,-5.4271626472473145,-4.8563408851623535,-4.368415355682373
2999,-8.453325271606445,-9.038825988769531,-7.501684188842773,-8.331278483072916
3000,-8.458909034729004,-7.325928688049316,-6.666092872619629,-7.483643531799316
3001,-5.237936973571777,-3.9750609397888184,-2.7814159393310547,-3.998137950897217
3002,-8.193805694580078,-9.139617919921875,-4.842828273773193,-7.392083962758382
3003,-10.347253799438477,-12.467436790466309,-7.324644088745117,-10.0464448928833
3004,-6.406878471374512,-8.567309379577637,-6.43443489074707,-7.136207580566406
3005,-4.3718719482421875,-9.031072616577148,-3.1006436347961426,-5.501196066538493
3006,-11.68606948852539,-14.628398895263672,-11.911203384399414,-12.741890589396158
3007,-4.8608832359313965,-9.885558128356934,-7.304111957550049,-7.350184440612793
3008,-4.548032283782959,-5.9584479331970215,-3.9809823036193848,-4.829154173533122
3009,-7.066103458404541,-10.028709411621094,-4.2259626388549805,-7.106925169626872
3010,-5.3184943199157715,-4.027556896209717,-2.572854995727539,-3.9729687372843423
3011,-7.22179651260376,-8.29422378540039,-3.663325309753418,-6.393115202585856
3012,-6.681868076324463,-8.848573684692383,-6.582404136657715,-7.3709486325581866
3013,-8.47933578491211,-7.6320929527282715,-6.443293571472168,-7.518240769704183
3014,-14.252572059631348,-12.054242134094238,-9.989297866821289,-12.098704020182291
3015,-7.291856288909912,-7.542868137359619,-9.49506664276123,-8.109930356343588
3016,-4.470420837402344,-7.566948890686035,-3.765777826309204,-5.267715851465861
3017,-5.124819755554199,-6.814709186553955,-5.744903564453125,-5.894810835520427
3018,-6.713733196258545,-8.466166496276855,-6.334617614746094,-7.171505769093831
3019,-6.026875972747803,-8.12924861907959,-8.483219146728516,-7.54644791285197
3020,-6.861666202545166,-7.361202716827393,-4.871951103210449,-6.364940007527669
3021,-6.031871795654297,-9.378610610961914,-5.520455837249756,-6.976979414621989
3022,-7.179468154907227,-9.963554382324219,-8.32968807220459,-8.490903536478678
3023,-7.3140716552734375,-9.182706832885742,-5.982243061065674,-7.493007183074951
3024,-3.796595573425293,-6.717297554016113,-4.494614124298096,-5.002835750579834
3025,-5.239898681640625,-8.299108505249023,-5.914292335510254,-6.484433174133301
3026,-5.175951957702637,-8.69185733795166,-5.234278678894043,-6.36736265818278
3027,-8.785780906677246,-6.4499006271362305,-7.9602885246276855,-7.731990019480388
3028,-14.266654014587402,-14.91923999786377,-13.170974731445312,-14.118956247965494
3029,-5.182623863220215,-5.9506049156188965,-6.65726375579834,-5.930164178212483
3030,-5.748493671417236,-6.675557613372803,-5.712071895599365,-6.045374393463135
3031,-4.833750247955322,-6.962533473968506,-5.591264724731445,-5.795849482218425
3032,-5.218742370605469,-9.482584953308105,-3.055710554122925,-5.919012626012166
3033,-6.015284538269043,-3.587688684463501,-6.800924301147461,-5.467965841293335
3034,-5.325843334197998,-4.603526592254639,-8.781388282775879,-6.236919403076172
3035,-6.131661891937256,-9.425312995910645,-6.696147441864014,-7.417707443237305
3036,-3.6688504219055176,-4.849057674407959,-2.633431911468506,-3.7171133359273276
3037,-7.770046234130859,-8.438076972961426,-7.17173957824707,-7.793287595113118
3038,-6.960848808288574,-8.335009574890137,-6.292331695556641,-7.19606335957845
3039,-7.291827201843262,-5.919327259063721,-4.209431171417236,-5.806861877441406
3040,-5.519293308258057,-9.251138687133789,-7.2793049812316895,-7.349912325541179
3041,-4.238376617431641,-6.601020812988281,-3.8115334510803223,-4.883643627166748
3042,-8.124316215515137,-6.151508331298828,-5.525633811950684,-6.600486119588216
3043,-6.539241790771484,-7.316501617431641,-6.860360622406006,-6.905368010203044
3044,-6.187867164611816,-4.824443340301514,-7.471837520599365,-6.161382675170898
3045,-7.203516006469727,-6.66754674911499,-5.094080924987793,-6.321714560190837
3046,-4.6883392333984375,-6.108582496643066,-6.955588340759277,-5.917503356933594
3047,-5.089044570922852,-7.035010814666748,-1.997126817703247,-4.707060734430949
3048,-8.047933578491211,-6.698424816131592,-5.0903778076171875,-6.612245400746663
3049,-6.33811092376709,-7.181547164916992,-4.743779182434082,-6.087812423706055
3050,-8.578210830688477,-9.405420303344727,-7.482240200042725,-8.488623778025309
3051,-5.3384246826171875,-9.417667388916016,-4.252287864685059,-6.336126645406087
3052,-4.988234996795654,-7.292788982391357,-6.024480819702148,-6.101834932963054
3053,-5.170969009399414,-7.632163047790527,-8.112410545349121,-6.9718475341796875
3054,-3.1765615940093994,-3.6980507373809814,-4.9394707679748535,-3.9380276997884116
3055,-8.67060661315918,-10.298124313354492,-6.803411483764648,-8.59071413675944
3056,-5.135226726531982,-9.597039222717285,-6.794945240020752,-7.175737063090007
3057,-6.596393585205078,-9.249917030334473,-5.525872707366943,-7.124061107635498
3058,-5.058245658874512,-3.367833137512207,-3.771169424057007,-4.065749406814575
3059,-5.984405994415283,-5.148041725158691,-2.9768755435943604,-4.703107754389445
3060,-6.517629623413086,-10.748705863952637,-5.257296085357666,-7.507877190907796
3061,-7.077044486999512,-5.172022342681885,-3.205425500869751,-5.151497443517049
3062,-6.116423606872559,-6.489641189575195,-5.583653926849365,-6.063239574432373
3063,-7.334017753601074,-9.400544166564941,-5.192603588104248,-7.309055169423421
3064,-8.789358139038086,-6.981362819671631,-4.59049654006958,-6.787072499593099
3065,-5.461125373840332,-3.438213586807251,-6.142491340637207,-5.013943433761597
3066,-5.7627272605896,-5.898445129394531,-5.249072074890137,-5.636748154958089
3067,-4.450136184692383,-6.056565761566162,-1.156558632850647,-3.8877535263697305
3068,-5.355771541595459,-8.103372573852539,-5.912810802459717,-6.457318305969238
3069,-5.575075149536133,-6.0337419509887695,-4.619847297668457,-5.409554799397786
3070,-7.258699893951416,-8.005317687988281,-6.097108840942383,-7.120375474294026
3071,-5.76002836227417,-5.961486339569092,-4.655765533447266,-5.459093411763509
3072,-4.698154449462891,-5.106318473815918,-3.2369911670684814,-4.34715469678243
3073,-4.7867584228515625,-6.622020244598389,-3.6552507877349854,-5.0213431517283125
3074,-6.505949020385742,-4.759697437286377,-6.863737106323242,-6.04312785466512
3075,-3.3863525390625,-7.49395751953125,-3.177138328552246,-4.685816129048665
3076,-5.722775459289551,-6.564373970031738,-2.1603591442108154,-4.815836191177368
3077,-6.1829609870910645,-9.107463836669922,-7.063692092895508,-7.451372305552165
3078,-3.8416860103607178,-5.143831253051758,-2.74788761138916,-3.911134958267212
3079,-2.4490456581115723,-5.678898334503174,-1.5993307828903198,-3.2424249251683555
3080,-3.617948293685913,-3.626762628555298,-3.8497731685638428,-3.6981613636016846
3081,-7.114338397979736,-6.9471755027771,-2.8346214294433594,-5.6320451100667315
3082,-5.639170169830322,-7.949350833892822,-7.827632427215576,-7.138717810312907
3083,-12.72766399383545,-13.154901504516602,-9.62131404876709,-11.83462651570638
3084,-8.769510269165039,-11.26916217803955,-7.657862663269043,-9.232178370157877
3085,-14.367646217346191,-13.742033004760742,-10.731891632080078,-12.947190284729004
3086,-5.736880779266357,-8.839983940124512,-5.667943477630615,-6.748269399007161
3087,-6.999447345733643,-8.583904266357422,-5.024998188018799,-6.869449933369954
3088,-6.436580657958984,-8.786598205566406,-5.594611644744873,-6.939263502756755
3089,-4.121620178222656,-5.530422210693359,-4.214559078216553,-4.6222004890441895
3090,-9.229732513427734,-7.161992073059082,-9.303468704223633,-8.565064430236816
3091,-10.747090339660645,-14.239779472351074,-13.812384605407715,-12.933084805806478
3092,-11.685966491699219,-10.915961265563965,-12.189224243164062,-11.597050666809082
3093,-12.45061206817627,-13.276865005493164,-10.114055633544922,-11.947177569071451
3094,-4.732450485229492,-7.316504001617432,-3.908505439758301,-5.319153308868408
3095,-9.627299308776855,-11.073349952697754,-7.965944766998291,-9.5555313428243
3096,-6.320530891418457,-8.904459953308105,-5.816333770751953,-7.013774871826172
3097,-5.667359828948975,-4.006490230560303,-3.4090735912323,-4.360974550247192
3098,-12.064107894897461,-10.066229820251465,-12.839508056640625,-11.656615257263184
3099,-7.3798828125,-7.982887268066406,-4.836358070373535,-6.7330427169799805
3100,-8.148602485656738,-8.032126426696777,-7.423531532287598,-7.868086814880371
3101,-7.793148994445801,-7.155229568481445,-7.088652610778809,-7.3456770579020185
3102,-9.023580551147461,-8.235871315002441,-7.870969295501709,-8.376807053883871
3103,-4.533173561096191,-5.643613338470459,-4.084379196166992,-4.753722031911214
3104,-2.453171730041504,-6.106856822967529,-3.278688907623291,-3.946239153544108
3105,-6.312353610992432,-6.242125511169434,-4.40218448638916,-5.652221202850342
3106,-6.329431533813477,-8.028364181518555,-4.528965473175049,-6.295587062835693
3107,-8.345682144165039,-8.364935874938965,-7.405874729156494,-8.038830916086832
3108,-8.250606536865234,-8.946321487426758,-11.14681625366211,-9.447914759318033
3109,-5.230867862701416,-6.59628963470459,-6.856137752532959,-6.227765083312988
3110,-5.40149450302124,-11.154053688049316,-5.302591323852539,-7.286046504974365
3111,-10.872854232788086,-10.09018611907959,-8.159114837646484,-9.707385063171387
3112,-5.194396495819092,-5.474058628082275,-5.132059097290039,-5.266838073730469
3113,-12.367127418518066,-11.583870887756348,-7.0716400146484375,-10.340879440307617
3114,-2.411989688873291,-9.357348442077637,-3.928889274597168,-5.232742468516032
3115,-11.022130012512207,-10.282472610473633,-6.6363115310668945,-9.313638051350912
3116,-7.176242828369141,-9.458080291748047,-6.632084369659424,-7.75546916325887
3117,-5.302365779876709,-5.842763423919678,-5.360281467437744,-5.501803557078044
3118,-10.45870590209961,-11.812647819519043,-13.15750503540039,-11.809619585673014
3119,-5.678875923156738,-7.673457145690918,-6.709124565124512,-6.68715254465739
3120,-6.083676338195801,-6.072491645812988,-5.377908706665039,-5.844692230224609
3121,-4.742063999176025,-9.514266014099121,-7.284998416900635,-7.180442810058594
3122,-12.63723373413086,-11.166075706481934,-9.973591804504395,-11.258967081705729
3123,-11.181333541870117,-11.64594841003418,-11.097247123718262,-11.308176358540853
3124,-5.387454986572266,-5.317259311676025,-5.378951549530029,-5.36122194925944
3125,-6.943897247314453,-6.803587913513184,-6.531365871429443,-6.75961701075236
3126,-5.994940757751465,-6.870194435119629,-4.739545822143555,-5.868227005004883
3127,-5.590207099914551,-5.443533897399902,-4.998891353607178,-5.344210783640544
3128,-8.213031768798828,-9.690197944641113,-5.8052778244018555,-7.902835845947266
3129,-7.169495582580566,-9.178466796875,-5.904954433441162,-7.417638937632243
3130,-9.647583961486816,-9.471831321716309,-6.540527820587158,-8.553314367930094
3131,-7.60060977935791,-3.4283995628356934,-3.2599966526031494,-4.763001998265584
3132,-10.40412425994873,-8.878718376159668,-10.784577369689941,-10.022473335266113
3133,-13.149941444396973,-16.769506454467773,-12.50715160369873,-14.142199834187826
3134,-8.341800689697266,-6.628551006317139,-6.248958587646484,-7.073103427886963
3135,-9.675737380981445,-6.06235933303833,-2.966542959213257,-6.234879891077678
3136,-8.860612869262695,-2.4461910724639893,-6.652094841003418,-5.986299594243367
3137,-11.399798393249512,-9.118548393249512,-6.724588394165039,-9.080978393554688
3138,-7.415285110473633,-6.479331016540527,-6.825305461883545,-6.906640529632568
3139,-10.486672401428223,-10.048470497131348,-8.474943161010742,-9.670028686523438
3140,-11.528043746948242,-8.876774787902832,-4.970862865447998,-8.458560466766357
3141,-8.694499969482422,-6.734322547912598,-4.411032199859619,-6.613284905751546
3142,-8.546422004699707,-6.431271553039551,-6.712918281555176,-7.230203946431478
3143,-9.674127578735352,-5.582223415374756,-4.77434778213501,-6.676899592081706
3144,-7.11742639541626,-4.256192684173584,-3.0599541664123535,-4.811191082000732
3145,-9.977612495422363,-5.572521686553955,-7.457508563995361,-7.669214248657227
3146,-12.10427474975586,-8.60254192352295,-6.986631393432617,-9.231149355570475
3147,-7.87196683883667,-5.687607765197754,-4.912542819976807,-6.15737247467041
3148,-6.754812240600586,-3.8248538970947266,-3.5940475463867188,-4.724571228027344
3149,-10.943177223205566,-6.442176818847656,-4.4783501625061035,-7.287901401519775
3150,-9.639779090881348,-3.5869600772857666,-4.6872968673706055,-5.97134534517924
3151,-10.430980682373047,-6.429664134979248,-5.247248649597168,-7.369297822316487
3152,-14.456171035766602,-10.982528686523438,-9.890676498413086,-11.776458740234375
3153,-8.3406343460083,-6.729848861694336,-3.7801477909088135,-6.283543666203816
3154,-14.662466049194336,-12.058155059814453,-12.225724220275879,-12.982115109761557
3155,-5.26853609085083,-6.928818702697754,-6.388570308685303,-6.195308367411296
3156,-9.488605499267578,-7.079803466796875,-8.640886306762695,-8.403098424275717
3157,-7.954468727111816,-6.492342948913574,-6.9758405685424805,-7.140884081522624
3158,-11.042757987976074,-8.839057922363281,-9.554764747619629,-9.812193552652994
3159,-10.173757553100586,-6.502110481262207,-8.164904594421387,-8.28025754292806
3160,-7.605579376220703,-5.692254543304443,-7.567748069763184,-6.955193996429443
3161,-7.419253826141357,-2.7863385677337646,-6.186755180358887,-5.464115858078003
3162,-11.534854888916016,-6.993715286254883,-8.396645545959473,-8.975071907043457
3163,-11.330499649047852,-8.670456886291504,-8.526785850524902,-9.509247461954752
3164,-11.376605033874512,-13.316265106201172,-12.250592231750488,-12.31448745727539
3165,-10.47226619720459,-7.891137599945068,-4.710952281951904,-7.6914520263671875
3166,-8.86978816986084,-8.181622505187988,-5.646871089935303,-7.566093921661377
3167,-9.338043212890625,-9.118346214294434,-8.179826736450195,-8.878738721211752
3168,-11.47314739227295,-12.08924674987793,-7.237144947052002,-10.266513029734293
3169,-5.144069671630859,-2.888676166534424,-4.424529075622559,-4.152424971262614
3170,-12.867181777954102,-12.380309104919434,-11.565306663513184,-12.27093251546224
3171,-12.125349998474121,-8.750297546386719,-7.310065269470215,-9.395237604777018
3172,-9.790650367736816,-7.845666885375977,-5.944798469543457,-7.860371907552083
3173,-9.453213691711426,-4.617904186248779,-5.885876178741455,-6.652331352233887
3174,-13.015542030334473,-11.907577514648438,-8.46122932434082,-11.128116289774576
3175,-10.736513137817383,-13.199020385742188,-9.845355033874512,-11.260296185811361
3176,-9.384821891784668,-8.964445114135742,-10.755048751831055,-9.701438585917154
3177,-9.914751052856445,-4.0039873123168945,-3.2912204265594482,-5.736652930577596
3178,-11.323922157287598,-5.791079044342041,-5.062175750732422,-7.3923923174540205
3179,-9.217652320861816,-9.928383827209473,-6.190117835998535,-8.445384661356607
3180,-8.601340293884277,-10.254419326782227,-9.149910926818848,-9.335223515828451
3181,-10.04760456085205,-9.663350105285645,-6.200680255889893,-8.637211640675863
3182,-7.467146396636963,-5.224828720092773,-4.607494831085205,-5.7664899826049805
3183,-8.569388389587402,-4.423006057739258,-5.215821266174316,-6.069405237833659
3184,-9.037160873413086,-5.033531188964844,-6.318971157073975,-6.796554406483968
3185,-15.813787460327148,-12.649855613708496,-13.436431884765625,-13.966691652933756
3186,-10.2355375289917,-5.21832799911499,-9.67018985748291,-8.374685128529867
3187,-11.73903751373291,-14.776145935058594,-11.167366981506348,-12.560850143432617
3188,-11.751983642578125,-10.151398658752441,-11.203739166259766,-11.035707155863443
3189,-8.297075271606445,-8.27859878540039,-7.535617828369141,-8.037097295125326
3190,-11.241848945617676,-15.525880813598633,-12.322967529296875,-13.030232429504395
3191,-13.059709548950195,-15.85788345336914,-15.050983428955078,-14.656192143758139
3192,-10.528202056884766,-11.701817512512207,-11.735700607299805,-11.321906725565592
3193,-11.380701065063477,-16.08906364440918,-11.630937576293945,-13.033567428588867
3194,-9.758687973022461,-12.928792953491211,-7.316591739654541,-10.001357555389404
3195,-14.38866901397705,-15.883156776428223,-11.5693941116333,-13.947073300679525
3196,-12.856545448303223,-8.547930717468262,-4.168451309204102,-8.524309158325195
3197,-6.948239803314209,-3.989194631576538,-3.016822576522827,-4.651419003804524
3198,-13.901860237121582,-16.28948974609375,-14.779190063476562,-14.990180015563965
3199,-11.583807945251465,-8.778471946716309,-9.838160514831543,-10.066813468933105
3200,-10.224161148071289,-4.94471549987793,-7.3471198081970215,-7.505332152048747
3201,-11.56920051574707,-14.1841402053833,-10.70118522644043,-12.151508649190268
3202,-11.989407539367676,-17.57535171508789,-11.459216117858887,-13.67465845743815
3203,-7.638959884643555,-13.75801944732666,-9.963592529296875,-10.453523953755697
3204,-13.528946876525879,-14.819229125976562,-10.494460105895996,-12.947545369466146
3205,-8.571274757385254,-10.27907657623291,-11.131802558898926,-9.994051297505697
3206,-12.786866188049316,-13.544886589050293,-13.139641761779785,-13.157131512959799
3207,-14.044668197631836,-15.411689758300781,-13.618881225585938,-14.358413060506185
3208,-8.196342468261719,-4.462576866149902,-4.63945198059082,-5.7661237716674805
3209,-13.59801197052002,-14.467667579650879,-16.006380081176758,-14.690686543782553
3210,-8.102115631103516,-6.784899711608887,-5.227855682373047,-6.704957008361816
3211,-9.387495040893555,-14.747726440429688,-10.313490867614746,-11.482904116312662
3212,-12.04478645324707,-12.337475776672363,-12.92827320098877,-12.436845143636068
3213,-11.382427215576172,-12.977381706237793,-9.954757690429688,-11.438188870747885
3214,-8.380876541137695,-9.943434715270996,-8.113666534423828,-8.81265926361084
3215,-11.796820640563965,-16.39722442626953,-12.015813827514648,-13.403286298116049
3216,-10.103482246398926,-9.785567283630371,-4.045337200164795,-7.978128910064697
3217,-5.299894332885742,-8.35234546661377,-6.1193766593933105,-6.5905388196309405
3218,-14.196643829345703,-12.717284202575684,-7.644115924835205,-11.519347985585531
3219,-15.285542488098145,-12.560484886169434,-10.722020149230957,-12.856015841166178
3220,-9.741446495056152,-6.2897844314575195,-4.49069881439209,-6.840643246968587
3221,-8.829431533813477,-16.260684967041016,-13.151071548461914,-12.747062683105469
3222,-11.658849716186523,-14.576237678527832,-12.944717407226562,-13.059934933980307
3223,-14.23337173461914,-11.739325523376465,-13.8900785446167,-13.287591934204102
3224,-12.123905181884766,-13.130867958068848,-12.695234298706055,-12.650002479553223
3225,-14.945975303649902,-13.524909019470215,-8.041827201843262,-12.170903841654459
3226,-12.369341850280762,-16.037717819213867,-11.536221504211426,-13.314427057902018
3227,-12.848098754882812,-11.50318717956543,-11.769119262695312,-12.040135065714518
3228,-16.11894416809082,-14.162544250488281,-10.860047340393066,-13.713845252990723
3229,-14.940753936767578,-15.992997169494629,-13.64820384979248,-14.860651652018229
3230,-8.020139694213867,-9.189804077148438,-10.771743774414062,-9.327229181925455
3231,-10.04185962677002,-4.4873528480529785,-5.621918678283691,-6.7170437177022295
3232,-9.628458976745605,-6.719736576080322,-6.187763214111328,-7.511986255645752
3233,-9.827144622802734,-6.238786220550537,-5.806128025054932,-7.290686289469401
3234,-9.828377723693848,-9.258453369140625,-4.266074180603027,-7.7843017578125
3235,-9.314003944396973,-7.824284553527832,-6.876804351806641,-8.005030949910482
3236,-10.410501480102539,-10.558450698852539,-8.72671127319336,-9.898554484049479
3237,-6.934415340423584,-12.058379173278809,-11.106212615966797,-10.033002376556396
3238,-12.08676528930664,-12.954169273376465,-11.786906242370605,-12.275946935017904
3239,-12.865303993225098,-13.933691024780273,-10.744354248046875,-12.514449755350748
3240,-11.498268127441406,-11.228921890258789,-11.753636360168457,-11.493608792622885
3241,-8.358946800231934,-7.706456661224365,-6.385846138000488,-7.483749866485596
3242,-9.640290260314941,-4.593110084533691,-9.421192169189453,-7.884864171346028
3243,-9.531366348266602,-8.873043060302734,-6.477425575256348,-8.29394499460856
3244,-10.232483863830566,-13.154720306396484,-10.756756782531738,-11.381320317586264
3245,-11.193863868713379,-14.249907493591309,-11.642607688903809,-12.362126350402832
3246,-9.681648254394531,-12.525437355041504,-10.814203262329102,-11.007096290588379
3247,-8.365010261535645,-7.046353340148926,-5.125043869018555,-6.845469156901042
3248,-11.39948844909668,-9.188753128051758,-7.775598526000977,-9.45461336771647
3249,-9.89725399017334,-14.618461608886719,-6.631125450134277,-10.382280349731445
3250,-11.497661590576172,-12.374001502990723,-12.999072074890137,-12.290245056152344
3251,-9.872584342956543,-8.099684715270996,-5.481992721557617,-7.818087259928386
3252,-11.764317512512207,-9.63526439666748,-8.79074478149414,-10.06344223022461
3253,-10.502619743347168,-7.814416408538818,-12.400052070617676,-10.23902940750122
3254,-9.414812088012695,-7.517280101776123,-3.9907805919647217,-6.97429092725118
3255,-8.730396270751953,-13.119680404663086,-12.470023155212402,-11.440033276875814
3256,-11.429360389709473,-6.473977565765381,-8.2716703414917,-8.725002765655518
3257,-11.31650161743164,-12.534398078918457,-7.944566249847412,-10.598488648732504
3258,-8.057985305786133,-5.147091865539551,-5.071516036987305,-6.092197736104329
3259,-6.697176456451416,-13.613322257995605,-8.557637214660645,-9.622711976369223
3260,-10.208684921264648,-11.454726219177246,-9.089513778686523,-10.250974973042807
3261,-8.930636405944824,-8.548986434936523,-2.869586706161499,-6.783069849014282
3262,-7.6659746170043945,-7.011384010314941,-7.463748931884766,-7.380369186401367
3263,-11.656601905822754,-13.137691497802734,-10.010601997375488,-11.601631800333658
3264,-12.232108116149902,-3.994325876235962,-6.5670013427734375,-7.597811778386434
3265,-10.736186027526855,-13.568482398986816,-13.769821166992188,-12.69149653116862
3266,-11.93143081665039,-14.735389709472656,-8.31304931640625,-11.659956614176432
3267,-13.058188438415527,-15.526238441467285,-8.959952354431152,-12.514793078104654
3268,-11.387130737304688,-13.69777774810791,-8.56789493560791,-11.21760114034017
3269,-9.134376525878906,-10.553864479064941,-10.822428703308105,-10.170223236083984
3270,-8.587104797363281,-5.174407958984375,-6.063685894012451,-6.608399550120036
3271,-10.874217987060547,-15.851236343383789,-11.6865816116333,-12.804011980692545
3272,-7.874483585357666,-11.485560417175293,-8.860115051269531,-9.40671968460083
3273,-9.283476829528809,-7.999167442321777,-5.5832839012146,-7.6219760576883955
3274,-8.202117919921875,-8.16478443145752,-2.631744384765625,-6.332882245381673
3275,-8.779083251953125,-4.853209972381592,-4.194900989532471,-5.9423980712890625
3276,-11.29167366027832,-12.776759147644043,-11.11353588104248,-11.727322896321615
3277,-9.770689010620117,-11.743812561035156,-8.6127347946167,-10.042412122090658
3278,-9.00002384185791,-9.15229606628418,-8.246539115905762,-8.799619674682617
3279,-6.967611312866211,-2.399075508117676,-3.052114725112915,-4.139600515365601
3280,-10.680113792419434,-12.374796867370605,-10.538069725036621,-11.197660128275553
3281,-9.928295135498047,-8.78512954711914,-7.022461891174316,-8.578628857930502
3282,-15.050704956054688,-14.486912727355957,-14.690386772155762,-14.742668151855469
3283,-10.435794830322266,-6.414143085479736,-4.147923946380615,-6.999287287394206
3284,-9.877741813659668,-9.383492469787598,-6.8775224685668945,-8.712918917338053
3285,-9.888754844665527,-15.543079376220703,-12.679827690124512,-12.703887303670248
3286,-11.236947059631348,-11.143522262573242,-8.596516609191895,-10.325661977132162
3287,-9.272133827209473,-5.515496253967285,-8.044981002807617,-7.610870361328125
3288,-10.86900806427002,-7.072171211242676,-7.9151201248168945,-8.61876646677653
3289,-6.310227870941162,-5.2827630043029785,-3.24656081199646,-4.9465172290802
3290,-12.428153038024902,-13.927124977111816,-9.995828628540039,-12.117035547892252
3291,-8.725541114807129,-5.493321418762207,-5.688680648803711,-6.635847727457683
3292,-11.683944702148438,-11.610433578491211,-9.584054946899414,-10.959477742513021
3293,-13.475333213806152,-12.686318397521973,-11.309845924377441,-12.490499178568522
3294,-9.817483901977539,-13.729568481445312,-12.905130386352539,-12.15072758992513
3295,-9.275521278381348,-18.713741302490234,-8.607440948486328,-12.198901176452637
3296,-9.74903392791748,-16.052936553955078,-11.055928230285645,-12.285966237386068
3297,-7.138628959655762,-10.341254234313965,-6.25328254699707,-7.911055246988933
3298,-8.054332733154297,-6.0528035163879395,-6.830810546875,-6.979315598805745
3299,-12.10676097869873,-15.07221794128418,-9.811347007751465,-12.330108642578125
3300,-11.034462928771973,-9.653816223144531,-10.10525131225586,-10.264510154724121
3301,-8.999137878417969,-12.68565845489502,-10.603793144226074,-10.762863159179688
3302,-15.057621955871582,-11.324886322021484,-9.3732271194458,-11.918578465779623
3303,-11.870922088623047,-12.084700584411621,-9.889267921447754,-11.281630198160807
3304,-10.4276123046875,-15.711450576782227,-10.188519477844238,-12.109194119771322
3305,-9.911486625671387,-8.842255592346191,-7.882243633270264,-8.878661950429281
3306,-13.80362319946289,-14.89227294921875,-9.21041488647461,-12.63543701171875
3307,-6.985747337341309,-2.5544915199279785,-1.3322018384933472,-3.624146898587545
3308,-15.55461311340332,-13.879977226257324,-13.001946449279785,-14.145512262980143
3309,-17.014678955078125,-13.218024253845215,-11.160114288330078,-13.797605832417807
3310,-6.836061477661133,-14.09368896484375,-13.528730392456055,-11.486160278320312
3311,-7.403243541717529,-4.427182674407959,-4.55303955078125,-5.461155255635579
3312,-11.245081901550293,-6.136598587036133,-4.552529335021973,-7.311403274536133
3313,-13.59861946105957,-14.541420936584473,-14.30376148223877,-14.147933959960938
3314,-14.690574645996094,-16.44291877746582,-14.0368070602417,-15.056766827901205
3315,-8.585719108581543,-9.231176376342773,-7.509588241577148,-8.442161242167154
3316,-13.373348236083984,-12.356982231140137,-13.2560396194458,-12.99545669555664
3317,-14.672794342041016,-15.500638961791992,-10.49001407623291,-13.554482460021973
3318,-9.921780586242676,-9.145346641540527,-8.185514450073242,-9.084213892618815
3319,-7.895089626312256,-5.340258598327637,-5.257432460784912,-6.164260228474935
3320,-15.25548267364502,-12.101394653320312,-12.774160385131836,-13.377012570699057
3321,-10.688071250915527,-13.116708755493164,-11.8115234375,-11.872101147969564
3322,-11.144219398498535,-14.379897117614746,-9.77706527709961,-11.76706059773763
3323,-6.562868118286133,-9.610940933227539,-8.967795372009277,-8.380534807840982
3324,-13.90497875213623,-13.963805198669434,-15.861298561096191,-14.576694170633951
3325,-10.010876655578613,-5.195592880249023,-5.676501750946045,-6.9609904289245605
3326,-11.906477928161621,-14.2479248046875,-11.465521812438965,-12.539974848429361
3327,-13.748348236083984,-9.902741432189941,-11.198165893554688,-11.616418520609537
3328,-9.65023136138916,-10.837459564208984,-11.234963417053223,-10.574218114217123
3329,-14.417407035827637,-13.79444408416748,-11.321976661682129,-13.177942593892416
3330,-8.926863670349121,-13.073417663574219,-8.009673118591309,-10.003318150838217
3331,-7.504575729370117,-10.172499656677246,-8.5411376953125,-8.739404360453287
3332,-8.133009910583496,-10.06460189819336,-9.162551879882812,-9.120054562886557
3333,-10.543828010559082,-11.677351951599121,-9.310420989990234,-10.510533650716146
3334,-11.08846664428711,-14.877914428710938,-9.022750854492188,-11.663043975830078
3335,-15.414763450622559,-13.114532470703125,-13.034541130065918,-13.854612350463867
3336,-6.4495673179626465,-10.651453971862793,-6.4117751121521,-7.83759880065918
3337,-11.358201026916504,-11.509876251220703,-12.150800704956055,-11.672959327697754
3338,-7.358879089355469,-9.224968910217285,-6.7701005935668945,-7.78464953104655
3339,-11.903050422668457,-15.807780265808105,-16.196197509765625,-14.635676066080729
3340,-13.791769981384277,-11.452720642089844,-11.519847869873047,-12.254779497782389
3341,-11.24179458618164,-9.07978630065918,-11.476004600524902,-10.59919516245524
3342,-12.503791809082031,-14.962242126464844,-13.358646392822266,-13.608226776123047
3343,-14.809720993041992,-15.45583724975586,-13.603527069091797,-14.623028437296549
3344,-13.73788070678711,-16.397720336914062,-10.324435234069824,-13.486678759256998
3345,-7.420571327209473,-17.41657257080078,-10.146782875061035,-11.661308924357096
3346,-11.239933013916016,-10.028772354125977,-11.654184341430664,-10.974296569824219
3347,-15.13224983215332,-13.837030410766602,-8.70057201385498,-12.556617418924967
3348,-15.513669967651367,-14.19973087310791,-12.773025512695312,-14.162142117818197
3349,-11.306583404541016,-15.00749683380127,-14.705028533935547,-13.673036257425943
3350,-14.869869232177734,-14.778214454650879,-12.761154174804688,-14.136412620544434
3351,-9.197007179260254,-14.334823608398438,-7.492895126342773,-10.341575304667154
3352,-14.951722145080566,-13.371149063110352,-9.303614616394043,-12.54216194152832
3353,-10.482015609741211,-15.622976303100586,-14.725297927856445,-13.61009661356608
3354,-11.794806480407715,-14.78997802734375,-10.095617294311523,-12.226800600687662
3355,-14.237646102905273,-15.06950569152832,-9.96255111694336,-13.089900970458984
3356,-11.36617660522461,-12.164769172668457,-6.184797763824463,-9.905247847239176
3357,-12.701910972595215,-12.759960174560547,-11.509557723999023,-12.323809623718262
3358,-10.9002685546875,-10.818236351013184,-11.696640968322754,-11.138381958007812
3359,-14.023876190185547,-13.493160247802734,-12.613122940063477,-13.37671979268392
3360,-11.863405227661133,-15.588400840759277,-7.538881301879883,-11.663562456766764
3361,-14.084981918334961,-17.146345138549805,-13.983451843261719,-15.071592966715494
3362,-10.843973159790039,-13.22947883605957,-12.484848976135254,-12.186100323994955
3363,-12.932729721069336,-12.368568420410156,-14.494030952453613,-13.265109697977701
3364,-13.530426025390625,-13.024821281433105,-8.380989074707031,-11.64541212717692
3365,-15.511603355407715,-8.50505256652832,-4.396508693695068,-9.471054871877035
3366,-9.20238971710205,-11.443653106689453,-10.774328231811523,-10.473457018534342
3367,-13.21694278717041,-12.803871154785156,-11.200443267822266,-12.407085736592611
3368,-10.094897270202637,-15.13660717010498,-11.175799369812012,-12.135767936706543
3369,-8.209758758544922,-11.362449645996094,-7.988879203796387,-9.187029202779135
3370,-12.955519676208496,-13.068199157714844,-9.577530860900879,-11.867083231608072
3371,-7.886441707611084,-7.3686203956604,-5.893996715545654,-7.049686272939046
3372,-5.260438919067383,-8.339515686035156,-6.053843975067139,-6.551266193389893
3373,-14.797508239746094,-15.893961906433105,-5.8637375831604,-12.1850692431132
3374,-11.07241439819336,-14.320740699768066,-14.524077415466309,-13.305744171142578
3375,-12.24073600769043,-14.417004585266113,-14.062515258789062,-13.573418617248535
3376,-12.92017650604248,-12.073798179626465,-10.677525520324707,-11.89050006866455
3377,-12.515130043029785,-11.70193099975586,-12.845502853393555,-12.354187965393066
3378,-9.785039901733398,-13.729229927062988,-12.392054557800293,-11.968774795532227
3379,-7.015389919281006,-8.192224502563477,-8.018447875976562,-7.742020765940349
3380,-16.4141845703125,-13.083518981933594,-12.867955207824707,-14.121886253356934
3381,-6.810608863830566,-8.7511568069458,-6.013068675994873,-7.191611448923747
3382,-11.699023246765137,-12.70431137084961,-12.325827598571777,-12.243054072062174
3383,-12.269487380981445,-12.53453254699707,-13.204537391662598,-12.669519106547037
3384,-11.198925971984863,-14.09870433807373,-8.582256317138672,-11.293295542399088
3385,-9.094407081604004,-6.831455230712891,-11.466827392578125,-9.13089656829834
3386,-13.9357328414917,-16.081628799438477,-12.090907096862793,-14.036089579264322
3387,-9.485033988952637,-10.206607818603516,-6.484543800354004,-8.725395202636719
3388,-14.554388999938965,-15.277358055114746,-11.230998039245605,-13.687581698099772
3389,-8.444087028503418,-10.788761138916016,-9.909134864807129,-9.713994344075521
3390,-11.834556579589844,-11.156473159790039,-10.562170028686523,-11.184399922688803
3391,-10.023566246032715,-3.437739133834839,-6.43141508102417,-6.630906820297241
3392,-10.773707389831543,-6.722768783569336,-5.780682563781738,-7.759052912394206
3393,-10.124667167663574,-14.740448951721191,-13.40971565246582,-12.75827725728353
3394,-7.859436511993408,-7.257463455200195,-8.597417831420898,-7.904772599538167
3395,-10.379145622253418,-5.161165714263916,-10.615843772888184,-8.71871836980184
3396,-6.623656272888184,-7.020380973815918,-4.593872547149658,-6.07930326461792
3397,-6.814772129058838,-5.2775139808654785,-3.0441110134124756,-5.045465707778931
3398,-6.084711074829102,-5.266223430633545,-3.2718796730041504,-4.874271392822266
3399,-10.690848350524902,-11.852663040161133,-13.28680419921875,-11.943438529968262
3400,-14.489157676696777,-13.833452224731445,-13.905475616455078,-14.0760285059611
3401,-10.474595069885254,-7.281055927276611,-6.7845964431762695,-8.180082480112711
3402,-8.309426307678223,-10.318129539489746,-8.421442985534668,-9.016332944234213
3403,-12.279589653015137,-10.342018127441406,-10.012014389038086,-10.877874056498209
3404,-9.71595287322998,-7.214232921600342,-7.851721286773682,-8.260635693868002
3405,-13.474647521972656,-14.613386154174805,-15.996728897094727,-14.694920857747396
3406,-9.689515113830566,-8.487227439880371,-5.9591827392578125,-8.045308430989584
3407,-12.511308670043945,-13.35741901397705,-13.21789264678955,-13.028873443603516
3408,-7.107556343078613,-10.617897987365723,-11.02984619140625,-9.585100173950195
3409,-15.573399543762207,-16.80559730529785,-12.712759971618652,-15.030585606892904
3410,-13.01451587677002,-11.83659839630127,-11.040505409240723,-11.963873227437338
3411,-9.260100364685059,-5.696098804473877,-6.1663126945495605,-7.040837287902832
3412,-14.71327018737793,-14.730758666992188,-13.212339401245117,-14.218789418538412
3413,-14.409173965454102,-14.646905899047852,-10.061805725097656,-13.039295196533203
3414,-11.858621597290039,-15.228277206420898,-12.129852294921875,-13.072250366210938
3415,-15.067327499389648,-15.996278762817383,-15.40463924407959,-15.489415168762207
3416,-12.13034439086914,-9.493748664855957,-8.501791000366211,-10.041961352030436
3417,-9.588178634643555,-9.165600776672363,-10.361115455627441,-9.704964955647787
3418,-12.356854438781738,-15.311548233032227,-9.841156959533691,-12.503186543782553
3419,-7.224578857421875,-9.217323303222656,-6.898847579956055,-7.780249913533528
3420,-10.819499015808105,-14.629264831542969,-8.620891571044922,-11.356551806131998
3421,-10.14370346069336,-8.406153678894043,-12.171144485473633,-10.240333875020346
3422,-7.674166679382324,-6.727169513702393,-6.39042329788208,-6.930586496988933
3423,-13.623886108398438,-13.84006118774414,-8.780800819396973,-12.08158270517985
3424,-13.43675708770752,-15.177947044372559,-12.106244087219238,-13.573649406433105
3425,-11.684680938720703,-13.423864364624023,-11.812811851501465,-12.307119051615397
3426,-7.675689220428467,-16.42719268798828,-14.043511390686035,-12.715464433034262
3427,-8.624784469604492,-6.114778518676758,-9.691819190979004,-8.143794059753418
3428,-11.38929271697998,-6.387070655822754,-6.97976541519165,-8.252042929331461
3429,-14.249730110168457,-16.009796142578125,-13.002546310424805,-14.420690854390463
3430,-16.16567611694336,-15.32330322265625,-14.671935081481934,-15.386971473693848
3431,-6.402029991149902,-6.272362232208252,-4.155660629272461,-5.610017617543538
3432,-8.51254940032959,-4.150196552276611,-3.8070178031921387,-5.48992125193278
3433,-9.585680961608887,-13.571919441223145,-12.590861320495605,-11.916153907775879
3434,-2.870389461517334,-4.9469194412231445,-1.9695013761520386,-3.2622700929641724
3435,-5.639490127563477,-5.493160247802734,-2.7835891246795654,-4.638746500015259
3436,-10.521556854248047,-11.313309669494629,-8.290555953979492,-10.041807492574057
3437,-6.373531341552734,-9.948419570922852,-8.919976234436035,-8.413975715637207
3438,-10.717623710632324,-8.404142379760742,-9.89444351196289,-9.672069867451986
3439,-9.73965072631836,-10.298487663269043,-11.371479034423828,-10.46987247467041
3440,-11.52069091796875,-12.448468208312988,-11.073038101196289,-11.680732409159342
3441,-11.049291610717773,-13.485063552856445,-10.243267059326172,-11.592540740966797
3442,-13.000204086303711,-11.938697814941406,-12.082345962524414,-12.340415954589844
3443,-9.147597312927246,-11.771839141845703,-10.944584846496582,-10.62134043375651
3444,-9.536948204040527,-10.263172149658203,-10.88001537322998,-10.226711908976236
3445,-10.135798454284668,-10.52260684967041,-11.28913688659668,-10.64918073018392
3446,-6.709715843200684,-10.513826370239258,-10.617424964904785,-9.280322392781576
3447,-8.999533653259277,-9.696940422058105,-9.333087921142578,-9.34318733215332
3448,-12.437347412109375,-10.719425201416016,-12.436026573181152,-11.864266395568848
3449,-13.46888256072998,-11.880776405334473,-12.827775955200195,-12.725811640421549
3450,-11.838656425476074,-11.84154224395752,-10.320398330688477,-11.333532333374023
3451,-14.134601593017578,-12.2449951171875,-10.209235191345215,-12.196277300516764
3452,-12.182072639465332,-12.13606071472168,-12.845901489257812,-12.388011614481607
3453,-6.70552396774292,-7.044460296630859,-4.102194309234619,-5.9507261912028
3454,-9.0325345993042,-13.263508796691895,-10.519429206848145,-10.938490867614746
3455,-9.599610328674316,-9.563112258911133,-13.94808578491211,-11.036936124165853
3456,-7.578474044799805,-10.531970024108887,-9.867207527160645,-9.325883865356445
3457,-8.649019241333008,-9.310601234436035,-9.919634819030762,-9.293085098266602
3458,-9.886131286621094,-14.985074996948242,-12.562471389770508,-12.477892557779947
3459,-8.801276206970215,-10.36989974975586,-11.200786590576172,-10.123987515767416
3460,-11.844430923461914,-7.675146102905273,-11.580913543701172,-10.366830190022787
3461,-9.55588150024414,-6.6741790771484375,-9.251235961914062,-8.493765513102213
3462,-8.505435943603516,-9.568320274353027,-4.3224568367004395,-7.465404351552327
3463,-6.063220500946045,-8.308429718017578,-8.9483060836792,-7.773318767547607
3464,-6.642159461975098,-7.132870674133301,-7.4854865074157715,-7.086838881174724
3465,-11.012958526611328,-8.398236274719238,-12.445210456848145,-10.618801752726236
3466,-11.075846672058105,-10.72425651550293,-11.87950325012207,-11.226535479227701
3467,-7.518955230712891,-10.24940299987793,-9.554707527160645,-9.107688585917154
3468,-12.134035110473633,-10.72307014465332,-11.38786506652832,-11.414990107218424
3469,-10.17941665649414,-14.081512451171875,-13.209558486938477,-12.49016253153483
3470,-13.922425270080566,-13.360315322875977,-14.291298866271973,-13.858013153076172
3471,-10.198694229125977,-11.422886848449707,-12.744940757751465,-11.455507278442383
3472,-6.066492557525635,-7.361374855041504,-8.731000900268555,-7.3862894376118975
3473,-5.60744047164917,-6.163798809051514,-6.17638635635376,-5.9825418790181475
3474,-8.025235176086426,-8.97923469543457,-7.8448967933654785,-8.283122221628824
3475,-13.98593521118164,-13.987404823303223,-14.131607055664062,-14.034982363382975
3476,-13.602225303649902,-12.839516639709473,-10.938879013061523,-12.460206985473633
3477,-5.700531005859375,-5.8325934410095215,-5.2560811042785645,-5.596401850382487
3478,-12.851607322692871,-11.837989807128906,-10.381961822509766,-11.690519650777182
3479,-8.75003719329834,-10.002217292785645,-6.208005428314209,-8.32008663813273
3480,-7.094196796417236,-12.950934410095215,-7.269678592681885,-9.104936599731445
3481,-9.440296173095703,-9.235311508178711,-12.474746704101562,-10.383451461791992
3482,-10.255865097045898,-9.078018188476562,-10.1752290725708,-9.836370786031088
3483,-4.302015781402588,-5.79563045501709,-2.86629319190979,-4.321313142776489
3484,-7.648096084594727,-7.322778224945068,-6.30529260635376,-7.092055638631185
3485,-14.145322799682617,-12.34332275390625,-8.117929458618164,-11.53552500406901
3486,-14.023728370666504,-11.138663291931152,-12.168641090393066,-12.44367758433024
3487,-12.007882118225098,-13.302502632141113,-13.117807388305664,-12.809397379557291
3488,-10.236096382141113,-7.492676734924316,-8.848871231079102,-8.859214782714844
3489,-13.753933906555176,-14.655977249145508,-9.507115364074707,-12.63900883992513
3490,-10.500872611999512,-12.552169799804688,-11.632990837097168,-11.562011082967123
3491,-6.504756927490234,-6.254827976226807,-6.576052188873291,-6.445212364196777
3492,-6.875302791595459,-10.025813102722168,-10.063482284545898,-8.988199392954508
3493,-15.428145408630371,-17.208715438842773,-10.766878128051758,-14.467912991841635
3494,-10.7111177444458,-10.491293907165527,-7.807451248168945,-9.669954299926758
3495,-11.66297435760498,-5.310028553009033,-8.241754531860352,-8.404919147491455
3496,-6.444911479949951,-7.797755718231201,-10.626763343811035,-8.289810180664062
3497,-10.05105209350586,-11.296348571777344,-11.172332763671875,-10.839911142985025
3498,-15.22044563293457,-14.162667274475098,-12.623847961425781,-14.002320289611816
3499,-5.77905797958374,-7.1727070808410645,-6.000473976135254,-6.3174130121866865
3500,-7.732997417449951,-8.029029846191406,-8.05029296875,-7.937440077463786
3501,-6.0386199951171875,-9.442708969116211,-7.633655548095703,-7.704994837443034
3502,-9.365586280822754,-9.062222480773926,-10.043323516845703,-9.490377426147461
3503,-5.017960071563721,-8.056403160095215,-9.823484420776367,-7.632615884145101
3504,-8.259355545043945,-7.646872043609619,-7.831779479980469,-7.912669022878011
3505,-12.509910583496094,-15.294075012207031,-11.581561088562012,-13.128515561421713
3506,-6.763125896453857,-6.949827194213867,-4.749110221862793,-6.154021104176839
3507,-13.275984764099121,-13.201069831848145,-13.125897407531738,-13.200984001159668
3508,-6.89989709854126,-9.802972793579102,-8.245150566101074,-8.316006819407145
3509,-12.86097526550293,-11.611446380615234,-11.488986015319824,-11.987135887145996
3510,-8.71061897277832,-10.00027084350586,-10.64936637878418,-9.786752065022787
3511,-6.092146396636963,-7.521265029907227,-12.503355979919434,-8.705589135487875
3512,-10.377470016479492,-8.999772071838379,-14.382654190063477,-11.25329875946045
3513,-9.274649620056152,-11.01104736328125,-10.984623908996582,-10.423440297444662
3514,-7.715962886810303,-11.894625663757324,-9.517817497253418,-9.709468682607016
3515,-12.467707633972168,-11.931564331054688,-10.418269157409668,-11.605847040812174
3516,-10.16333293914795,-14.051434516906738,-13.094549179077148,-12.43643887837728
3517,-8.268599510192871,-10.785787582397461,-11.35450267791748,-10.136296590169271
3518,-11.34969711303711,-13.52665901184082,-12.184619903564453,-12.353658676147461
3519,-13.16225814819336,-16.857555389404297,-13.741772651672363,-14.58719539642334
3520,-9.053878784179688,-8.498111724853516,-5.977436542510986,-7.8431423505147295
3521,-3.7984390258789062,-6.1586079597473145,-5.495673656463623,-5.150906880696614
3522,-11.607743263244629,-9.644281387329102,-9.377561569213867,-10.209862073262533
3523,-5.29512882232666,-6.554285526275635,-4.530953407287598,-5.460122585296631
3524,-13.608041763305664,-10.565422058105469,-9.904120445251465,-11.3591947555542
3525,-12.106575012207031,-14.407440185546875,-11.748146057128906,-12.754053751627604
3526,-6.751158714294434,-8.04820442199707,-6.597782135009766,-7.132381757100423
3527,-7.225922584533691,-9.772315979003906,-9.417208671569824,-8.80514907836914
3528,-7.182338714599609,-10.28810977935791,-9.491761207580566,-8.98740323384603
3529,-8.853724479675293,-8.408809661865234,-10.474145889282227,-9.245560010274252
3530,-9.84570598602295,-9.610764503479004,-9.373858451843262,-9.610109647115072
3531,-8.562259674072266,-7.120975494384766,-7.8297834396362305,-7.837672869364421
3532,-4.8060078620910645,-6.655730247497559,-7.56185245513916,-6.341196854909261
3533,-5.502623081207275,-11.053138732910156,-6.153321743011475,-7.569694519042969
3534,-12.724931716918945,-10.724842071533203,-13.849268913269043,-12.433014233907064
3535,-11.902300834655762,-12.73780345916748,-9.537398338317871,-11.392500877380371
3536,-6.2225213050842285,-7.325061798095703,-9.834266662597656,-7.793949921925862
3537,-3.889859676361084,-4.92777156829834,-2.405583620071411,-3.741071621576945
3538,-5.949921131134033,-8.175701141357422,-10.561824798583984,-8.229149023691813
3539,-11.159360885620117,-12.404909133911133,-8.17153263092041,-10.578600883483887
3540,-13.404343605041504,-11.217011451721191,-12.522604942321777,-12.381319999694824
3541,-10.518938064575195,-9.434405326843262,-7.769414901733398,-9.240919431050619
3542,-7.57965087890625,-5.657334804534912,-6.884206771850586,-6.707064151763916
3543,-8.502606391906738,-8.444170951843262,-8.275078773498535,-8.407285372416178
3544,-9.571327209472656,-8.372591972351074,-8.602885246276855,-8.848934809366861
3545,-9.816818237304688,-7.4067063331604,-5.8095550537109375,-7.677693208058675
3546,-12.027063369750977,-12.935864448547363,-14.541501998901367,-13.168143272399902
3547,-8.645121574401855,-9.140190124511719,-7.487417221069336,-8.424242973327637
3548,-11.320622444152832,-11.534208297729492,-6.630683422088623,-9.828504721323648
3549,-8.536766052246094,-13.193831443786621,-9.196310997009277,-10.308969497680664
3550,-11.272355079650879,-11.210636138916016,-11.903643608093262,-11.462211608886719
3551,-13.365630149841309,-10.27489185333252,-12.891834259033203,-12.177452087402344
3552,-9.353763580322266,-13.204429626464844,-13.03567886352539,-11.8646240234375
3553,-10.690338134765625,-13.939979553222656,-11.763951301574707,-12.131422996520996
3554,-10.990010261535645,-8.961483001708984,-8.228270530700684,-9.393254597981771
3555,-7.580670356750488,-8.95854663848877,-8.631248474121094,-8.390155156453451
3556,-8.655908584594727,-8.185076713562012,-7.2791748046875,-8.040053367614746
3557,-13.347487449645996,-7.190417766571045,-10.495251655578613,-10.344385623931885
3558,-8.697763442993164,-8.438787460327148,-13.315044403076172,-10.150531768798828
3559,-7.973779201507568,-11.135797500610352,-10.900545120239258,-10.003373940785727
3560,-6.397364139556885,-5.879312992095947,-6.068661689758301,-6.115112940470378
3561,-7.73814582824707,-11.478815078735352,-10.09446907043457,-9.770476659138998
3562,-4.543941497802734,-7.971938133239746,-4.6227827072143555,-5.712887446085612
3563,-13.484983444213867,-12.920597076416016,-11.13378620147705,-12.51312224070231
3564,-10.71586799621582,-13.091964721679688,-13.114663124084473,-12.307498613993326
3565,-7.366728782653809,-10.52115535736084,-8.808524131774902,-8.898802757263184
3566,-12.433035850524902,-11.334747314453125,-10.548574447631836,-11.438785870869955
3567,-7.886470794677734,-8.698187828063965,-8.624505043029785,-8.403054555257162
3568,-12.196038246154785,-13.25417423248291,-8.480020523071289,-11.310077667236328
3569,-11.197271347045898,-13.89835262298584,-8.53287410736084,-11.20949935913086
3570,-6.911501884460449,-9.182733535766602,-10.289346694946289,-8.794527371724447
3571,-8.113821029663086,-12.302725791931152,-14.581789016723633,-11.666111946105957
3572,-7.178351402282715,-5.909249782562256,-6.068957805633545,-6.385519663492839
3573,-11.580856323242188,-12.832423210144043,-12.856046676635742,-12.42310873667399
3574,-10.278629302978516,-10.818373680114746,-13.647383689880371,-11.581462224324545
3575,-9.006115913391113,-7.178429126739502,-8.687468528747559,-8.290671189626059
3576,-6.434632778167725,-12.615973472595215,-9.758696556091309,-9.603100935618082
3577,-10.019948959350586,-9.974041938781738,-8.458346366882324,-9.484112421671549
3578,-8.27230167388916,-9.250691413879395,-10.907313346862793,-9.476768811543783
3579,-8.614090919494629,-8.707018852233887,-9.250887870788574,-8.857332547505697
3580,-12.54379940032959,-18.290834426879883,-13.610191345214844,-14.81494172414144
3581,-11.333785057067871,-11.107155799865723,-10.163567543029785,-10.868169466654459
3582,-11.389589309692383,-8.225946426391602,-7.182895183563232,-8.932810306549072
3583,-8.505518913269043,-11.227893829345703,-10.18427848815918,-9.972563743591309
3584,-8.460564613342285,-10.19438648223877,-8.29505729675293,-8.983336130777994
3585,-10.379353523254395,-8.039697647094727,-7.614565849304199,-8.67787233988444
3586,-6.344692707061768,-9.70197868347168,-8.763294219970703,-8.269988536834717
3587,-14.138940811157227,-14.819406509399414,-13.763205528259277,-14.240517616271973
3588,-11.69730281829834,-11.634164810180664,-10.789654731750488,-11.37370745340983
3589,-8.840940475463867,-9.503401756286621,-11.105878829956055,-9.816740353902182
3590,-14.078269958496094,-15.311575889587402,-11.767549514770508,-13.719131787618002
3591,-5.408869743347168,-6.612875461578369,-4.625504016876221,-5.549083073933919
3592,-11.633134841918945,-9.944453239440918,-11.112273216247559,-10.896620432535807
3593,-9.419529914855957,-12.836359977722168,-11.46808910369873,-11.241326332092285
3594,-15.5888671875,-14.669222831726074,-12.048162460327148,-14.102084159851074
3595,-8.388101577758789,-9.833781242370605,-10.317717552185059,-9.513200124104818
3596,-16.144346237182617,-12.234601974487305,-13.131736755371094,-13.836894989013672
3597,-8.795443534851074,-10.139387130737305,-6.377437591552734,-8.437422752380371
3598,-9.303308486938477,-5.873422622680664,-8.240859031677246,-7.805863380432129
3599,-10.907010078430176,-10.92661190032959,-11.65296745300293,-11.162196477254232
3600,-3.8721201419830322,-6.802250862121582,-4.457549571990967,-5.043973525365193
3601,-6.417029857635498,-5.838082790374756,-10.994345664978027,-7.749819437662761
3602,-4.065807342529297,-6.592012405395508,-5.433106422424316,-5.36364205678304
3603,-10.360306739807129,-8.641640663146973,-11.891791343688965,-10.29791291554769
3604,-13.454020500183105,-13.624612808227539,-9.647049903869629,-12.241894404093424
3605,-8.648673057556152,-8.513483047485352,-6.057308197021484,-7.739821434020996
3606,-11.421881675720215,-7.611780643463135,-8.963871955871582,-9.33251142501831
3607,-11.539027214050293,-14.152864456176758,-12.919037818908691,-12.870309829711914
3608,-6.988207817077637,-10.481636047363281,-9.308795928955078,-8.926213264465332
3609,-3.835028886795044,-4.465010166168213,-8.524300575256348,-5.608113209406535
3610,-11.061396598815918,-11.505500793457031,-10.106966018676758,-10.891287803649902
3611,-13.214953422546387,-13.614179611206055,-12.592370986938477,-13.140501340230307
3612,-8.493706703186035,-6.568973064422607,-7.940512180328369,-7.667730649312337
3613,-9.82994270324707,-10.07909107208252,-9.948997497558594,-9.952677090962728
3614,-6.394702434539795,-8.785618782043457,-7.946625232696533,-7.708982149759929
3615,-8.288568496704102,-8.741795539855957,-8.256643295288086,-8.429002443949381
3616,-9.130666732788086,-13.847994804382324,-12.722375869750977,-11.900345802307129
3617,-7.040189266204834,-7.062901973724365,-7.137253761291504,-7.080115000406901
3618,-13.86087703704834,-14.09224796295166,-12.202900886535645,-13.385341962178549
3619,-11.969308853149414,-14.135234832763672,-9.247713088989258,-11.784085591634115
3620,-13.565905570983887,-16.49358558654785,-11.005000114440918,-13.688163757324219
3621,-9.186005592346191,-8.282048225402832,-8.917086601257324,-8.79504680633545
3622,-8.083788871765137,-9.306215286254883,-7.633847236633301,-8.341283798217773
3623,-6.143875598907471,-7.06037712097168,-7.704713821411133,-6.969655513763428
3624,-9.778684616088867,-7.978538990020752,-9.42266845703125,-9.059964021046957
3625,-12.223322868347168,-13.60407829284668,-14.587296485900879,-13.471565882364908
3626,-13.673107147216797,-16.438169479370117,-15.414748191833496,-15.175341606140137
3627,-6.6273016929626465,-8.674498558044434,-9.927233695983887,-8.409677982330322
3628,-12.426852226257324,-15.674613952636719,-10.433491706848145,-12.844985961914062
3629,-7.555602073669434,-8.036160469055176,-7.850372791290283,-7.814045111338298
3630,-12.766036987304688,-15.245862007141113,-13.67276668548584,-13.894888559977213
3631,-16.38606834411621,-16.96845817565918,-14.922704696655273,-16.092410405476887
3632,-11.816226959228516,-12.2415132522583,-13.787331581115723,-12.615023930867514
3633,-8.831074714660645,-8.901445388793945,-9.126646041870117,-8.953055381774902
3634,-14.345728874206543,-14.762591361999512,-13.200427055358887,-14.10291576385498
3635,-6.164984703063965,-8.108160972595215,-7.014971733093262,-7.0960391362508135
3636,-12.25034236907959,-15.576376914978027,-12.112269401550293,-13.31299622853597
3637,-8.650675773620605,-11.718438148498535,-11.39006519317627,-10.586393038431803
3638,-12.141950607299805,-14.889198303222656,-12.730597496032715,-13.253915468851725
3639,-10.411227226257324,-10.226795196533203,-6.477474212646484,-9.038498878479004
3640,-10.008691787719727,-13.783320426940918,-10.996661186218262,-11.596224466959635
3641,-7.545862197875977,-14.923650741577148,-9.588033676147461,-10.685848871866861
3642,-11.861788749694824,-14.004552841186523,-13.081291198730469,-12.98254426320394
3643,-11.320209503173828,-11.343354225158691,-6.979340076446533,-9.880967934926352
3644,-6.418102741241455,-8.312310218811035,-6.269644260406494,-7.000019073486328
3645,-12.79187297821045,-12.777264595031738,-10.756030082702637,-12.108389218648275
3646,-11.666291236877441,-12.985518455505371,-12.90997314453125,-12.520594278971354
3647,-11.867772102355957,-14.316656112670898,-10.265135765075684,-12.14985466003418
3648,-11.714998245239258,-10.833500862121582,-15.299840927124023,-12.616113344828287
3649,-13.686908721923828,-11.598245620727539,-11.992705345153809,-12.425953229268393
3650,-12.627721786499023,-13.449400901794434,-12.522767066955566,-12.866629918416342
3651,-12.167895317077637,-16.11806297302246,-11.546537399291992,-13.277498563130697
3652,-8.79067611694336,-13.973491668701172,-12.349157333374023,-11.704441706339518
3653,-7.593108654022217,-8.476880073547363,-6.657613277435303,-7.575867335001628
3654,-10.650379180908203,-14.383252143859863,-11.72297477722168,-12.252202033996582
3655,-13.948655128479004,-17.539634704589844,-11.305501937866211,-14.264597256978353
3656,-11.817669868469238,-13.412867546081543,-10.15510368347168,-11.79521369934082
3657,-10.420927047729492,-10.434087753295898,-7.578245162963867,-9.477753321329752
3658,-9.71556568145752,-15.349960327148438,-11.660969734191895,-12.242165247599283
3659,-12.850539207458496,-9.193750381469727,-12.305169105529785,-11.449819564819336
3660,-13.59997844696045,-13.057860374450684,-11.557820320129395,-12.738553047180176
3661,-12.651572227478027,-15.305896759033203,-11.611001968383789,-13.18949031829834
3662,-8.73488712310791,-12.678661346435547,-11.068206787109375,-10.827251752217611
3663,-12.152365684509277,-11.903353691101074,-9.16244125366211,-11.072720209757486
3664,-13.042805671691895,-11.560844421386719,-10.277253150939941,-11.626967748006185
3665,-11.954131126403809,-13.98250961303711,-13.856080055236816,-13.264240264892578
3666,-11.304862976074219,-14.284062385559082,-11.59514045715332,-12.394688606262207
3667,-13.001173973083496,-11.298688888549805,-10.661046028137207,-11.65363629659017
3668,-11.547897338867188,-13.104284286499023,-9.9982271194458,-11.55013624827067
3669,-10.37712574005127,-10.58707332611084,-7.270787239074707,-9.411662101745605
3670,-11.290959358215332,-16.725914001464844,-8.839978218078613,-12.285617192586264
3671,-12.434565544128418,-10.085944175720215,-8.337834358215332,-10.286114692687988
3672,-8.477216720581055,-12.321279525756836,-7.970859527587891,-9.58978525797526
3673,-11.283316612243652,-10.923620223999023,-10.939617156982422,-11.048851331075033
3674,-10.125097274780273,-11.590087890625,-5.256546497344971,-8.990577220916748
3675,-12.401189804077148,-13.838312149047852,-11.4231538772583,-12.554218610127768
3676,-13.204609870910645,-15.015682220458984,-14.039043426513672,-14.086445172627768
3677,-14.086492538452148,-10.185911178588867,-11.315458297729492,-11.86262067159017
3678,-12.76553726196289,-14.21506404876709,-14.23340892791748,-13.738003412882486
3679,-10.586821556091309,-11.034378051757812,-10.792610168457031,-10.804603258768717
3680,-15.558549880981445,-13.828720092773438,-14.015384674072266,-14.467551549275717
3681,-13.945459365844727,-12.264946937561035,-12.635437965393066,-12.948614756266275
3682,-10.56287956237793,-13.304872512817383,-9.142602920532227,-11.003451665242514
3683,-13.523978233337402,-12.429986953735352,-14.238091468811035,-13.39735221862793
3684,-11.05639362335205,-8.932910919189453,-12.00808334350586,-10.665795962015787
3685,-7.652246475219727,-8.61784839630127,-6.278260707855225,-7.51611852645874
3686,-16.15578269958496,-14.035709381103516,-13.26800537109375,-14.486499150594076
3687,-11.870390892028809,-12.668238639831543,-13.399618148803711,-12.646082560221354
3688,-11.901703834533691,-13.785981178283691,-11.270194053649902,-12.319293022155762
3689,-11.965660095214844,-11.482421875,-10.614424705505371,-11.354168891906738
3690,-11.026445388793945,-9.906168937683105,-8.200910568237305,-9.711174964904785
3691,-5.182677268981934,-8.660841941833496,-8.24595832824707,-7.3631591796875
3692,-13.245996475219727,-13.399324417114258,-12.992545127868652,-13.212622006734213
3693,-7.712710380554199,-12.683001518249512,-6.7955322265625,-9.063748041788736
3694,-9.616552352905273,-9.340702056884766,-9.33826732635498,-9.431840578715006
3695,-11.58008098602295,-10.158714294433594,-9.789764404296875,-10.509519894917807
3696,-11.693984031677246,-9.13935661315918,-10.253532409667969,-10.362291018168131
3697,-13.264192581176758,-15.370064735412598,-11.87909984588623,-13.504452387491861
3698,-8.766424179077148,-9.378765106201172,-9.863144874572754,-9.336111386617025
3699,-7.649866104125977,-9.802410125732422,-4.592679023742676,-7.348318417867024
3700,-11.406460762023926,-9.345030784606934,-7.201022148132324,-9.31750456492106
3701,-9.10576343536377,-10.50597858428955,-8.49486255645752,-9.368868192036947
3702,-13.423803329467773,-13.979337692260742,-13.140894889831543,-13.514678637186686
3703,-11.306334495544434,-14.114750862121582,-12.564056396484375,-12.66171391805013
3704,-12.404437065124512,-5.099645137786865,-9.928984642028809,-9.144355614980062
3705,-8.143693923950195,-9.827252388000488,-7.995147228240967,-8.655364513397217
3706,-8.314177513122559,-7.19287633895874,-7.830933570861816,-7.779329140981038
3707,-12.49791145324707,-12.965495109558105,-11.08670711517334,-12.183371225992838
3708,-9.337820053100586,-11.130914688110352,-11.18720531463623,-10.551980018615723
3709,-6.782106399536133,-9.42392349243164,-7.802675247192383,-8.002901713053385
3710,-9.705204010009766,-4.3129048347473145,-6.562856197357178,-6.860321680704753
3711,-9.858595848083496,-11.255817413330078,-8.38376522064209,-9.83272616068522
3712,-15.191191673278809,-12.478296279907227,-14.222469329833984,-13.963985761006674
3713,-9.638653755187988,-8.72973346710205,-8.169340133666992,-8.845909118652344
3714,-9.784443855285645,-6.580280303955078,-9.437129020690918,-8.60061772664388
3715,-12.486486434936523,-9.899202346801758,-8.748228073120117,-10.377972284952799
3716,-14.169296264648438,-12.341608047485352,-13.287801742553711,-13.2662353515625
3717,-7.522985458374023,-11.518810272216797,-6.398737907409668,-8.480177879333496
3718,-6.528407096862793,-5.041972637176514,-7.110320568084717,-6.226900100708008
3719,-6.462486267089844,-7.565202713012695,-7.061190605163574,-7.029626528422038
3720,-7.228534698486328,-9.054844856262207,-7.561987400054932,-7.948455651601155
3721,-9.955422401428223,-7.879220485687256,-12.473508834838867,-10.10271724065145
3722,-9.92125415802002,-9.608198165893555,-11.540938377380371,-10.356796900431315
3723,-6.210593223571777,-11.578760147094727,-10.763533592224121,-9.517628987630209
3724,-9.127431869506836,-14.475640296936035,-11.900193214416504,-11.834421793619791
3725,-12.997000694274902,-8.480691909790039,-11.443690299987793,-10.973794301350912
3726,-13.913232803344727,-13.549965858459473,-10.943047523498535,-12.802082061767578
3727,-12.421943664550781,-11.2221040725708,-11.968420028686523,-11.870822588602701
3728,-4.417430877685547,-3.8524374961853027,-5.75760555267334,-4.6758246421813965
3729,-8.762618064880371,-9.329391479492188,-9.889229774475098,-9.327079772949219
3730,-10.327718734741211,-10.97396469116211,-9.620439529418945,-10.307374318440756
3731,-10.159425735473633,-10.434717178344727,-9.723938941955566,-10.106027285257975
3732,-6.94020414352417,-6.295145034790039,-5.564550399780273,-6.266633192698161
3733,-6.4456000328063965,-11.71208381652832,-8.506180763244629,-8.887954870859781
3734,-13.592264175415039,-14.083374977111816,-12.518227577209473,-13.397955576578775
3735,-11.756534576416016,-11.06089973449707,-8.468648910522461,-10.428694407145182
3736,-10.679803848266602,-13.789593696594238,-12.352391242980957,-12.273929595947266
