U_stratum,anchor_positive_uniprot,class,development_exposed_positive,homomeric,low_plausibility_evidence_tier,original_tuna_prior_pair,panel_row,partner_gene,partner_sequence_length,partner_sequence_sha256,partner_uniprot,prior_train_development_pair,query_gene,query_sequence_length,query_sequence_sha256,query_uniprot,target_cohort,training_exposed_positive,ipin_baseline_score,ipin_optimized_score,tuna_original_score,tuna_retrained_seed20260803_score,tuna_retrained_seed20260817_score,tuna_retrained_seed20260831_score,tuna_retrained_score,ipin_baseline_rank,ipin_optimized_rank,tuna_retrained_rank,tuna_original_rank
,,P,False,False,,False,1,CDH1,882,6c2a333136e50ec3440f42cf6abea8d429a38b758d97b3f3610f96b0e25a1d9d,P12830,False,CTNNB1,781,1e713d035af00ae7ec7e42f80259ed46e06120d2d5c617d320c91de02ce4dd1d,P35222,additional_six,False,-0.585255761941274,-0.7758577118317286,0.4966144561767578,-8.618210792541504,-8.25588607788086,-6.126628875732422,-7.666908582051595,63.0,238.0,238.0,241.0
,,P,False,False,,False,2,CTNNA1,906,3f02d1069dd454f464710c51fdb466fee0477c628bfb5c4b58c133c2ff79bc42,P35221,False,CTNNB1,781,1e713d035af00ae7ec7e42f80259ed46e06120d2d5c617d320c91de02ce4dd1d,P35222,additional_six,False,0.5045664211114248,0.2552837133407593,0.601241409778595,-4.370227813720703,-5.3895745277404785,-2.9437906742095947,-4.234531005223592,4.0,91.0,24.0,48.0
,,P,False,False,,True,3,TCF7L2,619,f74199f1156aa96cef219e118a8beba42b6cf7a7b7f23d8d376dfb3c71469bb4,Q9NQB0,False,CTNNB1,781,1e713d035af00ae7ec7e42f80259ed46e06120d2d5c617d320c91de02ce4dd1d,P35222,additional_six,False,-0.6331377228101095,-0.1231214702129364,0.5584240555763245,-6.556304454803467,-7.48590087890625,-6.457118034362793,-6.833107789357503,67.0,134.0,168.0,118.0
context,P12830,U,False,False,,False,4,LRRC8A,810,b3a4542b2d90dbd3cddd954610022dc0c4558bca9055832bd7328081a0647ca0,Q8IWT6,False,CTNNB1,781,1e713d035af00ae7ec7e42f80259ed46e06120d2d5c617d320c91de02ce4dd1d,P35222,additional_six,False,-1.6133816242218018,-0.864581286907196,0.3624809682369232,-9.700032234191895,-12.024185180664062,-6.2161431312561035,-9.313453515370687,242.0,255.0,339.0,420.0
context,P12830,U,False,False,,False,5,ERVW-1,538,835a8281ffe1a694db294d859d89332de72fa9de9b8793158a28cc05e5f39d2b,Q9UQF0,False,CTNNB1,781,1e713d035af00ae7ec7e42f80259ed46e06120d2d5c617d320c91de02ce4dd1d,P35222,additional_six,False,-2.1262086232503257,-2.0513338247934976,0.3856539726257324,-14.535113334655762,-8.098203659057617,-5.45621919631958,-9.363178730010986,329.0,398.0,344.0,400.0
context,P12830,U,False,False,,False,6,ERVFC1,584,42333f8c8735d53b9ad689c3cf7b7da6d6038a0d32b2cbdddb48c65413f95e9b,P60507,False,CTNNB1,781,1e713d035af00ae7ec7e42f80259ed46e06120d2d5c617d320c91de02ce4dd1d,P35222,additional_six,False,-1.9806421200434368,-1.8971488078435261,0.28865304589271545,-12.683416366577148,-7.296673774719238,-3.831376075744629,-7.937155405680339,309.0,385.0,261.0,445.0
context,P12830,U,False,False,,False,7,SLC9A7,725,0305524072b4fb37bd6f68341c86f234e3a8f95acf11ddc5b6b1357b30ece719,Q96T83,False,CTNNB1,781,1e713d035af00ae7ec7e42f80259ed46e06120d2d5c617d320c91de02ce4dd1d,P35222,additional_six,False,-1.9852895736694336,-1.7200218637784321,0.2863169312477112,-11.826238632202148,-13.098011016845703,-10.563592910766602,-11.829280853271484,310.0,357.0,432.0,446.0
context,P12830,U,False,False,,False,8,PLXDC1,500,8e7c4729a7459dfdba8d0dcd143e235ae3e719f5c10109e8a740338503147321,Q8IUK5,False,CTNNB1,781,1e713d035af00ae7ec7e42f80259ed46e06120d2d5c617d320c91de02ce4dd1d,P35222,additional_six,False,-3.0257200400034585,-2.2482995986938477,0.5355221033096313,-13.816965103149414,-10.628215789794922,-7.264277935028076,-10.569819609324137,423.0,412.0,398.0,157.0
context,P12830,U,False,False,,False,9,GSDMA,445,88fb547af94e14c6ba86500a5c1949b9b15ff810edd3dcf88cddd2f2fa7f1925,Q96QA5,False,CTNNB1,781,1e713d035af00ae7ec7e42f80259ed46e06120d2d5c617d320c91de02ce4dd1d,P35222,additional_six,False,-1.0904815793037415,-0.5869457746545473,0.37795576453208923,-9.988783836364746,-10.232152938842773,-6.357810974121094,-8.859582583109537,151.0,196.0,317.0,410.0
context,P12830,U,False,False,,False,10,MPL,635,61da292a0dae7936eff33d3c0909040d846053dc4925c3fb94d6a9bbe00d7c12,P40238,False,CTNNB1,781,1e713d035af00ae7ec7e42f80259ed46e06120d2d5c617d320c91de02ce4dd1d,P35222,additional_six,False,-2.100593328475952,-2.210972547531128,0.416343629360199,-12.937958717346191,-12.240100860595703,-10.084833145141602,-11.754297574361166,326.0,409.0,428.0,370.0
context,P12830,U,False,False,,False,11,ANTXR2,489,137799e546b8a031745941da4798a83fdc4ddd0d0caed7bdd9a2e36468e72ce5,P58335,False,CTNNB1,781,1e713d035af00ae7ec7e42f80259ed46e06120d2d5c617d320c91de02ce4dd1d,P35222,additional_six,False,-1.6448206106821697,-1.4778441190719604,0.4064042568206787,-13.122721672058105,-12.791847229003906,-10.454750061035156,-12.123106320699057,249.0,332.0,442.0,379.0
context,P12830,U,False,False,,False,12,KCNQ4,695,c6dd0092b775896c1534636ea95779a84e074f590068fcc7fec370765e4e3a99,P56696,False,CTNNB1,781,1e713d035af00ae7ec7e42f80259ed46e06120d2d5c617d320c91de02ce4dd1d,P35222,additional_six,False,-0.6831997036933899,-0.08425087730089824,0.4085734188556671,-10.2830171585083,-7.613371849060059,-7.667984485626221,-8.52145783106486,78.0,130.0,299.0,376.0
context,P12830,U,False,False,,False,13,KIRREL2,708,faa3303818f38cfd416e2e59cd04ff2f86b138b3aabf51b42cde45f416cf35d7,Q6UWL6,False,CTNNB1,781,1e713d035af00ae7ec7e42f80259ed46e06120d2d5c617d320c91de02ce4dd1d,P35222,additional_six,False,-2.890803496042887,-1.7830690145492554,0.6371690034866333,-6.905884742736816,-8.766680717468262,-6.597815990447998,-7.423460483551025,409.0,369.0,220.0,16.0
context,P12830,U,False,False,,False,14,ADCY6,1168,07fd63cb5c51ff06a66d10030c3863f1a94f058d54724eb2ccddc5b11a8ed25f,O43306,False,CTNNB1,781,1e713d035af00ae7ec7e42f80259ed46e06120d2d5c617d320c91de02ce4dd1d,P35222,additional_six,False,-1.2558865944544475,-1.364933927853902,0.5280760526657104,-8.386598587036133,-9.38757038116455,-6.531907558441162,-8.102025508880615,177.0,318.0,276.0,172.0
context,P12830,U,False,False,,False,15,CDH9,789,4d7d52abeb01f7743ed266feca01341c1cca506c6a60bb4bee17fbbafdaabad3,Q9ULB4,False,CTNNB1,781,1e713d035af00ae7ec7e42f80259ed46e06120d2d5c617d320c91de02ce4dd1d,P35222,additional_six,False,-1.5233628352483113,-1.2933186690012615,0.5035348534584045,-8.559584617614746,-9.824645042419434,-7.836942672729492,-8.74039077758789,228.0,313.0,313.0,230.0
context,P12830,U,False,False,,False,16,SLC2A13,648,0524d4ba4c0fdd9638cdc59d6a5c479618e81166da4a6989ffa3fae2b717790a,Q96QE2,False,CTNNB1,781,1e713d035af00ae7ec7e42f80259ed46e06120d2d5c617d320c91de02ce4dd1d,P35222,additional_six,False,-2.0345346132914224,-1.476359248161316,0.4566980004310608,-12.144244194030762,-12.191261291503906,-11.462696075439453,-11.932733853658041,317.0,331.0,436.0,329.0
context,P12830,U,False,False,,False,17,SLC2A5,501,6c6ed94c3749004085f88a1d007ba60d922e622495b4eacabf0ad0ed06a1cfb8,P22732,False,CTNNB1,781,1e713d035af00ae7ec7e42f80259ed46e06120d2d5c617d320c91de02ce4dd1d,P35222,additional_six,False,-2.377220312754313,-1.9070662260055542,0.43492811918258667,-12.470929145812988,-11.871182441711426,-11.013378143310547,-11.785163243611654,367.0,386.0,429.0,358.0
context,P12830,U,False,False,,False,18,SLC30A10,485,e26406e71d4b3ac51630a12389507afd3deaf447f4c5aba631b5fb215df33d8e,Q6XR72,False,CTNNB1,781,1e713d035af00ae7ec7e42f80259ed46e06120d2d5c617d320c91de02ce4dd1d,P35222,additional_six,False,-1.5566073656082153,-1.439162254333496,0.40776941180229187,-9.068933486938477,-8.047119140625,-6.525820732116699,-7.880624453226726,232.0,330.0,253.0,378.0
context,P12830,U,False,False,,False,19,APLP1,650,6560a96277b027f926afadbd9a9f3b276dde084bef9441643dcc5b30d15cf0d1,P51693,False,CTNNB1,781,1e713d035af00ae7ec7e42f80259ed46e06120d2d5c617d320c91de02ce4dd1d,P35222,additional_six,False,-0.9904999335606893,-0.7101973096529642,0.5582354068756104,-9.38341236114502,-8.835561752319336,-5.444863796234131,-7.887945969899495,131.0,220.0,255.0,119.0
context,P12830,U,False,False,,False,20,CDH7,785,afb02d19fda69367942c724d593a4922313fb5ff84bb3fa05016fc90b05054b1,Q9ULB5,False,CTNNB1,781,1e713d035af00ae7ec7e42f80259ed46e06120d2d5c617d320c91de02ce4dd1d,P35222,additional_six,False,-1.308223048845927,-1.1934773524602253,0.49063238501548767,-8.489666938781738,-8.754535675048828,-7.325498104095459,-8.189900239308676,190.0,300.0,282.0,253.0
context,P12830,U,False,False,,False,21,ADRA1D,572,c1e8f6aca3c3b64ebe03e5c2dfff0f224679af93562c365d090a3da723be87e2,P25100,False,CTNNB1,781,1e713d035af00ae7ec7e42f80259ed46e06120d2d5c617d320c91de02ce4dd1d,P35222,additional_six,False,-2.3863332271575928,-1.339925507704417,0.5340903401374817,-9.79532241821289,-10.847500801086426,-9.385202407836914,-10.009341875712076,368.0,314.0,380.0,162.0
context,P12830,U,False,False,,False,22,TRPC3,921,c1b0c7a28dc80a692b4bc4f0b07f59c82a4535acb8fa66f230e9eff11a0f096c,Q13507,False,CTNNB1,781,1e713d035af00ae7ec7e42f80259ed46e06120d2d5c617d320c91de02ce4dd1d,P35222,additional_six,False,-2.6573568979899087,-2.5883334477742515,0.35250991582870483,-9.285192489624023,-12.063451766967773,-11.176888465881348,-10.841844240824381,387.0,436.0,408.0,427.0
context,P12830,U,False,False,,False,23,MEGF11,1044,0f241b518729c55c387cacc3644b3b3ceefcc26ad80b87a639b23c225d77380a,A6BM72,False,CTNNB1,781,1e713d035af00ae7ec7e42f80259ed46e06120d2d5c617d320c91de02ce4dd1d,P35222,additional_six,False,-1.7671655813852947,-0.9190320372581482,0.5635285973548889,-8.665604591369629,-11.840399742126465,-6.713572025299072,-9.073192119598389,271.0,261.0,325.0,109.0
context,P12830,U,False,False,,False,24,NRG1,640,7571b2a7d1e56afea59b7555aece78da62c51b2604261693e7ba6419f730b721,Q02297,False,CTNNB1,781,1e713d035af00ae7ec7e42f80259ed46e06120d2d5c617d320c91de02ce4dd1d,P35222,additional_six,False,-2.1040529012680054,-1.6772640546162922,0.5088894963264465,-10.540749549865723,-11.493412971496582,-7.52768087387085,-9.85394779841105,327.0,353.0,374.0,217.0
context,P12830,U,False,False,,False,25,ADGRG1,693,cb53a89ac6edcaf76b41aefa597e519e4934cbfe4df648a190dfc6480526ed88,Q9Y653,False,CTNNB1,781,1e713d035af00ae7ec7e42f80259ed46e06120d2d5c617d320c91de02ce4dd1d,P35222,additional_six,False,-3.025766213734945,-1.9795786142349243,0.5038663744926453,-12.885348320007324,-13.017840385437012,-9.864826202392578,-11.922671635945639,424.0,391.0,435.0,228.0
context,P12830,U,False,False,,False,26,TEK,1124,098f8e95556545c4417a8526c58549235f89930e00529d662ba941c1c2e8a9dd,Q02763,False,CTNNB1,781,1e713d035af00ae7ec7e42f80259ed46e06120d2d5c617d320c91de02ce4dd1d,P35222,additional_six,False,-2.304640769958496,-2.7264960606892905,0.6087088584899902,-7.366217136383057,-11.002079963684082,-7.181888103485107,-8.516728401184082,353.0,442.0,297.0,42.0
context,P12830,U,False,False,,False,27,GLDN,551,336d3b00c7f71d2c9ff21f91c79baf3eaff7a9458efdd8190584d12b5729ebd1,Q6ZMI3,False,CTNNB1,781,1e713d035af00ae7ec7e42f80259ed46e06120d2d5c617d320c91de02ce4dd1d,P35222,additional_six,False,-2.7348074118296304,-2.376646637916565,0.5287213325500488,-7.31077766418457,-8.853696823120117,-5.487173557281494,-7.2172160148620605,397.0,422.0,200.0,170.0
context,P12830,U,False,False,,False,28,CHRNA1,457,e83d924a92f555c46f0e314ec0881280117aad5bc8f8ef6d00373afe73642f07,P02708,False,CTNNB1,781,1e713d035af00ae7ec7e42f80259ed46e06120d2d5c617d320c91de02ce4dd1d,P35222,additional_six,False,-3.8531010945638022,-2.8755153020222983,0.43404582142829895,-11.155440330505371,-10.137998580932617,-9.531341552734375,-10.274926821390787,448.0,446.0,391.0,359.0
context,P12830,U,False,False,,False,29,CD163,1156,96fdc58597858ba47ca31f55c5a72871b8527f144c181d1b438dbfe6d6cd3cc8,Q86VB7,False,CTNNB1,781,1e713d035af00ae7ec7e42f80259ed46e06120d2d5c617d320c91de02ce4dd1d,P35222,additional_six,False,-2.659209887186686,-2.1585169235865274,0.39268016815185547,-13.085782051086426,-11.005382537841797,-11.899962425231934,-11.997042338053385,388.0,407.0,439.0,394.0
context,P12830,U,False,False,,False,30,ASIC2,512,739a35637921104e290b43bb18cf4938f929e0a62d2562d892959726bb8c63d3,Q16515,False,CTNNB1,781,1e713d035af00ae7ec7e42f80259ed46e06120d2d5c617d320c91de02ce4dd1d,P35222,additional_six,False,-4.013968308766683,-3.3842247327168784,0.3950304687023163,-11.392804145812988,-14.32048225402832,-9.693931579589844,-11.802405993143717,450.0,450.0,430.0,392.0
context,P12830,U,False,False,,False,31,PTCHD1,888,4db7509e0fa77695b92fb803e70cf2463779f74bbca84905fa1fbdd475085660,Q96NR3,False,CTNNB1,781,1e713d035af00ae7ec7e42f80259ed46e06120d2d5c617d320c91de02ce4dd1d,P35222,additional_six,False,-3.1748987833658853,-2.3949314753214517,0.3865119218826294,-12.164371490478516,-11.487570762634277,-12.786294937133789,-12.146079063415527,428.0,423.0,443.0,398.0
context,P12830,U,False,False,,False,32,SLC9A2,812,d346a521e96f86e11e38b355471d2b8d4d30783e76eeca8d536565009b0a4b58,Q9UBY0,False,CTNNB1,781,1e713d035af00ae7ec7e42f80259ed46e06120d2d5c617d320c91de02ce4dd1d,P35222,additional_six,False,-1.7466330528259277,-2.14447283744812,0.34883764386177063,-12.453903198242188,-10.606464385986328,-10.48607349395752,-11.182147026062012,269.0,405.0,415.0,431.0
context,P12830,U,False,False,,False,33,ADCY5,1261,df36269db8cb4155c4dcc1ba77d9134a2e61a4a4ea14c524b6d85541baac813c,O95622,False,CTNNB1,781,1e713d035af00ae7ec7e42f80259ed46e06120d2d5c617d320c91de02ce4dd1d,P35222,additional_six,False,-1.5790490706761677,-1.3423151572545369,0.5264220237731934,-8.152585983276367,-11.089316368103027,-7.3217854499816895,-8.854562600453695,236.0,315.0,315.0,177.0
context,P12830,U,False,False,,False,34,GUCY2C,1073,65e0c45e5759303997c3b2d84199fc621c9d3899348c9b6fd17686195676db85,P25092,False,CTNNB1,781,1e713d035af00ae7ec7e42f80259ed46e06120d2d5c617d320c91de02ce4dd1d,P35222,additional_six,False,-1.4476423660914104,-1.0687572360038757,0.5773208141326904,-9.519046783447266,-12.094663619995117,-6.576791763305664,-9.396834055582682,213.0,281.0,347.0,89.0
context,P12830,U,False,False,,False,35,CASR,1078,6c2adc8809792b84c0c5bc19ff04e45e74db85abcf49bcaf002a0c6627f2e06c,P41180,False,CTNNB1,781,1e713d035af00ae7ec7e42f80259ed46e06120d2d5c617d320c91de02ce4dd1d,P35222,additional_six,False,-2.240872859954834,-1.3698779344558716,0.45618683099746704,-13.383892059326172,-13.434340476989746,-12.393689155578613,-13.070640563964844,345.0,319.0,451.0,330.0
context,P12830,U,False,False,,False,36,SMO,787,2174c461817c35101eddf5c5ded44c7993684802e2ae40eb8566d574eccf79c1,Q99835,False,CTNNB1,781,1e713d035af00ae7ec7e42f80259ed46e06120d2d5c617d320c91de02ce4dd1d,P35222,additional_six,False,-2.574364185333252,-1.8874343633651733,0.5614550113677979,-10.578691482543945,-11.992673873901367,-9.286118507385254,-10.619161287943522,381.0,383.0,400.0,114.0
context,P12830,U,False,False,,False,37,ATP11C,1132,7ce634be21efd8418772cc86953a0d19ed9bd4388c400a025943620e9c1ae3fb,Q8NB49,False,CTNNB1,781,1e713d035af00ae7ec7e42f80259ed46e06120d2d5c617d320c91de02ce4dd1d,P35222,additional_six,False,-1.7357653776804607,-0.6010613242785136,0.469415545463562,-8.380450248718262,-9.238983154296875,-6.411942481994629,-8.010458628336588,267.0,198.0,271.0,305.0
context,P12830,U,False,False,,False,38,FOLH1,750,75c34e924155e3529903bd10daf1da3d8929c12d17075ff191d84ec07703843f,Q04609,False,CTNNB1,781,1e713d035af00ae7ec7e42f80259ed46e06120d2d5c617d320c91de02ce4dd1d,P35222,additional_six,False,-2.350773255030314,-1.8437421321868896,0.4493139684200287,-13.89233112335205,-13.833820343017578,-11.701395034790039,-13.142515500386557,365.0,380.0,452.0,336.0
context,P12830,U,False,False,,False,39,ENTPD8,495,3f20c11685a86dff6e99cdf752c94239d954c7e3d9aa9d2ec2498a84e2740fdd,Q5MY95,False,CTNNB1,781,1e713d035af00ae7ec7e42f80259ed46e06120d2d5c617d320c91de02ce4dd1d,P35222,additional_six,False,-1.1015029748280842,-0.4232095281283061,0.43373194336891174,-10.323646545410156,-14.363054275512695,-9.555889129638672,-11.414196650187174,152.0,177.0,420.0,360.0
context,P12830,U,False,False,,False,40,CSF3R,836,d5cf3e74c209c0757c6e0c8ed593e62c9640e2b160103c323a7b1defb25514da,Q99062,False,CTNNB1,781,1e713d035af00ae7ec7e42f80259ed46e06120d2d5c617d320c91de02ce4dd1d,P35222,additional_six,False,-1.9746290445327759,-1.6641281048456829,0.4376298487186432,-11.320150375366211,-10.059972763061523,-6.445223331451416,-9.275115489959717,306.0,352.0,336.0,352.0
context,P12830,U,False,False,,False,41,SLCO2A1,643,ef944dfc85cbbf02ef2b6ecbb4dc134d19cbb9648f5645f7aade5fd7a6de022f,Q92959,False,CTNNB1,781,1e713d035af00ae7ec7e42f80259ed46e06120d2d5c617d320c91de02ce4dd1d,P35222,additional_six,False,-4.630036354064941,-3.7565671602884927,0.3273952007293701,-12.40004825592041,-12.330818176269531,-10.359545707702637,-11.69680404663086,453.0,452.0,427.0,439.0
context,P12830,U,False,False,,False,42,LRRC8C,803,fa768148dc128855c6b0e6420ad6e1a17e2b3d838c4a1b133682ae2c6e070113,Q8TDW0,False,CTNNB1,781,1e713d035af00ae7ec7e42f80259ed46e06120d2d5c617d320c91de02ce4dd1d,P35222,additional_six,False,-2.4417436122894287,-1.5044382810592651,0.42592984437942505,-11.165475845336914,-11.41427230834961,-5.495556354522705,-9.358434836069742,372.0,337.0,343.0,366.0
context,P12830,U,False,False,,False,43,TTYH2,534,a0c084890237a0a31cf5e3d2545ee60ecb721322677093b64e78f3558434a391,Q9BSA4,False,CTNNB1,781,1e713d035af00ae7ec7e42f80259ed46e06120d2d5c617d320c91de02ce4dd1d,P35222,additional_six,False,-3.0074808597564697,-2.508396546045939,0.34320953488349915,-10.425602912902832,-9.49708366394043,-9.938365936279297,-9.953684171040853,417.0,433.0,378.0,434.0
context,P12830,U,False,False,,False,44,NECTIN3,549,5a0adb42a30273ec3e34c6797290834120b919298c5b575eb0e9e615a23d97ea,Q9NQS3,False,CTNNB1,781,1e713d035af00ae7ec7e42f80259ed46e06120d2d5c617d320c91de02ce4dd1d,P35222,additional_six,False,-3.01459272702535,-2.3761541843414307,0.48178061842918396,-8.438041687011719,-9.56220817565918,-7.5931220054626465,-8.531123956044516,422.0,421.0,300.0,276.0
context,P12830,U,False,False,,False,45,PCDH17,1159,dfbed958b8435d79958018b740be5ed1cfe629d6dac5271191c53c9a7f9f2f08,O14917,False,CTNNB1,781,1e713d035af00ae7ec7e42f80259ed46e06120d2d5c617d320c91de02ce4dd1d,P35222,additional_six,False,-1.7101859251658122,-1.1558531125386555,0.4567210376262665,-6.3608269691467285,-6.232533931732178,-7.473940372467041,-6.689100424448649,261.0,295.0,153.0,328.0
context,P12830,U,False,False,,False,46,TNFRSF10A,468,d5dbd35bf1d46873776299acc1a09e7df0368947a7b061f0b42a65525f2700a7,O00220,False,CTNNB1,781,1e713d035af00ae7ec7e42f80259ed46e06120d2d5c617d320c91de02ce4dd1d,P35222,additional_six,False,-1.6861220200856526,-1.1522982120513916,0.36726701259613037,-10.421507835388184,-11.639573097229004,-7.619894027709961,-9.893658320109049,258.0,293.0,375.0,416.0
context,P12830,U,False,False,,False,47,SLC9A8,581,eb5a5e662314f9eff71a46e28ddc596925b4e1712c9dd7bdd759832f9a981a6b,Q9Y2E8,False,CTNNB1,781,1e713d035af00ae7ec7e42f80259ed46e06120d2d5c617d320c91de02ce4dd1d,P35222,additional_six,False,-2.481405337651571,-2.3502376874287925,0.35032933950424194,-10.561530113220215,-10.468433380126953,-11.500004768371582,-10.84332275390625,373.0,417.0,409.0,430.0
context,P12830,U,False,False,,False,48,SLC1A6,564,9b2b2058622d28b849504d67a8f65bc245fb35a977a0e654a48c654d8dec8531,P48664,False,CTNNB1,781,1e713d035af00ae7ec7e42f80259ed46e06120d2d5c617d320c91de02ce4dd1d,P35222,additional_six,False,-2.078246315320333,-1.7424459060033162,0.3852301239967346,-14.102690696716309,-11.065180778503418,-9.8391752243042,-11.669015566507975,323.0,362.0,426.0,401.0
context,P12830,U,False,False,,False,49,SLC46A1,459,a267c7f1699d52d0dd3abca204140cd71adfcf2a2c8cbc86628f6c5d3dbcec9c,Q96NT5,False,CTNNB1,781,1e713d035af00ae7ec7e42f80259ed46e06120d2d5c617d320c91de02ce4dd1d,P35222,additional_six,False,-3.1858010292053223,-2.7534448305765786,0.3841043710708618,-12.445159912109375,-12.39582633972168,-7.750476360321045,-10.863820870717367,429.0,444.0,410.0,402.0
context,P12830,U,False,False,,False,50,SLC2A14,520,c6bfe61e458ae6a273b4c5590db2c1b8481fb6199d026a3159f071fc2ae7a36b,Q8TDB8,False,CTNNB1,781,1e713d035af00ae7ec7e42f80259ed46e06120d2d5c617d320c91de02ce4dd1d,P35222,additional_six,False,-2.4152173598607383,-2.122269550959269,0.4725167155265808,-11.906577110290527,-11.746407508850098,-10.941078186035156,-11.531354268391928,370.0,404.0,423.0,291.0
context,P12830,U,False,False,,False,51,RNF43,783,7b56cff5f070e4c7e55714b1f98b39f2db4cb07561e706939bd44fe5dabee125,Q68DV7,False,CTNNB1,781,1e713d035af00ae7ec7e42f80259ed46e06120d2d5c617d320c91de02ce4dd1d,P35222,additional_six,False,-0.6411410570144653,1.2093243996302288,0.47247549891471863,-7.083144664764404,-7.82908821105957,-5.4453840255737305,-6.785872300465901,70.0,16.0,166.0,292.0
context,P12830,U,False,False,,False,52,SLC28A3,691,9f1cf3571f91ea70ba225e033e41b8f47f0cc3fbdd41a99b8745a227eae21660,Q9HAS3,False,CTNNB1,781,1e713d035af00ae7ec7e42f80259ed46e06120d2d5c617d320c91de02ce4dd1d,P35222,additional_six,False,-1.907731533050537,-1.7316792408625286,0.31531649827957153,-15.029730796813965,-13.426511764526367,-9.559325218200684,-12.671855926513672,290.0,358.0,446.0,442.0
context,P12830,U,False,False,,False,53,NRXN3,637,173b34b0f0b99b88f4abd42cb5c5875b029a2eddb18740d1a26603d0914bc938,Q9HDB5,False,CTNNB1,781,1e713d035af00ae7ec7e42f80259ed46e06120d2d5c617d320c91de02ce4dd1d,P35222,additional_six,False,-2.7717765172322593,-2.11760942141215,0.4115736782550812,-9.980104446411133,-9.726327896118164,-9.397065162658691,-9.701165835062662,401.0,403.0,368.0,371.0
background,P12830,U,False,False,,False,54,PCDHB1,818,b6b5e98b27935c99f278f12cd4e388a0a824b043a53fbba16e6b0ce8573ce195,Q9Y5F3,False,CTNNB1,781,1e713d035af00ae7ec7e42f80259ed46e06120d2d5c617d320c91de02ce4dd1d,P35222,additional_six,False,-1.896515687306722,-0.6894510885079702,0.4690515398979187,-8.130850791931152,-5.350960731506348,-6.339147567749023,-6.606986363728841,288.0,214.0,145.0,306.0
background,P12830,U,False,False,,False,55,NLGN1,863,888c9719c74962bf6a92e14a28b95ccad9b15b1c7d6560d7d5048243decb0e43,Q8N2Q7,False,CTNNB1,781,1e713d035af00ae7ec7e42f80259ed46e06120d2d5c617d320c91de02ce4dd1d,P35222,additional_six,False,-2.2618161837259927,-1.621463378270467,0.554894208908081,-10.09235668182373,-10.872098922729492,-8.78609848022461,-9.916851361592611,346.0,348.0,377.0,127.0
background,P12830,U,False,False,,False,56,PODXL,558,ba4e4898c4a93f050f52f02bf2fc6d4132d9b4d6365e1e126aea6ea9f2234013,O00592,False,CTNNB1,781,1e713d035af00ae7ec7e42f80259ed46e06120d2d5c617d320c91de02ce4dd1d,P35222,additional_six,False,-3.1723149617513022,-3.1544803778330484,0.355216383934021,-12.796177864074707,-9.704795837402344,-8.116472244262695,-10.205815315246582,427.0,449.0,385.0,426.0
background,P12830,U,False,False,,False,57,CPN1,458,5dd264ab61f448aad52a9a7ef98d5783f901cf5f8247f9c4b54cf70649b32982,P15169,False,CTNNB1,781,1e713d035af00ae7ec7e42f80259ed46e06120d2d5c617d320c91de02ce4dd1d,P35222,additional_six,False,-1.3004640340805054,-1.0585732956727345,0.5468716621398926,-9.482173919677734,-10.051761627197266,-8.64289379119873,-9.392276446024576,185.0,280.0,345.0,138.0
background,P12830,U,False,False,,False,58,SEMA5A,1074,fa1b147b8899611b594a92964357ffbe6456c757b16735d0ffc5a55f54eaa23f,Q13591,False,CTNNB1,781,1e713d035af00ae7ec7e42f80259ed46e06120d2d5c617d320c91de02ce4dd1d,P35222,additional_six,False,-2.068976362546285,-1.1287067731221516,0.483152836561203,-8.124202728271484,-10.658698081970215,-4.9830546379089355,-7.921985149383545,320.0,286.0,260.0,272.0
background,P12830,U,False,False,,False,59,TUBA8,449,edf40f071ec558d496180f65dc766ed8d4515a3e463d789cedd54cac7807e971,Q9NY65,False,CTNNB1,781,1e713d035af00ae7ec7e42f80259ed46e06120d2d5c617d320c91de02ce4dd1d,P35222,additional_six,False,-1.3019364674886067,-0.604452888170878,0.47505077719688416,-11.901625633239746,-9.892641067504883,-9.47293758392334,-10.422401428222656,186.0,199.0,393.0,286.0
background,P12830,U,False,False,,False,60,THOC5,683,9ddc8852e3ee7138c58d63bb6bfc897428434962211197103347c36bb2b0f11f,Q13769,False,CTNNB1,781,1e713d035af00ae7ec7e42f80259ed46e06120d2d5c617d320c91de02ce4dd1d,P35222,additional_six,False,0.06338853264848392,0.11021966735521953,0.48959243297576904,-8.383644104003906,-7.071474075317383,-3.687821388244629,-6.380979855855306,16.0,104.0,133.0,255.0
background,P12830,U,False,False,,False,61,YY1AP1,796,ba899ec301db5073f213140a277ad080481cc8191bb7ad6ef503cdaa38e556ff,Q9H869,False,CTNNB1,781,1e713d035af00ae7ec7e42f80259ed46e06120d2d5c617d320c91de02ce4dd1d,P35222,additional_six,False,-0.8603209455808004,0.3332446217536926,0.5012069940567017,-5.76090145111084,-9.038137435913086,-6.65576696395874,-7.151601950327556,103.0,81.0,195.0,234.0
background,P12830,U,False,False,,False,62,ZRSR2P1,479,d94ce54d98b89b93745242a0c448983b80bf437a17fcd740c4e2719ecddfd690,Q15695,False,CTNNB1,781,1e713d035af00ae7ec7e42f80259ed46e06120d2d5c617d320c91de02ce4dd1d,P35222,additional_six,False,-1.2201152245203655,-0.8327803413073221,0.3962116837501526,-5.631072998046875,-9.734118461608887,-5.472743034362793,-6.945978164672852,171.0,249.0,178.0,390.0
background,P12830,U,False,False,,False,63,ZNF226,803,9c1c9ad513c7385ec70bc33f8d8a10f288e737f3f83a98724b27bd5156389c29,Q9NYT6,False,CTNNB1,781,1e713d035af00ae7ec7e42f80259ed46e06120d2d5c617d320c91de02ce4dd1d,P35222,additional_six,False,-1.714335044225057,-0.29566435019175213,0.5180183053016663,-4.5726494789123535,-3.945286273956299,-5.762162685394287,-4.7600328127543134,262.0,159.0,40.0,197.0
background,P12830,U,False,False,,False,64,FSD2,749,f5172301c3e1830915ec1c0cdd28a573c62c77f23d498e7641e59005e2d9510d,A1L4K1,False,CTNNB1,781,1e713d035af00ae7ec7e42f80259ed46e06120d2d5c617d320c91de02ce4dd1d,P35222,additional_six,False,-0.1007029761870702,0.5159135858217875,0.5909058451652527,-3.390678882598877,-5.5259504318237305,-1.2989164590835571,-3.4051819245020547,24.0,64.0,4.0,66.0
background,P12830,U,False,False,,False,65,ZNF649,505,3451ef9f1c32b2ecabdd7d5fe2f7f581af532dc3172aa4a08ef61020f1c5ce66,Q9BS31,False,CTNNB1,781,1e713d035af00ae7ec7e42f80259ed46e06120d2d5c617d320c91de02ce4dd1d,P35222,additional_six,False,-1.9672710100809734,-0.6496906479199728,0.486716628074646,-5.01809024810791,-5.789139747619629,-7.485255241394043,-6.097495079040527,302.0,204.0,112.0,262.0
background,P12830,U,False,False,,False,66,ZNF397,534,7f721eab5156d1bdd550a244f2f68313091206bb3f1c9bb6d9613bb1f4ed5eb2,Q8NF99,False,CTNNB1,781,1e713d035af00ae7ec7e42f80259ed46e06120d2d5c617d320c91de02ce4dd1d,P35222,additional_six,False,-1.2780718406041462,0.35232728719711304,0.4792186915874481,-5.33997917175293,-5.516188144683838,-6.081112861633301,-5.6457600593566895,180.0,78.0,81.0,279.0
background,P12830,U,False,False,,False,67,CXorf49C,518,36c336f1ee4f8845098eb9c38b849614ca5e4712a349f6cd330457d878b0ec48,A0A1B0GWI6,False,CTNNB1,781,1e713d035af00ae7ec7e42f80259ed46e06120d2d5c617d320c91de02ce4dd1d,P35222,additional_six,False,-0.9305490056673685,1.627429763476054,0.5192040205001831,-4.862210273742676,-4.430643081665039,-4.8418169021606445,-4.711556752522786,116.0,7.0,37.0,193.0
background,P12830,U,False,False,,False,68,AKT3,479,7807e896342f7584ad6033dfdf0a6b0076732db9c708df5d0544de83fdf47511,Q9Y243,False,CTNNB1,781,1e713d035af00ae7ec7e42f80259ed46e06120d2d5c617d320c91de02ce4dd1d,P35222,additional_six,False,-1.359035849571228,-0.6786289016405741,0.5502067804336548,-7.342830181121826,-9.785163879394531,-5.058311939239502,-7.395435333251953,196.0,212.0,216.0,132.0
background,P12830,U,False,False,,False,69,GPR61,451,7080df530e24dda78f093f6d75b5e15f460405716ce44257409c371d02d58634,Q9BZJ8,False,CTNNB1,781,1e713d035af00ae7ec7e42f80259ed46e06120d2d5c617d320c91de02ce4dd1d,P35222,additional_six,False,-1.8020049730936687,-0.9818333188692728,0.4023921489715576,-10.756608009338379,-11.64034366607666,-9.198202133178711,-10.531717936197916,276.0,273.0,397.0,381.0
background,P12830,U,False,False,,False,70,TBL2,447,9e55d0f7d2a7d9e789fde68bb40c1e740828b0d9af0ee0db628044eb75b32467,Q9Y4P3,False,CTNNB1,781,1e713d035af00ae7ec7e42f80259ed46e06120d2d5c617d320c91de02ce4dd1d,P35222,additional_six,False,-1.2841285069783528,-0.8465018073717753,0.43015405535697937,-10.07108211517334,-9.383553504943848,-4.653279781341553,-8.035971800486246,181.0,252.0,272.0,361.0
background,P12830,U,False,False,,False,71,GBP4,640,bc47cb1105c5f181d7c3185b1da92e7d1d88b664f27ed7ad5da1803df1c4d20d,Q96PP9,False,CTNNB1,781,1e713d035af00ae7ec7e42f80259ed46e06120d2d5c617d320c91de02ce4dd1d,P35222,additional_six,False,-1.1703994472821553,-0.7434337834517161,0.585483968257904,-5.508103370666504,-8.199235916137695,-6.799620628356934,-6.835653305053711,163.0,229.0,169.0,77.0
background,P12830,U,False,False,,False,72,TMC6,805,7c51c2e1c85993571fa4ebcef5b560f0d4a2b79bb9cc5dcfb7f4b2e3d3fae435,Q7Z403,False,CTNNB1,781,1e713d035af00ae7ec7e42f80259ed46e06120d2d5c617d320c91de02ce4dd1d,P35222,additional_six,False,-2.142222245534261,-0.7688087622324625,0.32139110565185547,-12.137395858764648,-11.0345458984375,-9.16402816772461,-10.778656641642252,332.0,236.0,405.0,440.0
background,P12830,U,False,False,,False,73,CHKA,457,33693b303138ed8342c492fd4e8eb7ef52dbb288038c72355590e4c266128662,P35790,False,CTNNB1,781,1e713d035af00ae7ec7e42f80259ed46e06120d2d5c617d320c91de02ce4dd1d,P35222,additional_six,False,-2.5154384771982827,-1.7591594457626343,0.5755984783172607,-7.476248741149902,-8.31810474395752,-7.28278112411499,-7.692378203074138,378.0,365.0,240.0,92.0
background,P12830,U,False,False,,False,74,ZNF66,573,5fddfbad91aafd429ac710226b51bd3bf1e36863d4182a25b96aa8a43698b9db,Q6ZN08,False,CTNNB1,781,1e713d035af00ae7ec7e42f80259ed46e06120d2d5c617d320c91de02ce4dd1d,P35222,additional_six,False,-2.6624194780985513,-1.2529625967144966,0.5130413174629211,-5.4550461769104,-5.8515424728393555,-5.045318126678467,-5.450635592142741,390.0,310.0,69.0,209.0
background,P12830,U,False,False,,False,75,ITFG1,612,121ca5139633964cb9bdd723cd0171fd3610291040fff0928ca5b6fd65c45464,Q8TB96,False,CTNNB1,781,1e713d035af00ae7ec7e42f80259ed46e06120d2d5c617d320c91de02ce4dd1d,P35222,additional_six,False,-2.9814565181732178,-2.265604575475057,0.4241656959056854,-11.918634414672852,-9.506207466125488,-10.056760787963867,-10.493867556254068,415.0,413.0,396.0,367.0
background,P12830,U,False,False,,False,76,TRMT44,757,49b340fda0596742cc40dbcaa3c626accfe678461b668b98e64919f54a62ed15,Q8IYL2,False,CTNNB1,781,1e713d035af00ae7ec7e42f80259ed46e06120d2d5c617d320c91de02ce4dd1d,P35222,additional_six,False,-1.2041242917378743,0.2523784836133321,0.494836688041687,-5.481435298919678,-8.864487648010254,-4.528824806213379,-6.2915825843811035,170.0,92.0,123.0,244.0
background,P12830,U,False,False,,False,77,PARG,976,f532e7f4d6c8b9272202e054aafb77112260df6c48a2b788fdb1545606d0e879,Q86W56,False,CTNNB1,781,1e713d035af00ae7ec7e42f80259ed46e06120d2d5c617d320c91de02ce4dd1d,P35222,additional_six,False,-1.1986749172210693,-0.30278833707173664,0.5470607280731201,-7.082362174987793,-9.118490219116211,-4.616486549377441,-6.9391129811604815,169.0,161.0,175.0,137.0
background,P12830,U,False,False,,False,78,ZNF627,461,986665dca9294cd0706f18d16d3e18ccdc3df10ba32c69eb15de68054de8b80e,Q7L945,False,CTNNB1,781,1e713d035af00ae7ec7e42f80259ed46e06120d2d5c617d320c91de02ce4dd1d,P35222,additional_six,False,-2.0164632399876914,-0.9397524694601694,0.5072636604309082,-5.388803958892822,-5.145300388336182,-7.270840167999268,-5.934981505076091,315.0,267.0,101.0,220.0
background,P12830,U,False,False,,False,79,SLMAP,828,0d2270417ca7729a4d4ac76b8f043ef61f3740cb8ea3014520c35f7508f27aef,Q14BN4,False,CTNNB1,781,1e713d035af00ae7ec7e42f80259ed46e06120d2d5c617d320c91de02ce4dd1d,P35222,additional_six,False,-0.01591132953763008,0.2620879610379537,0.5238367319107056,-7.176465034484863,-8.199516296386719,-7.57786226272583,-7.651281197865804,22.0,90.0,237.0,181.0
background,P12830,U,False,False,,False,80,PUS3,481,3e2225c0aa614b9a9a52184d0cd1f7173920bbff67e3fe1f87781a0f265f044b,Q9BZE2,False,CTNNB1,781,1e713d035af00ae7ec7e42f80259ed46e06120d2d5c617d320c91de02ce4dd1d,P35222,additional_six,False,0.4125572244326274,0.9252250989278158,0.379403293132782,-5.970946788787842,-9.232253074645996,-3.29862380027771,-6.167274554570516,5.0,27.0,116.0,408.0
background,P12830,U,False,False,,False,81,IRX3,501,51e378d11edfae6b97c5a2c49565c3dbddf2bae0c5d3491be9f2af4f1d054e85,P78415,False,CTNNB1,781,1e713d035af00ae7ec7e42f80259ed46e06120d2d5c617d320c91de02ce4dd1d,P35222,additional_six,False,-0.733625054359436,0.10918277502059937,0.5501028299331665,-4.690481662750244,-7.539978504180908,-4.5444016456604,-5.5916206041971845,83.0,105.0,77.0,133.0
background,P12830,U,False,False,,False,82,TUB,506,d1e5bb57e598b7bcf279ed6d58a6fcd532a01d9fda0799b6fd0672d3007345a1,P50607,False,CTNNB1,781,1e713d035af00ae7ec7e42f80259ed46e06120d2d5c617d320c91de02ce4dd1d,P35222,additional_six,False,-0.7514205276966095,-0.6530553499857584,0.6022124290466309,-8.703360557556152,-5.76308536529541,-3.791703462600708,-6.086049795150757,88.0,205.0,110.0,47.0
background,P12830,U,False,False,,False,83,CEMIP2,1383,3f8119b9dfc7d5e59c2128dbfca6b4a8561e90be0d2f656053b993ca5adc180e,Q9UHN6,False,CTNNB1,781,1e713d035af00ae7ec7e42f80259ed46e06120d2d5c617d320c91de02ce4dd1d,P35222,additional_six,False,-1.9867199659347534,-1.0804333289464314,0.5721041560173035,-8.979850769042969,-9.723258972167969,-6.9740190505981445,-8.559042930603027,311.0,282.0,302.0,99.0
background,P12830,U,False,False,,False,84,PRODH2,460,295c6e2bbaeb03925a82d20fbd8bb2b2b1a7727c9a3afc92a123ee17b7c48822,Q9UF12,False,CTNNB1,781,1e713d035af00ae7ec7e42f80259ed46e06120d2d5c617d320c91de02ce4dd1d,P35222,additional_six,False,-1.6123305161794026,-0.9199216415484747,0.36576366424560547,-5.41664457321167,-7.338510036468506,-6.160300254821777,-6.305151621500651,241.0,262.0,125.0,418.0
background,P12830,U,False,False,,False,85,PRDM7,492,0d94b29da5df9243341df7a6599b92ba43597adfbc3aaa729f6a2fbdf505937d,Q9NQW5,False,CTNNB1,781,1e713d035af00ae7ec7e42f80259ed46e06120d2d5c617d320c91de02ce4dd1d,P35222,additional_six,False,-0.4818929334481557,1.0136200090249379,0.5834954977035522,-5.435701370239258,-9.115951538085938,-4.555443286895752,-6.369032065073649,53.0,21.0,131.0,81.0
background,P12830,U,False,False,,False,86,TMCO4,634,a467dff62926f6aba0be2dbc9e29b4ff04e0ef5ea144cc64a08d2aeac12fd036,Q5TGY1,False,CTNNB1,781,1e713d035af00ae7ec7e42f80259ed46e06120d2d5c617d320c91de02ce4dd1d,P35222,additional_six,False,-1.002806544303894,-0.21144289523363113,0.4554212987422943,-8.759344100952148,-10.632185935974121,-7.994278430938721,-9.128602822621664,137.0,151.0,327.0,331.0
background,P12830,U,False,False,,False,87,TUFM,455,28a4913b013a8938d62a37b3341d624ae61c3638fcecfb29b6fd2254afdab1dc,P49411,False,CTNNB1,781,1e713d035af00ae7ec7e42f80259ed46e06120d2d5c617d320c91de02ce4dd1d,P35222,additional_six,False,-1.9503801266352336,-0.6855635643005371,0.18538782000541687,-10.331986427307129,-8.401363372802734,-6.761901378631592,-8.498417059580484,300.0,213.0,295.0,452.0
background,P12830,U,False,False,,False,88,SNX17,470,ea716bd09c73371f3e371e5bfe56e50b9c1d61760a22cca4f790450945432712,Q15036,False,CTNNB1,781,1e713d035af00ae7ec7e42f80259ed46e06120d2d5c617d320c91de02ce4dd1d,P35222,additional_six,False,-1.3071319858233135,-1.1402351260185242,0.49327000975608826,-7.93035888671875,-7.156060695648193,-5.060299873352051,-6.715573151906331,189.0,290.0,155.0,247.0
background,P12830,U,False,False,,False,89,PGBD5,524,c9e1948940948005c63192fb4bd0038633f542a5fc3afe24901cdaad57762a6e,Q8N414,False,CTNNB1,781,1e713d035af00ae7ec7e42f80259ed46e06120d2d5c617d320c91de02ce4dd1d,P35222,additional_six,False,-0.6375726759433746,0.29748477538426715,0.4634098410606384,-7.7761335372924805,-9.509068489074707,-5.555678844451904,-7.613626956939697,69.0,85.0,232.0,316.0
background,P12830,U,False,False,,False,90,ANKLE1,615,7c498d425621845a00a3897e38c493a1d4ca97d36572206e190f671094a204b7,Q8NAG6,False,CTNNB1,781,1e713d035af00ae7ec7e42f80259ed46e06120d2d5c617d320c91de02ce4dd1d,P35222,additional_six,False,0.27938848330328864,1.7140170335769653,0.5636951327323914,-5.147290229797363,-4.220659255981445,-2.931748867034912,-4.099899450937907,10.0,3.0,20.0,108.0
background,P12830,U,False,False,,False,91,GPRIN2,458,854a3ad3fa0ee627fd0a254520aed6ee15b74ad88d3b985967dfa198cef28d67,O60269,False,CTNNB1,781,1e713d035af00ae7ec7e42f80259ed46e06120d2d5c617d320c91de02ce4dd1d,P35222,additional_six,False,-3.2197696367899575,-0.9295563101768494,0.4605206847190857,-7.114137649536133,-3.9196841716766357,-4.119306564331055,-5.051042795181274,433.0,266.0,52.0,321.0
background,P12830,U,False,False,,False,92,LRRC14B,514,e1bded578a664c28a01f58f847df1c4a00b9af342ed00976a0d1516fab4620a6,A6NHZ5,False,CTNNB1,781,1e713d035af00ae7ec7e42f80259ed46e06120d2d5c617d320c91de02ce4dd1d,P35222,additional_six,False,-1.6058475176493328,-1.4142077366511028,0.5761220455169678,-7.3415937423706055,-7.947449207305908,-5.489123821258545,-6.9260555903116865,239.0,326.0,174.0,91.0
background,P12830,U,False,False,,False,93,KANSL1,1105,2ef35608125d7bc3e80dd231ecace7302e5b26ca8d2d9a84be862ea131a93262,Q7Z3B3,False,CTNNB1,781,1e713d035af00ae7ec7e42f80259ed46e06120d2d5c617d320c91de02ce4dd1d,P35222,additional_six,False,-1.6058109203974407,-1.0925373037656148,0.5294498801231384,-7.549307346343994,-8.70734691619873,-5.097712993621826,-7.118122418721517,238.0,283.0,190.0,167.0
background,P12830,U,False,False,,False,94,ERLEC1,483,26f36a69dfa946b2abc5132b3e1d1b354d0c983225d4e99307996f38af81bacc,Q96DZ1,False,CTNNB1,781,1e713d035af00ae7ec7e42f80259ed46e06120d2d5c617d320c91de02ce4dd1d,P35222,additional_six,False,-3.2192806402842202,-2.553582509358724,0.47031164169311523,-5.230727195739746,-10.859649658203125,-8.164405822753906,-8.084927558898926,432.0,435.0,274.0,301.0
background,P12830,U,False,False,,False,95,SEMA4A,761,96c47f6fa4f5ff8373147b9dd4dd23ada296678f551b2d3e72ca862dae68c9c4,Q9H3S1,False,CTNNB1,781,1e713d035af00ae7ec7e42f80259ed46e06120d2d5c617d320c91de02ce4dd1d,P35222,additional_six,False,-2.609433094660441,-1.1486632625261943,0.4606787860393524,-11.706326484680176,-11.383331298828125,-9.665785789489746,-10.91848119099935,386.0,292.0,411.0,320.0
background,P12830,U,False,False,,False,96,ANKS1B,1248,38e37fabbdab0a16e6364ac62e6c61c8754e10aa740bb1fa690ccb44feb9169b,Q7Z6G8,False,CTNNB1,781,1e713d035af00ae7ec7e42f80259ed46e06120d2d5c617d320c91de02ce4dd1d,P35222,additional_six,False,-0.3222715010245641,0.5777646700541178,0.6069557666778564,-4.263702392578125,-4.961238861083984,-4.665897369384766,-4.630279541015625,42.0,60.0,32.0,43.0
background,P12830,U,False,False,,False,97,COX10,443,7a6170ba49ec63beaeebcd41b44b98f716b5862a51fa3c685971b8ead448e161,Q12887,False,CTNNB1,781,1e713d035af00ae7ec7e42f80259ed46e06120d2d5c617d320c91de02ce4dd1d,P35222,additional_six,False,-2.126437544822693,-1.1557003160317738,0.15426963567733765,-10.53870964050293,-11.540871620178223,-7.833909511566162,-9.971163590749105,330.0,294.0,379.0,453.0
background,P12830,U,False,False,,False,98,TRPV6,765,de54b9165094fbbc9ce6aea67a4d5a27fd2bb142520dfc52151e11ec44f23c69,Q9H1D0,False,CTNNB1,781,1e713d035af00ae7ec7e42f80259ed46e06120d2d5c617d320c91de02ce4dd1d,P35222,additional_six,False,-1.6757783095041912,-1.050022453069687,0.3467637002468109,-10.508273124694824,-10.996420860290527,-9.134020805358887,-10.212904930114746,257.0,279.0,387.0,432.0
background,P12830,U,False,False,,False,99,GDAP2,497,c20d7bae660f3b6d9dedf2c931b8a7884244ba120d4970b365ce25347fb773ec,Q9NXN4,False,CTNNB1,781,1e713d035af00ae7ec7e42f80259ed46e06120d2d5c617d320c91de02ce4dd1d,P35222,additional_six,False,-1.6352561712265015,-1.2001486619313557,0.576479434967041,-5.939931869506836,-9.557760238647461,-5.358590602874756,-6.9520942370096845,247.0,302.0,179.0,90.0
background,P12830,U,False,False,,False,100,CCNK,580,3e259e8d002f3177bdf6480863642348db6bf11e92a69c2526d030efc5cf4ecf,O75909,False,CTNNB1,781,1e713d035af00ae7ec7e42f80259ed46e06120d2d5c617d320c91de02ce4dd1d,P35222,additional_six,False,-0.5950504938761393,0.13560561339060465,0.6283093094825745,-3.755166530609131,-4.961852073669434,-5.105336666107178,-4.607451756795247,64.0,99.0,30.0,21.0
background,P12830,U,False,False,,False,101,DTHD1,781,d2fc7d4cb27ba69e5489a081417aae0c4586f27321be1afd5f79e780d3e105db,Q6ZMT9,False,CTNNB1,781,1e713d035af00ae7ec7e42f80259ed46e06120d2d5c617d320c91de02ce4dd1d,P35222,additional_six,False,-1.7697243690490723,-0.9758490324020386,0.5374037623405457,-9.83334732055664,-7.874762058258057,-9.085476875305176,-8.931195418039957,272.0,272.0,320.0,153.0
background,P12830,U,False,False,,False,102,PIK3C2B,1634,c4a41123ce734ae5702facde8accdc965f5d4b1217a3fbb041042334edf1ddf1,O00750,False,CTNNB1,781,1e713d035af00ae7ec7e42f80259ed46e06120d2d5c617d320c91de02ce4dd1d,P35222,additional_six,False,-1.310278336207072,-0.5304422775904337,0.4939025044441223,-5.556503772735596,-7.054673194885254,-4.902826309204102,-5.838001092274983,191.0,192.0,90.0,245.0
background,P12830,U,False,False,,False,103,LAG3,525,113644b29f7d57ec595b7e5bec205e538f0a12cb2c1872fe136ebf0f7534d9f5,P18627,False,CTNNB1,781,1e713d035af00ae7ec7e42f80259ed46e06120d2d5c617d320c91de02ce4dd1d,P35222,additional_six,False,-1.6173363129297893,-0.3134125769138336,0.5862900614738464,-10.772311210632324,-9.99431037902832,-5.302211761474609,-8.689611117045084,243.0,163.0,310.0,75.0
context,P35221,U,False,False,,False,104,MTMR4,1195,0c68756137c11c24a046970e597fd835a68ba916066a41b5f116d4e18a6657bc,Q9NYA4,False,CTNNB1,781,1e713d035af00ae7ec7e42f80259ed46e06120d2d5c617d320c91de02ce4dd1d,P35222,additional_six,False,-1.1114659508069356,0.5247486929098765,0.5045115947723389,-5.390953063964844,-6.968256950378418,-5.495389938354492,-5.951533317565918,155.0,63.0,102.0,226.0
context,P35221,U,False,False,,True,105,ASAP1,1129,ebd9635367f0eac283c86eee7b59af3b2cb583e87f60a456539be04c68f760cf,Q9ULH1,False,CTNNB1,781,1e713d035af00ae7ec7e42f80259ed46e06120d2d5c617d320c91de02ce4dd1d,P35222,additional_six,False,-1.2737990220387776,-1.2128918965657551,0.5191241502761841,-6.62504768371582,-7.647916793823242,-5.949066162109375,-6.7406768798828125,178.0,303.0,158.0,194.0
context,P35221,U,False,False,,False,106,SIAE,523,7e3836bc3fa5bbff91b3ce69e80ee95ce70f3dadd0d0a3c834aef570f55950a1,Q9HAT2,False,CTNNB1,781,1e713d035af00ae7ec7e42f80259ed46e06120d2d5c617d320c91de02ce4dd1d,P35222,additional_six,False,-2.357908248901367,-1.833964506785075,0.5116664171218872,-11.42026424407959,-9.15786361694336,-11.683038711547852,-10.753722190856934,366.0,378.0,403.0,211.0
context,P35221,U,False,False,,False,107,ZNF274,653,e98636be677424bb2a514fdfed62db437619b97a6418d23d28fdf96c9636829c,Q96GC6,False,CTNNB1,781,1e713d035af00ae7ec7e42f80259ed46e06120d2d5c617d320c91de02ce4dd1d,P35222,additional_six,False,-0.879082183043162,0.28265581528345746,0.47122034430503845,-6.482949733734131,-10.102303504943848,-7.7986860275268555,-8.127979755401611,108.0,88.0,278.0,295.0
context,P35221,U,False,False,,True,108,PKP3,797,cf1222dbd993a4032e5f302ef64a2f5be7c0391ddd7064efaf47a080a8008ef0,Q9Y446,False,CTNNB1,781,1e713d035af00ae7ec7e42f80259ed46e06120d2d5c617d320c91de02ce4dd1d,P35222,additional_six,False,-0.40912871559460956,0.7797069847583771,0.6753280758857727,-3.598827362060547,-3.9232428073883057,-3.2311978340148926,-3.5844226678212485,49.0,42.0,6.0,4.0
context,P35221,U,False,False,,False,109,LPO,712,7cda1ab7b3873b965e2f64306cf65da7a25f716441e1086e02049e84eca79a1e,P22079,False,CTNNB1,781,1e713d035af00ae7ec7e42f80259ed46e06120d2d5c617d320c91de02ce4dd1d,P35222,additional_six,False,-2.7583796183268228,-2.5194453398386636,0.5035583972930908,-7.52832555770874,-12.420580863952637,-5.994875431060791,-8.647927284240723,399.0,434.0,309.0,229.0
context,P35221,U,False,False,,False,110,CEP76,659,3504afde16173d3b6434661637d11b6b07c1010e29bd59c586b69914b0a6313e,Q8TAP6,False,CTNNB1,781,1e713d035af00ae7ec7e42f80259ed46e06120d2d5c617d320c91de02ce4dd1d,P35222,additional_six,False,0.0097994531194369,0.8173959950606028,0.5350385904312134,-5.699378967285156,-5.342917442321777,-1.2617734670639038,-4.101356625556946,20.0,34.0,21.0,159.0
context,P35221,U,False,False,,False,111,RANBP10,620,72004d87f80121e8526f721161697ed6c5187678514633ee3c1c2ea72eec5c2b,Q6VN20,False,CTNNB1,781,1e713d035af00ae7ec7e42f80259ed46e06120d2d5c617d320c91de02ce4dd1d,P35222,additional_six,False,-0.9993783632914225,-0.31087451179822284,0.6375135183334351,-4.654625415802002,-7.52805757522583,-3.4733853340148926,-5.218689441680908,134.0,162.0,55.0,15.0
context,P35221,U,False,False,,False,112,ENGASE,743,ad60c33d2597c753eca12ffa5a1b30f71e03f3fea2c0de0926a238b631f7b1c1,Q8NFI3,False,CTNNB1,781,1e713d035af00ae7ec7e42f80259ed46e06120d2d5c617d320c91de02ce4dd1d,P35222,additional_six,False,-1.276790976524353,0.3590002954006195,0.5698583126068115,-9.011295318603516,-7.908405780792236,-6.020895957946777,-7.646865685780843,179.0,75.0,236.0,103.0
context,P35221,U,False,False,,False,113,CAMKK1,505,2d4d469c8eded89537db1ec570ffe2a2b870ffe0ba56f419ebb050126864389e,Q8N5S9,False,CTNNB1,781,1e713d035af00ae7ec7e42f80259ed46e06120d2d5c617d320c91de02ce4dd1d,P35222,additional_six,False,-1.6331583658854167,-0.7751850485801697,0.5744885802268982,-6.456463813781738,-11.598788261413574,-4.859635353088379,-7.638295809427897,246.0,237.0,234.0,94.0
context,P35221,U,False,False,,False,114,PDLIM7,457,3b3f76ee7e0b64f4af7fb3ca512d83d342a4272ebb4d6aa4de5121533bd461d5,Q9NR12,False,CTNNB1,781,1e713d035af00ae7ec7e42f80259ed46e06120d2d5c617d320c91de02ce4dd1d,P35222,additional_six,False,-0.23973225057125092,1.0965528289477031,0.6719672083854675,-3.841296672821045,-5.8138813972473145,-2.992271900177002,-4.215816656748454,34.0,19.0,23.0,5.0
context,P35221,U,False,False,,False,115,CPEB3,698,391c8020110eeadeb9e032af9746beca4f120b6ac073c9b5a805db7ba21b93f4,Q8NE35,False,CTNNB1,781,1e713d035af00ae7ec7e42f80259ed46e06120d2d5c617d320c91de02ce4dd1d,P35222,additional_six,False,-0.24004808564980826,0.7124615708986918,0.6165575385093689,-3.922379970550537,-6.0943827629089355,-4.1388373374938965,-4.718533356984456,35.0,48.0,38.0,33.0
context,P35221,U,False,False,,False,116,NEK9,979,86474905e2d1f55fde60c48c187f901d56f9e9fdd998cfbe2c648a843b6e9aab,Q8TD19,False,CTNNB1,781,1e713d035af00ae7ec7e42f80259ed46e06120d2d5c617d320c91de02ce4dd1d,P35222,additional_six,False,-0.9671440720558167,0.09700856606165568,0.5988121032714844,-5.390539646148682,-7.391992092132568,-4.218096733093262,-5.666876157124837,124.0,107.0,84.0,52.0
context,P35221,U,False,False,,False,117,ADD1,737,71564bcf74b8e3ea07258ff86763f39a5972971e960fd7f8e7735f66df023b9d,P35611,False,CTNNB1,781,1e713d035af00ae7ec7e42f80259ed46e06120d2d5c617d320c91de02ce4dd1d,P35222,additional_six,False,-0.4910941819349925,-0.4411845803260803,0.6329880356788635,-6.172243118286133,-11.00396728515625,-7.106242656707764,-8.094151020050049,57.0,179.0,275.0,18.0
context,P35221,U,False,False,,False,118,DGKZ,928,70e09915104ac3ef3547f99fb58d0ae14ff5562bb476934e811be636be4087db,Q13574,False,CTNNB1,781,1e713d035af00ae7ec7e42f80259ed46e06120d2d5c617d320c91de02ce4dd1d,P35222,additional_six,False,-1.3262104193369548,-0.04250343640645345,0.5232759714126587,-8.242344856262207,-11.793694496154785,-8.15376091003418,-9.396600087483725,193.0,125.0,346.0,183.0
context,P35221,U,False,False,,False,119,RANBP3,567,29f44a798038d0a127765af9e63f1f2f137c1309a320bf5796da440f39f6cc12,Q9H6Z4,False,CTNNB1,781,1e713d035af00ae7ec7e42f80259ed46e06120d2d5c617d320c91de02ce4dd1d,P35222,additional_six,False,-1.5208237965901692,0.35626230637232464,0.5563425421714783,-6.1356120109558105,-7.236306190490723,-4.275432586669922,-5.882450262705485,226.0,76.0,93.0,124.0
context,P35221,U,False,False,,False,120,SLC4A1AP,742,89d45a03c1f6af132e39a2bf3cc35f8a2384f06a30b47f2c527e73d8fc4bd783,Q9BWU0,False,CTNNB1,781,1e713d035af00ae7ec7e42f80259ed46e06120d2d5c617d320c91de02ce4dd1d,P35222,additional_six,False,-0.9840472340583801,-0.26462284723917645,0.47573205828666687,-6.561286449432373,-7.806338310241699,-6.45593786239624,-6.9411875406901045,129.0,153.0,177.0,284.0
context,P35221,U,False,False,,False,121,ZW10,779,a1cb7ed1c61d1ddbe21c09078f3ab5ababc1b8f5db3dfb9e007030014fd09703,O43264,False,CTNNB1,781,1e713d035af00ae7ec7e42f80259ed46e06120d2d5c617d320c91de02ce4dd1d,P35222,additional_six,False,-1.048119564851125,-0.17672537763913473,0.46539536118507385,-5.1363205909729,-6.543631553649902,-3.0068860054016113,-4.895612716674805,144.0,143.0,44.0,312.0
context,P35221,U,False,False,,False,122,DNAJC2,621,71bca4e8c53a19f9be07934528ecec685f718d6f10b94698d3550103404af0ec,Q99543,False,CTNNB1,781,1e713d035af00ae7ec7e42f80259ed46e06120d2d5c617d320c91de02ce4dd1d,P35222,additional_six,False,-0.7504353026549021,-0.27846041321754456,0.4284517467021942,-5.669098377227783,-10.652134895324707,-6.062965393066406,-7.461399555206299,87.0,156.0,222.0,364.0
context,P35221,U,False,False,,False,123,IQCB1,598,19cb9b6aec722ea9cd2b3e044cc6a77f352ef230c4088ff9d8139bd9f84f6f8a,Q15051,False,CTNNB1,781,1e713d035af00ae7ec7e42f80259ed46e06120d2d5c617d320c91de02ce4dd1d,P35222,additional_six,False,-0.29489389061927795,0.02960255742073059,0.5229500532150269,-5.2130208015441895,-6.3153276443481445,-5.4597063064575195,-5.662684917449951,39.0,113.0,83.0,184.0
context,P35221,U,False,False,,False,124,EFHB,833,c5b477f29ce2f7c8a4f6f2600f09e07541d9da6d4b8b3a5c88c52f1c6fad74fa,Q8N7U6,False,CTNNB1,781,1e713d035af00ae7ec7e42f80259ed46e06120d2d5c617d320c91de02ce4dd1d,P35222,additional_six,False,-0.5423804521560669,0.5859921872615814,0.44777002930641174,-5.652833461761475,-6.479935169219971,-3.5393741130828857,-5.224047581354777,62.0,57.0,56.0,340.0
context,P35221,U,False,False,,False,125,MYZAP,466,95c79330a46d1b408b41cca3d220fede419067f75fd3b69734c5796bd59f3465,P0CAP1,False,CTNNB1,781,1e713d035af00ae7ec7e42f80259ed46e06120d2d5c617d320c91de02ce4dd1d,P35222,additional_six,False,0.2714944959928592,0.697527269522349,0.39916959404945374,-5.098578453063965,-4.663794994354248,-5.109806060791016,-4.957393169403076,11.0,51.0,46.0,385.0
context,P35221,U,False,False,,False,126,WDR44,913,11d6d6c4ecc2f6327452f93ed94308ba990115a9431980c63e74d5d9a92dc962,Q5JSH3,False,CTNNB1,781,1e713d035af00ae7ec7e42f80259ed46e06120d2d5c617d320c91de02ce4dd1d,P35222,additional_six,False,-1.3721607128779094,-1.4141788482666016,0.48523348569869995,-6.265529155731201,-9.565105438232422,-8.177641868591309,-8.002758820851644,199.0,325.0,270.0,268.0
context,P35221,U,False,False,,False,127,IRF2BP2,587,8076ead185cacd26b912016fc9fd9517f415079f7e9bb525f4e272063331d995,Q7Z5L9,False,CTNNB1,781,1e713d035af00ae7ec7e42f80259ed46e06120d2d5c617d320c91de02ce4dd1d,P35222,additional_six,False,-1.7082831462224324,-0.07864925265312195,0.6109204888343811,-2.5651190280914307,-8.835232734680176,-3.3054778575897217,-4.901943206787109,260.0,129.0,45.0,38.0
context,P35221,U,False,False,,False,128,KIAA1210,1709,f25589dd2c1938401c6b249fb927d5aa681f0df3cfd216675163966cf59fa99e,Q9ULL0,False,CTNNB1,781,1e713d035af00ae7ec7e42f80259ed46e06120d2d5c617d320c91de02ce4dd1d,P35222,additional_six,False,-2.0962942441304526,0.3402444322903951,0.4512082636356354,-4.327957630157471,-5.71085262298584,-4.926849365234375,-4.9885532061258955,325.0,79.0,47.0,335.0
context,P35221,U,False,False,,False,129,DLGAP5,846,977091b3ce6e1ef30fe330e9bc779611e1acbaf87950e8c08f6e49c3d3b3bfff,Q15398,False,CTNNB1,781,1e713d035af00ae7ec7e42f80259ed46e06120d2d5c617d320c91de02ce4dd1d,P35222,additional_six,False,-2.0766623814900718,-0.3912719488143921,0.49695733189582825,-6.96829080581665,-7.778092384338379,-5.062168121337891,-6.602850437164307,322.0,174.0,144.0,240.0
context,P35221,U,False,False,,False,130,KATNA1,491,ab93fc970d3eb715d326d8ad72aa22395c2ffa762ede320aaab3757edffb98cc,O75449,False,CTNNB1,781,1e713d035af00ae7ec7e42f80259ed46e06120d2d5c617d320c91de02ce4dd1d,P35222,additional_six,False,-0.7025309801101685,-0.4964402914047241,0.5863712430000305,-6.650869369506836,-7.452892303466797,-3.84281587600708,-5.982192516326904,80.0,187.0,103.0,73.0
context,P35221,U,False,False,,False,131,KIF4A,1232,e9a37e03f27293d4fa44bfc711cae182b6f5da29e1a8f932949cde781c4d929f,O95239,False,CTNNB1,781,1e713d035af00ae7ec7e42f80259ed46e06120d2d5c617d320c91de02ce4dd1d,P35222,additional_six,False,-1.3751602172851562,-0.5925630529721578,0.48632949590682983,-6.8857831954956055,-7.618103504180908,-5.844250202178955,-6.782712300618489,200.0,197.0,165.0,264.0
context,P35221,U,False,False,,False,132,PADI3,664,a8c516edae75d8c1ec8a8fbd39a91b05eedf11b42ca8610bf69e359f91f7bb43,Q9ULW8,False,CTNNB1,781,1e713d035af00ae7ec7e42f80259ed46e06120d2d5c617d320c91de02ce4dd1d,P35222,additional_six,False,-1.405233899752299,-0.27971986929575604,0.5154167413711548,-8.112946510314941,-8.808734893798828,-5.717520236968994,-7.546400547027588,205.0,157.0,229.0,204.0
context,P35221,U,False,False,,True,133,CCDC125,511,ba6115b0ff93f97d58caa1248f67b17d4bedd6513ac88dfec08e2bfd2d673f36,Q86Z20,False,CTNNB1,781,1e713d035af00ae7ec7e42f80259ed46e06120d2d5c617d320c91de02ce4dd1d,P35222,additional_six,False,0.09263454998532931,1.5450656414031982,0.4678652584552765,-4.319077968597412,-5.719631671905518,-1.5756536722183228,-3.871454437573751,15.0,9.0,11.0,309.0
context,P35221,U,False,False,,False,134,HSPA12A,675,7b9cb7b61fe2fe30ad71bfa16fc4c0040c7951a7eff55e717264f113311a4013,O43301,False,CTNNB1,781,1e713d035af00ae7ec7e42f80259ed46e06120d2d5c617d320c91de02ce4dd1d,P35222,additional_six,False,-1.0339717467625935,-0.15984208385149637,0.6916378140449524,-7.382654666900635,-9.190424919128418,-4.50113582611084,-7.024738470713298,140.0,140.0,186.0,3.0
context,P35221,U,False,False,,False,135,DPP3,737,7dedd52b4f229d3044bbbe67c4eb941aaa4b2ce3df90017fac12ce2d213fe79b,Q9NY33,False,CTNNB1,781,1e713d035af00ae7ec7e42f80259ed46e06120d2d5c617d320c91de02ce4dd1d,P35222,additional_six,False,-0.9946058789889017,-0.15541768074035645,0.535633385181427,-3.791867256164551,-9.979490280151367,-6.481997013092041,-6.751118183135986,132.0,139.0,160.0,155.0
context,P35221,U,False,False,,False,136,CARD9,536,b4a3064cf0def007d4ff859bd15022a4c187aa75603686157a043a1af85a9a01,Q9H257,False,CTNNB1,781,1e713d035af00ae7ec7e42f80259ed46e06120d2d5c617d320c91de02ce4dd1d,P35222,additional_six,False,0.29394184549649555,1.365587721268336,0.4853312075138092,-3.553760528564453,-2.740847110748291,-2.7975456714630127,-3.0307177702585855,9.0,15.0,1.0,267.0
context,P35221,U,False,False,,False,137,EHBP1,1231,48f05c66ad90552f85d69297cfd9759b775707feb486debbd40108cc836f84c9,Q8NDI1,False,CTNNB1,781,1e713d035af00ae7ec7e42f80259ed46e06120d2d5c617d320c91de02ce4dd1d,P35222,additional_six,False,-1.6435693105061848,-1.235685666402181,0.5347671508789062,-5.241002082824707,-7.222393035888672,-5.483519077301025,-5.982304732004802,248.0,306.0,104.0,161.0
context,P35221,U,False,False,,False,138,WDR64,1081,0ea8ff69ab17633454e25e5b908617af7b12c6baeb5a672d366bced92600a23a,B1ANS9,False,CTNNB1,781,1e713d035af00ae7ec7e42f80259ed46e06120d2d5c617d320c91de02ce4dd1d,P35222,additional_six,False,-1.8144174019495647,-1.0397681792577107,0.4093337655067444,-7.49725866317749,-8.393416404724121,-6.265982151031494,-7.385552406311035,279.0,278.0,214.0,375.0
context,P35221,U,False,False,,False,139,PPL,1756,558510c86c42c5b3cc11263cb9a103e97053bd06a931fffa284bf04cc1a6edb1,O60437,False,CTNNB1,781,1e713d035af00ae7ec7e42f80259ed46e06120d2d5c617d320c91de02ce4dd1d,P35222,additional_six,False,-0.13686874012152353,0.8067654569943746,0.5651403665542603,-5.791438579559326,-5.553813457489014,-3.921083927154541,-5.088778654734294,27.0,38.0,53.0,107.0
context,P35221,U,False,False,,False,140,NIBAN2,746,2f8a913b6b4a98135f15da5d35133a54cad272fd1c029ff6f314e620123fced8,Q96TA1,False,CTNNB1,781,1e713d035af00ae7ec7e42f80259ed46e06120d2d5c617d320c91de02ce4dd1d,P35222,additional_six,False,-1.1892357468605042,-0.6113287409146627,0.5222636461257935,-7.051535129547119,-7.89278507232666,-6.219679355621338,-7.054666519165039,165.0,200.0,187.0,186.0
context,P35221,U,False,False,,False,141,MKNK2,465,00faf52e877f8ec4d0da6ca32313f09350fb35484546287f7d68e8d95efc02b9,Q9HBH9,False,CTNNB1,781,1e713d035af00ae7ec7e42f80259ed46e06120d2d5c617d320c91de02ce4dd1d,P35222,additional_six,False,-1.8040273586908977,-0.8249553839365641,0.58500736951828,-6.348167419433594,-10.377124786376953,-7.005995273590088,-7.910429159800212,278.0,247.0,258.0,79.0
context,P35221,U,False,False,,False,142,HACE1,909,e0a899ee30cd624594f988eaceba210039afd38918b9875046f4ed2a4a228ad8,Q8IYU2,False,CTNNB1,781,1e713d035af00ae7ec7e42f80259ed46e06120d2d5c617d320c91de02ce4dd1d,P35222,additional_six,False,-1.1266768177350361,-0.9987671971321106,0.6269540786743164,-6.221729755401611,-6.449723243713379,-3.7498416900634766,-5.473764896392822,158.0,277.0,73.0,24.0
context,P35221,U,False,False,,False,143,TRIT1,467,438895cceedbd6216caa7e98e28a55df1e501aa056d273da50dfa7a9aae994b7,Q9H3H1,False,CTNNB1,781,1e713d035af00ae7ec7e42f80259ed46e06120d2d5c617d320c91de02ce4dd1d,P35222,additional_six,False,-2.2230337063471475,-2.036211927731832,0.4602604806423187,-11.050199508666992,-10.437644004821777,-7.543690204620361,-9.677177906036377,340.0,397.0,367.0,323.0
context,P35221,U,False,False,,True,144,DTNA,743,c2c77547d0bb4b7c780fa0eab5632edf679c4cbca39a8d1c9d7fde7c8df03bbd,Q9Y4J8,False,CTNNB1,781,1e713d035af00ae7ec7e42f80259ed46e06120d2d5c617d320c91de02ce4dd1d,P35222,additional_six,False,-0.661546548207601,0.46056079864501953,0.5744850039482117,-2.2668392658233643,-5.6477251052856445,-1.6070828437805176,-3.1738824049631753,73.0,66.0,2.0,95.0
context,P35221,U,False,False,,False,145,CEP164,1460,195394a7b880b7e07a9c3e22c874c61781f0c8439c976f85bc024879d84e55ef,Q9UPV0,False,CTNNB1,781,1e713d035af00ae7ec7e42f80259ed46e06120d2d5c617d320c91de02ce4dd1d,P35222,additional_six,False,0.018589183532943327,0.9584418212374052,0.5443573594093323,-5.101963996887207,-7.23716402053833,-4.471617698669434,-5.60358190536499,19.0,24.0,78.0,142.0
context,P35221,U,False,False,,False,146,HDAC4,1084,fdf086d978aa5552e98363a663215c85e04c368251b7a7ce3fccb7812fcd8407,P56524,False,CTNNB1,781,1e713d035af00ae7ec7e42f80259ed46e06120d2d5c617d320c91de02ce4dd1d,P35222,additional_six,False,-0.2455316927904884,0.7796693444252014,0.6415179967880249,-3.928997278213501,-4.575772762298584,-1.853920340538025,-3.45289679368337,36.0,43.0,5.0,14.0
context,P35221,U,False,False,,False,147,DNM3,869,3a76ece7cada5365fc4308d6edcd6c75d54b94ff5a3b0a76d2210d357e45c1a6,Q9UQ16,False,CTNNB1,781,1e713d035af00ae7ec7e42f80259ed46e06120d2d5c617d320c91de02ce4dd1d,P35222,additional_six,False,-0.18918345356360078,0.15871334075927734,0.6282309293746948,-5.240009307861328,-7.500406742095947,-5.039614677429199,-5.926676909128825,31.0,97.0,99.0,22.0
context,P35221,U,False,False,,False,148,PIK3C2A,1686,8dc8f36823d02a26a9acc53898083a85d53dc8fbc861e6adad3c44c19ac1b79b,O00443,False,CTNNB1,781,1e713d035af00ae7ec7e42f80259ed46e06120d2d5c617d320c91de02ce4dd1d,P35222,additional_six,False,-1.4587282339731853,-0.6941237648328146,0.5600929260253906,-5.051299571990967,-7.6288652420043945,-5.91403341293335,-6.198066075642903,218.0,216.0,118.0,116.0
context,P35221,U,False,False,,False,149,AHRR,697,5ff5c2ff91b73deeb437d0da361afe1d08acd07eb8b278f1d0257e0248d74451,A9YTQ3,False,CTNNB1,781,1e713d035af00ae7ec7e42f80259ed46e06120d2d5c617d320c91de02ce4dd1d,P35222,additional_six,False,-0.8150098125139872,0.8500717282295227,0.5426523089408875,-6.259286403656006,-3.5891799926757812,-2.0045828819274902,-3.951016426086426,97.0,32.0,16.0,143.0
context,P35221,U,False,False,,False,150,ZNF622,477,7c8352f9f46d61a04e6bd6e3177d082eb2f5beef0c88831d9739d8aeafab1085,Q969S3,False,CTNNB1,781,1e713d035af00ae7ec7e42f80259ed46e06120d2d5c617d320c91de02ce4dd1d,P35222,additional_six,False,-0.7760974367459615,-0.7626784245173136,0.38286536931991577,-6.2147111892700195,-8.495285034179688,-5.583681106567383,-6.764559110005696,91.0,235.0,163.0,403.0
context,P35221,U,False,False,,False,151,RSPH10B2,870,4919af6ed525e234db70ffd11752c33942558ead3c95de5313864cf81a4ae864,B2RC85,False,CTNNB1,781,1e713d035af00ae7ec7e42f80259ed46e06120d2d5c617d320c91de02ce4dd1d,P35222,additional_six,False,-1.154193679491679,-0.8498436808586121,0.4845025837421417,-5.508497714996338,-6.281680107116699,-5.988889217376709,-5.926355679829915,162.0,253.0,98.0,269.0
context,P35221,U,False,False,,True,152,FBF1,1133,bc5007edacb977af5009c5c7d7a9f6849269b365f141e6dc4ae07888629347ee,Q8TES7,False,CTNNB1,781,1e713d035af00ae7ec7e42f80259ed46e06120d2d5c617d320c91de02ce4dd1d,P35222,additional_six,False,-0.21616254250208536,1.0444701512654622,0.3809624910354614,-4.37238883972168,-4.5243377685546875,-3.5564849376678467,-4.151070515314738,32.0,20.0,22.0,406.0
context,P35221,U,False,False,,False,153,PADI6,694,ef887a9869b598cd57c585e73bf6ce6a1b178820a8755077ba2ee843b3ac9fc4,Q6TGC4,False,CTNNB1,781,1e713d035af00ae7ec7e42f80259ed46e06120d2d5c617d320c91de02ce4dd1d,P35222,additional_six,False,-1.9189234972000122,-0.3548552393913269,0.48291152715682983,-7.25356388092041,-11.337689399719238,-6.037551403045654,-8.209601561228434,292.0,166.0,284.0,273.0
background,P35221,U,False,False,,False,154,DOK3,496,bb53486f7de4094d388285fe0fb5272fb766da7704de96e84466567fe6ea3f96,Q7L591,False,CTNNB1,781,1e713d035af00ae7ec7e42f80259ed46e06120d2d5c617d320c91de02ce4dd1d,P35222,additional_six,False,-0.938056747118632,1.489781339963277,0.5111140012741089,-5.334072113037109,-5.7043256759643555,-4.7540740966796875,-5.264157295227051,118.0,10.0,58.0,215.0
background,P35221,U,False,False,,False,155,CAPN2,700,99722d8ab793cfe52e7fe8f6e64e9e43d19475d546a4e180616b5a7f24d19a55,P17655,False,CTNNB1,781,1e713d035af00ae7ec7e42f80259ed46e06120d2d5c617d320c91de02ce4dd1d,P35222,additional_six,False,-1.0015934705734253,-0.7795716027418772,0.6626538038253784,-7.148101806640625,-6.691766738891602,-3.610304832458496,-5.816724459330241,136.0,239.0,88.0,7.0
background,P35221,U,False,False,,False,156,THOP1,689,e11a4e74491d3f9f998818962f75b0e61a752e35b1cf5dd1cbe010405a3d8f60,P52888,False,CTNNB1,781,1e713d035af00ae7ec7e42f80259ed46e06120d2d5c617d320c91de02ce4dd1d,P35222,additional_six,False,-1.1288917263348897,-0.059102396170298256,0.5379387140274048,-9.818267822265625,-8.514151573181152,-8.497235298156738,-8.943218231201172,159.0,126.0,321.0,151.0
background,P35221,U,False,False,,False,157,MAN2B2,1009,f3f5f49fa4a5255c03bf71889c98cf2bdf5cba852e982e1df173289b988cc73e,Q9Y2E5,False,CTNNB1,781,1e713d035af00ae7ec7e42f80259ed46e06120d2d5c617d320c91de02ce4dd1d,P35222,additional_six,False,-1.8487852017084758,-1.5033620198567708,0.4358479082584381,-10.095853805541992,-10.835691452026367,-7.2746477127075195,-9.402064323425293,283.0,336.0,348.0,354.0
background,P35221,U,False,False,,False,158,SMAD6,496,47980d322e4add64dd19576f4ddbe44459b3f5db10750d690060ed4f9bfc4b98,O43541,False,CTNNB1,781,1e713d035af00ae7ec7e42f80259ed46e06120d2d5c617d320c91de02ce4dd1d,P35222,additional_six,False,-1.4534067710240681,0.7612109184265137,0.5083765983581543,-6.110558986663818,-8.332084655761719,-3.7065420150756836,-6.049728552500407,215.0,44.0,108.0,218.0
background,P35221,U,False,False,,False,159,SLC22A5,557,19c4cb3ffa0e7141f36512afdf38699f8c51bb78525315d77f05427d77c6325f,O76082,False,CTNNB1,781,1e713d035af00ae7ec7e42f80259ed46e06120d2d5c617d320c91de02ce4dd1d,P35222,additional_six,False,-2.2274115880330405,-1.9496928453445435,0.3906468451023102,-11.404409408569336,-9.403056144714355,-11.021147727966309,-10.609537760416666,341.0,390.0,399.0,395.0
background,P35221,U,False,False,,False,160,MINDY4,757,73ab3632d2c947a2f5cd6e6dbc9bb04c59ef74383f495863434ca71a29751e0a,Q4G0A6,False,CTNNB1,781,1e713d035af00ae7ec7e42f80259ed46e06120d2d5c617d320c91de02ce4dd1d,P35222,additional_six,False,-1.2922473748524983,-0.8434878885746002,0.572273313999176,-6.799965858459473,-9.533608436584473,-4.566824913024902,-6.966799736022949,182.0,250.0,180.0,98.0
background,P35221,U,False,False,,False,161,SHANK3,1806,2e49da8ebcdb01e9e94649482ec67c586a9a1f96e34e43c4aaac6aa2163b5bcc,Q9BYB0,False,CTNNB1,781,1e713d035af00ae7ec7e42f80259ed46e06120d2d5c617d320c91de02ce4dd1d,P35222,additional_six,False,-1.2364753087361653,0.3757197658220927,0.568999707698822,-6.081108093261719,-6.165486812591553,-6.23143196105957,-6.159342288970947,175.0,73.0,114.0,105.0
background,P35221,U,False,False,,False,162,VPS52,723,d606214826b3bbfbfd65bb43d500271e476ada04954e8c7675b570523bc6e28c,Q8N1B4,False,CTNNB1,781,1e713d035af00ae7ec7e42f80259ed46e06120d2d5c617d320c91de02ce4dd1d,P35222,additional_six,False,-1.1895027160644531,0.7277808884779612,0.3710052967071533,-3.0077643394470215,-6.1809983253479,-1.6717534065246582,-3.6201720237731934,166.0,47.0,7.0,414.0
background,P35221,U,False,False,,False,163,SLC6A5,797,e41e266f6f5adc35d94a7a7807f47efd78ad40e93e03dc0ac81301872ac55f74,Q9Y345,False,CTNNB1,781,1e713d035af00ae7ec7e42f80259ed46e06120d2d5c617d320c91de02ce4dd1d,P35222,additional_six,False,-3.55574099222819,-2.675755739212036,0.30317023396492004,-10.57120418548584,-14.415143966674805,-10.862371444702148,-11.949573198954264,446.0,440.0,438.0,444.0
background,P35221,U,False,False,,False,164,L3MBTL4,623,bb33838746304ee99d9da10c6d223620cebd58fdd1f9fb028b2a0a72db217a67,Q8NA19,False,CTNNB1,781,1e713d035af00ae7ec7e42f80259ed46e06120d2d5c617d320c91de02ce4dd1d,P35222,additional_six,False,-0.8802730441093445,-0.7157365481058756,0.6193394660949707,-6.955472946166992,-7.610189914703369,-5.431709289550781,-6.665790716807048,109.0,221.0,150.0,30.0
background,P35221,U,False,False,,False,165,SLF2,1173,eaf6c23d29ad2c21a2a99556a39237b78c1a3037029517e5897e1c8faa5262d1,Q8IX21,False,CTNNB1,781,1e713d035af00ae7ec7e42f80259ed46e06120d2d5c617d320c91de02ce4dd1d,P35222,additional_six,False,-1.4632729291915894,-0.1276159385840098,0.4613671898841858,-6.917830467224121,-7.911559104919434,-5.787084579467773,-6.872158050537109,219.0,136.0,171.0,319.0
background,P35221,U,False,False,,False,166,CCDC18,1454,867c1055eff90ffd431b59c5c3131271b10755f154c2603147c9497229c6c2cc,Q5T9S5,False,CTNNB1,781,1e713d035af00ae7ec7e42f80259ed46e06120d2d5c617d320c91de02ce4dd1d,P35222,additional_six,False,-0.14582318564256033,0.6349343856175741,0.38213229179382324,-5.572021961212158,-6.149167537689209,-5.936251640319824,-5.8858137130737305,28.0,56.0,94.0,404.0
background,P35221,U,False,False,,False,167,ZNF136,540,71bf6f5e0c2456a4845f343f26b9e2f396b321bf595436846f2426a8442dec9d,P52737,False,CTNNB1,781,1e713d035af00ae7ec7e42f80259ed46e06120d2d5c617d320c91de02ce4dd1d,P35222,additional_six,False,-1.8588545719782512,-0.9211604793866476,0.5152395367622375,-5.163219928741455,-4.648278713226318,-6.0225300788879395,-5.278009573618571,284.0,263.0,61.0,206.0
background,P35221,U,False,False,,False,168,SELENBP1,472,b63bf6ce4e01da23999e4942cc20e434a0b3e45f597ece56ebf12d605f287250,Q13228,False,CTNNB1,781,1e713d035af00ae7ec7e42f80259ed46e06120d2d5c617d320c91de02ce4dd1d,P35222,additional_six,False,-3.0089271863301597,-2.362281004587809,0.5414749979972839,-8.45876693725586,-9.601117134094238,-10.915844917297363,-9.658576329549154,418.0,419.0,365.0,145.0
background,P35221,U,False,False,,False,169,LARP1,1096,fafbd015b721b105a0cf6c4709c30096d687bcac3cf4090fb4252cc177cf1772,Q6PKG0,False,CTNNB1,781,1e713d035af00ae7ec7e42f80259ed46e06120d2d5c617d320c91de02ce4dd1d,P35222,additional_six,False,-0.9548222025235494,-0.7398345172405243,0.5807574391365051,-3.513437032699585,-10.130073547363281,-6.041018962860107,-6.561509847640991,122.0,225.0,142.0,85.0
background,P35221,U,False,False,,False,170,CR1L,569,ae5a6b45828288d10c4accf4394943eb34cb9cc970d4882d1c4e6863481a6d93,Q2VPA4,False,CTNNB1,781,1e713d035af00ae7ec7e42f80259ed46e06120d2d5c617d320c91de02ce4dd1d,P35222,additional_six,False,-3.507998466491699,-2.363534410794576,0.5115742087364197,-6.200177192687988,-8.708392143249512,-6.845439434051514,-7.251336256663005,444.0,420.0,202.0,212.0
background,P35221,U,False,False,,False,171,FUBP1,644,b72ad043cf342785ceb6ef527c4a979d83c8b2235c69977340153c4f9d800fd2,Q96AE4,False,CTNNB1,781,1e713d035af00ae7ec7e42f80259ed46e06120d2d5c617d320c91de02ce4dd1d,P35222,additional_six,False,-0.7273025910059611,0.8155302007993063,0.6259872913360596,-2.821742534637451,-5.4271626472473145,-4.8563408851623535,-4.368415355682373,82.0,36.0,27.0,26.0
background,P35221,U,False,False,,False,172,CLSTN1,981,2e66358ff3161430997a09bb3b748cbb739592d938414414ec882599586cef03,O94985,False,CTNNB1,781,1e713d035af00ae7ec7e42f80259ed46e06120d2d5c617d320c91de02ce4dd1d,P35222,additional_six,False,-2.2994441986083984,-1.694207231203715,0.5211525559425354,-8.453325271606445,-9.038825988769531,-7.501684188842773,-8.331278483072916,351.0,354.0,287.0,190.0
background,P35221,U,False,False,,False,173,MUC21,566,436e35edf5f86dbe60b61685ed8606d2296001a2f21f43b72584715c082338b0,Q5SSG8,False,CTNNB1,781,1e713d035af00ae7ec7e42f80259ed46e06120d2d5c617d320c91de02ce4dd1d,P35222,additional_six,False,-2.2179807821909585,0.33660940329233807,0.46818089485168457,-8.458909034729004,-7.325928688049316,-6.666092872619629,-7.483643531799316,339.0,80.0,224.0,308.0
background,P35221,U,False,False,,False,174,STKLD1,680,41b069c052d9c21e5b2a7689c95755480bf99b635e9071f14c87bd9587d22252,Q8NE28,False,CTNNB1,781,1e713d035af00ae7ec7e42f80259ed46e06120d2d5c617d320c91de02ce4dd1d,P35222,additional_six,False,-0.12402161365995805,0.1202013889948527,0.5961710214614868,-5.237936973571777,-3.9750609397888184,-2.7814159393310547,-3.998137950897217,25.0,103.0,18.0,55.0
background,P35221,U,False,False,,False,175,PRODH,600,32263095b345037742c01fd99a22e5dc04264ad9dbd1ad5e5ef0fcbd46c25f5e,O43272,False,CTNNB1,781,1e713d035af00ae7ec7e42f80259ed46e06120d2d5c617d320c91de02ce4dd1d,P35222,additional_six,False,-2.0543020168940225,-0.9836303144693375,0.41668304800987244,-8.193805694580078,-9.139617919921875,-4.842828273773193,-7.392083962758382,318.0,274.0,215.0,369.0
background,P35221,U,False,False,,False,176,LRP12,859,28556c6fdd845d1f3f449526bcb033b85c1d6e10e0f23f3f6670808b96e043ff,Q9Y561,False,CTNNB1,781,1e713d035af00ae7ec7e42f80259ed46e06120d2d5c617d320c91de02ce4dd1d,P35222,additional_six,False,-1.6521706581115723,-0.626599927743276,0.45875272154808044,-10.347253799438477,-12.467436790466309,-7.324644088745117,-10.0464448928833,251.0,201.0,381.0,326.0
background,P35221,U,False,False,,False,177,POLK,870,a9c2f7f66fe8f1cfccec9da82cfb8ef77827cdb32244794e7ae58d0cbfd592aa,Q9UBT6,False,CTNNB1,781,1e713d035af00ae7ec7e42f80259ed46e06120d2d5c617d320c91de02ce4dd1d,P35222,additional_six,False,-1.6273428599039714,-0.5293880105018616,0.4604819118976593,-6.406878471374512,-8.567309379577637,-6.43443489074707,-7.136207580566406,245.0,191.0,193.0,322.0
background,P35221,U,False,False,,True,178,TRIM28,835,38e03042644ff74e02d291f42bffab6b5eb3b1bf166e359da8e07eb04f5b1504,Q13263,False,CTNNB1,781,1e713d035af00ae7ec7e42f80259ed46e06120d2d5c617d320c91de02ce4dd1d,P35222,additional_six,False,-0.9826561013857523,-0.4656032721201579,0.6365798115730286,-4.3718719482421875,-9.031072616577148,-3.1006436347961426,-5.501196066538493,127.0,182.0,74.0,17.0
background,P35221,U,False,False,,False,179,GALNT4,578,2bd59ca7cb9536902fa3134e058f8d73d5592cea3fdb2194dcd26d181e095617,Q8N4A0,False,CTNNB1,781,1e713d035af00ae7ec7e42f80259ed46e06120d2d5c617d320c91de02ce4dd1d,P35222,additional_six,False,-2.7647104263305664,-2.4278112252553306,0.47907528281211853,-11.68606948852539,-14.628398895263672,-11.911203384399414,-12.741890589396158,400.0,427.0,447.0,280.0
background,P35221,U,False,False,,False,180,URI1,535,49162c510cdb5a79943ab0915c9de494815ff94c43d7a43aa5ad2f6e134bc5dd,O94763,False,CTNNB1,781,1e713d035af00ae7ec7e42f80259ed46e06120d2d5c617d320c91de02ce4dd1d,P35222,additional_six,False,-1.6612107753753662,-0.7499134341875712,0.5070869326591492,-4.8608832359313965,-9.885558128356934,-7.304111957550049,-7.350184440612793,253.0,232.0,211.0,221.0
background,P35221,U,False,False,,True,181,WAC,647,78267dc446eabf6c9a251a576fd345e8cd78b0679405aae2f3920f5321104bfe,Q9BTA9,False,CTNNB1,781,1e713d035af00ae7ec7e42f80259ed46e06120d2d5c617d320c91de02ce4dd1d,P35222,additional_six,False,-0.6817803978919983,0.5787454545497894,0.642285943031311,-4.548032283782959,-5.9584479331970215,-3.9809823036193848,-4.829154173533122,76.0,59.0,42.0,13.0
background,P35221,U,False,False,,False,182,CSAD,493,5204d1b7456a59eb318958c2c6ab0f905d4ccd3f41e33f5edf30d169bc206a20,Q9Y600,False,CTNNB1,781,1e713d035af00ae7ec7e42f80259ed46e06120d2d5c617d320c91de02ce4dd1d,P35222,additional_six,False,-0.49783991773923236,0.8058794587850571,0.4890274107456207,-7.066103458404541,-10.028709411621094,-4.2259626388549805,-7.106925169626872,59.0,39.0,189.0,257.0
background,P35221,U,False,False,,False,183,ZNF560,790,924564823628a305c1274b812db498acfeb3f996b1ed0099e8531f9d5624283b,Q96MR9,False,CTNNB1,781,1e713d035af00ae7ec7e42f80259ed46e06120d2d5c617d320c91de02ce4dd1d,P35222,additional_six,False,-1.0775564312934875,-0.5476901332537333,0.4904834032058716,-5.3184943199157715,-4.027556896209717,-2.572854995727539,-3.9729687372843423,149.0,193.0,17.0,254.0
background,P35221,U,False,False,,False,184,EPB41L4B,900,fa1e4b56a5e24a29bfc9f7ab9e17053a7816ba5f8323ce8c79cbb909a7dc95dd,Q9H329,False,CTNNB1,781,1e713d035af00ae7ec7e42f80259ed46e06120d2d5c617d320c91de02ce4dd1d,P35222,additional_six,False,-1.4561160405476887,-0.20119313398996988,0.5797233581542969,-7.22179651260376,-8.29422378540039,-3.663325309753418,-6.393115202585856,216.0,148.0,135.0,86.0
background,P35221,U,False,False,,False,185,LTV1,475,77f6d045203ba0af82564f4875af37cc433b69a194edf006ece6417522752f48,Q96GA3,False,CTNNB1,781,1e713d035af00ae7ec7e42f80259ed46e06120d2d5c617d320c91de02ce4dd1d,P35222,additional_six,False,-2.334153731664022,-2.0802793502807617,0.3615681529045105,-6.681868076324463,-8.848573684692383,-6.582404136657715,-7.3709486325581866,361.0,402.0,213.0,421.0
background,P35221,U,False,False,,False,186,PLCG2,1265,aabb4bf08ae1e8098b71b5e7b4c7382e626bdf8057999d21b52d4432a15e0645,P16885,False,CTNNB1,781,1e713d035af00ae7ec7e42f80259ed46e06120d2d5c617d320c91de02ce4dd1d,P35222,additional_six,False,-1.6238821744918823,-1.1288046364982922,0.591273307800293,-8.47933578491211,-7.6320929527282715,-6.443293571472168,-7.518240769704183,244.0,287.0,228.0,65.0
background,P35221,U,False,False,,False,187,PMEL,661,c2e9cc14b97d85829964a33da61aafed14fbf57775322a09e6f6421c79aab0a3,P40967,False,CTNNB1,781,1e713d035af00ae7ec7e42f80259ed46e06120d2d5c617d320c91de02ce4dd1d,P35222,additional_six,False,-1.5668234825134277,-0.21052473783493042,0.41752880811691284,-14.252572059631348,-12.054242134094238,-9.989297866821289,-12.098704020182291,233.0,150.0,440.0,368.0
background,P35221,U,False,False,,False,188,PGD,483,672f4fb72c856de2b17c3aa33eb50c5bdb3a176418c806d18d8d51eb4be9da01,P52209,False,CTNNB1,781,1e713d035af00ae7ec7e42f80259ed46e06120d2d5c617d320c91de02ce4dd1d,P35222,additional_six,False,-1.411181131998698,-0.5842300554116567,0.48578086495399475,-7.291856288909912,-7.542868137359619,-9.49506664276123,-8.109930356343588,208.0,195.0,277.0,266.0
background,P35221,U,False,False,,False,189,ALPK3,1705,fcdddac24616faa216801d947d7ca10b2a38d0628edf68c89cccd39148f04070,Q96L96,False,CTNNB1,781,1e713d035af00ae7ec7e42f80259ed46e06120d2d5c617d320c91de02ce4dd1d,P35222,additional_six,False,-1.0430970390637715,1.3878397345542908,0.5986971259117126,-4.470420837402344,-7.566948890686035,-3.765777826309204,-5.267715851465861,142.0,13.0,60.0,53.0
background,P35221,U,False,False,,False,190,LCA5L,670,ddfaa984521dc00964c371ca330aadd00087268665b6533def9aab71341322d3,O95447,False,CTNNB1,781,1e713d035af00ae7ec7e42f80259ed46e06120d2d5c617d320c91de02ce4dd1d,P35222,additional_six,False,-0.492860088745753,1.1496550639470418,0.4637469947338104,-5.124819755554199,-6.814709186553955,-5.744903564453125,-5.894810835520427,58.0,18.0,95.0,315.0
background,P35221,U,False,False,,False,191,DDC,480,b58d47b64e57c2bcc0ce08c90525cc9827590c4c915163a5664c66f25057eb86,P20711,False,CTNNB1,781,1e713d035af00ae7ec7e42f80259ed46e06120d2d5c617d320c91de02ce4dd1d,P35222,additional_six,False,-1.107361892859141,-0.41215528547763824,0.5022856593132019,-6.713733196258545,-8.466166496276855,-6.334617614746094,-7.171505769093831,153.0,175.0,196.0,232.0
background,P35221,U,False,False,,True,192,FGD5,1462,2ec294782abe57130b94d3d1ce564eb68c7bc2a5ff36838c344622b0318797e7,Q6ZNL6,False,CTNNB1,781,1e713d035af00ae7ec7e42f80259ed46e06120d2d5c617d320c91de02ce4dd1d,P35222,additional_six,False,-1.3068586190541585,-0.511351595322291,0.45960739254951477,-6.026875972747803,-8.12924861907959,-8.483219146728516,-7.54644791285197,188.0,188.0,230.0,325.0
background,P35221,U,False,False,,False,193,TRIM72,477,ef9990fb96e387606d44ed2b78bb32eb6dd7485798a773ee3d8999147c4c9c3b,Q6ZMU5,False,CTNNB1,781,1e713d035af00ae7ec7e42f80259ed46e06120d2d5c617d320c91de02ce4dd1d,P35222,additional_six,False,-0.384138564268748,0.8184729019800822,0.551956057548523,-6.861666202545166,-7.361202716827393,-4.871951103210449,-6.364940007527669,45.0,33.0,129.0,131.0
background,P35221,U,False,False,,False,194,MCMDC2,681,52ea8b610da33d1818004b2a6a6d6e41a3aff655a99bf52f4a695c9721aa705b,Q4G0Z9,False,CTNNB1,781,1e713d035af00ae7ec7e42f80259ed46e06120d2d5c617d320c91de02ce4dd1d,P35222,additional_six,False,-0.950899084409078,-0.49273449182510376,0.48636361956596375,-6.031871795654297,-9.378610610961914,-5.520455837249756,-6.976979414621989,120.0,185.0,182.0,263.0
background,P35221,U,False,False,,False,195,KIRREL3,778,7c3cb58c3637c53f1a057053bc93837320b1384ea8f0f6bff9e28b02d4edd507,Q8IZU9,False,CTNNB1,781,1e713d035af00ae7ec7e42f80259ed46e06120d2d5c617d320c91de02ce4dd1d,P35222,additional_six,False,-2.2295244932174683,-1.8303865194320679,0.5238028764724731,-7.179468154907227,-9.963554382324219,-8.32968807220459,-8.490903536478678,343.0,377.0,294.0,182.0
background,P35221,U,False,False,,False,196,CPSF3,684,0a59d788503e05b0d9e28742df1dfc327694cd30eea8e9ef40f9bee357ea6852,Q9UKF6,False,CTNNB1,781,1e713d035af00ae7ec7e42f80259ed46e06120d2d5c617d320c91de02ce4dd1d,P35222,additional_six,False,-0.9063781102498373,-0.9099365472793579,0.5306075811386108,-7.3140716552734375,-9.182706832885742,-5.982243061065674,-7.493007183074951,112.0,259.0,226.0,165.0
background,P35221,U,False,False,,False,197,IRX1,480,f9ce639b86dbf97f4454dceadc03b74ef0870c49a6683712728d89719c59274a,P78414,False,CTNNB1,781,1e713d035af00ae7ec7e42f80259ed46e06120d2d5c617d320c91de02ce4dd1d,P35222,additional_six,False,-0.6545514166355133,0.530212938785553,0.5857023000717163,-3.796595573425293,-6.717297554016113,-4.494614124298096,-5.002835750579834,72.0,62.0,48.0,76.0
background,P35221,U,False,False,,False,198,SHE,495,6db456a3731307e59bdcdd2368d1e68d89bc05bdb53a0090a128ec6ba154d4d6,Q5VZ18,False,CTNNB1,781,1e713d035af00ae7ec7e42f80259ed46e06120d2d5c617d320c91de02ce4dd1d,P35222,additional_six,False,-1.7007856369018555,-0.37333783507347107,0.5538407564163208,-5.239897727966309,-8.299108505249023,-5.914292335510254,-6.484432856241862,259.0,170.0,139.0,128.0
background,P35221,U,False,False,,True,199,ARHGEF2,986,84242c4e7875fcf55bca56c2f481ffec5a45c0f979f0ea0fdb84b30d1d8fd5ac,Q92974,False,CTNNB1,781,1e713d035af00ae7ec7e42f80259ed46e06120d2d5c617d320c91de02ce4dd1d,P35222,additional_six,False,-1.228334407011668,0.39405663808186847,0.5049067139625549,-5.175951957702637,-8.69185733795166,-5.234278678894043,-6.36736265818278,173.0,72.0,130.0,225.0
background,P35221,U,False,False,,False,200,MATN1,496,2a2bb2e532e0344caceeb829df3034063ec5ffeab7b0ff6711acb15ef6158fa4,P21941,False,CTNNB1,781,1e713d035af00ae7ec7e42f80259ed46e06120d2d5c617d320c91de02ce4dd1d,P35222,additional_six,False,-3.0094522635142007,-2.072555184364319,0.49653664231300354,-8.785780906677246,-6.4499006271362305,-7.9602885246276855,-7.731990019480388,419.0,401.0,241.0,242.0
background,P35221,U,False,False,,False,201,CPT1A,773,7c1f21c862900d30cbfd1d44115947e15b67118c5c72905e8be4187c97ef02b5,P50416,False,CTNNB1,781,1e713d035af00ae7ec7e42f80259ed46e06120d2d5c617d320c91de02ce4dd1d,P35222,additional_six,False,-1.5016118288040161,-1.4361321131388347,0.3399214744567871,-14.266654014587402,-14.91923999786377,-13.170974731445312,-14.118956247965494,224.0,329.0,453.0,435.0
background,P35221,U,False,False,,False,202,NKD1,470,5f71f86fdafd3f3f2825ad3ba6b82246451654b3280aa3ed4f8cde518c3e84d2,Q969G9,False,CTNNB1,781,1e713d035af00ae7ec7e42f80259ed46e06120d2d5c617d320c91de02ce4dd1d,P35222,additional_six,False,-1.3698002099990845,0.7009178797403971,0.5168907642364502,-5.182623863220215,-5.9506049156188965,-6.65726375579834,-5.930164178212483,198.0,49.0,100.0,202.0
background,P35221,U,False,False,,False,203,ERC2,957,6a9a35fd20f59507a99061d9a1f055b432c1d5bea27d9a77ddcaab6e42dcfc0b,O15083,False,CTNNB1,781,1e713d035af00ae7ec7e42f80259ed46e06120d2d5c617d320c91de02ce4dd1d,P35222,additional_six,False,-1.3977222442626953,-0.8796180089314779,0.5271844863891602,-5.748493671417236,-6.675557613372803,-5.712071895599365,-6.045374393463135,204.0,256.0,107.0,175.0
context,Q9NQB0,U,False,False,,False,204,OSR2,312,a08ff2afa834c8278525556b77a075ffd75c599d4c3b09ed1719dae159b42c46,Q8N2R0,False,CTNNB1,781,1e713d035af00ae7ec7e42f80259ed46e06120d2d5c617d320c91de02ce4dd1d,P35222,additional_six,False,-0.48310021062692005,0.6999692519505819,0.5110378861427307,-4.833750247955322,-6.962533473968506,-5.591264724731445,-5.795849482218425,54.0,50.0,86.0,216.0
context,Q9NQB0,U,False,False,,False,205,RIOX1,641,7282a435c2a519d9dca0316e1448ca638d5d4176b3d68b6c08b46e9625019acc,Q9H6W3,False,CTNNB1,781,1e713d035af00ae7ec7e42f80259ed46e06120d2d5c617d320c91de02ce4dd1d,P35222,additional_six,False,-1.66395370165507,-0.48344212770462036,0.6116142272949219,-5.218742370605469,-9.482584953308105,-3.055710554122925,-5.919012626012166,255.0,183.0,97.0,37.0
context,Q9NQB0,U,False,False,,False,206,ZNF528,628,347a5fcee4db5dd5ca1b78f4999a2938e39aeaf8b21b8b9e12252bbfda2f6b38,Q3MIS6,False,CTNNB1,781,1e713d035af00ae7ec7e42f80259ed46e06120d2d5c617d320c91de02ce4dd1d,P35222,additional_six,False,-1.798263152440389,-0.3755138119061788,0.517870306968689,-6.015284538269043,-3.587688684463501,-6.800924301147461,-5.467965841293335,275.0,172.0,71.0,198.0
context,Q9NQB0,U,False,False,,False,207,ZNF768,540,22732e3ca640b6fa209598640e62eccc0cdc0a4b0ff02d5a96e8792a948f8dbf,Q9H5H4,False,CTNNB1,781,1e713d035af00ae7ec7e42f80259ed46e06120d2d5c617d320c91de02ce4dd1d,P35222,additional_six,False,-1.421499252319336,0.2949024438858032,0.5275223255157471,-5.325843334197998,-4.603526592254639,-8.781388282775879,-6.236919403076172,211.0,87.0,120.0,173.0
context,Q9NQB0,U,False,False,,False,208,HIPK1,1210,e0a2015a17faea6a33ff23226ff1829632e95e1cfc6a7ec321d2d223cc2b4f27,Q86Z02,False,CTNNB1,781,1e713d035af00ae7ec7e42f80259ed46e06120d2d5c617d320c91de02ce4dd1d,P35222,additional_six,False,-0.8852058053016663,0.8701559702555338,0.541407585144043,-6.131661891937256,-9.425313949584961,-6.696146488189697,-7.417707443237305,110.0,30.0,219.0,146.0
context,Q9NQB0,U,False,False,,False,209,GCM2,506,6b9b0f6eb8c91c3816a1a52290e92f8631e4983b97e08bc3121e9fdeea5fddd7,O75603,False,CTNNB1,781,1e713d035af00ae7ec7e42f80259ed46e06120d2d5c617d320c91de02ce4dd1d,P35222,additional_six,False,-0.721998910109202,1.3770715792973836,0.4673827886581421,-3.6688504219055176,-4.849057674407959,-2.633431911468506,-3.7171133359273276,81.0,14.0,9.0,310.0
context,Q9NQB0,U,False,False,,False,210,UCHL5,329,04e940a5ebf0b96fc9faa1d8b38ce5273808c79190ab719e40a85726aa6605c3,Q9Y5K5,False,CTNNB1,781,1e713d035af00ae7ec7e42f80259ed46e06120d2d5c617d320c91de02ce4dd1d,P35222,additional_six,False,-0.9152878721555074,-0.37132809559504193,0.43520376086235046,-7.770046234130859,-8.438076972961426,-7.17173957824707,-7.793287595113118,114.0,169.0,246.0,356.0
context,Q9NQB0,U,False,False,,False,211,RNASEH2B,312,e63d53d13d43eefa68075595e65361057aad1d5225da5d6a0fbbb391ba81b1ed,Q5TBB1,False,CTNNB1,781,1e713d035af00ae7ec7e42f80259ed46e06120d2d5c617d320c91de02ce4dd1d,P35222,additional_six,False,-1.1914891004562378,-0.8099984923998514,0.3794517517089844,-6.960848808288574,-8.335009574890137,-6.292331695556641,-7.19606335957845,167.0,244.0,199.0,407.0
context,Q9NQB0,U,False,False,,False,212,PAX7,505,09518d1497cdb6a5b8357ef06a391663f39a74b490450fdb0baeb876cac04053,P23759,False,CTNNB1,781,1e713d035af00ae7ec7e42f80259ed46e06120d2d5c617d320c91de02ce4dd1d,P35222,additional_six,False,0.339168260494868,0.9439711968104044,0.6443390250205994,-7.291827201843262,-5.919327259063721,-4.209431171417236,-5.806861877441406,6.0,26.0,87.0,12.0
context,Q9NQB0,U,False,False,,False,213,SART1,800,1176aed00c6c30222ee6cd54281d34b06965bf64fc703b3ada2390ae8799cb5b,O43290,False,CTNNB1,781,1e713d035af00ae7ec7e42f80259ed46e06120d2d5c617d320c91de02ce4dd1d,P35222,additional_six,False,-1.4077000220616658,-0.7417437036832174,0.39886826276779175,-5.519293308258057,-9.251138687133789,-7.2793049812316895,-7.349912325541179,206.0,228.0,210.0,386.0
context,Q9NQB0,U,False,False,,False,214,RAVER1,606,4bd9f79d3aeb636c4efaa6493794090dd6ef5c7e9878b258ad100c478cb95576,Q8IY67,False,CTNNB1,781,1e713d035af00ae7ec7e42f80259ed46e06120d2d5c617d320c91de02ce4dd1d,P35222,additional_six,False,0.6572289069493612,1.9579829772313435,0.6327785849571228,-4.238376617431641,-6.601020812988281,-3.8115334510803223,-4.883643627166748,3.0,2.0,43.0,19.0
context,Q9NQB0,U,False,False,,False,215,ANAPC5,755,ef395586fd997a669e8a8469c72ac3e7932a4d6a646710541ff5cc2aa014eb92,Q9UJX4,False,CTNNB1,781,1e713d035af00ae7ec7e42f80259ed46e06120d2d5c617d320c91de02ce4dd1d,P35222,additional_six,False,0.16399620721737543,0.579531212647756,0.48441842198371887,-8.124316215515137,-6.151508331298828,-5.525633811950684,-6.600486119588216,13.0,58.0,143.0,270.0
context,Q9NQB0,U,False,False,,False,216,XPO4,1151,5e65b638403296bbfcdcac25906defd7f781871674a5056ae8aee96dc311de3e,Q9C0E2,False,CTNNB1,781,1e713d035af00ae7ec7e42f80259ed46e06120d2d5c617d320c91de02ce4dd1d,P35222,additional_six,False,-1.6501716772715251,-0.7481070359547933,0.5991406440734863,-6.539241790771484,-7.316501617431641,-6.860360622406006,-6.905368010203044,250.0,231.0,173.0,51.0
context,Q9NQB0,U,False,False,,False,217,ZNF565,539,e7e2cca8fb805627262a17fc3722f2a157d4c1d91404517a223bd5709626c1b3,Q8N9K5,False,CTNNB1,781,1e713d035af00ae7ec7e42f80259ed46e06120d2d5c617d320c91de02ce4dd1d,P35222,additional_six,False,-1.9092859427134197,-0.3636082013448079,0.5203078985214233,-6.187867164611816,-4.824443340301514,-7.471837520599365,-6.161382675170898,291.0,167.0,115.0,191.0
context,Q9NQB0,U,False,False,,False,218,POU5F2,328,185fd0e1a1fd4eb3c1b62f01ca6ec9b9151d38331f9083f1d0cb6d77cf64477b,Q8N7G0,False,CTNNB1,781,1e713d035af00ae7ec7e42f80259ed46e06120d2d5c617d320c91de02ce4dd1d,P35222,additional_six,False,-0.6829150517781576,0.013783137003580729,0.44900423288345337,-7.203516006469727,-6.66754674911499,-5.094080924987793,-6.321714560190837,77.0,116.0,126.0,337.0
context,Q9NQB0,U,False,False,,False,219,ZNF554,538,c829d63960684658f69a9d7671566cfceccc4572fe474f88ea9f783d2d87b2ea,Q86TJ5,False,CTNNB1,781,1e713d035af00ae7ec7e42f80259ed46e06120d2d5c617d320c91de02ce4dd1d,P35222,additional_six,False,-0.8746021389961243,0.45974528789520264,0.5115705132484436,-4.6883392333984375,-6.108582496643066,-6.955588340759277,-5.917503356933594,107.0,67.0,96.0,213.0
context,Q9NQB0,U,False,False,,False,220,NFKBIB,356,bdb4da3a10dbde578fc84894076d865cf2bd88c2f2d34f48f8b8b708aa06c229,Q15653,False,CTNNB1,781,1e713d035af00ae7ec7e42f80259ed46e06120d2d5c617d320c91de02ce4dd1d,P35222,additional_six,False,-1.299303650856018,-0.2861316998799642,0.5077477097511292,-5.089044570922852,-7.035010814666748,-1.997126817703247,-4.707060734430949,184.0,158.0,36.0,219.0
context,Q9NQB0,U,False,False,,False,221,FOXR2,311,b815591812e1c3585a1e155fc0317a9b5ffc294ff737d6f6b19be2dbc7cfa9db,Q6PJQ5,False,CTNNB1,781,1e713d035af00ae7ec7e42f80259ed46e06120d2d5c617d320c91de02ce4dd1d,P35222,additional_six,False,-1.1120020945866902,0.2522898515065511,0.5218761563301086,-8.047933578491211,-6.698424816131592,-5.0903778076171875,-6.612245400746663,156.0,93.0,147.0,189.0
context,Q9NQB0,U,False,False,,False,222,HEY2,337,1f18b696757a2041bfe4583003b47056d3603511d56d543c09b7516d4c176d3c,Q9UBP5,False,CTNNB1,781,1e713d035af00ae7ec7e42f80259ed46e06120d2d5c617d320c91de02ce4dd1d,P35222,additional_six,False,-0.6672244171301523,0.43470531702041626,0.5418590903282166,-6.33811092376709,-7.181547164916992,-4.743779182434082,-6.087812423706055,74.0,69.0,111.0,144.0
context,Q9NQB0,U,False,False,,False,223,AEBP2,517,019839260589fe81c66aeaf992a993c5ae90bd183e67442f28cac66c8c45136a,Q6ZN18,False,CTNNB1,781,1e713d035af00ae7ec7e42f80259ed46e06120d2d5c617d320c91de02ce4dd1d,P35222,additional_six,False,-0.7468367119630178,-0.12489795684814453,0.5408489108085632,-8.578210830688477,-9.405420303344727,-7.482240200042725,-8.488623778025309,86.0,135.0,293.0,147.0
context,Q9NQB0,U,False,False,,False,224,NMD3,503,d3ba4719a700d3caaeea210b92c6b5a67b0f051f8fe003c64f583e9fb2950105,Q96D46,False,CTNNB1,781,1e713d035af00ae7ec7e42f80259ed46e06120d2d5c617d320c91de02ce4dd1d,P35222,additional_six,False,-1.7972848018010457,-0.9461050828297933,0.44898611307144165,-5.3384246826171875,-9.417667388916016,-4.252287864685059,-6.336126645406087,274.0,268.0,127.0,338.0
context,Q9NQB0,U,False,False,,False,225,DDX11L8,907,211719c98eb554f545e5b24e6c8e2adcdc92402c11a590f20d1f6f332cbc0b3c,A8MPP1,False,CTNNB1,781,1e713d035af00ae7ec7e42f80259ed46e06120d2d5c617d320c91de02ce4dd1d,P35222,additional_six,False,-1.3066937526067097,-0.004895190397898356,0.4640914499759674,-4.988234996795654,-7.292788982391357,-6.024480819702148,-6.101834932963054,187.0,118.0,113.0,314.0
context,Q9NQB0,U,False,False,,True,226,NCL,710,6a59d17f93a02d47071478fd805b70d01d5b2217aac57ffe1423428ca3d0c611,P19338,False,CTNNB1,781,1e713d035af00ae7ec7e42f80259ed46e06120d2d5c617d320c91de02ce4dd1d,P35222,additional_six,False,-3.3884313901265464,-2.02213191986084,0.4621570110321045,-5.170969009399414,-7.632163047790527,-8.112410545349121,-6.9718475341796875,439.0,395.0,181.0,318.0
context,Q9NQB0,U,False,False,,False,227,ZNF33A,810,230aa7a675fb6a0e81d967a7f781187a0b080517989d0abad98b161e5989dc50,Q06730,False,CTNNB1,781,1e713d035af00ae7ec7e42f80259ed46e06120d2d5c617d320c91de02ce4dd1d,P35222,additional_six,False,-0.8442071874936422,0.7951923211415609,0.5153642892837524,-3.1765615940093994,-3.6980507373809814,-4.9394707679748535,-3.9380276997884116,100.0,40.0,14.0,205.0
context,Q9NQB0,U,False,False,,False,228,MMP2,660,e4520c62aed3a6fd2854bdbaef518173baa30a0b701e11622b8b0d9d7ac1c295,P08253,False,CTNNB1,781,1e713d035af00ae7ec7e42f80259ed46e06120d2d5c617d320c91de02ce4dd1d,P35222,additional_six,False,-2.337306261062622,-1.4991489847501118,0.4705464243888855,-8.67060661315918,-10.298124313354492,-6.803411483764648,-8.59071413675944,363.0,335.0,305.0,299.0
context,Q9NQB0,U,False,False,,False,229,PHF7,381,c1c0a30f9f02253e5f70b4adca10390d6f1bf2743cef549d31635a8f07a4839d,Q9BWX1,False,CTNNB1,781,1e713d035af00ae7ec7e42f80259ed46e06120d2d5c617d320c91de02ce4dd1d,P35222,additional_six,False,-1.2506269812583923,-0.005725940068562825,0.5184304714202881,-5.135226726531982,-9.597039222717285,-6.794945240020752,-7.175737063090007,176.0,119.0,197.0,195.0
context,Q9NQB0,U,False,False,,False,230,SRBD1,995,323395db8c6bbd3692fc5feac7d1635e378acba4ec29f97ccddbcf5c3228b8d2,Q8N5C6,False,CTNNB1,781,1e713d035af00ae7ec7e42f80259ed46e06120d2d5c617d320c91de02ce4dd1d,P35222,additional_six,False,-0.7642768720785776,-0.09546548128128052,0.4391234517097473,-6.596393585205078,-9.249917030334473,-5.525872707366943,-7.124061107635498,89.0,131.0,192.0,351.0
context,Q9NQB0,U,False,False,,False,231,LPP,612,521fca235f5b1323710b597b8b5402fcb6592639ed0b5a6a62aa33fd8577d1e1,Q93052,False,CTNNB1,781,1e713d035af00ae7ec7e42f80259ed46e06120d2d5c617d320c91de02ce4dd1d,P35222,additional_six,False,-0.130979393919309,0.9481514096260071,0.6563661098480225,-5.058245658874512,-3.367833137512207,-3.771169424057007,-4.065749406814575,26.0,25.0,19.0,9.0
context,Q9NQB0,U,False,False,,False,232,ZNF282,671,0aa09b242274fb9993b371c83d1a9c70b38365e9bf17c6e7766f070cba8a05d7,Q9UDV7,False,CTNNB1,781,1e713d035af00ae7ec7e42f80259ed46e06120d2d5c617d320c91de02ce4dd1d,P35222,additional_six,False,-1.0011357267697651,1.4474342068036397,0.5879709720611572,-5.984405994415283,-5.148041725158691,-2.9768755435943604,-4.703107754389445,135.0,12.0,35.0,72.0
context,Q9NQB0,U,False,False,,False,233,MSL2,577,cc69d1025bd008516c6319695323caefc1ad3350cd60a7493a0fc004d21d35fb,Q9HCI7,False,CTNNB1,781,1e713d035af00ae7ec7e42f80259ed46e06120d2d5c617d320c91de02ce4dd1d,P35222,additional_six,False,-1.734753131866455,-0.8209405342737833,0.4988759458065033,-6.517629623413086,-10.748705863952637,-5.257296085357666,-7.507877190907796,266.0,246.0,227.0,236.0
context,Q9NQB0,U,False,False,,False,234,INVS,1065,1468fc0f4b1418f22e4150aa0d1831171ec56c4a2841a43874084c133c12fa40,Q9Y283,False,CTNNB1,781,1e713d035af00ae7ec7e42f80259ed46e06120d2d5c617d320c91de02ce4dd1d,P35222,additional_six,False,-0.9413676063219706,0.41708898544311523,0.4771604835987091,-7.077044486999512,-5.172022342681885,-3.205425500869751,-5.151497443517049,119.0,71.0,54.0,282.0
context,Q9NQB0,U,False,False,,False,235,PIWIL4,852,daf8b0362c9f3c09495a80b4f73eaebbc4679d2e3d5c05cf7416fb79860f7549,Q7Z3Z4,False,CTNNB1,781,1e713d035af00ae7ec7e42f80259ed46e06120d2d5c617d320c91de02ce4dd1d,P35222,additional_six,False,-0.39504289130369824,0.37221715847651166,0.5055990815162659,-6.116423606872559,-6.489641189575195,-5.583653926849365,-6.063239574432373,47.0,74.0,109.0,224.0
context,Q9NQB0,U,False,False,,False,236,ORC1,861,bffacd1af15e6b29e556ccaa7682a7bafd5609049e995a2177c71598c46fb762,Q13415,False,CTNNB1,781,1e713d035af00ae7ec7e42f80259ed46e06120d2d5c617d320c91de02ce4dd1d,P35222,additional_six,False,-2.0056950648625693,-0.7085537115732828,0.4824935495853424,-7.334017753601074,-9.400544166564941,-5.192603588104248,-7.309055169423421,313.0,219.0,204.0,275.0
context,Q9NQB0,U,False,False,,False,237,FIRRM,853,56b28b89526a7a51cd51d9b8ef34d4bcb5dd054da0c4a226b19e0ccb563eecfb,Q9NSG2,False,CTNNB1,781,1e713d035af00ae7ec7e42f80259ed46e06120d2d5c617d320c91de02ce4dd1d,P35222,additional_six,False,-0.24784191139042377,-0.7950326204299927,0.46316421031951904,-8.789358139038086,-6.981362819671631,-4.59049654006958,-6.787072499593099,37.0,242.0,167.0,317.0
context,Q9NQB0,U,False,False,,False,238,ZNF16,682,bad983fdb387add965dfebbc18c0b7f3601cc00751ee79d7a6c56a6d8e5d39d2,P17020,False,CTNNB1,781,1e713d035af00ae7ec7e42f80259ed46e06120d2d5c617d320c91de02ce4dd1d,P35222,additional_six,False,-1.972368558247884,0.002006351947784424,0.5522844791412354,-5.461125373840332,-3.438213586807251,-6.142491340637207,-5.013943433761597,305.0,117.0,49.0,130.0
context,Q9NQB0,U,False,False,,False,239,RBM12,932,9d753b4d0a2e9fa0ad7ac41e04eefb67e8032acc59fc2da3abf7fb23f80fad26,Q9NTZ6,False,CTNNB1,781,1e713d035af00ae7ec7e42f80259ed46e06120d2d5c617d320c91de02ce4dd1d,P35222,additional_six,False,-0.7401947379112244,0.660508876045545,0.7248353958129883,-5.7627272605896,-5.898445129394531,-5.249072074890137,-5.636748154958089,84.0,55.0,80.0,1.0
context,Q9NQB0,U,False,False,,False,240,PTOV1,416,19fa7b9ee397aecf3c9f6bf0ff9c781c32e0bc633bb18646754be6843e6c0b87,Q86YD1,False,CTNNB1,781,1e713d035af00ae7ec7e42f80259ed46e06120d2d5c617d320c91de02ce4dd1d,P35222,additional_six,False,-2.005845864613851,-0.8164044817288717,0.6513601541519165,-4.450136184692383,-6.056565761566162,-1.156558632850647,-3.8877535263697305,314.0,245.0,12.0,11.0
context,Q9NQB0,U,False,False,,False,241,TRAF4,470,73fd41f5dad0efa842440a2f531f14a563b89d97338c0524e29116e6f13315dd,Q9BUZ4,False,CTNNB1,781,1e713d035af00ae7ec7e42f80259ed46e06120d2d5c617d320c91de02ce4dd1d,P35222,additional_six,False,0.053326718509197235,0.6807584116856257,0.504417359828949,-5.355771541595459,-8.103372573852539,-5.912810802459717,-6.457318305969238,17.0,53.0,137.0,227.0
context,Q9NQB0,U,False,False,,False,242,BACH2,841,de485496a23e6aff7466a6d3085600f3eb42a557ae9e7345f271a46f29e461b4,Q9BYV9,False,CTNNB1,781,1e713d035af00ae7ec7e42f80259ed46e06120d2d5c617d320c91de02ce4dd1d,P35222,additional_six,False,-1.0211827158927917,0.20918566981951395,0.5728110671043396,-5.575075149536133,-6.0337419509887695,-4.619847297668457,-5.409554799397786,139.0,95.0,67.0,97.0
context,Q9NQB0,U,False,False,,False,243,GTF2A1L,478,b5cd89c3ad2883e576cbfb516500c73b131f3f80d9b71bbbf129aaead88a8f2d,Q9UNN4,False,CTNNB1,781,1e713d035af00ae7ec7e42f80259ed46e06120d2d5c617d320c91de02ce4dd1d,P35222,additional_six,False,-1.1094239751497905,0.10085868835449219,0.4933525621891022,-7.258699893951416,-8.005317687988281,-6.097108840942383,-7.120375474294026,154.0,106.0,191.0,246.0
context,Q9NQB0,U,False,False,,False,244,TRAPPC12,735,b7eae46a93cf4d061c678493ab78354985c39a4482d9b376d125798231985348,Q8WVT3,False,CTNNB1,781,1e713d035af00ae7ec7e42f80259ed46e06120d2d5c617d320c91de02ce4dd1d,P35222,additional_six,False,-0.3204763134320577,0.8743938008944193,0.553496778011322,-5.76002836227417,-5.961486339569092,-4.655765533447266,-5.459093411763509,41.0,29.0,70.0,129.0
context,Q9NQB0,U,False,False,,False,245,MEFV,781,13d9f1e1ce312622a5ae3b13362c800ff77962ad12db166bc1a0be16a4b42f73,O15553,False,CTNNB1,781,1e713d035af00ae7ec7e42f80259ed46e06120d2d5c617d320c91de02ce4dd1d,P35222,additional_six,False,-0.8939651250839233,0.8156451384226481,0.6140792965888977,-4.698154449462891,-5.106318473815918,-3.2369911670684814,-4.34715469678243,111.0,35.0,25.0,34.0
context,Q9NQB0,U,False,False,,False,246,UBXN7,489,085de6dc40e55665d05410998e7a52e4138915b8053dce023218ac25130a4339,O94888,False,CTNNB1,781,1e713d035af00ae7ec7e42f80259ed46e06120d2d5c617d320c91de02ce4dd1d,P35222,additional_six,False,-0.34469465042153996,0.4569331407546997,0.5885809063911438,-4.7867584228515625,-6.622020244598389,-3.6552507877349854,-5.0213431517283125,43.0,68.0,50.0,71.0
context,Q9NQB0,U,False,False,,False,247,ZNF786,782,fa1d6e9c564ae6d50c66d1fbea671a9af677fa94ecf7d2292af8a28e106a8d16,Q8N393,False,CTNNB1,781,1e713d035af00ae7ec7e42f80259ed46e06120d2d5c617d320c91de02ce4dd1d,P35222,additional_six,False,-0.9328140616416931,0.7377228339513143,0.4929932653903961,-6.505949020385742,-4.759697437286377,-6.863737106323242,-6.04312785466512,117.0,46.0,106.0,248.0
context,Q9NQB0,U,False,False,,False,248,FAF1,650,07a8ea3dca80cbdd9889fd4f7ea000c048de7864dc8eaaa04c9cc01f08f682bc,Q9UNN5,False,CTNNB1,781,1e713d035af00ae7ec7e42f80259ed46e06120d2d5c617d320c91de02ce4dd1d,P35222,additional_six,False,0.3091236005226771,1.009160002072652,0.7193421125411987,-3.3863525390625,-7.49395751953125,-3.177138328552246,-4.685816129048665,7.0,22.0,34.0,2.0
context,Q9NQB0,U,False,False,,False,249,AHR,848,37e405aacce2a3f7dce748db4891554b5e5bbedc23dc555869faf6d865e697b3,P35869,False,CTNNB1,781,1e713d035af00ae7ec7e42f80259ed46e06120d2d5c617d320c91de02ce4dd1d,P35222,additional_six,False,-0.9670522411664327,0.06345982042451699,0.5813364386558533,-5.722775459289551,-6.564373970031738,-2.1603591442108154,-4.815836191177368,123.0,110.0,41.0,84.0
context,Q9NQB0,U,False,False,,False,250,ZNF280D,979,de07acf8a8986a3242023a438b92e686aa15430290b855988462964e2ecf5a19,Q6N043,False,CTNNB1,781,1e713d035af00ae7ec7e42f80259ed46e06120d2d5c617d320c91de02ce4dd1d,P35222,additional_six,False,-2.071389396985372,-0.832760214805603,0.4910185933113098,-6.1829609870910645,-9.107463836669922,-7.063692092895508,-7.451372305552165,321.0,248.0,221.0,252.0
context,Q9NQB0,U,False,False,,False,251,ZBED1,694,7dc4708662d15148f5772b99749628e83af2ad99f2d44c972eaa01918669e6ac,O96006,False,CTNNB1,781,1e713d035af00ae7ec7e42f80259ed46e06120d2d5c617d320c91de02ce4dd1d,P35222,additional_six,False,0.30417685210704803,0.5485868453979492,0.44415584206581116,-3.8416860103607178,-5.143831253051758,-2.74788761138916,-3.911134958267212,8.0,61.0,13.0,346.0
context,Q9NQB0,U,False,False,,False,252,PIAS3,628,0c6cbc1997f6405a5802e4e3dad6af66c08e160ded7baddd194ba441db44bca1,Q9Y6X2,False,CTNNB1,781,1e713d035af00ae7ec7e42f80259ed46e06120d2d5c617d320c91de02ce4dd1d,P35222,additional_six,False,0.16124931847055754,1.7038733164469402,0.5851548910140991,-2.4490456581115723,-5.678898334503174,-1.5993307828903198,-3.2424249251683555,14.0,4.0,3.0,78.0
context,Q9NQB0,U,False,False,,False,253,UBQLN2,624,114c642607be4715971d0e5571d2d5690a1dbb9e14ef942718c7a2868803abb6,Q9UHD9,False,CTNNB1,781,1e713d035af00ae7ec7e42f80259ed46e06120d2d5c617d320c91de02ce4dd1d,P35222,additional_six,False,2.114846706390381,2.5382374922434487,0.5147141218185425,-3.617948293685913,-3.626762628555298,-3.8497731685638428,-3.6981613636016846,1.0,1.0,8.0,207.0
background,Q9NQB0,U,False,False,,False,254,ZNF777,831,7977761a1dd4262d21267c975710a085c0c02b20ab3b6ffa8a2809b2bc194aa2,Q9ULD5,False,CTNNB1,781,1e713d035af00ae7ec7e42f80259ed46e06120d2d5c617d320c91de02ce4dd1d,P35222,additional_six,False,-1.2965273062388103,0.6913581291834513,0.4926306903362274,-7.114338397979736,-6.9471755027771,-2.8346214294433594,-5.6320451100667315,183.0,52.0,79.0,250.0
background,Q9NQB0,U,False,False,,False,255,RPS6KA3,740,49fe047bcbcb31e41253f9377715ec6f0c7987bb8362e25ebcd09b4ef0afaf83,P51812,False,CTNNB1,781,1e713d035af00ae7ec7e42f80259ed46e06120d2d5c617d320c91de02ce4dd1d,P35222,additional_six,False,-1.4884754419326782,-1.5122162103652954,0.6051498055458069,-5.639170169830322,-7.949350833892822,-7.827632427215576,-7.138717810312907,221.0,339.0,194.0,45.0
background,Q9NQB0,U,False,False,,False,256,ADAM7,754,994c188a4beba4f476f5fa54fccee114f423debe9ad87fd10fe9384ab61b9f74,Q9H2U9,False,CTNNB1,781,1e713d035af00ae7ec7e42f80259ed46e06120d2d5c617d320c91de02ce4dd1d,P35222,additional_six,False,-3.5103205839792886,-2.4208923975626626,0.3606288731098175,-12.72766399383545,-13.154901504516602,-9.62131404876709,-11.83462651570638,445.0,426.0,433.0,422.0
background,Q9NQB0,U,False,False,,False,257,TLR9,1032,b17771e006a986a20bb8aaf49a621d867d7e13dcd905de470b145eae695a1aba,Q9NR96,False,CTNNB1,781,1e713d035af00ae7ec7e42f80259ed46e06120d2d5c617d320c91de02ce4dd1d,P35222,additional_six,False,-2.329578399658203,-1.7703139980634053,0.6237317323684692,-8.769510269165039,-11.26916217803955,-7.657862663269043,-9.232178370157877,359.0,366.0,334.0,27.0
background,Q9NQB0,U,False,False,,False,258,TMPRSS7,843,a575d6a40e6f7d8ce633280c78e5e98e7da929dd06a978405fe2fabb8d58a22d,Q7RTY8,False,CTNNB1,781,1e713d035af00ae7ec7e42f80259ed46e06120d2d5c617d320c91de02ce4dd1d,P35222,additional_six,False,-2.158846457799276,-0.9530678987503052,0.4473971128463745,-14.367646217346191,-13.742033004760742,-10.731891632080078,-12.947190284729004,334.0,271.0,450.0,342.0
background,Q9NQB0,U,False,False,,False,259,SEPTIN11,429,0c207f49f7570caef34aa233e1d9bd7ed1fb01e07140a38bcc9974d877bd5684,Q9NVA2,False,CTNNB1,781,1e713d035af00ae7ec7e42f80259ed46e06120d2d5c617d320c91de02ce4dd1d,P35222,additional_six,False,-1.4141921599706013,-0.07494813203811646,0.6125411987304688,-5.736880779266357,-8.839983940124512,-5.667943477630615,-6.748269399007161,210.0,128.0,159.0,36.0
background,Q9NQB0,U,False,False,,True,260,NLK,527,df971a35c6955ddd1ec51c9ad909413ed41d63bbb1587be474a292517bfb15ed,Q9UBE8,False,CTNNB1,781,1e713d035af00ae7ec7e42f80259ed46e06120d2d5c617d320c91de02ce4dd1d,P35222,additional_six,False,-0.8668500979741415,-0.01209956407546997,0.5822198390960693,-6.999447345733643,-8.583904266357422,-5.024998188018799,-6.869449933369954,105.0,121.0,170.0,83.0
background,Q9NQB0,U,False,False,,False,261,SIRAL1,351,a4b08f357e14107c9d6711c2a58178a3a905e20a0907f293f3916e7310b89fc7,Q9BPY3,False,CTNNB1,781,1e713d035af00ae7ec7e42f80259ed46e06120d2d5c617d320c91de02ce4dd1d,P35222,additional_six,False,-1.9455999533335369,-0.741392453511556,0.5219686031341553,-6.436580657958984,-8.786598205566406,-5.594611644744873,-6.939263502756755,297.0,226.0,176.0,188.0
background,Q9NQB0,U,False,False,,False,262,RBFOX1,397,a92c3fc8d66d53a38f310830eb0c47e68e764ff57b6a6656ab88e452f48252cc,Q9NWB1,False,CTNNB1,781,1e713d035af00ae7ec7e42f80259ed46e06120d2d5c617d320c91de02ce4dd1d,P35222,additional_six,False,-0.1662561222910881,1.4692755142847698,0.5615054368972778,-4.121620178222656,-5.530422210693359,-4.214559078216553,-4.6222004890441895,30.0,11.0,31.0,113.0
background,Q9NQB0,U,False,False,,False,263,IDS,550,94b4e5006fbbfa6d72ab14d095379d66b7461b0854d10a55e0111f8e2ed60a85,P22304,False,CTNNB1,781,1e713d035af00ae7ec7e42f80259ed46e06120d2d5c617d320c91de02ce4dd1d,P35222,additional_six,False,-1.975218375523885,-1.6367678840955098,0.602258563041687,-9.229732513427734,-7.161992073059082,-9.303468704223633,-8.565064430236816,308.0,351.0,303.0,46.0
background,Q9NQB0,U,False,False,,False,264,GALNT6,622,cde8bd3f332500a32a10b14f59754ed1ed6b32620c51cdd215405972c809aa47,Q8NCL4,False,CTNNB1,781,1e713d035af00ae7ec7e42f80259ed46e06120d2d5c617d320c91de02ce4dd1d,P35222,additional_six,False,-2.332646449406942,-2.0192658503850303,0.5575204491615295,-10.747090339660645,-14.239779472351074,-13.812384605407715,-12.933084805806478,360.0,394.0,449.0,121.0
background,Q9NQB0,U,False,False,,False,265,LIPK,399,d3501740d24218ca02372b2b9e7d5fe7fd5efb65d12e554218512f6113f57402,Q5VXJ0,False,CTNNB1,781,1e713d035af00ae7ec7e42f80259ed46e06120d2d5c617d320c91de02ce4dd1d,P35222,additional_six,False,-1.8336726427078247,-1.735275427500407,0.5392774343490601,-11.685966491699219,-10.915961265563965,-12.189224243164062,-11.597050666809082,281.0,360.0,424.0,149.0
background,Q9NQB0,U,False,False,,False,266,PHTF2,785,2dfea76dc43cb8d63f9b9114dd83295ea712edab59a0127c0135f203f70fb45b,Q8N3S3,False,CTNNB1,781,1e713d035af00ae7ec7e42f80259ed46e06120d2d5c617d320c91de02ce4dd1d,P35222,additional_six,False,-2.323118209838867,-1.7331035137176514,0.31028810143470764,-12.45061206817627,-13.276865005493164,-10.114055633544922,-11.947177569071451,357.0,359.0,437.0,443.0
background,Q9NQB0,U,False,False,,False,267,TRIM16L,348,1a8d478f48e4e3ee770ce20b362a8d7abdc6dd3c4f62fedf59a1325ab3d26727,Q309B1,False,CTNNB1,781,1e713d035af00ae7ec7e42f80259ed46e06120d2d5c617d320c91de02ce4dd1d,P35222,additional_six,False,-0.3081389887568851,0.8148003021876017,0.5595836043357849,-4.732450485229492,-7.316504001617432,-3.908505439758301,-5.319153308868408,40.0,37.0,62.0,117.0
background,Q9NQB0,U,False,False,,False,268,C7,843,0d44690f8f8ac8709a45397e54943e076158a9639dbc276f1c7bf2988fdce99d,P10643,False,CTNNB1,781,1e713d035af00ae7ec7e42f80259ed46e06120d2d5c617d320c91de02ce4dd1d,P35222,additional_six,False,-1.6070634126663208,-0.16151771942774454,0.5322874188423157,-9.627299308776855,-11.073349952697754,-7.965944766998291,-9.5555313428243,240.0,141.0,358.0,163.0
background,Q9NQB0,U,False,False,,False,269,MPP4,637,53c83c59d152cb66818febf8313ee4ef973d08bbccf6c5416cc8bbca7357a751,Q96JB8,False,CTNNB1,781,1e713d035af00ae7ec7e42f80259ed46e06120d2d5c617d320c91de02ce4dd1d,P35222,additional_six,False,-0.6186141570409139,-0.17928099632263184,0.5570193529129028,-6.320530891418457,-8.904459953308105,-5.816333770751953,-7.013774871826172,66.0,144.0,185.0,122.0
background,Q9NQB0,U,False,False,,False,270,FHOD1,1164,a58d8aa165b6fa0b71a1a7d1fa0dc48ef4b867a41384bd322855621a88430d55,Q9Y613,False,CTNNB1,781,1e713d035af00ae7ec7e42f80259ed46e06120d2d5c617d320c91de02ce4dd1d,P35222,additional_six,False,-1.4284229278564453,0.2253677099943161,0.578790545463562,-5.667359828948975,-4.006490230560303,-3.4090735912323,-4.360974550247192,212.0,94.0,26.0,87.0
background,Q9NQB0,U,False,False,,False,271,SLC22A4,551,390b09d23c13a3bd3b1667e00bb0907808c87cb3a19a31b033602e415498cfa9,Q9H015,False,CTNNB1,781,1e713d035af00ae7ec7e42f80259ed46e06120d2d5c617d320c91de02ce4dd1d,P35222,additional_six,False,-2.821249087651571,-2.458701769510905,0.3941000998020172,-12.064107894897461,-10.066229820251465,-12.839508056640625,-11.656615257263184,405.0,429.0,425.0,393.0
background,Q9NQB0,U,False,False,,False,272,NR1H4,486,450a21105b740fd60df57b1fa1f127cbbcfe9167e01cd5ddd638d7d55c4c53e5,Q96RI1,False,CTNNB1,781,1e713d035af00ae7ec7e42f80259ed46e06120d2d5c617d320c91de02ce4dd1d,P35222,additional_six,False,-0.4789127508799235,-0.27505295475323993,0.5057471394538879,-7.3798828125,-7.982887268066406,-4.836358070373535,-6.7330427169799805,52.0,155.0,156.0,223.0
background,Q9NQB0,U,False,False,,False,273,CDC123,336,6921e2791e838528ed7ef351dc2cc4843395240b80b7505e3056b212c4271e3e,O75794,False,CTNNB1,781,1e713d035af00ae7ec7e42f80259ed46e06120d2d5c617d320c91de02ce4dd1d,P35222,additional_six,False,-2.5071895122528076,-1.9995192289352417,0.4687422811985016,-8.148602485656738,-8.032126426696777,-7.423531532287598,-7.868086814880371,377.0,393.0,251.0,307.0
background,Q9NQB0,U,False,False,,False,274,FAM131A,366,959992772b13000d758889d7a915b7acb28dec8562efb04ee712b91baebce6da,Q6UXB0,False,CTNNB1,781,1e713d035af00ae7ec7e42f80259ed46e06120d2d5c617d320c91de02ce4dd1d,P35222,additional_six,False,-1.0505813558896382,0.042751053969065346,0.4915779232978821,-7.793148994445801,-7.155229568481445,-7.088652610778809,-7.3456770579020185,145.0,112.0,206.0,251.0
background,Q9NQB0,U,False,False,,False,275,AGT,476,3e106d5b69b639c7b4f421156675b42b5cc9093b574083b9f80dd2c3a35cd1e0,P01019,False,CTNNB1,781,1e713d035af00ae7ec7e42f80259ed46e06120d2d5c617d320c91de02ce4dd1d,P35222,additional_six,False,-2.878739515940348,-0.6970809002717336,0.49923357367515564,-9.023580551147461,-8.235871315002441,-7.870969295501709,-8.376807053883871,408.0,217.0,288.0,235.0
background,Q9NQB0,U,False,False,,False,276,ATXN10,475,198a8de7f7984533488730efe027d6be7c45763465414d2c9e2d968688ed30c9,Q9UBB4,False,CTNNB1,781,1e713d035af00ae7ec7e42f80259ed46e06120d2d5c617d320c91de02ce4dd1d,P35222,additional_six,False,-1.4977618058522542,-0.7414414485295614,0.6558935046195984,-4.533173561096191,-5.643613338470459,-4.084379196166992,-4.753722031911214,222.0,227.0,39.0,10.0
background,Q9NQB0,U,False,False,,False,277,ADRM1,407,0b45a125f79ff79f518bea9817977a88d19133ebd6d02e1b5d93efd17d898558,Q16186,False,CTNNB1,781,1e713d035af00ae7ec7e42f80259ed46e06120d2d5c617d320c91de02ce4dd1d,P35222,additional_six,False,0.9900305072466532,1.6710479160149891,0.6101795434951782,-2.453171730041504,-6.106856822967529,-3.278688907623291,-3.946239153544108,2.0,5.0,15.0,40.0
background,Q9NQB0,U,False,False,,False,278,SGSM2,1006,2778b7e9fd9f155550e52b2d8e354cac708b5240321f89dda808d9d01d190f44,O43147,False,CTNNB1,781,1e713d035af00ae7ec7e42f80259ed46e06120d2d5c617d320c91de02ce4dd1d,P35222,additional_six,False,-0.9749875466028849,0.0523383766412735,0.5944004654884338,-6.312353610992432,-6.242125511169434,-4.40218448638916,-5.652221202850342,125.0,111.0,82.0,57.0
background,Q9NQB0,U,False,False,,False,279,CNOT11,510,2b3bb720c6b376028b3eb28e6c4146d37cf481151c97d50071b7f4b3af437cc5,Q9UKZ1,False,CTNNB1,781,1e713d035af00ae7ec7e42f80259ed46e06120d2d5c617d320c91de02ce4dd1d,P35222,additional_six,False,-1.988503376642863,-1.140160322189331,0.5916247963905334,-6.329431533813477,-8.028364181518555,-4.528965473175049,-6.295587062835693,312.0,289.0,124.0,63.0
background,Q9NQB0,U,False,False,,False,280,ARMCX3,379,40924b646930b627b8cc357716a4c51c17a96c1dd5a0a12e2135a56d745f9a16,Q9UH62,False,CTNNB1,781,1e713d035af00ae7ec7e42f80259ed46e06120d2d5c617d320c91de02ce4dd1d,P35222,additional_six,False,-0.746078372001648,-0.7456551343202591,0.46976548433303833,-8.345682144165039,-8.364935874938965,-7.405874729156494,-8.038830916086832,85.0,230.0,273.0,303.0
background,Q9NQB0,U,False,False,,False,281,POMGNT2,580,78e9249b81bc98e4f11cb3e49d6c49e2278fa6bdc208689bb9ef468b77954bd0,Q8NAT1,False,CTNNB1,781,1e713d035af00ae7ec7e42f80259ed46e06120d2d5c617d320c91de02ce4dd1d,P35222,additional_six,False,-2.9477291107177734,-3.0969926516215005,0.47316083312034607,-8.250606536865234,-8.946321487426758,-11.14681625366211,-9.447914759318033,411.0,448.0,352.0,290.0
background,Q9NQB0,U,False,False,,False,282,TTC6,520,e34d971eab56271abfd7b50501dc5eb75891b01906ee500665c4051abd187166,Q86TZ1,False,CTNNB1,781,1e713d035af00ae7ec7e42f80259ed46e06120d2d5c617d320c91de02ce4dd1d,P35222,additional_six,False,-0.7863344649473826,-0.1201137105623881,0.5482078790664673,-5.230867862701416,-6.59628963470459,-6.856137752532959,-6.227765083312988,94.0,133.0,119.0,135.0
background,Q9NQB0,U,False,False,,False,283,EFL1,1120,65670f5b5842fba75af1f7b2a9fe72912b9161a20546d7b55324dcd9b56b2988,Q7Z2Z2,False,CTNNB1,781,1e713d035af00ae7ec7e42f80259ed46e06120d2d5c617d320c91de02ce4dd1d,P35222,additional_six,False,-1.4114338159561157,-0.18838125467300415,0.47069740295410156,-5.40149450302124,-11.154053688049316,-5.302591323852539,-7.286046504974365,209.0,146.0,203.0,297.0
background,Q9NQB0,U,False,False,,False,284,SIGLEC5,551,5a4492aa1c8e7cd9ef82adb391356745bbaa5fa3d59bb0cd12562f8a39a1ba8f,O15389,False,CTNNB1,781,1e713d035af00ae7ec7e42f80259ed46e06120d2d5c617d320c91de02ce4dd1d,P35222,additional_six,False,-2.659987211227417,-2.473602294921875,0.5377849340438843,-10.872854232788086,-10.09018611907959,-8.159114837646484,-9.707385063171387,389.0,431.0,370.0,152.0
background,Q9NQB0,U,False,False,,False,285,ENTR1,435,88735b55017dfa4a561d3c1957ffb36d103a21a6244cdc0efdd05cfcfebffff2,Q96C92,False,CTNNB1,781,1e713d035af00ae7ec7e42f80259ed46e06120d2d5c617d320c91de02ce4dd1d,P35222,additional_six,False,0.1855941837032636,1.6478681564331055,0.4418022036552429,-5.194396495819092,-5.474058628082275,-5.132059097290039,-5.266838073730469,12.0,6.0,59.0,349.0
background,Q9NQB0,U,False,False,,False,286,ABCB6,842,741923505c1880bbbcd7a3d552d77643c5c125998a48c424b3c9832a9d82617d,Q9NP58,False,CTNNB1,781,1e713d035af00ae7ec7e42f80259ed46e06120d2d5c617d320c91de02ce4dd1d,P35222,additional_six,False,-0.9843345483144125,0.32150070865948993,0.37537986040115356,-12.367127418518066,-11.583870887756348,-7.0716400146484375,-10.340879440307617,130.0,83.0,392.0,411.0
background,Q9NQB0,U,False,False,,False,287,TXNIP,391,ac9246474c835a4c8ca7e13300a00c802298ce3f904d296a4feb77cb10903eb9,Q9H3M7,False,CTNNB1,781,1e713d035af00ae7ec7e42f80259ed46e06120d2d5c617d320c91de02ce4dd1d,P35222,additional_six,False,-0.7787529031435648,0.1645278533299764,0.47244879603385925,-2.411989688873291,-9.357348442077637,-3.928889274597168,-5.232742468516032,92.0,96.0,57.0,293.0
background,Q9NQB0,U,False,False,,False,288,TACR2,398,6ef9ea928a94c95109f9ee0990e69a5d6979cbb3282d463670891ebb95516433,P21452,False,CTNNB1,781,1e713d035af00ae7ec7e42f80259ed46e06120d2d5c617d320c91de02ce4dd1d,P35222,additional_six,False,-2.2816317876180015,-2.743336041768392,0.41116732358932495,-11.022130012512207,-10.282472610473633,-6.6363115310668945,-9.313638051350912,348.0,443.0,340.0,373.0
background,Q9NQB0,U,False,False,,False,289,TMEM43,400,57188f2ba974ec689e5fe49477c59255dc058444d840cbfbf1a6c83663e0d1f1,Q9BTV4,False,CTNNB1,781,1e713d035af00ae7ec7e42f80259ed46e06120d2d5c617d320c91de02ce4dd1d,P35222,additional_six,False,-1.5325794219970703,-1.4344946543375652,0.2856438159942627,-7.176242828369141,-9.458080291748047,-6.632084369659424,-7.75546916325887,229.0,328.0,243.0,447.0
background,Q9NQB0,U,False,False,,False,290,ATG16L2,619,c780f1a1b59b76e4ea7448ed7aa6747c5445ed7d2e85d080896ffb17c6c66e0e,Q8NAA4,False,CTNNB1,781,1e713d035af00ae7ec7e42f80259ed46e06120d2d5c617d320c91de02ce4dd1d,P35222,additional_six,False,-0.22269964218139648,1.606585164864858,0.4704475700855255,-5.302365779876709,-5.842763423919678,-5.360281467437744,-5.501803557078044,33.0,8.0,75.0,300.0
background,Q9NQB0,U,False,False,,False,291,PTCHD4,846,2333c91bf1b25874be565cd0b93a36568e719a1c39c4207c0bc408954888d1b1,Q6ZW05,False,CTNNB1,781,1e713d035af00ae7ec7e42f80259ed46e06120d2d5c617d320c91de02ce4dd1d,P35222,additional_six,False,-3.009884834289551,-2.648539384206136,0.3160999119281769,-10.45870590209961,-11.812647819519043,-13.15750503540039,-11.809619585673014,420.0,438.0,431.0,441.0
background,Q9NQB0,U,False,False,,False,292,CDC25B,580,1a3474ddbf4ef768ae831b8e1b83b81e34760e2f3a101747a1e8c3a3921325b5,P30305,False,CTNNB1,781,1e713d035af00ae7ec7e42f80259ed46e06120d2d5c617d320c91de02ce4dd1d,P35222,additional_six,False,-0.9301077524820963,-0.1324185331662496,0.488008588552475,-5.678875923156738,-7.673457145690918,-6.709124565124512,-6.68715254465739,115.0,138.0,152.0,258.0
background,Q9NQB0,U,False,False,,False,293,ABTB1,478,b6c1180165210e8b71bfd8e071af04b7477e83a8fc78e0c298f06f816a958331,Q969K4,False,CTNNB1,781,1e713d035af00ae7ec7e42f80259ed46e06120d2d5c617d320c91de02ce4dd1d,P35222,additional_six,False,-0.16319077710310617,0.13575308521588644,0.48061367869377136,-6.083676338195801,-6.072491645812988,-5.377908706665039,-5.844692230224609,29.0,98.0,91.0,277.0
background,Q9NQB0,U,False,False,,False,294,USP17L6P,398,7ca071effa4747ec341da3ba9af668fc8b53ae2c5e890ea0431f1d278ea91750,Q6QN14,False,CTNNB1,781,1e713d035af00ae7ec7e42f80259ed46e06120d2d5c617d320c91de02ce4dd1d,P35222,additional_six,False,-1.0070083737373352,-0.1925458014011383,0.4973154664039612,-4.742063999176025,-9.514266014099121,-7.284998416900635,-7.180442810058594,138.0,147.0,198.0,239.0
background,Q9NQB0,U,False,False,,False,295,GPR137B,399,58208494de29935e6f86718f8d7e09e1a75f7d02424889b2360feb2e2ec36ed6,O60478,False,CTNNB1,781,1e713d035af00ae7ec7e42f80259ed46e06120d2d5c617d320c91de02ce4dd1d,P35222,additional_six,False,-2.6964663664499917,-1.795397122701009,0.3520163297653198,-12.63723373413086,-11.166075706481934,-9.973591804504395,-11.258967081705729,394.0,374.0,416.0,428.0
background,Q9NQB0,U,False,False,,False,296,SLC7A8,535,8e7d5c58ace5c0f2954b62dcba0e5b5656ef1216470e81bc22e471e54180a7d2,Q9UHI5,False,CTNNB1,781,1e713d035af00ae7ec7e42f80259ed46e06120d2d5c617d320c91de02ce4dd1d,P35222,additional_six,False,-1.8373005390167236,-0.6627952059110006,0.38628271222114563,-11.181333541870117,-11.64594841003418,-11.097247123718262,-11.308176358540853,282.0,209.0,418.0,399.0
background,Q9NQB0,U,False,False,,False,297,BICD2,824,988a945725044d41d174e27f96cd6a9ae446a167243c909eb2169df975dc9585,Q8TD16,False,CTNNB1,781,1e713d035af00ae7ec7e42f80259ed46e06120d2d5c617d320c91de02ce4dd1d,P35222,additional_six,False,-1.0513136982917786,-0.2148699387907982,0.3985251188278198,-5.387454986572266,-5.317259311676025,-5.378951549530029,-5.36122194925944,146.0,152.0,66.0,387.0
background,Q9NQB0,U,False,False,,False,298,PHACTR1,580,71faa2c022ba012b3c52436031448471b69831bf9de75aaecc535ec6670b38ea,Q9C0D0,False,CTNNB1,781,1e713d035af00ae7ec7e42f80259ed46e06120d2d5c617d320c91de02ce4dd1d,P35222,additional_six,False,-1.2311607003211975,-0.9235712885856628,0.6222177743911743,-6.943897247314453,-6.803587913513184,-6.531365871429443,-6.75961701075236,174.0,264.0,162.0,28.0
background,Q9NQB0,U,False,False,,False,299,SRGAP1,1085,6464477cb708769e6dcc50b46c5f8dbb64b5fc4aeed024b3ce8b8f01c358e1ac,Q7Z6B7,False,CTNNB1,781,1e713d035af00ae7ec7e42f80259ed46e06120d2d5c617d320c91de02ce4dd1d,P35222,additional_six,False,-1.5366758108139038,-1.237788697083791,0.47492414712905884,-5.994940757751465,-6.870194435119629,-4.739545822143555,-5.868227005004883,231.0,308.0,92.0,287.0
background,Q9NQB0,U,False,False,,False,300,FOXL1,345,3a6860c45b5a93e52122eb418efddbb5d3651dc68435a7ba50eaf1d207f1596f,Q12952,False,CTNNB1,781,1e713d035af00ae7ec7e42f80259ed46e06120d2d5c617d320c91de02ce4dd1d,P35222,additional_six,False,-0.03471412261327108,0.8585726022720337,0.5934832692146301,-5.590207099914551,-5.443533897399902,-4.998891353607178,-5.344210783640544,23.0,31.0,64.0,59.0
background,Q9NQB0,U,False,False,,False,301,GTPBP1,669,a057ad479cadabbe0557daa0e855773276a898d5bd0706525a7cd289e40f94d2,O00178,False,CTNNB1,781,1e713d035af00ae7ec7e42f80259ed46e06120d2d5c617d320c91de02ce4dd1d,P35222,additional_six,False,-1.803786079088847,-0.4231485476096471,0.5605527758598328,-8.213031768798828,-9.690197944641113,-5.8052778244018555,-7.902835845947266,277.0,176.0,257.0,115.0
background,Q9NQB0,U,False,False,,False,302,DGCR8,773,404b4e7b1d0ed17cd02850d67a59d3574c9a4cd962d7faa23a4b2b15937f5c5c,Q8WYQ5,False,CTNNB1,781,1e713d035af00ae7ec7e42f80259ed46e06120d2d5c617d320c91de02ce4dd1d,P35222,additional_six,False,-1.3315972487131755,-0.27232975761095685,0.4875730872154236,-7.169495582580566,-9.178466796875,-5.904954433441162,-7.417638937632243,194.0,154.0,218.0,259.0
background,Q9NQB0,U,False,False,,False,303,HCAR1,346,c32755f7cf88545d4870f6e97465dd635accb79c823f0af7137a9cc06d190015,Q9BXC0,False,CTNNB1,781,1e713d035af00ae7ec7e42f80259ed46e06120d2d5c617d320c91de02ce4dd1d,P35222,additional_six,False,-1.7193835973739624,-2.0716284910837808,0.47466132044792175,-9.647583961486816,-9.471831321716309,-6.540527820587158,-8.553314367930094,263.0,400.0,301.0,288.0
low_plausibility,P12830,U,False,False,A_compartment_separation,False,304,MASP2,686,fefaeffff4711a283120fd15ffc328be87843f3dce76b8c55b8359649abd7339,O00187,False,CTNNB1,781,1e713d035af00ae7ec7e42f80259ed46e06120d2d5c617d320c91de02ce4dd1d,P35222,additional_six,False,-2.8290981451670327,-1.7561583320299785,0.5393809080123901,-8.814260482788086,-10.091476440429688,-6.47385835647583,-8.459865093231201,406.0,364.0,292.0,148.0
low_plausibility,P12830,U,False,False,A_compartment_separation,False,305,PLOD3,738,6b58a1f57869f3cfba8c0c782c944798a38fba9c8eac19a5bf343290ef510aa6,O60568,False,CTNNB1,781,1e713d035af00ae7ec7e42f80259ed46e06120d2d5c617d320c91de02ce4dd1d,P35222,additional_six,False,-1.7423558235168457,-1.5568612217903137,0.6262179017066956,-4.707879066467285,-6.673294544219971,-4.960266590118408,-5.447146733601888,268.0,343.0,68.0,25.0
low_plausibility,P12830,U,False,False,A_compartment_separation,False,306,ANGPTL1,491,6b0a971674c8cdab9bed4c0ed30da3d219941c784a0b7c110e088998924f3ff7,O95841,False,CTNNB1,781,1e713d035af00ae7ec7e42f80259ed46e06120d2d5c617d320c91de02ce4dd1d,P35222,additional_six,False,-2.7160019874572754,-1.628094752629598,0.5991438627243042,-7.625707149505615,-6.843639850616455,-7.736855983734131,-7.4020676612854,395.0,349.0,217.0,50.0
low_plausibility,P12830,U,False,False,A_compartment_separation,False,307,C1R,705,b7d077e9b979634a93982bfc6b09cbe38f6e0636d9928f723122bdf256378f00,P00736,False,CTNNB1,781,1e713d035af00ae7ec7e42f80259ed46e06120d2d5c617d320c91de02ce4dd1d,P35222,additional_six,False,-3.012633800506592,-1.717577576637268,0.5171073079109192,-9.190195083618164,-10.772953033447266,-8.303796768188477,-9.422314961751303,421.0,356.0,350.0,200.0
low_plausibility,P12830,U,False,False,A_compartment_separation,False,308,PLG,810,082ef6cfa8a9d5c17782cc036623a4c0ece915fc6a420e54678ff55dab70b98e,P00747,False,CTNNB1,781,1e713d035af00ae7ec7e42f80259ed46e06120d2d5c617d320c91de02ce4dd1d,P35222,additional_six,False,-4.147327740987142,-3.3989689350128174,0.5849611163139343,-8.512186050415039,-9.279441833496094,-10.752159118652344,-9.514595667521158,452.0,451.0,357.0,80.0
low_plausibility,P12830,U,False,False,A_compartment_separation,False,309,FGA,866,362bf6ebe743cfe811ff6103080de178056d12a40c36f68e2e7354ac32d1ab3e,P02671,False,CTNNB1,781,1e713d035af00ae7ec7e42f80259ed46e06120d2d5c617d320c91de02ce4dd1d,P35222,additional_six,False,-0.8439543048540751,1.175108144680659,0.5731600522994995,-8.431794166564941,-7.495408535003662,-7.361263275146484,-7.762821992238362,99.0,17.0,244.0,96.0
low_plausibility,P12830,U,False,False,A_compartment_separation,False,310,PROC,461,cf852057f4453227cc5a715f361fef11505f87941d0aa224877a55db7699a0fe,P04070,False,CTNNB1,781,1e713d035af00ae7ec7e42f80259ed46e06120d2d5c617d320c91de02ce4dd1d,P35222,additional_six,False,-3.40986434618632,-2.216938773790995,0.5698798894882202,-10.674055099487305,-10.099021911621094,-8.413508415222168,-9.728861808776855,441.0,411.0,372.0,102.0
low_plausibility,P12830,U,False,False,A_compartment_separation,False,311,CHGB,677,56dced04f2fb041f430febf8397b85560de14882981f70d98ca43dffd4ab653d,P05060,False,CTNNB1,781,1e713d035af00ae7ec7e42f80259ed46e06120d2d5c617d320c91de02ce4dd1d,P35222,additional_six,False,0.05239509791135788,-0.20602867007255554,0.47097039222717285,-6.11414909362793,-7.653165817260742,-5.371201992034912,-6.379505634307861,18.0,149.0,132.0,296.0
low_plausibility,P12830,U,False,False,A_compartment_separation,False,312,SERPING1,500,c91d27d3352cd8619fffbd14d6583fb82e0a648bc8d24aff72e964c392da2589,P05155,False,CTNNB1,781,1e713d035af00ae7ec7e42f80259ed46e06120d2d5c617d320c91de02ce4dd1d,P35222,additional_six,False,-2.58059295018514,-0.9237844248612722,0.4929455816745758,-9.812423706054688,-10.86265754699707,-9.569940567016602,-10.081673940022787,383.0,265.0,383.0,249.0
low_plausibility,P12830,U,False,False,A_compartment_separation,False,313,CFI,583,6223f0030719fea346ff18df53bfd9a07b9cbdc7658f49f9f725c06b7353b7c4,P05156,False,CTNNB1,781,1e713d035af00ae7ec7e42f80259ed46e06120d2d5c617d320c91de02ce4dd1d,P35222,additional_six,False,-2.9676188627878823,-1.3639207482337952,0.521994411945343,-13.034627914428711,-11.559259414672852,-9.840067863464355,-11.477985064188639,412.0,317.0,421.0,187.0
low_plausibility,P12830,U,False,False,A_compartment_separation,False,314,PCCA,728,e1925b19e9e28979d4650e06a46d530e0cc8b868cbae13421a6e3eb6f1cef94b,P05165,False,CTNNB1,781,1e713d035af00ae7ec7e42f80259ed46e06120d2d5c617d320c91de02ce4dd1d,P35222,additional_six,False,-0.7879124879837036,-0.16432462135950723,0.448976993560791,-8.417102813720703,-10.123422622680664,-9.956932067871094,-9.499152501424154,95.0,142.0,354.0,339.0
low_plausibility,P12830,U,False,False,A_compartment_separation,False,315,C2,752,914bb196cd912f959039747232e7587caacbd6ba9f0109e876a5489a7e388b6e,P06681,False,CTNNB1,781,1e713d035af00ae7ec7e42f80259ed46e06120d2d5c617d320c91de02ce4dd1d,P35222,additional_six,False,-3.243034283320109,-2.359147310256958,0.5720297694206238,-11.757250785827637,-13.653444290161133,-8.38634967803955,-11.265681584676107,435.0,418.0,417.0,100.0
low_plausibility,P12830,U,False,False,A_compartment_separation,False,316,PSAP,524,9f4744441296531123afbfea39bab849c1446c9d4bc00836617938372c8449fa,P07602,False,CTNNB1,781,1e713d035af00ae7ec7e42f80259ed46e06120d2d5c617d320c91de02ce4dd1d,P35222,additional_six,False,-0.4834326108296712,-0.035364737113316856,0.4036766290664673,-12.597660064697266,-8.813507080078125,-11.104567527770996,-10.838578224182129,55.0,123.0,407.0,380.0
low_plausibility,P12830,U,False,False,A_compartment_separation,False,317,LIPC,499,70ef1ae8ca11b378b5a3d0168b3fb0451bdc1572cd51691425647b2837976298,P11150,False,CTNNB1,781,1e713d035af00ae7ec7e42f80259ed46e06120d2d5c617d320c91de02ce4dd1d,P35222,additional_six,False,-2.2279771169026694,-2.1790302197138467,0.5165054202079773,-13.893397331237793,-11.081372261047363,-11.692148208618164,-12.22230593363444,342.0,408.0,445.0,203.0
low_plausibility,P12830,U,False,False,A_compartment_separation,False,318,CETP,493,bd8e45b1aef9315c01c2eb13419bf370f4ed06c8b8e7d209cbb101abec31b070,P11597,False,CTNNB1,781,1e713d035af00ae7ec7e42f80259ed46e06120d2d5c617d320c91de02ce4dd1d,P35222,additional_six,False,-2.2126107613245645,-1.5049913326899211,0.3898058533668518,-11.596552848815918,-9.02747631072998,-8.21379280090332,-9.61260732014974,338.0,338.0,362.0,396.0
low_plausibility,P12830,U,False,False,A_compartment_separation,False,319,PDIA4,645,1472bfb4221c016f5ebb6e6dc7805c7150cf0d85ffe213f10d40efa763d08784,P13667,False,CTNNB1,781,1e713d035af00ae7ec7e42f80259ed46e06120d2d5c617d320c91de02ce4dd1d,P35222,additional_six,False,-0.36938681205113727,-0.6940144300460815,0.4097926616668701,-8.885117530822754,-9.924616813659668,-9.904823303222656,-9.571519215901693,44.0,215.0,359.0,374.0
low_plausibility,P12830,U,False,False,A_compartment_separation,False,320,HSP90B1,803,b4dde59d09a72762757501a659d62a606d41edfe4669447bd0f8030fd7f8497e,P14625,False,CTNNB1,781,1e713d035af00ae7ec7e42f80259ed46e06120d2d5c617d320c91de02ce4dd1d,P35222,additional_six,False,-1.1962938507397969,-1.3788400292396545,0.46500977873802185,-9.880664825439453,-11.591161727905273,-7.559489727020264,-9.67710542678833,168.0,321.0,366.0,313.0
low_plausibility,P12830,U,False,False,A_compartment_separation,False,321,CEL,753,25b1dff52f51dbb2e8b6dea423ed80669d661c78d41cb407f23bfcae8719a043,P19835,False,CTNNB1,781,1e713d035af00ae7ec7e42f80259ed46e06120d2d5c617d320c91de02ce4dd1d,P35222,additional_six,False,-1.5233560005823772,-0.7165619134902954,0.5565672516822815,-11.094696044921875,-13.038442611694336,-12.408540725708008,-12.180559794108072,227.0,222.0,444.0,123.0
low_plausibility,P12830,U,False,False,A_compartment_separation,False,322,ME2,584,dffbbceb24bea44416738783c406867e8915cf127752020f901087dd73b03a1e,P23368,False,CTNNB1,781,1e713d035af00ae7ec7e42f80259ed46e06120d2d5c617d320c91de02ce4dd1d,P35222,additional_six,False,-0.5300876100858053,-0.6554781099160513,0.40840476751327515,-9.702817916870117,-7.888790130615234,-6.1563944816589355,-7.916000843048096,60.0,207.0,259.0,377.0
low_plausibility,P12830,U,False,False,A_compartment_separation,False,323,GLUD2,558,ec5dd7e86d5d8da1f5cd0cb283a4f44f0b58223bbe18dc45acf32247cd745607,P49448,False,CTNNB1,781,1e713d035af00ae7ec7e42f80259ed46e06120d2d5c617d320c91de02ce4dd1d,P35222,additional_six,False,-0.4158647656440735,0.016225943962732952,0.3642590641975403,-5.95237922668457,-9.46294116973877,-4.714367866516113,-6.709896087646484,50.0,115.0,154.0,419.0
low_plausibility,P12830,U,False,False,A_compartment_separation,False,324,COMP,757,4549de095fdfbd1297cd2e2847752aba105b27b202eb5088582e46a6662d7ead,P49747,False,CTNNB1,781,1e713d035af00ae7ec7e42f80259ed46e06120d2d5c617d320c91de02ce4dd1d,P35222,additional_six,False,-1.5750993490219116,-0.3434545397758484,0.5169766545295715,-6.511877536773682,-7.149491786956787,-6.290809631347656,-6.650726318359375,235.0,165.0,149.0,201.0
low_plausibility,P12830,U,False,False,A_compartment_separation,False,325,PNLIPRP1,467,13ccfaaaead32aff5168a8df2c993694c11e52cece2b1ed340871a7a7dd0bc93,P54315,False,CTNNB1,781,1e713d035af00ae7ec7e42f80259ed46e06120d2d5c617d320c91de02ce4dd1d,P35222,additional_six,False,-2.5008583863576255,-1.5253230730692546,0.5120601058006287,-13.214776039123535,-13.538695335388184,-11.923270225524902,-12.892247200012207,376.0,340.0,448.0,210.0
low_plausibility,P12830,U,False,False,A_compartment_separation,False,326,ALDH18A1,795,f46d6014a3ba04198e71b17c8e75ffcc2ea087955503f9b4be359fdcf8b569b1,P54886,False,CTNNB1,781,1e713d035af00ae7ec7e42f80259ed46e06120d2d5c617d320c91de02ce4dd1d,P35222,additional_six,False,-1.5881006717681885,-1.1995954513549805,0.47122707962989807,-7.6140923500061035,-13.955623626708984,-6.926104545593262,-9.49860684076945,237.0,301.0,353.0,294.0
low_plausibility,P12830,U,False,False,A_compartment_separation,False,327,GPLD1,840,dec71ab33eb3c59f9d91cb8e3d930c163d6aa89d5b2d723c92e4be38c07338e5,P80108,False,CTNNB1,781,1e713d035af00ae7ec7e42f80259ed46e06120d2d5c617d320c91de02ce4dd1d,P35222,additional_six,False,-2.1975866556167603,-1.8051270246505737,0.5389822721481323,-9.368013381958008,-9.1832857131958,-9.067792892456055,-9.206363995869955,336.0,375.0,331.0,150.0
low_plausibility,P12830,U,False,False,A_compartment_separation,False,328,LGALS3BP,585,3a59abed5ecc409100870d1be3d9c82bed9cb1cc411ca91c1e7c3f767010db95,Q08380,False,CTNNB1,781,1e713d035af00ae7ec7e42f80259ed46e06120d2d5c617d320c91de02ce4dd1d,P35222,additional_six,False,-1.4497388203938801,-0.010154575109481812,0.5274853110313416,-9.300271034240723,-9.268187522888184,-6.72761869430542,-8.43202575047811,214.0,120.0,291.0,174.0
low_plausibility,P12830,U,False,False,A_compartment_separation,False,329,PMPCA,525,12c8c75db3a2d70eefe56ffadf80b9b611c72b0a3d99091c96c2f0506005edc1,Q10713,False,CTNNB1,781,1e713d035af00ae7ec7e42f80259ed46e06120d2d5c617d320c91de02ce4dd1d,P35222,additional_six,False,-1.3957654635111492,-0.7576413551966349,0.4007977843284607,-7.094236373901367,-5.39634895324707,-7.783974647521973,-6.75818665822347,202.0,234.0,161.0,382.0
low_plausibility,P12830,U,False,False,A_compartment_separation,False,330,TRAP1,704,b2721ad16dac1f7766710eec17b071ca9b7c39fe5f8eab14d43b26c83b43e3e0,Q12931,False,CTNNB1,781,1e713d035af00ae7ec7e42f80259ed46e06120d2d5c617d320c91de02ce4dd1d,P35222,additional_six,False,-1.2281512220700581,-0.7992154955863953,0.37263059616088867,-7.161996364593506,-10.557684898376465,-5.675683975219727,-7.7984550793965655,172.0,243.0,247.0,413.0
low_plausibility,P12830,U,False,False,A_compartment_separation,False,331,PLA2G7,441,c14a1285a61abbca445e7369adf981bd085e703ad3cecc8acb5499797b348e1c,Q13093,False,CTNNB1,781,1e713d035af00ae7ec7e42f80259ed46e06120d2d5c617d320c91de02ce4dd1d,P35222,additional_six,False,-2.26252011458079,-2.1529860893885293,0.4663430154323578,-9.60865306854248,-10.650745391845703,-12.243319511413574,-10.83423932393392,347.0,406.0,406.0,311.0
low_plausibility,P12830,U,False,False,A_compartment_separation,False,332,OS9,667,c7c43fa5749cf303076c53690fa189d36161921f3269d3d989687c2d9e53b541,Q13438,False,CTNNB1,781,1e713d035af00ae7ec7e42f80259ed46e06120d2d5c617d320c91de02ce4dd1d,P35222,additional_six,False,-1.0478192965189617,-0.7212682465712229,0.4542795419692993,-8.936745643615723,-9.397878646850586,-5.5385260581970215,-7.957716782887776,143.0,224.0,264.0,333.0
low_plausibility,P12830,U,False,False,A_compartment_separation,False,333,HABP2,560,bb40432da7775c11d1791393c2b9ba5ed1ee59279bfaf1df8aa3774702cb804d,Q14520,False,CTNNB1,781,1e713d035af00ae7ec7e42f80259ed46e06120d2d5c617d320c91de02ce4dd1d,P35222,additional_six,False,-2.970470587412516,-1.8149221738179524,0.5558450818061829,-12.342926025390625,-8.438430786132812,-8.331098556518555,-9.70415178934733,414.0,376.0,369.0,126.0
low_plausibility,P12830,U,False,False,A_compartment_separation,False,334,POSTN,836,6c230cb8c4ae059f029325ffc381165d8c139514cf8b52de944d8536db9e11c3,Q15063,False,CTNNB1,781,1e713d035af00ae7ec7e42f80259ed46e06120d2d5c617d320c91de02ce4dd1d,P35222,additional_six,False,-0.8585526545842489,-0.5195461710294088,0.5984153151512146,-13.341155052185059,-9.903438568115234,-8.071983337402344,-10.438858985900879,102.0,189.0,394.0,54.0
low_plausibility,P12830,U,False,False,A_compartment_separation,False,335,TGFBI,683,558918d2748d01d3917aaaf71a93443bb63504adbefe685160b004e0dc4ff039,Q15582,False,CTNNB1,781,1e713d035af00ae7ec7e42f80259ed46e06120d2d5c617d320c91de02ce4dd1d,P35222,additional_six,False,-1.7603183190027873,-1.480524202187856,0.632432222366333,-12.355353355407715,-10.715588569641113,-7.618627071380615,-10.229856332143148,270.0,333.0,388.0,20.0
low_plausibility,P12830,U,False,False,A_compartment_separation,False,336,PRSS53,553,1f9d424a9c45b643d038f0305401a8ca574d4be45e851342d4dbe1eef820f623,Q2L4Q9,False,CTNNB1,781,1e713d035af00ae7ec7e42f80259ed46e06120d2d5c617d320c91de02ce4dd1d,P35222,additional_six,False,-1.4990096886952717,-0.8437337478001913,0.583406388759613,-7.793850421905518,-7.673744201660156,-7.0018229484558105,-7.489805857340495,223.0,251.0,225.0,82.0
low_plausibility,P12830,U,False,False,A_compartment_separation,False,337,ACSM3,586,0b00363cb3fabfbcbc6d6b192ab32e1af2b5d543c8439f69489bb961679370dd,Q53FZ2,False,CTNNB1,781,1e713d035af00ae7ec7e42f80259ed46e06120d2d5c617d320c91de02ce4dd1d,P35222,additional_six,False,-1.729824423789978,-1.2851002116998036,0.4698410630226135,-8.595529556274414,-10.07217025756836,-8.839422225952148,-9.16904067993164,265.0,312.0,330.0,302.0
low_plausibility,P12830,U,False,False,A_compartment_separation,False,338,PRSS36,855,1d81c907c73bcb5906672d14c5415c8ad99f9bb20fe0d9e8acc449b039bf9bec,Q5K4E3,False,CTNNB1,781,1e713d035af00ae7ec7e42f80259ed46e06120d2d5c617d320c91de02ce4dd1d,P35222,additional_six,False,-1.5363828738530476,-0.6533077359199524,0.5755167603492737,-7.326453685760498,-4.557625770568848,-6.88524055480957,-6.256440003712972,230.0,206.0,121.0,93.0
low_plausibility,P12830,U,False,False,A_compartment_separation,False,339,PDE12,609,e40d28019e337fa1e6dec9a302632599b309568407ca51fbd1e84a711c7a7c06,Q6L8Q7,False,CTNNB1,781,1e713d035af00ae7ec7e42f80259ed46e06120d2d5c617d320c91de02ce4dd1d,P35222,additional_six,False,-0.6791743437449137,0.027673025925954182,0.6131722927093506,-11.077520370483398,-10.156513214111328,-4.313387870788574,-8.515807151794434,75.0,114.0,296.0,35.0
low_plausibility,P12830,U,False,False,A_compartment_separation,False,340,CHADL,762,135a424f544fa68a319bb05cd90d9ca38dafedea82c85916f8904540a549823b,Q6NUI6,False,CTNNB1,781,1e713d035af00ae7ec7e42f80259ed46e06120d2d5c617d320c91de02ce4dd1d,P35222,additional_six,False,-2.1364631255467734,-0.9900013407071432,0.5887585282325745,-6.812479496002197,-10.351177215576172,-6.760731220245361,-7.974795977274577,331.0,275.0,266.0,70.0
low_plausibility,P12830,U,False,False,A_compartment_separation,False,341,ADAMTSL5,481,49d2bcd69d651fc4d5c779c770f67a4c2e75a8da4eae6da26e94574214657de4,Q6ZMM2,False,CTNNB1,781,1e713d035af00ae7ec7e42f80259ed46e06120d2d5c617d320c91de02ce4dd1d,P35222,additional_six,False,-1.1141762733459473,0.7851894895235697,0.5481054186820984,-5.91990327835083,-7.186707496643066,-4.381722450256348,-5.829444408416748,157.0,41.0,89.0,136.0
low_plausibility,P12830,U,False,False,A_compartment_separation,False,342,FOXRED2,684,50a1ead3db5d792f21502e8f254cf00d3ebf7598ff49044aaf2db5ca1f3f6381,Q8IWF2,False,CTNNB1,781,1e713d035af00ae7ec7e42f80259ed46e06120d2d5c617d320c91de02ce4dd1d,P35222,additional_six,False,-3.151135285695394,-2.025457183519999,0.42771992087364197,-6.967430591583252,-9.463208198547363,-8.527090072631836,-8.31924295425415,426.0,396.0,286.0,365.0
low_plausibility,P12830,U,False,False,A_compartment_separation,False,343,SULF2,870,feb4066144098bba1a571e1a440ceef4bceb7715ed076bcb0ee3d61ec3a1c25c,Q8IWU5,False,CTNNB1,781,1e713d035af00ae7ec7e42f80259ed46e06120d2d5c617d320c91de02ce4dd1d,P35222,additional_six,False,-2.692652781804403,-1.5885133941968281,0.5863003134727478,-6.221700668334961,-10.273882865905762,-8.037674903869629,-8.177752812703451,393.0,347.0,281.0,74.0
low_plausibility,P12830,U,False,False,A_compartment_separation,False,344,DNAJC10,793,b16e108c090a287e3a29f452b129e0ea8262ac2b9aaf2e52493e3548eaf31741,Q8IXB1,False,CTNNB1,781,1e713d035af00ae7ec7e42f80259ed46e06120d2d5c617d320c91de02ce4dd1d,P35222,additional_six,False,-0.4322587052981059,-1.2386322021484375,0.4004007875919342,-6.365477085113525,-9.23210620880127,-8.333568572998047,-7.97705062230428,51.0,309.0,267.0,383.0
low_plausibility,P12830,U,False,False,A_compartment_separation,False,345,BMPER,685,a1c65c47cc2e378305e3d57cca578287af8ec04680ec8c4033a3d95ad1a3ba25,Q8N8U9,False,CTNNB1,781,1e713d035af00ae7ec7e42f80259ed46e06120d2d5c617d320c91de02ce4dd1d,P35222,additional_six,False,-2.290930906931559,-1.5291625658671062,0.43492910265922546,-7.970901012420654,-9.628523826599121,-6.999166488647461,-8.199530442555746,349.0,341.0,283.0,357.0
low_plausibility,P12830,U,False,False,A_compartment_separation,False,346,COLGALT1,622,453b958bb2a141ec6b679b59f46f5be7de535e55909b55918a8a66c684791f0d,Q8NBJ5,False,CTNNB1,781,1e713d035af00ae7ec7e42f80259ed46e06120d2d5c617d320c91de02ce4dd1d,P35222,additional_six,False,-2.23395836353302,-1.9199611345926921,0.5492481589317322,-10.81970500946045,-7.997924327850342,-4.727762222290039,-7.848463853200276,344.0,387.0,249.0,134.0
low_plausibility,P12830,U,False,False,A_compartment_separation,False,347,NDNF,568,c104d47b5f3b6894139103843b997b17da7041b2520d2290bf5b6c08b6ac114a,Q8TB73,False,CTNNB1,781,1e713d035af00ae7ec7e42f80259ed46e06120d2d5c617d320c91de02ce4dd1d,P35222,additional_six,False,-2.7306509812672934,-1.7369563778241475,0.44693076610565186,-8.512377738952637,-10.072278022766113,-7.844791889190674,-8.809815883636475,396.0,361.0,314.0,343.0
low_plausibility,P12830,U,False,False,A_compartment_separation,False,348,MCCC1,725,8a509bc687cccc7cbf5195d15d0a4b4a12c3f17858613035445a44861e65c16b,Q96RQ3,False,CTNNB1,781,1e713d035af00ae7ec7e42f80259ed46e06120d2d5c617d320c91de02ce4dd1d,P35222,additional_six,False,-0.8295406301816305,-0.12840427085757256,0.5248537659645081,-9.733787536621094,-10.795990943908691,-9.202610969543457,-9.910796483357748,98.0,137.0,376.0,178.0
low_plausibility,P12830,U,False,False,A_compartment_separation,False,349,TWNK,684,807500cdb20a47efa0adee4386f1d1cc8c1aa8195949da824548c4f75bfe9192,Q96RR1,False,CTNNB1,781,1e713d035af00ae7ec7e42f80259ed46e06120d2d5c617d320c91de02ce4dd1d,P35222,additional_six,False,-2.1541017293930054,-0.9979638655980428,0.46952489018440247,-6.408886432647705,-9.809279441833496,-7.419788360595703,-7.879318078358968,333.0,276.0,252.0,304.0
low_plausibility,P12830,U,False,False,A_compartment_separation,False,350,EDEM2,578,2cf2a4044a6277ee097dd26c52032c4efce1a2704bf893755fd71b835b799d5e,Q9BV94,False,CTNNB1,781,1e713d035af00ae7ec7e42f80259ed46e06120d2d5c617d320c91de02ce4dd1d,P35222,additional_six,False,-2.328120787938436,-1.6354436874389648,0.44007623195648193,-8.788726806640625,-8.333002090454102,-9.909233093261719,-9.010320663452148,358.0,350.0,322.0,350.0
low_plausibility,P12830,U,False,False,A_compartment_separation,False,351,ACSS3,686,1484a2d4bcc09ce5dfafd34082e8b83952cd7a31471d8557856468770cfd9a73,Q9H6R3,False,CTNNB1,781,1e713d035af00ae7ec7e42f80259ed46e06120d2d5c617d320c91de02ce4dd1d,P35222,additional_six,False,-0.8643541932106018,0.08077210187911987,0.37872520089149475,-9.672492027282715,-10.367942810058594,-7.927185535430908,-9.322540124257406,104.0,108.0,341.0,409.0
low_plausibility,P12830,U,False,False,A_compartment_separation,False,352,ACSS1,689,88b4568a46d107dfaf7ad78618380d21217cbfbec5e23a4914a97de3259cffab,Q9NUB1,False,CTNNB1,781,1e713d035af00ae7ec7e42f80259ed46e06120d2d5c617d320c91de02ce4dd1d,P35222,additional_six,False,-0.8689551750818888,0.3555884559949239,0.2763875722885132,-10.029178619384766,-11.039556503295898,-6.748112678527832,-9.272282600402832,106.0,77.0,335.0,448.0
low_plausibility,P12830,U,False,False,A_compartment_separation,False,353,C1RL,487,e50c99cd74cae31bef20f60d51366e0e557ca3b42c6019f3ab2144d1ccbe34cf,Q9NZP8,False,CTNNB1,781,1e713d035af00ae7ec7e42f80259ed46e06120d2d5c617d320c91de02ce4dd1d,P35222,additional_six,False,-2.77239982287089,-1.9902690649032593,0.5144456624984741,-6.889017105102539,-8.844152450561523,-8.665542602539062,-8.132904052734375,402.0,392.0,279.0,208.0
low_plausibility,P35221,U,False,False,A_compartment_separation,False,354,A2ML1,1454,e302d6ce0e1ee9a52353992462f9976b74ab9e403d7d8aef41f9ed7d74d87e53,A8K2U0,False,CTNNB1,781,1e713d035af00ae7ec7e42f80259ed46e06120d2d5c617d320c91de02ce4dd1d,P35222,additional_six,False,-2.38789439201355,-2.2151184479395547,0.5363239645957947,-10.644441604614258,-10.863909721374512,-8.983122825622559,-10.163824717203775,369.0,410.0,384.0,154.0
low_plausibility,P35221,U,False,False,A_compartment_separation,False,355,NCAN,1321,d590831a39213f0be9d7094357ffd0d6595b2c25f9dec72d3e6277efd8b21aa3,O14594,False,CTNNB1,781,1e713d035af00ae7ec7e42f80259ed46e06120d2d5c617d320c91de02ce4dd1d,P35222,additional_six,False,-1.720813234647115,-0.42904941240946454,0.5463753342628479,-7.297334671020508,-8.824997901916504,-7.424403190612793,-7.8489119211832685,264.0,178.0,250.0,139.0
low_plausibility,P35221,U,False,False,A_compartment_separation,False,356,PTCD1,700,2aeb6c4ba67e02372d84051e544c30c77442c943a0802ae18184892e46403869,O75127,False,CTNNB1,781,1e713d035af00ae7ec7e42f80259ed46e06120d2d5c617d320c91de02ce4dd1d,P35222,additional_six,False,-0.015027803679307302,0.6607879002888998,0.3660641610622406,-5.760531425476074,-8.76213550567627,-4.747541904449463,-6.4234029452006025,21.0,54.0,136.0,417.0
low_plausibility,P35221,U,False,False,A_compartment_separation,False,357,CILP,1184,43aa80da15cf4f9e8bce188826e4749c4928075080e902b6cdcf552832ab1382,O75339,False,CTNNB1,781,1e713d035af00ae7ec7e42f80259ed46e06120d2d5c617d320c91de02ce4dd1d,P35222,additional_six,False,-1.9644303719202678,-0.44764811793963116,0.5718984603881836,-8.094012260437012,-9.727919578552246,-5.107983589172363,-7.64330514272054,301.0,180.0,235.0,101.0
low_plausibility,P35221,U,False,False,A_compartment_separation,False,358,SLIT2,1529,692c0d0821d7f871bf6860becf993ab273503fd480743195f4b9b3f0a85ee44f,O94813,False,CTNNB1,781,1e713d035af00ae7ec7e42f80259ed46e06120d2d5c617d320c91de02ce4dd1d,P35222,additional_six,False,-3.215158780415853,-2.28095813592275,0.6692246794700623,-9.349576950073242,-11.644109725952148,-6.331258296966553,-9.108314990997314,431.0,415.0,326.0,6.0
low_plausibility,P35221,U,False,False,A_compartment_separation,False,359,CP,1065,6d5f4d2b81edca18460753fd8954c47bab16a83c7486c5bdf10d4fcfa4c0b44a,P00450,False,CTNNB1,781,1e713d035af00ae7ec7e42f80259ed46e06120d2d5c617d320c91de02ce4dd1d,P35222,additional_six,False,-1.9711668491363525,0.12261511882146199,0.5623616576194763,-8.30654525756836,-9.158036231994629,-10.367745399475098,-9.27744229634603,304.0,102.0,337.0,110.0
low_plausibility,P35221,U,False,False,A_compartment_separation,False,360,F9,461,32f5d032de97ea22d5e46e0ad5aeeaf19f1b5f3636dc0424cee6bf92e6035a2a,P00740,False,CTNNB1,781,1e713d035af00ae7ec7e42f80259ed46e06120d2d5c617d320c91de02ce4dd1d,P35222,additional_six,False,-3.8975983460744223,-2.4001429080963135,0.5269961357116699,-9.644014358520508,-11.865325927734375,-9.23918628692627,-10.24950885772705,449.0,424.0,390.0,176.0
low_plausibility,P35221,U,False,False,A_compartment_separation,False,361,C3,1663,acb81aed23fd741ade0fd0b3aa26abe602ba3332f932ef310db5f4f08a27bdb2,P01024,False,CTNNB1,781,1e713d035af00ae7ec7e42f80259ed46e06120d2d5c617d320c91de02ce4dd1d,P35222,additional_six,False,-2.5786431630452475,-2.8586901823679605,0.5562846064567566,-10.090154647827148,-11.655182838439941,-8.947527885437012,-10.230955123901367,382.0,445.0,389.0,125.0
low_plausibility,P35221,U,False,False,A_compartment_separation,False,362,FGB,491,099d334605bfb4edb5cb85224874841ee1502ff1d065d464258abd2698c657c7,P02675,False,CTNNB1,781,1e713d035af00ae7ec7e42f80259ed46e06120d2d5c617d320c91de02ce4dd1d,P35222,additional_six,False,-1.9747541348139446,-0.6268943150838217,0.5183302760124207,-6.875387191772461,-10.028823852539062,-9.847600936889648,-8.91727066040039,307.0,202.0,318.0,196.0
low_plausibility,P35221,U,False,False,A_compartment_separation,False,363,GC,474,a77e64adbe95ab4db3e41df76c78ef988e636ea23f96b5367383d02bdaca0c35,P02774,False,CTNNB1,781,1e713d035af00ae7ec7e42f80259ed46e06120d2d5c617d320c91de02ce4dd1d,P35222,additional_six,False,-0.4049222717682521,0.07561568419138591,0.42949748039245605,-8.278067588806152,-8.738687515258789,-8.538208961486816,-8.51832135518392,48.0,109.0,298.0,363.0
low_plausibility,P35221,U,False,False,A_compartment_separation,False,364,VTN,478,fa82c2431840af63c35c9c394606b0bfac8fd97301adfde8ea7ca4c5f9a1a2a5,P04004,False,CTNNB1,781,1e713d035af00ae7ec7e42f80259ed46e06120d2d5c617d320c91de02ce4dd1d,P35222,additional_six,False,-1.571850577990214,-0.3907051583131154,0.5892460346221924,-10.971404075622559,-10.16843318939209,-11.038324356079102,-10.726053873697916,234.0,173.0,402.0,68.0
low_plausibility,P35221,U,False,False,A_compartment_separation,False,365,HRG,525,b7d948bfc73b642e631d6c5e30b09462cde0337f7d40467ecb70720035e836a0,P04196,False,CTNNB1,781,1e713d035af00ae7ec7e42f80259ed46e06120d2d5c617d320c91de02ce4dd1d,P35222,additional_six,False,-2.6664892037709556,-1.386234998703003,0.6103662848472595,-5.72703218460083,-4.437630653381348,-4.968095779418945,-5.044252872467041,391.0,322.0,51.0,39.0
low_plausibility,P35221,U,False,False,A_compartment_separation,False,366,F13B,661,dfdf0f2b8afd27e2de4984e5799b65947915a2fc6665547918b01c4c2f4bb8d3,P05160,False,CTNNB1,781,1e713d035af00ae7ec7e42f80259ed46e06120d2d5c617d320c91de02ce4dd1d,P35222,additional_six,False,-2.494222402572632,-1.565861741701762,0.49643853306770325,-7.195259094238281,-8.733797073364258,-3.0848276615142822,-6.3379612763722735,375.0,344.0,128.0,243.0
low_plausibility,P35221,U,False,False,A_compartment_separation,False,367,PC,1178,ae5e633eb3cabe8dbf3b340495fde5c56ceb28278abb93eb4f603efed96f7705,P11498,False,CTNNB1,781,1e713d035af00ae7ec7e42f80259ed46e06120d2d5c617d320c91de02ce4dd1d,P35222,additional_six,False,-0.3871369610230128,-0.582447350025177,0.4456930458545685,-8.043676376342773,-10.311566352844238,-7.4913530349731445,-8.615531921386719,46.0,194.0,308.0,344.0
low_plausibility,P35221,U,False,False,A_compartment_separation,False,368,BMP1,986,6e906a82640bd6e6b6402429d58baadb44ff7013d423ca206a553c62748c5f48,P13497,False,CTNNB1,781,1e713d035af00ae7ec7e42f80259ed46e06120d2d5c617d320c91de02ce4dd1d,P35222,additional_six,False,-3.5926034450531006,-2.452676773071289,0.5291036367416382,-10.103273391723633,-11.665144920349121,-10.5009183883667,-10.75644556681315,447.0,428.0,404.0,168.0
low_plausibility,P35221,U,False,False,A_compartment_separation,False,369,SMPD1,631,ffa986b1362e26290f31104710dde830132e1220d24e2a758ec7f30992dbf196,P17405,False,CTNNB1,781,1e713d035af00ae7ec7e42f80259ed46e06120d2d5c617d320c91de02ce4dd1d,P35222,additional_six,False,-1.943570653597514,-1.1621145804723103,0.5017841458320618,-10.290050506591797,-8.510010719299316,-8.591859817504883,-9.130640347798666,296.0,296.0,328.0,233.0
low_plausibility,P35221,U,False,False,A_compartment_separation,False,370,PDIA3,505,2246e027ea031edb3b93e1ea9ac0b693e9fcc25fe5a5d1b2ee7381119fad1162,P30101,False,CTNNB1,781,1e713d035af00ae7ec7e42f80259ed46e06120d2d5c617d320c91de02ce4dd1d,P35222,additional_six,False,-0.7972960472106934,-0.6364748279253641,0.3878289461135864,-6.485702037811279,-10.416956901550293,-7.015352725982666,-7.972670555114746,96.0,203.0,265.0,397.0
low_plausibility,P35221,U,False,False,A_compartment_separation,False,371,COL15A1,1388,5d58dc1d21a1096da4af0b2d965b5034ccefe78e7efe61a3898c720a1acd2d48,P39059,False,CTNNB1,781,1e713d035af00ae7ec7e42f80259ed46e06120d2d5c617d320c91de02ce4dd1d,P35222,additional_six,False,-1.9009567499160767,-1.2139046490192413,0.5576540231704712,-9.830483436584473,-8.317264556884766,-7.12941837310791,-8.425722122192383,289.0,304.0,289.0,120.0
low_plausibility,P35221,U,False,False,A_compartment_separation,False,372,POLG,1239,40a8fcc2747adaae4a57b350d596fa5441cac01465290831e30731ca0cd882f9,P54098,False,CTNNB1,781,1e713d035af00ae7ec7e42f80259ed46e06120d2d5c617d320c91de02ce4dd1d,P35222,additional_six,False,-1.4568480253219604,-0.4960789680480957,0.42959821224212646,-6.51326322555542,-9.591764450073242,-5.938346862792969,-7.34779151280721,217.0,186.0,208.0,362.0
low_plausibility,P35221,U,False,False,A_compartment_separation,False,373,ADAMTSL3,1691,804ad04cacd0c62108dec52ed697e7045a4c4958f4c329d8b712585dcbef60f1,P82987,False,CTNNB1,781,1e713d035af00ae7ec7e42f80259ed46e06120d2d5c617d320c91de02ce4dd1d,P35222,additional_six,False,-1.3889306783676147,-0.8533094823360443,0.4832305610179901,-7.242495059967041,-7.727451324462891,-7.817410469055176,-7.595785617828369,201.0,254.0,231.0,271.0
low_plausibility,P35221,U,False,False,A_compartment_separation,False,374,HGFAC,655,ac31bf5f0ecf82bc4a361efd78b100a53f99259b1379286c4326a1d2d7476aaf,Q04756,False,CTNNB1,781,1e713d035af00ae7ec7e42f80259ed46e06120d2d5c617d320c91de02ce4dd1d,P35222,additional_six,False,-2.3073054949442544,-0.6579242746035258,0.589207649230957,-9.99417781829834,-9.219671249389648,-7.558846473693848,-8.92423184712728,354.0,208.0,319.0,69.0
low_plausibility,P35221,U,False,False,A_compartment_separation,False,375,MMRN1,1228,dbaf6de802c8a3176c3a724f11840c1b0be0f61459f3b1607fafae62df1ccb41,Q13201,False,CTNNB1,781,1e713d035af00ae7ec7e42f80259ed46e06120d2d5c617d320c91de02ce4dd1d,P35222,additional_six,False,-1.6619165738423665,-0.7523167133331299,0.5688665509223938,-9.64273738861084,-8.669304847717285,-7.46910285949707,-8.593715031941732,254.0,233.0,307.0,106.0
low_plausibility,P35221,U,False,False,A_compartment_separation,False,376,PAPPA,1627,d0a4254dee583de46136595f1585f13dfc46dc8319eb2f70f13413134583b3da,Q13219,False,CTNNB1,781,1e713d035af00ae7ec7e42f80259ed46e06120d2d5c617d320c91de02ce4dd1d,P35222,additional_six,False,-2.92083477973938,-1.885876476764679,0.5348525643348694,-8.146787643432617,-9.286723136901855,-7.417085647583008,-8.28353214263916,410.0,382.0,285.0,160.0
low_plausibility,P35221,U,False,False,A_compartment_separation,False,377,TOP3A,1001,05359eaf519e7751089e7ef437e0e4c0ab074b6f1c83fcd6cc44f9e3001bb8c9,Q13472,False,CTNNB1,781,1e713d035af00ae7ec7e42f80259ed46e06120d2d5c617d320c91de02ce4dd1d,P35222,additional_six,False,-0.8464707533518473,-0.18198246757189432,0.5929706692695618,-4.872736930847168,-8.36495590209961,-2.727266550064087,-5.321653127670288,101.0,145.0,63.0,60.0
low_plausibility,P35221,U,False,False,A_compartment_separation,False,378,LTBP1,1721,252033e26f178f1869d658414e03cc94f58a0a4e907d625af681d473de6b3244,Q14766,False,CTNNB1,781,1e713d035af00ae7ec7e42f80259ed46e06120d2d5c617d320c91de02ce4dd1d,P35222,additional_six,False,-1.5072799523671467,0.29613858461380005,0.5461332201957703,-5.520794868469238,-8.706483840942383,-4.6043009757995605,-6.2771932284037275,225.0,86.0,122.0,140.0
low_plausibility,P35221,U,False,False,A_compartment_separation,False,379,PITRM1,1037,7392a50d8d4b4a9e635f9fe754241ac0ac19feea5a63b9cb04cb971d5cde4ed3,Q5JRX3,False,CTNNB1,781,1e713d035af00ae7ec7e42f80259ed46e06120d2d5c617d320c91de02ce4dd1d,P35222,additional_six,False,-1.9463611841201782,-0.9497247934341431,0.3510584831237793,-7.457955837249756,-10.353568077087402,-5.210024833679199,-7.673849582672119,298.0,270.0,239.0,429.0
low_plausibility,P35221,U,False,False,A_compartment_separation,False,380,THSD4,1018,8dd05b8d6ae4560749df1515148f19d0c07a70920e05ad90bcc4e92005f183fe,Q6ZMP0,False,CTNNB1,781,1e713d035af00ae7ec7e42f80259ed46e06120d2d5c617d320c91de02ce4dd1d,P35222,additional_six,False,-0.975130538145701,0.32541922728220624,0.5955975651741028,-7.327954292297363,-7.358054161071777,-5.22297477722168,-6.636327743530273,126.0,82.0,148.0,56.0
low_plausibility,P35221,U,False,False,A_compartment_separation,False,381,ADAMTS13,1427,20d8937a8f2450b612ad8a1c68c7ea02159f8d228ec3804a4e0c0cfc867e8563,Q76LX8,False,CTNNB1,781,1e713d035af00ae7ec7e42f80259ed46e06120d2d5c617d320c91de02ce4dd1d,P35222,additional_six,False,-1.1394764184951782,0.125216672817866,0.502861499786377,-3.624302864074707,-5.2420878410339355,-4.793413162231445,-4.553267955780029,160.0,100.0,29.0,231.0
low_plausibility,P35221,U,False,False,A_compartment_separation,False,382,FASTKD5,764,b45a655f94c3770aba259a38bf83cab8fa79e139e63b3631319b957627bbd406,Q7L8L6,False,CTNNB1,781,1e713d035af00ae7ec7e42f80259ed46e06120d2d5c617d320c91de02ce4dd1d,P35222,additional_six,False,-0.996934195359548,-0.5284707446893057,0.3814334571361542,-6.903788089752197,-6.867072105407715,-6.237525463104248,-6.669461886088054,133.0,190.0,151.0,405.0
low_plausibility,P35221,U,False,False,A_compartment_separation,False,383,LONP2,852,2bd935c4392c6e4a77297f8341768671cd58ec16c154e4c147de004a62ece4f7,Q86WA8,False,CTNNB1,781,1e713d035af00ae7ec7e42f80259ed46e06120d2d5c617d320c91de02ce4dd1d,P35222,additional_six,False,-0.7015679776668549,-0.3738502860069275,0.4772404432296753,-6.190133094787598,-8.64101505279541,-6.1177215576171875,-6.982956568400065,79.0,171.0,183.0,281.0
low_plausibility,P35221,U,False,False,A_compartment_separation,False,384,CILP2,1156,8280b240786a4adb2cd81064867349d087223ec7655426bd50fa00b01f1e4ba0,Q8IUL8,False,CTNNB1,781,1e713d035af00ae7ec7e42f80259ed46e06120d2d5c617d320c91de02ce4dd1d,P35222,additional_six,False,-2.0305312077204385,-0.7801577846209208,0.5195812582969666,-7.21751594543457,-7.627440929412842,-5.360299110412598,-6.735085328420003,316.0,240.0,157.0,192.0
low_plausibility,P35221,U,False,False,A_compartment_separation,False,385,SULF1,871,84a3caa48a518ad5b6a3b2bfab63f46672ad8b8fc03c155c6c804313f4cf7eed,Q8IWU6,False,CTNNB1,781,1e713d035af00ae7ec7e42f80259ed46e06120d2d5c617d320c91de02ce4dd1d,P35222,additional_six,False,-2.438044548034668,-1.5358256300290425,0.6196146011352539,-6.893904685974121,-9.015251159667969,-9.791486740112305,-8.566880861918131,371.0,342.0,304.0,29.0
low_plausibility,P35221,U,False,False,A_compartment_separation,False,386,LTBP4,1624,9687fafa859d3e8dbb5cd355332211fe98e802a883857824fb570c06f2d6a0d4,Q8N2S1,False,CTNNB1,781,1e713d035af00ae7ec7e42f80259ed46e06120d2d5c617d320c91de02ce4dd1d,P35222,additional_six,False,-0.5973166823387146,0.9656457503636678,0.6270195841789246,-4.3280415534973145,-8.28099536895752,-3.8033437728881836,-5.470793565114339,65.0,23.0,72.0,23.0
low_plausibility,P35221,U,False,False,A_compartment_separation,False,387,ADAMTSL1,1762,0ae671da69b873a05e0b174092c779c6d725469981a2751cccc76fda24df9b8d,Q8N6G6,False,CTNNB1,781,1e713d035af00ae7ec7e42f80259ed46e06120d2d5c617d320c91de02ce4dd1d,P35222,additional_six,False,-1.0659265120824177,-0.45081327358881634,0.45720338821411133,-7.221463680267334,-7.849029064178467,-8.769683837890625,-7.946725527445476,147.0,181.0,262.0,327.0
low_plausibility,P35221,U,False,False,A_compartment_separation,False,388,CIROZ,823,031e507cb7d5e3f9d662fca3d3273a4f152a7efcc23650b91e2eb927471e98c3,Q8N9H9,False,CTNNB1,781,1e713d035af00ae7ec7e42f80259ed46e06120d2d5c617d320c91de02ce4dd1d,P35222,additional_six,False,-2.3158605893452964,-0.3692633807659149,0.44308599829673767,-8.758112907409668,-6.348178386688232,-6.940316677093506,-7.348869323730469,356.0,168.0,209.0,347.0
low_plausibility,P35221,U,False,False,A_compartment_separation,False,389,SNED1,1413,3cae4d492cd0b6964fbdb15b2418fec7427e10ba947856a185c8ebc954b061f6,Q8TER0,False,CTNNB1,781,1e713d035af00ae7ec7e42f80259ed46e06120d2d5c617d320c91de02ce4dd1d,P35222,additional_six,False,-2.1792773405710855,-0.913310686747233,0.6171852350234985,-6.177102565765381,-9.051458358764648,-6.508015155792236,-7.245525360107422,335.0,260.0,201.0,31.0
low_plausibility,P35221,U,False,False,A_compartment_separation,False,390,PRG4,1404,a767a82e7ab1f42b6d3babcd9f3a09ef5ad9c7a0e2f1940a8f757db8a013a85f,Q92954,False,CTNNB1,781,1e713d035af00ae7ec7e42f80259ed46e06120d2d5c617d320c91de02ce4dd1d,P35222,additional_six,False,-1.9471671183904011,-1.343100517988205,0.5069090127944946,-10.575799942016602,-7.90520715713501,-7.6067280769348145,-8.695911725362143,299.0,316.0,311.0,222.0
low_plausibility,P35221,U,False,False,A_compartment_separation,False,391,TBRG4,631,b009aa84d6f48652cd55ea26c2014aab873efce6c4db6062af95d12f0a1feed8,Q969Z0,False,CTNNB1,781,1e713d035af00ae7ec7e42f80259ed46e06120d2d5c617d320c91de02ce4dd1d,P35222,additional_six,False,-0.7845199704170227,-0.3425840338071187,0.3733857274055481,-7.267800807952881,-9.136027336120605,-4.611415863037109,-7.005081335703532,93.0,164.0,184.0,412.0
low_plausibility,P35221,U,False,False,A_compartment_separation,False,392,ERO1A,468,d7e9f5b93bceb3ea7e6b5279702ecb4cadc764e9dfee2fb1496e393a53bfda0e,Q96HE7,False,CTNNB1,781,1e713d035af00ae7ec7e42f80259ed46e06120d2d5c617d320c91de02ce4dd1d,P35222,additional_six,False,-3.4507009983062744,-2.4079678853352866,0.3604475259780884,-5.909884452819824,-9.898285865783691,-8.155875205993652,-7.988015174865723,443.0,425.0,269.0,423.0
low_plausibility,P35221,U,False,False,A_compartment_separation,False,393,ADAMTS10,1103,d2b85a0c2c8549bca4330eaf34bf1b949ad3342b46a545585b0c32331a54e566,Q9H324,False,CTNNB1,781,1e713d035af00ae7ec7e42f80259ed46e06120d2d5c617d320c91de02ce4dd1d,P35222,additional_six,False,-1.8676731983820598,-0.49083511034647626,0.48919156193733215,-7.143130302429199,-8.29763126373291,-4.235008239746094,-6.558589935302734,285.0,184.0,141.0,256.0
low_plausibility,P35221,U,False,False,A_compartment_separation,False,394,MMRN2,949,13564d6d637d5f426525fc628d8fcd629ed302ce8cf4061d4a19ed9d5413de38,Q9H8L6,False,CTNNB1,781,1e713d035af00ae7ec7e42f80259ed46e06120d2d5c617d320c91de02ce4dd1d,P35222,additional_six,False,-1.1523723403612773,-0.8966637849807739,0.5902266502380371,-6.866203784942627,-8.82051944732666,-7.622525691986084,-7.769749641418457,161.0,257.0,245.0,67.0
low_plausibility,P35221,U,False,False,A_compartment_separation,False,395,MCCC2,563,2e804cfa42f61186588421ed5fc13e4592b6f4fba46eab30e2f67431c53b68a6,Q9HCC0,False,CTNNB1,781,1e713d035af00ae7ec7e42f80259ed46e06120d2d5c617d320c91de02ce4dd1d,P35222,additional_six,False,-2.492311954498291,-1.3978580633799236,0.39576470851898193,-6.695556163787842,-8.814909934997559,-6.490346431732178,-7.333604176839192,374.0,324.0,205.0,391.0
low_plausibility,P35221,U,False,False,A_compartment_separation,False,396,SCUBE2,999,17759bc825f0eeb25b471f5caa2deea098f553ea25f9d465486ceba5040733fa,Q9NQ36,False,CTNNB1,781,1e713d035af00ae7ec7e42f80259ed46e06120d2d5c617d320c91de02ce4dd1d,P35222,additional_six,False,-2.536104758580526,-1.180094321568807,0.5698220729827881,-6.557471752166748,-9.607166290283203,-6.243377685546875,-7.469338575998942,380.0,298.0,223.0,104.0
low_plausibility,P35221,U,False,False,A_compartment_separation,False,397,CRTAC1,661,f2baea8074dd65912451d0e3b119a3f6bfdfd6c40cbd681b7922e068fad94e0d,Q9NQ79,False,CTNNB1,781,1e713d035af00ae7ec7e42f80259ed46e06120d2d5c617d320c91de02ce4dd1d,P35222,additional_six,False,-3.098640044530233,-1.7872273524602253,0.5300117135047913,-10.254498481750488,-9.259352684020996,-8.17609977722168,-9.229983647664389,425.0,371.0,333.0,166.0
low_plausibility,P35221,U,False,False,A_compartment_separation,False,398,LTBP3,1303,482004ef2deec2da594e666cfbeeea94bf4683fee7856180618dbc62f1bbb7b9,Q9NS15,False,CTNNB1,781,1e713d035af00ae7ec7e42f80259ed46e06120d2d5c617d320c91de02ce4dd1d,P35222,additional_six,False,-1.668466607729594,-0.0675387183825175,0.605850100517273,-4.249009132385254,-8.578182220458984,-3.8967018127441406,-5.574631055196126,256.0,127.0,76.0,44.0
low_plausibility,P35221,U,False,False,A_compartment_separation,False,399,UGGT2,1516,66433203d87022b077e1833b26beed1f949c0a840afc73b0277fa58e51eaed1f,Q9NYU1,False,CTNNB1,781,1e713d035af00ae7ec7e42f80259ed46e06120d2d5c617d320c91de02ce4dd1d,P35222,additional_six,False,-1.6575162410736084,-1.135457992553711,0.41130200028419495,-9.182344436645508,-10.023310661315918,-9.5513916015625,-9.585682233174643,252.0,288.0,360.0,372.0
low_plausibility,P35221,U,False,False,A_compartment_separation,False,400,ADAMTS5,930,c7f982aa0afa168f06fb22ba0d66abd196aa829ba1086730aeea6a759cb9c485,Q9UNA0,False,CTNNB1,781,1e713d035af00ae7ec7e42f80259ed46e06120d2d5c617d320c91de02ce4dd1d,P35222,additional_six,False,-2.9698023001352944,-2.2781066497166953,0.43580561876296997,-11.386432647705078,-8.798383712768555,-7.714153289794922,-9.299656550089518,413.0,414.0,338.0,355.0
low_plausibility,P35221,U,False,False,A_compartment_separation,False,401,TNN,1299,81fd4bbf22336a8414c5d98e19bd9ed70919ceb2715e54d91ed15cd9c4b13283,Q9UQP3,False,CTNNB1,781,1e713d035af00ae7ec7e42f80259ed46e06120d2d5c617d320c91de02ce4dd1d,P35222,additional_six,False,-2.310722510019938,-1.841639796892802,0.6575014591217041,-9.067291259765625,-10.888968467712402,-7.550344944000244,-9.16886822382609,355.0,379.0,329.0,8.0
low_plausibility,P35221,U,False,False,A_compartment_separation,False,402,CPQ,472,5f9ab84868713a9b58bc4370a33d9e9f4f1f11c54e250c6cac2f0e47c174620a,Q9Y646,False,CTNNB1,781,1e713d035af00ae7ec7e42f80259ed46e06120d2d5c617d320c91de02ce4dd1d,P35222,additional_six,False,-0.6502968867619833,-1.126181383927663,0.486299604177475,-11.201454162597656,-11.935270309448242,-11.325210571289062,-11.487311681111654,71.0,285.0,422.0,265.0
low_plausibility,P35221,U,False,False,A_compartment_separation,False,403,EMILIN1,1016,35f44bbed022edbfb2da0b5ef8e9501e95094c8285bc724cee4da7959bc49d71,Q9Y6C2,False,CTNNB1,781,1e713d035af00ae7ec7e42f80259ed46e06120d2d5c617d320c91de02ce4dd1d,P35222,additional_six,False,-0.6334271629651388,0.27603747447331745,0.616813600063324,-7.861761093139648,-8.046614646911621,-4.789188385009766,-6.899188041687012,68.0,89.0,172.0,32.0
low_plausibility,Q9NQB0,U,False,False,A_compartment_separation,False,404,GREP1,536,d597bde492fb1c452c5f87dcbb17f3febf36aeef05da20f869a02303518b7109,A0A0J9YXV3,False,CTNNB1,781,1e713d035af00ae7ec7e42f80259ed46e06120d2d5c617d320c91de02ce4dd1d,P35222,additional_six,False,-1.3632406989733379,-0.030417342980702717,0.4985947906970978,-4.311582565307617,-5.971538066864014,-3.7594423294067383,-4.680854320526123,197.0,122.0,33.0,238.0
low_plausibility,Q9NQB0,U,False,False,A_compartment_separation,False,405,CLEC18A,446,aed31efa74da933ca75fc53eebe356eba6ab199785690552d2ceb8d91d9fc98b,A5D8T8,False,CTNNB1,781,1e713d035af00ae7ec7e42f80259ed46e06120d2d5c617d320c91de02ce4dd1d,P35222,additional_six,False,-2.994282086690267,-1.1421194871266682,0.5242962837219238,-10.17312240600586,-9.333796501159668,-6.273906707763672,-8.593608538309732,416.0,291.0,306.0,179.0
low_plausibility,Q9NQB0,U,False,False,A_compartment_separation,False,406,ANGPT2,496,58a48a0d320451b38184841de60f41194033cb4b89641febb164b02d417be368,O15123,False,CTNNB1,781,1e713d035af00ae7ec7e42f80259ed46e06120d2d5c617d320c91de02ce4dd1d,P35222,additional_six,False,-2.291349689165751,-1.4260246753692627,0.5453462600708008,-6.422743320465088,-10.03300952911377,-7.501377582550049,-7.985710144042969,350.0,327.0,268.0,141.0
low_plausibility,Q9NQB0,U,False,False,A_compartment_separation,False,407,COCH,550,329f0527f70d6733ae4a37066df68f85148893df557242ca0e8b07d354198378,O43405,False,CTNNB1,781,1e713d035af00ae7ec7e42f80259ed46e06120d2d5c617d320c91de02ce4dd1d,P35222,additional_six,False,-2.5845858256022134,-1.5776354869206746,0.5288298726081848,-7.546126842498779,-7.271363258361816,-7.221468925476074,-7.346319675445557,384.0,346.0,207.0,169.0
low_plausibility,Q9NQB0,U,False,False,A_compartment_separation,False,408,TIMM44,452,7aef5cbaaacc51a0180a88ea024da99990238a51150ee197e75061eff0d47944,O43615,False,CTNNB1,781,1e713d035af00ae7ec7e42f80259ed46e06120d2d5c617d320c91de02ce4dd1d,P35222,additional_six,False,-1.1861737569173176,-0.7181271215279897,0.20911091566085815,-8.046296119689941,-10.036858558654785,-9.022310256958008,-9.035154978434244,164.0,223.0,324.0,451.0
low_plausibility,Q9NQB0,U,False,False,A_compartment_separation,False,409,ENTPD5,428,d33925b23b50f2c6bbd4e2728f5206696a1be18270d54306ef44e01f8dd09fce,O75356,False,CTNNB1,781,1e713d035af00ae7ec7e42f80259ed46e06120d2d5c617d320c91de02ce4dd1d,P35222,additional_six,False,-1.4675034284591675,-1.2369222044944763,0.5282444357872009,-9.06204891204834,-10.57441234588623,-8.886260032653809,-9.507573763529459,220.0,307.0,356.0,171.0
low_plausibility,Q9NQB0,U,False,False,A_compartment_separation,False,410,PMPCB,489,348ed3496300355ed140270647c52b775421d1fef5e7a1cc17517b8f3747485e,O75439,False,CTNNB1,781,1e713d035af00ae7ec7e42f80259ed46e06120d2d5c617d320c91de02ce4dd1d,P35222,additional_six,False,-1.0877797603607178,-0.700793445110321,0.3981001675128937,-7.685359001159668,-6.316051006317139,-7.25002384185791,-7.083811283111572,150.0,218.0,188.0,388.0
low_plausibility,Q9NQB0,U,False,False,A_compartment_separation,False,411,CRLF1,422,17f310c97ed539a3f4ba9ac1dd474a8bea980fd224468e6cca39bb1a83b4644d,O75462,False,CTNNB1,781,1e713d035af00ae7ec7e42f80259ed46e06120d2d5c617d320c91de02ce4dd1d,P35222,additional_six,False,-3.18704883257548,-2.7029943466186523,0.5228756666183472,-9.471528053283691,-7.611289978027344,-6.116708755493164,-7.733175595601399,430.0,441.0,242.0,185.0
low_plausibility,Q9NQB0,U,False,False,A_compartment_separation,False,412,OTC,354,35d9672d82f6d9568b8af25ab5534caa47a1bdda9b27e554ad90f564f969cba4,P00480,False,CTNNB1,781,1e713d035af00ae7ec7e42f80259ed46e06120d2d5c617d320c91de02ce4dd1d,P35222,additional_six,False,-0.952659805615743,-1.1713192562262218,0.35546258091926575,-9.380724906921387,-10.497557640075684,-6.689393520355225,-8.855892022450766,121.0,297.0,316.0,425.0
low_plausibility,Q9NQB0,U,False,False,A_compartment_separation,False,413,PLAU,431,075cd160a22e392ad92776143a4af52ed1c6ac1e68ba82bc253ba8dd9daef9c1,P00749,False,CTNNB1,781,1e713d035af00ae7ec7e42f80259ed46e06120d2d5c617d320c91de02ce4dd1d,P35222,additional_six,False,-3.2273192405700684,-2.3106147845586142,0.5355788469314575,-9.275689125061035,-10.5288667678833,-9.696749687194824,-9.833768526713053,434.0,416.0,373.0,156.0
low_plausibility,Q9NQB0,U,False,False,A_compartment_separation,False,414,FGG,453,3c8245bf6fc04d67da24fd99d187901ad4e20438da5f53c8762e944b22fdb3ee,P02679,False,CTNNB1,781,1e713d035af00ae7ec7e42f80259ed46e06120d2d5c617d320c91de02ce4dd1d,P35222,additional_six,False,-2.741364081700643,-1.925851543744405,0.5623355507850647,-13.137510299682617,-8.216143608093262,-6.681668758392334,-9.345107555389404,398.0,388.0,342.0,111.0
low_plausibility,Q9NQB0,U,False,False,A_compartment_separation,False,415,BCHE,602,67540da68467479faeedb7ebcd6629f2494423b949be8f07de2c5dd364d133a9,P06276,False,CTNNB1,781,1e713d035af00ae7ec7e42f80259ed46e06120d2d5c617d320c91de02ce4dd1d,P35222,additional_six,False,-1.940049131711324,-1.7779062191645305,0.5916089415550232,-12.408570289611816,-13.169639587402344,-10.751933097839355,-12.110047658284506,295.0,368.0,441.0,64.0
low_plausibility,Q9NQB0,U,False,False,A_compartment_separation,False,416,INHBA,426,562562e7f9ae9e5c9484eeac2cf9b44ef429832c8e1e34d41086b86e91eef13e,P08476,False,CTNNB1,781,1e713d035af00ae7ec7e42f80259ed46e06120d2d5c617d320c91de02ce4dd1d,P35222,additional_six,False,-2.0794070959091187,-1.5703283945719402,0.4734688103199005,-7.3917365074157715,-9.170940399169922,-7.137027263641357,-7.899901390075684,324.0,345.0,256.0,289.0
low_plausibility,Q9NQB0,U,False,False,A_compartment_separation,False,417,F7,466,16e201eb49237f1092a05dc94a1cc131f78e10e8ba32e0f005076714062ff9e3,P08709,False,CTNNB1,781,1e713d035af00ae7ec7e42f80259ed46e06120d2d5c617d320c91de02ce4dd1d,P35222,additional_six,False,-3.2733726501464844,-1.751266856988271,0.5615226626396179,-9.92577838897705,-9.434847831726074,-9.787110328674316,-9.715912183125814,437.0,363.0,371.0,112.0
low_plausibility,Q9NQB0,U,False,False,A_compartment_separation,False,418,ACAA1,424,d98e27a79f6a1bfbb1abcd78c21d60147310994d2fb64082aed291246b4f80ad,P09110,False,CTNNB1,781,1e713d035af00ae7ec7e42f80259ed46e06120d2d5c617d320c91de02ce4dd1d,P35222,additional_six,False,-0.5345146159331003,-0.037895778814951576,0.3295096755027771,-7.950017929077148,-10.734905242919922,-8.971781730651855,-9.218901634216309,61.0,124.0,332.0,438.0
low_plausibility,Q9NQB0,U,False,False,A_compartment_separation,False,419,SPP1,314,7b95e3678367f3bff34ee42c83e8137ad9888f41e2af7334f6e4dea8c72455e3,P10451,False,CTNNB1,781,1e713d035af00ae7ec7e42f80259ed46e06120d2d5c617d320c91de02ce4dd1d,P35222,additional_six,False,-3.4366936683654785,-1.7921085357666016,0.4474911391735077,-10.769577026367188,-11.108661651611328,-9.470890998840332,-10.44970989227295,442.0,373.0,395.0,341.0
low_plausibility,Q9NQB0,U,False,False,A_compartment_separation,False,420,ETFA,333,0ce79f08f4e811d353e435bf5265c9905e940faa90ee2afe6191efaa276b3436,P13804,False,CTNNB1,781,1e713d035af00ae7ec7e42f80259ed46e06120d2d5c617d320c91de02ce4dd1d,P35222,additional_six,False,-1.8308011293411255,-0.6764888962109884,0.3962390124797821,-7.486418724060059,-10.94074535369873,-4.9769792556762695,-7.8013811111450195,280.0,211.0,248.0,389.0
low_plausibility,Q9NQB0,U,False,False,A_compartment_separation,False,421,PNLIP,465,8e144ac7eadb8b0b53e0e195deec103c4626a452c2e9d6b3d76b1590d2ef1112,P16233,False,CTNNB1,781,1e713d035af00ae7ec7e42f80259ed46e06120d2d5c617d320c91de02ce4dd1d,P35222,additional_six,False,-2.522873640060425,-1.8554801940917969,0.4802601933479309,-9.891196250915527,-12.478690147399902,-9.79028606414795,-10.720057487487793,379.0,381.0,401.0,278.0
low_plausibility,Q9NQB0,U,False,False,A_compartment_separation,False,422,CFP,469,6ca24511123cda9f3771d1af4391576f4d1ac82f7ae94d20de98d15ed198f029,P27918,False,CTNNB1,781,1e713d035af00ae7ec7e42f80259ed46e06120d2d5c617d320c91de02ce4dd1d,P35222,additional_six,False,-1.0343347986539204,0.739236076672872,0.4869401752948761,-4.090447425842285,-5.018862247467041,-2.2517166137695312,-3.787008762359619,141.0,45.0,10.0,261.0
low_plausibility,Q9NQB0,U,False,False,A_compartment_separation,False,423,LRPAP1,357,f8a9f35b8bf3e634a060814076a1445786c088e3e620768d2293cb723fcdadde,P30533,False,CTNNB1,781,1e713d035af00ae7ec7e42f80259ed46e06120d2d5c617d320c91de02ce4dd1d,P35222,additional_six,False,-1.9689760208129883,-1.3948098421096802,0.4517677128314972,-8.090470314025879,-9.927273750305176,-6.427794456481934,-8.148512840270996,303.0,323.0,280.0,334.0
low_plausibility,Q9NQB0,U,False,False,A_compartment_separation,False,424,MDH2,338,0a6342776d21661604a4528bcb4ab8e590387d27b1f3eba94c52c7deb6255ed2,P40926,False,CTNNB1,781,1e713d035af00ae7ec7e42f80259ed46e06120d2d5c617d320c91de02ce4dd1d,P35222,additional_six,False,-1.0744274059931438,-0.29942862192789715,0.2744651734828949,-6.336109638214111,-9.974085807800293,-7.534417629241943,-7.948204358418782,148.0,160.0,263.0,449.0
low_plausibility,Q9NQB0,U,False,False,A_compartment_separation,False,425,MMP13,471,5ae8fa403b7a6a5166305caad46d6b2b661dd0cc41344f282175ed24eb3781f0,P45452,False,CTNNB1,781,1e713d035af00ae7ec7e42f80259ed46e06120d2d5c617d320c91de02ce4dd1d,P35222,additional_six,False,-2.7976649602254233,-2.6591405073801675,0.5319568514823914,-12.12756061553955,-11.081219673156738,-9.808660507202148,-11.005813598632812,404.0,439.0,412.0,164.0
low_plausibility,Q9NQB0,U,False,False,A_compartment_separation,False,426,LOXL1,574,89a03eff904685e3e3841d792aba8ad601f7c9b6d9152cabe5a005874735b1f0,Q08397,False,CTNNB1,781,1e713d035af00ae7ec7e42f80259ed46e06120d2d5c617d320c91de02ce4dd1d,P35222,additional_six,False,-1.3323651552200317,0.5109813610712687,0.5354238748550415,-4.061196327209473,-5.612736701965332,-3.676600456237793,-4.450177828470866,195.0,65.0,28.0,158.0
low_plausibility,Q9NQB0,U,False,False,A_compartment_separation,False,427,HYAL1,435,cb7139e9a366c027a8500e6ebe63242e33322b0b44af2b21f4346660b845580f,Q12794,False,CTNNB1,781,1e713d035af00ae7ec7e42f80259ed46e06120d2d5c617d320c91de02ce4dd1d,P35222,additional_six,False,-1.3221355279286702,-1.3699535330136616,0.39945730566978455,-10.652996063232422,-9.74018669128418,-10.236564636230469,-10.20991579691569,192.0,320.0,386.0,384.0
low_plausibility,Q9NQB0,U,False,False,A_compartment_separation,False,428,ANGPT1,498,9161753d4a3aed6dd365d4dd67f36b96eeaee3eb7d9c43f362bdea5378fd569b,Q15389,False,CTNNB1,781,1e713d035af00ae7ec7e42f80259ed46e06120d2d5c617d320c91de02ce4dd1d,P35222,additional_six,False,-2.337064544359843,-1.783884088198344,0.5925981402397156,-5.819230079650879,-10.28139591217041,-7.556196689605713,-7.885607560475667,362.0,370.0,254.0,62.0
low_plausibility,Q9NQB0,U,False,False,A_compartment_separation,False,429,CEACAM16,425,1a48ac434547511d76f8e3318a93ec11f7daccf93251df4b7eaf539c286415e8,Q2WEN9,False,CTNNB1,781,1e713d035af00ae7ec7e42f80259ed46e06120d2d5c617d320c91de02ce4dd1d,P35222,additional_six,False,-2.6047117710113525,-1.7740068435668945,0.523865818977356,-8.087530136108398,-5.775506019592285,-4.668461799621582,-6.177165985107422,385.0,367.0,117.0,180.0
low_plausibility,Q9NQB0,U,False,False,A_compartment_separation,False,430,PKDCC,493,cb2b8548db6188d9186fcbe306a7da1f62f03efb101ee3d590b40ba460d6f7a8,Q504Y2,False,CTNNB1,781,1e713d035af00ae7ec7e42f80259ed46e06120d2d5c617d320c91de02ce4dd1d,P35222,additional_six,False,-0.9840077956517538,0.31463972727457684,0.6009466052055359,-7.056760311126709,-7.430020332336426,-5.815125465393066,-6.7673020362854,128.0,84.0,164.0,49.0
low_plausibility,Q9NQB0,U,False,False,A_compartment_separation,False,431,ARSI,569,934ec0522eb9ff5495331cad5258ed4aacfc98a51b6907f40c955d3ae9ac907b,Q5FYB1,False,CTNNB1,781,1e713d035af00ae7ec7e42f80259ed46e06120d2d5c617d320c91de02ce4dd1d,P35222,additional_six,False,-0.2910527437925339,0.43039023876190186,0.6097238063812256,-4.657510280609131,-6.7575459480285645,-7.728291034698486,-6.381115754445394,38.0,70.0,134.0,41.0
low_plausibility,Q9NQB0,U,False,False,A_compartment_separation,False,432,MRM1,353,fff359003226ab02b0a15bc60bc9c2bc0d9d1d1fae910ae28e08a70e2ccbd039,Q6IN84,False,CTNNB1,781,1e713d035af00ae7ec7e42f80259ed46e06120d2d5c617d320c91de02ce4dd1d,P35222,additional_six,False,-0.765214184919993,0.9032639662424723,0.333373486995697,-7.331105709075928,-8.380494117736816,-6.380041599273682,-7.363880475362142,90.0,28.0,212.0,437.0
low_plausibility,Q9NQB0,U,False,False,A_compartment_separation,False,433,PI16,463,31e4e2960ffccd32f13dd8b7495d0d0558fc6589c2fb7f5382fba63df0111410,Q6UXB8,False,CTNNB1,781,1e713d035af00ae7ec7e42f80259ed46e06120d2d5c617d320c91de02ce4dd1d,P35222,additional_six,False,-2.6848392486572266,-1.7143046259880066,0.49866047501564026,-14.405231475830078,-10.10123348236084,-11.079050064086914,-11.861838340759277,392.0,355.0,434.0,237.0
low_plausibility,Q9NQB0,U,False,False,A_compartment_separation,False,434,PYROXD2,581,9ad26d1569d27c50aec6055aaecaaff1dadc7476cb060f050f0790cb9b435304,Q8N2H3,False,CTNNB1,781,1e713d035af00ae7ec7e42f80259ed46e06120d2d5c617d320c91de02ce4dd1d,P35222,additional_six,False,-1.7957232395807903,-1.2706093390782673,0.3584246337413788,-9.906841278076172,-10.517806053161621,-7.794286251068115,-9.406311194101969,273.0,311.0,349.0,424.0
low_plausibility,Q9NQB0,U,False,False,A_compartment_separation,False,435,CPA6,437,47e9e95996a986bedf33d61b0ca27d6f27239f4354e5c49785b26b0118a7564b,Q8N4T0,False,CTNNB1,781,1e713d035af00ae7ec7e42f80259ed46e06120d2d5c617d320c91de02ce4dd1d,P35222,additional_six,False,-3.402113596598307,-3.0828696886698403,0.4372718930244446,-9.31712818145752,-12.067352294921875,-6.895675182342529,-9.426718552907309,440.0,447.0,351.0,353.0
low_plausibility,Q9NQB0,U,False,False,A_compartment_separation,False,436,POGLUT1,392,74b1b43374bb90b3d4eab7556eb4557d2f3c3f1f4d8503df9df7beb895e0a6a6,Q8NBL1,False,CTNNB1,781,1e713d035af00ae7ec7e42f80259ed46e06120d2d5c617d320c91de02ce4dd1d,P35222,additional_six,False,-3.258687893549601,-1.7877110640207927,0.3452213704586029,-8.889471054077148,-11.484012603759766,-8.594466209411621,-9.655983289082846,436.0,372.0,364.0,433.0
low_plausibility,Q9NQB0,U,False,False,A_compartment_separation,False,437,PLBD2,589,b1d62b98d8f941319fd71f7ffc8e6ef3fef7fa008800fc5820995d706400dbaa,Q8NHP8,False,CTNNB1,781,1e713d035af00ae7ec7e42f80259ed46e06120d2d5c617d320c91de02ce4dd1d,P35222,additional_six,False,-3.30196213722229,-2.4708362420399985,0.48756179213523865,-6.8508710861206055,-8.519766807556152,-7.481815338134766,-7.617484410603841,438.0,430.0,233.0,260.0
low_plausibility,Q9NQB0,U,False,False,A_compartment_separation,False,438,HPSE2,592,038f3bdd36762423f8261f67b2c111b4ac87ba9d41d2303ec2da96ef05f29ee3,Q8WWQ2,False,CTNNB1,781,1e713d035af00ae7ec7e42f80259ed46e06120d2d5c617d320c91de02ce4dd1d,P35222,additional_six,False,-4.10956335067749,-4.177687247594197,0.4549960792064667,-7.65844202041626,-10.102311134338379,-9.3421630859375,-9.034305413564047,451.0,453.0,323.0,332.0
low_plausibility,Q9NQB0,U,False,False,A_compartment_separation,False,439,GGH,318,e3c12602cad7d058e7bc4fa963756c4913667b83d15efaa94e683b3fa3649697,Q92820,False,CTNNB1,781,1e713d035af00ae7ec7e42f80259ed46e06120d2d5c617d320c91de02ce4dd1d,P35222,additional_six,False,-2.869978666305542,-2.484390616416931,0.5111746191978455,-12.442659378051758,-11.360575675964355,-10.240743637084961,-11.347992897033691,407.0,432.0,419.0,214.0
low_plausibility,Q9NQB0,U,False,False,A_compartment_separation,False,440,RCN3,328,d6da6a2fced1f7b216597e40cab25c23a20409214ce5f405d56f7482d02c5980,Q96D15,False,CTNNB1,781,1e713d035af00ae7ec7e42f80259ed46e06120d2d5c617d320c91de02ce4dd1d,P35222,additional_six,False,-1.923020561536153,-0.7877286672592163,0.47595080733299255,-6.70460844039917,-4.664590358734131,-4.69729471206665,-5.35549783706665,293.0,241.0,65.0,283.0
low_plausibility,Q9NQB0,U,False,False,A_compartment_separation,False,441,CNDP1,507,aba23f105472539e56d56cbe1ab9805047b289ad6e6c9112141854120d5b3857,Q96KN2,False,CTNNB1,781,1e713d035af00ae7ec7e42f80259ed46e06120d2d5c617d320c91de02ce4dd1d,P35222,additional_six,False,-2.059959610303243,-2.0651935736338296,0.44531193375587463,-8.912604331970215,-11.189316749572754,-10.055013656616211,-10.052311579386393,319.0,399.0,382.0,345.0
low_plausibility,Q9NQB0,U,False,False,A_compartment_separation,False,442,FAM20A,541,552b25ebbaf46fc92836cc690b8fc75d5dbad6cc443352e2735701e7214f5487,Q96MK3,False,CTNNB1,781,1e713d035af00ae7ec7e42f80259ed46e06120d2d5c617d320c91de02ce4dd1d,P35222,additional_six,False,-2.204578161239624,-0.9464251548051834,0.3686721622943878,-9.72928237915039,-9.082629203796387,-9.697531700134277,-9.503147761027018,337.0,269.0,355.0,415.0
low_plausibility,Q9NQB0,U,False,False,A_compartment_separation,False,443,TEFM,360,45ff389d6fb58675aec2ac8b6970c60bc6123c7c0a52e64b296375d17940c938,Q96QE5,False,CTNNB1,781,1e713d035af00ae7ec7e42f80259ed46e06120d2d5c617d320c91de02ce4dd1d,P35222,additional_six,False,-1.3958529631296794,-0.675939162572225,0.2666356563568115,-10.14067268371582,-8.891779899597168,-7.074023246765137,-8.702158610026041,203.0,210.0,312.0,450.0
low_plausibility,Q9NQB0,U,False,False,A_compartment_separation,False,444,TINAGL1,467,ad196d8410e203de5da4ca8860344ba632e4fe2626dd12a8b487c3ffa53cc863,Q9GZM7,False,CTNNB1,781,1e713d035af00ae7ec7e42f80259ed46e06120d2d5c617d320c91de02ce4dd1d,P35222,additional_six,False,-2.3009663422902427,-1.1902390321095784,0.5785771012306213,-6.820967674255371,-7.483157157897949,-3.7853517532348633,-6.029825528462728,352.0,299.0,105.0,88.0
low_plausibility,Q9NQB0,U,False,False,A_compartment_separation,False,445,SIL1,461,48c3084a20691e3fbf22b8688759198c49737467f9d2bb3a132769f00fc3de1e,Q9H173,False,CTNNB1,781,1e713d035af00ae7ec7e42f80259ed46e06120d2d5c617d320c91de02ce4dd1d,P35222,additional_six,False,-0.4866127073764801,0.12290742993354797,0.47060197591781616,-7.962192058563232,-8.078330039978027,-3.785176992416382,-6.608566363652547,56.0,101.0,146.0,298.0
low_plausibility,Q9NQB0,U,False,False,A_compartment_separation,False,446,MEPE,525,365a4cfe13df592038fe05454c403ed9a0ccabb9a82c11e3bb1cac5d36c4a270,Q9NQ76,False,CTNNB1,781,1e713d035af00ae7ec7e42f80259ed46e06120d2d5c617d320c91de02ce4dd1d,P35222,additional_six,False,-1.896031657854716,-0.11866570512453715,0.5174758434295654,-6.086922645568848,-5.382618427276611,-5.622880935668945,-5.697474002838135,287.0,132.0,85.0,199.0
low_plausibility,Q9NQB0,U,False,False,A_compartment_separation,False,447,OLFML3,406,74758b180219835c406cf3a611b94d6b0956e15dbaa497b29c2ff67e0f688d53,Q9NRN5,False,CTNNB1,781,1e713d035af00ae7ec7e42f80259ed46e06120d2d5c617d320c91de02ce4dd1d,P35222,additional_six,False,-2.1154799858729043,-1.1155640681584675,0.593619704246521,-5.893216133117676,-9.57144832611084,-4.005704402923584,-6.4901229540507,328.0,284.0,140.0,58.0
low_plausibility,Q9NQB0,U,False,False,A_compartment_separation,False,448,TMLHE,421,e9d527a9dd0abe7f68ca14e5cf90e8bdd888d05f8e93855aa34a592fd56b4a62,Q9NVH6,False,CTNNB1,781,1e713d035af00ae7ec7e42f80259ed46e06120d2d5c617d320c91de02ce4dd1d,P35222,additional_six,False,-1.4105769395828247,-1.233373721440633,0.47513526678085327,-9.700374603271484,-8.571795463562012,-7.020581245422363,-8.430917104085287,207.0,305.0,290.0,285.0
low_plausibility,Q9NQB0,U,False,False,A_compartment_separation,False,449,ADA2,511,8444c71551b3c40210aad0112c82a58605d6473be75e398b75cb3a3e705aac04,Q9NZK5,False,CTNNB1,781,1e713d035af00ae7ec7e42f80259ed46e06120d2d5c617d320c91de02ce4dd1d,P35222,additional_six,False,-2.344175179799398,-2.6242476304372153,0.5928249359130859,-8.805998802185059,-10.57326889038086,-9.507424354553223,-9.628897349039713,364.0,437.0,363.0,61.0
low_plausibility,Q9NQB0,U,False,False,A_compartment_separation,False,450,DNAJB11,358,ec6a5ba5bc25deaf9a1e0be455d2a132eb9d14410f332ec5def0c46d09987619,Q9UBS4,False,CTNNB1,781,1e713d035af00ae7ec7e42f80259ed46e06120d2d5c617d320c91de02ce4dd1d,P35222,additional_six,False,-0.9098245700200399,-0.9000128308931986,0.46014857292175293,-7.668397426605225,-12.356377601623535,-8.809253692626953,-9.611342906951904,113.0,258.0,361.0,324.0
low_plausibility,Q9NQB0,U,False,False,A_compartment_separation,False,451,WARS2,360,98ad49944152719d6da33023275f14b2557d1aa15bcf229e556bb2805ed4be3f,Q9UGM6,False,CTNNB1,781,1e713d035af00ae7ec7e42f80259ed46e06120d2d5c617d320c91de02ce4dd1d,P35222,additional_six,False,-1.8954604864120483,-1.8908449411392212,0.33513152599334717,-6.844013690948486,-5.9030985832214355,-6.672908306121826,-6.473340193430583,286.0,384.0,138.0,436.0
low_plausibility,Q9NQB0,U,False,False,A_compartment_separation,False,452,GDF2,429,66e9f25a192b58bd2e7559a2937d2375757275ca0ea4190332c8a4f448db7dcf,Q9UK05,False,CTNNB1,781,1e713d035af00ae7ec7e42f80259ed46e06120d2d5c617d320c91de02ce4dd1d,P35222,additional_six,False,-2.783676862716675,-1.9462340275446575,0.48278623819351196,-13.592609405517578,-11.905073165893555,-7.790657043457031,-11.096113204956055,403.0,389.0,413.0,274.0
low_plausibility,Q9NQB0,U,False,False,A_compartment_separation,False,453,LIPG,500,5b2bf8da09ea43b32e1c7d516419d5557679d75a918e7373e7c44a84c1ee71c1,Q9Y5X9,False,CTNNB1,781,1e713d035af00ae7ec7e42f80259ed46e06120d2d5c617d320c91de02ce4dd1d,P35222,additional_six,False,-1.9375319878260295,-1.4933873414993286,0.442379355430603,-11.282390594482422,-10.21823501586914,-11.925972938537598,-11.142199516296387,294.0,334.0,414.0,348.0
