U_stratum,anchor_positive_uniprot,class,development_exposed_positive,homomeric,low_plausibility_evidence_tier,original_tuna_prior_pair,panel_row,partner_gene,partner_sequence_length,partner_sequence_sha256,partner_uniprot,prior_train_development_pair,query_gene,query_sequence_length,query_sequence_sha256,query_uniprot,target_cohort,training_exposed_positive,ipin_baseline_score,ipin_optimized_score,tuna_original_score,tuna_retrained_seed20260803_score,tuna_retrained_seed20260817_score,tuna_retrained_seed20260831_score,tuna_retrained_score,ipin_baseline_rank,ipin_optimized_rank,tuna_retrained_rank,tuna_original_rank
,,P,False,True,,False,1,ERN1,977,22c28aa52b53dd8141c2770fa4a08a2acda67e6a17447dc5281cf52e0528390f,O75460,False,ERN1,977,22c28aa52b53dd8141c2770fa4a08a2acda67e6a17447dc5281cf52e0528390f,O75460,original_six,False,-1.01774263381958,-0.9729743003845215,0.855528712272644,-3.997744560241699,-3.329434394836426,-3.683217763900757,-3.6701322396596274,22.0,18.0,1.0,1.0
,,P,False,False,,False,2,HSPA5,654,22346d98b5064074ee969402d2f39701db9f0863a11012fe68ccb67f8f538d10,P11021,False,ERN1,977,22c28aa52b53dd8141c2770fa4a08a2acda67e6a17447dc5281cf52e0528390f,O75460,original_six,False,-3.1607515017191568,-3.236354192097982,0.6366562247276306,-12.144438743591309,-11.096648216247559,-10.450021743774414,-11.230369567871094,524.0,393.0,419.0,177.0
,,P,False,False,,False,3,PDIA6,440,60e38ebb2b4f2b6fae9d4278c1f4e556521cc11499b311a753af8ef062ca6dc9,Q15084,False,ERN1,977,22c28aa52b53dd8141c2770fa4a08a2acda67e6a17447dc5281cf52e0528390f,O75460,original_six,False,-2.2562062740325928,-3.378861904144287,0.6879025101661682,-8.436973571777344,-7.716250419616699,-10.07099723815918,-8.74140707651774,247.0,427.0,137.0,105.0
,,P,False,False,,False,4,SEC61A1,476,a49a826c9ca861428eeed84a7709eb74e2164768f7bb7d91301e08bbf6fbf9f9,P61619,False,ERN1,977,22c28aa52b53dd8141c2770fa4a08a2acda67e6a17447dc5281cf52e0528390f,O75460,original_six,False,-2.959925651550293,-3.186006704966227,0.6290624141693115,-9.185290336608887,-7.340869903564453,-9.323583602905273,-8.616581281026205,476.0,373.0,118.0,185.0
context,O75460,U,False,False,,False,5,CFTR,1480,a86f7dbeb9c5f48401a1a452b440d782c35067d2da152180a09ce26f76d11639,P13569,False,ERN1,977,22c28aa52b53dd8141c2770fa4a08a2acda67e6a17447dc5281cf52e0528390f,O75460,original_six,False,-2.7534355322519937,-3.87931760152181,0.7315930724143982,-8.473287582397461,-6.369482517242432,-10.794147491455078,-8.545639197031656,421.0,507.0,110.0,53.0
context,O75460,U,False,False,,False,6,TLR7,1049,3eea137da930d96e7e51d6f68a027b9ced8d98c4baf44a6e450220fc83c678d0,Q9NYK1,False,ERN1,977,22c28aa52b53dd8141c2770fa4a08a2acda67e6a17447dc5281cf52e0528390f,O75460,original_six,False,-3.8837011655171714,-5.506065368652344,0.5403944253921509,-10.443016052246094,-8.248047828674316,-8.15939998626709,-8.950154622395834,594.0,602.0,161.0,291.0
context,O75460,U,False,False,,False,7,STT3B,826,68e619b342e65a503be4bd27c2c918f5de011499cfbceca37ba8471d38c78c76,Q8TCJ2,False,ERN1,977,22c28aa52b53dd8141c2770fa4a08a2acda67e6a17447dc5281cf52e0528390f,O75460,original_six,False,-4.042736132939656,-4.982995986938477,0.73058021068573,-9.016725540161133,-7.380712032318115,-8.548108100891113,-8.315181891123453,601.0,594.0,98.0,55.0
context,O75460,U,False,False,,False,8,NRROS,692,83756936433757a1584b398b298152b34f7d376ff75f3f1f094ddfed100e827b,Q86YC3,False,ERN1,977,22c28aa52b53dd8141c2770fa4a08a2acda67e6a17447dc5281cf52e0528390f,O75460,original_six,False,-3.5451056162516275,-4.495920976003011,0.6436832547187805,-8.237491607666016,-8.21057415008545,-9.598264694213867,-8.682110150655111,574.0,567.0,130.0,167.0
context,O75460,U,False,False,,False,9,B3GALNT2,500,9eab93008f8c3a13effca6a94bf188200f9f249ef3e439ec5ca53129f8952d88,Q8NCR0,False,ERN1,977,22c28aa52b53dd8141c2770fa4a08a2acda67e6a17447dc5281cf52e0528390f,O75460,original_six,False,-2.0164401531219482,-3.5464772383371987,0.5995590686798096,-7.859025478363037,-8.437607765197754,-10.288212776184082,-8.861615339914957,187.0,457.0,150.0,223.0
context,O75460,U,False,False,,False,10,ABCG1,678,14ebebc09ac11084aa987dff44b7729ba605376428180a096cfc5ef2b28334ec,P45844,False,ERN1,977,22c28aa52b53dd8141c2770fa4a08a2acda67e6a17447dc5281cf52e0528390f,O75460,original_six,False,-3.0540771484375,-3.851857821146647,0.8165854215621948,-12.036287307739258,-8.549335479736328,-9.919879913330078,-10.168500900268555,505.0,504.0,295.0,7.0
context,O75460,U,False,False,,False,11,EXTL3,919,d15b3d2146fc79a27bb98fb6428921b2df45ac0b24f5a9271d978db4096795bb,O43909,False,ERN1,977,22c28aa52b53dd8141c2770fa4a08a2acda67e6a17447dc5281cf52e0528390f,O75460,original_six,False,-2.726105292638143,-2.518569827079773,0.6177635192871094,-8.233404159545898,-6.088027477264404,-10.219608306884766,-8.180346647898356,408.0,229.0,89.0,203.0
context,O75460,U,False,False,,False,12,PIGS,555,47cb1df5b5e38c70e94c254f5867c0b0571da522ea88ea12ce4ddaf224bb1bf0,Q96S52,False,ERN1,977,22c28aa52b53dd8141c2770fa4a08a2acda67e6a17447dc5281cf52e0528390f,O75460,original_six,False,-2.722010374069214,-3.511406660079956,0.7511456608772278,-11.562939643859863,-9.30601692199707,-11.467741012573242,-10.778899192810059,407.0,452.0,368.0,36.0
context,O75460,U,False,False,,False,13,CDKAL1,579,953bb915470572d6fcacec27790b3308fcde3109b505eda96a209a3c847f7d76,Q5VV42,False,ERN1,977,22c28aa52b53dd8141c2770fa4a08a2acda67e6a17447dc5281cf52e0528390f,O75460,original_six,False,-2.4977561632792153,-2.5532286961873374,0.8394128680229187,-12.155266761779785,-9.612780570983887,-8.108489990234375,-9.958845774332682,325.0,238.0,267.0,4.0
context,O75460,U,False,False,,False,14,PDZD8,1154,e0d1eee43a930fe304d0c6721a8ec9a2aba7cde17c5a837ff157c097637189a8,Q8NEN9,False,ERN1,977,22c28aa52b53dd8141c2770fa4a08a2acda67e6a17447dc5281cf52e0528390f,O75460,original_six,False,-2.133208751678467,-3.074723800023397,0.5814074873924255,-8.7688570022583,-11.515450477600098,-8.336811065673828,-9.540372848510742,218.0,352.0,225.0,242.0
context,O75460,U,False,False,,False,15,PIGN,931,32ed101c91dea75050a57967d85546c13791a8f4c248e144c19c2bebd2b473c8,O95427,False,ERN1,977,22c28aa52b53dd8141c2770fa4a08a2acda67e6a17447dc5281cf52e0528390f,O75460,original_six,False,-2.5168928305308023,-2.8671223322550454,0.6886041164398193,-9.185602188110352,-7.893035411834717,-11.07208251953125,-9.383573373158773,333.0,302.0,209.0,103.0
context,O75460,U,False,False,,False,16,SACM1L,587,12d4559fd8bd506b961b3515a3ebee0aa9db8a9980aed28844ae161701d4b26b,Q9NTJ5,False,ERN1,977,22c28aa52b53dd8141c2770fa4a08a2acda67e6a17447dc5281cf52e0528390f,O75460,original_six,False,-1.4820252259572346,-1.4050449132919312,0.7664676308631897,-3.681627035140991,-4.644753456115723,-8.714314460754395,-5.680231650670369,67.0,50.0,6.0,25.0
context,O75460,U,False,False,,False,17,STIM2,746,7d3d403ed450488ce8eee2cb47983ed953898efe40dce6647c3a78730adc7a8e,Q9P246,False,ERN1,977,22c28aa52b53dd8141c2770fa4a08a2acda67e6a17447dc5281cf52e0528390f,O75460,original_six,False,-1.4569207429885864,-2.2159258127212524,0.6609507203102112,-11.87496566772461,-9.01740550994873,-10.001779556274414,-10.298050244649252,63.0,166.0,314.0,148.0
context,O75460,U,False,False,,False,18,POM121,1249,ad9228d8eec6db259b63fefaf104c9e125cfffdfd7dbfdafa6c05516e68e6707,Q96HA1,False,ERN1,977,22c28aa52b53dd8141c2770fa4a08a2acda67e6a17447dc5281cf52e0528390f,O75460,original_six,False,-2.267606178919474,-1.4859849611918132,0.43902790546417236,-7.248323917388916,-11.244751930236816,-10.83230209350586,-9.775125980377197,251.0,58.0,250.0,347.0
context,O75460,U,False,False,,False,19,CYP4F11,524,fa76ad53937714cb7af37a17cdcffaebdf10c91590afe68fb0ef4f7b1d69c21c,Q9HBI6,False,ERN1,977,22c28aa52b53dd8141c2770fa4a08a2acda67e6a17447dc5281cf52e0528390f,O75460,original_six,False,-2.634237766265869,-3.3941808541615806,0.714790940284729,-8.586393356323242,-7.060352802276611,-10.373574256896973,-8.673440138498941,380.0,432.0,129.0,70.0
context,O75460,U,False,False,,False,20,CLPTM1L,538,9543c42c9a190d7665df58599c141dcbc946ff753aaa6a3294694595d4615ef3,Q96KA5,False,ERN1,977,22c28aa52b53dd8141c2770fa4a08a2acda67e6a17447dc5281cf52e0528390f,O75460,original_six,False,-2.200477123260498,-1.9944484035174053,0.7288134694099426,-6.438389301300049,-5.184866905212402,-9.061275482177734,-6.8948438962300616,238.0,124.0,29.0,59.0
context,O75460,U,False,False,,False,21,PKD2,968,6c891357d9b76430f334a5059d64247f2c2a09b4fe5c018a22e9a05c108bb0ae,Q13563,False,ERN1,977,22c28aa52b53dd8141c2770fa4a08a2acda67e6a17447dc5281cf52e0528390f,O75460,original_six,False,-2.524010499318441,-2.9983352025349936,0.8008968234062195,-7.473989009857178,-7.302804946899414,-8.841365814208984,-7.872719923655192,336.0,332.0,67.0,11.0
context,O75460,U,False,False,,False,22,TMEM151B,566,d22ccf9fdf2e7351924c4d78818ab7b5aea4d84b24cb6f6693f2af86f1983456,Q8IW70,False,ERN1,977,22c28aa52b53dd8141c2770fa4a08a2acda67e6a17447dc5281cf52e0528390f,O75460,original_six,False,-2.2566521167755127,-2.6881290276845298,0.5768027305603027,-7.807001113891602,-7.288336753845215,-11.176094055175781,-8.7571439743042,248.0,270.0,138.0,249.0
context,O75460,U,False,False,,False,23,ESYT1,1104,5d2df2a81cbede929b47affc1e51d954a2952851fe3e9b0d2def0cfa23286161,Q9BSJ8,False,ERN1,977,22c28aa52b53dd8141c2770fa4a08a2acda67e6a17447dc5281cf52e0528390f,O75460,original_six,False,-1.7896500825881958,-2.3117504119873047,0.6828725337982178,-8.218753814697266,-9.536531448364258,-7.978859901428223,-8.578048388163248,124.0,183.0,115.0,115.0
context,O75460,U,False,False,,False,24,RNF103,685,de514c18a7442552a8885cc4a76deb8d0e235cd100cde75ebb96e1e9d59b19eb,O00237,False,ERN1,977,22c28aa52b53dd8141c2770fa4a08a2acda67e6a17447dc5281cf52e0528390f,O75460,original_six,False,-0.9026692708333334,-1.346438467502594,0.7773409485816956,-6.049386024475098,-7.842667579650879,-8.010518074035645,-7.300857226053874,14.0,44.0,41.0,19.0
context,O75460,U,False,False,,False,25,AMFR,643,aa75de0f227794926334937190f6e61a10fa1b6e21d2177305819def8c6fdf58,Q9UKV5,False,ERN1,977,22c28aa52b53dd8141c2770fa4a08a2acda67e6a17447dc5281cf52e0528390f,O75460,original_six,False,-1.5721075137456257,-2.301865339279175,0.7481327056884766,-6.099808692932129,-6.814147472381592,-10.42138957977295,-7.778448581695557,78.0,182.0,64.0,41.0
context,O75460,U,False,False,,False,26,RNF145,663,9c483986da1005cd3cf58901f277668e809f41979d7ace7d384c6c31a26e333c,Q96MT1,False,ERN1,977,22c28aa52b53dd8141c2770fa4a08a2acda67e6a17447dc5281cf52e0528390f,O75460,original_six,False,-2.1288484732309976,-2.560598611831665,0.6991761922836304,-7.379550933837891,-6.510841369628906,-10.00062084197998,-7.963671048482259,217.0,241.0,75.0,89.0
context,O75460,U,False,False,,False,27,SLC37A2,501,733787b506467b22506fab05f28bf1809eeaf020fe9a2c6e6c199f00ab04e66c,Q8TED4,False,ERN1,977,22c28aa52b53dd8141c2770fa4a08a2acda67e6a17447dc5281cf52e0528390f,O75460,original_six,False,-3.2842442989349365,-2.7996790409088135,0.6176654100418091,-8.604429244995117,-5.734988689422607,-8.202046394348145,-7.513821442921956,546.0,291.0,51.0,204.0
context,O75460,U,False,False,,False,28,SEZ6L,1024,94a7db9f2b412b698434b82578857c439bacf8578452eae5fc3bde5fbd2aef46,Q9BYH1,False,ERN1,977,22c28aa52b53dd8141c2770fa4a08a2acda67e6a17447dc5281cf52e0528390f,O75460,original_six,False,-0.9886502424875895,-1.6937332948048909,0.600214958190918,-6.910819053649902,-7.908614635467529,-13.474157333374023,-9.431197007497152,20.0,78.0,214.0,221.0
context,O75460,U,False,False,,False,29,CANX,592,68375565de7ba112ea4f0b26d019ffdc01c2fbd8b04149921677b4f26df1f1ea,P27824,False,ERN1,977,22c28aa52b53dd8141c2770fa4a08a2acda67e6a17447dc5281cf52e0528390f,O75460,original_six,False,-1.395007809003194,-1.3287485440572102,0.6262771487236023,-5.145759105682373,-6.146609306335449,-9.726428985595703,-7.006265799204509,56.0,43.0,32.0,189.0
context,O75460,U,False,False,,False,30,CLSTN2,955,b18ce4f9a4b621957ccb9ffbbac60c8cabea99279e21d0bddbcba3a5e8e7edd9,Q9H4D0,False,ERN1,977,22c28aa52b53dd8141c2770fa4a08a2acda67e6a17447dc5281cf52e0528390f,O75460,original_six,False,-2.0592230558395386,-3.597054958343506,0.6380963325500488,-9.327967643737793,-7.415477752685547,-9.035039901733398,-8.592828432718912,197.0,469.0,116.0,176.0
context,O75460,U,False,False,,False,31,CYP7A1,504,996cc0bbc33f589266ba536b8442741ee686816dbceb0611f32ace76144f001a,P22680,False,ERN1,977,22c28aa52b53dd8141c2770fa4a08a2acda67e6a17447dc5281cf52e0528390f,O75460,original_six,False,-3.586589972178141,-4.609282970428467,0.7286596894264221,-8.757064819335938,-5.231118202209473,-11.281250953674316,-8.423144658406576,576.0,580.0,103.0,60.0
context,O75460,U,False,False,,False,32,ATP2A2,1042,b70cdec6cd43cdcdf11909033159e3c13c0c2556f6b71f1e884f5fa5a2fafb99,P16615,False,ERN1,977,22c28aa52b53dd8141c2770fa4a08a2acda67e6a17447dc5281cf52e0528390f,O75460,original_six,False,-2.8080130418141684,-1.7852218300104141,0.7311602234840393,-5.827941417694092,-4.8752570152282715,-7.269690990447998,-5.990963141123454,434.0,91.0,8.0,54.0
context,O75460,U,False,False,,False,33,PNPLA8,782,c9e2230d45885621cea8bc314116f27930c2d6541cdc253c141397db0d3f4852,Q9NP80,False,ERN1,977,22c28aa52b53dd8141c2770fa4a08a2acda67e6a17447dc5281cf52e0528390f,O75460,original_six,False,-2.4199490547180176,-4.043895403544108,0.7275397181510925,-11.044946670532227,-11.01212215423584,-9.942632675170898,-10.666567166646322,300.0,531.0,354.0,62.0
context,O75460,U,False,False,,False,34,CREB3L1,519,2727b04c24f9f2e05607104d3159ac847146701fc12caa0a686a1a19166ffad9,Q96BA8,False,ERN1,977,22c28aa52b53dd8141c2770fa4a08a2acda67e6a17447dc5281cf52e0528390f,O75460,original_six,False,-0.1988532617688179,1.4458764990170796,0.6233425140380859,-3.7301437854766846,-2.5644030570983887,-6.226284503936768,-4.17361044883728,2.0,1.0,2.0,191.0
context,O75460,U,False,False,,False,35,ATP8B1,1251,dc1088308009fadd03dbde7a2b6c0072628f292e0f3af483a85858de6dd206a1,O43520,False,ERN1,977,22c28aa52b53dd8141c2770fa4a08a2acda67e6a17447dc5281cf52e0528390f,O75460,original_six,False,-1.8674420913060505,-2.180438995361328,0.6686314940452576,-5.994358062744141,-5.160697937011719,-7.698818683624268,-6.284624894460042,141.0,158.0,11.0,130.0
context,O75460,U,False,False,,False,36,HHATL,504,6c91b50e8c59bd910cb6ad498bcc3bb23807dc04e5b321f6a12a06024cee1be1,Q9HCP6,False,ERN1,977,22c28aa52b53dd8141c2770fa4a08a2acda67e6a17447dc5281cf52e0528390f,O75460,original_six,False,-2.7901523113250732,-2.479280710220337,0.6557276248931885,-7.733059406280518,-5.200439453125,-9.082050323486328,-7.338516394297282,429.0,221.0,42.0,155.0
context,O75460,U,False,False,,False,37,TRPM8,1104,b752efca239d6c441dadf5c0a7bb5e4a9500b78108fb7bafa7604d2ee58898cc,Q7Z2W7,False,ERN1,977,22c28aa52b53dd8141c2770fa4a08a2acda67e6a17447dc5281cf52e0528390f,O75460,original_six,False,-2.140498240788778,-3.111271063486735,0.6264471411705017,-9.149147033691406,-5.277939319610596,-8.451727867126465,-7.626271406809489,220.0,356.0,57.0,188.0
context,O75460,U,False,False,,False,38,JPH1,661,bce96c902ac5c1f2e338dda5930f1f67504aada40923be91db9b6498b2691f0c,Q9HDC5,False,ERN1,977,22c28aa52b53dd8141c2770fa4a08a2acda67e6a17447dc5281cf52e0528390f,O75460,original_six,False,-1.682801604270935,-2.2985249757766724,0.5721760392189026,-6.060924053192139,-6.188024997711182,-7.388762950897217,-6.545904000600179,96.0,181.0,22.0,256.0
context,O75460,U,False,False,,False,39,ROBO1,1651,0fe54049496424046298f9c231a1f25530e91f03518fc10f72a3a52e837041a1,Q9Y6N7,False,ERN1,977,22c28aa52b53dd8141c2770fa4a08a2acda67e6a17447dc5281cf52e0528390f,O75460,original_six,False,-1.4741642872492473,-2.8843650023142495,0.5450739860534668,-9.78253173828125,-8.458157539367676,-10.106207847595215,-9.448965708414713,66.0,306.0,215.0,284.0
context,O75460,U,False,False,,False,40,WLS,541,560ea4b2407f91aa0b50585bd0411391133d62e9b3a33ba3254fcdd49028fc0c,Q5T9L3,False,ERN1,977,22c28aa52b53dd8141c2770fa4a08a2acda67e6a17447dc5281cf52e0528390f,O75460,original_six,False,-3.032637596130371,-3.472654660542806,0.55059814453125,-8.779308319091797,-7.626516819000244,-10.559922218322754,-8.988582452138266,497.0,443.0,165.0,281.0
context,O75460,U,False,False,,False,41,SLC27A4,643,c218164d8240367ddc0a582375a2b317d8a568806ebc6a07d79cbdf0e8959430,Q6P1M0,False,ERN1,977,22c28aa52b53dd8141c2770fa4a08a2acda67e6a17447dc5281cf52e0528390f,O75460,original_six,False,-2.150845448176066,-2.1533646980921426,0.6930866837501526,-7.670470714569092,-6.941453456878662,-9.461864471435547,-8.024596214294434,224.0,154.0,78.0,97.0
context,O75460,U,False,False,,False,42,RFT1,541,a9ae01ddb7b673d350bce6786cda2679bcca48358c67f139d6b39000e83b6f60,Q96AA3,False,ERN1,977,22c28aa52b53dd8141c2770fa4a08a2acda67e6a17447dc5281cf52e0528390f,O75460,original_six,False,-3.377363999684652,-2.6352638403574624,0.7085351943969727,-9.273335456848145,-7.45468807220459,-10.059781074523926,-8.92926820119222,559.0,261.0,159.0,72.0
context,O75460,U,False,False,,False,43,DHCR24,516,ffa75f4fe09bf9ffc4f5b5d5b32a54d9d240a77390218f19626c6e2fe8f1d4d2,Q15392,False,ERN1,977,22c28aa52b53dd8141c2770fa4a08a2acda67e6a17447dc5281cf52e0528390f,O75460,original_six,False,-1.8318147659301758,-2.148087739944458,0.7082763910293579,-8.20096492767334,-6.50294828414917,-7.326557636260986,-7.343490282694499,137.0,150.0,43.0,74.0
context,O75460,U,False,False,,False,44,CLGN,610,06ce723a2b771ba57d518947602afcd24632d7ab83da4263c06258a5caae1ae3,O14967,False,ERN1,977,22c28aa52b53dd8141c2770fa4a08a2acda67e6a17447dc5281cf52e0528390f,O75460,original_six,False,-1.356095830599467,-1.172409454981486,0.6646050214767456,-5.916894435882568,-5.815556049346924,-10.642822265625,-7.458424250284831,49.0,33.0,49.0,143.0
context,O75460,U,False,False,,False,45,LBR,615,8b8c937e803ac438e59ff34112b9d50226910c81a7e211182e16f99015bb4715,Q14739,False,ERN1,977,22c28aa52b53dd8141c2770fa4a08a2acda67e6a17447dc5281cf52e0528390f,O75460,original_six,False,-1.4437482357025146,-1.0927905042966206,0.700320839881897,-8.680123329162598,-7.027843475341797,-10.16406536102295,-8.624010721842447,62.0,28.0,120.0,85.0
context,O75460,U,False,False,,False,46,GRAMD1A,724,05ffe5aa5f41f7566eca5e7689a76c7096642bbb99dda345579654a166ea9737,Q96CP6,False,ERN1,977,22c28aa52b53dd8141c2770fa4a08a2acda67e6a17447dc5281cf52e0528390f,O75460,original_six,False,-1.8028998374938965,-1.988905668258667,0.7246183156967163,-6.738100051879883,-6.62143087387085,-7.428085803985596,-6.929205576578776,129.0,123.0,31.0,65.0
context,O75460,U,False,False,,False,47,ERMP1,904,c8e1c55da65999d47cea2534e1238ce1416bde4b470cb23391e0576e927c1119,Q7Z2K6,False,ERN1,977,22c28aa52b53dd8141c2770fa4a08a2acda67e6a17447dc5281cf52e0528390f,O75460,original_six,False,-2.1264588038126626,-3.113462766011556,0.7598296999931335,-6.835559844970703,-6.376075267791748,-9.744733810424805,-7.652122974395752,215.0,358.0,59.0,31.0
context,O75460,U,False,False,,False,48,SLC30A1,507,6360623d83ce7d721ece15b286a9add12edf616b11ccc2b46e66ab4f144f5233,Q9Y6M5,False,ERN1,977,22c28aa52b53dd8141c2770fa4a08a2acda67e6a17447dc5281cf52e0528390f,O75460,original_six,False,-1.6277631918589275,-1.0958744287490845,0.6532860994338989,-4.350443363189697,-5.206599235534668,-8.26158332824707,-5.9395419756571455,88.0,30.0,7.0,159.0
context,O75460,U,False,False,,False,49,ANO5,913,9fb83d39ab1ad12738d32ef10eb5e490dacdf140ad29d5975af2e336ad464291,Q75V66,False,ERN1,977,22c28aa52b53dd8141c2770fa4a08a2acda67e6a17447dc5281cf52e0528390f,O75460,original_six,False,-2.843675136566162,-3.235444943110148,0.6092607975006104,-10.988630294799805,-8.704744338989258,-10.317313194274902,-10.003562609354654,448.0,392.0,274.0,211.0
context,O75460,U,False,False,,False,50,DSE,958,ac88a6ee7d317176e7bb5736e064121e69564d634c5e9b5e337a889501f5e60e,Q9UL01,False,ERN1,977,22c28aa52b53dd8141c2770fa4a08a2acda67e6a17447dc5281cf52e0528390f,O75460,original_six,False,-3.3318358262379966,-4.356067260106404,0.7970573902130127,-5.8985676765441895,-5.434103965759277,-10.71141529083252,-7.348028977711995,552.0,557.0,44.0,12.0
context,O75460,U,False,False,,False,51,CSPG5,566,65b8c35c46fdff5660391db1f6a8c14c662694d20269fa1fe87e2f3a736302be,O95196,False,ERN1,977,22c28aa52b53dd8141c2770fa4a08a2acda67e6a17447dc5281cf52e0528390f,O75460,original_six,False,-2.090404828389486,-3.33521302541097,0.6985945105552673,-9.325366020202637,-7.708622455596924,-12.352007865905762,-9.795332113901773,203.0,416.0,252.0,92.0
context,O75460,U,False,False,,False,52,RHBDF2,856,37fa00a70e570f121a91705ce1a74b8abaf3f07eae5bc27200ef1a854bd2aa96,Q6PJF5,False,ERN1,977,22c28aa52b53dd8141c2770fa4a08a2acda67e6a17447dc5281cf52e0528390f,O75460,original_six,False,-2.5283588568369546,-4.541826407114665,0.7866383790969849,-10.235503196716309,-8.5393705368042,-10.180290222167969,-9.651721318562826,340.0,576.0,238.0,16.0
context,O75460,U,False,False,,False,53,TMEM67,995,16857c52c05e16d56e767beb65dc9f47c6877cbf54d421775774bf62e3d98d47,Q5HYA8,False,ERN1,977,22c28aa52b53dd8141c2770fa4a08a2acda67e6a17447dc5281cf52e0528390f,O75460,original_six,False,-1.5953747828801472,-2.576997915903727,0.6860869526863098,-8.384988784790039,-8.590152740478516,-6.992725372314453,-7.989288965861003,84.0,247.0,77.0,110.0
context,O75460,U,False,False,,False,54,ANKLE2,938,c9b1d5345232f6972507db92f66eb4520a6f4c3cbe5c4ab50c55bf2c5866736c,Q86XL3,False,ERN1,977,22c28aa52b53dd8141c2770fa4a08a2acda67e6a17447dc5281cf52e0528390f,O75460,original_six,False,-2.102215886116028,-2.3963160514831543,0.7337186336517334,-11.63730525970459,-11.116377830505371,-5.639894008636475,-9.464525699615479,206.0,202.0,218.0,52.0
background,O75460,U,False,False,,False,55,SEMA4B,837,9672f3dbdbb3d209d3d67a3ef6479fbed2f6613e84347ec3e7f5857f21ca2e3a,Q9NPR2,False,ERN1,977,22c28aa52b53dd8141c2770fa4a08a2acda67e6a17447dc5281cf52e0528390f,O75460,original_six,False,-3.4715940952301025,-3.9380904833475747,0.5892758965492249,-8.18805980682373,-8.558238983154297,-11.886543273925781,-9.544280687967936,567.0,516.0,227.0,234.0
background,O75460,U,False,False,,False,56,ARCN1,511,1611ba552ade6913fd4863619357a1524c6f24c3e5d6217ee04ca8e9b3b2c75b,P48444,False,ERN1,977,22c28aa52b53dd8141c2770fa4a08a2acda67e6a17447dc5281cf52e0528390f,O75460,original_six,False,-1.9634761412938435,-2.2830967903137207,0.4771784245967865,-8.8545503616333,-11.088226318359375,-9.082683563232422,-9.675153414408365,174.0,178.0,240.0,320.0
background,O75460,U,False,False,,False,57,INTS3,1043,5b4bb1d3523c1d9e1d1212cc717a6fd320605527f3208826dc1a1660608f2a65,Q68E01,False,ERN1,977,22c28aa52b53dd8141c2770fa4a08a2acda67e6a17447dc5281cf52e0528390f,O75460,original_six,False,-1.8168216546376545,-3.440035263697306,0.4502491354942322,-11.70340347290039,-12.672012329101562,-5.487659931182861,-9.954358577728271,131.0,438.0,266.0,338.0
background,O75460,U,False,False,,False,58,DCAF8L2,631,dc772d1b0eddf5d4f3692fcf1729ccf3830857ed9ede693660fa4dbc272cca23,P0C7V8,False,ERN1,977,22c28aa52b53dd8141c2770fa4a08a2acda67e6a17447dc5281cf52e0528390f,O75460,original_six,False,-1.7932424942652385,-2.6794824600219727,0.3557288348674774,-11.769518852233887,-8.513614654541016,-8.344991683959961,-9.542708396911621,126.0,269.0,226.0,402.0
background,O75460,U,False,False,,False,59,DCLRE1C,692,f9d03f9d9280ef51d4cbced0942113832b4f5e160d2238e749cd52bdb77e3fff,Q96SD1,False,ERN1,977,22c28aa52b53dd8141c2770fa4a08a2acda67e6a17447dc5281cf52e0528390f,O75460,original_six,False,-2.9439217249552407,-5.230650266011556,0.44857504963874817,-13.005690574645996,-5.813657283782959,-12.039703369140625,-10.28635040918986,472.0,599.0,312.0,339.0
background,O75460,U,False,False,,False,60,SYN1,705,45de037e40b8d0917e26d44970916d46b6f44b90f2f6fe18ac5b34fc9f5ef685,P17600,False,ERN1,977,22c28aa52b53dd8141c2770fa4a08a2acda67e6a17447dc5281cf52e0528390f,O75460,original_six,False,-2.570587237675985,-2.9865445295969644,0.40997418761253357,-10.761000633239746,-13.517252922058105,-11.065040588378906,-11.781098047892252,353.0,327.0,474.0,367.0
background,O75460,U,False,False,,False,61,TGM1,817,7cf69faa7380c417d2342b1886f0dc842f261a565daa4fbda67d5dcf8c1f3bcd,P22735,False,ERN1,977,22c28aa52b53dd8141c2770fa4a08a2acda67e6a17447dc5281cf52e0528390f,O75460,original_six,False,-1.5895533959070842,-1.4743796388308208,0.7029245495796204,-3.609267473220825,-6.457947731018066,-9.068909645080566,-6.378708283106486,81.0,57.0,17.0,82.0
background,O75460,U,False,False,,False,62,NLRP10,655,f8272035fde0149e1f0e919e3780b59b9a21a8b222338101ca0fe284a0971b3d,Q86W26,False,ERN1,977,22c28aa52b53dd8141c2770fa4a08a2acda67e6a17447dc5281cf52e0528390f,O75460,original_six,False,-3.597041924794515,-4.31607190767924,0.601634681224823,-13.329748153686523,-12.827256202697754,-9.764100074768066,-11.973701477050781,577.0,552.0,490.0,218.0
background,O75460,U,False,False,,False,63,LGALS3BP,585,3a59abed5ecc409100870d1be3d9c82bed9cb1cc411ca91c1e7c3f767010db95,Q08380,False,ERN1,977,22c28aa52b53dd8141c2770fa4a08a2acda67e6a17447dc5281cf52e0528390f,O75460,original_six,False,-2.5795088609059653,-3.576401154200236,0.6870885491371155,-10.054736137390137,-12.910294532775879,-9.746110916137695,-10.903713862101236,359.0,465.0,381.0,107.0
background,O75460,U,False,False,,False,64,NCOA2,1464,873e4d8992906f338e9327452047a9bcc1098d2abd79347002ead3dd34e2fabd,Q15596,False,ERN1,977,22c28aa52b53dd8141c2770fa4a08a2acda67e6a17447dc5281cf52e0528390f,O75460,original_six,False,-2.4454427560170493,-2.102604707082113,0.3623143136501312,-12.186744689941406,-12.207169532775879,-12.1484956741333,-12.180803298950195,307.0,141.0,509.0,395.0
background,O75460,U,False,False,,False,65,CTNND1,968,3654c491186ae9d8a1ff3ccfdd2d1fcaa05e4f792654a32899f5896089dc67e8,O60716,False,ERN1,977,22c28aa52b53dd8141c2770fa4a08a2acda67e6a17447dc5281cf52e0528390f,O75460,original_six,False,-2.1266504526138306,-2.978451649347941,0.4706343710422516,-15.718801498413086,-14.612667083740234,-15.557741165161133,-15.296403249104818,216.0,325.0,602.0,326.0
background,O75460,U,False,False,,False,66,FLYWCH1,716,fbc3b5ffe97201f1330a646ea8114b07df1b1fa7655d45077d7424c4b092643e,Q4VC44,False,ERN1,977,22c28aa52b53dd8141c2770fa4a08a2acda67e6a17447dc5281cf52e0528390f,O75460,original_six,False,-2.63037117322286,-2.1166536013285318,0.273892879486084,-12.549878120422363,-10.049670219421387,-13.84195327758789,-12.147167205810547,376.0,142.0,505.0,474.0
background,O75460,U,False,False,,False,67,ANO8,1232,18545f7c50cad0111776924314499f4e63c8ae8a0413898bfff795237b55965f,Q9HCE9,False,ERN1,977,22c28aa52b53dd8141c2770fa4a08a2acda67e6a17447dc5281cf52e0528390f,O75460,original_six,False,-2.516121784845988,-3.9817107518514,0.7498414516448975,-8.178333282470703,-8.069591522216797,-11.007650375366211,-9.08519172668457,331.0,521.0,176.0,39.0
background,O75460,U,False,False,,False,68,PRKD1,912,477a2267d854ab9f59546d492ceb1c1dd0ee875e86a7bbf326b8139012aadf84,Q15139,False,ERN1,977,22c28aa52b53dd8141c2770fa4a08a2acda67e6a17447dc5281cf52e0528390f,O75460,original_six,False,-1.9199668963750203,-2.937645196914673,0.6280278563499451,-9.384414672851562,-8.240579605102539,-9.131282806396484,-8.918759028116861,153.0,316.0,157.0,187.0
background,O75460,U,False,False,,False,69,ZNF546,836,a766c8ea257845256d06c7d55e443d28a1f299e30549085898dd1fd586ce8d7d,Q86UE3,False,ERN1,977,22c28aa52b53dd8141c2770fa4a08a2acda67e6a17447dc5281cf52e0528390f,O75460,original_six,False,-2.843465248743693,-3.8974196116129556,0.3437260687351227,-10.088757514953613,-9.243917465209961,-9.520676612854004,-9.617783864339193,446.0,509.0,236.0,413.0
background,O75460,U,False,False,,False,70,NPHP4,1426,6ee40481967f32ea0dbc6ec30ba321a05f35bb4ed92778cb1e2a75198de8d385,O75161,False,ERN1,977,22c28aa52b53dd8141c2770fa4a08a2acda67e6a17447dc5281cf52e0528390f,O75460,original_six,False,-1.8104554017384846,-2.789217193921407,0.5642961263656616,-12.864543914794922,-9.672410011291504,-9.39306354522705,-10.643339157104492,130.0,287.0,348.0,262.0
background,O75460,U,False,False,,False,71,DENND1A,1009,8045d07ae099a02086a892a1216bdeb41829d6f4669245f412cdb53484b5e289,Q8TEH3,False,ERN1,977,22c28aa52b53dd8141c2770fa4a08a2acda67e6a17447dc5281cf52e0528390f,O75460,original_six,False,-1.9004785219828289,-3.0735328992207847,0.4204251170158386,-9.505654335021973,-15.808837890625,-9.745636940002441,-11.686709721883139,146.0,350.0,462.0,362.0
background,O75460,U,False,False,,False,72,ENTPD2,495,9118a084943213445b9a9ee15dee9e1148c915c5d8ff341d76ddfe7ef4189eba,Q9Y5L3,False,ERN1,977,22c28aa52b53dd8141c2770fa4a08a2acda67e6a17447dc5281cf52e0528390f,O75460,original_six,False,-2.987383762995402,-3.480985403060913,0.7006575465202332,-7.349892616271973,-9.44698715209961,-10.568817138671875,-9.121898969014486,484.0,447.0,182.0,84.0
background,O75460,U,False,False,,False,73,EXO1,846,4dabd517c63ce9df6b95466e3fdd4fbb70c84dd7613c77a529d5421112611e4b,Q9UQ84,False,ERN1,977,22c28aa52b53dd8141c2770fa4a08a2acda67e6a17447dc5281cf52e0528390f,O75460,original_six,False,-2.9554409980773926,-4.682878573735555,0.3357933461666107,-11.890554428100586,-13.065964698791504,-10.628564834594727,-11.86169465382894,474.0,582.0,479.0,418.0
background,O75460,U,False,False,,False,74,ITGA6,1130,3bcf893bbd5bfc4d1a7e00fb90cb47ffe43ea31f8e4f81c02ce5da2791adfebd,P23229,False,ERN1,977,22c28aa52b53dd8141c2770fa4a08a2acda67e6a17447dc5281cf52e0528390f,O75460,original_six,False,-3.023666779200236,-3.9412298997243247,0.5919819474220276,-8.075934410095215,-8.866272926330566,-10.258779525756836,-9.066995620727539,494.0,517.0,175.0,231.0
background,O75460,U,False,False,,False,75,DLL4,685,c493b63e299b3245d088ff0cab36a90c477cd90b672953fe71ff07622e4e818e,Q9NR61,False,ERN1,977,22c28aa52b53dd8141c2770fa4a08a2acda67e6a17447dc5281cf52e0528390f,O75460,original_six,False,-2.3977831999460855,-3.3286259969075522,0.5578846335411072,-8.26208209991455,-8.091728210449219,-10.504669189453125,-8.952826499938965,295.0,411.0,162.0,272.0
background,O75460,U,False,False,,False,76,ANKRD13C,541,98323d3dbc08cc4bd4b2602194b5aea92207ea84ec93ef4c62c2b150281ccb85,Q8N6S4,False,ERN1,977,22c28aa52b53dd8141c2770fa4a08a2acda67e6a17447dc5281cf52e0528390f,O75460,original_six,False,-1.926882306734721,-3.173322916030884,0.6966972947120667,-9.451469421386719,-11.053098678588867,-11.633283615112305,-10.71261723836263,157.0,368.0,360.0,95.0
background,O75460,U,False,False,,False,77,EPHA6,1036,7dce62d2cd1df42b72172807b1526b4ea9063242c59cee37913cf90b8706ad60,Q9UF33,False,ERN1,977,22c28aa52b53dd8141c2770fa4a08a2acda67e6a17447dc5281cf52e0528390f,O75460,original_six,False,-1.7892260551452637,-4.1796847979227705,0.6215780377388,-10.007047653198242,-9.88354206085205,-12.048894882202148,-10.64649486541748,122.0,543.0,350.0,197.0
background,O75460,U,False,False,,False,78,CYP1B1,543,73f524005c243db14cdc8a45717ca3ddd75ce740e0ace508e73b30e04a641326,Q16678,False,ERN1,977,22c28aa52b53dd8141c2770fa4a08a2acda67e6a17447dc5281cf52e0528390f,O75460,original_six,False,-2.996807018915812,-3.583608627319336,0.6698858141899109,-10.173041343688965,-10.224957466125488,-10.191755294799805,-10.196584701538086,487.0,467.0,299.0,128.0
background,O75460,U,False,False,,False,79,SESN3,492,a0d0e02812c2504dafa0dcbe892d5d1c2199c37c846dc715d17386ff3a28d4a9,P58005,False,ERN1,977,22c28aa52b53dd8141c2770fa4a08a2acda67e6a17447dc5281cf52e0528390f,O75460,original_six,False,-2.5804473559061685,-3.9151572386423745,0.7262985706329346,-13.020108222961426,-8.555816650390625,-8.807732582092285,-10.127885818481445,361.0,513.0,292.0,63.0
background,O75460,U,False,False,,False,80,AP1G2,785,c0b2c9558f88d7d7477cec205e6eb71299cbd8adee69971565a02ba9d2a07740,O75843,False,ERN1,977,22c28aa52b53dd8141c2770fa4a08a2acda67e6a17447dc5281cf52e0528390f,O75460,original_six,False,-2.6326099236806235,-2.4713168144226074,0.7146298289299011,-7.734493732452393,-12.360111236572266,-10.16582202911377,-10.086808999379477,379.0,218.0,288.0,71.0
background,O75460,U,False,False,,False,81,MARK4,752,77dd8ddd63a06cb1506cc5925b59a5813c1142a912ebf29cb6dca84559dbebaa,Q96L34,False,ERN1,977,22c28aa52b53dd8141c2770fa4a08a2acda67e6a17447dc5281cf52e0528390f,O75460,original_six,False,-1.6785043478012085,-3.5544254779815674,0.5890729427337646,-10.797359466552734,-10.308780670166016,-15.070023536682129,-12.058721224466959,95.0,459.0,496.0,235.0
background,O75460,U,False,False,,False,82,ZSWIM6,1215,9eb3db4e82db78914de24e2d08c5515bd358ed6562a17c0f0a510547a86f7015,Q9HCJ5,False,ERN1,977,22c28aa52b53dd8141c2770fa4a08a2acda67e6a17447dc5281cf52e0528390f,O75460,original_six,False,-2.5695481300354004,-3.345078786214193,0.4389967620372772,-13.170816421508789,-9.062450408935547,-10.46617317199707,-10.899813334147135,351.0,420.0,379.0,348.0
background,O75460,U,False,False,,False,83,MAP3K11,847,1a32a0b33ebb4ddda7dfecb87ed99595da3dfc7c10e80c7fbc1ad3777f3990c3,Q16584,False,ERN1,977,22c28aa52b53dd8141c2770fa4a08a2acda67e6a17447dc5281cf52e0528390f,O75460,original_six,False,-1.6304751634597778,-3.054315725962321,0.5722566843032837,-9.500664710998535,-13.166791915893555,-12.80506706237793,-11.824174563090006,89.0,347.0,476.0,255.0
background,O75460,U,False,False,,False,84,SLC22A10,541,28b3ecfb656765f071415662f0b26ea840d1f54706bb544852b7cae800b1be98,Q63ZE4,False,ERN1,977,22c28aa52b53dd8141c2770fa4a08a2acda67e6a17447dc5281cf52e0528390f,O75460,original_six,False,-2.3887237707773843,-4.2481668790181475,0.697633683681488,-9.202580451965332,-9.039105415344238,-11.867281913757324,-10.036322593688965,292.0,548.0,281.0,93.0
background,O75460,U,False,False,,False,85,STK31,1019,dac5ab4de8de90c1e633ec3418bc50e468035dd48e191a2d542f4f67b758df2a,Q9BXU1,False,ERN1,977,22c28aa52b53dd8141c2770fa4a08a2acda67e6a17447dc5281cf52e0528390f,O75460,original_six,False,-1.2110023895899455,-1.8835020065307617,0.4838462471961975,-12.735066413879395,-12.063569068908691,-10.917448043823242,-11.90536117553711,35.0,103.0,481.0,318.0
background,O75460,U,False,False,,False,86,FAM91A1,838,d21e28a9e8e64456f11541b4a178eb8abf3e82be453c0f324c42965bf11c1212,Q658Y4,False,ERN1,977,22c28aa52b53dd8141c2770fa4a08a2acda67e6a17447dc5281cf52e0528390f,O75460,original_six,False,-1.7607948382695515,-1.656343658765157,0.6286629438400269,-11.212239265441895,-12.535893440246582,-7.947664737701416,-10.565265814463297,115.0,75.0,342.0,186.0
background,O75460,U,False,False,,False,87,DLAT,647,5a8dea87c82773b3185c3473c5c4cbf65c52dfe15f5c07e6833b017ef3610f59,P10515,False,ERN1,977,22c28aa52b53dd8141c2770fa4a08a2acda67e6a17447dc5281cf52e0528390f,O75460,original_six,False,-1.9622578223546345,-2.8968136310577393,0.4227394461631775,-11.90219783782959,-12.577103614807129,-11.896831512451172,-12.125377655029297,172.0,308.0,502.0,359.0
background,O75460,U,False,False,,False,88,SLC6A4,630,08ab69187b319cff68eba5e95e6d06f77a7a8e75e4b1a83c000f7ed2c160d37f,P31645,False,ERN1,977,22c28aa52b53dd8141c2770fa4a08a2acda67e6a17447dc5281cf52e0528390f,O75460,original_six,False,-3.8099136352539062,-4.1691062450408936,0.6103354692459106,-8.232969284057617,-7.610047340393066,-10.77534008026123,-8.872785568237305,591.0,542.0,153.0,208.0
background,O75460,U,False,False,,False,89,CCDC14,953,99051acf4ec774623effb0c70fdb3724538e95bb37235a6d4b710bf22ded7880,Q49A88,False,ERN1,977,22c28aa52b53dd8141c2770fa4a08a2acda67e6a17447dc5281cf52e0528390f,O75460,original_six,False,-2.508029063542684,-1.744634747505188,0.21898607909679413,-12.577695846557617,-11.470253944396973,-11.94333553314209,-11.997095108032227,329.0,82.0,493.0,529.0
background,O75460,U,False,False,,False,90,EIF4G3,1585,8b0c74f186b37b97f1296d024bddc1bee7913f6fd0f681fb0fe53766725d6175,O43432,False,ERN1,977,22c28aa52b53dd8141c2770fa4a08a2acda67e6a17447dc5281cf52e0528390f,O75460,original_six,False,-2.9013415972391763,-4.234023332595825,0.23629119992256165,-12.065433502197266,-10.422623634338379,-15.678458213806152,-12.722171783447266,465.0,546.0,545.0,516.0
background,O75460,U,False,False,,False,91,NUP160,1436,6b1115c8f358a5862c364bc25169803d828a2f97c0fbd38f5d49bf349b42053f,Q12769,False,ERN1,977,22c28aa52b53dd8141c2770fa4a08a2acda67e6a17447dc5281cf52e0528390f,O75460,original_six,False,-2.1745362281799316,-2.8972116311391196,0.7048879861831665,-8.858601570129395,-13.455801010131836,-11.54529857635498,-11.286567052205404,230.0,310.0,426.0,79.0
background,O75460,U,False,False,,False,92,ADAM11,769,542839c3ee046949cf05cf2306595924bc01b8bb55927716f0f69b2f389d4950,O75078,False,ERN1,977,22c28aa52b53dd8141c2770fa4a08a2acda67e6a17447dc5281cf52e0528390f,O75460,original_six,False,-2.070255716641744,-1.9337655703226726,0.6052916646003723,-7.938358306884766,-6.058254241943359,-10.321738243103027,-8.106116930643717,199.0,112.0,84.0,215.0
background,O75460,U,False,False,,False,93,PLAG1,500,886b146b2d6be78eee44f53ef4bbab1a2d868f998788de5597d7ea14daadac1a,Q6DJT9,False,ERN1,977,22c28aa52b53dd8141c2770fa4a08a2acda67e6a17447dc5281cf52e0528390f,O75460,original_six,False,-2.464300791422526,-2.5871167182922363,0.2396032065153122,-12.988418579101562,-11.10024642944336,-14.326037406921387,-12.804900805155436,315.0,250.0,551.0,514.0
background,O75460,U,False,False,,False,94,REXO1,1221,a0b16eab8b7a0624814406a98a79415a872982fa2749c3aa59b1b163e47a7b44,Q8N1G1,False,ERN1,977,22c28aa52b53dd8141c2770fa4a08a2acda67e6a17447dc5281cf52e0528390f,O75460,original_six,False,-2.741478681564331,-3.582732677459717,0.15809941291809082,-13.10203742980957,-13.17227840423584,-14.308672904968262,-13.527662913004557,416.0,466.0,580.0,571.0
background,O75460,U,False,False,,False,95,ACVRL1,503,41225f390d79410ec5e7bfef7e5f05341e7142207310e2a3d53bb09826db1795,P37023,False,ERN1,977,22c28aa52b53dd8141c2770fa4a08a2acda67e6a17447dc5281cf52e0528390f,O75460,original_six,False,-1.550112287203471,-3.1763649781545005,0.7613234519958496,-11.672998428344727,-7.6589436531066895,-10.580034255981445,-9.970658779144287,75.0,371.0,269.0,28.0
background,O75460,U,False,False,,False,96,ZNF287,761,7f612b357f64643d66f37139541cd96e39113ccffb8034e10034a929def21430,Q9HBT7,False,ERN1,977,22c28aa52b53dd8141c2770fa4a08a2acda67e6a17447dc5281cf52e0528390f,O75460,original_six,False,-2.376230160395304,-2.993298610051473,0.2643069624900818,-10.48416805267334,-10.613693237304688,-10.215317726135254,-10.437726338704428,289.0,329.0,331.0,482.0
background,O75460,U,False,False,,False,97,TFRC,760,c6a44b119bef130274a956ef9023aa7b51713ae3ba54bf0da32d5ebdbf133834,P02786,False,ERN1,977,22c28aa52b53dd8141c2770fa4a08a2acda67e6a17447dc5281cf52e0528390f,O75460,original_six,False,-2.6450297037760415,-2.766726573308309,0.6572734713554382,-6.966966152191162,-6.6746978759765625,-7.988135814666748,-7.209933280944824,383.0,282.0,39.0,150.0
background,O75460,U,False,False,,False,98,KCNH1,989,9b003c04637e5c30926a40a89d17b8e36e7ec8a943b37a317411daf0ca3af4bd,O95259,False,ERN1,977,22c28aa52b53dd8141c2770fa4a08a2acda67e6a17447dc5281cf52e0528390f,O75460,original_six,False,-2.1248891353607178,-3.3409759998321533,0.7748181223869324,-9.713988304138184,-8.579610824584961,-6.561549186706543,-8.285049438476562,214.0,418.0,96.0,20.0
background,O75460,U,False,False,,False,99,DIAPH1,1272,357ce03cfd67b6d026f5c7955ec9e7660f332ff0399f68d9ca27b8c1f25cdb2d,O60610,False,ERN1,977,22c28aa52b53dd8141c2770fa4a08a2acda67e6a17447dc5281cf52e0528390f,O75460,original_six,False,-3.737282673517863,-4.93360169728597,0.38739609718322754,-14.182397842407227,-12.630967140197754,-13.548471450805664,-13.453945477803549,587.0,593.0,575.0,387.0
background,O75460,U,False,False,,False,100,PHTF2,785,2dfea76dc43cb8d63f9b9114dd83295ea712edab59a0127c0135f203f70fb45b,Q8N3S3,False,ERN1,977,22c28aa52b53dd8141c2770fa4a08a2acda67e6a17447dc5281cf52e0528390f,O75460,original_six,False,-2.2620073159535727,-3.1750782330830893,0.6096742749214172,-6.252982139587402,-6.350285530090332,-9.47378921508789,-7.359018961588542,249.0,370.0,45.0,210.0
background,O75460,U,False,False,,False,101,PGLYRP2,576,b90fb57dc07c1c66d2272fc5c461cde478d56d1ff9aede9cecb01cf41bd3ec89,Q96PD5,False,ERN1,977,22c28aa52b53dd8141c2770fa4a08a2acda67e6a17447dc5281cf52e0528390f,O75460,original_six,False,-3.244192202885946,-4.9873043696085615,0.699522852897644,-10.61892032623291,-9.420516014099121,-12.662168502807617,-10.900534947713217,539.0,595.0,380.0,88.0
background,O75460,U,False,False,,False,102,PHACTR4,702,b6efeb5bb9b9052a822318fdb55045fe6bcaa9e9db2f86de2048d2908831dafb,Q8IZ21,False,ERN1,977,22c28aa52b53dd8141c2770fa4a08a2acda67e6a17447dc5281cf52e0528390f,O75460,original_six,False,-3.366427501042684,-5.162852923075358,0.4323762059211731,-8.885279655456543,-10.604636192321777,-9.526698112487793,-9.672204653422037,557.0,598.0,239.0,354.0
background,O75460,U,False,False,,False,103,KANK1,1352,b213f7af19f6982b0752f88db6d29a8f9ca1eeea0643d4366e1c7b81a1be4ca3,Q14678,False,ERN1,977,22c28aa52b53dd8141c2770fa4a08a2acda67e6a17447dc5281cf52e0528390f,O75460,original_six,False,-1.74203356107076,-1.9550831317901611,0.387799471616745,-12.649007797241211,-10.837127685546875,-11.230899810791016,-11.572345097859701,110.0,116.0,450.0,386.0
background,O75460,U,False,False,,False,104,ROCK2,1388,2674aa9015e37da743be74d67bce80b3cb35df6161e9182af9b87d25cb645d52,O75116,False,ERN1,977,22c28aa52b53dd8141c2770fa4a08a2acda67e6a17447dc5281cf52e0528390f,O75460,original_six,False,-1.6080141464869182,-2.594639460245768,0.5449740290641785,-13.860915184020996,-9.273677825927734,-15.078441619873047,-12.737678209940592,85.0,254.0,548.0,285.0
context,P11021,U,False,False,,False,105,POGLUT1,392,74b1b43374bb90b3d4eab7556eb4557d2f3c3f1f4d8503df9df7beb895e0a6a6,Q8NBL1,False,ERN1,977,22c28aa52b53dd8141c2770fa4a08a2acda67e6a17447dc5281cf52e0528390f,O75460,original_six,False,-3.2227072715759277,-3.1823767820994058,0.5921058058738708,-8.094385147094727,-6.9497504234313965,-10.3971586227417,-8.480431397755941,538.0,372.0,106.0,230.0
context,P11021,U,False,False,,False,106,SIRT6,355,7fd5d2b9e2c38a655a96b3f8b84b4a048aaec9f877d23df942f455338e86448c,Q8N6T7,False,ERN1,977,22c28aa52b53dd8141c2770fa4a08a2acda67e6a17447dc5281cf52e0528390f,O75460,original_six,False,-2.2901538213094077,-1.9734750191370647,0.28459393978118896,-9.791659355163574,-11.96900749206543,-10.134757995605469,-10.631808280944824,261.0,119.0,347.0,462.0
context,P11021,U,False,False,,False,107,ATG14,492,2de6a928e25b7a0c06078c7d09916a20a82a6406e83974139802650f8bfb9476,Q6ZNE5,False,ERN1,977,22c28aa52b53dd8141c2770fa4a08a2acda67e6a17447dc5281cf52e0528390f,O75460,original_six,False,-1.4594438473383586,-1.900738040606181,0.33939751982688904,-11.45602798461914,-10.75322151184082,-11.438673973083496,-11.215974489847818,64.0,107.0,417.0,415.0
context,P11021,U,False,False,,False,108,MTMR9,549,d6971f6c91179834dcdd3da3b4cf844e3155a1d1ae70b6d260b687bef1093e26,Q96QG7,False,ERN1,977,22c28aa52b53dd8141c2770fa4a08a2acda67e6a17447dc5281cf52e0528390f,O75460,original_six,False,-2.6280669371287027,-3.564673980077108,0.5932796597480774,-12.591675758361816,-10.719744682312012,-10.596206665039062,-11.302542368570963,374.0,463.0,429.0,228.0
context,P11021,U,False,False,,False,109,PRSS50,385,bbda8a7b966b7d0b1af94719be6cc3df76ee96fe5ea90625f6c75539e33146d1,Q9UI38,False,ERN1,977,22c28aa52b53dd8141c2770fa4a08a2acda67e6a17447dc5281cf52e0528390f,O75460,original_six,False,-2.1152062813440957,-4.206875324249268,0.6646619439125061,-6.1975507736206055,-5.759629726409912,-11.105500221252441,-7.687560240427653,210.0,545.0,61.0,142.0
context,P11021,U,False,False,,False,110,SCYL1,808,2db248b94afe51e8de43b191dc0cf29563f1bc90172a81678ec98a3571a23b77,Q96KG9,False,ERN1,977,22c28aa52b53dd8141c2770fa4a08a2acda67e6a17447dc5281cf52e0528390f,O75460,original_six,False,-0.8882705171902975,-1.055083155632019,0.7501876354217529,-6.513427734375,-6.663652420043945,-9.170397758483887,-7.449159304300944,12.0,23.0,48.0,38.0
context,P11021,U,False,False,,False,111,TRIM32,653,b0a74f6ce4ec1827e15043ff49b27995b5224dda9fd665c4c8d73692b72e47d9,Q13049,False,ERN1,977,22c28aa52b53dd8141c2770fa4a08a2acda67e6a17447dc5281cf52e0528390f,O75460,original_six,False,-1.2036376396814983,-1.0541323721408844,0.5769010782241821,-6.058027267456055,-8.363466262817383,-8.421133041381836,-7.614208857218425,33.0,22.0,56.0,248.0
context,P11021,U,False,False,,False,112,NHLRC1,395,bb3a6b98daf512c278e514c68d96e48ee8016746c901272729c05f0f37bac1a5,Q6VVB1,False,ERN1,977,22c28aa52b53dd8141c2770fa4a08a2acda67e6a17447dc5281cf52e0528390f,O75460,original_six,False,-1.3180759747823079,-1.7819093863169353,0.4677874743938446,-11.689986228942871,-7.570494651794434,-9.457554817199707,-9.572678565979004,45.0,89.0,233.0,328.0
context,P11021,U,False,False,,False,113,SULF2,870,feb4066144098bba1a571e1a440ceef4bceb7715ed076bcb0ee3d61ec3a1c25c,Q8IWU5,False,ERN1,977,22c28aa52b53dd8141c2770fa4a08a2acda67e6a17447dc5281cf52e0528390f,O75460,original_six,False,-2.1022047201792398,-3.5335400104522705,0.651993453502655,-11.598286628723145,-8.658870697021484,-9.252142906188965,-9.836433410644531,205.0,456.0,259.0,160.0
context,P11021,U,False,False,,False,114,CYP2C18,490,c08d37e9b9741f4a5127f595dc2455f6f63f204e585751c7b1c65e1e661c8a1e,P33260,False,ERN1,977,22c28aa52b53dd8141c2770fa4a08a2acda67e6a17447dc5281cf52e0528390f,O75460,original_six,False,-3.2945844332377114,-3.507822593053182,0.6764015555381775,-12.603837013244629,-8.375432968139648,-10.160637855529785,-10.379969278971354,550.0,451.0,324.0,119.0
context,P11021,U,False,False,,False,115,TESPA1,521,4f20532bf67f0a4a8ef99ffebfb483fdeb3dacaf047796ec16c20643da50231b,A2RU30,False,ERN1,977,22c28aa52b53dd8141c2770fa4a08a2acda67e6a17447dc5281cf52e0528390f,O75460,original_six,False,-3.1167808373769126,-3.7086807092030845,0.5538363456726074,-11.688931465148926,-11.813015937805176,-10.716827392578125,-11.406258265177408,517.0,484.0,439.0,277.0
context,P11021,U,False,False,,False,116,CYP26A1,497,90595514e8943fb2a0668dc14ea9841297ca49846d9007639f566f839f2e667d,O43174,False,ERN1,977,22c28aa52b53dd8141c2770fa4a08a2acda67e6a17447dc5281cf52e0528390f,O75460,original_six,False,-3.90352733929952,-4.8750505447387695,0.7234670519828796,-10.175753593444824,-9.913236618041992,-10.717000007629395,-10.26866340637207,595.0,591.0,308.0,66.0
context,P11021,U,False,False,,False,117,CYP2F1,491,60ea8958054d736688de83376908b37422e99c61dde8bf72e793cb3f60b14386,P24903,False,ERN1,977,22c28aa52b53dd8141c2770fa4a08a2acda67e6a17447dc5281cf52e0528390f,O75460,original_six,False,-2.966089407602946,-3.7339328130086265,0.6425159573554993,-9.947720527648926,-8.324482917785645,-10.968582153320312,-9.746928532918295,478.0,489.0,246.0,169.0
context,P11021,U,False,False,,False,118,NPHS2,383,15f5c53738a62526097bdc539dd45c98c868f53f7213cdaf66a13d9f2b8cb823,Q9NP85,False,ERN1,977,22c28aa52b53dd8141c2770fa4a08a2acda67e6a17447dc5281cf52e0528390f,O75460,original_six,False,-2.2332448959350586,-3.217717965443929,0.8258811831474304,-8.05406379699707,-6.233054161071777,-11.589734077453613,-8.625617345174154,244.0,384.0,122.0,6.0
context,P11021,U,False,False,,False,119,CYP2J2,502,f564a44324d90f58ffeeb59e3b73f18eb5169ccd9fdd41b7628e3074aeb0364a,P51589,False,ERN1,977,22c28aa52b53dd8141c2770fa4a08a2acda67e6a17447dc5281cf52e0528390f,O75460,original_six,False,-3.0154656569163003,-3.812816063563029,0.7058250308036804,-10.703207015991211,-9.368914604187012,-10.56466007232666,-10.212260564168295,489.0,495.0,301.0,78.0
context,P11021,U,False,False,,False,120,ASPSCR1,553,830169046896684f4a3c5c01aebe5d6b59425649ec23c51e045327b58b106c5e,Q9BZE9,False,ERN1,977,22c28aa52b53dd8141c2770fa4a08a2acda67e6a17447dc5281cf52e0528390f,O75460,original_six,False,-2.5876144568125405,-3.1744741598765054,0.5973339080810547,-12.565993309020996,-10.407135009765625,-10.887114524841309,-11.286747614542643,362.0,369.0,427.0,226.0
context,P11021,U,False,False,,False,121,PDIA4,645,1472bfb4221c016f5ebb6e6dc7805c7150cf0d85ffe213f10d40efa763d08784,P13667,False,ERN1,977,22c28aa52b53dd8141c2770fa4a08a2acda67e6a17447dc5281cf52e0528390f,O75460,original_six,False,-0.9680306514104208,-1.283816655476888,0.6232499480247498,-7.713248252868652,-6.358700752258301,-9.217803001403809,-7.763250668843587,19.0,39.0,62.0,193.0
context,P11021,U,False,False,,False,122,RSAD2,361,33d2b64547640d7624a234de6e3466d9a330107597bc8de8dd574d3c4ecfa059,Q8WXG1,False,ERN1,977,22c28aa52b53dd8141c2770fa4a08a2acda67e6a17447dc5281cf52e0528390f,O75460,original_six,False,-2.4276203314463296,-2.8946522871653237,0.7784015536308289,-9.995620727539062,-10.375801086425781,-9.773955345153809,-10.04845905303955,304.0,307.0,283.0,18.0
context,P11021,U,False,False,,False,123,RCN3,328,d6da6a2fced1f7b216597e40cab25c23a20409214ce5f405d56f7482d02c5980,Q96D15,False,ERN1,977,22c28aa52b53dd8141c2770fa4a08a2acda67e6a17447dc5281cf52e0528390f,O75460,original_six,False,-1.1427667140960693,-1.5743638674418132,0.8073483109474182,-8.492364883422852,-10.289185523986816,-10.049038887023926,-9.610196431477865,28.0,66.0,235.0,9.0
context,P11021,U,False,False,,False,124,KLHL14,628,7c67c11306a6f55981496a7da28921921bfeafc7e118b111c03bbe6dcd9c6e27,Q9P2G3,False,ERN1,977,22c28aa52b53dd8141c2770fa4a08a2acda67e6a17447dc5281cf52e0528390f,O75460,original_six,False,-2.163095474243164,-2.0483162800470986,0.5131540298461914,-9.208459854125977,-9.586477279663086,-9.402377128601074,-9.399104754130045,229.0,130.0,210.0,300.0
context,P11021,U,False,False,,False,125,CALR,417,9e4dcfd5cc4649a55d52b7f6f58a5d66513f3553779f6df1a35c8924e2d62ff3,P27797,False,ERN1,977,22c28aa52b53dd8141c2770fa4a08a2acda67e6a17447dc5281cf52e0528390f,O75460,original_six,False,-2.2836466630299888,-2.650381644566854,0.5199359655380249,-8.843557357788086,-6.655055046081543,-8.189051628112793,-7.895888010660808,259.0,263.0,70.0,298.0
context,P11021,U,False,False,,False,126,SEC24D,1032,7f8a9ebd755d7c899b10daacb5fb813b759a91b882877dad32f3e105d2a561de,O94855,False,ERN1,977,22c28aa52b53dd8141c2770fa4a08a2acda67e6a17447dc5281cf52e0528390f,O75460,original_six,False,-2.816334088643392,-3.496089458465576,0.39506086707115173,-14.5640869140625,-16.234256744384766,-14.626587867736816,-15.141643842061361,438.0,450.0,601.0,376.0
context,P11021,U,False,False,,False,127,PLOD3,738,6b58a1f57869f3cfba8c0c782c944798a38fba9c8eac19a5bf343290ef510aa6,O60568,False,ERN1,977,22c28aa52b53dd8141c2770fa4a08a2acda67e6a17447dc5281cf52e0528390f,O75460,original_six,False,-1.7200716336568196,-1.301567057768504,0.6862819194793701,-8.930551528930664,-5.800784587860107,-8.884597778320312,-7.871977965037028,105.0,40.0,66.0,109.0
context,P11021,U,False,False,,False,128,SRP68,627,177182f2e0d12604c87ebcdde64aa477d1e60e8d7e608e0fe47012adf2af108c,Q9UHB9,False,ERN1,977,22c28aa52b53dd8141c2770fa4a08a2acda67e6a17447dc5281cf52e0528390f,O75460,original_six,False,-2.953194538752238,-3.8119134108225503,0.5408694744110107,-9.04450798034668,-13.656862258911133,-11.390013694763184,-11.363794644673666,473.0,494.0,436.0,289.0
context,P11021,U,False,False,,False,129,LGI1,557,be2b5af00fb4e6787f690b9e7fd2b4974e3ac4140e48efeab537d24e474891e9,O95970,False,ERN1,977,22c28aa52b53dd8141c2770fa4a08a2acda67e6a17447dc5281cf52e0528390f,O75460,original_six,False,-2.118327776590983,-3.0739298661549888,0.501832127571106,-7.667651176452637,-10.383796691894531,-8.72634220123291,-8.92593002319336,211.0,351.0,158.0,309.0
context,P11021,U,False,False,,False,130,GASK1A,575,1fa369344ed1a83afcb01ccf81e646acc6bc574b02a415bca416bac7708c4d19,Q9UFP1,False,ERN1,977,22c28aa52b53dd8141c2770fa4a08a2acda67e6a17447dc5281cf52e0528390f,O75460,original_six,False,-2.189188520113627,-2.5807355642318726,0.687480092048645,-7.341434001922607,-7.58662748336792,-11.966358184814453,-8.96480655670166,233.0,248.0,163.0,106.0
context,P11021,U,False,False,,False,131,RASGRP1,797,96f141ab5d22c275327742400d5a75c2015cce965e640c79719026e408f80c74,O95267,False,ERN1,977,22c28aa52b53dd8141c2770fa4a08a2acda67e6a17447dc5281cf52e0528390f,O75460,original_six,False,-3.0060629844665527,-4.196265538533528,0.6222084164619446,-8.198958396911621,-9.371726036071777,-8.296398162841797,-8.622360865275065,488.0,544.0,119.0,195.0
context,P11021,U,False,False,,False,132,AZIN2,460,2f394645aafda19996487ea7278df71a30e34f0ce3f6821956b5965ccd1c5bcc,Q96A70,False,ERN1,977,22c28aa52b53dd8141c2770fa4a08a2acda67e6a17447dc5281cf52e0528390f,O75460,original_six,False,-2.9655898412068686,-2.654817978541056,0.4686807692050934,-11.806894302368164,-9.690095901489258,-10.319672584533691,-10.605554262797037,477.0,264.0,345.0,327.0
context,P11021,U,False,False,,False,133,DDN,711,d7d8eac6be4b9ee749dbcbfbac9cdfcebec850b54e6455e4fb198be9fab32444,O94850,False,ERN1,977,22c28aa52b53dd8141c2770fa4a08a2acda67e6a17447dc5281cf52e0528390f,O75460,original_six,False,-2.521970828374227,-3.0120763778686523,0.43283432722091675,-13.88634204864502,-11.915301322937012,-13.129976272583008,-12.977206548055014,335.0,338.0,560.0,353.0
context,P11021,U,False,False,,False,134,COLGALT1,622,453b958bb2a141ec6b679b59f46f5be7de535e55909b55918a8a66c684791f0d,Q8NBJ5,False,ERN1,977,22c28aa52b53dd8141c2770fa4a08a2acda67e6a17447dc5281cf52e0528390f,O75460,original_six,False,-2.3360164165496826,-2.439814885457357,0.675690770149231,-8.545504570007324,-6.415574073791504,-11.568745613098145,-8.84327475229899,274.0,213.0,148.0,120.0
context,P11021,U,False,False,,False,135,P3H1,736,d14206d7b4acb7b71e9d3f713996f62304026f7fc194413e8ff63c7c3f276ed9,Q32P28,False,ERN1,977,22c28aa52b53dd8141c2770fa4a08a2acda67e6a17447dc5281cf52e0528390f,O75460,original_six,False,-0.8905604283014933,-2.025779128074646,0.7532378435134888,-9.57016372680664,-12.794158935546875,-13.3657865524292,-11.910036404927572,13.0,128.0,482.0,35.0
context,P11021,U,False,False,,False,136,CTTN,550,964648eb0a84a59a5448cd47227bece6e0e3b9d2e09846e5f4cff9ed6d9b9613,Q14247,False,ERN1,977,22c28aa52b53dd8141c2770fa4a08a2acda67e6a17447dc5281cf52e0528390f,O75460,original_six,False,-2.4782901604970298,-3.3952506383260093,0.23210261762142181,-14.38318920135498,-13.143392562866211,-14.357683181762695,-13.961421648661295,320.0,433.0,589.0,520.0
context,P11021,U,False,False,,False,137,MMP27,513,dab1275dda89107f6938e71f53c53c9ad81e58c6915b5bf6e595a73b04bf08c3,Q9H306,False,ERN1,977,22c28aa52b53dd8141c2770fa4a08a2acda67e6a17447dc5281cf52e0528390f,O75460,original_six,False,-2.4843488534291587,-3.3855230808258057,0.6222413778305054,-8.227753639221191,-9.44893741607666,-10.1925630569458,-9.289751370747885,322.0,431.0,200.0,194.0
context,P11021,U,False,False,,False,138,CYP26B1,512,7480a730a3a3dfb0c79d6f8e88e671b83d8e65cf1a2b0a6facc439bf0260e691,Q9NR63,False,ERN1,977,22c28aa52b53dd8141c2770fa4a08a2acda67e6a17447dc5281cf52e0528390f,O75460,original_six,False,-2.8671651681264243,-4.146456400553386,0.7555016279220581,-9.42304801940918,-8.766100883483887,-10.499590873718262,-9.562913258870443,455.0,538.0,229.0,33.0
context,P11021,U,False,False,,False,139,PIP4K2C,421,7c1523d7d6bd86df82bb78f6bc72691ee4cfa9ad4bb95aabc4dc3e64d1bf831b,Q8TBX8,False,ERN1,977,22c28aa52b53dd8141c2770fa4a08a2acda67e6a17447dc5281cf52e0528390f,O75460,original_six,False,-2.6889116764068604,-2.421168327331543,0.6153217554092407,-12.393112182617188,-8.471552848815918,-12.830265998840332,-11.231643676757812,398.0,207.0,421.0,206.0
context,P11021,U,False,False,,False,140,CYP3A43,503,4a7860b9e74360383babcf0cb6fa1a6eeabf3e378208e8ba070dcc316944ef2a,Q9HB55,False,ERN1,977,22c28aa52b53dd8141c2770fa4a08a2acda67e6a17447dc5281cf52e0528390f,O75460,original_six,False,-2.9796880086263022,-3.3813520272572837,0.7339047789573669,-11.57248592376709,-7.915217399597168,-9.20363712310791,-9.563780148824057,482.0,429.0,230.0,51.0
context,P11021,U,False,False,,False,141,LSG1,658,c058c845824e8c11ef38394a46fe983eed29129e67ca3848f4f91dd501c4f596,Q9H089,False,ERN1,977,22c28aa52b53dd8141c2770fa4a08a2acda67e6a17447dc5281cf52e0528390f,O75460,original_six,False,-2.6969483693440757,-3.3135849634806314,0.5855210423469543,-11.331223487854004,-10.477715492248535,-8.974540710449219,-10.261159896850586,400.0,406.0,306.0,236.0
context,P11021,U,False,False,,False,142,AHCY,432,508eb2a99745279ef9faaa5ae4285a6d847947af786a055bdc08b54ceaf46c1b,P23526,False,ERN1,977,22c28aa52b53dd8141c2770fa4a08a2acda67e6a17447dc5281cf52e0528390f,O75460,original_six,False,-1.9159406423568726,-1.3731199105580647,0.4091727137565613,-10.174166679382324,-8.195802688598633,-7.574390411376953,-8.648119926452637,152.0,46.0,127.0,369.0
context,P11021,U,False,False,,False,143,NCK2,380,70aa174a44771812cb4fb908fdb291708f563e2126dd377493b5cbbeef5ecd79,O43639,False,ERN1,977,22c28aa52b53dd8141c2770fa4a08a2acda67e6a17447dc5281cf52e0528390f,O75460,original_six,False,-1.2399139006932576,0.22323644161224365,0.345595121383667,-5.469215393066406,-8.846763610839844,-6.709367752075195,-7.0084489186604815,41.0,6.0,33.0,409.0
context,P11021,U,False,False,,False,144,UBA5,404,06420fad5cced81a561f08da463589adfb5f7ff4c1cbc48b6a3668c3ae82f34d,Q9GZZ9,False,ERN1,977,22c28aa52b53dd8141c2770fa4a08a2acda67e6a17447dc5281cf52e0528390f,O75460,original_six,False,-2.290989955266317,-1.5953495701154072,0.5830546021461487,-10.857234001159668,-6.2027082443237305,-11.328007698059082,-9.462649981180826,262.0,68.0,216.0,238.0
context,P11021,U,False,False,,False,145,CYP2W1,490,eeb666febf7ab51317422e0d871b59d395f3c4ea2ee6a77181e1389b4360bcbe,Q8TAV3,False,ERN1,977,22c28aa52b53dd8141c2770fa4a08a2acda67e6a17447dc5281cf52e0528390f,O75460,original_six,False,-2.025092879931132,-2.429859240849813,0.638454794883728,-9.686217308044434,-8.771462440490723,-7.885465621948242,-8.781048456827799,191.0,211.0,141.0,174.0
context,P11021,U,False,False,,False,146,SQSTM1,440,132b33dc385f6eefd61da6f86da8a8fe87e581ee873a464d1fb63cbb3279dcc9,Q13501,False,ERN1,977,22c28aa52b53dd8141c2770fa4a08a2acda67e6a17447dc5281cf52e0528390f,O75460,original_six,False,-1.3360790014266968,-2.1491117080052695,0.6127834916114807,-12.029661178588867,-10.299755096435547,-11.132118225097656,-11.153844833374023,47.0,151.0,410.0,207.0
context,P11021,U,False,False,,False,147,UFL1,794,0d2f7460697f2bd35c883d293a472313078b5fa49207c09e04a485d9637cf5e0,O94874,False,ERN1,977,22c28aa52b53dd8141c2770fa4a08a2acda67e6a17447dc5281cf52e0528390f,O75460,original_six,False,-2.620407819747925,-3.8275977770487466,0.4769432842731476,-12.272789001464844,-11.232895851135254,-11.706979751586914,-11.737554868062338,372.0,498.0,468.0,321.0
context,P11021,U,False,False,,False,148,POFUT1,388,0e4098eb7ab459f625f0716b20db74682b2bf34e20e171d226839d9f2248d3fd,Q9H488,False,ERN1,977,22c28aa52b53dd8141c2770fa4a08a2acda67e6a17447dc5281cf52e0528390f,O75460,original_six,False,-3.210874636967977,-3.711692730585734,0.6908315420150757,-8.108596801757812,-8.183612823486328,-10.882489204406738,-9.058232943216959,535.0,486.0,171.0,101.0
context,P11021,U,False,False,,False,149,ZC3H12A,599,1797384f7b9e5b60d6d13f7c463e8bb75f7155a4a4cc98ec6880b1b389cc9f28,Q5D1E8,False,ERN1,977,22c28aa52b53dd8141c2770fa4a08a2acda67e6a17447dc5281cf52e0528390f,O75460,original_six,False,-2.262568235397339,-2.5588149627049765,0.21194173395633698,-11.967251777648926,-16.795089721679688,-13.087200164794922,-13.949847221374512,250.0,240.0,588.0,533.0
context,P11021,U,False,False,,False,150,CLEC18A,446,aed31efa74da933ca75fc53eebe356eba6ab199785690552d2ceb8d91d9fc98b,A5D8T8,False,ERN1,977,22c28aa52b53dd8141c2770fa4a08a2acda67e6a17447dc5281cf52e0528390f,O75460,original_six,False,-3.7488444646199546,-5.5610965092976885,0.5087694525718689,-9.90395450592041,-10.042941093444824,-10.794929504394531,-10.247275034586588,588.0,603.0,302.0,302.0
context,P11021,U,False,False,,False,151,GORASP2,452,caf4d85e3086d7b83a32e29a4e9da3d958ab3626c9a2e88e9a5294433643c21b,Q9H8Y8,False,ERN1,977,22c28aa52b53dd8141c2770fa4a08a2acda67e6a17447dc5281cf52e0528390f,O75460,original_six,False,-0.04554210292796294,-1.0912197430928547,0.6487762928009033,-9.542489051818848,-14.541504859924316,-9.255414962768555,-11.113136291503906,1.0,27.0,405.0,164.0
context,P11021,U,False,False,,False,152,HYAL3,417,cb91d0170a7ca939a81de4ed14dbb8da32f7d4765d5a992ff70c71134725ec6a,O43820,False,ERN1,977,22c28aa52b53dd8141c2770fa4a08a2acda67e6a17447dc5281cf52e0528390f,O75460,original_six,False,-2.5650413036346436,-2.566216826438904,0.5561347007751465,-7.73093318939209,-8.14418888092041,-12.696881294250488,-9.524001121520996,348.0,243.0,224.0,275.0
context,P11021,U,False,False,,False,153,CYP1A1,512,716474a92aa109ca90555f9e40d02a8a4c8cce8f2e210fd0e12a3eeb77abe4d1,P04798,False,ERN1,977,22c28aa52b53dd8141c2770fa4a08a2acda67e6a17447dc5281cf52e0528390f,O75460,original_six,False,-2.987737496693929,-4.439487298329671,0.6555976271629333,-12.085472106933594,-8.080108642578125,-11.160022735595703,-10.44186782836914,485.0,565.0,332.0,156.0
context,P11021,U,False,False,,False,154,LPIN1,890,5457438de1799e96a2b646334d3e1666a75ff0b052a06eff0abb307ac2d91aa7,Q14693,False,ERN1,977,22c28aa52b53dd8141c2770fa4a08a2acda67e6a17447dc5281cf52e0528390f,O75460,original_six,False,-1.747919996579488,-3.0432441234588623,0.6626977324485779,-12.170730590820312,-9.871393203735352,-8.360376358032227,-10.134166717529297,112.0,343.0,293.0,145.0
background,P11021,U,False,False,,False,155,TMC8,726,a7f9ad27b1e1aeedf0a324ce44599f34ecda3d2b812f979d6e9237e19d5e1b48,Q8IU68,False,ERN1,977,22c28aa52b53dd8141c2770fa4a08a2acda67e6a17447dc5281cf52e0528390f,O75460,original_six,False,-3.1747748851776123,-2.347477078437805,0.6867765784263611,-7.7744460105896,-10.62796401977539,-11.039080619812012,-9.813830216725668,526.0,191.0,255.0,108.0
background,P11021,U,False,False,,False,156,DLX2,328,c5673d618b9612ced565b57846643ad1678d1bbe36587bbf389bcb566ccc83b0,Q07687,False,ERN1,977,22c28aa52b53dd8141c2770fa4a08a2acda67e6a17447dc5281cf52e0528390f,O75460,original_six,False,-0.621943732102712,0.34263304869333905,0.2504912316799164,-12.736809730529785,-7.574676513671875,-9.569775581359863,-9.960420608520508,6.0,5.0,268.0,501.0
background,P11021,U,False,False,,False,157,ETV6,452,3ac5f4d2220a6ea7ad1f4e1c239d4647fdfa0933104f23c67a5331e952653077,P41212,False,ERN1,977,22c28aa52b53dd8141c2770fa4a08a2acda67e6a17447dc5281cf52e0528390f,O75460,original_six,False,-1.8436486721038818,-3.625003973642985,0.22327464818954468,-12.318014144897461,-11.478812217712402,-13.960412979125977,-12.58574644724528,139.0,473.0,533.0,527.0
background,P11021,U,False,False,,False,158,OSBPL10,764,4b255dfc901580a6449343830a227f975008ed38df7ec371dcbb1158e93fac8a,Q9BXB5,False,ERN1,977,22c28aa52b53dd8141c2770fa4a08a2acda67e6a17447dc5281cf52e0528390f,O75460,original_six,False,-2.078143835067749,-2.9244898557662964,0.6754903793334961,-9.406311988830566,-8.438920974731445,-8.555787086486816,-8.800340016682943,201.0,314.0,145.0,121.0
background,P11021,U,False,False,,False,159,HLX,488,04717c0ddf0ddaeae5f96c6b87133d9cb667e89a8e7cc4a89d2ee682474a710f,Q14774,False,ERN1,977,22c28aa52b53dd8141c2770fa4a08a2acda67e6a17447dc5281cf52e0528390f,O75460,original_six,False,-2.017295241355896,-1.092972457408905,0.17374952137470245,-8.070845603942871,-9.916105270385742,-11.686881065368652,-9.891277313232422,188.0,29.0,265.0,562.0
background,P11021,U,False,False,,False,160,MMP15,669,c7a24b9f557494013d63ce1e29fbbac480d96ced03f9f37be20eb682f5dbd4ee,P51511,False,ERN1,977,22c28aa52b53dd8141c2770fa4a08a2acda67e6a17447dc5281cf52e0528390f,O75460,original_six,False,-2.6536827882130942,-3.8224247296651206,0.6986674666404724,-6.926769733428955,-5.75622034072876,-11.725324630737305,-8.136104901631674,386.0,497.0,86.0,91.0
background,P11021,U,False,False,,False,161,PELI2,420,e1ea71e01000795bc10bf185f1fab3a4d3d8708bbc36915eedd3d3cb05aaa913,Q9HAT8,False,ERN1,977,22c28aa52b53dd8141c2770fa4a08a2acda67e6a17447dc5281cf52e0528390f,O75460,original_six,False,-1.757004976272583,-1.7684068381786346,0.19613447785377502,-11.992416381835938,-9.432931900024414,-10.711836814880371,-10.712395032246908,114.0,86.0,359.0,542.0
background,P11021,U,False,False,,False,162,TEKT3,490,06feec029282832d2070104c9475f46f678543636163f44deedbc61d20de0a41,Q9BXF9,False,ERN1,977,22c28aa52b53dd8141c2770fa4a08a2acda67e6a17447dc5281cf52e0528390f,O75460,original_six,False,-2.4990413188934326,-1.324542760848999,0.35947704315185547,-11.712137222290039,-9.971498489379883,-11.72927188873291,-11.137635866800943,326.0,42.0,408.0,397.0
background,P11021,U,False,False,,False,163,NFKBIZ,718,567f1b6fac303d4403127c691c6117fc3449b4422e9db1451dbe0e830504f783,Q9BYH8,False,ERN1,977,22c28aa52b53dd8141c2770fa4a08a2acda67e6a17447dc5281cf52e0528390f,O75460,original_six,False,-2.646748940149943,-2.241193970044454,0.4285692870616913,-9.871835708618164,-10.183927536010742,-11.422456741333008,-10.492739995320639,384.0,172.0,335.0,358.0
background,P11021,U,False,False,,False,164,HAPLN1,354,180e8a997922c3fd593ca67a8d1ae0fbb90736b2014cb534eef3ee257acea977,P10915,False,ERN1,977,22c28aa52b53dd8141c2770fa4a08a2acda67e6a17447dc5281cf52e0528390f,O75460,original_six,False,-1.9797998269399006,-2.5436739524205527,0.5074355602264404,-9.130873680114746,-4.887500762939453,-12.156949996948242,-8.72510814666748,181.0,235.0,133.0,303.0
background,P11021,U,False,False,,False,165,CATSPERG,1159,59d0a9fc64badb2133abffe28afc385652e5b36e5cf7453c4ad047e7590623db,Q6ZRH7,False,ERN1,977,22c28aa52b53dd8141c2770fa4a08a2acda67e6a17447dc5281cf52e0528390f,O75460,original_six,False,-2.790897846221924,-3.1261748472849527,0.7417275905609131,-8.630417823791504,-7.84224796295166,-9.207998275756836,-8.560221354166666,430.0,363.0,111.0,46.0
background,P11021,U,False,False,,False,166,CASS4,786,e11014dde54380cc42690d6cc3c5f44185b8d63d7e2b743e8e37d29916ca36a4,Q9NQ75,False,ERN1,977,22c28aa52b53dd8141c2770fa4a08a2acda67e6a17447dc5281cf52e0528390f,O75460,original_six,False,-1.7749641338984172,-2.475410540898641,0.4122723639011383,-14.864264488220215,-15.064809799194336,-12.227938652038574,-14.052337646484375,118.0,219.0,592.0,365.0
background,P11021,U,False,False,,False,167,CPNE2,548,588866e020d632f5d917ba3dd90c2a225250f421d39f87d4f5b41c138ce15271,Q96FN4,False,ERN1,977,22c28aa52b53dd8141c2770fa4a08a2acda67e6a17447dc5281cf52e0528390f,O75460,original_six,False,-2.5767550468444824,-1.5347809791564941,0.45834314823150635,-6.723499298095703,-6.6280131340026855,-5.52197265625,-6.29116169611613,357.0,62.0,12.0,335.0
background,P11021,U,False,False,,False,168,ZBTB49,765,7a08def0f2fc7f91f9e43b017362e3458eeabd6e19c62105dadf042da6793240,Q6ZSB9,False,ERN1,977,22c28aa52b53dd8141c2770fa4a08a2acda67e6a17447dc5281cf52e0528390f,O75460,original_six,False,-2.007699171702067,-1.5546165506045024,0.24564558267593384,-11.350347518920898,-12.211960792541504,-12.769730567932129,-12.110679626464844,185.0,63.0,500.0,510.0
background,P11021,U,False,False,,False,169,ITGAM,1152,57ff7d0ca8b2156afe8b737627b299c5748c79f2a8c54625fb6828ac812e0d27,P11215,False,ERN1,977,22c28aa52b53dd8141c2770fa4a08a2acda67e6a17447dc5281cf52e0528390f,O75460,original_six,False,-3.692885398864746,-4.326226234436035,0.5661270022392273,-8.636404037475586,-8.651595115661621,-10.134172439575195,-9.140723864237467,581.0,553.0,183.0,261.0
background,P11021,U,False,False,,False,170,ZNF687,1237,d6bf164a5db6060f86ad53c333eb40719a1d208a9faaa0c0cf5ecfcf5fef284b,Q8N1G0,False,ERN1,977,22c28aa52b53dd8141c2770fa4a08a2acda67e6a17447dc5281cf52e0528390f,O75460,original_six,False,-1.7874168157577515,-2.5086268981297812,0.17741423845291138,-12.448784828186035,-12.806171417236328,-11.991689682006836,-12.4155486424764,121.0,226.0,526.0,560.0
background,P11021,U,False,False,,False,171,GNAQ,359,aae9e1c2493fd38402f4ff11436a321d9eae94449b07c61568995565cdcdefc0,P50148,False,ERN1,977,22c28aa52b53dd8141c2770fa4a08a2acda67e6a17447dc5281cf52e0528390f,O75460,original_six,False,-2.8305348555246987,-3.3172276814778647,0.6694810390472412,-6.517385482788086,-11.350358009338379,-9.688228607177734,-9.1853240331014,442.0,409.0,189.0,129.0
background,P11021,U,False,False,,False,172,QKI,341,3f9af6907ab151112248497b3aad251d993cc9c76a2ff8a6b5c7bdaacadba840,Q96PU8,False,ERN1,977,22c28aa52b53dd8141c2770fa4a08a2acda67e6a17447dc5281cf52e0528390f,O75460,original_six,False,-2.6291982332865396,-2.3159612814585366,0.13876022398471832,-13.528904914855957,-13.989959716796875,-13.924164772033691,-13.814343134562174,375.0,184.0,586.0,587.0
background,P11021,U,False,False,,False,173,FOLH1,750,75c34e924155e3529903bd10daf1da3d8929c12d17075ff191d84ec07703843f,Q04609,False,ERN1,977,22c28aa52b53dd8141c2770fa4a08a2acda67e6a17447dc5281cf52e0528390f,O75460,original_six,False,-2.608586152394613,-3.2112526098887124,0.747073769569397,-8.47940731048584,-6.761493682861328,-9.020179748535156,-8.087026913960775,367.0,380.0,82.0,42.0
background,P11021,U,False,False,,False,174,POLRMT,1230,e79aa9b4800713f44af407dc0d7dbf8e650d3d6f4da287a4401ec76e359abd04,O00411,False,ERN1,977,22c28aa52b53dd8141c2770fa4a08a2acda67e6a17447dc5281cf52e0528390f,O75460,original_six,False,-3.1703292528788247,-3.5546065171559653,0.5927746295928955,-11.168967247009277,-8.504040718078613,-8.471484184265137,-9.381497383117676,525.0,460.0,208.0,229.0
background,P11021,U,False,False,,False,175,TTLL2,592,415a6fa704ad3d96fab74e6160c70088b9a89ddee37d67aea8734bf13ed6d52d,Q9BWV7,False,ERN1,977,22c28aa52b53dd8141c2770fa4a08a2acda67e6a17447dc5281cf52e0528390f,O75460,original_six,False,-4.220532417297363,-6.347154935201009,0.5984078645706177,-13.828341484069824,-8.698461532592773,-10.704590797424316,-11.077131271362305,602.0,604.0,399.0,225.0
background,P11021,U,False,False,,False,176,ADAM22,906,4f08e186b2743d412215540f4cfcd5267f790cadbc347fc0ee4ba765ef66fc6d,Q9P0K1,False,ERN1,977,22c28aa52b53dd8141c2770fa4a08a2acda67e6a17447dc5281cf52e0528390f,O75460,original_six,False,-2.736174742380778,-3.436088800430298,0.5720078945159912,-8.47525405883789,-7.442465305328369,-11.261553764343262,-9.059757709503174,414.0,437.0,173.0,257.0
background,P11021,U,False,False,,False,177,CPB2,423,695532a353edb4bf79016a31d5fd8df5487409fcd19742548250751c59c25db9,Q96IY4,False,ERN1,977,22c28aa52b53dd8141c2770fa4a08a2acda67e6a17447dc5281cf52e0528390f,O75460,original_six,False,-3.0228320757548013,-4.595163265864055,0.6193504929542542,-8.870715141296387,-9.713140487670898,-9.006739616394043,-9.19686508178711,493.0,578.0,192.0,199.0
background,P11021,U,False,False,,False,178,ODAD4,672,d5b2475d9627fd5bb26777555d9c11b44577a7a3c4d8d87d6a2790b39f6423f9,Q96NG3,False,ERN1,977,22c28aa52b53dd8141c2770fa4a08a2acda67e6a17447dc5281cf52e0528390f,O75460,original_six,False,-1.7002879778544109,-2.45298178990682,0.5827094912528992,-10.94589900970459,-11.07985782623291,-11.982901573181152,-11.336219469706217,100.0,216.0,435.0,239.0
background,P11021,U,False,False,,False,179,PPM1B,479,adb703d0978fb63ab621514682389ba83089404d67f9489181ceec5b4bd0a23b,O75688,False,ERN1,977,22c28aa52b53dd8141c2770fa4a08a2acda67e6a17447dc5281cf52e0528390f,O75460,original_six,False,-1.7125470638275146,-1.5694198608398438,0.7282330989837646,-11.714354515075684,-13.589271545410156,-11.164862632751465,-12.156162897745768,103.0,65.0,507.0,61.0
background,P11021,U,False,False,,False,180,GPC4,556,3a43adca04e1d34c08a88e99fe93cd7ae616b2d66cd9f332b00692030bdf99e5,O75487,False,ERN1,977,22c28aa52b53dd8141c2770fa4a08a2acda67e6a17447dc5281cf52e0528390f,O75460,original_six,False,-3.08657177289327,-3.8454723358154297,0.5761750936508179,-7.474644660949707,-6.339515686035156,-5.737821578979492,-6.517327308654785,510.0,502.0,21.0,251.0
background,P11021,U,False,False,,False,181,OTOP1,612,fb8120bb0e185f4760a2ed6bdcde1360763212458e8348e2a736df55cb0ffb54,Q7RTM1,False,ERN1,977,22c28aa52b53dd8141c2770fa4a08a2acda67e6a17447dc5281cf52e0528390f,O75460,original_six,False,-3.1159857908884683,-4.303110440572103,0.5035941004753113,-7.643858909606934,-7.258235454559326,-10.996267318725586,-8.632787227630615,516.0,551.0,124.0,304.0
background,P11021,U,False,False,,False,182,ERVS71-1,626,54aefe3c7ad5bccb8aad343c260a6339166790f23f3945140c25a7c93c4dcea7,P61550,False,ERN1,977,22c28aa52b53dd8141c2770fa4a08a2acda67e6a17447dc5281cf52e0528390f,O75460,original_six,False,-3.200441360473633,-3.109515428543091,0.666698694229126,-9.4041109085083,-8.138505935668945,-9.742844581604004,-9.09515380859375,532.0,355.0,177.0,136.0
background,P11021,U,False,False,,False,183,TGFBRAP1,860,9722bfcb393e1ab91d13897b78082160b91a8dad6e88f886ce0b018b1e4a5796,Q8WUH2,False,ERN1,977,22c28aa52b53dd8141c2770fa4a08a2acda67e6a17447dc5281cf52e0528390f,O75460,original_six,False,-2.663460890452067,-3.4479920864105225,0.6386131644248962,-5.652803897857666,-14.512679100036621,-7.4430108070373535,-9.202831268310547,388.0,440.0,195.0,173.0
background,P11021,U,False,False,,False,184,CA12,354,d89aa1703772ab0d843c4b6d2d4fdb768a09306cfd03519f41314fa57166024c,O43570,False,ERN1,977,22c28aa52b53dd8141c2770fa4a08a2acda67e6a17447dc5281cf52e0528390f,O75460,original_six,False,-2.1815427939097085,-3.849052349726359,0.6007735133171082,-8.474686622619629,-6.4114203453063965,-9.55674934387207,-8.147618770599365,231.0,503.0,87.0,219.0
background,P11021,U,False,False,,False,185,CAMK1,370,ff095c65315b43f36506a6cf3920949de0d4dca0a57f163637fe97299700e2cb,Q14012,False,ERN1,977,22c28aa52b53dd8141c2770fa4a08a2acda67e6a17447dc5281cf52e0528390f,O75460,original_six,False,-1.3578684727350872,-1.7873064676920574,0.72130286693573,-11.564126014709473,-8.801711082458496,-10.865462303161621,-10.410433133443197,50.0,92.0,328.0,67.0
background,P11021,U,False,False,,False,186,RABEPK,372,bf13cae16d6bb91f9944f64032342afd2e77744a0ec610997677cd0cdb3d5f15,Q7Z6M1,False,ERN1,977,22c28aa52b53dd8141c2770fa4a08a2acda67e6a17447dc5281cf52e0528390f,O75460,original_six,False,-3.8376431465148926,-4.512433052062988,0.44127920269966125,-13.029415130615234,-10.421184539794922,-7.322468280792236,-10.257689317067465,593.0,569.0,305.0,344.0
background,P11021,U,False,False,,False,187,LRRC8B,803,48f2e5b4c45fef44d461fcfa913ce3108bc9381ef04649ec730c9658b1dd88b0,Q6P9F7,False,ERN1,977,22c28aa52b53dd8141c2770fa4a08a2acda67e6a17447dc5281cf52e0528390f,O75460,original_six,False,-2.8543261686960855,-4.871265093485515,0.6546390652656555,-7.773151874542236,-9.375813484191895,-9.824721336364746,-8.991228898366293,450.0,590.0,166.0,158.0
background,P11021,U,False,False,,False,188,TTC39A,613,636f8ef87aacb4fec2a6cdce9755e28bc24c97fabcbe23ce3a34d40cc96bcb13,Q5SRH9,False,ERN1,977,22c28aa52b53dd8141c2770fa4a08a2acda67e6a17447dc5281cf52e0528390f,O75460,original_six,False,-1.9299771785736084,-1.755707859992981,0.6098276376724243,-7.441497325897217,-6.913088321685791,-10.606612205505371,-8.320399284362793,159.0,84.0,99.0,209.0
background,P11021,U,False,False,,False,189,ARK2C,346,5f385462c3afa054f91ced9b20e805c9d51e5207f6383fbde04f0600c782afcd,Q6ZSG1,False,ERN1,977,22c28aa52b53dd8141c2770fa4a08a2acda67e6a17447dc5281cf52e0528390f,O75460,original_six,False,-1.942642609278361,-3.2261263529459634,0.47507402300834656,-8.219277381896973,-12.6300048828125,-7.420883655548096,-9.423388640085856,165.0,387.0,212.0,323.0
background,P11021,U,False,False,,False,190,BEND7,413,9c291504534c6e313e0b5ea8445042e29b5e1450c2c4ecb0e3efcb7c2e92c910,Q8N7W2,False,ERN1,977,22c28aa52b53dd8141c2770fa4a08a2acda67e6a17447dc5281cf52e0528390f,O75460,original_six,False,-2.326784610748291,-1.633745551109314,0.19031108915805817,-6.924131870269775,-8.380406379699707,-10.410104751586914,-8.571547667185465,270.0,72.0,114.0,547.0
background,P11021,U,False,False,,False,191,TOB1,345,24e544fc868280c6baf6ae11d35b248cae859fe7ef44f6c3752435fc92a18aa1,P50616,False,ERN1,977,22c28aa52b53dd8141c2770fa4a08a2acda67e6a17447dc5281cf52e0528390f,O75460,original_six,False,-3.2623115380605063,-3.9113663832346597,0.30137911438941956,-9.821640014648438,-7.312341213226318,-9.230110168457031,-8.78803046544393,542.0,511.0,142.0,444.0
background,P11021,U,False,False,,False,192,CDC37,378,e0a1e3bbc5ec7fb1a64c5453469d1741ef0fdc99e5fafbad7f5088e8c8021cb4,Q16543,False,ERN1,977,22c28aa52b53dd8141c2770fa4a08a2acda67e6a17447dc5281cf52e0528390f,O75460,original_six,False,-0.449388066927592,0.42043157418568927,0.4338112771511078,-8.421428680419922,-5.304928302764893,-8.553512573242188,-7.426623185475667,3.0,4.0,47.0,352.0
background,P11021,U,False,False,,False,193,CCDC39,941,08439697bf07ba5f61ce635a3dfbe35843be7acbba9d28634980b6891480151e,Q9UFE4,False,ERN1,977,22c28aa52b53dd8141c2770fa4a08a2acda67e6a17447dc5281cf52e0528390f,O75460,original_six,False,-2.710020144780477,-2.7476700146993003,0.2834412157535553,-13.757391929626465,-11.491679191589355,-16.03953742980957,-13.762869517008463,405.0,278.0,585.0,464.0
background,P11021,U,False,False,,False,194,TRPS1,1281,f354d27f400d3924dd527e9242d52d88907a197109356139b4533e1fef4850ec,Q9UHF7,False,ERN1,977,22c28aa52b53dd8141c2770fa4a08a2acda67e6a17447dc5281cf52e0528390f,O75460,original_six,False,-2.347468852996826,-1.4437593221664429,0.24807076156139374,-10.542576789855957,-12.268523216247559,-10.756378173828125,-11.189159393310547,281.0,53.0,414.0,506.0
background,P11021,U,False,False,,False,195,RFX6,928,e8dab115c34640c79afeaccbf4bfbf262c0efdc369dd765b4342d05048079f15,Q8HWS3,False,ERN1,977,22c28aa52b53dd8141c2770fa4a08a2acda67e6a17447dc5281cf52e0528390f,O75460,original_six,False,-1.9228719075520833,-2.263017733891805,0.4474542737007141,-11.160204887390137,-11.604819297790527,-10.105119705200195,-10.956714630126953,154.0,174.0,388.0,340.0
background,P11021,U,False,False,,False,196,TEX11,940,c7d27eb8660b810c7968e07e5345444e0b80c2e001f8c45722ad1418a63b8696,Q8IYF3,False,ERN1,977,22c28aa52b53dd8141c2770fa4a08a2acda67e6a17447dc5281cf52e0528390f,O75460,original_six,False,-1.2195045550664265,-1.4554917216300964,0.5615801215171814,-4.929989814758301,-7.5963358879089355,-6.550488471984863,-6.358938058217366,39.0,54.0,16.0,270.0
background,P11021,U,False,False,,False,197,COL23A1,540,c08a3a011ad4000904a1fcd44829e1b8fb1207504a3ccf8187c45ab0831afb17,Q86Y22,False,ERN1,977,22c28aa52b53dd8141c2770fa4a08a2acda67e6a17447dc5281cf52e0528390f,O75460,original_six,False,-2.8556346893310547,-2.42952028910319,0.5615993738174438,-9.251808166503906,-6.987003803253174,-10.510030746459961,-8.91628090540568,451.0,210.0,156.0,269.0
background,P11021,U,False,False,,False,198,SNX9,595,f938c3959e4fc03aef8605d9f5e18c1ee9fc9c3a277802d283cc6d06d8895cfd,Q9Y5X1,False,ERN1,977,22c28aa52b53dd8141c2770fa4a08a2acda67e6a17447dc5281cf52e0528390f,O75460,original_six,False,-2.6722853978474936,-3.1231571038564048,0.4128314256668091,-12.037030220031738,-9.763954162597656,-11.249786376953125,-11.016923586527506,392.0,362.0,393.0,364.0
background,P11021,U,False,False,,False,199,SLC6A7,636,51615f9e2703e995b42d1fcc19b43343b7b60b15446c8ad6a78da60d8007080c,Q99884,False,ERN1,977,22c28aa52b53dd8141c2770fa4a08a2acda67e6a17447dc5281cf52e0528390f,O75460,original_six,False,-3.531005064646403,-4.38267199198405,0.6568548679351807,-8.95102310180664,-6.831521034240723,-11.919774055480957,-9.234106063842773,572.0,559.0,196.0,151.0
background,P11021,U,False,False,,False,200,RARG,454,20d95bbd7219ed692991fc802f5ec153736cebcc544b1d5f94408f674165e914,P13631,False,ERN1,977,22c28aa52b53dd8141c2770fa4a08a2acda67e6a17447dc5281cf52e0528390f,O75460,original_six,False,-2.196345647176107,-2.149545749028524,0.5497781038284302,-12.551980972290039,-13.7821626663208,-8.36059856414795,-11.564914067586264,235.0,152.0,449.0,282.0
background,P11021,U,False,False,,False,201,EPM2A,344,c8d1f7a00eed947926ac99132a60775d086a2d414171f011732f1fc8a70c3a64,B3EWF7,False,ERN1,977,22c28aa52b53dd8141c2770fa4a08a2acda67e6a17447dc5281cf52e0528390f,O75460,original_six,False,-3.0916550954182944,-2.5291559298833213,0.528228223323822,-10.42041015625,-9.650556564331055,-7.756978988647461,-9.275981903076172,512.0,230.0,199.0,296.0
background,P11021,U,False,False,,False,202,POU3F3,500,8467c6741f2857ca91778fd22d087b993d50bbafd448c5047697e084b9f73bc2,P20264,False,ERN1,977,22c28aa52b53dd8141c2770fa4a08a2acda67e6a17447dc5281cf52e0528390f,O75460,original_six,False,-2.279339869817098,-1.4226618607838948,0.19172906875610352,-12.081945419311523,-11.188215255737305,-11.655402183532715,-11.641854286193848,257.0,52.0,456.0,546.0
background,P11021,U,False,False,,False,203,PNMA3,463,7f6ee6f81a9a8354076cd9cd138e76e440fb591ae85b3fdabaebe69c1adcdff1,Q9UL41,False,ERN1,977,22c28aa52b53dd8141c2770fa4a08a2acda67e6a17447dc5281cf52e0528390f,O75460,original_six,False,-2.5702317555745444,-2.974937121073405,0.24892160296440125,-13.278295516967773,-10.241792678833008,-9.979618072509766,-11.166568756103516,352.0,324.0,412.0,505.0
background,P11021,U,False,False,,False,204,TJAP1,557,cf3886ec9eb9d7f8b62d0e5f15c21a310de691615aef0a3f4614d2599f8411ed,Q5JTD0,False,ERN1,977,22c28aa52b53dd8141c2770fa4a08a2acda67e6a17447dc5281cf52e0528390f,O75460,original_six,False,-1.8265531460444133,-3.1909337838490806,0.27090907096862793,-13.823197364807129,-13.630000114440918,-14.776442527770996,-14.076546669006348,133.0,375.0,594.0,475.0
context,Q15084,U,False,False,,False,205,HMGCLL1,370,f762e5f3afda35db75433488052e4f6d7e73931065a42c6d65dc838ff9d1b6b1,Q8TB92,False,ERN1,977,22c28aa52b53dd8141c2770fa4a08a2acda67e6a17447dc5281cf52e0528390f,O75460,original_six,False,-3.4801263014475503,-3.7294223308563232,0.6494048833847046,-13.135041236877441,-12.454449653625488,-7.749073028564453,-11.112854639689127,569.0,488.0,404.0,161.0
context,Q15084,U,False,False,,False,206,PDIA5,519,34bdd59af61ffcc99e9f9a3922badcf59b073d62331ecbec893651f11d672420,Q14554,False,ERN1,977,22c28aa52b53dd8141c2770fa4a08a2acda67e6a17447dc5281cf52e0528390f,O75460,original_six,False,-0.9482898513476054,-1.7750810782114665,0.5790038108825684,-10.038008689880371,-7.250560760498047,-8.889764785766602,-8.72611141204834,18.0,88.0,134.0,244.0
context,Q15084,U,False,False,,False,207,ATG4B,393,1da6d3222a19346e0fb5a2fdbe7936a6ecf09c5052ecfb37ac3d44b84ba854e4,Q9Y4P1,False,ERN1,977,22c28aa52b53dd8141c2770fa4a08a2acda67e6a17447dc5281cf52e0528390f,O75460,original_six,False,-2.4269838333129883,-2.082753578821818,0.5546407699584961,-8.780640602111816,-11.403982162475586,-12.051763534545898,-10.7454620997111,303.0,135.0,363.0,276.0
context,Q15084,U,False,False,,False,208,PSMF1,271,5d55c15f3b3f53f6547d2c788b23bfd6dd78efdcc46155c6177ce7e47ec4529f,Q92530,False,ERN1,977,22c28aa52b53dd8141c2770fa4a08a2acda67e6a17447dc5281cf52e0528390f,O75460,original_six,False,-1.4326917330423992,-3.332662264506022,0.5674282908439636,-9.007262229919434,-13.376885414123535,-12.176197052001953,-11.52011489868164,59.0,414.0,446.0,260.0
context,Q15084,U,False,False,,False,209,UBXN4,508,5cbf894505a833167ed1a35fb135c83e69f9e4881e9d79ce0eb854d47cb16282,Q92575,False,ERN1,977,22c28aa52b53dd8141c2770fa4a08a2acda67e6a17447dc5281cf52e0528390f,O75460,original_six,False,-1.9595603545506795,-2.7997188568115234,0.7411235570907593,-11.1283597946167,-8.328267097473145,-12.31184196472168,-10.589489618937174,170.0,292.0,343.0,47.0
context,Q15084,U,False,False,,False,210,HSD17B3,310,b597d5860c8955e2b56262901212b36c54988941f986f84010d290e7eb56f95f,P37058,False,ERN1,977,22c28aa52b53dd8141c2770fa4a08a2acda67e6a17447dc5281cf52e0528390f,O75460,original_six,False,-2.2331629196802774,-3.4620652993520102,0.7601097226142883,-7.348219871520996,-6.810082912445068,-8.601263999938965,-7.586522261301677,243.0,441.0,55.0,30.0
context,Q15084,U,False,False,,False,211,LOXL2,774,d27936d3053623e7b362f972e2897b1b9d66aec063a21d2cb4540543b90c301c,Q9Y4K0,False,ERN1,977,22c28aa52b53dd8141c2770fa4a08a2acda67e6a17447dc5281cf52e0528390f,O75460,original_six,False,-2.293264150619507,-3.2004928588867188,0.5177918672561646,-9.870942115783691,-8.201945304870605,-11.890363693237305,-9.987750371297201,263.0,378.0,271.0,299.0
context,Q15084,U,False,False,,False,212,RINT1,792,0801bf182785292f49c930ad60102b902e544517dd3ff9c561e3e816bdfbe4a0,Q6NUQ1,False,ERN1,977,22c28aa52b53dd8141c2770fa4a08a2acda67e6a17447dc5281cf52e0528390f,O75460,original_six,False,-2.6653853257497153,-3.167588392893473,0.393888920545578,-9.051541328430176,-11.161675453186035,-12.057559967041016,-10.756925582885742,390.0,367.0,365.0,379.0
context,Q15084,U,False,False,,False,213,JMJD8,264,8de11413352d5fe7b30fc12f84364f4bdfa05d249afd8eb4d52042bb8bc47784,Q96S16,False,ERN1,977,22c28aa52b53dd8141c2770fa4a08a2acda67e6a17447dc5281cf52e0528390f,O75460,original_six,False,-3.75797438621521,-3.612467130025228,0.7032148838043213,-8.171648979187012,-7.442423343658447,-11.82923698425293,-9.147769769032797,589.0,471.0,186.0,81.0
context,Q15084,U,False,False,,False,214,CES3,571,d0711dad44fa6cd9d63993a79c6715c680b40d5295ae4ce8290059520def3fd0,Q6UWW8,False,ERN1,977,22c28aa52b53dd8141c2770fa4a08a2acda67e6a17447dc5281cf52e0528390f,O75460,original_six,False,-2.3937572638193765,-2.6733476320902505,0.6943296790122986,-5.400240421295166,-7.560937881469727,-8.643209457397461,-7.201462586720784,293.0,266.0,38.0,96.0
context,Q15084,U,False,False,,False,215,TP53,393,e3ca60f18e3b6e98986ad6749215ee3b7a3abc09c191675213d1f243c035c9a3,P04637,False,ERN1,977,22c28aa52b53dd8141c2770fa4a08a2acda67e6a17447dc5281cf52e0528390f,O75460,original_six,False,-2.396223306655884,-2.1252771615982056,0.31648850440979004,-12.1251859664917,-11.516092300415039,-12.791695594787598,-12.14432462056478,294.0,146.0,504.0,436.0
context,Q15084,U,False,False,,False,216,FKBP10,582,f808600929e4bf06817142076fe8a4c9a3ec9b7c51b20a4c923af1da3c0e4adf,Q96AY3,False,ERN1,977,22c28aa52b53dd8141c2770fa4a08a2acda67e6a17447dc5281cf52e0528390f,O75460,original_six,False,-1.8978852033615112,-2.32059653600057,0.6986740827560425,-9.747482299804688,-8.259533882141113,-12.530099868774414,-10.179038683573404,145.0,185.0,296.0,90.0
context,Q15084,U,False,False,,False,217,ZFYVE1,777,cf26f7feaf3e89c6b7308a919ee99fbc72d8c00d28b782285d4a25d37f00f67a,Q9HBF4,False,ERN1,977,22c28aa52b53dd8141c2770fa4a08a2acda67e6a17447dc5281cf52e0528390f,O75460,original_six,False,-1.0651185909907024,-1.2083208163579304,0.7033159732818604,-6.559337615966797,-7.7215070724487305,-10.114689826965332,-8.131844838460287,26.0,34.0,85.0,80.0
context,Q15084,U,False,False,,False,218,MAPK8IP1,711,d5a2ad82a2bb4ec1ac58ebce307c2a88de5ed39d50fecad3c3d66c8cd74d725a,Q9UQF2,False,ERN1,977,22c28aa52b53dd8141c2770fa4a08a2acda67e6a17447dc5281cf52e0528390f,O75460,original_six,False,-1.381126880645752,-1.0697498718897502,0.32764530181884766,-9.885554313659668,-9.806487083435059,-11.543267250061035,-10.41176954905192,53.0,25.0,329.0,424.0
context,Q15084,U,False,False,,False,219,PNKD,385,1e3f2744a509a423995eb613904c9f35be62dc49030351da8e8242ea145d1028,Q8N490,False,ERN1,977,22c28aa52b53dd8141c2770fa4a08a2acda67e6a17447dc5281cf52e0528390f,O75460,original_six,False,-2.4993772506713867,-3.2484261989593506,0.6400723457336426,-13.177027702331543,-13.602070808410645,-8.48995304107666,-11.75635051727295,327.0,398.0,472.0,171.0
context,Q15084,U,False,False,,False,220,AUP1,410,8c26d24178b6cb35fae8db5e2071a71dbb9afcaf2afd0285d8549e92fc6e420f,Q9Y679,False,ERN1,977,22c28aa52b53dd8141c2770fa4a08a2acda67e6a17447dc5281cf52e0528390f,O75460,original_six,False,-1.9093997081120808,-1.920278549194336,0.716031551361084,-5.626168727874756,-7.103797435760498,-10.984766006469727,-7.904910723368327,150.0,110.0,72.0,69.0
context,Q15084,U,False,False,,False,221,GIMAP8,665,d0362d5039a0f0a37caa1b6dc581a4c33bf0780d7d110f82595d83613fc7af50,Q8ND71,False,ERN1,977,22c28aa52b53dd8141c2770fa4a08a2acda67e6a17447dc5281cf52e0528390f,O75460,original_six,False,-2.6781811714172363,-2.282012859980265,0.658794105052948,-9.149473190307617,-10.651989936828613,-8.236581802368164,-9.346014976501465,396.0,177.0,207.0,149.0
context,Q15084,U,False,False,,False,222,DNASE1L3,305,d3fd6dabae9685ad35256e945c775bb2f1483fa4e6107fbd245c8e87356e6fe1,Q13609,False,ERN1,977,22c28aa52b53dd8141c2770fa4a08a2acda67e6a17447dc5281cf52e0528390f,O75460,original_six,False,-3.4124151865641275,-5.089956601460774,0.5444003343582153,-11.230947494506836,-9.85421085357666,-11.911395072937012,-10.99885114034017,563.0,597.0,391.0,287.0
context,Q15084,U,False,False,,False,223,HSPA13,471,db965d4c01993c72961946f1bc8bda9ad47ece8ed495986ad6151a4b71cfb70f,P48723,False,ERN1,977,22c28aa52b53dd8141c2770fa4a08a2acda67e6a17447dc5281cf52e0528390f,O75460,original_six,False,-2.6918729146321616,-2.167738676071167,0.742972195148468,-8.562494277954102,-8.065694808959961,-7.587343692779541,-8.071844259897867,399.0,156.0,81.0,43.0
context,Q15084,U,False,False,,False,224,HSP90B1,803,b4dde59d09a72762757501a659d62a606d41edfe4669447bd0f8030fd7f8497e,P14625,False,ERN1,977,22c28aa52b53dd8141c2770fa4a08a2acda67e6a17447dc5281cf52e0528390f,O75460,original_six,False,-1.7461014588673909,-2.0800041357676187,0.6311971545219421,-7.813590049743652,-8.93225383758545,-7.5312323570251465,-8.092358748118082,111.0,134.0,83.0,182.0
context,Q15084,U,False,False,,False,225,RAP1GDS1,607,f6be30a4ec50bf1721dffa0a6dab34ec3800713df037a0dfcb214a7cfc4e2540,P52306,False,ERN1,977,22c28aa52b53dd8141c2770fa4a08a2acda67e6a17447dc5281cf52e0528390f,O75460,original_six,False,-2.8036094506581626,-3.2395147482554116,0.6443817615509033,-9.679447174072266,-12.011500358581543,-9.598003387451172,-10.42965030670166,433.0,395.0,330.0,166.0
context,Q15084,U,False,False,,False,226,PRDX4,271,d1fbed974e6837b0257738109e1e9697c6ab2baa981f192b6ecb20b181ca8016,Q13162,False,ERN1,977,22c28aa52b53dd8141c2770fa4a08a2acda67e6a17447dc5281cf52e0528390f,O75460,original_six,False,-1.7942252556482952,-1.9947919249534607,0.6669190526008606,-5.28062105178833,-8.920329093933105,-12.411351203918457,-8.87076711654663,127.0,125.0,151.0,135.0
context,Q15084,U,False,False,,False,227,CALU,315,f3a087ca407f8a75c3114e02fca0929ab68889792b752b81e94077ccfd12c032,O43852,False,ERN1,977,22c28aa52b53dd8141c2770fa4a08a2acda67e6a17447dc5281cf52e0528390f,O75460,original_six,False,-1.3882828156153362,-2.101855675379435,0.7899320125579834,-8.148168563842773,-8.097171783447266,-11.048612594604492,-9.097984313964844,55.0,140.0,178.0,15.0
context,Q15084,U,False,False,,False,228,PLCD4,762,914ffd4a7baa01ce4f501091c1590281fd95e94ca9922af71637b51e97f64b85,Q9BRC7,False,ERN1,977,22c28aa52b53dd8141c2770fa4a08a2acda67e6a17447dc5281cf52e0528390f,O75460,original_six,False,-3.077016989390055,-4.758870283762614,0.5460641384124756,-13.589653015136719,-11.146956443786621,-12.131940841674805,-12.289516766866049,508.0,583.0,518.0,283.0
context,Q15084,U,False,False,,False,229,CERCAM,595,1dce33d5fc6bce59c7a5b001331443b7b2796d284925c98ed9e944b3b8ea205a,Q5T4B2,False,ERN1,977,22c28aa52b53dd8141c2770fa4a08a2acda67e6a17447dc5281cf52e0528390f,O75460,original_six,False,-2.3366984526316323,-2.784647226333618,0.6548488140106201,-8.033197402954102,-9.789070129394531,-12.298999786376953,-10.040422439575195,275.0,284.0,282.0,157.0
context,Q15084,U,False,False,,False,230,PKMYT1,499,2cab22d8399fa58cbfba383aa6374d500b9af78767b6549f78194314ca9287da,Q99640,False,ERN1,977,22c28aa52b53dd8141c2770fa4a08a2acda67e6a17447dc5281cf52e0528390f,O75460,original_six,False,-1.0379342436790466,-1.034112274646759,0.760815441608429,-7.692831993103027,-7.177296161651611,-8.14695930480957,-7.672362486521403,24.0,20.0,60.0,29.0
context,Q15084,U,False,False,,False,231,CYP2C9,490,3f891626b6684fc43355f4146b0d0aad6273d9d39670b42340a49cff79fa8d24,P11712,False,ERN1,977,22c28aa52b53dd8141c2770fa4a08a2acda67e6a17447dc5281cf52e0528390f,O75460,original_six,False,-3.2646031379699707,-3.9236272970835366,0.6562541127204895,-11.767480850219727,-8.651573181152344,-9.635225296020508,-10.01809310913086,543.0,515.0,277.0,152.0
context,Q15084,U,False,False,,False,232,SCP2,547,c1179b708563ec0df96931e73ef0a95ebbc661a7fe0020f9b224a2fd34873938,P22307,False,ERN1,977,22c28aa52b53dd8141c2770fa4a08a2acda67e6a17447dc5281cf52e0528390f,O75460,original_six,False,-2.6395339171091714,-3.3666933377583823,0.578848659992218,-10.046270370483398,-4.823825836181641,-8.901409149169922,-7.923835118611653,382.0,423.0,74.0,245.0
context,Q15084,U,False,False,,False,233,ERP44,406,5841fdcd6ba2c422aefe669e8cf97dadb4ac8323c036123d1166c88f9f417f6a,Q9BS26,False,ERN1,977,22c28aa52b53dd8141c2770fa4a08a2acda67e6a17447dc5281cf52e0528390f,O75460,original_six,False,-1.4353737433751423,-2.6118199030558267,0.7624041438102722,-7.913853168487549,-8.677875518798828,-11.441337585449219,-9.3443554242452,60.0,257.0,206.0,27.0
context,Q15084,U,False,False,,False,234,POGLUT2,502,fd2c71f271b324bb02506b7df607916ac00544f1bb6ab732d5aff6c531083d44,Q6UW63,False,ERN1,977,22c28aa52b53dd8141c2770fa4a08a2acda67e6a17447dc5281cf52e0528390f,O75460,original_six,False,-2.5802761713663735,-2.798421541849772,0.6335165500640869,-9.20256519317627,-7.337281703948975,-11.052396774291992,-9.197414557139078,360.0,290.0,193.0,179.0
context,Q15084,U,False,False,,False,235,HAP1,671,0e58b20a5a13388e3d31cc5c813d3448f159bb3b3f69d318f72fbed0943890cf,P54257,False,ERN1,977,22c28aa52b53dd8141c2770fa4a08a2acda67e6a17447dc5281cf52e0528390f,O75460,original_six,False,-1.18917183081309,-0.8353497684001923,0.28309202194213867,-9.449514389038086,-9.335168838500977,-11.961498260498047,-10.248727162679037,30.0,14.0,303.0,465.0
context,Q15084,U,False,False,,False,236,EOGT,527,3a148377908f52a8d44d9e4dafaf90c551fe2d6b5bed139b06f43bafa8598be7,Q5NDL2,False,ERN1,977,22c28aa52b53dd8141c2770fa4a08a2acda67e6a17447dc5281cf52e0528390f,O75460,original_six,False,-3.252946217854818,-4.038668870925903,0.6679691076278687,-8.81855297088623,-7.959083557128906,-11.212050437927246,-9.329895655314127,541.0,529.0,204.0,132.0
context,Q15084,U,False,False,,False,237,CRELD2,353,2bac4df4d628f0710d60ca2cc39b8cc2e63e2919be309dfc016c38fb5422a8cf,Q6UXH1,False,ERN1,977,22c28aa52b53dd8141c2770fa4a08a2acda67e6a17447dc5281cf52e0528390f,O75460,original_six,False,-2.2477287451426187,-4.168943564097087,0.6221292614936829,-7.3684186935424805,-9.965348243713379,-11.383807182312012,-9.572524706522623,245.0,541.0,232.0,196.0
context,Q15084,U,False,False,,False,238,TRAPPC12,735,b7eae46a93cf4d061c678493ab78354985c39a4482d9b376d125798231985348,Q8WVT3,False,ERN1,977,22c28aa52b53dd8141c2770fa4a08a2acda67e6a17447dc5281cf52e0528390f,O75460,original_six,False,-1.6358257134755452,-2.9945255120595298,0.6647568345069885,-9.342575073242188,-10.320697784423828,-8.04381275177002,-9.235695203145346,90.0,330.0,197.0,141.0
context,Q15084,U,False,False,,False,239,MAPKAP1,522,9ab21bad97bf58ac99c7b8d155c7ed3935dfe953e8a973b4531c7ce5cf65ca7f,Q9BPZ7,False,ERN1,977,22c28aa52b53dd8141c2770fa4a08a2acda67e6a17447dc5281cf52e0528390f,O75460,original_six,False,-2.918664296468099,-2.940357526143392,0.4547814726829529,-12.395236015319824,-9.219365119934082,-11.875151634216309,-11.163250923156738,470.0,318.0,411.0,337.0
context,Q15084,U,False,False,,False,240,CYP2B6,491,1acd4018cfb7c8413675ddcb546e4b146c424daad5812198efefd87cdd5d554d,P20813,False,ERN1,977,22c28aa52b53dd8141c2770fa4a08a2acda67e6a17447dc5281cf52e0528390f,O75460,original_six,False,-3.334718386332194,-4.52996039390564,0.7000882029533386,-14.345499038696289,-8.967472076416016,-10.671211242675781,-11.328060785929361,553.0,572.0,433.0,87.0
context,Q15084,U,False,False,,False,241,NPLOC4,608,1e940fd20fcfed72795093cdaaf3636a1f1c78be4ec5368e48928a2b977eccbf,Q8TAT6,False,ERN1,977,22c28aa52b53dd8141c2770fa4a08a2acda67e6a17447dc5281cf52e0528390f,O75460,original_six,False,-0.9347497820854187,-1.6225127776463826,0.5996826887130737,-13.657423973083496,-13.082613945007324,-11.915504455566406,-12.885180791219076,17.0,70.0,557.0,222.0
context,Q15084,U,False,False,,False,242,SPAST,616,aaad593777aa81cb6f5baf399fe5ee28568c24c12fb147bb3594e416d09c7537,Q9UBP0,False,ERN1,977,22c28aa52b53dd8141c2770fa4a08a2acda67e6a17447dc5281cf52e0528390f,O75460,original_six,False,-2.5159730911254883,-2.8039042949676514,0.8458292484283447,-8.708391189575195,-7.094951629638672,-11.036808013916016,-8.946716944376627,330.0,293.0,160.0,2.0
context,Q15084,U,False,False,,False,243,PPT1,306,67e01d343c9774dfc28337848e3d87fd0af251abe96cb49af1d6e983608068c6,P50897,False,ERN1,977,22c28aa52b53dd8141c2770fa4a08a2acda67e6a17447dc5281cf52e0528390f,O75460,original_six,False,-3.101168235143026,-3.0602999528249106,0.6928394436836243,-6.740264892578125,-8.322669982910156,-12.102608680725098,-9.055181185404459,514.0,348.0,170.0,98.0
context,Q15084,U,False,False,,False,244,PROC,461,cf852057f4453227cc5a715f361fef11505f87941d0aa224877a55db7699a0fe,P04070,False,ERN1,977,22c28aa52b53dd8141c2770fa4a08a2acda67e6a17447dc5281cf52e0528390f,O75460,original_six,False,-2.7162744204203286,-4.931657473246257,0.7066605687141418,-9.055943489074707,-9.85466194152832,-10.678035736083984,-9.86288038889567,406.0,592.0,263.0,77.0
context,Q15084,U,False,False,,False,245,TREX1,314,e54f8296e356537bba31df96c4c474c53a4c22d49f4cd23755da07fd9662c49e,Q9NSU2,False,ERN1,977,22c28aa52b53dd8141c2770fa4a08a2acda67e6a17447dc5281cf52e0528390f,O75460,original_six,False,-1.615551233291626,-1.6553808053334553,0.6854462623596191,-5.365915298461914,-4.004000186920166,-8.774490356445312,-6.048135280609131,86.0,74.0,9.0,111.0
context,Q15084,U,False,False,,False,246,CHI3L1,383,6d45410f8f764999699c42d5765ae5ecdb14f1863a4e0de4cc504ba55ee1353f,P36222,False,ERN1,977,22c28aa52b53dd8141c2770fa4a08a2acda67e6a17447dc5281cf52e0528390f,O75460,original_six,False,-1.9444514513015747,-2.3701561292012534,0.55748051404953,-7.736071586608887,-8.118698120117188,-9.368144989013672,-8.407638231913248,166.0,196.0,101.0,273.0
context,Q15084,U,False,False,,False,247,ASB11,323,ad64d341fbf8deac2d2896f6033cb700a6fe811107b5b19c013da7e892436b0f,Q8WXH4,False,ERN1,977,22c28aa52b53dd8141c2770fa4a08a2acda67e6a17447dc5281cf52e0528390f,O75460,original_six,False,-2.5775551001230874,-3.53178079922994,0.665968120098114,-9.853860855102539,-7.732698917388916,-8.094194412231445,-8.560251394907633,358.0,455.0,112.0,139.0
context,Q15084,U,False,False,,False,248,TXNDC5,432,e865c06ecd1be75caa52ce4b2140dc735fa17829ed27f8d15cf5d0938536c3d1,Q8NBS9,False,ERN1,977,22c28aa52b53dd8141c2770fa4a08a2acda67e6a17447dc5281cf52e0528390f,O75460,original_six,False,-0.9078274369239807,-1.5142046610514324,0.5676339268684387,-10.06607437133789,-8.707500457763672,-12.445029258728027,-10.406201362609863,15.0,59.0,327.0,259.0
context,Q15084,U,False,False,,False,249,TXNDC16,825,80e0353e9e430d6bb7edfb8e88a63d20a4e52430a621b827272a8efb1533dd54,Q9P2K2,False,ERN1,977,22c28aa52b53dd8141c2770fa4a08a2acda67e6a17447dc5281cf52e0528390f,O75460,original_six,False,-1.1722625096638997,-2.19231108824412,0.7084349393844604,-7.959909915924072,-9.024664878845215,-8.18922233581543,-8.391265710194906,29.0,160.0,100.0,73.0
context,Q15084,U,False,False,,False,250,DHDDS,333,5bad338f66b1ce78de29505ed8a3911d5ada35e8a93bd86e5dd7a40460a7a5db,Q86SQ9,False,ERN1,977,22c28aa52b53dd8141c2770fa4a08a2acda67e6a17447dc5281cf52e0528390f,O75460,original_six,False,-3.4854767322540283,-4.426199913024902,0.6831738352775574,-12.7765474319458,-11.481239318847656,-9.923467636108398,-11.393751462300619,570.0,563.0,437.0,114.0
context,Q15084,U,False,False,,False,251,CYP4F2,520,fa749e17dc519ee3af95ab87bbc46a60eedc5b027ac53ae0c7ff1c7d1ece94eb,P78329,False,ERN1,977,22c28aa52b53dd8141c2770fa4a08a2acda67e6a17447dc5281cf52e0528390f,O75460,original_six,False,-2.4999849796295166,-3.5613228480021157,0.6895190477371216,-7.510031223297119,-5.243592262268066,-10.545866012573242,-7.766496499379476,328.0,462.0,63.0,102.0
context,Q15084,U,False,False,,False,252,FKBP9,570,ac4500bf8130b80b87ad15034157a4645a5663b91b3e8ac1483288e4dadc41f1,O95302,False,ERN1,977,22c28aa52b53dd8141c2770fa4a08a2acda67e6a17447dc5281cf52e0528390f,O75460,original_six,False,-2.111851533253988,-2.846679369608561,0.655896782875061,-8.795886039733887,-10.465194702148438,-11.679035186767578,-10.313371976216635,209.0,300.0,316.0,153.0
context,Q15084,U,False,False,,False,253,P4HA3,544,411c4b7a5fdaf09da920b6edf700fd05645069217d154041331a53d3f0f9c5aa,Q7Z4N8,False,ERN1,977,22c28aa52b53dd8141c2770fa4a08a2acda67e6a17447dc5281cf52e0528390f,O75460,original_six,False,-1.7106207211812336,-2.150858481725057,0.6748629212379456,-5.223499298095703,-5.877108097076416,-9.97773265838623,-7.026113351186116,102.0,153.0,34.0,122.0
context,Q15084,U,False,False,,False,254,CASQ1,396,88a8c310a8e7afef5e95a42e84bc3d629ec1722bb33bcddae141dad48b1d6553,P31415,False,ERN1,977,22c28aa52b53dd8141c2770fa4a08a2acda67e6a17447dc5281cf52e0528390f,O75460,original_six,False,-2.5251185099283853,-3.120112101236979,0.6162862777709961,-8.77189826965332,-6.9548163414001465,-4.506632328033447,-6.744448979695638,337.0,361.0,27.0,205.0
background,Q15084,U,False,False,,False,255,LRRC8A,810,b3a4542b2d90dbd3cddd954610022dc0c4558bca9055832bd7328081a0647ca0,Q8IWT6,False,ERN1,977,22c28aa52b53dd8141c2770fa4a08a2acda67e6a17447dc5281cf52e0528390f,O75460,original_six,False,-2.464367707570394,-3.383691390355428,0.6493965983390808,-8.357280731201172,-10.815396308898926,-10.389448165893555,-9.854041735331217,317.0,430.0,261.0,162.0
background,Q15084,U,False,False,,False,256,MRPL1,325,787c759cc5c22a62490538750a15c07d9987def800111ccf253f97db2a155ffe,Q9BYD6,False,ERN1,977,22c28aa52b53dd8141c2770fa4a08a2acda67e6a17447dc5281cf52e0528390f,O75460,original_six,False,-2.873075803120931,-3.709644873936971,0.29219457507133484,-11.516231536865234,-8.763012886047363,-11.26511287689209,-10.514785766601562,457.0,485.0,337.0,455.0
background,Q15084,U,False,False,,False,257,MAMLD1,774,afcdf772c72de1a3d8ca89c06ea18497469987717e30704a3d652064e76bc8ce,Q13495,False,ERN1,977,22c28aa52b53dd8141c2770fa4a08a2acda67e6a17447dc5281cf52e0528390f,O75460,original_six,False,-3.202068249384562,-2.5661547978719077,0.17923462390899658,-10.23139762878418,-12.324041366577148,-13.58449649810791,-12.046645164489746,533.0,242.0,495.0,557.0
background,Q15084,U,False,False,,False,258,GALE,348,929a8d15456f45fc827c46133e56f0c423890b8952cdd3a6b915c1b9391f896a,Q14376,False,ERN1,977,22c28aa52b53dd8141c2770fa4a08a2acda67e6a17447dc5281cf52e0528390f,O75460,original_six,False,-3.775773366292318,-3.0119004249572754,0.49584075808525085,-11.727296829223633,-8.785131454467773,-9.967550277709961,-10.159992853800455,590.0,337.0,294.0,311.0
background,Q15084,U,False,False,,False,259,CHRDL1,456,af59bc2bcad4f42c9b553daad1a2ab0dcbb91d41890461e1ea20cc8e02a7d991,Q9BU40,False,ERN1,977,22c28aa52b53dd8141c2770fa4a08a2acda67e6a17447dc5281cf52e0528390f,O75460,original_six,False,-1.3329357306162517,-2.201612869898478,0.5796648859977722,-8.691625595092773,-10.303434371948242,-9.236394882202148,-9.41048494974772,46.0,162.0,211.0,243.0
background,Q15084,U,False,False,,False,260,TRAIP,469,7c0e0004f34acc3a183f86da852c57ddb1fed6307f7af8a1a9cd669852148989,Q9BWF2,False,ERN1,977,22c28aa52b53dd8141c2770fa4a08a2acda67e6a17447dc5281cf52e0528390f,O75460,original_six,False,-1.8296058177947998,-1.8409159580866497,0.2546849250793457,-11.086896896362305,-7.967043876647949,-13.205696105957031,-10.753212292989096,135.0,97.0,364.0,496.0
background,Q15084,U,False,False,,False,261,CLOCK,846,7aa0ddf4c42d6e5584169f78d7ce94d23d925bd7102e89ac219e877006cb530a,O15516,False,ERN1,977,22c28aa52b53dd8141c2770fa4a08a2acda67e6a17447dc5281cf52e0528390f,O75460,original_six,False,-2.345290501912435,-2.4218740463256836,0.3287011682987213,-10.063508033752441,-9.758910179138184,-10.46226978302002,-10.094895998636881,279.0,208.0,289.0,423.0
background,Q15084,U,False,False,,False,262,CCDC154,667,40f3b98af83926377fc49614efbaa729d47d807bd3a0f17973843ad8db915d61,A6NI56,False,ERN1,977,22c28aa52b53dd8141c2770fa4a08a2acda67e6a17447dc5281cf52e0528390f,O75460,original_six,False,-1.7417223850886028,-1.8798619111378987,0.20494750142097473,-10.213912963867188,-13.839005470275879,-14.423050880432129,-12.825323104858398,109.0,99.0,554.0,539.0
background,Q15084,U,False,False,,False,263,C1QBP,282,cb3b9f9c3ede2d536c245815a678713a150f14ac95a1e0f0cd78704f09786886,Q07021,False,ERN1,977,22c28aa52b53dd8141c2770fa4a08a2acda67e6a17447dc5281cf52e0528390f,O75460,original_six,False,-1.8581113815307617,-2.3728190263112388,0.5021544098854065,-13.144265174865723,-15.23898983001709,-11.76431941986084,-13.382524808247885,140.0,198.0,572.0,308.0
background,Q15084,U,False,False,,True,264,BLZF1,400,73c2d6436ad3fc958a3134e6c27d14dfbfd7fafc3108ba9e33354071bfdee55a,Q9H2G9,False,ERN1,977,22c28aa52b53dd8141c2770fa4a08a2acda67e6a17447dc5281cf52e0528390f,O75460,original_six,False,-2.109694480895996,-1.0475900371869404,0.26141059398651123,-8.555831909179688,-8.630043983459473,-10.256329536437988,-9.147401809692383,208.0,21.0,185.0,485.0
background,Q15084,U,False,False,,False,265,KLF10,480,238f8042f2face3239770d83dc1a4a35d5e6439580bee19d4a763ccfcd85ffe1,Q13118,False,ERN1,977,22c28aa52b53dd8141c2770fa4a08a2acda67e6a17447dc5281cf52e0528390f,O75460,original_six,False,-3.268799384435018,-4.402164618174235,0.25532349944114685,-12.871606826782227,-14.177189826965332,-10.412418365478516,-12.487071673075357,545.0,561.0,529.0,494.0
background,Q15084,U,False,False,,False,266,FBXL5,691,af992ab53e7e31785a1d476e6b3108690000aef8f7b9959262bd47f5363c9587,Q9UKA1,False,ERN1,977,22c28aa52b53dd8141c2770fa4a08a2acda67e6a17447dc5281cf52e0528390f,O75460,original_six,False,-2.825110753377279,-4.5207295417785645,0.6967401504516602,-15.48655891418457,-11.41917610168457,-9.917654991149902,-12.274463335673014,441.0,571.0,517.0,94.0
background,Q15084,U,False,False,,False,267,HEXD,486,71f41e20bb5c5e887908138a46e5d15c7194ec8292b209ed34526ac27b2a2f00,Q8WVB3,False,ERN1,977,22c28aa52b53dd8141c2770fa4a08a2acda67e6a17447dc5281cf52e0528390f,O75460,original_six,False,-1.584584395090739,-2.059808373451233,0.6911037564277649,-7.553396224975586,-9.352837562561035,-9.435790061950684,-8.780674616495768,80.0,132.0,140.0,100.0
background,Q15084,U,False,False,,False,268,LYPLA1,230,3898d76a375a22e67077c6eafffe5702d055d88a32342169523a1c5e5b26889b,O75608,False,ERN1,977,22c28aa52b53dd8141c2770fa4a08a2acda67e6a17447dc5281cf52e0528390f,O75460,original_six,False,-1.8397990465164185,-1.217793881893158,0.6307580471038818,-10.173532485961914,-13.347024917602539,-4.041897296905518,-9.187484900156656,138.0,35.0,190.0,183.0
background,Q15084,U,False,False,,False,269,EPHX2,555,1c9241b56a619d629499ed1269bc3662f154bd72a3a25f047061c832e374af14,P34913,False,ERN1,977,22c28aa52b53dd8141c2770fa4a08a2acda67e6a17447dc5281cf52e0528390f,O75460,original_six,False,-2.672529617945353,-2.788317600886027,0.6350103616714478,-10.079717636108398,-10.063641548156738,-10.623506546020508,-10.255621910095215,393.0,286.0,304.0,178.0
background,Q15084,U,False,False,,False,270,HSF2BP,334,527dc21fa5db5ee902c19bfaa04ce75ecdc44e0a8e3dbbb0588abb81f6b0359d,O75031,False,ERN1,977,22c28aa52b53dd8141c2770fa4a08a2acda67e6a17447dc5281cf52e0528390f,O75460,original_six,False,-2.3458924293518066,-3.3173083464304605,0.502740204334259,-9.687384605407715,-13.030964851379395,-13.931267738342285,-12.216539065043131,280.0,410.0,513.0,307.0
background,Q15084,U,False,False,,False,271,STT3A,705,b0047fefa6cae0f64e20457db27a10f4c2717bd7c04659e56e98cd01ccce6221,P46977,False,ERN1,977,22c28aa52b53dd8141c2770fa4a08a2acda67e6a17447dc5281cf52e0528390f,O75460,original_six,False,-2.9572900931040444,-2.8970813751220703,0.7552250623703003,-7.544753074645996,-6.85690975189209,-8.541824340820312,-7.647829055786133,475.0,309.0,58.0,34.0
background,Q15084,U,False,False,,False,272,WIF1,379,60d37faf670da84d4d60a5a4a520c24e8838012aa177c1fc6075559c91a16ef6,Q9Y5W5,False,ERN1,977,22c28aa52b53dd8141c2770fa4a08a2acda67e6a17447dc5281cf52e0528390f,O75460,original_six,False,-2.8012373447418213,-4.302061875661214,0.6444318294525146,-8.090447425842285,-10.623893737792969,-11.36292552947998,-10.025755564371744,432.0,550.0,279.0,165.0
background,Q15084,U,False,False,,False,273,PDE1B,536,28bfe07b3066c74f288a114a3494c938f1cab433288b7f7293bb440ad08f131e,Q01064,False,ERN1,977,22c28aa52b53dd8141c2770fa4a08a2acda67e6a17447dc5281cf52e0528390f,O75460,original_six,False,-3.197468121846517,-4.025659402211507,0.40919065475463867,-6.874700546264648,-6.181471347808838,-9.094029426574707,-7.3834004402160645,529.0,526.0,46.0,368.0
background,Q15084,U,False,False,,False,274,ALDH9A1,494,a4b87ad21d4037d1095b8b01309eded7c0ad3670450ca0afad787beb95d50085,P49189,False,ERN1,977,22c28aa52b53dd8141c2770fa4a08a2acda67e6a17447dc5281cf52e0528390f,O75460,original_six,False,-3.7003706296284995,-3.3091915448506675,0.43518513441085815,-13.639487266540527,-10.09532356262207,-8.658418655395508,-10.797743161519369,582.0,405.0,369.0,351.0
background,Q15084,U,False,False,,False,275,CASP9,416,4abebcd6fb389b5c4032e147846f854685da6000c7028e0622e8a1612a03006c,P55211,False,ERN1,977,22c28aa52b53dd8141c2770fa4a08a2acda67e6a17447dc5281cf52e0528390f,O75460,original_six,False,-1.9923652807871501,-2.291593631108602,0.532544732093811,-14.620306968688965,-12.275978088378906,-10.284870147705078,-12.393718401590982,182.0,180.0,525.0,294.0
background,Q15084,U,False,False,,False,276,OSCAR,282,283f8bae550682d69d5891374567b2c841059e9620613f5d61bef97d9ec03e15,Q8IYS5,False,ERN1,977,22c28aa52b53dd8141c2770fa4a08a2acda67e6a17447dc5281cf52e0528390f,O75460,original_six,False,-3.6044456164042153,-3.0459495385487876,0.5740596652030945,-8.077471733093262,-8.80642318725586,-9.510872840881348,-8.798255920410156,578.0,344.0,144.0,254.0
background,Q15084,U,False,False,,False,277,FSHR,695,7bbe9f46e81ee1d0334a73f0f90250a0a869534fcfcb48a4ad2c0caf44af2fa3,P23945,False,ERN1,977,22c28aa52b53dd8141c2770fa4a08a2acda67e6a17447dc5281cf52e0528390f,O75460,original_six,False,-2.8443121115366616,-3.048410495122274,0.7070783376693726,-11.394049644470215,-9.715795516967773,-12.322279930114746,-11.144041697184244,449.0,345.0,409.0,76.0
background,Q15084,U,False,False,,False,278,PLPP1,284,81946ef6e68b53db08f2ec3de4e3c0e7ef59e0ad79711fb4946a8de33963ee44,O14494,False,ERN1,977,22c28aa52b53dd8141c2770fa4a08a2acda67e6a17447dc5281cf52e0528390f,O75460,original_six,False,-2.8083571592966714,-3.313736359278361,0.6557480096817017,-11.076529502868652,-9.137552261352539,-13.421998023986816,-11.212026596069336,436.0,407.0,416.0,154.0
background,Q15084,U,False,False,,False,279,CD1C,333,7ebde92c39b6ddc86d15641eb70194cc9d9dd97ec3e29845712355ab3219da8c,P29017,False,ERN1,977,22c28aa52b53dd8141c2770fa4a08a2acda67e6a17447dc5281cf52e0528390f,O75460,original_six,False,-2.3486828804016113,-4.467177549997966,0.5586401224136353,-6.041062355041504,-8.494827270507812,-10.23715877532959,-8.257682800292969,282.0,566.0,94.0,271.0
background,Q15084,U,False,False,,False,280,HTR1A,422,32d61aba7a823674fd552153a3ed08e864258b7720546b2ca65e7e29f6cc0a13,P08908,False,ERN1,977,22c28aa52b53dd8141c2770fa4a08a2acda67e6a17447dc5281cf52e0528390f,O75460,original_six,False,-3.022397041320801,-2.8140153090159097,0.6321727633476257,-8.379558563232422,-8.175162315368652,-10.024628639221191,-8.859783172607422,492.0,296.0,149.0,181.0
background,Q15084,U,False,False,,False,281,RECQL,649,14ff940f940d4c29506d5416eb71612485e73341ad664d0e449c6eebefeb9c42,P46063,False,ERN1,977,22c28aa52b53dd8141c2770fa4a08a2acda67e6a17447dc5281cf52e0528390f,O75460,original_six,False,-2.573888063430786,-3.27137025197347,0.3290156424045563,-13.189419746398926,-12.96750545501709,-8.831457138061523,-11.66279411315918,356.0,400.0,457.0,422.0
background,Q15084,U,False,False,,False,282,C1QC,245,38f2cb0a1c46bc8947b5d593020f29569a89f9433cd3571e766ade283a6e343b,P02747,False,ERN1,977,22c28aa52b53dd8141c2770fa4a08a2acda67e6a17447dc5281cf52e0528390f,O75460,original_six,False,-1.3835548162460327,-1.7148281733194988,0.7355846166610718,-9.140460968017578,-7.411746501922607,-13.40129280090332,-9.984500090281168,54.0,80.0,270.0,49.0
background,Q15084,U,False,False,,False,283,STK38L,464,e95b3a9a7cff92f29de95c5e80cc69e58411acf5d4acdb083b415381da943d4a,Q9Y2H1,False,ERN1,977,22c28aa52b53dd8141c2770fa4a08a2acda67e6a17447dc5281cf52e0528390f,O75460,original_six,False,-2.3532212575276694,-3.6859846115112305,0.6619533896446228,-9.109278678894043,-8.836057662963867,-10.76772689819336,-9.57102108001709,283.0,479.0,231.0,147.0
background,Q15084,U,False,False,,False,284,RUBCNL,662,bff42ae2aa8f9a894fd1ed65a2ae0911517131448b7abfa8b7f3ae71ba7247b2,Q9H714,False,ERN1,977,22c28aa52b53dd8141c2770fa4a08a2acda67e6a17447dc5281cf52e0528390f,O75460,original_six,False,-1.9598047733306885,-2.851831038792928,0.35119321942329407,-4.936750888824463,-12.860705375671387,-10.720057487487793,-9.50583791732788,171.0,301.0,223.0,406.0
background,Q15084,U,False,False,,False,285,MEIS3P2,358,e311db9d176a519c3a7e287e6aa05899f4a2de51c55b2c4fbe2c68dcf209e418,A8K0S8,False,ERN1,977,22c28aa52b53dd8141c2770fa4a08a2acda67e6a17447dc5281cf52e0528390f,O75460,original_six,False,-2.4772063891092935,-3.616995175679525,0.3143341541290283,-13.043155670166016,-10.249165534973145,-11.749412536621094,-11.680577913920084,319.0,472.0,460.0,438.0
background,Q15084,U,False,False,,False,286,GORAB,369,d440000f92ccee82b69ac296f1b7a9696d4b22b87df22c536d873b516329b757,Q5T7V8,False,ERN1,977,22c28aa52b53dd8141c2770fa4a08a2acda67e6a17447dc5281cf52e0528390f,O75460,original_six,False,-2.6763619581858316,-2.480123281478882,0.300385981798172,-13.15731430053711,-10.93075942993164,-13.594382286071777,-12.560818672180176,395.0,222.0,531.0,445.0
background,Q15084,U,False,False,,False,287,ZNF724,619,9df3a8bf80c2b4b21bf50549826b89f14fbe69ce9006a118049df57915e6d54e,A8MTY0,False,ERN1,977,22c28aa52b53dd8141c2770fa4a08a2acda67e6a17447dc5281cf52e0528390f,O75460,original_six,False,-3.0980540911356607,-3.9850448767344155,0.40022197365760803,-12.001886367797852,-9.5250244140625,-7.869435787200928,-9.798782189687094,513.0,523.0,253.0,374.0
background,Q15084,U,False,False,,False,288,PLEKHA3,300,b6919e213bcb3f30a388943397980ebb9b91e5d153f8236a2c1bcbcafddc7076,Q9HB20,False,ERN1,977,22c28aa52b53dd8141c2770fa4a08a2acda67e6a17447dc5281cf52e0528390f,O75460,original_six,False,-1.5950022141138713,-1.9737562735875447,0.4638480246067047,-13.450618743896484,-12.195820808410645,-10.2020845413208,-11.94950803120931,83.0,120.0,489.0,332.0
background,Q15084,U,False,False,,False,289,CXCR6,342,c0d6d308e9b1922a23ba04241cffcf6e3baa852bf50939ab504e1fefb7eddeb0,O00574,False,ERN1,977,22c28aa52b53dd8141c2770fa4a08a2acda67e6a17447dc5281cf52e0528390f,O75460,original_six,False,-3.3399445215861,-2.704575538635254,0.618800163269043,-9.49579906463623,-6.714239597320557,-9.931344985961914,-8.713794549306234,554.0,272.0,131.0,202.0
background,Q15084,U,False,False,,False,290,ITGB5,799,bd4f66185e4e7ba895a3613e5109f247d38e0f98da30d4eb06f6e38760074c49,P18084,False,ERN1,977,22c28aa52b53dd8141c2770fa4a08a2acda67e6a17447dc5281cf52e0528390f,O75460,original_six,False,-3.019294341405233,-3.233565012613932,0.7001158595085144,-6.477047920227051,-8.033523559570312,-11.092918395996094,-8.534496625264486,490.0,391.0,109.0,86.0
background,Q15084,U,False,False,,False,291,PARS2,475,cf6eb1f9cf8d5193a04450b5fad9f87b75ee5090ac521ab70878176150037241,Q7L3T8,False,ERN1,977,22c28aa52b53dd8141c2770fa4a08a2acda67e6a17447dc5281cf52e0528390f,O75460,original_six,False,-3.158677101135254,-2.3628432750701904,0.421261191368103,-12.367734909057617,-8.296229362487793,-10.39262580871582,-10.35219669342041,523.0,193.0,320.0,361.0
background,Q15084,U,False,False,,False,292,AJUBA,538,00bc84753b9793e2e34a5500edce311ba6bcc302ef897629a49d86081ccc2573,Q96IF1,False,ERN1,977,22c28aa52b53dd8141c2770fa4a08a2acda67e6a17447dc5281cf52e0528390f,O75460,original_six,False,-1.2005650599797566,-1.393090009689331,0.2821582853794098,-10.86694049835205,-12.05961799621582,-12.68475341796875,-11.870437304178873,32.0,48.0,480.0,466.0
background,Q15084,U,False,False,,False,293,RNF169,708,aeb569dd2a52460e150e390cabd127052c98dbbf1a0bf62a3f4a38fe7164bcb2,Q8NCN4,False,ERN1,977,22c28aa52b53dd8141c2770fa4a08a2acda67e6a17447dc5281cf52e0528390f,O75460,original_six,False,-2.5727404753367105,-3.3059146404266357,0.330892950296402,-14.19369125366211,-12.42022705078125,-13.95836067199707,-13.52409299214681,355.0,404.0,579.0,421.0
background,Q15084,U,False,False,,False,294,CFAP263,377,6dd1f5fda94c9f0c44c4b6af347956a4cebcb8740b75dbf929ab3fc3926d6d39,Q9H0I3,False,ERN1,977,22c28aa52b53dd8141c2770fa4a08a2acda67e6a17447dc5281cf52e0528390f,O75460,original_six,False,-2.001280903816223,-2.28825044631958,0.2694534361362457,-15.508143424987793,-10.946471214294434,-15.746299743652344,-14.06697146097819,183.0,179.0,593.0,476.0
background,Q15084,U,False,False,,False,295,PITX1,314,c14a861e92bd0515ae843fdb1c09663ea558b60e20bb6dd2433ff91ea04aae7d,P78337,False,ERN1,977,22c28aa52b53dd8141c2770fa4a08a2acda67e6a17447dc5281cf52e0528390f,O75460,original_six,False,-0.7169521450996399,0.5812763969103495,0.19810764491558075,-6.0381269454956055,-6.401407241821289,-7.76840353012085,-6.735979239145915,9.0,3.0,26.0,541.0
background,Q15084,U,False,False,,False,296,EEF1A1,462,bcd8bca80af3583ae9040bf812c4229edf1e0a04a8f20265ea961f55148f41bd,P68104,False,ERN1,977,22c28aa52b53dd8141c2770fa4a08a2acda67e6a17447dc5281cf52e0528390f,O75460,original_six,False,-3.1983527342478433,-3.196850379308065,0.2646346688270569,-9.202625274658203,-8.881223678588867,-8.381510734558105,-8.821786562601725,530.0,377.0,147.0,480.0
background,Q15084,U,False,False,,False,297,GHSR,366,73fe68d1fe5d48b8452464bee663af0788bcce6806ae4c02155747ae82b57257,Q92847,False,ERN1,977,22c28aa52b53dd8141c2770fa4a08a2acda67e6a17447dc5281cf52e0528390f,O75460,original_six,False,-3.2941160996754966,-2.0841297705968223,0.669914722442627,-6.17058801651001,-8.394011497497559,-8.150440216064453,-7.571679910024007,549.0,136.0,54.0,127.0
background,Q15084,U,False,False,,False,298,MS4A10,267,fbf421839da76c7669a9d36fcb1915e27eebfaaf95bd50b06da6d0a82aa7d8fe,Q96PG2,False,ERN1,977,22c28aa52b53dd8141c2770fa4a08a2acda67e6a17447dc5281cf52e0528390f,O75460,original_six,False,-3.0572591622670493,-2.1360015869140625,0.6200259923934937,-7.4356513023376465,-7.4997124671936035,-10.314164161682129,-8.416509310404459,507.0,148.0,102.0,198.0
background,Q15084,U,False,False,,False,299,CILK1,632,8c250a7cb49dc01160749bf1243fd2ac9f511dce4d2d365659a10f56fb09442d,Q9UPZ9,False,ERN1,977,22c28aa52b53dd8141c2770fa4a08a2acda67e6a17447dc5281cf52e0528390f,O75460,original_six,False,-1.9112409353256226,-3.7044310569763184,0.4923758804798126,-11.558182716369629,-11.63904094696045,-12.251424789428711,-11.816216150919596,151.0,482.0,475.0,313.0
background,Q15084,U,False,False,,False,300,RAB21,225,e186829c295e43770c0a07df45aec7fc6dac472dfa0a41707168f2b575bfc34c,Q9UL25,False,ERN1,977,22c28aa52b53dd8141c2770fa4a08a2acda67e6a17447dc5281cf52e0528390f,O75460,original_six,False,-3.050538698832194,-3.447518507639567,0.6007296442985535,-13.527695655822754,-9.818754196166992,-10.541707038879395,-11.29605229695638,503.0,439.0,428.0,220.0
background,Q15084,U,False,False,,False,301,RTP1,263,ee2698271d047fdccbbe8f5b47d916f86c4614d6d8240c008b06a9a5a4e62f7f,P59025,False,ERN1,977,22c28aa52b53dd8141c2770fa4a08a2acda67e6a17447dc5281cf52e0528390f,O75460,original_six,False,-2.0180724064509072,-2.7518546978632608,0.6257246732711792,-4.815364360809326,-3.0160558223724365,-11.152374267578125,-6.327931483586629,189.0,279.0,14.0,190.0
background,Q15084,U,False,False,,False,302,LDLRAD3,345,7533f65ae4d8791506ac7bf9881fd1eb9a362e5b841bd6628b574c098304b9f7,Q86YD5,False,ERN1,977,22c28aa52b53dd8141c2770fa4a08a2acda67e6a17447dc5281cf52e0528390f,O75460,original_six,False,-2.4582701524098716,-2.8428715070088706,0.5846422910690308,-7.246527671813965,-6.529032230377197,-11.538666725158691,-8.438075542449951,311.0,299.0,104.0,237.0
background,Q15084,U,False,False,,False,303,PSG7,419,0ec322aeb69a10ce5e45f3895d0d476bbbb0ae56418bff0c916377657b571908,Q13046,False,ERN1,977,22c28aa52b53dd8141c2770fa4a08a2acda67e6a17447dc5281cf52e0528390f,O75460,original_six,False,-2.455167770385742,-1.9566305875778198,0.5292800664901733,-9.572030067443848,-5.279082775115967,-9.340386390686035,-8.063833077748617,309.0,117.0,80.0,295.0
background,Q15084,U,False,False,,False,304,MMP17,603,19ff57407ca18ffef9c01e80fe73663cd10c5d342f91de101bc9073d1dccaab8,Q9ULZ9,False,ERN1,977,22c28aa52b53dd8141c2770fa4a08a2acda67e6a17447dc5281cf52e0528390f,O75460,original_six,False,-2.7448517481486,-4.341431697209676,0.6298492550849915,-8.904435157775879,-10.467901229858398,-11.748016357421875,-10.373450915018717,418.0,554.0,323.0,184.0
context,P61619,U,False,False,,False,305,UBE2J2,259,d0e50438df6ffadafac557c15de1ee3bd8599ff67b5d20445078713f74323e8e,Q8N2K1,False,ERN1,977,22c28aa52b53dd8141c2770fa4a08a2acda67e6a17447dc5281cf52e0528390f,O75460,original_six,False,-2.2780962785085044,-4.130108038584392,0.6912968754768372,-8.328788757324219,-7.1050639152526855,-9.973159790039062,-8.469004154205322,255.0,537.0,105.0,99.0
context,P61619,U,False,False,,False,306,UGT1A8,530,69b232c957d1d836cfa844c0857e91f44893c6e2dcfb0f7165d5ebe4f898fd45,Q9HAW9,False,ERN1,977,22c28aa52b53dd8141c2770fa4a08a2acda67e6a17447dc5281cf52e0528390f,O75460,original_six,False,-2.8702926635742188,-3.5605735778808594,0.7699222564697266,-8.467462539672852,-7.685420513153076,-10.233430862426758,-8.795437971750895,456.0,461.0,143.0,24.0
context,P61619,U,False,False,,False,307,JPH2,696,1d7248b33a49c2c18f97f2a6680865233ba0e4663e490f43bd5183236301927b,Q9BR39,False,ERN1,977,22c28aa52b53dd8141c2770fa4a08a2acda67e6a17447dc5281cf52e0528390f,O75460,original_six,False,-2.333824872970581,-3.2462661266326904,0.5780792832374573,-7.237475395202637,-6.469318866729736,-7.436153411865234,-7.047649224599202,273.0,397.0,35.0,246.0
context,P61619,U,False,False,,False,308,DOLK,538,7b81acb1e1954fe03dfc24e5628024fb98bd5b76ca678c9b11f7f57268405a18,Q9UPQ8,False,ERN1,977,22c28aa52b53dd8141c2770fa4a08a2acda67e6a17447dc5281cf52e0528390f,O75460,original_six,False,-2.631367047627767,-2.916785796483358,0.6191233992576599,-6.168680191040039,-6.653254508972168,-8.937621116638184,-7.253185272216797,378.0,312.0,40.0,201.0
context,P61619,U,False,False,,False,309,HLA-DQB2,268,d86909b5f54038e3c483e0817964f2a34a8374e83e1215f34ba69207f6efb428,P05538,False,ERN1,977,22c28aa52b53dd8141c2770fa4a08a2acda67e6a17447dc5281cf52e0528390f,O75460,original_six,False,-2.875406185785929,-4.288673798243205,0.6627503037452698,-9.010894775390625,-8.48711109161377,-10.037035942077637,-9.17834726969401,458.0,549.0,188.0,144.0
context,P61619,U,False,False,,False,310,EMC3,261,59823f2150e2041630a750cb69330e2e7da5c98b2aeec812c9de57bc37923ba7,Q9P0I2,False,ERN1,977,22c28aa52b53dd8141c2770fa4a08a2acda67e6a17447dc5281cf52e0528390f,O75460,original_six,False,-2.683722813924154,-2.23839795589447,0.6682711839675903,-7.655653476715088,-8.820771217346191,-9.808171272277832,-8.761531988779703,397.0,171.0,139.0,131.0
context,P61619,U,False,False,,False,311,PIGT,578,cad059dd2ca126ffcbd8fcb325a3a40dcc2bec8485eef7c01e6af70b2b653ef5,Q969N2,False,ERN1,977,22c28aa52b53dd8141c2770fa4a08a2acda67e6a17447dc5281cf52e0528390f,O75460,original_six,False,-3.0843332608540854,-4.823638757069905,0.7585819959640503,-8.191397666931152,-9.69062328338623,-12.268893241882324,-10.050304730733236,509.0,588.0,284.0,32.0
context,P61619,U,False,False,,False,312,RCE1,329,480f9006956c5a9dd9b41407ca65738bd6df381403646ec1e37c9f9bb3ae6ad7,Q9Y256,False,ERN1,977,22c28aa52b53dd8141c2770fa4a08a2acda67e6a17447dc5281cf52e0528390f,O75460,original_six,False,-1.9757946332295735,-1.745417594909668,0.6786116361618042,-8.124053001403809,-9.407875061035156,-11.728516578674316,-9.75348154703776,179.0,83.0,247.0,118.0
context,P61619,U,False,False,,False,313,TLR3,904,a599e95c1f774b8bb8b499064316aced28a3e1f4d3b8b85bfb1bfc5325ba75d5,O15455,False,ERN1,977,22c28aa52b53dd8141c2770fa4a08a2acda67e6a17447dc5281cf52e0528390f,O75460,original_six,False,-3.543525139490763,-4.843671957651774,0.5897743105888367,-9.74862003326416,-7.779714107513428,-8.160737991333008,-8.563024044036865,573.0,589.0,113.0,232.0
context,P61619,U,False,False,,False,314,SLC39A7,469,cbb8cd3a68abfe1fb5215083a2fa48ed0fca414b48dbe5e84753651ab153802a,Q92504,False,ERN1,977,22c28aa52b53dd8141c2770fa4a08a2acda67e6a17447dc5281cf52e0528390f,O75460,original_six,False,-2.0447709957758584,-3.006388465563456,0.6881935000419617,-6.741455554962158,-5.005216598510742,-9.717386245727539,-7.1546861330668134,194.0,335.0,37.0,104.0
context,P61619,U,False,False,,False,315,SHISA2,295,abb91dab8c5a3842bdd20da2ba8267275b1d847b5d44c0a70fefdc4bab516c48,Q6UWI4,False,ERN1,977,22c28aa52b53dd8141c2770fa4a08a2acda67e6a17447dc5281cf52e0528390f,O75460,original_six,False,-2.11896546681722,-3.1152446269989014,0.5618460178375244,-8.29220962524414,-7.877826690673828,-10.780255317687988,-8.983430544535318,212.0,359.0,164.0,268.0
context,P61619,U,False,False,,False,316,SLC37A3,494,0efcfffee83f3082bbb2ef7eafa16d5081e790b45cce4398bc8078bd459de008,Q8NCC5,False,ERN1,977,22c28aa52b53dd8141c2770fa4a08a2acda67e6a17447dc5281cf52e0528390f,O75460,original_six,False,-3.364130973815918,-3.215811570485433,0.5626851320266724,-9.099291801452637,-6.148016452789307,-9.50262451171875,-8.249977588653564,556.0,383.0,93.0,265.0
context,P61619,U,False,False,,False,317,ATL1,558,59e0bced92b2f20333744c4cb2f13ad95d5d6c07b567e7b5ef5d409f2b548200,Q8WXF7,False,ERN1,977,22c28aa52b53dd8141c2770fa4a08a2acda67e6a17447dc5281cf52e0528390f,O75460,original_six,False,-1.7259596983591716,-2.6748361587524414,0.638298749923706,-5.821236610412598,-5.705622673034668,-7.356387138366699,-6.294415473937988,107.0,267.0,13.0,175.0
context,P61619,U,False,False,,False,318,TMEM174,243,0df90dcf320c31dddb0f34856a198d56665fcd5d96f574bb5e705191a799e151,Q8WUU8,False,ERN1,977,22c28aa52b53dd8141c2770fa4a08a2acda67e6a17447dc5281cf52e0528390f,O75460,original_six,False,-2.3106656074523926,-2.5699286460876465,0.4741683900356293,-7.602998733520508,-10.054492950439453,-12.317336082458496,-9.991609255472818,265.0,244.0,272.0,324.0
context,P61619,U,False,False,,False,319,DPY19L3,716,92ad39f12508f3b7e0826a4811ad99b28d98229afb7086afeb877aea64b5c8dc,Q6ZPD9,False,ERN1,977,22c28aa52b53dd8141c2770fa4a08a2acda67e6a17447dc5281cf52e0528390f,O75460,original_six,False,-3.1968937714894614,-4.164949099222819,0.7007735371589661,-10.060546875,-8.089777946472168,-11.923611640930176,-10.024645487467447,528.0,540.0,278.0,83.0
context,P61619,U,False,False,,False,320,MOXD1,613,017e5fd4629ff9e6c364ba09f07d8a10fce090305f369bc82abc70c2ee46ed06,Q6UVY6,False,ERN1,977,22c28aa52b53dd8141c2770fa4a08a2acda67e6a17447dc5281cf52e0528390f,O75460,original_six,False,-2.728776137034098,-3.2929564317067466,0.6662395000457764,-7.43525505065918,-8.194636344909668,-11.365031242370605,-8.998307545979818,410.0,402.0,167.0,137.0
context,P61619,U,False,False,,False,321,UGT1A10,530,c85cff792e5735669b6ee4ccd56a38b2badf0e650cc13472302b6095363dffdb,Q9HAW8,False,ERN1,977,22c28aa52b53dd8141c2770fa4a08a2acda67e6a17447dc5281cf52e0528390f,O75460,original_six,False,-2.702321767807007,-3.0535926818847656,0.7701874375343323,-8.340417861938477,-7.357008934020996,-10.490440368652344,-8.729289054870605,403.0,346.0,135.0,23.0
context,P61619,U,False,False,,False,322,RNF43,783,7b56cff5f070e4c7e55714b1f98b39f2db4cb07561e706939bd44fe5dabee125,Q68DV7,False,ERN1,977,22c28aa52b53dd8141c2770fa4a08a2acda67e6a17447dc5281cf52e0528390f,O75460,original_six,False,-1.467045823733012,-2.422014315923055,0.6673903465270996,-4.5976715087890625,-8.444714546203613,-10.533876419067383,-7.8587541580200195,65.0,209.0,65.0,133.0
context,P61619,U,False,False,,False,323,CTDNEP1,244,b5b7d70337f9e3d5e4c61fd731c26ba2abc265d3dd7802fba0eed98f67d1aeed,O95476,False,ERN1,977,22c28aa52b53dd8141c2770fa4a08a2acda67e6a17447dc5281cf52e0528390f,O75460,original_six,False,-2.3163638909657798,-3.028898239135742,0.6655216813087463,-8.981793403625488,-9.530104637145996,-8.805977821350098,-9.105958620707193,269.0,342.0,179.0,140.0
context,P61619,U,False,False,,False,324,TAAR1,339,35a1e025e9505e55a85a2426e204659755e97eff7ffd0ee9882b72a90c5c54ba,Q96RJ0,False,ERN1,977,22c28aa52b53dd8141c2770fa4a08a2acda67e6a17447dc5281cf52e0528390f,O75460,original_six,False,-4.345294157663981,-4.787454605102539,0.6193225979804993,-11.888548851013184,-9.121931076049805,-11.935131072998047,-10.981870333353678,604.0,585.0,390.0,200.0
context,P61619,U,False,False,,False,325,HLA-DRB1,266,6c038ed8f95e0248a1ffd4dbab53c0ff1d973269cc93901237862549053780be,P01911,False,ERN1,977,22c28aa52b53dd8141c2770fa4a08a2acda67e6a17447dc5281cf52e0528390f,O75460,original_six,False,-3.199570417404175,-4.374411980311076,0.5951291918754578,-8.316211700439453,-7.979738712310791,-9.288016319274902,-8.527988910675049,531.0,558.0,108.0,227.0
context,P61619,U,False,False,,False,326,RNF139,664,08b11c642b52311cc4ab3c24f5020d53a515a955d5bee3790c1226a48302b30c,Q8WU17,False,ERN1,977,22c28aa52b53dd8141c2770fa4a08a2acda67e6a17447dc5281cf52e0528390f,O75460,original_six,False,-2.2778472105662027,-3.426153818766276,0.6673710942268372,-8.309100151062012,-6.483351707458496,-10.045355796813965,-8.279269218444824,254.0,436.0,95.0,134.0
context,P61619,U,False,False,,False,327,GRAMD1C,662,f32e712f4093d4c390bafbe826d872e4427a4762dab453078c0678488b627d1f,Q8IYS0,False,ERN1,977,22c28aa52b53dd8141c2770fa4a08a2acda67e6a17447dc5281cf52e0528390f,O75460,original_six,False,-2.8344608147939048,-2.095160881678263,0.7299095988273621,-8.6560697555542,-4.861987590789795,-5.72429084777832,-6.4141160647074384,443.0,139.0,20.0,57.0
context,P61619,U,False,False,,False,328,LPCAT2,544,bb7bc921325055e09f4d240fcbafc52f821dd884e5fe4be5477df74049945285,Q7L5N7,False,ERN1,977,22c28aa52b53dd8141c2770fa4a08a2acda67e6a17447dc5281cf52e0528390f,O75460,original_six,False,-2.1443187395731607,-2.0778733491897583,0.8013863563537598,-6.192216396331787,-8.690459251403809,-8.784401893615723,-7.889025847117106,221.0,133.0,69.0,10.0
context,P61619,U,False,False,,False,329,FICD,458,b3dfeed4c2b5c514026dbaa822d373cb85f249454d3bce0af5df8453f6514fc8,Q9BVA6,False,ERN1,977,22c28aa52b53dd8141c2770fa4a08a2acda67e6a17447dc5281cf52e0528390f,O75460,original_six,False,-1.9652587175369263,-1.811055302619934,0.7491845488548279,-9.415750503540039,-9.20214557647705,-10.997258186340332,-9.871718088785807,176.0,95.0,264.0,40.0
context,P61619,U,False,False,,False,330,MSMO1,293,96a405d8ba5148e631e426df7d6fceb1e9f2b9a21e240fd082007422b3a2699e,Q15800,False,ERN1,977,22c28aa52b53dd8141c2770fa4a08a2acda67e6a17447dc5281cf52e0528390f,O75460,original_six,False,-3.020375887552897,-2.9967227776845298,0.5509132742881775,-8.81152629852295,-7.408790588378906,-12.295385360717773,-9.505234082539877,491.0,331.0,222.0,280.0
context,P61619,U,False,False,,False,331,ACSL3,720,51c8a25a91f81f2777dcda866e53ba2b7b507db4771c9988de5c4465f7593f44,O95573,False,ERN1,977,22c28aa52b53dd8141c2770fa4a08a2acda67e6a17447dc5281cf52e0528390f,O75460,original_six,False,-2.616344372431437,-2.370423158009847,0.7630956768989563,-7.114364147186279,-9.887478828430176,-10.036182403564453,-9.012675126393637,370.0,197.0,168.0,26.0
context,P61619,U,False,False,,False,332,HSD11B1,292,ddd04e390c6c6a21de3d05d005744796031167d578e9155c8d9f9ecf067e881f,P28845,False,ERN1,977,22c28aa52b53dd8141c2770fa4a08a2acda67e6a17447dc5281cf52e0528390f,O75460,original_six,False,-1.9241496324539185,-2.223668893178304,0.7951886653900146,-6.407264709472656,-5.892181396484375,-9.10683536529541,-7.135427157084147,155.0,168.0,36.0,14.0
context,P61619,U,False,False,,False,333,ALG9,611,09a1298f9c276ca515fbda59dcc5df105199c2d861e4b968c0ab60d48c308d66,Q9H6U8,False,ERN1,977,22c28aa52b53dd8141c2770fa4a08a2acda67e6a17447dc5281cf52e0528390f,O75460,original_six,False,-2.610276222229004,-2.548740784327189,0.6387535929679871,-9.206009864807129,-9.350448608398438,-9.862293243408203,-9.472917238871256,368.0,237.0,219.0,172.0
context,P61619,U,False,False,,False,334,PIGZ,579,9b774e47843d1d661ae6afc5b586340fbd53bd7faa57c1e39346087772494a72,Q86VD9,False,ERN1,977,22c28aa52b53dd8141c2770fa4a08a2acda67e6a17447dc5281cf52e0528390f,O75460,original_six,False,-1.5616277853647869,-1.7664635976155598,0.6620510220527649,-9.499029159545898,-7.048252582550049,-7.147650241851807,-7.898310661315918,76.0,85.0,71.0,146.0
context,P61619,U,False,False,,False,335,DMPK,629,16bd82a74c648b9c3c57d29cf58656926c1b7c03fbe80ee1d037746e8ffbda10,Q09013,False,ERN1,977,22c28aa52b53dd8141c2770fa4a08a2acda67e6a17447dc5281cf52e0528390f,O75460,original_six,False,-1.752678910891215,-2.53138001759847,0.844002902507782,-7.676626205444336,-9.957353591918945,-10.127601623535156,-9.253860473632812,113.0,231.0,198.0,3.0
context,P61619,U,False,False,,False,336,UGT2B7,529,b278b42ab9dd97cdc232913059e552c49533c30b91ce59c487f20f18c9007840,P16662,False,ERN1,977,22c28aa52b53dd8141c2770fa4a08a2acda67e6a17447dc5281cf52e0528390f,O75460,original_six,False,-3.439457337061564,-4.393212636311849,0.7505484223365784,-8.349671363830566,-8.119373321533203,-11.448709487915039,-9.305918057759603,564.0,560.0,201.0,37.0
context,P61619,U,False,False,,False,337,SARAF,339,7253f691a776eaff9e5cf07689bf0930225cd8cb8b0e79ac0a5e2bc842472989,Q96BY9,False,ERN1,977,22c28aa52b53dd8141c2770fa4a08a2acda67e6a17447dc5281cf52e0528390f,O75460,original_six,False,-1.2447621027628581,-2.2103856007258096,0.6662226319313049,-4.365243434906006,-4.361319541931152,-7.737910747528076,-5.488157908121745,42.0,165.0,5.0,138.0
context,P61619,U,False,False,,False,338,CYP4F22,531,0cbde40e77625ba0e92e9522ccee1591a7b35da8043affc680a972ca46abef1b,Q6NT55,False,ERN1,977,22c28aa52b53dd8141c2770fa4a08a2acda67e6a17447dc5281cf52e0528390f,O75460,original_six,False,-2.778299887975057,-4.536650816599528,0.7289057374000549,-9.84150505065918,-8.791240692138672,-10.31986141204834,-9.650869051615397,426.0,573.0,237.0,58.0
context,P61619,U,False,False,,False,339,ATP6AP2,350,c8b4f93dde641435e89fd13e2ee8c7009cf02dba2d23f2e5850c127b7ead42e3,O75787,False,ERN1,977,22c28aa52b53dd8141c2770fa4a08a2acda67e6a17447dc5281cf52e0528390f,O75460,original_six,False,-1.658984859784444,-2.542727788289388,0.779345691204071,-7.293720722198486,-7.915713310241699,-10.249322891235352,-8.486252307891846,94.0,234.0,107.0,17.0
context,P61619,U,False,False,,False,340,KCNK2,426,438dc726c30d0ff5ba1dfed88531d0758ecfa43be6730b09dce8957af6ef8e39,O95069,False,ERN1,977,22c28aa52b53dd8141c2770fa4a08a2acda67e6a17447dc5281cf52e0528390f,O75460,original_six,False,-3.0482805569966636,-4.539079984029134,0.678739070892334,-8.717976570129395,-9.865808486938477,-12.250510215759277,-10.278098424275717,501.0,574.0,310.0,117.0
context,P61619,U,False,False,,False,341,DEGS2,323,f5cab667bd791863ea6d699cfcb81452213f1ac354be16c260b0fe67502e51c0,Q6QHC5,False,ERN1,977,22c28aa52b53dd8141c2770fa4a08a2acda67e6a17447dc5281cf52e0528390f,O75460,original_six,False,-2.341199000676473,-1.899259090423584,0.5778321027755737,-7.807452201843262,-8.509751319885254,-10.297674179077148,-8.871625900268555,276.0,106.0,152.0,247.0
context,P61619,U,False,False,,False,342,VMP1,406,003154cd9bd4ccf278e5635ff4c6c6e27fbf0eab2a1b4cc13688ea796944e091,Q96GC9,False,ERN1,977,22c28aa52b53dd8141c2770fa4a08a2acda67e6a17447dc5281cf52e0528390f,O75460,original_six,False,-3.203786849975586,-2.6748886903127036,0.684253990650177,-10.905683517456055,-9.250387191772461,-13.256669998168945,-11.137580235799154,534.0,268.0,407.0,112.0
context,P61619,U,False,False,,False,343,TMC6,805,7c51c2e1c85993571fa4ebcef5b560f0d4a2b79bb9cc5dcfb7f4b2e3d3fae435,Q7Z403,False,ERN1,977,22c28aa52b53dd8141c2770fa4a08a2acda67e6a17447dc5281cf52e0528390f,O75460,original_six,False,-2.5436607201894126,-2.446221431096395,0.6703994274139404,-9.18881893157959,-9.685787200927734,-11.33005428314209,-10.068220138549805,343.0,215.0,287.0,126.0
context,P61619,U,False,False,,False,344,HSD17B7,341,20d8b766c0a6b2c809342f00fcf4637ec6bbb82e04fb3dda9bdec095f7531262,P56937,False,ERN1,977,22c28aa52b53dd8141c2770fa4a08a2acda67e6a17447dc5281cf52e0528390f,O75460,original_six,False,-1.92759903271993,-2.2352774143218994,0.7419949173927307,-8.53785514831543,-6.28578519821167,-7.8408308029174805,-7.554823716481526,158.0,170.0,53.0,45.0
context,P61619,U,False,False,,False,345,ATF6B,703,72b1564d8f94efa17ba977ee98b895ba765c0a3f385cbf82fae5f81360453c2d,Q99941,False,ERN1,977,22c28aa52b53dd8141c2770fa4a08a2acda67e6a17447dc5281cf52e0528390f,O75460,original_six,False,-2.1939826011657715,-2.2041160265604653,0.6076326370239258,-7.434665203094482,-6.515576362609863,-11.937349319458008,-8.629196961720785,234.0,163.0,123.0,213.0
context,P61619,U,False,False,,False,346,YIF1A,293,96f43834cce2469c56ae83773ad277faa9068e62f21a9d5d95152b0c7d3ad106,O95070,False,ERN1,977,22c28aa52b53dd8141c2770fa4a08a2acda67e6a17447dc5281cf52e0528390f,O75460,original_six,False,-2.6007018089294434,-1.518649657567342,0.7717074155807495,-4.959152698516846,-4.650049209594727,-8.751267433166504,-6.120156447092692,364.0,61.0,10.0,21.0
context,P61619,U,False,False,,False,347,TRIM59,403,c889868897b0353218c09ce0d9a7b2f0238d4e0f0c0b4e01ba559c120f43fdf9,Q8IWR1,False,ERN1,977,22c28aa52b53dd8141c2770fa4a08a2acda67e6a17447dc5281cf52e0528390f,O75460,original_six,False,-0.9200932582219442,-1.4637503623962402,0.6335059404373169,-5.384340286254883,-5.3595476150512695,-8.478341102600098,-6.40740966796875,16.0,55.0,19.0,180.0
context,P61619,U,False,False,,False,348,DOLPP1,238,38956f2f1bc4af204ae7ae52d0f742ffa21534d60cdb79adf36619d9445fad89,Q86YN1,False,ERN1,977,22c28aa52b53dd8141c2770fa4a08a2acda67e6a17447dc5281cf52e0528390f,O75460,original_six,False,-1.8173516591389973,-0.17013657093048096,0.642783522605896,-7.564095973968506,-4.774816036224365,-12.552684783935547,-8.297198931376139,132.0,8.0,97.0,168.0
context,P61619,U,False,False,,False,349,TMCC3,477,8582f67873a154bd9341afd81c58b69b975c509df1a96dbe6da76d50bfac0590,Q9ULS5,False,ERN1,977,22c28aa52b53dd8141c2770fa4a08a2acda67e6a17447dc5281cf52e0528390f,O75460,original_six,False,-1.1279580195744832,-0.964791735013326,0.563076376914978,-5.6326093673706055,-5.944879531860352,-8.317229270935059,-6.631572723388672,27.0,17.0,23.0,264.0
context,P61619,U,False,False,,False,350,ELOVL4,314,1c214a60e47843ae5ba3f88ccd7c2379877aa27afcc0e406cf6a1f55eea6a1a0,Q9GZR5,False,ERN1,977,22c28aa52b53dd8141c2770fa4a08a2acda67e6a17447dc5281cf52e0528390f,O75460,original_six,False,-3.6919942696889243,-3.1115705966949463,0.5385769009590149,-8.741227149963379,-7.160615921020508,-11.675742149353027,-9.19252840677897,580.0,357.0,191.0,292.0
context,P61619,U,False,False,,False,351,CYP19A1,503,a3095681f690b2ae6282a9116df5485f601548b49602ebf94ef3c4eff4d99b55,P11511,False,ERN1,977,22c28aa52b53dd8141c2770fa4a08a2acda67e6a17447dc5281cf52e0528390f,O75460,original_six,False,-3.19621475537618,-4.516429265340169,0.6724539995193481,-11.848978996276855,-7.6604132652282715,-9.614310264587402,-9.707900842030844,527.0,570.0,241.0,124.0
context,P61619,U,False,False,,False,352,TEX264,313,5125165ec195443d8cf17a7bb3fdf6f5dc036ebe9764dc8c2afde3e5d3ee7a69,Q9Y6I9,False,ERN1,977,22c28aa52b53dd8141c2770fa4a08a2acda67e6a17447dc5281cf52e0528390f,O75460,original_six,False,-0.6084704001744589,-1.8866397937138875,0.8116632103919983,-7.513360500335693,-6.510898590087891,-8.53504467010498,-7.5197679201761884,5.0,104.0,52.0,8.0
context,P61619,U,False,False,,False,353,LMAN1,510,dde29e1d1dfe9463df73d6823f823f76aa96149669b85896e2621c1e747fafc2,P49257,False,ERN1,977,22c28aa52b53dd8141c2770fa4a08a2acda67e6a17447dc5281cf52e0528390f,O75460,original_six,False,-1.8725201686223347,-2.12935733795166,0.7303196787834167,-6.050322532653809,-6.596357822418213,-7.403049468994141,-6.683243274688721,142.0,147.0,25.0,56.0
context,P61619,U,False,False,,False,354,SLC35D3,416,2a288f97c9a678d124bfd24716ebfdb1037bb636e3e97320718713cf802fa37b,Q5M8T2,False,ERN1,977,22c28aa52b53dd8141c2770fa4a08a2acda67e6a17447dc5281cf52e0528390f,O75460,original_six,False,-2.139894723892212,-2.0121634801228843,0.7425117492675781,-10.205065727233887,-5.5150580406188965,-8.033588409423828,-7.917904059092204,219.0,127.0,73.0,44.0
background,P61619,U,False,False,,False,355,CAP2,477,b2ae0ec1cf4a8dd7c9455be6fc4581abb5767b6a0fb6c6cf8c17ddcc806b3f0c,P40123,False,ERN1,977,22c28aa52b53dd8141c2770fa4a08a2acda67e6a17447dc5281cf52e0528390f,O75460,original_six,False,-1.830944816271464,-3.0948424339294434,0.4105781018733978,-12.046148300170898,-9.56560230255127,-11.718542098999023,-11.110097567240397,136.0,353.0,403.0,366.0
background,P61619,U,False,False,,False,356,GRIA2,883,b89a34e8176a3aa843db2f9bb6c1a9011b7179891282e17e8dea7ac94fe76c1b,P42262,False,ERN1,977,22c28aa52b53dd8141c2770fa4a08a2acda67e6a17447dc5281cf52e0528390f,O75460,original_six,False,-2.9778329531351724,-3.597851117451986,0.6834759712219238,-9.1878662109375,-7.554172515869141,-9.428423881530762,-8.723487536112467,481.0,470.0,132.0,113.0
background,P61619,U,False,False,,False,357,PICK1,415,a3bc566baab8685fe7d30aa1ed957a74debd409e26cbaa2da29ea3e3f2ab327e,Q9NRD5,False,ERN1,977,22c28aa52b53dd8141c2770fa4a08a2acda67e6a17447dc5281cf52e0528390f,O75460,original_six,False,-1.4391732613245647,-1.3829435507456462,0.3939666748046875,-8.643437385559082,-9.649628639221191,-9.036932945251465,-9.109999656677246,61.0,47.0,181.0,378.0
background,P61619,U,False,False,,False,358,AHCYL1,530,4c3f16723bb146a0aac5060a747898b95c3d8be584c642499ef40797eff28ea1,O43865,False,ERN1,977,22c28aa52b53dd8141c2770fa4a08a2acda67e6a17447dc5281cf52e0528390f,O75460,original_six,False,-1.828081488609314,-1.8535548448562622,0.5624175071716309,-6.656912326812744,-6.7198686599731445,-5.780887126922607,-6.385889371236165,134.0,98.0,18.0,267.0
background,P61619,U,False,False,,False,359,RABEP1,862,29e84d20af4e1d17f0e86468178ed549306e843095595bb5aa8f97ac60eb53f0,Q15276,False,ERN1,977,22c28aa52b53dd8141c2770fa4a08a2acda67e6a17447dc5281cf52e0528390f,O75460,original_six,False,-1.4226285616556804,-1.743624170621236,0.32740241289138794,-11.121192932128906,-9.014575004577637,-9.064537048339844,-9.733434995015463,58.0,81.0,245.0,425.0
background,P61619,U,False,False,,False,360,EBF3,596,10d62483e617be5304fa51db65131bc520fd10a3d67f33beed03b2e7fb699837,Q9H4W6,False,ERN1,977,22c28aa52b53dd8141c2770fa4a08a2acda67e6a17447dc5281cf52e0528390f,O75460,original_six,False,-2.566880544026693,-3.8378512064615884,0.38261678814888,-9.354097366333008,-16.048810958862305,-11.766077995300293,-12.389662106831869,349.0,499.0,524.0,389.0
background,P61619,U,False,False,,False,361,LHX2,406,7cca72960ff01779206f6ce19949694b4e116ff777115f4b45bf97fbfcb5f86f,P50458,False,ERN1,977,22c28aa52b53dd8141c2770fa4a08a2acda67e6a17447dc5281cf52e0528390f,O75460,original_six,False,-1.2101612091064453,-1.1376384099324544,0.2657770812511444,-10.958476066589355,-11.498343467712402,-10.180541038513184,-10.879120190938314,34.0,32.0,375.0,478.0
background,P61619,U,False,False,,False,362,PAK1IP1,392,cc05e0bdc1449ecc8638a32d4eb43d0f2ac410139ad8099df127175286b778e2,Q9NWT1,False,ERN1,977,22c28aa52b53dd8141c2770fa4a08a2acda67e6a17447dc5281cf52e0528390f,O75460,original_six,False,-2.726994593938192,-3.818230152130127,0.231892928481102,-13.224334716796875,-9.693440437316895,-11.056557655334473,-11.324777603149414,409.0,496.0,431.0,521.0
background,P61619,U,False,False,,False,363,ANXA11,505,c82b2bc51108c3f2e2959e051a47ae22bcac265e30ea947559f614ffbc4d5850,P50995,False,ERN1,977,22c28aa52b53dd8141c2770fa4a08a2acda67e6a17447dc5281cf52e0528390f,O75460,original_six,False,-2.1614830493927,-3.5150116284688315,0.2784980535507202,-13.07036018371582,-16.58495330810547,-16.423858642578125,-15.359724044799805,228.0,453.0,604.0,470.0
background,P61619,U,False,False,,False,364,PSMC1,440,f49dc4dcf7beceeb6e0e3f0e26bffc213c5af10106b607f2a5146af391652739,P62191,False,ERN1,977,22c28aa52b53dd8141c2770fa4a08a2acda67e6a17447dc5281cf52e0528390f,O75460,original_six,False,-1.9696412483851116,-2.168355186780294,0.64928138256073,-13.697416305541992,-10.377679824829102,-11.188281059265137,-11.754459063212076,177.0,157.0,470.0,163.0
background,P61619,U,False,False,,False,365,EFHD2,240,df0575231f809050029657749f21b2b36f5b00a92b61c2e37328c31eb885ce8a,Q96C19,False,ERN1,977,22c28aa52b53dd8141c2770fa4a08a2acda67e6a17447dc5281cf52e0528390f,O75460,original_six,False,-1.4975814024607341,-0.8443436821301779,0.2942354679107666,-10.21237850189209,-8.895683288574219,-12.25134563446045,-10.45313580830892,68.0,15.0,333.0,453.0
background,P61619,U,False,False,,False,366,MCM6,821,2600a5e9a712fc9ed4c845f5c071937e93cbe8eb513747d9f327233a3bf88098,Q14566,False,ERN1,977,22c28aa52b53dd8141c2770fa4a08a2acda67e6a17447dc5281cf52e0528390f,O75460,original_six,False,-2.382542530695597,-2.784623861312866,0.5894332528114319,-11.380910873413086,-11.3519868850708,-10.120927810668945,-10.951275189717611,290.0,283.0,387.0,233.0
background,P61619,U,False,False,,False,367,DNAJB5,348,1e52c2b8fac9cd4b5b4149b498f9dba2bfed4157eb6086ba79f4c4c5c8658c56,O75953,False,ERN1,977,22c28aa52b53dd8141c2770fa4a08a2acda67e6a17447dc5281cf52e0528390f,O75460,original_six,False,-3.055050849914551,-3.7034749190012612,0.6081333160400391,-11.870128631591797,-10.495393753051758,-10.644221305847168,-11.00324789683024,506.0,480.0,392.0,212.0
background,P61619,U,False,False,,False,368,SLC5A4,659,c17bfad80d5324e58223a303ac517e18538249bab5f175caae360c76e04b06b3,Q9NY91,False,ERN1,977,22c28aa52b53dd8141c2770fa4a08a2acda67e6a17447dc5281cf52e0528390f,O75460,original_six,False,-3.6268781820933023,-3.644218921661377,0.6055609583854675,-9.871596336364746,-7.223582744598389,-10.91540241241455,-9.336860497792562,579.0,475.0,205.0,214.0
background,P61619,U,False,False,,False,369,GLRX3,335,fd99e8994b93e64c557adcaccd43218f66131ee9feaf934637d6a49f2d352ab6,O76003,False,ERN1,977,22c28aa52b53dd8141c2770fa4a08a2acda67e6a17447dc5281cf52e0528390f,O75460,original_six,False,-0.8277750809987386,0.8991517225901285,0.39157789945602417,-4.84071159362793,-5.986721992492676,-4.912733554840088,-5.246722380320231,11.0,2.0,3.0,381.0
background,P61619,U,False,False,,False,370,GPR88,384,1f1e0d80da902eddd4cd9ae48b390782b5c090a0ae8cca56435c5654f0af67fa,Q9GZN0,False,ERN1,977,22c28aa52b53dd8141c2770fa4a08a2acda67e6a17447dc5281cf52e0528390f,O75460,original_six,False,-2.486075480779012,-1.9594220320383708,0.5745681524276733,-8.485748291015625,-7.234456539154053,-11.462151527404785,-9.06078545252482,323.0,118.0,174.0,253.0
background,P61619,U,False,False,,False,371,DAW1,415,ad85f69971ff68a84931042549a24f2b2f5d1b04cedd89b21402b7bf9aaed675,Q8N136,False,ERN1,977,22c28aa52b53dd8141c2770fa4a08a2acda67e6a17447dc5281cf52e0528390f,O75460,original_six,False,-2.9155944188435874,-2.5095502535502114,0.5446630716323853,-11.331530570983887,-10.082045555114746,-5.295923709869385,-8.90316661198934,468.0,227.0,155.0,286.0
background,P61619,U,False,False,,False,372,DERA,318,82763f5188275fb566fd28d777b0dd44a0de1640ea029d771d689fceba639bb7,Q9Y315,False,ERN1,977,22c28aa52b53dd8141c2770fa4a08a2acda67e6a17447dc5281cf52e0528390f,O75460,original_six,False,-3.7169838746388755,-3.8004822731018066,0.49987295269966125,-14.532341003417969,-11.417301177978516,-10.460590362548828,-12.136744181315104,585.0,492.0,503.0,310.0
background,P61619,U,False,False,,False,373,POGLUT3,507,9cdcda8a923c598afbe8dbd921927a061525ae7bbfc15a9db47301f6cd25be9a,Q7Z4H8,False,ERN1,977,22c28aa52b53dd8141c2770fa4a08a2acda67e6a17447dc5281cf52e0528390f,O75460,original_six,False,-2.663618008295695,-2.4053099552790322,0.7081426382064819,-8.11674976348877,-7.522439479827881,-11.858749389648438,-9.165979544321695,389.0,204.0,187.0,75.0
background,P61619,U,False,False,,False,374,SAGE1,904,a71ae1e1c20b9fa5a5cf8bb854056fccfc32241ddcbf8177aba9bc6f38ef3232,Q9NXZ1,False,ERN1,977,22c28aa52b53dd8141c2770fa4a08a2acda67e6a17447dc5281cf52e0528390f,O75460,original_six,False,-2.551280419031779,-2.4206131299336753,0.42898544669151306,-13.240872383117676,-12.879975318908691,-7.805968761444092,-11.30893882115682,345.0,206.0,430.0,356.0
background,P61619,U,False,False,,False,375,CYP4F12,524,46da51cc42bc6650424609aaa3417341d113fa12f6f08d1b7a4f023168aef25f,Q9HCS2,False,ERN1,977,22c28aa52b53dd8141c2770fa4a08a2acda67e6a17447dc5281cf52e0528390f,O75460,original_six,False,-2.1998911698659263,-3.47868275642395,0.7252516150474548,-10.26956844329834,-6.55657434463501,-10.496910095214844,-9.10768429438273,237.0,444.0,180.0,64.0
background,P61619,U,False,False,,False,376,SYDE1,735,756053bed13a0fd7fb3ab5034c49189b3df9da4ce0560fb8b44713cb99a56c92,Q6ZW31,False,ERN1,977,22c28aa52b53dd8141c2770fa4a08a2acda67e6a17447dc5281cf52e0528390f,O75460,original_six,False,-2.3842506408691406,-2.4813280502955117,0.4621545970439911,-12.45390796661377,-13.212862968444824,-12.539762496948242,-12.73551114400228,291.0,223.0,547.0,334.0
background,P61619,U,False,False,,False,377,PLEKHA1,404,dff46de051b6efb5818b3741775ee67ba3ef5de225dd7592da5886d752429570,Q9HB21,False,ERN1,977,22c28aa52b53dd8141c2770fa4a08a2acda67e6a17447dc5281cf52e0528390f,O75460,original_six,False,-2.3421202500661216,-1.8127670685450237,0.3963412642478943,-14.302092552185059,-7.90549373626709,-7.7726054191589355,-9.993397235870361,277.0,96.0,273.0,375.0
background,P61619,U,False,False,,False,378,CNST,725,cfcc727731d91847445e05e7dd9d5924dd12e862717762744d4ca27fc05474e0,Q6PJW8,False,ERN1,977,22c28aa52b53dd8141c2770fa4a08a2acda67e6a17447dc5281cf52e0528390f,O75460,original_six,False,-2.4532975355784097,-1.9360793431599934,0.5625303983688354,-5.868374824523926,-5.4391679763793945,-9.153985023498535,-6.820509274800618,308.0,114.0,28.0,266.0
background,P61619,U,False,False,,False,379,KCNA7,456,20be7b508fb107029413e39d9d402c4647142792a55d0133dbbe98ac2da7b363,Q96RP8,False,ERN1,977,22c28aa52b53dd8141c2770fa4a08a2acda67e6a17447dc5281cf52e0528390f,O75460,original_six,False,-3.3512006600697837,-4.0295478502909345,0.7954829335212708,-10.155183792114258,-11.0130033493042,-9.16120433807373,-10.109797159830729,555.0,528.0,291.0,13.0
background,P61619,U,False,False,,False,380,ZYG11B,744,9f58d4ffe54002f32b78bd009617fb295dbd0926cfa2d53d79fe324e60ce96dd,Q9C0D3,False,ERN1,977,22c28aa52b53dd8141c2770fa4a08a2acda67e6a17447dc5281cf52e0528390f,O75460,original_six,False,-2.6750454107920327,-4.353415250778198,0.5765388607978821,-9.971406936645508,-11.525924682617188,-11.176905632019043,-10.891412417093912,394.0,555.0,378.0,250.0
background,P61619,U,False,False,,False,381,STOML2,356,17cb9d8452a0687c0c334c92e2bae7c00b5d7866283c73e0a62ddc582c7d8f3e,Q9UJZ1,False,ERN1,977,22c28aa52b53dd8141c2770fa4a08a2acda67e6a17447dc5281cf52e0528390f,O75460,original_six,False,-2.744560877482096,-3.246035655339559,0.7365624308586121,-8.482340812683105,-10.844484329223633,-10.694587707519531,-10.007137616475424,417.0,396.0,275.0,48.0
background,P61619,U,False,False,,False,382,MAPK14,360,539a4d890afc072187b18b4a970c82df0c180f5a8e93ab2442dbfe99c0aec049,Q16539,False,ERN1,977,22c28aa52b53dd8141c2770fa4a08a2acda67e6a17447dc5281cf52e0528390f,O75460,original_six,False,-1.5222866535186768,-0.6945661703745524,0.5111257433891296,-7.418091773986816,-9.289532661437988,-7.858826637268066,-8.188817024230957,71.0,11.0,90.0,301.0
background,P61619,U,False,False,,False,383,MS4A14,679,28ea250fa715ce905b679a00049e75d299328c56527d7a5d7a20ae11b0cc7987,Q96JA4,False,ERN1,977,22c28aa52b53dd8141c2770fa4a08a2acda67e6a17447dc5281cf52e0528390f,O75460,original_six,False,-2.1593695481618247,-1.4048893451690674,0.5824244618415833,-7.933612823486328,-7.062224864959717,-9.12328052520752,-8.039706071217855,227.0,49.0,79.0,241.0
background,P61619,U,False,False,,False,384,WTIP,430,e0239b8af92a4693a4117d647e141ebd324aa99ea382bdd25740aaba755f609d,A6NIX2,False,ERN1,977,22c28aa52b53dd8141c2770fa4a08a2acda67e6a17447dc5281cf52e0528390f,O75460,original_six,False,-0.6899181604385376,0.060836032032966614,0.3389909267425537,-10.092392921447754,-11.43575668334961,-11.354852676391602,-10.961000760396322,8.0,7.0,389.0,416.0
background,P61619,U,False,False,,False,385,MTF1,753,a0362536283379ae2b3d1ea9428d9d4ba920c1b21bc238456d7489baa583224f,Q14872,False,ERN1,977,22c28aa52b53dd8141c2770fa4a08a2acda67e6a17447dc5281cf52e0528390f,O75460,original_six,False,-2.2295053005218506,-2.3313279151916504,0.2649569511413574,-9.678592681884766,-10.182962417602539,-13.693501472473145,-11.18501885732015,242.0,187.0,413.0,479.0
background,P61619,U,False,False,,False,386,KCNC1,511,e4e7ac50343f7e5732538ae0b2ecfceeed5bbbd9696ea86fb644bf80cc2a6565,P48547,False,ERN1,977,22c28aa52b53dd8141c2770fa4a08a2acda67e6a17447dc5281cf52e0528390f,O75460,original_six,False,-2.808231512705485,-3.264409859975179,0.8315712213516235,-9.020435333251953,-7.3512654304504395,-8.204167366027832,-8.191956043243408,435.0,399.0,91.0,5.0
background,P61619,U,False,False,,False,387,ZNF443,671,e233d70e1e99df69870aff38382649075de5358865c0007366b82110ee1004fe,Q9Y2A4,False,ERN1,977,22c28aa52b53dd8141c2770fa4a08a2acda67e6a17447dc5281cf52e0528390f,O75460,original_six,False,-2.7650004227956138,-3.5503811041514077,0.36577731370925903,-9.528822898864746,-9.012625694274902,-10.984803199768066,-9.842083930969238,424.0,458.0,260.0,393.0
background,P61619,U,False,False,,False,388,SPMIP4,590,e2612144bfe9e0999692eccf7d41253e9a82cf4f6e9329263c0df5ea6a519822,Q8N865,False,ERN1,977,22c28aa52b53dd8141c2770fa4a08a2acda67e6a17447dc5281cf52e0528390f,O75460,original_six,False,-1.7214713891347249,-2.7437000274658203,0.20617975294589996,-13.52130126953125,-12.469096183776855,-11.91533374786377,-12.635243733723959,106.0,276.0,540.0,537.0
background,P61619,U,False,False,,False,389,DNAJC17,304,49baf08449b8be40c452ee4988b1a71f684b065cbc5a1a2508bee773b66206f4,Q9NVM6,False,ERN1,977,22c28aa52b53dd8141c2770fa4a08a2acda67e6a17447dc5281cf52e0528390f,O75460,original_six,False,-2.02260955174764,-2.39625350634257,0.19403409957885742,-10.806356430053711,-13.783673286437988,-11.765397071838379,-12.118475596110025,190.0,201.0,501.0,545.0
background,P61619,U,False,False,,False,390,TRAF1,416,26741763f40143755579f66537e883986ad3a808563d5d8f30d9bb4fe6d61039,Q13077,False,ERN1,977,22c28aa52b53dd8141c2770fa4a08a2acda67e6a17447dc5281cf52e0528390f,O75460,original_six,False,-1.5033355951309204,-1.9885441064834595,0.39024433493614197,-11.191572189331055,-11.228286743164062,-10.338343620300293,-10.919400850931803,69.0,122.0,385.0,382.0
background,P61619,U,False,False,,False,391,SP9,484,93badfc194d4ac18accd1d8ff9d30c0dc916efe4a26325ddb221d4ddd6e8a69b,P0CG40,False,ERN1,977,22c28aa52b53dd8141c2770fa4a08a2acda67e6a17447dc5281cf52e0528390f,O75460,original_six,False,-1.3668592770894368,-0.6755812962849935,0.15794247388839722,-10.6439790725708,-10.65697193145752,-14.663888931274414,-11.988279978434244,52.0,10.0,492.0,572.0
background,P61619,U,False,False,,False,392,SLCO4A1,722,b57b4616e3364e1fc2a9cc56feee2b3beb83e4d67c007d01efe629fbfddff3ff,Q96BD0,False,ERN1,977,22c28aa52b53dd8141c2770fa4a08a2acda67e6a17447dc5281cf52e0528390f,O75460,original_six,False,-3.4777610301971436,-3.911491870880127,0.599539577960968,-9.768192291259766,-8.300253868103027,-13.123706817626953,-10.397384325663248,568.0,512.0,326.0,224.0
background,P61619,U,False,False,,False,393,FGFRL1,504,b54440adacead7d000066020418783d7db7e40b919f51fc5adeedc47ffde743f,Q8N441,False,ERN1,977,22c28aa52b53dd8141c2770fa4a08a2acda67e6a17447dc5281cf52e0528390f,O75460,original_six,False,-2.1458962758382163,-3.6510981718699136,0.576152503490448,-10.753302574157715,-8.870361328125,-9.826075553894043,-9.816579818725586,222.0,477.0,256.0,252.0
background,P61619,U,False,False,,False,394,EOMES,686,84bbceacbca7006c58d43e1409bb2fc036ffd69c321da676226e0ec6a7356a36,O95936,False,ERN1,977,22c28aa52b53dd8141c2770fa4a08a2acda67e6a17447dc5281cf52e0528390f,O75460,original_six,False,-2.4620072841644287,-3.3142267068227134,0.22911375761032104,-12.704874992370605,-15.106486320495605,-11.186039924621582,-12.999133745829264,314.0,408.0,562.0,522.0
background,P61619,U,False,False,,False,395,EYA1,592,9708c299e9cef59bc744aeda777e24c7631e334f1b861accb042366b9bd2c67e,Q99502,False,ERN1,977,22c28aa52b53dd8141c2770fa4a08a2acda67e6a17447dc5281cf52e0528390f,O75460,original_six,False,-1.7620320320129395,-3.136663834253947,0.24959585070610046,-11.140565872192383,-11.416475296020508,-10.2356538772583,-10.930898348490397,116.0,364.0,386.0,504.0
background,P61619,U,False,False,,False,396,SIM2,667,39bc8fc88591f7fa309ad173959b704ea0471709a0911f30c48098e27b30268b,Q14190,False,ERN1,977,22c28aa52b53dd8141c2770fa4a08a2acda67e6a17447dc5281cf52e0528390f,O75460,original_six,False,-2.9096198081970215,-1.9779843091964722,0.26395338773727417,-11.69230842590332,-7.3538994789123535,-11.806684494018555,-10.284297466278076,467.0,121.0,311.0,483.0
background,P61619,U,False,False,,False,397,GBA1,536,38e97d50880fc5ed6f0b961be3eff31062d9e7c8ddaa271c5384bb59ca0ce846,P04062,False,ERN1,977,22c28aa52b53dd8141c2770fa4a08a2acda67e6a17447dc5281cf52e0528390f,O75460,original_six,False,-1.9382384618123372,-3.0142826239267984,0.6718631386756897,-9.31979751586914,-7.665183067321777,-9.722891807556152,-8.902624130249023,163.0,339.0,154.0,125.0
background,P61619,U,False,False,,False,398,SIRT2,389,e55875e4fec0ea2bb482c3bacc1c20d949e03c0b350a02dc943bec0e82d1ca51,Q8IXJ6,False,ERN1,977,22c28aa52b53dd8141c2770fa4a08a2acda67e6a17447dc5281cf52e0528390f,O75460,original_six,False,-3.0289891560872397,-3.807985544204712,0.4897107481956482,-10.948932647705078,-12.42404842376709,-11.118173599243164,-11.497051556905111,495.0,493.0,445.0,316.0
background,P61619,U,False,False,,False,399,SPIDR,915,d5849c970ed8350c34a1aead7f9a5be81fe2c576b9440bc44a538c80c2bbcdcc,Q14159,False,ERN1,977,22c28aa52b53dd8141c2770fa4a08a2acda67e6a17447dc5281cf52e0528390f,O75460,original_six,False,-2.5169148445129395,-2.496244192123413,0.2581014633178711,-11.632543563842773,-10.191061973571777,-12.004258155822754,-11.275954564412435,334.0,225.0,425.0,488.0
background,P61619,U,False,False,,False,400,SLC35A3,325,347f5bc0089f7e8473c6317cff364759497792e621ba64a06f62927ba7f6ac44,Q9Y2D2,False,ERN1,977,22c28aa52b53dd8141c2770fa4a08a2acda67e6a17447dc5281cf52e0528390f,O75460,original_six,False,-2.9860623677571616,-1.2498591740926106,0.6019284725189209,-10.457106590270996,-7.3785200119018555,-10.806910514831543,-9.547512372334799,483.0,38.0,228.0,217.0
background,P61619,U,False,False,,False,401,PURA,322,47439f0658dfa955393238d47974a489c2cc41cfb3a4ba0b973c162b5f77883e,Q00577,False,ERN1,977,22c28aa52b53dd8141c2770fa4a08a2acda67e6a17447dc5281cf52e0528390f,O75460,original_six,False,-3.9611123402913413,-4.8141045570373535,0.49088579416275024,-12.902655601501465,-11.218548774719238,-10.641575813293457,-11.58759339650472,599.0,587.0,452.0,314.0
background,P61619,U,False,False,,False,402,PKD2L1,805,2d442c48746befe46665042d3bcfb48bffd64928f76fb234b1fcbbcfd0e5e02b,Q9P0L9,False,ERN1,977,22c28aa52b53dd8141c2770fa4a08a2acda67e6a17447dc5281cf52e0528390f,O75460,original_six,False,-3.0335697333017984,-2.407737890879313,0.7712132334709167,-8.545705795288086,-7.565189361572266,-7.533701419830322,-7.881532192230225,498.0,205.0,68.0,22.0
background,P61619,U,False,False,,False,403,METAP1,386,87fcc95bdef2ef3411c967e4078982a7393db84239f088968aaa648aed36132a,P53582,False,ERN1,977,22c28aa52b53dd8141c2770fa4a08a2acda67e6a17447dc5281cf52e0528390f,O75460,original_six,False,-3.1068915526072183,-2.7468056678771973,0.23298877477645874,-13.625465393066406,-8.911145210266113,-9.408951759338379,-10.648520787556967,515.0,277.0,351.0,519.0
background,P61619,U,False,False,,False,404,SFRP5,317,577ab4d023dd48fe0f2b434e9c2814add533954621dc61cf0241fc5249001eb8,Q5T4F7,False,ERN1,977,22c28aa52b53dd8141c2770fa4a08a2acda67e6a17447dc5281cf52e0528390f,O75460,original_six,False,-2.8197480837504068,-3.763645966847738,0.4179248809814453,-11.929749488830566,-12.85055160522461,-13.014622688293457,-12.598307927449545,440.0,491.0,535.0,363.0
low_plausibility,O75460,U,False,False,A_compartment_separation,False,405,SUPT5H,1087,764ff75d65f654b20d646bb20e21064b7d9795e1a11222e8da40715f0bb354e2,O00267,False,ERN1,977,22c28aa52b53dd8141c2770fa4a08a2acda67e6a17447dc5281cf52e0528390f,O75460,original_six,False,-1.217018723487854,-1.0659845471382141,0.20798359811306,-11.434557914733887,-10.240097045898438,-14.134434700012207,-11.936363220214844,36.0,24.0,486.0,536.0
low_plausibility,O75460,U,False,False,A_compartment_separation,False,406,TCERG1,1098,20834b6dfdbb2aa765858eb49701db7467f05f784668b9b48e96defdf903ddc7,O14776,False,ERN1,977,22c28aa52b53dd8141c2770fa4a08a2acda67e6a17447dc5281cf52e0528390f,O75460,original_six,False,-1.9020661115646362,-2.9984912872314453,0.11132784187793732,-13.460916519165039,-12.015314102172852,-16.422170639038086,-13.966133753458658,147.0,333.0,591.0,598.0
low_plausibility,O75460,U,False,False,A_compartment_separation,False,407,U2SURP,1029,30cadaca1da719405e4e2db6affdcdbb25a16d8ff45a2872a46f4c115c77fe5c,O15042,False,ERN1,977,22c28aa52b53dd8141c2770fa4a08a2acda67e6a17447dc5281cf52e0528390f,O75460,original_six,False,-2.8192903995513916,-3.9707981745402017,0.12681621313095093,-14.017633438110352,-14.109862327575684,-13.70301628112793,-13.943504015604654,439.0,520.0,587.0,592.0
low_plausibility,O75460,U,False,False,A_compartment_separation,False,408,SMARCA5,1052,8a19d3b7fa1af69753ec4f174d3163b56c1b93de9b6ef490eb63d0117dbc3f84,O60264,False,ERN1,977,22c28aa52b53dd8141c2770fa4a08a2acda67e6a17447dc5281cf52e0528390f,O75460,original_six,False,-2.197906494140625,-2.6398030122121177,0.2597728371620178,-11.23716926574707,-10.0429105758667,-8.891090393066406,-10.057056744893393,236.0,262.0,286.0,486.0
low_plausibility,O75460,U,False,False,A_compartment_separation,False,409,RNF40,1001,d7822af1f78a01cd926857746b05da9165be7aa5d4792b0510b86e2c1240b7de,O75150,False,ERN1,977,22c28aa52b53dd8141c2770fa4a08a2acda67e6a17447dc5281cf52e0528390f,O75460,original_six,False,-1.7626041571299236,-2.5743282636006675,0.24711091816425323,-13.808669090270996,-13.2237548828125,-15.634257316589355,-14.222227096557617,117.0,246.0,596.0,508.0
low_plausibility,O75460,U,False,False,A_compartment_separation,False,410,PHF2,1096,fc9a08e42bba1d57c5305592324ab57bd22bed0310244767618cf65f0f3b9791,O75151,False,ERN1,977,22c28aa52b53dd8141c2770fa4a08a2acda67e6a17447dc5281cf52e0528390f,O75460,original_six,False,-2.5508817036946616,-3.872699737548828,0.27761662006378174,-13.36337661743164,-10.787092208862305,-11.616384506225586,-11.922284444173178,344.0,506.0,484.0,471.0
low_plausibility,O75460,U,False,False,A_compartment_separation,False,411,KDM4A,1064,036a41d3c15052200cd103c0b77cd31c9af3b67f9437380ad53dc5a5c5ef663e,O75164,False,ERN1,977,22c28aa52b53dd8141c2770fa4a08a2acda67e6a17447dc5281cf52e0528390f,O75460,original_six,False,-2.7834418614705405,-3.737371285756429,0.19608338177204132,-12.132258415222168,-11.472931861877441,-12.459939956665039,-12.021710077921549,428.0,490.0,494.0,543.0
low_plausibility,O75460,U,False,False,A_compartment_separation,False,412,ZBTB11,1053,087b2c0fc91ff390f2f9b1d14bc8dc66bbfd16de688d4ffa44f60d655cb0f868,O95625,False,ERN1,977,22c28aa52b53dd8141c2770fa4a08a2acda67e6a17447dc5281cf52e0528390f,O75460,original_six,False,-2.0347373882929483,-2.9582370122273765,0.22409792244434357,-13.822921752929688,-11.31527328491211,-10.075796127319336,-11.737997055053711,193.0,321.0,469.0,525.0
low_plausibility,O75460,U,False,False,A_compartment_separation,False,413,BRD1,1058,96128c45452bec648cd0e8ac6c91af165d30470abf91590ac847b6b3c765f1c9,O95696,False,ERN1,977,22c28aa52b53dd8141c2770fa4a08a2acda67e6a17447dc5281cf52e0528390f,O75460,original_six,False,-2.5166362126668296,-3.5211825370788574,0.21480770409107208,-12.678731918334961,-12.498024940490723,-10.627567291259766,-11.93477471669515,332.0,454.0,485.0,532.0
low_plausibility,O75460,U,False,False,A_compartment_separation,False,414,ERCC6,1061,32b5eef86f6e9135ff25efe1ac24660ca56d8269e8db6ebf9fb735edc39ff4fa,P0DP91,False,ERN1,977,22c28aa52b53dd8141c2770fa4a08a2acda67e6a17447dc5281cf52e0528390f,O75460,original_six,False,-2.533637205759684,-4.02644681930542,0.2968730926513672,-14.336743354797363,-10.087329864501953,-10.778870582580566,-11.734314600626627,342.0,527.0,467.0,448.0
low_plausibility,O75460,U,False,False,A_compartment_separation,False,415,MTREX,1042,754ea281cb5b88a30939cc91a228a422b1d166d2c553d766864c8c2e437c14bf,P42285,False,ERN1,977,22c28aa52b53dd8141c2770fa4a08a2acda67e6a17447dc5281cf52e0528390f,O75460,original_six,False,-2.8355604807535806,-3.195746660232544,0.30141815543174744,-10.366050720214844,-9.875703811645508,-7.189754962921143,-9.143836498260498,444.0,376.0,184.0,443.0
low_plausibility,O75460,U,False,False,A_compartment_separation,False,416,MSH2,934,e27b898beec9c370e421fdcb5b7e37dd8801c81224cd397a021ec76dbe4096ea,P43246,False,ERN1,977,22c28aa52b53dd8141c2770fa4a08a2acda67e6a17447dc5281cf52e0528390f,O75460,original_six,False,-2.7834304173787436,-2.1245888074239097,0.46717044711112976,-12.659383773803711,-14.173944473266602,-11.467599868774414,-12.766976038614908,427.0,145.0,550.0,331.0
low_plausibility,O75460,U,False,False,A_compartment_separation,False,417,RBM10,930,14ee69b1a19a03372946f30cbf7f3656100e0be94e39f5b9ea9fb6e301e86081,P98175,False,ERN1,977,22c28aa52b53dd8141c2770fa4a08a2acda67e6a17447dc5281cf52e0528390f,O75460,original_six,False,-1.5477066437403362,-2.944704294204712,0.14612135291099548,-11.09981918334961,-14.998501777648926,-12.358978271484375,-12.81909974416097,74.0,319.0,552.0,581.0
low_plausibility,O75460,U,False,False,A_compartment_separation,False,418,SF3B2,895,6393cb68dbede1293820a95483c36a1f194cf91591b35568f715683a60c219b3,Q13435,False,ERN1,977,22c28aa52b53dd8141c2770fa4a08a2acda67e6a17447dc5281cf52e0528390f,O75460,original_six,False,-1.5432191689809163,-1.8029416004816692,0.11502762883901596,-11.823424339294434,-13.110323905944824,-15.98613452911377,-13.639960924784342,73.0,93.0,582.0,597.0
low_plausibility,O75460,U,False,False,A_compartment_separation,False,419,HLTF,1009,690f21b5d2f5b9dc5de2910209539bb666ac95e7d1ddad0905a2b5fa900bcb24,Q14527,False,ERN1,977,22c28aa52b53dd8141c2770fa4a08a2acda67e6a17447dc5281cf52e0528390f,O75460,original_six,False,-2.909303665161133,-3.209514300028483,0.3890926241874695,-11.647013664245605,-10.216513633728027,-12.871564865112305,-11.578364054361979,466.0,379.0,451.0,384.0
low_plausibility,O75460,U,False,False,A_compartment_separation,False,420,ZRANB3,1079,4c675c686f42f2a180f28228e77c320ddad97e6064b95d07a8c6112b2e0209c4,Q5FWF4,False,ERN1,977,22c28aa52b53dd8141c2770fa4a08a2acda67e6a17447dc5281cf52e0528390f,O75460,original_six,False,-2.746787150700887,-3.3323022524515786,0.3564149737358093,-13.260985374450684,-10.780152320861816,-9.634297370910645,-11.225145022074381,420.0,413.0,418.0,401.0
low_plausibility,O75460,U,False,False,A_compartment_separation,False,421,PITRM1,1037,7392a50d8d4b4a9e635f9fe754241ac0ac19feea5a63b9cb04cb971d5cde4ed3,Q5JRX3,False,ERN1,977,22c28aa52b53dd8141c2770fa4a08a2acda67e6a17447dc5281cf52e0528390f,O75460,original_six,False,-1.8875412146250408,-2.2228536208470664,0.604560375213623,-12.03465461730957,-9.315422058105469,-9.453463554382324,-10.267846743265787,143.0,167.0,307.0,216.0
low_plausibility,O75460,U,False,False,A_compartment_separation,False,422,SFMBT2,894,5da9b83525bc40d148dc5e715a1a4eef17ef37afe4b2229b7734b681453648a6,Q5VUG0,False,ERN1,977,22c28aa52b53dd8141c2770fa4a08a2acda67e6a17447dc5281cf52e0528390f,O75460,original_six,False,-1.3416410287221272,-1.902616262435913,0.3619178235530853,-11.853461265563965,-10.994482040405273,-10.290828704833984,-11.046257336934408,48.0,109.0,395.0,396.0
low_plausibility,O75460,U,False,False,A_compartment_separation,False,423,DCLRE1A,1040,94dab7050e09cd3c3b02bd6c432de4aa56787299b8383f3cebb82cf6e3649a2a,Q6PJP8,False,ERN1,977,22c28aa52b53dd8141c2770fa4a08a2acda67e6a17447dc5281cf52e0528390f,O75460,original_six,False,-3.0482876300811768,-3.8429105281829834,0.18719874322414398,-12.136129379272461,-8.986701011657715,-9.745016098022461,-10.289282162984213,502.0,500.0,313.0,551.0
low_plausibility,O75460,U,False,False,A_compartment_separation,False,424,DDX46,1031,301e1b3628ac94eaea5b4d308d99dcb25f3919c42e4b44bbfa59da3a7e977cfa,Q7L014,False,ERN1,977,22c28aa52b53dd8141c2770fa4a08a2acda67e6a17447dc5281cf52e0528390f,O75460,original_six,False,-3.4682563145955405,-4.784027576446533,0.24332454800605774,-12.948317527770996,-13.713410377502441,-15.670852661132812,-14.110860188802084,565.0,584.0,595.0,513.0
low_plausibility,O75460,U,False,False,A_compartment_separation,False,425,MCM10,875,162db325f2725a70a6f2fcf369c6c6f37b22f6829605890c6e833c924f84062c,Q7L590,False,ERN1,977,22c28aa52b53dd8141c2770fa4a08a2acda67e6a17447dc5281cf52e0528390f,O75460,original_six,False,-2.7353427410125732,-5.014084974924724,0.13031074404716492,-13.224993705749512,-10.909137725830078,-16.48658561706543,-13.540239016215006,413.0,596.0,581.0,591.0
low_plausibility,O75460,U,False,False,A_compartment_separation,False,426,POLN,900,b7628c21eae270b0a469afb98e7940e901466453f0117242f698979670956dc0,Q7Z5Q5,False,ERN1,977,22c28aa52b53dd8141c2770fa4a08a2acda67e6a17447dc5281cf52e0528390f,O75460,original_six,False,-3.2115235328674316,-4.604457378387451,0.521918773651123,-13.603914260864258,-10.592889785766602,-11.637442588806152,-11.944748878479004,536.0,579.0,487.0,297.0
low_plausibility,O75460,U,False,False,A_compartment_separation,False,427,CHD1L,897,21fc8ebf5a4b13cdaa40047d772420abb3c777c638d6cc94ce3750a43a54b22c,Q86WJ1,False,ERN1,977,22c28aa52b53dd8141c2770fa4a08a2acda67e6a17447dc5281cf52e0528390f,O75460,original_six,False,-2.2805776596069336,-2.956206957499186,0.5568175911903381,-11.729920387268066,-8.573640823364258,-7.661612510681152,-9.321724573771158,258.0,320.0,203.0,274.0
low_plausibility,O75460,U,False,False,A_compartment_separation,False,428,NPAS3,933,ce681f5107a60e8626f96c8cccdf43dcf1cf75a1d23620c3f3d1c5acd289387e,Q8IXF0,False,ERN1,977,22c28aa52b53dd8141c2770fa4a08a2acda67e6a17447dc5281cf52e0528390f,O75460,original_six,False,-1.9377423127492268,-1.2434782187143962,0.2740088403224945,-11.02319622039795,-7.640949249267578,-11.626838684082031,-10.096994717915853,162.0,36.0,290.0,473.0
low_plausibility,O75460,U,False,False,A_compartment_separation,False,429,SRRM1,904,59cd492a9864f6be196adcf66fc692fb4473ef4bb696b8aa17b84d7f0400deac,Q8IYB3,False,ERN1,977,22c28aa52b53dd8141c2770fa4a08a2acda67e6a17447dc5281cf52e0528390f,O75460,original_six,False,-3.953469196955363,-4.02014700571696,0.12526747584342957,-10.765816688537598,-10.838359832763672,-7.700953960418701,-9.76837682723999,598.0,525.0,249.0,593.0
low_plausibility,O75460,U,False,False,A_compartment_separation,False,430,RBM15B,890,1e14dcfe3014c6fd154735997680247ebf801718e67ac2416759cfb052fde797,Q8NDT2,False,ERN1,977,22c28aa52b53dd8141c2770fa4a08a2acda67e6a17447dc5281cf52e0528390f,O75460,original_six,False,-2.5880111853281655,-3.491795619328817,0.21755068004131317,-15.027420997619629,-15.385063171386719,-13.732495307922363,-14.714993158976236,363.0,449.0,599.0,531.0
low_plausibility,O75460,U,False,False,A_compartment_separation,False,431,PHC3,983,7a7d96aa7ad108604cd7af7365bde276560cd930eda885270c0e854cff7280eb,Q8NDX5,False,ERN1,977,22c28aa52b53dd8141c2770fa4a08a2acda67e6a17447dc5281cf52e0528390f,O75460,original_six,False,-2.895190874735514,-1.6405205527941387,0.25309181213378906,-10.92252254486084,-13.091089248657227,-11.183064460754395,-11.73222541809082,464.0,73.0,466.0,497.0
low_plausibility,O75460,U,False,False,A_compartment_separation,False,432,ZNF473,871,91a891547b3b392fdae57596ea0f58abee2d77505fbd6dcc21c9130e88b4cd3b,Q8WTR7,False,ERN1,977,22c28aa52b53dd8141c2770fa4a08a2acda67e6a17447dc5281cf52e0528390f,O75460,original_six,False,-2.7558225790659585,-3.067737023035685,0.2920404076576233,-9.344507217407227,-7.809269428253174,-11.660626411437988,-9.604801019032797,422.0,349.0,234.0,456.0
low_plausibility,O75460,U,False,False,A_compartment_separation,False,433,MAML1,1016,5c45f0fb13941cb8cbee483d3a11e88b0984f95709e4dc7317fb232d039d0e20,Q92585,False,ERN1,977,22c28aa52b53dd8141c2770fa4a08a2acda67e6a17447dc5281cf52e0528390f,O75460,original_six,False,-2.8841214179992676,-1.5597580075263977,0.14995639026165009,-12.039986610412598,-13.122672080993652,-11.997641563415527,-12.38676675160726,460.0,64.0,523.0,578.0
low_plausibility,O75460,U,False,False,A_compartment_separation,False,434,MBD6,1003,319e9b5d15bb3ff1557a51e18e36b87ec7239967d208ae61267a6e40a4f56a00,Q96DN6,False,ERN1,977,22c28aa52b53dd8141c2770fa4a08a2acda67e6a17447dc5281cf52e0528390f,O75460,original_six,False,-1.4176271359125774,-3.1884907881418862,0.2376749962568283,-11.635598182678223,-13.621634483337402,-12.617827415466309,-12.625020027160645,57.0,374.0,539.0,515.0
low_plausibility,O75460,U,False,False,A_compartment_separation,False,435,ZNF512B,892,01c8fa3bcc2dbb4aee4e41d15fe90484a04943bb00b89adc4beaaa0122b6a63e,Q96KM6,False,ERN1,977,22c28aa52b53dd8141c2770fa4a08a2acda67e6a17447dc5281cf52e0528390f,O75460,original_six,False,-2.4203906853993735,-4.151187578837077,0.2089216262102127,-12.387104034423828,-12.288712501525879,-11.634263038635254,-12.103359858194986,301.0,539.0,499.0,535.0
low_plausibility,O75460,U,False,False,A_compartment_separation,False,436,PPP1R10,940,3012c77a8a12dc43c76e7f18294eb2912f0355b1319be70f172c3d75a904c028,Q96QC0,False,ERN1,977,22c28aa52b53dd8141c2770fa4a08a2acda67e6a17447dc5281cf52e0528390f,O75460,original_six,False,-2.358145316441854,-3.9652632077534995,0.2359471172094345,-12.284951210021973,-12.9254732131958,-13.723923683166504,-12.978116035461426,284.0,519.0,561.0,517.0
low_plausibility,O75460,U,False,False,A_compartment_separation,False,437,PHF12,1004,f4fb97b3875a8be3f93692efc5b1b58c872f67c2c2ea3fb989cb458940f6f2ef,Q96QT6,False,ERN1,977,22c28aa52b53dd8141c2770fa4a08a2acda67e6a17447dc5281cf52e0528390f,O75460,original_six,False,-2.745598316192627,-3.719822565714518,0.24573545157909393,-12.82184886932373,-12.287959098815918,-12.201265335083008,-12.437024434407553,419.0,487.0,528.0,509.0
low_plausibility,O75460,U,False,False,A_compartment_separation,False,438,USP28,1077,ddf97b426586c7f15711c2e5ad359a68f6b781adc81d0b615f1161d1fc9e0aeb,Q96RU2,False,ERN1,977,22c28aa52b53dd8141c2770fa4a08a2acda67e6a17447dc5281cf52e0528390f,O75460,original_six,False,-2.3160101572672525,-2.727205991744995,0.32608652114868164,-11.75164794921875,-12.45137882232666,-10.240103721618652,-11.481043497721354,268.0,273.0,443.0,428.0
low_plausibility,O75460,U,False,False,A_compartment_separation,False,439,POP1,1024,946753a4498b36c6a561a162debc32219a498e45debe1c026bd2da09e0683aa1,Q99575,False,ERN1,977,22c28aa52b53dd8141c2770fa4a08a2acda67e6a17447dc5281cf52e0528390f,O75460,original_six,False,-3.2931501070658364,-4.04485559463501,0.2550245523452759,-10.73857307434082,-10.093192100524902,-14.022615432739258,-11.61812686920166,548.0,532.0,455.0,495.0
low_plausibility,O75460,U,False,False,A_compartment_separation,False,440,RBBP8,897,4136f7827fb1c4c762aabfeaa9ed2beda8bb69ec486e74fba5904822f6335c63,Q99708,False,ERN1,977,22c28aa52b53dd8141c2770fa4a08a2acda67e6a17447dc5281cf52e0528390f,O75460,original_six,False,-2.669332981109619,-2.869621753692627,0.29609405994415283,-12.724174499511719,-10.201533317565918,-9.008984565734863,-10.6448974609375,391.0,303.0,349.0,450.0
low_plausibility,O75460,U,False,False,A_compartment_separation,False,441,XRN2,950,8318428ca976096305d8c371a32fcd21c57a39f94e0e0a80278bda9c1b56a9a6,Q9H0D6,False,ERN1,977,22c28aa52b53dd8141c2770fa4a08a2acda67e6a17447dc5281cf52e0528390f,O75460,original_six,False,-1.6916820208231609,-2.630190372467041,0.33217883110046387,-13.333403587341309,-10.13963508605957,-11.56869888305664,-11.68057918548584,98.0,259.0,461.0,420.0
low_plausibility,O75460,U,False,False,A_compartment_separation,False,442,SAP130,1048,1b546d10381c8972afaca7728a53709cb1fbffcc55325e8a8ce6c4700c8bd6e8,Q9H0E3,False,ERN1,977,22c28aa52b53dd8141c2770fa4a08a2acda67e6a17447dc5281cf52e0528390f,O75460,original_six,False,-3.157252629597982,-3.2367847760518393,0.12404022365808487,-13.715392112731934,-13.862287521362305,-10.578027725219727,-12.718569119771322,522.0,394.0,544.0,594.0
low_plausibility,O75460,U,False,False,A_compartment_separation,False,443,ZHX3,956,7cbd4f2f341f304d65f55d5594e5394b147346fe612762eb88d8904d43fe0e18,Q9H4I2,False,ERN1,977,22c28aa52b53dd8141c2770fa4a08a2acda67e6a17447dc5281cf52e0528390f,O75460,original_six,False,-1.6424185434977214,-1.6720185279846191,0.18829643726348877,-11.834517478942871,-12.813464164733887,-13.361481666564941,-12.6698211034139,91.0,76.0,542.0,550.0
low_plausibility,O75460,U,False,False,A_compartment_separation,False,444,SMARCAD1,1026,97e8001e0649a11a22cac6cf03c92b850024ab66e3b9af864f3e36715408d9e7,Q9H4L7,False,ERN1,977,22c28aa52b53dd8141c2770fa4a08a2acda67e6a17447dc5281cf52e0528390f,O75460,original_six,False,-3.285092910130819,-3.636685609817505,0.35498499870300293,-14.339841842651367,-12.450623512268066,-10.091780662536621,-12.294082005818685,547.0,474.0,519.0,403.0
low_plausibility,O75460,U,False,False,A_compartment_separation,False,445,RBM12,932,9d753b4d0a2e9fa0ad7ac41e04eefb67e8032acc59fc2da3abf7fb23f80fad26,Q9NTZ6,False,ERN1,977,22c28aa52b53dd8141c2770fa4a08a2acda67e6a17447dc5281cf52e0528390f,O75460,original_six,False,-1.9542970657348633,-3.334010283152262,0.29164716601371765,-12.503128051757812,-13.54578971862793,-13.71605110168457,-13.254989624023438,168.0,415.0,569.0,457.0
low_plausibility,O75460,U,False,False,A_compartment_separation,False,446,SMARCAL1,954,5804ae73e49d53843e101b8abf5a2b0ee3f8531a809160f82f822e2f9b330458,Q9NZC9,False,ERN1,977,22c28aa52b53dd8141c2770fa4a08a2acda67e6a17447dc5281cf52e0528390f,O75460,original_six,False,-3.0519134203592935,-3.6498522758483887,0.3449241518974304,-13.260345458984375,-11.451897621154785,-13.379410743713379,-12.69721794128418,504.0,476.0,543.0,411.0
low_plausibility,O75460,U,False,False,A_compartment_separation,False,447,POLK,870,a9c2f7f66fe8f1cfccec9da82cfb8ef77827cdb32244794e7ae58d0cbfd592aa,Q9UBT6,False,ERN1,977,22c28aa52b53dd8141c2770fa4a08a2acda67e6a17447dc5281cf52e0528390f,O75460,original_six,False,-4.007400751113892,-4.58902629216512,0.20616364479064941,-12.6626558303833,-10.12615966796875,-12.475497245788574,-11.754770914713541,600.0,577.0,471.0,538.0
low_plausibility,O75460,U,False,False,A_compartment_separation,False,448,ZHX1,873,9b5b016faa96e95347592a20efa57c7a93fc4a65663a84c362a88837dcfb3a1b,Q9UKY1,False,ERN1,977,22c28aa52b53dd8141c2770fa4a08a2acda67e6a17447dc5281cf52e0528390f,O75460,original_six,False,-2.4075013796488443,-3.0953540007273355,0.11847392469644547,-11.330716133117676,-11.619295120239258,-10.65140151977539,-11.200470924377441,298.0,354.0,415.0,595.0
low_plausibility,O75460,U,False,False,A_compartment_separation,False,449,ZBTB21,1066,fea82979480a8292eebf9d5510c7798a26d154e60d5bb01e72bc9d80d75d0ccb,Q9ULJ3,False,ERN1,977,22c28aa52b53dd8141c2770fa4a08a2acda67e6a17447dc5281cf52e0528390f,O75460,original_six,False,-2.8902499675750732,-3.294289509455363,0.15107402205467224,-13.799429893493652,-11.765790939331055,-12.428529739379883,-12.664583524068197,463.0,403.0,541.0,575.0
low_plausibility,O75460,U,False,False,A_compartment_separation,False,450,WDR3,943,d81448d37438b7c12b5f773c50dac548dde4429b3a22cf50c60d699e596e519d,Q9UNX4,False,ERN1,977,22c28aa52b53dd8141c2770fa4a08a2acda67e6a17447dc5281cf52e0528390f,O75460,original_six,False,-2.942683378855387,-3.982642650604248,0.2890899181365967,-11.690030097961426,-11.25986099243164,-9.171884536743164,-10.707258542378744,471.0,522.0,358.0,458.0
low_plausibility,O75460,U,False,False,A_compartment_separation,False,451,PHF8,1060,d66081596c80ed050012bed72fc55fe9e306d7d9c6b5bb7a126456a1aa4ac043,Q9UPP1,False,ERN1,977,22c28aa52b53dd8141c2770fa4a08a2acda67e6a17447dc5281cf52e0528390f,O75460,original_six,False,-2.7306405703226724,-4.0824821790059405,0.2875705361366272,-11.580159187316895,-12.3991060256958,-12.993659019470215,-12.324308077494303,411.0,533.0,521.0,459.0
low_plausibility,O75460,U,False,False,A_compartment_separation,False,452,THRAP3,955,faa572b183aa12bb3b29cf0b459677c73e5ffa3e3a17bc6eb523256d205f140a,Q9Y2W1,False,ERN1,977,22c28aa52b53dd8141c2770fa4a08a2acda67e6a17447dc5281cf52e0528390f,O75460,original_six,False,-3.2185142040252686,-3.9439331690470376,0.1423823982477188,-12.40917682647705,-12.98699951171875,-9.405791282653809,-11.600655873616537,537.0,518.0,453.0,583.0
low_plausibility,O75460,U,False,False,A_compartment_separation,False,453,ZNF281,895,a9643d3d9b708be7717fbcb2ccf9673a867f9a05a54fbfc2825911f8d07fd0bd,Q9Y2X9,False,ERN1,977,22c28aa52b53dd8141c2770fa4a08a2acda67e6a17447dc5281cf52e0528390f,O75460,original_six,False,-3.265275160471598,-2.8701653480529785,0.16366183757781982,-11.624557495117188,-6.183252334594727,-13.842671394348145,-10.55016040802002,544.0,304.0,341.0,567.0
low_plausibility,O75460,U,False,False,A_compartment_separation,False,454,SUPT16H,1047,bc761b9decfc5340db8140fb8a251aaff7e74f2d4da8b0d396a4f1ac97e3beec,Q9Y5B9,False,ERN1,977,22c28aa52b53dd8141c2770fa4a08a2acda67e6a17447dc5281cf52e0528390f,O75460,original_six,False,-2.4597721099853516,-3.225364605585734,0.18542608618736267,-11.637332916259766,-11.60902214050293,-8.728541374206543,-10.65829881032308,312.0,386.0,352.0,552.0
low_plausibility,P11021,U,False,False,A_compartment_separation,False,455,MPHOSPH10,681,bb065c7763146a2359ad01eb8e21f8b8c752321fa4ad744266d705333fbb36c7,O00566,False,ERN1,977,22c28aa52b53dd8141c2770fa4a08a2acda67e6a17447dc5281cf52e0528390f,O75460,original_six,False,-3.7357547283172607,-3.9069029490152993,0.17256665229797363,-15.959371566772461,-13.923335075378418,-12.01352310180664,-13.965409914652506,586.0,510.0,590.0,563.0
low_plausibility,P11021,U,False,False,A_compartment_separation,False,456,NKRF,690,c32168aa26bc469504206e8370d57f8c5eb232d39d5b62fa5ff8d2890095f61d,O15226,False,ERN1,977,22c28aa52b53dd8141c2770fa4a08a2acda67e6a17447dc5281cf52e0528390f,O75460,original_six,False,-2.342231829961141,-2.985671281814575,0.2961048185825348,-13.136609077453613,-9.536096572875977,-10.072447776794434,-10.915051142374674,278.0,326.0,384.0,449.0
low_plausibility,P11021,U,False,False,A_compartment_separation,False,457,PRPF3,683,0d729e137b1dfd46054211d91b5cb05e26615ab9d5167a34ed833e6f3ee28e73,O43395,False,ERN1,977,22c28aa52b53dd8141c2770fa4a08a2acda67e6a17447dc5281cf52e0528390f,O75460,original_six,False,-1.7828845977783203,-2.334122975667318,0.10319581627845764,-9.05030632019043,-7.992650508880615,-15.018047332763672,-10.687001387278238,120.0,188.0,356.0,599.0
low_plausibility,P11021,U,False,False,A_compartment_separation,False,458,PIAS2,621,7c484dd6e4ba3df9fd26860f8984359b155f909aa96c5cb064d90f24c11c0ad2,O75928,False,ERN1,977,22c28aa52b53dd8141c2770fa4a08a2acda67e6a17447dc5281cf52e0528390f,O75460,original_six,False,-1.5907406409581502,-1.5178911487261455,0.3259553611278534,-7.355630397796631,-8.636398315429688,-13.594070434570312,-9.862033049265543,82.0,60.0,262.0,429.0
low_plausibility,P11021,U,False,False,A_compartment_separation,False,459,RAD17,681,eff96c30996b7d47697508111d48771b682b9e09debb78d36e18452ce9e6a2e7,O75943,False,ERN1,977,22c28aa52b53dd8141c2770fa4a08a2acda67e6a17447dc5281cf52e0528390f,O75460,original_six,False,-3.3992158571879068,-4.503491163253784,0.16467031836509705,-7.786252498626709,-13.379368782043457,-12.814160346984863,-11.32659387588501,561.0,568.0,432.0,566.0
low_plausibility,P11021,U,False,False,A_compartment_separation,False,460,MTA2,668,e806eb990c23406980bd280a75a58b9e7f098e175cda2d7f14b6a27663274092,O94776,False,ERN1,977,22c28aa52b53dd8141c2770fa4a08a2acda67e6a17447dc5281cf52e0528390f,O75460,original_six,False,-1.7160250743230183,-3.1659328937530518,0.14007319509983063,-12.081985473632812,-12.239112854003906,-12.35172176361084,-12.224273363749186,104.0,366.0,514.0,584.0
low_plausibility,P11021,U,False,False,A_compartment_separation,False,461,NOL4,638,e4ba5b5d6faf43ff7f9e1fb7b40add333c1528fb73cba324c8caba4f3c7222f3,O94818,False,ERN1,977,22c28aa52b53dd8141c2770fa4a08a2acda67e6a17447dc5281cf52e0528390f,O75460,original_six,False,-2.223993460337321,-2.1993254025777182,0.3457942008972168,-11.82918643951416,-9.95645809173584,-11.375149726867676,-11.053598086039225,240.0,161.0,397.0,408.0
low_plausibility,P11021,U,False,False,A_compartment_separation,False,462,ZNF432,652,97f614456d810115cd5c26eccebfcf81ae5cb097ca5f5a3c86d504a7f7817430,O94892,False,ERN1,977,22c28aa52b53dd8141c2770fa4a08a2acda67e6a17447dc5281cf52e0528390f,O75460,original_six,False,-2.6979002952575684,-3.3317034244537354,0.29717347025871277,-10.821494102478027,-9.562593460083008,-11.068977355957031,-10.484354972839355,401.0,412.0,334.0,447.0
low_plausibility,P11021,U,False,False,A_compartment_separation,False,463,LMNA,664,d1ba9877ad6626a2d6d1bf77fdadf06d0bb8fbc1aeeddf52b5da196b22b3ad45,P02545,False,ERN1,977,22c28aa52b53dd8141c2770fa4a08a2acda67e6a17447dc5281cf52e0528390f,O75460,original_six,False,-2.0952619314193726,-2.1612895329793296,0.5695604085922241,-11.03138256072998,-11.477505683898926,-14.014729499816895,-12.1745392481486,204.0,155.0,508.0,258.0
low_plausibility,P11021,U,False,False,A_compartment_separation,False,464,ATXN1L,689,d22e1b66cd03ab28428c2b4133ca699ecfb454c82129e5710c93f06992f1e0ec,P0C7T5,False,ERN1,977,22c28aa52b53dd8141c2770fa4a08a2acda67e6a17447dc5281cf52e0528390f,O75460,original_six,False,-0.7927947243054708,-1.6824329892794292,0.31851306557655334,-8.447365760803223,-10.684944152832031,-10.198915481567383,-9.777075131734213,10.0,77.0,251.0,435.0
low_plausibility,P11021,U,False,False,A_compartment_separation,False,465,TCF3,654,d297bb5bd4fbcb3709491bbc1941fbee4c0ac450acec0f3c1ce5080e3cdcdc3d,P15923,False,ERN1,977,22c28aa52b53dd8141c2770fa4a08a2acda67e6a17447dc5281cf52e0528390f,O75460,original_six,False,-1.1912647485733032,-1.0862303574879963,0.22506852447986603,-10.203640937805176,-10.233077049255371,-10.671907424926758,-10.369541803995768,31.0,26.0,322.0,524.0
low_plausibility,P11021,U,False,False,A_compartment_separation,False,466,ZNF16,682,bad983fdb387add965dfebbc18c0b7f3601cc00751ee79d7a6c56a6d8e5d39d2,P17020,False,ERN1,977,22c28aa52b53dd8141c2770fa4a08a2acda67e6a17447dc5281cf52e0528390f,O75460,original_six,False,-3.4003522396087646,-3.4796942869822183,0.3517575263977051,-10.548487663269043,-7.719978332519531,-10.92821216583252,-9.732226053873697,562.0,445.0,244.0,405.0
low_plausibility,P11021,U,False,False,A_compartment_separation,False,467,XRCC1,633,4f1a78b62049b9ad227cc4bc8128640e79649441623caf3db4e1ad3e97b39704,P18887,False,ERN1,977,22c28aa52b53dd8141c2770fa4a08a2acda67e6a17447dc5281cf52e0528390f,O75460,original_six,False,-2.800596237182617,-3.706183830897013,0.2503141164779663,-10.975157737731934,-11.134342193603516,-11.217682838439941,-11.109060923258463,431.0,483.0,401.0,502.0
low_plausibility,P11021,U,False,False,A_compartment_separation,False,468,RPA1,616,c901a8a384fea6feea46dc8e67570910a8a9bb96be3b2861c6299ec4999ef687,P27694,False,ERN1,977,22c28aa52b53dd8141c2770fa4a08a2acda67e6a17447dc5281cf52e0528390f,O75460,original_six,False,-1.9629215796788533,-1.881500283877055,0.39431241154670715,-14.561436653137207,-14.763875007629395,-14.5010986328125,-14.608803431193033,173.0,100.0,598.0,377.0
low_plausibility,P11021,U,False,False,A_compartment_separation,False,469,WEE1,646,5ef1f29ae6c48b186caa6e996c42991c0077374bda1649603ab90d4cbe9752aa,P30291,False,ERN1,977,22c28aa52b53dd8141c2770fa4a08a2acda67e6a17447dc5281cf52e0528390f,O75460,original_six,False,-0.6368468701839447,-0.4103053907553355,0.3679705262184143,-10.233534812927246,-5.290760517120361,-10.375531196594238,-8.633275508880615,7.0,9.0,125.0,392.0
low_plausibility,P11021,U,False,False,A_compartment_separation,False,470,PUM3,648,fed855d8f9a436dba90df6fc4a11954480b05d3b602737df395023146f1ac949,Q15397,False,ERN1,977,22c28aa52b53dd8141c2770fa4a08a2acda67e6a17447dc5281cf52e0528390f,O75460,original_six,False,-3.7126360734303794,-4.353415648142497,0.47733521461486816,-9.776226997375488,-7.771492004394531,-8.325906753540039,-8.624541918436686,584.0,556.0,121.0,319.0
low_plausibility,P11021,U,False,False,A_compartment_separation,False,471,SETMAR,684,1631bbb33bdb7ded028b9b1e2044ac7483bc10b8889db0923b82eb30333eb1c9,Q53H47,False,ERN1,977,22c28aa52b53dd8141c2770fa4a08a2acda67e6a17447dc5281cf52e0528390f,O75460,original_six,False,-2.406907240549723,-2.6180041233698526,0.4069734215736389,-12.325772285461426,-10.608269691467285,-9.543478965759277,-10.82584031422933,297.0,258.0,373.0,371.0
low_plausibility,P11021,U,False,False,A_compartment_separation,False,472,GRHL2,625,3ff513736589741d9b5ad3cdee558a579a4ab5b5750c5b78150e2bdeba8123c7,Q6ISB3,False,ERN1,977,22c28aa52b53dd8141c2770fa4a08a2acda67e6a17447dc5281cf52e0528390f,O75460,original_six,False,-2.8434751828511557,-2.3456791639328003,0.3631707727909088,-14.388300895690918,-12.229002952575684,-13.593755722045898,-13.4036865234375,447.0,190.0,574.0,394.0
low_plausibility,P11021,U,False,False,A_compartment_separation,False,473,ESRP1,681,c40650b27746c7d976a6e0088b7c9f46d1ede1a5a93ecdc970121069a4451067,Q6NXG1,False,ERN1,977,22c28aa52b53dd8141c2770fa4a08a2acda67e6a17447dc5281cf52e0528390f,O75460,original_six,False,-2.123603343963623,-2.554067333539327,0.4395504295825958,-12.685870170593262,-14.015385627746582,-10.002254486083984,-12.234503428141275,213.0,239.0,515.0,345.0
low_plausibility,P11021,U,False,False,A_compartment_separation,False,474,GATAD2A,633,e49a34032fd0361b79e434c473e1abe19b87fbdaceb1363b23eefd32577a2d09,Q86YP4,False,ERN1,977,22c28aa52b53dd8141c2770fa4a08a2acda67e6a17447dc5281cf52e0528390f,O75460,original_six,False,-2.2513840993245444,-2.755178928375244,0.1832430511713028,-12.258427619934082,-14.157949447631836,-14.615828514099121,-13.677401860555014,246.0,280.0,583.0,553.0
low_plausibility,P11021,U,False,False,A_compartment_separation,False,475,CREBRF,639,c5f7514e88bcda7b1cbc85c622827c3487b635f2361b1b5c2b6fc46cca40a296,Q8IUR6,False,ERN1,977,22c28aa52b53dd8141c2770fa4a08a2acda67e6a17447dc5281cf52e0528390f,O75460,original_six,False,-1.9744433561960857,-2.2488744258880615,0.2026510238647461,-12.233826637268066,-11.660054206848145,-11.857791900634766,-11.917224248250326,178.0,173.0,483.0,540.0
low_plausibility,P11021,U,False,False,A_compartment_separation,False,476,NEK11,645,bb4e53ed195d84a6d9ef5213f11dfc984e880b8c864966844d0fd9fcba0d7122,Q8NG66,False,ERN1,977,22c28aa52b53dd8141c2770fa4a08a2acda67e6a17447dc5281cf52e0528390f,O75460,original_six,False,-2.088561693827311,-2.7422587076822915,0.5642040371894836,-10.82615852355957,-10.33786392211914,-9.86683177947998,-10.343618075052897,202.0,275.0,319.0,263.0
low_plausibility,P11021,U,False,False,A_compartment_separation,False,477,NELFB,628,a96153b3c472d3f282051a214607d59252b870554d9b37d9d32d6b9280985ad1,Q8WX92,False,ERN1,977,22c28aa52b53dd8141c2770fa4a08a2acda67e6a17447dc5281cf52e0528390f,O75460,original_six,False,-2.008429924647013,-2.3229936758677163,0.623328447341919,-10.222917556762695,-8.001422882080078,-7.7072858810424805,-8.643875439961752,186.0,186.0,126.0,192.0
low_plausibility,P11021,U,False,False,A_compartment_separation,False,478,BMAL2,636,672612d5f97ef9cc24e7868c880a52088ab2cb8fad6ac0af467b6807a278c318,Q8WYA1,False,ERN1,977,22c28aa52b53dd8141c2770fa4a08a2acda67e6a17447dc5281cf52e0528390f,O75460,original_six,False,-2.7585533459981284,-2.5739707152048745,0.326653391122818,-12.177279472351074,-10.65148639678955,-12.161043167114258,-11.663269678751627,423.0,245.0,458.0,426.0
low_plausibility,P11021,U,False,False,A_compartment_separation,False,479,UTP4,686,e1feaecfb4667cb62407b22012a172c02660814adff761a6bbb675893537413b,Q969X6,False,ERN1,977,22c28aa52b53dd8141c2770fa4a08a2acda67e6a17447dc5281cf52e0528390f,O75460,original_six,False,-2.371755520502726,-3.152776837348938,0.3851986825466156,-11.317684173583984,-11.239511489868164,-6.579329967498779,-9.712175210316977,288.0,365.0,242.0,388.0
low_plausibility,P11021,U,False,False,A_compartment_separation,False,480,TBRG4,631,b009aa84d6f48652cd55ea26c2014aab873efce6c4db6062af95d12f0a1feed8,Q969Z0,False,ERN1,977,22c28aa52b53dd8141c2770fa4a08a2acda67e6a17447dc5281cf52e0528390f,O75460,original_six,False,-2.5613887310028076,-1.7846027215321858,0.4672703742980957,-6.107337951660156,-6.358204364776611,-10.018259048461914,-7.4946004549662275,347.0,90.0,50.0,330.0
low_plausibility,P11021,U,False,False,A_compartment_separation,False,481,PPWD1,646,a0ef30f6b34d96b9638ad0c55efcf30080128a68f14b53f2304808dc1e67c72d,Q96BP3,False,ERN1,977,22c28aa52b53dd8141c2770fa4a08a2acda67e6a17447dc5281cf52e0528390f,O75460,original_six,False,-1.9552801450093586,-1.9212238589922588,0.3114185929298401,-11.047274589538574,-11.571471214294434,-8.985015869140625,-10.534587224324545,169.0,111.0,339.0,439.0
low_plausibility,P11021,U,False,False,A_compartment_separation,False,482,GCNA,691,2e2f10fa12d24011d491cb8227d2077be4aa088f81d8330f82d13ce1410c0af6,Q96QF7,False,ERN1,977,22c28aa52b53dd8141c2770fa4a08a2acda67e6a17447dc5281cf52e0528390f,O75460,original_six,False,-2.659801483154297,-0.8551331460475922,0.5413439869880676,-9.31881046295166,-10.885700225830078,-8.974974632263184,-9.726495107014975,387.0,16.0,243.0,288.0
low_plausibility,P11021,U,False,False,A_compartment_separation,False,483,ELF4,663,0c51f3c906b282681236a5614d22dc6ecbfd1b751773dd00861e07f9c1b8337b,Q99607,False,ERN1,977,22c28aa52b53dd8141c2770fa4a08a2acda67e6a17447dc5281cf52e0528390f,O75460,original_six,False,-1.7893293301264446,-2.0930453141530356,0.22171826660633087,-10.1420259475708,-14.053319931030273,-10.408830642700195,-11.534725507100424,123.0,138.0,447.0,528.0
low_plausibility,P11021,U,False,False,A_compartment_separation,False,484,BUD13,619,fe2f58ab5c0d00d21d306407b7b4272c66dcc1e9ad8ed24c8afdd3d8fef67482,Q9BRD0,False,ERN1,977,22c28aa52b53dd8141c2770fa4a08a2acda67e6a17447dc5281cf52e0528390f,O75460,original_six,False,-2.6019488175710044,-3.0032992362976074,0.11710388213396072,-10.330280303955078,-12.650009155273438,-15.509964942932129,-12.830084800720215,365.0,334.0,555.0,596.0
low_plausibility,P11021,U,False,False,A_compartment_separation,False,485,NOL10,688,5aee909f268643e9574fed858b1b62e68d1d014096d70853f6009489561bc4fc,Q9BSC4,False,ERN1,977,22c28aa52b53dd8141c2770fa4a08a2acda67e6a17447dc5281cf52e0528390f,O75460,original_six,False,-2.6215577125549316,-4.794704755147298,0.1779850274324417,-12.800893783569336,-11.54607105255127,-11.156278610229492,-11.8344144821167,373.0,586.0,477.0,559.0
low_plausibility,P11021,U,False,False,A_compartment_separation,False,486,FOXP1,677,5248da002fbcd3f3400e2a4bde350e06979d30fe09c3e5d23be5f84ce09c4275,Q9H334,False,ERN1,977,22c28aa52b53dd8141c2770fa4a08a2acda67e6a17447dc5281cf52e0528390f,O75460,original_six,False,-2.2790557543436685,-2.1421517531077066,0.2270338386297226,-11.198620796203613,-10.373744010925293,-12.430562019348145,-11.334308942159018,256.0,149.0,434.0,523.0
low_plausibility,P11021,U,False,False,A_compartment_separation,False,487,TP63,680,33a4133f272286d3fc59b4d999c7943ec17ba28ad5e150c7e3383b30b3d5d6ee,Q9H3D4,False,ERN1,977,22c28aa52b53dd8141c2770fa4a08a2acda67e6a17447dc5281cf52e0528390f,O75460,original_six,False,-1.217780073483785,-1.2438659469286601,0.3701935410499573,-7.487743377685547,-11.073907852172852,-10.722216606140137,-9.761289278666178,37.0,37.0,248.0,391.0
low_plausibility,P11021,U,False,False,A_compartment_separation,False,488,ACSS3,686,1484a2d4bcc09ce5dfafd34082e8b83952cd7a31471d8557856468770cfd9a73,Q9H6R3,False,ERN1,977,22c28aa52b53dd8141c2770fa4a08a2acda67e6a17447dc5281cf52e0528390f,O75460,original_six,False,-2.5720409552256265,-3.01735512415568,0.4453882575035095,-9.250785827636719,-11.391426086425781,-10.259899139404297,-10.300703684488932,354.0,340.0,315.0,341.0
low_plausibility,P11021,U,False,False,A_compartment_separation,False,489,RIOX1,641,7282a435c2a519d9dca0316e1448ca638d5d4176b3d68b6c08b46e9625019acc,Q9H6W3,False,ERN1,977,22c28aa52b53dd8141c2770fa4a08a2acda67e6a17447dc5281cf52e0528390f,O75460,original_six,False,-2.8162355422973633,-3.3737247784932456,0.5824894905090332,-11.4014253616333,-9.97372055053711,-12.317163467407227,-11.230769793192545,437.0,425.0,420.0,240.0
low_plausibility,P11021,U,False,False,A_compartment_separation,False,490,RMI1,625,4de31be25c5d14ec61e87708eef2628b1918cd5ef38f968654479917d658f633,Q9H9A7,False,ERN1,977,22c28aa52b53dd8141c2770fa4a08a2acda67e6a17447dc5281cf52e0528390f,O75460,original_six,False,-3.3011558850606284,-3.2328741550445557,0.16268327832221985,-11.391054153442383,-13.77126407623291,-14.574661254882812,-13.245659828186035,551.0,389.0,568.0,568.0
low_plausibility,P11021,U,False,False,A_compartment_separation,False,491,SP110,689,156fa71ba0f03374b0dd073df9bf8be2bffa39aa25580192580c96b5b2eba236,Q9HB58,False,ERN1,977,22c28aa52b53dd8141c2770fa4a08a2acda67e6a17447dc5281cf52e0528390f,O75460,original_six,False,-2.7071014245351157,-3.4823950131734214,0.4673309922218323,-13.93798828125,-8.903626441955566,-11.43510627746582,-11.425573666890463,404.0,448.0,441.0,329.0
low_plausibility,P11021,U,False,False,A_compartment_separation,False,492,PATZ1,687,72a9a18a311dc8f01374cb8b80f453a03f3a1fe888cf8746dade037a560bf69e,Q9HBE1,False,ERN1,977,22c28aa52b53dd8141c2770fa4a08a2acda67e6a17447dc5281cf52e0528390f,O75460,original_six,False,-2.066800276438395,-2.6626559098561606,0.24549786746501923,-11.83689022064209,-10.660531997680664,-14.390954971313477,-12.296125729878744,198.0,265.0,520.0,511.0
low_plausibility,P11021,U,False,False,A_compartment_separation,False,493,PRDM8,689,d9393400f9fc14212aa603ed1516704deedc207d4178d501938873d65410cf1d,Q9NQV8,False,ERN1,977,22c28aa52b53dd8141c2770fa4a08a2acda67e6a17447dc5281cf52e0528390f,O75460,original_six,False,-2.636474370956421,-2.7881112098693848,0.2510732412338257,-10.554283142089844,-11.650793075561523,-12.178461074829102,-11.46117909749349,381.0,285.0,442.0,500.0
low_plausibility,P11021,U,False,False,A_compartment_separation,False,494,PRDM5,630,c5a31d63343275f5177d6897b2bdfdd9558158f68ab68d941e2161d0c57ddd82,Q9NQX1,False,ERN1,977,22c28aa52b53dd8141c2770fa4a08a2acda67e6a17447dc5281cf52e0528390f,O75460,original_six,False,-1.695505936940511,-2.903733770052592,0.2810801863670349,-11.282341003417969,-11.470376968383789,-12.078883171081543,-11.610533714294434,99.0,311.0,454.0,468.0
low_plausibility,P11021,U,False,False,A_compartment_separation,False,495,POT1,634,7f9265a1774ca9370e7f73628c79f77bb59b6301b05491748375b78236765b51,Q9NUX5,False,ERN1,977,22c28aa52b53dd8141c2770fa4a08a2acda67e6a17447dc5281cf52e0528390f,O75460,original_six,False,-2.184277613957723,-1.593305508295695,0.4900851845741272,-10.971084594726562,-10.601344108581543,-13.521897315979004,-11.698108673095703,232.0,67.0,463.0,315.0
low_plausibility,P11021,U,False,False,A_compartment_separation,False,496,DDX18,670,1b8f053747ef26b689a66ba2fef64e86b560e2fad784f49a9d894c4ad291fbd7,Q9NVP1,False,ERN1,977,22c28aa52b53dd8141c2770fa4a08a2acda67e6a17447dc5281cf52e0528390f,O75460,original_six,False,-3.4682657718658447,-4.096354564030965,0.34387093782424927,-11.620916366577148,-12.746185302734375,-10.746975898742676,-11.704692522684732,566.0,535.0,464.0,412.0
low_plausibility,P11021,U,False,False,A_compartment_separation,False,497,SDAD1,687,24a13b297fc642cdef2aa62b22417a2c76fa68fcc13dac81c12372019c7051da,Q9NVU7,False,ERN1,977,22c28aa52b53dd8141c2770fa4a08a2acda67e6a17447dc5281cf52e0528390f,O75460,original_six,False,-3.5030017693837485,-4.436625083287557,0.15506161749362946,-11.441620826721191,-10.063355445861816,-10.129677772521973,-10.54488468170166,571.0,564.0,340.0,573.0
low_plausibility,P11021,U,False,False,A_compartment_separation,False,498,RRN3,651,726d55376e6c6992d84f20b28178c2f67ce7a5761223c20bf30f1ec85d7930c4,Q9NYV6,False,ERN1,977,22c28aa52b53dd8141c2770fa4a08a2acda67e6a17447dc5281cf52e0528390f,O75460,original_six,False,-2.8594961961110434,-3.232898791631063,0.29337504506111145,-10.655352592468262,-13.563277244567871,-6.321993827819824,-10.180207888285318,453.0,390.0,297.0,454.0
low_plausibility,P11021,U,False,False,A_compartment_separation,False,499,CXXC1,656,2551aa06b282d6810525db89a72d98530860f2782a7e4eebc9773a045cf82dd3,Q9P0U4,False,ERN1,977,22c28aa52b53dd8141c2770fa4a08a2acda67e6a17447dc5281cf52e0528390f,O75460,original_six,False,-1.7925725380579631,-3.0216246445973716,0.19448015093803406,-13.166411399841309,-11.34847640991211,-12.264016151428223,-12.259634653727213,125.0,341.0,516.0,544.0
low_plausibility,P11021,U,False,False,A_compartment_separation,False,500,DBF4,674,fdb7450415b4e1df81203581d39c114ed27ec52be35424d2b4eae0fb496a24e6,Q9UBU7,False,ERN1,977,22c28aa52b53dd8141c2770fa4a08a2acda67e6a17447dc5281cf52e0528390f,O75460,original_six,False,-3.0306464036305747,-2.986888567606608,0.15084116160869598,-11.839629173278809,-11.454156875610352,-11.176959991455078,-11.490248680114746,496.0,328.0,444.0,576.0
low_plausibility,P11021,U,False,False,A_compartment_separation,False,501,ZNF256,627,afc52169f38f61272fd5b0d7572f4c373ba4f5cf270ba37de4230f983eb0de6c,Q9Y2P7,False,ERN1,977,22c28aa52b53dd8141c2770fa4a08a2acda67e6a17447dc5281cf52e0528390f,O75460,original_six,False,-2.479270617167155,-2.7015445232391357,0.34336093068122864,-10.137057304382324,-7.250725269317627,-10.548500061035156,-9.31209421157837,321.0,271.0,202.0,414.0
low_plausibility,P11021,U,False,False,A_compartment_separation,False,502,DYRK1B,629,5bda1d18e5cf5b978cb1370cc64ed4f9a3a1129f104ea722fe7eccef5ec85ff1,Q9Y463,False,ERN1,977,22c28aa52b53dd8141c2770fa4a08a2acda67e6a17447dc5281cf52e0528390f,O75460,original_six,False,-1.7006925741831462,-2.738208532333374,0.4378817677497864,-10.880410194396973,-10.055893898010254,-11.705035209655762,-10.880446434020996,101.0,274.0,377.0,350.0
low_plausibility,P11021,U,False,False,A_compartment_separation,False,503,NUB1,615,7b35712ee1ef490e0f6df9a4338182949992d21c3baf5062a6436195cd89ebe0,Q9Y5A7,False,ERN1,977,22c28aa52b53dd8141c2770fa4a08a2acda67e6a17447dc5281cf52e0528390f,O75460,original_six,False,-2.5282162030537925,-2.4052168130874634,0.44386833906173706,-11.855971336364746,-11.554703712463379,-5.029735565185547,-9.48013687133789,339.0,203.0,220.0,343.0
low_plausibility,P11021,U,False,False,A_compartment_separation,False,504,TAF6L,622,8e470b48a9f9cc96c42a4e91ddcfd867c219511cc17bdc44668631b99b828fcd,Q9Y6J9,False,ERN1,977,22c28aa52b53dd8141c2770fa4a08a2acda67e6a17447dc5281cf52e0528390f,O75460,original_six,False,-2.428389072418213,-2.8409671783447266,0.45715340971946716,-10.251875877380371,-13.351327896118164,-8.589583396911621,-10.730929056803385,305.0,298.0,361.0,336.0
low_plausibility,Q15084,U,False,False,A_compartment_separation,False,505,MACROD2,425,872c0ec9e3b701db921bb86f314bea026aae3d069c8212c1eaf33dae7d47d856,A1Z1Q3,False,ERN1,977,22c28aa52b53dd8141c2770fa4a08a2acda67e6a17447dc5281cf52e0528390f,O75460,original_six,False,-2.4078412850697837,-3.467181126276652,0.5034370422363281,-12.334670066833496,-9.766284942626953,-10.362947463989258,-10.821300824483236,299.0,442.0,372.0,305.0
low_plausibility,Q15084,U,False,False,A_compartment_separation,False,506,TBXT,435,239bb7ac44e714661a0af6dcbaec118c967361c79cf5d06663369b910eb65543,O15178,False,ERN1,977,22c28aa52b53dd8141c2770fa4a08a2acda67e6a17447dc5281cf52e0528390f,O75460,original_six,False,-1.9311521450678508,-2.2655986150105796,0.2574252188205719,-13.158015251159668,-13.888344764709473,-11.825215339660645,-12.957191785176596,160.0,175.0,559.0,490.0
low_plausibility,Q15084,U,False,False,A_compartment_separation,False,507,TIMM44,452,7aef5cbaaacc51a0180a88ea024da99990238a51150ee197e75061eff0d47944,O43615,False,ERN1,977,22c28aa52b53dd8141c2770fa4a08a2acda67e6a17447dc5281cf52e0528390f,O75460,original_six,False,-2.857724905014038,-3.7035017808278403,0.7202461957931519,-10.427260398864746,-9.308725357055664,-11.094497680664062,-10.276827812194824,452.0,481.0,309.0,68.0
low_plausibility,Q15084,U,False,False,A_compartment_separation,False,508,TADA3,432,4cdc691f5f90430b377ea98481f9dbbbb49081eab16bb767f057f71a0f046eda,O75528,False,ERN1,977,22c28aa52b53dd8141c2770fa4a08a2acda67e6a17447dc5281cf52e0528390f,O75460,original_six,False,-1.2378119627634685,-2.2092387676239014,0.16746027767658234,-14.032748222351074,-9.89775276184082,-10.746732711791992,-11.559077898661295,40.0,164.0,448.0,564.0
low_plausibility,Q15084,U,False,False,A_compartment_separation,False,509,SUPT7L,414,f6b09aa6a4f5b67cf6193afadfecb59ed63e3257307d867bb35820f350aa4be0,O94864,False,ERN1,977,22c28aa52b53dd8141c2770fa4a08a2acda67e6a17447dc5281cf52e0528390f,O75460,original_six,False,-2.2719739278157554,-3.119637409845988,0.21813952922821045,-10.690892219543457,-12.746844291687012,-8.404437065124512,-10.614057858784994,253.0,360.0,346.0,530.0
low_plausibility,Q15084,U,False,False,A_compartment_separation,False,510,LUC7L3,432,5530dfddc3cb5d3205aae2565081136e9ee1bff4b088f200d46066d40a32b1b0,O95232,False,ERN1,977,22c28aa52b53dd8141c2770fa4a08a2acda67e6a17447dc5281cf52e0528390f,O75460,original_six,False,-3.707316795984904,-5.394160429636638,0.08606597781181335,-13.56518268585205,-13.244067192077637,-18.417415618896484,-15.075555165608725,583.0,600.0,600.0,603.0
low_plausibility,Q15084,U,False,False,A_compartment_separation,False,511,CBX6,412,07e30917478acb4fc71de076053c26962a6e837b697aa756a942ddb789640df9,O95503,False,ERN1,977,22c28aa52b53dd8141c2770fa4a08a2acda67e6a17447dc5281cf52e0528390f,O75460,original_six,False,-3.5682335694630942,-4.10453995068868,0.16133512556552887,-13.57020378112793,-11.058773040771484,-11.55339241027832,-12.060789744059244,575.0,536.0,497.0,569.0
low_plausibility,Q15084,U,False,False,A_compartment_separation,False,512,POLR3D,398,221b4e3c8c8b5feec08febc4f97ba69fbc67bafb76b569cf01207ce122e0ae7c,P05423,False,ERN1,977,22c28aa52b53dd8141c2770fa4a08a2acda67e6a17447dc5281cf52e0528390f,O75460,original_six,False,-1.9070743322372437,-2.3920896848042807,0.17628446221351624,-14.091541290283203,-13.071560859680176,-12.813679695129395,-13.325593948364258,148.0,199.0,570.0,561.0
low_plausibility,Q15084,U,False,False,A_compartment_separation,False,513,TFAP2A,437,59608780f7b632de54af05105f196c54ccbf4cb2ec9f814b23e667f8e0ce211f,P05549,False,ERN1,977,22c28aa52b53dd8141c2770fa4a08a2acda67e6a17447dc5281cf52e0528390f,O75460,original_six,False,-2.740565061569214,-4.540621439615886,0.2595610022544861,-13.450973510742188,-12.527397155761719,-12.86166000366211,-12.946676890055338,415.0,575.0,558.0,487.0
low_plausibility,Q15084,U,False,False,A_compartment_separation,False,514,SNRNP70,437,6ea00e4396e6e2de6465e0848c65846041cff006ce17da93e437c0b280e548c5,P08621,False,ERN1,977,22c28aa52b53dd8141c2770fa4a08a2acda67e6a17447dc5281cf52e0528390f,O75460,original_six,False,-1.0251260201136272,-1.8821959892908733,0.1395660787820816,-14.742430686950684,-12.220894813537598,-12.23544979095459,-13.066258430480957,23.0,101.0,564.0,586.0
low_plausibility,Q15084,U,False,False,A_compartment_separation,False,515,ACAA1,424,d98e27a79f6a1bfbb1abcd78c21d60147310994d2fb64082aed291246b4f80ad,P09110,False,ERN1,977,22c28aa52b53dd8141c2770fa4a08a2acda67e6a17447dc5281cf52e0528390f,O75460,original_six,False,-2.865666389465332,-3.8434314727783203,0.5404403209686279,-12.482029914855957,-8.077763557434082,-10.419219017028809,-10.326337496439615,454.0,501.0,317.0,290.0
low_plausibility,Q15084,U,False,False,A_compartment_separation,False,516,GATA1,413,4d3e8af1c4da25a4f6925f59a12a98af2bf0e4d6d2209ae444d7ffb63075b522,P15976,False,ERN1,977,22c28aa52b53dd8141c2770fa4a08a2acda67e6a17447dc5281cf52e0528390f,O75460,original_six,False,-1.2625447909037273,-2.2352260748545327,0.18117672204971313,-11.116032600402832,-13.594663619995117,-11.484153747558594,-12.064949989318848,44.0,169.0,498.0,555.0
low_plausibility,Q15084,U,False,False,A_compartment_separation,False,517,YY1,414,2a8ac37b6e57c0748eb9fc242577be0afd0ba2fc962aed8b3e43befdbd496cba,P25490,False,ERN1,977,22c28aa52b53dd8141c2770fa4a08a2acda67e6a17447dc5281cf52e0528390f,O75460,original_six,False,-2.361555496851603,-3.889228185017904,0.15902364253997803,-10.79748249053955,-9.1925048828125,-10.048121452331543,-10.012702941894531,286.0,508.0,276.0,570.0
low_plausibility,Q15084,U,False,False,A_compartment_separation,False,518,TEAD1,426,0510ee24c4318b1296486bb65591844320d432a094ca72c3cce4dd794d7e826a,P28347,False,ERN1,977,22c28aa52b53dd8141c2770fa4a08a2acda67e6a17447dc5281cf52e0528390f,O75460,original_six,False,-2.003524581591288,-1.1292624274889629,0.43874043226242065,-9.65551471710205,-10.010272979736328,-12.140111923217773,-10.601966540018717,184.0,31.0,344.0,349.0
low_plausibility,Q15084,U,False,False,A_compartment_separation,False,519,GTF2E1,439,df85993a33a1fc38739595ca09eb0246ac5cc29a5fcdee0c4b4056491861acfd,P29083,False,ERN1,977,22c28aa52b53dd8141c2770fa4a08a2acda67e6a17447dc5281cf52e0528390f,O75460,original_six,False,-1.782590349515279,-2.3666205406188965,0.27527686953544617,-10.141087532043457,-10.926840782165527,-10.436738967895508,-10.501555760701498,119.0,195.0,336.0,472.0
low_plausibility,Q15084,U,False,False,A_compartment_separation,False,520,RBM34,430,99e8793681c95da7af389e53856e13b132f8d3ed02bd9a3970c132bd42fa88f5,P42696,False,ERN1,977,22c28aa52b53dd8141c2770fa4a08a2acda67e6a17447dc5281cf52e0528390f,O75460,original_six,False,-3.921109676361084,-4.424674987792969,0.15365475416183472,-14.201910018920898,-7.795337200164795,-10.005693435668945,-10.667646884918213,596.0,562.0,355.0,574.0
low_plausibility,Q15084,U,False,False,A_compartment_separation,False,521,GATA4,442,42903e3d362a1f4b24418a6f45987cefb37ec423e9753727ca3e5f2d99bacb01,P43694,False,ERN1,977,22c28aa52b53dd8141c2770fa4a08a2acda67e6a17447dc5281cf52e0528390f,O75460,original_six,False,-1.3623082240422566,-1.704722007115682,0.13962696492671967,-11.790376663208008,-13.642183303833008,-12.254206657409668,-12.56225554148356,51.0,79.0,532.0,585.0
low_plausibility,Q15084,U,False,False,A_compartment_separation,False,522,TUFM,455,28a4913b013a8938d62a37b3341d624ae61c3638fcecfb29b6fd2254afdab1dc,P49411,False,ERN1,977,22c28aa52b53dd8141c2770fa4a08a2acda67e6a17447dc5281cf52e0528390f,O75460,original_six,False,-2.6130810578664145,-2.5477096239725747,0.38871556520462036,-6.104439735412598,-4.585373878479004,-5.299461841583252,-5.329758485158284,369.0,236.0,4.0,385.0
low_plausibility,Q15084,U,False,False,A_compartment_separation,False,523,HNRNPH2,449,537efa7a9ddf99e95e0352ba92aa70c929afd63b08647eef3d6f86b81d7639ff,P55795,False,ERN1,977,22c28aa52b53dd8141c2770fa4a08a2acda67e6a17447dc5281cf52e0528390f,O75460,original_six,False,-2.2249306042989097,-2.514620542526245,0.39343735575675964,-15.533740043640137,-13.311652183532715,-13.823945999145508,-14.22311274210612,241.0,228.0,597.0,380.0
low_plausibility,Q15084,U,False,False,A_compartment_separation,False,524,FLI1,452,74912fafaea5266f2ca297e3758c99d7a885073b8fa1dda982acd6a574de57c3,Q01543,False,ERN1,977,22c28aa52b53dd8141c2770fa4a08a2acda67e6a17447dc5281cf52e0528390f,O75460,original_six,False,-1.798091173171997,-3.3769176801045737,0.29547572135925293,-11.936626434326172,-12.40703296661377,-14.862053871154785,-13.068571090698242,128.0,426.0,565.0,451.0
low_plausibility,Q15084,U,False,False,A_compartment_separation,False,525,CSTF1,431,41a1a69c5826aa17e8ab1f2cba897d7b56bfbef4c9b9f733d624610ae6476701,Q05048,False,ERN1,977,22c28aa52b53dd8141c2770fa4a08a2acda67e6a17447dc5281cf52e0528390f,O75460,original_six,False,-2.3589030106862388,-1.8829912741978962,0.4392768442630768,-10.142823219299316,-9.255210876464844,-9.071514129638672,-9.489849408467611,285.0,102.0,221.0,346.0
low_plausibility,Q15084,U,False,False,A_compartment_separation,False,526,RBBP4,425,70ed91c19ed6723393f10af2edbafa48ce860097444f9c152478627dc5401d86,Q09028,False,ERN1,977,22c28aa52b53dd8141c2770fa4a08a2acda67e6a17447dc5281cf52e0528390f,O75460,original_six,False,-2.9776532649993896,-2.5911484559377036,0.3245457410812378,-6.357570648193359,-7.410735607147217,-5.258747577667236,-6.3423512776692705,480.0,252.0,15.0,430.0
low_plausibility,Q15084,U,False,False,A_compartment_separation,False,527,GTF2H2,395,9c510e500aee0285c92c5e98801ab93bf86b7ee0d024fcfedf2ef9dd376b1276,Q13888,False,ERN1,977,22c28aa52b53dd8141c2770fa4a08a2acda67e6a17447dc5281cf52e0528390f,O75460,original_six,False,-2.3127032121022544,-1.4133937358856201,0.3898713290691376,-8.50473690032959,-10.236138343811035,-8.34524154663086,-9.028705596923828,266.0,51.0,169.0,383.0
low_plausibility,Q15084,U,False,False,A_compartment_separation,False,528,RBBP7,425,7754e9cd54f2101277fa6629a7b0f396a4537056ca7c31582f3fe0d64f7d26d7,Q16576,False,ERN1,977,22c28aa52b53dd8141c2770fa4a08a2acda67e6a17447dc5281cf52e0528390f,O75460,original_six,False,-3.3766068617502847,-2.8839210669199624,0.3068864643573761,-7.300098419189453,-7.685556888580322,-5.797229766845703,-6.927628358205159,558.0,305.0,30.0,442.0
low_plausibility,Q15084,U,False,False,A_compartment_separation,False,529,TBRG1,411,89b90be10d3feea8e5571748de8d493860d6d59d547e29960302fc6e077fc4d9,Q3YBR2,False,ERN1,977,22c28aa52b53dd8141c2770fa4a08a2acda67e6a17447dc5281cf52e0528390f,O75460,original_six,False,-1.9352664550145466,-2.9632407824198403,0.2627449929714203,-10.907814025878906,-11.08481502532959,-10.233410835266113,-10.742013295491537,161.0,323.0,362.0,484.0
low_plausibility,Q15084,U,False,False,A_compartment_separation,False,530,ABRAXAS1,409,6fdbbd5735e4ee6fc85665fca156c107497f018cc5781faeccab785a1b0acbf5,Q6UWZ7,False,ERN1,977,22c28aa52b53dd8141c2770fa4a08a2acda67e6a17447dc5281cf52e0528390f,O75460,original_six,False,-1.566102385520935,-2.3477131525675454,0.641996443271637,-15.169256210327148,-12.703568458557129,-13.393725395202637,-13.75551668802897,77.0,192.0,584.0,170.0
low_plausibility,Q15084,U,False,False,A_compartment_separation,False,531,THAP5,395,6fe0cfc065576fbc6db5910f476d743aa2a12285c60fda0fa2000041c8c84bf6,Q7Z6K1,False,ERN1,977,22c28aa52b53dd8141c2770fa4a08a2acda67e6a17447dc5281cf52e0528390f,O75460,original_six,False,-2.569415807723999,-1.941126028696696,0.14957651495933533,-6.2856550216674805,-10.636463165283203,-10.256272315979004,-9.059463500976562,350.0,115.0,172.0,579.0
low_plausibility,Q15084,U,False,False,A_compartment_separation,False,532,UHMK1,419,8089b8fa12a31fa16486d47ae5bdca3876c4107f5b2d02e18026d6e2d213597d,Q8TAS1,False,ERN1,977,22c28aa52b53dd8141c2770fa4a08a2acda67e6a17447dc5281cf52e0528390f,O75460,original_six,False,-1.947200059890747,-2.1228668093681335,0.4075115919113159,-9.776071548461914,-8.703402519226074,-13.593218803405762,-10.690897623697916,167.0,144.0,357.0,370.0
low_plausibility,Q15084,U,False,False,A_compartment_separation,False,533,TFAP2C,450,6e5e40e0ad9f547b3e330de09c2b42303ae1f8dd0f73457a42850088f193e486,Q92754,False,ERN1,977,22c28aa52b53dd8141c2770fa4a08a2acda67e6a17447dc5281cf52e0528390f,O75460,original_six,False,-2.6059621969858804,-3.4031543731689453,0.3348561227321625,-12.388594627380371,-12.222561836242676,-10.950397491455078,-11.853851318359375,366.0,435.0,478.0,419.0
low_plausibility,Q15084,U,False,False,A_compartment_separation,False,534,SMARCE1,411,c1c3d1a8ee0be037614433e4a83e7c520eff2951907abc6a114c264c3db1508d,Q969G3,False,ERN1,977,22c28aa52b53dd8141c2770fa4a08a2acda67e6a17447dc5281cf52e0528390f,O75460,original_six,False,-2.107763171195984,-2.6339406967163086,0.13333162665367126,-12.821845054626465,-12.317559242248535,-15.353675842285156,-13.497693379720053,207.0,260.0,576.0,588.0
low_plausibility,Q15084,U,False,False,A_compartment_separation,False,535,ACD,458,4bcc4a88ac93f688d2624aa643a6a6fa7bda0074c3016bb1c1a59fe27dbfb593,Q96AP0,False,ERN1,977,22c28aa52b53dd8141c2770fa4a08a2acda67e6a17447dc5281cf52e0528390f,O75460,original_six,False,-2.403893311818441,-2.44237744808197,0.5530176758766174,-13.65512752532959,-11.726521492004395,-11.19660472869873,-12.192751248677572,296.0,214.0,510.0,278.0
low_plausibility,Q15084,U,False,False,A_compartment_separation,False,536,RBM17,401,861a96831cc35aaa0a7cd3bac7d12a13b2f16a9a1282275e8b077a5a0a1442cd,Q96I25,False,ERN1,977,22c28aa52b53dd8141c2770fa4a08a2acda67e6a17447dc5281cf52e0528390f,O75460,original_six,False,-2.464347998301188,-2.9390416145324707,0.14506371319293976,-13.734932899475098,-12.177228927612305,-11.06591510772705,-12.32602564493815,316.0,317.0,522.0,582.0
low_plausibility,Q15084,U,False,False,A_compartment_separation,False,537,LCOR,433,b1cfd592808015dbf121c95adefd3e69bd8820d1dd8223ab376cbcad4478c6c4,Q96JN0,False,ERN1,977,22c28aa52b53dd8141c2770fa4a08a2acda67e6a17447dc5281cf52e0528390f,O75460,original_six,False,-2.8809810479482016,-2.604690353075663,0.32000893354415894,-10.83735179901123,-13.111100196838379,-15.640249252319336,-13.196233749389648,459.0,256.0,567.0,431.0
low_plausibility,Q15084,U,False,False,A_compartment_separation,False,538,EGLN2,407,337ff1ca94c9724ace872091c611e5bd2915db6f5f5967f4e596a0bee4a3695e,Q96KS0,False,ERN1,977,22c28aa52b53dd8141c2770fa4a08a2acda67e6a17447dc5281cf52e0528390f,O75460,original_six,False,-2.6194231510162354,-2.121673663457235,0.43205612897872925,-11.389399528503418,-9.420975685119629,-12.945622444152832,-11.251999219258627,371.0,143.0,423.0,355.0
low_plausibility,Q15084,U,False,False,A_compartment_separation,False,539,NSUN5,429,8873e47351364e58889499834adbdb6322bbf0b99498914a4a4f2dcabd5b7068,Q96P11,False,ERN1,977,22c28aa52b53dd8141c2770fa4a08a2acda67e6a17447dc5281cf52e0528390f,O75460,original_six,False,-2.6497304439544678,-2.339775800704956,0.4453776478767395,-11.612607955932617,-10.069937705993652,-11.646793365478516,-11.109779675801596,385.0,189.0,402.0,342.0
low_plausibility,Q15084,U,False,False,A_compartment_separation,False,540,GRWD1,446,8b36b8b3623626f203cc3ac25ffd85fe28acdede06fb3a81dfe3bf283803c6aa,Q9BQ67,False,ERN1,977,22c28aa52b53dd8141c2770fa4a08a2acda67e6a17447dc5281cf52e0528390f,O75460,original_six,False,-3.8155723412831626,-4.66646941502889,0.3572269678115845,-11.927160263061523,-10.62268352508545,-9.027782440185547,-10.525875409444174,592.0,581.0,338.0,398.0
low_plausibility,Q15084,U,False,False,A_compartment_separation,False,541,TINF2,451,16f097472d0416e7e1f00ed8606d6527c799e3b37e47239ac4e05b66ecc4412e,Q9BSI4,False,ERN1,977,22c28aa52b53dd8141c2770fa4a08a2acda67e6a17447dc5281cf52e0528390f,O75460,original_six,False,-3.0903573036193848,-2.9258817036946616,0.40281370282173157,-12.523924827575684,-11.48612117767334,-13.849349021911621,-12.619798342386881,511.0,315.0,537.0,372.0
low_plausibility,Q15084,U,False,False,A_compartment_separation,False,542,METTL22,404,f1a3f7cf0e5a852db4cd9b00ff7559358ada38f08c62fab089bbbb50b2d798ab,Q9BUU2,False,ERN1,977,22c28aa52b53dd8141c2770fa4a08a2acda67e6a17447dc5281cf52e0528390f,O75460,original_six,False,-1.9644443988800049,-3.397371451059977,0.673570454120636,-10.7546968460083,-13.953763961791992,-10.600769996643066,-11.76974360148112,175.0,434.0,473.0,123.0
low_plausibility,Q15084,U,False,False,A_compartment_separation,False,543,REXO4,422,f0083044ebd807cb63131377258f4ef45b361e221226f2df5974c044ddba3866,Q9GZR2,False,ERN1,977,22c28aa52b53dd8141c2770fa4a08a2acda67e6a17447dc5281cf52e0528390f,O75460,original_six,False,-3.1180034478505454,-3.3409668604532876,0.18159502744674683,-10.996016502380371,-9.53299331665039,-12.695256233215332,-11.074755350748697,518.0,417.0,398.0,554.0
low_plausibility,Q15084,U,False,False,A_compartment_separation,False,544,POLR1E,419,7c5e1151b70395415439bb17cfbd8c0b08e57cde760cc71f18da33599f67afc0,Q9GZS1,False,ERN1,977,22c28aa52b53dd8141c2770fa4a08a2acda67e6a17447dc5281cf52e0528390f,O75460,original_six,False,-3.379789113998413,-3.4805728594462075,0.17866283655166626,-14.372699737548828,-9.292433738708496,-12.914783477783203,-12.193305651346842,560.0,446.0,511.0,558.0
low_plausibility,Q15084,U,False,False,A_compartment_separation,False,545,DDX47,455,3e2f6a4033aba1e38db5cd336ade63322d14a72d1c18e4ea436784f05231263d,Q9H0S4,False,ERN1,977,22c28aa52b53dd8141c2770fa4a08a2acda67e6a17447dc5281cf52e0528390f,O75460,original_six,False,-3.119448264439901,-3.2122321923573813,0.30884793400764465,-11.551644325256348,-11.89832878112793,-8.538789749145508,-10.662920951843262,519.0,381.0,353.0,441.0
low_plausibility,Q15084,U,False,False,A_compartment_separation,False,546,TSPYL1,437,618049f4643dd01264b4653e0720d7de52069894cce3d86e26dcce744181e733,Q9H0U9,False,ERN1,977,22c28aa52b53dd8141c2770fa4a08a2acda67e6a17447dc5281cf52e0528390f,O75460,original_six,False,-2.9740963776906333,-4.095607280731201,0.24426229298114777,-11.947053909301758,-12.977766990661621,-12.567614555358887,-12.497478485107422,479.0,534.0,530.0,512.0
low_plausibility,Q15084,U,False,False,A_compartment_separation,False,547,ALX4,411,701d32cdcc5c96168a4bac72c71dea4335ca272c7c5d4d1f3799bfa2ec58e180,Q9H161,False,ERN1,977,22c28aa52b53dd8141c2770fa4a08a2acda67e6a17447dc5281cf52e0528390f,O75460,original_six,False,-2.314799944559733,-0.7145685652891794,0.25803834199905396,-11.963375091552734,-11.504416465759277,-11.538715362548828,-11.668835639953613,267.0,12.0,459.0,489.0
low_plausibility,Q15084,U,False,False,A_compartment_separation,False,548,BRF2,419,9ad4c07db22299e10a34d49ca8ae0abd45151bc8d205e83894358b16cdf29d9a,Q9HAW0,False,ERN1,977,22c28aa52b53dd8141c2770fa4a08a2acda67e6a17447dc5281cf52e0528390f,O75460,original_six,False,-2.1465657552083335,-2.797822912534078,0.3157440423965454,-12.627523422241211,-10.696920394897461,-13.937274932861328,-12.420572916666666,223.0,289.0,527.0,437.0
low_plausibility,Q15084,U,False,False,A_compartment_separation,False,549,ELL3,397,c86ffbd06333abddc54acfeeb06b2ae5c17544d1c321f56be84267dbc0e795d6,Q9HB65,False,ERN1,977,22c28aa52b53dd8141c2770fa4a08a2acda67e6a17447dc5281cf52e0528390f,O75460,original_six,False,-2.073471109072367,-2.084756096204122,0.422488272190094,-9.180228233337402,-10.588147163391113,-13.357698440551758,-11.042024612426758,200.0,137.0,394.0,360.0
low_plausibility,Q15084,U,False,False,A_compartment_separation,False,550,METTL14,456,cc77d21e8d797ca19fe9f6ff2ce35e75ebd4a52cf6e2ab12bd96c25d619afd0f,Q9HCE5,False,ERN1,977,22c28aa52b53dd8141c2770fa4a08a2acda67e6a17447dc5281cf52e0528390f,O75460,original_six,False,-2.2043089469273887,-2.5868669748306274,0.32622116804122925,-11.221128463745117,-11.642679214477539,-9.875428199768066,-10.913078625996908,239.0,249.0,383.0,427.0
low_plausibility,Q15084,U,False,False,A_compartment_separation,False,551,TMLHE,421,e9d527a9dd0abe7f68ca14e5cf90e8bdd888d05f8e93855aa34a592fd56b4a62,Q9NVH6,False,ERN1,977,22c28aa52b53dd8141c2770fa4a08a2acda67e6a17447dc5281cf52e0528390f,O75460,original_six,False,-1.942540446917216,-3.591377019882202,0.5031954050064087,-10.302973747253418,-7.745820045471191,-11.449454307556152,-9.832749366760254,164.0,468.0,258.0,306.0
low_plausibility,Q15084,U,False,False,A_compartment_separation,False,552,CWC25,425,f64f0f14754d0d740262b0fc68757c37bd5ec68b56cedfe0154d027cd9b95095,Q9NXE8,False,ERN1,977,22c28aa52b53dd8141c2770fa4a08a2acda67e6a17447dc5281cf52e0528390f,O75460,original_six,False,-2.9184607664744058,-4.04186487197876,0.08444896340370178,-15.61368179321289,-13.785378456115723,-16.53569984436035,-15.311586697896322,469.0,530.0,603.0,604.0
low_plausibility,Q15084,U,False,False,A_compartment_separation,False,553,MBD2,411,61b59a0d265f6e36d188a804f8421ae8a3e1fd67d7c37995d41a393fef53b186,Q9UBB5,False,ERN1,977,22c28aa52b53dd8141c2770fa4a08a2acda67e6a17447dc5281cf52e0528390f,O75460,original_six,False,-1.5356826782226562,-3.3503530820210776,0.31923699378967285,-13.113668441772461,-12.045758247375488,-15.01724910736084,-13.39222526550293,72.0,422.0,573.0,432.0
low_plausibility,Q15084,U,False,False,A_compartment_separation,False,554,NARF,456,88faf7359c47b5d7bb22d15ad893ebe9a963a147d43992fcc997bc1534bd4249,Q9UHQ1,False,ERN1,977,22c28aa52b53dd8141c2770fa4a08a2acda67e6a17447dc5281cf52e0528390f,O75460,original_six,False,-2.8890199661254883,-3.344394048055013,0.5526211857795715,-11.74311351776123,-5.445480823516846,-7.425992965698242,-8.204862435658773,462.0,419.0,92.0,279.0
low_plausibility,P61619,U,False,False,A_compartment_separation,False,555,RNMT,476,7fd695051f4714fd112549120204664c26e64d7031b27b5ac19b5bcde843d5b9,O43148,False,ERN1,977,22c28aa52b53dd8141c2770fa4a08a2acda67e6a17447dc5281cf52e0528390f,O75460,original_six,False,-3.931959629058838,-2.794281085332235,0.3450215756893158,-13.42396068572998,-7.798131465911865,-11.23440170288086,-10.818831284840902,597.0,288.0,371.0,410.0
low_plausibility,P61619,U,False,False,A_compartment_separation,False,556,PRPF4,522,f5bb74725288a680e01c88d87d9983ad70cd8203b42fb16858cd5d41563e70cf,O43172,False,ERN1,977,22c28aa52b53dd8141c2770fa4a08a2acda67e6a17447dc5281cf52e0528390f,O75460,original_six,False,-2.531548261642456,-2.591705322265625,0.2560651898384094,-11.174001693725586,-11.905571937561035,-9.64429759979248,-10.907957077026367,341.0,253.0,382.0,492.0
low_plausibility,P61619,U,False,False,A_compartment_separation,False,557,HBP1,514,823f4c425d8a41fed3627c84168a81903594fdeb3f468ad24e487ba207038376,O60381,False,ERN1,977,22c28aa52b53dd8141c2770fa4a08a2acda67e6a17447dc5281cf52e0528390f,O75460,original_six,False,-2.1583238442738852,-2.8043383757273355,0.31066539883613586,-12.358864784240723,-12.314956665039062,-7.916737079620361,-10.863519509633383,226.0,294.0,374.0,440.0
low_plausibility,P61619,U,False,False,A_compartment_separation,False,558,PMPCB,489,348ed3496300355ed140270647c52b775421d1fef5e7a1cc17517b8f3747485e,O75439,False,ERN1,977,22c28aa52b53dd8141c2770fa4a08a2acda67e6a17447dc5281cf52e0528390f,O75460,original_six,False,-2.841367165247599,-3.2265007495880127,0.46246013045310974,-6.674693584442139,-5.1250739097595215,-8.149354934692383,-6.649707476298015,445.0,388.0,24.0,333.0
low_plausibility,P61619,U,False,False,A_compartment_separation,False,559,UBXN7,489,085de6dc40e55665d05410998e7a52e4138915b8053dce023218ac25130a4339,O94888,False,ERN1,977,22c28aa52b53dd8141c2770fa4a08a2acda67e6a17447dc5281cf52e0528390f,O75460,original_six,False,-1.9082835912704468,-2.437948783238729,0.7344765067100525,-13.40877914428711,-12.228093147277832,-14.883951187133789,-13.506941159566244,149.0,212.0,578.0,50.0
low_plausibility,P61619,U,False,False,A_compartment_separation,False,560,DERPC,524,88be69c5a9b6427850f626f6f2a149b85e6d65c0cab365656ded107f7fa5914e,P0CG12,False,ERN1,977,22c28aa52b53dd8141c2770fa4a08a2acda67e6a17447dc5281cf52e0528390f,O75460,original_six,False,-2.4563118616739907,-2.6043899059295654,0.25688233971595764,-10.828338623046875,-11.972028732299805,-8.37249755859375,-10.390954971313477,310.0,255.0,325.0,491.0
low_plausibility,P61619,U,False,False,A_compartment_separation,False,561,SRF,508,f4f34eb7c0c143a13c72d93e78245d10ce868664357fe7d6a09789880398633e,P11831,False,ERN1,977,22c28aa52b53dd8141c2770fa4a08a2acda67e6a17447dc5281cf52e0528390f,O75460,original_six,False,-2.367727597554525,-1.9350368579228718,0.2519974708557129,-11.160985946655273,-8.873297691345215,-10.576569557189941,-10.203617731730143,287.0,113.0,300.0,498.0
low_plausibility,P61619,U,False,False,A_compartment_separation,False,562,PAX3,479,2bda27b070243018c7784a51f04a32f1d28ee1f40afbf98de9c18a8ccaf9698c,P23760,False,ERN1,977,22c28aa52b53dd8141c2770fa4a08a2acda67e6a17447dc5281cf52e0528390f,O75460,original_six,False,-1.2190159956614177,-1.4704309701919556,0.23382918536663055,-11.022697448730469,-10.350967407226562,-12.869699478149414,-11.414454778035482,38.0,56.0,440.0,518.0
low_plausibility,P61619,U,False,False,A_compartment_separation,False,563,CDC25C,473,d4b382d296f0824420b0315ece35e25386944565282417760704c6dca70e7165,P30307,False,ERN1,977,22c28aa52b53dd8141c2770fa4a08a2acda67e6a17447dc5281cf52e0528390f,O75460,original_six,False,-2.2703212896982827,-2.9614083766937256,0.33806532621383667,-13.213202476501465,-12.23250675201416,-14.596147537231445,-13.347285588582357,252.0,322.0,571.0,417.0
low_plausibility,P61619,U,False,False,A_compartment_separation,False,564,RORA,523,c904032d7c1bef636ab28dd7cd9e2033caf219515b2a921433a7ac0ade7e395c,P35398,False,ERN1,977,22c28aa52b53dd8141c2770fa4a08a2acda67e6a17447dc5281cf52e0528390f,O75460,original_six,False,-2.15733273824056,-1.5997039079666138,0.4768981635570526,-11.923276901245117,-14.310441017150879,-7.953437805175781,-11.395718574523926,225.0,69.0,438.0,322.0
low_plausibility,P61619,U,False,False,A_compartment_separation,False,565,FUS,526,4a254ab17fd6e25c6ef061a6a774d2f2083dc87d233eddcad9727fd306e733c0,P35637,False,ERN1,977,22c28aa52b53dd8141c2770fa4a08a2acda67e6a17447dc5281cf52e0528390f,O75460,original_six,False,-0.5097908874352773,-1.6239543358484905,0.2993774712085724,-8.991435050964355,-8.87850570678711,-11.5818452835083,-9.817262013753256,4.0,71.0,257.0,446.0
low_plausibility,P61619,U,False,False,A_compartment_separation,False,566,SOX9,509,62a4d1c87b62b80dad8fa6296f995ea2078153d2c0912ab6cc73c1cbdca2e492,P48436,False,ERN1,977,22c28aa52b53dd8141c2770fa4a08a2acda67e6a17447dc5281cf52e0528390f,O75460,original_six,False,-1.9246049324671428,-2.8195462226867676,0.24787981808185577,-12.252232551574707,-11.498010635375977,-14.101258277893066,-12.617167154947916,156.0,297.0,536.0,507.0
low_plausibility,P61619,U,False,False,A_compartment_separation,False,567,POLD2,469,bf61fb61c92fa42d0e1fd10eaea77cc9eefb3e3baaefd15b1f8a494e6aa58a33,P49005,False,ERN1,977,22c28aa52b53dd8141c2770fa4a08a2acda67e6a17447dc5281cf52e0528390f,O75460,original_six,False,-2.4618801275889077,-2.278995156288147,0.486579954624176,-9.242679595947266,-11.621894836425781,-12.914220809936523,-11.25959841410319,313.0,176.0,424.0,317.0
low_plausibility,P61619,U,False,False,A_compartment_separation,False,568,CLK2,499,c1d8460d5126247ab038e25728de72367a0b8b3a5cad88ce58627800b516b936,P49760,False,ERN1,977,22c28aa52b53dd8141c2770fa4a08a2acda67e6a17447dc5281cf52e0528390f,O75460,original_six,False,-1.008337140083313,-1.371868630250295,0.3188798725605011,-9.823577880859375,-7.11476469039917,-9.253830909729004,-8.730724493662516,21.0,45.0,136.0,433.0
low_plausibility,P61619,U,False,False,A_compartment_separation,False,569,RORC,518,262c7bcde1c365985448d0e69a77135df1680783066e7f72dfb907bead316982,P51449,False,ERN1,977,22c28aa52b53dd8141c2770fa4a08a2acda67e6a17447dc5281cf52e0528390f,O75460,original_six,False,-2.420730988184611,-2.056135336558024,0.42887264490127563,-12.843152046203613,-14.002124786376953,-12.734416007995605,-13.193230946858725,302.0,131.0,566.0,357.0
low_plausibility,P61619,U,False,False,A_compartment_separation,False,570,FOXA1,472,ae6d66376c9002dee8ec1522e8a329044ce4e40429c63d2b78def99c98c5e9d2,P55317,False,ERN1,977,22c28aa52b53dd8141c2770fa4a08a2acda67e6a17447dc5281cf52e0528390f,O75460,original_six,False,-1.5158926645914714,-1.8084168036778767,0.28044652938842773,-9.278923034667969,-11.418238639831543,-15.14983081817627,-11.948997497558594,70.0,94.0,488.0,469.0
low_plausibility,P61619,U,False,False,A_compartment_separation,False,571,RRP1,461,f3ef5733e4202191ee8ec3d0af1c4059352f92ec1f8c43269d789c7687bfacaa,P56182,False,ERN1,977,22c28aa52b53dd8141c2770fa4a08a2acda67e6a17447dc5281cf52e0528390f,O75460,original_six,False,-4.2609788576761884,-5.439314683278401,0.2513329088687897,-5.51604700088501,-11.263628005981445,-10.828444480895996,-9.202706495920816,603.0,601.0,194.0,499.0
low_plausibility,P61619,U,False,False,A_compartment_separation,False,572,SRSF4,494,e1d642cb550ec3a375be6b5eee6dc2f95d4254bea14450363e951eef162459d8,Q08170,False,ERN1,977,22c28aa52b53dd8141c2770fa4a08a2acda67e6a17447dc5281cf52e0528390f,O75460,original_six,False,-2.4665726820627847,-3.923014243443807,0.2811262309551239,-8.831395149230957,-8.95578384399414,-7.997610569000244,-8.594929854075113,318.0,514.0,117.0,467.0
low_plausibility,P61619,U,False,False,A_compartment_separation,False,573,PMPCA,525,12c8c75db3a2d70eefe56ffadf80b9b611c72b0a3d99091c96c2f0506005edc1,Q10713,False,ERN1,977,22c28aa52b53dd8141c2770fa4a08a2acda67e6a17447dc5281cf52e0528390f,O75460,original_six,False,-3.246302843093872,-3.372391621271769,0.4930524528026581,-8.217696189880371,-8.438115119934082,-7.308473587036133,-7.988094965616862,540.0,424.0,76.0,312.0
low_plausibility,P61619,U,False,False,A_compartment_separation,False,574,SF3A3,501,f52091aaecb90ac0cc772a0c66c28eaf19cde30c99cee6e0a86f3ad98296e01e,Q12874,False,ERN1,977,22c28aa52b53dd8141c2770fa4a08a2acda67e6a17447dc5281cf52e0528390f,O75460,original_six,False,-1.9793425401051838,-2.4572461446126304,0.16639001667499542,-10.131516456604004,-12.422801971435547,-10.828137397766113,-11.127485275268555,180.0,217.0,406.0,565.0
low_plausibility,P61619,U,False,False,A_compartment_separation,False,575,HDAC1,482,7289cbc54521bc202bb99244e249eff3fd381af091772ac7e1cfdbd1b155c545,Q13547,False,ERN1,977,22c28aa52b53dd8141c2770fa4a08a2acda67e6a17447dc5281cf52e0528390f,O75460,original_six,False,-2.3275093237559,-2.3655174175898233,0.3571352958679199,-12.014192581176758,-9.164801597595215,-8.914129257202148,-10.031041145324707,271.0,194.0,280.0,400.0
low_plausibility,P61619,U,False,False,A_compartment_separation,False,576,VEZF1,521,d0d8c9453e49c836f09b3952757855b08af0f87885e28bfae27d36a3cac357e6,Q14119,False,ERN1,977,22c28aa52b53dd8141c2770fa4a08a2acda67e6a17447dc5281cf52e0528390f,O75460,original_six,False,-2.9898197650909424,-4.244220733642578,0.20981821417808533,-10.250725746154785,-12.357919692993164,-13.32232666015625,-11.976990699768066,486.0,547.0,491.0,534.0
low_plausibility,P61619,U,False,False,A_compartment_separation,False,577,NONO,471,fd19b5ff83afac35c7eb51d5e79d6991972944391afa5d875bf60ac155f40089,Q15233,False,ERN1,977,22c28aa52b53dd8141c2770fa4a08a2acda67e6a17447dc5281cf52e0528390f,O75460,original_six,False,-2.2937124570210776,-2.4780844847361245,0.13047917187213898,-12.478631019592285,-13.06937026977539,-12.317296981811523,-12.621766090393066,264.0,220.0,538.0,590.0
low_plausibility,P61619,U,False,False,A_compartment_separation,False,578,SF3A2,464,d1fce4fbd291337f5ca9806c5e3fd7b8daa8b6fd682fe71874889355968e91b6,Q15428,False,ERN1,977,22c28aa52b53dd8141c2770fa4a08a2acda67e6a17447dc5281cf52e0528390f,O75460,original_six,False,-1.6439977089564006,-3.380330244700114,0.2235730141401291,-9.806803703308105,-10.90651798248291,-8.703057289123535,-9.80545965830485,92.0,428.0,254.0,526.0
low_plausibility,P61619,U,False,False,A_compartment_separation,False,579,ZSCAN26,478,6ac67f9665206358c30f51a0d474495d12975a9bb17dec9375de4b4589045773,Q16670,False,ERN1,977,22c28aa52b53dd8141c2770fa4a08a2acda67e6a17447dc5281cf52e0528390f,O75460,original_six,False,-2.6995928287506104,-3.009040911992391,0.2837196886539459,-9.610763549804688,-8.624860763549805,-8.21627140045166,-8.817298571268717,402.0,336.0,146.0,463.0
low_plausibility,P61619,U,False,False,A_compartment_separation,False,580,ZNF385B,471,8b12a0d40df09f40121649c35cd39264530b114aaa8df742045b9302b1fd2173,Q569K4,False,ERN1,977,22c28aa52b53dd8141c2770fa4a08a2acda67e6a17447dc5281cf52e0528390f,O75460,original_six,False,-3.036825100580851,-2.9209585984547934,0.08876912295818329,-10.607995986938477,-7.955534934997559,-12.45318603515625,-10.338905652364096,499.0,313.0,318.0,602.0
low_plausibility,P61619,U,False,False,A_compartment_separation,False,581,CCDC174,467,039588b42955e34912f489957ec49b2c2116653d2c9be791c53a4763d25485f8,Q6PII3,False,ERN1,977,22c28aa52b53dd8141c2770fa4a08a2acda67e6a17447dc5281cf52e0528390f,O75460,original_six,False,-1.6898285547892253,-2.191420396169027,0.10276462137699127,-13.692273139953613,-10.260135650634766,-14.227205276489258,-12.726538022359213,97.0,159.0,546.0,600.0
low_plausibility,P61619,U,False,False,A_compartment_separation,False,582,SMARCD3,483,7b49ceef71c89aefb72296a0fc09418a260cbc787bb3e52e845bb1b0686bf255,Q6STE5,False,ERN1,977,22c28aa52b53dd8141c2770fa4a08a2acda67e6a17447dc5281cf52e0528390f,O75460,original_six,False,-2.057121475537618,-2.028585910797119,0.31865784525871277,-10.724705696105957,-10.194740295410156,-11.490923881530762,-10.803456624348959,196.0,129.0,370.0,434.0
low_plausibility,P61619,U,False,False,A_compartment_separation,False,583,AEBP2,517,019839260589fe81c66aeaf992a993c5ae90bd183e67442f28cac66c8c45136a,Q6ZN18,False,ERN1,977,22c28aa52b53dd8141c2770fa4a08a2acda67e6a17447dc5281cf52e0528390f,O75460,original_six,False,-1.738001028696696,-3.2136600812276206,0.35190752148628235,-13.22893238067627,-8.615663528442383,-10.42735767364502,-10.757317860921225,108.0,382.0,366.0,404.0
low_plausibility,P61619,U,False,False,A_compartment_separation,False,584,RIOX2,465,d8f34c554ba55b974515a8c43ba436b2955b902b7a0c484741370184e15e327d,Q8IUF8,False,ERN1,977,22c28aa52b53dd8141c2770fa4a08a2acda67e6a17447dc5281cf52e0528390f,O75460,original_six,False,-2.4355291525522866,-2.532878319422404,0.4017049968242645,-15.094993591308594,-10.001724243164062,-12.666173934936523,-12.58763058980306,306.0,232.0,534.0,373.0
low_plausibility,P61619,U,False,False,A_compartment_separation,False,585,PGBD5,524,c9e1948940948005c63192fb4bd0038633f542a5fc3afe24901cdaad57762a6e,Q8N414,False,ERN1,977,22c28aa52b53dd8141c2770fa4a08a2acda67e6a17447dc5281cf52e0528390f,O75460,original_six,False,-2.8844330310821533,-3.348580082257589,0.2855020761489868,-11.383292198181152,-10.180554389953613,-11.074471473693848,-10.879439353942871,461.0,421.0,376.0,461.0
low_plausibility,P61619,U,False,False,A_compartment_separation,False,586,PRPF31,499,c3d8d90268c7b76eddd0d702bd30c9f5c4b5892391eb470278130a106c0f312b,Q8WWY3,False,ERN1,977,22c28aa52b53dd8141c2770fa4a08a2acda67e6a17447dc5281cf52e0528390f,O75460,original_six,False,-2.2837796211242676,-3.285994052886963,0.25007596611976624,-13.38233470916748,-13.703740119934082,-11.532024383544922,-12.872699737548828,260.0,401.0,556.0,503.0
low_plausibility,P61619,U,False,False,A_compartment_separation,False,587,PRCC,491,c46466894cfb79037a4964fd73012f5ca6d99793805f66cedc37dfe2e0078269,Q92733,False,ERN1,977,22c28aa52b53dd8141c2770fa4a08a2acda67e6a17447dc5281cf52e0528390f,O75460,original_six,False,-1.0636945962905884,-1.302057107289632,0.08987564593553543,-10.039095878601074,-12.336186408996582,-16.082353591918945,-12.819211959838867,25.0,41.0,553.0,601.0
low_plausibility,P61619,U,False,False,A_compartment_separation,False,588,GPKOW,476,4b73d64b0465b0ed784b159cdfa81ed8eae4d6ca2d3bcfc241ede579e2daf865,Q92917,False,ERN1,977,22c28aa52b53dd8141c2770fa4a08a2acda67e6a17447dc5281cf52e0528390f,O75460,original_six,False,-2.031811793645223,-1.9023762146631877,0.1883533000946045,-9.023295402526855,-9.091300010681152,-12.04308795928955,-10.052561124165853,192.0,108.0,285.0,549.0
low_plausibility,P61619,U,False,False,A_compartment_separation,False,589,SAAL1,474,252ec3542ff6a4e3a3e7de068de40348b708e227d3cc0ced2b3bc3cca0c543ba,Q96ER3,False,ERN1,977,22c28aa52b53dd8141c2770fa4a08a2acda67e6a17447dc5281cf52e0528390f,O75460,original_six,False,-2.528080781300863,-3.223560094833374,0.6809664964675903,-7.662026405334473,-9.31397533416748,-9.006322860717773,-8.660774866739908,338.0,385.0,128.0,116.0
low_plausibility,P61619,U,False,False,A_compartment_separation,False,590,RNPC3,517,4c4c35b26aebb77cde4404bfb926fae7e3adadc50daa74d8ccddbc9c060e0db2,Q96LT9,False,ERN1,977,22c28aa52b53dd8141c2770fa4a08a2acda67e6a17447dc5281cf52e0528390f,O75460,original_six,False,-2.5536468823750815,-2.4931689898173013,0.14797480404376984,-11.859936714172363,-10.126429557800293,-13.147054672241211,-11.711140314737955,346.0,224.0,465.0,580.0
low_plausibility,P61619,U,False,False,A_compartment_separation,False,591,PNKP,521,97e6853e73fffc7cef35c2ea3bc257a8f498277dc7c3e71f3ef791e7847e6e70,Q96T60,False,ERN1,977,22c28aa52b53dd8141c2770fa4a08a2acda67e6a17447dc5281cf52e0528390f,O75460,original_six,False,-2.7765215237935386,-3.6511715253194175,0.4741430878639221,-8.583807945251465,-11.364624977111816,-13.301896095275879,-11.08344300587972,425.0,478.0,400.0,325.0
low_plausibility,P61619,U,False,False,A_compartment_separation,False,592,FOXC2,501,92d956e2a58c29114beaac367dcdfdc7fbf75f7b92cafd86c3487ac03961723c,Q99958,False,ERN1,977,22c28aa52b53dd8141c2770fa4a08a2acda67e6a17447dc5281cf52e0528390f,O75460,original_six,False,-2.733274221420288,-2.7575953006744385,0.2558088004589081,-12.57243824005127,-13.121644973754883,-14.802988052368164,-13.49902375539144,412.0,281.0,577.0,493.0
low_plausibility,P61619,U,False,False,A_compartment_separation,False,593,TBL1Y,522,9d08a5812ce326f773d7300c23559035b89e9eeb10ad69be88c87dfec11d645d,Q9BQ87,False,ERN1,977,22c28aa52b53dd8141c2770fa4a08a2acda67e6a17447dc5281cf52e0528390f,O75460,original_six,False,-1.6451695760091145,-0.8005816141764323,0.35093066096305847,-10.361491203308105,-6.387653350830078,-7.766668319702148,-8.171937624613443,93.0,13.0,88.0,407.0
low_plausibility,P61619,U,False,False,A_compartment_separation,False,594,HEMGN,484,d670076aa200bd4cabcf305f135b3291ba958b527eb318c75486010704a96a88,Q9BXL5,False,ERN1,977,22c28aa52b53dd8141c2770fa4a08a2acda67e6a17447dc5281cf52e0528390f,O75460,original_six,False,-2.0481009085973105,-2.392918268839518,0.2659756541252136,-11.214192390441895,-9.271442413330078,-7.799360275268555,-9.42833169301351,195.0,200.0,213.0,477.0
low_plausibility,P61619,U,False,False,A_compartment_separation,False,595,SPRTN,489,76811dddf2fbfceda97f9c9a291413c847928080131be8bb7c7ceab663834ef5,Q9H040,False,ERN1,977,22c28aa52b53dd8141c2770fa4a08a2acda67e6a17447dc5281cf52e0528390f,O75460,original_six,False,-1.8915242354075115,-1.7747957309087117,0.1809310019016266,-13.784154891967773,-10.798604965209961,-11.869063377380371,-12.150607744852701,144.0,87.0,506.0,556.0
low_plausibility,P61619,U,False,False,A_compartment_separation,False,596,RNF38,515,84133503cf3d70b9d92257e336f332b7c5f99ad7d81caa26f3021d6be7c954c4,Q9H0F5,False,ERN1,977,22c28aa52b53dd8141c2770fa4a08a2acda67e6a17447dc5281cf52e0528390f,O75460,original_six,False,-2.4970165888468423,-3.8555830319722495,0.35722479224205017,-10.124481201171875,-12.562464714050293,-11.050965309143066,-11.245970408121744,324.0,505.0,422.0,399.0
low_plausibility,P61619,U,False,False,A_compartment_separation,False,597,NELFA,528,4169b264629ae922fc535b1a1e4f249aba2b4be356fb579da190a01fd70fe8c8,Q9H3P2,False,ERN1,977,22c28aa52b53dd8141c2770fa4a08a2acda67e6a17447dc5281cf52e0528390f,O75460,original_six,False,-1.6173434654871623,-1.889116605122884,0.28743651509284973,-10.187644958496094,-10.501545906066895,-10.382729530334473,-10.357306798299154,87.0,105.0,321.0,460.0
low_plausibility,P61619,U,False,False,A_compartment_separation,False,598,NLE1,485,7c8f752729c67c76ecb7569c024651ddfebb41f3bac854c9c9de2031c77df212,Q9NVX2,False,ERN1,977,22c28aa52b53dd8141c2770fa4a08a2acda67e6a17447dc5281cf52e0528390f,O75460,original_six,False,-2.6309894720713296,-2.538670301437378,0.5362359285354614,-10.794245719909668,-14.220988273620605,-5.55051851272583,-10.188584168752035,377.0,233.0,298.0,293.0
low_plausibility,P61619,U,False,False,A_compartment_separation,False,599,GPATCH2,528,797b015fbe6824ab6caa86a660f321c84a6a7ea15ffd910df8bab1b60aae8e23,Q9NW75,False,ERN1,977,22c28aa52b53dd8141c2770fa4a08a2acda67e6a17447dc5281cf52e0528390f,O75460,original_six,False,-3.0440876483917236,-4.011861085891724,0.1898076981306076,-10.99398422241211,-10.298542976379395,-10.994708061218262,-10.762411753336588,500.0,524.0,367.0,548.0
low_plausibility,P61619,U,False,False,A_compartment_separation,False,600,NUFIP1,495,4d2abc2423032fb0bc2fe39bb3235eecfa97229e0be14dc39e2351f7184ca9e8,Q9UHK0,False,ERN1,977,22c28aa52b53dd8141c2770fa4a08a2acda67e6a17447dc5281cf52e0528390f,O75460,original_six,False,-3.1237308979034424,-3.5723086992899575,0.13170991837978363,-12.037797927856445,-10.928619384765625,-16.20647430419922,-13.05763053894043,520.0,464.0,563.0,589.0
low_plausibility,P61619,U,False,False,A_compartment_separation,False,601,ZNF639,485,c64c393e6bf2f05a09f4e14744ae1ca1c35b2b3a39d4f9df5e1b30679150a7f0,Q9UID6,False,ERN1,977,22c28aa52b53dd8141c2770fa4a08a2acda67e6a17447dc5281cf52e0528390f,O75460,original_six,False,-1.2518784205118816,-1.002368450164795,0.3748299479484558,-9.242713928222656,-10.23910140991211,-8.907617568969727,-9.463144302368164,43.0,19.0,217.0,390.0
low_plausibility,P61619,U,False,False,A_compartment_separation,False,602,CCNL1,526,1cdf14055b2d1e8b3ea149ab261d02ddc5b3bfaeaf48ad12b5d12d94a8446b1c,Q9UK58,False,ERN1,977,22c28aa52b53dd8141c2770fa4a08a2acda67e6a17447dc5281cf52e0528390f,O75460,original_six,False,-2.3316776752471924,-2.588909109433492,0.15070879459381104,-13.373404502868652,-11.876839637756348,-13.042015075683594,-12.764086405436197,272.0,251.0,549.0,577.0
low_plausibility,P61619,U,False,False,A_compartment_separation,False,603,TCFL5,500,91ec4977e5f1706f6a86c88fc2f334f2501b24ce78daa3a3ef6dd5b8ba7ee2bf,Q9UL49,False,ERN1,977,22c28aa52b53dd8141c2770fa4a08a2acda67e6a17447dc5281cf52e0528390f,O75460,original_six,False,-3.1260889371236167,-2.812771121660868,0.29481345415115356,-14.553353309631348,-8.951343536376953,-13.142425537109375,-12.215707461039225,521.0,295.0,512.0,452.0
low_plausibility,P61619,U,False,False,A_compartment_separation,False,604,HSF4,492,3ad3f5d5a84bbb104b687ec98bf9f353a1c7c9111aa8ee68ea65e6a34d7c203f,Q9ULV5,False,ERN1,977,22c28aa52b53dd8141c2770fa4a08a2acda67e6a17447dc5281cf52e0528390f,O75460,original_six,False,-1.5833552678426106,-2.0087900956471763,0.26438817381858826,-8.341376304626465,-13.002745628356934,-11.809711456298828,-11.051277796427408,79.0,126.0,396.0,481.0
