cohort,model,positive_subset,candidate_set,planned_targets,targets,omitted_targets,P,U,macro_P_vs_U_concordance,MAP,MRR,mean_first_positive_rank,total_recovered_P_at_5,target_success_count_at_5,macro_recall_at_5,macro_known_positive_precision_at_5,macro_EF_at_5,macro_NDCG_at_5,macro_target_success_at_5,total_recovered_P_at_10,target_success_count_at_10,macro_recall_at_10,macro_known_positive_precision_at_10,macro_EF_at_10,macro_NDCG_at_10,macro_target_success_at_10,total_recovered_P_at_20,target_success_count_at_20,macro_recall_at_20,macro_known_positive_precision_at_20,macro_EF_at_20,macro_NDCG_at_20,macro_target_success_at_20
all_twelve,ipin_baseline,all_P,context,12,12,,37,1850,0.6451851851851853,0.1081447143494923,0.20623860981003836,17.25,4.0,4.0,0.1111111111111111,0.06666666666666667,3.4000000000000004,0.09776640125474094,0.3333333333333333,7.0,6.0,0.19444444444444442,0.05833333333333333,2.975,0.13387850027972947,0.5,12.0,9.0,0.3263888888888889,0.049999999999999996,2.5500000000000003,0.18228278809194795,0.75
all_twelve,ipin_optimized,all_P,context,12,12,,37,1850,0.6986111111111112,0.17761173358022572,0.3435007742934572,15.75,7.0,5.0,0.19444444444444442,0.11666666666666665,5.95,0.1812612046786725,0.4166666666666667,13.0,9.0,0.3541666666666667,0.10833333333333334,5.5249999999999995,0.2546672264142548,0.75,14.0,9.0,0.3819444444444445,0.05833333333333334,2.975,0.2652353111502876,0.75
all_twelve,tuna_retrained,all_P,context,12,12,,37,1850,0.7220717592592593,0.16574592817616338,0.3501987777058446,11.75,8.0,7.0,0.21527777777777776,0.13333333333333333,6.800000000000001,0.19152859388449692,0.5833333333333334,9.0,8.0,0.24305555555555555,0.075,3.8250000000000006,0.203300841622816,0.6666666666666666,14.0,10.0,0.3819444444444445,0.05833333333333334,2.975,0.2529850982357522,0.8333333333333334
all_twelve,tuna_original,all_P,context,12,12,,37,1850,0.7286805555555556,0.2527856605006587,0.42261303511303505,13.25,9.0,6.0,0.24305555555555555,0.15,7.650000000000001,0.2524361755003813,0.5,13.0,8.0,0.3541666666666667,0.10833333333333334,5.5249999999999995,0.3049697439085704,0.6666666666666666,16.0,9.0,0.4375,0.06666666666666667,3.4000000000000004,0.3338044281089682,0.75
all_twelve,ipin_baseline,all_P,background,12,12,,37,1850,0.7206481481481481,0.10715044692087004,0.18444669130153,12.416666666666666,4.0,4.0,0.1111111111111111,0.06666666666666667,3.4000000000000004,0.08402874812337179,0.3333333333333333,9.0,7.0,0.24305555555555555,0.075,3.8250000000000006,0.14566252212063502,0.5833333333333334,12.0,9.0,0.3263888888888889,0.049999999999999996,2.5500000000000003,0.1759589000174447,0.75
all_twelve,ipin_optimized,all_P,background,12,12,,37,1850,0.7475925925925927,0.15826675710119403,0.2665369239939162,15.083333333333334,6.0,6.0,0.16666666666666666,0.09999999999999999,5.1000000000000005,0.13997758750031378,0.5,13.0,9.0,0.3541666666666667,0.10833333333333334,5.5249999999999995,0.22584866011484336,0.75,16.0,9.0,0.4375,0.06666666666666668,3.4,0.2559938240612153,0.75
all_twelve,tuna_retrained,all_P,background,12,12,,37,1850,0.7710300925925927,0.17493568215856856,0.30818833943833945,8.666666666666666,6.0,5.0,0.1597222222222222,0.10000000000000002,5.1000000000000005,0.1522605632920023,0.4166666666666667,10.0,9.0,0.2708333333333333,0.08333333333333333,4.250000000000001,0.20549290557724584,0.75,20.0,11.0,0.548611111111111,0.08333333333333336,4.249999999999999,0.30302034551373275,0.9166666666666666
all_twelve,tuna_original,all_P,background,12,12,,37,1850,0.8065277777777778,0.2564991002591574,0.4429241263122842,10.25,10.0,6.0,0.2708333333333333,0.16666666666666666,8.500000000000002,0.26756465821182734,0.5,12.0,8.0,0.3263888888888889,0.09999999999999999,5.1000000000000005,0.29363569854642485,0.6666666666666666,18.0,10.0,0.4930555555555555,0.075,3.8249999999999997,0.3538289991076062,0.8333333333333334
all_twelve,ipin_baseline,all_P,low_plausibility,12,12,,37,1850,0.8095023148148147,0.24805413963176584,0.49152167277167275,7.0,9.0,8.0,0.24305555555555555,0.15,7.650000000000001,0.25746475585610984,0.6666666666666666,12.0,10.0,0.3263888888888889,0.09999999999999999,5.1000000000000005,0.2958725424809518,0.8333333333333334,20.0,11.0,0.548611111111111,0.08333333333333336,4.25,0.37623157797912277,0.9166666666666666
all_twelve,ipin_optimized,all_P,low_plausibility,12,12,,37,1850,0.8170254629629631,0.3972464231377814,0.6103174603174603,8.833333333333334,16.0,9.0,0.4375,0.2666666666666667,13.6,0.43654890385831996,0.75,18.0,9.0,0.4930555555555556,0.15,7.6499999999999995,0.46225118951048927,0.75,21.0,10.0,0.576388888888889,0.08750000000000001,4.4625,0.49239635345686117,0.8333333333333334
all_twelve,tuna_retrained,all_P,low_plausibility,12,12,,37,1850,0.8478125,0.36879412910536463,0.5916666666666667,6.083333333333333,14.0,9.0,0.3819444444444444,0.2333333333333333,11.9,0.38340269783109254,0.75,19.0,11.0,0.5208333333333333,0.15833333333333335,8.075,0.44704485348915535,0.9166666666666666,25.0,11.0,0.6736111111111112,0.10416666666666667,5.3125,0.5020383892952096,0.9166666666666666
all_twelve,tuna_original,all_P,low_plausibility,12,12,,37,1850,0.8774537037037038,0.4748231882259489,0.6664631664631665,3.6666666666666665,17.0,8.0,0.4583333333333334,0.2833333333333333,14.450000000000001,0.4756264468574784,0.6666666666666666,24.0,11.0,0.638888888888889,0.20000000000000004,10.200000000000001,0.5579643564141507,0.9166666666666666,26.0,12.0,0.6944444444444443,0.10833333333333335,5.5249999999999995,0.5771390767020268,1.0
all_twelve,ipin_baseline,all_P,context_background,12,12,,37,3700,0.6829166666666667,0.05755871362070399,0.10513336574069095,28.666666666666668,3.0,3.0,0.08333333333333333,0.05000000000000001,5.05,0.05323783800103945,0.25,4.0,4.0,0.1111111111111111,0.03333333333333333,3.3666666666666667,0.06627335816833824,0.3333333333333333,9.0,7.0,0.24305555555555555,0.037500000000000006,3.7874999999999996,0.11234877050036522,0.5833333333333334
all_twelve,ipin_optimized,all_P,context_background,12,12,,37,3700,0.7231018518518518,0.10970554835857287,0.21917015051114394,29.833333333333332,3.0,3.0,0.08333333333333333,0.05000000000000001,5.05,0.0884535456628739,0.25,7.0,5.0,0.19444444444444442,0.05833333333333333,5.891666666666667,0.13896359922066107,0.4166666666666667,13.0,9.0,0.3541666666666667,0.05416666666666667,5.470833333333332,0.19719798452638168,0.75
all_twelve,tuna_retrained,all_P,context_background,12,12,,37,3700,0.7465509259259259,0.11319923223053567,0.24825038138825326,19.416666666666668,4.0,3.0,0.10416666666666667,0.06666666666666667,6.733333333333333,0.10803379046056533,0.25,7.0,6.0,0.1875,0.05833333333333333,5.891666666666667,0.146072822402979,0.5,9.0,8.0,0.24305555555555555,0.0375,3.7875,0.1641822556713863,0.6666666666666666
all_twelve,tuna_original,all_P,context_background,12,12,,37,3700,0.7676041666666666,0.1902909819813899,0.3502710722406895,22.5,8.0,5.0,0.21527777777777776,0.13333333333333333,13.466666666666667,0.2099020226712857,0.4166666666666667,10.0,6.0,0.2708333333333333,0.08333333333333333,8.416666666666666,0.23354310008090073,0.5,13.0,8.0,0.3541666666666667,0.05416666666666667,5.470833333333332,0.26305686677705736,0.6666666666666666
all_twelve,ipin_baseline,all_P,all_U,12,12,,37,5550,0.7251118827160493,0.048140281035888764,0.09325862466766299,34.666666666666664,3.0,3.0,0.08333333333333333,0.05000000000000001,7.550000000000001,0.050526836625136885,0.25,4.0,4.0,0.1111111111111111,0.03333333333333333,5.033333333333334,0.06229908436345597,0.3333333333333333,7.0,6.0,0.19444444444444442,0.029166666666666664,4.404166666666667,0.0897867583648189,0.5
all_twelve,ipin_optimized,all_P,all_U,12,12,,37,5550,0.7544097222222222,0.1047344775064279,0.21541472007223605,37.666666666666664,3.0,3.0,0.08333333333333333,0.05000000000000001,7.550000000000001,0.0884535456628739,0.25,7.0,5.0,0.19444444444444442,0.05833333333333333,8.808333333333334,0.13732899210570979,0.4166666666666667,13.0,9.0,0.3541666666666667,0.05416666666666667,8.179166666666667,0.1942872821912326,0.75
all_twelve,tuna_retrained,all_P,all_U,12,12,,37,5550,0.7803047839506173,0.10610512426829666,0.23726143591339674,24.5,4.0,3.0,0.10416666666666667,0.06666666666666667,10.066666666666668,0.10532278908466279,0.25,7.0,6.0,0.1875,0.05833333333333333,8.808333333333334,0.14289390440812802,0.5,7.0,6.0,0.1875,0.029166666666666664,4.404166666666667,0.14289390440812802,0.5
all_twelve,tuna_original,all_P,all_U,12,12,,37,5550,0.8042206790123457,0.18358856395766174,0.34560047023732415,25.166666666666668,8.0,5.0,0.21527777777777776,0.13333333333333333,20.133333333333333,0.2099020226712857,0.4166666666666667,10.0,6.0,0.2708333333333333,0.08333333333333333,12.583333333333334,0.23354310008090073,0.5,11.0,7.0,0.2986111111111111,0.04583333333333334,6.920833333333334,0.24244650043604996,0.5833333333333334
all_twelve,ipin_baseline,exclude_development_P,context,12,12,,36,1850,0.6256481481481483,0.09876071758882408,0.17927782549631288,25.5,3.0,3.0,0.08333333333333333,0.05000000000000001,2.5500000000000003,0.07821312100379274,0.25,6.0,5.0,0.16666666666666666,0.049999999999999996,2.5500000000000003,0.11432522002878127,0.4166666666666667,11.0,8.0,0.2986111111111111,0.04583333333333334,2.3375000000000004,0.16272950784099974,0.6666666666666666
all_twelve,ipin_optimized,exclude_development_P,context,12,12,,36,1850,0.6812037037037038,0.17047423405495132,0.32393006722275014,20.916666666666668,6.0,4.0,0.16666666666666666,0.10000000000000002,5.1000000000000005,0.16441892580362685,0.3333333333333333,12.0,8.0,0.3263888888888889,0.09999999999999999,5.1000000000000005,0.2378249475392092,0.6666666666666666,13.0,8.0,0.3541666666666667,0.05416666666666667,2.7625000000000006,0.24839303227524198,0.6666666666666666
all_twelve,tuna_retrained,exclude_development_P,context,12,12,,36,1850,0.7112384259259259,0.16514243945397478,0.34949436515932675,16.166666666666668,8.0,7.0,0.21527777777777776,0.13333333333333333,6.800000000000001,0.19152859388449692,0.5833333333333334,9.0,8.0,0.24305555555555555,0.075,3.8250000000000006,0.203300841622816,0.6666666666666666,14.0,10.0,0.3819444444444445,0.05833333333333334,2.975,0.2529850982357522,0.8333333333333334
all_twelve,tuna_original,exclude_development_P,context,12,12,,36,1850,0.7155324074074074,0.24333414196216596,0.39613734066859063,18.333333333333332,8.0,5.0,0.21527777777777776,0.13333333333333333,6.800000000000001,0.23288289524943306,0.4166666666666667,12.0,7.0,0.3263888888888889,0.09999999999999999,5.1000000000000005,0.28541646365762224,0.5833333333333334,15.0,8.0,0.40972222222222227,0.0625,3.1875,0.31425114785802005,0.6666666666666666
all_twelve,ipin_baseline,exclude_development_P,background,12,12,,36,1850,0.7065740740740741,0.10143009287777797,0.16889113574597445,18.25,3.0,3.0,0.08333333333333333,0.05000000000000001,2.5500000000000003,0.06890026541192572,0.25,8.0,6.0,0.21527777777777776,0.06666666666666667,3.4000000000000004,0.13053403940918898,0.5,11.0,8.0,0.2986111111111111,0.04583333333333334,2.3375000000000004,0.16083041730599865,0.6666666666666666
all_twelve,ipin_optimized,exclude_development_P,background,12,12,,36,1850,0.7361111111111112,0.14870410477276758,0.24084247954947177,18.166666666666668,5.0,5.0,0.13888888888888887,0.08333333333333333,4.250000000000001,0.1204243072493656,0.4166666666666667,12.0,8.0,0.3263888888888889,0.09999999999999999,5.1000000000000005,0.20629537986389515,0.6666666666666666,15.0,8.0,0.40972222222222227,0.06250000000000001,3.1875,0.23644054381026705,0.6666666666666666
all_twelve,tuna_retrained,exclude_development_P,background,12,12,,36,1850,0.7622337962962962,0.17406107266834783,0.3071338383838384,11.833333333333334,6.0,5.0,0.1597222222222222,0.10000000000000002,5.1000000000000005,0.1522605632920023,0.4166666666666667,10.0,9.0,0.2708333333333333,0.08333333333333333,4.250000000000001,0.20549290557724584,0.75,20.0,11.0,0.548611111111111,0.08333333333333336,4.249999999999999,0.30302034551373275,0.9166666666666666
all_twelve,tuna_original,exclude_development_P,background,12,12,,36,1850,0.7956944444444445,0.2284871931551787,0.3612247799070554,14.416666666666666,9.0,5.0,0.24305555555555555,0.15000000000000002,7.650000000000001,0.22845809770993095,0.4166666666666667,11.0,7.0,0.2986111111111111,0.09166666666666667,4.675,0.2545291380445285,0.5833333333333334,17.0,9.0,0.46527777777777773,0.07083333333333335,3.6124999999999994,0.31472243860570986,0.75
all_twelve,ipin_baseline,exclude_development_P,low_plausibility,12,12,,36,1850,0.7990393518518517,0.2385607510463057,0.4653778819219996,11.0,8.0,7.0,0.21527777777777776,0.13333333333333333,6.800000000000001,0.2379114756051616,0.5833333333333334,11.0,9.0,0.2986111111111111,0.09166666666666666,4.675000000000001,0.27631926223000364,0.75,19.0,10.0,0.5208333333333334,0.07916666666666668,4.0375,0.35667829772817455,0.8333333333333334
all_twelve,ipin_optimized,exclude_development_P,low_plausibility,12,12,,36,1850,0.8060995370370371,0.3690633148711262,0.5298576902025177,11.166666666666666,15.0,8.0,0.40972222222222227,0.25000000000000006,12.75,0.3974423433564236,0.6666666666666666,17.0,8.0,0.46527777777777785,0.1416666666666667,7.2250000000000005,0.4231446290085929,0.6666666666666666,20.0,9.0,0.5486111111111112,0.08333333333333333,4.25,0.45328979295496485,0.75
all_twelve,tuna_retrained,exclude_development_P,low_plausibility,12,12,,36,1850,0.8375347222222222,0.36799256311908696,0.5906084656084656,10.083333333333334,14.0,9.0,0.3819444444444444,0.2333333333333333,11.9,0.38340269783109254,0.75,19.0,11.0,0.5208333333333333,0.15833333333333335,8.075,0.44704485348915535,0.9166666666666666,25.0,11.0,0.6736111111111112,0.10416666666666667,5.3125,0.5020383892952096,0.9166666666666666
all_twelve,tuna_original,exclude_development_P,low_plausibility,12,12,,36,1850,0.869675925925926,0.44670210814408456,0.5856550856550856,6.333333333333333,16.0,7.0,0.4305555555555556,0.26666666666666666,13.600000000000001,0.4365198863555821,0.5833333333333334,23.0,10.0,0.6111111111111112,0.19166666666666668,9.775,0.5188577959122543,0.8333333333333334,25.0,11.0,0.6666666666666666,0.10416666666666667,5.3125,0.5380325162001305,0.9166666666666666
all_twelve,ipin_baseline,exclude_development_P,context_background,12,12,,36,3700,0.6661111111111112,0.05351536110439004,0.09370208868441389,42.75,3.0,3.0,0.08333333333333333,0.05000000000000001,5.05,0.05323783800103945,0.25,3.0,3.0,0.08333333333333333,0.025000000000000005,2.525,0.05323783800103945,0.25,8.0,6.0,0.21527777777777776,0.03333333333333333,3.3666666666666667,0.09931325033306643,0.5
all_twelve,ipin_optimized,exclude_development_P,context_background,12,12,,36,3700,0.7086574074074073,0.10495034908339577,0.2060749124159058,38.083333333333336,3.0,3.0,0.08333333333333333,0.05000000000000001,5.05,0.0884535456628739,0.25,6.0,4.0,0.16666666666666666,0.05000000000000001,5.05,0.12503356130681087,0.3333333333333333,12.0,8.0,0.3263888888888889,0.049999999999999996,5.05,0.18326794661253146,0.6666666666666666
all_twelve,tuna_retrained,exclude_development_P,context_background,12,12,,36,3700,0.736736111111111,0.11283552195488293,0.24782121707963226,27.0,4.0,3.0,0.10416666666666667,0.06666666666666667,6.733333333333333,0.10803379046056533,0.25,7.0,6.0,0.1875,0.05833333333333333,5.891666666666667,0.146072822402979,0.5,9.0,8.0,0.24305555555555555,0.0375,3.7875,0.1641822556713863,0.6666666666666666
all_twelve,tuna_original,exclude_development_P,context_background,12,12,,36,3700,0.755613425925926,0.18091771131538134,0.32322428861495855,31.75,7.0,4.0,0.1875,0.11666666666666665,11.783333333333333,0.19034874242033753,0.3333333333333333,9.0,5.0,0.24305555555555555,0.07500000000000001,7.574999999999999,0.21398981982995258,0.4166666666666667,12.0,7.0,0.3263888888888889,0.049999999999999996,5.05,0.24350358652610912,0.5833333333333334
all_twelve,ipin_baseline,exclude_development_P,all_U,12,12,,36,5550,0.710420524691358,0.04499463630225053,0.08436809697182557,52.75,3.0,3.0,0.08333333333333333,0.05000000000000001,7.550000000000001,0.050526836625136885,0.25,3.0,3.0,0.08333333333333333,0.025000000000000005,3.7750000000000004,0.050526836625136885,0.25,6.0,5.0,0.16666666666666666,0.025000000000000005,3.7750000000000004,0.07801451062649983,0.4166666666666667
all_twelve,ipin_optimized,exclude_development_P,all_U,12,12,,36,5550,0.7411381172839505,0.10000440175064351,0.20215239759938727,48.25,3.0,3.0,0.08333333333333333,0.05000000000000001,7.550000000000001,0.0884535456628739,0.25,6.0,4.0,0.16666666666666666,0.05000000000000001,7.550000000000001,0.12339895419185959,0.3333333333333333,12.0,8.0,0.3263888888888889,0.049999999999999996,7.55,0.18035724427738242,0.6666666666666666
all_twelve,tuna_retrained,exclude_development_P,all_U,12,12,,36,5550,0.7703356481481481,0.1058519090369819,0.2369517211183878,36.083333333333336,4.0,3.0,0.10416666666666667,0.06666666666666667,10.066666666666668,0.10532278908466279,0.25,7.0,6.0,0.1875,0.05833333333333333,8.808333333333334,0.14289390440812802,0.5,7.0,6.0,0.1875,0.029166666666666664,4.404166666666667,0.14289390440812802,0.5
all_twelve,tuna_original,exclude_development_P,all_U,12,12,,36,5550,0.7936342592592593,0.17423875654388432,0.31839346871525415,37.083333333333336,7.0,4.0,0.1875,0.11666666666666665,17.616666666666667,0.19034874242033753,0.3333333333333333,9.0,5.0,0.24305555555555555,0.07500000000000001,11.324999999999998,0.21398981982995258,0.4166666666666667,10.0,6.0,0.2708333333333333,0.041666666666666664,6.291666666666667,0.22289322018510174,0.5
all_twelve,ipin_baseline,exclude_development_P_and_homomers,context,12,12,,35,1850,0.612314814814815,0.09697223433294953,0.17378332000180738,32.0,3.0,3.0,0.08333333333333333,0.05000000000000001,2.5500000000000003,0.07821312100379274,0.25,6.0,5.0,0.16666666666666666,0.049999999999999996,2.5500000000000003,0.11432522002878127,0.4166666666666667,10.0,7.0,0.27777777777777773,0.041666666666666664,2.1250000000000004,0.1541850796228146,0.5833333333333334
all_twelve,ipin_optimized,exclude_development_P_and_homomers,context,12,12,,35,1850,0.6677314814814815,0.1668535757588845,0.3106822039748869,31.25,6.0,4.0,0.16666666666666666,0.10000000000000002,5.1000000000000005,0.16441892580362685,0.3333333333333333,11.0,7.0,0.3055555555555555,0.09166666666666666,4.675000000000001,0.22623693257997787,0.5833333333333334,12.0,7.0,0.3333333333333333,0.049999999999999996,2.5500000000000003,0.23680501731601064,0.5833333333333334
all_twelve,tuna_retrained,exclude_development_P_and_homomers,context,12,12,,35,1850,0.6993981481481483,0.14406350345959826,0.26725752305406364,22.416666666666668,7.0,6.0,0.19444444444444442,0.11666666666666665,5.95,0.15899692305182175,0.5,8.0,7.0,0.2222222222222222,0.06666666666666667,3.4000000000000004,0.17076917079014084,0.5833333333333334,13.0,9.0,0.36111111111111116,0.05416666666666667,2.7624999999999997,0.22045342740307708,0.75
all_twelve,tuna_original,exclude_development_P_and_homomers,context,12,12,,35,1850,0.7043518518518518,0.22227401033808084,0.3139301334613835,24.416666666666668,7.0,4.0,0.19444444444444442,0.11666666666666665,5.95,0.20035122441675793,0.3333333333333333,11.0,6.0,0.3055555555555555,0.09166666666666667,4.675,0.2528847928249471,0.5,14.0,7.0,0.38888888888888884,0.05833333333333334,2.975,0.28171947702534494,0.5833333333333334
all_twelve,ipin_baseline,exclude_development_P_and_homomers,background,12,12,,35,1850,0.6931018518518518,0.09774914230358016,0.15605709917776067,24.333333333333332,3.0,3.0,0.08333333333333333,0.05000000000000001,2.5500000000000003,0.06890026541192572,0.25,7.0,5.0,0.19444444444444442,0.05833333333333333,2.975,0.11894602444995767,0.4166666666666667,10.0,7.0,0.27777777777777773,0.041666666666666664,2.1250000000000004,0.14924240234676733,0.5833333333333334
all_twelve,ipin_optimized,exclude_development_P_and_homomers,background,12,12,,35,1850,0.7238888888888888,0.14622825148876464,0.23228350040225734,27.333333333333332,5.0,5.0,0.13888888888888887,0.08333333333333333,4.250000000000001,0.1204243072493656,0.4166666666666667,11.0,7.0,0.3055555555555555,0.09166666666666666,4.675000000000001,0.1965023711341929,0.5833333333333334,14.0,7.0,0.3888888888888889,0.05833333333333334,2.975,0.2266475350805648,0.5833333333333334
all_twelve,tuna_retrained,exclude_development_P_and_homomers,background,12,12,,35,1850,0.7550462962962962,0.1527075280595597,0.22632575757575757,14.5,5.0,4.0,0.13888888888888887,0.08333333333333333,4.25,0.11972889245932715,0.3333333333333333,9.0,8.0,0.24999999999999997,0.075,3.8250000000000006,0.1729612347445707,0.6666666666666666,19.0,10.0,0.5277777777777777,0.07916666666666668,4.0375,0.2704886746810576,0.8333333333333334
all_twelve,tuna_original,exclude_development_P_and_homomers,background,12,12,,35,1850,0.791388888888889,0.2071338397098945,0.2807650097921129,16.75,8.0,4.0,0.2222222222222222,0.13333333333333333,6.800000000000001,0.19592642687725578,0.3333333333333333,10.0,6.0,0.27777777777777773,0.08333333333333333,4.250000000000001,0.22199746721185334,0.5,16.0,8.0,0.4444444444444444,0.06666666666666668,3.4,0.28219076777303465,0.6666666666666666
all_twelve,ipin_baseline,exclude_development_P_and_homomers,low_plausibility,12,12,,35,1850,0.7850462962962963,0.23418533546944076,0.449779591323709,17.083333333333332,7.0,6.0,0.19444444444444442,0.11666666666666665,5.95,0.2253265074195112,0.5,10.0,8.0,0.2777777777777778,0.08333333333333333,4.250000000000001,0.26373429404435317,0.6666666666666666,18.0,9.0,0.5,0.075,3.8249999999999997,0.34409332954252414,0.75
all_twelve,ipin_optimized,exclude_development_P_and_homomers,low_plausibility,12,12,,35,1850,0.7924537037037037,0.3647441541243226,0.5138576902025177,21.166666666666668,14.0,7.0,0.3888888888888889,0.23333333333333336,11.9,0.3848573751707732,0.5833333333333334,16.0,7.0,0.4444444444444445,0.13333333333333333,6.8,0.4105596608229425,0.5833333333333334,19.0,8.0,0.5277777777777778,0.07916666666666666,4.0375,0.44070482476931433,0.6666666666666666
all_twelve,tuna_retrained,exclude_development_P_and_homomers,low_plausibility,12,12,,35,1850,0.8334722222222223,0.3459536468027948,0.5156084656084656,10.833333333333334,13.0,8.0,0.36111111111111116,0.21666666666666665,11.049999999999999,0.35087102699841743,0.6666666666666666,19.0,11.0,0.5277777777777777,0.15833333333333335,8.213888888888887,0.4258175137758508,0.9166666666666666,24.0,11.0,0.6666666666666666,0.10000000000000002,5.238888888888889,0.4735025104960875,0.9166666666666666
all_twelve,tuna_original,exclude_development_P_and_homomers,low_plausibility,12,12,,35,1850,0.8692592592592594,0.4259927827472591,0.53009953009953,6.5,15.0,7.0,0.4166666666666667,0.25,13.027777777777779,0.40953086775126196,0.5833333333333334,22.0,10.0,0.6111111111111112,0.18333333333333335,9.766666666666667,0.4971854355049114,0.8333333333333334,24.0,11.0,0.6666666666666666,0.10000000000000002,5.308333333333333,0.5163601557927876,0.9166666666666666
all_twelve,ipin_baseline,exclude_development_P_and_homomers,context_background,12,12,,35,3700,0.6527083333333333,0.05225636050531244,0.08956555570172707,55.333333333333336,3.0,3.0,0.08333333333333333,0.05000000000000001,5.05,0.05323783800103945,0.25,3.0,3.0,0.08333333333333333,0.025000000000000005,2.525,0.05323783800103945,0.25,7.0,5.0,0.19444444444444442,0.029166666666666664,2.9458333333333333,0.09165500505234521,0.4166666666666667
all_twelve,ipin_optimized,exclude_development_P_and_homomers,context_background,12,12,,35,3700,0.6958101851851852,0.10338201060735523,0.20045855296890122,57.583333333333336,3.0,3.0,0.08333333333333333,0.05000000000000001,5.05,0.0884535456628739,0.25,6.0,4.0,0.16666666666666666,0.05000000000000001,5.05,0.12503356130681087,0.3333333333333333,11.0,7.0,0.3055555555555555,0.04583333333333333,4.6291666666666655,0.17494120440243685,0.5833333333333334
all_twelve,tuna_retrained,exclude_development_P_and_homomers,context_background,12,12,,35,3700,0.7272222222222222,0.09182516198527078,0.1652594886845705,35.916666666666664,3.0,2.0,0.08333333333333333,0.05000000000000001,5.05,0.07550211962789019,0.16666666666666666,6.0,5.0,0.16666666666666666,0.05000000000000001,5.05,0.11354115157030385,0.4166666666666667,8.0,7.0,0.2222222222222222,0.03333333333333333,3.3666666666666667,0.13165058483871114,0.5833333333333334
all_twelve,tuna_original,exclude_development_P_and_homomers,context_background,12,12,,35,3700,0.7478703703703703,0.1599162789744388,0.24070794874567755,40.166666666666664,6.0,3.0,0.16666666666666666,0.10000000000000002,10.1,0.15781707158766242,0.25,8.0,4.0,0.2222222222222222,0.06666666666666667,6.733333333333333,0.18145814899727744,0.3333333333333333,11.0,6.0,0.3055555555555555,0.04583333333333334,4.629166666666666,0.210971915693434,0.5
all_twelve,ipin_baseline,exclude_development_P_and_homomers,all_U,12,12,,35,5550,0.6968209876543209,0.0439778540648246,0.08091897157148066,71.41666666666667,3.0,3.0,0.08333333333333333,0.05000000000000001,7.550000000000001,0.050526836625136885,0.25,3.0,3.0,0.08333333333333333,0.025000000000000005,3.7750000000000004,0.050526836625136885,0.25,6.0,5.0,0.16666666666666666,0.025000000000000005,3.7750000000000004,0.07801451062649983,0.4166666666666667
all_twelve,ipin_optimized,exclude_development_P_and_homomers,all_U,12,12,,35,5550,0.7280246913580247,0.09879310730699913,0.1977467823066752,77.75,3.0,3.0,0.08333333333333333,0.05000000000000001,7.550000000000001,0.0884535456628739,0.25,6.0,4.0,0.16666666666666666,0.05000000000000001,7.550000000000001,0.12339895419185959,0.3333333333333333,11.0,7.0,0.3055555555555555,0.04583333333333333,6.920833333333334,0.1726989989966612,0.5833333333333334
all_twelve,tuna_retrained,exclude_development_P_and_homomers,all_U,12,12,,35,5550,0.762638888888889,0.08485565341995836,0.15433063849730516,45.75,3.0,2.0,0.08333333333333333,0.05000000000000001,7.550000000000001,0.07279111825198764,0.16666666666666666,6.0,5.0,0.16666666666666666,0.05000000000000001,7.550000000000001,0.11036223357545287,0.4166666666666667,6.0,5.0,0.16666666666666666,0.025000000000000005,3.7750000000000004,0.11036223357545287,0.4166666666666667
all_twelve,tuna_original,exclude_development_P_and_homomers,all_U,12,12,,35,5550,0.7883333333333334,0.1532406891521176,0.23586141743320285,45.666666666666664,6.0,3.0,0.16666666666666666,0.10000000000000002,15.1,0.15781707158766242,0.25,8.0,4.0,0.2222222222222222,0.06666666666666667,10.066666666666666,0.18145814899727744,0.3333333333333333,9.0,5.0,0.25,0.037500000000000006,5.662499999999999,0.19036154935242663,0.4166666666666667
all_twelve,ipin_baseline,exclude_prior_train_development_P,context,12,12,,34,1850,0.590277777777778,0.08446666469183,0.15231704118258738,33.75,2.0,2.0,0.05555555555555555,0.03333333333333333,1.7000000000000002,0.058659840752844555,0.16666666666666666,5.0,4.0,0.13888888888888887,0.041666666666666664,2.1250000000000004,0.09477193977783309,0.3333333333333333,9.0,7.0,0.24305555555555558,0.0375,1.9125000000000003,0.13226772840936846,0.5833333333333334
all_twelve,ipin_optimized,exclude_prior_train_development_P,context,12,12,,34,1850,0.6491666666666668,0.1316059238383265,0.24153306347743178,28.25,4.0,3.0,0.1111111111111111,0.06666666666666667,3.4000000000000004,0.11018388259028443,0.25,10.0,7.0,0.2708333333333333,0.08333333333333333,4.25,0.18358990432586678,0.5833333333333334,11.0,7.0,0.2986111111111111,0.04583333333333334,2.3375000000000004,0.19415798906189954,0.5833333333333334
all_twelve,tuna_retrained,exclude_prior_train_development_P,context,12,12,,34,1850,0.689386574074074,0.12351914168313603,0.26752715204457267,21.166666666666668,6.0,6.0,0.1597222222222222,0.09999999999999999,5.1000000000000005,0.13557975450755488,0.5,7.0,7.0,0.1875,0.05833333333333333,2.975,0.14735200224587397,0.5833333333333334,12.0,9.0,0.3263888888888889,0.05000000000000001,2.5500000000000003,0.19703625885881024,0.75
all_twelve,tuna_original,exclude_prior_train_development_P,context,12,12,,34,1850,0.6844212962962963,0.18780112415734287,0.31378439949212006,25.333333333333332,6.0,4.0,0.1597222222222222,0.09999999999999999,5.1000000000000005,0.16910284216704793,0.3333333333333333,10.0,6.0,0.2708333333333333,0.08333333333333333,4.250000000000001,0.22163641057523709,0.5,13.0,7.0,0.3541666666666667,0.05416666666666667,2.7624999999999997,0.25047109477563495,0.5833333333333334
all_twelve,ipin_baseline,exclude_prior_train_development_P,background,12,12,,34,1850,0.6700925925925927,0.08061217023946698,0.12803353056798092,26.666666666666668,2.0,2.0,0.05555555555555555,0.03333333333333333,1.7000000000000002,0.04422677283143695,0.16666666666666666,6.0,5.0,0.1597222222222222,0.049999999999999996,2.5500000000000003,0.09352380053845581,0.4166666666666667,9.0,7.0,0.24305555555555558,0.0375,1.9125000000000003,0.1238201784352655,0.5833333333333334
all_twelve,ipin_optimized,exclude_prior_train_development_P,background,12,12,,34,1850,0.7033333333333333,0.12557522890337366,0.20008160998425437,25.666666666666668,4.0,4.0,0.1111111111111111,0.06666666666666667,3.4000000000000004,0.09575081466887685,0.3333333333333333,10.0,7.0,0.2708333333333333,0.08333333333333333,4.25,0.1676918493695562,0.5833333333333334,13.0,7.0,0.3541666666666667,0.054166666666666675,2.7624999999999997,0.1978370133159281,0.5833333333333334
all_twelve,tuna_retrained,exclude_prior_train_development_P,background,12,12,,34,1850,0.732974537037037,0.11853092361685731,0.22484217171717172,18.416666666666668,4.0,4.0,0.10416666666666664,0.06666666666666667,3.4000000000000004,0.08848051020961716,0.3333333333333333,8.0,8.0,0.2152777777777778,0.06666666666666667,3.4000000000000004,0.14171285249486068,0.6666666666666666,18.0,10.0,0.4930555555555554,0.07500000000000001,3.8249999999999993,0.2392402924313476,0.8333333333333334
all_twelve,tuna_original,exclude_prior_train_development_P,background,12,12,,34,1850,0.7593981481481483,0.2035032141747564,0.3203831957486396,22.666666666666668,7.0,4.0,0.1875,0.11666666666666668,5.95,0.18865612241799612,0.3333333333333333,9.0,6.0,0.24305555555555555,0.075,3.8249999999999997,0.21472716275259365,0.5,15.0,8.0,0.40972222222222215,0.06250000000000001,3.1874999999999996,0.274920463313775,0.6666666666666666
all_twelve,ipin_baseline,exclude_prior_train_development_P,low_plausibility,12,12,,34,1850,0.7736689814814813,0.19229752353307816,0.38323502477914245,16.75,6.0,6.0,0.1597222222222222,0.09999999999999999,5.1000000000000005,0.17925163485231707,0.5,9.0,8.0,0.24305555555555558,0.075,3.8250000000000006,0.21765942147715908,0.6666666666666666,17.0,9.0,0.46527777777777773,0.07083333333333335,3.6124999999999994,0.29801845697532997,0.75
all_twelve,ipin_optimized,exclude_prior_train_development_P,low_plausibility,12,12,,34,1850,0.7796180555555555,0.3227974599751343,0.4476659093805999,17.166666666666668,13.0,7.0,0.3541666666666667,0.2166666666666667,11.049999999999999,0.33878250260357906,0.5833333333333334,15.0,7.0,0.40972222222222227,0.12500000000000003,6.375,0.3644847882557483,0.5833333333333334,18.0,8.0,0.4930555555555556,0.075,3.8249999999999997,0.3946299522021203,0.6666666666666666
all_twelve,tuna_retrained,exclude_prior_train_development_P,low_plausibility,12,12,,34,1850,0.8153125,0.3124803764593593,0.5086412524937115,15.083333333333334,12.0,8.0,0.3263888888888889,0.19999999999999998,10.200000000000001,0.31962264474870744,0.6666666666666666,17.0,10.0,0.4652777777777777,0.1416666666666667,7.224999999999999,0.38326480040677025,0.8333333333333334,23.0,10.0,0.6180555555555556,0.09583333333333333,4.8875,0.4382583362128245,0.8333333333333334
all_twelve,tuna_original,exclude_prior_train_development_P,low_plausibility,12,12,,34,1850,0.8381944444444445,0.3911685751396214,0.5032907445698144,13.416666666666666,14.0,6.0,0.375,0.2333333333333333,11.9,0.3727398332731969,0.5,21.0,9.0,0.5555555555555556,0.17500000000000002,8.924999999999999,0.4550777428298691,0.75,23.0,10.0,0.611111111111111,0.09583333333333333,4.8875,0.4742524631177453,0.8333333333333334
all_twelve,ipin_baseline,exclude_prior_train_development_P,context_background,12,12,,34,3700,0.6301851851851853,0.04330690879142602,0.0732772520831067,59.416666666666664,2.0,2.0,0.05555555555555555,0.03333333333333333,3.3666666666666667,0.036395559125993814,0.16666666666666666,2.0,2.0,0.05555555555555555,0.016666666666666666,1.6833333333333333,0.036395559125993814,0.16666666666666666,6.0,5.0,0.1597222222222222,0.024999999999999998,2.525,0.07309273072506517,0.4166666666666667
all_twelve,ipin_optimized,exclude_prior_train_development_P,context_background,12,12,,34,3700,0.6762499999999999,0.08489370819342155,0.16487120871220212,52.916666666666664,2.0,2.0,0.05555555555555555,0.03333333333333333,3.3666666666666667,0.06378005308238514,0.16666666666666666,4.0,3.0,0.1111111111111111,0.03333333333333333,3.3666666666666667,0.08858782098800301,0.25,10.0,7.0,0.2708333333333333,0.041666666666666664,4.208333333333333,0.14682220629372364,0.5833333333333334
all_twelve,tuna_retrained,exclude_prior_train_development_P,context_background,12,12,,34,3700,0.7111805555555555,0.07117723892336046,0.165083121841537,38.583333333333336,2.0,2.0,0.048611111111111105,0.03333333333333333,3.3666666666666667,0.05208495108362332,0.16666666666666666,5.0,5.0,0.13194444444444445,0.041666666666666664,4.208333333333333,0.09012398302603698,0.4166666666666667,7.0,7.0,0.1875,0.029166666666666664,2.9458333333333333,0.10823341629444429,0.5833333333333334
all_twelve,tuna_original,exclude_prior_train_development_P,context_background,12,12,,34,3700,0.7219097222222223,0.1559225289672578,0.2820080723987423,47.0,5.0,3.0,0.13194444444444445,0.08333333333333333,8.416666666666666,0.15054676712840273,0.25,7.0,4.0,0.1875,0.05833333333333334,5.891666666666666,0.17418784453801775,0.3333333333333333,10.0,6.0,0.2708333333333333,0.041666666666666664,4.208333333333333,0.2037016112341743,0.5
all_twelve,ipin_baseline,exclude_prior_train_development_P,all_U,12,12,,34,5550,0.6780131172839505,0.03496599210693966,0.06384001394374254,75.16666666666667,2.0,2.0,0.05555555555555555,0.03333333333333333,5.033333333333334,0.033684557750091264,0.16666666666666666,2.0,2.0,0.05555555555555555,0.016666666666666666,2.516666666666667,0.033684557750091264,0.16666666666666666,4.0,4.0,0.1111111111111111,0.016666666666666666,2.516666666666667,0.05196619883819609,0.3333333333333333
all_twelve,ipin_optimized,exclude_prior_train_development_P,all_U,12,12,,34,5550,0.7107060185185184,0.0805625611473856,0.16081641876340844,69.08333333333333,2.0,2.0,0.05555555555555555,0.03333333333333333,5.033333333333334,0.06378005308238514,0.16666666666666666,4.0,3.0,0.1111111111111111,0.03333333333333333,5.033333333333334,0.08742113049200018,0.25,10.0,7.0,0.2708333333333333,0.041666666666666664,6.291666666666667,0.14437942057752298,0.5833333333333334
all_twelve,tuna_retrained,exclude_prior_train_development_P,all_U,12,12,,34,5550,0.7458912037037037,0.06418936778285649,0.15403505445172114,52.666666666666664,2.0,2.0,0.048611111111111105,0.03333333333333333,5.033333333333334,0.04937394970772077,0.16666666666666666,5.0,5.0,0.13194444444444445,0.041666666666666664,6.291666666666667,0.086945065031186,0.4166666666666667,5.0,5.0,0.13194444444444445,0.020833333333333332,3.1458333333333335,0.086945065031186,0.4166666666666667
all_twelve,tuna_original,exclude_prior_train_development_P,all_U,12,12,,34,5550,0.7606712962962964,0.14924102597017336,0.27703544402389607,59.416666666666664,5.0,3.0,0.13194444444444445,0.08333333333333333,12.583333333333334,0.15054676712840273,0.25,7.0,4.0,0.1875,0.05833333333333334,8.808333333333332,0.17418784453801775,0.3333333333333333,8.0,5.0,0.2152777777777778,0.03333333333333333,5.033333333333334,0.18309124489316694,0.4166666666666667
all_twelve,ipin_baseline,exclude_prior_train_development_P_and_homomers,context,12,12,,33,1850,0.5769444444444446,0.08267818143595546,0.14682253568808187,40.25,2.0,2.0,0.05555555555555555,0.03333333333333333,1.7000000000000002,0.058659840752844555,0.16666666666666666,5.0,4.0,0.13888888888888887,0.041666666666666664,2.1250000000000004,0.09477193977783309,0.3333333333333333,8.0,6.0,0.2222222222222222,0.03333333333333333,1.7000000000000002,0.12372330019118333,0.5
all_twelve,ipin_optimized,exclude_prior_train_development_P_and_homomers,context,12,12,,33,1850,0.6356944444444445,0.12798526554225967,0.22828520022956852,38.583333333333336,4.0,3.0,0.1111111111111111,0.06666666666666667,3.4000000000000004,0.11018388259028443,0.25,9.0,6.0,0.25,0.075,3.8250000000000006,0.17200188936663544,0.5,10.0,6.0,0.2777777777777778,0.041666666666666664,2.1250000000000004,0.1825699741026682,0.5
all_twelve,tuna_retrained,exclude_prior_train_development_P_and_homomers,context,12,12,,33,1850,0.6775462962962964,0.1024402056887595,0.1852903099393095,27.416666666666668,5.0,5.0,0.13888888888888887,0.08333333333333333,4.250000000000001,0.10304808367487976,0.4166666666666667,6.0,6.0,0.16666666666666666,0.049999999999999996,2.5500000000000003,0.11482033141319882,0.5,11.0,8.0,0.3055555555555556,0.04583333333333334,2.3375,0.16450458802613507,0.6666666666666666
all_twelve,tuna_original,exclude_prior_train_development_P_and_homomers,context,12,12,,33,1850,0.6732407407407407,0.16674099253325778,0.23157719228491289,31.416666666666668,5.0,3.0,0.13888888888888887,0.08333333333333333,4.25,0.13657117133437277,0.25,9.0,5.0,0.25,0.075,3.8249999999999997,0.18910473974256195,0.4166666666666667,12.0,6.0,0.3333333333333333,0.05000000000000001,2.5500000000000003,0.21793942394295981,0.5
all_twelve,ipin_baseline,exclude_prior_train_development_P_and_homomers,background,12,12,,33,1850,0.6566203703703705,0.07693121966526917,0.11519949399976714,32.75,2.0,2.0,0.05555555555555555,0.03333333333333333,1.7000000000000002,0.04422677283143695,0.16666666666666666,5.0,4.0,0.13888888888888887,0.041666666666666664,2.1250000000000004,0.08193578557922451,0.3333333333333333,8.0,6.0,0.2222222222222222,0.03333333333333333,1.7000000000000002,0.11223216347603417,0.5
all_twelve,ipin_optimized,exclude_prior_train_development_P_and_homomers,background,12,12,,33,1850,0.6911111111111111,0.12309937561937073,0.19152263083703994,34.833333333333336,4.0,4.0,0.1111111111111111,0.06666666666666667,3.4000000000000004,0.09575081466887685,0.3333333333333333,9.0,6.0,0.25,0.075,3.8250000000000006,0.15789884063985393,0.5,12.0,6.0,0.3333333333333333,0.05000000000000001,2.5500000000000003,0.18804400458622583,0.5
all_twelve,tuna_retrained,exclude_prior_train_development_P_and_homomers,background,12,12,,33,1850,0.725787037037037,0.09717737900806918,0.1440340909090909,21.083333333333332,3.0,3.0,0.08333333333333333,0.05000000000000001,2.5500000000000003,0.055948839376942006,0.25,7.0,7.0,0.19444444444444442,0.05833333333333333,2.975,0.10918118166218556,0.5833333333333334,17.0,9.0,0.4722222222222221,0.07083333333333335,3.6124999999999994,0.20670862159867245,0.75
all_twelve,tuna_original,exclude_prior_train_development_P_and_homomers,background,12,12,,33,1850,0.7550925925925928,0.18214986072947217,0.23992342563369706,25.0,6.0,3.0,0.16666666666666666,0.09999999999999999,5.1000000000000005,0.15612445158532096,0.25,8.0,5.0,0.2222222222222222,0.06666666666666667,3.4000000000000004,0.18219549191991855,0.4166666666666667,14.0,7.0,0.38888888888888884,0.05833333333333335,2.9749999999999996,0.24238879248109982,0.5833333333333334
all_twelve,ipin_baseline,exclude_prior_train_development_P_and_homomers,low_plausibility,12,12,,33,1850,0.7596759259259258,0.18792210795621322,0.3676367341808518,22.833333333333332,5.0,5.0,0.13888888888888887,0.08333333333333333,4.250000000000001,0.16666666666666666,0.4166666666666667,8.0,7.0,0.22222222222222224,0.06666666666666667,3.4000000000000004,0.2050744532915086,0.5833333333333334,16.0,8.0,0.4444444444444444,0.06666666666666667,3.4,0.2854334887896796,0.6666666666666666
all_twelve,ipin_optimized,exclude_prior_train_development_P_and_homomers,low_plausibility,12,12,,33,1850,0.7659722222222222,0.31847829922833076,0.4316659093805999,27.166666666666668,12.0,6.0,0.3333333333333333,0.20000000000000004,10.200000000000001,0.32619753441792865,0.5,14.0,6.0,0.3888888888888889,0.11666666666666668,5.949999999999999,0.35189982007009796,0.5,17.0,7.0,0.47222222222222227,0.07083333333333333,3.6124999999999994,0.38204498401646975,0.5833333333333334
all_twelve,tuna_retrained,exclude_prior_train_development_P_and_homomers,low_plausibility,12,12,,33,1850,0.8112499999999999,0.2904414601430671,0.4336412524937115,15.833333333333334,11.0,7.0,0.3055555555555556,0.18333333333333332,9.35,0.2870909739160323,0.5833333333333334,17.0,10.0,0.4722222222222221,0.1416666666666667,7.363888888888887,0.3620374606934657,0.8333333333333334,22.0,10.0,0.611111111111111,0.09166666666666667,4.813888888888889,0.4097224574137024,0.8333333333333334
all_twelve,tuna_original,exclude_prior_train_development_P_and_homomers,low_plausibility,12,12,,33,1850,0.8377777777777778,0.37045924974279587,0.44773518901425874,13.583333333333334,13.0,6.0,0.3611111111111111,0.21666666666666667,11.327777777777778,0.3457508146688768,0.5,20.0,9.0,0.5555555555555556,0.16666666666666666,8.916666666666666,0.4334053824225262,0.75,22.0,10.0,0.611111111111111,0.09166666666666667,4.883333333333333,0.4525801027104024,0.8333333333333334
all_twelve,ipin_baseline,exclude_prior_train_development_P_and_homomers,context_background,12,12,,33,3700,0.6167824074074074,0.04204790819234842,0.06914071910041987,72.0,2.0,2.0,0.05555555555555555,0.03333333333333333,3.3666666666666667,0.036395559125993814,0.16666666666666666,2.0,2.0,0.05555555555555555,0.016666666666666666,1.6833333333333333,0.036395559125993814,0.16666666666666666,5.0,4.0,0.13888888888888887,0.020833333333333332,2.1041666666666665,0.06543448544434395,0.3333333333333333
all_twelve,ipin_optimized,exclude_prior_train_development_P_and_homomers,context_background,12,12,,33,3700,0.6634027777777778,0.083325369717381,0.15925484926519753,72.41666666666667,2.0,2.0,0.05555555555555555,0.03333333333333333,3.3666666666666667,0.06378005308238514,0.16666666666666666,4.0,3.0,0.1111111111111111,0.03333333333333333,3.3666666666666667,0.08858782098800301,0.25,9.0,6.0,0.25,0.0375,3.787499999999999,0.138495464083629,0.5
all_twelve,tuna_retrained,exclude_prior_train_development_P_and_homomers,context_background,12,12,,33,3700,0.7016666666666667,0.05016687895374831,0.08252139344647526,47.5,1.0,1.0,0.027777777777777776,0.016666666666666666,1.6833333333333333,0.019553280250948185,0.08333333333333333,4.0,4.0,0.1111111111111111,0.03333333333333333,3.3666666666666667,0.05759231219336184,0.3333333333333333,6.0,6.0,0.16666666666666666,0.024999999999999998,2.525,0.07570174546176914,0.5
all_twelve,tuna_original,exclude_prior_train_development_P_and_homomers,context_background,12,12,,33,3700,0.7141666666666667,0.13492109662631527,0.1994917325294613,55.416666666666664,4.0,2.0,0.1111111111111111,0.06666666666666667,6.733333333333333,0.11801509629572758,0.16666666666666666,6.0,3.0,0.16666666666666666,0.049999999999999996,5.05,0.14165617370534261,0.25,9.0,5.0,0.25,0.0375,3.7874999999999996,0.17116994040149916,0.4166666666666667
all_twelve,ipin_baseline,exclude_prior_train_development_P_and_homomers,all_U,12,12,,33,5550,0.6644135802469134,0.03394920986951374,0.06039088854339763,93.83333333333333,2.0,2.0,0.05555555555555555,0.03333333333333333,5.033333333333334,0.033684557750091264,0.16666666666666666,2.0,2.0,0.05555555555555555,0.016666666666666666,2.516666666666667,0.033684557750091264,0.16666666666666666,4.0,4.0,0.1111111111111111,0.016666666666666666,2.516666666666667,0.05196619883819609,0.3333333333333333
all_twelve,ipin_optimized,exclude_prior_train_development_P_and_homomers,all_U,12,12,,33,5550,0.6975925925925927,0.0793512667037412,0.15641080347069636,98.58333333333333,2.0,2.0,0.05555555555555555,0.03333333333333333,5.033333333333334,0.06378005308238514,0.16666666666666666,4.0,3.0,0.1111111111111111,0.03333333333333333,5.033333333333334,0.08742113049200018,0.25,9.0,6.0,0.25,0.0375,5.6625000000000005,0.13672117529680178,0.5
all_twelve,tuna_retrained,exclude_prior_train_development_P_and_homomers,all_U,12,12,,33,5550,0.7381944444444445,0.04319311216583294,0.0714139718306385,62.333333333333336,1.0,1.0,0.027777777777777776,0.016666666666666666,2.516666666666667,0.016842278875045632,0.08333333333333333,4.0,4.0,0.1111111111111111,0.03333333333333333,5.033333333333334,0.05441339419851085,0.3333333333333333,4.0,4.0,0.1111111111111111,0.016666666666666666,2.516666666666667,0.05441339419851085,0.3333333333333333
all_twelve,tuna_original,exclude_prior_train_development_P_and_homomers,all_U,12,12,,33,5550,0.7553703703703705,0.12824295857840665,0.1945033927418448,68.0,4.0,2.0,0.1111111111111111,0.06666666666666667,10.066666666666666,0.11801509629572758,0.16666666666666666,6.0,3.0,0.16666666666666666,0.049999999999999996,7.55,0.14165617370534261,0.25,7.0,4.0,0.19444444444444445,0.02916666666666667,4.404166666666666,0.15055957406049178,0.3333333333333333
all_twelve,ipin_baseline,exclude_any_model_prior_pairs,context,12,11,BCL2,30,1689,0.5594787954937811,0.04972523511646332,0.0752819620657665,36.45454545454545,1.0,1.0,0.045454545454545456,0.018181818181818184,1.3272727272727274,0.02787032694388447,0.09090909090909091,3.0,3.0,0.10606060606060605,0.02727272727272728,1.5909090909090908,0.05304477660681872,0.2727272727272727,6.0,6.0,0.18939393939393942,0.02727272727272727,1.4893939393939397,0.08274419700551883,0.5454545454545454
all_twelve,ipin_optimized,exclude_any_model_prior_pairs,context,12,11,BCL2,30,1689,0.6202074946393233,0.11333083215116767,0.2410085031123247,29.727272727272727,2.0,2.0,0.0606060606060606,0.03636363636363637,1.8484848484848486,0.08532340473141026,0.18181818181818182,7.0,6.0,0.20454545454545456,0.06363636363636363,3.2424242424242427,0.15256024909206106,0.5454545454545454,8.0,6.0,0.23484848484848486,0.03636363636363637,1.8530303030303032,0.16408906880409685,0.5454545454545454
all_twelve,tuna_retrained,exclude_any_model_prior_pairs,context,12,11,BCL2,30,1689,0.6778547321611815,0.12206437599301666,0.2753884826121435,22.0,5.0,5.0,0.14393939393939392,0.09090909090909091,4.630303030303031,0.13140138741393692,0.45454545454545453,6.0,6.0,0.17424242424242423,0.05454545454545454,2.778787878787879,0.14424383949210318,0.5454545454545454,10.0,8.0,0.3106060606060606,0.045454545454545456,2.4166666666666674,0.19095411453581027,0.7272727272727273
all_twelve,tuna_original,exclude_any_model_prior_pairs,context,12,11,BCL2,30,1689,0.6742071201580948,0.19238896296158814,0.3198981609019488,26.727272727272727,5.0,3.0,0.14393939393939392,0.09090909090909091,4.636363636363637,0.1661024326821843,0.2727272727272727,9.0,5.0,0.26515151515151514,0.08181818181818182,4.172727272727273,0.22341178003657244,0.45454545454545453,12.0,7.0,0.37121212121212116,0.05454545454545456,2.8818181818181823,0.25768729923370803,0.6363636363636364
all_twelve,ipin_baseline,exclude_any_model_prior_pairs,background,12,11,BCL2,30,1691,0.6463094983586604,0.06917721800460282,0.10936991213476706,28.818181818181817,1.0,1.0,0.045454545454545456,0.018181818181818184,1.3363636363636364,0.03516843702132197,0.09090909090909091,4.0,4.0,0.12878787878787878,0.03636363636363637,2.056818181818182,0.07472644524647114,0.36363636363636365,6.0,6.0,0.18939393939393942,0.02727272727272727,1.4875,0.09754623124340282,0.5454545454545454
all_twelve,ipin_optimized,exclude_any_model_prior_pairs,background,12,11,BCL2,30,1691,0.6772333604130519,0.10861923212145035,0.19571068682774273,27.454545454545453,3.0,3.0,0.09090909090909091,0.05454545454545456,2.7636363636363637,0.08608203904781585,0.2727272727272727,7.0,6.0,0.20454545454545456,0.06363636363636363,3.2340909090909093,0.13652431073709959,0.5454545454545454,10.0,6.0,0.29545454545454547,0.045454545454545456,2.3125,0.16940994413314167,0.5454545454545454
all_twelve,tuna_retrained,exclude_any_model_prior_pairs,background,12,11,BCL2,30,1691,0.7269872114501666,0.12291216293353754,0.23878886265249905,18.818181818181817,4.0,4.0,0.11363636363636363,0.07272727272727274,3.686363636363637,0.09652419295594598,0.36363636363636365,8.0,8.0,0.25,0.07272727272727274,3.902272727272728,0.15895548959265718,0.7272727272727273,16.0,9.0,0.4924242424242424,0.07272727272727274,3.8056818181818177,0.2439922467484548,0.8181818181818182
all_twelve,tuna_original,exclude_any_model_prior_pairs,background,12,11,BCL2,30,1691,0.761746200346839,0.2167884066724074,0.3433276221353791,23.363636363636363,7.0,4.0,0.20454545454545456,0.1272727272727273,6.486363636363635,0.2058066790014503,0.36363636363636365,9.0,6.0,0.26515151515151514,0.08181818181818182,4.170454545454546,0.23424781391192037,0.5454545454545454,14.0,7.0,0.4318181818181818,0.06363636363636364,3.346590909090909,0.2925382154749535,0.6363636363636364
all_twelve,ipin_baseline,exclude_any_model_prior_pairs,low_plausibility,12,11,BCL2,30,1700,0.7593560606060606,0.19540456510805784,0.37262002703179176,18.09090909090909,5.0,5.0,0.1590909090909091,0.09090909090909091,5.090909090909092,0.18170965218224014,0.45454545454545453,8.0,7.0,0.25,0.07272727272727272,3.936363636363637,0.22360905577297682,0.6363636363636364,13.0,8.0,0.41666666666666663,0.05909090909090909,3.2409090909090907,0.28205292312463576,0.7272727272727273
all_twelve,ipin_optimized,exclude_any_model_prior_pairs,low_plausibility,12,11,BCL2,30,1700,0.7584722222222222,0.2975499175410615,0.44290826477883627,18.545454545454547,10.0,6.0,0.29545454545454547,0.18181818181818182,9.272727272727273,0.30482972406621384,0.5454545454545454,12.0,6.0,0.356060606060606,0.10909090909090909,5.5636363636363635,0.3328685811413076,0.5454545454545454,15.0,7.0,0.4621212121212121,0.06818181818181819,3.590909090909091,0.3691018771355205,0.6363636363636364
all_twelve,tuna_retrained,exclude_any_model_prior_pairs,low_plausibility,12,11,BCL2,30,1700,0.818320707070707,0.33894916999230645,0.5457904572658671,15.545454545454545,12.0,8.0,0.37121212121212116,0.21818181818181823,11.581818181818182,0.3569311484775604,0.7272727272727273,16.0,9.0,0.4924242424242424,0.14545454545454548,7.645454545454545,0.4140269570652247,0.8181818181818182,21.0,9.0,0.6287878787878788,0.09545454545454546,4.981818181818181,0.4639769602210022,0.8181818181818182
all_twelve,tuna_original,exclude_any_model_prior_pairs,low_plausibility,12,11,BCL2,30,1700,0.8616666666666667,0.4196328377105591,0.5338929334701005,14.090909090909092,14.0,6.0,0.4090909090909091,0.2545454545454545,12.981818181818182,0.4066252726616693,0.5454545454545454,20.0,8.0,0.5757575757575757,0.18181818181818182,9.272727272727273,0.4812520417265661,0.7272727272727273,22.0,9.0,0.6515151515151515,0.1,5.213636363636363,0.5056050989402933,0.8181818181818182
all_twelve,ipin_baseline,exclude_any_model_prior_pairs,context_background,12,11,BCL2,30,3380,0.6028685990031829,0.03154970067713515,0.04964244138706753,64.27272727272727,1.0,1.0,0.045454545454545456,0.018181818181818184,2.6454545454545455,0.024006192961144625,0.09090909090909091,1.0,1.0,0.045454545454545456,0.009090909090909092,1.3227272727272728,0.024006192961144625,0.09090909090909091,4.0,4.0,0.12878787878787878,0.018181818181818184,2.0375,0.05251065135718669,0.36363636363636365
all_twelve,ipin_optimized,exclude_any_model_prior_pairs,context_background,12,11,BCL2,30,3380,0.6486825137653767,0.07522365687771977,0.16698109094399285,56.18181818181818,2.0,2.0,0.0606060606060606,0.03636363636363637,3.6484848484848484,0.06957823972623833,0.18181818181818182,2.0,2.0,0.0606060606060606,0.018181818181818184,1.8242424242424242,0.06957823972623833,0.18181818181818182,7.0,6.0,0.20454545454545456,0.031818181818181815,3.206439393939394,0.12244123446832546,0.5454545454545454
all_twelve,tuna_retrained,exclude_any_model_prior_pairs,context_background,12,11,BCL2,30,3380,0.7023003030560853,0.07322045488562702,0.17588651250462067,39.81818181818182,2.0,2.0,0.053030303030303025,0.03636363636363637,3.6681818181818184,0.05681994663667999,0.18181818181818182,5.0,5.0,0.14393939393939392,0.045454545454545456,4.576515151515152,0.09831707239204035,0.45454545454545453,7.0,7.0,0.2196969696969697,0.031818181818181815,3.4087121212121207,0.12092704567638438,0.6363636363636364
all_twelve,tuna_original,exclude_any_model_prior_pairs,context_background,12,11,BCL2,30,3380,0.7178317808285027,0.16625063336950696,0.30221746680403044,49.09090909090909,5.0,3.0,0.14393939393939392,0.09090909090909091,9.177272727272728,0.16423283686734844,0.2727272727272727,7.0,4.0,0.20454545454545456,0.06363636363636364,6.425,0.19002310313238302,0.36363636363636365,9.0,5.0,0.26515151515151514,0.04090909090909091,4.130681818181818,0.211782730916734,0.45454545454545453
all_twelve,ipin_baseline,exclude_any_model_prior_pairs,all_U,12,11,BCL2,30,5080,0.6551487082014208,0.02845721993908087,0.046920078851419134,81.36363636363636,1.0,1.0,0.045454545454545456,0.018181818181818184,4.009090909090909,0.024006192961144625,0.09090909090909091,1.0,1.0,0.045454545454545456,0.009090909090909092,2.0045454545454544,0.024006192961144625,0.09090909090909091,3.0,3.0,0.10606060606060605,0.01363636363636364,2.375,0.043949801420895336,0.2727272727272727
all_twelve,ipin_optimized,exclude_any_model_prior_pairs,all_U,12,11,BCL2,30,5080,0.6854783167452605,0.07247012694934443,0.1641487931045914,73.72727272727273,2.0,2.0,0.0606060606060606,0.03636363636363637,5.466666666666668,0.06957823972623833,0.18181818181818182,2.0,2.0,0.0606060606060606,0.018181818181818184,2.733333333333334,0.06957823972623833,0.18181818181818182,7.0,6.0,0.20454545454545456,0.031818181818181815,4.797348484848485,0.12148374811085709,0.5454545454545454
all_twelve,tuna_retrained,exclude_any_model_prior_pairs,all_U,12,11,BCL2,30,5080,0.74118395746715,0.06752612210917454,0.16543573562262998,54.36363636363637,2.0,2.0,0.053030303030303025,0.03636363636363637,5.486363636363637,0.05386249059024084,0.18181818181818182,5.0,5.0,0.14393939393939392,0.045454545454545456,6.849242424242425,0.09484916185220289,0.45454545454545453,6.0,6.0,0.18939393939393942,0.02727272727272727,4.42689393939394,0.10753965038536202,0.5454545454545454
all_twelve,tuna_original,exclude_any_model_prior_pairs,all_U,12,11,BCL2,30,5080,0.7659216344479465,0.16037773455833257,0.29803616304811514,62.18181818181818,5.0,3.0,0.14393939393939392,0.09090909090909091,13.72272727272727,0.16423283686734844,0.2727272727272727,7.0,4.0,0.20454545454545456,0.06363636363636364,9.606818181818182,0.19002310313238302,0.36363636363636365,8.0,5.0,0.23484848484848483,0.03636363636363637,5.489772727272728,0.1997359035198185,0.45454545454545453
all_twelve,ipin_baseline,exclude_any_model_prior_pairs_and_homomers,context,12,11,BCL2,29,1689,0.5449333409483267,0.04777416247369108,0.06928795607176051,43.54545454545455,1.0,1.0,0.045454545454545456,0.018181818181818184,1.3272727272727274,0.02787032694388447,0.09090909090909091,3.0,3.0,0.10606060606060605,0.02727272727272728,1.5909090909090908,0.05304477660681872,0.2727272727272727,5.0,5.0,0.16666666666666666,0.022727272727272728,1.2575757575757576,0.07342300258568048,0.45454545454545453
all_twelve,ipin_optimized,exclude_any_model_prior_pairs_and_homomers,context,12,11,BCL2,29,1689,0.6055105249423537,0.10938102310091292,0.2265562886601102,41.0,2.0,2.0,0.0606060606060606,0.03636363636363637,1.8484848484848486,0.08532340473141026,0.18181818181818182,6.0,5.0,0.1818181818181818,0.05454545454545454,2.778787878787879,0.1399187782274451,0.45454545454545453,7.0,5.0,0.21212121212121213,0.03181818181818182,1.6212121212121213,0.1514475979394809,0.45454545454545453
all_twelve,tuna_retrained,exclude_any_model_prior_pairs_and_homomers,context,12,11,BCL2,29,1689,0.6649380654945148,0.09906917309006046,0.1856755639518564,28.818181818181817,4.0,4.0,0.1212121212121212,0.07272727272727274,3.703030303030303,0.09591229196010947,0.36363636363636365,5.0,5.0,0.1515151515151515,0.045454545454545456,2.3151515151515154,0.10875474403827576,0.45454545454545453,9.0,7.0,0.2878787878787879,0.04090909090909091,2.184848484848485,0.15546501908198287,0.6363636363636364
all_twelve,tuna_original,exclude_any_model_prior_pairs_and_homomers,context,12,11,BCL2,29,1689,0.662010150461125,0.16941427391713168,0.2302175712213591,33.36363636363637,4.0,2.0,0.1212121212121212,0.07272727272727274,3.709090909090909,0.13061333722835688,0.18181818181818182,8.0,4.0,0.2424242424242424,0.07272727272727274,3.7090909090909094,0.18792268458274505,0.36363636363636365,11.0,6.0,0.34848484848484845,0.05,2.65,0.22219820377988062,0.5454545454545454
all_twelve,ipin_baseline,exclude_any_model_prior_pairs_and_homomers,background,12,11,BCL2,29,1691,0.63165288194325,0.06515911428249989,0.09538389814875309,35.36363636363637,1.0,1.0,0.045454545454545456,0.018181818181818184,1.3363636363636364,0.03516843702132197,0.09090909090909091,3.0,3.0,0.10606060606060605,0.02727272727272728,1.5954545454545455,0.06208497438185517,0.2727272727272727,5.0,5.0,0.16666666666666666,0.022727272727272728,1.2568181818181818,0.08490476037878684,0.45454545454545453
all_twelve,ipin_optimized,exclude_any_model_prior_pairs_and_homomers,background,12,11,BCL2,29,1691,0.6639472328053163,0.10591692645367173,0.18638009275138592,37.36363636363637,3.0,3.0,0.09090909090909091,0.05454545454545456,2.7636363636363637,0.08608203904781585,0.2727272727272727,6.0,5.0,0.1818181818181818,0.05454545454545454,2.772727272727273,0.12584102848651532,0.45454545454545453,9.0,5.0,0.2727272727272727,0.04090909090909091,2.0818181818181816,0.15872666188255738,0.45454545454545453
all_twelve,tuna_retrained,exclude_any_model_prior_pairs_and_homomers,background,12,11,BCL2,29,1691,0.7191449699395834,0.09961745049961537,0.15063459268004722,21.727272727272727,3.0,3.0,0.09090909090909091,0.05454545454545456,2.7636363636363637,0.06103509750211855,0.2727272727272727,7.0,7.0,0.22727272727272727,0.06363636363636363,3.440909090909091,0.12346639413882977,0.6363636363636364,15.0,8.0,0.46969696969696967,0.06818181818181819,3.5749999999999997,0.20850315129462738,0.7272727272727273
all_twelve,tuna_original,exclude_any_model_prior_pairs_and_homomers,background,12,11,BCL2,29,1691,0.7570256277870705,0.19349383927755187,0.2555533274645327,25.90909090909091,6.0,3.0,0.18181818181818182,0.10909090909090911,5.5636363636363635,0.17031758354762286,0.2727272727272727,8.0,5.0,0.2424242424242424,0.07272727272727274,3.709090909090909,0.19875871845809295,0.45454545454545453,13.0,6.0,0.4090909090909091,0.05909090909090909,3.1159090909090907,0.25704912002112607,0.5454545454545454
all_twelve,ipin_baseline,exclude_any_model_prior_pairs_and_homomers,low_plausibility,12,11,BCL2,29,1700,0.7440909090909091,0.19063138447875067,0.3556037100154747,24.727272727272727,4.0,4.0,0.13636363636363635,0.07272727272727274,4.163636363636364,0.1679805959797124,0.36363636363636365,7.0,6.0,0.22727272727272727,0.06363636363636363,3.472727272727273,0.20987999957044912,0.5454545454545454,12.0,7.0,0.3939393939393939,0.05454545454545456,3.0090909090909093,0.26832386692210797,0.6363636363636364
all_twelve,ipin_optimized,exclude_any_model_prior_pairs_and_homomers,low_plausibility,12,11,BCL2,29,1700,0.7435858585858587,0.2928381058172758,0.4254537193242909,29.454545454545453,9.0,5.0,0.2727272727272727,0.16363636363636364,8.345454545454546,0.2911006678636861,0.45454545454545453,11.0,5.0,0.3333333333333333,0.1,5.1000000000000005,0.3191395249387799,0.45454545454545453,14.0,6.0,0.4393939393939394,0.06363636363636364,3.359090909090909,0.3553728209329927,0.5454545454545454
all_twelve,tuna_retrained,exclude_any_model_prior_pairs_and_homomers,low_plausibility,12,11,BCL2,29,1700,0.8138888888888889,0.31490671582907864,0.4639722754476852,16.363636363636363,11.0,7.0,0.3484848484848485,0.2,10.654545454545454,0.321442053023733,0.6363636363636364,16.0,9.0,0.49999999999999994,0.14545454545454548,7.796969696969696,0.3908698591961652,0.8181818181818182,20.0,9.0,0.6212121212121212,0.09090909090909093,4.901515151515151,0.43284691062196,0.8181818181818182
all_twelve,tuna_original,exclude_any_model_prior_pairs_and_homomers,low_plausibility,12,11,BCL2,29,1700,0.8612121212121212,0.39704084636856773,0.4732868728640398,14.272727272727273,13.0,6.0,0.3939393939393939,0.23636363636363636,12.357575757575757,0.37718270691150196,0.5454545454545454,19.0,8.0,0.5757575757575757,0.17272727272727273,9.263636363636364,0.45760946673673747,0.7272727272727273,21.0,9.0,0.6515151515151515,0.09545454545454546,5.209090909090908,0.48196252395046457,0.8181818181818182
all_twelve,ipin_baseline,exclude_any_model_prior_pairs_and_homomers,context_background,12,11,BCL2,29,3380,0.5882677028233393,0.030175661881330543,0.04513306187768802,77.9090909090909,1.0,1.0,0.045454545454545456,0.018181818181818184,2.6454545454545455,0.024006192961144625,0.09090909090909091,1.0,1.0,0.045454545454545456,0.009090909090909092,1.3227272727272728,0.024006192961144625,0.09090909090909091,3.0,3.0,0.10606060606060605,0.01363636363636364,1.5795454545454546,0.04415620196003627,0.2727272727272727
all_twelve,ipin_optimized,exclude_any_model_prior_pairs_and_homomers,context_background,12,11,BCL2,29,3380,0.6346891971404811,0.07351240284732394,0.1608556374501183,77.36363636363636,2.0,2.0,0.0606060606060606,0.03636363636363637,3.6484848484848484,0.06957823972623833,0.18181818181818182,2.0,2.0,0.0606060606060606,0.018181818181818184,1.8242424242424242,0.06957823972623833,0.18181818181818182,6.0,5.0,0.1818181818181818,0.02727272727272727,2.7484848484848485,0.1133575156936768,0.45454545454545453
all_twelve,tuna_retrained,exclude_any_model_prior_pairs_and_homomers,context_background,12,11,BCL2,29,3380,0.6919144900386933,0.050300067537227246,0.08581917243728056,49.54545454545455,1.0,1.0,0.0303030303030303,0.018181818181818184,1.8363636363636362,0.021330851182852564,0.09090909090909091,4.0,4.0,0.1212121212121212,0.03636363636363637,3.6606060606060606,0.06282797693821292,0.36363636363636365,6.0,6.0,0.19696969696969696,0.02727272727272727,2.950757575757576,0.08543795022255694,0.5454545454545454
all_twelve,tuna_original,exclude_any_model_prior_pairs_and_homomers,context_background,12,11,BCL2,29,3380,0.7093636407814153,0.14333997990666056,0.21219964149208748,58.27272727272727,4.0,2.0,0.1212121212121212,0.07272727272727274,7.345454545454545,0.128743741413521,0.18181818181818182,6.0,3.0,0.18181818181818182,0.05454545454545456,5.509090909090909,0.15453400767855557,0.2727272727272727,8.0,4.0,0.2424242424242424,0.03636363636363637,3.6727272727272724,0.17629363546290658,0.36363636363636365
all_twelve,ipin_baseline,exclude_any_model_prior_pairs_and_homomers,all_U,12,11,BCL2,29,5080,0.6403260239296547,0.02734772656130685,0.043158904960375125,101.63636363636364,1.0,1.0,0.045454545454545456,0.018181818181818184,4.009090909090909,0.024006192961144625,0.09090909090909091,1.0,1.0,0.045454545454545456,0.009090909090909092,2.0045454545454544,0.024006192961144625,0.09090909090909091,3.0,3.0,0.10606060606060605,0.01363636363636364,2.375,0.043949801420895336,0.2727272727272727
all_twelve,ipin_optimized,exclude_any_model_prior_pairs_and_homomers,all_U,12,11,BCL2,29,5080,0.6711868208177045,0.071148561999725,0.15934332603497336,105.81818181818181,2.0,2.0,0.0606060606060606,0.03636363636363637,5.466666666666668,0.06957823972623833,0.18181818181818182,2.0,2.0,0.0606060606060606,0.018181818181818184,2.733333333333334,0.06957823972623833,0.18181818181818182,6.0,5.0,0.1818181818181818,0.02727272727272727,4.112121212121212,0.11312929871370668,0.45454545454545453
all_twelve,tuna_retrained,exclude_any_model_prior_pairs_and_homomers,all_U,12,11,BCL2,29,5080,0.7327861226920198,0.044621118471005757,0.07530364549053982,64.9090909090909,1.0,1.0,0.0303030303030303,0.018181818181818184,2.7454545454545456,0.018373395136413416,0.09090909090909091,4.0,4.0,0.1212121212121212,0.03636363636363637,5.478787878787879,0.059360066398375474,0.36363636363636365,5.0,5.0,0.16666666666666666,0.022727272727272728,3.741666666666667,0.07205055493153462,0.45454545454545453
all_twelve,tuna_original,exclude_any_model_prior_pairs_and_homomers,all_U,12,11,BCL2,29,5080,0.7601291520277513,0.13747075194913247,0.20800119801315003,71.54545454545455,4.0,2.0,0.1212121212121212,0.07272727272727274,10.981818181818182,0.128743741413521,0.18181818181818182,6.0,3.0,0.18181818181818182,0.05454545454545456,8.236363636363636,0.15453400767855557,0.2727272727272727,7.0,4.0,0.2121212121212121,0.031818181818181815,4.804545454545455,0.16424680806599104,0.36363636363636365
original_six,ipin_baseline,all_P,context,6,6,,19,950,0.6066666666666668,0.1304146139333592,0.2618536368536369,17.833333333333332,2.0,2.0,0.1111111111111111,0.06666666666666667,3.4000000000000004,0.11731968150568911,0.3333333333333333,4.0,3.0,0.2222222222222222,0.06666666666666667,3.4000000000000004,0.16693521731692484,0.5,6.0,4.0,0.3194444444444444,0.049999999999999996,2.5500000000000003,0.2045667136187491,0.6666666666666666
original_six,ipin_optimized,all_P,context,6,6,,19,950,0.6512962962962964,0.10494025571540373,0.1386549877403536,21.0,3.0,2.0,0.16666666666666666,0.10000000000000002,5.1000000000000005,0.09762608092307463,0.3333333333333333,6.0,4.0,0.3194444444444444,0.09999999999999999,5.1000000000000005,0.16902009889866418,0.6666666666666666,6.0,4.0,0.3194444444444444,0.049999999999999996,2.5500000000000003,0.16902009889866418,0.6666666666666666
original_six,tuna_retrained,all_P,context,6,6,,19,950,0.7167361111111111,0.16810840728590604,0.3953555386049665,16.0,3.0,3.0,0.15277777777777776,0.10000000000000002,5.1000000000000005,0.17353342809203512,0.5,4.0,4.0,0.2083333333333333,0.06666666666666667,3.4000000000000004,0.1970779235686733,0.6666666666666666,7.0,4.0,0.375,0.05833333333333333,2.975,0.25767067936229265,0.6666666666666666
original_six,tuna_original,all_P,context,6,6,,19,950,0.7947685185185186,0.2836383803584192,0.4694444444444444,5.0,6.0,4.0,0.3194444444444444,0.19999999999999998,10.200000000000001,0.29909912383219944,0.6666666666666666,8.0,5.0,0.4305555555555555,0.13333333333333333,6.800000000000001,0.35163269224038857,0.8333333333333334,10.0,6.0,0.5416666666666666,0.08333333333333333,4.250000000000001,0.3892827846748424,1.0
original_six,ipin_baseline,all_P,background,6,6,,19,950,0.6749999999999998,0.09170588239785858,0.14792684913652654,14.333333333333334,2.0,2.0,0.1111111111111111,0.06666666666666667,3.4000000000000004,0.06936352592478849,0.3333333333333333,5.0,4.0,0.2638888888888889,0.08333333333333333,4.250000000000001,0.14328408875833742,0.6666666666666666,6.0,4.0,0.3194444444444444,0.049999999999999996,2.5500000000000003,0.1620405702242487,0.6666666666666666
original_six,ipin_optimized,all_P,background,6,6,,19,950,0.7092592592592593,0.11176396722154673,0.14298670201833352,21.333333333333332,2.0,2.0,0.1111111111111111,0.06666666666666667,3.4000000000000004,0.07279111825198763,0.3333333333333333,6.0,4.0,0.3194444444444444,0.09999999999999999,5.1000000000000005,0.1684551995962195,0.6666666666666666,7.0,4.0,0.375,0.05833333333333333,2.975,0.18847447556256136,0.6666666666666666
original_six,tuna_retrained,all_P,background,6,6,,19,950,0.7694675925925926,0.1324911122083675,0.280067155067155,12.5,2.0,2.0,0.09722222222222221,0.06666666666666667,3.4000000000000004,0.10416990216724664,0.3333333333333333,3.0,3.0,0.15277777777777776,0.05000000000000001,2.5500000000000003,0.13202997799494703,0.5,9.0,5.0,0.4861111111111111,0.07500000000000001,3.8249999999999997,0.2488484598640545,0.8333333333333334
original_six,tuna_original,all_P,background,6,6,,19,950,0.8626851851851853,0.35313332965060323,0.5921855921855922,4.333333333333333,7.0,4.0,0.375,0.2333333333333333,11.9,0.37731224483599224,0.6666666666666666,8.0,5.0,0.4305555555555555,0.13333333333333333,6.800000000000001,0.4033832851705898,0.8333333333333334,11.0,6.0,0.5972222222222222,0.09166666666666667,4.675,0.4650112047669516,1.0
original_six,ipin_baseline,all_P,low_plausibility,6,6,,19,950,0.739375,0.13749628174793646,0.2717338217338217,10.833333333333334,4.0,4.0,0.2083333333333333,0.13333333333333333,6.800000000000001,0.16297046719515232,0.6666666666666666,4.0,4.0,0.2083333333333333,0.06666666666666667,3.4000000000000004,0.16297046719515232,0.6666666666666666,7.0,5.0,0.375,0.05833333333333333,2.975,0.22356322298877165,0.8333333333333334
original_six,ipin_optimized,all_P,low_plausibility,6,6,,19,950,0.7584953703703704,0.2753904559265878,0.3753968253968254,14.5,7.0,4.0,0.375,0.2333333333333333,11.9,0.31054711412373354,0.6666666666666666,8.0,4.0,0.4305555555555555,0.13333333333333333,6.8,0.3384071899514339,0.6666666666666666,8.0,4.0,0.4305555555555555,0.06666666666666667,3.4,0.3384071899514339,0.6666666666666666
original_six,tuna_retrained,all_P,low_plausibility,6,6,,19,950,0.8119212962962963,0.23339083604720537,0.3499999999999999,10.833333333333334,5.0,3.0,0.2638888888888889,0.16666666666666666,8.5,0.22288041325301267,0.5,8.0,5.0,0.4305555555555555,0.13333333333333333,6.800000000000001,0.2962336084068403,0.8333333333333334,12.0,5.0,0.625,0.09999999999999999,5.1,0.36795091511027617,0.8333333333333334
original_six,tuna_original,all_P,low_plausibility,6,6,,19,950,0.891574074074074,0.6339218082999372,0.861111111111111,1.8333333333333333,11.0,5.0,0.5833333333333334,0.36666666666666664,18.7,0.632191158212433,0.8333333333333334,15.0,6.0,0.7777777777777778,0.25000000000000006,12.75,0.7237069460379035,1.0,15.0,6.0,0.7777777777777778,0.12500000000000003,6.375,0.7237069460379035,1.0
original_six,ipin_baseline,all_P,context_background,6,6,,19,1900,0.6408333333333333,0.057883266197629714,0.10372154993620036,31.166666666666668,1.0,1.0,0.05555555555555555,0.03333333333333333,3.3666666666666667,0.03910656050189637,0.16666666666666666,2.0,2.0,0.1111111111111111,0.03333333333333333,3.3666666666666667,0.06517760083649395,0.3333333333333333,5.0,4.0,0.2638888888888889,0.041666666666666664,4.208333333333333,0.12076514332433828,0.6666666666666666
original_six,ipin_optimized,all_P,context_background,6,6,,19,1900,0.6802777777777779,0.06037805047960775,0.07787021555220242,41.333333333333336,0.0,0.0,0.0,0.0,0.0,0.0,0.0,3.0,2.0,0.16666666666666666,0.05000000000000001,5.05,0.07747561163893613,0.3333333333333333,6.0,4.0,0.3194444444444444,0.049999999999999996,5.05,0.13323565656102174,0.6666666666666666
original_six,tuna_retrained,all_P,context_background,6,6,,19,1900,0.7431018518518518,0.09473130221045627,0.24752158173210806,27.5,2.0,2.0,0.09722222222222221,0.06666666666666667,6.733333333333333,0.10416990216724664,0.3333333333333333,2.0,2.0,0.09722222222222221,0.03333333333333333,3.3666666666666667,0.10416990216724664,0.3333333333333333,4.0,4.0,0.2083333333333333,0.03333333333333333,3.3666666666666667,0.14038876870406125,0.6666666666666666
original_six,tuna_original,all_P,context_background,6,6,,19,1900,0.8287268518518519,0.24680964269072214,0.4280753968253968,8.333333333333334,5.0,3.0,0.2638888888888889,0.16666666666666666,16.833333333333332,0.26198697375490904,0.5,7.0,4.0,0.375,0.11666666666666665,11.783333333333333,0.30926912857413913,0.6666666666666666,8.0,5.0,0.4305555555555555,0.06666666666666667,6.733333333333333,0.32840401102847544,0.8333333333333334
original_six,ipin_baseline,all_P,all_U,6,6,,19,2850,0.6736805555555555,0.04222316472735089,0.08102482509290176,41.0,1.0,1.0,0.05555555555555555,0.03333333333333333,5.033333333333334,0.033684557750091264,0.16666666666666666,2.0,2.0,0.1111111111111111,0.03333333333333333,5.033333333333334,0.05722905322672942,0.3333333333333333,3.0,3.0,0.16666666666666666,0.025000000000000005,3.7750000000000004,0.07598553469264069,0.5
original_six,ipin_optimized,all_P,all_U,6,6,,19,2850,0.7063503086419755,0.05355423299520664,0.07066460497963696,54.833333333333336,0.0,0.0,0.0,0.0,0.0,0.0,0.0,3.0,2.0,0.16666666666666666,0.05000000000000001,7.550000000000001,0.07514223064693044,0.3333333333333333,6.0,4.0,0.3194444444444444,0.049999999999999996,7.55,0.12835008512862045,0.6666666666666666
original_six,tuna_retrained,all_P,all_U,6,6,,19,2850,0.7660416666666666,0.08326768477761815,0.2276974750013966,37.333333333333336,2.0,2.0,0.09722222222222221,0.06666666666666667,10.066666666666668,0.09874789941544154,0.3333333333333333,2.0,2.0,0.09722222222222221,0.03333333333333333,5.033333333333334,0.09874789941544154,0.3333333333333333,2.0,2.0,0.09722222222222221,0.016666666666666666,2.516666666666667,0.09874789941544154,0.3333333333333333
original_six,tuna_original,all_P,all_U,6,6,,19,2850,0.8496759259259258,0.24369792872107834,0.4255952380952381,9.166666666666666,5.0,3.0,0.2638888888888889,0.16666666666666666,25.166666666666668,0.26198697375490904,0.5,7.0,4.0,0.375,0.11666666666666665,17.616666666666667,0.30926912857413913,0.6666666666666666,7.0,4.0,0.375,0.05833333333333333,8.808333333333334,0.30926912857413913,0.6666666666666666
original_six,ipin_baseline,exclude_development_P,context,6,6,,18,950,0.5675925925925926,0.11164662041202277,0.2079320682261859,34.333333333333336,1.0,1.0,0.05555555555555555,0.03333333333333333,1.7000000000000002,0.07821312100379274,0.16666666666666666,3.0,2.0,0.16666666666666666,0.05000000000000001,2.5500000000000003,0.1278286568150285,0.3333333333333333,5.0,3.0,0.2638888888888889,0.041666666666666664,2.125,0.1654601531168527,0.5
original_six,ipin_optimized,exclude_development_P,context,6,6,,18,950,0.6164814814814815,0.09066525666485496,0.09951357359893946,31.333333333333332,2.0,1.0,0.1111111111111111,0.06666666666666667,3.4000000000000004,0.06394152317298338,0.16666666666666666,5.0,3.0,0.2638888888888889,0.08333333333333333,4.25,0.1353355411485729,0.5,5.0,3.0,0.2638888888888889,0.041666666666666664,2.125,0.1353355411485729,0.5
original_six,tuna_retrained,exclude_development_P,context,6,6,,18,950,0.6950694444444445,0.16690142984152886,0.39394671351193083,24.833333333333332,3.0,3.0,0.15277777777777776,0.10000000000000002,5.1000000000000005,0.17353342809203512,0.5,4.0,4.0,0.2083333333333333,0.06666666666666667,3.4000000000000004,0.1970779235686733,0.6666666666666666,7.0,4.0,0.375,0.05833333333333333,2.975,0.25767067936229265,0.6666666666666666
original_six,tuna_original,exclude_development_P,context,6,6,,18,950,0.7684722222222223,0.2647353432814337,0.4164930555555555,15.166666666666666,5.0,3.0,0.2638888888888889,0.16666666666666666,8.5,0.25999256333030313,0.5,7.0,4.0,0.375,0.11666666666666665,5.95,0.31252613173849225,0.6666666666666666,9.0,5.0,0.4861111111111111,0.075,3.8250000000000006,0.350176224172946,0.8333333333333334
original_six,ipin_baseline,exclude_development_P,background,6,6,,18,950,0.6468518518518518,0.08026517431167444,0.11681573802541544,26.0,1.0,1.0,0.05555555555555555,0.03333333333333333,1.7000000000000002,0.03910656050189637,0.16666666666666666,4.0,3.0,0.20833333333333334,0.06666666666666667,3.4000000000000004,0.1130271233354453,0.5,5.0,3.0,0.2638888888888889,0.041666666666666664,2.125,0.13178360480135656,0.5
original_six,ipin_optimized,exclude_development_P,background,6,6,,18,950,0.6862962962962963,0.09263866256469382,0.09159781312944465,27.5,1.0,1.0,0.05555555555555555,0.03333333333333333,1.7000000000000002,0.033684557750091264,0.16666666666666666,5.0,3.0,0.2638888888888889,0.08333333333333333,4.25,0.12934863909432312,0.5,6.0,3.0,0.3194444444444444,0.05000000000000001,2.5500000000000003,0.14936791506066502,0.5
original_six,tuna_retrained,exclude_development_P,background,6,6,,18,950,0.7518750000000001,0.13074189322792618,0.2779581529581529,18.833333333333332,2.0,2.0,0.09722222222222221,0.06666666666666667,3.4000000000000004,0.10416990216724664,0.3333333333333333,3.0,3.0,0.15277777777777776,0.05000000000000001,2.5500000000000003,0.13202997799494703,0.5,9.0,5.0,0.4861111111111111,0.07500000000000001,3.8249999999999997,0.2488484598640545,0.8333333333333334
original_six,tuna_original,exclude_development_P,background,6,6,,18,950,0.8410185185185185,0.2971095154426458,0.4287868993751347,12.666666666666666,6.0,3.0,0.3194444444444444,0.20000000000000004,10.200000000000001,0.29909912383219944,0.5,7.0,4.0,0.375,0.11666666666666665,5.95,0.32517016416679706,0.6666666666666666,10.0,5.0,0.5416666666666666,0.08333333333333333,4.25,0.38679808376315883,0.8333333333333334
original_six,ipin_baseline,exclude_development_P,low_plausibility,6,6,,18,950,0.7184490740740741,0.11850950457701603,0.21944624003447535,18.833333333333332,3.0,3.0,0.15277777777777776,0.10000000000000002,5.1000000000000005,0.12386390669325593,0.5,3.0,3.0,0.15277777777777776,0.05000000000000001,2.5500000000000003,0.12386390669325593,0.5,6.0,4.0,0.3194444444444444,0.049999999999999996,2.5500000000000003,0.1844566624868753,0.6666666666666666
original_six,ipin_optimized,exclude_development_P,low_plausibility,6,6,,18,950,0.7366435185185186,0.2190242393932774,0.2144772851669403,19.166666666666668,6.0,3.0,0.3194444444444444,0.20000000000000004,10.200000000000001,0.23233399311994077,0.5,7.0,3.0,0.375,0.11666666666666665,5.949999999999999,0.2601940689476412,0.5,7.0,3.0,0.375,0.05833333333333333,2.9749999999999996,0.2601940689476412,0.5
original_six,tuna_retrained,exclude_development_P,low_plausibility,6,6,,18,950,0.7913657407407407,0.23178770407465002,0.34788359788359785,18.833333333333332,5.0,3.0,0.2638888888888889,0.16666666666666666,8.5,0.22288041325301267,0.5,8.0,5.0,0.4305555555555555,0.13333333333333333,6.800000000000001,0.2962336084068403,0.8333333333333334,12.0,5.0,0.625,0.09999999999999999,5.1,0.36795091511027617,0.8333333333333334
original_six,tuna_original,exclude_development_P,low_plausibility,6,6,,18,950,0.8760185185185185,0.5776796481362084,0.6994949494949495,7.166666666666667,10.0,4.0,0.5277777777777778,0.3333333333333333,17.0,0.5539780372086401,0.6666666666666666,14.0,5.0,0.7222222222222223,0.23333333333333336,11.9,0.6454938250341108,0.8333333333333334,14.0,5.0,0.7222222222222223,0.11666666666666668,5.95,0.6454938250341108,0.8333333333333334
original_six,ipin_baseline,exclude_development_P,context_background,6,6,,18,1900,0.6072222222222222,0.04979656116500183,0.08085899582364625,59.333333333333336,1.0,1.0,0.05555555555555555,0.03333333333333333,3.3666666666666667,0.03910656050189637,0.16666666666666666,1.0,1.0,0.05555555555555555,0.016666666666666666,1.6833333333333333,0.03910656050189637,0.16666666666666666,4.0,3.0,0.20833333333333334,0.03333333333333333,3.3666666666666667,0.0946941029897407,0.5
original_six,ipin_optimized,exclude_development_P,context_background,6,6,,18,1900,0.6513888888888889,0.0508676519292536,0.05167973936172623,57.833333333333336,0.0,0.0,0.0,0.0,0.0,0.0,0.0,2.0,1.0,0.1111111111111111,0.03333333333333333,3.3666666666666667,0.04961553581123574,0.16666666666666666,5.0,3.0,0.2638888888888889,0.041666666666666664,4.208333333333333,0.10537558073332136,0.5
original_six,tuna_retrained,exclude_development_P,context_background,6,6,,18,1900,0.7234722222222224,0.0940038816591508,0.24666325311486603,42.666666666666664,2.0,2.0,0.09722222222222221,0.06666666666666667,6.733333333333333,0.10416990216724664,0.3333333333333333,2.0,2.0,0.09722222222222221,0.03333333333333333,3.3666666666666667,0.10416990216724664,0.3333333333333333,4.0,4.0,0.2083333333333333,0.03333333333333333,3.3666666666666667,0.14038876870406125,0.6666666666666666
original_six,tuna_original,exclude_development_P,context_background,6,6,,18,1900,0.8047453703703704,0.228063101358705,0.3739818295739348,26.833333333333332,4.0,2.0,0.20833333333333334,0.13333333333333333,13.466666666666667,0.2228804132530127,0.3333333333333333,6.0,3.0,0.3194444444444444,0.10000000000000002,10.1,0.27016256807224276,0.5,7.0,4.0,0.375,0.05833333333333333,5.891666666666667,0.28929745052657907,0.6666666666666666
original_six,ipin_baseline,exclude_development_P,all_U,6,6,,18,2850,0.6442978395061728,0.0359318752600744,0.0632437697012269,77.16666666666667,1.0,1.0,0.05555555555555555,0.03333333333333333,5.033333333333334,0.033684557750091264,0.16666666666666666,1.0,1.0,0.05555555555555555,0.016666666666666666,2.516666666666667,0.033684557750091264,0.16666666666666666,2.0,2.0,0.1111111111111111,0.016666666666666666,2.516666666666667,0.05244103921600252,0.3333333333333333
original_six,ipin_optimized,exclude_development_P,all_U,6,6,,18,2850,0.6798070987654321,0.04409408148363784,0.044139960033939385,76.0,0.0,0.0,0.0,0.0,0.0,0.0,0.0,2.0,1.0,0.1111111111111111,0.03333333333333333,5.033333333333334,0.047282154819230066,0.16666666666666666,5.0,3.0,0.2638888888888889,0.041666666666666664,6.291666666666667,0.10049000930092007,0.5
original_six,tuna_retrained,exclude_development_P,all_U,6,6,,18,2850,0.7461033950617284,0.08276125431498862,0.22707804541137877,60.5,2.0,2.0,0.09722222222222221,0.06666666666666667,10.066666666666668,0.09874789941544154,0.3333333333333333,2.0,2.0,0.09722222222222221,0.03333333333333333,5.033333333333334,0.09874789941544154,0.3333333333333333,2.0,2.0,0.09722222222222221,0.016666666666666666,2.516666666666667,0.09874789941544154,0.3333333333333333
original_six,tuna_original,exclude_development_P,all_U,6,6,,18,2850,0.828503086419753,0.22499831389352357,0.37118123505109796,33.0,4.0,2.0,0.20833333333333334,0.13333333333333333,20.133333333333333,0.2228804132530127,0.3333333333333333,6.0,3.0,0.3194444444444444,0.10000000000000002,15.1,0.27016256807224276,0.5,6.0,3.0,0.3194444444444444,0.05000000000000001,7.55,0.27016256807224276,0.5
original_six,ipin_baseline,exclude_development_P_and_homomers,context,6,6,,17,950,0.5409259259259259,0.10806965390027366,0.1969430572371749,47.333333333333336,1.0,1.0,0.05555555555555555,0.03333333333333333,1.7000000000000002,0.07821312100379274,0.16666666666666666,3.0,2.0,0.16666666666666666,0.05000000000000001,2.5500000000000003,0.1278286568150285,0.3333333333333333,4.0,2.0,0.2222222222222222,0.03333333333333333,1.7,0.1483712966804824,0.3333333333333333
original_six,ipin_optimized,exclude_development_P_and_homomers,context,6,6,,17,950,0.5895370370370371,0.08342394007272129,0.07301784710321295,52.0,2.0,1.0,0.1111111111111111,0.06666666666666667,3.4000000000000004,0.06394152317298338,0.16666666666666666,4.0,2.0,0.2222222222222222,0.06666666666666667,3.4,0.11215951123011031,0.3333333333333333,4.0,2.0,0.2222222222222222,0.03333333333333333,1.7,0.11215951123011031,0.3333333333333333
original_six,tuna_retrained,exclude_development_P_and_homomers,context,6,6,,17,950,0.6713888888888889,0.1247435578527758,0.2294730293014046,37.333333333333336,2.0,2.0,0.1111111111111111,0.06666666666666667,3.4000000000000004,0.10847008642668486,0.3333333333333333,3.0,3.0,0.16666666666666666,0.05000000000000001,2.5500000000000003,0.13201458190332302,0.5,6.0,3.0,0.3333333333333333,0.05000000000000001,2.5500000000000003,0.19260733769694238,0.5
original_six,tuna_original,exclude_development_P_and_homomers,context,6,6,,17,950,0.7461111111111111,0.2226150800332635,0.25207864114114115,27.333333333333332,4.0,2.0,0.2222222222222222,0.13333333333333333,6.8,0.19492922166495283,0.3333333333333333,6.0,3.0,0.3333333333333333,0.10000000000000002,5.1000000000000005,0.24746279007314198,0.5,8.0,4.0,0.4444444444444444,0.06666666666666667,3.4000000000000004,0.28511288250759576,0.6666666666666666
original_six,ipin_baseline,exclude_development_P_and_homomers,background,6,6,,17,950,0.6199074074074075,0.07290327316327881,0.09114766488898789,38.166666666666664,1.0,1.0,0.05555555555555555,0.03333333333333333,1.7000000000000002,0.03910656050189637,0.16666666666666666,3.0,2.0,0.16666666666666666,0.05000000000000001,2.5500000000000003,0.08985109341698272,0.3333333333333333,4.0,2.0,0.2222222222222222,0.03333333333333333,1.7,0.10860757488289396,0.3333333333333333
original_six,ipin_optimized,exclude_development_P_and_homomers,background,6,6,,17,950,0.6618518518518518,0.08768695599668797,0.07447985483501578,45.833333333333336,1.0,1.0,0.05555555555555555,0.03333333333333333,1.7000000000000002,0.033684557750091264,0.16666666666666666,4.0,2.0,0.2222222222222222,0.06666666666666667,3.4,0.10976262163491858,0.3333333333333333,5.0,2.0,0.27777777777777773,0.041666666666666664,2.125,0.12978189760126047,0.3333333333333333
original_six,tuna_retrained,exclude_development_P_and_homomers,background,6,6,,17,950,0.7375000000000002,0.08803480401034987,0.11634199134199134,24.166666666666668,1.0,1.0,0.05555555555555555,0.03333333333333333,1.7000000000000002,0.03910656050189637,0.16666666666666666,2.0,2.0,0.1111111111111111,0.03333333333333333,1.7000000000000002,0.06696663632959675,0.3333333333333333,8.0,4.0,0.4444444444444444,0.06666666666666667,3.4,0.18378511819870424,0.6666666666666666
original_six,tuna_original,exclude_development_P_and_homomers,background,6,6,,17,950,0.8324074074074076,0.25440280855207736,0.26786735914524956,17.333333333333332,5.0,2.0,0.27777777777777773,0.16666666666666666,8.5,0.23403578216684917,0.3333333333333333,6.0,3.0,0.3333333333333333,0.10000000000000002,5.1000000000000005,0.26010682250144673,0.5,9.0,4.0,0.5,0.075,3.8249999999999997,0.3217347420978085,0.6666666666666666
original_six,ipin_baseline,exclude_development_P_and_homomers,low_plausibility,6,6,,17,950,0.690462962962963,0.1097586734232862,0.18824965883789413,31.0,2.0,2.0,0.1111111111111111,0.06666666666666667,3.4000000000000004,0.09869397032195508,0.3333333333333333,2.0,2.0,0.1111111111111111,0.03333333333333333,1.7000000000000002,0.09869397032195508,0.3333333333333333,5.0,3.0,0.27777777777777773,0.041666666666666664,2.125,0.15928672611557443,0.5
original_six,ipin_optimized,exclude_development_P_and_homomers,low_plausibility,6,6,,17,950,0.7093518518518519,0.21038591789967023,0.18247728516694037,39.166666666666664,5.0,2.0,0.27777777777777773,0.16666666666666666,8.5,0.2071640567486399,0.3333333333333333,6.0,2.0,0.3333333333333333,0.09999999999999999,5.1,0.23502413257634033,0.3333333333333333,6.0,2.0,0.3333333333333333,0.049999999999999996,2.55,0.23502413257634033,0.3333333333333333
original_six,tuna_retrained,exclude_development_P_and_homomers,low_plausibility,6,6,,17,950,0.7832407407407408,0.18770987144206555,0.19788359788359786,20.333333333333332,4.0,2.0,0.2222222222222222,0.13333333333333333,6.8,0.1578170715876624,0.3333333333333333,8.0,5.0,0.4444444444444444,0.13333333333333333,7.077777777777778,0.2537789289802313,0.8333333333333334,11.0,5.0,0.611111111111111,0.09166666666666667,4.952777777777778,0.31087915751203204,0.8333333333333334
original_six,tuna_original,exclude_development_P_and_homomers,low_plausibility,6,6,,17,950,0.8751851851851852,0.5362609973425576,0.5883838383838383,7.5,9.0,4.0,0.5,0.30000000000000004,15.855555555555554,0.5,0.6666666666666666,13.0,5.0,0.7222222222222223,0.21666666666666665,11.883333333333333,0.6021491042194249,0.8333333333333334,13.0,5.0,0.7222222222222223,0.10833333333333332,5.941666666666666,0.6021491042194249,0.8333333333333334
original_six,ipin_baseline,exclude_development_P_and_homomers,context_background,6,6,,17,1900,0.5804166666666667,0.04727855996684662,0.0725859298582726,84.5,1.0,1.0,0.05555555555555555,0.03333333333333333,3.3666666666666667,0.03910656050189637,0.16666666666666666,1.0,1.0,0.05555555555555555,0.016666666666666666,1.6833333333333333,0.03910656050189637,0.16666666666666666,3.0,2.0,0.16666666666666666,0.025000000000000005,2.525,0.07937761242829827,0.3333333333333333
original_six,ipin_optimized,exclude_development_P_and_homomers,context_background,6,6,,17,1900,0.6256944444444444,0.04773097497717249,0.04044702046771701,96.83333333333333,0.0,0.0,0.0,0.0,0.0,0.0,0.0,2.0,1.0,0.1111111111111111,0.03333333333333333,3.3666666666666667,0.04961553581123574,0.16666666666666666,4.0,2.0,0.2222222222222222,0.03333333333333333,3.3666666666666667,0.0887220963131321,0.3333333333333333
original_six,tuna_retrained,exclude_development_P_and_homomers,context_background,6,6,,17,1900,0.7044444444444444,0.05198316171992651,0.08153979632474255,60.5,1.0,1.0,0.05555555555555555,0.03333333333333333,3.3666666666666667,0.03910656050189637,0.16666666666666666,1.0,1.0,0.05555555555555555,0.016666666666666666,1.6833333333333333,0.03910656050189637,0.16666666666666666,3.0,3.0,0.16666666666666666,0.025000000000000005,2.525,0.07532542703871098,0.5
original_six,tuna_original,exclude_development_P_and_homomers,context_background,6,6,,17,1900,0.7892592592592592,0.1860602366768199,0.20894914983537274,43.666666666666664,3.0,1.0,0.16666666666666666,0.09999999999999999,10.1,0.15781707158766242,0.16666666666666666,5.0,2.0,0.27777777777777773,0.08333333333333333,8.416666666666666,0.2050992264068925,0.3333333333333333,6.0,3.0,0.3333333333333333,0.05000000000000001,5.05,0.22423410886122877,0.5
original_six,ipin_baseline,exclude_development_P_and_homomers,all_U,6,6,,17,2850,0.6170987654320987,0.03389831078522255,0.05634551890053708,114.5,1.0,1.0,0.05555555555555555,0.03333333333333333,5.033333333333334,0.033684557750091264,0.16666666666666666,1.0,1.0,0.05555555555555555,0.016666666666666666,2.516666666666667,0.033684557750091264,0.16666666666666666,2.0,2.0,0.1111111111111111,0.016666666666666666,2.516666666666667,0.05244103921600252,0.3333333333333333
original_six,ipin_optimized,exclude_development_P_and_homomers,all_U,6,6,,17,2850,0.6535802469135802,0.04167149259634903,0.03532872944851525,135.0,0.0,0.0,0.0,0.0,0.0,0.0,0.0,2.0,1.0,0.1111111111111111,0.03333333333333333,5.033333333333334,0.047282154819230066,0.16666666666666666,4.0,2.0,0.2222222222222222,0.03333333333333333,5.033333333333333,0.08517351873947765,0.3333333333333333
original_six,tuna_retrained,exclude_development_P_and_homomers,all_U,6,6,,17,2850,0.73070987654321,0.040768743080941576,0.06183588016921351,79.83333333333333,1.0,1.0,0.05555555555555555,0.03333333333333333,5.033333333333334,0.033684557750091264,0.16666666666666666,1.0,1.0,0.05555555555555555,0.016666666666666666,2.516666666666667,0.033684557750091264,0.16666666666666666,1.0,1.0,0.05555555555555555,0.008333333333333333,1.2583333333333335,0.033684557750091264,0.16666666666666666
original_six,tuna_original,exclude_development_P_and_homomers,all_U,6,6,,17,2850,0.8179012345679012,0.18300217910999006,0.2061171324869955,50.166666666666664,3.0,1.0,0.16666666666666666,0.09999999999999999,15.1,0.15781707158766242,0.16666666666666666,5.0,2.0,0.27777777777777773,0.08333333333333333,12.583333333333334,0.2050992264068925,0.3333333333333333,5.0,2.0,0.27777777777777773,0.041666666666666664,6.291666666666667,0.2050992264068925,0.3333333333333333
original_six,ipin_baseline,exclude_prior_train_development_P,context,6,6,,18,950,0.5675925925925926,0.11164662041202277,0.2079320682261859,34.333333333333336,1.0,1.0,0.05555555555555555,0.03333333333333333,1.7000000000000002,0.07821312100379274,0.16666666666666666,3.0,2.0,0.16666666666666666,0.05000000000000001,2.5500000000000003,0.1278286568150285,0.3333333333333333,5.0,3.0,0.2638888888888889,0.041666666666666664,2.125,0.1654601531168527,0.5
original_six,ipin_optimized,exclude_prior_train_development_P,context,6,6,,18,950,0.6164814814814815,0.09066525666485496,0.09951357359893946,31.333333333333332,2.0,1.0,0.1111111111111111,0.06666666666666667,3.4000000000000004,0.06394152317298338,0.16666666666666666,5.0,3.0,0.2638888888888889,0.08333333333333333,4.25,0.1353355411485729,0.5,5.0,3.0,0.2638888888888889,0.041666666666666664,2.125,0.1353355411485729,0.5
original_six,tuna_retrained,exclude_prior_train_development_P,context,6,6,,18,950,0.6950694444444445,0.16690142984152886,0.39394671351193083,24.833333333333332,3.0,3.0,0.15277777777777776,0.10000000000000002,5.1000000000000005,0.17353342809203512,0.5,4.0,4.0,0.2083333333333333,0.06666666666666667,3.4000000000000004,0.1970779235686733,0.6666666666666666,7.0,4.0,0.375,0.05833333333333333,2.975,0.25767067936229265,0.6666666666666666
original_six,tuna_original,exclude_prior_train_development_P,context,6,6,,18,950,0.7684722222222223,0.2647353432814337,0.4164930555555555,15.166666666666666,5.0,3.0,0.2638888888888889,0.16666666666666666,8.5,0.25999256333030313,0.5,7.0,4.0,0.375,0.11666666666666665,5.95,0.31252613173849225,0.6666666666666666,9.0,5.0,0.4861111111111111,0.075,3.8250000000000006,0.350176224172946,0.8333333333333334
original_six,ipin_baseline,exclude_prior_train_development_P,background,6,6,,18,950,0.6468518518518518,0.08026517431167444,0.11681573802541544,26.0,1.0,1.0,0.05555555555555555,0.03333333333333333,1.7000000000000002,0.03910656050189637,0.16666666666666666,4.0,3.0,0.20833333333333334,0.06666666666666667,3.4000000000000004,0.1130271233354453,0.5,5.0,3.0,0.2638888888888889,0.041666666666666664,2.125,0.13178360480135656,0.5
original_six,ipin_optimized,exclude_prior_train_development_P,background,6,6,,18,950,0.6862962962962963,0.09263866256469382,0.09159781312944465,27.5,1.0,1.0,0.05555555555555555,0.03333333333333333,1.7000000000000002,0.033684557750091264,0.16666666666666666,5.0,3.0,0.2638888888888889,0.08333333333333333,4.25,0.12934863909432312,0.5,6.0,3.0,0.3194444444444444,0.05000000000000001,2.5500000000000003,0.14936791506066502,0.5
original_six,tuna_retrained,exclude_prior_train_development_P,background,6,6,,18,950,0.7518750000000001,0.13074189322792618,0.2779581529581529,18.833333333333332,2.0,2.0,0.09722222222222221,0.06666666666666667,3.4000000000000004,0.10416990216724664,0.3333333333333333,3.0,3.0,0.15277777777777776,0.05000000000000001,2.5500000000000003,0.13202997799494703,0.5,9.0,5.0,0.4861111111111111,0.07500000000000001,3.8249999999999997,0.2488484598640545,0.8333333333333334
original_six,tuna_original,exclude_prior_train_development_P,background,6,6,,18,950,0.8410185185185185,0.2971095154426458,0.4287868993751347,12.666666666666666,6.0,3.0,0.3194444444444444,0.20000000000000004,10.200000000000001,0.29909912383219944,0.5,7.0,4.0,0.375,0.11666666666666665,5.95,0.32517016416679706,0.6666666666666666,10.0,5.0,0.5416666666666666,0.08333333333333333,4.25,0.38679808376315883,0.8333333333333334
original_six,ipin_baseline,exclude_prior_train_development_P,low_plausibility,6,6,,18,950,0.7184490740740741,0.11850950457701603,0.21944624003447535,18.833333333333332,3.0,3.0,0.15277777777777776,0.10000000000000002,5.1000000000000005,0.12386390669325593,0.5,3.0,3.0,0.15277777777777776,0.05000000000000001,2.5500000000000003,0.12386390669325593,0.5,6.0,4.0,0.3194444444444444,0.049999999999999996,2.5500000000000003,0.1844566624868753,0.6666666666666666
original_six,ipin_optimized,exclude_prior_train_development_P,low_plausibility,6,6,,18,950,0.7366435185185186,0.2190242393932774,0.2144772851669403,19.166666666666668,6.0,3.0,0.3194444444444444,0.20000000000000004,10.200000000000001,0.23233399311994077,0.5,7.0,3.0,0.375,0.11666666666666665,5.949999999999999,0.2601940689476412,0.5,7.0,3.0,0.375,0.05833333333333333,2.9749999999999996,0.2601940689476412,0.5
original_six,tuna_retrained,exclude_prior_train_development_P,low_plausibility,6,6,,18,950,0.7913657407407407,0.23178770407465002,0.34788359788359785,18.833333333333332,5.0,3.0,0.2638888888888889,0.16666666666666666,8.5,0.22288041325301267,0.5,8.0,5.0,0.4305555555555555,0.13333333333333333,6.800000000000001,0.2962336084068403,0.8333333333333334,12.0,5.0,0.625,0.09999999999999999,5.1,0.36795091511027617,0.8333333333333334
original_six,tuna_original,exclude_prior_train_development_P,low_plausibility,6,6,,18,950,0.8760185185185185,0.5776796481362084,0.6994949494949495,7.166666666666667,10.0,4.0,0.5277777777777778,0.3333333333333333,17.0,0.5539780372086401,0.6666666666666666,14.0,5.0,0.7222222222222223,0.23333333333333336,11.9,0.6454938250341108,0.8333333333333334,14.0,5.0,0.7222222222222223,0.11666666666666668,5.95,0.6454938250341108,0.8333333333333334
original_six,ipin_baseline,exclude_prior_train_development_P,context_background,6,6,,18,1900,0.6072222222222222,0.04979656116500183,0.08085899582364625,59.333333333333336,1.0,1.0,0.05555555555555555,0.03333333333333333,3.3666666666666667,0.03910656050189637,0.16666666666666666,1.0,1.0,0.05555555555555555,0.016666666666666666,1.6833333333333333,0.03910656050189637,0.16666666666666666,4.0,3.0,0.20833333333333334,0.03333333333333333,3.3666666666666667,0.0946941029897407,0.5
original_six,ipin_optimized,exclude_prior_train_development_P,context_background,6,6,,18,1900,0.6513888888888889,0.0508676519292536,0.05167973936172623,57.833333333333336,0.0,0.0,0.0,0.0,0.0,0.0,0.0,2.0,1.0,0.1111111111111111,0.03333333333333333,3.3666666666666667,0.04961553581123574,0.16666666666666666,5.0,3.0,0.2638888888888889,0.041666666666666664,4.208333333333333,0.10537558073332136,0.5
original_six,tuna_retrained,exclude_prior_train_development_P,context_background,6,6,,18,1900,0.7234722222222224,0.0940038816591508,0.24666325311486603,42.666666666666664,2.0,2.0,0.09722222222222221,0.06666666666666667,6.733333333333333,0.10416990216724664,0.3333333333333333,2.0,2.0,0.09722222222222221,0.03333333333333333,3.3666666666666667,0.10416990216724664,0.3333333333333333,4.0,4.0,0.2083333333333333,0.03333333333333333,3.3666666666666667,0.14038876870406125,0.6666666666666666
original_six,tuna_original,exclude_prior_train_development_P,context_background,6,6,,18,1900,0.8047453703703704,0.228063101358705,0.3739818295739348,26.833333333333332,4.0,2.0,0.20833333333333334,0.13333333333333333,13.466666666666667,0.2228804132530127,0.3333333333333333,6.0,3.0,0.3194444444444444,0.10000000000000002,10.1,0.27016256807224276,0.5,7.0,4.0,0.375,0.05833333333333333,5.891666666666667,0.28929745052657907,0.6666666666666666
original_six,ipin_baseline,exclude_prior_train_development_P,all_U,6,6,,18,2850,0.6442978395061728,0.0359318752600744,0.0632437697012269,77.16666666666667,1.0,1.0,0.05555555555555555,0.03333333333333333,5.033333333333334,0.033684557750091264,0.16666666666666666,1.0,1.0,0.05555555555555555,0.016666666666666666,2.516666666666667,0.033684557750091264,0.16666666666666666,2.0,2.0,0.1111111111111111,0.016666666666666666,2.516666666666667,0.05244103921600252,0.3333333333333333
original_six,ipin_optimized,exclude_prior_train_development_P,all_U,6,6,,18,2850,0.6798070987654321,0.04409408148363784,0.044139960033939385,76.0,0.0,0.0,0.0,0.0,0.0,0.0,0.0,2.0,1.0,0.1111111111111111,0.03333333333333333,5.033333333333334,0.047282154819230066,0.16666666666666666,5.0,3.0,0.2638888888888889,0.041666666666666664,6.291666666666667,0.10049000930092007,0.5
original_six,tuna_retrained,exclude_prior_train_development_P,all_U,6,6,,18,2850,0.7461033950617284,0.08276125431498862,0.22707804541137877,60.5,2.0,2.0,0.09722222222222221,0.06666666666666667,10.066666666666668,0.09874789941544154,0.3333333333333333,2.0,2.0,0.09722222222222221,0.03333333333333333,5.033333333333334,0.09874789941544154,0.3333333333333333,2.0,2.0,0.09722222222222221,0.016666666666666666,2.516666666666667,0.09874789941544154,0.3333333333333333
original_six,tuna_original,exclude_prior_train_development_P,all_U,6,6,,18,2850,0.828503086419753,0.22499831389352357,0.37118123505109796,33.0,4.0,2.0,0.20833333333333334,0.13333333333333333,20.133333333333333,0.2228804132530127,0.3333333333333333,6.0,3.0,0.3194444444444444,0.10000000000000002,15.1,0.27016256807224276,0.5,6.0,3.0,0.3194444444444444,0.05000000000000001,7.55,0.27016256807224276,0.5
original_six,ipin_baseline,exclude_prior_train_development_P_and_homomers,context,6,6,,17,950,0.5409259259259259,0.10806965390027366,0.1969430572371749,47.333333333333336,1.0,1.0,0.05555555555555555,0.03333333333333333,1.7000000000000002,0.07821312100379274,0.16666666666666666,3.0,2.0,0.16666666666666666,0.05000000000000001,2.5500000000000003,0.1278286568150285,0.3333333333333333,4.0,2.0,0.2222222222222222,0.03333333333333333,1.7,0.1483712966804824,0.3333333333333333
original_six,ipin_optimized,exclude_prior_train_development_P_and_homomers,context,6,6,,17,950,0.5895370370370371,0.08342394007272129,0.07301784710321295,52.0,2.0,1.0,0.1111111111111111,0.06666666666666667,3.4000000000000004,0.06394152317298338,0.16666666666666666,4.0,2.0,0.2222222222222222,0.06666666666666667,3.4,0.11215951123011031,0.3333333333333333,4.0,2.0,0.2222222222222222,0.03333333333333333,1.7,0.11215951123011031,0.3333333333333333
original_six,tuna_retrained,exclude_prior_train_development_P_and_homomers,context,6,6,,17,950,0.6713888888888889,0.1247435578527758,0.2294730293014046,37.333333333333336,2.0,2.0,0.1111111111111111,0.06666666666666667,3.4000000000000004,0.10847008642668486,0.3333333333333333,3.0,3.0,0.16666666666666666,0.05000000000000001,2.5500000000000003,0.13201458190332302,0.5,6.0,3.0,0.3333333333333333,0.05000000000000001,2.5500000000000003,0.19260733769694238,0.5
original_six,tuna_original,exclude_prior_train_development_P_and_homomers,context,6,6,,17,950,0.7461111111111111,0.2226150800332635,0.25207864114114115,27.333333333333332,4.0,2.0,0.2222222222222222,0.13333333333333333,6.8,0.19492922166495283,0.3333333333333333,6.0,3.0,0.3333333333333333,0.10000000000000002,5.1000000000000005,0.24746279007314198,0.5,8.0,4.0,0.4444444444444444,0.06666666666666667,3.4000000000000004,0.28511288250759576,0.6666666666666666
original_six,ipin_baseline,exclude_prior_train_development_P_and_homomers,background,6,6,,17,950,0.6199074074074075,0.07290327316327881,0.09114766488898789,38.166666666666664,1.0,1.0,0.05555555555555555,0.03333333333333333,1.7000000000000002,0.03910656050189637,0.16666666666666666,3.0,2.0,0.16666666666666666,0.05000000000000001,2.5500000000000003,0.08985109341698272,0.3333333333333333,4.0,2.0,0.2222222222222222,0.03333333333333333,1.7,0.10860757488289396,0.3333333333333333
original_six,ipin_optimized,exclude_prior_train_development_P_and_homomers,background,6,6,,17,950,0.6618518518518518,0.08768695599668797,0.07447985483501578,45.833333333333336,1.0,1.0,0.05555555555555555,0.03333333333333333,1.7000000000000002,0.033684557750091264,0.16666666666666666,4.0,2.0,0.2222222222222222,0.06666666666666667,3.4,0.10976262163491858,0.3333333333333333,5.0,2.0,0.27777777777777773,0.041666666666666664,2.125,0.12978189760126047,0.3333333333333333
original_six,tuna_retrained,exclude_prior_train_development_P_and_homomers,background,6,6,,17,950,0.7375000000000002,0.08803480401034987,0.11634199134199134,24.166666666666668,1.0,1.0,0.05555555555555555,0.03333333333333333,1.7000000000000002,0.03910656050189637,0.16666666666666666,2.0,2.0,0.1111111111111111,0.03333333333333333,1.7000000000000002,0.06696663632959675,0.3333333333333333,8.0,4.0,0.4444444444444444,0.06666666666666667,3.4,0.18378511819870424,0.6666666666666666
original_six,tuna_original,exclude_prior_train_development_P_and_homomers,background,6,6,,17,950,0.8324074074074076,0.25440280855207736,0.26786735914524956,17.333333333333332,5.0,2.0,0.27777777777777773,0.16666666666666666,8.5,0.23403578216684917,0.3333333333333333,6.0,3.0,0.3333333333333333,0.10000000000000002,5.1000000000000005,0.26010682250144673,0.5,9.0,4.0,0.5,0.075,3.8249999999999997,0.3217347420978085,0.6666666666666666
original_six,ipin_baseline,exclude_prior_train_development_P_and_homomers,low_plausibility,6,6,,17,950,0.690462962962963,0.1097586734232862,0.18824965883789413,31.0,2.0,2.0,0.1111111111111111,0.06666666666666667,3.4000000000000004,0.09869397032195508,0.3333333333333333,2.0,2.0,0.1111111111111111,0.03333333333333333,1.7000000000000002,0.09869397032195508,0.3333333333333333,5.0,3.0,0.27777777777777773,0.041666666666666664,2.125,0.15928672611557443,0.5
original_six,ipin_optimized,exclude_prior_train_development_P_and_homomers,low_plausibility,6,6,,17,950,0.7093518518518519,0.21038591789967023,0.18247728516694037,39.166666666666664,5.0,2.0,0.27777777777777773,0.16666666666666666,8.5,0.2071640567486399,0.3333333333333333,6.0,2.0,0.3333333333333333,0.09999999999999999,5.1,0.23502413257634033,0.3333333333333333,6.0,2.0,0.3333333333333333,0.049999999999999996,2.55,0.23502413257634033,0.3333333333333333
original_six,tuna_retrained,exclude_prior_train_development_P_and_homomers,low_plausibility,6,6,,17,950,0.7832407407407408,0.18770987144206555,0.19788359788359786,20.333333333333332,4.0,2.0,0.2222222222222222,0.13333333333333333,6.8,0.1578170715876624,0.3333333333333333,8.0,5.0,0.4444444444444444,0.13333333333333333,7.077777777777778,0.2537789289802313,0.8333333333333334,11.0,5.0,0.611111111111111,0.09166666666666667,4.952777777777778,0.31087915751203204,0.8333333333333334
original_six,tuna_original,exclude_prior_train_development_P_and_homomers,low_plausibility,6,6,,17,950,0.8751851851851852,0.5362609973425576,0.5883838383838383,7.5,9.0,4.0,0.5,0.30000000000000004,15.855555555555554,0.5,0.6666666666666666,13.0,5.0,0.7222222222222223,0.21666666666666665,11.883333333333333,0.6021491042194249,0.8333333333333334,13.0,5.0,0.7222222222222223,0.10833333333333332,5.941666666666666,0.6021491042194249,0.8333333333333334
original_six,ipin_baseline,exclude_prior_train_development_P_and_homomers,context_background,6,6,,17,1900,0.5804166666666667,0.04727855996684662,0.0725859298582726,84.5,1.0,1.0,0.05555555555555555,0.03333333333333333,3.3666666666666667,0.03910656050189637,0.16666666666666666,1.0,1.0,0.05555555555555555,0.016666666666666666,1.6833333333333333,0.03910656050189637,0.16666666666666666,3.0,2.0,0.16666666666666666,0.025000000000000005,2.525,0.07937761242829827,0.3333333333333333
original_six,ipin_optimized,exclude_prior_train_development_P_and_homomers,context_background,6,6,,17,1900,0.6256944444444444,0.04773097497717249,0.04044702046771701,96.83333333333333,0.0,0.0,0.0,0.0,0.0,0.0,0.0,2.0,1.0,0.1111111111111111,0.03333333333333333,3.3666666666666667,0.04961553581123574,0.16666666666666666,4.0,2.0,0.2222222222222222,0.03333333333333333,3.3666666666666667,0.0887220963131321,0.3333333333333333
original_six,tuna_retrained,exclude_prior_train_development_P_and_homomers,context_background,6,6,,17,1900,0.7044444444444444,0.05198316171992651,0.08153979632474255,60.5,1.0,1.0,0.05555555555555555,0.03333333333333333,3.3666666666666667,0.03910656050189637,0.16666666666666666,1.0,1.0,0.05555555555555555,0.016666666666666666,1.6833333333333333,0.03910656050189637,0.16666666666666666,3.0,3.0,0.16666666666666666,0.025000000000000005,2.525,0.07532542703871098,0.5
original_six,tuna_original,exclude_prior_train_development_P_and_homomers,context_background,6,6,,17,1900,0.7892592592592592,0.1860602366768199,0.20894914983537274,43.666666666666664,3.0,1.0,0.16666666666666666,0.09999999999999999,10.1,0.15781707158766242,0.16666666666666666,5.0,2.0,0.27777777777777773,0.08333333333333333,8.416666666666666,0.2050992264068925,0.3333333333333333,6.0,3.0,0.3333333333333333,0.05000000000000001,5.05,0.22423410886122877,0.5
original_six,ipin_baseline,exclude_prior_train_development_P_and_homomers,all_U,6,6,,17,2850,0.6170987654320987,0.03389831078522255,0.05634551890053708,114.5,1.0,1.0,0.05555555555555555,0.03333333333333333,5.033333333333334,0.033684557750091264,0.16666666666666666,1.0,1.0,0.05555555555555555,0.016666666666666666,2.516666666666667,0.033684557750091264,0.16666666666666666,2.0,2.0,0.1111111111111111,0.016666666666666666,2.516666666666667,0.05244103921600252,0.3333333333333333
original_six,ipin_optimized,exclude_prior_train_development_P_and_homomers,all_U,6,6,,17,2850,0.6535802469135802,0.04167149259634903,0.03532872944851525,135.0,0.0,0.0,0.0,0.0,0.0,0.0,0.0,2.0,1.0,0.1111111111111111,0.03333333333333333,5.033333333333334,0.047282154819230066,0.16666666666666666,4.0,2.0,0.2222222222222222,0.03333333333333333,5.033333333333333,0.08517351873947765,0.3333333333333333
original_six,tuna_retrained,exclude_prior_train_development_P_and_homomers,all_U,6,6,,17,2850,0.73070987654321,0.040768743080941576,0.06183588016921351,79.83333333333333,1.0,1.0,0.05555555555555555,0.03333333333333333,5.033333333333334,0.033684557750091264,0.16666666666666666,1.0,1.0,0.05555555555555555,0.016666666666666666,2.516666666666667,0.033684557750091264,0.16666666666666666,1.0,1.0,0.05555555555555555,0.008333333333333333,1.2583333333333335,0.033684557750091264,0.16666666666666666
original_six,tuna_original,exclude_prior_train_development_P_and_homomers,all_U,6,6,,17,2850,0.8179012345679012,0.18300217910999006,0.2061171324869955,50.166666666666664,3.0,1.0,0.16666666666666666,0.09999999999999999,15.1,0.15781707158766242,0.16666666666666666,5.0,2.0,0.27777777777777773,0.08333333333333333,12.583333333333334,0.2050992264068925,0.3333333333333333,5.0,2.0,0.27777777777777773,0.041666666666666664,6.291666666666667,0.2050992264068925,0.3333333333333333
original_six,ipin_baseline,exclude_any_model_prior_pairs,context,6,5,BCL2,15,800,0.4877777777777778,0.032877043395526245,0.04951848187142305,41.0,0.0,0.0,0.0,0.0,0.0,0.0,0.0,1.0,1.0,0.06666666666666667,0.02,1.02,0.028253394571965795,0.2,2.0,2.0,0.11666666666666665,0.02,1.02,0.048760022295610175,0.4
original_six,ipin_optimized,exclude_any_model_prior_pairs,context,6,5,BCL2,15,800,0.5451111111111111,0.043242752442270396,0.06941628831872734,36.8,0.0,0.0,0.0,0.0,0.0,0.0,0.0,2.0,2.0,0.11666666666666665,0.04,2.04,0.057419426998741654,0.4,2.0,2.0,0.11666666666666665,0.02,1.02,0.057419426998741654,0.4
original_six,tuna_retrained,exclude_any_model_prior_pairs,context,6,5,BCL2,15,800,0.6571944444444444,0.1700652655933844,0.4327360562143171,28.8,2.0,2.0,0.11666666666666665,0.08,4.08,0.17193175520297163,0.4,3.0,3.0,0.1833333333333333,0.06000000000000001,3.06,0.20018514977493745,0.6,5.0,3.0,0.31666666666666665,0.05,2.55,0.24671605869364122,0.6
original_six,tuna_original,exclude_any_model_prior_pairs,context,6,5,BCL2,15,800,0.7652777777777778,0.2914982014114047,0.4497916666666666,17.4,4.0,2.0,0.25,0.16,8.16,0.2715696066962542,0.4,6.0,3.0,0.3833333333333333,0.12000000000000002,6.12,0.3346098887860812,0.6,7.0,4.0,0.45,0.06999999999999999,3.5700000000000003,0.358073825087219,0.8
original_six,ipin_baseline,exclude_any_model_prior_pairs,background,6,5,BCL2,15,799,0.5857967615857064,0.04331218178706417,0.07351221896383187,30.6,0.0,0.0,0.0,0.0,0.0,0.0,0.0,2.0,2.0,0.11666666666666665,0.04,2.035,0.057419426998741654,0.4,2.0,2.0,0.11666666666666665,0.02,1.0175,0.057419426998741654,0.4
original_six,ipin_optimized,exclude_any_model_prior_pairs,background,6,5,BCL2,15,799,0.629604690117253,0.05008223701862126,0.05991737575533358,32.2,0.0,0.0,0.0,0.0,0.0,0.0,0.0,2.0,2.0,0.11666666666666665,0.04,2.035,0.05311141204787195,0.4,3.0,2.0,0.18333333333333332,0.030000000000000006,1.5275000000000003,0.07713454320748223,0.4
original_six,tuna_retrained,exclude_any_model_prior_pairs,background,6,5,BCL2,15,799,0.735574539363484,0.13988331445644628,0.31926406926406925,19.8,2.0,2.0,0.11666666666666665,0.08,4.07,0.12500388260069598,0.4,3.0,3.0,0.1833333333333333,0.06000000000000001,3.0550000000000006,0.15843597359393644,0.6,7.0,4.0,0.45,0.06999999999999999,3.5675000000000003,0.2516331617320516,0.8
original_six,tuna_original,exclude_any_model_prior_pairs,background,6,5,BCL2,15,799,0.8628442211055276,0.34489367356009665,0.4991596638655462,12.6,6.0,3.0,0.3833333333333333,0.24000000000000005,12.23,0.3589189485986394,0.6,7.0,4.0,0.45,0.13999999999999999,7.135000000000001,0.39020419700015646,0.8,9.0,4.0,0.5833333333333333,0.09000000000000001,4.5875,0.4395065326772459,0.8
original_six,ipin_baseline,exclude_any_model_prior_pairs,low_plausibility,6,5,BCL2,15,800,0.6728055555555554,0.08499215415552086,0.16333548804137038,22.2,2.0,2.0,0.11666666666666665,0.08,4.08,0.08942030583873409,0.4,2.0,2.0,0.11666666666666665,0.04,2.04,0.08942030583873409,0.4,3.0,3.0,0.1833333333333333,0.030000000000000006,1.53,0.11344343699834436,0.6
original_six,ipin_optimized,exclude_any_model_prior_pairs,low_plausibility,6,5,BCL2,15,800,0.68575,0.14505130949415507,0.15737274220032843,22.6,3.0,2.0,0.18333333333333332,0.12000000000000002,6.12,0.13634817844100974,0.4,4.0,2.0,0.25,0.08,4.08,0.1697802694342502,0.4,4.0,2.0,0.25,0.04,2.04,0.1697802694342502,0.4
original_six,tuna_retrained,exclude_any_model_prior_pairs,low_plausibility,6,5,BCL2,15,800,0.7900833333333334,0.2611726200908683,0.3974603174603174,20.6,5.0,3.0,0.31666666666666665,0.2,10.2,0.2674564959036152,0.6,7.0,4.0,0.45,0.13999999999999999,7.140000000000001,0.32834993540171886,0.8,10.0,4.0,0.6166666666666667,0.1,5.1,0.39231622445402237,0.8
original_six,tuna_original,exclude_any_model_prior_pairs,low_plausibility,6,5,BCL2,15,800,0.9383333333333332,0.6782617845117845,0.806060606060606,7.4,10.0,4.0,0.6333333333333333,0.4,20.4,0.6647736446503683,0.8,13.0,4.0,0.8,0.26,13.26,0.7411604990476924,0.8,13.0,4.0,0.8,0.13,6.63,0.7411604990476924,0.8
original_six,ipin_baseline,exclude_any_model_prior_pairs,context_background,6,5,BCL2,15,1599,0.5367794486215539,0.019021795792345343,0.030364128321708837,70.6,0.0,0.0,0.0,0.0,0.0,0.0,0.0,0.0,0.0,0.0,0.0,0.0,0.0,0.0,2.0,2.0,0.11666666666666665,0.02,2.0175,0.04134164761893448,0.4
original_six,ipin_optimized,exclude_any_model_prior_pairs,context_background,6,5,BCL2,15,1599,0.5873500417710943,0.02337564895743256,0.0334442586626429,68.0,0.0,0.0,0.0,0.0,0.0,0.0,0.0,0.0,0.0,0.0,0.0,0.0,0.0,0.0,2.0,2.0,0.11666666666666665,0.02,2.0175,0.0434481176053649,0.4
original_six,tuna_retrained,exclude_any_model_prior_pairs,context_background,6,5,BCL2,15,1599,0.6963425229741019,0.10154729806695437,0.2848847926267281,47.6,2.0,2.0,0.11666666666666665,0.08,8.07,0.12500388260069598,0.4,2.0,2.0,0.11666666666666665,0.04,4.035,0.12500388260069598,0.4,3.0,3.0,0.1833333333333333,0.030000000000000006,3.0275,0.14637204345305405,0.6
original_six,tuna_original,exclude_any_model_prior_pairs,context_background,6,5,BCL2,15,1599,0.8139991645781119,0.2655765655123025,0.4362781954887217,29.0,4.0,2.0,0.25,0.16,16.15,0.26745649590361525,0.4,6.0,3.0,0.3833333333333333,0.12000000000000002,12.115,0.3241950816866913,0.6,6.0,3.0,0.3833333333333333,0.06000000000000001,6.0575,0.3241950816866913,0.6
original_six,ipin_baseline,exclude_any_model_prior_pairs,all_U,6,5,BCL2,15,2399,0.5821215606257342,0.01522736749294531,0.025892523641472286,91.8,0.0,0.0,0.0,0.0,0.0,0.0,0.0,0.0,0.0,0.0,0.0,0.0,0.0,0.0,1.0,1.0,0.06666666666666667,0.01,1.5100000000000002,0.02250777775909352,0.2
original_six,ipin_optimized,exclude_any_model_prior_pairs,all_U,6,5,BCL2,15,2399,0.6201481481481481,0.019484319085946743,0.027967952040727263,89.6,0.0,0.0,0.0,0.0,0.0,0.0,0.0,0.0,0.0,0.0,0.0,0.0,0.0,0.0,2.0,2.0,0.11666666666666665,0.02,3.0175000000000005,0.04134164761893448,0.4
original_six,tuna_retrained,exclude_any_model_prior_pairs,all_U,6,5,BCL2,15,2399,0.7276113275211773,0.09231142750368851,0.2650862470862471,67.2,2.0,2.0,0.11666666666666665,0.08,12.070000000000002,0.11849747929852986,0.4,2.0,2.0,0.11666666666666665,0.04,6.035000000000001,0.11849747929852986,0.4,2.0,2.0,0.11666666666666665,0.02,3.0175000000000005,0.11849747929852986,0.4
original_six,tuna_original,exclude_any_model_prior_pairs,all_U,6,5,BCL2,15,2399,0.8554733197304148,0.2648531994400724,0.4358936725375081,35.4,4.0,2.0,0.25,0.16,24.15,0.26745649590361525,0.4,6.0,3.0,0.3833333333333333,0.12000000000000002,18.115000000000002,0.3241950816866913,0.6,6.0,3.0,0.3833333333333333,0.06000000000000001,9.057500000000001,0.3241950816866913,0.6
original_six,ipin_baseline,exclude_any_model_prior_pairs_and_homomers,context,6,5,BCL2,14,800,0.4557777777777778,0.028584683581427302,0.036331668684609866,56.6,0.0,0.0,0.0,0.0,0.0,0.0,0.0,1.0,1.0,0.06666666666666667,0.02,1.02,0.028253394571965795,0.2,1.0,1.0,0.06666666666666667,0.01,0.51,0.028253394571965795,0.2
original_six,ipin_optimized,exclude_any_model_prior_pairs_and_homomers,context,6,5,BCL2,14,800,0.5127777777777778,0.03455317253170999,0.03762141652385555,61.6,0.0,0.0,0.0,0.0,0.0,0.0,0.0,1.0,1.0,0.06666666666666667,0.02,1.02,0.029608191096586522,0.2,1.0,1.0,0.06666666666666667,0.01,0.51,0.029608191096586522,0.2
original_six,tuna_retrained,exclude_any_model_prior_pairs_and_homomers,context,6,5,BCL2,14,800,0.6287777777777778,0.11947581920688075,0.2353676351616855,43.8,1.0,1.0,0.06666666666666667,0.04,2.04,0.09385574520455128,0.2,2.0,2.0,0.13333333333333333,0.04,2.04,0.12210913977651709,0.4,4.0,2.0,0.26666666666666666,0.04,2.04,0.16864004869522087,0.4
original_six,tuna_original,exclude_any_model_prior_pairs_and_homomers,context,6,5,BCL2,14,800,0.7384444444444445,0.24095388551360042,0.2524943693693694,32.0,3.0,1.0,0.2,0.12,6.119999999999999,0.19349359669783386,0.2,5.0,2.0,0.3333333333333333,0.1,5.1,0.2565338787876609,0.4,6.0,3.0,0.4,0.06000000000000001,3.06,0.2799978150887987,0.6
original_six,ipin_baseline,exclude_any_model_prior_pairs_and_homomers,background,6,5,BCL2,14,799,0.5535522054718035,0.03447235359843774,0.042742988194601095,45.0,0.0,0.0,0.0,0.0,0.0,0.0,0.0,1.0,1.0,0.06666666666666667,0.02,1.02,0.029608191096586522,0.2,1.0,1.0,0.06666666666666667,0.01,0.51,0.029608191096586522,0.2
original_six,ipin_optimized,exclude_any_model_prior_pairs_and_homomers,background,6,5,BCL2,14,799,0.6003752093802345,0.04413716454950835,0.039390068787348645,54.0,0.0,0.0,0.0,0.0,0.0,0.0,0.0,1.0,1.0,0.06666666666666667,0.02,1.02,0.029608191096586522,0.2,2.0,1.0,0.13333333333333333,0.02,1.02,0.05363132225619679,0.2
original_six,tuna_retrained,exclude_any_model_prior_pairs_and_homomers,background,6,5,BCL2,14,799,0.7183216080402011,0.08863494710181749,0.12532467532467534,26.2,1.0,1.0,0.06666666666666667,0.04,2.04,0.04692787260227564,0.2,2.0,2.0,0.13333333333333333,0.04,2.04,0.08035996359551609,0.4,6.0,3.0,0.4,0.06000000000000001,3.06,0.17355715173363126,0.6
original_six,tuna_original,exclude_any_model_prior_pairs_and_homomers,background,6,5,BCL2,14,799,0.8524589614740368,0.29364562529141447,0.3060562155896841,18.2,5.0,2.0,0.3333333333333333,0.2,10.2,0.280842938600219,0.4,6.0,3.0,0.4,0.12000000000000002,6.12,0.3121281870017361,0.6,8.0,3.0,0.5333333333333333,0.08,4.08,0.3614305226788255,0.6
original_six,ipin_baseline,exclude_any_model_prior_pairs_and_homomers,low_plausibility,6,5,BCL2,14,800,0.6392222222222221,0.07449115677104506,0.12589959060547296,36.8,1.0,1.0,0.06666666666666667,0.04,2.04,0.059216382193173045,0.2,1.0,1.0,0.06666666666666667,0.02,1.02,0.059216382193173045,0.2,2.0,2.0,0.13333333333333333,0.02,1.02,0.0832395133527833,0.4
original_six,ipin_optimized,exclude_any_model_prior_pairs_and_homomers,low_plausibility,6,5,BCL2,14,800,0.653,0.13468532370182654,0.11897274220032841,46.6,2.0,1.0,0.13333333333333333,0.08,4.08,0.10614425479544869,0.2,3.0,1.0,0.2,0.06,3.0599999999999996,0.13957634578868913,0.2,3.0,1.0,0.2,0.03,1.5299999999999998,0.13957634578868913,0.2
original_six,tuna_retrained,exclude_any_model_prior_pairs_and_homomers,low_plausibility,6,5,BCL2,14,800,0.7803333333333333,0.20827922093176693,0.21746031746031744,22.4,4.0,2.0,0.26666666666666666,0.16,8.16,0.18938048590519488,0.4,7.0,4.0,0.4666666666666666,0.13999999999999999,7.473333333333334,0.27740432008978805,0.8,9.0,4.0,0.6,0.09,4.923333333333334,0.32383011533612943,0.8
original_six,tuna_original,exclude_any_model_prior_pairs_and_homomers,low_plausibility,6,5,BCL2,14,800,0.9373333333333334,0.6285594035594035,0.6727272727272726,7.8,9.0,4.0,0.6,0.36000000000000004,19.026666666666664,0.6,0.8,12.0,4.0,0.8,0.24,13.24,0.6891468340700694,0.8,12.0,4.0,0.8,0.12,6.62,0.6891468340700694,0.8
original_six,ipin_baseline,exclude_any_model_prior_pairs_and_homomers,context_background,6,5,BCL2,14,1599,0.504657477025898,0.015998910441575198,0.02044349340107392,100.6,0.0,0.0,0.0,0.0,0.0,0.0,0.0,0.0,0.0,0.0,0.0,0.0,0.0,0.0,1.0,1.0,0.06666666666666667,0.01,1.01,0.022961858945203566,0.2
original_six,ipin_optimized,exclude_any_model_prior_pairs_and_homomers,context_background,6,5,BCL2,14,1599,0.5565647451963243,0.019610890090561727,0.019968260976118903,114.6,0.0,0.0,0.0,0.0,0.0,0.0,0.0,0.0,0.0,0.0,0.0,0.0,0.0,0.0,1.0,1.0,0.06666666666666667,0.01,1.01,0.02346393630113782,0.2
original_six,tuna_retrained,exclude_any_model_prior_pairs_and_homomers,context_background,6,5,BCL2,14,1599,0.6734937343358396,0.0511224459004749,0.08673664447857996,69.0,1.0,1.0,0.06666666666666667,0.04,4.04,0.04692787260227564,0.2,1.0,1.0,0.06666666666666667,0.02,2.02,0.04692787260227564,0.2,2.0,2.0,0.13333333333333333,0.02,2.02,0.06829603345463368,0.4
original_six,tuna_original,exclude_any_model_prior_pairs_and_homomers,context_background,6,5,BCL2,14,1599,0.7953692564745196,0.2151731278940404,0.2382389798024473,49.2,3.0,1.0,0.2,0.12,12.12,0.1893804859051949,0.2,5.0,2.0,0.3333333333333333,0.1,10.1,0.246119071688271,0.4,5.0,2.0,0.3333333333333333,0.05,5.05,0.246119071688271,0.4
original_six,ipin_baseline,exclude_any_model_prior_pairs_and_homomers,all_U,6,5,BCL2,14,2399,0.549511655227849,0.012786482061842455,0.017617941081175436,136.4,0.0,0.0,0.0,0.0,0.0,0.0,0.0,0.0,0.0,0.0,0.0,0.0,0.0,0.0,1.0,1.0,0.06666666666666667,0.01,1.5100000000000002,0.02250777775909352,0.2
original_six,ipin_optimized,exclude_any_model_prior_pairs_and_homomers,all_U,6,5,BCL2,14,2399,0.5887068571075249,0.016576876196783993,0.017395924487567632,160.2,0.0,0.0,0.0,0.0,0.0,0.0,0.0,0.0,0.0,0.0,0.0,0.0,0.0,0.0,1.0,1.0,0.06666666666666667,0.01,1.5100000000000002,0.022961858945203566,0.2
original_six,tuna_retrained,exclude_any_model_prior_pairs_and_homomers,all_U,6,5,BCL2,14,2399,0.7091360910158906,0.04192041949971718,0.0667956487956488,90.4,1.0,1.0,0.06666666666666667,0.04,6.040000000000001,0.040421469300109515,0.2,1.0,1.0,0.06666666666666667,0.02,3.0200000000000005,0.040421469300109515,0.2,1.0,1.0,0.06666666666666667,0.01,1.5100000000000002,0.040421469300109515,0.2
original_six,tuna_original,exclude_any_model_prior_pairs_and_homomers,all_U,6,5,BCL2,14,2399,0.8427298584059854,0.2144578376998322,0.2378167494605851,56.0,3.0,1.0,0.2,0.12,18.119999999999997,0.1893804859051949,0.2,5.0,2.0,0.3333333333333333,0.1,15.1,0.246119071688271,0.4,5.0,2.0,0.3333333333333333,0.05,7.55,0.246119071688271,0.4
additional_six,ipin_baseline,all_P,context,6,6,,18,900,0.6837037037037037,0.0858748147656254,0.15062358276643992,16.666666666666668,2.0,2.0,0.1111111111111111,0.06666666666666667,3.4000000000000004,0.07821312100379274,0.3333333333333333,3.0,3.0,0.16666666666666666,0.05000000000000001,2.5500000000000003,0.10082178324253403,0.5,6.0,5.0,0.3333333333333333,0.05000000000000001,2.5500000000000003,0.1599988625651468,0.8333333333333334
additional_six,ipin_optimized,all_P,context,6,6,,18,900,0.745925925925926,0.25028321144504767,0.5483465608465609,10.5,4.0,3.0,0.2222222222222222,0.13333333333333333,6.800000000000001,0.2648963284342703,0.5,7.0,5.0,0.38888888888888884,0.11666666666666665,5.95,0.34031435392984544,0.8333333333333334,8.0,5.0,0.4444444444444444,0.06666666666666667,3.4000000000000004,0.36145052340191103,0.8333333333333334
additional_six,tuna_retrained,all_P,context,6,6,,18,900,0.7274074074074074,0.16338344906642066,0.30504201680672266,7.5,5.0,4.0,0.27777777777777773,0.16666666666666666,8.5,0.20952375967695866,0.6666666666666666,5.0,4.0,0.27777777777777773,0.08333333333333333,4.25,0.20952375967695866,0.6666666666666666,7.0,6.0,0.38888888888888884,0.05833333333333333,2.975,0.2482995171092118,1.0
additional_six,tuna_original,all_P,context,6,6,,18,900,0.6625925925925927,0.22193294064289815,0.37578162578162577,21.5,3.0,2.0,0.16666666666666666,0.10000000000000002,5.1000000000000005,0.20577322716856303,0.3333333333333333,5.0,3.0,0.27777777777777773,0.08333333333333333,4.25,0.2583067955767522,0.5,6.0,3.0,0.3333333333333333,0.05000000000000001,2.5500000000000003,0.278326071543094,0.5
additional_six,ipin_baseline,all_P,background,6,6,,18,900,0.7662962962962964,0.1225950114438815,0.22096653346653347,10.5,2.0,2.0,0.1111111111111111,0.06666666666666667,3.4000000000000004,0.09869397032195508,0.3333333333333333,4.0,3.0,0.2222222222222222,0.06666666666666667,3.4000000000000004,0.1480409554829326,0.5,6.0,5.0,0.3333333333333333,0.05000000000000001,2.5500000000000003,0.1898772298106407,0.8333333333333334
additional_six,ipin_optimized,all_P,background,6,6,,18,900,0.7859259259259259,0.20476954698084138,0.39008714596949884,8.833333333333334,4.0,4.0,0.2222222222222222,0.13333333333333333,6.800000000000001,0.2071640567486399,0.6666666666666666,7.0,5.0,0.38888888888888884,0.11666666666666665,5.95,0.2832421206334672,0.8333333333333334,9.0,5.0,0.49999999999999994,0.075,3.8250000000000006,0.3235131725598691,0.8333333333333334
additional_six,tuna_retrained,all_P,background,6,6,,18,900,0.7725925925925926,0.21738025210876954,0.3363095238095238,4.833333333333333,4.0,3.0,0.2222222222222222,0.13333333333333333,6.800000000000001,0.2003512244167579,0.5,7.0,6.0,0.38888888888888884,0.11666666666666665,5.95,0.2789558331595446,1.0,11.0,6.0,0.6111111111111112,0.09166666666666666,4.675,0.357192231163411,1.0
additional_six,tuna_original,all_P,background,6,6,,18,900,0.7503703703703705,0.15986487086771162,0.2936626604389762,16.166666666666668,3.0,2.0,0.16666666666666666,0.10000000000000002,5.1000000000000005,0.1578170715876624,0.3333333333333333,4.0,3.0,0.2222222222222222,0.06666666666666667,3.4000000000000004,0.18388811192225996,0.5,7.0,4.0,0.38888888888888884,0.05833333333333333,2.975,0.24264679344826087,0.6666666666666666
additional_six,ipin_baseline,all_P,low_plausibility,6,6,,18,900,0.8796296296296297,0.35861199751559525,0.7113095238095237,3.1666666666666665,5.0,4.0,0.27777777777777773,0.16666666666666666,8.5,0.35195904451706733,0.6666666666666666,8.0,6.0,0.4444444444444444,0.13333333333333333,6.800000000000001,0.42877461776675124,1.0,13.0,6.0,0.7222222222222222,0.10833333333333334,5.5249999999999995,0.5288999329694738,1.0
additional_six,ipin_optimized,all_P,low_plausibility,6,6,,18,900,0.8755555555555556,0.519102390348975,0.8452380952380952,3.1666666666666665,9.0,5.0,0.49999999999999994,0.3,15.300000000000002,0.5625506935929064,0.8333333333333334,10.0,5.0,0.5555555555555555,0.16666666666666666,8.500000000000002,0.5860951890695446,0.8333333333333334,13.0,6.0,0.7222222222222222,0.10833333333333334,5.5249999999999995,0.6463855169622884,1.0
additional_six,tuna_retrained,all_P,low_plausibility,6,6,,18,900,0.8837037037037039,0.5041974221635238,0.8333333333333334,1.3333333333333333,9.0,6.0,0.49999999999999994,0.3,15.300000000000002,0.5439249824091724,1.0,11.0,6.0,0.6111111111111112,0.18333333333333332,9.35,0.5978560985714704,1.0,13.0,6.0,0.7222222222222222,0.10833333333333334,5.5249999999999995,0.6361258634801429,1.0
additional_six,tuna_original,all_P,low_plausibility,6,6,,18,900,0.8633333333333332,0.31572456815196065,0.4718152218152218,5.5,6.0,3.0,0.3333333333333333,0.20000000000000004,10.200000000000001,0.319061735502524,0.5,9.0,5.0,0.49999999999999994,0.15,7.650000000000001,0.39222176679039783,0.8333333333333334,11.0,6.0,0.611111111111111,0.09166666666666666,4.675,0.4305712073661501,1.0
additional_six,ipin_baseline,all_P,context_background,6,6,,18,1800,0.725,0.057234161043778244,0.10654518154518154,26.166666666666668,2.0,2.0,0.1111111111111111,0.06666666666666667,6.733333333333333,0.06736911550018253,0.3333333333333333,2.0,2.0,0.1111111111111111,0.03333333333333333,3.3666666666666667,0.06736911550018253,0.3333333333333333,4.0,3.0,0.2222222222222222,0.03333333333333333,3.3666666666666667,0.10393239767639216,0.5
additional_six,ipin_optimized,all_P,context_background,6,6,,18,1800,0.765925925925926,0.15903304623753797,0.36047008547008547,18.333333333333332,3.0,3.0,0.16666666666666666,0.10000000000000002,10.1,0.1769070913257478,0.5,4.0,3.0,0.2222222222222222,0.06666666666666667,6.733333333333333,0.20045158680238598,0.5,7.0,5.0,0.38888888888888884,0.05833333333333333,5.891666666666667,0.2611603124917416,0.8333333333333334
additional_six,tuna_retrained,all_P,context_background,6,6,,18,1800,0.75,0.13166716225061506,0.24897918104439842,11.333333333333334,2.0,1.0,0.1111111111111111,0.06666666666666667,6.733333333333333,0.11189767875388401,0.16666666666666666,5.0,4.0,0.27777777777777773,0.08333333333333333,8.416666666666666,0.18797574263871134,0.6666666666666666,5.0,4.0,0.27777777777777773,0.041666666666666664,4.208333333333333,0.18797574263871134,0.6666666666666666
additional_six,tuna_original,all_P,context_background,6,6,,18,1800,0.7064814814814815,0.13377232127205763,0.2724667476559823,36.666666666666664,3.0,2.0,0.16666666666666666,0.10000000000000002,10.1,0.1578170715876624,0.3333333333333333,3.0,2.0,0.16666666666666666,0.05000000000000001,5.05,0.1578170715876624,0.3333333333333333,5.0,3.0,0.27777777777777773,0.041666666666666664,4.208333333333333,0.19770972252563923,0.5
additional_six,ipin_baseline,all_P,all_U,6,6,,18,2700,0.7765432098765433,0.05405739734442664,0.10549242424242426,28.333333333333332,2.0,2.0,0.1111111111111111,0.06666666666666667,10.066666666666668,0.06736911550018253,0.3333333333333333,2.0,2.0,0.1111111111111111,0.03333333333333333,5.033333333333334,0.06736911550018253,0.3333333333333333,4.0,3.0,0.2222222222222222,0.03333333333333333,5.033333333333334,0.10358798203699714,0.5
additional_six,ipin_optimized,all_P,all_U,6,6,,18,2700,0.8024691358024693,0.1559147220176492,0.36016483516483516,20.5,3.0,3.0,0.16666666666666666,0.10000000000000002,15.100000000000001,0.1769070913257478,0.5,4.0,3.0,0.2222222222222222,0.06666666666666667,10.066666666666668,0.1995157535644891,0.5,7.0,5.0,0.38888888888888884,0.05833333333333333,8.808333333333334,0.26022447925384473,0.8333333333333334
additional_six,tuna_retrained,all_P,all_U,6,6,,18,2700,0.794567901234568,0.12894256375897514,0.24682539682539684,11.666666666666666,2.0,1.0,0.1111111111111111,0.06666666666666667,10.066666666666668,0.11189767875388401,0.16666666666666666,5.0,4.0,0.27777777777777773,0.08333333333333333,12.583333333333334,0.18703990940081447,0.6666666666666666,5.0,4.0,0.27777777777777773,0.041666666666666664,6.291666666666667,0.18703990940081447,0.6666666666666666
additional_six,tuna_original,all_P,all_U,6,6,,18,2700,0.7587654320987656,0.1234791991942451,0.2656057023794101,41.166666666666664,3.0,2.0,0.16666666666666666,0.10000000000000002,15.100000000000001,0.1578170715876624,0.3333333333333333,3.0,2.0,0.16666666666666666,0.05000000000000001,7.550000000000001,0.1578170715876624,0.3333333333333333,4.0,3.0,0.2222222222222222,0.03333333333333333,5.033333333333334,0.17562387229796075,0.5
additional_six,ipin_baseline,exclude_development_P,context,6,6,,18,900,0.6837037037037037,0.0858748147656254,0.15062358276643992,16.666666666666668,2.0,2.0,0.1111111111111111,0.06666666666666667,3.4000000000000004,0.07821312100379274,0.3333333333333333,3.0,3.0,0.16666666666666666,0.05000000000000001,2.5500000000000003,0.10082178324253403,0.5,6.0,5.0,0.3333333333333333,0.05000000000000001,2.5500000000000003,0.1599988625651468,0.8333333333333334
additional_six,ipin_optimized,exclude_development_P,context,6,6,,18,900,0.745925925925926,0.25028321144504767,0.5483465608465609,10.5,4.0,3.0,0.2222222222222222,0.13333333333333333,6.800000000000001,0.2648963284342703,0.5,7.0,5.0,0.38888888888888884,0.11666666666666665,5.95,0.34031435392984544,0.8333333333333334,8.0,5.0,0.4444444444444444,0.06666666666666667,3.4000000000000004,0.36145052340191103,0.8333333333333334
additional_six,tuna_retrained,exclude_development_P,context,6,6,,18,900,0.7274074074074074,0.16338344906642066,0.30504201680672266,7.5,5.0,4.0,0.27777777777777773,0.16666666666666666,8.5,0.20952375967695866,0.6666666666666666,5.0,4.0,0.27777777777777773,0.08333333333333333,4.25,0.20952375967695866,0.6666666666666666,7.0,6.0,0.38888888888888884,0.05833333333333333,2.975,0.2482995171092118,1.0
additional_six,tuna_original,exclude_development_P,context,6,6,,18,900,0.6625925925925927,0.22193294064289815,0.37578162578162577,21.5,3.0,2.0,0.16666666666666666,0.10000000000000002,5.1000000000000005,0.20577322716856303,0.3333333333333333,5.0,3.0,0.27777777777777773,0.08333333333333333,4.25,0.2583067955767522,0.5,6.0,3.0,0.3333333333333333,0.05000000000000001,2.5500000000000003,0.278326071543094,0.5
additional_six,ipin_baseline,exclude_development_P,background,6,6,,18,900,0.7662962962962964,0.1225950114438815,0.22096653346653347,10.5,2.0,2.0,0.1111111111111111,0.06666666666666667,3.4000000000000004,0.09869397032195508,0.3333333333333333,4.0,3.0,0.2222222222222222,0.06666666666666667,3.4000000000000004,0.1480409554829326,0.5,6.0,5.0,0.3333333333333333,0.05000000000000001,2.5500000000000003,0.1898772298106407,0.8333333333333334
additional_six,ipin_optimized,exclude_development_P,background,6,6,,18,900,0.7859259259259259,0.20476954698084138,0.39008714596949884,8.833333333333334,4.0,4.0,0.2222222222222222,0.13333333333333333,6.800000000000001,0.2071640567486399,0.6666666666666666,7.0,5.0,0.38888888888888884,0.11666666666666665,5.95,0.2832421206334672,0.8333333333333334,9.0,5.0,0.49999999999999994,0.075,3.8250000000000006,0.3235131725598691,0.8333333333333334
additional_six,tuna_retrained,exclude_development_P,background,6,6,,18,900,0.7725925925925926,0.21738025210876954,0.3363095238095238,4.833333333333333,4.0,3.0,0.2222222222222222,0.13333333333333333,6.800000000000001,0.2003512244167579,0.5,7.0,6.0,0.38888888888888884,0.11666666666666665,5.95,0.2789558331595446,1.0,11.0,6.0,0.6111111111111112,0.09166666666666666,4.675,0.357192231163411,1.0
additional_six,tuna_original,exclude_development_P,background,6,6,,18,900,0.7503703703703705,0.15986487086771162,0.2936626604389762,16.166666666666668,3.0,2.0,0.16666666666666666,0.10000000000000002,5.1000000000000005,0.1578170715876624,0.3333333333333333,4.0,3.0,0.2222222222222222,0.06666666666666667,3.4000000000000004,0.18388811192225996,0.5,7.0,4.0,0.38888888888888884,0.05833333333333333,2.975,0.24264679344826087,0.6666666666666666
additional_six,ipin_baseline,exclude_development_P,low_plausibility,6,6,,18,900,0.8796296296296297,0.35861199751559525,0.7113095238095237,3.1666666666666665,5.0,4.0,0.27777777777777773,0.16666666666666666,8.5,0.35195904451706733,0.6666666666666666,8.0,6.0,0.4444444444444444,0.13333333333333333,6.800000000000001,0.42877461776675124,1.0,13.0,6.0,0.7222222222222222,0.10833333333333334,5.5249999999999995,0.5288999329694738,1.0
additional_six,ipin_optimized,exclude_development_P,low_plausibility,6,6,,18,900,0.8755555555555556,0.519102390348975,0.8452380952380952,3.1666666666666665,9.0,5.0,0.49999999999999994,0.3,15.300000000000002,0.5625506935929064,0.8333333333333334,10.0,5.0,0.5555555555555555,0.16666666666666666,8.500000000000002,0.5860951890695446,0.8333333333333334,13.0,6.0,0.7222222222222222,0.10833333333333334,5.5249999999999995,0.6463855169622884,1.0
additional_six,tuna_retrained,exclude_development_P,low_plausibility,6,6,,18,900,0.8837037037037039,0.5041974221635238,0.8333333333333334,1.3333333333333333,9.0,6.0,0.49999999999999994,0.3,15.300000000000002,0.5439249824091724,1.0,11.0,6.0,0.6111111111111112,0.18333333333333332,9.35,0.5978560985714704,1.0,13.0,6.0,0.7222222222222222,0.10833333333333334,5.5249999999999995,0.6361258634801429,1.0
additional_six,tuna_original,exclude_development_P,low_plausibility,6,6,,18,900,0.8633333333333332,0.31572456815196065,0.4718152218152218,5.5,6.0,3.0,0.3333333333333333,0.20000000000000004,10.200000000000001,0.319061735502524,0.5,9.0,5.0,0.49999999999999994,0.15,7.650000000000001,0.39222176679039783,0.8333333333333334,11.0,6.0,0.611111111111111,0.09166666666666666,4.675,0.4305712073661501,1.0
additional_six,ipin_baseline,exclude_development_P,context_background,6,6,,18,1800,0.725,0.057234161043778244,0.10654518154518154,26.166666666666668,2.0,2.0,0.1111111111111111,0.06666666666666667,6.733333333333333,0.06736911550018253,0.3333333333333333,2.0,2.0,0.1111111111111111,0.03333333333333333,3.3666666666666667,0.06736911550018253,0.3333333333333333,4.0,3.0,0.2222222222222222,0.03333333333333333,3.3666666666666667,0.10393239767639216,0.5
additional_six,ipin_optimized,exclude_development_P,context_background,6,6,,18,1800,0.765925925925926,0.15903304623753797,0.36047008547008547,18.333333333333332,3.0,3.0,0.16666666666666666,0.10000000000000002,10.1,0.1769070913257478,0.5,4.0,3.0,0.2222222222222222,0.06666666666666667,6.733333333333333,0.20045158680238598,0.5,7.0,5.0,0.38888888888888884,0.05833333333333333,5.891666666666667,0.2611603124917416,0.8333333333333334
additional_six,tuna_retrained,exclude_development_P,context_background,6,6,,18,1800,0.75,0.13166716225061506,0.24897918104439842,11.333333333333334,2.0,1.0,0.1111111111111111,0.06666666666666667,6.733333333333333,0.11189767875388401,0.16666666666666666,5.0,4.0,0.27777777777777773,0.08333333333333333,8.416666666666666,0.18797574263871134,0.6666666666666666,5.0,4.0,0.27777777777777773,0.041666666666666664,4.208333333333333,0.18797574263871134,0.6666666666666666
additional_six,tuna_original,exclude_development_P,context_background,6,6,,18,1800,0.7064814814814815,0.13377232127205763,0.2724667476559823,36.666666666666664,3.0,2.0,0.16666666666666666,0.10000000000000002,10.1,0.1578170715876624,0.3333333333333333,3.0,2.0,0.16666666666666666,0.05000000000000001,5.05,0.1578170715876624,0.3333333333333333,5.0,3.0,0.27777777777777773,0.041666666666666664,4.208333333333333,0.19770972252563923,0.5
additional_six,ipin_baseline,exclude_development_P,all_U,6,6,,18,2700,0.7765432098765433,0.05405739734442664,0.10549242424242426,28.333333333333332,2.0,2.0,0.1111111111111111,0.06666666666666667,10.066666666666668,0.06736911550018253,0.3333333333333333,2.0,2.0,0.1111111111111111,0.03333333333333333,5.033333333333334,0.06736911550018253,0.3333333333333333,4.0,3.0,0.2222222222222222,0.03333333333333333,5.033333333333334,0.10358798203699714,0.5
additional_six,ipin_optimized,exclude_development_P,all_U,6,6,,18,2700,0.8024691358024693,0.1559147220176492,0.36016483516483516,20.5,3.0,3.0,0.16666666666666666,0.10000000000000002,15.100000000000001,0.1769070913257478,0.5,4.0,3.0,0.2222222222222222,0.06666666666666667,10.066666666666668,0.1995157535644891,0.5,7.0,5.0,0.38888888888888884,0.05833333333333333,8.808333333333334,0.26022447925384473,0.8333333333333334
additional_six,tuna_retrained,exclude_development_P,all_U,6,6,,18,2700,0.794567901234568,0.12894256375897514,0.24682539682539684,11.666666666666666,2.0,1.0,0.1111111111111111,0.06666666666666667,10.066666666666668,0.11189767875388401,0.16666666666666666,5.0,4.0,0.27777777777777773,0.08333333333333333,12.583333333333334,0.18703990940081447,0.6666666666666666,5.0,4.0,0.27777777777777773,0.041666666666666664,6.291666666666667,0.18703990940081447,0.6666666666666666
additional_six,tuna_original,exclude_development_P,all_U,6,6,,18,2700,0.7587654320987656,0.1234791991942451,0.2656057023794101,41.166666666666664,3.0,2.0,0.16666666666666666,0.10000000000000002,15.100000000000001,0.1578170715876624,0.3333333333333333,3.0,2.0,0.16666666666666666,0.05000000000000001,7.550000000000001,0.1578170715876624,0.3333333333333333,4.0,3.0,0.2222222222222222,0.03333333333333333,5.033333333333334,0.17562387229796075,0.5
additional_six,ipin_baseline,exclude_development_P_and_homomers,context,6,6,,18,900,0.6837037037037037,0.0858748147656254,0.15062358276643992,16.666666666666668,2.0,2.0,0.1111111111111111,0.06666666666666667,3.4000000000000004,0.07821312100379274,0.3333333333333333,3.0,3.0,0.16666666666666666,0.05000000000000001,2.5500000000000003,0.10082178324253403,0.5,6.0,5.0,0.3333333333333333,0.05000000000000001,2.5500000000000003,0.1599988625651468,0.8333333333333334
additional_six,ipin_optimized,exclude_development_P_and_homomers,context,6,6,,18,900,0.745925925925926,0.25028321144504767,0.5483465608465609,10.5,4.0,3.0,0.2222222222222222,0.13333333333333333,6.800000000000001,0.2648963284342703,0.5,7.0,5.0,0.38888888888888884,0.11666666666666665,5.95,0.34031435392984544,0.8333333333333334,8.0,5.0,0.4444444444444444,0.06666666666666667,3.4000000000000004,0.36145052340191103,0.8333333333333334
additional_six,tuna_retrained,exclude_development_P_and_homomers,context,6,6,,18,900,0.7274074074074074,0.16338344906642066,0.30504201680672266,7.5,5.0,4.0,0.27777777777777773,0.16666666666666666,8.5,0.20952375967695866,0.6666666666666666,5.0,4.0,0.27777777777777773,0.08333333333333333,4.25,0.20952375967695866,0.6666666666666666,7.0,6.0,0.38888888888888884,0.05833333333333333,2.975,0.2482995171092118,1.0
additional_six,tuna_original,exclude_development_P_and_homomers,context,6,6,,18,900,0.6625925925925927,0.22193294064289815,0.37578162578162577,21.5,3.0,2.0,0.16666666666666666,0.10000000000000002,5.1000000000000005,0.20577322716856303,0.3333333333333333,5.0,3.0,0.27777777777777773,0.08333333333333333,4.25,0.2583067955767522,0.5,6.0,3.0,0.3333333333333333,0.05000000000000001,2.5500000000000003,0.278326071543094,0.5
additional_six,ipin_baseline,exclude_development_P_and_homomers,background,6,6,,18,900,0.7662962962962964,0.1225950114438815,0.22096653346653347,10.5,2.0,2.0,0.1111111111111111,0.06666666666666667,3.4000000000000004,0.09869397032195508,0.3333333333333333,4.0,3.0,0.2222222222222222,0.06666666666666667,3.4000000000000004,0.1480409554829326,0.5,6.0,5.0,0.3333333333333333,0.05000000000000001,2.5500000000000003,0.1898772298106407,0.8333333333333334
additional_six,ipin_optimized,exclude_development_P_and_homomers,background,6,6,,18,900,0.7859259259259259,0.20476954698084138,0.39008714596949884,8.833333333333334,4.0,4.0,0.2222222222222222,0.13333333333333333,6.800000000000001,0.2071640567486399,0.6666666666666666,7.0,5.0,0.38888888888888884,0.11666666666666665,5.95,0.2832421206334672,0.8333333333333334,9.0,5.0,0.49999999999999994,0.075,3.8250000000000006,0.3235131725598691,0.8333333333333334
additional_six,tuna_retrained,exclude_development_P_and_homomers,background,6,6,,18,900,0.7725925925925926,0.21738025210876954,0.3363095238095238,4.833333333333333,4.0,3.0,0.2222222222222222,0.13333333333333333,6.800000000000001,0.2003512244167579,0.5,7.0,6.0,0.38888888888888884,0.11666666666666665,5.95,0.2789558331595446,1.0,11.0,6.0,0.6111111111111112,0.09166666666666666,4.675,0.357192231163411,1.0
additional_six,tuna_original,exclude_development_P_and_homomers,background,6,6,,18,900,0.7503703703703705,0.15986487086771162,0.2936626604389762,16.166666666666668,3.0,2.0,0.16666666666666666,0.10000000000000002,5.1000000000000005,0.1578170715876624,0.3333333333333333,4.0,3.0,0.2222222222222222,0.06666666666666667,3.4000000000000004,0.18388811192225996,0.5,7.0,4.0,0.38888888888888884,0.05833333333333333,2.975,0.24264679344826087,0.6666666666666666
additional_six,ipin_baseline,exclude_development_P_and_homomers,low_plausibility,6,6,,18,900,0.8796296296296297,0.35861199751559525,0.7113095238095237,3.1666666666666665,5.0,4.0,0.27777777777777773,0.16666666666666666,8.5,0.35195904451706733,0.6666666666666666,8.0,6.0,0.4444444444444444,0.13333333333333333,6.800000000000001,0.42877461776675124,1.0,13.0,6.0,0.7222222222222222,0.10833333333333334,5.5249999999999995,0.5288999329694738,1.0
additional_six,ipin_optimized,exclude_development_P_and_homomers,low_plausibility,6,6,,18,900,0.8755555555555556,0.519102390348975,0.8452380952380952,3.1666666666666665,9.0,5.0,0.49999999999999994,0.3,15.300000000000002,0.5625506935929064,0.8333333333333334,10.0,5.0,0.5555555555555555,0.16666666666666666,8.500000000000002,0.5860951890695446,0.8333333333333334,13.0,6.0,0.7222222222222222,0.10833333333333334,5.5249999999999995,0.6463855169622884,1.0
additional_six,tuna_retrained,exclude_development_P_and_homomers,low_plausibility,6,6,,18,900,0.8837037037037039,0.5041974221635238,0.8333333333333334,1.3333333333333333,9.0,6.0,0.49999999999999994,0.3,15.300000000000002,0.5439249824091724,1.0,11.0,6.0,0.6111111111111112,0.18333333333333332,9.35,0.5978560985714704,1.0,13.0,6.0,0.7222222222222222,0.10833333333333334,5.5249999999999995,0.6361258634801429,1.0
additional_six,tuna_original,exclude_development_P_and_homomers,low_plausibility,6,6,,18,900,0.8633333333333332,0.31572456815196065,0.4718152218152218,5.5,6.0,3.0,0.3333333333333333,0.20000000000000004,10.200000000000001,0.319061735502524,0.5,9.0,5.0,0.49999999999999994,0.15,7.650000000000001,0.39222176679039783,0.8333333333333334,11.0,6.0,0.611111111111111,0.09166666666666666,4.675,0.4305712073661501,1.0
additional_six,ipin_baseline,exclude_development_P_and_homomers,context_background,6,6,,18,1800,0.725,0.057234161043778244,0.10654518154518154,26.166666666666668,2.0,2.0,0.1111111111111111,0.06666666666666667,6.733333333333333,0.06736911550018253,0.3333333333333333,2.0,2.0,0.1111111111111111,0.03333333333333333,3.3666666666666667,0.06736911550018253,0.3333333333333333,4.0,3.0,0.2222222222222222,0.03333333333333333,3.3666666666666667,0.10393239767639216,0.5
additional_six,ipin_optimized,exclude_development_P_and_homomers,context_background,6,6,,18,1800,0.765925925925926,0.15903304623753797,0.36047008547008547,18.333333333333332,3.0,3.0,0.16666666666666666,0.10000000000000002,10.1,0.1769070913257478,0.5,4.0,3.0,0.2222222222222222,0.06666666666666667,6.733333333333333,0.20045158680238598,0.5,7.0,5.0,0.38888888888888884,0.05833333333333333,5.891666666666667,0.2611603124917416,0.8333333333333334
additional_six,tuna_retrained,exclude_development_P_and_homomers,context_background,6,6,,18,1800,0.75,0.13166716225061506,0.24897918104439842,11.333333333333334,2.0,1.0,0.1111111111111111,0.06666666666666667,6.733333333333333,0.11189767875388401,0.16666666666666666,5.0,4.0,0.27777777777777773,0.08333333333333333,8.416666666666666,0.18797574263871134,0.6666666666666666,5.0,4.0,0.27777777777777773,0.041666666666666664,4.208333333333333,0.18797574263871134,0.6666666666666666
additional_six,tuna_original,exclude_development_P_and_homomers,context_background,6,6,,18,1800,0.7064814814814815,0.13377232127205763,0.2724667476559823,36.666666666666664,3.0,2.0,0.16666666666666666,0.10000000000000002,10.1,0.1578170715876624,0.3333333333333333,3.0,2.0,0.16666666666666666,0.05000000000000001,5.05,0.1578170715876624,0.3333333333333333,5.0,3.0,0.27777777777777773,0.041666666666666664,4.208333333333333,0.19770972252563923,0.5
additional_six,ipin_baseline,exclude_development_P_and_homomers,all_U,6,6,,18,2700,0.7765432098765433,0.05405739734442664,0.10549242424242426,28.333333333333332,2.0,2.0,0.1111111111111111,0.06666666666666667,10.066666666666668,0.06736911550018253,0.3333333333333333,2.0,2.0,0.1111111111111111,0.03333333333333333,5.033333333333334,0.06736911550018253,0.3333333333333333,4.0,3.0,0.2222222222222222,0.03333333333333333,5.033333333333334,0.10358798203699714,0.5
additional_six,ipin_optimized,exclude_development_P_and_homomers,all_U,6,6,,18,2700,0.8024691358024693,0.1559147220176492,0.36016483516483516,20.5,3.0,3.0,0.16666666666666666,0.10000000000000002,15.100000000000001,0.1769070913257478,0.5,4.0,3.0,0.2222222222222222,0.06666666666666667,10.066666666666668,0.1995157535644891,0.5,7.0,5.0,0.38888888888888884,0.05833333333333333,8.808333333333334,0.26022447925384473,0.8333333333333334
additional_six,tuna_retrained,exclude_development_P_and_homomers,all_U,6,6,,18,2700,0.794567901234568,0.12894256375897514,0.24682539682539684,11.666666666666666,2.0,1.0,0.1111111111111111,0.06666666666666667,10.066666666666668,0.11189767875388401,0.16666666666666666,5.0,4.0,0.27777777777777773,0.08333333333333333,12.583333333333334,0.18703990940081447,0.6666666666666666,5.0,4.0,0.27777777777777773,0.041666666666666664,6.291666666666667,0.18703990940081447,0.6666666666666666
additional_six,tuna_original,exclude_development_P_and_homomers,all_U,6,6,,18,2700,0.7587654320987656,0.1234791991942451,0.2656057023794101,41.166666666666664,3.0,2.0,0.16666666666666666,0.10000000000000002,15.100000000000001,0.1578170715876624,0.3333333333333333,3.0,2.0,0.16666666666666666,0.05000000000000001,7.550000000000001,0.1578170715876624,0.3333333333333333,4.0,3.0,0.2222222222222222,0.03333333333333333,5.033333333333334,0.17562387229796075,0.5
additional_six,ipin_baseline,exclude_prior_train_development_P,context,6,6,,16,900,0.6129629629629629,0.05728670897163726,0.09670201413898893,33.166666666666664,1.0,1.0,0.05555555555555555,0.03333333333333333,1.7000000000000002,0.03910656050189637,0.16666666666666666,2.0,2.0,0.1111111111111111,0.03333333333333333,1.7000000000000002,0.06171522274063767,0.3333333333333333,4.0,4.0,0.2222222222222222,0.03333333333333333,1.7000000000000002,0.09907530370188422,0.6666666666666666
additional_six,ipin_optimized,exclude_prior_train_development_P,context,6,6,,16,900,0.6818518518518518,0.172546591011798,0.3835525533559241,25.166666666666668,2.0,2.0,0.1111111111111111,0.06666666666666667,3.4000000000000004,0.15642624200758548,0.3333333333333333,5.0,4.0,0.27777777777777773,0.08333333333333333,4.250000000000001,0.2318442675031606,0.6666666666666666,6.0,4.0,0.3333333333333333,0.049999999999999996,2.5500000000000003,0.25298043697522615,0.6666666666666666
additional_six,tuna_retrained,exclude_prior_train_development_P,context,6,6,,16,900,0.6837037037037037,0.08013685352474317,0.14110759057721448,17.5,3.0,3.0,0.16666666666666666,0.10000000000000002,5.1000000000000005,0.09762608092307463,0.5,3.0,3.0,0.16666666666666666,0.05000000000000001,2.5500000000000003,0.09762608092307463,0.5,5.0,5.0,0.27777777777777773,0.041666666666666664,2.1250000000000004,0.1364018383553278,0.8333333333333334
additional_six,tuna_original,exclude_prior_train_development_P,context,6,6,,16,900,0.6003703703703704,0.11086690503325199,0.2110757434286846,35.5,1.0,1.0,0.05555555555555555,0.03333333333333333,1.7000000000000002,0.07821312100379274,0.16666666666666666,3.0,2.0,0.16666666666666666,0.05000000000000001,2.5500000000000003,0.1307466894119819,0.3333333333333333,4.0,2.0,0.2222222222222222,0.03333333333333333,1.7,0.15076596537832376,0.3333333333333333
additional_six,ipin_baseline,exclude_prior_train_development_P,background,6,6,,16,900,0.6933333333333334,0.08095916616725952,0.13925132311054642,27.333333333333332,1.0,1.0,0.05555555555555555,0.03333333333333333,1.7000000000000002,0.04934698516097754,0.16666666666666666,2.0,2.0,0.1111111111111111,0.03333333333333333,1.7000000000000002,0.0740204777414663,0.3333333333333333,4.0,4.0,0.2222222222222222,0.03333333333333333,1.7000000000000002,0.1158567520691744,0.6666666666666666
additional_six,ipin_optimized,exclude_prior_train_development_P,background,6,6,,16,900,0.7203703703703703,0.15851179524205355,0.30856540683906414,23.833333333333332,3.0,3.0,0.16666666666666666,0.10000000000000002,5.1000000000000005,0.1578170715876624,0.5,5.0,4.0,0.27777777777777773,0.08333333333333333,4.250000000000001,0.2060350596447893,0.6666666666666666,7.0,4.0,0.38888888888888884,0.05833333333333333,2.975,0.2463061115711912,0.6666666666666666
additional_six,tuna_retrained,exclude_prior_train_development_P,background,6,6,,16,900,0.7140740740740741,0.10631995400578849,0.17172619047619045,18.0,2.0,2.0,0.1111111111111111,0.06666666666666667,3.4000000000000004,0.07279111825198763,0.3333333333333333,5.0,5.0,0.27777777777777773,0.08333333333333333,4.250000000000001,0.15139572699477435,0.8333333333333334,9.0,5.0,0.5000000000000001,0.075,3.8249999999999997,0.2296321249986407,0.8333333333333334
additional_six,tuna_original,exclude_prior_train_development_P,background,6,6,,16,900,0.6777777777777777,0.10989691290686698,0.21197949212214454,32.666666666666664,1.0,1.0,0.05555555555555555,0.03333333333333333,1.7000000000000002,0.07821312100379274,0.16666666666666666,2.0,2.0,0.1111111111111111,0.03333333333333333,1.7000000000000002,0.10428416133839032,0.3333333333333333,5.0,3.0,0.27777777777777773,0.041666666666666664,2.125,0.1630428428643912,0.5
additional_six,ipin_baseline,exclude_prior_train_development_P,low_plausibility,6,6,,16,900,0.8288888888888889,0.26608554248914024,0.5470238095238095,14.666666666666666,3.0,3.0,0.16666666666666666,0.10000000000000002,5.1000000000000005,0.23463936301137822,0.5,6.0,5.0,0.3333333333333333,0.09999999999999999,5.1000000000000005,0.31145493626106213,0.8333333333333334,11.0,5.0,0.611111111111111,0.09166666666666667,4.675,0.41158025146378474,0.8333333333333334
additional_six,ipin_optimized,exclude_prior_train_development_P,low_plausibility,6,6,,16,900,0.8225925925925927,0.42657068055699127,0.6808545335942595,15.166666666666666,7.0,4.0,0.38888888888888884,0.2333333333333333,11.9,0.4452310120872173,0.6666666666666666,8.0,4.0,0.4444444444444444,0.13333333333333333,6.800000000000001,0.4687755075638555,0.6666666666666666,11.0,5.0,0.611111111111111,0.09166666666666667,4.675,0.5290658354565992,0.8333333333333334
additional_six,tuna_retrained,exclude_prior_train_development_P,low_plausibility,6,6,,16,900,0.8392592592592593,0.3931730488440685,0.6693989071038251,11.333333333333334,7.0,5.0,0.38888888888888884,0.2333333333333333,11.9,0.4163648762444021,0.8333333333333334,9.0,5.0,0.5000000000000001,0.15,7.6499999999999995,0.47029599240670006,0.8333333333333334,11.0,5.0,0.611111111111111,0.09166666666666667,4.675,0.5085657573153727,0.8333333333333334
additional_six,tuna_original,exclude_prior_train_development_P,low_plausibility,6,6,,16,900,0.8003703703703703,0.20465750214303416,0.3070865396446792,19.666666666666668,4.0,2.0,0.2222222222222222,0.13333333333333333,6.800000000000001,0.1915016293377537,0.3333333333333333,7.0,4.0,0.38888888888888884,0.11666666666666665,5.95,0.26466166062562757,0.6666666666666666,9.0,5.0,0.5,0.075,3.8249999999999997,0.30301110120137986,0.8333333333333334
additional_six,ipin_baseline,exclude_prior_train_development_P,context_background,6,6,,16,1800,0.6531481481481481,0.03681725641785021,0.06569550834256715,59.5,1.0,1.0,0.05555555555555555,0.03333333333333333,3.3666666666666667,0.033684557750091264,0.16666666666666666,1.0,1.0,0.05555555555555555,0.016666666666666666,1.6833333333333333,0.033684557750091264,0.16666666666666666,2.0,2.0,0.1111111111111111,0.016666666666666666,1.6833333333333333,0.05149135846038963,0.3333333333333333
additional_six,ipin_optimized,exclude_prior_train_development_P,context_background,6,6,,16,1800,0.7011111111111111,0.1189197644575895,0.27806267806267804,48.0,2.0,2.0,0.1111111111111111,0.06666666666666667,6.733333333333333,0.1275601061647703,0.3333333333333333,2.0,2.0,0.1111111111111111,0.03333333333333333,3.3666666666666667,0.1275601061647703,0.3333333333333333,5.0,4.0,0.27777777777777773,0.041666666666666664,4.208333333333333,0.1882688318541259,0.6666666666666666
additional_six,tuna_retrained,exclude_prior_train_development_P,context_background,6,6,,16,1800,0.6988888888888889,0.04835059618757013,0.08350299056820794,34.5,0.0,0.0,0.0,0.0,0.0,0.0,0.0,3.0,3.0,0.16666666666666666,0.05000000000000001,5.05,0.07607806388482731,0.5,3.0,3.0,0.16666666666666666,0.025000000000000005,2.525,0.07607806388482731,0.5
additional_six,tuna_original,exclude_prior_train_development_P,context_background,6,6,,16,1800,0.639074074074074,0.0837819565758106,0.19003431522354985,67.16666666666667,1.0,1.0,0.05555555555555555,0.03333333333333333,3.3666666666666667,0.07821312100379274,0.16666666666666666,1.0,1.0,0.05555555555555555,0.016666666666666666,1.6833333333333333,0.07821312100379274,0.16666666666666666,3.0,2.0,0.16666666666666666,0.025000000000000005,2.525,0.11810577194176959,0.3333333333333333
additional_six,ipin_baseline,exclude_prior_train_development_P,all_U,6,6,,16,2700,0.7117283950617285,0.03400010895380492,0.06443625818625819,73.16666666666667,1.0,1.0,0.05555555555555555,0.03333333333333333,5.033333333333334,0.033684557750091264,0.16666666666666666,1.0,1.0,0.05555555555555555,0.016666666666666666,2.516666666666667,0.033684557750091264,0.16666666666666666,2.0,2.0,0.1111111111111111,0.016666666666666666,2.516666666666667,0.05149135846038963,0.3333333333333333
additional_six,ipin_optimized,exclude_prior_train_development_P,all_U,6,6,,16,2700,0.741604938271605,0.11703104081113334,0.2774928774928775,62.166666666666664,2.0,2.0,0.1111111111111111,0.06666666666666667,10.066666666666668,0.1275601061647703,0.3333333333333333,2.0,2.0,0.1111111111111111,0.03333333333333333,5.033333333333334,0.1275601061647703,0.3333333333333333,5.0,4.0,0.27777777777777773,0.041666666666666664,6.291666666666667,0.1882688318541259,0.6666666666666666
additional_six,tuna_retrained,exclude_prior_train_development_P,all_U,6,6,,16,2700,0.745679012345679,0.045617481250724325,0.0809920634920635,44.833333333333336,0.0,0.0,0.0,0.0,0.0,0.0,0.0,3.0,3.0,0.16666666666666666,0.05000000000000001,7.550000000000001,0.07514223064693044,0.5,3.0,3.0,0.16666666666666666,0.025000000000000005,3.7750000000000004,0.07514223064693044,0.5
additional_six,tuna_original,exclude_prior_train_development_P,all_U,6,6,,16,2700,0.6928395061728395,0.07348373804682319,0.18288965299669405,85.83333333333333,1.0,1.0,0.05555555555555555,0.03333333333333333,5.033333333333334,0.07821312100379274,0.16666666666666666,1.0,1.0,0.05555555555555555,0.016666666666666666,2.516666666666667,0.07821312100379274,0.16666666666666666,2.0,2.0,0.1111111111111111,0.016666666666666666,2.516666666666667,0.09601992171409111,0.3333333333333333
additional_six,ipin_baseline,exclude_prior_train_development_P_and_homomers,context,6,6,,16,900,0.6129629629629629,0.05728670897163726,0.09670201413898893,33.166666666666664,1.0,1.0,0.05555555555555555,0.03333333333333333,1.7000000000000002,0.03910656050189637,0.16666666666666666,2.0,2.0,0.1111111111111111,0.03333333333333333,1.7000000000000002,0.06171522274063767,0.3333333333333333,4.0,4.0,0.2222222222222222,0.03333333333333333,1.7000000000000002,0.09907530370188422,0.6666666666666666
additional_six,ipin_optimized,exclude_prior_train_development_P_and_homomers,context,6,6,,16,900,0.6818518518518518,0.172546591011798,0.3835525533559241,25.166666666666668,2.0,2.0,0.1111111111111111,0.06666666666666667,3.4000000000000004,0.15642624200758548,0.3333333333333333,5.0,4.0,0.27777777777777773,0.08333333333333333,4.250000000000001,0.2318442675031606,0.6666666666666666,6.0,4.0,0.3333333333333333,0.049999999999999996,2.5500000000000003,0.25298043697522615,0.6666666666666666
additional_six,tuna_retrained,exclude_prior_train_development_P_and_homomers,context,6,6,,16,900,0.6837037037037037,0.08013685352474317,0.14110759057721448,17.5,3.0,3.0,0.16666666666666666,0.10000000000000002,5.1000000000000005,0.09762608092307463,0.5,3.0,3.0,0.16666666666666666,0.05000000000000001,2.5500000000000003,0.09762608092307463,0.5,5.0,5.0,0.27777777777777773,0.041666666666666664,2.1250000000000004,0.1364018383553278,0.8333333333333334
additional_six,tuna_original,exclude_prior_train_development_P_and_homomers,context,6,6,,16,900,0.6003703703703704,0.11086690503325199,0.2110757434286846,35.5,1.0,1.0,0.05555555555555555,0.03333333333333333,1.7000000000000002,0.07821312100379274,0.16666666666666666,3.0,2.0,0.16666666666666666,0.05000000000000001,2.5500000000000003,0.1307466894119819,0.3333333333333333,4.0,2.0,0.2222222222222222,0.03333333333333333,1.7,0.15076596537832376,0.3333333333333333
additional_six,ipin_baseline,exclude_prior_train_development_P_and_homomers,background,6,6,,16,900,0.6933333333333334,0.08095916616725952,0.13925132311054642,27.333333333333332,1.0,1.0,0.05555555555555555,0.03333333333333333,1.7000000000000002,0.04934698516097754,0.16666666666666666,2.0,2.0,0.1111111111111111,0.03333333333333333,1.7000000000000002,0.0740204777414663,0.3333333333333333,4.0,4.0,0.2222222222222222,0.03333333333333333,1.7000000000000002,0.1158567520691744,0.6666666666666666
additional_six,ipin_optimized,exclude_prior_train_development_P_and_homomers,background,6,6,,16,900,0.7203703703703703,0.15851179524205355,0.30856540683906414,23.833333333333332,3.0,3.0,0.16666666666666666,0.10000000000000002,5.1000000000000005,0.1578170715876624,0.5,5.0,4.0,0.27777777777777773,0.08333333333333333,4.250000000000001,0.2060350596447893,0.6666666666666666,7.0,4.0,0.38888888888888884,0.05833333333333333,2.975,0.2463061115711912,0.6666666666666666
additional_six,tuna_retrained,exclude_prior_train_development_P_and_homomers,background,6,6,,16,900,0.7140740740740741,0.10631995400578849,0.17172619047619045,18.0,2.0,2.0,0.1111111111111111,0.06666666666666667,3.4000000000000004,0.07279111825198763,0.3333333333333333,5.0,5.0,0.27777777777777773,0.08333333333333333,4.250000000000001,0.15139572699477435,0.8333333333333334,9.0,5.0,0.5000000000000001,0.075,3.8249999999999997,0.2296321249986407,0.8333333333333334
additional_six,tuna_original,exclude_prior_train_development_P_and_homomers,background,6,6,,16,900,0.6777777777777777,0.10989691290686698,0.21197949212214454,32.666666666666664,1.0,1.0,0.05555555555555555,0.03333333333333333,1.7000000000000002,0.07821312100379274,0.16666666666666666,2.0,2.0,0.1111111111111111,0.03333333333333333,1.7000000000000002,0.10428416133839032,0.3333333333333333,5.0,3.0,0.27777777777777773,0.041666666666666664,2.125,0.1630428428643912,0.5
additional_six,ipin_baseline,exclude_prior_train_development_P_and_homomers,low_plausibility,6,6,,16,900,0.8288888888888889,0.26608554248914024,0.5470238095238095,14.666666666666666,3.0,3.0,0.16666666666666666,0.10000000000000002,5.1000000000000005,0.23463936301137822,0.5,6.0,5.0,0.3333333333333333,0.09999999999999999,5.1000000000000005,0.31145493626106213,0.8333333333333334,11.0,5.0,0.611111111111111,0.09166666666666667,4.675,0.41158025146378474,0.8333333333333334
additional_six,ipin_optimized,exclude_prior_train_development_P_and_homomers,low_plausibility,6,6,,16,900,0.8225925925925927,0.42657068055699127,0.6808545335942595,15.166666666666666,7.0,4.0,0.38888888888888884,0.2333333333333333,11.9,0.4452310120872173,0.6666666666666666,8.0,4.0,0.4444444444444444,0.13333333333333333,6.800000000000001,0.4687755075638555,0.6666666666666666,11.0,5.0,0.611111111111111,0.09166666666666667,4.675,0.5290658354565992,0.8333333333333334
additional_six,tuna_retrained,exclude_prior_train_development_P_and_homomers,low_plausibility,6,6,,16,900,0.8392592592592593,0.3931730488440685,0.6693989071038251,11.333333333333334,7.0,5.0,0.38888888888888884,0.2333333333333333,11.9,0.4163648762444021,0.8333333333333334,9.0,5.0,0.5000000000000001,0.15,7.6499999999999995,0.47029599240670006,0.8333333333333334,11.0,5.0,0.611111111111111,0.09166666666666667,4.675,0.5085657573153727,0.8333333333333334
additional_six,tuna_original,exclude_prior_train_development_P_and_homomers,low_plausibility,6,6,,16,900,0.8003703703703703,0.20465750214303416,0.3070865396446792,19.666666666666668,4.0,2.0,0.2222222222222222,0.13333333333333333,6.800000000000001,0.1915016293377537,0.3333333333333333,7.0,4.0,0.38888888888888884,0.11666666666666665,5.95,0.26466166062562757,0.6666666666666666,9.0,5.0,0.5,0.075,3.8249999999999997,0.30301110120137986,0.8333333333333334
additional_six,ipin_baseline,exclude_prior_train_development_P_and_homomers,context_background,6,6,,16,1800,0.6531481481481481,0.03681725641785021,0.06569550834256715,59.5,1.0,1.0,0.05555555555555555,0.03333333333333333,3.3666666666666667,0.033684557750091264,0.16666666666666666,1.0,1.0,0.05555555555555555,0.016666666666666666,1.6833333333333333,0.033684557750091264,0.16666666666666666,2.0,2.0,0.1111111111111111,0.016666666666666666,1.6833333333333333,0.05149135846038963,0.3333333333333333
additional_six,ipin_optimized,exclude_prior_train_development_P_and_homomers,context_background,6,6,,16,1800,0.7011111111111111,0.1189197644575895,0.27806267806267804,48.0,2.0,2.0,0.1111111111111111,0.06666666666666667,6.733333333333333,0.1275601061647703,0.3333333333333333,2.0,2.0,0.1111111111111111,0.03333333333333333,3.3666666666666667,0.1275601061647703,0.3333333333333333,5.0,4.0,0.27777777777777773,0.041666666666666664,4.208333333333333,0.1882688318541259,0.6666666666666666
additional_six,tuna_retrained,exclude_prior_train_development_P_and_homomers,context_background,6,6,,16,1800,0.6988888888888889,0.04835059618757013,0.08350299056820794,34.5,0.0,0.0,0.0,0.0,0.0,0.0,0.0,3.0,3.0,0.16666666666666666,0.05000000000000001,5.05,0.07607806388482731,0.5,3.0,3.0,0.16666666666666666,0.025000000000000005,2.525,0.07607806388482731,0.5
additional_six,tuna_original,exclude_prior_train_development_P_and_homomers,context_background,6,6,,16,1800,0.639074074074074,0.0837819565758106,0.19003431522354985,67.16666666666667,1.0,1.0,0.05555555555555555,0.03333333333333333,3.3666666666666667,0.07821312100379274,0.16666666666666666,1.0,1.0,0.05555555555555555,0.016666666666666666,1.6833333333333333,0.07821312100379274,0.16666666666666666,3.0,2.0,0.16666666666666666,0.025000000000000005,2.525,0.11810577194176959,0.3333333333333333
additional_six,ipin_baseline,exclude_prior_train_development_P_and_homomers,all_U,6,6,,16,2700,0.7117283950617285,0.03400010895380492,0.06443625818625819,73.16666666666667,1.0,1.0,0.05555555555555555,0.03333333333333333,5.033333333333334,0.033684557750091264,0.16666666666666666,1.0,1.0,0.05555555555555555,0.016666666666666666,2.516666666666667,0.033684557750091264,0.16666666666666666,2.0,2.0,0.1111111111111111,0.016666666666666666,2.516666666666667,0.05149135846038963,0.3333333333333333
additional_six,ipin_optimized,exclude_prior_train_development_P_and_homomers,all_U,6,6,,16,2700,0.741604938271605,0.11703104081113334,0.2774928774928775,62.166666666666664,2.0,2.0,0.1111111111111111,0.06666666666666667,10.066666666666668,0.1275601061647703,0.3333333333333333,2.0,2.0,0.1111111111111111,0.03333333333333333,5.033333333333334,0.1275601061647703,0.3333333333333333,5.0,4.0,0.27777777777777773,0.041666666666666664,6.291666666666667,0.1882688318541259,0.6666666666666666
additional_six,tuna_retrained,exclude_prior_train_development_P_and_homomers,all_U,6,6,,16,2700,0.745679012345679,0.045617481250724325,0.0809920634920635,44.833333333333336,0.0,0.0,0.0,0.0,0.0,0.0,0.0,3.0,3.0,0.16666666666666666,0.05000000000000001,7.550000000000001,0.07514223064693044,0.5,3.0,3.0,0.16666666666666666,0.025000000000000005,3.7750000000000004,0.07514223064693044,0.5
additional_six,tuna_original,exclude_prior_train_development_P_and_homomers,all_U,6,6,,16,2700,0.6928395061728395,0.07348373804682319,0.18288965299669405,85.83333333333333,1.0,1.0,0.05555555555555555,0.03333333333333333,5.033333333333334,0.07821312100379274,0.16666666666666666,1.0,1.0,0.05555555555555555,0.016666666666666666,2.516666666666667,0.07821312100379274,0.16666666666666666,2.0,2.0,0.1111111111111111,0.016666666666666666,2.516666666666667,0.09601992171409111,0.3333333333333333
additional_six,ipin_baseline,exclude_any_model_prior_pairs,context,6,6,,15,889,0.6192296435904507,0.06376539488391089,0.09675152889438604,32.666666666666664,1.0,1.0,0.08333333333333333,0.03333333333333333,2.4333333333333336,0.05109559939712153,0.16666666666666666,2.0,2.0,0.13888888888888887,0.03333333333333333,2.066666666666667,0.07370426163586283,0.3333333333333333,4.0,4.0,0.24999999999999997,0.03333333333333333,1.8805555555555555,0.11106434259710939,0.6666666666666666
additional_six,ipin_optimized,exclude_any_model_prior_pairs,context,6,6,,15,889,0.6827878142461667,0.17173756524191539,0.3840020154403225,23.833333333333332,2.0,2.0,0.1111111111111111,0.06666666666666667,3.3888888888888893,0.15642624200758548,0.3333333333333333,5.0,4.0,0.27777777777777773,0.08333333333333333,4.2444444444444445,0.2318442675031606,0.6666666666666666,6.0,4.0,0.3333333333333333,0.049999999999999996,2.5472222222222225,0.25298043697522615,0.6666666666666666
additional_six,tuna_retrained,exclude_any_model_prior_pairs,context,6,6,,15,889,0.6950716385917959,0.0820636346593769,0.1442655046103322,16.333333333333332,3.0,3.0,0.16666666666666666,0.10000000000000002,5.0888888888888895,0.09762608092307463,0.5,3.0,3.0,0.16666666666666666,0.05000000000000001,2.5444444444444447,0.09762608092307463,0.5,5.0,5.0,0.3055555555555555,0.041666666666666664,2.305555555555556,0.1444858277376179,0.8333333333333334
additional_six,tuna_original,exclude_any_model_prior_pairs,context,6,6,,15,889,0.5983149054750254,0.10979793092007432,0.21165357276468388,34.5,1.0,1.0,0.05555555555555555,0.03333333333333333,1.7000000000000002,0.07821312100379274,0.16666666666666666,3.0,2.0,0.16666666666666666,0.05000000000000001,2.5500000000000003,0.1307466894119819,0.3333333333333333,5.0,3.0,0.3055555555555555,0.041666666666666664,2.308333333333333,0.17403186102244883,0.5
additional_six,ipin_baseline,exclude_any_model_prior_pairs,background,6,6,,15,892,0.696736779002789,0.09073141485255169,0.13925132311054642,27.333333333333332,1.0,1.0,0.08333333333333333,0.03333333333333333,2.45,0.0644754678724236,0.16666666666666666,2.0,2.0,0.13888888888888887,0.03333333333333333,2.075,0.08914896045291237,0.3333333333333333,4.0,4.0,0.24999999999999997,0.03333333333333333,1.8791666666666667,0.13098523478062046,0.6666666666666666
additional_six,ipin_optimized,exclude_any_model_prior_pairs,background,6,6,,15,892,0.7169239189928844,0.1574000613738079,0.30887177938808374,23.5,3.0,3.0,0.16666666666666666,0.10000000000000002,5.066666666666667,0.1578170715876624,0.5,5.0,4.0,0.27777777777777773,0.08333333333333333,4.233333333333333,0.2060350596447893,0.6666666666666666,7.0,4.0,0.38888888888888884,0.05833333333333333,2.966666666666667,0.2463061115711912,0.6666666666666666
additional_six,tuna_retrained,exclude_any_model_prior_pairs,background,6,6,,15,892,0.7198311048557353,0.10876953666444694,0.17172619047619045,18.0,2.0,2.0,0.1111111111111111,0.06666666666666667,3.366666666666667,0.07279111825198763,0.3333333333333333,5.0,5.0,0.3055555555555555,0.08333333333333333,4.608333333333333,0.1593884195915911,0.8333333333333334,9.0,5.0,0.5277777777777778,0.075,4.004166666666666,0.23762481759545748,0.8333333333333334
additional_six,tuna_original,exclude_any_model_prior_pairs,background,6,6,,15,892,0.6774978497145985,0.110034017599333,0.21346758736023977,32.333333333333336,1.0,1.0,0.05555555555555555,0.03333333333333333,1.7000000000000002,0.07821312100379274,0.16666666666666666,2.0,2.0,0.1111111111111111,0.03333333333333333,1.7000000000000002,0.10428416133839032,0.3333333333333333,5.0,3.0,0.3055555555555555,0.041666666666666664,2.3125,0.17006461780637652,0.5
additional_six,ipin_baseline,exclude_any_model_prior_pairs,low_plausibility,6,6,,15,900,0.8314814814814815,0.2874149075685053,0.5470238095238095,14.666666666666666,3.0,3.0,0.19444444444444442,0.10000000000000002,5.933333333333334,0.2586174408018285,0.5,6.0,5.0,0.3611111111111111,0.09999999999999999,5.516666666666667,0.3354330140515125,0.8333333333333334,10.0,5.0,0.611111111111111,0.08333333333333333,4.666666666666667,0.4225608282298785,0.8333333333333334
additional_six,ipin_optimized,exclude_any_model_prior_pairs,low_plausibility,6,6,,15,900,0.8190740740740742,0.42463209091348353,0.6808545335942595,15.166666666666666,7.0,4.0,0.38888888888888884,0.2333333333333333,11.9,0.4452310120872173,0.6666666666666666,8.0,4.0,0.4444444444444444,0.13333333333333333,6.800000000000001,0.4687755075638555,0.6666666666666666,11.0,5.0,0.6388888888888888,0.09166666666666667,4.883333333333334,0.535203216886579,0.8333333333333334
additional_six,tuna_retrained,exclude_any_model_prior_pairs,low_plausibility,6,6,,15,900,0.8418518518518517,0.4037629615768384,0.6693989071038251,11.333333333333334,7.0,5.0,0.4166666666666667,0.2333333333333333,12.733333333333334,0.4314933589558481,0.8333333333333334,9.0,5.0,0.5277777777777778,0.15,8.066666666666666,0.48542447511814607,0.8333333333333334,11.0,5.0,0.6388888888888888,0.09166666666666667,4.883333333333334,0.5236942400268187,0.8333333333333334
additional_six,tuna_original,exclude_any_model_prior_pairs,low_plausibility,6,6,,15,900,0.7977777777777778,0.20410871537620448,0.3070865396446792,19.666666666666668,4.0,2.0,0.2222222222222222,0.13333333333333333,6.800000000000001,0.1915016293377537,0.3333333333333333,7.0,4.0,0.38888888888888884,0.11666666666666665,5.95,0.26466166062562757,0.6666666666666666,9.0,5.0,0.5277777777777778,0.075,4.033333333333333,0.3093089321841273,0.8333333333333334
additional_six,ipin_baseline,exclude_any_model_prior_pairs,context_background,6,6,,15,1781,0.6579428909878738,0.04198962141445999,0.06570770227486644,59.0,1.0,1.0,0.08333333333333333,0.03333333333333333,4.8500000000000005,0.04401135376209848,0.16666666666666666,1.0,1.0,0.08333333333333333,0.016666666666666666,2.4250000000000003,0.04401135376209848,0.16666666666666666,2.0,2.0,0.13888888888888887,0.016666666666666666,2.0541666666666667,0.06181815447239685,0.3333333333333333
additional_six,ipin_optimized,exclude_any_model_prior_pairs,context_background,6,6,,15,1781,0.6997929070939453,0.11843033014462578,0.27826178451178446,46.333333333333336,2.0,2.0,0.1111111111111111,0.06666666666666667,6.688888888888889,0.1275601061647703,0.3333333333333333,2.0,2.0,0.1111111111111111,0.03333333333333333,3.3444444444444446,0.1275601061647703,0.3333333333333333,5.0,4.0,0.27777777777777773,0.041666666666666664,4.197222222222222,0.1882688318541259,0.6666666666666666
additional_six,tuna_retrained,exclude_any_model_prior_pairs,context_background,6,6,,15,1781,0.7072651197910713,0.049614752234520866,0.08505461240286442,33.333333333333336,0.0,0.0,0.0,0.0,0.0,0.0,0.0,3.0,3.0,0.16666666666666666,0.05000000000000001,5.027777777777778,0.07607806388482731,0.5,4.0,4.0,0.24999999999999997,0.03333333333333333,3.726388888888889,0.099722880862493,0.6666666666666666
additional_six,tuna_original,exclude_any_model_prior_pairs,context_background,6,6,,15,1781,0.637692294370495,0.08347902325051065,0.19050019290012096,65.83333333333333,1.0,1.0,0.05555555555555555,0.03333333333333333,3.3666666666666667,0.07821312100379274,0.16666666666666666,1.0,1.0,0.05555555555555555,0.016666666666666666,1.6833333333333333,0.07821312100379274,0.16666666666666666,3.0,2.0,0.16666666666666666,0.025000000000000005,2.525,0.11810577194176959,0.3333333333333333
additional_six,ipin_baseline,exclude_any_model_prior_pairs,all_U,6,6,,15,2681,0.7160046645144927,0.03948209697752718,0.06444304152637487,72.66666666666667,1.0,1.0,0.08333333333333333,0.03333333333333333,7.3500000000000005,0.04401135376209848,0.16666666666666666,1.0,1.0,0.08333333333333333,0.016666666666666666,3.6750000000000003,0.04401135376209848,0.16666666666666666,2.0,2.0,0.13888888888888887,0.016666666666666666,3.0958333333333337,0.06181815447239685,0.3333333333333333
additional_six,ipin_optimized,exclude_any_model_prior_pairs,all_U,6,6,,15,2681,0.739920123909521,0.11662496683550917,0.2776328273244782,60.5,2.0,2.0,0.1111111111111111,0.06666666666666667,10.022222222222224,0.1275601061647703,0.3333333333333333,2.0,2.0,0.1111111111111111,0.03333333333333333,5.011111111111112,0.1275601061647703,0.3333333333333333,5.0,4.0,0.27777777777777773,0.041666666666666664,6.280555555555556,0.1882688318541259,0.6666666666666666
additional_six,tuna_retrained,exclude_any_model_prior_pairs,all_U,6,6,,15,2681,0.7524944824221275,0.04687170094707957,0.08239364273628234,43.666666666666664,0.0,0.0,0.0,0.0,0.0,0.0,0.0,3.0,3.0,0.16666666666666666,0.05000000000000001,7.527777777777779,0.07514223064693044,0.5,4.0,4.0,0.24999999999999997,0.03333333333333333,5.601388888888889,0.09840812629105551,0.6666666666666666
additional_six,tuna_original,exclude_any_model_prior_pairs,all_U,6,6,,15,2681,0.6912952300458898,0.0733148471568827,0.18315490514028754,84.5,1.0,1.0,0.05555555555555555,0.03333333333333333,5.033333333333334,0.07821312100379274,0.16666666666666666,1.0,1.0,0.05555555555555555,0.016666666666666666,2.516666666666667,0.07821312100379274,0.16666666666666666,2.0,2.0,0.1111111111111111,0.016666666666666666,2.516666666666667,0.09601992171409111,0.3333333333333333
additional_six,ipin_baseline,exclude_any_model_prior_pairs_and_homomers,context,6,6,,15,889,0.6192296435904507,0.06376539488391089,0.09675152889438604,32.666666666666664,1.0,1.0,0.08333333333333333,0.03333333333333333,2.4333333333333336,0.05109559939712153,0.16666666666666666,2.0,2.0,0.13888888888888887,0.03333333333333333,2.066666666666667,0.07370426163586283,0.3333333333333333,4.0,4.0,0.24999999999999997,0.03333333333333333,1.8805555555555555,0.11106434259710939,0.6666666666666666
additional_six,ipin_optimized,exclude_any_model_prior_pairs_and_homomers,context,6,6,,15,889,0.6827878142461667,0.17173756524191539,0.3840020154403225,23.833333333333332,2.0,2.0,0.1111111111111111,0.06666666666666667,3.3888888888888893,0.15642624200758548,0.3333333333333333,5.0,4.0,0.27777777777777773,0.08333333333333333,4.2444444444444445,0.2318442675031606,0.6666666666666666,6.0,4.0,0.3333333333333333,0.049999999999999996,2.5472222222222225,0.25298043697522615,0.6666666666666666
additional_six,tuna_retrained,exclude_any_model_prior_pairs_and_homomers,context,6,6,,15,889,0.6950716385917959,0.0820636346593769,0.1442655046103322,16.333333333333332,3.0,3.0,0.16666666666666666,0.10000000000000002,5.0888888888888895,0.09762608092307463,0.5,3.0,3.0,0.16666666666666666,0.05000000000000001,2.5444444444444447,0.09762608092307463,0.5,5.0,5.0,0.3055555555555555,0.041666666666666664,2.305555555555556,0.1444858277376179,0.8333333333333334
additional_six,tuna_original,exclude_any_model_prior_pairs_and_homomers,context,6,6,,15,889,0.5983149054750254,0.10979793092007432,0.21165357276468388,34.5,1.0,1.0,0.05555555555555555,0.03333333333333333,1.7000000000000002,0.07821312100379274,0.16666666666666666,3.0,2.0,0.16666666666666666,0.05000000000000001,2.5500000000000003,0.1307466894119819,0.3333333333333333,5.0,3.0,0.3055555555555555,0.041666666666666664,2.308333333333333,0.17403186102244883,0.5
additional_six,ipin_baseline,exclude_any_model_prior_pairs_and_homomers,background,6,6,,15,892,0.696736779002789,0.09073141485255169,0.13925132311054642,27.333333333333332,1.0,1.0,0.08333333333333333,0.03333333333333333,2.45,0.0644754678724236,0.16666666666666666,2.0,2.0,0.13888888888888887,0.03333333333333333,2.075,0.08914896045291237,0.3333333333333333,4.0,4.0,0.24999999999999997,0.03333333333333333,1.8791666666666667,0.13098523478062046,0.6666666666666666
additional_six,ipin_optimized,exclude_any_model_prior_pairs_and_homomers,background,6,6,,15,892,0.7169239189928844,0.1574000613738079,0.30887177938808374,23.5,3.0,3.0,0.16666666666666666,0.10000000000000002,5.066666666666667,0.1578170715876624,0.5,5.0,4.0,0.27777777777777773,0.08333333333333333,4.233333333333333,0.2060350596447893,0.6666666666666666,7.0,4.0,0.38888888888888884,0.05833333333333333,2.966666666666667,0.2463061115711912,0.6666666666666666
additional_six,tuna_retrained,exclude_any_model_prior_pairs_and_homomers,background,6,6,,15,892,0.7198311048557353,0.10876953666444694,0.17172619047619045,18.0,2.0,2.0,0.1111111111111111,0.06666666666666667,3.366666666666667,0.07279111825198763,0.3333333333333333,5.0,5.0,0.3055555555555555,0.08333333333333333,4.608333333333333,0.1593884195915911,0.8333333333333334,9.0,5.0,0.5277777777777778,0.075,4.004166666666666,0.23762481759545748,0.8333333333333334
additional_six,tuna_original,exclude_any_model_prior_pairs_and_homomers,background,6,6,,15,892,0.6774978497145985,0.110034017599333,0.21346758736023977,32.333333333333336,1.0,1.0,0.05555555555555555,0.03333333333333333,1.7000000000000002,0.07821312100379274,0.16666666666666666,2.0,2.0,0.1111111111111111,0.03333333333333333,1.7000000000000002,0.10428416133839032,0.3333333333333333,5.0,3.0,0.3055555555555555,0.041666666666666664,2.3125,0.17006461780637652,0.5
additional_six,ipin_baseline,exclude_any_model_prior_pairs_and_homomers,low_plausibility,6,6,,15,900,0.8314814814814815,0.2874149075685053,0.5470238095238095,14.666666666666666,3.0,3.0,0.19444444444444442,0.10000000000000002,5.933333333333334,0.2586174408018285,0.5,6.0,5.0,0.3611111111111111,0.09999999999999999,5.516666666666667,0.3354330140515125,0.8333333333333334,10.0,5.0,0.611111111111111,0.08333333333333333,4.666666666666667,0.4225608282298785,0.8333333333333334
additional_six,ipin_optimized,exclude_any_model_prior_pairs_and_homomers,low_plausibility,6,6,,15,900,0.8190740740740742,0.42463209091348353,0.6808545335942595,15.166666666666666,7.0,4.0,0.38888888888888884,0.2333333333333333,11.9,0.4452310120872173,0.6666666666666666,8.0,4.0,0.4444444444444444,0.13333333333333333,6.800000000000001,0.4687755075638555,0.6666666666666666,11.0,5.0,0.6388888888888888,0.09166666666666667,4.883333333333334,0.535203216886579,0.8333333333333334
additional_six,tuna_retrained,exclude_any_model_prior_pairs_and_homomers,low_plausibility,6,6,,15,900,0.8418518518518517,0.4037629615768384,0.6693989071038251,11.333333333333334,7.0,5.0,0.4166666666666667,0.2333333333333333,12.733333333333334,0.4314933589558481,0.8333333333333334,9.0,5.0,0.5277777777777778,0.15,8.066666666666666,0.48542447511814607,0.8333333333333334,11.0,5.0,0.6388888888888888,0.09166666666666667,4.883333333333334,0.5236942400268187,0.8333333333333334
additional_six,tuna_original,exclude_any_model_prior_pairs_and_homomers,low_plausibility,6,6,,15,900,0.7977777777777778,0.20410871537620448,0.3070865396446792,19.666666666666668,4.0,2.0,0.2222222222222222,0.13333333333333333,6.800000000000001,0.1915016293377537,0.3333333333333333,7.0,4.0,0.38888888888888884,0.11666666666666665,5.95,0.26466166062562757,0.6666666666666666,9.0,5.0,0.5277777777777778,0.075,4.033333333333333,0.3093089321841273,0.8333333333333334
additional_six,ipin_baseline,exclude_any_model_prior_pairs_and_homomers,context_background,6,6,,15,1781,0.6579428909878738,0.04198962141445999,0.06570770227486644,59.0,1.0,1.0,0.08333333333333333,0.03333333333333333,4.8500000000000005,0.04401135376209848,0.16666666666666666,1.0,1.0,0.08333333333333333,0.016666666666666666,2.4250000000000003,0.04401135376209848,0.16666666666666666,2.0,2.0,0.13888888888888887,0.016666666666666666,2.0541666666666667,0.06181815447239685,0.3333333333333333
additional_six,ipin_optimized,exclude_any_model_prior_pairs_and_homomers,context_background,6,6,,15,1781,0.6997929070939453,0.11843033014462578,0.27826178451178446,46.333333333333336,2.0,2.0,0.1111111111111111,0.06666666666666667,6.688888888888889,0.1275601061647703,0.3333333333333333,2.0,2.0,0.1111111111111111,0.03333333333333333,3.3444444444444446,0.1275601061647703,0.3333333333333333,5.0,4.0,0.27777777777777773,0.041666666666666664,4.197222222222222,0.1882688318541259,0.6666666666666666
additional_six,tuna_retrained,exclude_any_model_prior_pairs_and_homomers,context_background,6,6,,15,1781,0.7072651197910713,0.049614752234520866,0.08505461240286442,33.333333333333336,0.0,0.0,0.0,0.0,0.0,0.0,0.0,3.0,3.0,0.16666666666666666,0.05000000000000001,5.027777777777778,0.07607806388482731,0.5,4.0,4.0,0.24999999999999997,0.03333333333333333,3.726388888888889,0.099722880862493,0.6666666666666666
additional_six,tuna_original,exclude_any_model_prior_pairs_and_homomers,context_background,6,6,,15,1781,0.637692294370495,0.08347902325051065,0.19050019290012096,65.83333333333333,1.0,1.0,0.05555555555555555,0.03333333333333333,3.3666666666666667,0.07821312100379274,0.16666666666666666,1.0,1.0,0.05555555555555555,0.016666666666666666,1.6833333333333333,0.07821312100379274,0.16666666666666666,3.0,2.0,0.16666666666666666,0.025000000000000005,2.525,0.11810577194176959,0.3333333333333333
additional_six,ipin_baseline,exclude_any_model_prior_pairs_and_homomers,all_U,6,6,,15,2681,0.7160046645144927,0.03948209697752718,0.06444304152637487,72.66666666666667,1.0,1.0,0.08333333333333333,0.03333333333333333,7.3500000000000005,0.04401135376209848,0.16666666666666666,1.0,1.0,0.08333333333333333,0.016666666666666666,3.6750000000000003,0.04401135376209848,0.16666666666666666,2.0,2.0,0.13888888888888887,0.016666666666666666,3.0958333333333337,0.06181815447239685,0.3333333333333333
additional_six,ipin_optimized,exclude_any_model_prior_pairs_and_homomers,all_U,6,6,,15,2681,0.739920123909521,0.11662496683550917,0.2776328273244782,60.5,2.0,2.0,0.1111111111111111,0.06666666666666667,10.022222222222224,0.1275601061647703,0.3333333333333333,2.0,2.0,0.1111111111111111,0.03333333333333333,5.011111111111112,0.1275601061647703,0.3333333333333333,5.0,4.0,0.27777777777777773,0.041666666666666664,6.280555555555556,0.1882688318541259,0.6666666666666666
additional_six,tuna_retrained,exclude_any_model_prior_pairs_and_homomers,all_U,6,6,,15,2681,0.7524944824221275,0.04687170094707957,0.08239364273628234,43.666666666666664,0.0,0.0,0.0,0.0,0.0,0.0,0.0,3.0,3.0,0.16666666666666666,0.05000000000000001,7.527777777777779,0.07514223064693044,0.5,4.0,4.0,0.24999999999999997,0.03333333333333333,5.601388888888889,0.09840812629105551,0.6666666666666666
additional_six,tuna_original,exclude_any_model_prior_pairs_and_homomers,all_U,6,6,,15,2681,0.6912952300458898,0.0733148471568827,0.18315490514028754,84.5,1.0,1.0,0.05555555555555555,0.03333333333333333,5.033333333333334,0.07821312100379274,0.16666666666666666,1.0,1.0,0.05555555555555555,0.016666666666666666,2.516666666666667,0.07821312100379274,0.16666666666666666,2.0,2.0,0.1111111111111111,0.016666666666666666,2.516666666666667,0.09601992171409111,0.3333333333333333
strict_evidence_eleven,ipin_baseline,all_P,context,11,11,,34,1700,0.6468686868686869,0.11473188490150962,0.22253057188122122,15.454545454545455,4.0,4.0,0.1212121212121212,0.07272727272727274,3.7090909090909094,0.10665425591426284,0.36363636363636365,7.0,6.0,0.2121212121212121,0.06363636363636363,3.2454545454545456,0.14604927303243215,0.5454545454545454,12.0,9.0,0.356060606060606,0.05454545454545454,2.7818181818181817,0.1988539506457614,0.8181818181818182
strict_evidence_eleven,ipin_optimized,all_P,context,11,11,,34,1700,0.7015151515151516,0.1904093702774209,0.37251082251082246,13.454545454545455,7.0,5.0,0.2121212121212121,0.12727272727272726,6.490909090909091,0.19773949601309726,0.45454545454545453,13.0,9.0,0.38636363636363635,0.11818181818181818,6.027272727272727,0.2778187924519143,0.8181818181818182,14.0,9.0,0.41666666666666663,0.06363636363636364,3.2454545454545456,0.28934761216395016,0.8181818181818182
strict_evidence_eleven,tuna_retrained,all_P,context,11,11,,34,1700,0.7170075757575757,0.1738353243994222,0.37193402012354765,12.0,8.0,7.0,0.23484848484848483,0.14545454545454548,7.418181818181819,0.208940284237633,0.6363636363636364,8.0,7.0,0.23484848484848483,0.07272727272727274,3.7090909090909094,0.208940284237633,0.6363636363636364,13.0,9.0,0.38636363636363635,0.059090909090909104,3.013636363636364,0.26314129145174525,0.8181818181818182
strict_evidence_eleven,tuna_original,all_P,context,11,11,,34,1700,0.7042171717171718,0.19243284175829434,0.37012331103240187,14.363636363636363,6.0,5.0,0.17424242424242423,0.10909090909090911,5.5636363636363635,0.18743328386503685,0.45454545454545453,10.0,7.0,0.2954545454545454,0.09090909090909091,4.636363636363637,0.24474263121942502,0.6363636363636364,13.0,8.0,0.38636363636363635,0.05909090909090909,3.0136363636363637,0.27619865034713176,0.7272727272727273
strict_evidence_eleven,ipin_baseline,all_P,background,11,11,,34,1700,0.7273737373737373,0.113338670773624,0.1982820210092937,10.727272727272727,4.0,4.0,0.1212121212121212,0.07272727272727274,3.7090909090909094,0.09166772522549649,0.36363636363636365,9.0,7.0,0.26515151515151514,0.08181818181818183,4.172727272727273,0.1589045695861473,0.6363636363636364,12.0,9.0,0.356060606060606,0.05454545454545454,2.7818181818181817,0.19195516365539422,0.8181818181818182
strict_evidence_eleven,ipin_optimized,all_P,background,11,11,,34,1700,0.7610101010101009,0.1698135894935342,0.2890522875816993,11.636363636363637,6.0,6.0,0.1818181818181818,0.10909090909090909,5.563636363636364,0.15270282272761504,0.5454545454545454,13.0,9.0,0.38636363636363635,0.11818181818181818,6.027272727272727,0.24638035648892,0.8181818181818182,16.0,9.0,0.4772727272727273,0.07272727272727274,3.709090909090909,0.27926598988496215,0.8181818181818182
strict_evidence_eleven,tuna_retrained,all_P,background,11,11,,34,1700,0.7793055555555555,0.1858982697429912,0.3286297036297036,8.363636363636363,6.0,5.0,0.17424242424242423,0.10909090909090911,5.5636363636363635,0.1661024326821843,0.45454545454545453,10.0,9.0,0.29545454545454547,0.09090909090909091,4.636363636363637,0.22417407881154092,0.8181818181818182,19.0,10.0,0.5681818181818181,0.08636363636363636,4.404545454545454,0.31903882993930904,0.9090909090909091
strict_evidence_eleven,tuna_original,all_P,background,11,11,,34,1700,0.7891414141414141,0.19648386694938386,0.3922808650679464,11.090909090909092,7.0,5.0,0.20454545454545456,0.12727272727272726,6.490909090909091,0.20393708318661438,0.45454545454545453,9.0,7.0,0.26515151515151514,0.08181818181818183,4.172727272727273,0.23237821809708448,0.6363636363636364,15.0,9.0,0.446969696969697,0.06818181818181818,3.477272727272727,0.29804363689110047,0.8181818181818182
strict_evidence_eleven,ipin_baseline,all_P,low_plausibility,11,11,,34,1700,0.8291540404040404,0.26759247178350143,0.5338744588744588,4.090909090909091,9.0,8.0,0.26515151515151514,0.16363636363636366,8.345454545454546,0.2808706427521198,0.7272727272727273,12.0,10.0,0.356060606060606,0.10909090909090909,5.5636363636363635,0.3227700463428565,0.9090909090909091,20.0,11.0,0.5984848484848485,0.09090909090909093,4.636363636363637,0.4104344487044976,1.0
strict_evidence_eleven,ipin_optimized,all_P,low_plausibility,11,11,,34,1700,0.8286742424242424,0.42974848266892546,0.6636363636363636,5.818181818181818,16.0,9.0,0.4772727272727273,0.29090909090909095,14.836363636363636,0.47623516784543996,0.8181818181818182,18.0,9.0,0.537878787878788,0.1636363636363636,8.345454545454546,0.5042740249205337,0.8181818181818182,21.0,10.0,0.6287878787878788,0.09545454545454546,4.868181818181818,0.5371596583165759,0.9090909090909091
strict_evidence_eleven,tuna_retrained,all_P,low_plausibility,11,11,,34,1700,0.8527651515151515,0.3940392946159784,0.6324675324675325,6.0,14.0,9.0,0.41666666666666674,0.2545454545454546,12.981818181818182,0.4182574885430101,0.8181818181818182,18.0,10.0,0.5378787878787878,0.16363636363636364,8.345454545454546,0.47346472726020716,0.9090909090909091,24.0,10.0,0.7045454545454546,0.10909090909090911,5.5636363636363635,0.5334576754122664,0.9090909090909091
strict_evidence_eleven,tuna_original,all_P,low_plausibility,11,11,,34,1700,0.8663131313131313,0.42707984170103513,0.6361416361416361,3.909090909090909,14.0,7.0,0.409090909090909,0.2545454545454545,12.981818181818182,0.42795612384452186,0.6363636363636364,21.0,10.0,0.6060606060606061,0.19090909090909092,9.736363636363636,0.5177792979063461,0.9090909090909091,23.0,11.0,0.6666666666666666,0.10454545454545455,5.331818181818182,0.5386971745840292,1.0
strict_evidence_eleven,ipin_baseline,all_P,context_background,11,11,,34,3400,0.6871212121212121,0.06106312285009456,0.11333409234126936,25.181818181818183,3.0,3.0,0.09090909090909091,0.05454545454545456,5.509090909090909,0.058077641455679396,0.2727272727272727,4.0,4.0,0.1212121212121212,0.03636363636363637,3.6727272727272724,0.07229820891091444,0.36363636363636365,9.0,7.0,0.26515151515151514,0.040909090909090916,4.131818181818182,0.1225622950913075,0.6363636363636364
strict_evidence_eleven,ipin_optimized,all_P,context_background,11,11,,34,3400,0.7312626262626263,0.11811465533885274,0.23811719254197128,24.09090909090909,3.0,3.0,0.09090909090909091,0.05454545454545456,5.509090909090909,0.09649477708677154,0.2727272727272727,7.0,5.0,0.2121212121212121,0.06363636363636363,6.427272727272728,0.15159665369526662,0.45454545454545453,13.0,9.0,0.38636363636363635,0.05909090909090909,5.968181818181818,0.21512507402878,0.8181818181818182
strict_evidence_eleven,tuna_retrained,all_P,context_background,11,11,,34,3400,0.7481565656565656,0.12049155488934046,0.2662731433326399,19.363636363636363,4.0,3.0,0.11363636363636363,0.07272727272727274,7.345454545454545,0.11785504413879853,0.2727272727272727,7.0,6.0,0.20454545454545456,0.06363636363636363,6.427272727272728,0.1593521698941589,0.5454545454545454,8.0,7.0,0.23484848484848483,0.03636363636363637,3.6727272727272724,0.16939511489044048,0.6363636363636364
strict_evidence_eleven,tuna_original,all_P,context_background,11,11,,34,3400,0.7466792929292929,0.1288022833736375,0.2912048060807522,24.454545454545453,5.0,4.0,0.14393939393939392,0.09090909090909091,9.181818181818182,0.14290198568449586,0.36363636363636365,7.0,5.0,0.20454545454545456,0.06363636363636363,6.427272727272728,0.16869225194953044,0.45454545454545453,10.0,7.0,0.2954545454545454,0.045454545454545456,4.590909090909091,0.2008890883453376,0.6363636363636364
strict_evidence_eleven,ipin_baseline,all_P,all_U,11,11,,34,5100,0.7344654882154881,0.05140418931442375,0.1008708805898315,28.272727272727273,3.0,3.0,0.09090909090909091,0.05454545454545456,8.236363636363636,0.05512018540924024,0.2727272727272727,4.0,4.0,0.1212121212121212,0.03636363636363637,5.490909090909091,0.06796263748740651,0.36363636363636365,7.0,6.0,0.2121212121212121,0.031818181818181815,4.804545454545455,0.0979491909434388,0.5454545454545454
strict_evidence_eleven,ipin_optimized,all_P,all_U,11,11,,34,5100,0.7637331649831651,0.11314996328720066,0.23431945039087895,28.90909090909091,3.0,3.0,0.09090909090909091,0.05454545454545456,8.236363636363636,0.09649477708677154,0.2727272727272727,7.0,5.0,0.2121212121212121,0.06363636363636363,9.60909090909091,0.14981344593350157,0.45454545454545453,13.0,9.0,0.38636363636363635,0.05909090909090909,8.922727272727274,0.21194976239043556,0.8181818181818182
strict_evidence_eleven,tuna_retrained,all_P,all_U,11,11,,34,5100,0.7830260942760944,0.11348727600777696,0.2553341538635656,24.363636363636363,4.0,3.0,0.11363636363636363,0.07272727272727274,10.981818181818182,0.1148975880923594,0.2727272727272727,7.0,6.0,0.20454545454545456,0.06363636363636363,9.60909090909091,0.15588425935432146,0.5454545454545454,7.0,6.0,0.20454545454545456,0.031818181818181815,4.804545454545455,0.15588425935432146,0.5454545454545454
strict_evidence_eleven,tuna_original,all_P,all_U,11,11,,34,5100,0.786557239057239,0.12149055462047946,0.2861096038952627,27.363636363636363,5.0,4.0,0.14393939393939392,0.09090909090909091,13.727272727272727,0.14290198568449586,0.36363636363636365,7.0,5.0,0.20454545454545456,0.06363636363636363,9.60909090909091,0.16869225194953044,0.45454545454545453,8.0,6.0,0.23484848484848483,0.03636363636363637,5.490909090909091,0.1784050523369659,0.5454545454545454
strict_evidence_eleven,ipin_baseline,exclude_development_P,context,11,11,,33,1700,0.6255555555555555,0.10449479752623522,0.19311880717533889,24.454545454545453,3.0,3.0,0.09090909090909091,0.05454545454545456,2.7818181818181817,0.08532340473141026,0.2727272727272727,6.0,5.0,0.1818181818181818,0.05454545454545454,2.781818181818182,0.12471842184957958,0.45454545454545453,11.0,8.0,0.32575757575757575,0.05,2.5500000000000003,0.1775230994629088,0.7272727272727273
strict_evidence_eleven,ipin_optimized,exclude_development_P,context,11,11,,33,1700,0.6825252525252525,0.18262300715893973,0.3511609602518693,19.09090909090909,6.0,4.0,0.18181818181818182,0.10909090909090911,5.5636363636363635,0.17936610087668384,0.36363636363636365,12.0,8.0,0.356060606060606,0.10909090909090909,5.5636363636363635,0.2594453973155009,0.7272727272727273,13.0,8.0,0.38636363636363635,0.05909090909090909,3.0136363636363637,0.2709742170275367,0.7272727272727273
strict_evidence_eleven,tuna_retrained,exclude_development_P,context,11,11,,33,1700,0.7051893939393938,0.17317697306612556,0.37116557007280093,16.818181818181817,8.0,7.0,0.23484848484848483,0.14545454545454548,7.418181818181819,0.208940284237633,0.6363636363636364,8.0,7.0,0.23484848484848483,0.07272727272727274,3.7090909090909094,0.208940284237633,0.6363636363636364,13.0,9.0,0.38636363636363635,0.059090909090909104,3.013636363636364,0.26314129145174525,0.8181818181818182
strict_evidence_eleven,tuna_original,exclude_development_P,context,11,11,,33,1700,0.6898737373737375,0.18212209426175677,0.3412407352748261,19.90909090909091,5.0,4.0,0.14393939393939392,0.09090909090909091,4.636363636363637,0.1661024326821843,0.36363636363636365,9.0,6.0,0.26515151515151514,0.0818181818181818,4.172727272727273,0.22341178003657244,0.5454545454545454,12.0,7.0,0.356060606060606,0.05454545454545454,2.7818181818181817,0.2548677991642792,0.6363636363636364
strict_evidence_eleven,ipin_baseline,exclude_development_P,background,11,11,,33,1700,0.7120202020202021,0.1070982845447963,0.18131232403959677,17.09090909090909,3.0,3.0,0.09090909090909091,0.05454545454545456,2.7818181818181817,0.07516392590391897,0.2727272727272727,8.0,6.0,0.23484848484848483,0.07272727272727274,3.7090909090909094,0.1424007702645698,0.5454545454545454,11.0,8.0,0.32575757575757575,0.05,2.5500000000000003,0.17545136433381672,0.7272727272727273
strict_evidence_eleven,ipin_optimized,exclude_development_P,background,11,11,,33,1700,0.7484848484848484,0.1593816051352508,0.2610219845513963,15.0,5.0,5.0,0.1515151515151515,0.09090909090909091,4.636363636363637,0.13137197154476246,0.45454545454545453,12.0,8.0,0.356060606060606,0.10909090909090909,5.5636363636363635,0.22504950530606746,0.7272727272727273,15.0,8.0,0.446969696969697,0.06818181818181819,3.477272727272727,0.25793513870210955,0.7272727272727273
strict_evidence_eleven,tuna_retrained,exclude_development_P,background,11,11,,33,1700,0.7697095959595959,0.1849441502991141,0.32747933884297525,11.818181818181818,6.0,5.0,0.17424242424242423,0.10909090909090911,5.5636363636363635,0.1661024326821843,0.45454545454545453,10.0,9.0,0.29545454545454547,0.09090909090909091,4.636363636363637,0.22417407881154092,0.8181818181818182,19.0,10.0,0.5681818181818181,0.08636363636363636,4.404545454545454,0.31903882993930904,0.9090909090909091
strict_evidence_eleven,tuna_original,exclude_development_P,background,11,11,,33,1700,0.7773232323232322,0.16592542283595255,0.3031543053531514,15.636363636363637,6.0,4.0,0.17424242424242423,0.10909090909090911,5.5636363636363635,0.16127538082090928,0.36363636363636365,8.0,6.0,0.23484848484848483,0.07272727272727274,3.7090909090909094,0.18971651573137935,0.5454545454545454,14.0,8.0,0.41666666666666674,0.06363636363636364,3.245454545454545,0.2553819345253953,0.7272727272727273
strict_evidence_eleven,ipin_baseline,exclude_development_P,low_plausibility,11,11,,33,1700,0.817739898989899,0.2572360478720903,0.5053539597657245,8.454545454545455,8.0,7.0,0.23484848484848483,0.14545454545454548,7.418181818181819,0.2595397915692672,0.6363636363636364,11.0,9.0,0.32575757575757575,0.09999999999999999,5.1000000000000005,0.30143919516000395,0.8181818181818182,19.0,10.0,0.5681818181818182,0.08636363636363636,4.404545454545454,0.389103597521645,0.9090909090909091
strict_evidence_eleven,ipin_optimized,exclude_development_P,low_plausibility,11,11,,33,1700,0.8167550505050506,0.39900327365075616,0.5758620689655172,8.363636363636363,15.0,8.0,0.446969696969697,0.27272727272727276,13.909090909090908,0.4335734654797348,0.7272727272727273,17.0,8.0,0.5075757575757577,0.15454545454545454,7.881818181818182,0.4616123225548286,0.7272727272727273,20.0,9.0,0.5984848484848485,0.09090909090909091,4.636363636363637,0.49449795595087076,0.8181818181818182
strict_evidence_eleven,tuna_retrained,exclude_development_P,low_plausibility,11,11,,33,1700,0.8415530303030304,0.3931648589945846,0.6313131313131314,10.363636363636363,14.0,9.0,0.41666666666666674,0.2545454545454546,12.981818181818182,0.4182574885430101,0.8181818181818182,18.0,10.0,0.5378787878787878,0.16363636363636364,8.345454545454546,0.47346472726020716,0.9090909090909091,24.0,10.0,0.7045454545454546,0.10909090909090911,5.5636363636363635,0.5334576754122664,0.9090909090909091
strict_evidence_eleven,tuna_original,exclude_development_P,low_plausibility,11,11,,33,1700,0.8578282828282829,0.39640229979354674,0.5479873661691843,6.818181818181818,13.0,6.0,0.37878787878787873,0.23636363636363636,12.054545454545456,0.3852944214788168,0.5454545454545454,20.0,9.0,0.5757575757575757,0.18181818181818182,9.272727272727273,0.47511759554064104,0.8181818181818182,22.0,10.0,0.6363636363636364,0.1,5.1,0.49603547221832417,0.9090909090909091
strict_evidence_eleven,ipin_baseline,exclude_development_P,context_background,11,11,,33,3400,0.6687878787878788,0.05665219283229753,0.10086360827987621,40.54545454545455,3.0,3.0,0.09090909090909091,0.05454545454545456,5.509090909090909,0.058077641455679396,0.2727272727272727,3.0,3.0,0.09090909090909091,0.02727272727272728,2.7545454545454544,0.058077641455679396,0.2727272727272727,8.0,6.0,0.23484848484848483,0.03636363636363637,3.6727272727272724,0.10834172763607247,0.5454545454545454
strict_evidence_eleven,ipin_optimized,exclude_development_P,context_background,11,11,,33,3400,0.7155050505050505,0.11292716522047774,0.22383147825625702,33.09090909090909,3.0,3.0,0.09090909090909091,0.05454545454545456,5.509090909090909,0.09649477708677154,0.2727272727272727,6.0,4.0,0.18181818181818182,0.05454545454545456,5.509090909090909,0.13640024869833914,0.36363636363636365,12.0,8.0,0.356060606060606,0.05454545454545454,5.509090909090909,0.19992866903185255,0.7272727272727273
strict_evidence_eleven,tuna_retrained,exclude_development_P,context_background,11,11,,33,3400,0.737449494949495,0.12009478004317384,0.26580496408687154,27.636363636363637,4.0,3.0,0.11363636363636363,0.07272727272727274,7.345454545454545,0.11785504413879853,0.2727272727272727,7.0,6.0,0.20454545454545456,0.06363636363636363,6.427272727272728,0.1593521698941589,0.5454545454545454,8.0,7.0,0.23484848484848483,0.03636363636363637,3.6727272727272724,0.16939511489044048,0.6363636363636364
strict_evidence_eleven,tuna_original,exclude_development_P,context_background,11,11,,33,3400,0.7335984848484849,0.11857689719253718,0.2616992239435912,34.54545454545455,4.0,3.0,0.11363636363636363,0.07272727272727274,7.345454545454545,0.12157113450164327,0.2727272727272727,6.0,4.0,0.17424242424242423,0.05454545454545456,5.509090909090909,0.14736140076667786,0.36363636363636365,9.0,6.0,0.26515151515151514,0.0409090909090909,4.131818181818182,0.17955823716248503,0.5454545454545454
strict_evidence_eleven,ipin_baseline,exclude_development_P,all_U,11,11,,33,5100,0.7184385521885521,0.04797257687772749,0.0911721231034634,48.0,3.0,3.0,0.09090909090909091,0.05454545454545456,8.236363636363636,0.05512018540924024,0.2727272727272727,3.0,3.0,0.09090909090909091,0.02727272727272728,4.118181818181818,0.05512018540924024,0.2727272727272727,6.0,5.0,0.18181818181818182,0.02727272727272728,4.118181818181818,0.08510673886527255,0.45454545454545453
strict_evidence_eleven,ipin_optimized,exclude_development_P,all_U,11,11,,33,5100,0.7492550505050506,0.10798988064452676,0.2198514622386803,40.45454545454545,3.0,3.0,0.09090909090909091,0.05454545454545456,8.236363636363636,0.09649477708677154,0.2727272727272727,6.0,4.0,0.18181818181818182,0.05454545454545456,8.236363636363636,0.1346170409365741,0.36363636363636365,12.0,8.0,0.356060606060606,0.05454545454545454,8.236363636363636,0.1967533573935081,0.7272727272727273
strict_evidence_eleven,tuna_retrained,exclude_development_P,all_U,11,11,,33,5100,0.7721506734006734,0.11321104120997903,0.2549962831781014,37.0,4.0,3.0,0.11363636363636363,0.07272727272727274,10.981818181818182,0.1148975880923594,0.2727272727272727,7.0,6.0,0.20454545454545456,0.06363636363636363,9.60909090909091,0.15588425935432146,0.5454545454545454,7.0,6.0,0.20454545454545456,0.031818181818181815,4.804545454545455,0.15588425935432146,0.5454545454545454
strict_evidence_eleven,tuna_original,exclude_development_P,all_U,11,11,,33,5100,0.7750084175084175,0.11129076471454047,0.25642923859845906,40.36363636363637,4.0,3.0,0.11363636363636363,0.07272727272727274,10.981818181818182,0.12157113450164327,0.2727272727272727,6.0,4.0,0.17424242424242423,0.05454545454545456,8.236363636363636,0.14736140076667786,0.36363636363636365,7.0,5.0,0.20454545454545456,0.031818181818181815,4.804545454545455,0.15707420115411333,0.45454545454545453
strict_evidence_eleven,ipin_baseline,exclude_development_P_and_homomers,context,11,11,,32,1700,0.611010101010101,0.10254372488346299,0.18712480118133287,31.545454545454547,3.0,3.0,0.09090909090909091,0.05454545454545456,2.7818181818181817,0.08532340473141026,0.2727272727272727,6.0,5.0,0.1818181818181818,0.05454545454545454,2.781818181818182,0.12471842184957958,0.45454545454545453,10.0,7.0,0.30303030303030304,0.045454545454545456,2.3181818181818183,0.1682019050430705,0.6363636363636364
strict_evidence_eleven,ipin_optimized,exclude_development_P_and_homomers,context,11,11,,32,1700,0.6678282828282828,0.178673198108685,0.3367087457996549,30.363636363636363,6.0,4.0,0.18181818181818182,0.10909090909090911,5.5636363636363635,0.17936610087668384,0.36363636363636365,11.0,7.0,0.3333333333333333,0.1,5.1000000000000005,0.24680392645088495,0.6363636363636364,12.0,7.0,0.36363636363636365,0.05454545454545456,2.7818181818181817,0.25833274616292073,0.6363636363636364
strict_evidence_eleven,tuna_retrained,exclude_development_P_and_homomers,context,11,11,,32,1700,0.6922727272727273,0.15018177016316933,0.2814526514125139,23.636363636363637,7.0,6.0,0.2121212121212121,0.12727272727272726,6.490909090909091,0.17345118878380553,0.5454545454545454,7.0,6.0,0.2121212121212121,0.06363636363636363,3.2454545454545456,0.17345118878380553,0.5454545454545454,12.0,8.0,0.36363636363636365,0.05454545454545454,2.781818181818182,0.22765219599791783,0.7272727272727273
strict_evidence_eleven,tuna_original,exclude_development_P_and_homomers,context,11,11,,32,1700,0.6776767676767678,0.15914740521730034,0.2515601455942365,26.545454545454547,4.0,3.0,0.1212121212121212,0.07272727272727274,3.7090909090909094,0.13061333722835688,0.2727272727272727,8.0,5.0,0.2424242424242424,0.07272727272727274,3.7090909090909094,0.18792268458274505,0.45454545454545453,11.0,6.0,0.3333333333333333,0.05,2.5500000000000003,0.2193787037104518,0.5454545454545454
strict_evidence_eleven,ipin_baseline,exclude_development_P_and_homomers,background,11,11,,32,1700,0.6973232323232325,0.10308270210021685,0.16731155687427263,23.727272727272727,3.0,3.0,0.09090909090909091,0.05454545454545456,2.7818181818181817,0.07516392590391897,0.2727272727272727,7.0,5.0,0.2121212121212121,0.06363636363636363,3.2454545454545456,0.12975929939995381,0.45454545454545453,10.0,7.0,0.30303030303030304,0.045454545454545456,2.3181818181818183,0.16280989346920074,0.6363636363636364
strict_evidence_eleven,ipin_optimized,exclude_development_P_and_homomers,background,11,11,,32,1700,0.7351515151515151,0.1566806742799749,0.25168491639079876,25.0,5.0,5.0,0.1515151515151515,0.09090909090909091,4.636363636363637,0.13137197154476246,0.45454545454545453,11.0,7.0,0.3333333333333333,0.1,5.1000000000000005,0.2143662230554832,0.6363636363636364,14.0,7.0,0.42424242424242425,0.06363636363636364,3.245454545454545,0.24725185645152525,0.6363636363636364
strict_evidence_eleven,tuna_retrained,exclude_development_P_and_homomers,background,11,11,,32,1700,0.7618686868686868,0.16164937436225427,0.23932506887052343,14.727272727272727,5.0,4.0,0.1515151515151515,0.09090909090909091,4.636363636363637,0.13061333722835688,0.36363636363636365,9.0,8.0,0.2727272727272727,0.0818181818181818,4.172727272727273,0.1886849833577135,0.7272727272727273,18.0,9.0,0.5454545454545454,0.08181818181818182,4.172727272727273,0.28354973448548165,0.8181818181818182
strict_evidence_eleven,tuna_original,exclude_development_P_and_homomers,background,11,11,,32,1700,0.7726262626262627,0.142630855441097,0.21538001068230497,18.181818181818183,5.0,3.0,0.1515151515151515,0.09090909090909091,4.636363636363637,0.1257862853670818,0.2727272727272727,7.0,5.0,0.2121212121212121,0.06363636363636363,3.2454545454545456,0.1542274202775519,0.45454545454545453,13.0,7.0,0.393939393939394,0.05909090909090909,3.0136363636363637,0.2198928390715679,0.6363636363636364
strict_evidence_eleven,ipin_baseline,exclude_development_P_and_homomers,low_plausibility,11,11,,32,1700,0.8024747474747475,0.2524628672427831,0.48833764274940744,15.090909090909092,7.0,6.0,0.2121212121212121,0.12727272727272726,6.490909090909091,0.2458107353667395,0.5454545454545454,10.0,8.0,0.303030303030303,0.09090909090909091,4.636363636363637,0.28771013895747616,0.7272727272727273,18.0,9.0,0.5454545454545454,0.08181818181818183,4.172727272727273,0.37537454131911724,0.8181818181818182
strict_evidence_eleven,ipin_optimized,exclude_development_P_and_homomers,low_plausibility,11,11,,32,1700,0.801868686868687,0.3942914619269704,0.5584075235109718,19.272727272727273,14.0,7.0,0.42424242424242425,0.2545454545454546,12.98181818181818,0.41984440927720706,0.6363636363636364,16.0,7.0,0.4848484848484849,0.14545454545454545,7.418181818181818,0.4478832663523008,0.6363636363636364,19.0,8.0,0.5757575757575757,0.08636363636363636,4.404545454545454,0.48076889974834286,0.7272727272727273
strict_evidence_eleven,tuna_retrained,exclude_development_P_and_homomers,low_plausibility,11,11,,32,1700,0.8371212121212122,0.36912240483135667,0.5494949494949495,11.181818181818182,13.0,8.0,0.393939393939394,0.23636363636363636,12.054545454545455,0.38276839308918265,0.7272727272727273,18.0,10.0,0.5454545454545454,0.16363636363636364,8.496969696969696,0.45030762939114766,0.9090909090909091,23.0,10.0,0.696969696969697,0.10454545454545455,5.483333333333333,0.5023276258132241,0.9090909090909091
strict_evidence_eleven,tuna_original,exclude_development_P_and_homomers,low_plausibility,11,11,,32,1700,0.8573737373737373,0.3738103084515554,0.4873813055631237,7.0,12.0,6.0,0.3636363636363636,0.21818181818181817,11.430303030303032,0.3558518557286494,0.5454545454545454,19.0,9.0,0.5757575757575757,0.17272727272727273,9.263636363636364,0.4514750205508124,0.8181818181818182,21.0,10.0,0.6363636363636364,0.09545454545454546,5.095454545454545,0.47239289722849553,0.9090909090909091
strict_evidence_eleven,ipin_baseline,exclude_development_P_and_homomers,context_background,11,11,,32,3400,0.6541666666666667,0.05527873763330378,0.09635102684421785,54.27272727272727,3.0,3.0,0.09090909090909091,0.05454545454545456,5.509090909090909,0.058077641455679396,0.2727272727272727,3.0,3.0,0.09090909090909091,0.02727272727272728,2.7545454545454544,0.058077641455679396,0.2727272727272727,7.0,5.0,0.2121212121212121,0.031818181818181815,3.213636363636364,0.09998727823892205,0.45454545454545453
strict_evidence_eleven,ipin_optimized,exclude_development_P_and_homomers,context_background,11,11,,32,3400,0.701489898989899,0.11121625051934259,0.2177045406777065,54.36363636363637,3.0,3.0,0.09090909090909091,0.05454545454545456,5.509090909090909,0.09649477708677154,0.2727272727272727,6.0,4.0,0.18181818181818182,0.05454545454545456,5.509090909090909,0.13640024869833914,0.36363636363636365,11.0,7.0,0.3333333333333333,0.05,5.05,0.19084495025720385,0.6363636363636364
strict_evidence_eleven,tuna_retrained,exclude_development_P_and_homomers,context_background,11,11,,32,3400,0.7270707070707071,0.0971743873490515,0.17573762401953144,37.36363636363637,3.0,2.0,0.09090909090909091,0.05454545454545456,5.509090909090909,0.08236594868497112,0.18181818181818182,6.0,5.0,0.18181818181818182,0.05454545454545456,5.509090909090909,0.12386307444033147,0.45454545454545453,7.0,6.0,0.2121212121212121,0.031818181818181815,3.213636363636364,0.13390601943661304,0.5454545454545454
strict_evidence_eleven,tuna_original,exclude_development_P_and_homomers,context_background,11,11,,32,3400,0.7251515151515152,0.09566624372969078,0.17168139863164822,43.72727272727273,3.0,2.0,0.09090909090909091,0.05454545454545456,5.509090909090909,0.08608203904781585,0.18181818181818182,5.0,3.0,0.1515151515151515,0.045454545454545456,4.590909090909091,0.11187230531285045,0.2727272727272727,8.0,5.0,0.2424242424242424,0.03636363636363637,3.6727272727272724,0.14406914170865762,0.45454545454545453
strict_evidence_eleven,ipin_baseline,exclude_development_P_and_homomers,all_U,11,11,,32,5100,0.7036026936026936,0.046863359891444654,0.08740944084854167,68.36363636363636,3.0,3.0,0.09090909090909091,0.05454545454545456,8.236363636363636,0.05512018540924024,0.2727272727272727,3.0,3.0,0.09090909090909091,0.02727272727272728,4.118181818181818,0.05512018540924024,0.2727272727272727,6.0,5.0,0.18181818181818182,0.02727272727272728,4.118181818181818,0.08510673886527255,0.45454545454545453
strict_evidence_eleven,ipin_optimized,exclude_development_P_and_homomers,all_U,11,11,,32,5100,0.734949494949495,0.10666846852418742,0.21504533646481255,72.63636363636364,3.0,3.0,0.09090909090909091,0.05454545454545456,8.236363636363636,0.09649477708677154,0.2727272727272727,6.0,4.0,0.18181818181818182,0.05454545454545456,8.236363636363636,0.1346170409365741,0.36363636363636365,11.0,7.0,0.3333333333333333,0.05,7.550000000000001,0.18839890799635767,0.6363636363636364
strict_evidence_eleven,tuna_retrained,exclude_development_P_and_homomers,all_U,11,11,,32,5100,0.7637542087542087,0.09030603508231701,0.16486419304601121,47.54545454545455,3.0,2.0,0.09090909090909091,0.05454545454545456,8.236363636363636,0.07940849263853197,0.18181818181818182,6.0,5.0,0.18181818181818182,0.05454545454545456,8.236363636363636,0.12039516390049404,0.45454545454545453,6.0,5.0,0.18181818181818182,0.02727272727272728,4.118181818181818,0.12039516390049404,0.45454545454545453
strict_evidence_eleven,tuna_original,exclude_development_P_and_homomers,all_U,11,11,,32,5100,0.7692255892255893,0.08838378210534041,0.16639427356349398,49.72727272727273,3.0,2.0,0.09090909090909091,0.05454545454545456,8.236363636363636,0.08608203904781585,0.18181818181818182,5.0,3.0,0.1515151515151515,0.045454545454545456,6.863636363636363,0.11187230531285045,0.2727272727272727,6.0,4.0,0.18181818181818182,0.02727272727272728,4.118181818181818,0.12158510570028591,0.36363636363636365
strict_evidence_eleven,ipin_baseline,exclude_prior_train_development_P,context,11,11,,31,1700,0.586969696969697,0.08890128527496896,0.16370704246945653,33.45454545454545,2.0,2.0,0.0606060606060606,0.03636363636363637,1.8545454545454547,0.06399255354855769,0.18181818181818182,5.0,4.0,0.1515151515151515,0.045454545454545456,2.3181818181818183,0.103387570666727,0.36363636363636365,9.0,7.0,0.2651515151515152,0.04090909090909091,2.0863636363636364,0.14429206735567468,0.6363636363636364
strict_evidence_eleven,ipin_optimized,exclude_prior_train_development_P,context,11,11,,31,1700,0.6475757575757576,0.140221214195349,0.2612733198024311,27.09090909090909,4.0,3.0,0.1212121212121212,0.07272727272727274,3.7090909090909094,0.1202005991894012,0.2727272727272727,10.0,7.0,0.29545454545454547,0.09090909090909091,4.636363636363637,0.20027989562821827,0.6363636363636364,11.0,7.0,0.32575757575757575,0.05,2.5500000000000003,0.21180871534025406,0.6363636363636364
strict_evidence_eleven,tuna_retrained,exclude_prior_train_development_P,context,11,11,,31,1700,0.68135101010101,0.12776973913430145,0.2817467921294328,22.272727272727273,6.0,6.0,0.17424242424242423,0.10909090909090909,5.5636363636363635,0.14790518673551442,0.5454545454545454,6.0,6.0,0.17424242424242423,0.05454545454545454,2.7818181818181817,0.14790518673551442,0.5454545454545454,11.0,8.0,0.32575757575757575,0.05000000000000002,2.5500000000000003,0.2021061939496267,0.7272727272727273
strict_evidence_eleven,tuna_original,exclude_prior_train_development_P,context,11,11,,31,1700,0.6559343434343435,0.12154062029285889,0.25140116308231275,27.545454545454547,3.0,3.0,0.08333333333333331,0.05454545454545456,2.7818181818181817,0.09652419295594598,0.2727272727272727,7.0,5.0,0.20454545454545456,0.06363636363636363,3.2454545454545456,0.1538335403103341,0.45454545454545453,10.0,6.0,0.29545454545454547,0.045454545454545456,2.3181818181818183,0.18528955943804085,0.5454545454545454
strict_evidence_eleven,ipin_baseline,exclude_prior_train_development_P,background,11,11,,31,1700,0.6722222222222224,0.08438782348482067,0.13674039111814928,26.272727272727273,2.0,2.0,0.0606060606060606,0.03636363636363637,1.8545454545454547,0.04824738854338577,0.18181818181818182,6.0,5.0,0.17424242424242423,0.05454545454545454,2.7818181818181817,0.10202596422376997,0.45454545454545453,9.0,7.0,0.2651515151515152,0.04090909090909091,2.0863636363636364,0.1350765582930169,0.6363636363636364
strict_evidence_eleven,ipin_optimized,exclude_prior_train_development_P,background,11,11,,31,1700,0.7127272727272728,0.13415010418682108,0.21655558138934097,23.181818181818183,4.0,4.0,0.1212121212121212,0.07272727272727274,3.7090909090909094,0.10445543418422926,0.36363636363636365,10.0,7.0,0.29545454545454547,0.09090909090909091,4.636363636363637,0.18293656294860677,0.6363636363636364,13.0,7.0,0.38636363636363635,0.059090909090909104,3.0136363636363637,0.21582219634464883,0.6363636363636364
strict_evidence_eleven,tuna_retrained,exclude_prior_train_development_P,background,11,11,,31,1700,0.737790404040404,0.12436580587930625,0.23770661157024797,19.0,4.0,4.0,0.11363636363636363,0.07272727272727274,3.7090909090909094,0.09652419295594598,0.36363636363636365,8.0,8.0,0.23484848484848486,0.07272727272727274,3.7090909090909094,0.15459583908530258,0.7272727272727273,17.0,9.0,0.5075757575757575,0.07727272727272728,3.9409090909090905,0.2494605902130707,0.8181818181818182
strict_evidence_eleven,tuna_original,exclude_prior_train_development_P,background,11,11,,31,1700,0.7377272727272726,0.13867017303912818,0.2585998499076068,24.636363636363637,4.0,3.0,0.11363636363636363,0.07272727272727274,3.7090909090909094,0.11785504413879853,0.2727272727272727,6.0,5.0,0.17424242424242423,0.05454545454545456,2.7818181818181817,0.14629617904926862,0.45454545454545453,12.0,7.0,0.3560606060606061,0.05454545454545456,2.7818181818181817,0.2119615978432846,0.6363636363636364
strict_evidence_eleven,ipin_baseline,exclude_prior_train_development_P,low_plausibility,11,11,,31,1700,0.7900631313131311,0.20676707240311484,0.41574357015533486,14.727272727272727,6.0,6.0,0.17424242424242423,0.10909090909090909,5.5636363636363635,0.19554723802070953,0.5454545454545454,9.0,8.0,0.2651515151515152,0.0818181818181818,4.172727272727273,0.23744664161144627,0.7272727272727273,17.0,9.0,0.5075757575757576,0.07727272727272728,3.9409090909090905,0.32511104397308727,0.8181818181818182
strict_evidence_eleven,ipin_optimized,exclude_prior_train_development_P,low_plausibility,11,11,,31,1700,0.7878661616161616,0.34853143194603775,0.4861983080688796,14.909090909090908,13.0,7.0,0.38636363636363635,0.23636363636363641,12.054545454545455,0.36958091193117715,0.6363636363636364,15.0,7.0,0.446969696969697,0.13636363636363635,6.954545454545454,0.3976197690062709,0.6363636363636364,18.0,8.0,0.5378787878787878,0.08181818181818182,4.172727272727273,0.43050540240231305,0.7272727272727273
strict_evidence_eleven,tuna_retrained,exclude_prior_train_development_P,low_plausibility,11,11,,31,1700,0.817310606060606,0.3326061099112453,0.5418943533697632,15.818181818181818,12.0,8.0,0.3560606060606061,0.21818181818181823,11.127272727272727,0.3486792488167717,0.7272727272727273,16.0,9.0,0.4772727272727272,0.14545454545454548,7.418181818181818,0.4038864875339688,0.8181818181818182,22.0,9.0,0.6439393939393939,0.1,5.1,0.4638794356860281,0.8181818181818182
strict_evidence_eleven,tuna_original,exclude_prior_train_development_P,low_plausibility,11,11,,31,1700,0.8234848484848485,0.3358202637886778,0.45813535771252467,14.545454545454545,11.0,5.0,0.3181818181818181,0.2,10.200000000000001,0.31571618175257843,0.45454545454545453,18.0,8.0,0.5151515151515151,0.16363636363636364,8.345454545454546,0.4055393558144027,0.7272727272727273,20.0,9.0,0.5757575757575757,0.09090909090909091,4.636363636363636,0.4264572324920858,0.8181818181818182
strict_evidence_eleven,ipin_baseline,exclude_prior_train_development_P,context_background,11,11,,31,3400,0.6295959595959596,0.04551569939997314,0.07858196835117746,58.72727272727273,2.0,2.0,0.0606060606060606,0.03636363636363637,3.6727272727272724,0.03970424631926598,0.18181818181818182,2.0,2.0,0.0606060606060606,0.018181818181818184,1.8363636363636362,0.03970424631926598,0.18181818181818182,6.0,5.0,0.17424242424242423,0.02727272727272727,2.7545454545454544,0.07973752442734382,0.45454545454545453
strict_evidence_eleven,ipin_optimized,exclude_prior_train_development_P,context_background,11,11,,31,3400,0.6801515151515152,0.09104719334050587,0.17888198330676205,49.27272727272727,2.0,2.0,0.0606060606060606,0.03636363636363637,3.6727272727272724,0.06957823972623833,0.18181818181818182,4.0,3.0,0.1212121212121212,0.03636363636363637,3.6727272727272724,0.09664125925963965,0.2727272727272727,10.0,7.0,0.29545454545454547,0.045454545454545456,4.590909090909091,0.16016967959315306,0.6363636363636364
strict_evidence_eleven,tuna_retrained,exclude_prior_train_development_P,context_background,11,11,,31,3400,0.7095707070707071,0.07464938037242205,0.17554522382713128,40.27272727272727,2.0,2.0,0.053030303030303025,0.03636363636363637,3.6727272727272724,0.05681994663667999,0.18181818181818182,5.0,5.0,0.14393939393939392,0.045454545454545456,4.590909090909091,0.09831707239204035,0.45454545454545453,6.0,6.0,0.17424242424242423,0.02727272727272727,2.7545454545454544,0.10836001738832192,0.5454545454545454
strict_evidence_eleven,tuna_original,exclude_prior_train_development_P,context_background,11,11,,31,3400,0.6968308080808081,0.09130942554003879,0.21673607898044622,51.18181818181818,2.0,2.0,0.053030303030303025,0.03636363636363637,3.6727272727272724,0.07815079781953256,0.18181818181818182,4.0,3.0,0.11363636363636363,0.03636363636363637,3.6727272727272724,0.10394106408456714,0.2727272727272727,7.0,5.0,0.20454545454545456,0.031818181818181815,3.213636363636364,0.13613790048037433,0.45454545454545453
strict_evidence_eleven,ipin_baseline,exclude_prior_train_development_P,all_U,11,11,,31,5100,0.6830850168350167,0.037032237755570185,0.068777850709191,72.45454545454545,2.0,2.0,0.0606060606060606,0.03636363636363637,5.490909090909091,0.03674679027282683,0.18181818181818182,2.0,2.0,0.0606060606060606,0.018181818181818184,2.7454545454545456,0.03674679027282683,0.18181818181818182,4.0,4.0,0.1212121212121212,0.018181818181818184,2.7454545454545456,0.05669039873257755,0.36363636363636365
strict_evidence_eleven,ipin_optimized,exclude_prior_train_development_P,all_U,11,11,,31,5100,0.7160563973063974,0.0867805999864272,0.1747576671448852,63.18181818181818,2.0,2.0,0.0606060606060606,0.03636363636363637,5.490909090909091,0.06957823972623833,0.18181818181818182,4.0,3.0,0.1212121212121212,0.03636363636363637,5.490909090909091,0.09536850599127292,0.2727272727272727,10.0,7.0,0.29545454545454547,0.045454545454545456,6.863636363636363,0.15750482244820693,0.6363636363636364
strict_evidence_eleven,tuna_retrained,exclude_prior_train_development_P,all_U,11,11,,31,5100,0.7454840067340068,0.06776099620547858,0.16454173772355593,55.09090909090909,2.0,2.0,0.053030303030303025,0.03636363636363637,5.490909090909091,0.05386249059024084,0.18181818181818182,5.0,5.0,0.14393939393939392,0.045454545454545456,6.863636363636363,0.09484916185220289,0.45454545454545453,5.0,5.0,0.14393939393939392,0.022727272727272728,3.4318181818181817,0.09484916185220289,0.45454545454545453
strict_evidence_eleven,tuna_original,exclude_prior_train_development_P,all_U,11,11,,31,5100,0.7390488215488216,0.08402051317958305,0.21131139348061392,64.72727272727273,2.0,2.0,0.053030303030303025,0.03636363636363637,5.490909090909091,0.07815079781953256,0.18181818181818182,4.0,3.0,0.11363636363636363,0.03636363636363637,5.490909090909091,0.10394106408456714,0.2727272727272727,5.0,4.0,0.14393939393939392,0.022727272727272728,3.4318181818181817,0.11365386447200261,0.36363636363636365
strict_evidence_eleven,ipin_baseline,exclude_prior_train_development_P_and_homomers,context,11,11,,30,1700,0.5724242424242424,0.08695021263219671,0.1577130364754505,40.54545454545455,2.0,2.0,0.0606060606060606,0.03636363636363637,1.8545454545454547,0.06399255354855769,0.18181818181818182,5.0,4.0,0.1515151515151515,0.045454545454545456,2.3181818181818183,0.103387570666727,0.36363636363636365,8.0,6.0,0.24242424242424246,0.03636363636363637,1.8545454545454547,0.13497087293583634,0.5454545454545454
strict_evidence_eleven,ipin_optimized,exclude_prior_train_development_P_and_homomers,context,11,11,,30,1700,0.6328787878787878,0.13627140514509428,0.24682110535021665,38.36363636363637,4.0,3.0,0.1212121212121212,0.07272727272727274,3.7090909090909094,0.1202005991894012,0.2727272727272727,9.0,6.0,0.2727272727272727,0.08181818181818182,4.172727272727273,0.1876384247636023,0.5454545454545454,10.0,6.0,0.30303030303030304,0.04545454545454546,2.3181818181818183,0.19916724447563808,0.5454545454545454
strict_evidence_eleven,tuna_retrained,exclude_prior_train_development_P_and_homomers,context,11,11,,30,1700,0.6684343434343435,0.10477453623134525,0.19203387346914577,29.09090909090909,5.0,5.0,0.1515151515151515,0.09090909090909091,4.636363636363637,0.11241609128168699,0.45454545454545453,5.0,5.0,0.1515151515151515,0.045454545454545456,2.3181818181818183,0.11241609128168699,0.45454545454545453,10.0,7.0,0.30303030303030304,0.045454545454545456,2.3181818181818183,0.16661709849579928,0.6363636363636364
strict_evidence_eleven,tuna_original,exclude_prior_train_development_P_and_homomers,context,11,11,,30,1700,0.6437373737373738,0.09856593124840242,0.1617205734017231,34.18181818181818,2.0,2.0,0.0606060606060606,0.03636363636363637,1.8545454545454547,0.06103509750211855,0.18181818181818182,6.0,4.0,0.1818181818181818,0.05454545454545454,2.781818181818182,0.1183444448565067,0.36363636363636365,9.0,5.0,0.2727272727272727,0.04090909090909091,2.0863636363636364,0.14980046398421343,0.45454545454545453
strict_evidence_eleven,ipin_baseline,exclude_prior_train_development_P_and_homomers,background,11,11,,30,1700,0.6575252525252526,0.08037224104024122,0.12273962395282513,32.90909090909091,2.0,2.0,0.0606060606060606,0.03636363636363637,1.8545454545454547,0.04824738854338577,0.18181818181818182,5.0,4.0,0.1515151515151515,0.045454545454545456,2.3181818181818183,0.08938449335915401,0.36363636363636365,8.0,6.0,0.24242424242424246,0.03636363636363637,1.8545454545454547,0.12243508742840094,0.5454545454545454
strict_evidence_eleven,ipin_optimized,exclude_prior_train_development_P_and_homomers,background,11,11,,30,1700,0.6993939393939393,0.13144917333154518,0.20721851322874338,33.18181818181818,4.0,4.0,0.1212121212121212,0.07272727272727274,3.7090909090909094,0.10445543418422926,0.36363636363636365,9.0,6.0,0.2727272727272727,0.08181818181818182,4.172727272727273,0.17225328069802248,0.5454545454545454,12.0,6.0,0.36363636363636365,0.05454545454545456,2.7818181818181817,0.2051389140940646,0.5454545454545454
strict_evidence_eleven,tuna_retrained,exclude_prior_train_development_P_and_homomers,background,11,11,,30,1700,0.7299494949494949,0.10107102994244645,0.14955234159779615,21.90909090909091,3.0,3.0,0.09090909090909091,0.05454545454545456,2.7818181818181817,0.06103509750211855,0.2727272727272727,7.0,7.0,0.2121212121212121,0.06363636363636363,3.2454545454545456,0.11910674363147516,0.6363636363636364,16.0,8.0,0.48484848484848475,0.07272727272727274,3.709090909090909,0.2139714947592433,0.7272727272727273
strict_evidence_eleven,tuna_original,exclude_prior_train_development_P_and_homomers,background,11,11,,30,1700,0.7330303030303029,0.11537560564427264,0.17082555523676046,27.181818181818183,3.0,2.0,0.09090909090909091,0.05454545454545456,2.7818181818181817,0.0823659486849711,0.18181818181818182,5.0,4.0,0.1515151515151515,0.045454545454545456,2.3181818181818183,0.1108070835954412,0.36363636363636365,11.0,6.0,0.33333333333333337,0.05,2.5500000000000003,0.17647250238945716,0.5454545454545454
strict_evidence_eleven,ipin_baseline,exclude_prior_train_development_P_and_homomers,low_plausibility,11,11,,30,1700,0.7747979797979798,0.20199389177380764,0.39872725313901786,21.363636363636363,5.0,5.0,0.1515151515151515,0.09090909090909091,4.636363636363637,0.1818181818181818,0.45454545454545453,8.0,7.0,0.2424242424242424,0.07272727272727272,3.7090909090909094,0.22371758540891848,0.6363636363636364,16.0,8.0,0.4848484848484848,0.07272727272727274,3.709090909090909,0.31138198777055953,0.7272727272727273
strict_evidence_eleven,ipin_optimized,exclude_prior_train_development_P_and_homomers,low_plausibility,11,11,,30,1700,0.772979797979798,0.34381962022225204,0.4687437626143341,25.818181818181817,12.0,6.0,0.36363636363636365,0.21818181818181823,11.127272727272727,0.35585185572864936,0.5454545454545454,14.0,6.0,0.42424242424242425,0.12727272727272726,6.49090909090909,0.38389071280374315,0.5454545454545454,17.0,7.0,0.5151515151515151,0.07727272727272728,3.9409090909090905,0.4167763461997852,0.6363636363636364
strict_evidence_eleven,tuna_retrained,exclude_prior_train_development_P_and_homomers,low_plausibility,11,11,,30,1700,0.8128787878787879,0.3085636557480174,0.46007617155158137,16.636363636363637,11.0,7.0,0.33333333333333337,0.2,10.200000000000001,0.31319015336294426,0.6363636363636364,16.0,9.0,0.48484848484848475,0.14545454545454548,7.5696969696969685,0.3807293896649094,0.8181818181818182,21.0,9.0,0.6363636363636364,0.09545454545454546,5.0196969696969695,0.43274938608698577,0.8181818181818182
strict_evidence_eleven,tuna_original,exclude_prior_train_development_P_and_homomers,low_plausibility,11,11,,30,1700,0.823030303030303,0.3132282724466864,0.3975292971064641,14.727272727272727,10.0,5.0,0.303030303030303,0.18181818181818182,9.575757575757576,0.2862736160024111,0.45454545454545453,17.0,8.0,0.5151515151515151,0.15454545454545454,8.336363636363636,0.38189678082457407,0.7272727272727273,19.0,9.0,0.5757575757575757,0.08636363636363636,4.631818181818182,0.40281465750225715,0.8181818181818182
strict_evidence_eleven,ipin_baseline,exclude_prior_train_development_P_and_homomers,context_background,11,11,,30,3400,0.6149747474747475,0.04414224420097939,0.0740693869155191,72.45454545454545,2.0,2.0,0.0606060606060606,0.03636363636363637,3.6727272727272724,0.03970424631926598,0.18181818181818182,2.0,2.0,0.0606060606060606,0.018181818181818184,1.8363636363636362,0.03970424631926598,0.18181818181818182,5.0,4.0,0.1515151515151515,0.022727272727272728,2.2954545454545454,0.07138307503019341,0.36363636363636365
strict_evidence_eleven,ipin_optimized,exclude_prior_train_development_P_and_homomers,context_background,11,11,,30,3400,0.6661363636363636,0.08933627863937071,0.17275504572821157,70.54545454545455,2.0,2.0,0.0606060606060606,0.03636363636363637,3.6727272727272724,0.06957823972623833,0.18181818181818182,4.0,3.0,0.1212121212121212,0.03636363636363637,3.6727272727272724,0.09664125925963965,0.2727272727272727,9.0,6.0,0.2727272727272727,0.04090909090909091,4.131818181818182,0.1510859608185044,0.5454545454545454
strict_evidence_eleven,tuna_retrained,exclude_prior_train_development_P_and_homomers,context_background,11,11,,30,3400,0.6991919191919191,0.051728987678299705,0.08547788375979118,50.0,1.0,1.0,0.0303030303030303,0.018181818181818184,1.8363636363636362,0.021330851182852564,0.09090909090909091,4.0,4.0,0.1212121212121212,0.03636363636363637,3.6727272727272724,0.06282797693821292,0.36363636363636365,5.0,5.0,0.1515151515151515,0.022727272727272728,2.2954545454545454,0.0728709219344945,0.45454545454545453
strict_evidence_eleven,tuna_original,exclude_prior_train_development_P_and_homomers,context_background,11,11,,30,3400,0.6883838383838384,0.06839877207719237,0.12671825366850323,60.36363636363637,1.0,1.0,0.0303030303030303,0.018181818181818184,1.8363636363636362,0.04266170236570513,0.09090909090909091,3.0,2.0,0.09090909090909091,0.02727272727272728,2.7545454545454544,0.06845196863073971,0.18181818181818182,6.0,4.0,0.1818181818181818,0.02727272727272727,2.7545454545454544,0.10064880502654688,0.36363636363636365
strict_evidence_eleven,ipin_baseline,exclude_prior_train_development_P_and_homomers,all_U,11,11,,30,5100,0.6682491582491582,0.03592302076928735,0.06501516845426927,92.81818181818181,2.0,2.0,0.0606060606060606,0.03636363636363637,5.490909090909091,0.03674679027282683,0.18181818181818182,2.0,2.0,0.0606060606060606,0.018181818181818184,2.7454545454545456,0.03674679027282683,0.18181818181818182,4.0,4.0,0.1212121212121212,0.018181818181818184,2.7454545454545456,0.05669039873257755,0.36363636363636365
strict_evidence_eleven,ipin_optimized,exclude_prior_train_development_P_and_homomers,all_U,11,11,,30,5100,0.7017508417508418,0.08545918786608785,0.16995154137101748,95.36363636363636,2.0,2.0,0.0606060606060606,0.03636363636363637,5.490909090909091,0.06957823972623833,0.18181818181818182,4.0,3.0,0.1212121212121212,0.03636363636363637,5.490909090909091,0.09536850599127292,0.2727272727272727,9.0,6.0,0.2727272727272727,0.04090909090909091,6.177272727272728,0.1491503730510565,0.5454545454545454
strict_evidence_eleven,tuna_retrained,exclude_prior_train_development_P_and_homomers,all_U,11,11,,30,5100,0.7370875420875421,0.04485599007781655,0.07440964759146577,65.63636363636364,1.0,1.0,0.0303030303030303,0.018181818181818184,2.7454545454545456,0.018373395136413416,0.09090909090909091,4.0,4.0,0.1212121212121212,0.03636363636363637,5.490909090909091,0.059360066398375474,0.36363636363636365,4.0,4.0,0.1212121212121212,0.018181818181818184,2.7454545454545456,0.059360066398375474,0.36363636363636365
strict_evidence_eleven,tuna_original,exclude_prior_train_development_P_and_homomers,all_U,11,11,,30,5100,0.7332659932659933,0.06111353057038298,0.12127642844564886,74.0909090909091,1.0,1.0,0.0303030303030303,0.018181818181818184,2.7454545454545456,0.04266170236570513,0.09090909090909091,3.0,2.0,0.09090909090909091,0.02727272727272728,4.118181818181818,0.06845196863073971,0.18181818181818182,4.0,3.0,0.1212121212121212,0.018181818181818184,2.7454545454545456,0.07816476901817518,0.2727272727272727
strict_evidence_eleven,ipin_baseline,exclude_any_model_prior_pairs,context,11,10,BCL2,27,1539,0.5527600083764928,0.051129174800379484,0.08010745556964044,36.4,1.0,1.0,0.05,0.02,1.4600000000000002,0.03065735963827292,0.1,3.0,3.0,0.11666666666666665,0.030000000000000006,1.7500000000000004,0.058349254267500594,0.3,6.0,6.0,0.20833333333333331,0.03,1.6383333333333336,0.09101861670607071,0.6
strict_evidence_eleven,ipin_optimized,exclude_any_model_prior_pairs,context,11,10,BCL2,27,1539,0.615561577436589,0.12098014237517654,0.2626703290333133,28.6,2.0,2.0,0.06666666666666667,0.04,2.0333333333333337,0.09385574520455128,0.2,7.0,6.0,0.225,0.07,3.5666666666666673,0.16781627400126717,0.6,8.0,6.0,0.25833333333333336,0.039999999999999994,2.0383333333333336,0.18049797568450654,0.6
strict_evidence_eleven,tuna_retrained,exclude_any_model_prior_pairs,context,11,10,BCL2,27,1539,0.6678624275995221,0.1265945566202867,0.29181621976224675,23.3,5.0,5.0,0.15833333333333333,0.1,5.093333333333334,0.1445415261553306,0.5,5.0,5.0,0.15833333333333333,0.05,2.546666666666667,0.1445415261553306,0.5,9.0,7.0,0.30833333333333335,0.045,2.4033333333333333,0.19592282870340844,0.7
strict_evidence_eleven,tuna_original,exclude_any_model_prior_pairs,context,11,10,BCL2,27,1539,0.6418500543961263,0.11996119259108032,0.2518879769921437,29.3,2.0,2.0,0.05833333333333333,0.04,2.04,0.08596587760148582,0.2,6.0,4.0,0.19166666666666665,0.06000000000000001,3.06,0.1490061596913128,0.4,9.0,6.0,0.3083333333333333,0.045,2.4050000000000002,0.18670923080816187,0.6
strict_evidence_eleven,ipin_baseline,exclude_any_model_prior_pairs,background,11,10,BCL2,27,1541,0.6462737815278599,0.07218694135100545,0.11708109689663086,28.6,1.0,1.0,0.05,0.02,1.4700000000000002,0.03868528072345416,0.1,4.0,4.0,0.14166666666666666,0.04,2.2625,0.08219908977111826,0.4,6.0,6.0,0.20833333333333331,0.03,1.63625,0.1073008543677431,0.6
strict_evidence_eleven,ipin_optimized,exclude_any_model_prior_pairs,background,11,10,BCL2,27,1541,0.6849566964543572,0.11635599525505017,0.21339496305768685,24.9,3.0,3.0,0.1,0.06000000000000001,3.04,0.09469024295259744,0.3,7.0,6.0,0.225,0.07,3.5575,0.15017674181080956,0.6,10.0,6.0,0.325,0.05,2.54375,0.18635093854645585,0.6
strict_evidence_eleven,tuna_retrained,exclude_any_model_prior_pairs,background,11,10,BCL2,27,1541,0.7316859325951832,0.12976865735389936,0.2543344155844156,19.5,4.0,4.0,0.12499999999999997,0.08,4.055000000000001,0.10617661225154058,0.4,8.0,8.0,0.275,0.08,4.2925,0.1748510385519229,0.8,15.0,8.0,0.5083333333333333,0.07500000000000001,3.93125,0.25570976974006093,0.8
strict_evidence_eleven,tuna_original,exclude_any_model_prior_pairs,background,11,10,BCL2,27,1541,0.7381430426037451,0.14680058067298146,0.277660384348917,25.6,4.0,3.0,0.125,0.08,4.075000000000001,0.1296405485526784,0.3,6.0,5.0,0.19166666666666665,0.06000000000000001,3.0575,0.16092579695419548,0.5,11.0,6.0,0.375,0.05500000000000001,2.9162500000000002,0.22504523867353193,0.6
strict_evidence_eleven,ipin_baseline,exclude_any_model_prior_pairs,low_plausibility,11,10,BCL2,27,1550,0.7759583333333333,0.21163177302259614,0.40731792717086834,16.0,5.0,5.0,0.175,0.1,5.6,0.19988061740046417,0.5,8.0,7.0,0.27499999999999997,0.07999999999999999,4.33,0.24596996135027455,0.7,13.0,8.0,0.4583333333333333,0.06500000000000002,3.565,0.3102582154370993,0.8
strict_evidence_eleven,ipin_optimized,exclude_any_model_prior_pairs,low_plausibility,11,10,BCL2,27,1550,0.7654305555555556,0.323332532465648,0.4848181388757675,16.2,10.0,6.0,0.325,0.2,10.200000000000001,0.3353126964728353,0.6,12.0,6.0,0.39166666666666666,0.12,6.12,0.36615543925543836,0.6,15.0,7.0,0.5083333333333333,0.075,3.95,0.40601206484907254,0.7
strict_evidence_eleven,tuna_retrained,exclude_any_model_prior_pairs,low_plausibility,11,10,BCL2,27,1550,0.8208194444444444,0.3637343561426759,0.5860837887067395,16.4,12.0,8.0,0.4083333333333333,0.24000000000000005,12.74,0.39262426332531647,0.8,15.0,8.0,0.5083333333333333,0.15000000000000002,7.9,0.4397870285709885,0.8,20.0,8.0,0.6583333333333333,0.09999999999999999,5.225,0.49473203204234395,0.8
strict_evidence_eleven,tuna_original,exclude_any_model_prior_pairs,low_plausibility,11,10,BCL2,27,1550,0.8478333333333333,0.3615961214816149,0.48728222681711053,15.4,11.0,5.0,0.35,0.21999999999999997,11.220000000000002,0.34728779992783626,0.5,17.0,7.0,0.5333333333333333,0.16999999999999998,8.67,0.4293772458992227,0.7,19.0,8.0,0.6166666666666666,0.095,4.97,0.4561656088343226,0.8
strict_evidence_eleven,ipin_baseline,exclude_any_model_prior_pairs,context_background,11,10,BCL2,27,3080,0.5994887922368345,0.03280364953510789,0.053114148212341464,64.0,1.0,1.0,0.05,0.02,2.91,0.026406812257259087,0.1,1.0,1.0,0.05,0.01,1.455,0.026406812257259087,0.1,4.0,4.0,0.14166666666666666,0.02,2.24125,0.05776171649290536,0.4
strict_evidence_eleven,ipin_optimized,exclude_any_model_prior_pairs,context_background,11,10,BCL2,27,3080,0.650217431808581,0.08102548540794233,0.18260393122118784,52.5,2.0,2.0,0.06666666666666667,0.04,4.013333333333334,0.07653606369886216,0.2,2.0,2.0,0.06666666666666667,0.02,2.006666666666667,0.07653606369886216,0.2,7.0,6.0,0.225,0.035,3.5270833333333336,0.134685357915158,0.6
strict_evidence_eleven,tuna_retrained,exclude_any_model_prior_pairs,context_background,11,10,BCL2,27,3080,0.6996414444728049,0.07724413207582143,0.18847516375508272,41.8,2.0,2.0,0.05833333333333333,0.04,4.035,0.06250194130034799,0.2,5.0,5.0,0.15833333333333333,0.05,5.034166666666667,0.10814877963124436,0.5,6.0,6.0,0.20833333333333331,0.03,3.2445833333333334,0.12233566981784379,0.6
strict_evidence_eleven,tuna_original,exclude_any_model_prior_pairs,context_background,11,10,BCL2,27,3080,0.6898371811335753,0.09620903003979099,0.23243921348443347,53.9,2.0,2.0,0.05833333333333333,0.04,4.035,0.08596587760148582,0.2,4.0,3.0,0.125,0.04,4.0375,0.11433517049302386,0.3,6.0,4.0,0.19166666666666665,0.030000000000000006,3.0287499999999996,0.13827076105580996,0.4
strict_evidence_eleven,ipin_baseline,exclude_any_model_prior_pairs,all_U,11,10,BCL2,27,4630,0.6584413567993407,0.03007921293578857,0.050659705784180095,79.0,1.0,1.0,0.05,0.02,4.41,0.026406812257259087,0.1,1.0,1.0,0.05,0.01,2.205,0.026406812257259087,0.1,3.0,3.0,0.11666666666666665,0.015000000000000003,2.6125000000000003,0.04834478156298487,0.3
strict_evidence_eleven,ipin_optimized,exclude_any_model_prior_pairs,all_U,11,10,BCL2,27,4630,0.6888409632346014,0.07850072625248608,0.17981740375833413,67.7,2.0,2.0,0.06666666666666667,0.04,6.013333333333334,0.07653606369886216,0.2,2.0,2.0,0.06666666666666667,0.02,3.006666666666667,0.07653606369886216,0.2,7.0,6.0,0.225,0.035,5.2770833333333345,0.1336321229219428,0.6
strict_evidence_eleven,tuna_retrained,exclude_any_model_prior_pairs,all_U,11,10,BCL2,27,4630,0.7402653161768281,0.07178858880669067,0.1781331553387391,57.2,2.0,2.0,0.05833333333333333,0.04,6.035000000000001,0.05924873964926493,0.2,5.0,5.0,0.15833333333333333,0.05,7.534166666666667,0.10433407803742319,0.5,6.0,6.0,0.20833333333333331,0.03,4.869583333333334,0.11829361542389824,0.6
strict_evidence_eleven,tuna_original,exclude_any_model_prior_pairs,all_U,11,10,BCL2,27,4630,0.7426619460408894,0.08974884134749914,0.22783977935292662,68.3,2.0,2.0,0.05833333333333333,0.04,6.035000000000001,0.08596587760148582,0.2,4.0,3.0,0.125,0.04,6.0375000000000005,0.11433517049302386,0.3,5.0,4.0,0.15833333333333333,0.025,3.7737500000000006,0.12501925091920288,0.4
strict_evidence_eleven,ipin_baseline,exclude_any_model_prior_pairs_and_homomers,context,11,10,BCL2,26,1539,0.5367600083764927,0.048982994893330016,0.07351404897623384,44.2,1.0,1.0,0.05,0.02,1.4600000000000002,0.03065735963827292,0.1,3.0,3.0,0.11666666666666665,0.030000000000000006,1.7500000000000004,0.058349254267500594,0.3,5.0,5.0,0.1833333333333333,0.025,1.3833333333333335,0.08076530284424853,0.5
strict_evidence_eleven,ipin_optimized,exclude_any_model_prior_pairs_and_homomers,context,11,10,BCL2,26,1539,0.5993949107699224,0.11663535241989634,0.24677289313587733,41.0,2.0,2.0,0.06666666666666667,0.04,2.0333333333333337,0.09385574520455128,0.2,6.0,5.0,0.19999999999999998,0.06,3.056666666666667,0.1539106560501896,0.5,7.0,5.0,0.2333333333333333,0.034999999999999996,1.7833333333333337,0.16659235773342898,0.5
strict_evidence_eleven,tuna_retrained,exclude_any_model_prior_pairs_and_homomers,context,11,10,BCL2,26,1539,0.6536540942661887,0.1012998334270349,0.19313200923593093,30.8,4.0,4.0,0.13333333333333333,0.08,4.073333333333333,0.10550352115612043,0.4,4.0,4.0,0.13333333333333333,0.04,2.0366666666666666,0.10550352115612043,0.4,8.0,6.0,0.2833333333333333,0.039999999999999994,2.1483333333333334,0.15688482370419826,0.6
strict_evidence_eleven,tuna_original,exclude_any_model_prior_pairs_and_homomers,context,11,10,BCL2,26,1539,0.6284333877294597,0.09468903464217818,0.15323932834349502,36.6,1.0,1.0,0.03333333333333333,0.02,1.02,0.04692787260227564,0.1,5.0,3.0,0.16666666666666666,0.05,2.55,0.10996815469210264,0.3,8.0,5.0,0.2833333333333333,0.04,2.15,0.14767122580895173,0.5
strict_evidence_eleven,ipin_baseline,exclude_any_model_prior_pairs_and_homomers,background,11,10,BCL2,26,1541,0.6301515034709084,0.06776702725669223,0.10169648151201549,35.8,1.0,1.0,0.05,0.02,1.4700000000000002,0.03868528072345416,0.1,3.0,3.0,0.11666666666666665,0.030000000000000006,1.7550000000000001,0.06829347182004068,0.3,5.0,5.0,0.1833333333333333,0.025,1.3825,0.09339523641666554,0.5
strict_evidence_eleven,ipin_optimized,exclude_any_model_prior_pairs_and_homomers,background,11,10,BCL2,26,1541,0.670341956085848,0.11338345902049371,0.20313130957369435,35.8,3.0,3.0,0.1,0.06000000000000001,3.04,0.09469024295259744,0.3,6.0,5.0,0.19999999999999998,0.06,3.0500000000000003,0.13842513133516685,0.5,9.0,5.0,0.3,0.045,2.29,0.1745993280708131,0.5
strict_evidence_eleven,tuna_retrained,exclude_any_model_prior_pairs_and_homomers,background,11,10,BCL2,26,1541,0.7230594669335418,0.104144473676585,0.1573647186147186,22.7,3.0,3.0,0.1,0.06000000000000001,3.04,0.06713860725233041,0.3,7.0,7.0,0.25,0.07,3.785,0.13581303355271274,0.7,14.0,7.0,0.4833333333333333,0.07,3.6774999999999998,0.21667176474085076,0.7
strict_evidence_eleven,tuna_original,exclude_any_model_prior_pairs_and_homomers,background,11,10,BCL2,26,1541,0.7329504127879998,0.12117655653864037,0.18110866021098596,28.4,3.0,2.0,0.1,0.06000000000000001,3.06,0.09060254355346822,0.2,5.0,4.0,0.16666666666666666,0.05,2.55,0.12188779195498531,0.4,10.0,5.0,0.35,0.05,2.6625,0.18600723367432176,0.5
strict_evidence_eleven,ipin_baseline,exclude_any_model_prior_pairs_and_homomers,low_plausibility,11,10,BCL2,26,1550,0.7591666666666667,0.20638127433035822,0.3885999784529196,23.3,4.0,4.0,0.14999999999999997,0.08,4.58,0.18477865557768364,0.4,7.0,6.0,0.25,0.06999999999999999,3.8200000000000003,0.23086799952749404,0.6,12.0,7.0,0.4333333333333333,0.06000000000000001,3.31,0.29515625361431874,0.7
strict_evidence_eleven,ipin_optimized,exclude_any_model_prior_pairs_and_homomers,low_plausibility,11,10,BCL2,26,1550,0.7490555555555556,0.3181495395694837,0.46561813887576753,28.2,9.0,5.0,0.3,0.18,9.180000000000001,0.32021073465005473,0.5,11.0,5.0,0.36666666666666664,0.10999999999999999,5.61,0.35105347743265786,0.5,14.0,6.0,0.4833333333333333,0.06999999999999999,3.6949999999999994,0.390910103026292,0.6
strict_evidence_eleven,tuna_retrained,exclude_any_model_prior_pairs_and_homomers,low_plausibility,11,10,BCL2,26,1550,0.8159444444444445,0.3372876565631252,0.4960837887067395,17.3,11.0,7.0,0.38333333333333336,0.22000000000000003,11.72,0.35358625832610635,0.7,15.0,8.0,0.5166666666666666,0.15000000000000002,8.066666666666666,0.4143142209150231,0.8,19.0,8.0,0.65,0.095,5.136666666666667,0.46048897748339745,0.8
strict_evidence_eleven,tuna_original,exclude_any_model_prior_pairs_and_homomers,low_plausibility,11,10,BCL2,26,1550,0.8473333333333333,0.3367449310054245,0.4206155601504438,15.6,10.0,5.0,0.3333333333333333,0.2,10.533333333333335,0.3149009776026522,0.5,16.0,7.0,0.5333333333333333,0.15999999999999998,8.66,0.4033704134104112,0.7,18.0,8.0,0.6166666666666666,0.09,4.965,0.43015877634551114,0.8
strict_evidence_eleven,ipin_baseline,exclude_any_model_prior_pairs_and_homomers,context_background,11,10,BCL2,26,3080,0.5834278064390066,0.031292206859722824,0.04815383075202399,79.0,1.0,1.0,0.05,0.02,2.91,0.026406812257259087,0.1,1.0,1.0,0.05,0.01,1.455,0.026406812257259087,0.1,3.0,3.0,0.11666666666666665,0.015000000000000003,1.7375,0.04857182215603989,0.3
strict_evidence_eleven,ipin_optimized,exclude_any_model_prior_pairs_and_homomers,context_background,11,10,BCL2,26,3080,0.6348247835211959,0.07914310597450692,0.17586593237792586,75.8,2.0,2.0,0.06666666666666667,0.04,4.013333333333334,0.07653606369886216,0.2,2.0,2.0,0.06666666666666667,0.02,2.006666666666667,0.07653606369886216,0.2,6.0,5.0,0.19999999999999998,0.03,3.0233333333333334,0.12469326726304446,0.5
strict_evidence_eleven,tuna_retrained,exclude_any_model_prior_pairs_and_homomers,context_background,11,10,BCL2,26,3080,0.6882170501536737,0.05203170599258168,0.08940108968100861,52.5,1.0,1.0,0.03333333333333333,0.02,2.02,0.02346393630113782,0.1,4.0,4.0,0.13333333333333333,0.04,4.026666666666666,0.06911077463203422,0.4,5.0,5.0,0.1833333333333333,0.025,2.7408333333333337,0.08329766481863363,0.5
strict_evidence_eleven,tuna_original,exclude_any_model_prior_pairs_and_homomers,context_background,11,10,BCL2,26,3080,0.6805222270817791,0.07100731123065994,0.13341960564129624,64.0,1.0,1.0,0.03333333333333333,0.02,2.02,0.04692787260227564,0.1,3.0,2.0,0.1,0.030000000000000006,3.03,0.07529716549381368,0.2,5.0,3.0,0.16666666666666666,0.025,2.525,0.0992327560565998,0.3
strict_evidence_eleven,ipin_baseline,exclude_any_model_prior_pairs_and_homomers,all_U,11,10,BCL2,26,4630,0.642136404100398,0.028858770220237147,0.04652241450403168,101.3,1.0,1.0,0.05,0.02,4.41,0.026406812257259087,0.1,1.0,1.0,0.05,0.01,2.205,0.026406812257259087,0.1,3.0,3.0,0.11666666666666665,0.015000000000000003,2.6125000000000003,0.04834478156298487,0.3
strict_evidence_eleven,ipin_optimized,exclude_any_model_prior_pairs_and_homomers,all_U,11,10,BCL2,26,4630,0.6731203177142897,0.0770470048079047,0.1745313899817543,103.0,2.0,2.0,0.06666666666666667,0.04,6.013333333333334,0.07653606369886216,0.2,2.0,2.0,0.06666666666666667,0.02,3.006666666666667,0.07653606369886216,0.2,6.0,5.0,0.19999999999999998,0.03,4.523333333333333,0.12444222858507734,0.5
strict_evidence_eleven,tuna_retrained,exclude_any_model_prior_pairs_and_homomers,all_U,11,10,BCL2,26,4630,0.7310276979241849,0.046593084804705004,0.07898785619343995,68.8,1.0,1.0,0.03333333333333333,0.02,3.0200000000000005,0.020210734650054758,0.1,4.0,4.0,0.13333333333333333,0.04,6.026666666666667,0.06529607303821303,0.4,5.0,5.0,0.1833333333333333,0.025,4.115833333333334,0.07925561042468807,0.5
strict_evidence_eleven,tuna_original,exclude_any_model_prior_pairs_and_homomers,all_U,11,10,BCL2,26,4630,0.7362902153786747,0.06455116047737908,0.12880131781446508,78.6,1.0,1.0,0.03333333333333333,0.02,3.0200000000000005,0.04692787260227564,0.1,3.0,2.0,0.1,0.030000000000000006,4.53,0.07529716549381368,0.2,4.0,3.0,0.13333333333333333,0.02,3.0200000000000005,0.0859812459199927,0.3
