target,partner_gene,partner_uniprot,model,candidate_set,P,U,panel_size,P_vs_U_concordance,average_precision,first_positive_rank_min,first_positive_rank_max,first_positive_rank_expected,reciprocal_rank,recovered_P_at_5,recall_at_5,known_positive_precision_at_5,EF_at_5,NDCG_at_5,target_success_at_5,recovered_P_at_10,recall_at_10,known_positive_precision_at_10,EF_at_10,NDCG_at_10,target_success_at_10,recovered_P_at_20,recall_at_20,known_positive_precision_at_20,EF_at_20,NDCG_at_20,target_success_at_20
ERN1,ERN1,O75460,ipin_baseline,context,1,50,51,0.94,0.25,4,4,4.0,0.25,1.0,1.0,0.2,10.200000000000001,0.43067655807339306,1.0,1.0,1.0,0.1,5.1000000000000005,0.43067655807339306,1.0,1.0,1.0,0.05,2.5500000000000003,0.43067655807339306,1.0
ERN1,HSPA5,P11021,ipin_baseline,context,1,50,51,0.1,0.021739130434782608,46,46,46.0,0.021739130434782608,0.0,0.0,0.0,0.0,0.0,0.0,0.0,0.0,0.0,0.0,0.0,0.0,0.0,0.0,0.0,0.0,0.0,0.0
ERN1,PDIA6,Q15084,ipin_baseline,context,1,50,51,0.54,0.041666666666666664,24,24,24.0,0.041666666666666664,0.0,0.0,0.0,0.0,0.0,0.0,0.0,0.0,0.0,0.0,0.0,0.0,0.0,0.0,0.0,0.0,0.0,0.0
ERN1,SEC61A1,P61619,ipin_baseline,context,1,50,51,0.24,0.02564102564102564,39,39,39.0,0.02564102564102564,0.0,0.0,0.0,0.0,0.0,0.0,0.0,0.0,0.0,0.0,0.0,0.0,0.0,0.0,0.0,0.0,0.0,0.0
ERN1,ERN1,O75460,ipin_baseline,background,1,50,51,1.0,1.0,1,1,1.0,1.0,1.0,1.0,0.2,10.200000000000001,1.0,1.0,1.0,1.0,0.1,5.1000000000000005,1.0,1.0,1.0,1.0,0.05,2.5500000000000003,1.0,1.0
ERN1,HSPA5,P11021,ipin_baseline,background,1,50,51,0.16,0.023255813953488372,43,43,43.0,0.023255813953488372,0.0,0.0,0.0,0.0,0.0,0.0,0.0,0.0,0.0,0.0,0.0,0.0,0.0,0.0,0.0,0.0,0.0,0.0
ERN1,PDIA6,Q15084,ipin_baseline,background,1,50,51,0.68,0.058823529411764705,17,17,17.0,0.058823529411764705,0.0,0.0,0.0,0.0,0.0,0.0,0.0,0.0,0.0,0.0,0.0,0.0,1.0,1.0,0.05,2.5500000000000003,0.23981246656813146,1.0
ERN1,SEC61A1,P61619,ipin_baseline,background,1,50,51,0.22,0.025,40,40,40.0,0.025,0.0,0.0,0.0,0.0,0.0,0.0,0.0,0.0,0.0,0.0,0.0,0.0,0.0,0.0,0.0,0.0,0.0,0.0
ERN1,ERN1,O75460,ipin_baseline,low_plausibility,1,50,51,1.0,1.0,1,1,1.0,1.0,1.0,1.0,0.2,10.200000000000001,1.0,1.0,1.0,1.0,0.1,5.1000000000000005,1.0,1.0,1.0,1.0,0.05,2.5500000000000003,1.0,1.0
ERN1,HSPA5,P11021,ipin_baseline,low_plausibility,1,50,51,0.14,0.022727272727272728,44,44,44.0,0.022727272727272728,0.0,0.0,0.0,0.0,0.0,0.0,0.0,0.0,0.0,0.0,0.0,0.0,0.0,0.0,0.0,0.0,0.0,0.0
ERN1,PDIA6,Q15084,ipin_baseline,low_plausibility,1,50,51,0.6,0.047619047619047616,21,21,21.0,0.047619047619047616,0.0,0.0,0.0,0.0,0.0,0.0,0.0,0.0,0.0,0.0,0.0,0.0,0.0,0.0,0.0,0.0,0.0,0.0
ERN1,SEC61A1,P61619,ipin_baseline,low_plausibility,1,50,51,0.16,0.023255813953488372,43,43,43.0,0.023255813953488372,0.0,0.0,0.0,0.0,0.0,0.0,0.0,0.0,0.0,0.0,0.0,0.0,0.0,0.0,0.0,0.0,0.0,0.0
ERN1,ERN1,O75460,ipin_baseline,context_background,1,100,101,0.97,0.25,4,4,4.0,0.25,1.0,1.0,0.2,20.2,0.43067655807339306,1.0,1.0,1.0,0.1,10.1,0.43067655807339306,1.0,1.0,1.0,0.05,5.05,0.43067655807339306,1.0
ERN1,HSPA5,P11021,ipin_baseline,context_background,1,100,101,0.13,0.011363636363636364,88,88,88.0,0.011363636363636364,0.0,0.0,0.0,0.0,0.0,0.0,0.0,0.0,0.0,0.0,0.0,0.0,0.0,0.0,0.0,0.0,0.0,0.0
ERN1,PDIA6,Q15084,ipin_baseline,context_background,1,100,101,0.61,0.025,40,40,40.0,0.025,0.0,0.0,0.0,0.0,0.0,0.0,0.0,0.0,0.0,0.0,0.0,0.0,0.0,0.0,0.0,0.0,0.0,0.0
ERN1,SEC61A1,P61619,ipin_baseline,context_background,1,100,101,0.23,0.01282051282051282,78,78,78.0,0.01282051282051282,0.0,0.0,0.0,0.0,0.0,0.0,0.0,0.0,0.0,0.0,0.0,0.0,0.0,0.0,0.0,0.0,0.0,0.0
ERN1,ERN1,O75460,ipin_baseline,all_U,1,150,151,0.98,0.25,4,4,4.0,0.25,1.0,1.0,0.2,30.200000000000003,0.43067655807339306,1.0,1.0,1.0,0.1,15.100000000000001,0.43067655807339306,1.0,1.0,1.0,0.05,7.550000000000001,0.43067655807339306,1.0
ERN1,HSPA5,P11021,ipin_baseline,all_U,1,150,151,0.13333333333333333,0.007633587786259542,131,131,131.0,0.007633587786259542,0.0,0.0,0.0,0.0,0.0,0.0,0.0,0.0,0.0,0.0,0.0,0.0,0.0,0.0,0.0,0.0,0.0,0.0
ERN1,PDIA6,Q15084,ipin_baseline,all_U,1,150,151,0.6066666666666667,0.016666666666666666,60,60,60.0,0.016666666666666666,0.0,0.0,0.0,0.0,0.0,0.0,0.0,0.0,0.0,0.0,0.0,0.0,0.0,0.0,0.0,0.0,0.0,0.0
ERN1,SEC61A1,P61619,ipin_baseline,all_U,1,150,151,0.20666666666666667,0.008333333333333333,120,120,120.0,0.008333333333333333,0.0,0.0,0.0,0.0,0.0,0.0,0.0,0.0,0.0,0.0,0.0,0.0,0.0,0.0,0.0,0.0,0.0,0.0
ERN1,ERN1,O75460,ipin_optimized,context,1,50,51,0.98,0.5,2,2,2.0,0.5,1.0,1.0,0.2,10.200000000000001,0.6309297535714575,1.0,1.0,1.0,0.1,5.1000000000000005,0.6309297535714575,1.0,1.0,1.0,0.05,2.5500000000000003,0.6309297535714575,1.0
ERN1,HSPA5,P11021,ipin_optimized,context,1,50,51,0.4,0.03225806451612903,31,31,31.0,0.03225806451612903,0.0,0.0,0.0,0.0,0.0,0.0,0.0,0.0,0.0,0.0,0.0,0.0,0.0,0.0,0.0,0.0,0.0,0.0
ERN1,PDIA6,Q15084,ipin_optimized,context,1,50,51,0.26,0.02631578947368421,38,38,38.0,0.02631578947368421,0.0,0.0,0.0,0.0,0.0,0.0,0.0,0.0,0.0,0.0,0.0,0.0,0.0,0.0,0.0,0.0,0.0,0.0
ERN1,SEC61A1,P61619,ipin_optimized,context,1,50,51,0.32,0.02857142857142857,35,35,35.0,0.02857142857142857,0.0,0.0,0.0,0.0,0.0,0.0,0.0,0.0,0.0,0.0,0.0,0.0,0.0,0.0,0.0,0.0,0.0,0.0
ERN1,ERN1,O75460,ipin_optimized,background,1,50,51,1.0,1.0,1,1,1.0,1.0,1.0,1.0,0.2,10.200000000000001,1.0,1.0,1.0,1.0,0.1,5.1000000000000005,1.0,1.0,1.0,1.0,0.05,2.5500000000000003,1.0,1.0
ERN1,HSPA5,P11021,ipin_optimized,background,1,50,51,0.32,0.02857142857142857,35,35,35.0,0.02857142857142857,0.0,0.0,0.0,0.0,0.0,0.0,0.0,0.0,0.0,0.0,0.0,0.0,0.0,0.0,0.0,0.0,0.0,0.0
ERN1,PDIA6,Q15084,ipin_optimized,background,1,50,51,0.26,0.02631578947368421,38,38,38.0,0.02631578947368421,0.0,0.0,0.0,0.0,0.0,0.0,0.0,0.0,0.0,0.0,0.0,0.0,0.0,0.0,0.0,0.0,0.0,0.0
ERN1,SEC61A1,P61619,ipin_optimized,background,1,50,51,0.38,0.03125,32,32,32.0,0.03125,0.0,0.0,0.0,0.0,0.0,0.0,0.0,0.0,0.0,0.0,0.0,0.0,0.0,0.0,0.0,0.0,0.0,0.0
ERN1,ERN1,O75460,ipin_optimized,low_plausibility,1,50,51,1.0,1.0,1,1,1.0,1.0,1.0,1.0,0.2,10.200000000000001,1.0,1.0,1.0,1.0,0.1,5.1000000000000005,1.0,1.0,1.0,1.0,0.05,2.5500000000000003,1.0,1.0
ERN1,HSPA5,P11021,ipin_optimized,low_plausibility,1,50,51,0.22,0.025,40,40,40.0,0.025,0.0,0.0,0.0,0.0,0.0,0.0,0.0,0.0,0.0,0.0,0.0,0.0,0.0,0.0,0.0,0.0,0.0,0.0
ERN1,PDIA6,Q15084,ipin_optimized,low_plausibility,1,50,51,0.3,0.027777777777777776,36,36,36.0,0.027777777777777776,0.0,0.0,0.0,0.0,0.0,0.0,0.0,0.0,0.0,0.0,0.0,0.0,0.0,0.0,0.0,0.0,0.0,0.0
ERN1,SEC61A1,P61619,ipin_optimized,low_plausibility,1,50,51,0.28,0.02702702702702703,37,37,37.0,0.02702702702702703,0.0,0.0,0.0,0.0,0.0,0.0,0.0,0.0,0.0,0.0,0.0,0.0,0.0,0.0,0.0,0.0,0.0,0.0
ERN1,ERN1,O75460,ipin_optimized,context_background,1,100,101,0.99,0.5,2,2,2.0,0.5,1.0,1.0,0.2,20.2,0.6309297535714575,1.0,1.0,1.0,0.1,10.1,0.6309297535714575,1.0,1.0,1.0,0.05,5.05,0.6309297535714575,1.0
ERN1,HSPA5,P11021,ipin_optimized,context_background,1,100,101,0.36,0.015384615384615385,65,65,65.0,0.015384615384615385,0.0,0.0,0.0,0.0,0.0,0.0,0.0,0.0,0.0,0.0,0.0,0.0,0.0,0.0,0.0,0.0,0.0,0.0
ERN1,PDIA6,Q15084,ipin_optimized,context_background,1,100,101,0.26,0.013333333333333334,75,75,75.0,0.013333333333333334,0.0,0.0,0.0,0.0,0.0,0.0,0.0,0.0,0.0,0.0,0.0,0.0,0.0,0.0,0.0,0.0,0.0,0.0
ERN1,SEC61A1,P61619,ipin_optimized,context_background,1,100,101,0.35,0.015151515151515152,66,66,66.0,0.015151515151515152,0.0,0.0,0.0,0.0,0.0,0.0,0.0,0.0,0.0,0.0,0.0,0.0,0.0,0.0,0.0,0.0,0.0,0.0
ERN1,ERN1,O75460,ipin_optimized,all_U,1,150,151,0.9933333333333333,0.5,2,2,2.0,0.5,1.0,1.0,0.2,30.200000000000003,0.6309297535714575,1.0,1.0,1.0,0.1,15.100000000000001,0.6309297535714575,1.0,1.0,1.0,0.05,7.550000000000001,0.6309297535714575,1.0
ERN1,HSPA5,P11021,ipin_optimized,all_U,1,150,151,0.31333333333333335,0.009615384615384616,104,104,104.0,0.009615384615384616,0.0,0.0,0.0,0.0,0.0,0.0,0.0,0.0,0.0,0.0,0.0,0.0,0.0,0.0,0.0,0.0,0.0,0.0
ERN1,PDIA6,Q15084,ipin_optimized,all_U,1,150,151,0.2733333333333333,0.00909090909090909,110,110,110.0,0.00909090909090909,0.0,0.0,0.0,0.0,0.0,0.0,0.0,0.0,0.0,0.0,0.0,0.0,0.0,0.0,0.0,0.0,0.0,0.0
ERN1,SEC61A1,P61619,ipin_optimized,all_U,1,150,151,0.32666666666666666,0.00980392156862745,102,102,102.0,0.00980392156862745,0.0,0.0,0.0,0.0,0.0,0.0,0.0,0.0,0.0,0.0,0.0,0.0,0.0,0.0,0.0,0.0,0.0,0.0
ERN1,ERN1,O75460,tuna_retrained,context,1,50,51,1.0,1.0,1,1,1.0,1.0,1.0,1.0,0.2,10.200000000000001,1.0,1.0,1.0,1.0,0.1,5.1000000000000005,1.0,1.0,1.0,1.0,0.05,2.5500000000000003,1.0,1.0
ERN1,HSPA5,P11021,tuna_retrained,context,1,50,51,0.22,0.025,40,40,40.0,0.025,0.0,0.0,0.0,0.0,0.0,0.0,0.0,0.0,0.0,0.0,0.0,0.0,0.0,0.0,0.0,0.0,0.0,0.0
ERN1,PDIA6,Q15084,tuna_retrained,context,1,50,51,0.68,0.058823529411764705,17,17,17.0,0.058823529411764705,0.0,0.0,0.0,0.0,0.0,0.0,0.0,0.0,0.0,0.0,0.0,0.0,1.0,1.0,0.05,2.5500000000000003,0.23981246656813146,1.0
ERN1,SEC61A1,P61619,tuna_retrained,context,1,50,51,0.52,0.04,25,25,25.0,0.04,0.0,0.0,0.0,0.0,0.0,0.0,0.0,0.0,0.0,0.0,0.0,0.0,0.0,0.0,0.0,0.0,0.0,0.0
ERN1,ERN1,O75460,tuna_retrained,background,1,50,51,1.0,1.0,1,1,1.0,1.0,1.0,1.0,0.2,10.200000000000001,1.0,1.0,1.0,1.0,0.1,5.1000000000000005,1.0,1.0,1.0,1.0,0.05,2.5500000000000003,1.0,1.0
ERN1,HSPA5,P11021,tuna_retrained,background,1,50,51,0.22,0.025,40,40,40.0,0.025,0.0,0.0,0.0,0.0,0.0,0.0,0.0,0.0,0.0,0.0,0.0,0.0,0.0,0.0,0.0,0.0,0.0,0.0
ERN1,PDIA6,Q15084,tuna_retrained,background,1,50,51,0.78,0.08333333333333333,12,12,12.0,0.08333333333333333,0.0,0.0,0.0,0.0,0.0,0.0,0.0,0.0,0.0,0.0,0.0,0.0,1.0,1.0,0.05,2.5500000000000003,0.27023815442731974,1.0
ERN1,SEC61A1,P61619,tuna_retrained,background,1,50,51,0.86,0.125,8,8,8.0,0.125,0.0,0.0,0.0,0.0,0.0,0.0,1.0,1.0,0.1,5.1000000000000005,0.31546487678572877,1.0,1.0,1.0,0.05,2.5500000000000003,0.31546487678572877,1.0
ERN1,ERN1,O75460,tuna_retrained,low_plausibility,1,50,51,1.0,1.0,1,1,1.0,1.0,1.0,1.0,0.2,10.200000000000001,1.0,1.0,1.0,1.0,0.1,5.1000000000000005,1.0,1.0,1.0,1.0,0.05,2.5500000000000003,1.0,1.0
ERN1,HSPA5,P11021,tuna_retrained,low_plausibility,1,50,51,0.48,0.037037037037037035,27,27,27.0,0.037037037037037035,0.0,0.0,0.0,0.0,0.0,0.0,0.0,0.0,0.0,0.0,0.0,0.0,0.0,0.0,0.0,0.0,0.0,0.0
ERN1,PDIA6,Q15084,tuna_retrained,low_plausibility,1,50,51,0.92,0.2,5,5,5.0,0.2,1.0,1.0,0.2,10.200000000000001,0.38685280723454163,1.0,1.0,1.0,0.1,5.1000000000000005,0.38685280723454163,1.0,1.0,1.0,0.05,2.5500000000000003,0.38685280723454163,1.0
ERN1,SEC61A1,P61619,tuna_retrained,low_plausibility,1,50,51,0.92,0.2,5,5,5.0,0.2,1.0,1.0,0.2,10.200000000000001,0.38685280723454163,1.0,1.0,1.0,0.1,5.1000000000000005,0.38685280723454163,1.0,1.0,1.0,0.05,2.5500000000000003,0.38685280723454163,1.0
ERN1,ERN1,O75460,tuna_retrained,context_background,1,100,101,1.0,1.0,1,1,1.0,1.0,1.0,1.0,0.2,20.2,1.0,1.0,1.0,1.0,0.1,10.1,1.0,1.0,1.0,1.0,0.05,5.05,1.0,1.0
ERN1,HSPA5,P11021,tuna_retrained,context_background,1,100,101,0.22,0.012658227848101266,79,79,79.0,0.012658227848101266,0.0,0.0,0.0,0.0,0.0,0.0,0.0,0.0,0.0,0.0,0.0,0.0,0.0,0.0,0.0,0.0,0.0,0.0
ERN1,PDIA6,Q15084,tuna_retrained,context_background,1,100,101,0.73,0.03571428571428571,28,28,28.0,0.03571428571428571,0.0,0.0,0.0,0.0,0.0,0.0,0.0,0.0,0.0,0.0,0.0,0.0,0.0,0.0,0.0,0.0,0.0,0.0
ERN1,SEC61A1,P61619,tuna_retrained,context_background,1,100,101,0.69,0.03125,32,32,32.0,0.03125,0.0,0.0,0.0,0.0,0.0,0.0,0.0,0.0,0.0,0.0,0.0,0.0,0.0,0.0,0.0,0.0,0.0,0.0
ERN1,ERN1,O75460,tuna_retrained,all_U,1,150,151,1.0,1.0,1,1,1.0,1.0,1.0,1.0,0.2,30.200000000000003,1.0,1.0,1.0,1.0,0.1,15.100000000000001,1.0,1.0,1.0,1.0,0.05,7.550000000000001,1.0,1.0
ERN1,HSPA5,P11021,tuna_retrained,all_U,1,150,151,0.30666666666666664,0.009523809523809525,105,105,105.0,0.009523809523809525,0.0,0.0,0.0,0.0,0.0,0.0,0.0,0.0,0.0,0.0,0.0,0.0,0.0,0.0,0.0,0.0,0.0,0.0
ERN1,PDIA6,Q15084,tuna_retrained,all_U,1,150,151,0.7933333333333333,0.03125,32,32,32.0,0.03125,0.0,0.0,0.0,0.0,0.0,0.0,0.0,0.0,0.0,0.0,0.0,0.0,0.0,0.0,0.0,0.0,0.0,0.0
ERN1,SEC61A1,P61619,tuna_retrained,all_U,1,150,151,0.7666666666666667,0.027777777777777776,36,36,36.0,0.027777777777777776,0.0,0.0,0.0,0.0,0.0,0.0,0.0,0.0,0.0,0.0,0.0,0.0,0.0,0.0,0.0,0.0,0.0,0.0
ERN1,ERN1,O75460,tuna_original,context,1,50,51,1.0,1.0,1,1,1.0,1.0,1.0,1.0,0.2,10.200000000000001,1.0,1.0,1.0,1.0,0.1,5.1000000000000005,1.0,1.0,1.0,1.0,0.05,2.5500000000000003,1.0,1.0
ERN1,HSPA5,P11021,tuna_original,context,1,50,51,0.58,0.045454545454545456,22,22,22.0,0.045454545454545456,0.0,0.0,0.0,0.0,0.0,0.0,0.0,0.0,0.0,0.0,0.0,0.0,0.0,0.0,0.0,0.0,0.0,0.0
ERN1,PDIA6,Q15084,tuna_original,context,1,50,51,0.66,0.05555555555555555,18,18,18.0,0.05555555555555555,0.0,0.0,0.0,0.0,0.0,0.0,0.0,0.0,0.0,0.0,0.0,0.0,1.0,1.0,0.05,2.5500000000000003,0.23540891336663824,1.0
ERN1,SEC61A1,P61619,tuna_original,context,1,50,51,0.26,0.02631578947368421,38,38,38.0,0.02631578947368421,0.0,0.0,0.0,0.0,0.0,0.0,0.0,0.0,0.0,0.0,0.0,0.0,0.0,0.0,0.0,0.0,0.0,0.0
ERN1,ERN1,O75460,tuna_original,background,1,50,51,1.0,1.0,1,1,1.0,1.0,1.0,1.0,0.2,10.200000000000001,1.0,1.0,1.0,1.0,0.1,5.1000000000000005,1.0,1.0,1.0,1.0,0.05,2.5500000000000003,1.0,1.0
ERN1,HSPA5,P11021,tuna_original,background,1,50,51,0.76,0.07692307692307693,13,13,13.0,0.07692307692307693,0.0,0.0,0.0,0.0,0.0,0.0,0.0,0.0,0.0,0.0,0.0,0.0,1.0,1.0,0.05,2.5500000000000003,0.26264953503719357,1.0
ERN1,PDIA6,Q15084,tuna_original,background,1,50,51,0.88,0.14285714285714285,7,7,7.0,0.14285714285714285,0.0,0.0,0.0,0.0,0.0,0.0,1.0,1.0,0.1,5.1000000000000005,0.3333333333333333,1.0,1.0,1.0,0.05,2.5500000000000003,0.3333333333333333,1.0
ERN1,SEC61A1,P61619,tuna_original,background,1,50,51,0.82,0.1,10,10,10.0,0.1,0.0,0.0,0.0,0.0,0.0,0.0,1.0,1.0,0.1,5.1000000000000005,0.2890648263178879,1.0,1.0,1.0,0.05,2.5500000000000003,0.2890648263178879,1.0
ERN1,ERN1,O75460,tuna_original,low_plausibility,1,50,51,1.0,1.0,1,1,1.0,1.0,1.0,1.0,0.2,10.200000000000001,1.0,1.0,1.0,1.0,0.1,5.1000000000000005,1.0,1.0,1.0,1.0,0.05,2.5500000000000003,1.0,1.0
ERN1,HSPA5,P11021,tuna_original,low_plausibility,1,50,51,1.0,1.0,1,1,1.0,1.0,1.0,1.0,0.2,10.200000000000001,1.0,1.0,1.0,1.0,0.1,5.1000000000000005,1.0,1.0,1.0,1.0,0.05,2.5500000000000003,1.0,1.0
ERN1,PDIA6,Q15084,tuna_original,low_plausibility,1,50,51,0.98,0.5,2,2,2.0,0.5,1.0,1.0,0.2,10.200000000000001,0.6309297535714575,1.0,1.0,1.0,0.1,5.1000000000000005,0.6309297535714575,1.0,1.0,1.0,0.05,2.5500000000000003,0.6309297535714575,1.0
ERN1,SEC61A1,P61619,tuna_original,low_plausibility,1,50,51,0.96,0.3333333333333333,3,3,3.0,0.3333333333333333,1.0,1.0,0.2,10.200000000000001,0.5,1.0,1.0,1.0,0.1,5.1000000000000005,0.5,1.0,1.0,1.0,0.05,2.5500000000000003,0.5,1.0
ERN1,ERN1,O75460,tuna_original,context_background,1,100,101,1.0,1.0,1,1,1.0,1.0,1.0,1.0,0.2,20.2,1.0,1.0,1.0,1.0,0.1,10.1,1.0,1.0,1.0,1.0,0.05,5.05,1.0,1.0
ERN1,HSPA5,P11021,tuna_original,context_background,1,100,101,0.67,0.029411764705882353,34,34,34.0,0.029411764705882353,0.0,0.0,0.0,0.0,0.0,0.0,0.0,0.0,0.0,0.0,0.0,0.0,0.0,0.0,0.0,0.0,0.0,0.0
ERN1,PDIA6,Q15084,tuna_original,context_background,1,100,101,0.77,0.041666666666666664,24,24,24.0,0.041666666666666664,0.0,0.0,0.0,0.0,0.0,0.0,0.0,0.0,0.0,0.0,0.0,0.0,0.0,0.0,0.0,0.0,0.0,0.0
ERN1,SEC61A1,P61619,tuna_original,context_background,1,100,101,0.54,0.02127659574468085,47,47,47.0,0.02127659574468085,0.0,0.0,0.0,0.0,0.0,0.0,0.0,0.0,0.0,0.0,0.0,0.0,0.0,0.0,0.0,0.0,0.0,0.0
ERN1,ERN1,O75460,tuna_original,all_U,1,150,151,1.0,1.0,1,1,1.0,1.0,1.0,1.0,0.2,30.200000000000003,1.0,1.0,1.0,1.0,0.1,15.100000000000001,1.0,1.0,1.0,1.0,0.05,7.550000000000001,1.0,1.0
ERN1,HSPA5,P11021,tuna_original,all_U,1,150,151,0.78,0.029411764705882353,34,34,34.0,0.029411764705882353,0.0,0.0,0.0,0.0,0.0,0.0,0.0,0.0,0.0,0.0,0.0,0.0,0.0,0.0,0.0,0.0,0.0,0.0
ERN1,PDIA6,Q15084,tuna_original,all_U,1,150,151,0.84,0.04,25,25,25.0,0.04,0.0,0.0,0.0,0.0,0.0,0.0,0.0,0.0,0.0,0.0,0.0,0.0,0.0,0.0,0.0,0.0,0.0,0.0
ERN1,SEC61A1,P61619,tuna_original,all_U,1,150,151,0.68,0.02040816326530612,49,49,49.0,0.02040816326530612,0.0,0.0,0.0,0.0,0.0,0.0,0.0,0.0,0.0,0.0,0.0,0.0,0.0,0.0,0.0,0.0,0.0,0.0
TP53,MDM2,Q00987,ipin_baseline,context,1,50,51,0.2,0.024390243902439025,41,41,41.0,0.024390243902439025,0.0,0.0,0.0,0.0,0.0,0.0,0.0,0.0,0.0,0.0,0.0,0.0,0.0,0.0,0.0,0.0,0.0,0.0
TP53,MDM4,O15151,ipin_baseline,context,1,50,51,0.48,0.037037037037037035,27,27,27.0,0.037037037037037035,0.0,0.0,0.0,0.0,0.0,0.0,0.0,0.0,0.0,0.0,0.0,0.0,0.0,0.0,0.0,0.0,0.0,0.0
TP53,EP300,Q09472,ipin_baseline,context,1,50,51,0.78,0.08333333333333333,12,12,12.0,0.08333333333333333,0.0,0.0,0.0,0.0,0.0,0.0,0.0,0.0,0.0,0.0,0.0,0.0,1.0,1.0,0.05,2.5500000000000003,0.27023815442731974,1.0
TP53,MDM2,Q00987,ipin_baseline,background,1,50,51,0.48,0.037037037037037035,27,27,27.0,0.037037037037037035,0.0,0.0,0.0,0.0,0.0,0.0,0.0,0.0,0.0,0.0,0.0,0.0,0.0,0.0,0.0,0.0,0.0,0.0
TP53,MDM4,O15151,ipin_baseline,background,1,50,51,0.64,0.05263157894736842,19,19,19.0,0.05263157894736842,0.0,0.0,0.0,0.0,0.0,0.0,0.0,0.0,0.0,0.0,0.0,0.0,1.0,1.0,0.05,2.5500000000000003,0.23137821315975915,1.0
TP53,EP300,Q09472,ipin_baseline,background,1,50,51,0.64,0.05263157894736842,19,19,19.0,0.05263157894736842,0.0,0.0,0.0,0.0,0.0,0.0,0.0,0.0,0.0,0.0,0.0,0.0,1.0,1.0,0.05,2.5500000000000003,0.23137821315975915,1.0
TP53,MDM2,Q00987,ipin_baseline,low_plausibility,1,50,51,0.6,0.047619047619047616,21,21,21.0,0.047619047619047616,0.0,0.0,0.0,0.0,0.0,0.0,0.0,0.0,0.0,0.0,0.0,0.0,0.0,0.0,0.0,0.0,0.0,0.0
TP53,MDM4,O15151,ipin_baseline,low_plausibility,1,50,51,0.8,0.09090909090909091,11,11,11.0,0.09090909090909091,0.0,0.0,0.0,0.0,0.0,0.0,0.0,0.0,0.0,0.0,0.0,0.0,1.0,1.0,0.05,2.5500000000000003,0.27894294565112987,1.0
TP53,EP300,Q09472,ipin_baseline,low_plausibility,1,50,51,0.88,0.14285714285714285,7,7,7.0,0.14285714285714285,0.0,0.0,0.0,0.0,0.0,0.0,1.0,1.0,0.1,5.1000000000000005,0.3333333333333333,1.0,1.0,1.0,0.05,2.5500000000000003,0.3333333333333333,1.0
TP53,MDM2,Q00987,ipin_baseline,context_background,1,100,101,0.34,0.014925373134328358,67,67,67.0,0.014925373134328358,0.0,0.0,0.0,0.0,0.0,0.0,0.0,0.0,0.0,0.0,0.0,0.0,0.0,0.0,0.0,0.0,0.0,0.0
TP53,MDM4,O15151,ipin_baseline,context_background,1,100,101,0.56,0.022222222222222223,45,45,45.0,0.022222222222222223,0.0,0.0,0.0,0.0,0.0,0.0,0.0,0.0,0.0,0.0,0.0,0.0,0.0,0.0,0.0,0.0,0.0,0.0
TP53,EP300,Q09472,ipin_baseline,context_background,1,100,101,0.71,0.03333333333333333,30,30,30.0,0.03333333333333333,0.0,0.0,0.0,0.0,0.0,0.0,0.0,0.0,0.0,0.0,0.0,0.0,0.0,0.0,0.0,0.0,0.0,0.0
TP53,MDM2,Q00987,ipin_baseline,all_U,1,150,151,0.4266666666666667,0.011494252873563218,87,87,87.0,0.011494252873563218,0.0,0.0,0.0,0.0,0.0,0.0,0.0,0.0,0.0,0.0,0.0,0.0,0.0,0.0,0.0,0.0,0.0,0.0
TP53,MDM4,O15151,ipin_baseline,all_U,1,150,151,0.64,0.01818181818181818,55,55,55.0,0.01818181818181818,0.0,0.0,0.0,0.0,0.0,0.0,0.0,0.0,0.0,0.0,0.0,0.0,0.0,0.0,0.0,0.0,0.0,0.0
TP53,EP300,Q09472,ipin_baseline,all_U,1,150,151,0.7666666666666667,0.027777777777777776,36,36,36.0,0.027777777777777776,0.0,0.0,0.0,0.0,0.0,0.0,0.0,0.0,0.0,0.0,0.0,0.0,0.0,0.0,0.0,0.0,0.0,0.0
TP53,MDM2,Q00987,ipin_optimized,context,1,50,51,0.32,0.02857142857142857,35,35,35.0,0.02857142857142857,0.0,0.0,0.0,0.0,0.0,0.0,0.0,0.0,0.0,0.0,0.0,0.0,0.0,0.0,0.0,0.0,0.0,0.0
TP53,MDM4,O15151,ipin_optimized,context,1,50,51,0.62,0.05,20,20,20.0,0.05,0.0,0.0,0.0,0.0,0.0,0.0,0.0,0.0,0.0,0.0,0.0,0.0,1.0,1.0,0.05,2.5500000000000003,0.227670248696953,1.0
TP53,EP300,Q09472,ipin_optimized,context,1,50,51,0.32,0.02857142857142857,35,35,35.0,0.02857142857142857,0.0,0.0,0.0,0.0,0.0,0.0,0.0,0.0,0.0,0.0,0.0,0.0,0.0,0.0,0.0,0.0,0.0,0.0
TP53,MDM2,Q00987,ipin_optimized,background,1,50,51,0.56,0.043478260869565216,23,23,23.0,0.043478260869565216,0.0,0.0,0.0,0.0,0.0,0.0,0.0,0.0,0.0,0.0,0.0,0.0,0.0,0.0,0.0,0.0,0.0,0.0
TP53,MDM4,O15151,ipin_optimized,background,1,50,51,0.78,0.08333333333333333,12,12,12.0,0.08333333333333333,0.0,0.0,0.0,0.0,0.0,0.0,0.0,0.0,0.0,0.0,0.0,0.0,1.0,1.0,0.05,2.5500000000000003,0.27023815442731974,1.0
TP53,EP300,Q09472,ipin_optimized,background,1,50,51,0.34,0.029411764705882353,34,34,34.0,0.029411764705882353,0.0,0.0,0.0,0.0,0.0,0.0,0.0,0.0,0.0,0.0,0.0,0.0,0.0,0.0,0.0,0.0,0.0,0.0
TP53,MDM2,Q00987,ipin_optimized,low_plausibility,1,50,51,0.68,0.058823529411764705,17,17,17.0,0.058823529411764705,0.0,0.0,0.0,0.0,0.0,0.0,0.0,0.0,0.0,0.0,0.0,0.0,1.0,1.0,0.05,2.5500000000000003,0.23981246656813146,1.0
TP53,MDM4,O15151,ipin_optimized,low_plausibility,1,50,51,0.82,0.1,10,10,10.0,0.1,0.0,0.0,0.0,0.0,0.0,0.0,1.0,1.0,0.1,5.1000000000000005,0.2890648263178879,1.0,1.0,1.0,0.05,2.5500000000000003,0.2890648263178879,1.0
TP53,EP300,Q09472,ipin_optimized,low_plausibility,1,50,51,0.42,0.03333333333333333,30,30,30.0,0.03333333333333333,0.0,0.0,0.0,0.0,0.0,0.0,0.0,0.0,0.0,0.0,0.0,0.0,0.0,0.0,0.0,0.0,0.0,0.0
TP53,MDM2,Q00987,ipin_optimized,context_background,1,100,101,0.44,0.017543859649122806,57,57,57.0,0.017543859649122806,0.0,0.0,0.0,0.0,0.0,0.0,0.0,0.0,0.0,0.0,0.0,0.0,0.0,0.0,0.0,0.0,0.0,0.0
TP53,MDM4,O15151,ipin_optimized,context_background,1,100,101,0.7,0.03225806451612903,31,31,31.0,0.03225806451612903,0.0,0.0,0.0,0.0,0.0,0.0,0.0,0.0,0.0,0.0,0.0,0.0,0.0,0.0,0.0,0.0,0.0,0.0
TP53,EP300,Q09472,ipin_optimized,context_background,1,100,101,0.33,0.014705882352941176,68,68,68.0,0.014705882352941176,0.0,0.0,0.0,0.0,0.0,0.0,0.0,0.0,0.0,0.0,0.0,0.0,0.0,0.0,0.0,0.0,0.0,0.0
TP53,MDM2,Q00987,ipin_optimized,all_U,1,150,151,0.52,0.0136986301369863,73,73,73.0,0.0136986301369863,0.0,0.0,0.0,0.0,0.0,0.0,0.0,0.0,0.0,0.0,0.0,0.0,0.0,0.0,0.0,0.0,0.0,0.0
TP53,MDM4,O15151,ipin_optimized,all_U,1,150,151,0.74,0.025,40,40,40.0,0.025,0.0,0.0,0.0,0.0,0.0,0.0,0.0,0.0,0.0,0.0,0.0,0.0,0.0,0.0,0.0,0.0,0.0,0.0
TP53,EP300,Q09472,ipin_optimized,all_U,1,150,151,0.36,0.010309278350515464,97,97,97.0,0.010309278350515464,0.0,0.0,0.0,0.0,0.0,0.0,0.0,0.0,0.0,0.0,0.0,0.0,0.0,0.0,0.0,0.0,0.0,0.0
TP53,MDM2,Q00987,tuna_retrained,context,1,50,51,0.84,0.1111111111111111,9,9,9.0,0.1111111111111111,0.0,0.0,0.0,0.0,0.0,0.0,1.0,1.0,0.1,5.1000000000000005,0.3010299956639812,1.0,1.0,1.0,0.05,2.5500000000000003,0.3010299956639812,1.0
TP53,MDM4,O15151,tuna_retrained,context,1,50,51,0.72,0.06666666666666667,15,15,15.0,0.06666666666666667,0.0,0.0,0.0,0.0,0.0,0.0,0.0,0.0,0.0,0.0,0.0,0.0,1.0,1.0,0.05,2.5500000000000003,0.25,1.0
TP53,EP300,Q09472,tuna_retrained,context,1,50,51,0.72,0.06666666666666667,15,15,15.0,0.06666666666666667,0.0,0.0,0.0,0.0,0.0,0.0,0.0,0.0,0.0,0.0,0.0,0.0,1.0,1.0,0.05,2.5500000000000003,0.25,1.0
TP53,MDM2,Q00987,tuna_retrained,background,1,50,51,0.98,0.5,2,2,2.0,0.5,1.0,1.0,0.2,10.200000000000001,0.6309297535714575,1.0,1.0,1.0,0.1,5.1000000000000005,0.6309297535714575,1.0,1.0,1.0,0.05,2.5500000000000003,0.6309297535714575,1.0
TP53,MDM4,O15151,tuna_retrained,background,1,50,51,0.92,0.2,5,5,5.0,0.2,1.0,1.0,0.2,10.200000000000001,0.38685280723454163,1.0,1.0,1.0,0.1,5.1000000000000005,0.38685280723454163,1.0,1.0,1.0,0.05,2.5500000000000003,0.38685280723454163,1.0
TP53,EP300,Q09472,tuna_retrained,background,1,50,51,0.82,0.1,10,10,10.0,0.1,0.0,0.0,0.0,0.0,0.0,0.0,1.0,1.0,0.1,5.1000000000000005,0.2890648263178879,1.0,1.0,1.0,0.05,2.5500000000000003,0.2890648263178879,1.0
TP53,MDM2,Q00987,tuna_retrained,low_plausibility,1,50,51,0.98,0.5,2,2,2.0,0.5,1.0,1.0,0.2,10.200000000000001,0.6309297535714575,1.0,1.0,1.0,0.1,5.1000000000000005,0.6309297535714575,1.0,1.0,1.0,0.05,2.5500000000000003,0.6309297535714575,1.0
TP53,MDM4,O15151,tuna_retrained,low_plausibility,1,50,51,0.94,0.25,4,4,4.0,0.25,1.0,1.0,0.2,10.200000000000001,0.43067655807339306,1.0,1.0,1.0,0.1,5.1000000000000005,0.43067655807339306,1.0,1.0,1.0,0.05,2.5500000000000003,0.43067655807339306,1.0
TP53,EP300,Q09472,tuna_retrained,low_plausibility,1,50,51,0.92,0.2,5,5,5.0,0.2,1.0,1.0,0.2,10.200000000000001,0.38685280723454163,1.0,1.0,1.0,0.1,5.1000000000000005,0.38685280723454163,1.0,1.0,1.0,0.05,2.5500000000000003,0.38685280723454163,1.0
TP53,MDM2,Q00987,tuna_retrained,context_background,1,100,101,0.91,0.1,10,10,10.0,0.1,0.0,0.0,0.0,0.0,0.0,0.0,1.0,1.0,0.1,10.1,0.2890648263178879,1.0,1.0,1.0,0.05,5.05,0.2890648263178879,1.0
TP53,MDM4,O15151,tuna_retrained,context_background,1,100,101,0.82,0.05263157894736842,19,19,19.0,0.05263157894736842,0.0,0.0,0.0,0.0,0.0,0.0,0.0,0.0,0.0,0.0,0.0,0.0,1.0,1.0,0.05,5.05,0.23137821315975915,1.0
TP53,EP300,Q09472,tuna_retrained,context_background,1,100,101,0.77,0.041666666666666664,24,24,24.0,0.041666666666666664,0.0,0.0,0.0,0.0,0.0,0.0,0.0,0.0,0.0,0.0,0.0,0.0,0.0,0.0,0.0,0.0,0.0,0.0
TP53,MDM2,Q00987,tuna_retrained,all_U,1,150,151,0.9333333333333333,0.09090909090909091,11,11,11.0,0.09090909090909091,0.0,0.0,0.0,0.0,0.0,0.0,0.0,0.0,0.0,0.0,0.0,0.0,1.0,1.0,0.05,7.550000000000001,0.27894294565112987,1.0
TP53,MDM4,O15151,tuna_retrained,all_U,1,150,151,0.86,0.045454545454545456,22,22,22.0,0.045454545454545456,0.0,0.0,0.0,0.0,0.0,0.0,0.0,0.0,0.0,0.0,0.0,0.0,0.0,0.0,0.0,0.0,0.0,0.0
TP53,EP300,Q09472,tuna_retrained,all_U,1,150,151,0.82,0.03571428571428571,28,28,28.0,0.03571428571428571,0.0,0.0,0.0,0.0,0.0,0.0,0.0,0.0,0.0,0.0,0.0,0.0,0.0,0.0,0.0,0.0,0.0,0.0
TP53,MDM2,Q00987,tuna_original,context,1,50,51,0.88,0.14285714285714285,7,7,7.0,0.14285714285714285,0.0,0.0,0.0,0.0,0.0,0.0,1.0,1.0,0.1,5.1000000000000005,0.3333333333333333,1.0,1.0,1.0,0.05,2.5500000000000003,0.3333333333333333,1.0
TP53,MDM4,O15151,tuna_original,context,1,50,51,0.9,0.16666666666666666,6,6,6.0,0.16666666666666666,0.0,0.0,0.0,0.0,0.0,0.0,1.0,1.0,0.1,5.1000000000000005,0.3562071871080222,1.0,1.0,1.0,0.05,2.5500000000000003,0.3562071871080222,1.0
TP53,EP300,Q09472,tuna_original,context,1,50,51,0.52,0.04,25,25,25.0,0.04,0.0,0.0,0.0,0.0,0.0,0.0,0.0,0.0,0.0,0.0,0.0,0.0,0.0,0.0,0.0,0.0,0.0,0.0
TP53,MDM2,Q00987,tuna_original,background,1,50,51,0.94,0.25,4,4,4.0,0.25,1.0,1.0,0.2,10.200000000000001,0.43067655807339306,1.0,1.0,1.0,0.1,5.1000000000000005,0.43067655807339306,1.0,1.0,1.0,0.05,2.5500000000000003,0.43067655807339306,1.0
TP53,MDM4,O15151,tuna_original,background,1,50,51,0.96,0.3333333333333333,3,3,3.0,0.3333333333333333,1.0,1.0,0.2,10.200000000000001,0.5,1.0,1.0,1.0,0.1,5.1000000000000005,0.5,1.0,1.0,1.0,0.05,2.5500000000000003,0.5,1.0
TP53,EP300,Q09472,tuna_original,background,1,50,51,0.76,0.07692307692307693,13,13,13.0,0.07692307692307693,0.0,0.0,0.0,0.0,0.0,0.0,0.0,0.0,0.0,0.0,0.0,0.0,1.0,1.0,0.05,2.5500000000000003,0.26264953503719357,1.0
TP53,MDM2,Q00987,tuna_original,low_plausibility,1,50,51,1.0,1.0,1,1,1.0,1.0,1.0,1.0,0.2,10.200000000000001,1.0,1.0,1.0,1.0,0.1,5.1000000000000005,1.0,1.0,1.0,1.0,0.05,2.5500000000000003,1.0,1.0
TP53,MDM4,O15151,tuna_original,low_plausibility,1,50,51,1.0,1.0,1,1,1.0,1.0,1.0,1.0,0.2,10.200000000000001,1.0,1.0,1.0,1.0,0.1,5.1000000000000005,1.0,1.0,1.0,1.0,0.05,2.5500000000000003,1.0,1.0
TP53,EP300,Q09472,tuna_original,low_plausibility,1,50,51,0.94,0.25,4,4,4.0,0.25,1.0,1.0,0.2,10.200000000000001,0.43067655807339306,1.0,1.0,1.0,0.1,5.1000000000000005,0.43067655807339306,1.0,1.0,1.0,0.05,2.5500000000000003,0.43067655807339306,1.0
TP53,MDM2,Q00987,tuna_original,context_background,1,100,101,0.91,0.1,10,10,10.0,0.1,0.0,0.0,0.0,0.0,0.0,0.0,1.0,1.0,0.1,10.1,0.2890648263178879,1.0,1.0,1.0,0.05,5.05,0.2890648263178879,1.0
TP53,MDM4,O15151,tuna_original,context_background,1,100,101,0.93,0.125,8,8,8.0,0.125,0.0,0.0,0.0,0.0,0.0,0.0,1.0,1.0,0.1,10.1,0.31546487678572877,1.0,1.0,1.0,0.05,5.05,0.31546487678572877,1.0
TP53,EP300,Q09472,tuna_original,context_background,1,100,101,0.64,0.02702702702702703,37,37,37.0,0.02702702702702703,0.0,0.0,0.0,0.0,0.0,0.0,0.0,0.0,0.0,0.0,0.0,0.0,0.0,0.0,0.0,0.0,0.0,0.0
TP53,MDM2,Q00987,tuna_original,all_U,1,150,151,0.94,0.1,10,10,10.0,0.1,0.0,0.0,0.0,0.0,0.0,0.0,1.0,1.0,0.1,15.100000000000001,0.2890648263178879,1.0,1.0,1.0,0.05,7.550000000000001,0.2890648263178879,1.0
TP53,MDM4,O15151,tuna_original,all_U,1,150,151,0.9533333333333334,0.125,8,8,8.0,0.125,0.0,0.0,0.0,0.0,0.0,0.0,1.0,1.0,0.1,15.100000000000001,0.31546487678572877,1.0,1.0,1.0,0.05,7.550000000000001,0.31546487678572877,1.0
TP53,EP300,Q09472,tuna_original,all_U,1,150,151,0.74,0.025,40,40,40.0,0.025,0.0,0.0,0.0,0.0,0.0,0.0,0.0,0.0,0.0,0.0,0.0,0.0,0.0,0.0,0.0,0.0,0.0,0.0
EGFR,GRB2,P62993,ipin_baseline,context,1,50,51,0.84,0.1111111111111111,9,9,9.0,0.1111111111111111,0.0,0.0,0.0,0.0,0.0,0.0,1.0,1.0,0.1,5.1000000000000005,0.3010299956639812,1.0,1.0,1.0,0.05,2.5500000000000003,0.3010299956639812,1.0
EGFR,SHC1,P29353,ipin_baseline,context,1,50,51,0.34,0.029411764705882353,34,34,34.0,0.029411764705882353,0.0,0.0,0.0,0.0,0.0,0.0,0.0,0.0,0.0,0.0,0.0,0.0,0.0,0.0,0.0,0.0,0.0,0.0
EGFR,CBL,P22681,ipin_baseline,context,1,50,51,0.68,0.058823529411764705,17,17,17.0,0.058823529411764705,0.0,0.0,0.0,0.0,0.0,0.0,0.0,0.0,0.0,0.0,0.0,0.0,1.0,1.0,0.05,2.5500000000000003,0.23981246656813146,1.0
EGFR,GRB2,P62993,ipin_baseline,background,1,50,51,0.72,0.06666666666666667,15,15,15.0,0.06666666666666667,0.0,0.0,0.0,0.0,0.0,0.0,0.0,0.0,0.0,0.0,0.0,0.0,1.0,1.0,0.05,2.5500000000000003,0.25,1.0
EGFR,SHC1,P29353,ipin_baseline,background,1,50,51,0.32,0.02857142857142857,35,35,35.0,0.02857142857142857,0.0,0.0,0.0,0.0,0.0,0.0,0.0,0.0,0.0,0.0,0.0,0.0,0.0,0.0,0.0,0.0,0.0,0.0
EGFR,CBL,P22681,ipin_baseline,background,1,50,51,0.82,0.1,10,10,10.0,0.1,0.0,0.0,0.0,0.0,0.0,0.0,1.0,1.0,0.1,5.1000000000000005,0.2890648263178879,1.0,1.0,1.0,0.05,2.5500000000000003,0.2890648263178879,1.0
EGFR,GRB2,P62993,ipin_baseline,low_plausibility,1,50,51,0.72,0.06666666666666667,15,15,15.0,0.06666666666666667,0.0,0.0,0.0,0.0,0.0,0.0,0.0,0.0,0.0,0.0,0.0,0.0,1.0,1.0,0.05,2.5500000000000003,0.25,1.0
EGFR,SHC1,P29353,ipin_baseline,low_plausibility,1,50,51,0.32,0.02857142857142857,35,35,35.0,0.02857142857142857,0.0,0.0,0.0,0.0,0.0,0.0,0.0,0.0,0.0,0.0,0.0,0.0,0.0,0.0,0.0,0.0,0.0,0.0
EGFR,CBL,P22681,ipin_baseline,low_plausibility,1,50,51,0.72,0.06666666666666667,15,15,15.0,0.06666666666666667,0.0,0.0,0.0,0.0,0.0,0.0,0.0,0.0,0.0,0.0,0.0,0.0,1.0,1.0,0.05,2.5500000000000003,0.25,1.0
EGFR,GRB2,P62993,ipin_baseline,context_background,1,100,101,0.78,0.043478260869565216,23,23,23.0,0.043478260869565216,0.0,0.0,0.0,0.0,0.0,0.0,0.0,0.0,0.0,0.0,0.0,0.0,0.0,0.0,0.0,0.0,0.0,0.0
EGFR,SHC1,P29353,ipin_baseline,context_background,1,100,101,0.33,0.014705882352941176,68,68,68.0,0.014705882352941176,0.0,0.0,0.0,0.0,0.0,0.0,0.0,0.0,0.0,0.0,0.0,0.0,0.0,0.0,0.0,0.0,0.0,0.0
EGFR,CBL,P22681,ipin_baseline,context_background,1,100,101,0.75,0.038461538461538464,26,26,26.0,0.038461538461538464,0.0,0.0,0.0,0.0,0.0,0.0,0.0,0.0,0.0,0.0,0.0,0.0,0.0,0.0,0.0,0.0,0.0,0.0
EGFR,GRB2,P62993,ipin_baseline,all_U,1,150,151,0.76,0.02702702702702703,37,37,37.0,0.02702702702702703,0.0,0.0,0.0,0.0,0.0,0.0,0.0,0.0,0.0,0.0,0.0,0.0,0.0,0.0,0.0,0.0,0.0,0.0
EGFR,SHC1,P29353,ipin_baseline,all_U,1,150,151,0.32666666666666666,0.00980392156862745,102,102,102.0,0.00980392156862745,0.0,0.0,0.0,0.0,0.0,0.0,0.0,0.0,0.0,0.0,0.0,0.0,0.0,0.0,0.0,0.0,0.0,0.0
EGFR,CBL,P22681,ipin_baseline,all_U,1,150,151,0.74,0.025,40,40,40.0,0.025,0.0,0.0,0.0,0.0,0.0,0.0,0.0,0.0,0.0,0.0,0.0,0.0,0.0,0.0,0.0,0.0,0.0,0.0
EGFR,GRB2,P62993,ipin_optimized,context,1,50,51,0.8,0.09090909090909091,11,11,11.0,0.09090909090909091,0.0,0.0,0.0,0.0,0.0,0.0,0.0,0.0,0.0,0.0,0.0,0.0,1.0,1.0,0.05,2.5500000000000003,0.27894294565112987,1.0
EGFR,SHC1,P29353,ipin_optimized,context,1,50,51,0.6,0.047619047619047616,21,21,21.0,0.047619047619047616,0.0,0.0,0.0,0.0,0.0,0.0,0.0,0.0,0.0,0.0,0.0,0.0,0.0,0.0,0.0,0.0,0.0,0.0
EGFR,CBL,P22681,ipin_optimized,context,1,50,51,0.6,0.047619047619047616,21,21,21.0,0.047619047619047616,0.0,0.0,0.0,0.0,0.0,0.0,0.0,0.0,0.0,0.0,0.0,0.0,0.0,0.0,0.0,0.0,0.0,0.0
EGFR,GRB2,P62993,ipin_optimized,background,1,50,51,0.58,0.045454545454545456,22,22,22.0,0.045454545454545456,0.0,0.0,0.0,0.0,0.0,0.0,0.0,0.0,0.0,0.0,0.0,0.0,0.0,0.0,0.0,0.0,0.0,0.0
EGFR,SHC1,P29353,ipin_optimized,background,1,50,51,0.54,0.041666666666666664,24,24,24.0,0.041666666666666664,0.0,0.0,0.0,0.0,0.0,0.0,0.0,0.0,0.0,0.0,0.0,0.0,0.0,0.0,0.0,0.0,0.0,0.0
EGFR,CBL,P22681,ipin_optimized,background,1,50,51,0.68,0.058823529411764705,17,17,17.0,0.058823529411764705,0.0,0.0,0.0,0.0,0.0,0.0,0.0,0.0,0.0,0.0,0.0,0.0,1.0,1.0,0.05,2.5500000000000003,0.23981246656813146,1.0
EGFR,GRB2,P62993,ipin_optimized,low_plausibility,1,50,51,0.78,0.08333333333333333,12,12,12.0,0.08333333333333333,0.0,0.0,0.0,0.0,0.0,0.0,0.0,0.0,0.0,0.0,0.0,0.0,1.0,1.0,0.05,2.5500000000000003,0.27023815442731974,1.0
EGFR,SHC1,P29353,ipin_optimized,low_plausibility,1,50,51,0.62,0.05,20,20,20.0,0.05,0.0,0.0,0.0,0.0,0.0,0.0,0.0,0.0,0.0,0.0,0.0,0.0,1.0,1.0,0.05,2.5500000000000003,0.227670248696953,1.0
EGFR,CBL,P22681,ipin_optimized,low_plausibility,1,50,51,0.7,0.0625,16,16,16.0,0.0625,0.0,0.0,0.0,0.0,0.0,0.0,0.0,0.0,0.0,0.0,0.0,0.0,1.0,1.0,0.05,2.5500000000000003,0.24465054211822604,1.0
EGFR,GRB2,P62993,ipin_optimized,context_background,1,100,101,0.69,0.03125,32,32,32.0,0.03125,0.0,0.0,0.0,0.0,0.0,0.0,0.0,0.0,0.0,0.0,0.0,0.0,0.0,0.0,0.0,0.0,0.0,0.0
EGFR,SHC1,P29353,ipin_optimized,context_background,1,100,101,0.57,0.022727272727272728,44,44,44.0,0.022727272727272728,0.0,0.0,0.0,0.0,0.0,0.0,0.0,0.0,0.0,0.0,0.0,0.0,0.0,0.0,0.0,0.0,0.0,0.0
EGFR,CBL,P22681,ipin_optimized,context_background,1,100,101,0.64,0.02702702702702703,37,37,37.0,0.02702702702702703,0.0,0.0,0.0,0.0,0.0,0.0,0.0,0.0,0.0,0.0,0.0,0.0,0.0,0.0,0.0,0.0,0.0,0.0
EGFR,GRB2,P62993,ipin_optimized,all_U,1,150,151,0.72,0.023255813953488372,43,43,43.0,0.023255813953488372,0.0,0.0,0.0,0.0,0.0,0.0,0.0,0.0,0.0,0.0,0.0,0.0,0.0,0.0,0.0,0.0,0.0,0.0
EGFR,SHC1,P29353,ipin_optimized,all_U,1,150,151,0.5866666666666667,0.015873015873015872,63,63,63.0,0.015873015873015872,0.0,0.0,0.0,0.0,0.0,0.0,0.0,0.0,0.0,0.0,0.0,0.0,0.0,0.0,0.0,0.0,0.0,0.0
EGFR,CBL,P22681,ipin_optimized,all_U,1,150,151,0.66,0.019230769230769232,52,52,52.0,0.019230769230769232,0.0,0.0,0.0,0.0,0.0,0.0,0.0,0.0,0.0,0.0,0.0,0.0,0.0,0.0,0.0,0.0,0.0,0.0
EGFR,GRB2,P62993,tuna_retrained,context,1,50,51,0.94,0.25,4,4,4.0,0.25,1.0,1.0,0.2,10.200000000000001,0.43067655807339306,1.0,1.0,1.0,0.1,5.1000000000000005,0.43067655807339306,1.0,1.0,1.0,0.05,2.5500000000000003,0.43067655807339306,1.0
EGFR,SHC1,P29353,tuna_retrained,context,1,50,51,0.86,0.125,8,8,8.0,0.125,0.0,0.0,0.0,0.0,0.0,0.0,1.0,1.0,0.1,5.1000000000000005,0.31546487678572877,1.0,1.0,1.0,0.05,2.5500000000000003,0.31546487678572877,1.0
EGFR,CBL,P22681,tuna_retrained,context,1,50,51,0.54,0.041666666666666664,24,24,24.0,0.041666666666666664,0.0,0.0,0.0,0.0,0.0,0.0,0.0,0.0,0.0,0.0,0.0,0.0,0.0,0.0,0.0,0.0,0.0,0.0
EGFR,GRB2,P62993,tuna_retrained,background,1,50,51,0.86,0.125,8,8,8.0,0.125,0.0,0.0,0.0,0.0,0.0,0.0,1.0,1.0,0.1,5.1000000000000005,0.31546487678572877,1.0,1.0,1.0,0.05,2.5500000000000003,0.31546487678572877,1.0
EGFR,SHC1,P29353,tuna_retrained,background,1,50,51,0.78,0.08333333333333333,12,12,12.0,0.08333333333333333,0.0,0.0,0.0,0.0,0.0,0.0,0.0,0.0,0.0,0.0,0.0,0.0,1.0,1.0,0.05,2.5500000000000003,0.27023815442731974,1.0
EGFR,CBL,P22681,tuna_retrained,background,1,50,51,0.36,0.030303030303030304,33,33,33.0,0.030303030303030304,0.0,0.0,0.0,0.0,0.0,0.0,0.0,0.0,0.0,0.0,0.0,0.0,0.0,0.0,0.0,0.0,0.0,0.0
EGFR,GRB2,P62993,tuna_retrained,low_plausibility,1,50,51,0.98,0.5,2,2,2.0,0.5,1.0,1.0,0.2,10.200000000000001,0.6309297535714575,1.0,1.0,1.0,0.1,5.1000000000000005,0.6309297535714575,1.0,1.0,1.0,0.05,2.5500000000000003,0.6309297535714575,1.0
EGFR,SHC1,P29353,tuna_retrained,low_plausibility,1,50,51,0.76,0.07692307692307693,13,13,13.0,0.07692307692307693,0.0,0.0,0.0,0.0,0.0,0.0,0.0,0.0,0.0,0.0,0.0,0.0,1.0,1.0,0.05,2.5500000000000003,0.26264953503719357,1.0
EGFR,CBL,P22681,tuna_retrained,low_plausibility,1,50,51,0.64,0.05263157894736842,19,19,19.0,0.05263157894736842,0.0,0.0,0.0,0.0,0.0,0.0,0.0,0.0,0.0,0.0,0.0,0.0,1.0,1.0,0.05,2.5500000000000003,0.23137821315975915,1.0
EGFR,GRB2,P62993,tuna_retrained,context_background,1,100,101,0.9,0.09090909090909091,11,11,11.0,0.09090909090909091,0.0,0.0,0.0,0.0,0.0,0.0,0.0,0.0,0.0,0.0,0.0,0.0,1.0,1.0,0.05,5.05,0.27894294565112987,1.0
EGFR,SHC1,P29353,tuna_retrained,context_background,1,100,101,0.82,0.05263157894736842,19,19,19.0,0.05263157894736842,0.0,0.0,0.0,0.0,0.0,0.0,0.0,0.0,0.0,0.0,0.0,0.0,1.0,1.0,0.05,5.05,0.23137821315975915,1.0
EGFR,CBL,P22681,tuna_retrained,context_background,1,100,101,0.45,0.017857142857142856,56,56,56.0,0.017857142857142856,0.0,0.0,0.0,0.0,0.0,0.0,0.0,0.0,0.0,0.0,0.0,0.0,0.0,0.0,0.0,0.0,0.0,0.0
EGFR,GRB2,P62993,tuna_retrained,all_U,1,150,151,0.9266666666666666,0.08333333333333333,12,12,12.0,0.08333333333333333,0.0,0.0,0.0,0.0,0.0,0.0,0.0,0.0,0.0,0.0,0.0,0.0,1.0,1.0,0.05,7.550000000000001,0.27023815442731974,1.0
EGFR,SHC1,P29353,tuna_retrained,all_U,1,150,151,0.8,0.03225806451612903,31,31,31.0,0.03225806451612903,0.0,0.0,0.0,0.0,0.0,0.0,0.0,0.0,0.0,0.0,0.0,0.0,0.0,0.0,0.0,0.0,0.0,0.0
EGFR,CBL,P22681,tuna_retrained,all_U,1,150,151,0.5133333333333333,0.013513513513513514,74,74,74.0,0.013513513513513514,0.0,0.0,0.0,0.0,0.0,0.0,0.0,0.0,0.0,0.0,0.0,0.0,0.0,0.0,0.0,0.0,0.0,0.0
EGFR,GRB2,P62993,tuna_original,context,1,50,51,1.0,1.0,1,1,1.0,1.0,1.0,1.0,0.2,10.200000000000001,1.0,1.0,1.0,1.0,0.1,5.1000000000000005,1.0,1.0,1.0,1.0,0.05,2.5500000000000003,1.0,1.0
EGFR,SHC1,P29353,tuna_original,context,1,50,51,1.0,1.0,1,1,1.0,1.0,1.0,1.0,0.2,10.200000000000001,1.0,1.0,1.0,1.0,0.1,5.1000000000000005,1.0,1.0,1.0,1.0,0.05,2.5500000000000003,1.0,1.0
EGFR,CBL,P22681,tuna_original,context,1,50,51,1.0,1.0,1,1,1.0,1.0,1.0,1.0,0.2,10.200000000000001,1.0,1.0,1.0,1.0,0.1,5.1000000000000005,1.0,1.0,1.0,1.0,0.05,2.5500000000000003,1.0,1.0
EGFR,GRB2,P62993,tuna_original,background,1,50,51,1.0,1.0,1,1,1.0,1.0,1.0,1.0,0.2,10.200000000000001,1.0,1.0,1.0,1.0,0.1,5.1000000000000005,1.0,1.0,1.0,1.0,0.05,2.5500000000000003,1.0,1.0
EGFR,SHC1,P29353,tuna_original,background,1,50,51,1.0,1.0,1,1,1.0,1.0,1.0,1.0,0.2,10.200000000000001,1.0,1.0,1.0,1.0,0.1,5.1000000000000005,1.0,1.0,1.0,1.0,0.05,2.5500000000000003,1.0,1.0
EGFR,CBL,P22681,tuna_original,background,1,50,51,1.0,1.0,1,1,1.0,1.0,1.0,1.0,0.2,10.200000000000001,1.0,1.0,1.0,1.0,0.1,5.1000000000000005,1.0,1.0,1.0,1.0,0.05,2.5500000000000003,1.0,1.0
EGFR,GRB2,P62993,tuna_original,low_plausibility,1,50,51,1.0,1.0,1,1,1.0,1.0,1.0,1.0,0.2,10.200000000000001,1.0,1.0,1.0,1.0,0.1,5.1000000000000005,1.0,1.0,1.0,1.0,0.05,2.5500000000000003,1.0,1.0
EGFR,SHC1,P29353,tuna_original,low_plausibility,1,50,51,1.0,1.0,1,1,1.0,1.0,1.0,1.0,0.2,10.200000000000001,1.0,1.0,1.0,1.0,0.1,5.1000000000000005,1.0,1.0,1.0,1.0,0.05,2.5500000000000003,1.0,1.0
EGFR,CBL,P22681,tuna_original,low_plausibility,1,50,51,1.0,1.0,1,1,1.0,1.0,1.0,1.0,0.2,10.200000000000001,1.0,1.0,1.0,1.0,0.1,5.1000000000000005,1.0,1.0,1.0,1.0,0.05,2.5500000000000003,1.0,1.0
EGFR,GRB2,P62993,tuna_original,context_background,1,100,101,1.0,1.0,1,1,1.0,1.0,1.0,1.0,0.2,20.2,1.0,1.0,1.0,1.0,0.1,10.1,1.0,1.0,1.0,1.0,0.05,5.05,1.0,1.0
EGFR,SHC1,P29353,tuna_original,context_background,1,100,101,1.0,1.0,1,1,1.0,1.0,1.0,1.0,0.2,20.2,1.0,1.0,1.0,1.0,0.1,10.1,1.0,1.0,1.0,1.0,0.05,5.05,1.0,1.0
EGFR,CBL,P22681,tuna_original,context_background,1,100,101,1.0,1.0,1,1,1.0,1.0,1.0,1.0,0.2,20.2,1.0,1.0,1.0,1.0,0.1,10.1,1.0,1.0,1.0,1.0,0.05,5.05,1.0,1.0
EGFR,GRB2,P62993,tuna_original,all_U,1,150,151,1.0,1.0,1,1,1.0,1.0,1.0,1.0,0.2,30.200000000000003,1.0,1.0,1.0,1.0,0.1,15.100000000000001,1.0,1.0,1.0,1.0,0.05,7.550000000000001,1.0,1.0
EGFR,SHC1,P29353,tuna_original,all_U,1,150,151,1.0,1.0,1,1,1.0,1.0,1.0,1.0,0.2,30.200000000000003,1.0,1.0,1.0,1.0,0.1,15.100000000000001,1.0,1.0,1.0,1.0,0.05,7.550000000000001,1.0,1.0
EGFR,CBL,P22681,tuna_original,all_U,1,150,151,1.0,1.0,1,1,1.0,1.0,1.0,1.0,0.2,30.200000000000003,1.0,1.0,1.0,1.0,0.1,15.100000000000001,1.0,1.0,1.0,1.0,0.05,7.550000000000001,1.0,1.0
BCL2,BCL2L11,O43521,ipin_baseline,context,1,50,51,0.98,0.5,2,2,2.0,0.5,1.0,1.0,0.2,10.200000000000001,0.6309297535714575,1.0,1.0,1.0,0.1,5.1000000000000005,0.6309297535714575,1.0,1.0,1.0,0.05,2.5500000000000003,0.6309297535714575,1.0
BCL2,BAD,Q92934,ipin_baseline,context,1,50,51,0.92,0.2,5,5,5.0,0.2,1.0,1.0,0.2,10.200000000000001,0.38685280723454163,1.0,1.0,1.0,0.1,5.1000000000000005,0.38685280723454163,1.0,1.0,1.0,0.05,2.5500000000000003,0.38685280723454163,1.0
BCL2,BBC3,Q9BXH1,ipin_baseline,context,1,50,51,1.0,1.0,1,1,1.0,1.0,1.0,1.0,0.2,10.200000000000001,1.0,1.0,1.0,1.0,0.1,5.1000000000000005,1.0,1.0,1.0,1.0,0.05,2.5500000000000003,1.0,1.0
BCL2,BCL2L11,O43521,ipin_baseline,background,1,50,51,0.96,0.3333333333333333,3,3,3.0,0.3333333333333333,1.0,1.0,0.2,10.200000000000001,0.5,1.0,1.0,1.0,0.1,5.1000000000000005,0.5,1.0,1.0,1.0,0.05,2.5500000000000003,0.5,1.0
BCL2,BAD,Q92934,ipin_baseline,background,1,50,51,0.88,0.14285714285714285,7,7,7.0,0.14285714285714285,0.0,0.0,0.0,0.0,0.0,0.0,1.0,1.0,0.1,5.1000000000000005,0.3333333333333333,1.0,1.0,1.0,0.05,2.5500000000000003,0.3333333333333333,1.0
BCL2,BBC3,Q9BXH1,ipin_baseline,background,1,50,51,0.98,0.5,2,2,2.0,0.5,1.0,1.0,0.2,10.200000000000001,0.6309297535714575,1.0,1.0,1.0,0.1,5.1000000000000005,0.6309297535714575,1.0,1.0,1.0,0.05,2.5500000000000003,0.6309297535714575,1.0
BCL2,BCL2L11,O43521,ipin_baseline,low_plausibility,1,50,51,0.96,0.3333333333333333,3,3,3.0,0.3333333333333333,1.0,1.0,0.2,10.200000000000001,0.5,1.0,1.0,1.0,0.1,5.1000000000000005,0.5,1.0,1.0,1.0,0.05,2.5500000000000003,0.5,1.0
BCL2,BAD,Q92934,ipin_baseline,low_plausibility,1,50,51,0.94,0.25,4,4,4.0,0.25,1.0,1.0,0.2,10.200000000000001,0.43067655807339306,1.0,1.0,1.0,0.1,5.1000000000000005,0.43067655807339306,1.0,1.0,1.0,0.05,2.5500000000000003,0.43067655807339306,1.0
BCL2,BBC3,Q9BXH1,ipin_baseline,low_plausibility,1,50,51,0.98,0.5,2,2,2.0,0.5,1.0,1.0,0.2,10.200000000000001,0.6309297535714575,1.0,1.0,1.0,0.1,5.1000000000000005,0.6309297535714575,1.0,1.0,1.0,0.05,2.5500000000000003,0.6309297535714575,1.0
BCL2,BCL2L11,O43521,ipin_baseline,context_background,1,100,101,0.97,0.25,4,4,4.0,0.25,1.0,1.0,0.2,20.2,0.43067655807339306,1.0,1.0,1.0,0.1,10.1,0.43067655807339306,1.0,1.0,1.0,0.05,5.05,0.43067655807339306,1.0
BCL2,BAD,Q92934,ipin_baseline,context_background,1,100,101,0.9,0.09090909090909091,11,11,11.0,0.09090909090909091,0.0,0.0,0.0,0.0,0.0,0.0,0.0,0.0,0.0,0.0,0.0,0.0,1.0,1.0,0.05,5.05,0.27894294565112987,1.0
BCL2,BBC3,Q9BXH1,ipin_baseline,context_background,1,100,101,0.99,0.5,2,2,2.0,0.5,1.0,1.0,0.2,20.2,0.6309297535714575,1.0,1.0,1.0,0.1,10.1,0.6309297535714575,1.0,1.0,1.0,0.05,5.05,0.6309297535714575,1.0
BCL2,BCL2L11,O43521,ipin_baseline,all_U,1,150,151,0.9666666666666667,0.16666666666666666,6,6,6.0,0.16666666666666666,0.0,0.0,0.0,0.0,0.0,0.0,1.0,1.0,0.1,15.100000000000001,0.3562071871080222,1.0,1.0,1.0,0.05,7.550000000000001,0.3562071871080222,1.0
BCL2,BAD,Q92934,ipin_baseline,all_U,1,150,151,0.9133333333333333,0.07142857142857142,14,14,14.0,0.07142857142857142,0.0,0.0,0.0,0.0,0.0,0.0,0.0,0.0,0.0,0.0,0.0,0.0,1.0,1.0,0.05,7.550000000000001,0.2559580248098155,1.0
BCL2,BBC3,Q9BXH1,ipin_baseline,all_U,1,150,151,0.9866666666666667,0.3333333333333333,3,3,3.0,0.3333333333333333,1.0,1.0,0.2,30.200000000000003,0.5,1.0,1.0,1.0,0.1,15.100000000000001,0.5,1.0,1.0,1.0,0.05,7.550000000000001,0.5,1.0
BCL2,BCL2L11,O43521,ipin_optimized,context,1,50,51,0.98,0.5,2,2,2.0,0.5,1.0,1.0,0.2,10.200000000000001,0.6309297535714575,1.0,1.0,1.0,0.1,5.1000000000000005,0.6309297535714575,1.0,1.0,1.0,0.05,2.5500000000000003,0.6309297535714575,1.0
BCL2,BAD,Q92934,ipin_optimized,context,1,50,51,0.94,0.25,4,4,4.0,0.25,1.0,1.0,0.2,10.200000000000001,0.43067655807339306,1.0,1.0,1.0,0.1,5.1000000000000005,0.43067655807339306,1.0,1.0,1.0,0.05,2.5500000000000003,0.43067655807339306,1.0
BCL2,BBC3,Q9BXH1,ipin_optimized,context,1,50,51,0.98,0.5,2,2,2.0,0.5,1.0,1.0,0.2,10.200000000000001,0.6309297535714575,1.0,1.0,1.0,0.1,5.1000000000000005,0.6309297535714575,1.0,1.0,1.0,0.05,2.5500000000000003,0.6309297535714575,1.0
BCL2,BCL2L11,O43521,ipin_optimized,background,1,50,51,0.98,0.5,2,2,2.0,0.5,1.0,1.0,0.2,10.200000000000001,0.6309297535714575,1.0,1.0,1.0,0.1,5.1000000000000005,0.6309297535714575,1.0,1.0,1.0,0.05,2.5500000000000003,0.6309297535714575,1.0
BCL2,BAD,Q92934,ipin_optimized,background,1,50,51,0.98,0.5,2,2,2.0,0.5,1.0,1.0,0.2,10.200000000000001,0.6309297535714575,1.0,1.0,1.0,0.1,5.1000000000000005,0.6309297535714575,1.0,1.0,1.0,0.05,2.5500000000000003,0.6309297535714575,1.0
BCL2,BBC3,Q9BXH1,ipin_optimized,background,1,50,51,0.94,0.25,4,4,4.0,0.25,1.0,1.0,0.2,10.200000000000001,0.43067655807339306,1.0,1.0,1.0,0.1,5.1000000000000005,0.43067655807339306,1.0,1.0,1.0,0.05,2.5500000000000003,0.43067655807339306,1.0
BCL2,BCL2L11,O43521,ipin_optimized,low_plausibility,1,50,51,1.0,1.0,1,1,1.0,1.0,1.0,1.0,0.2,10.200000000000001,1.0,1.0,1.0,1.0,0.1,5.1000000000000005,1.0,1.0,1.0,1.0,0.05,2.5500000000000003,1.0,1.0
BCL2,BAD,Q92934,ipin_optimized,low_plausibility,1,50,51,1.0,1.0,1,1,1.0,1.0,1.0,1.0,0.2,10.200000000000001,1.0,1.0,1.0,1.0,0.1,5.1000000000000005,1.0,1.0,1.0,1.0,0.05,2.5500000000000003,1.0,1.0
BCL2,BBC3,Q9BXH1,ipin_optimized,low_plausibility,1,50,51,0.98,0.5,2,2,2.0,0.5,1.0,1.0,0.2,10.200000000000001,0.6309297535714575,1.0,1.0,1.0,0.1,5.1000000000000005,0.6309297535714575,1.0,1.0,1.0,0.05,2.5500000000000003,0.6309297535714575,1.0
BCL2,BCL2L11,O43521,ipin_optimized,context_background,1,100,101,0.98,0.3333333333333333,3,3,3.0,0.3333333333333333,1.0,1.0,0.2,20.2,0.5,1.0,1.0,1.0,0.1,10.1,0.5,1.0,1.0,1.0,0.05,5.05,0.5,1.0
BCL2,BAD,Q92934,ipin_optimized,context_background,1,100,101,0.96,0.2,5,5,5.0,0.2,1.0,1.0,0.2,20.2,0.38685280723454163,1.0,1.0,1.0,0.1,10.1,0.38685280723454163,1.0,1.0,1.0,0.05,5.05,0.38685280723454163,1.0
BCL2,BBC3,Q9BXH1,ipin_optimized,context_background,1,100,101,0.96,0.2,5,5,5.0,0.2,1.0,1.0,0.2,20.2,0.38685280723454163,1.0,1.0,1.0,0.1,10.1,0.38685280723454163,1.0,1.0,1.0,0.05,5.05,0.38685280723454163,1.0
BCL2,BCL2L11,O43521,ipin_optimized,all_U,1,150,151,0.9866666666666667,0.3333333333333333,3,3,3.0,0.3333333333333333,1.0,1.0,0.2,30.200000000000003,0.5,1.0,1.0,1.0,0.1,15.100000000000001,0.5,1.0,1.0,1.0,0.05,7.550000000000001,0.5,1.0
BCL2,BAD,Q92934,ipin_optimized,all_U,1,150,151,0.9733333333333334,0.2,5,5,5.0,0.2,1.0,1.0,0.2,30.200000000000003,0.38685280723454163,1.0,1.0,1.0,0.1,15.100000000000001,0.38685280723454163,1.0,1.0,1.0,0.05,7.550000000000001,0.38685280723454163,1.0
BCL2,BBC3,Q9BXH1,ipin_optimized,all_U,1,150,151,0.9666666666666667,0.16666666666666666,6,6,6.0,0.16666666666666666,0.0,0.0,0.0,0.0,0.0,0.0,1.0,1.0,0.1,15.100000000000001,0.3562071871080222,1.0,1.0,1.0,0.05,7.550000000000001,0.3562071871080222,1.0
BCL2,BCL2L11,O43521,tuna_retrained,context,1,50,51,0.94,0.25,4,4,4.0,0.25,1.0,1.0,0.2,10.200000000000001,0.43067655807339306,1.0,1.0,1.0,0.1,5.1000000000000005,0.43067655807339306,1.0,1.0,1.0,0.05,2.5500000000000003,0.43067655807339306,1.0
BCL2,BAD,Q92934,tuna_retrained,context,1,50,51,0.94,0.25,4,4,4.0,0.25,1.0,1.0,0.2,10.200000000000001,0.43067655807339306,1.0,1.0,1.0,0.1,5.1000000000000005,0.43067655807339306,1.0,1.0,1.0,0.05,2.5500000000000003,0.43067655807339306,1.0
BCL2,BBC3,Q9BXH1,tuna_retrained,context,1,50,51,0.7,0.0625,16,16,16.0,0.0625,0.0,0.0,0.0,0.0,0.0,0.0,0.0,0.0,0.0,0.0,0.0,0.0,1.0,1.0,0.05,2.5500000000000003,0.24465054211822604,1.0
BCL2,BCL2L11,O43521,tuna_retrained,background,1,50,51,0.92,0.2,5,5,5.0,0.2,1.0,1.0,0.2,10.200000000000001,0.38685280723454163,1.0,1.0,1.0,0.1,5.1000000000000005,0.38685280723454163,1.0,1.0,1.0,0.05,2.5500000000000003,0.38685280723454163,1.0
BCL2,BAD,Q92934,tuna_retrained,background,1,50,51,0.9,0.16666666666666666,6,6,6.0,0.16666666666666666,0.0,0.0,0.0,0.0,0.0,0.0,1.0,1.0,0.1,5.1000000000000005,0.3562071871080222,1.0,1.0,1.0,0.05,2.5500000000000003,0.3562071871080222,1.0
BCL2,BBC3,Q9BXH1,tuna_retrained,background,1,50,51,0.62,0.05,20,20,20.0,0.05,0.0,0.0,0.0,0.0,0.0,0.0,0.0,0.0,0.0,0.0,0.0,0.0,1.0,1.0,0.05,2.5500000000000003,0.227670248696953,1.0
BCL2,BCL2L11,O43521,tuna_retrained,low_plausibility,1,50,51,0.96,0.3333333333333333,3,3,3.0,0.3333333333333333,1.0,1.0,0.2,10.200000000000001,0.5,1.0,1.0,1.0,0.1,5.1000000000000005,0.5,1.0,1.0,1.0,0.05,2.5500000000000003,0.5,1.0
BCL2,BAD,Q92934,tuna_retrained,low_plausibility,1,50,51,0.9,0.16666666666666666,6,6,6.0,0.16666666666666666,0.0,0.0,0.0,0.0,0.0,0.0,1.0,1.0,0.1,5.1000000000000005,0.3562071871080222,1.0,1.0,1.0,0.05,2.5500000000000003,0.3562071871080222,1.0
BCL2,BBC3,Q9BXH1,tuna_retrained,low_plausibility,1,50,51,0.56,0.043478260869565216,23,23,23.0,0.043478260869565216,0.0,0.0,0.0,0.0,0.0,0.0,0.0,0.0,0.0,0.0,0.0,0.0,0.0,0.0,0.0,0.0,0.0,0.0
BCL2,BCL2L11,O43521,tuna_retrained,context_background,1,100,101,0.93,0.125,8,8,8.0,0.125,0.0,0.0,0.0,0.0,0.0,0.0,1.0,1.0,0.1,10.1,0.31546487678572877,1.0,1.0,1.0,0.05,5.05,0.31546487678572877,1.0
BCL2,BAD,Q92934,tuna_retrained,context_background,1,100,101,0.92,0.1111111111111111,9,9,9.0,0.1111111111111111,0.0,0.0,0.0,0.0,0.0,0.0,1.0,1.0,0.1,10.1,0.3010299956639812,1.0,1.0,1.0,0.05,5.05,0.3010299956639812,1.0
BCL2,BBC3,Q9BXH1,tuna_retrained,context_background,1,100,101,0.66,0.02857142857142857,35,35,35.0,0.02857142857142857,0.0,0.0,0.0,0.0,0.0,0.0,0.0,0.0,0.0,0.0,0.0,0.0,0.0,0.0,0.0,0.0,0.0,0.0
BCL2,BCL2L11,O43521,tuna_retrained,all_U,1,150,151,0.94,0.1,10,10,10.0,0.1,0.0,0.0,0.0,0.0,0.0,0.0,1.0,1.0,0.1,15.100000000000001,0.2890648263178879,1.0,1.0,1.0,0.05,7.550000000000001,0.2890648263178879,1.0
BCL2,BAD,Q92934,tuna_retrained,all_U,1,150,151,0.9133333333333333,0.07142857142857142,14,14,14.0,0.07142857142857142,0.0,0.0,0.0,0.0,0.0,0.0,0.0,0.0,0.0,0.0,0.0,0.0,1.0,1.0,0.05,7.550000000000001,0.2559580248098155,1.0
BCL2,BBC3,Q9BXH1,tuna_retrained,all_U,1,150,151,0.6266666666666667,0.017543859649122806,57,57,57.0,0.017543859649122806,0.0,0.0,0.0,0.0,0.0,0.0,0.0,0.0,0.0,0.0,0.0,0.0,0.0,0.0,0.0,0.0,0.0,0.0
BCL2,BCL2L11,O43521,tuna_original,context,1,50,51,0.92,0.2,5,5,5.0,0.2,1.0,1.0,0.2,10.200000000000001,0.38685280723454163,1.0,1.0,1.0,0.1,5.1000000000000005,0.38685280723454163,1.0,1.0,1.0,0.05,2.5500000000000003,0.38685280723454163,1.0
BCL2,BAD,Q92934,tuna_original,context,1,50,51,0.48,0.037037037037037035,27,27,27.0,0.037037037037037035,0.0,0.0,0.0,0.0,0.0,0.0,0.0,0.0,0.0,0.0,0.0,0.0,0.0,0.0,0.0,0.0,0.0,0.0
BCL2,BBC3,Q9BXH1,tuna_original,context,1,50,51,0.98,0.5,2,2,2.0,0.5,1.0,1.0,0.2,10.200000000000001,0.6309297535714575,1.0,1.0,1.0,0.1,5.1000000000000005,0.6309297535714575,1.0,1.0,1.0,0.05,2.5500000000000003,0.6309297535714575,1.0
BCL2,BCL2L11,O43521,tuna_original,background,1,50,51,0.88,0.14285714285714285,7,7,7.0,0.14285714285714285,0.0,0.0,0.0,0.0,0.0,0.0,1.0,1.0,0.1,5.1000000000000005,0.3333333333333333,1.0,1.0,1.0,0.05,2.5500000000000003,0.3333333333333333,1.0
BCL2,BAD,Q92934,tuna_original,background,1,50,51,0.42,0.03333333333333333,30,30,30.0,0.03333333333333333,0.0,0.0,0.0,0.0,0.0,0.0,0.0,0.0,0.0,0.0,0.0,0.0,0.0,0.0,0.0,0.0,0.0,0.0
BCL2,BBC3,Q9BXH1,tuna_original,background,1,50,51,0.88,0.14285714285714285,7,7,7.0,0.14285714285714285,0.0,0.0,0.0,0.0,0.0,0.0,1.0,1.0,0.1,5.1000000000000005,0.3333333333333333,1.0,1.0,1.0,0.05,2.5500000000000003,0.3333333333333333,1.0
BCL2,BCL2L11,O43521,tuna_original,low_plausibility,1,50,51,0.64,0.05263157894736842,19,19,19.0,0.05263157894736842,0.0,0.0,0.0,0.0,0.0,0.0,0.0,0.0,0.0,0.0,0.0,0.0,1.0,1.0,0.05,2.5500000000000003,0.23137821315975915,1.0
BCL2,BAD,Q92934,tuna_original,low_plausibility,1,50,51,0.04,0.02040816326530612,49,49,49.0,0.02040816326530612,0.0,0.0,0.0,0.0,0.0,0.0,0.0,0.0,0.0,0.0,0.0,0.0,0.0,0.0,0.0,0.0,0.0,0.0
BCL2,BBC3,Q9BXH1,tuna_original,low_plausibility,1,50,51,0.94,0.25,4,4,4.0,0.25,1.0,1.0,0.2,10.200000000000001,0.43067655807339306,1.0,1.0,1.0,0.1,5.1000000000000005,0.43067655807339306,1.0,1.0,1.0,0.05,2.5500000000000003,0.43067655807339306,1.0
BCL2,BCL2L11,O43521,tuna_original,context_background,1,100,101,0.9,0.09090909090909091,11,11,11.0,0.09090909090909091,0.0,0.0,0.0,0.0,0.0,0.0,0.0,0.0,0.0,0.0,0.0,0.0,1.0,1.0,0.05,5.05,0.27894294565112987,1.0
BCL2,BAD,Q92934,tuna_original,context_background,1,100,101,0.45,0.017857142857142856,56,56,56.0,0.017857142857142856,0.0,0.0,0.0,0.0,0.0,0.0,0.0,0.0,0.0,0.0,0.0,0.0,0.0,0.0,0.0,0.0,0.0,0.0
BCL2,BBC3,Q9BXH1,tuna_original,context_background,1,100,101,0.93,0.125,8,8,8.0,0.125,0.0,0.0,0.0,0.0,0.0,0.0,1.0,1.0,0.1,10.1,0.31546487678572877,1.0,1.0,1.0,0.05,5.05,0.31546487678572877,1.0
BCL2,BCL2L11,O43521,tuna_original,all_U,1,150,151,0.8133333333333334,0.034482758620689655,29,29,29.0,0.034482758620689655,0.0,0.0,0.0,0.0,0.0,0.0,0.0,0.0,0.0,0.0,0.0,0.0,0.0,0.0,0.0,0.0,0.0,0.0
BCL2,BAD,Q92934,tuna_original,all_U,1,150,151,0.31333333333333335,0.009615384615384616,104,104,104.0,0.009615384615384616,0.0,0.0,0.0,0.0,0.0,0.0,0.0,0.0,0.0,0.0,0.0,0.0,0.0,0.0,0.0,0.0,0.0,0.0
BCL2,BBC3,Q9BXH1,tuna_original,all_U,1,150,151,0.9333333333333333,0.09090909090909091,11,11,11.0,0.09090909090909091,0.0,0.0,0.0,0.0,0.0,0.0,0.0,0.0,0.0,0.0,0.0,0.0,1.0,1.0,0.05,7.550000000000001,0.27894294565112987,1.0
KEAP1,NFE2L2,Q16236,ipin_baseline,context,1,50,51,0.28,0.02702702702702703,37,37,37.0,0.02702702702702703,0.0,0.0,0.0,0.0,0.0,0.0,0.0,0.0,0.0,0.0,0.0,0.0,0.0,0.0,0.0,0.0,0.0,0.0
KEAP1,CUL3,Q13618,ipin_baseline,context,1,50,51,0.3,0.027777777777777776,36,36,36.0,0.027777777777777776,0.0,0.0,0.0,0.0,0.0,0.0,0.0,0.0,0.0,0.0,0.0,0.0,0.0,0.0,0.0,0.0,0.0,0.0
KEAP1,SQSTM1,Q13501,ipin_baseline,context,1,50,51,0.96,0.3333333333333333,3,3,3.0,0.3333333333333333,1.0,1.0,0.2,10.200000000000001,0.5,1.0,1.0,1.0,0.1,5.1000000000000005,0.5,1.0,1.0,1.0,0.05,2.5500000000000003,0.5,1.0
KEAP1,NFE2L2,Q16236,ipin_baseline,background,1,50,51,0.5,0.038461538461538464,26,26,26.0,0.038461538461538464,0.0,0.0,0.0,0.0,0.0,0.0,0.0,0.0,0.0,0.0,0.0,0.0,0.0,0.0,0.0,0.0,0.0,0.0
KEAP1,CUL3,Q13618,ipin_baseline,background,1,50,51,0.48,0.037037037037037035,27,27,27.0,0.037037037037037035,0.0,0.0,0.0,0.0,0.0,0.0,0.0,0.0,0.0,0.0,0.0,0.0,0.0,0.0,0.0,0.0,0.0,0.0
KEAP1,SQSTM1,Q13501,ipin_baseline,background,1,50,51,0.96,0.3333333333333333,3,3,3.0,0.3333333333333333,1.0,1.0,0.2,10.200000000000001,0.5,1.0,1.0,1.0,0.1,5.1000000000000005,0.5,1.0,1.0,1.0,0.05,2.5500000000000003,0.5,1.0
KEAP1,NFE2L2,Q16236,ipin_baseline,low_plausibility,1,50,51,0.7,0.0625,16,16,16.0,0.0625,0.0,0.0,0.0,0.0,0.0,0.0,0.0,0.0,0.0,0.0,0.0,0.0,1.0,1.0,0.05,2.5500000000000003,0.24465054211822604,1.0
KEAP1,CUL3,Q13618,ipin_baseline,low_plausibility,1,50,51,0.44,0.034482758620689655,29,29,29.0,0.034482758620689655,0.0,0.0,0.0,0.0,0.0,0.0,0.0,0.0,0.0,0.0,0.0,0.0,0.0,0.0,0.0,0.0,0.0,0.0
KEAP1,SQSTM1,Q13501,ipin_baseline,low_plausibility,1,50,51,0.98,0.5,2,2,2.0,0.5,1.0,1.0,0.2,10.200000000000001,0.6309297535714575,1.0,1.0,1.0,0.1,5.1000000000000005,0.6309297535714575,1.0,1.0,1.0,0.05,2.5500000000000003,0.6309297535714575,1.0
KEAP1,NFE2L2,Q16236,ipin_baseline,context_background,1,100,101,0.39,0.016129032258064516,62,62,62.0,0.016129032258064516,0.0,0.0,0.0,0.0,0.0,0.0,0.0,0.0,0.0,0.0,0.0,0.0,0.0,0.0,0.0,0.0,0.0,0.0
KEAP1,CUL3,Q13618,ipin_baseline,context_background,1,100,101,0.39,0.016129032258064516,62,62,62.0,0.016129032258064516,0.0,0.0,0.0,0.0,0.0,0.0,0.0,0.0,0.0,0.0,0.0,0.0,0.0,0.0,0.0,0.0,0.0,0.0
KEAP1,SQSTM1,Q13501,ipin_baseline,context_background,1,100,101,0.96,0.2,5,5,5.0,0.2,1.0,1.0,0.2,20.2,0.38685280723454163,1.0,1.0,1.0,0.1,10.1,0.38685280723454163,1.0,1.0,1.0,0.05,5.05,0.38685280723454163,1.0
KEAP1,NFE2L2,Q16236,ipin_baseline,all_U,1,150,151,0.49333333333333335,0.012987012987012988,77,77,77.0,0.012987012987012988,0.0,0.0,0.0,0.0,0.0,0.0,0.0,0.0,0.0,0.0,0.0,0.0,0.0,0.0,0.0,0.0,0.0,0.0
KEAP1,CUL3,Q13618,ipin_baseline,all_U,1,150,151,0.4066666666666667,0.011111111111111112,90,90,90.0,0.011111111111111112,0.0,0.0,0.0,0.0,0.0,0.0,0.0,0.0,0.0,0.0,0.0,0.0,0.0,0.0,0.0,0.0,0.0,0.0
KEAP1,SQSTM1,Q13501,ipin_baseline,all_U,1,150,151,0.9666666666666667,0.16666666666666666,6,6,6.0,0.16666666666666666,0.0,0.0,0.0,0.0,0.0,0.0,1.0,1.0,0.1,15.100000000000001,0.3562071871080222,1.0,1.0,1.0,0.05,7.550000000000001,0.3562071871080222,1.0
KEAP1,NFE2L2,Q16236,ipin_optimized,context,1,50,51,0.1,0.021739130434782608,46,46,46.0,0.021739130434782608,0.0,0.0,0.0,0.0,0.0,0.0,0.0,0.0,0.0,0.0,0.0,0.0,0.0,0.0,0.0,0.0,0.0,0.0
KEAP1,CUL3,Q13618,ipin_optimized,context,1,50,51,0.58,0.045454545454545456,22,22,22.0,0.045454545454545456,0.0,0.0,0.0,0.0,0.0,0.0,0.0,0.0,0.0,0.0,0.0,0.0,0.0,0.0,0.0,0.0,0.0,0.0
KEAP1,SQSTM1,Q13501,ipin_optimized,context,1,50,51,0.96,0.3333333333333333,3,3,3.0,0.3333333333333333,1.0,1.0,0.2,10.200000000000001,0.5,1.0,1.0,1.0,0.1,5.1000000000000005,0.5,1.0,1.0,1.0,0.05,2.5500000000000003,0.5,1.0
KEAP1,NFE2L2,Q16236,ipin_optimized,background,1,50,51,0.54,0.041666666666666664,24,24,24.0,0.041666666666666664,0.0,0.0,0.0,0.0,0.0,0.0,0.0,0.0,0.0,0.0,0.0,0.0,0.0,0.0,0.0,0.0,0.0,0.0
KEAP1,CUL3,Q13618,ipin_optimized,background,1,50,51,0.78,0.08333333333333333,12,12,12.0,0.08333333333333333,0.0,0.0,0.0,0.0,0.0,0.0,0.0,0.0,0.0,0.0,0.0,0.0,1.0,1.0,0.05,2.5500000000000003,0.27023815442731974,1.0
KEAP1,SQSTM1,Q13501,ipin_optimized,background,1,50,51,0.98,0.5,2,2,2.0,0.5,1.0,1.0,0.2,10.200000000000001,0.6309297535714575,1.0,1.0,1.0,0.1,5.1000000000000005,0.6309297535714575,1.0,1.0,1.0,0.05,2.5500000000000003,0.6309297535714575,1.0
KEAP1,NFE2L2,Q16236,ipin_optimized,low_plausibility,1,50,51,0.48,0.037037037037037035,27,27,27.0,0.037037037037037035,0.0,0.0,0.0,0.0,0.0,0.0,0.0,0.0,0.0,0.0,0.0,0.0,0.0,0.0,0.0,0.0,0.0,0.0
KEAP1,CUL3,Q13618,ipin_optimized,low_plausibility,1,50,51,0.78,0.08333333333333333,12,12,12.0,0.08333333333333333,0.0,0.0,0.0,0.0,0.0,0.0,0.0,0.0,0.0,0.0,0.0,0.0,1.0,1.0,0.05,2.5500000000000003,0.27023815442731974,1.0
KEAP1,SQSTM1,Q13501,ipin_optimized,low_plausibility,1,50,51,1.0,1.0,1,1,1.0,1.0,1.0,1.0,0.2,10.200000000000001,1.0,1.0,1.0,1.0,0.1,5.1000000000000005,1.0,1.0,1.0,1.0,0.05,2.5500000000000003,1.0,1.0
KEAP1,NFE2L2,Q16236,ipin_optimized,context_background,1,100,101,0.32,0.014492753623188406,69,69,69.0,0.014492753623188406,0.0,0.0,0.0,0.0,0.0,0.0,0.0,0.0,0.0,0.0,0.0,0.0,0.0,0.0,0.0,0.0,0.0,0.0
KEAP1,CUL3,Q13618,ipin_optimized,context_background,1,100,101,0.68,0.030303030303030304,33,33,33.0,0.030303030303030304,0.0,0.0,0.0,0.0,0.0,0.0,0.0,0.0,0.0,0.0,0.0,0.0,0.0,0.0,0.0,0.0,0.0,0.0
KEAP1,SQSTM1,Q13501,ipin_optimized,context_background,1,100,101,0.97,0.25,4,4,4.0,0.25,1.0,1.0,0.2,20.2,0.43067655807339306,1.0,1.0,1.0,0.1,10.1,0.43067655807339306,1.0,1.0,1.0,0.05,5.05,0.43067655807339306,1.0
KEAP1,NFE2L2,Q16236,ipin_optimized,all_U,1,150,151,0.37333333333333335,0.010526315789473684,95,95,95.0,0.010526315789473684,0.0,0.0,0.0,0.0,0.0,0.0,0.0,0.0,0.0,0.0,0.0,0.0,0.0,0.0,0.0,0.0,0.0,0.0
KEAP1,CUL3,Q13618,ipin_optimized,all_U,1,150,151,0.7133333333333334,0.022727272727272728,44,44,44.0,0.022727272727272728,0.0,0.0,0.0,0.0,0.0,0.0,0.0,0.0,0.0,0.0,0.0,0.0,0.0,0.0,0.0,0.0,0.0,0.0
KEAP1,SQSTM1,Q13501,ipin_optimized,all_U,1,150,151,0.98,0.25,4,4,4.0,0.25,1.0,1.0,0.2,30.200000000000003,0.43067655807339306,1.0,1.0,1.0,0.1,15.100000000000001,0.43067655807339306,1.0,1.0,1.0,0.05,7.550000000000001,0.43067655807339306,1.0
KEAP1,NFE2L2,Q16236,tuna_retrained,context,1,50,51,0.2,0.024390243902439025,41,41,41.0,0.024390243902439025,0.0,0.0,0.0,0.0,0.0,0.0,0.0,0.0,0.0,0.0,0.0,0.0,0.0,0.0,0.0,0.0,0.0,0.0
KEAP1,CUL3,Q13618,tuna_retrained,context,1,50,51,0.36,0.030303030303030304,33,33,33.0,0.030303030303030304,0.0,0.0,0.0,0.0,0.0,0.0,0.0,0.0,0.0,0.0,0.0,0.0,0.0,0.0,0.0,0.0,0.0,0.0
KEAP1,SQSTM1,Q13501,tuna_retrained,context,1,50,51,0.58,0.045454545454545456,22,22,22.0,0.045454545454545456,0.0,0.0,0.0,0.0,0.0,0.0,0.0,0.0,0.0,0.0,0.0,0.0,0.0,0.0,0.0,0.0,0.0,0.0
KEAP1,NFE2L2,Q16236,tuna_retrained,background,1,50,51,0.44,0.034482758620689655,29,29,29.0,0.034482758620689655,0.0,0.0,0.0,0.0,0.0,0.0,0.0,0.0,0.0,0.0,0.0,0.0,0.0,0.0,0.0,0.0,0.0,0.0
KEAP1,CUL3,Q13618,tuna_retrained,background,1,50,51,0.56,0.043478260869565216,23,23,23.0,0.043478260869565216,0.0,0.0,0.0,0.0,0.0,0.0,0.0,0.0,0.0,0.0,0.0,0.0,0.0,0.0,0.0,0.0,0.0,0.0
KEAP1,SQSTM1,Q13501,tuna_retrained,background,1,50,51,0.76,0.07692307692307693,13,13,13.0,0.07692307692307693,0.0,0.0,0.0,0.0,0.0,0.0,0.0,0.0,0.0,0.0,0.0,0.0,1.0,1.0,0.05,2.5500000000000003,0.26264953503719357,1.0
KEAP1,NFE2L2,Q16236,tuna_retrained,low_plausibility,1,50,51,0.4,0.03225806451612903,31,31,31.0,0.03225806451612903,0.0,0.0,0.0,0.0,0.0,0.0,0.0,0.0,0.0,0.0,0.0,0.0,0.0,0.0,0.0,0.0,0.0,0.0
KEAP1,CUL3,Q13618,tuna_retrained,low_plausibility,1,50,51,0.38,0.03125,32,32,32.0,0.03125,0.0,0.0,0.0,0.0,0.0,0.0,0.0,0.0,0.0,0.0,0.0,0.0,0.0,0.0,0.0,0.0,0.0,0.0
KEAP1,SQSTM1,Q13501,tuna_retrained,low_plausibility,1,50,51,0.7,0.0625,16,16,16.0,0.0625,0.0,0.0,0.0,0.0,0.0,0.0,0.0,0.0,0.0,0.0,0.0,0.0,1.0,1.0,0.05,2.5500000000000003,0.24465054211822604,1.0
KEAP1,NFE2L2,Q16236,tuna_retrained,context_background,1,100,101,0.32,0.014492753623188406,69,69,69.0,0.014492753623188406,0.0,0.0,0.0,0.0,0.0,0.0,0.0,0.0,0.0,0.0,0.0,0.0,0.0,0.0,0.0,0.0,0.0,0.0
KEAP1,CUL3,Q13618,tuna_retrained,context_background,1,100,101,0.46,0.01818181818181818,55,55,55.0,0.01818181818181818,0.0,0.0,0.0,0.0,0.0,0.0,0.0,0.0,0.0,0.0,0.0,0.0,0.0,0.0,0.0,0.0,0.0,0.0
KEAP1,SQSTM1,Q13501,tuna_retrained,context_background,1,100,101,0.67,0.029411764705882353,34,34,34.0,0.029411764705882353,0.0,0.0,0.0,0.0,0.0,0.0,0.0,0.0,0.0,0.0,0.0,0.0,0.0,0.0,0.0,0.0,0.0,0.0
KEAP1,NFE2L2,Q16236,tuna_retrained,all_U,1,150,151,0.3466666666666667,0.010101010101010102,99,99,99.0,0.010101010101010102,0.0,0.0,0.0,0.0,0.0,0.0,0.0,0.0,0.0,0.0,0.0,0.0,0.0,0.0,0.0,0.0,0.0,0.0
KEAP1,CUL3,Q13618,tuna_retrained,all_U,1,150,151,0.43333333333333335,0.011627906976744186,86,86,86.0,0.011627906976744186,0.0,0.0,0.0,0.0,0.0,0.0,0.0,0.0,0.0,0.0,0.0,0.0,0.0,0.0,0.0,0.0,0.0,0.0
KEAP1,SQSTM1,Q13501,tuna_retrained,all_U,1,150,151,0.68,0.02040816326530612,49,49,49.0,0.02040816326530612,0.0,0.0,0.0,0.0,0.0,0.0,0.0,0.0,0.0,0.0,0.0,0.0,0.0,0.0,0.0,0.0,0.0,0.0
KEAP1,NFE2L2,Q16236,tuna_original,context,1,50,51,0.36,0.030303030303030304,33,33,33.0,0.030303030303030304,0.0,0.0,0.0,0.0,0.0,0.0,0.0,0.0,0.0,0.0,0.0,0.0,0.0,0.0,0.0,0.0,0.0,0.0
KEAP1,CUL3,Q13618,tuna_original,context,1,50,51,0.72,0.06666666666666667,15,15,15.0,0.06666666666666667,0.0,0.0,0.0,0.0,0.0,0.0,0.0,0.0,0.0,0.0,0.0,0.0,1.0,1.0,0.05,2.5500000000000003,0.25,1.0
KEAP1,SQSTM1,Q13501,tuna_original,context,1,50,51,1.0,1.0,1,1,1.0,1.0,1.0,1.0,0.2,10.200000000000001,1.0,1.0,1.0,1.0,0.1,5.1000000000000005,1.0,1.0,1.0,1.0,0.05,2.5500000000000003,1.0,1.0
KEAP1,NFE2L2,Q16236,tuna_original,background,1,50,51,0.64,0.05263157894736842,19,19,19.0,0.05263157894736842,0.0,0.0,0.0,0.0,0.0,0.0,0.0,0.0,0.0,0.0,0.0,0.0,1.0,1.0,0.05,2.5500000000000003,0.23137821315975915,1.0
KEAP1,CUL3,Q13618,tuna_original,background,1,50,51,0.74,0.07142857142857142,14,14,14.0,0.07142857142857142,0.0,0.0,0.0,0.0,0.0,0.0,0.0,0.0,0.0,0.0,0.0,0.0,1.0,1.0,0.05,2.5500000000000003,0.2559580248098155,1.0
KEAP1,SQSTM1,Q13501,tuna_original,background,1,50,51,1.0,1.0,1,1,1.0,1.0,1.0,1.0,0.2,10.200000000000001,1.0,1.0,1.0,1.0,0.1,5.1000000000000005,1.0,1.0,1.0,1.0,0.05,2.5500000000000003,1.0,1.0
KEAP1,NFE2L2,Q16236,tuna_original,low_plausibility,1,50,51,0.66,0.05555555555555555,18,18,18.0,0.05555555555555555,0.0,0.0,0.0,0.0,0.0,0.0,0.0,0.0,0.0,0.0,0.0,0.0,1.0,1.0,0.05,2.5500000000000003,0.23540891336663824,1.0
KEAP1,CUL3,Q13618,tuna_original,low_plausibility,1,50,51,0.74,0.07142857142857142,14,14,14.0,0.07142857142857142,0.0,0.0,0.0,0.0,0.0,0.0,0.0,0.0,0.0,0.0,0.0,0.0,1.0,1.0,0.05,2.5500000000000003,0.2559580248098155,1.0
KEAP1,SQSTM1,Q13501,tuna_original,low_plausibility,1,50,51,1.0,1.0,1,1,1.0,1.0,1.0,1.0,0.2,10.200000000000001,1.0,1.0,1.0,1.0,0.1,5.1000000000000005,1.0,1.0,1.0,1.0,0.05,2.5500000000000003,1.0,1.0
KEAP1,NFE2L2,Q16236,tuna_original,context_background,1,100,101,0.5,0.0196078431372549,51,51,51.0,0.0196078431372549,0.0,0.0,0.0,0.0,0.0,0.0,0.0,0.0,0.0,0.0,0.0,0.0,0.0,0.0,0.0,0.0,0.0,0.0
KEAP1,CUL3,Q13618,tuna_original,context_background,1,100,101,0.73,0.03571428571428571,28,28,28.0,0.03571428571428571,0.0,0.0,0.0,0.0,0.0,0.0,0.0,0.0,0.0,0.0,0.0,0.0,0.0,0.0,0.0,0.0,0.0,0.0
KEAP1,SQSTM1,Q13501,tuna_original,context_background,1,100,101,1.0,1.0,1,1,1.0,1.0,1.0,1.0,0.2,20.2,1.0,1.0,1.0,1.0,0.1,10.1,1.0,1.0,1.0,1.0,0.05,5.05,1.0,1.0
KEAP1,NFE2L2,Q16236,tuna_original,all_U,1,150,151,0.5533333333333333,0.014705882352941176,68,68,68.0,0.014705882352941176,0.0,0.0,0.0,0.0,0.0,0.0,0.0,0.0,0.0,0.0,0.0,0.0,0.0,0.0,0.0,0.0,0.0,0.0
KEAP1,CUL3,Q13618,tuna_original,all_U,1,150,151,0.7333333333333333,0.024390243902439025,41,41,41.0,0.024390243902439025,0.0,0.0,0.0,0.0,0.0,0.0,0.0,0.0,0.0,0.0,0.0,0.0,0.0,0.0,0.0,0.0,0.0,0.0
KEAP1,SQSTM1,Q13501,tuna_original,all_U,1,150,151,1.0,1.0,1,1,1.0,1.0,1.0,1.0,0.2,30.200000000000003,1.0,1.0,1.0,1.0,0.1,15.100000000000001,1.0,1.0,1.0,1.0,0.05,7.550000000000001,1.0,1.0
BRCA1,BARD1,Q99728,ipin_baseline,context,1,50,51,0.92,0.2,5,5,5.0,0.2,1.0,1.0,0.2,10.200000000000001,0.38685280723454163,1.0,1.0,1.0,0.1,5.1000000000000005,0.38685280723454163,1.0,1.0,1.0,0.05,2.5500000000000003,0.38685280723454163,1.0
BRCA1,PALB2,Q86YC2,ipin_baseline,context,1,50,51,0.44,0.034482758620689655,29,29,29.0,0.034482758620689655,0.0,0.0,0.0,0.0,0.0,0.0,0.0,0.0,0.0,0.0,0.0,0.0,0.0,0.0,0.0,0.0,0.0,0.0
BRCA1,BRIP1,Q9BX63,ipin_baseline,context,1,50,51,0.46,0.03571428571428571,28,28,28.0,0.03571428571428571,0.0,0.0,0.0,0.0,0.0,0.0,0.0,0.0,0.0,0.0,0.0,0.0,0.0,0.0,0.0,0.0,0.0,0.0
BRCA1,BARD1,Q99728,ipin_baseline,background,1,50,51,0.92,0.2,5,5,5.0,0.2,1.0,1.0,0.2,10.200000000000001,0.38685280723454163,1.0,1.0,1.0,0.1,5.1000000000000005,0.38685280723454163,1.0,1.0,1.0,0.05,2.5500000000000003,0.38685280723454163,1.0
BRCA1,PALB2,Q86YC2,ipin_baseline,background,1,50,51,0.6,0.047619047619047616,21,21,21.0,0.047619047619047616,0.0,0.0,0.0,0.0,0.0,0.0,0.0,0.0,0.0,0.0,0.0,0.0,0.0,0.0,0.0,0.0,0.0,0.0
BRCA1,BRIP1,Q9BX63,ipin_baseline,background,1,50,51,0.58,0.045454545454545456,22,22,22.0,0.045454545454545456,0.0,0.0,0.0,0.0,0.0,0.0,0.0,0.0,0.0,0.0,0.0,0.0,0.0,0.0,0.0,0.0,0.0,0.0
BRCA1,BARD1,Q99728,ipin_baseline,low_plausibility,1,50,51,1.0,1.0,1,1,1.0,1.0,1.0,1.0,0.2,10.200000000000001,1.0,1.0,1.0,1.0,0.1,5.1000000000000005,1.0,1.0,1.0,1.0,0.05,2.5500000000000003,1.0,1.0
BRCA1,PALB2,Q86YC2,ipin_baseline,low_plausibility,1,50,51,0.82,0.1,10,10,10.0,0.1,0.0,0.0,0.0,0.0,0.0,0.0,1.0,1.0,0.1,5.1000000000000005,0.2890648263178879,1.0,1.0,1.0,0.05,2.5500000000000003,0.2890648263178879,1.0
BRCA1,BRIP1,Q9BX63,ipin_baseline,low_plausibility,1,50,51,0.88,0.14285714285714285,7,7,7.0,0.14285714285714285,0.0,0.0,0.0,0.0,0.0,0.0,1.0,1.0,0.1,5.1000000000000005,0.3333333333333333,1.0,1.0,1.0,0.05,2.5500000000000003,0.3333333333333333,1.0
BRCA1,BARD1,Q99728,ipin_baseline,context_background,1,100,101,0.92,0.1111111111111111,9,9,9.0,0.1111111111111111,0.0,0.0,0.0,0.0,0.0,0.0,1.0,1.0,0.1,10.1,0.3010299956639812,1.0,1.0,1.0,0.05,5.05,0.3010299956639812,1.0
BRCA1,PALB2,Q86YC2,ipin_baseline,context_background,1,100,101,0.52,0.02040816326530612,49,49,49.0,0.02040816326530612,0.0,0.0,0.0,0.0,0.0,0.0,0.0,0.0,0.0,0.0,0.0,0.0,0.0,0.0,0.0,0.0,0.0,0.0
BRCA1,BRIP1,Q9BX63,ipin_baseline,context_background,1,100,101,0.52,0.02040816326530612,49,49,49.0,0.02040816326530612,0.0,0.0,0.0,0.0,0.0,0.0,0.0,0.0,0.0,0.0,0.0,0.0,0.0,0.0,0.0,0.0,0.0,0.0
BRCA1,BARD1,Q99728,ipin_baseline,all_U,1,150,151,0.9466666666666667,0.1111111111111111,9,9,9.0,0.1111111111111111,0.0,0.0,0.0,0.0,0.0,0.0,1.0,1.0,0.1,15.100000000000001,0.3010299956639812,1.0,1.0,1.0,0.05,7.550000000000001,0.3010299956639812,1.0
BRCA1,PALB2,Q86YC2,ipin_baseline,all_U,1,150,151,0.62,0.017241379310344827,58,58,58.0,0.017241379310344827,0.0,0.0,0.0,0.0,0.0,0.0,0.0,0.0,0.0,0.0,0.0,0.0,0.0,0.0,0.0,0.0,0.0,0.0
BRCA1,BRIP1,Q9BX63,ipin_baseline,all_U,1,150,151,0.64,0.01818181818181818,55,55,55.0,0.01818181818181818,0.0,0.0,0.0,0.0,0.0,0.0,0.0,0.0,0.0,0.0,0.0,0.0,0.0,0.0,0.0,0.0,0.0,0.0
BRCA1,BARD1,Q99728,ipin_optimized,context,1,50,51,0.9,0.16666666666666666,6,6,6.0,0.16666666666666666,0.0,0.0,0.0,0.0,0.0,0.0,1.0,1.0,0.1,5.1000000000000005,0.3562071871080222,1.0,1.0,1.0,0.05,2.5500000000000003,0.3562071871080222,1.0
BRCA1,PALB2,Q86YC2,ipin_optimized,context,1,50,51,0.88,0.14285714285714285,7,7,7.0,0.14285714285714285,0.0,0.0,0.0,0.0,0.0,0.0,1.0,1.0,0.1,5.1000000000000005,0.3333333333333333,1.0,1.0,1.0,0.05,2.5500000000000003,0.3333333333333333,1.0
BRCA1,BRIP1,Q9BX63,ipin_optimized,context,1,50,51,0.66,0.05555555555555555,18,18,18.0,0.05555555555555555,0.0,0.0,0.0,0.0,0.0,0.0,0.0,0.0,0.0,0.0,0.0,0.0,1.0,1.0,0.05,2.5500000000000003,0.23540891336663824,1.0
BRCA1,BARD1,Q99728,ipin_optimized,background,1,50,51,0.92,0.2,5,5,5.0,0.2,1.0,1.0,0.2,10.200000000000001,0.38685280723454163,1.0,1.0,1.0,0.1,5.1000000000000005,0.38685280723454163,1.0,1.0,1.0,0.05,2.5500000000000003,0.38685280723454163,1.0
BRCA1,PALB2,Q86YC2,ipin_optimized,background,1,50,51,0.94,0.25,4,4,4.0,0.25,1.0,1.0,0.2,10.200000000000001,0.43067655807339306,1.0,1.0,1.0,0.1,5.1000000000000005,0.43067655807339306,1.0,1.0,1.0,0.05,2.5500000000000003,0.43067655807339306,1.0
BRCA1,BRIP1,Q9BX63,ipin_optimized,background,1,50,51,0.84,0.1111111111111111,9,9,9.0,0.1111111111111111,0.0,0.0,0.0,0.0,0.0,0.0,1.0,1.0,0.1,5.1000000000000005,0.3010299956639812,1.0,1.0,1.0,0.05,2.5500000000000003,0.3010299956639812,1.0
BRCA1,BARD1,Q99728,ipin_optimized,low_plausibility,1,50,51,1.0,1.0,1,1,1.0,1.0,1.0,1.0,0.2,10.200000000000001,1.0,1.0,1.0,1.0,0.1,5.1000000000000005,1.0,1.0,1.0,1.0,0.05,2.5500000000000003,1.0,1.0
BRCA1,PALB2,Q86YC2,ipin_optimized,low_plausibility,1,50,51,1.0,1.0,1,1,1.0,1.0,1.0,1.0,0.2,10.200000000000001,1.0,1.0,1.0,1.0,0.1,5.1000000000000005,1.0,1.0,1.0,1.0,0.05,2.5500000000000003,1.0,1.0
BRCA1,BRIP1,Q9BX63,ipin_optimized,low_plausibility,1,50,51,0.94,0.25,4,4,4.0,0.25,1.0,1.0,0.2,10.200000000000001,0.43067655807339306,1.0,1.0,1.0,0.1,5.1000000000000005,0.43067655807339306,1.0,1.0,1.0,0.05,2.5500000000000003,0.43067655807339306,1.0
BRCA1,BARD1,Q99728,ipin_optimized,context_background,1,100,101,0.91,0.1,10,10,10.0,0.1,0.0,0.0,0.0,0.0,0.0,0.0,1.0,1.0,0.1,10.1,0.2890648263178879,1.0,1.0,1.0,0.05,5.05,0.2890648263178879,1.0
BRCA1,PALB2,Q86YC2,ipin_optimized,context_background,1,100,101,0.91,0.1,10,10,10.0,0.1,0.0,0.0,0.0,0.0,0.0,0.0,1.0,1.0,0.1,10.1,0.2890648263178879,1.0,1.0,1.0,0.05,5.05,0.2890648263178879,1.0
BRCA1,BRIP1,Q9BX63,ipin_optimized,context_background,1,100,101,0.75,0.038461538461538464,26,26,26.0,0.038461538461538464,0.0,0.0,0.0,0.0,0.0,0.0,0.0,0.0,0.0,0.0,0.0,0.0,0.0,0.0,0.0,0.0,0.0,0.0
BRCA1,BARD1,Q99728,ipin_optimized,all_U,1,150,151,0.94,0.1,10,10,10.0,0.1,0.0,0.0,0.0,0.0,0.0,0.0,1.0,1.0,0.1,15.100000000000001,0.2890648263178879,1.0,1.0,1.0,0.05,7.550000000000001,0.2890648263178879,1.0
BRCA1,PALB2,Q86YC2,ipin_optimized,all_U,1,150,151,0.94,0.1,10,10,10.0,0.1,0.0,0.0,0.0,0.0,0.0,0.0,1.0,1.0,0.1,15.100000000000001,0.2890648263178879,1.0,1.0,1.0,0.05,7.550000000000001,0.2890648263178879,1.0
BRCA1,BRIP1,Q9BX63,ipin_optimized,all_U,1,150,151,0.8133333333333334,0.034482758620689655,29,29,29.0,0.034482758620689655,0.0,0.0,0.0,0.0,0.0,0.0,0.0,0.0,0.0,0.0,0.0,0.0,0.0,0.0,0.0,0.0,0.0,0.0
BRCA1,BARD1,Q99728,tuna_retrained,context,1,50,51,0.94,0.25,4,4,4.0,0.25,1.0,1.0,0.2,10.200000000000001,0.43067655807339306,1.0,1.0,1.0,0.1,5.1000000000000005,0.43067655807339306,1.0,1.0,1.0,0.05,2.5500000000000003,0.43067655807339306,1.0
BRCA1,PALB2,Q86YC2,tuna_retrained,context,1,50,51,1.0,1.0,1,1,1.0,1.0,1.0,1.0,0.2,10.200000000000001,1.0,1.0,1.0,1.0,0.1,5.1000000000000005,1.0,1.0,1.0,1.0,0.05,2.5500000000000003,1.0,1.0
BRCA1,BRIP1,Q9BX63,tuna_retrained,context,1,50,51,0.92,0.2,5,5,5.0,0.2,1.0,1.0,0.2,10.200000000000001,0.38685280723454163,1.0,1.0,1.0,0.1,5.1000000000000005,0.38685280723454163,1.0,1.0,1.0,0.05,2.5500000000000003,0.38685280723454163,1.0
BRCA1,BARD1,Q99728,tuna_retrained,background,1,50,51,0.96,0.3333333333333333,3,3,3.0,0.3333333333333333,1.0,1.0,0.2,10.200000000000001,0.5,1.0,1.0,1.0,0.1,5.1000000000000005,0.5,1.0,1.0,1.0,0.05,2.5500000000000003,0.5,1.0
BRCA1,PALB2,Q86YC2,tuna_retrained,background,1,50,51,0.98,0.5,2,2,2.0,0.5,1.0,1.0,0.2,10.200000000000001,0.6309297535714575,1.0,1.0,1.0,0.1,5.1000000000000005,0.6309297535714575,1.0,1.0,1.0,0.05,2.5500000000000003,0.6309297535714575,1.0
BRCA1,BRIP1,Q9BX63,tuna_retrained,background,1,50,51,0.94,0.25,4,4,4.0,0.25,1.0,1.0,0.2,10.200000000000001,0.43067655807339306,1.0,1.0,1.0,0.1,5.1000000000000005,0.43067655807339306,1.0,1.0,1.0,0.05,2.5500000000000003,0.43067655807339306,1.0
BRCA1,BARD1,Q99728,tuna_retrained,low_plausibility,1,50,51,1.0,1.0,1,1,1.0,1.0,1.0,1.0,0.2,10.200000000000001,1.0,1.0,1.0,1.0,0.1,5.1000000000000005,1.0,1.0,1.0,1.0,0.05,2.5500000000000003,1.0,1.0
BRCA1,PALB2,Q86YC2,tuna_retrained,low_plausibility,1,50,51,1.0,1.0,1,1,1.0,1.0,1.0,1.0,0.2,10.200000000000001,1.0,1.0,1.0,1.0,0.1,5.1000000000000005,1.0,1.0,1.0,1.0,0.05,2.5500000000000003,1.0,1.0
BRCA1,BRIP1,Q9BX63,tuna_retrained,low_plausibility,1,50,51,0.98,0.5,2,2,2.0,0.5,1.0,1.0,0.2,10.200000000000001,0.6309297535714575,1.0,1.0,1.0,0.1,5.1000000000000005,0.6309297535714575,1.0,1.0,1.0,0.05,2.5500000000000003,0.6309297535714575,1.0
BRCA1,BARD1,Q99728,tuna_retrained,context_background,1,100,101,0.95,0.16666666666666666,6,6,6.0,0.16666666666666666,0.0,0.0,0.0,0.0,0.0,0.0,1.0,1.0,0.1,10.1,0.3562071871080222,1.0,1.0,1.0,0.05,5.05,0.3562071871080222,1.0
BRCA1,PALB2,Q86YC2,tuna_retrained,context_background,1,100,101,0.99,0.5,2,2,2.0,0.5,1.0,1.0,0.2,20.2,0.6309297535714575,1.0,1.0,1.0,0.1,10.1,0.6309297535714575,1.0,1.0,1.0,0.05,5.05,0.6309297535714575,1.0
BRCA1,BRIP1,Q9BX63,tuna_retrained,context_background,1,100,101,0.93,0.125,8,8,8.0,0.125,0.0,0.0,0.0,0.0,0.0,0.0,1.0,1.0,0.1,10.1,0.31546487678572877,1.0,1.0,1.0,0.05,5.05,0.31546487678572877,1.0
BRCA1,BARD1,Q99728,tuna_retrained,all_U,1,150,151,0.9666666666666667,0.16666666666666666,6,6,6.0,0.16666666666666666,0.0,0.0,0.0,0.0,0.0,0.0,1.0,1.0,0.1,15.100000000000001,0.3562071871080222,1.0,1.0,1.0,0.05,7.550000000000001,0.3562071871080222,1.0
BRCA1,PALB2,Q86YC2,tuna_retrained,all_U,1,150,151,0.9933333333333333,0.5,2,2,2.0,0.5,1.0,1.0,0.2,30.200000000000003,0.6309297535714575,1.0,1.0,1.0,0.1,15.100000000000001,0.6309297535714575,1.0,1.0,1.0,0.05,7.550000000000001,0.6309297535714575,1.0
BRCA1,BRIP1,Q9BX63,tuna_retrained,all_U,1,150,151,0.9466666666666667,0.1111111111111111,9,9,9.0,0.1111111111111111,0.0,0.0,0.0,0.0,0.0,0.0,1.0,1.0,0.1,15.100000000000001,0.3010299956639812,1.0,1.0,1.0,0.05,7.550000000000001,0.3010299956639812,1.0
BRCA1,BARD1,Q99728,tuna_original,context,1,50,51,1.0,1.0,1,1,1.0,1.0,1.0,1.0,0.2,10.200000000000001,1.0,1.0,1.0,1.0,0.1,5.1000000000000005,1.0,1.0,1.0,1.0,0.05,2.5500000000000003,1.0,1.0
BRCA1,PALB2,Q86YC2,tuna_original,context,1,50,51,0.74,0.07142857142857142,14,14,14.0,0.07142857142857142,0.0,0.0,0.0,0.0,0.0,0.0,0.0,0.0,0.0,0.0,0.0,0.0,1.0,1.0,0.05,2.5500000000000003,0.2559580248098155,1.0
BRCA1,BRIP1,Q9BX63,tuna_original,context,1,50,51,0.98,0.5,2,2,2.0,0.5,1.0,1.0,0.2,10.200000000000001,0.6309297535714575,1.0,1.0,1.0,0.1,5.1000000000000005,0.6309297535714575,1.0,1.0,1.0,0.05,2.5500000000000003,0.6309297535714575,1.0
BRCA1,BARD1,Q99728,tuna_original,background,1,50,51,0.98,0.5,2,2,2.0,0.5,1.0,1.0,0.2,10.200000000000001,0.6309297535714575,1.0,1.0,1.0,0.1,5.1000000000000005,0.6309297535714575,1.0,1.0,1.0,0.05,2.5500000000000003,0.6309297535714575,1.0
BRCA1,PALB2,Q86YC2,tuna_original,background,1,50,51,0.9,0.16666666666666666,6,6,6.0,0.16666666666666666,0.0,0.0,0.0,0.0,0.0,0.0,1.0,1.0,0.1,5.1000000000000005,0.3562071871080222,1.0,1.0,1.0,0.05,2.5500000000000003,0.3562071871080222,1.0
BRCA1,BRIP1,Q9BX63,tuna_original,background,1,50,51,0.98,0.5,2,2,2.0,0.5,1.0,1.0,0.2,10.200000000000001,0.6309297535714575,1.0,1.0,1.0,0.1,5.1000000000000005,0.6309297535714575,1.0,1.0,1.0,0.05,2.5500000000000003,0.6309297535714575,1.0
BRCA1,BARD1,Q99728,tuna_original,low_plausibility,1,50,51,1.0,1.0,1,1,1.0,1.0,1.0,1.0,0.2,10.200000000000001,1.0,1.0,1.0,1.0,0.1,5.1000000000000005,1.0,1.0,1.0,1.0,0.05,2.5500000000000003,1.0,1.0
BRCA1,PALB2,Q86YC2,tuna_original,low_plausibility,1,50,51,1.0,1.0,1,1,1.0,1.0,1.0,1.0,0.2,10.200000000000001,1.0,1.0,1.0,1.0,0.1,5.1000000000000005,1.0,1.0,1.0,1.0,0.05,2.5500000000000003,1.0,1.0
BRCA1,BRIP1,Q9BX63,tuna_original,low_plausibility,1,50,51,1.0,1.0,1,1,1.0,1.0,1.0,1.0,0.2,10.200000000000001,1.0,1.0,1.0,1.0,0.1,5.1000000000000005,1.0,1.0,1.0,1.0,0.05,2.5500000000000003,1.0,1.0
BRCA1,BARD1,Q99728,tuna_original,context_background,1,100,101,0.99,0.5,2,2,2.0,0.5,1.0,1.0,0.2,20.2,0.6309297535714575,1.0,1.0,1.0,0.1,10.1,0.6309297535714575,1.0,1.0,1.0,0.05,5.05,0.6309297535714575,1.0
BRCA1,PALB2,Q86YC2,tuna_original,context_background,1,100,101,0.82,0.05263157894736842,19,19,19.0,0.05263157894736842,0.0,0.0,0.0,0.0,0.0,0.0,0.0,0.0,0.0,0.0,0.0,0.0,1.0,1.0,0.05,5.05,0.23137821315975915,1.0
BRCA1,BRIP1,Q9BX63,tuna_original,context_background,1,100,101,0.98,0.3333333333333333,3,3,3.0,0.3333333333333333,1.0,1.0,0.2,20.2,0.5,1.0,1.0,1.0,0.1,10.1,0.5,1.0,1.0,1.0,0.05,5.05,0.5,1.0
BRCA1,BARD1,Q99728,tuna_original,all_U,1,150,151,0.9933333333333333,0.5,2,2,2.0,0.5,1.0,1.0,0.2,30.200000000000003,0.6309297535714575,1.0,1.0,1.0,0.1,15.100000000000001,0.6309297535714575,1.0,1.0,1.0,0.05,7.550000000000001,0.6309297535714575,1.0
BRCA1,PALB2,Q86YC2,tuna_original,all_U,1,150,151,0.88,0.05263157894736842,19,19,19.0,0.05263157894736842,0.0,0.0,0.0,0.0,0.0,0.0,0.0,0.0,0.0,0.0,0.0,0.0,1.0,1.0,0.05,7.550000000000001,0.23137821315975915,1.0
BRCA1,BRIP1,Q9BX63,tuna_original,all_U,1,150,151,0.9866666666666667,0.3333333333333333,3,3,3.0,0.3333333333333333,1.0,1.0,0.2,30.200000000000003,0.5,1.0,1.0,1.0,0.1,15.100000000000001,0.5,1.0,1.0,1.0,0.05,7.550000000000001,0.5,1.0
KRAS,RAF1,P04049,ipin_baseline,context,1,50,51,0.6,0.047619047619047616,21,21,21.0,0.047619047619047616,0.0,0.0,0.0,0.0,0.0,0.0,0.0,0.0,0.0,0.0,0.0,0.0,0.0,0.0,0.0,0.0,0.0,0.0
KRAS,BRAF,P15056,ipin_baseline,context,1,50,51,0.56,0.043478260869565216,23,23,23.0,0.043478260869565216,0.0,0.0,0.0,0.0,0.0,0.0,0.0,0.0,0.0,0.0,0.0,0.0,0.0,0.0,0.0,0.0,0.0,0.0
KRAS,ARAF,P10398,ipin_baseline,context,1,50,51,0.68,0.058823529411764705,17,17,17.0,0.058823529411764705,0.0,0.0,0.0,0.0,0.0,0.0,0.0,0.0,0.0,0.0,0.0,0.0,1.0,1.0,0.05,2.5500000000000003,0.23981246656813146,1.0
KRAS,RAF1,P04049,ipin_baseline,background,1,50,51,0.82,0.1,10,10,10.0,0.1,0.0,0.0,0.0,0.0,0.0,0.0,1.0,1.0,0.1,5.1000000000000005,0.2890648263178879,1.0,1.0,1.0,0.05,2.5500000000000003,0.2890648263178879,1.0
KRAS,BRAF,P15056,ipin_baseline,background,1,50,51,0.8,0.09090909090909091,11,11,11.0,0.09090909090909091,0.0,0.0,0.0,0.0,0.0,0.0,0.0,0.0,0.0,0.0,0.0,0.0,1.0,1.0,0.05,2.5500000000000003,0.27894294565112987,1.0
KRAS,ARAF,P10398,ipin_baseline,background,1,50,51,0.64,0.05263157894736842,19,19,19.0,0.05263157894736842,0.0,0.0,0.0,0.0,0.0,0.0,0.0,0.0,0.0,0.0,0.0,0.0,1.0,1.0,0.05,2.5500000000000003,0.23137821315975915,1.0
KRAS,RAF1,P04049,ipin_baseline,low_plausibility,1,50,51,0.92,0.2,5,5,5.0,0.2,1.0,1.0,0.2,10.200000000000001,0.38685280723454163,1.0,1.0,1.0,0.1,5.1000000000000005,0.38685280723454163,1.0,1.0,1.0,0.05,2.5500000000000003,0.38685280723454163,1.0
KRAS,BRAF,P15056,ipin_baseline,low_plausibility,1,50,51,0.98,0.5,2,2,2.0,0.5,1.0,1.0,0.2,10.200000000000001,0.6309297535714575,1.0,1.0,1.0,0.1,5.1000000000000005,0.6309297535714575,1.0,1.0,1.0,0.05,2.5500000000000003,0.6309297535714575,1.0
KRAS,ARAF,P10398,ipin_baseline,low_plausibility,1,50,51,0.94,0.25,4,4,4.0,0.25,1.0,1.0,0.2,10.200000000000001,0.43067655807339306,1.0,1.0,1.0,0.1,5.1000000000000005,0.43067655807339306,1.0,1.0,1.0,0.05,2.5500000000000003,0.43067655807339306,1.0
KRAS,RAF1,P04049,ipin_baseline,context_background,1,100,101,0.71,0.03333333333333333,30,30,30.0,0.03333333333333333,0.0,0.0,0.0,0.0,0.0,0.0,0.0,0.0,0.0,0.0,0.0,0.0,0.0,0.0,0.0,0.0,0.0,0.0
KRAS,BRAF,P15056,ipin_baseline,context_background,1,100,101,0.68,0.030303030303030304,33,33,33.0,0.030303030303030304,0.0,0.0,0.0,0.0,0.0,0.0,0.0,0.0,0.0,0.0,0.0,0.0,0.0,0.0,0.0,0.0,0.0,0.0
KRAS,ARAF,P10398,ipin_baseline,context_background,1,100,101,0.66,0.02857142857142857,35,35,35.0,0.02857142857142857,0.0,0.0,0.0,0.0,0.0,0.0,0.0,0.0,0.0,0.0,0.0,0.0,0.0,0.0,0.0,0.0,0.0,0.0
KRAS,RAF1,P04049,ipin_baseline,all_U,1,150,151,0.78,0.029411764705882353,34,34,34.0,0.029411764705882353,0.0,0.0,0.0,0.0,0.0,0.0,0.0,0.0,0.0,0.0,0.0,0.0,0.0,0.0,0.0,0.0,0.0,0.0
KRAS,BRAF,P15056,ipin_baseline,all_U,1,150,151,0.78,0.029411764705882353,34,34,34.0,0.029411764705882353,0.0,0.0,0.0,0.0,0.0,0.0,0.0,0.0,0.0,0.0,0.0,0.0,0.0,0.0,0.0,0.0,0.0,0.0
KRAS,ARAF,P10398,ipin_baseline,all_U,1,150,151,0.7533333333333333,0.02631578947368421,38,38,38.0,0.02631578947368421,0.0,0.0,0.0,0.0,0.0,0.0,0.0,0.0,0.0,0.0,0.0,0.0,0.0,0.0,0.0,0.0,0.0,0.0
KRAS,RAF1,P04049,ipin_optimized,context,1,50,51,0.94,0.25,4,4,4.0,0.25,1.0,1.0,0.2,10.200000000000001,0.43067655807339306,1.0,1.0,1.0,0.1,5.1000000000000005,0.43067655807339306,1.0,1.0,1.0,0.05,2.5500000000000003,0.43067655807339306,1.0
KRAS,BRAF,P15056,ipin_optimized,context,1,50,51,0.9,0.16666666666666666,6,6,6.0,0.16666666666666666,0.0,0.0,0.0,0.0,0.0,0.0,1.0,1.0,0.1,5.1000000000000005,0.3562071871080222,1.0,1.0,1.0,0.05,2.5500000000000003,0.3562071871080222,1.0
KRAS,ARAF,P10398,ipin_optimized,context,1,50,51,0.9,0.16666666666666666,6,6,6.0,0.16666666666666666,0.0,0.0,0.0,0.0,0.0,0.0,1.0,1.0,0.1,5.1000000000000005,0.3562071871080222,1.0,1.0,1.0,0.05,2.5500000000000003,0.3562071871080222,1.0
KRAS,RAF1,P04049,ipin_optimized,background,1,50,51,0.96,0.3333333333333333,3,3,3.0,0.3333333333333333,1.0,1.0,0.2,10.200000000000001,0.5,1.0,1.0,1.0,0.1,5.1000000000000005,0.5,1.0,1.0,1.0,0.05,2.5500000000000003,0.5,1.0
KRAS,BRAF,P15056,ipin_optimized,background,1,50,51,0.92,0.2,5,5,5.0,0.2,1.0,1.0,0.2,10.200000000000001,0.38685280723454163,1.0,1.0,1.0,0.1,5.1000000000000005,0.38685280723454163,1.0,1.0,1.0,0.05,2.5500000000000003,0.38685280723454163,1.0
KRAS,ARAF,P10398,ipin_optimized,background,1,50,51,0.92,0.2,5,5,5.0,0.2,1.0,1.0,0.2,10.200000000000001,0.38685280723454163,1.0,1.0,1.0,0.1,5.1000000000000005,0.38685280723454163,1.0,1.0,1.0,0.05,2.5500000000000003,0.38685280723454163,1.0
KRAS,RAF1,P04049,ipin_optimized,low_plausibility,1,50,51,1.0,1.0,1,1,1.0,1.0,1.0,1.0,0.2,10.200000000000001,1.0,1.0,1.0,1.0,0.1,5.1000000000000005,1.0,1.0,1.0,1.0,0.05,2.5500000000000003,1.0,1.0
KRAS,BRAF,P15056,ipin_optimized,low_plausibility,1,50,51,1.0,1.0,1,1,1.0,1.0,1.0,1.0,0.2,10.200000000000001,1.0,1.0,1.0,1.0,0.1,5.1000000000000005,1.0,1.0,1.0,1.0,0.05,2.5500000000000003,1.0,1.0
KRAS,ARAF,P10398,ipin_optimized,low_plausibility,1,50,51,0.98,0.5,2,2,2.0,0.5,1.0,1.0,0.2,10.200000000000001,0.6309297535714575,1.0,1.0,1.0,0.1,5.1000000000000005,0.6309297535714575,1.0,1.0,1.0,0.05,2.5500000000000003,0.6309297535714575,1.0
KRAS,RAF1,P04049,ipin_optimized,context_background,1,100,101,0.95,0.16666666666666666,6,6,6.0,0.16666666666666666,0.0,0.0,0.0,0.0,0.0,0.0,1.0,1.0,0.1,10.1,0.3562071871080222,1.0,1.0,1.0,0.05,5.05,0.3562071871080222,1.0
KRAS,BRAF,P15056,ipin_optimized,context_background,1,100,101,0.91,0.1,10,10,10.0,0.1,0.0,0.0,0.0,0.0,0.0,0.0,1.0,1.0,0.1,10.1,0.2890648263178879,1.0,1.0,1.0,0.05,5.05,0.2890648263178879,1.0
KRAS,ARAF,P10398,ipin_optimized,context_background,1,100,101,0.91,0.1,10,10,10.0,0.1,0.0,0.0,0.0,0.0,0.0,0.0,1.0,1.0,0.1,10.1,0.2890648263178879,1.0,1.0,1.0,0.05,5.05,0.2890648263178879,1.0
KRAS,RAF1,P04049,ipin_optimized,all_U,1,150,151,0.9666666666666667,0.16666666666666666,6,6,6.0,0.16666666666666666,0.0,0.0,0.0,0.0,0.0,0.0,1.0,1.0,0.1,15.100000000000001,0.3562071871080222,1.0,1.0,1.0,0.05,7.550000000000001,0.3562071871080222,1.0
KRAS,BRAF,P15056,ipin_optimized,all_U,1,150,151,0.94,0.1,10,10,10.0,0.1,0.0,0.0,0.0,0.0,0.0,0.0,1.0,1.0,0.1,15.100000000000001,0.2890648263178879,1.0,1.0,1.0,0.05,7.550000000000001,0.2890648263178879,1.0
KRAS,ARAF,P10398,ipin_optimized,all_U,1,150,151,0.9333333333333333,0.09090909090909091,11,11,11.0,0.09090909090909091,0.0,0.0,0.0,0.0,0.0,0.0,0.0,0.0,0.0,0.0,0.0,0.0,1.0,1.0,0.05,7.550000000000001,0.27894294565112987,1.0
KRAS,RAF1,P04049,tuna_retrained,context,1,50,51,0.92,0.2,5,5,5.0,0.2,1.0,1.0,0.2,10.200000000000001,0.38685280723454163,1.0,1.0,1.0,0.1,5.1000000000000005,0.38685280723454163,1.0,1.0,1.0,0.05,2.5500000000000003,0.38685280723454163,1.0
KRAS,BRAF,P15056,tuna_retrained,context,1,50,51,0.76,0.07692307692307693,13,13,13.0,0.07692307692307693,0.0,0.0,0.0,0.0,0.0,0.0,0.0,0.0,0.0,0.0,0.0,0.0,1.0,1.0,0.05,2.5500000000000003,0.26264953503719357,1.0
KRAS,ARAF,P10398,tuna_retrained,context,1,50,51,0.86,0.125,8,8,8.0,0.125,0.0,0.0,0.0,0.0,0.0,0.0,1.0,1.0,0.1,5.1000000000000005,0.31546487678572877,1.0,1.0,1.0,0.05,2.5500000000000003,0.31546487678572877,1.0
KRAS,RAF1,P04049,tuna_retrained,background,1,50,51,0.98,0.5,2,2,2.0,0.5,1.0,1.0,0.2,10.200000000000001,0.6309297535714575,1.0,1.0,1.0,0.1,5.1000000000000005,0.6309297535714575,1.0,1.0,1.0,0.05,2.5500000000000003,0.6309297535714575,1.0
KRAS,BRAF,P15056,tuna_retrained,background,1,50,51,0.94,0.25,4,4,4.0,0.25,1.0,1.0,0.2,10.200000000000001,0.43067655807339306,1.0,1.0,1.0,0.1,5.1000000000000005,0.43067655807339306,1.0,1.0,1.0,0.05,2.5500000000000003,0.43067655807339306,1.0
KRAS,ARAF,P10398,tuna_retrained,background,1,50,51,0.9,0.16666666666666666,6,6,6.0,0.16666666666666666,0.0,0.0,0.0,0.0,0.0,0.0,1.0,1.0,0.1,5.1000000000000005,0.3562071871080222,1.0,1.0,1.0,0.05,2.5500000000000003,0.3562071871080222,1.0
KRAS,RAF1,P04049,tuna_retrained,low_plausibility,1,50,51,1.0,1.0,1,1,1.0,1.0,1.0,1.0,0.2,10.200000000000001,1.0,1.0,1.0,1.0,0.1,5.1000000000000005,1.0,1.0,1.0,1.0,0.05,2.5500000000000003,1.0,1.0
KRAS,BRAF,P15056,tuna_retrained,low_plausibility,1,50,51,1.0,1.0,1,1,1.0,1.0,1.0,1.0,0.2,10.200000000000001,1.0,1.0,1.0,1.0,0.1,5.1000000000000005,1.0,1.0,1.0,1.0,0.05,2.5500000000000003,1.0,1.0
KRAS,ARAF,P10398,tuna_retrained,low_plausibility,1,50,51,1.0,1.0,1,1,1.0,1.0,1.0,1.0,0.2,10.200000000000001,1.0,1.0,1.0,1.0,0.1,5.1000000000000005,1.0,1.0,1.0,1.0,0.05,2.5500000000000003,1.0,1.0
KRAS,RAF1,P04049,tuna_retrained,context_background,1,100,101,0.95,0.16666666666666666,6,6,6.0,0.16666666666666666,0.0,0.0,0.0,0.0,0.0,0.0,1.0,1.0,0.1,10.1,0.3562071871080222,1.0,1.0,1.0,0.05,5.05,0.3562071871080222,1.0
KRAS,BRAF,P15056,tuna_retrained,context_background,1,100,101,0.85,0.0625,16,16,16.0,0.0625,0.0,0.0,0.0,0.0,0.0,0.0,0.0,0.0,0.0,0.0,0.0,0.0,1.0,1.0,0.05,5.05,0.24465054211822604,1.0
KRAS,ARAF,P10398,tuna_retrained,context_background,1,100,101,0.88,0.07692307692307693,13,13,13.0,0.07692307692307693,0.0,0.0,0.0,0.0,0.0,0.0,0.0,0.0,0.0,0.0,0.0,0.0,1.0,1.0,0.05,5.05,0.26264953503719357,1.0
KRAS,RAF1,P04049,tuna_retrained,all_U,1,150,151,0.9666666666666667,0.16666666666666666,6,6,6.0,0.16666666666666666,0.0,0.0,0.0,0.0,0.0,0.0,1.0,1.0,0.1,15.100000000000001,0.3562071871080222,1.0,1.0,1.0,0.05,7.550000000000001,0.3562071871080222,1.0
KRAS,BRAF,P15056,tuna_retrained,all_U,1,150,151,0.9,0.0625,16,16,16.0,0.0625,0.0,0.0,0.0,0.0,0.0,0.0,0.0,0.0,0.0,0.0,0.0,0.0,1.0,1.0,0.05,7.550000000000001,0.24465054211822604,1.0
KRAS,ARAF,P10398,tuna_retrained,all_U,1,150,151,0.92,0.07692307692307693,13,13,13.0,0.07692307692307693,0.0,0.0,0.0,0.0,0.0,0.0,0.0,0.0,0.0,0.0,0.0,0.0,1.0,1.0,0.05,7.550000000000001,0.26264953503719357,1.0
KRAS,RAF1,P04049,tuna_original,context,1,50,51,0.94,0.25,4,4,4.0,0.25,1.0,1.0,0.2,10.200000000000001,0.43067655807339306,1.0,1.0,1.0,0.1,5.1000000000000005,0.43067655807339306,1.0,1.0,1.0,0.05,2.5500000000000003,0.43067655807339306,1.0
KRAS,BRAF,P15056,tuna_original,context,1,50,51,0.98,0.5,2,2,2.0,0.5,1.0,1.0,0.2,10.200000000000001,0.6309297535714575,1.0,1.0,1.0,0.1,5.1000000000000005,0.6309297535714575,1.0,1.0,1.0,0.05,2.5500000000000003,0.6309297535714575,1.0
KRAS,ARAF,P10398,tuna_original,context,1,50,51,0.94,0.25,4,4,4.0,0.25,1.0,1.0,0.2,10.200000000000001,0.43067655807339306,1.0,1.0,1.0,0.1,5.1000000000000005,0.43067655807339306,1.0,1.0,1.0,0.05,2.5500000000000003,0.43067655807339306,1.0
KRAS,RAF1,P04049,tuna_original,background,1,50,51,0.96,0.3333333333333333,3,3,3.0,0.3333333333333333,1.0,1.0,0.2,10.200000000000001,0.5,1.0,1.0,1.0,0.1,5.1000000000000005,0.5,1.0,1.0,1.0,0.05,2.5500000000000003,0.5,1.0
KRAS,BRAF,P15056,tuna_original,background,1,50,51,0.94,0.25,4,4,4.0,0.25,1.0,1.0,0.2,10.200000000000001,0.43067655807339306,1.0,1.0,1.0,0.1,5.1000000000000005,0.43067655807339306,1.0,1.0,1.0,0.05,2.5500000000000003,0.43067655807339306,1.0
KRAS,ARAF,P10398,tuna_original,background,1,50,51,0.9,0.16666666666666666,6,6,6.0,0.16666666666666666,0.0,0.0,0.0,0.0,0.0,0.0,1.0,1.0,0.1,5.1000000000000005,0.3562071871080222,1.0,1.0,1.0,0.05,2.5500000000000003,0.3562071871080222,1.0
KRAS,RAF1,P04049,tuna_original,low_plausibility,1,50,51,0.88,0.14285714285714285,7,7,7.0,0.14285714285714285,0.0,0.0,0.0,0.0,0.0,0.0,1.0,1.0,0.1,5.1000000000000005,0.3333333333333333,1.0,1.0,1.0,0.05,2.5500000000000003,0.3333333333333333,1.0
KRAS,BRAF,P15056,tuna_original,low_plausibility,1,50,51,0.96,0.3333333333333333,3,3,3.0,0.3333333333333333,1.0,1.0,0.2,10.200000000000001,0.5,1.0,1.0,1.0,0.1,5.1000000000000005,0.5,1.0,1.0,1.0,0.05,2.5500000000000003,0.5,1.0
KRAS,ARAF,P10398,tuna_original,low_plausibility,1,50,51,0.66,0.05555555555555555,18,18,18.0,0.05555555555555555,0.0,0.0,0.0,0.0,0.0,0.0,0.0,0.0,0.0,0.0,0.0,0.0,1.0,1.0,0.05,2.5500000000000003,0.23540891336663824,1.0
KRAS,RAF1,P04049,tuna_original,context_background,1,100,101,0.95,0.16666666666666666,6,6,6.0,0.16666666666666666,0.0,0.0,0.0,0.0,0.0,0.0,1.0,1.0,0.1,10.1,0.3562071871080222,1.0,1.0,1.0,0.05,5.05,0.3562071871080222,1.0
KRAS,BRAF,P15056,tuna_original,context_background,1,100,101,0.96,0.2,5,5,5.0,0.2,1.0,1.0,0.2,20.2,0.38685280723454163,1.0,1.0,1.0,0.1,10.1,0.38685280723454163,1.0,1.0,1.0,0.05,5.05,0.38685280723454163,1.0
KRAS,ARAF,P10398,tuna_original,context_background,1,100,101,0.92,0.1111111111111111,9,9,9.0,0.1111111111111111,0.0,0.0,0.0,0.0,0.0,0.0,1.0,1.0,0.1,10.1,0.3010299956639812,1.0,1.0,1.0,0.05,5.05,0.3010299956639812,1.0
KRAS,RAF1,P04049,tuna_original,all_U,1,150,151,0.9266666666666666,0.08333333333333333,12,12,12.0,0.08333333333333333,0.0,0.0,0.0,0.0,0.0,0.0,0.0,0.0,0.0,0.0,0.0,0.0,1.0,1.0,0.05,7.550000000000001,0.27023815442731974,1.0
KRAS,BRAF,P15056,tuna_original,all_U,1,150,151,0.96,0.14285714285714285,7,7,7.0,0.14285714285714285,0.0,0.0,0.0,0.0,0.0,0.0,1.0,1.0,0.1,15.100000000000001,0.3333333333333333,1.0,1.0,1.0,0.05,7.550000000000001,0.3333333333333333,1.0
KRAS,ARAF,P10398,tuna_original,all_U,1,150,151,0.8333333333333334,0.038461538461538464,26,26,26.0,0.038461538461538464,0.0,0.0,0.0,0.0,0.0,0.0,0.0,0.0,0.0,0.0,0.0,0.0,0.0,0.0,0.0,0.0,0.0,0.0
CDK2,CCNA2,P20248,ipin_baseline,context,1,50,51,0.52,0.04,25,25,25.0,0.04,0.0,0.0,0.0,0.0,0.0,0.0,0.0,0.0,0.0,0.0,0.0,0.0,0.0,0.0,0.0,0.0,0.0,0.0
CDK2,CCNE1,P24864,ipin_baseline,context,1,50,51,0.96,0.3333333333333333,3,3,3.0,0.3333333333333333,1.0,1.0,0.2,10.200000000000001,0.5,1.0,1.0,1.0,0.1,5.1000000000000005,0.5,1.0,1.0,1.0,0.05,2.5500000000000003,0.5,1.0
CDK2,CDKN1B,P46527,ipin_baseline,context,1,50,51,0.36,0.030303030303030304,33,33,33.0,0.030303030303030304,0.0,0.0,0.0,0.0,0.0,0.0,0.0,0.0,0.0,0.0,0.0,0.0,0.0,0.0,0.0,0.0,0.0,0.0
CDK2,CCNA2,P20248,ipin_baseline,background,1,50,51,0.66,0.05555555555555555,18,18,18.0,0.05555555555555555,0.0,0.0,0.0,0.0,0.0,0.0,0.0,0.0,0.0,0.0,0.0,0.0,1.0,1.0,0.05,2.5500000000000003,0.23540891336663824,1.0
CDK2,CCNE1,P24864,ipin_baseline,background,1,50,51,0.92,0.2,5,5,5.0,0.2,1.0,1.0,0.2,10.200000000000001,0.38685280723454163,1.0,1.0,1.0,0.1,5.1000000000000005,0.38685280723454163,1.0,1.0,1.0,0.05,2.5500000000000003,0.38685280723454163,1.0
CDK2,CDKN1B,P46527,ipin_baseline,background,1,50,51,0.72,0.06666666666666667,15,15,15.0,0.06666666666666667,0.0,0.0,0.0,0.0,0.0,0.0,0.0,0.0,0.0,0.0,0.0,0.0,1.0,1.0,0.05,2.5500000000000003,0.25,1.0
CDK2,CCNA2,P20248,ipin_baseline,low_plausibility,1,50,51,0.88,0.14285714285714285,7,7,7.0,0.14285714285714285,0.0,0.0,0.0,0.0,0.0,0.0,1.0,1.0,0.1,5.1000000000000005,0.3333333333333333,1.0,1.0,1.0,0.05,2.5500000000000003,0.3333333333333333,1.0
CDK2,CCNE1,P24864,ipin_baseline,low_plausibility,1,50,51,1.0,1.0,1,1,1.0,1.0,1.0,1.0,0.2,10.200000000000001,1.0,1.0,1.0,1.0,0.1,5.1000000000000005,1.0,1.0,1.0,1.0,0.05,2.5500000000000003,1.0,1.0
CDK2,CDKN1B,P46527,ipin_baseline,low_plausibility,1,50,51,0.8,0.09090909090909091,11,11,11.0,0.09090909090909091,0.0,0.0,0.0,0.0,0.0,0.0,0.0,0.0,0.0,0.0,0.0,0.0,1.0,1.0,0.05,2.5500000000000003,0.27894294565112987,1.0
CDK2,CCNA2,P20248,ipin_baseline,context_background,1,100,101,0.59,0.023809523809523808,42,42,42.0,0.023809523809523808,0.0,0.0,0.0,0.0,0.0,0.0,0.0,0.0,0.0,0.0,0.0,0.0,0.0,0.0,0.0,0.0,0.0,0.0
CDK2,CCNE1,P24864,ipin_baseline,context_background,1,100,101,0.94,0.14285714285714285,7,7,7.0,0.14285714285714285,0.0,0.0,0.0,0.0,0.0,0.0,1.0,1.0,0.1,10.1,0.3333333333333333,1.0,1.0,1.0,0.05,5.05,0.3333333333333333,1.0
CDK2,CDKN1B,P46527,ipin_baseline,context_background,1,100,101,0.54,0.02127659574468085,47,47,47.0,0.02127659574468085,0.0,0.0,0.0,0.0,0.0,0.0,0.0,0.0,0.0,0.0,0.0,0.0,0.0,0.0,0.0,0.0,0.0,0.0
CDK2,CCNA2,P20248,ipin_baseline,all_U,1,150,151,0.6866666666666666,0.020833333333333332,48,48,48.0,0.020833333333333332,0.0,0.0,0.0,0.0,0.0,0.0,0.0,0.0,0.0,0.0,0.0,0.0,0.0,0.0,0.0,0.0,0.0,0.0
CDK2,CCNE1,P24864,ipin_baseline,all_U,1,150,151,0.96,0.14285714285714285,7,7,7.0,0.14285714285714285,0.0,0.0,0.0,0.0,0.0,0.0,1.0,1.0,0.1,15.100000000000001,0.3333333333333333,1.0,1.0,1.0,0.05,7.550000000000001,0.3333333333333333,1.0
CDK2,CDKN1B,P46527,ipin_baseline,all_U,1,150,151,0.6266666666666667,0.017543859649122806,57,57,57.0,0.017543859649122806,0.0,0.0,0.0,0.0,0.0,0.0,0.0,0.0,0.0,0.0,0.0,0.0,0.0,0.0,0.0,0.0,0.0,0.0
CDK2,CCNA2,P20248,ipin_optimized,context,1,50,51,0.98,0.5,2,2,2.0,0.5,1.0,1.0,0.2,10.200000000000001,0.6309297535714575,1.0,1.0,1.0,0.1,5.1000000000000005,0.6309297535714575,1.0,1.0,1.0,0.05,2.5500000000000003,0.6309297535714575,1.0
CDK2,CCNE1,P24864,ipin_optimized,context,1,50,51,1.0,1.0,1,1,1.0,1.0,1.0,1.0,0.2,10.200000000000001,1.0,1.0,1.0,1.0,0.1,5.1000000000000005,1.0,1.0,1.0,1.0,0.05,2.5500000000000003,1.0,1.0
CDK2,CDKN1B,P46527,ipin_optimized,context,1,50,51,0.56,0.043478260869565216,23,23,23.0,0.043478260869565216,0.0,0.0,0.0,0.0,0.0,0.0,0.0,0.0,0.0,0.0,0.0,0.0,0.0,0.0,0.0,0.0,0.0,0.0
CDK2,CCNA2,P20248,ipin_optimized,background,1,50,51,0.98,0.5,2,2,2.0,0.5,1.0,1.0,0.2,10.200000000000001,0.6309297535714575,1.0,1.0,1.0,0.1,5.1000000000000005,0.6309297535714575,1.0,1.0,1.0,0.05,2.5500000000000003,0.6309297535714575,1.0
CDK2,CCNE1,P24864,ipin_optimized,background,1,50,51,1.0,1.0,1,1,1.0,1.0,1.0,1.0,0.2,10.200000000000001,1.0,1.0,1.0,1.0,0.1,5.1000000000000005,1.0,1.0,1.0,1.0,0.05,2.5500000000000003,1.0,1.0
CDK2,CDKN1B,P46527,ipin_optimized,background,1,50,51,0.72,0.06666666666666667,15,15,15.0,0.06666666666666667,0.0,0.0,0.0,0.0,0.0,0.0,0.0,0.0,0.0,0.0,0.0,0.0,1.0,1.0,0.05,2.5500000000000003,0.25,1.0
CDK2,CCNA2,P20248,ipin_optimized,low_plausibility,1,50,51,1.0,1.0,1,1,1.0,1.0,1.0,1.0,0.2,10.200000000000001,1.0,1.0,1.0,1.0,0.1,5.1000000000000005,1.0,1.0,1.0,1.0,0.05,2.5500000000000003,1.0,1.0
CDK2,CCNE1,P24864,ipin_optimized,low_plausibility,1,50,51,1.0,1.0,1,1,1.0,1.0,1.0,1.0,0.2,10.200000000000001,1.0,1.0,1.0,1.0,0.1,5.1000000000000005,1.0,1.0,1.0,1.0,0.05,2.5500000000000003,1.0,1.0
CDK2,CDKN1B,P46527,ipin_optimized,low_plausibility,1,50,51,0.92,0.2,5,5,5.0,0.2,1.0,1.0,0.2,10.200000000000001,0.38685280723454163,1.0,1.0,1.0,0.1,5.1000000000000005,0.38685280723454163,1.0,1.0,1.0,0.05,2.5500000000000003,0.38685280723454163,1.0
CDK2,CCNA2,P20248,ipin_optimized,context_background,1,100,101,0.98,0.3333333333333333,3,3,3.0,0.3333333333333333,1.0,1.0,0.2,20.2,0.5,1.0,1.0,1.0,0.1,10.1,0.5,1.0,1.0,1.0,0.05,5.05,0.5,1.0
CDK2,CCNE1,P24864,ipin_optimized,context_background,1,100,101,1.0,1.0,1,1,1.0,1.0,1.0,1.0,0.2,20.2,1.0,1.0,1.0,1.0,0.1,10.1,1.0,1.0,1.0,1.0,0.05,5.05,1.0,1.0
CDK2,CDKN1B,P46527,ipin_optimized,context_background,1,100,101,0.64,0.02702702702702703,37,37,37.0,0.02702702702702703,0.0,0.0,0.0,0.0,0.0,0.0,0.0,0.0,0.0,0.0,0.0,0.0,0.0,0.0,0.0,0.0,0.0,0.0
CDK2,CCNA2,P20248,ipin_optimized,all_U,1,150,151,0.9866666666666667,0.3333333333333333,3,3,3.0,0.3333333333333333,1.0,1.0,0.2,30.200000000000003,0.5,1.0,1.0,1.0,0.1,15.100000000000001,0.5,1.0,1.0,1.0,0.05,7.550000000000001,0.5,1.0
CDK2,CCNE1,P24864,ipin_optimized,all_U,1,150,151,1.0,1.0,1,1,1.0,1.0,1.0,1.0,0.2,30.200000000000003,1.0,1.0,1.0,1.0,0.1,15.100000000000001,1.0,1.0,1.0,1.0,0.05,7.550000000000001,1.0,1.0
CDK2,CDKN1B,P46527,ipin_optimized,all_U,1,150,151,0.7333333333333333,0.024390243902439025,41,41,41.0,0.024390243902439025,0.0,0.0,0.0,0.0,0.0,0.0,0.0,0.0,0.0,0.0,0.0,0.0,0.0,0.0,0.0,0.0,0.0,0.0
CDK2,CCNA2,P20248,tuna_retrained,context,1,50,51,0.82,0.1,10,10,10.0,0.1,0.0,0.0,0.0,0.0,0.0,0.0,1.0,1.0,0.1,5.1000000000000005,0.2890648263178879,1.0,1.0,1.0,0.05,2.5500000000000003,0.2890648263178879,1.0
CDK2,CCNE1,P24864,tuna_retrained,context,1,50,51,0.98,0.5,2,2,2.0,0.5,1.0,1.0,0.2,10.200000000000001,0.6309297535714575,1.0,1.0,1.0,0.1,5.1000000000000005,0.6309297535714575,1.0,1.0,1.0,0.05,2.5500000000000003,0.6309297535714575,1.0
CDK2,CDKN1B,P46527,tuna_retrained,context,1,50,51,0.86,0.125,8,8,8.0,0.125,0.0,0.0,0.0,0.0,0.0,0.0,1.0,1.0,0.1,5.1000000000000005,0.31546487678572877,1.0,1.0,1.0,0.05,2.5500000000000003,0.31546487678572877,1.0
CDK2,CCNA2,P20248,tuna_retrained,background,1,50,51,0.96,0.3333333333333333,3,3,3.0,0.3333333333333333,1.0,1.0,0.2,10.200000000000001,0.5,1.0,1.0,1.0,0.1,5.1000000000000005,0.5,1.0,1.0,1.0,0.05,2.5500000000000003,0.5,1.0
CDK2,CCNE1,P24864,tuna_retrained,background,1,50,51,0.94,0.25,4,4,4.0,0.25,1.0,1.0,0.2,10.200000000000001,0.43067655807339306,1.0,1.0,1.0,0.1,5.1000000000000005,0.43067655807339306,1.0,1.0,1.0,0.05,2.5500000000000003,0.43067655807339306,1.0
CDK2,CDKN1B,P46527,tuna_retrained,background,1,50,51,0.9,0.16666666666666666,6,6,6.0,0.16666666666666666,0.0,0.0,0.0,0.0,0.0,0.0,1.0,1.0,0.1,5.1000000000000005,0.3562071871080222,1.0,1.0,1.0,0.05,2.5500000000000003,0.3562071871080222,1.0
CDK2,CCNA2,P20248,tuna_retrained,low_plausibility,1,50,51,0.98,0.5,2,2,2.0,0.5,1.0,1.0,0.2,10.200000000000001,0.6309297535714575,1.0,1.0,1.0,0.1,5.1000000000000005,0.6309297535714575,1.0,1.0,1.0,0.05,2.5500000000000003,0.6309297535714575,1.0
CDK2,CCNE1,P24864,tuna_retrained,low_plausibility,1,50,51,1.0,1.0,1,1,1.0,1.0,1.0,1.0,0.2,10.200000000000001,1.0,1.0,1.0,1.0,0.1,5.1000000000000005,1.0,1.0,1.0,1.0,0.05,2.5500000000000003,1.0,1.0
CDK2,CDKN1B,P46527,tuna_retrained,low_plausibility,1,50,51,0.94,0.25,4,4,4.0,0.25,1.0,1.0,0.2,10.200000000000001,0.43067655807339306,1.0,1.0,1.0,0.1,5.1000000000000005,0.43067655807339306,1.0,1.0,1.0,0.05,2.5500000000000003,0.43067655807339306,1.0
CDK2,CCNA2,P20248,tuna_retrained,context_background,1,100,101,0.89,0.08333333333333333,12,12,12.0,0.08333333333333333,0.0,0.0,0.0,0.0,0.0,0.0,0.0,0.0,0.0,0.0,0.0,0.0,1.0,1.0,0.05,5.05,0.27023815442731974,1.0
CDK2,CCNE1,P24864,tuna_retrained,context_background,1,100,101,0.96,0.2,5,5,5.0,0.2,1.0,1.0,0.2,20.2,0.38685280723454163,1.0,1.0,1.0,0.1,10.1,0.38685280723454163,1.0,1.0,1.0,0.05,5.05,0.38685280723454163,1.0
CDK2,CDKN1B,P46527,tuna_retrained,context_background,1,100,101,0.88,0.07692307692307693,13,13,13.0,0.07692307692307693,0.0,0.0,0.0,0.0,0.0,0.0,0.0,0.0,0.0,0.0,0.0,0.0,1.0,1.0,0.05,5.05,0.26264953503719357,1.0
CDK2,CCNA2,P20248,tuna_retrained,all_U,1,150,151,0.92,0.07692307692307693,13,13,13.0,0.07692307692307693,0.0,0.0,0.0,0.0,0.0,0.0,0.0,0.0,0.0,0.0,0.0,0.0,1.0,1.0,0.05,7.550000000000001,0.26264953503719357,1.0
CDK2,CCNE1,P24864,tuna_retrained,all_U,1,150,151,0.9733333333333334,0.2,5,5,5.0,0.2,1.0,1.0,0.2,30.200000000000003,0.38685280723454163,1.0,1.0,1.0,0.1,15.100000000000001,0.38685280723454163,1.0,1.0,1.0,0.05,7.550000000000001,0.38685280723454163,1.0
CDK2,CDKN1B,P46527,tuna_retrained,all_U,1,150,151,0.9,0.0625,16,16,16.0,0.0625,0.0,0.0,0.0,0.0,0.0,0.0,0.0,0.0,0.0,0.0,0.0,0.0,1.0,1.0,0.05,7.550000000000001,0.24465054211822604,1.0
CDK2,CCNA2,P20248,tuna_original,context,1,50,51,0.28,0.02702702702702703,37,37,37.0,0.02702702702702703,0.0,0.0,0.0,0.0,0.0,0.0,0.0,0.0,0.0,0.0,0.0,0.0,0.0,0.0,0.0,0.0,0.0,0.0
CDK2,CCNE1,P24864,tuna_original,context,1,50,51,0.7,0.0625,16,16,16.0,0.0625,0.0,0.0,0.0,0.0,0.0,0.0,0.0,0.0,0.0,0.0,0.0,0.0,1.0,1.0,0.05,2.5500000000000003,0.24465054211822604,1.0
CDK2,CDKN1B,P46527,tuna_original,context,1,50,51,0.32,0.02857142857142857,35,35,35.0,0.02857142857142857,0.0,0.0,0.0,0.0,0.0,0.0,0.0,0.0,0.0,0.0,0.0,0.0,0.0,0.0,0.0,0.0,0.0,0.0
CDK2,CCNA2,P20248,tuna_original,background,1,50,51,0.66,0.05555555555555555,18,18,18.0,0.05555555555555555,0.0,0.0,0.0,0.0,0.0,0.0,0.0,0.0,0.0,0.0,0.0,0.0,1.0,1.0,0.05,2.5500000000000003,0.23540891336663824,1.0
CDK2,CCNE1,P24864,tuna_original,background,1,50,51,0.78,0.08333333333333333,12,12,12.0,0.08333333333333333,0.0,0.0,0.0,0.0,0.0,0.0,0.0,0.0,0.0,0.0,0.0,0.0,1.0,1.0,0.05,2.5500000000000003,0.27023815442731974,1.0
CDK2,CDKN1B,P46527,tuna_original,background,1,50,51,0.58,0.045454545454545456,22,22,22.0,0.045454545454545456,0.0,0.0,0.0,0.0,0.0,0.0,0.0,0.0,0.0,0.0,0.0,0.0,0.0,0.0,0.0,0.0,0.0,0.0
CDK2,CCNA2,P20248,tuna_original,low_plausibility,1,50,51,0.86,0.125,8,8,8.0,0.125,0.0,0.0,0.0,0.0,0.0,0.0,1.0,1.0,0.1,5.1000000000000005,0.31546487678572877,1.0,1.0,1.0,0.05,2.5500000000000003,0.31546487678572877,1.0
CDK2,CCNE1,P24864,tuna_original,low_plausibility,1,50,51,0.94,0.25,4,4,4.0,0.25,1.0,1.0,0.2,10.200000000000001,0.43067655807339306,1.0,1.0,1.0,0.1,5.1000000000000005,0.43067655807339306,1.0,1.0,1.0,0.05,2.5500000000000003,0.43067655807339306,1.0
CDK2,CDKN1B,P46527,tuna_original,low_plausibility,1,50,51,0.86,0.125,8,8,8.0,0.125,0.0,0.0,0.0,0.0,0.0,0.0,1.0,1.0,0.1,5.1000000000000005,0.31546487678572877,1.0,1.0,1.0,0.05,2.5500000000000003,0.31546487678572877,1.0
CDK2,CCNA2,P20248,tuna_original,context_background,1,100,101,0.47,0.018518518518518517,54,54,54.0,0.018518518518518517,0.0,0.0,0.0,0.0,0.0,0.0,0.0,0.0,0.0,0.0,0.0,0.0,0.0,0.0,0.0,0.0,0.0,0.0
CDK2,CCNE1,P24864,tuna_original,context_background,1,100,101,0.74,0.037037037037037035,27,27,27.0,0.037037037037037035,0.0,0.0,0.0,0.0,0.0,0.0,0.0,0.0,0.0,0.0,0.0,0.0,0.0,0.0,0.0,0.0,0.0,0.0
CDK2,CDKN1B,P46527,tuna_original,context_background,1,100,101,0.45,0.017857142857142856,56,56,56.0,0.017857142857142856,0.0,0.0,0.0,0.0,0.0,0.0,0.0,0.0,0.0,0.0,0.0,0.0,0.0,0.0,0.0,0.0,0.0,0.0
CDK2,CCNA2,P20248,tuna_original,all_U,1,150,151,0.6,0.01639344262295082,61,61,61.0,0.01639344262295082,0.0,0.0,0.0,0.0,0.0,0.0,0.0,0.0,0.0,0.0,0.0,0.0,0.0,0.0,0.0,0.0,0.0,0.0
CDK2,CCNE1,P24864,tuna_original,all_U,1,150,151,0.8066666666666666,0.03333333333333333,30,30,30.0,0.03333333333333333,0.0,0.0,0.0,0.0,0.0,0.0,0.0,0.0,0.0,0.0,0.0,0.0,0.0,0.0,0.0,0.0,0.0,0.0
CDK2,CDKN1B,P46527,tuna_original,all_U,1,150,151,0.5866666666666667,0.015873015873015872,63,63,63.0,0.015873015873015872,0.0,0.0,0.0,0.0,0.0,0.0,0.0,0.0,0.0,0.0,0.0,0.0,0.0,0.0,0.0,0.0,0.0,0.0
HIF1A,ARNT,P27540,ipin_baseline,context,1,50,51,0.62,0.05,20,20,20.0,0.05,0.0,0.0,0.0,0.0,0.0,0.0,0.0,0.0,0.0,0.0,0.0,0.0,1.0,1.0,0.05,2.5500000000000003,0.227670248696953,1.0
HIF1A,VHL,P40337,ipin_baseline,context,1,50,51,0.96,0.3333333333333333,3,3,3.0,0.3333333333333333,1.0,1.0,0.2,10.200000000000001,0.5,1.0,1.0,1.0,0.1,5.1000000000000005,0.5,1.0,1.0,1.0,0.05,2.5500000000000003,0.5,1.0
HIF1A,EP300,Q09472,ipin_baseline,context,1,50,51,0.34,0.029411764705882353,34,34,34.0,0.029411764705882353,0.0,0.0,0.0,0.0,0.0,0.0,0.0,0.0,0.0,0.0,0.0,0.0,0.0,0.0,0.0,0.0,0.0,0.0
HIF1A,ARNT,P27540,ipin_baseline,background,1,50,51,0.72,0.06666666666666667,15,15,15.0,0.06666666666666667,0.0,0.0,0.0,0.0,0.0,0.0,0.0,0.0,0.0,0.0,0.0,0.0,1.0,1.0,0.05,2.5500000000000003,0.25,1.0
HIF1A,VHL,P40337,ipin_baseline,background,1,50,51,0.9,0.16666666666666666,6,6,6.0,0.16666666666666666,0.0,0.0,0.0,0.0,0.0,0.0,1.0,1.0,0.1,5.1000000000000005,0.3562071871080222,1.0,1.0,1.0,0.05,2.5500000000000003,0.3562071871080222,1.0
HIF1A,EP300,Q09472,ipin_baseline,background,1,50,51,0.54,0.041666666666666664,24,24,24.0,0.041666666666666664,0.0,0.0,0.0,0.0,0.0,0.0,0.0,0.0,0.0,0.0,0.0,0.0,0.0,0.0,0.0,0.0,0.0,0.0
HIF1A,ARNT,P27540,ipin_baseline,low_plausibility,1,50,51,0.92,0.2,5,5,5.0,0.2,1.0,1.0,0.2,10.200000000000001,0.38685280723454163,1.0,1.0,1.0,0.1,5.1000000000000005,0.38685280723454163,1.0,1.0,1.0,0.05,2.5500000000000003,0.38685280723454163,1.0
HIF1A,VHL,P40337,ipin_baseline,low_plausibility,1,50,51,1.0,1.0,1,1,1.0,1.0,1.0,1.0,0.2,10.200000000000001,1.0,1.0,1.0,1.0,0.1,5.1000000000000005,1.0,1.0,1.0,1.0,0.05,2.5500000000000003,1.0,1.0
HIF1A,EP300,Q09472,ipin_baseline,low_plausibility,1,50,51,0.98,0.5,2,2,2.0,0.5,1.0,1.0,0.2,10.200000000000001,0.6309297535714575,1.0,1.0,1.0,0.1,5.1000000000000005,0.6309297535714575,1.0,1.0,1.0,0.05,2.5500000000000003,0.6309297535714575,1.0
HIF1A,ARNT,P27540,ipin_baseline,context_background,1,100,101,0.67,0.029411764705882353,34,34,34.0,0.029411764705882353,0.0,0.0,0.0,0.0,0.0,0.0,0.0,0.0,0.0,0.0,0.0,0.0,0.0,0.0,0.0,0.0,0.0,0.0
HIF1A,VHL,P40337,ipin_baseline,context_background,1,100,101,0.93,0.125,8,8,8.0,0.125,0.0,0.0,0.0,0.0,0.0,0.0,1.0,1.0,0.1,10.1,0.31546487678572877,1.0,1.0,1.0,0.05,5.05,0.31546487678572877,1.0
HIF1A,EP300,Q09472,ipin_baseline,context_background,1,100,101,0.44,0.017543859649122806,57,57,57.0,0.017543859649122806,0.0,0.0,0.0,0.0,0.0,0.0,0.0,0.0,0.0,0.0,0.0,0.0,0.0,0.0,0.0,0.0,0.0,0.0
HIF1A,ARNT,P27540,ipin_baseline,all_U,1,150,151,0.7533333333333333,0.02631578947368421,38,38,38.0,0.02631578947368421,0.0,0.0,0.0,0.0,0.0,0.0,0.0,0.0,0.0,0.0,0.0,0.0,0.0,0.0,0.0,0.0,0.0,0.0
HIF1A,VHL,P40337,ipin_baseline,all_U,1,150,151,0.9533333333333334,0.125,8,8,8.0,0.125,0.0,0.0,0.0,0.0,0.0,0.0,1.0,1.0,0.1,15.100000000000001,0.31546487678572877,1.0,1.0,1.0,0.05,7.550000000000001,0.31546487678572877,1.0
HIF1A,EP300,Q09472,ipin_baseline,all_U,1,150,151,0.62,0.017241379310344827,58,58,58.0,0.017241379310344827,0.0,0.0,0.0,0.0,0.0,0.0,0.0,0.0,0.0,0.0,0.0,0.0,0.0,0.0,0.0,0.0,0.0,0.0
HIF1A,ARNT,P27540,ipin_optimized,context,1,50,51,0.66,0.05555555555555555,18,18,18.0,0.05555555555555555,0.0,0.0,0.0,0.0,0.0,0.0,0.0,0.0,0.0,0.0,0.0,0.0,1.0,1.0,0.05,2.5500000000000003,0.23540891336663824,1.0
HIF1A,VHL,P40337,ipin_optimized,context,1,50,51,0.98,0.5,2,2,2.0,0.5,1.0,1.0,0.2,10.200000000000001,0.6309297535714575,1.0,1.0,1.0,0.1,5.1000000000000005,0.6309297535714575,1.0,1.0,1.0,0.05,2.5500000000000003,0.6309297535714575,1.0
HIF1A,EP300,Q09472,ipin_optimized,context,1,50,51,0.22,0.025,40,40,40.0,0.025,0.0,0.0,0.0,0.0,0.0,0.0,0.0,0.0,0.0,0.0,0.0,0.0,0.0,0.0,0.0,0.0,0.0,0.0
HIF1A,ARNT,P27540,ipin_optimized,background,1,50,51,0.8,0.09090909090909091,11,11,11.0,0.09090909090909091,0.0,0.0,0.0,0.0,0.0,0.0,0.0,0.0,0.0,0.0,0.0,0.0,1.0,1.0,0.05,2.5500000000000003,0.27894294565112987,1.0
HIF1A,VHL,P40337,ipin_optimized,background,1,50,51,0.96,0.3333333333333333,3,3,3.0,0.3333333333333333,1.0,1.0,0.2,10.200000000000001,0.5,1.0,1.0,1.0,0.1,5.1000000000000005,0.5,1.0,1.0,1.0,0.05,2.5500000000000003,0.5,1.0
HIF1A,EP300,Q09472,ipin_optimized,background,1,50,51,0.18,0.023809523809523808,42,42,42.0,0.023809523809523808,0.0,0.0,0.0,0.0,0.0,0.0,0.0,0.0,0.0,0.0,0.0,0.0,0.0,0.0,0.0,0.0,0.0,0.0
HIF1A,ARNT,P27540,ipin_optimized,low_plausibility,1,50,51,0.84,0.1111111111111111,9,9,9.0,0.1111111111111111,0.0,0.0,0.0,0.0,0.0,0.0,1.0,1.0,0.1,5.1000000000000005,0.3010299956639812,1.0,1.0,1.0,0.05,2.5500000000000003,0.3010299956639812,1.0
HIF1A,VHL,P40337,ipin_optimized,low_plausibility,1,50,51,1.0,1.0,1,1,1.0,1.0,1.0,1.0,0.2,10.200000000000001,1.0,1.0,1.0,1.0,0.1,5.1000000000000005,1.0,1.0,1.0,1.0,0.05,2.5500000000000003,1.0,1.0
HIF1A,EP300,Q09472,ipin_optimized,low_plausibility,1,50,51,0.22,0.025,40,40,40.0,0.025,0.0,0.0,0.0,0.0,0.0,0.0,0.0,0.0,0.0,0.0,0.0,0.0,0.0,0.0,0.0,0.0,0.0,0.0
HIF1A,ARNT,P27540,ipin_optimized,context_background,1,100,101,0.73,0.03571428571428571,28,28,28.0,0.03571428571428571,0.0,0.0,0.0,0.0,0.0,0.0,0.0,0.0,0.0,0.0,0.0,0.0,0.0,0.0,0.0,0.0,0.0,0.0
HIF1A,VHL,P40337,ipin_optimized,context_background,1,100,101,0.97,0.25,4,4,4.0,0.25,1.0,1.0,0.2,20.2,0.43067655807339306,1.0,1.0,1.0,0.1,10.1,0.43067655807339306,1.0,1.0,1.0,0.05,5.05,0.43067655807339306,1.0
HIF1A,EP300,Q09472,ipin_optimized,context_background,1,100,101,0.2,0.012345679012345678,81,81,81.0,0.012345679012345678,0.0,0.0,0.0,0.0,0.0,0.0,0.0,0.0,0.0,0.0,0.0,0.0,0.0,0.0,0.0,0.0,0.0,0.0
HIF1A,ARNT,P27540,ipin_optimized,all_U,1,150,151,0.7666666666666667,0.027777777777777776,36,36,36.0,0.027777777777777776,0.0,0.0,0.0,0.0,0.0,0.0,0.0,0.0,0.0,0.0,0.0,0.0,0.0,0.0,0.0,0.0,0.0,0.0
HIF1A,VHL,P40337,ipin_optimized,all_U,1,150,151,0.98,0.25,4,4,4.0,0.25,1.0,1.0,0.2,30.200000000000003,0.43067655807339306,1.0,1.0,1.0,0.1,15.100000000000001,0.43067655807339306,1.0,1.0,1.0,0.05,7.550000000000001,0.43067655807339306,1.0
HIF1A,EP300,Q09472,ipin_optimized,all_U,1,150,151,0.20666666666666667,0.008333333333333333,120,120,120.0,0.008333333333333333,0.0,0.0,0.0,0.0,0.0,0.0,0.0,0.0,0.0,0.0,0.0,0.0,0.0,0.0,0.0,0.0,0.0,0.0
HIF1A,ARNT,P27540,tuna_retrained,context,1,50,51,0.96,0.3333333333333333,3,3,3.0,0.3333333333333333,1.0,1.0,0.2,10.200000000000001,0.5,1.0,1.0,1.0,0.1,5.1000000000000005,0.5,1.0,1.0,1.0,0.05,2.5500000000000003,0.5,1.0
HIF1A,VHL,P40337,tuna_retrained,context,1,50,51,0.46,0.03571428571428571,28,28,28.0,0.03571428571428571,0.0,0.0,0.0,0.0,0.0,0.0,0.0,0.0,0.0,0.0,0.0,0.0,0.0,0.0,0.0,0.0,0.0,0.0
HIF1A,EP300,Q09472,tuna_retrained,context,1,50,51,0.48,0.037037037037037035,27,27,27.0,0.037037037037037035,0.0,0.0,0.0,0.0,0.0,0.0,0.0,0.0,0.0,0.0,0.0,0.0,0.0,0.0,0.0,0.0,0.0,0.0
HIF1A,ARNT,P27540,tuna_retrained,background,1,50,51,1.0,1.0,1,1,1.0,1.0,1.0,1.0,0.2,10.200000000000001,1.0,1.0,1.0,1.0,0.1,5.1000000000000005,1.0,1.0,1.0,1.0,0.05,2.5500000000000003,1.0,1.0
HIF1A,VHL,P40337,tuna_retrained,background,1,50,51,0.56,0.043478260869565216,23,23,23.0,0.043478260869565216,0.0,0.0,0.0,0.0,0.0,0.0,0.0,0.0,0.0,0.0,0.0,0.0,0.0,0.0,0.0,0.0,0.0,0.0
HIF1A,EP300,Q09472,tuna_retrained,background,1,50,51,0.76,0.07692307692307693,13,13,13.0,0.07692307692307693,0.0,0.0,0.0,0.0,0.0,0.0,0.0,0.0,0.0,0.0,0.0,0.0,1.0,1.0,0.05,2.5500000000000003,0.26264953503719357,1.0
HIF1A,ARNT,P27540,tuna_retrained,low_plausibility,1,50,51,1.0,1.0,1,1,1.0,1.0,1.0,1.0,0.2,10.200000000000001,1.0,1.0,1.0,1.0,0.1,5.1000000000000005,1.0,1.0,1.0,1.0,0.05,2.5500000000000003,1.0,1.0
HIF1A,VHL,P40337,tuna_retrained,low_plausibility,1,50,51,0.86,0.125,8,8,8.0,0.125,0.0,0.0,0.0,0.0,0.0,0.0,1.0,1.0,0.1,5.1000000000000005,0.31546487678572877,1.0,1.0,1.0,0.05,2.5500000000000003,0.31546487678572877,1.0
HIF1A,EP300,Q09472,tuna_retrained,low_plausibility,1,50,51,1.0,1.0,1,1,1.0,1.0,1.0,1.0,0.2,10.200000000000001,1.0,1.0,1.0,1.0,0.1,5.1000000000000005,1.0,1.0,1.0,1.0,0.05,2.5500000000000003,1.0,1.0
HIF1A,ARNT,P27540,tuna_retrained,context_background,1,100,101,0.98,0.3333333333333333,3,3,3.0,0.3333333333333333,1.0,1.0,0.2,20.2,0.5,1.0,1.0,1.0,0.1,10.1,0.5,1.0,1.0,1.0,0.05,5.05,0.5,1.0
HIF1A,VHL,P40337,tuna_retrained,context_background,1,100,101,0.51,0.02,50,50,50.0,0.02,0.0,0.0,0.0,0.0,0.0,0.0,0.0,0.0,0.0,0.0,0.0,0.0,0.0,0.0,0.0,0.0,0.0,0.0
HIF1A,EP300,Q09472,tuna_retrained,context_background,1,100,101,0.62,0.02564102564102564,39,39,39.0,0.02564102564102564,0.0,0.0,0.0,0.0,0.0,0.0,0.0,0.0,0.0,0.0,0.0,0.0,0.0,0.0,0.0,0.0,0.0,0.0
HIF1A,ARNT,P27540,tuna_retrained,all_U,1,150,151,0.9866666666666667,0.3333333333333333,3,3,3.0,0.3333333333333333,1.0,1.0,0.2,30.200000000000003,0.5,1.0,1.0,1.0,0.1,15.100000000000001,0.5,1.0,1.0,1.0,0.05,7.550000000000001,0.5,1.0
HIF1A,VHL,P40337,tuna_retrained,all_U,1,150,151,0.6266666666666667,0.017543859649122806,57,57,57.0,0.017543859649122806,0.0,0.0,0.0,0.0,0.0,0.0,0.0,0.0,0.0,0.0,0.0,0.0,0.0,0.0,0.0,0.0,0.0,0.0
HIF1A,EP300,Q09472,tuna_retrained,all_U,1,150,151,0.7466666666666667,0.02564102564102564,39,39,39.0,0.02564102564102564,0.0,0.0,0.0,0.0,0.0,0.0,0.0,0.0,0.0,0.0,0.0,0.0,0.0,0.0,0.0,0.0,0.0,0.0
HIF1A,ARNT,P27540,tuna_original,context,1,50,51,1.0,1.0,1,1,1.0,1.0,1.0,1.0,0.2,10.200000000000001,1.0,1.0,1.0,1.0,0.1,5.1000000000000005,1.0,1.0,1.0,1.0,0.05,2.5500000000000003,1.0,1.0
HIF1A,VHL,P40337,tuna_original,context,1,50,51,0.52,0.04,25,25,25.0,0.04,0.0,0.0,0.0,0.0,0.0,0.0,0.0,0.0,0.0,0.0,0.0,0.0,0.0,0.0,0.0,0.0,0.0,0.0
HIF1A,EP300,Q09472,tuna_original,context,1,50,51,0.24,0.02564102564102564,39,39,39.0,0.02564102564102564,0.0,0.0,0.0,0.0,0.0,0.0,0.0,0.0,0.0,0.0,0.0,0.0,0.0,0.0,0.0,0.0,0.0,0.0
HIF1A,ARNT,P27540,tuna_original,background,1,50,51,1.0,1.0,1,1,1.0,1.0,1.0,1.0,0.2,10.200000000000001,1.0,1.0,1.0,1.0,0.1,5.1000000000000005,1.0,1.0,1.0,1.0,0.05,2.5500000000000003,1.0,1.0
HIF1A,VHL,P40337,tuna_original,background,1,50,51,0.7,0.0625,16,16,16.0,0.0625,0.0,0.0,0.0,0.0,0.0,0.0,0.0,0.0,0.0,0.0,0.0,0.0,1.0,1.0,0.05,2.5500000000000003,0.24465054211822604,1.0
HIF1A,EP300,Q09472,tuna_original,background,1,50,51,0.72,0.06666666666666667,15,15,15.0,0.06666666666666667,0.0,0.0,0.0,0.0,0.0,0.0,0.0,0.0,0.0,0.0,0.0,0.0,1.0,1.0,0.05,2.5500000000000003,0.25,1.0
HIF1A,ARNT,P27540,tuna_original,low_plausibility,1,50,51,1.0,1.0,1,1,1.0,1.0,1.0,1.0,0.2,10.200000000000001,1.0,1.0,1.0,1.0,0.1,5.1000000000000005,1.0,1.0,1.0,1.0,0.05,2.5500000000000003,1.0,1.0
HIF1A,VHL,P40337,tuna_original,low_plausibility,1,50,51,0.9,0.16666666666666666,6,6,6.0,0.16666666666666666,0.0,0.0,0.0,0.0,0.0,0.0,1.0,1.0,0.1,5.1000000000000005,0.3562071871080222,1.0,1.0,1.0,0.05,2.5500000000000003,0.3562071871080222,1.0
HIF1A,EP300,Q09472,tuna_original,low_plausibility,1,50,51,0.96,0.3333333333333333,3,3,3.0,0.3333333333333333,1.0,1.0,0.2,10.200000000000001,0.5,1.0,1.0,1.0,0.1,5.1000000000000005,0.5,1.0,1.0,1.0,0.05,2.5500000000000003,0.5,1.0
HIF1A,ARNT,P27540,tuna_original,context_background,1,100,101,1.0,1.0,1,1,1.0,1.0,1.0,1.0,0.2,20.2,1.0,1.0,1.0,1.0,0.1,10.1,1.0,1.0,1.0,1.0,0.05,5.05,1.0,1.0
HIF1A,VHL,P40337,tuna_original,context_background,1,100,101,0.61,0.025,40,40,40.0,0.025,0.0,0.0,0.0,0.0,0.0,0.0,0.0,0.0,0.0,0.0,0.0,0.0,0.0,0.0,0.0,0.0,0.0,0.0
HIF1A,EP300,Q09472,tuna_original,context_background,1,100,101,0.48,0.018867924528301886,53,53,53.0,0.018867924528301886,0.0,0.0,0.0,0.0,0.0,0.0,0.0,0.0,0.0,0.0,0.0,0.0,0.0,0.0,0.0,0.0,0.0,0.0
HIF1A,ARNT,P27540,tuna_original,all_U,1,150,151,1.0,1.0,1,1,1.0,1.0,1.0,1.0,0.2,30.200000000000003,1.0,1.0,1.0,1.0,0.1,15.100000000000001,1.0,1.0,1.0,1.0,0.05,7.550000000000001,1.0,1.0
HIF1A,VHL,P40337,tuna_original,all_U,1,150,151,0.7066666666666667,0.022222222222222223,45,45,45.0,0.022222222222222223,0.0,0.0,0.0,0.0,0.0,0.0,0.0,0.0,0.0,0.0,0.0,0.0,0.0,0.0,0.0,0.0,0.0,0.0
HIF1A,EP300,Q09472,tuna_original,all_U,1,150,151,0.64,0.01818181818181818,55,55,55.0,0.01818181818181818,0.0,0.0,0.0,0.0,0.0,0.0,0.0,0.0,0.0,0.0,0.0,0.0,0.0,0.0,0.0,0.0,0.0,0.0
CTNNB1,CDH1,P12830,ipin_baseline,context,1,50,51,1.0,1.0,1,1,1.0,1.0,1.0,1.0,0.2,10.200000000000001,1.0,1.0,1.0,1.0,0.1,5.1000000000000005,1.0,1.0,1.0,1.0,0.05,2.5500000000000003,1.0,1.0
CTNNB1,CTNNA1,P35221,ipin_baseline,context,1,50,51,1.0,1.0,1,1,1.0,1.0,1.0,1.0,0.2,10.200000000000001,1.0,1.0,1.0,1.0,0.1,5.1000000000000005,1.0,1.0,1.0,1.0,0.05,2.5500000000000003,1.0,1.0
CTNNB1,TCF7L2,Q9NQB0,ipin_baseline,context,1,50,51,0.72,0.06666666666666667,15,15,15.0,0.06666666666666667,0.0,0.0,0.0,0.0,0.0,0.0,0.0,0.0,0.0,0.0,0.0,0.0,1.0,1.0,0.05,2.5500000000000003,0.25,1.0
CTNNB1,CDH1,P12830,ipin_baseline,background,1,50,51,0.86,0.125,8,8,8.0,0.125,0.0,0.0,0.0,0.0,0.0,0.0,1.0,1.0,0.1,5.1000000000000005,0.31546487678572877,1.0,1.0,1.0,0.05,2.5500000000000003,0.31546487678572877,1.0
CTNNB1,CTNNA1,P35221,ipin_baseline,background,1,50,51,1.0,1.0,1,1,1.0,1.0,1.0,1.0,0.2,10.200000000000001,1.0,1.0,1.0,1.0,0.1,5.1000000000000005,1.0,1.0,1.0,1.0,0.05,2.5500000000000003,1.0,1.0
CTNNB1,TCF7L2,Q9NQB0,ipin_baseline,background,1,50,51,0.82,0.1,10,10,10.0,0.1,0.0,0.0,0.0,0.0,0.0,0.0,1.0,1.0,0.1,5.1000000000000005,0.2890648263178879,1.0,1.0,1.0,0.05,2.5500000000000003,0.2890648263178879,1.0
CTNNB1,CDH1,P12830,ipin_baseline,low_plausibility,1,50,51,0.88,0.14285714285714285,7,7,7.0,0.14285714285714285,0.0,0.0,0.0,0.0,0.0,0.0,1.0,1.0,0.1,5.1000000000000005,0.3333333333333333,1.0,1.0,1.0,0.05,2.5500000000000003,0.3333333333333333,1.0
CTNNB1,CTNNA1,P35221,ipin_baseline,low_plausibility,1,50,51,1.0,1.0,1,1,1.0,1.0,1.0,1.0,0.2,10.200000000000001,1.0,1.0,1.0,1.0,0.1,5.1000000000000005,1.0,1.0,1.0,1.0,0.05,2.5500000000000003,1.0,1.0
CTNNB1,TCF7L2,Q9NQB0,ipin_baseline,low_plausibility,1,50,51,0.94,0.25,4,4,4.0,0.25,1.0,1.0,0.2,10.200000000000001,0.43067655807339306,1.0,1.0,1.0,0.1,5.1000000000000005,0.43067655807339306,1.0,1.0,1.0,0.05,2.5500000000000003,0.43067655807339306,1.0
CTNNB1,CDH1,P12830,ipin_baseline,context_background,1,100,101,0.93,0.125,8,8,8.0,0.125,0.0,0.0,0.0,0.0,0.0,0.0,1.0,1.0,0.1,10.1,0.31546487678572877,1.0,1.0,1.0,0.05,5.05,0.31546487678572877,1.0
CTNNB1,CTNNA1,P35221,ipin_baseline,context_background,1,100,101,1.0,1.0,1,1,1.0,1.0,1.0,1.0,0.2,20.2,1.0,1.0,1.0,1.0,0.1,10.1,1.0,1.0,1.0,1.0,0.05,5.05,1.0,1.0
CTNNB1,TCF7L2,Q9NQB0,ipin_baseline,context_background,1,100,101,0.77,0.041666666666666664,24,24,24.0,0.041666666666666664,0.0,0.0,0.0,0.0,0.0,0.0,0.0,0.0,0.0,0.0,0.0,0.0,0.0,0.0,0.0,0.0,0.0,0.0
CTNNB1,CDH1,P12830,ipin_baseline,all_U,1,150,151,0.9133333333333333,0.07142857142857142,14,14,14.0,0.07142857142857142,0.0,0.0,0.0,0.0,0.0,0.0,0.0,0.0,0.0,0.0,0.0,0.0,1.0,1.0,0.05,7.550000000000001,0.2559580248098155,1.0
CTNNB1,CTNNA1,P35221,ipin_baseline,all_U,1,150,151,1.0,1.0,1,1,1.0,1.0,1.0,1.0,0.2,30.200000000000003,1.0,1.0,1.0,1.0,0.1,15.100000000000001,1.0,1.0,1.0,1.0,0.05,7.550000000000001,1.0,1.0
CTNNB1,TCF7L2,Q9NQB0,ipin_baseline,all_U,1,150,151,0.8266666666666667,0.037037037037037035,27,27,27.0,0.037037037037037035,0.0,0.0,0.0,0.0,0.0,0.0,0.0,0.0,0.0,0.0,0.0,0.0,0.0,0.0,0.0,0.0,0.0,0.0
CTNNB1,CDH1,P12830,ipin_optimized,context,1,50,51,0.88,0.14285714285714285,7,7,7.0,0.14285714285714285,0.0,0.0,0.0,0.0,0.0,0.0,1.0,1.0,0.1,5.1000000000000005,0.3333333333333333,1.0,1.0,1.0,0.05,2.5500000000000003,0.3333333333333333,1.0
CTNNB1,CTNNA1,P35221,ipin_optimized,context,1,50,51,0.62,0.05,20,20,20.0,0.05,0.0,0.0,0.0,0.0,0.0,0.0,0.0,0.0,0.0,0.0,0.0,0.0,1.0,1.0,0.05,2.5500000000000003,0.227670248696953,1.0
CTNNB1,TCF7L2,Q9NQB0,ipin_optimized,context,1,50,51,0.34,0.029411764705882353,34,34,34.0,0.029411764705882353,0.0,0.0,0.0,0.0,0.0,0.0,0.0,0.0,0.0,0.0,0.0,0.0,0.0,0.0,0.0,0.0,0.0,0.0
CTNNB1,CDH1,P12830,ipin_optimized,background,1,50,51,0.46,0.03571428571428571,28,28,28.0,0.03571428571428571,0.0,0.0,0.0,0.0,0.0,0.0,0.0,0.0,0.0,0.0,0.0,0.0,0.0,0.0,0.0,0.0,0.0,0.0
CTNNB1,CTNNA1,P35221,ipin_optimized,background,1,50,51,0.7,0.0625,16,16,16.0,0.0625,0.0,0.0,0.0,0.0,0.0,0.0,0.0,0.0,0.0,0.0,0.0,0.0,1.0,1.0,0.05,2.5500000000000003,0.24465054211822604,1.0
CTNNB1,TCF7L2,Q9NQB0,ipin_optimized,background,1,50,51,0.68,0.058823529411764705,17,17,17.0,0.058823529411764705,0.0,0.0,0.0,0.0,0.0,0.0,0.0,0.0,0.0,0.0,0.0,0.0,1.0,1.0,0.05,2.5500000000000003,0.23981246656813146,1.0
CTNNB1,CDH1,P12830,ipin_optimized,low_plausibility,1,50,51,0.62,0.05,20,20,20.0,0.05,0.0,0.0,0.0,0.0,0.0,0.0,0.0,0.0,0.0,0.0,0.0,0.0,1.0,1.0,0.05,2.5500000000000003,0.227670248696953,1.0
CTNNB1,CTNNA1,P35221,ipin_optimized,low_plausibility,1,50,51,0.9,0.16666666666666666,6,6,6.0,0.16666666666666666,0.0,0.0,0.0,0.0,0.0,0.0,1.0,1.0,0.1,5.1000000000000005,0.3562071871080222,1.0,1.0,1.0,0.05,2.5500000000000003,0.3562071871080222,1.0
CTNNB1,TCF7L2,Q9NQB0,ipin_optimized,low_plausibility,1,50,51,0.82,0.1,10,10,10.0,0.1,0.0,0.0,0.0,0.0,0.0,0.0,1.0,1.0,0.1,5.1000000000000005,0.2890648263178879,1.0,1.0,1.0,0.05,2.5500000000000003,0.2890648263178879,1.0
CTNNB1,CDH1,P12830,ipin_optimized,context_background,1,100,101,0.67,0.029411764705882353,34,34,34.0,0.029411764705882353,0.0,0.0,0.0,0.0,0.0,0.0,0.0,0.0,0.0,0.0,0.0,0.0,0.0,0.0,0.0,0.0,0.0,0.0
CTNNB1,CTNNA1,P35221,ipin_optimized,context_background,1,100,101,0.66,0.02857142857142857,35,35,35.0,0.02857142857142857,0.0,0.0,0.0,0.0,0.0,0.0,0.0,0.0,0.0,0.0,0.0,0.0,0.0,0.0,0.0,0.0,0.0,0.0
CTNNB1,TCF7L2,Q9NQB0,ipin_optimized,context_background,1,100,101,0.51,0.02,50,50,50.0,0.02,0.0,0.0,0.0,0.0,0.0,0.0,0.0,0.0,0.0,0.0,0.0,0.0,0.0,0.0,0.0,0.0,0.0,0.0
CTNNB1,CDH1,P12830,ipin_optimized,all_U,1,150,151,0.6533333333333333,0.018867924528301886,53,53,53.0,0.018867924528301886,0.0,0.0,0.0,0.0,0.0,0.0,0.0,0.0,0.0,0.0,0.0,0.0,0.0,0.0,0.0,0.0,0.0,0.0
CTNNB1,CTNNA1,P35221,ipin_optimized,all_U,1,150,151,0.74,0.025,40,40,40.0,0.025,0.0,0.0,0.0,0.0,0.0,0.0,0.0,0.0,0.0,0.0,0.0,0.0,0.0,0.0,0.0,0.0,0.0,0.0
CTNNB1,TCF7L2,Q9NQB0,ipin_optimized,all_U,1,150,151,0.6133333333333333,0.01694915254237288,59,59,59.0,0.01694915254237288,0.0,0.0,0.0,0.0,0.0,0.0,0.0,0.0,0.0,0.0,0.0,0.0,0.0,0.0,0.0,0.0,0.0,0.0
CTNNB1,CDH1,P12830,tuna_retrained,context,1,50,51,0.92,0.2,5,5,5.0,0.2,1.0,1.0,0.2,10.200000000000001,0.38685280723454163,1.0,1.0,1.0,0.1,5.1000000000000005,0.38685280723454163,1.0,1.0,1.0,0.05,2.5500000000000003,0.38685280723454163,1.0
CTNNB1,CTNNA1,P35221,tuna_retrained,context,1,50,51,0.82,0.1,10,10,10.0,0.1,0.0,0.0,0.0,0.0,0.0,0.0,1.0,1.0,0.1,5.1000000000000005,0.2890648263178879,1.0,1.0,1.0,0.05,2.5500000000000003,0.2890648263178879,1.0
CTNNB1,TCF7L2,Q9NQB0,tuna_retrained,context,1,50,51,0.28,0.02702702702702703,37,37,37.0,0.02702702702702703,0.0,0.0,0.0,0.0,0.0,0.0,0.0,0.0,0.0,0.0,0.0,0.0,0.0,0.0,0.0,0.0,0.0,0.0
CTNNB1,CDH1,P12830,tuna_retrained,background,1,50,51,0.38,0.03125,32,32,32.0,0.03125,0.0,0.0,0.0,0.0,0.0,0.0,0.0,0.0,0.0,0.0,0.0,0.0,0.0,0.0,0.0,0.0,0.0,0.0
CTNNB1,CTNNA1,P35221,tuna_retrained,background,1,50,51,0.94,0.25,4,4,4.0,0.25,1.0,1.0,0.2,10.200000000000001,0.43067655807339306,1.0,1.0,1.0,0.1,5.1000000000000005,0.43067655807339306,1.0,1.0,1.0,0.05,2.5500000000000003,0.43067655807339306,1.0
CTNNB1,TCF7L2,Q9NQB0,tuna_retrained,background,1,50,51,0.6,0.047619047619047616,21,21,21.0,0.047619047619047616,0.0,0.0,0.0,0.0,0.0,0.0,0.0,0.0,0.0,0.0,0.0,0.0,0.0,0.0,0.0,0.0,0.0,0.0
CTNNB1,CDH1,P12830,tuna_retrained,low_plausibility,1,50,51,0.82,0.1,10,10,10.0,0.1,0.0,0.0,0.0,0.0,0.0,0.0,1.0,1.0,0.1,5.1000000000000005,0.2890648263178879,1.0,1.0,1.0,0.05,2.5500000000000003,0.2890648263178879,1.0
CTNNB1,CTNNA1,P35221,tuna_retrained,low_plausibility,1,50,51,1.0,1.0,1,1,1.0,1.0,1.0,1.0,0.2,10.200000000000001,1.0,1.0,1.0,1.0,0.1,5.1000000000000005,1.0,1.0,1.0,1.0,0.05,2.5500000000000003,1.0,1.0
CTNNB1,TCF7L2,Q9NQB0,tuna_retrained,low_plausibility,1,50,51,0.76,0.07692307692307693,13,13,13.0,0.07692307692307693,0.0,0.0,0.0,0.0,0.0,0.0,0.0,0.0,0.0,0.0,0.0,0.0,1.0,1.0,0.05,2.5500000000000003,0.26264953503719357,1.0
CTNNB1,CDH1,P12830,tuna_retrained,context_background,1,100,101,0.65,0.027777777777777776,36,36,36.0,0.027777777777777776,0.0,0.0,0.0,0.0,0.0,0.0,0.0,0.0,0.0,0.0,0.0,0.0,0.0,0.0,0.0,0.0,0.0,0.0
CTNNB1,CTNNA1,P35221,tuna_retrained,context_background,1,100,101,0.88,0.07692307692307693,13,13,13.0,0.07692307692307693,0.0,0.0,0.0,0.0,0.0,0.0,0.0,0.0,0.0,0.0,0.0,0.0,1.0,1.0,0.05,5.05,0.26264953503719357,1.0
CTNNB1,TCF7L2,Q9NQB0,tuna_retrained,context_background,1,100,101,0.44,0.017543859649122806,57,57,57.0,0.017543859649122806,0.0,0.0,0.0,0.0,0.0,0.0,0.0,0.0,0.0,0.0,0.0,0.0,0.0,0.0,0.0,0.0,0.0,0.0
CTNNB1,CDH1,P12830,tuna_retrained,all_U,1,150,151,0.7066666666666667,0.022222222222222223,45,45,45.0,0.022222222222222223,0.0,0.0,0.0,0.0,0.0,0.0,0.0,0.0,0.0,0.0,0.0,0.0,0.0,0.0,0.0,0.0,0.0,0.0
CTNNB1,CTNNA1,P35221,tuna_retrained,all_U,1,150,151,0.92,0.07692307692307693,13,13,13.0,0.07692307692307693,0.0,0.0,0.0,0.0,0.0,0.0,0.0,0.0,0.0,0.0,0.0,0.0,1.0,1.0,0.05,7.550000000000001,0.26264953503719357,1.0
CTNNB1,TCF7L2,Q9NQB0,tuna_retrained,all_U,1,150,151,0.5466666666666666,0.014492753623188406,69,69,69.0,0.014492753623188406,0.0,0.0,0.0,0.0,0.0,0.0,0.0,0.0,0.0,0.0,0.0,0.0,0.0,0.0,0.0,0.0,0.0,0.0
CTNNB1,CDH1,P12830,tuna_original,context,1,50,51,0.72,0.06666666666666667,15,15,15.0,0.06666666666666667,0.0,0.0,0.0,0.0,0.0,0.0,0.0,0.0,0.0,0.0,0.0,0.0,1.0,1.0,0.05,2.5500000000000003,0.25,1.0
CTNNB1,CTNNA1,P35221,tuna_original,context,1,50,51,0.8,0.09090909090909091,11,11,11.0,0.09090909090909091,0.0,0.0,0.0,0.0,0.0,0.0,0.0,0.0,0.0,0.0,0.0,0.0,1.0,1.0,0.05,2.5500000000000003,0.27894294565112987,1.0
CTNNB1,TCF7L2,Q9NQB0,tuna_original,context,1,50,51,0.72,0.06666666666666667,15,15,15.0,0.06666666666666667,0.0,0.0,0.0,0.0,0.0,0.0,0.0,0.0,0.0,0.0,0.0,0.0,1.0,1.0,0.05,2.5500000000000003,0.25,1.0
CTNNB1,CDH1,P12830,tuna_original,background,1,50,51,0.5,0.038461538461538464,26,26,26.0,0.038461538461538464,0.0,0.0,0.0,0.0,0.0,0.0,0.0,0.0,0.0,0.0,0.0,0.0,0.0,0.0,0.0,0.0,0.0,0.0
CTNNB1,CTNNA1,P35221,tuna_original,background,1,50,51,0.9,0.16666666666666666,6,6,6.0,0.16666666666666666,0.0,0.0,0.0,0.0,0.0,0.0,1.0,1.0,0.1,5.1000000000000005,0.3562071871080222,1.0,1.0,1.0,0.05,2.5500000000000003,0.3562071871080222,1.0
CTNNB1,TCF7L2,Q9NQB0,tuna_original,background,1,50,51,0.7,0.0625,16,16,16.0,0.0625,0.0,0.0,0.0,0.0,0.0,0.0,0.0,0.0,0.0,0.0,0.0,0.0,1.0,1.0,0.05,2.5500000000000003,0.24465054211822604,1.0
CTNNB1,CDH1,P12830,tuna_original,low_plausibility,1,50,51,0.46,0.03571428571428571,28,28,28.0,0.03571428571428571,0.0,0.0,0.0,0.0,0.0,0.0,0.0,0.0,0.0,0.0,0.0,0.0,0.0,0.0,0.0,0.0,0.0,0.0
CTNNB1,CTNNA1,P35221,tuna_original,low_plausibility,1,50,51,0.84,0.1111111111111111,9,9,9.0,0.1111111111111111,0.0,0.0,0.0,0.0,0.0,0.0,1.0,1.0,0.1,5.1000000000000005,0.3010299956639812,1.0,1.0,1.0,0.05,2.5500000000000003,0.3010299956639812,1.0
CTNNB1,TCF7L2,Q9NQB0,tuna_original,low_plausibility,1,50,51,0.82,0.1,10,10,10.0,0.1,0.0,0.0,0.0,0.0,0.0,0.0,1.0,1.0,0.1,5.1000000000000005,0.2890648263178879,1.0,1.0,1.0,0.05,2.5500000000000003,0.2890648263178879,1.0
CTNNB1,CDH1,P12830,tuna_original,context_background,1,100,101,0.61,0.025,40,40,40.0,0.025,0.0,0.0,0.0,0.0,0.0,0.0,0.0,0.0,0.0,0.0,0.0,0.0,0.0,0.0,0.0,0.0,0.0,0.0
CTNNB1,CTNNA1,P35221,tuna_original,context_background,1,100,101,0.85,0.0625,16,16,16.0,0.0625,0.0,0.0,0.0,0.0,0.0,0.0,0.0,0.0,0.0,0.0,0.0,0.0,1.0,1.0,0.05,5.05,0.24465054211822604,1.0
CTNNB1,TCF7L2,Q9NQB0,tuna_original,context_background,1,100,101,0.71,0.03333333333333333,30,30,30.0,0.03333333333333333,0.0,0.0,0.0,0.0,0.0,0.0,0.0,0.0,0.0,0.0,0.0,0.0,0.0,0.0,0.0,0.0,0.0,0.0
CTNNB1,CDH1,P12830,tuna_original,all_U,1,150,151,0.56,0.014925373134328358,67,67,67.0,0.014925373134328358,0.0,0.0,0.0,0.0,0.0,0.0,0.0,0.0,0.0,0.0,0.0,0.0,0.0,0.0,0.0,0.0,0.0,0.0
CTNNB1,CTNNA1,P35221,tuna_original,all_U,1,150,151,0.8466666666666667,0.041666666666666664,24,24,24.0,0.041666666666666664,0.0,0.0,0.0,0.0,0.0,0.0,0.0,0.0,0.0,0.0,0.0,0.0,0.0,0.0,0.0,0.0,0.0,0.0
CTNNB1,TCF7L2,Q9NQB0,tuna_original,all_U,1,150,151,0.7466666666666667,0.02564102564102564,39,39,39.0,0.02564102564102564,0.0,0.0,0.0,0.0,0.0,0.0,0.0,0.0,0.0,0.0,0.0,0.0,0.0,0.0,0.0,0.0,0.0,0.0
TNFRSF1A,TNF,P01375,ipin_baseline,context,1,50,51,0.86,0.125,8,8,8.0,0.125,0.0,0.0,0.0,0.0,0.0,0.0,1.0,1.0,0.1,5.1000000000000005,0.31546487678572877,1.0,1.0,1.0,0.05,2.5500000000000003,0.31546487678572877,1.0
TNFRSF1A,LTA,P01374,ipin_baseline,context,1,50,51,0.66,0.05555555555555555,18,18,18.0,0.05555555555555555,0.0,0.0,0.0,0.0,0.0,0.0,0.0,0.0,0.0,0.0,0.0,0.0,1.0,1.0,0.05,2.5500000000000003,0.23540891336663824,1.0
TNFRSF1A,TRADD,Q15628,ipin_baseline,context,1,50,51,0.24,0.02564102564102564,39,39,39.0,0.02564102564102564,0.0,0.0,0.0,0.0,0.0,0.0,0.0,0.0,0.0,0.0,0.0,0.0,0.0,0.0,0.0,0.0,0.0,0.0
TNFRSF1A,TNF,P01375,ipin_baseline,background,1,50,51,0.9,0.16666666666666666,6,6,6.0,0.16666666666666666,0.0,0.0,0.0,0.0,0.0,0.0,1.0,1.0,0.1,5.1000000000000005,0.3562071871080222,1.0,1.0,1.0,0.05,2.5500000000000003,0.3562071871080222,1.0
TNFRSF1A,LTA,P01374,ipin_baseline,background,1,50,51,0.8,0.09090909090909091,11,11,11.0,0.09090909090909091,0.0,0.0,0.0,0.0,0.0,0.0,0.0,0.0,0.0,0.0,0.0,0.0,1.0,1.0,0.05,2.5500000000000003,0.27894294565112987,1.0
TNFRSF1A,TRADD,Q15628,ipin_baseline,background,1,50,51,0.22,0.025,40,40,40.0,0.025,0.0,0.0,0.0,0.0,0.0,0.0,0.0,0.0,0.0,0.0,0.0,0.0,0.0,0.0,0.0,0.0,0.0,0.0
TNFRSF1A,TNF,P01375,ipin_baseline,low_plausibility,1,50,51,0.96,0.3333333333333333,3,3,3.0,0.3333333333333333,1.0,1.0,0.2,10.200000000000001,0.5,1.0,1.0,1.0,0.1,5.1000000000000005,0.5,1.0,1.0,1.0,0.05,2.5500000000000003,0.5,1.0
TNFRSF1A,LTA,P01374,ipin_baseline,low_plausibility,1,50,51,0.78,0.08333333333333333,12,12,12.0,0.08333333333333333,0.0,0.0,0.0,0.0,0.0,0.0,0.0,0.0,0.0,0.0,0.0,0.0,1.0,1.0,0.05,2.5500000000000003,0.27023815442731974,1.0
TNFRSF1A,TRADD,Q15628,ipin_baseline,low_plausibility,1,50,51,0.3,0.027777777777777776,36,36,36.0,0.027777777777777776,0.0,0.0,0.0,0.0,0.0,0.0,0.0,0.0,0.0,0.0,0.0,0.0,0.0,0.0,0.0,0.0,0.0,0.0
TNFRSF1A,TNF,P01375,ipin_baseline,context_background,1,100,101,0.88,0.07692307692307693,13,13,13.0,0.07692307692307693,0.0,0.0,0.0,0.0,0.0,0.0,0.0,0.0,0.0,0.0,0.0,0.0,1.0,1.0,0.05,5.05,0.26264953503719357,1.0
TNFRSF1A,LTA,P01374,ipin_baseline,context_background,1,100,101,0.73,0.03571428571428571,28,28,28.0,0.03571428571428571,0.0,0.0,0.0,0.0,0.0,0.0,0.0,0.0,0.0,0.0,0.0,0.0,0.0,0.0,0.0,0.0,0.0,0.0
TNFRSF1A,TRADD,Q15628,ipin_baseline,context_background,1,100,101,0.23,0.01282051282051282,78,78,78.0,0.01282051282051282,0.0,0.0,0.0,0.0,0.0,0.0,0.0,0.0,0.0,0.0,0.0,0.0,0.0,0.0,0.0,0.0,0.0,0.0
TNFRSF1A,TNF,P01375,ipin_baseline,all_U,1,150,151,0.9066666666666666,0.06666666666666667,15,15,15.0,0.06666666666666667,0.0,0.0,0.0,0.0,0.0,0.0,0.0,0.0,0.0,0.0,0.0,0.0,1.0,1.0,0.05,7.550000000000001,0.25,1.0
TNFRSF1A,LTA,P01374,ipin_baseline,all_U,1,150,151,0.7466666666666667,0.02564102564102564,39,39,39.0,0.02564102564102564,0.0,0.0,0.0,0.0,0.0,0.0,0.0,0.0,0.0,0.0,0.0,0.0,0.0,0.0,0.0,0.0,0.0,0.0
TNFRSF1A,TRADD,Q15628,ipin_baseline,all_U,1,150,151,0.25333333333333335,0.008849557522123894,113,113,113.0,0.008849557522123894,0.0,0.0,0.0,0.0,0.0,0.0,0.0,0.0,0.0,0.0,0.0,0.0,0.0,0.0,0.0,0.0,0.0,0.0
TNFRSF1A,TNF,P01375,ipin_optimized,context,1,50,51,1.0,1.0,1,1,1.0,1.0,1.0,1.0,0.2,10.200000000000001,1.0,1.0,1.0,1.0,0.1,5.1000000000000005,1.0,1.0,1.0,1.0,0.05,2.5500000000000003,1.0,1.0
TNFRSF1A,LTA,P01374,ipin_optimized,context,1,50,51,0.82,0.1,10,10,10.0,0.1,0.0,0.0,0.0,0.0,0.0,0.0,1.0,1.0,0.1,5.1000000000000005,0.2890648263178879,1.0,1.0,1.0,0.05,2.5500000000000003,0.2890648263178879,1.0
TNFRSF1A,TRADD,Q15628,ipin_optimized,context,1,50,51,0.56,0.043478260869565216,23,23,23.0,0.043478260869565216,0.0,0.0,0.0,0.0,0.0,0.0,0.0,0.0,0.0,0.0,0.0,0.0,0.0,0.0,0.0,0.0,0.0,0.0
TNFRSF1A,TNF,P01375,ipin_optimized,background,1,50,51,1.0,1.0,1,1,1.0,1.0,1.0,1.0,0.2,10.200000000000001,1.0,1.0,1.0,1.0,0.1,5.1000000000000005,1.0,1.0,1.0,1.0,0.05,2.5500000000000003,1.0,1.0
TNFRSF1A,LTA,P01374,ipin_optimized,background,1,50,51,0.82,0.1,10,10,10.0,0.1,0.0,0.0,0.0,0.0,0.0,0.0,1.0,1.0,0.1,5.1000000000000005,0.2890648263178879,1.0,1.0,1.0,0.05,2.5500000000000003,0.2890648263178879,1.0
TNFRSF1A,TRADD,Q15628,ipin_optimized,background,1,50,51,0.46,0.03571428571428571,28,28,28.0,0.03571428571428571,0.0,0.0,0.0,0.0,0.0,0.0,0.0,0.0,0.0,0.0,0.0,0.0,0.0,0.0,0.0,0.0,0.0,0.0
TNFRSF1A,TNF,P01375,ipin_optimized,low_plausibility,1,50,51,1.0,1.0,1,1,1.0,1.0,1.0,1.0,0.2,10.200000000000001,1.0,1.0,1.0,1.0,0.1,5.1000000000000005,1.0,1.0,1.0,1.0,0.05,2.5500000000000003,1.0,1.0
TNFRSF1A,LTA,P01374,ipin_optimized,low_plausibility,1,50,51,0.9,0.16666666666666666,6,6,6.0,0.16666666666666666,0.0,0.0,0.0,0.0,0.0,0.0,1.0,1.0,0.1,5.1000000000000005,0.3562071871080222,1.0,1.0,1.0,0.05,2.5500000000000003,0.3562071871080222,1.0
TNFRSF1A,TRADD,Q15628,ipin_optimized,low_plausibility,1,50,51,0.84,0.1111111111111111,9,9,9.0,0.1111111111111111,0.0,0.0,0.0,0.0,0.0,0.0,1.0,1.0,0.1,5.1000000000000005,0.3010299956639812,1.0,1.0,1.0,0.05,2.5500000000000003,0.3010299956639812,1.0
TNFRSF1A,TNF,P01375,ipin_optimized,context_background,1,100,101,1.0,1.0,1,1,1.0,1.0,1.0,1.0,0.2,20.2,1.0,1.0,1.0,1.0,0.1,10.1,1.0,1.0,1.0,1.0,0.05,5.05,1.0,1.0
TNFRSF1A,LTA,P01374,ipin_optimized,context_background,1,100,101,0.82,0.05263157894736842,19,19,19.0,0.05263157894736842,0.0,0.0,0.0,0.0,0.0,0.0,0.0,0.0,0.0,0.0,0.0,0.0,1.0,1.0,0.05,5.05,0.23137821315975915,1.0
TNFRSF1A,TRADD,Q15628,ipin_optimized,context_background,1,100,101,0.51,0.02,50,50,50.0,0.02,0.0,0.0,0.0,0.0,0.0,0.0,0.0,0.0,0.0,0.0,0.0,0.0,0.0,0.0,0.0,0.0,0.0,0.0
TNFRSF1A,TNF,P01375,ipin_optimized,all_U,1,150,151,1.0,1.0,1,1,1.0,1.0,1.0,1.0,0.2,30.200000000000003,1.0,1.0,1.0,1.0,0.1,15.100000000000001,1.0,1.0,1.0,1.0,0.05,7.550000000000001,1.0,1.0
TNFRSF1A,LTA,P01374,ipin_optimized,all_U,1,150,151,0.8466666666666667,0.041666666666666664,24,24,24.0,0.041666666666666664,0.0,0.0,0.0,0.0,0.0,0.0,0.0,0.0,0.0,0.0,0.0,0.0,0.0,0.0,0.0,0.0,0.0,0.0
TNFRSF1A,TRADD,Q15628,ipin_optimized,all_U,1,150,151,0.62,0.017241379310344827,58,58,58.0,0.017241379310344827,0.0,0.0,0.0,0.0,0.0,0.0,0.0,0.0,0.0,0.0,0.0,0.0,0.0,0.0,0.0,0.0,0.0,0.0
TNFRSF1A,TNF,P01375,tuna_retrained,context,1,50,51,0.96,0.3333333333333333,3,3,3.0,0.3333333333333333,1.0,1.0,0.2,10.200000000000001,0.5,1.0,1.0,1.0,0.1,5.1000000000000005,0.5,1.0,1.0,1.0,0.05,2.5500000000000003,0.5,1.0
TNFRSF1A,LTA,P01374,tuna_retrained,context,1,50,51,0.5,0.038461538461538464,26,26,26.0,0.038461538461538464,0.0,0.0,0.0,0.0,0.0,0.0,0.0,0.0,0.0,0.0,0.0,0.0,0.0,0.0,0.0,0.0,0.0,0.0
TNFRSF1A,TRADD,Q15628,tuna_retrained,context,1,50,51,0.08,0.02127659574468085,47,47,47.0,0.02127659574468085,0.0,0.0,0.0,0.0,0.0,0.0,0.0,0.0,0.0,0.0,0.0,0.0,0.0,0.0,0.0,0.0,0.0,0.0
TNFRSF1A,TNF,P01375,tuna_retrained,background,1,50,51,0.98,0.5,2,2,2.0,0.5,1.0,1.0,0.2,10.200000000000001,0.6309297535714575,1.0,1.0,1.0,0.1,5.1000000000000005,0.6309297535714575,1.0,1.0,1.0,0.05,2.5500000000000003,0.6309297535714575,1.0
TNFRSF1A,LTA,P01374,tuna_retrained,background,1,50,51,0.62,0.05,20,20,20.0,0.05,0.0,0.0,0.0,0.0,0.0,0.0,0.0,0.0,0.0,0.0,0.0,0.0,1.0,1.0,0.05,2.5500000000000003,0.227670248696953,1.0
TNFRSF1A,TRADD,Q15628,tuna_retrained,background,1,50,51,0.12,0.022222222222222223,45,45,45.0,0.022222222222222223,0.0,0.0,0.0,0.0,0.0,0.0,0.0,0.0,0.0,0.0,0.0,0.0,0.0,0.0,0.0,0.0,0.0,0.0
TNFRSF1A,TNF,P01375,tuna_retrained,low_plausibility,1,50,51,1.0,1.0,1,1,1.0,1.0,1.0,1.0,0.2,10.200000000000001,1.0,1.0,1.0,1.0,0.1,5.1000000000000005,1.0,1.0,1.0,1.0,0.05,2.5500000000000003,1.0,1.0
TNFRSF1A,LTA,P01374,tuna_retrained,low_plausibility,1,50,51,0.84,0.1111111111111111,9,9,9.0,0.1111111111111111,0.0,0.0,0.0,0.0,0.0,0.0,1.0,1.0,0.1,5.1000000000000005,0.3010299956639812,1.0,1.0,1.0,0.05,2.5500000000000003,0.3010299956639812,1.0
TNFRSF1A,TRADD,Q15628,tuna_retrained,low_plausibility,1,50,51,0.22,0.025,40,40,40.0,0.025,0.0,0.0,0.0,0.0,0.0,0.0,0.0,0.0,0.0,0.0,0.0,0.0,0.0,0.0,0.0,0.0,0.0,0.0
TNFRSF1A,TNF,P01375,tuna_retrained,context_background,1,100,101,0.97,0.25,4,4,4.0,0.25,1.0,1.0,0.2,20.2,0.43067655807339306,1.0,1.0,1.0,0.1,10.1,0.43067655807339306,1.0,1.0,1.0,0.05,5.05,0.43067655807339306,1.0
TNFRSF1A,LTA,P01374,tuna_retrained,context_background,1,100,101,0.56,0.022222222222222223,45,45,45.0,0.022222222222222223,0.0,0.0,0.0,0.0,0.0,0.0,0.0,0.0,0.0,0.0,0.0,0.0,0.0,0.0,0.0,0.0,0.0,0.0
TNFRSF1A,TRADD,Q15628,tuna_retrained,context_background,1,100,101,0.1,0.01098901098901099,91,91,91.0,0.01098901098901099,0.0,0.0,0.0,0.0,0.0,0.0,0.0,0.0,0.0,0.0,0.0,0.0,0.0,0.0,0.0,0.0,0.0,0.0
TNFRSF1A,TNF,P01375,tuna_retrained,all_U,1,150,151,0.98,0.25,4,4,4.0,0.25,1.0,1.0,0.2,30.200000000000003,0.43067655807339306,1.0,1.0,1.0,0.1,15.100000000000001,0.43067655807339306,1.0,1.0,1.0,0.05,7.550000000000001,0.43067655807339306,1.0
TNFRSF1A,LTA,P01374,tuna_retrained,all_U,1,150,151,0.6533333333333333,0.018867924528301886,53,53,53.0,0.018867924528301886,0.0,0.0,0.0,0.0,0.0,0.0,0.0,0.0,0.0,0.0,0.0,0.0,0.0,0.0,0.0,0.0,0.0,0.0
TNFRSF1A,TRADD,Q15628,tuna_retrained,all_U,1,150,151,0.14,0.007692307692307693,130,130,130.0,0.007692307692307693,0.0,0.0,0.0,0.0,0.0,0.0,0.0,0.0,0.0,0.0,0.0,0.0,0.0,0.0,0.0,0.0,0.0,0.0
TNFRSF1A,TNF,P01375,tuna_original,context,1,50,51,0.14,0.022727272727272728,44,44,44.0,0.022727272727272728,0.0,0.0,0.0,0.0,0.0,0.0,0.0,0.0,0.0,0.0,0.0,0.0,0.0,0.0,0.0,0.0,0.0,0.0
TNFRSF1A,LTA,P01374,tuna_original,context,1,50,51,0.66,0.05555555555555555,18,18,18.0,0.05555555555555555,0.0,0.0,0.0,0.0,0.0,0.0,0.0,0.0,0.0,0.0,0.0,0.0,1.0,1.0,0.05,2.5500000000000003,0.23540891336663824,1.0
TNFRSF1A,TRADD,Q15628,tuna_original,context,1,50,51,0.76,0.07692307692307693,13,13,13.0,0.07692307692307693,0.0,0.0,0.0,0.0,0.0,0.0,0.0,0.0,0.0,0.0,0.0,0.0,1.0,1.0,0.05,2.5500000000000003,0.26264953503719357,1.0
TNFRSF1A,TNF,P01375,tuna_original,background,1,50,51,0.7,0.0625,16,16,16.0,0.0625,0.0,0.0,0.0,0.0,0.0,0.0,0.0,0.0,0.0,0.0,0.0,0.0,1.0,1.0,0.05,2.5500000000000003,0.24465054211822604,1.0
TNFRSF1A,LTA,P01374,tuna_original,background,1,50,51,0.76,0.07692307692307693,13,13,13.0,0.07692307692307693,0.0,0.0,0.0,0.0,0.0,0.0,0.0,0.0,0.0,0.0,0.0,0.0,1.0,1.0,0.05,2.5500000000000003,0.26264953503719357,1.0
TNFRSF1A,TRADD,Q15628,tuna_original,background,1,50,51,0.5,0.038461538461538464,26,26,26.0,0.038461538461538464,0.0,0.0,0.0,0.0,0.0,0.0,0.0,0.0,0.0,0.0,0.0,0.0,0.0,0.0,0.0,0.0,0.0,0.0
TNFRSF1A,TNF,P01375,tuna_original,low_plausibility,1,50,51,0.98,0.5,2,2,2.0,0.5,1.0,1.0,0.2,10.200000000000001,0.6309297535714575,1.0,1.0,1.0,0.1,5.1000000000000005,0.6309297535714575,1.0,1.0,1.0,0.05,2.5500000000000003,0.6309297535714575,1.0
TNFRSF1A,LTA,P01374,tuna_original,low_plausibility,1,50,51,1.0,1.0,1,1,1.0,1.0,1.0,1.0,0.2,10.200000000000001,1.0,1.0,1.0,1.0,0.1,5.1000000000000005,1.0,1.0,1.0,1.0,0.05,2.5500000000000003,1.0,1.0
TNFRSF1A,TRADD,Q15628,tuna_original,low_plausibility,1,50,51,0.98,0.5,2,2,2.0,0.5,1.0,1.0,0.2,10.200000000000001,0.6309297535714575,1.0,1.0,1.0,0.1,5.1000000000000005,0.6309297535714575,1.0,1.0,1.0,0.05,2.5500000000000003,0.6309297535714575,1.0
TNFRSF1A,TNF,P01375,tuna_original,context_background,1,100,101,0.42,0.01694915254237288,59,59,59.0,0.01694915254237288,0.0,0.0,0.0,0.0,0.0,0.0,0.0,0.0,0.0,0.0,0.0,0.0,0.0,0.0,0.0,0.0,0.0,0.0
TNFRSF1A,LTA,P01374,tuna_original,context_background,1,100,101,0.71,0.03333333333333333,30,30,30.0,0.03333333333333333,0.0,0.0,0.0,0.0,0.0,0.0,0.0,0.0,0.0,0.0,0.0,0.0,0.0,0.0,0.0,0.0,0.0,0.0
TNFRSF1A,TRADD,Q15628,tuna_original,context_background,1,100,101,0.63,0.02631578947368421,38,38,38.0,0.02631578947368421,0.0,0.0,0.0,0.0,0.0,0.0,0.0,0.0,0.0,0.0,0.0,0.0,0.0,0.0,0.0,0.0,0.0,0.0
TNFRSF1A,TNF,P01375,tuna_original,all_U,1,150,151,0.6066666666666667,0.016666666666666666,60,60,60.0,0.016666666666666666,0.0,0.0,0.0,0.0,0.0,0.0,0.0,0.0,0.0,0.0,0.0,0.0,0.0,0.0,0.0,0.0,0.0,0.0
TNFRSF1A,LTA,P01374,tuna_original,all_U,1,150,151,0.8066666666666666,0.03333333333333333,30,30,30.0,0.03333333333333333,0.0,0.0,0.0,0.0,0.0,0.0,0.0,0.0,0.0,0.0,0.0,0.0,0.0,0.0,0.0,0.0,0.0,0.0
TNFRSF1A,TRADD,Q15628,tuna_original,all_U,1,150,151,0.7466666666666667,0.02564102564102564,39,39,39.0,0.02564102564102564,0.0,0.0,0.0,0.0,0.0,0.0,0.0,0.0,0.0,0.0,0.0,0.0,0.0,0.0,0.0,0.0,0.0,0.0
BECN1,ATG14,Q6ZNE5,ipin_baseline,context,1,50,51,1.0,1.0,1,1,1.0,1.0,1.0,1.0,0.2,10.200000000000001,1.0,1.0,1.0,1.0,0.1,5.1000000000000005,1.0,1.0,1.0,1.0,0.05,2.5500000000000003,1.0,1.0
BECN1,UVRAG,Q9P2Y5,ipin_baseline,context,1,50,51,0.94,0.25,4,4,4.0,0.25,1.0,1.0,0.2,10.200000000000001,0.43067655807339306,1.0,1.0,1.0,0.1,5.1000000000000005,0.43067655807339306,1.0,1.0,1.0,0.05,2.5500000000000003,0.43067655807339306,1.0
BECN1,BCL2,P10415,ipin_baseline,context,1,50,51,0.36,0.030303030303030304,33,33,33.0,0.030303030303030304,0.0,0.0,0.0,0.0,0.0,0.0,0.0,0.0,0.0,0.0,0.0,0.0,0.0,0.0,0.0,0.0,0.0,0.0
BECN1,ATG14,Q6ZNE5,ipin_baseline,background,1,50,51,1.0,1.0,1,1,1.0,1.0,1.0,1.0,0.2,10.200000000000001,1.0,1.0,1.0,1.0,0.1,5.1000000000000005,1.0,1.0,1.0,1.0,0.05,2.5500000000000003,1.0,1.0
BECN1,UVRAG,Q9P2Y5,ipin_baseline,background,1,50,51,0.96,0.3333333333333333,3,3,3.0,0.3333333333333333,1.0,1.0,0.2,10.200000000000001,0.5,1.0,1.0,1.0,0.1,5.1000000000000005,0.5,1.0,1.0,1.0,0.05,2.5500000000000003,0.5,1.0
BECN1,BCL2,P10415,ipin_baseline,background,1,50,51,0.36,0.030303030303030304,33,33,33.0,0.030303030303030304,0.0,0.0,0.0,0.0,0.0,0.0,0.0,0.0,0.0,0.0,0.0,0.0,0.0,0.0,0.0,0.0,0.0,0.0
BECN1,ATG14,Q6ZNE5,ipin_baseline,low_plausibility,1,50,51,1.0,1.0,1,1,1.0,1.0,1.0,1.0,0.2,10.200000000000001,1.0,1.0,1.0,1.0,0.1,5.1000000000000005,1.0,1.0,1.0,1.0,0.05,2.5500000000000003,1.0,1.0
BECN1,UVRAG,Q9P2Y5,ipin_baseline,low_plausibility,1,50,51,1.0,1.0,1,1,1.0,1.0,1.0,1.0,0.2,10.200000000000001,1.0,1.0,1.0,1.0,0.1,5.1000000000000005,1.0,1.0,1.0,1.0,0.05,2.5500000000000003,1.0,1.0
BECN1,BCL2,P10415,ipin_baseline,low_plausibility,1,50,51,0.58,0.045454545454545456,22,22,22.0,0.045454545454545456,0.0,0.0,0.0,0.0,0.0,0.0,0.0,0.0,0.0,0.0,0.0,0.0,0.0,0.0,0.0,0.0,0.0,0.0
BECN1,ATG14,Q6ZNE5,ipin_baseline,context_background,1,100,101,1.0,1.0,1,1,1.0,1.0,1.0,1.0,0.2,20.2,1.0,1.0,1.0,1.0,0.1,10.1,1.0,1.0,1.0,1.0,0.05,5.05,1.0,1.0
BECN1,UVRAG,Q9P2Y5,ipin_baseline,context_background,1,100,101,0.95,0.16666666666666666,6,6,6.0,0.16666666666666666,0.0,0.0,0.0,0.0,0.0,0.0,1.0,1.0,0.1,10.1,0.3562071871080222,1.0,1.0,1.0,0.05,5.05,0.3562071871080222,1.0
BECN1,BCL2,P10415,ipin_baseline,context_background,1,100,101,0.36,0.015384615384615385,65,65,65.0,0.015384615384615385,0.0,0.0,0.0,0.0,0.0,0.0,0.0,0.0,0.0,0.0,0.0,0.0,0.0,0.0,0.0,0.0,0.0,0.0
BECN1,ATG14,Q6ZNE5,ipin_baseline,all_U,1,150,151,1.0,1.0,1,1,1.0,1.0,1.0,1.0,0.2,30.200000000000003,1.0,1.0,1.0,1.0,0.1,15.100000000000001,1.0,1.0,1.0,1.0,0.05,7.550000000000001,1.0,1.0
BECN1,UVRAG,Q9P2Y5,ipin_baseline,all_U,1,150,151,0.9666666666666667,0.16666666666666666,6,6,6.0,0.16666666666666666,0.0,0.0,0.0,0.0,0.0,0.0,1.0,1.0,0.1,15.100000000000001,0.3562071871080222,1.0,1.0,1.0,0.05,7.550000000000001,0.3562071871080222,1.0
BECN1,BCL2,P10415,ipin_baseline,all_U,1,150,151,0.43333333333333335,0.011627906976744186,86,86,86.0,0.011627906976744186,0.0,0.0,0.0,0.0,0.0,0.0,0.0,0.0,0.0,0.0,0.0,0.0,0.0,0.0,0.0,0.0,0.0,0.0
BECN1,ATG14,Q6ZNE5,ipin_optimized,context,1,50,51,1.0,1.0,1,1,1.0,1.0,1.0,1.0,0.2,10.200000000000001,1.0,1.0,1.0,1.0,0.1,5.1000000000000005,1.0,1.0,1.0,1.0,0.05,2.5500000000000003,1.0,1.0
BECN1,UVRAG,Q9P2Y5,ipin_optimized,context,1,50,51,0.98,0.5,2,2,2.0,0.5,1.0,1.0,0.2,10.200000000000001,0.6309297535714575,1.0,1.0,1.0,0.1,5.1000000000000005,0.6309297535714575,1.0,1.0,1.0,0.05,2.5500000000000003,0.6309297535714575,1.0
BECN1,BCL2,P10415,ipin_optimized,context,1,50,51,0.5,0.038461538461538464,26,26,26.0,0.038461538461538464,0.0,0.0,0.0,0.0,0.0,0.0,0.0,0.0,0.0,0.0,0.0,0.0,0.0,0.0,0.0,0.0,0.0,0.0
BECN1,ATG14,Q6ZNE5,ipin_optimized,background,1,50,51,1.0,1.0,1,1,1.0,1.0,1.0,1.0,0.2,10.200000000000001,1.0,1.0,1.0,1.0,0.1,5.1000000000000005,1.0,1.0,1.0,1.0,0.05,2.5500000000000003,1.0,1.0
BECN1,UVRAG,Q9P2Y5,ipin_optimized,background,1,50,51,0.96,0.3333333333333333,3,3,3.0,0.3333333333333333,1.0,1.0,0.2,10.200000000000001,0.5,1.0,1.0,1.0,0.1,5.1000000000000005,0.5,1.0,1.0,1.0,0.05,2.5500000000000003,0.5,1.0
BECN1,BCL2,P10415,ipin_optimized,background,1,50,51,0.38,0.03125,32,32,32.0,0.03125,0.0,0.0,0.0,0.0,0.0,0.0,0.0,0.0,0.0,0.0,0.0,0.0,0.0,0.0,0.0,0.0,0.0,0.0
BECN1,ATG14,Q6ZNE5,ipin_optimized,low_plausibility,1,50,51,1.0,1.0,1,1,1.0,1.0,1.0,1.0,0.2,10.200000000000001,1.0,1.0,1.0,1.0,0.1,5.1000000000000005,1.0,1.0,1.0,1.0,0.05,2.5500000000000003,1.0,1.0
BECN1,UVRAG,Q9P2Y5,ipin_optimized,low_plausibility,1,50,51,1.0,1.0,1,1,1.0,1.0,1.0,1.0,0.2,10.200000000000001,1.0,1.0,1.0,1.0,0.1,5.1000000000000005,1.0,1.0,1.0,1.0,0.05,2.5500000000000003,1.0,1.0
BECN1,BCL2,P10415,ipin_optimized,low_plausibility,1,50,51,0.52,0.04,25,25,25.0,0.04,0.0,0.0,0.0,0.0,0.0,0.0,0.0,0.0,0.0,0.0,0.0,0.0,0.0,0.0,0.0,0.0,0.0,0.0
BECN1,ATG14,Q6ZNE5,ipin_optimized,context_background,1,100,101,1.0,1.0,1,1,1.0,1.0,1.0,1.0,0.2,20.2,1.0,1.0,1.0,1.0,0.1,10.1,1.0,1.0,1.0,1.0,0.05,5.05,1.0,1.0
BECN1,UVRAG,Q9P2Y5,ipin_optimized,context_background,1,100,101,0.97,0.25,4,4,4.0,0.25,1.0,1.0,0.2,20.2,0.43067655807339306,1.0,1.0,1.0,0.1,10.1,0.43067655807339306,1.0,1.0,1.0,0.05,5.05,0.43067655807339306,1.0
BECN1,BCL2,P10415,ipin_optimized,context_background,1,100,101,0.44,0.017543859649122806,57,57,57.0,0.017543859649122806,0.0,0.0,0.0,0.0,0.0,0.0,0.0,0.0,0.0,0.0,0.0,0.0,0.0,0.0,0.0,0.0,0.0,0.0
BECN1,ATG14,Q6ZNE5,ipin_optimized,all_U,1,150,151,1.0,1.0,1,1,1.0,1.0,1.0,1.0,0.2,30.200000000000003,1.0,1.0,1.0,1.0,0.1,15.100000000000001,1.0,1.0,1.0,1.0,0.05,7.550000000000001,1.0,1.0
BECN1,UVRAG,Q9P2Y5,ipin_optimized,all_U,1,150,151,0.98,0.25,4,4,4.0,0.25,1.0,1.0,0.2,30.200000000000003,0.43067655807339306,1.0,1.0,1.0,0.1,15.100000000000001,0.43067655807339306,1.0,1.0,1.0,0.05,7.550000000000001,0.43067655807339306,1.0
BECN1,BCL2,P10415,ipin_optimized,all_U,1,150,151,0.4666666666666667,0.012345679012345678,81,81,81.0,0.012345679012345678,0.0,0.0,0.0,0.0,0.0,0.0,0.0,0.0,0.0,0.0,0.0,0.0,0.0,0.0,0.0,0.0,0.0,0.0
BECN1,ATG14,Q6ZNE5,tuna_retrained,context,1,50,51,1.0,1.0,1,1,1.0,1.0,1.0,1.0,0.2,10.200000000000001,1.0,1.0,1.0,1.0,0.1,5.1000000000000005,1.0,1.0,1.0,1.0,0.05,2.5500000000000003,1.0,1.0
BECN1,UVRAG,Q9P2Y5,tuna_retrained,context,1,50,51,0.98,0.5,2,2,2.0,0.5,1.0,1.0,0.2,10.200000000000001,0.6309297535714575,1.0,1.0,1.0,0.1,5.1000000000000005,0.6309297535714575,1.0,1.0,1.0,0.05,2.5500000000000003,0.6309297535714575,1.0
BECN1,BCL2,P10415,tuna_retrained,context,1,50,51,0.82,0.1,10,10,10.0,0.1,0.0,0.0,0.0,0.0,0.0,0.0,1.0,1.0,0.1,5.1000000000000005,0.2890648263178879,1.0,1.0,1.0,0.05,2.5500000000000003,0.2890648263178879,1.0
BECN1,ATG14,Q6ZNE5,tuna_retrained,background,1,50,51,1.0,1.0,1,1,1.0,1.0,1.0,1.0,0.2,10.200000000000001,1.0,1.0,1.0,1.0,0.1,5.1000000000000005,1.0,1.0,1.0,1.0,0.05,2.5500000000000003,1.0,1.0
BECN1,UVRAG,Q9P2Y5,tuna_retrained,background,1,50,51,1.0,1.0,1,1,1.0,1.0,1.0,1.0,0.2,10.200000000000001,1.0,1.0,1.0,1.0,0.1,5.1000000000000005,1.0,1.0,1.0,1.0,0.05,2.5500000000000003,1.0,1.0
BECN1,BCL2,P10415,tuna_retrained,background,1,50,51,0.5,0.038461538461538464,26,26,26.0,0.038461538461538464,0.0,0.0,0.0,0.0,0.0,0.0,0.0,0.0,0.0,0.0,0.0,0.0,0.0,0.0,0.0,0.0,0.0,0.0
BECN1,ATG14,Q6ZNE5,tuna_retrained,low_plausibility,1,50,51,1.0,1.0,1,1,1.0,1.0,1.0,1.0,0.2,10.200000000000001,1.0,1.0,1.0,1.0,0.1,5.1000000000000005,1.0,1.0,1.0,1.0,0.05,2.5500000000000003,1.0,1.0
BECN1,UVRAG,Q9P2Y5,tuna_retrained,low_plausibility,1,50,51,1.0,1.0,1,1,1.0,1.0,1.0,1.0,0.2,10.200000000000001,1.0,1.0,1.0,1.0,0.1,5.1000000000000005,1.0,1.0,1.0,1.0,0.05,2.5500000000000003,1.0,1.0
BECN1,BCL2,P10415,tuna_retrained,low_plausibility,1,50,51,0.56,0.043478260869565216,23,23,23.0,0.043478260869565216,0.0,0.0,0.0,0.0,0.0,0.0,0.0,0.0,0.0,0.0,0.0,0.0,0.0,0.0,0.0,0.0,0.0,0.0
BECN1,ATG14,Q6ZNE5,tuna_retrained,context_background,1,100,101,1.0,1.0,1,1,1.0,1.0,1.0,1.0,0.2,20.2,1.0,1.0,1.0,1.0,0.1,10.1,1.0,1.0,1.0,1.0,0.05,5.05,1.0,1.0
BECN1,UVRAG,Q9P2Y5,tuna_retrained,context_background,1,100,101,0.99,0.5,2,2,2.0,0.5,1.0,1.0,0.2,20.2,0.6309297535714575,1.0,1.0,1.0,0.1,10.1,0.6309297535714575,1.0,1.0,1.0,0.05,5.05,0.6309297535714575,1.0
BECN1,BCL2,P10415,tuna_retrained,context_background,1,100,101,0.66,0.02857142857142857,35,35,35.0,0.02857142857142857,0.0,0.0,0.0,0.0,0.0,0.0,0.0,0.0,0.0,0.0,0.0,0.0,0.0,0.0,0.0,0.0,0.0,0.0
BECN1,ATG14,Q6ZNE5,tuna_retrained,all_U,1,150,151,1.0,1.0,1,1,1.0,1.0,1.0,1.0,0.2,30.200000000000003,1.0,1.0,1.0,1.0,0.1,15.100000000000001,1.0,1.0,1.0,1.0,0.05,7.550000000000001,1.0,1.0
BECN1,UVRAG,Q9P2Y5,tuna_retrained,all_U,1,150,151,0.9933333333333333,0.5,2,2,2.0,0.5,1.0,1.0,0.2,30.200000000000003,0.6309297535714575,1.0,1.0,1.0,0.1,15.100000000000001,0.6309297535714575,1.0,1.0,1.0,0.05,7.550000000000001,0.6309297535714575,1.0
BECN1,BCL2,P10415,tuna_retrained,all_U,1,150,151,0.6266666666666667,0.017543859649122806,57,57,57.0,0.017543859649122806,0.0,0.0,0.0,0.0,0.0,0.0,0.0,0.0,0.0,0.0,0.0,0.0,0.0,0.0,0.0,0.0,0.0,0.0
BECN1,ATG14,Q6ZNE5,tuna_original,context,1,50,51,1.0,1.0,1,1,1.0,1.0,1.0,1.0,0.2,10.200000000000001,1.0,1.0,1.0,1.0,0.1,5.1000000000000005,1.0,1.0,1.0,1.0,0.05,2.5500000000000003,1.0,1.0
BECN1,UVRAG,Q9P2Y5,tuna_original,context,1,50,51,1.0,1.0,1,1,1.0,1.0,1.0,1.0,0.2,10.200000000000001,1.0,1.0,1.0,1.0,0.1,5.1000000000000005,1.0,1.0,1.0,1.0,0.05,2.5500000000000003,1.0,1.0
BECN1,BCL2,P10415,tuna_original,context,1,50,51,0.88,0.14285714285714285,7,7,7.0,0.14285714285714285,0.0,0.0,0.0,0.0,0.0,0.0,1.0,1.0,0.1,5.1000000000000005,0.3333333333333333,1.0,1.0,1.0,0.05,2.5500000000000003,0.3333333333333333,1.0
BECN1,ATG14,Q6ZNE5,tuna_original,background,1,50,51,1.0,1.0,1,1,1.0,1.0,1.0,1.0,0.2,10.200000000000001,1.0,1.0,1.0,1.0,0.1,5.1000000000000005,1.0,1.0,1.0,1.0,0.05,2.5500000000000003,1.0,1.0
BECN1,UVRAG,Q9P2Y5,tuna_original,background,1,50,51,0.96,0.3333333333333333,3,3,3.0,0.3333333333333333,1.0,1.0,0.2,10.200000000000001,0.5,1.0,1.0,1.0,0.1,5.1000000000000005,0.5,1.0,1.0,1.0,0.05,2.5500000000000003,0.5,1.0
BECN1,BCL2,P10415,tuna_original,background,1,50,51,0.32,0.02857142857142857,35,35,35.0,0.02857142857142857,0.0,0.0,0.0,0.0,0.0,0.0,0.0,0.0,0.0,0.0,0.0,0.0,0.0,0.0,0.0,0.0,0.0,0.0
BECN1,ATG14,Q6ZNE5,tuna_original,low_plausibility,1,50,51,1.0,1.0,1,1,1.0,1.0,1.0,1.0,0.2,10.200000000000001,1.0,1.0,1.0,1.0,0.1,5.1000000000000005,1.0,1.0,1.0,1.0,0.05,2.5500000000000003,1.0,1.0
BECN1,UVRAG,Q9P2Y5,tuna_original,low_plausibility,1,50,51,1.0,1.0,1,1,1.0,1.0,1.0,1.0,0.2,10.200000000000001,1.0,1.0,1.0,1.0,0.1,5.1000000000000005,1.0,1.0,1.0,1.0,0.05,2.5500000000000003,1.0,1.0
BECN1,BCL2,P10415,tuna_original,low_plausibility,1,50,51,0.34,0.029411764705882353,34,34,34.0,0.029411764705882353,0.0,0.0,0.0,0.0,0.0,0.0,0.0,0.0,0.0,0.0,0.0,0.0,0.0,0.0,0.0,0.0,0.0,0.0
BECN1,ATG14,Q6ZNE5,tuna_original,context_background,1,100,101,1.0,1.0,1,1,1.0,1.0,1.0,1.0,0.2,20.2,1.0,1.0,1.0,1.0,0.1,10.1,1.0,1.0,1.0,1.0,0.05,5.05,1.0,1.0
BECN1,UVRAG,Q9P2Y5,tuna_original,context_background,1,100,101,0.98,0.3333333333333333,3,3,3.0,0.3333333333333333,1.0,1.0,0.2,20.2,0.5,1.0,1.0,1.0,0.1,10.1,0.5,1.0,1.0,1.0,0.05,5.05,0.5,1.0
BECN1,BCL2,P10415,tuna_original,context_background,1,100,101,0.6,0.024390243902439025,41,41,41.0,0.024390243902439025,0.0,0.0,0.0,0.0,0.0,0.0,0.0,0.0,0.0,0.0,0.0,0.0,0.0,0.0,0.0,0.0,0.0,0.0
BECN1,ATG14,Q6ZNE5,tuna_original,all_U,1,150,151,1.0,1.0,1,1,1.0,1.0,1.0,1.0,0.2,30.200000000000003,1.0,1.0,1.0,1.0,0.1,15.100000000000001,1.0,1.0,1.0,1.0,0.05,7.550000000000001,1.0,1.0
BECN1,UVRAG,Q9P2Y5,tuna_original,all_U,1,150,151,0.9866666666666667,0.3333333333333333,3,3,3.0,0.3333333333333333,1.0,1.0,0.2,30.200000000000003,0.5,1.0,1.0,1.0,0.1,15.100000000000001,0.5,1.0,1.0,1.0,0.05,7.550000000000001,0.5,1.0
BECN1,BCL2,P10415,tuna_original,all_U,1,150,151,0.5133333333333333,0.013513513513513514,74,74,74.0,0.013513513513513514,0.0,0.0,0.0,0.0,0.0,0.0,0.0,0.0,0.0,0.0,0.0,0.0,0.0,0.0,0.0,0.0,0.0,0.0
