U_stratum,anchor_positive_uniprot,class,development_exposed_positive,homomeric,low_plausibility_evidence_tier,original_tuna_prior_pair,panel_row,partner_gene,partner_sequence_length,partner_sequence_sha256,partner_uniprot,prior_train_development_pair,query_gene,query_sequence_length,query_sequence_sha256,query_uniprot,target_cohort,training_exposed_positive,ipin_baseline_score,ipin_optimized_score,tuna_original_score,tuna_retrained_seed20260803_score,tuna_retrained_seed20260817_score,tuna_retrained_seed20260831_score,tuna_retrained_score,ipin_baseline_rank,ipin_optimized_rank,tuna_retrained_rank,tuna_original_rank
,,P,False,False,,False,1,MDM2,491,77ed25650e717b3f610e42ef8e5c1c88d50e7485725032f8535448a0ca8b61b1,Q00987,False,TP53,393,e3ca60f18e3b6e98986ad6749215ee3b7a3abc09c191675213d1f243c035c9a3,P04637,original_six,False,-2.060058116912842,-1.4277615745862324,0.6187607049942017,-7.005260944366455,-7.504804611206055,-2.935692310333252,-5.815252621968587,254.0,214.0,30.0,34.0
,,P,False,False,,False,2,MDM4,490,fb619a5b2a22bab98d1ec43db4cd85b129d53b99bbc0c2ca00a44fdd421828ab,O15151,False,TP53,393,e3ca60f18e3b6e98986ad6749215ee3b7a3abc09c191675213d1f243c035c9a3,P04637,original_six,False,-1.8046123186747234,-0.8630164662996928,0.6424752473831177,-7.427194118499756,-7.337255001068115,-4.233578681945801,-6.332675933837891,201.0,147.0,58.0,21.0
,,P,False,False,,False,3,EP300,2414,b1145f7221920a6ebbaba4b030af3d5df9b1df69d37f2a656aa2640c37336aa4,Q09472,False,TP53,393,e3ca60f18e3b6e98986ad6749215ee3b7a3abc09c191675213d1f243c035c9a3,P04637,original_six,False,-1.1178932785987854,-1.751328428586324,0.5492487549781799,-7.543209075927734,-8.774798393249512,-4.152007579803467,-6.823338349660237,89.0,270.0,96.0,102.0
context,Q00987,U,False,False,,False,4,ZNF778,729,74dbe770caa41497fa8e311b05862285fde6f1b0eb02799222bab7ef2594ac91,Q96MU6,False,TP53,393,e3ca60f18e3b6e98986ad6749215ee3b7a3abc09c191675213d1f243c035c9a3,P04637,original_six,False,-1.3393566211064656,-0.8352528611818949,0.4267413318157196,-4.108340263366699,-8.094115257263184,-4.43091344833374,-5.544456322987874,118.0,142.0,24.0,272.0
context,Q00987,U,False,False,,False,5,ZNF583,569,0aaa672e84a8cf95e3d6fcdd0f05436591694cec4125a93911982f031260c1d8,Q96ND8,False,TP53,393,e3ca60f18e3b6e98986ad6749215ee3b7a3abc09c191675213d1f243c035c9a3,P04637,original_six,False,-2.208198149998983,-1.4560106595357258,0.47782206535339355,-6.168807029724121,-8.725460052490234,-8.187189102172852,-7.693818728129069,286.0,223.0,172.0,193.0
context,Q00987,U,False,False,,False,6,KANSL3,904,00ba44afa9e1737b804035ac3984903d04e1952f12b64778c298c4c502719a66,Q9P2N6,False,TP53,393,e3ca60f18e3b6e98986ad6749215ee3b7a3abc09c191675213d1f243c035c9a3,P04637,original_six,False,-1.6147239605585735,-1.5923518141110737,0.532172679901123,-9.169617652893066,-8.70186996459961,-8.540973663330078,-8.804153760274252,169.0,241.0,271.0,118.0
context,Q00987,U,False,False,,False,7,ZFP69,526,09f903109765649fb96d0d9926c8e74db276b262e8b32a448ebac4ec705370cc,Q49AA0,False,TP53,393,e3ca60f18e3b6e98986ad6749215ee3b7a3abc09c191675213d1f243c035c9a3,P04637,original_six,False,-2.1624821027119956,-1.433234969774882,0.480307936668396,-5.927943706512451,-9.22495174407959,-8.776444435119629,-7.976446628570557,274.0,216.0,200.0,186.0
context,Q00987,U,False,False,,False,8,POLGARF,260,123ee6b088d727790323e2595c4e29b02e8927e0d1ee22de12dc439daa6d4932,A0A3B3IS91,False,TP53,393,e3ca60f18e3b6e98986ad6749215ee3b7a3abc09c191675213d1f243c035c9a3,P04637,original_six,False,-2.001712203025818,-0.2611410816510518,0.3467950224876404,-6.264457702636719,-4.721953392028809,-4.462475776672363,-5.14962895711263,247.0,76.0,12.0,364.0
context,Q00987,U,False,False,,False,9,ACD,458,4bcc4a88ac93f688d2624aa643a6a6fa7bda0074c3016bb1c1a59fe27dbfb593,Q96AP0,False,TP53,393,e3ca60f18e3b6e98986ad6749215ee3b7a3abc09c191675213d1f243c035c9a3,P04637,original_six,False,-1.5923023223876953,-0.7782028913497925,0.41255688667297363,-9.382479667663574,-9.41466999053955,-4.983993053436279,-7.927047570546468,159.0,136.0,193.0,287.0
context,Q00987,U,False,False,,False,10,PHF10,498,ae1c7c8170d1a999f61a082cc9888f7c4745a288edd75f29529ddda7a760d184,Q8WUB8,False,TP53,393,e3ca60f18e3b6e98986ad6749215ee3b7a3abc09c191675213d1f243c035c9a3,P04637,original_six,False,-1.615253488222758,-1.2206742366154988,0.587523341178894,-6.915438175201416,-7.401712894439697,-5.8981032371521,-6.738418102264404,170.0,179.0,86.0,68.0
context,Q00987,U,False,False,,False,11,RBFOX2,390,5f87bc1f67cbb22195abcb4b9134c3bff70c5474369e26fcd2a2b2a1dc102b23,O43251,False,TP53,393,e3ca60f18e3b6e98986ad6749215ee3b7a3abc09c191675213d1f243c035c9a3,P04637,original_six,False,-2.2463502089182534,-0.8678759535153707,0.5574474930763245,-7.702282428741455,-14.000263214111328,-6.36116361618042,-9.354569753011068,292.0,149.0,311.0,95.0
context,Q00987,U,False,False,,False,12,FEZF2,459,f7df69f1360e2407684f90998a3b6bed2d2763a901af74bb334e5fe6edfe38ec,Q8TBJ5,False,TP53,393,e3ca60f18e3b6e98986ad6749215ee3b7a3abc09c191675213d1f243c035c9a3,P04637,original_six,False,-1.519407590230306,-1.227034608523051,0.5806280970573425,-7.793402194976807,-9.62044620513916,-7.693487644195557,-8.369112014770508,149.0,180.0,226.0,76.0
context,Q00987,U,False,False,,False,13,ACTB,375,d498c40159d7c993d9e7e36afbe2f4921d5e81e6ab08d5388cbab47cc0234a92,P60709,False,TP53,393,e3ca60f18e3b6e98986ad6749215ee3b7a3abc09c191675213d1f243c035c9a3,P04637,original_six,False,-2.099899927775065,-0.6997334957122803,0.32211917638778687,-8.368374824523926,-7.242136478424072,-6.724168300628662,-7.44489320119222,264.0,128.0,150.0,386.0
context,Q00987,U,False,False,,False,14,CCNE2,404,06a577daa4cba0a37137d8435e01211192b527430f9ee8ba73a31e0bb0491d27,O96020,False,TP53,393,e3ca60f18e3b6e98986ad6749215ee3b7a3abc09c191675213d1f243c035c9a3,P04637,original_six,False,-1.9090783993403118,-1.9119940201441448,0.5657172203063965,-9.131394386291504,-9.792338371276855,-7.3397603034973145,-8.75449768702189,228.0,301.0,266.0,86.0
context,Q00987,U,False,False,,False,15,ZNF440,595,9da48caddd8fd6c7bcf146463d1918a1b2d80ab78ca4b9ee844b2b5cd632b7d2,Q8IYI8,False,TP53,393,e3ca60f18e3b6e98986ad6749215ee3b7a3abc09c191675213d1f243c035c9a3,P04637,original_six,False,-1.22723384698232,-0.9691761334737142,0.5045166611671448,-3.3538172245025635,-7.18467378616333,-4.408663272857666,-4.98238476117452,104.0,156.0,7.0,157.0
context,Q00987,U,False,False,,False,16,CRNKL1,848,fddfbfc860c997860fa9fa4a7e096bfd29431eb00a7021bf5b2986ae4cc110f3,Q9BZJ0,False,TP53,393,e3ca60f18e3b6e98986ad6749215ee3b7a3abc09c191675213d1f243c035c9a3,P04637,original_six,False,-0.24211067457993826,-1.6534459988276164,0.3222297430038452,-6.983421802520752,-11.46118450164795,-7.258520603179932,-8.567708969116211,14.0,250.0,248.0,385.0
context,Q00987,U,False,False,,False,17,ZNF784,323,f35113f5f233674d00a0ad4a32aa190b881d888ebaee2a58667519a4c8224a9f,Q8NCA9,False,TP53,393,e3ca60f18e3b6e98986ad6749215ee3b7a3abc09c191675213d1f243c035c9a3,P04637,original_six,False,-1.0032818118731182,0.1604717175165812,0.4926047623157501,-4.877525329589844,-10.022260665893555,-6.436922073364258,-7.112236022949219,65.0,40.0,118.0,174.0
context,Q00987,U,False,False,,False,18,NUFIP2,695,ba6fc261ec304fe6b2c251fe71b6162f5f981b6fd471dd45b3f0820e4c6ea556,Q7Z417,False,TP53,393,e3ca60f18e3b6e98986ad6749215ee3b7a3abc09c191675213d1f243c035c9a3,P04637,original_six,False,-1.0654156804084778,-0.31521384914716083,0.386292964220047,-8.782231330871582,-7.515510559082031,-5.583224296569824,-7.2936553955078125,74.0,81.0,132.0,316.0
context,Q00987,U,False,False,,False,19,RPS6,249,17b2646f1af19ebb06cc17eaeb5386e888277d00ffc519b3aa049b653ffa72d2,P62753,False,TP53,393,e3ca60f18e3b6e98986ad6749215ee3b7a3abc09c191675213d1f243c035c9a3,P04637,original_six,False,-2.3556693394978843,-3.1849709351857505,0.5229591131210327,-8.214699745178223,-8.911657333374023,-6.276702404022217,-7.801019827524821,317.0,417.0,183.0,136.0
context,Q00987,U,False,False,,False,20,ZNF724,619,9df3a8bf80c2b4b21bf50549826b89f14fbe69ce9006a118049df57915e6d54e,A8MTY0,False,TP53,393,e3ca60f18e3b6e98986ad6749215ee3b7a3abc09c191675213d1f243c035c9a3,P04637,original_six,False,-3.3695622285207114,-2.7002029418945312,0.47708311676979065,-7.101616382598877,-7.953744888305664,-3.8828887939453125,-6.312750021616618,423.0,380.0,55.0,194.0
context,Q00987,U,False,False,,False,21,BRD2,801,8f2e0977834e932b19f9a7b8f8e5b9ed6eb97c7c2aaedddbead55aa8e21898bc,P25440,False,TP53,393,e3ca60f18e3b6e98986ad6749215ee3b7a3abc09c191675213d1f243c035c9a3,P04637,original_six,False,-0.8955480058987936,0.5549338137110075,0.5775616765022278,-4.22346830368042,-8.240721702575684,-5.4734272956848145,-5.97920576731364,52.0,22.0,38.0,78.0
context,Q00987,U,False,False,,False,22,TRAIP,469,7c0e0004f34acc3a183f86da852c57ddb1fed6307f7af8a1a9cd669852148989,Q9BWF2,False,TP53,393,e3ca60f18e3b6e98986ad6749215ee3b7a3abc09c191675213d1f243c035c9a3,P04637,original_six,False,-0.50588591893514,-0.056644817193349205,0.5068814158439636,-5.329413414001465,-4.339371681213379,-5.848740100860596,-5.1725083986918134,27.0,57.0,13.0,152.0
context,Q00987,U,False,False,,False,23,COPS7B,264,dfa862496d53797ccfc4223e8bb15a97310e6a6671f946229158525fbe2d5bc7,Q9H9Q2,False,TP53,393,e3ca60f18e3b6e98986ad6749215ee3b7a3abc09c191675213d1f243c035c9a3,P04637,original_six,False,-1.73531969388326,-2.000688831011454,0.5054044127464294,-10.16388988494873,-11.03525447845459,-7.164493560791016,-9.454545974731445,191.0,314.0,319.0,155.0
context,Q00987,U,False,False,,False,24,HOXB5,269,d08aac8fd794a4827ef333fc4da5c6f1a8b82d8fc334bd88d8c9ab8fff610c20,P09067,False,TP53,393,e3ca60f18e3b6e98986ad6749215ee3b7a3abc09c191675213d1f243c035c9a3,P04637,original_six,False,0.4800237814585368,0.9654163122177124,0.5699043273925781,-5.107936859130859,-6.736842155456543,-4.463301658630371,-5.436026891072591,2.0,14.0,19.0,83.0
context,Q00987,U,False,False,,False,25,DPH1,438,e19de3ab84b0e049bc9055670f478e1cab163f1dacd10045ba67830c34bb1c8a,Q9BZG8,False,TP53,393,e3ca60f18e3b6e98986ad6749215ee3b7a3abc09c191675213d1f243c035c9a3,P04637,original_six,False,-1.3681799570719402,-2.1604159275690713,0.4328612983226776,-9.577890396118164,-8.472260475158691,-8.035664558410645,-8.695271809895834,125.0,339.0,256.0,254.0
context,Q00987,U,False,False,,False,26,POLD2,469,bf61fb61c92fa42d0e1fd10eaea77cc9eefb3e3baaefd15b1f8a494e6aa58a33,P49005,False,TP53,393,e3ca60f18e3b6e98986ad6749215ee3b7a3abc09c191675213d1f243c035c9a3,P04637,original_six,False,-1.2824268738428752,-1.43993212779363,0.44886335730552673,-10.314552307128906,-10.862776756286621,-5.648134231567383,-8.941821098327637,105.0,217.0,284.0,233.0
context,Q00987,U,False,False,,False,27,ALKBH1,389,200f961262aa2415b054550243782b7cf0fc516376a3ca3a700692b87a373b5f,Q13686,False,TP53,393,e3ca60f18e3b6e98986ad6749215ee3b7a3abc09c191675213d1f243c035c9a3,P04637,original_six,False,-0.4805457691351573,0.04170655210812887,0.7178202271461487,-8.290260314941406,-9.143508911132812,-5.425816535949707,-7.619861920674642,25.0,46.0,163.0,2.0
context,Q00987,U,False,False,,False,28,SP2,613,ba77f0f538d1974989dda05f42329db84aeabef9e27caf096d64661a2cea2798,Q02086,False,TP53,393,e3ca60f18e3b6e98986ad6749215ee3b7a3abc09c191675213d1f243c035c9a3,P04637,original_six,False,-1.3184120655059814,-1.8037134011586506,0.5497514605522156,-6.192704677581787,-8.695220947265625,-6.333232879638672,-7.073719501495361,116.0,287.0,110.0,98.0
context,Q00987,U,False,False,,False,29,NASP,788,352ef2c6a41b88338aa5c91aad65c5767775a1c964a30fb15698581dbf513e58,P49321,False,TP53,393,e3ca60f18e3b6e98986ad6749215ee3b7a3abc09c191675213d1f243c035c9a3,P04637,original_six,False,-1.94499405225118,-2.166717608769735,0.4535715579986572,-9.118217468261719,-11.121074676513672,-6.298135757446289,-8.84580930074056,238.0,341.0,275.0,226.0
context,Q00987,U,False,False,,False,30,NSMCE1,266,d53b4039fc6e3e66f4fedf4fdeeb439cf459bdc21ce23fd81b1b842009c49dd4,Q8WV22,False,TP53,393,e3ca60f18e3b6e98986ad6749215ee3b7a3abc09c191675213d1f243c035c9a3,P04637,original_six,False,-1.7177878220876057,-1.3067235549290974,0.4946901202201843,-6.7812275886535645,-5.9079909324646,-6.74611759185791,-6.478445370992024,188.0,192.0,69.0,173.0
context,Q00987,U,False,False,,False,31,RNGTT,597,28bd3ea820ac63f2f744f71a28ee053057ab569b0a13a8fbe1e26a66b6f4f2f4,O60942,False,TP53,393,e3ca60f18e3b6e98986ad6749215ee3b7a3abc09c191675213d1f243c035c9a3,P04637,original_six,False,-1.0037550528844197,-0.0489386518796285,0.7464011907577515,-4.252933502197266,-7.822964668273926,-2.1513819694519043,-4.742426713307698,66.0,55.0,4.0,1.0
context,Q00987,U,False,False,,False,32,ARIH1,557,15ac069d5e164329f58acd6791740dee51a2430b7d21850982f9c120722c272a,Q9Y4X5,False,TP53,393,e3ca60f18e3b6e98986ad6749215ee3b7a3abc09c191675213d1f243c035c9a3,P04637,original_six,False,-0.4387316107749939,0.0818021794160207,0.6654614210128784,-5.650343894958496,-11.645380973815918,-3.940951108932495,-7.07889199256897,22.0,44.0,112.0,10.0
context,Q00987,U,False,False,,False,33,SMU1,513,eca765c8774268c7b896afdd9de47ffe7860d58a05c2ce4bfb651725871e222b,Q2TAY7,False,TP53,393,e3ca60f18e3b6e98986ad6749215ee3b7a3abc09c191675213d1f243c035c9a3,P04637,original_six,False,-1.8681966066360474,-1.2349172234535217,0.5718328356742859,-9.857526779174805,-10.708645820617676,-7.941944599151611,-9.502705732981363,217.0,182.0,325.0,80.0
context,Q00987,U,False,False,,False,34,ATXN1,815,8394172a312489e2572c7b0167240ed570acbd6bf6fb74bf9197c9324fc3e871,P54253,False,TP53,393,e3ca60f18e3b6e98986ad6749215ee3b7a3abc09c191675213d1f243c035c9a3,P04637,original_six,False,-0.512079119682312,0.12587619200348854,0.6277315616607666,-9.323866844177246,-8.378262519836426,-5.623510360717773,-7.775213241577148,29.0,42.0,181.0,28.0
context,Q00987,U,False,False,,False,35,NET1,596,bc6f1161e6429c10488f660726a334e561a345e3a9cc289f1a693a4993c7217e,Q7Z628,False,TP53,393,e3ca60f18e3b6e98986ad6749215ee3b7a3abc09c191675213d1f243c035c9a3,P04637,original_six,False,-1.2116951147715251,-0.7091898719469706,0.3564583659172058,-6.1370086669921875,-8.190361976623535,-6.113327503204346,-6.8135660489400225,102.0,130.0,94.0,356.0
context,Q00987,U,False,False,,False,36,ANAPC5,755,ef395586fd997a669e8a8469c72ac3e7932a4d6a646710541ff5cc2aa014eb92,Q9UJX4,False,TP53,393,e3ca60f18e3b6e98986ad6749215ee3b7a3abc09c191675213d1f243c035c9a3,P04637,original_six,False,-1.0707026521364849,-0.6049612363179525,0.43435177206993103,-13.088608741760254,-9.904498100280762,-8.857335090637207,-10.616813977559408,75.0,111.0,390.0,250.0
context,Q00987,U,False,False,,False,37,FGD2,655,3eb82387ef1e43ed5cbd1255434c028d2a8ff3951be3e1d2718f49650b96d98a,Q7Z6J4,False,TP53,393,e3ca60f18e3b6e98986ad6749215ee3b7a3abc09c191675213d1f243c035c9a3,P04637,original_six,False,-1.0275008877118428,-0.01042818029721578,0.5048083662986755,-7.460864543914795,-12.42790412902832,-11.1376314163208,-10.342133363087973,70.0,51.0,370.0,156.0
context,Q00987,U,False,False,,False,38,PLEKHO1,409,8f93733e55c89af72462b91dc080e6cd90f964229fc3e3fa0174dce529fc567d,Q53GL0,False,TP53,393,e3ca60f18e3b6e98986ad6749215ee3b7a3abc09c191675213d1f243c035c9a3,P04637,original_six,False,-1.133501410484314,-1.2669212023417156,0.3534829914569855,-11.003641128540039,-11.811145782470703,-10.909963607788086,-11.241583506266275,91.0,185.0,412.0,359.0
context,Q00987,U,False,False,,False,39,ZNF585A,769,cd8be722220512b546736931da613d643629a0102319b1312f9ebe1363ae8a1b,Q6P3V2,False,TP53,393,e3ca60f18e3b6e98986ad6749215ee3b7a3abc09c191675213d1f243c035c9a3,P04637,original_six,False,-3.0641635258992515,-2.033596913019816,0.4816476106643677,-5.105288982391357,-7.070749282836914,-6.4426164627075195,-6.206218242645264,404.0,318.0,50.0,184.0
context,Q00987,U,False,False,,False,40,ZNF2,425,3bf7414cc0df843541bf68705a9f0ab99f1a27d2d7c1d557db480b4c61546a22,Q9BSG1,False,TP53,393,e3ca60f18e3b6e98986ad6749215ee3b7a3abc09c191675213d1f243c035c9a3,P04637,original_six,False,-2.667506138483683,-1.2383998036384583,0.4894542694091797,-6.495161533355713,-9.933990478515625,-6.8984694480896,-7.7758738199869795,367.0,183.0,182.0,177.0
context,Q00987,U,False,False,,False,41,RPS6KA3,740,49fe047bcbcb31e41253f9377715ec6f0c7987bb8362e25ebcd09b4ef0afaf83,P51812,False,TP53,393,e3ca60f18e3b6e98986ad6749215ee3b7a3abc09c191675213d1f243c035c9a3,P04637,original_six,False,-1.0745191772778828,-0.3932220737139384,0.4406851828098297,-7.558846473693848,-9.540870666503906,-7.147508144378662,-8.082408428192139,77.0,91.0,208.0,245.0
context,Q00987,U,False,False,,False,42,TLE6,572,38d934412df40e9ee95fde57c22bba7c2ef3c08312dad51555aea55168bba1e0,Q9H808,False,TP53,393,e3ca60f18e3b6e98986ad6749215ee3b7a3abc09c191675213d1f243c035c9a3,P04637,original_six,False,-1.7288780609766643,-0.20225186149279276,0.3764033913612366,-8.59799575805664,-8.009536743164062,-8.773703575134277,-8.46041202545166,190.0,71.0,232.0,332.0
context,Q00987,U,False,False,,False,43,TUBD1,453,0957fcfd23773d3c7268ada6bc2829a5e687e6ff68884ca3a7830bede67b1618,Q9UJT1,False,TP53,393,e3ca60f18e3b6e98986ad6749215ee3b7a3abc09c191675213d1f243c035c9a3,P04637,original_six,False,-1.6125301917394002,-0.32633183399836224,0.249952033162117,-10.479323387145996,-9.536803245544434,-8.400888442993164,-9.472338358561197,167.0,84.0,322.0,436.0
context,Q00987,U,False,False,,False,44,MX2,715,9cafa4716b0b4bc85b1c4b7163ac8bc835083bb53e3ba458eb03af0580321885,P20592,False,TP53,393,e3ca60f18e3b6e98986ad6749215ee3b7a3abc09c191675213d1f243c035c9a3,P04637,original_six,False,-0.9317671457926432,-0.851171463727951,0.4538726210594177,-5.888972759246826,-8.60271167755127,-4.814759731292725,-6.4354813893636065,57.0,145.0,67.0,225.0
context,Q00987,U,False,False,,False,45,RAD52,418,847a139c2e50a9e6f402079c4eaf7061284ab92b9fd68c381eaa0eca57a55728,P43351,False,TP53,393,e3ca60f18e3b6e98986ad6749215ee3b7a3abc09c191675213d1f243c035c9a3,P04637,original_six,False,-0.7120636701583862,-0.2840885917345683,0.6669616103172302,-6.2820940017700195,-6.949544906616211,-4.64274787902832,-5.958128929138184,39.0,79.0,37.0,9.0
context,Q00987,U,False,False,,False,46,UNKL,680,425031f7ec9ca28109105324d08b57606dbbf1f8a3e547c5ea9df9c19af02039,Q9H9P5,False,TP53,393,e3ca60f18e3b6e98986ad6749215ee3b7a3abc09c191675213d1f243c035c9a3,P04637,original_six,False,-0.05058525875210762,-0.15540904800097147,0.6501622796058655,-6.214325904846191,-6.746514797210693,-4.069862365722656,-5.676901022593181,9.0,66.0,27.0,17.0
context,Q00987,U,False,False,,False,47,NUP107,925,7e9eebd5bd10618a05dc1266af994c0d8a711ad81b8976970a69269a46603934,P57740,False,TP53,393,e3ca60f18e3b6e98986ad6749215ee3b7a3abc09c191675213d1f243c035c9a3,P04637,original_six,False,-1.6878954966862996,-1.326343019803365,0.4467988908290863,-7.351841926574707,-12.123313903808594,-6.429996013641357,-8.635050614674887,181.0,195.0,254.0,237.0
context,Q00987,U,False,False,,False,48,ELL,621,f96e3d86b668df42b57369845b0ddc2d8d30f18704f6b851d5d3b20249f3c5ae,P55199,False,TP53,393,e3ca60f18e3b6e98986ad6749215ee3b7a3abc09c191675213d1f243c035c9a3,P04637,original_six,False,-0.07376236841082573,1.2137871980667114,0.5976418852806091,-2.9831137657165527,-8.212907791137695,-4.245944976806641,-5.147322177886963,10.0,7.0,11.0,57.0
context,Q00987,U,False,False,,False,49,GCAT,419,610147436d774ee4c780e306ff2912640f7463b648c1b4e9c595f78671ff2192,O75600,False,TP53,393,e3ca60f18e3b6e98986ad6749215ee3b7a3abc09c191675213d1f243c035c9a3,P04637,original_six,False,-0.388169805208842,-0.15685415267944336,0.4421702027320862,-4.5343017578125,-7.770900726318359,-6.029271602630615,-6.111491362253825,18.0,68.0,46.0,241.0
context,Q00987,U,False,False,,False,50,DUX4,424,7081bf005990fb44f12ec01df0135752532424c6cf7f6428e7c0b716bac32d4a,Q9UBX2,False,TP53,393,e3ca60f18e3b6e98986ad6749215ee3b7a3abc09c191675213d1f243c035c9a3,P04637,original_six,False,-0.2656848554809888,1.0461389621098836,0.43255794048309326,-7.837597370147705,-6.392394065856934,-4.195833206176758,-6.141941547393799,16.0,9.0,48.0,255.0
context,Q00987,U,False,False,,False,51,AFMID,303,ffc8d52f686a5db6eec0d4c14a41903ab1c6ad1d2d6f852848bf4244e5cd2f99,Q63HM1,False,TP53,393,e3ca60f18e3b6e98986ad6749215ee3b7a3abc09c191675213d1f243c035c9a3,P04637,original_six,False,-1.07369468609492,-2.0814141035079956,0.5998470783233643,-7.240859508514404,-9.14024543762207,-5.2086405754089355,-7.196581840515137,76.0,329.0,125.0,53.0
context,Q00987,U,False,False,,False,52,ZNF230,474,b80a8083b3f36b3577a39308197472e2fa68eb62fd6954bca845545f1e6b6e3c,Q9UIE0,False,TP53,393,e3ca60f18e3b6e98986ad6749215ee3b7a3abc09c191675213d1f243c035c9a3,P04637,original_six,False,-2.7774957021077475,-1.7783653338750203,0.5798342227935791,-4.222988128662109,-6.548834800720215,-7.936260223388672,-6.236027717590332,377.0,276.0,53.0,77.0
context,Q00987,U,False,False,,False,53,WDR77,342,f5236aacb5a677fa76a7544f56d4688e94ea3eaadc4c6e5d2ec0d2213a48394c,Q9BQA1,False,TP53,393,e3ca60f18e3b6e98986ad6749215ee3b7a3abc09c191675213d1f243c035c9a3,P04637,original_six,False,-2.313106139500936,-2.050406893094381,0.46827232837677,-9.38121223449707,-9.75550651550293,-7.015810489654541,-8.717509746551514,306.0,323.0,261.0,205.0
background,Q00987,U,False,False,,False,54,RASL12,266,ba23a35cf6c6a0be072d109ccf05ef9a34afc2fd7eba28fd0e4140fdc3564dc0,Q9NYN1,False,TP53,393,e3ca60f18e3b6e98986ad6749215ee3b7a3abc09c191675213d1f243c035c9a3,P04637,original_six,False,-2.404592275619507,-2.3724632263183594,0.2804184556007385,-8.542328834533691,-11.999288558959961,-8.915157318115234,-9.818924903869629,326.0,354.0,340.0,420.0
background,Q00987,U,False,False,,False,55,ZNF780B,833,ff87ee6a81b9fe270c5d7e6888a6449197818ebb0d451924a72dc6a716d96de8,Q9Y6R6,False,TP53,393,e3ca60f18e3b6e98986ad6749215ee3b7a3abc09c191675213d1f243c035c9a3,P04637,original_six,False,-3.0963305632273355,-2.518129507700602,0.45709723234176636,-5.364386081695557,-8.015376091003418,-9.528042793273926,-7.635934988657634,407.0,363.0,166.0,218.0
background,Q00987,U,False,False,,False,56,WDR83,315,9828924db96f902fbc23aca6864a8445b306ac9dc645f5cc7cc0c5971c48e0c1,Q9BRX9,False,TP53,393,e3ca60f18e3b6e98986ad6749215ee3b7a3abc09c191675213d1f243c035c9a3,P04637,original_six,False,-2.1996611754099527,-0.6146193544069926,0.3766898810863495,-5.0833001136779785,-9.267410278320312,-7.871880531311035,-7.407530307769775,283.0,113.0,148.0,331.0
background,Q00987,U,False,False,,False,57,ADGRF4,695,0b4bc10050969ff1764634718b5b410067da4e4ba9217e75b2afced8d24e999c,Q8IZF3,False,TP53,393,e3ca60f18e3b6e98986ad6749215ee3b7a3abc09c191675213d1f243c035c9a3,P04637,original_six,False,-3.4982169469197593,-4.57009220123291,0.370065301656723,-14.1345853805542,-14.715570449829102,-8.843801498413086,-12.564652442932129,427.0,450.0,437.0,339.0
background,Q00987,U,False,False,,False,58,EXOSC10,885,313117431a8c3892766e5d52d4cebab709f6dc830a45dc880f0e913fe80bec0e,Q01780,False,TP53,393,e3ca60f18e3b6e98986ad6749215ee3b7a3abc09c191675213d1f243c035c9a3,P04637,original_six,False,-0.7071350614229838,-1.6291468143463135,0.5015296936035156,-7.83196496963501,-11.061984062194824,-5.694725036621094,-8.196224689483643,38.0,245.0,214.0,164.0
background,Q00987,U,False,False,,False,59,ACTR3B,418,39e561705378587a244f479773f2b75a0b93addbaac2e22502cc6ece065a4fdd,Q9P1U1,False,TP53,393,e3ca60f18e3b6e98986ad6749215ee3b7a3abc09c191675213d1f243c035c9a3,P04637,original_six,False,-2.6065255800882974,-2.041778326034546,0.400434285402298,-8.958251953125,-7.438738822937012,-4.111845970153809,-6.836278915405273,356.0,320.0,97.0,299.0
background,Q00987,U,False,False,,False,60,FIGNL2,653,ff8ab791be3f107a85c7c19e21c7e3b929e08582adbda23390e56bd328d763cf,A6NMB9,False,TP53,393,e3ca60f18e3b6e98986ad6749215ee3b7a3abc09c191675213d1f243c035c9a3,P04637,original_six,False,-2.6865766843159995,-1.4136093457539876,0.4704844653606415,-7.109915733337402,-9.640138626098633,-4.025180339813232,-6.925078233083089,370.0,208.0,100.0,201.0
background,Q00987,U,False,False,,False,61,ANXA11,505,c82b2bc51108c3f2e2959e051a47ae22bcac265e30ea947559f614ffbc4d5850,P50995,False,TP53,393,e3ca60f18e3b6e98986ad6749215ee3b7a3abc09c191675213d1f243c035c9a3,P04637,original_six,False,-0.4252345363299052,-0.7141879598299662,0.637001633644104,-6.762042045593262,-11.633723258972168,-5.68849515914917,-8.0280868212382,21.0,131.0,202.0,24.0
background,Q00987,U,False,False,,False,62,GRM2,872,95d418e293225bfd6e882a972d6a593a5c0dbe96e87443c51c8ac3caa25ec555,Q14416,False,TP53,393,e3ca60f18e3b6e98986ad6749215ee3b7a3abc09c191675213d1f243c035c9a3,P04637,original_six,False,-2.6349616845448813,-2.074697176615397,0.3812067210674286,-12.622380256652832,-13.659566879272461,-13.536225318908691,-13.272724151611328,360.0,326.0,445.0,325.0
background,Q00987,U,False,False,,False,63,KCNK18,384,f361d925fefd6f05b6b6744b27baa67387e3d878959303ad383b7ea97baa85e4,Q7Z418,False,TP53,393,e3ca60f18e3b6e98986ad6749215ee3b7a3abc09c191675213d1f243c035c9a3,P04637,original_six,False,-3.953963120778402,-3.857860565185547,0.2892952561378479,-15.667854309082031,-15.983298301696777,-12.9865083694458,-14.879220326741537,440.0,441.0,451.0,411.0
background,Q00987,U,False,False,,False,64,C1QTNF3,246,f1c1154ee896d65763c86590223a6270704f63c9b7e3dbae263918289fc51b5f,Q9BXJ4,False,TP53,393,e3ca60f18e3b6e98986ad6749215ee3b7a3abc09c191675213d1f243c035c9a3,P04637,original_six,False,-1.176068107287089,-0.07396580775578816,0.4311729669570923,-10.780431747436523,-9.213298797607422,-11.20679759979248,-10.400176048278809,98.0,60.0,377.0,261.0
background,Q00987,U,False,False,,False,65,DCAF12L2,463,e314eada8d2875b35ab19f53c26c86659d51e6443c61b0ad20df58224c4d4856,Q5VW00,False,TP53,393,e3ca60f18e3b6e98986ad6749215ee3b7a3abc09c191675213d1f243c035c9a3,P04637,original_six,False,-2.3007569313049316,-1.7522446711858113,0.5247819423675537,-7.700954437255859,-12.349727630615234,-6.979743957519531,-9.010142008463541,303.0,271.0,290.0,133.0
background,Q00987,U,False,False,,False,66,CAPNS1,268,52b0706d878664cac77cca85df92d2e3b8b93c9d6f03c75738860222a0c18d3c,P04632,False,TP53,393,e3ca60f18e3b6e98986ad6749215ee3b7a3abc09c191675213d1f243c035c9a3,P04637,original_six,False,-0.7650221784909567,0.007169107596079509,0.58246910572052,-6.53578519821167,-10.703022003173828,-8.95610237121582,-8.73163652420044,45.0,50.0,264.0,73.0
background,Q00987,U,False,False,,False,67,PHYHD1,291,d51e33badd10690e25b48d3a8f22289690c1a5b20fa3335416bf68d3533ee922,Q5SRE7,False,TP53,393,e3ca60f18e3b6e98986ad6749215ee3b7a3abc09c191675213d1f243c035c9a3,P04637,original_six,False,-1.3073430061340332,-1.4273776809374492,0.5270001888275146,-6.336617469787598,-8.419824600219727,-3.8093554973602295,-6.188599189122518,111.0,213.0,49.0,123.0
background,Q00987,U,False,False,,False,68,ANKRD1,319,dea24673aa78e2acc8cf32bdec61610e4aa0f21a0fa5b870ad6433fdce755b2c,Q15327,False,TP53,393,e3ca60f18e3b6e98986ad6749215ee3b7a3abc09c191675213d1f243c035c9a3,P04637,original_six,False,-2.3350523312886557,-1.694406082232793,0.5003310441970825,-7.031567573547363,-10.451090812683105,-6.2852935791015625,-7.922650655110677,315.0,259.0,192.0,168.0
background,Q00987,U,False,False,,False,69,ADAM30,790,cafafa5fd6a055c18e0ba9b7e3270b343f9a25ea7e3efc945e5b090038c52a9d,Q9UKF2,False,TP53,393,e3ca60f18e3b6e98986ad6749215ee3b7a3abc09c191675213d1f243c035c9a3,P04637,original_six,False,-2.888770898183187,-2.8947178522745767,0.24833084642887115,-15.047835350036621,-10.33487606048584,-10.922613143920898,-12.10177485148112,390.0,398.0,433.0,437.0
background,Q00987,U,False,False,,False,70,GCNT4,453,57967ce8f6eb0a1dda0901a3c2ec83be8a09c48c48e807df9eb0c47a010ba36b,Q9P109,False,TP53,393,e3ca60f18e3b6e98986ad6749215ee3b7a3abc09c191675213d1f243c035c9a3,P04637,original_six,False,-3.147213935852051,-3.8846251169840493,0.2907019257545471,-10.047159194946289,-13.283767700195312,-11.500801086425781,-11.610575993855795,410.0,443.0,424.0,409.0
background,Q00987,U,False,False,,False,71,AGPAT2,278,80f790fa55369b97c35d225ffad5a75bbfdb9fb8b6d6cf096a0e04f80c3dcdea,O15120,False,TP53,393,e3ca60f18e3b6e98986ad6749215ee3b7a3abc09c191675213d1f243c035c9a3,P04637,original_six,False,-2.8857396443684897,-2.70412814617157,0.22052831947803497,-10.120006561279297,-9.905524253845215,-10.786325454711914,-10.270618756612143,388.0,381.0,361.0,446.0
background,Q00987,U,False,False,,False,72,CACUL1,369,2300859de8a96b3cd01d0883470c59f07ef0278586caad1d5ffbf04ec36dc838,Q86Y37,False,TP53,393,e3ca60f18e3b6e98986ad6749215ee3b7a3abc09c191675213d1f243c035c9a3,P04637,original_six,False,-1.4719098806381226,-1.1106995145479839,0.5461204051971436,-4.497746467590332,-9.014605522155762,-4.656223297119141,-6.056191762288411,144.0,169.0,43.0,107.0
background,Q00987,U,False,False,,False,73,ZBTB12,459,c83c4437e174e2b2c555b91e1df6a45ce2ed01a4d4f6b63b4af80337d1642a78,Q9Y330,False,TP53,393,e3ca60f18e3b6e98986ad6749215ee3b7a3abc09c191675213d1f243c035c9a3,P04637,original_six,False,-2.0198727448781333,-2.1105566024780273,0.5595235228538513,-7.521371364593506,-8.37446117401123,-6.155099391937256,-7.350310643513997,248.0,334.0,139.0,92.0
background,Q00987,U,False,False,,False,74,RPL3,403,f81bfab67964df73cdd4a6d6fe4358d73023b5532f5f7401ecdcd729edaf75f9,P39023,False,TP53,393,e3ca60f18e3b6e98986ad6749215ee3b7a3abc09c191675213d1f243c035c9a3,P04637,original_six,False,-2.987952391306559,-2.605525573094686,0.5006003975868225,-8.888333320617676,-7.916632652282715,-5.798609733581543,-7.534525235493978,395.0,372.0,159.0,166.0
background,Q00987,U,False,False,,False,75,NXPE3,559,f7851eda73ca3985292768f4accd4e88830c09b658c71ffa779b06f03c325104,Q969Y0,False,TP53,393,e3ca60f18e3b6e98986ad6749215ee3b7a3abc09c191675213d1f243c035c9a3,P04637,original_six,False,-2.0784801642100015,-3.2093213399251304,0.28343087434768677,-14.805509567260742,-12.813509941101074,-12.233261108398438,-13.284093538920084,258.0,420.0,446.0,416.0
background,Q00987,U,False,False,,False,76,CYP4A22,519,4b175e34f4467ce9e7978f7f41e27b6565d57c30b59ce46778c3ac333fbadb17,Q5TCH4,False,TP53,393,e3ca60f18e3b6e98986ad6749215ee3b7a3abc09c191675213d1f243c035c9a3,P04637,original_six,False,-2.2098992665608725,-2.877239465713501,0.3205796182155609,-11.215475082397461,-12.908623695373535,-9.105817794799805,-11.0766388575236,287.0,392.0,403.0,390.0
background,Q00987,U,False,False,,False,77,CD2AP,639,a1b102236d88295a0014055330eadeaef1e37138620800201b9931f7b922f603,Q9Y5K6,False,TP53,393,e3ca60f18e3b6e98986ad6749215ee3b7a3abc09c191675213d1f243c035c9a3,P04637,original_six,False,-2.4158491293589273,-2.336199998855591,0.4566372036933899,-6.907594203948975,-9.510893821716309,-6.880880832672119,-7.766456286112468,330.0,351.0,180.0,221.0
background,Q00987,U,False,False,,False,78,UMPS,480,c303d7e7724c7beedc8089712b3939a89de9ef2ec912b0e488240d9c7393bb88,P11172,False,TP53,393,e3ca60f18e3b6e98986ad6749215ee3b7a3abc09c191675213d1f243c035c9a3,P04637,original_six,False,-2.5403829415639243,-2.6656621297200522,0.6040610671043396,-9.01669979095459,-8.577620506286621,-8.67430305480957,-8.756207784016928,347.0,377.0,268.0,47.0
background,Q00987,U,False,False,,False,79,RUSF1,468,91f975469f3c9cac07e7d255d4a19235dafe7649e05c3ea005ce94299feabfe1,Q96GQ5,False,TP53,393,e3ca60f18e3b6e98986ad6749215ee3b7a3abc09c191675213d1f243c035c9a3,P04637,original_six,False,-1.4502575794855754,0.13681258261203766,0.17464706301689148,-10.128552436828613,-10.793598175048828,-6.849958419799805,-9.257369677225748,141.0,41.0,303.0,451.0
background,Q00987,U,False,False,,False,80,TBC1D23,699,e292cd1ab8dc1fcd4b1bdd1fc39685b70036d20c4d029fddca4d243bbe198114,Q9NUY8,False,TP53,393,e3ca60f18e3b6e98986ad6749215ee3b7a3abc09c191675213d1f243c035c9a3,P04637,original_six,False,-1.1098336776097615,-0.4236791531244914,0.48576080799102783,-5.651825428009033,-6.279790878295898,-4.066872596740723,-5.332829634348552,87.0,96.0,16.0,179.0
background,Q00987,U,False,False,,False,81,APOE,317,eddd8b84fbb094df0b4067ca1d0b9b137ddaee4f8b3a548fcff5152e92a4dd4b,P02649,False,TP53,393,e3ca60f18e3b6e98986ad6749215ee3b7a3abc09c191675213d1f243c035c9a3,P04637,original_six,False,-1.8944297234217327,-1.8711936871210735,0.25941258668899536,-5.592469215393066,-8.484764099121094,-7.061801910400391,-7.046345074971517,224.0,298.0,108.0,430.0
background,Q00987,U,False,False,,False,82,PGM1,562,8f011037cf44350c9026acb2f7547481d8a606fc75f077a9fa3c96cb391b445c,P36871,False,TP53,393,e3ca60f18e3b6e98986ad6749215ee3b7a3abc09c191675213d1f243c035c9a3,P04637,original_six,False,-1.6516158978144329,-2.13065767288208,0.6016136407852173,-7.137579917907715,-8.01988410949707,-7.4008708000183105,-7.519444942474365,175.0,337.0,157.0,49.0
background,Q00987,U,False,False,,False,83,KRT16,473,c89581e9dcd533f30f82a8c96a1b77ddeb4a1ad9617704d22f4ec5627b0d8ad4,P08779,False,TP53,393,e3ca60f18e3b6e98986ad6749215ee3b7a3abc09c191675213d1f243c035c9a3,P04637,original_six,False,-1.2059826056162517,-0.2216239074865977,0.35826656222343445,-6.087804794311523,-9.771371841430664,-4.509195804595947,-6.789457480112712,100.0,73.0,91.0,354.0
background,Q00987,U,False,False,,False,84,PTX3,381,6eb08505dec307b61e10d0df36e3bcb360ec2fd15c9aaeba54cbf1bed31e43c5,P26022,False,TP53,393,e3ca60f18e3b6e98986ad6749215ee3b7a3abc09c191675213d1f243c035c9a3,P04637,original_six,False,-1.6943975289662678,-1.7227115631103516,0.39490044116973877,-11.88393497467041,-16.599336624145508,-9.420583724975586,-12.634618441263834,182.0,265.0,438.0,304.0
background,Q00987,U,False,False,,False,85,PNMA5,448,23b040495d9385ceca42b27494fcb45ab7f676c6dd085504857e599d7a1517af,Q96PV4,False,TP53,393,e3ca60f18e3b6e98986ad6749215ee3b7a3abc09c191675213d1f243c035c9a3,P04637,original_six,False,-0.9970179796218872,0.2972750316063563,0.530873715877533,-7.136244773864746,-6.502504348754883,-5.056311130523682,-6.2316867510477705,61.0,36.0,52.0,120.0
background,Q00987,U,False,False,,False,86,SLC44A2,706,6a87737a8a430424aabe488c24d5552cf9d68bf8dd63af4aa68d0acab33e74e6,Q8IWA5,False,TP53,393,e3ca60f18e3b6e98986ad6749215ee3b7a3abc09c191675213d1f243c035c9a3,P04637,original_six,False,-1.8316524823506672,-0.9711777170499166,0.3254193961620331,-9.651958465576172,-14.48157787322998,-10.143190383911133,-11.425575574239096,205.0,157.0,419.0,381.0
background,Q00987,U,False,False,,False,87,MARK4,752,77dd8ddd63a06cb1506cc5925b59a5813c1142a912ebf29cb6dca84559dbebaa,Q96L34,False,TP53,393,e3ca60f18e3b6e98986ad6749215ee3b7a3abc09c191675213d1f243c035c9a3,P04637,original_six,False,-1.1420909365018208,-0.6030804018179575,0.38023412227630615,-5.83481502532959,-8.688981056213379,-6.727293491363525,-7.083696524302165,94.0,109.0,113.0,326.0
background,Q00987,U,False,False,,False,88,NEUROG2,272,caf2a1145f142a62f1cfc4fb91b0daaf26eb16db5438c6f7ad683cbc76f62cde,Q9H2A3,False,TP53,393,e3ca60f18e3b6e98986ad6749215ee3b7a3abc09c191675213d1f243c035c9a3,P04637,original_six,False,-1.9044719537099202,-0.3451397816340129,0.5916626453399658,-5.712643146514893,-8.955901145935059,-4.359825134277344,-6.342789808909099,226.0,87.0,60.0,63.0
background,Q00987,U,False,False,,False,89,MRGPRF,343,429addf8b033586263f29cedf479d11ac461dd580e3c2889583e0e0504d8f697,Q96AM1,False,TP53,393,e3ca60f18e3b6e98986ad6749215ee3b7a3abc09c191675213d1f243c035c9a3,P04637,original_six,False,-4.245609124501546,-3.1055241425832114,0.36525020003318787,-12.84675407409668,-12.327727317810059,-9.24523639678955,-11.473239262898764,444.0,411.0,420.0,345.0
background,Q00987,U,False,False,,False,90,RNF167,350,4917a4b0b257d35b0208e4a094054b44a145960cd58b35b9cfdd03587d9de3d9,Q9H6Y7,False,TP53,393,e3ca60f18e3b6e98986ad6749215ee3b7a3abc09c191675213d1f243c035c9a3,P04637,original_six,False,-3.235089063644409,-2.620166222254435,0.38254669308662415,-11.18801498413086,-10.959480285644531,-9.654199600219727,-10.600564956665039,414.0,373.0,389.0,323.0
background,Q00987,U,False,False,,False,91,PPP3CB,524,bd6d21436948c6b7e7099be41cb8734a1ec4a62a06e820b7d274293a69fd7935,P16298,False,TP53,393,e3ca60f18e3b6e98986ad6749215ee3b7a3abc09c191675213d1f243c035c9a3,P04637,original_six,False,-0.5472247203191122,0.3107003966967265,0.5666520595550537,-6.213506698608398,-8.59134578704834,-4.0650153160095215,-6.289955933888753,32.0,34.0,54.0,85.0
background,Q00987,U,False,False,,False,92,ALPI,528,99812abd489de1dffbd6d66947ca47f0112feffce9d2b2b2d945d0316a5d5b11,P09923,False,TP53,393,e3ca60f18e3b6e98986ad6749215ee3b7a3abc09c191675213d1f243c035c9a3,P04637,original_six,False,-1.9478585720062256,-0.3812099099159241,0.3460220396518707,-9.219635009765625,-7.679633617401123,-7.001407623291016,-7.966892083485921,239.0,90.0,198.0,365.0
background,Q00987,U,False,False,,False,93,HAP1,671,0e58b20a5a13388e3d31cc5c813d3448f159bb3b3f69d318f72fbed0943890cf,P54257,False,TP53,393,e3ca60f18e3b6e98986ad6749215ee3b7a3abc09c191675213d1f243c035c9a3,P04637,original_six,False,-0.4634607632954915,0.6323512693246206,0.2809663414955139,-5.727319717407227,-10.685510635375977,-10.321288108825684,-8.911372820536295,23.0,20.0,282.0,419.0
background,Q00987,U,False,False,,False,94,QRFPR,431,4b446830b1bae30fdb22adf37a191bbf63d51bb5938485f6cdede8ce3eda85fd,Q96P65,False,TP53,393,e3ca60f18e3b6e98986ad6749215ee3b7a3abc09c191675213d1f243c035c9a3,P04637,original_six,False,-4.319391091664632,-4.5467813809712725,0.3221047818660736,-14.480047225952148,-13.385188102722168,-11.71146297454834,-13.192232767740885,445.0,449.0,444.0,387.0
background,Q00987,U,False,False,,False,95,C2orf42,574,f3b6c12993a36699b258afcc11ea0e57d2eca4e65ef3f394d9390a71a08ff46f,Q9NWW7,False,TP53,393,e3ca60f18e3b6e98986ad6749215ee3b7a3abc09c191675213d1f243c035c9a3,P04637,original_six,False,-1.3538862069447835,-0.6406903316577276,0.6558088064193726,-6.720309257507324,-6.689559459686279,-4.052849292755127,-5.820906003316243,120.0,119.0,31.0,15.0
background,Q00987,U,False,False,,False,96,FAM131C,280,829daac38347ddf9b52be8339f05e95cbc547ece99f08402e923add82aed6c2f,Q96AQ9,False,TP53,393,e3ca60f18e3b6e98986ad6749215ee3b7a3abc09c191675213d1f243c035c9a3,P04637,original_six,False,-1.9376275539398193,-1.156064550081889,0.4706931710243225,-10.102027893066406,-10.260011672973633,-5.803597927093506,-8.721879164377848,236.0,172.0,262.0,200.0
background,Q00987,U,False,False,,False,97,FTO,505,022c267c8428b62788b29f05279a1243080b944a7d58045a0c103edd1af36027,Q9C0B1,False,TP53,393,e3ca60f18e3b6e98986ad6749215ee3b7a3abc09c191675213d1f243c035c9a3,P04637,original_six,False,-2.200954039891561,-0.5431529134511948,0.5473014712333679,-6.5276899337768555,-7.454254627227783,-4.060396194458008,-6.014113585154216,284.0,103.0,40.0,106.0
background,Q00987,U,False,False,,False,98,CDHR4,788,39cf9bccea9d3801e1c71bf84eb9e3617a72e0e73141c8397c3139efd5fba243,A6H8M9,False,TP53,393,e3ca60f18e3b6e98986ad6749215ee3b7a3abc09c191675213d1f243c035c9a3,P04637,original_six,False,-1.5441898902257283,-0.6418927907943726,0.3336661756038666,-11.968527793884277,-8.607240676879883,-7.705996513366699,-9.427254994710287,152.0,120.0,316.0,374.0
background,Q00987,U,False,False,,False,99,HNRNPU,825,bdde991a41ffa7f13aa88d9a8f16475198456ef2041a1b43efcdda931ef61269,Q00839,False,TP53,393,e3ca60f18e3b6e98986ad6749215ee3b7a3abc09c191675213d1f243c035c9a3,P04637,original_six,False,-1.9119709730148315,-2.048866033554077,0.6576380729675293,-7.469460487365723,-9.240354537963867,-4.909765720367432,-7.206526915232341,229.0,322.0,127.0,14.0
background,Q00987,U,False,False,,False,100,SEZ6L2,910,eb437b2306db4fb9de08d7a1659fb3fc9221067f37ea3ea6dc1edddddd217aba,Q6UXD5,False,TP53,393,e3ca60f18e3b6e98986ad6749215ee3b7a3abc09c191675213d1f243c035c9a3,P04637,original_six,False,-1.4123570521672566,-0.9604372580846151,0.4509701728820801,-9.313455581665039,-12.873148918151855,-12.783740043640137,-11.656781514485678,131.0,154.0,425.0,230.0
background,Q00987,U,False,False,,False,101,POMC,267,d8e9f89ca218acaf9b84a84f3ac92d8d35bda2fd1c2ac33c5fe143299098c67c,P01189,False,TP53,393,e3ca60f18e3b6e98986ad6749215ee3b7a3abc09c191675213d1f243c035c9a3,P04637,original_six,False,-3.8125669956207275,-2.8963514963785806,0.532806396484375,-10.709439277648926,-11.676995277404785,-7.784549713134766,-10.056994756062826,437.0,399.0,352.0,116.0
background,Q00987,U,False,False,,False,102,ESCO1,840,fbbb2c6371c79821fbe6fe886eb83f3460b5eb64e3136de6045bae196f107bdc,Q5FWF5,False,TP53,393,e3ca60f18e3b6e98986ad6749215ee3b7a3abc09c191675213d1f243c035c9a3,P04637,original_six,False,-2.0818623304367065,-1.835892120997111,0.5644690990447998,-8.494335174560547,-7.702988624572754,-5.612715244293213,-7.270013014475505,261.0,293.0,131.0,87.0
background,Q00987,U,False,False,,False,103,SULF1,871,84a3caa48a518ad5b6a3b2bfab63f46672ad8b8fc03c155c6c804313f4cf7eed,Q8IWU6,False,TP53,393,e3ca60f18e3b6e98986ad6749215ee3b7a3abc09c191675213d1f243c035c9a3,P04637,original_six,False,-1.4508787393569946,-1.5155473152796428,0.4194151759147644,-8.27489948272705,-10.24321460723877,-9.874293327331543,-9.464135805765787,142.0,235.0,321.0,280.0
context,O15151,U,False,False,,False,104,BRIX1,353,0ffeea650dff87c65a6a753634f2f06b88126a5d94e7eb7c98324a50c78a4aba,Q8TDN6,False,TP53,393,e3ca60f18e3b6e98986ad6749215ee3b7a3abc09c191675213d1f243c035c9a3,P04637,original_six,False,-1.8921808401743572,-2.442813277244568,0.5496941804885864,-7.263978958129883,-11.174352645874023,-9.179195404052734,-9.20584233601888,223.0,358.0,300.0,99.0
context,O15151,U,False,False,,False,105,IMPDH1,514,57bf41a20daca07077287ad2d41a3724e4370a8a0d0136404bf44a32b2c14b91,P20839,False,TP53,393,e3ca60f18e3b6e98986ad6749215ee3b7a3abc09c191675213d1f243c035c9a3,P04637,original_six,False,-1.8515004714330037,-1.4503039717674255,0.58743816614151,-8.865715980529785,-10.070647239685059,-6.923976421356201,-8.620113213857016,209.0,218.0,253.0,69.0
context,O15151,U,False,False,,False,106,TBX5,518,eb8598e9c2c0a42c2d55a9898949fd16da65f7dc4c62a79a0404f5f44a697ba7,Q99593,False,TP53,393,e3ca60f18e3b6e98986ad6749215ee3b7a3abc09c191675213d1f243c035c9a3,P04637,original_six,False,-0.20322038978338242,0.6047422786553701,0.6784092783927917,-7.0253520011901855,-7.560827255249023,-3.2009739875793457,-5.9290510813395185,13.0,21.0,34.0,6.0
context,O15151,U,False,False,,False,107,INPP4A,977,af5ec6fef161bf80421d41577545d47231da484b4f9e49ba1aa5ff3acde1ef89,Q96PE3,False,TP53,393,e3ca60f18e3b6e98986ad6749215ee3b7a3abc09c191675213d1f243c035c9a3,P04637,original_six,False,-0.7185646494229635,0.5270898739496866,0.4323190450668335,-5.835048198699951,-10.561516761779785,-8.956292152404785,-8.450952370961508,40.0,24.0,231.0,256.0
context,O15151,U,False,False,,False,108,A1CF,594,661d6f24487776dd28c45b637aa4c8ff5fa8cad294330ab0b63c8645e2b890c6,Q9NQ94,False,TP53,393,e3ca60f18e3b6e98986ad6749215ee3b7a3abc09c191675213d1f243c035c9a3,P04637,original_six,False,-1.9972503582636516,-1.9372764825820923,0.5191074013710022,-6.205231189727783,-12.541377067565918,-8.15435791015625,-8.966988722483316,246.0,305.0,288.0,141.0
context,O15151,U,False,False,,False,109,IP6K1,441,f4b69d00be24144a91a4884dc85bb0e4fc25eb4e7aabc75f9736129b3fe1620e,Q92551,False,TP53,393,e3ca60f18e3b6e98986ad6749215ee3b7a3abc09c191675213d1f243c035c9a3,P04637,original_six,False,-1.8648366530736287,-0.0941428542137146,0.49137526750564575,-7.505455493927002,-8.467927932739258,-5.644713401794434,-7.2060322761535645,215.0,61.0,126.0,176.0
context,O15151,U,False,False,,False,110,GABPB1,395,fc048a4cbe410c148e5b224f98a7e3b18b94cd6d4c08f0227ec7d98def634a6e,Q06547,False,TP53,393,e3ca60f18e3b6e98986ad6749215ee3b7a3abc09c191675213d1f243c035c9a3,P04637,original_six,False,-1.706020752588908,-1.3771320184071858,0.6479538083076477,-6.899783134460449,-9.018366813659668,-5.7244696617126465,-7.214206536610921,185.0,203.0,128.0,18.0
context,O15151,U,False,False,,False,111,SENP1,644,0bb8e35a52cae24d12f9c81726c87822e1e28b75fff75746373dfa62aa4274dc,Q9P0U3,False,TP53,393,e3ca60f18e3b6e98986ad6749215ee3b7a3abc09c191675213d1f243c035c9a3,P04637,original_six,False,-1.2877010504404705,-0.4863806366920471,0.44961676001548767,-5.222130298614502,-8.50019359588623,-6.542328834533691,-6.754884243011475,106.0,99.0,88.0,232.0
context,O15151,U,False,False,,False,112,SRSF6,344,6f10c1ee105fc68a2407d2b8813a22cc6c671d56622433afaeb15a239e56c148,Q13247,False,TP53,393,e3ca60f18e3b6e98986ad6749215ee3b7a3abc09c191675213d1f243c035c9a3,P04637,original_six,False,-1.1367265184720357,-1.9182453950246174,0.4797708988189697,-6.889029026031494,-9.412264823913574,-4.927331924438477,-7.076208591461182,92.0,303.0,111.0,188.0
context,O15151,U,False,False,,False,113,UTP11,253,8c8e356cd82062a2bcebee02d40bd45e6c7fd4a2a7c27067a96d47155caac32c,Q9Y3A2,False,TP53,393,e3ca60f18e3b6e98986ad6749215ee3b7a3abc09c191675213d1f243c035c9a3,P04637,original_six,False,-2.3497066497802734,-2.887648026148478,0.44862061738967896,-7.722917556762695,-11.594675064086914,-10.438669204711914,-9.918753941853842,316.0,396.0,343.0,234.0
context,O15151,U,False,False,,False,114,DYRK3,588,b1a047e7b54d82ddead04164ab07534d6013be7f500553c1e245a2634702bef8,O43781,False,TP53,393,e3ca60f18e3b6e98986ad6749215ee3b7a3abc09c191675213d1f243c035c9a3,P04637,original_six,False,-1.8765275875727336,-1.4195139805475872,0.44333627820014954,-7.627683639526367,-8.84890365600586,-9.216304779052734,-8.564297358194986,219.0,210.0,246.0,239.0
context,O15151,U,False,False,,False,115,INTS14,518,dceb43df13f1951618e856abe32dad8aa7f11c191b40cf2f65f0822fe3ab761e,Q96SY0,False,TP53,393,e3ca60f18e3b6e98986ad6749215ee3b7a3abc09c191675213d1f243c035c9a3,P04637,original_six,False,-1.7015503247578938,-0.5650411248207092,0.4814155399799347,-7.855517387390137,-9.538069725036621,-3.386535882949829,-6.926707665125529,184.0,106.0,101.0,185.0
context,O15151,U,False,False,,False,116,NCOA5,579,6e66b5cfbe63910248c68d5274a1089c89b54ad5ec704eba940c45be27a9cc84,Q9HCD5,False,TP53,393,e3ca60f18e3b6e98986ad6749215ee3b7a3abc09c191675213d1f243c035c9a3,P04637,original_six,False,-1.4059254725774128,-1.38752019405365,0.5684908032417297,-6.608303070068359,-9.668722152709961,-6.095439910888672,-7.457488377888997,129.0,205.0,152.0,84.0
context,O15151,U,False,False,,False,117,CAPG,348,5a0dd86b3b64bcdcb67acc254a05ca109fd5f40a79e7b0e009f9f1e7da69479e,P40121,False,TP53,393,e3ca60f18e3b6e98986ad6749215ee3b7a3abc09c191675213d1f243c035c9a3,P04637,original_six,False,-2.6190431912740073,-2.59302294254303,0.6277756094932556,-4.042630195617676,-7.015138149261475,-7.914549350738525,-6.324105898539226,358.0,371.0,57.0,27.0
context,O15151,U,False,False,,False,118,RDM1,284,a3bce248a47bb697283c902ab7d04ec77a2ed5e464ef5ab98952b2df7e21c8d1,Q8NG50,False,TP53,393,e3ca60f18e3b6e98986ad6749215ee3b7a3abc09c191675213d1f243c035c9a3,P04637,original_six,False,-2.107549031575521,-1.4120801289876301,0.5602352023124695,-6.238405704498291,-11.909269332885742,-6.099475860595703,-8.082383632659912,266.0,207.0,207.0,91.0
context,O15151,U,False,False,,False,119,HORMAD2,307,392f5b0fb3e54921bc49d10eff88297265fe762296deb6d964e6e8e366a08b0b,Q8N7B1,False,TP53,393,e3ca60f18e3b6e98986ad6749215ee3b7a3abc09c191675213d1f243c035c9a3,P04637,original_six,False,-2.3189098834991455,-0.27529635032018024,0.5879849195480347,-6.547903537750244,-5.33786678314209,-3.8161823749542236,-5.2339842319488525,310.0,78.0,14.0,67.0
context,O15151,U,False,False,,False,120,PPAN,473,327bcd39cabaa00a3f2a45d8f1e70eb648abe868f58fbc0c90694968d2078f47,Q9NQ55,False,TP53,393,e3ca60f18e3b6e98986ad6749215ee3b7a3abc09c191675213d1f243c035c9a3,P04637,original_six,False,-1.4351341724395752,-1.7302107016245525,0.5635822415351868,-5.89546537399292,-10.72407341003418,-6.472378253936768,-7.697305679321289,135.0,267.0,174.0,88.0
context,O15151,U,False,False,,False,121,ZNF671,534,211641d9f94cbe874af99d732dab38bdc610b3071a5bae9a20e268de14a7991d,Q8TAW3,False,TP53,393,e3ca60f18e3b6e98986ad6749215ee3b7a3abc09c191675213d1f243c035c9a3,P04637,original_six,False,-1.9715112845102947,-1.3265939156214397,0.432253897190094,-4.9704437255859375,-9.873237609863281,-8.00658893585205,-7.616756757100423,241.0,196.0,162.0,257.0
context,O15151,U,False,False,,False,122,CPNE2,548,588866e020d632f5d917ba3dd90c2a225250f421d39f87d4f5b41c138ce15271,Q96FN4,False,TP53,393,e3ca60f18e3b6e98986ad6749215ee3b7a3abc09c191675213d1f243c035c9a3,P04637,original_six,False,-1.0002282063166301,-0.03941690921783447,0.5016792416572571,-4.38865327835083,-5.515775203704834,-4.8419599533081055,-4.915462811787923,62.0,54.0,5.0,163.0
context,O15151,U,False,False,,False,123,ECSIT,431,467ced9005b2134d713330e197acbeda7b01e0d5d3d8cdc90ec6f5c08835e982,Q9BQ95,False,TP53,393,e3ca60f18e3b6e98986ad6749215ee3b7a3abc09c191675213d1f243c035c9a3,P04637,original_six,False,-2.4829042752583823,-1.7099856932957966,0.20692113041877747,-6.847333908081055,-9.185720443725586,-7.852406978607178,-7.9618204434712725,340.0,263.0,196.0,448.0
context,O15151,U,False,False,,False,124,NACC1,527,05bc95bfe8ddeb197c181dd9c93d9626a992d470d0a022b7b32a71f711fad90e,Q96RE7,False,TP53,393,e3ca60f18e3b6e98986ad6749215ee3b7a3abc09c191675213d1f243c035c9a3,P04637,original_six,False,-0.7913763125737509,0.42840083440144855,0.7163209915161133,-6.416708946228027,-6.647319793701172,-6.74210262298584,-6.602043787638347,46.0,29.0,75.0,3.0
context,O15151,U,False,False,,False,125,MLLT1,559,8430c04ddd77f674b89052599d0f461da8d88c6d13b8fd651aeaf97c12438f0c,Q03111,False,TP53,393,e3ca60f18e3b6e98986ad6749215ee3b7a3abc09c191675213d1f243c035c9a3,P04637,original_six,False,-2.157897154490153,-1.4238214492797852,0.6199700832366943,-5.174302101135254,-6.175074100494385,-4.025820255279541,-5.1250654856363935,273.0,212.0,9.0,33.0
context,O15151,U,False,False,,False,126,DCAF13,445,310133ad95096229fc0389f1315a2a222000ac8c144dea557a5b4c5918e5e5ab,Q9NV06,False,TP53,393,e3ca60f18e3b6e98986ad6749215ee3b7a3abc09c191675213d1f243c035c9a3,P04637,original_six,False,-1.613515297571818,-1.3590673208236694,0.396873414516449,-7.2455339431762695,-8.776348114013672,-5.530499458312988,-7.18412717183431,168.0,200.0,124.0,302.0
context,O15151,U,False,False,,False,127,TNFAIP3,790,18cc800d44514bd5a478f94c72cffb3200b172d963f9952f20139b8de65ae249,P21580,False,TP53,393,e3ca60f18e3b6e98986ad6749215ee3b7a3abc09c191675213d1f243c035c9a3,P04637,original_six,False,0.19672734290361404,0.9864996075630188,0.5933213233947754,-6.665349006652832,-9.590093612670898,-4.948653697967529,-7.068032105763753,5.0,13.0,109.0,61.0
context,O15151,U,False,False,,False,128,PPID,370,da74353803ca84bbbd940409cc3f23404ce072b6e59470c91c9d5511c8ab8956,Q08752,False,TP53,393,e3ca60f18e3b6e98986ad6749215ee3b7a3abc09c191675213d1f243c035c9a3,P04637,original_six,False,-2.4169391791025796,-2.622861305872599,0.44209110736846924,-7.912045955657959,-12.755682945251465,-8.564385414123535,-9.744038105010986,331.0,374.0,338.0,242.0
context,O15151,U,False,False,,False,129,EED,441,a2ad3f52daa5740755ca14f0a5a1c060d28a58645d39ca59b2f1779ad7b3ff92,O75530,False,TP53,393,e3ca60f18e3b6e98986ad6749215ee3b7a3abc09c191675213d1f243c035c9a3,P04637,original_six,False,-2.110137184460958,-1.508605380853017,0.5495043992996216,-6.827159404754639,-8.84732723236084,-5.810099124908447,-7.161528587341309,268.0,231.0,121.0,101.0
context,O15151,U,False,False,,False,130,ZNF284,593,e44c36f93dce9db30b95a7656fc5d09b185512fa5eb51534b6eeb120b7e834f0,Q2VY69,False,TP53,393,e3ca60f18e3b6e98986ad6749215ee3b7a3abc09c191675213d1f243c035c9a3,P04637,original_six,False,-2.6531389554341636,-1.4570969740549724,0.5339159965515137,-4.774490833282471,-6.081298351287842,-7.006307601928711,-5.954032262166341,364.0,224.0,36.0,113.0
context,O15151,U,False,False,,False,131,BOP1,746,3eaacca5ee1aa31f2fc05e29455359983d454b2b17e19bf54034bf15b0a201f2,Q14137,False,TP53,393,e3ca60f18e3b6e98986ad6749215ee3b7a3abc09c191675213d1f243c035c9a3,P04637,original_six,False,-1.5060664812723796,-1.3323413133621216,0.414073646068573,-7.636250019073486,-8.01551628112793,-7.439637184143066,-7.697134494781494,147.0,198.0,173.0,285.0
context,O15151,U,False,False,,False,132,URI1,535,49162c510cdb5a79943ab0915c9de494815ff94c43d7a43aa5ad2f6e134bc5dd,O94763,False,TP53,393,e3ca60f18e3b6e98986ad6749215ee3b7a3abc09c191675213d1f243c035c9a3,P04637,original_six,False,-2.307232141494751,-1.7233322461446126,0.4854342043399811,-4.628528118133545,-8.735367774963379,-5.813387870788574,-6.392427921295166,305.0,266.0,63.0,181.0
context,O15151,U,False,False,,False,133,FOS,380,908a688d4ee48e4069571a607c93ca51af1e0b24707c5e542f0392f01a44229b,P01100,False,TP53,393,e3ca60f18e3b6e98986ad6749215ee3b7a3abc09c191675213d1f243c035c9a3,P04637,original_six,False,-0.2923918416102727,1.6020015478134155,0.6064366698265076,-8.036213874816895,-6.702910423278809,-5.132785797119141,-6.623970031738281,17.0,1.0,80.0,43.0
context,O15151,U,False,False,,False,134,FGF2,288,25fd33ff81df33c9fddc2060d55474c1b6196bc12a34847b482a6b3f8da18afe,P09038,False,TP53,393,e3ca60f18e3b6e98986ad6749215ee3b7a3abc09c191675213d1f243c035c9a3,P04637,original_six,False,-1.4114963610967,-1.313214103380839,0.43371954560279846,-5.770257949829102,-8.08431339263916,-5.147216320037842,-6.333929220835368,130.0,193.0,59.0,251.0
context,O15151,U,False,False,,False,135,PBX1,430,02b63a4f59185406063b809dd6e6326a4b79273768d5b9c55ff295c047b9a236,P40424,False,TP53,393,e3ca60f18e3b6e98986ad6749215ee3b7a3abc09c191675213d1f243c035c9a3,P04637,original_six,False,-0.6802005767822266,0.3056369622548421,0.5255309343338013,-3.4410195350646973,-8.3725004196167,-6.324024200439453,-6.04584805170695,37.0,35.0,41.0,128.0
context,O15151,U,False,False,,False,136,PRDM13,707,7790a7030c37fd12b002f788129b5ef39248b05cd316c1d3819379705686c0c1,Q9H4Q3,False,TP53,393,e3ca60f18e3b6e98986ad6749215ee3b7a3abc09c191675213d1f243c035c9a3,P04637,original_six,False,-1.841640035311381,-1.185450792312622,0.597540557384491,-5.790982246398926,-10.800969123840332,-5.504940509796143,-7.365630626678467,206.0,174.0,143.0,58.0
context,O15151,U,False,False,,False,137,TGFB1I1,461,337f194f51f9460c76733b3286e7f15e1c12de461374c43a6df5f7a809810d52,O43294,False,TP53,393,e3ca60f18e3b6e98986ad6749215ee3b7a3abc09c191675213d1f243c035c9a3,P04637,original_six,False,-1.3119685649871826,-1.2000302871068318,0.43306154012680054,-6.419963836669922,-5.94429874420166,-4.694180011749268,-5.686147530873616,112.0,176.0,28.0,253.0
context,O15151,U,False,False,,False,138,TEAD2,447,ab9c598ec2ded133c561a56e3757f619f34ddc99b85b54b4a22b7c8eebc6e67a,Q15562,False,TP53,393,e3ca60f18e3b6e98986ad6749215ee3b7a3abc09c191675213d1f243c035c9a3,P04637,original_six,False,-1.592513124148051,-0.5133190155029297,0.5331209301948547,-6.138006210327148,-8.672623634338379,-6.478175640106201,-7.096268494923909,160.0,102.0,115.0,115.0
context,O15151,U,False,False,,False,139,SRSF5,272,ad7a895dc6e0b78914a6c2cf48197bd56f60fc79a2521d3c2cfe322e94f21fa3,Q13243,False,TP53,393,e3ca60f18e3b6e98986ad6749215ee3b7a3abc09c191675213d1f243c035c9a3,P04637,original_six,False,-2.166084408760071,-2.3113701343536377,0.5248469710350037,-7.224301815032959,-10.141728401184082,-4.553378582000732,-7.306469599405925,277.0,350.0,136.0,132.0
context,O15151,U,False,False,,False,140,IGF2BP2,599,c4825fecc4bc380e5bce3a3e3e9e00e83acbca438fbf1428a50d5b8fbd77cbb7,Q9Y6M1,False,TP53,393,e3ca60f18e3b6e98986ad6749215ee3b7a3abc09c191675213d1f243c035c9a3,P04637,original_six,False,-2.1031247774759927,-2.1033398310343423,0.6020684838294983,-7.488293647766113,-9.485939025878906,-8.103631019592285,-8.359287897745768,265.0,333.0,225.0,48.0
context,O15151,U,False,False,,False,141,ZNF311,666,7d8c307ef27716eb5876d7fd945170bde7179880eba2f874e1c3fe6f6447eb07,Q5JNZ3,False,TP53,393,e3ca60f18e3b6e98986ad6749215ee3b7a3abc09c191675213d1f243c035c9a3,P04637,original_six,False,-2.4718425273895264,-1.5128909349441528,0.5409879088401794,-5.625140190124512,-7.9570159912109375,-8.405011177062988,-7.3290557861328125,338.0,234.0,138.0,110.0
context,O15151,U,False,False,,False,142,ZNF775,537,0535695438b17319e4fa653f1e81808b86c76e951fa132ed0365ec4eac73cd25,Q96BV0,False,TP53,393,e3ca60f18e3b6e98986ad6749215ee3b7a3abc09c191675213d1f243c035c9a3,P04637,original_six,False,-1.3773298263549805,-0.6485379735628763,0.4565947949886322,-7.650882244110107,-9.390213012695312,-5.103823184967041,-7.38163948059082,126.0,122.0,145.0,222.0
context,O15151,U,False,False,,False,143,HOXD3,432,99c6ad2b025c5185787e5d604237f43a8533f379f5d392ce8c004e4f90e2630d,P31249,False,TP53,393,e3ca60f18e3b6e98986ad6749215ee3b7a3abc09c191675213d1f243c035c9a3,P04637,original_six,False,-0.3927351584037145,0.414838711420695,0.5303682684898376,-6.7541680335998535,-9.337602615356445,-4.278440952301025,-6.790070533752441,19.0,31.0,92.0,121.0
context,O15151,U,False,False,,False,144,TIGD4,512,ccfb9f8f495c3f676db677072b444054ba081e02a285105e66d6d09a6a01bc2a,Q8IY51,False,TP53,393,e3ca60f18e3b6e98986ad6749215ee3b7a3abc09c191675213d1f243c035c9a3,P04637,original_six,False,-2.4062158266703286,-1.3776361147562664,0.5246757864952087,-3.0804975032806396,-7.150113105773926,-4.547418117523193,-4.92600957552592,327.0,204.0,6.0,134.0
context,O15151,U,False,False,,False,145,OAS1,400,110bf4c06cc0598999643646a52973d5017ddda6e2df2ec169b5c3bdba9c5ef4,P00973,False,TP53,393,e3ca60f18e3b6e98986ad6749215ee3b7a3abc09c191675213d1f243c035c9a3,P04637,original_six,False,-0.899375299612681,0.0694220761458079,0.6589391231536865,-2.882467269897461,-10.686209678649902,-2.896968364715576,-5.4885484377543134,55.0,45.0,23.0,12.0
context,O15151,U,False,False,,False,146,TRIM5,493,84248af4b4a8063e82d6bddd66b67b10d3455c07fa70d7afd9e7a5817a11c3fd,Q9C035,False,TP53,393,e3ca60f18e3b6e98986ad6749215ee3b7a3abc09c191675213d1f243c035c9a3,P04637,original_six,False,-0.12927512948711714,1.2476694583892822,0.5945624113082886,-3.4368369579315186,-6.0104756355285645,-5.5127153396606445,-4.986675977706909,11.0,6.0,8.0,60.0
context,O15151,U,False,False,,False,147,ZNF841,808,82c575e21b5da9a53079dd6357a4eca6691bfc0e8a493a579722eddd1522c90d,Q6ZN19,False,TP53,393,e3ca60f18e3b6e98986ad6749215ee3b7a3abc09c191675213d1f243c035c9a3,P04637,original_six,False,-2.295546372731527,-1.9974340597788494,0.5166643261909485,-4.236020565032959,-6.387147426605225,-4.782399654388428,-5.135189215342204,302.0,312.0,10.0,144.0
context,O15151,U,False,False,,False,148,TSG101,390,4cf30524790eb285d88a82368b6439e2c35c59a5891a1627d974fc81cf21a7ec,Q99816,False,TP53,393,e3ca60f18e3b6e98986ad6749215ee3b7a3abc09c191675213d1f243c035c9a3,P04637,original_six,False,-0.5319104592005411,1.0322485367457073,0.5815774202346802,-2.9385390281677246,-5.469958305358887,-1.2433018684387207,-3.217266400655111,30.0,11.0,1.0,74.0
context,O15151,U,False,False,,False,149,SNRNP70,437,6ea00e4396e6e2de6465e0848c65846041cff006ce17da93e437c0b280e548c5,P08621,False,TP53,393,e3ca60f18e3b6e98986ad6749215ee3b7a3abc09c191675213d1f243c035c9a3,P04637,original_six,False,-1.2966585159301758,-1.1533987720807393,0.4718914330005646,-7.915190696716309,-11.525175094604492,-5.081561088562012,-8.173975626627604,108.0,171.0,212.0,199.0
context,O15151,U,False,False,,False,150,LMX1B,402,f1009265fdbba64ad091a463f80e21d40b3282af52e7877a4d4d9bf5d9637521,O60663,False,TP53,393,e3ca60f18e3b6e98986ad6749215ee3b7a3abc09c191675213d1f243c035c9a3,P04637,original_six,False,0.22331742693980536,1.4994715849558513,0.62099289894104,-5.300251007080078,-7.324616432189941,-3.82808780670166,-5.4843184153238935,4.0,3.0,22.0,32.0
context,O15151,U,False,False,,False,151,ZNF350,532,8257c6357bba72185310f9b4edc68011808969a3409686a7c4f68c2f57db7454,Q9GZX5,False,TP53,393,e3ca60f18e3b6e98986ad6749215ee3b7a3abc09c191675213d1f243c035c9a3,P04637,original_six,False,-2.3737053076426187,-1.7045788764953613,0.5414607524871826,-7.640480041503906,-9.048218727111816,-9.077868461608887,-8.588855743408203,320.0,262.0,250.0,109.0
context,O15151,U,False,False,,False,152,NR4A2,598,de68a13a881a695b2917abd9c1eae5553c9dc2b226bc249c8a7d6b5cd4d31113,P43354,False,TP53,393,e3ca60f18e3b6e98986ad6749215ee3b7a3abc09c191675213d1f243c035c9a3,P04637,original_six,False,-1.3318123817443848,0.25435271859169006,0.6848456263542175,-6.785221099853516,-8.440187454223633,-4.474767208099365,-6.566725254058838,117.0,37.0,73.0,4.0
context,O15151,U,False,False,,False,153,ZNF333,665,7e8a3108738c7d883d8e2e5a7d62791eb7ada58ce346d7cf134aa7fef0ff9342,Q96JL9,False,TP53,393,e3ca60f18e3b6e98986ad6749215ee3b7a3abc09c191675213d1f243c035c9a3,P04637,original_six,False,-2.1647008260091147,-0.9006949265797933,0.5087602734565735,-5.989874362945557,-7.693212985992432,-7.626806259155273,-7.103297869364421,276.0,152.0,117.0,148.0
background,O15151,U,False,False,,False,154,ZNF396,335,73d82f24d9caf79c96363cd64362e4f6f1d4a8606e668b7146cae0abee0175ea,Q96N95,False,TP53,393,e3ca60f18e3b6e98986ad6749215ee3b7a3abc09c191675213d1f243c035c9a3,P04637,original_six,False,-1.9253274997075398,-0.2599282016356786,0.6132376790046692,-6.251615524291992,-8.91334056854248,-7.526010513305664,-7.563655535380046,233.0,75.0,160.0,37.0
background,O15151,U,False,False,,False,155,CDH26,832,b46e7812a794e32a4d81cd967ea24e3c4a903e6e32c0e189bf5c94b48ed6b692,Q8IXH8,False,TP53,393,e3ca60f18e3b6e98986ad6749215ee3b7a3abc09c191675213d1f243c035c9a3,P04637,original_six,False,-2.0924402475357056,-2.460029204686483,0.3042319715023041,-10.988166809082031,-7.2610182762146,-9.622823715209961,-9.290669600168863,262.0,361.0,306.0,398.0
background,O15151,U,False,False,,False,156,UTP3,479,f4ed01423dbca6ae4c481b82096c0c7fb9465c43b158c76a976e4be41041d692,Q9NQZ2,False,TP53,393,e3ca60f18e3b6e98986ad6749215ee3b7a3abc09c191675213d1f243c035c9a3,P04637,original_six,False,-2.5452420711517334,-3.5747286478678384,0.4285377562046051,-9.75986385345459,-12.089768409729004,-8.076081275939941,-9.975237846374512,348.0,434.0,345.0,265.0
background,O15151,U,False,False,,False,157,TWF1,350,cdc8df278deb8b3743af35c7b4881401361d39fcbf00e55f9703c4d755d62ed8,Q12792,False,TP53,393,e3ca60f18e3b6e98986ad6749215ee3b7a3abc09c191675213d1f243c035c9a3,P04637,original_six,False,-2.167160908381144,-0.5695058504740397,0.6015779376029968,-6.986866474151611,-7.872402191162109,-4.857318878173828,-6.572195847829183,278.0,107.0,74.0,50.0
background,O15151,U,False,False,,False,158,PDLIM3,364,04358dd86d87951fdcf720149e82ef4d333efc2c9f17d7b6926c6b40b7703167,Q53GG5,False,TP53,393,e3ca60f18e3b6e98986ad6749215ee3b7a3abc09c191675213d1f243c035c9a3,P04637,original_six,False,-0.2577631125847499,0.7029133637746176,0.40516847372055054,-5.867943286895752,-7.819684982299805,-7.211779594421387,-6.9664692878723145,15.0,17.0,103.0,297.0
background,O15151,U,False,False,,False,159,CD74,296,f6909ab67f84bc41d8ef8976b6e5634ebcb9031613d297ac41e582c377b48728,P04233,False,TP53,393,e3ca60f18e3b6e98986ad6749215ee3b7a3abc09c191675213d1f243c035c9a3,P04637,original_six,False,-2.2047373056411743,-1.2298529942830403,0.39173683524131775,-10.776312828063965,-10.072275161743164,-8.202447891235352,-9.68367862701416,285.0,181.0,333.0,310.0
background,O15151,U,False,False,,False,160,PANK4,773,47c7314ba2c99de3cbe008dc8af3cd672b4a66f12606e157e9cb32723de313fb,Q9NVE7,False,TP53,393,e3ca60f18e3b6e98986ad6749215ee3b7a3abc09c191675213d1f243c035c9a3,P04637,original_six,False,-1.6602561871210735,-1.6339772939682007,0.47854048013687134,-5.752404689788818,-8.429557800292969,-5.256253719329834,-6.479405403137207,178.0,247.0,70.0,191.0
background,O15151,U,False,False,,False,161,FASTKD5,764,b45a655f94c3770aba259a38bf83cab8fa79e139e63b3631319b957627bbd406,Q7L8L6,False,TP53,393,e3ca60f18e3b6e98986ad6749215ee3b7a3abc09c191675213d1f243c035c9a3,P04637,original_six,False,-2.391619602839152,-2.781169295310974,0.3706582486629486,-6.833094120025635,-8.118461608886719,-8.726950645446777,-7.89283545811971,324.0,385.0,188.0,337.0
background,O15151,U,False,False,,False,162,HSD17B1,328,2c08bb9e93031c95741d43913de629a206da8f481f78e37a2cb1262b8eee85a0,P14061,False,TP53,393,e3ca60f18e3b6e98986ad6749215ee3b7a3abc09c191675213d1f243c035c9a3,P04637,original_six,False,-2.78430438041687,-3.964491923650106,0.38356029987335205,-8.677560806274414,-7.7346343994140625,-9.320385932922363,-8.577527046203613,381.0,444.0,249.0,322.0
background,O15151,U,False,False,,False,163,PCOLCE2,415,e4e388e69c188f1aabd045e25610c9a482b1baa6b7ae9e36172eee34fa58a2e2,Q9UKZ9,False,TP53,393,e3ca60f18e3b6e98986ad6749215ee3b7a3abc09c191675213d1f243c035c9a3,P04637,original_six,False,-2.3066070079803467,-3.0815633138020835,0.36430954933166504,-12.886731147766113,-10.75583553314209,-9.072874069213867,-10.905146916707357,304.0,410.0,396.0,347.0
background,O15151,U,False,False,,False,164,PLEKHG7,691,cd7e000e4c329ff01979c62df57b3e87e1eee0172a6b3d4428575a503bfee96d,Q6ZR37,False,TP53,393,e3ca60f18e3b6e98986ad6749215ee3b7a3abc09c191675213d1f243c035c9a3,P04637,original_six,False,-1.7941832939783733,-1.0660184423128765,0.38184091448783875,-8.681025505065918,-10.224302291870117,-7.817717552185059,-8.907681783040365,200.0,167.0,281.0,324.0
background,O15151,U,False,False,,False,165,CXorf38,319,38b31412c01412e3c8d1d6add407ab10594d7ff974db3ef94d79659ca813ac5c,Q8TB03,False,TP53,393,e3ca60f18e3b6e98986ad6749215ee3b7a3abc09c191675213d1f243c035c9a3,P04637,original_six,False,-2.3157522678375244,-1.792904516061147,0.4386949837207794,-5.548486709594727,-11.364339828491211,-3.1548285484313965,-6.689218362172444,309.0,283.0,83.0,247.0
background,O15151,U,False,False,,False,166,ZNF829,432,e535f5114af2640fed429f2c14b77a990f27f60cdc715258108b9eb5510bde04,Q3KNS6,False,TP53,393,e3ca60f18e3b6e98986ad6749215ee3b7a3abc09c191675213d1f243c035c9a3,P04637,original_six,False,-2.234250624974569,-0.8490360379219055,0.5074356198310852,-5.496840000152588,-7.5339674949646,-6.560471534729004,-6.5304263432820635,290.0,144.0,72.0,150.0
background,O15151,U,False,False,,False,167,ZRSR2P1,479,d94ce54d98b89b93745242a0c448983b80bf437a17fcd740c4e2719ecddfd690,Q15695,False,TP53,393,e3ca60f18e3b6e98986ad6749215ee3b7a3abc09c191675213d1f243c035c9a3,P04637,original_six,False,-1.2106037537256877,-1.494901140530904,0.45664307475090027,-9.265729904174805,-11.429423332214355,-4.831282138824463,-8.508811791737875,101.0,228.0,238.0,220.0
background,O15151,U,False,False,,False,168,ZNF442,627,1d86b9bd5fd78d160d4f59a0402b1f1f4cb3b1dc9afc43b9c5fe33e9e3cae6c6,Q9H7R0,False,TP53,393,e3ca60f18e3b6e98986ad6749215ee3b7a3abc09c191675213d1f243c035c9a3,P04637,original_six,False,-2.5118955771128335,-1.7794564167658489,0.4823790192604065,-3.3416478633880615,-7.50820779800415,-5.278184413909912,-5.376013358434041,342.0,277.0,18.0,183.0
background,O15151,U,False,False,,False,169,USP46,366,5a493265982c1b4b005c946a7ae51c5cdcdb36afefc3584ff27d0f82fef938e0,P62068,False,TP53,393,e3ca60f18e3b6e98986ad6749215ee3b7a3abc09c191675213d1f243c035c9a3,P04637,original_six,False,-1.9088072776794434,-1.6975069840749104,0.5852764248847961,-7.811230659484863,-7.997993469238281,-6.100302696228027,-7.303175608317058,227.0,261.0,134.0,71.0
background,O15151,U,False,False,,False,170,MARS1,900,fbee5ca8829f739315ef60cee77206281ced750c432e9e34207838c00d115636,P56192,False,TP53,393,e3ca60f18e3b6e98986ad6749215ee3b7a3abc09c191675213d1f243c035c9a3,P04637,original_six,False,-0.9728277524312338,-0.7972037494182587,0.5495994091033936,-8.47470474243164,-7.097652435302734,-5.564596176147461,-7.045651117960612,59.0,140.0,107.0,100.0
background,O15151,U,False,False,,False,171,SPIRE1,756,0f760444f3f0ba31d31fcd900b0d23c1b3555e9a91277bcf0232e75808efce86,Q08AE8,False,TP53,393,e3ca60f18e3b6e98986ad6749215ee3b7a3abc09c191675213d1f243c035c9a3,P04637,original_six,False,-1.0957981149355571,-1.3634278923273087,0.4175263047218323,-10.707212448120117,-12.802474975585938,-7.748951435089111,-10.419546286265055,84.0,201.0,379.0,282.0
background,O15151,U,False,False,,False,172,MRGPRX3,322,6ef9a2050c06cf277097f644d56fdd990f06962d98c045d4308383d130f7d984,Q96LB0,False,TP53,393,e3ca60f18e3b6e98986ad6749215ee3b7a3abc09c191675213d1f243c035c9a3,P04637,original_six,False,-4.8490495681762695,-3.4027241865793862,0.3443123400211334,-11.43807601928711,-11.709199905395508,-7.047823429107666,-10.065033117930094,450.0,427.0,353.0,368.0
background,O15151,U,False,False,,False,173,POM121L12,296,262023023e19ce2f778575daa00d83cc83b1870de6092e137f0a0ae1084829ed,Q8N7R1,False,TP53,393,e3ca60f18e3b6e98986ad6749215ee3b7a3abc09c191675213d1f243c035c9a3,P04637,original_six,False,-4.932989438374837,-5.274107615152995,0.35446396470069885,-10.91389274597168,-10.410107612609863,-8.836054801940918,-10.053351720174154,452.0,453.0,351.0,358.0
background,O15151,U,False,False,,False,174,ZNF324B,544,e100921ed223e6a9adde9cc12b6cd4654fe1f733e7cff450023e1c26ff76229c,Q6AW86,False,TP53,393,e3ca60f18e3b6e98986ad6749215ee3b7a3abc09c191675213d1f243c035c9a3,P04637,original_six,False,-2.030884782473246,-1.6675368150075276,0.40980851650238037,-6.913820743560791,-11.81435775756836,-5.533223628997803,-8.08713404337565,250.0,253.0,209.0,292.0
background,O15151,U,False,False,,False,175,CNOT10,744,06273b9a665bdbb88393fe45b7d539fc7deb620b1c977b1503cd0c8738c84583,Q9H9A5,False,TP53,393,e3ca60f18e3b6e98986ad6749215ee3b7a3abc09c191675213d1f243c035c9a3,P04637,original_six,False,-1.744096080462138,-2.0586666663487754,0.3654312193393707,-10.618929862976074,-10.227190971374512,-4.935187339782715,-8.593769391377768,195.0,325.0,251.0,344.0
background,O15151,U,False,False,,False,176,PTGDR,359,4066262321e2a058a56a3ada9e594f943ab35ae2200824535230ca6ff9d3cc8a,Q13258,False,TP53,393,e3ca60f18e3b6e98986ad6749215ee3b7a3abc09c191675213d1f243c035c9a3,P04637,original_six,False,-3.3579041163126626,-1.8166476090749104,0.39222952723503113,-13.252481460571289,-14.513724327087402,-12.607097625732422,-13.457767804463705,422.0,292.0,447.0,309.0
background,O15151,U,False,False,,False,177,ENPP2,863,0cf59f4757410f8f74d27a1b9a605bcea29a6c7c9c84839bc6505306280f27b4,Q13822,False,TP53,393,e3ca60f18e3b6e98986ad6749215ee3b7a3abc09c191675213d1f243c035c9a3,P04637,original_six,False,-1.7222361167271931,-0.998710552851359,0.2551572322845459,-9.189510345458984,-10.829829216003418,-5.167013645172119,-8.395451068878174,189.0,161.0,227.0,434.0
background,O15151,U,False,False,,False,178,PTCHD4,846,2333c91bf1b25874be565cd0b93a36568e719a1c39c4207c0bc408954888d1b1,Q6ZW05,False,TP53,393,e3ca60f18e3b6e98986ad6749215ee3b7a3abc09c191675213d1f243c035c9a3,P04637,original_six,False,-3.7749847571055093,-3.8010013898213706,0.20769795775413513,-12.40836238861084,-13.323431015014648,-13.098970413208008,-12.943587938944498,436.0,439.0,441.0,447.0
background,O15151,U,False,False,,False,179,WDR41,459,22ef89ef639095670873e2175132fcab6d163135f37f8e29a2ca218ad37fe46b,Q9HAD4,False,TP53,393,e3ca60f18e3b6e98986ad6749215ee3b7a3abc09c191675213d1f243c035c9a3,P04637,original_six,False,-3.064774433771769,-1.9602065881093342,0.3420131206512451,-8.412445068359375,-10.83538818359375,-6.560598850250244,-8.602810700734457,405.0,307.0,252.0,370.0
background,O15151,U,False,False,,False,180,COG6,657,ba2de1217ccb051c8a764ef8b5813873b48dec9ccb308b2be7b5204efcd7fead,Q9Y2V7,False,TP53,393,e3ca60f18e3b6e98986ad6749215ee3b7a3abc09c191675213d1f243c035c9a3,P04637,original_six,False,-1.0076433221499126,0.6713156302769979,0.13438062369823456,-3.297171115875244,-8.072104454040527,-1.698081374168396,-4.355785648028056,67.0,18.0,2.0,453.0
background,O15151,U,False,False,,False,181,GJD2,321,14ddf9f5927e11b8f8ac0d7543fe99ce32ac8900218077735b8c56a8278d847f,Q9UKL4,False,TP53,393,e3ca60f18e3b6e98986ad6749215ee3b7a3abc09c191675213d1f243c035c9a3,P04637,original_six,False,-3.3512776692708335,-3.043396472930908,0.24553273618221283,-8.676119804382324,-15.632018089294434,-9.689805030822754,-11.332647641499838,421.0,406.0,416.0,440.0
background,O15151,U,False,False,,False,182,CDK5R2,367,f6c7f7b87ad8014351403092f851356dde6bdf71c747614f5530021bf3e54341,Q13319,False,TP53,393,e3ca60f18e3b6e98986ad6749215ee3b7a3abc09c191675213d1f243c035c9a3,P04637,original_six,False,-2.4739267826080322,-3.1956162452697754,0.4317821264266968,-9.5571928024292,-15.07879638671875,-7.310344696044922,-10.648777961730957,339.0,418.0,392.0,259.0
background,O15151,U,False,False,,False,183,CMKLR1,373,d5cce27e9956e0b5b7e47193afbef062528bb393ea7aefbb149c18045d4878ae,Q99788,False,TP53,393,e3ca60f18e3b6e98986ad6749215ee3b7a3abc09c191675213d1f243c035c9a3,P04637,original_six,False,-4.690532843271892,-4.063597122828166,0.3783293664455414,-14.774175643920898,-11.629049301147461,-10.023149490356445,-12.142124811808268,447.0,445.0,435.0,329.0
background,O15151,U,False,False,,False,184,NKX6-1,367,29eee2ad04f428d968de5d5f8cc0151d6c8a91804bb34c3bbcae635c62aa83b4,P78426,False,TP53,393,e3ca60f18e3b6e98986ad6749215ee3b7a3abc09c191675213d1f243c035c9a3,P04637,original_six,False,-0.031214396158854168,0.3182975500822067,0.4796832799911499,-4.885829448699951,-8.394681930541992,-4.379855155944824,-5.886788845062256,7.0,32.0,32.0,189.0
background,O15151,U,False,False,,False,185,NOVA2,492,2bd4abca633ce99a22ed2d92aae30401fdb6018572e9851c6cdd0ca272845a02,Q9UNW9,False,TP53,393,e3ca60f18e3b6e98986ad6749215ee3b7a3abc09c191675213d1f243c035c9a3,P04637,original_six,False,-2.412334442138672,-2.8258119424184165,0.6231130957603455,-5.610996723175049,-9.582443237304688,-6.325948238372803,-7.173129399617513,328.0,389.0,122.0,29.0
background,O15151,U,False,False,,False,186,SLC18A1,525,039cb98b515188941134a660f96368426613538bf1f29ef3e52c0fecced67e14,P54219,False,TP53,393,e3ca60f18e3b6e98986ad6749215ee3b7a3abc09c191675213d1f243c035c9a3,P04637,original_six,False,-2.8885289827982583,-1.9805233478546143,0.24631303548812866,-12.246955871582031,-13.607162475585938,-11.402694702148438,-12.418937683105469,389.0,309.0,436.0,439.0
background,O15151,U,False,False,,False,187,MT-CYB,380,2418f2e64d6a4d2148802c8eae64d9da6757e8ad157a03f55a047249148b1756,P00156,False,TP53,393,e3ca60f18e3b6e98986ad6749215ee3b7a3abc09c191675213d1f243c035c9a3,P04637,original_six,False,-2.439022938410441,-1.7612902720769246,0.36626940965652466,-6.664754390716553,-8.494364738464355,-5.494433879852295,-6.884517669677734,335.0,274.0,98.0,341.0
background,O15151,U,False,False,,False,188,ANKRA2,313,e3729dc6b04037252ff8357afffd1a4267ec14c0c9543552327000b2f186fd61,Q9H9E1,False,TP53,393,e3ca60f18e3b6e98986ad6749215ee3b7a3abc09c191675213d1f243c035c9a3,P04637,original_six,False,-1.5946012735366821,-0.7791042526563009,0.42659440636634827,-8.874322891235352,-9.605541229248047,-7.164133071899414,-8.547999064127604,161.0,137.0,244.0,273.0
background,O15151,U,False,False,,False,189,FOXL1,345,3a6860c45b5a93e52122eb418efddbb5d3651dc68435a7ba50eaf1d207f1596f,Q12952,False,TP53,393,e3ca60f18e3b6e98986ad6749215ee3b7a3abc09c191675213d1f243c035c9a3,P04637,original_six,False,-0.6503374576568604,-0.6107179919878641,0.6623127460479736,-8.107032775878906,-9.960539817810059,-4.977601051330566,-7.681724548339844,34.0,112.0,170.0,11.0
background,O15151,U,False,False,,False,190,MAPT,758,9ad5ef9ba35def920a684e5d92e22b0a2e05baefcec3c9f173e2773ca8cc0646,P10636,False,TP53,393,e3ca60f18e3b6e98986ad6749215ee3b7a3abc09c191675213d1f243c035c9a3,P04637,original_six,False,-1.7409809827804565,-1.981407364209493,0.419323593378067,-6.403563499450684,-10.401029586791992,-7.07268762588501,-7.9590935707092285,193.0,310.0,194.0,281.0
background,O15151,U,False,False,,False,191,NKX6-3,265,5ab60904dd221bc134008c17a859719a9d73f4f1205b680a3e13cfe69b3c423d,A6NJ46,False,TP53,393,e3ca60f18e3b6e98986ad6749215ee3b7a3abc09c191675213d1f243c035c9a3,P04637,original_six,False,-0.03549342229962349,0.4724513093630473,0.5267480611801147,-7.376087188720703,-8.643051147460938,-4.443483829498291,-6.820874055226644,8.0,26.0,95.0,125.0
background,O15151,U,False,False,,False,192,LPIN1,890,5457438de1799e96a2b646334d3e1666a75ff0b052a06eff0abb307ac2d91aa7,Q14693,False,TP53,393,e3ca60f18e3b6e98986ad6749215ee3b7a3abc09c191675213d1f243c035c9a3,P04637,original_six,False,-1.7431869506835938,-1.6372852722803752,0.5081613063812256,-8.011967658996582,-10.196528434753418,-6.696234226226807,-8.301576773325602,194.0,248.0,224.0,149.0
background,O15151,U,False,False,,False,193,C1orf159,380,8e5bb9d95150330f96335e6285223b6ffc1bb39926d238b59f9158dd6a624f46,Q96HA4,False,TP53,393,e3ca60f18e3b6e98986ad6749215ee3b7a3abc09c191675213d1f243c035c9a3,P04637,original_six,False,-3.298747460047404,-4.764827569325765,0.37885934114456177,-13.00997543334961,-12.491964340209961,-10.85737133026123,-12.119770367940268,418.0,451.0,434.0,328.0
background,O15151,U,False,False,,False,194,MAP4K5,846,a7eb891318c7b005cda821c06bad05258265ef15f81cf44f14afece0ba58b63e,Q9Y4K4,False,TP53,393,e3ca60f18e3b6e98986ad6749215ee3b7a3abc09c191675213d1f243c035c9a3,P04637,original_six,False,-1.305848519007365,-0.976712723573049,0.46806931495666504,-9.653909683227539,-9.757161140441895,-6.679636478424072,-8.696902434031168,110.0,159.0,257.0,206.0
background,O15151,U,False,False,,False,195,NIPA2,360,c9bb9fe61926890b0666feab9b6cede62b5e7847117005bbd97a9ad89bb6c8b6,Q8N8Q9,False,TP53,393,e3ca60f18e3b6e98986ad6749215ee3b7a3abc09c191675213d1f243c035c9a3,P04637,original_six,False,-2.732398430506388,-2.893634875615438,0.29913246631622314,-12.600510597229004,-17.596933364868164,-14.56275463104248,-14.920066197713217,374.0,397.0,452.0,400.0
background,O15151,U,False,False,,False,196,OR10J5,309,09b6b03397b04a0a2d39bd24c3382d02c0f1cf50e92bb312fb9023cf304f0736,Q8NHC4,False,TP53,393,e3ca60f18e3b6e98986ad6749215ee3b7a3abc09c191675213d1f243c035c9a3,P04637,original_six,False,-5.186248143513997,-4.073660055796306,0.3559655249118805,-9.343749046325684,-12.368132591247559,-9.547348976135254,-10.419743537902832,453.0,446.0,380.0,357.0
background,O15151,U,False,False,,False,197,PDK3,406,2d727c595488c5a10810a0f8e487d9ed461ff08bd8e7f7130b633bfcaf1108f3,Q15120,False,TP53,393,e3ca60f18e3b6e98986ad6749215ee3b7a3abc09c191675213d1f243c035c9a3,P04637,original_six,False,-1.6986260414123535,-1.4537265300750732,0.29634395241737366,-6.505232810974121,-11.295995712280273,-7.496245384216309,-8.432491302490234,183.0,220.0,230.0,402.0
background,O15151,U,False,False,,False,198,CAPN6,641,49b4d5927d305b7a445e30fd0cdfe3d40ef7ba2f030a7863f128f68dbb23d10b,Q9Y6Q1,False,TP53,393,e3ca60f18e3b6e98986ad6749215ee3b7a3abc09c191675213d1f243c035c9a3,P04637,original_six,False,-1.1674645741780598,-0.1784039338429769,0.6583583354949951,-5.0516862869262695,-7.055978298187256,-4.211761951446533,-5.4398088455200195,97.0,69.0,20.0,13.0
background,O15151,U,False,False,,False,199,DDX41,622,7412d568d35c2506c62bd4814befb803d938ed6c51b03ce438f7c47729e0aa87,Q9UJV9,False,TP53,393,e3ca60f18e3b6e98986ad6749215ee3b7a3abc09c191675213d1f243c035c9a3,P04637,original_six,False,-2.783413807551066,-2.2349549531936646,0.5863470435142517,-5.734421253204346,-9.109054565429688,-6.55417013168335,-7.132548650105794,380.0,347.0,119.0,70.0
background,O15151,U,False,False,,False,200,ZBTB2,514,8d195ce3a73ecae8784a78f3879794c97708731cf1b46fd4ec37cbd301bd346f,Q8N680,False,TP53,393,e3ca60f18e3b6e98986ad6749215ee3b7a3abc09c191675213d1f243c035c9a3,P04637,original_six,False,-2.2740941842397056,-1.6657446026802063,0.6386088728904724,-10.198461532592773,-9.009127616882324,-7.32107400894165,-8.84288771947225,294.0,252.0,274.0,22.0
background,O15151,U,False,False,,False,201,CFHR4,578,78eb2ca935e8457ac3b8d9b6c7585afe26c8a3de87db5f992366851e75084d25,Q92496,False,TP53,393,e3ca60f18e3b6e98986ad6749215ee3b7a3abc09c191675213d1f243c035c9a3,P04637,original_six,False,-4.374500115712483,-3.0775981744130454,0.44025859236717224,-6.111727714538574,-10.861861228942871,-4.440435409545898,-7.138008117675781,446.0,409.0,120.0,246.0
background,O15151,U,False,False,,False,202,MEGF9,602,5c9033822b42c726caa44bf04b14f1d61ef81234c3b8c1636dc6263a2f4e92a0,Q9H1U4,False,TP53,393,e3ca60f18e3b6e98986ad6749215ee3b7a3abc09c191675213d1f243c035c9a3,P04637,original_six,False,-2.179552952448527,-1.6804282267888386,0.27103105187416077,-13.325118064880371,-9.598143577575684,-10.015522956848145,-10.979594866434732,280.0,255.0,397.0,426.0
background,O15151,U,False,False,,False,203,TLR1,786,ad70dbd7ed62fdc0208ff2d4c1363f203a7356304d80c60b6d94f08c13b38c05,Q15399,False,TP53,393,e3ca60f18e3b6e98986ad6749215ee3b7a3abc09c191675213d1f243c035c9a3,P04637,original_six,False,-4.72938346862793,-4.2670994599660235,0.45040223002433777,-13.47664737701416,-14.973072052001953,-10.566232681274414,-13.005317370096842,448.0,447.0,442.0,231.0
context,Q09472,U,False,False,,False,204,HEATR1,2144,a4e0c29d07546f64c5944659adcf96c474f86a27e0b3f6066cbe5a96f4e2df62,Q9H583,False,TP53,393,e3ca60f18e3b6e98986ad6749215ee3b7a3abc09c191675213d1f243c035c9a3,P04637,original_six,False,-2.3830647468566895,-2.5191497802734375,0.5223006010055542,-7.543045997619629,-11.276201248168945,-5.994344711303711,-8.271197319030762,322.0,365.0,221.0,137.0
context,Q09472,U,False,False,,False,205,CUX1,1505,4a192b91f7ea673e2dffbbedc58a66967556e11e0f40450acc176b771d61cd6b,P39880,False,TP53,393,e3ca60f18e3b6e98986ad6749215ee3b7a3abc09c191675213d1f243c035c9a3,P04637,original_six,False,-0.7260690530141195,-0.6041456361611685,0.5333837270736694,-5.375082015991211,-9.246463775634766,-4.523869037628174,-6.381804943084717,41.0,110.0,62.0,114.0
context,Q09472,U,False,False,,False,206,ZNF609,1411,b54c964b395e34842c51fa29a23ca6b65551504f1c92ca600311d0cdb355f2d3,O15014,False,TP53,393,e3ca60f18e3b6e98986ad6749215ee3b7a3abc09c191675213d1f243c035c9a3,P04637,original_six,False,-1.857600450515747,-2.0360097090403237,0.5266066193580627,-4.438930511474609,-8.024304389953613,-4.283985137939453,-5.582406679789226,211.0,319.0,25.0,126.0
context,Q09472,U,False,False,,False,207,CHD2,1828,f02cb664587cf225ed33248c59310f701db496bf118677aef804ce8015d934c1,O14647,False,TP53,393,e3ca60f18e3b6e98986ad6749215ee3b7a3abc09c191675213d1f243c035c9a3,P04637,original_six,False,-1.5053947766621907,-0.6985968252023061,0.5833237171173096,-9.428445816040039,-7.60837459564209,-3.930905342102051,-6.98924191792806,146.0,127.0,104.0,72.0
context,Q09472,U,False,False,,False,208,TRPS1,1281,f354d27f400d3924dd527e9242d52d88907a197109356139b4533e1fef4850ec,Q9UHF7,False,TP53,393,e3ca60f18e3b6e98986ad6749215ee3b7a3abc09c191675213d1f243c035c9a3,P04637,original_six,False,-1.6265071233113606,-0.715942540516456,0.571642279624939,-5.452611446380615,-6.98809289932251,-4.437911510467529,-5.626205285390218,172.0,132.0,26.0,81.0
context,Q09472,U,False,False,,False,209,MBD5,1494,7082f1aefa433f7e7d028c0537608ce756366f0c02408e6c7a938407e41aabe7,Q9P267,False,TP53,393,e3ca60f18e3b6e98986ad6749215ee3b7a3abc09c191675213d1f243c035c9a3,P04637,original_six,False,-1.8471297423044841,-1.1995764374732971,0.47814247012138367,-6.036535263061523,-6.517210483551025,-3.458462953567505,-5.337402900060018,207.0,175.0,17.0,192.0
context,Q09472,U,False,False,,False,210,SCAF11,1463,a9194abf7f4621c3187ea732134a1837c6499035190601c301e14eccd2cd5d82,Q99590,False,TP53,393,e3ca60f18e3b6e98986ad6749215ee3b7a3abc09c191675213d1f243c035c9a3,P04637,original_six,False,-1.8792091608047485,-1.0823708077271779,0.6052889823913574,-6.936862468719482,-9.00019645690918,-4.306096076965332,-6.747718334197998,220.0,168.0,87.0,45.0
context,Q09472,U,False,False,,False,211,TTLL5,1281,569769e6e0d9a0e2c90ce2b36db114624194c01f9a56a55e627e8d766191a942,Q6EMB2,False,TP53,393,e3ca60f18e3b6e98986ad6749215ee3b7a3abc09c191675213d1f243c035c9a3,P04637,original_six,False,-1.3570074637730916,-1.6949994564056396,0.5325788259506226,-6.573350429534912,-9.271327018737793,-7.221953392028809,-7.688876946767171,122.0,260.0,171.0,117.0
context,Q09472,U,False,False,,False,212,CRAMP1,1269,0b889151346e19a9ef51e8a2ca0da048785162f0783df5d4db179815a1e3bc31,Q96RY5,False,TP53,393,e3ca60f18e3b6e98986ad6749215ee3b7a3abc09c191675213d1f243c035c9a3,P04637,original_six,False,-1.4399886926015217,-0.32292528947194415,0.6007440090179443,-7.035030841827393,-11.261341094970703,-3.5890772342681885,-7.295149723688762,136.0,82.0,133.0,51.0
context,Q09472,U,False,False,,False,213,ZNF462,2506,226f7c86826cbc557a2188e2e7f4d7e73f4fddb22065a2028ab820d1637066ab,Q96JM2,False,TP53,393,e3ca60f18e3b6e98986ad6749215ee3b7a3abc09c191675213d1f243c035c9a3,P04637,original_six,False,-1.2181785106658936,-1.1240564982096355,0.6336984038352966,-6.568073749542236,-6.9446516036987305,-6.345098495483398,-6.619274616241455,103.0,170.0,79.0,25.0
context,Q09472,U,False,False,,False,214,PRDM2,1718,6bbe73d92d551f395395b977e7fedcfe6fa284e783e5dbc2630dcd063f2ac1d8,Q13029,False,TP53,393,e3ca60f18e3b6e98986ad6749215ee3b7a3abc09c191675213d1f243c035c9a3,P04637,original_six,False,-1.9907463391621907,-1.6836711565653484,0.643470287322998,-7.392391204833984,-8.907485008239746,-5.622701168060303,-7.307525793711345,244.0,257.0,137.0,19.0
context,Q09472,U,False,False,,False,215,CAD,2225,b8c16ef9d9f48d033275472a6f33ac0ab71b9e3405eac4e4092579e16498b2b4,P27708,False,TP53,393,e3ca60f18e3b6e98986ad6749215ee3b7a3abc09c191675213d1f243c035c9a3,P04637,original_six,False,-1.367918570836385,-2.4573177496592202,0.6431424021720886,-8.160639762878418,-8.766064643859863,-5.3025970458984375,-7.409767150878906,124.0,360.0,149.0,20.0
context,Q09472,U,False,False,,False,216,NEK1,1258,cab46bc57a39e00c016a0d3f7904b5076aa2b082f595bd156c08a2f5a446aeac,Q96PY6,False,TP53,393,e3ca60f18e3b6e98986ad6749215ee3b7a3abc09c191675213d1f243c035c9a3,P04637,original_six,False,-1.3155099948247273,-0.9745798707008362,0.32107630372047424,-6.518823623657227,-13.580519676208496,-8.444642066955566,-9.51466178894043,114.0,158.0,327.0,389.0
context,Q09472,U,False,False,,False,217,BAZ1A,1556,8bfb026cca112636240ed3841f3c57ddf4e7d5345525f3d756d5f0da5e905018,Q9NRL2,False,TP53,393,e3ca60f18e3b6e98986ad6749215ee3b7a3abc09c191675213d1f243c035c9a3,P04637,original_six,False,-1.344334880510966,-1.8778055906295776,0.5269904136657715,-6.880837917327881,-12.67220401763916,-7.843634605407715,-9.132225513458252,119.0,299.0,297.0,124.0
context,Q09472,U,False,False,,False,218,RAD54L2,1467,c29754cda879e831e8317840b640b8c6a4c34468ae2c4fb494be4deadd9960e1,Q9Y4B4,False,TP53,393,e3ca60f18e3b6e98986ad6749215ee3b7a3abc09c191675213d1f243c035c9a3,P04637,original_six,False,-1.3041977485020955,-0.4835522472858429,0.6095850467681885,-4.839339733123779,-7.532181262969971,-4.704036235809326,-5.691852410634358,109.0,98.0,29.0,40.0
context,Q09472,U,False,False,,False,219,SPEG,3267,b63835d04ca6d484ae0b46a9d3747b1412b95e550f2e157255670ef380d64823,Q15772,False,TP53,393,e3ca60f18e3b6e98986ad6749215ee3b7a3abc09c191675213d1f243c035c9a3,P04637,original_six,False,-1.6083943049112956,-1.781245191891988,0.44089651107788086,-8.347128868103027,-12.12197494506836,-6.652772426605225,-9.040625413258871,165.0,280.0,292.0,244.0
context,Q09472,U,False,False,,False,220,KDM2B,1336,b314d0e5afa4cecd776e89c537d8b59a838d1309984412ed8508aa03c8aee98c,Q8NHM5,False,TP53,393,e3ca60f18e3b6e98986ad6749215ee3b7a3abc09c191675213d1f243c035c9a3,P04637,original_six,False,-2.0795948108037314,-1.593335489432017,0.6186456680297852,-7.296566486358643,-10.120707511901855,-3.8918075561523438,-7.10302718480428,260.0,242.0,116.0,35.0
context,Q09472,U,False,False,,False,221,ERBIN,1412,03561bfd871eab65be8ade422127637ffaccd6782609385921d68221679741c2,Q96RT1,False,TP53,393,e3ca60f18e3b6e98986ad6749215ee3b7a3abc09c191675213d1f243c035c9a3,P04637,original_six,False,-2.6633170445760093,-2.9480682611465454,0.5199024677276611,-10.268142700195312,-12.76555061340332,-8.03792953491211,-10.357207616170248,366.0,402.0,372.0,139.0
context,Q09472,U,False,False,,False,222,CASP8AP2,1982,a18b3946f1a55d48673b64aa6461ea5015a7dc67b592d8014be4576fdaa21970,Q9UKL3,False,TP53,393,e3ca60f18e3b6e98986ad6749215ee3b7a3abc09c191675213d1f243c035c9a3,P04637,original_six,False,-1.8157293399175007,-0.37748636802037555,0.5236435532569885,-7.470510959625244,-7.941800117492676,-4.784142971038818,-6.732151349385579,203.0,89.0,85.0,135.0
context,Q09472,U,False,False,,False,223,SCAND3,1325,a903b25ecf6b87d1faf4ead0ed3e1cc808fbe5ef24b9be405ba2c64b05e4a883,Q6R2W3,False,TP53,393,e3ca60f18e3b6e98986ad6749215ee3b7a3abc09c191675213d1f243c035c9a3,P04637,original_six,False,-0.8811406294504801,-0.37369633714358014,0.6676544547080994,-8.058846473693848,-7.052303314208984,-7.88124418258667,-7.664131323496501,50.0,88.0,168.0,8.0
context,Q09472,U,False,False,,False,224,ZNF541,1346,68d3bd7de5c7276a9dde6c4158c1c536d03bd1f6c1c850521dcab49b07cdc818,Q9H0D2,False,TP53,393,e3ca60f18e3b6e98986ad6749215ee3b7a3abc09c191675213d1f243c035c9a3,P04637,original_six,False,-1.0748905340830486,0.017762025197347004,0.5373194813728333,-6.876406192779541,-7.7225847244262695,-5.551827430725098,-6.716939449310303,78.0,48.0,84.0,111.0
context,Q09472,U,False,False,,False,225,PPRC1,1664,1335aa13020a0f97e7a5ee17682af9c6eb1b35cd8a87a3c1035a797b199f6641,Q5VV67,False,TP53,393,e3ca60f18e3b6e98986ad6749215ee3b7a3abc09c191675213d1f243c035c9a3,P04637,original_six,False,-1.4290428161621094,-0.6195136258999506,0.5809789299964905,-6.620574951171875,-8.535322189331055,-7.791780471801758,-7.6492258707682295,132.0,114.0,167.0,75.0
context,Q09472,U,False,False,,False,226,ZNF208,1280,b6b348f0c63c85e6ff43c2d740c45886d3d74948f82ff6c32d24d2672e6a9274,O43345,False,TP53,393,e3ca60f18e3b6e98986ad6749215ee3b7a3abc09c191675213d1f243c035c9a3,P04637,original_six,False,-3.9017813205718994,-3.056427240371704,0.4365839660167694,-6.927611827850342,-10.23364543914795,-4.890028476715088,-7.350428581237793,438.0,408.0,140.0,248.0
context,Q09472,U,False,False,,False,227,ZNF292,2723,0b26eddc9dbcb5a6fc3432911d4012dfdc93e95ecd13d2e2f230d81175525612,O60281,False,TP53,393,e3ca60f18e3b6e98986ad6749215ee3b7a3abc09c191675213d1f243c035c9a3,P04637,original_six,False,-1.6823538541793823,-1.2581053177515666,0.5906457304954529,-9.138111114501953,-7.0572638511657715,-6.377264499664307,-7.524213155110677,180.0,184.0,158.0,64.0
context,Q09472,U,False,False,,False,228,DIDO1,2240,015a09f0e901e764267e3bbdf74e733a06a23ab17c4857fb989f5f7fc37f6d13,Q9BTC0,False,TP53,393,e3ca60f18e3b6e98986ad6749215ee3b7a3abc09c191675213d1f243c035c9a3,P04637,original_six,False,-1.4412288268407185,-1.5339160760243733,0.5887839794158936,-6.6052937507629395,-10.942048072814941,-4.65010404586792,-7.399148623148601,137.0,236.0,147.0,66.0
context,Q09472,U,False,False,,False,229,RALGAPA1,2036,88518baf6f8870d054af2eaa8862a0dfd300208f889db224321714b90de77d3f,Q6GYQ0,False,TP53,393,e3ca60f18e3b6e98986ad6749215ee3b7a3abc09c191675213d1f243c035c9a3,P04637,original_six,False,-3.0082242488861084,-2.3552794059117637,0.37914368510246277,-10.50329875946045,-11.275750160217285,-9.002998352050781,-10.260682423909506,398.0,352.0,359.0,327.0
context,Q09472,U,False,False,,False,230,RECQL4,1208,9f5123aecf0e75b9ad426bc95b82f3b35f601f813150169d77f14a4fb064f505,O94761,False,TP53,393,e3ca60f18e3b6e98986ad6749215ee3b7a3abc09c191675213d1f243c035c9a3,P04637,original_six,False,-1.930735468864441,-0.4099147319793701,0.5764102339744568,-7.898560047149658,-7.894801616668701,-6.285382270812988,-7.359581311543782,235.0,94.0,141.0,79.0
context,Q09472,U,False,False,,False,231,PARP4,1724,cd6c2b457a3f278b912e61f8cbf28984f5f6839529aa01c4a6a10b97ee6d950f,Q9UKK3,False,TP53,393,e3ca60f18e3b6e98986ad6749215ee3b7a3abc09c191675213d1f243c035c9a3,P04637,original_six,False,-0.8313613136609396,0.023852696021397907,0.5189316272735596,-5.57490348815918,-11.094902992248535,-10.474526405334473,-9.048110961914062,47.0,47.0,294.0,142.0
context,Q09472,U,False,False,,False,232,EP400,3159,80d0cb35ef7de9ae52793b942b424ea8e5680f37390ccdaff7c7c5d115cece75,Q96L91,False,TP53,393,e3ca60f18e3b6e98986ad6749215ee3b7a3abc09c191675213d1f243c035c9a3,P04637,original_six,False,-1.0004779895146687,-2.127089579900106,0.5318393707275391,-6.187506198883057,-8.783991813659668,-4.855881214141846,-6.6091264088948565,63.0,336.0,76.0,119.0
context,Q09472,U,False,False,,False,233,SVEP1,3571,e3ebcf87d623a2597f1ad1a84eb436d09ff29a7b6682d1af43d40af8e9a57424,Q4LDE5,False,TP53,393,e3ca60f18e3b6e98986ad6749215ee3b7a3abc09c191675213d1f243c035c9a3,P04637,original_six,False,-2.5882712999979653,-1.889358361562093,0.5990534424781799,-8.019903182983398,-14.214993476867676,-10.843396186828613,-11.026097615559896,352.0,300.0,400.0,56.0
context,Q09472,U,False,False,,False,234,DOCK10,2186,0f7dc781c18e2692b0d13ecd6817121c4eac3fe8e62fc2ea1241be1b3c04dbe7,Q96BY6,False,TP53,393,e3ca60f18e3b6e98986ad6749215ee3b7a3abc09c191675213d1f243c035c9a3,P04637,original_six,False,-1.8500038385391235,-1.4912087122599285,0.43526074290275574,-4.858687877655029,-8.168428421020508,-7.014951229095459,-6.680689175923665,208.0,226.0,82.0,249.0
context,Q09472,U,False,False,,False,235,DHX9,1270,d36987e04a95d968024a7706369867ebd27615c80cb234f38c45578660b1c55a,Q08211,False,TP53,393,e3ca60f18e3b6e98986ad6749215ee3b7a3abc09c191675213d1f243c035c9a3,P04637,original_six,False,-0.6504282553990682,0.008576353391011557,0.675987958908081,-5.093118667602539,-10.554697036743164,-6.711073398590088,-7.452963034311931,35.0,49.0,151.0,7.0
context,Q09472,U,False,False,,False,236,ZFAT,1243,28c68feb8aaf04ba015a423de35e4c5a3e4865ebeea008ec6dab705ad2fc10fd,Q9P243,False,TP53,393,e3ca60f18e3b6e98986ad6749215ee3b7a3abc09c191675213d1f243c035c9a3,P04637,original_six,False,-1.11294686794281,-0.986355205376943,0.6222513914108276,-8.605974197387695,-9.160953521728516,-7.7468390464782715,-8.504588921864828,88.0,160.0,237.0,31.0
context,Q09472,U,False,False,,False,237,FMN2,1722,51526131b62ce1f1fe342da48a3bd70ec585663a27797a3ef5945719f9230e9a,Q9NZ56,False,TP53,393,e3ca60f18e3b6e98986ad6749215ee3b7a3abc09c191675213d1f243c035c9a3,P04637,original_six,False,-1.4327828486760457,-1.7985978921254475,0.3602663278579712,-7.59794807434082,-11.006185531616211,-6.639064311981201,-8.41439930597941,134.0,285.0,228.0,352.0
context,Q09472,U,False,False,,False,238,SPOCD1,1216,576d3f1be512d1108044c8caba84f5f0c5ace79b34105539f5b57ca9049a0436,Q6ZMY3,False,TP53,393,e3ca60f18e3b6e98986ad6749215ee3b7a3abc09c191675213d1f243c035c9a3,P04637,original_six,False,-0.4181296726067861,0.4565000335375468,0.5990569591522217,-7.229100227355957,-10.17634105682373,-3.596308946609497,-7.0005834102630615,20.0,28.0,106.0,55.0
context,Q09472,U,False,False,,False,239,ZNF521,1311,40d5cb4ab3db973e67bda6ac60d43cb8493f36ea78619588a78157c76862c823,Q96K83,False,TP53,393,e3ca60f18e3b6e98986ad6749215ee3b7a3abc09c191675213d1f243c035c9a3,P04637,original_six,False,-1.0634522636731465,-0.2719872047503789,0.6225168704986572,-7.280886173248291,-6.7707200050354,-6.382401466369629,-6.8113358815511065,73.0,77.0,93.0,30.0
context,Q09472,U,False,False,,False,240,POLQ,2590,43f6095fcbab494973a816cf1be6a7602b856f4780fe6de9db69c5ebb4098107,O75417,False,TP53,393,e3ca60f18e3b6e98986ad6749215ee3b7a3abc09c191675213d1f243c035c9a3,P04637,original_six,False,-2.244327704111735,-1.280511776606242,0.42618873715400696,-9.038497924804688,-9.309309005737305,-8.518674850463867,-8.955493927001953,291.0,186.0,286.0,274.0
context,Q09472,U,False,False,,False,241,ZGRF1,2104,bcca471ca12eb3136c7764de69d8f45d4c64f12c0697025ed83dc34251549ef6,Q86YA3,False,TP53,393,e3ca60f18e3b6e98986ad6749215ee3b7a3abc09c191675213d1f243c035c9a3,P04637,original_six,False,-2.5374836126963296,-1.795044183731079,0.5197331309318542,-7.532902240753174,-8.76638126373291,-7.434170246124268,-7.91115125020345,346.0,284.0,190.0,140.0
context,Q09472,U,False,False,,False,242,ZNF687,1237,d6bf164a5db6060f86ad53c333eb40719a1d208a9faaa0c0cf5ecfcf5fef284b,Q8N1G0,False,TP53,393,e3ca60f18e3b6e98986ad6749215ee3b7a3abc09c191675213d1f243c035c9a3,P04637,original_six,False,-1.6481259663899739,-1.6208432912826538,0.6004762649536133,-6.911235332489014,-8.656932830810547,-5.971767902374268,-7.179978688557942,174.0,244.0,123.0,52.0
context,Q09472,U,False,False,,False,243,NLRP1,1473,181c6729abacdb2824b8c6f6a35ca808bbe4e2e13104d31fe9025b6f5d3e083c,Q9C000,False,TP53,393,e3ca60f18e3b6e98986ad6749215ee3b7a3abc09c191675213d1f243c035c9a3,P04637,original_six,False,-1.1205227573712666,-1.315986414750417,0.4917640686035156,-9.207756042480469,-8.51293659210205,-5.383116245269775,-7.701269626617432,90.0,194.0,176.0,175.0
context,Q09472,U,False,False,,False,244,NCAPD3,1498,b23ebd84353f80461785b9e5b13567b9262184c54e0926c4c09e8ada84da34b1,P42695,False,TP53,393,e3ca60f18e3b6e98986ad6749215ee3b7a3abc09c191675213d1f243c035c9a3,P04637,original_six,False,-1.949751853942871,-2.1874054272969565,0.3700839877128601,-10.758447647094727,-10.704474449157715,-5.368896961212158,-8.943939685821533,240.0,342.0,285.0,338.0
context,Q09472,U,False,False,,False,245,FMN1,1419,77271e84dda5a559ecefc55e5fade5e343509b139b8daf3eb49300fa492c991a,Q68DA7,False,TP53,393,e3ca60f18e3b6e98986ad6749215ee3b7a3abc09c191675213d1f243c035c9a3,P04637,original_six,False,-1.4741178750991821,-1.4162814219792683,0.5030230283737183,-8.045475959777832,-10.699625968933105,-6.800896644592285,-8.51533285776774,145.0,209.0,240.0,161.0
context,Q09472,U,False,False,,False,246,NCOA3,1424,6ffd495ceb38724e91c62cdb51078c556c645722c3e98093edd559d941882bd1,Q9Y6Q9,False,TP53,393,e3ca60f18e3b6e98986ad6749215ee3b7a3abc09c191675213d1f243c035c9a3,P04637,original_six,False,-1.7166668971379597,-1.4278932611147563,0.6073012351989746,-7.068649768829346,-8.431861877441406,-3.4439775943756104,-6.314829746882121,187.0,215.0,56.0,42.0
context,Q09472,U,False,False,,False,247,ZNF469,3953,8337f7c819db4988a25b1bffeafaf43613cb39b64a11d517dc9a56d6090f59b5,Q96JG9,False,TP53,393,e3ca60f18e3b6e98986ad6749215ee3b7a3abc09c191675213d1f243c035c9a3,P04637,original_six,False,-1.0798786878585815,-0.4705229600270589,0.25672444701194763,-6.819708824157715,-10.802248001098633,-4.5216383934021,-7.381198406219482,79.0,97.0,144.0,431.0
context,Q09472,U,False,False,,False,248,PPP1R26,1209,7ebbea7c2bc26301dbe162849b8f8cca3a42ad1b93a34fa252dfd5a033c323a0,Q5T8A7,False,TP53,393,e3ca60f18e3b6e98986ad6749215ee3b7a3abc09c191675213d1f243c035c9a3,P04637,original_six,False,-1.645992636680603,-1.755531907081604,0.3637440502643585,-8.350532531738281,-11.67303466796875,-5.579507827758789,-8.534358342488607,173.0,272.0,242.0,349.0
context,Q09472,U,False,False,,False,249,GTF3C1,2109,9d91848f94cf7193c61240b3139e78f584ef9b9577bae1139479da561935e2be,Q12789,False,TP53,393,e3ca60f18e3b6e98986ad6749215ee3b7a3abc09c191675213d1f243c035c9a3,P04637,original_six,False,-1.3649352391560872,-0.6451492508252462,0.5560996532440186,-6.020757675170898,-10.570924758911133,-5.505037307739258,-7.365573247273763,123.0,121.0,142.0,96.0
context,Q09472,U,False,False,,False,250,DCAF1,1507,030ef1b424381b56f9f5794a5a8f5526cf73f1a02d7d305f1c0b51d8b3c2485c,Q9Y4B6,False,TP53,393,e3ca60f18e3b6e98986ad6749215ee3b7a3abc09c191675213d1f243c035c9a3,P04637,original_six,False,-2.0252005656560264,-1.8563215335210164,0.55882328748703,-5.2822771072387695,-9.940505027770996,-6.064241886138916,-7.0956746737162275,249.0,294.0,114.0,93.0
context,Q09472,U,False,False,,False,251,PIK3C2B,1634,c4a41123ce734ae5702facde8accdc965f5d4b1217a3fbb041042334edf1ddf1,O00750,False,TP53,393,e3ca60f18e3b6e98986ad6749215ee3b7a3abc09c191675213d1f243c035c9a3,P04637,original_six,False,-1.0031065940856934,0.17354977130889893,0.3246048390865326,-5.300915718078613,-8.502713203430176,-5.464380741119385,-6.422669887542725,64.0,39.0,66.0,383.0
context,Q09472,U,False,False,,False,252,URB1,2271,55040c5636dc3e0affb097c7768f649beceeef5f70a33aaa52c7415f14d4e9ba,O60287,False,TP53,393,e3ca60f18e3b6e98986ad6749215ee3b7a3abc09c191675213d1f243c035c9a3,P04637,original_six,False,-2.7222580909729004,-2.784414847691854,0.55600905418396,-7.895410537719727,-10.657320022583008,-7.809419631958008,-8.787383397420248,373.0,386.0,270.0,97.0
context,Q09472,U,False,False,,False,253,SKIC2,1246,f027d3da302be86a75e865eb14688db15d4a39b6102aa261a892869089ed1183,Q15477,False,TP53,393,e3ca60f18e3b6e98986ad6749215ee3b7a3abc09c191675213d1f243c035c9a3,P04637,original_six,False,-1.5890961488087971,-0.8288089434305826,0.3500688076019287,-8.073644638061523,-11.245953559875488,-5.4233012199401855,-8.247633139292398,158.0,141.0,218.0,361.0
background,Q09472,U,False,False,,False,254,USP47,1375,bf37e091c497bfceb9835fd8ff720d0ec78fc7c50d51b2055393267bfd053b0d,Q96K76,False,TP53,393,e3ca60f18e3b6e98986ad6749215ee3b7a3abc09c191675213d1f243c035c9a3,P04637,original_six,False,-1.356740911801656,-0.7934984167416891,0.6282567381858826,-3.6479549407958984,-9.393954277038574,-5.202700138092041,-6.081536451975505,121.0,139.0,45.0,26.0
background,Q09472,U,False,False,,False,255,RIMS2,1411,af8ad5027331f6f9e451fc36addb0195f1b165a5ae247cda5ae3844a4dd83445,Q9UQ26,False,TP53,393,e3ca60f18e3b6e98986ad6749215ee3b7a3abc09c191675213d1f243c035c9a3,P04637,original_six,False,-0.5434312621752421,-0.11305193106333415,0.2884804308414459,-7.254327774047852,-8.66768741607666,-5.777167320251465,-7.233060836791992,31.0,62.0,130.0,412.0
background,Q09472,U,False,False,,False,256,KDM3A,1321,e7bf72cc6e68d88026fadbd8c3e128247c7aa74c5f7c5e686a647d5bc6fb3f50,Q9Y4C1,False,TP53,393,e3ca60f18e3b6e98986ad6749215ee3b7a3abc09c191675213d1f243c035c9a3,P04637,original_six,False,-1.9398821194966633,-0.6210441440343857,0.650941014289856,-9.073444366455078,-7.571346282958984,-6.26138973236084,-7.635393460591634,237.0,115.0,165.0,16.0
background,Q09472,U,False,False,,False,257,FLG,4061,32b2d6c7c7b5f7f26a82803a79f80f86e8bb14a7c0711ea1e4deb551aeaf8145,P20930,False,TP53,393,e3ca60f18e3b6e98986ad6749215ee3b7a3abc09c191675213d1f243c035c9a3,P04637,original_six,False,-1.1511281331380208,0.9354913532733917,0.4331700801849365,-3.2479147911071777,-5.891374588012695,-5.060922145843506,-4.73340384165446,96.0,16.0,3.0,252.0
background,Q09472,U,False,False,,False,258,DSEL,1212,0f3b67a5e8ef20b48bd8e6854801da2f0870e31a8c0ce68e0c35d34020682fb0,Q8IZU8,False,TP53,393,e3ca60f18e3b6e98986ad6749215ee3b7a3abc09c191675213d1f243c035c9a3,P04637,original_six,False,-2.756093422571818,-3.318314552307129,0.20070630311965942,-12.902623176574707,-14.689127922058105,-13.543623924255371,-13.71179167429606,375.0,424.0,450.0,449.0
background,Q09472,U,False,False,,False,259,RIMBP3,1639,da56d97d69ca3d44a23782dfdbeb66ac63e3ccd1548596727de677957e8267a5,Q9UFD9,False,TP53,393,e3ca60f18e3b6e98986ad6749215ee3b7a3abc09c191675213d1f243c035c9a3,P04637,original_six,False,0.4605767826239268,0.9614070157210032,0.36544495820999146,-6.349826335906982,-12.212566375732422,-6.201981544494629,-8.254791418711344,3.0,15.0,219.0,343.0
background,Q09472,U,False,False,,False,260,RLF,1914,7e1acc8006febbfb673d73b1edb2deaa91847363dcf8d2dc66ff871bf133c58c,Q13129,False,TP53,393,e3ca60f18e3b6e98986ad6749215ee3b7a3abc09c191675213d1f243c035c9a3,P04637,original_six,False,-0.9893938302993774,-0.02494502067565918,0.6123278141021729,-7.206240177154541,-6.1572723388671875,-6.046854019165039,-6.470122178395589,60.0,52.0,68.0,38.0
background,Q09472,U,False,False,,False,261,RIMBP3C,1639,ffc512c0ac55dbc38cade33eb30a162721133c53852c3333e25b99cdcf02c17e,A6NJZ7,False,TP53,393,e3ca60f18e3b6e98986ad6749215ee3b7a3abc09c191675213d1f243c035c9a3,P04637,original_six,False,0.49273866415023804,1.0429874857266743,0.36884039640426636,-6.312870502471924,-11.960664749145508,-5.900822162628174,-8.058119138081869,1.0,10.0,205.0,340.0
background,Q09472,U,False,False,,False,262,ALPK3,1705,fcdddac24616faa216801d947d7ca10b2a38d0628edf68c89cccd39148f04070,Q96L96,False,TP53,393,e3ca60f18e3b6e98986ad6749215ee3b7a3abc09c191675213d1f243c035c9a3,P04637,original_six,False,-1.5625466505686443,-1.03896168867747,0.45748481154441833,-6.367196559906006,-12.132999420166016,-4.980745792388916,-7.8269805908203125,153.0,164.0,185.0,216.0
background,Q09472,U,False,False,,False,263,GLI2,1586,b8cc3943dbfffcd00d0227f6a316e823ba7d1bafa4e49c5ba270b158ad30a840,P10070,False,TP53,393,e3ca60f18e3b6e98986ad6749215ee3b7a3abc09c191675213d1f243c035c9a3,P04637,original_six,False,-1.7858530282974243,-0.865061362584432,0.5490373969078064,-9.665532112121582,-10.414576530456543,-4.796475410461426,-8.292194684346518,199.0,148.0,222.0,103.0
background,Q09472,U,False,False,,False,264,DICER1,1922,397304032323fa31cf03e9ce207c76b81ede79a8dedccab20ea369501e9fb62d,Q9UPY3,False,TP53,393,e3ca60f18e3b6e98986ad6749215ee3b7a3abc09c191675213d1f243c035c9a3,P04637,original_six,False,-1.853797475496928,-1.2888899842898052,0.638576090335846,-5.789346218109131,-10.360381126403809,-7.382905960083008,-7.844211101531982,210.0,187.0,187.0,23.0
background,Q09472,U,False,False,,False,265,NRCAM,1304,1d477a863de60e42522e0b7249ce0889f66bcb015c084e042581f869861d39d6,Q92823,False,TP53,393,e3ca60f18e3b6e98986ad6749215ee3b7a3abc09c191675213d1f243c035c9a3,P04637,original_six,False,-2.627469857533773,-3.4487311840057373,0.3456856608390808,-9.401589393615723,-12.073386192321777,-10.214238166809082,-10.563071250915527,359.0,429.0,386.0,366.0
background,Q09472,U,False,False,,False,266,CPLANE1,3197,eeb8371e97617642b3e07d923440170ce4258935b9846a2a8fd35c1481b35446,Q9H799,False,TP53,393,e3ca60f18e3b6e98986ad6749215ee3b7a3abc09c191675213d1f243c035c9a3,P04637,original_six,False,-2.27895180384318,-1.7594602505366008,0.29537340998649597,-7.850125789642334,-9.701666831970215,-5.966271877288818,-7.839354832967122,297.0,273.0,186.0,404.0
background,Q09472,U,False,False,,False,267,YLPM1,2146,0fc4c34225e5546aec807c49b7384002a1a3385e008e56e9b26fa9dd1f8e478f,P49750,False,TP53,393,e3ca60f18e3b6e98986ad6749215ee3b7a3abc09c191675213d1f243c035c9a3,P04637,original_six,False,-1.1415027379989624,-0.7305586139361063,0.5617849230766296,-8.367684364318848,-10.277209281921387,-5.2399797439575195,-7.961624463399251,93.0,134.0,195.0,90.0
background,Q09472,U,False,False,,False,268,DCTN1,1278,9b6997b252fe1488a5a3413b36c55cd988be552e1f94b80edfc967106f70bdbe,Q14203,False,TP53,393,e3ca60f18e3b6e98986ad6749215ee3b7a3abc09c191675213d1f243c035c9a3,P04637,original_six,False,-0.7648575901985168,-1.0248591378331184,0.27749666571617126,-8.588685989379883,-10.053522109985352,-8.726326942443848,-9.122845013936361,44.0,163.0,296.0,423.0
background,Q09472,U,False,False,,False,269,PLXND1,1925,b2efb526dae0d83c8a3e1db7ea94257458180daf2ef654500eaf332d0a9410ab,Q9Y4D7,False,TP53,393,e3ca60f18e3b6e98986ad6749215ee3b7a3abc09c191675213d1f243c035c9a3,P04637,original_six,False,-3.1094373067220054,-3.663822968800863,0.36397069692611694,-10.869980812072754,-12.975696563720703,-10.065193176269531,-11.30362351735433,408.0,435.0,415.0,348.0
background,Q09472,U,False,False,,False,270,CTNND2,1225,f3939c56c6b61592f7be612b8797d1a2c94d079f6d854843f26dcbaec7932cc7,Q9UQB3,False,TP53,393,e3ca60f18e3b6e98986ad6749215ee3b7a3abc09c191675213d1f243c035c9a3,P04637,original_six,False,-1.0895442962646484,-0.848829448223114,0.3233456611633301,-7.030825614929199,-13.049888610839844,-4.802309989929199,-8.294341405232748,82.0,143.0,223.0,384.0
background,Q09472,U,False,False,,False,271,NID1,1247,8e67c82dbf831a44abfa16baf171ae0a74e5874fee911a96a4e1a6c84047e984,P14543,False,TP53,393,e3ca60f18e3b6e98986ad6749215ee3b7a3abc09c191675213d1f243c035c9a3,P04637,original_six,False,-2.9245283603668213,-1.9123506546020508,0.5483992099761963,-10.22561264038086,-8.220556259155273,-7.829501152038574,-8.758556683858236,393.0,302.0,269.0,104.0
background,Q09472,U,False,False,,False,272,CNOT1,2376,ebd6aeb019f346337b1e65cceae8144b40b7f749bbb699ea2df3f889b776a371,A5YKK6,False,TP53,393,e3ca60f18e3b6e98986ad6749215ee3b7a3abc09c191675213d1f243c035c9a3,P04637,original_six,False,-1.5170520146687825,-1.5416677594184875,0.48921164870262146,-6.1418962478637695,-11.631118774414062,-3.886751413345337,-7.219922145207723,148.0,237.0,129.0,178.0
background,Q09472,U,False,False,,False,273,WDR17,1322,0dd05750f74258c9976171ec06ae6492fcaf0724bef3ff94287ac19a9e3bc0bf,Q8IZU2,False,TP53,393,e3ca60f18e3b6e98986ad6749215ee3b7a3abc09c191675213d1f243c035c9a3,P04637,original_six,False,-1.0870016813278198,0.3179245392481486,0.47011247277259827,-7.956766128540039,-10.102248191833496,-7.355174541473389,-8.471396287282309,81.0,33.0,234.0,202.0
background,Q09472,U,False,False,,False,274,ZNF729,1252,a7a515d5c948c2c55ce19960f48bca986a59ded468b22ebe4ea285a6581b2112,A6NN14,False,TP53,393,e3ca60f18e3b6e98986ad6749215ee3b7a3abc09c191675213d1f243c035c9a3,P04637,original_six,False,-3.3997855186462402,-3.2209500471750894,0.45706209540367126,-7.4424967765808105,-8.183112144470215,-5.3630876541137695,-6.996232191721599,426.0,421.0,105.0,219.0
background,Q09472,U,False,False,,False,275,FLNC,2725,4f183956f00b3e2868b4cbbc3094b9628c6d62a6e71e46894d5a97d0ebcf77da,Q14315,False,TP53,393,e3ca60f18e3b6e98986ad6749215ee3b7a3abc09c191675213d1f243c035c9a3,P04637,original_six,False,-1.7475061416625977,-0.3019141952196757,0.5715936422348022,-5.12594747543335,-7.786797046661377,-4.784107208251953,-5.898950576782227,198.0,80.0,33.0,82.0
background,Q09472,U,False,False,,False,276,NUP188,1749,1cca977413c35599b2b725588e145af6b727d06ab206ddcf1141714d65b447a1,Q5SRE5,False,TP53,393,e3ca60f18e3b6e98986ad6749215ee3b7a3abc09c191675213d1f243c035c9a3,P04637,original_six,False,-2.7728237311045327,-2.1405632893244424,0.5060412883758545,-7.0290985107421875,-9.325324058532715,-9.740667343139648,-8.698363304138184,376.0,338.0,258.0,153.0
background,Q09472,U,False,False,,False,277,ANKRD17,2603,642a36cd99343146fb3f5326204f1d5634d17ecbd6ca818cad34ae070af52d20,O75179,False,TP53,393,e3ca60f18e3b6e98986ad6749215ee3b7a3abc09c191675213d1f243c035c9a3,P04637,original_six,False,-1.6100547313690186,-1.6877347429593403,0.5300979018211365,-8.860136032104492,-9.266549110412598,-4.751792907714844,-7.6261593500773115,166.0,258.0,164.0,122.0
background,Q09472,U,False,False,,False,278,CDC42BPG,1551,8f2c7bcd0d3ebdf09697276c6c945cff040b5d15cd1396686b64749f71e3e9b0,Q6DT37,False,TP53,393,e3ca60f18e3b6e98986ad6749215ee3b7a3abc09c191675213d1f243c035c9a3,P04637,original_six,False,-0.7407432397206625,-0.21725604931513467,0.4649659991264343,-7.43059778213501,-10.66504955291748,-5.32633638381958,-7.80732790629069,42.0,72.0,184.0,209.0
background,Q09472,U,False,False,,False,279,ARID1B,2319,19e226010e8e97327f9e93a9a0e849791db83215c76e855fecc7c1e21d3e1d59,Q8NFD5,False,TP53,393,e3ca60f18e3b6e98986ad6749215ee3b7a3abc09c191675213d1f243c035c9a3,P04637,original_six,False,-1.2936266263326008,-1.870583216349284,0.5350963473320007,-6.686314582824707,-10.146486282348633,-3.485785484313965,-6.7728621164957685,107.0,297.0,90.0,112.0
background,Q09472,U,False,False,,False,280,CARMIL3,1372,9691d6c6ba9d59fd9ce10564eb70ca6843d515d7066c623689e87e54b50bbeef,Q8ND23,False,TP53,393,e3ca60f18e3b6e98986ad6749215ee3b7a3abc09c191675213d1f243c035c9a3,P04637,original_six,False,-0.8428303003311157,-0.6731128791968027,0.3895810842514038,-8.030295372009277,-11.3036527633667,-4.945432186126709,-8.093126773834229,48.0,124.0,210.0,312.0
background,Q09472,U,False,False,,False,281,KCP,1568,f9f305480cfe77553eab215925ba5f1745028ce70afc75064414e0d9cbb18fbf,Q6ZWJ8,False,TP53,393,e3ca60f18e3b6e98986ad6749215ee3b7a3abc09c191675213d1f243c035c9a3,P04637,original_six,False,-0.4992859760920207,1.5765424966812134,0.4658593535423279,-7.144423961639404,-6.537896156311035,-5.427552700042725,-6.369957605997722,26.0,2.0,61.0,208.0
background,Q09472,U,False,False,,False,282,CPSF1,1443,1e889d9db72860b42f1fc14c9e85e180f58ed98c84ea1aefbd714eb3519d329a,Q10570,False,TP53,393,e3ca60f18e3b6e98986ad6749215ee3b7a3abc09c191675213d1f243c035c9a3,P04637,original_six,False,-2.314852476119995,-2.6922453244527182,0.5993046760559082,-6.837677478790283,-9.820216178894043,-5.5161566734313965,-7.391350110371907,307.0,379.0,146.0,54.0
background,Q09472,U,False,False,,False,283,CEP164,1460,195394a7b880b7e07a9c3e22c874c61781f0c8439c976f85bc024879d84e55ef,Q9UPV0,False,TP53,393,e3ca60f18e3b6e98986ad6749215ee3b7a3abc09c191675213d1f243c035c9a3,P04637,original_six,False,-0.5093912283579508,-0.5819479624430338,0.32486361265182495,-7.281664848327637,-13.204599380493164,-5.9923624992370605,-8.826208909352621,28.0,108.0,272.0,382.0
background,Q09472,U,False,False,,False,284,NBAS,2371,c7351dd0f48d8028da4e069d410d0ad92fc4002dcd2ce20331018d2eefd004f6,A2RRP1,False,TP53,393,e3ca60f18e3b6e98986ad6749215ee3b7a3abc09c191675213d1f243c035c9a3,P04637,original_six,False,-1.6570847034454346,-0.623917818069458,0.5953366756439209,-7.019618511199951,-10.775104522705078,-7.743626594543457,-8.512783209482828,176.0,116.0,239.0,59.0
background,Q09472,U,False,False,,False,285,GPR158,1215,d2c04732c71ad1d652cf8a6982c5cb330c1701dbfe16b5be071ee72b7b0980b8,Q5T848,False,TP53,393,e3ca60f18e3b6e98986ad6749215ee3b7a3abc09c191675213d1f243c035c9a3,P04637,original_six,False,-1.919329285621643,-2.047781984011332,0.23242372274398804,-16.245140075683594,-12.884276390075684,-11.28037166595459,-13.469929377237955,231.0,321.0,448.0,445.0
background,Q09472,U,False,False,,False,286,CLTCL1,1640,8d0dde59a4a73e10d09de372e66e152f733c85d8aa9b4057565df113c4854d90,P53675,False,TP53,393,e3ca60f18e3b6e98986ad6749215ee3b7a3abc09c191675213d1f243c035c9a3,P04637,original_six,False,-0.6074060400327047,-0.0682211567958196,0.5036758184432983,-4.910137176513672,-8.2432222366333,-4.871192932128906,-6.00818411509196,33.0,59.0,39.0,160.0
background,Q09472,U,False,False,,False,287,TTBK1,1321,f4bd15ec11ba6693e45d1f5c6103d2774d59b494c9b8669c40e6c89ce9adcc3b,Q5TCY1,False,TP53,393,e3ca60f18e3b6e98986ad6749215ee3b7a3abc09c191675213d1f243c035c9a3,P04637,original_six,False,-2.107961336771647,-1.7905071179072063,0.5001451373100281,-6.733068466186523,-10.592035293579102,-5.150900363922119,-7.492001374562581,267.0,282.0,155.0,169.0
background,Q09472,U,False,False,,False,288,PPIP5K1,1433,ecc096c077e8e2b00291133b47e094f57ffbb4f6a644b79a55dd6279f5d79aef,Q6PFW1,False,TP53,393,e3ca60f18e3b6e98986ad6749215ee3b7a3abc09c191675213d1f243c035c9a3,P04637,original_six,False,-1.3944227298100789,-0.8837216893831888,0.525744616985321,-6.782997131347656,-10.285863876342773,-10.631085395812988,-9.233315467834473,128.0,150.0,301.0,127.0
background,Q09472,U,False,False,,False,289,NLRC5,1866,1d4702dd18bebe3b471a7cc4e35d13a4df29bcd49d6fedacd4fb90439fd34b1a,Q86WI3,False,TP53,393,e3ca60f18e3b6e98986ad6749215ee3b7a3abc09c191675213d1f243c035c9a3,P04637,original_six,False,-1.5885627667109172,-1.3041041294733684,0.6809326410293579,-11.169768333435059,-9.060052871704102,-6.363728046417236,-8.864516417185465,157.0,189.0,277.0,5.0
background,Q09472,U,False,False,,False,290,NPC1L1,1359,30f612a2b222f259462d5eb29bd65b0d8672652a14cbf4e759cd486bb3bbe678,Q9UHC9,False,TP53,393,e3ca60f18e3b6e98986ad6749215ee3b7a3abc09c191675213d1f243c035c9a3,P04637,original_six,False,-2.9246772130330405,-2.391436497370402,0.24799899756908417,-13.730122566223145,-17.273639678955078,-14.560011863708496,-15.18792470296224,394.0,356.0,453.0,438.0
background,Q09472,U,False,False,,False,291,PASK,1323,4079238abb5796de8bb14a31146b4767ca88e5f50a5923ccf2fd9c1b1d74565b,Q96RG2,False,TP53,393,e3ca60f18e3b6e98986ad6749215ee3b7a3abc09c191675213d1f243c035c9a3,P04637,original_six,False,-1.314519723256429,-0.6310976346333822,0.4223302900791168,-10.696479797363281,-8.834739685058594,-7.349476337432861,-8.960231939951578,113.0,117.0,287.0,279.0
background,Q09472,U,False,False,,False,292,BAZ2A,1905,6ca8b89b8a573a51d1631cbbe600f08b2d015df3e398adf1b2bca7441801edad,Q9UIF9,False,TP53,393,e3ca60f18e3b6e98986ad6749215ee3b7a3abc09c191675213d1f243c035c9a3,P04637,original_six,False,-0.8717642227808634,-0.6391021509965261,0.6079755425453186,-8.710811614990234,-10.153796195983887,-7.628350734710693,-8.830986181894938,49.0,118.0,273.0,41.0
background,Q09472,U,False,False,,False,293,CAND1,1230,84adc4e774ca0fdad41ab7fda15a1bd0b4e869c2c2c06630c7c93108dbb01330,Q86VP6,False,TP53,393,e3ca60f18e3b6e98986ad6749215ee3b7a3abc09c191675213d1f243c035c9a3,P04637,original_six,False,-1.0412057836850483,-1.6829210917154949,0.5253388285636902,-5.6633501052856445,-8.26898193359375,-4.481607437133789,-6.137979825337728,72.0,256.0,47.0,130.0
background,Q09472,U,False,False,,False,294,ARHGEF17,2063,5a60173582e47563bf9b9081ace2f16db940ceb8f3e0e435887b81e08ece7720,Q96PE2,False,TP53,393,e3ca60f18e3b6e98986ad6749215ee3b7a3abc09c191675213d1f243c035c9a3,P04637,original_six,False,-0.8877111474672953,-0.4056541249155998,0.33731400966644287,-7.019126892089844,-11.0387601852417,-5.160638809204102,-7.739508628845215,51.0,93.0,179.0,373.0
background,Q09472,U,False,False,,False,295,PLXNA1,1896,f4438d7a37b8572e3430d720dd25ea75dfc5f9be0300b6b80c034e874bb6b84e,Q9UIW2,False,TP53,393,e3ca60f18e3b6e98986ad6749215ee3b7a3abc09c191675213d1f243c035c9a3,P04637,original_six,False,-2.906619389851888,-2.6367104053497314,0.3846144676208496,-10.534078598022461,-9.559879302978516,-8.711701393127441,-9.601886431376139,392.0,375.0,329.0,319.0
background,Q09472,U,False,False,,False,296,SUPT6H,1726,5adc1043c93aa5249bf54a1376e53947e2c996c03d93a8b4f019db9dd54e00fd,Q7KZ85,False,TP53,393,e3ca60f18e3b6e98986ad6749215ee3b7a3abc09c191675213d1f243c035c9a3,P04637,original_six,False,-0.19618942961096764,-0.4234226743380229,0.5932170152664185,-7.629038333892822,-12.048430442810059,-6.928204536437988,-8.868557771046957,12.0,95.0,278.0,62.0
background,Q09472,U,False,False,,False,297,SETD1B,1966,020884f6dce1bb3d3be8a7d80c3dab87c1e0cf31a525b6be8aaf45e118e6d238,Q9UPS6,False,TP53,393,e3ca60f18e3b6e98986ad6749215ee3b7a3abc09c191675213d1f243c035c9a3,P04637,original_six,False,-1.912269393603007,-2.0986616611480713,0.6185154318809509,-7.067502498626709,-9.919445991516113,-4.927740097045898,-7.304896195729573,230.0,331.0,135.0,36.0
background,Q09472,U,False,False,,False,298,DIP2C,1556,d7b2755e0cb4a7bbadd9455a3c6fa45f80e9967b05ab2f0644227b40d3beb3e9,Q9Y2E4,False,TP53,393,e3ca60f18e3b6e98986ad6749215ee3b7a3abc09c191675213d1f243c035c9a3,P04637,original_six,False,-1.1022315621376038,-0.3279296358426412,0.4285222291946411,-8.192378044128418,-9.98325252532959,-5.592028617858887,-7.922553062438965,86.0,85.0,191.0,266.0
background,Q09472,U,False,False,,False,299,DHX38,1227,19b96d837c46640035ef310f59be37d29b396183cd3fc366559601d819fcb2a4,Q92620,False,TP53,393,e3ca60f18e3b6e98986ad6749215ee3b7a3abc09c191675213d1f243c035c9a3,P04637,original_six,False,-1.860658327738444,-1.5422588189442952,0.4765636622905731,-7.110630035400391,-11.019553184509277,-6.529971599578857,-8.220051606496176,213.0,238.0,216.0,195.0
background,Q09472,U,False,False,,False,300,SPTBN1,2364,d2ed8c53cfee7bdc99c1d4ee7151972e1a7533afe570ad1a8ab4cec5b5e6852d,Q01082,False,TP53,393,e3ca60f18e3b6e98986ad6749215ee3b7a3abc09c191675213d1f243c035c9a3,P04637,original_six,False,-0.8963788946469625,-0.6860554019610087,0.30629199743270874,-6.542710781097412,-9.404474258422852,-6.556912422180176,-7.5013658205668134,53.0,126.0,156.0,396.0
background,Q09472,U,False,False,,False,301,TRO,1431,e3f5624577824c0f11597a873609cfd92358220ab87258df4ef5529abb6319b1,Q12816,False,TP53,393,e3ca60f18e3b6e98986ad6749215ee3b7a3abc09c191675213d1f243c035c9a3,P04637,original_six,False,-3.222292979558309,-2.103312055269877,0.4642948806285858,-8.32051944732666,-12.554197311401367,-8.187686920166016,-9.687467892964682,411.0,332.0,335.0,210.0
background,Q09472,U,False,False,,False,302,PTPRT,1441,51f4bed07e5a1582b2b353bb9eb5ac51757963990edb61f063d3c6f29b8bbe0d,O14522,False,TP53,393,e3ca60f18e3b6e98986ad6749215ee3b7a3abc09c191675213d1f243c035c9a3,P04637,original_six,False,-2.0962413946787515,-2.4609580039978027,0.4992777407169342,-9.132400512695312,-11.265545845031738,-5.058234214782715,-8.485393524169922,263.0,362.0,235.0,170.0
background,Q09472,U,False,False,,False,303,FHOD3,1422,ee4c75e7f34043bbac2636b796d2b509057545b044153d409a542f4b22fafbb2,Q2V2M9,False,TP53,393,e3ca60f18e3b6e98986ad6749215ee3b7a3abc09c191675213d1f243c035c9a3,P04637,original_six,False,-1.7455579439798992,-1.8573431968688965,0.42712822556495667,-7.364647388458252,-6.594076156616211,-5.219533920288086,-6.392752488454183,197.0,295.0,64.0,270.0
low_plausibility,Q00987,U,False,False,A_compartment_separation,False,304,GREP1,536,d597bde492fb1c452c5f87dcbb17f3febf36aeef05da20f869a02303518b7109,A0A0J9YXV3,False,TP53,393,e3ca60f18e3b6e98986ad6749215ee3b7a3abc09c191675213d1f243c035c9a3,P04637,original_six,False,-0.6667048931121826,-0.11738365888595581,0.23891794681549072,-7.904897212982178,-9.947253227233887,-5.332026958465576,-7.72805913289388,36.0,63.0,178.0,444.0
low_plausibility,Q00987,U,False,False,A_compartment_separation,False,305,MASP2,686,fefaeffff4711a283120fd15ffc328be87843f3dce76b8c55b8359649abd7339,O00187,False,TP53,393,e3ca60f18e3b6e98986ad6749215ee3b7a3abc09c191675213d1f243c035c9a3,P04637,original_six,False,-3.2684951623280845,-3.2310635248819985,0.5158299803733826,-9.905115127563477,-12.69145679473877,-7.40892219543457,-10.00183137257894,416.0,422.0,348.0,145.0
low_plausibility,Q00987,U,False,False,A_compartment_separation,False,306,ANGPT2,496,58a48a0d320451b38184841de60f41194033cb4b89641febb164b02d417be368,O15123,False,TP53,393,e3ca60f18e3b6e98986ad6749215ee3b7a3abc09c191675213d1f243c035c9a3,P04637,original_six,False,-2.145271897315979,-1.7402538061141968,0.32962414622306824,-7.089766025543213,-12.197561264038086,-10.761187553405762,-10.01617161432902,271.0,268.0,350.0,377.0
low_plausibility,Q00987,U,False,False,A_compartment_separation,False,307,COCH,550,329f0527f70d6733ae4a37066df68f85148893df557242ca0e8b07d354198378,O43405,False,TP53,393,e3ca60f18e3b6e98986ad6749215ee3b7a3abc09c191675213d1f243c035c9a3,P04637,original_six,False,-3.321242650349935,-3.149088223775228,0.3902786076068878,-7.559528827667236,-10.918708801269531,-8.941350936889648,-9.139862855275473,420.0,414.0,298.0,311.0
low_plausibility,Q00987,U,False,False,A_compartment_separation,False,308,ANGPTL1,491,6b0a971674c8cdab9bed4c0ed30da3d219941c784a0b7c110e088998924f3ff7,O95841,False,TP53,393,e3ca60f18e3b6e98986ad6749215ee3b7a3abc09c191675213d1f243c035c9a3,P04637,original_six,False,-2.0753294229507446,-1.7803998390833538,0.4257529079914093,-8.814343452453613,-12.303061485290527,-10.258770942687988,-10.458725293477377,255.0,278.0,383.0,276.0
low_plausibility,Q00987,U,False,False,A_compartment_separation,False,309,PLAU,431,075cd160a22e392ad92776143a4af52ed1c6ac1e68ba82bc253ba8dd9daef9c1,P00749,False,TP53,393,e3ca60f18e3b6e98986ad6749215ee3b7a3abc09c191675213d1f243c035c9a3,P04637,original_six,False,-3.3709848721822104,-3.6800548235575357,0.5625649690628052,-10.545943260192871,-9.782308578491211,-10.779935836791992,-10.369395891825357,424.0,436.0,374.0,89.0
low_plausibility,Q00987,U,False,False,A_compartment_separation,False,310,FGA,866,362bf6ebe743cfe811ff6103080de178056d12a40c36f68e2e7354ac32d1ab3e,P02671,False,TP53,393,e3ca60f18e3b6e98986ad6749215ee3b7a3abc09c191675213d1f243c035c9a3,P04637,original_six,False,-1.880478024482727,-0.22921133041381836,0.3590654730796814,-7.452689170837402,-9.377862930297852,-8.750462532043457,-8.527004877726236,221.0,74.0,241.0,353.0
low_plausibility,Q00987,U,False,False,A_compartment_separation,False,311,FGB,491,099d334605bfb4edb5cb85224874841ee1502ff1d065d464258abd2698c657c7,P02675,False,TP53,393,e3ca60f18e3b6e98986ad6749215ee3b7a3abc09c191675213d1f243c035c9a3,P04637,original_six,False,-1.8972765604654949,-1.2109949986139934,0.42414888739585876,-7.714962959289551,-8.52897834777832,-11.5709867477417,-9.271642684936523,225.0,178.0,304.0,277.0
low_plausibility,Q00987,U,False,False,A_compartment_separation,False,312,PROC,461,cf852057f4453227cc5a715f361fef11505f87941d0aa224877a55db7699a0fe,P04070,False,TP53,393,e3ca60f18e3b6e98986ad6749215ee3b7a3abc09c191675213d1f243c035c9a3,P04637,original_six,False,-3.903356393178304,-3.842911163965861,0.4287724494934082,-12.19150447845459,-9.793228149414062,-11.139026641845703,-11.041253089904785,439.0,440.0,401.0,264.0
low_plausibility,Q00987,U,False,False,A_compartment_separation,False,313,HRG,525,b7d948bfc73b642e631d6c5e30b09462cde0337f7d40467ecb70720035e836a0,P04196,False,TP53,393,e3ca60f18e3b6e98986ad6749215ee3b7a3abc09c191675213d1f243c035c9a3,P04637,original_six,False,-2.3268563747406006,-1.6558065017064412,0.4765423834323883,-6.9726338386535645,-4.945259094238281,-4.037578105926514,-5.318490346272786,313.0,251.0,15.0,196.0
low_plausibility,Q00987,U,False,False,A_compartment_separation,False,314,WNT1,370,1f7437c80e556649737e2e4c8c978891be4f136b327aefd39da0f11afca22149,P04628,False,TP53,393,e3ca60f18e3b6e98986ad6749215ee3b7a3abc09c191675213d1f243c035c9a3,P04637,original_six,False,-2.366097847620646,-0.6614518463611603,0.29329580068588257,-9.620367050170898,-9.877334594726562,-7.6045241355896,-9.034075260162354,318.0,123.0,291.0,407.0
low_plausibility,Q00987,U,False,False,A_compartment_separation,False,315,CHGB,677,56dced04f2fb041f430febf8397b85560de14882981f70d98ca43dffd4ab653d,P05060,False,TP53,393,e3ca60f18e3b6e98986ad6749215ee3b7a3abc09c191675213d1f243c035c9a3,P04637,original_six,False,-1.6025096972783406,-0.05765119194984436,0.42713767290115356,-6.790047645568848,-9.432063102722168,-8.092745780944824,-8.104952176411947,163.0,58.0,211.0,269.0
low_plausibility,Q00987,U,False,False,A_compartment_separation,False,316,SERPING1,500,c91d27d3352cd8619fffbd14d6583fb82e0a648bc8d24aff72e964c392da2589,P05155,False,TP53,393,e3ca60f18e3b6e98986ad6749215ee3b7a3abc09c191675213d1f243c035c9a3,P04637,original_six,False,-3.027962843577067,-2.6543544928232827,0.34775787591934204,-9.174195289611816,-9.855412483215332,-10.719685554504395,-9.916431109110514,401.0,376.0,341.0,362.0
low_plausibility,Q00987,U,False,False,A_compartment_separation,False,317,CFI,583,6223f0030719fea346ff18df53bfd9a07b9cbdc7658f49f9f725c06b7353b7c4,P05156,False,TP53,393,e3ca60f18e3b6e98986ad6749215ee3b7a3abc09c191675213d1f243c035c9a3,P04637,original_six,False,-2.53632918993632,-2.2001044352849326,0.5056396722793579,-13.117029190063477,-12.760180473327637,-12.281347274780273,-12.719518979390463,345.0,344.0,440.0,154.0
low_plausibility,Q00987,U,False,False,A_compartment_separation,False,318,BCHE,602,67540da68467479faeedb7ebcd6629f2494423b949be8f07de2c5dd364d133a9,P06276,False,TP53,393,e3ca60f18e3b6e98986ad6749215ee3b7a3abc09c191675213d1f243c035c9a3,P04637,original_six,False,-2.119662364323934,-2.530143062273661,0.4422421455383301,-11.471105575561523,-11.813355445861816,-12.84689998626709,-12.043787002563477,269.0,367.0,431.0,240.0
low_plausibility,Q00987,U,False,False,A_compartment_separation,False,319,PSAP,524,9f4744441296531123afbfea39bab849c1446c9d4bc00836617938372c8449fa,P07602,False,TP53,393,e3ca60f18e3b6e98986ad6749215ee3b7a3abc09c191675213d1f243c035c9a3,P04637,original_six,False,-1.7113434076309204,-0.7062775790691376,0.3060586750507355,-11.073432922363281,-7.931727409362793,-12.715897560119629,-10.573685963948568,186.0,129.0,387.0,397.0
low_plausibility,Q00987,U,False,False,A_compartment_separation,False,320,ACAA1,424,d98e27a79f6a1bfbb1abcd78c21d60147310994d2fb64082aed291246b4f80ad,P09110,False,TP53,393,e3ca60f18e3b6e98986ad6749215ee3b7a3abc09c191675213d1f243c035c9a3,P04637,original_six,False,-1.4301012357076008,-2.007142424583435,0.26953354477882385,-9.588497161865234,-9.740364074707031,-6.938658714294434,-8.755839983622232,133.0,315.0,267.0,428.0
low_plausibility,Q00987,U,False,False,A_compartment_separation,False,321,LIPC,499,70ef1ae8ca11b378b5a3d0168b3fb0451bdc1572cd51691425647b2837976298,P11150,False,TP53,393,e3ca60f18e3b6e98986ad6749215ee3b7a3abc09c191675213d1f243c035c9a3,P04637,original_six,False,-1.8666526873906453,-2.077657381693522,0.42616960406303406,-12.958331108093262,-11.096752166748047,-12.103059768676758,-12.052714347839355,216.0,328.0,432.0,275.0
low_plausibility,Q00987,U,False,False,A_compartment_separation,False,322,CETP,493,bd8e45b1aef9315c01c2eb13419bf370f4ed06c8b8e7d209cbb101abec31b070,P11597,False,TP53,393,e3ca60f18e3b6e98986ad6749215ee3b7a3abc09c191675213d1f243c035c9a3,P04637,original_six,False,-2.2791165510813394,-2.360479990641276,0.2951115071773529,-9.884939193725586,-12.743793487548828,-8.87031364440918,-10.499682108561197,298.0,353.0,384.0,405.0
low_plausibility,Q00987,U,False,False,A_compartment_separation,False,323,PDIA4,645,1472bfb4221c016f5ebb6e6dc7805c7150cf0d85ffe213f10d40efa763d08784,P13667,False,TP53,393,e3ca60f18e3b6e98986ad6749215ee3b7a3abc09c191675213d1f243c035c9a3,P04637,original_six,False,-1.868850549062093,-2.096914450327555,0.3611764907836914,-7.9666852951049805,-7.861330986022949,-11.303335189819336,-9.043783823649088,218.0,330.0,293.0,351.0
low_plausibility,Q00987,U,False,False,A_compartment_separation,False,324,HSP90B1,803,b4dde59d09a72762757501a659d62a606d41edfe4669447bd0f8030fd7f8497e,P14625,False,TP53,393,e3ca60f18e3b6e98986ad6749215ee3b7a3abc09c191675213d1f243c035c9a3,P04637,original_six,False,-2.422845204671224,-2.385685920715332,0.4535568356513977,-8.321187973022461,-11.22825813293457,-8.573342323303223,-9.374262809753418,332.0,355.0,313.0,227.0
low_plausibility,Q00987,U,False,False,A_compartment_separation,False,325,PNLIP,465,8e144ac7eadb8b0b53e0e195deec103c4626a452c2e9d6b3d76b1590d2ef1112,P16233,False,TP53,393,e3ca60f18e3b6e98986ad6749215ee3b7a3abc09c191675213d1f243c035c9a3,P04637,original_six,False,-2.8082101345062256,-1.9882087310155232,0.5004013776779175,-8.177009582519531,-10.884676933288574,-9.079645156860352,-9.380443890889486,383.0,311.0,314.0,167.0
low_plausibility,Q00987,U,False,False,A_compartment_separation,False,326,SMPD1,631,ffa986b1362e26290f31104710dde830132e1220d24e2a758ec7f30992dbf196,P17405,False,TP53,393,e3ca60f18e3b6e98986ad6749215ee3b7a3abc09c191675213d1f243c035c9a3,P04637,original_six,False,-1.8594053586324055,-0.5061492125193278,0.2957805395126343,-11.888554573059082,-8.689678192138672,-8.251688003540039,-9.609973589579264,212.0,101.0,330.0,403.0
low_plausibility,Q00987,U,False,False,A_compartment_separation,False,327,PDIA3,505,2246e027ea031edb3b93e1ea9ac0b693e9fcc25fe5a5d1b2ee7381119fad1162,P30101,False,TP53,393,e3ca60f18e3b6e98986ad6749215ee3b7a3abc09c191675213d1f243c035c9a3,P04637,original_six,False,-2.1396498680114746,-2.3950910568237305,0.33856257796287537,-5.740384101867676,-7.5600972175598145,-5.353353500366211,-6.217944939931233,270.0,357.0,51.0,372.0
low_plausibility,Q00987,U,False,False,A_compartment_separation,False,328,PNLIPRP1,467,13ccfaaaead32aff5168a8df2c993694c11e52cece2b1ed340871a7a7dd0bc93,P54315,False,TP53,393,e3ca60f18e3b6e98986ad6749215ee3b7a3abc09c191675213d1f243c035c9a3,P04637,original_six,False,-2.8201127847035727,-2.01255464553833,0.4855371117591858,-11.482747077941895,-13.602229118347168,-11.017584800720215,-12.034186999003092,384.0,316.0,430.0,180.0
low_plausibility,Q00987,U,False,False,A_compartment_separation,False,329,HTRA3,453,ee7938fcf38aa4bc1774507b60eaa6ed4a098e4fb1dace953535afee2029826b,P83110,False,TP53,393,e3ca60f18e3b6e98986ad6749215ee3b7a3abc09c191675213d1f243c035c9a3,P04637,original_six,False,-2.6015995343526206,-1.9201802015304565,0.41160404682159424,-7.806338787078857,-7.666716575622559,-9.330199241638184,-8.267751534779867,355.0,304.0,220.0,289.0
low_plausibility,Q00987,U,False,False,A_compartment_separation,False,330,HGFAC,655,ac31bf5f0ecf82bc4a361efd78b100a53f99259b1379286c4326a1d2d7476aaf,Q04756,False,TP53,393,e3ca60f18e3b6e98986ad6749215ee3b7a3abc09c191675213d1f243c035c9a3,P04637,original_six,False,-1.9828188021977742,-1.3333864311377208,0.5418587923049927,-11.568868637084961,-8.50387191772461,-10.393203735351562,-10.155314763387045,242.0,199.0,356.0,108.0
low_plausibility,Q00987,U,False,False,A_compartment_separation,False,331,LGALS3BP,585,3a59abed5ecc409100870d1be3d9c82bed9cb1cc411ca91c1e7c3f767010db95,Q08380,False,TP53,393,e3ca60f18e3b6e98986ad6749215ee3b7a3abc09c191675213d1f243c035c9a3,P04637,original_six,False,-2.27337646484375,-1.8040481805801392,0.6047541499137878,-7.66697359085083,-10.732159614562988,-9.346654891967773,-9.248596032460531,293.0,288.0,302.0,46.0
low_plausibility,Q00987,U,False,False,A_compartment_separation,False,332,LOXL1,574,89a03eff904685e3e3841d792aba8ad601f7c9b6d9152cabe5a005874735b1f0,Q08397,False,TP53,393,e3ca60f18e3b6e98986ad6749215ee3b7a3abc09c191675213d1f243c035c9a3,P04637,original_six,False,-1.7448019584019978,-1.6700151562690735,0.4477829933166504,-5.27553653717041,-8.591378211975098,-5.9611358642578125,-6.609350204467773,196.0,254.0,77.0,235.0
low_plausibility,Q00987,U,False,False,A_compartment_separation,False,333,OS9,667,c7c43fa5749cf303076c53690fa189d36161921f3269d3d989687c2d9e53b541,Q13438,False,TP53,393,e3ca60f18e3b6e98986ad6749215ee3b7a3abc09c191675213d1f243c035c9a3,P04637,original_six,False,-1.8307727972666423,-2.028903007507324,0.27506497502326965,-9.673996925354004,-11.761813163757324,-6.995875835418701,-9.47722864151001,204.0,317.0,323.0,424.0
low_plausibility,Q00987,U,False,False,A_compartment_separation,False,334,HABP2,560,bb40432da7775c11d1791393c2b9ba5ed1ee59279bfaf1df8aa3774702cb804d,Q14520,False,TP53,393,e3ca60f18e3b6e98986ad6749215ee3b7a3abc09c191675213d1f243c035c9a3,P04637,original_six,False,-2.3735880057017007,-2.114467978477478,0.45921656489372253,-13.789580345153809,-8.009323120117188,-9.218417167663574,-10.339106877644857,319.0,335.0,369.0,215.0
low_plausibility,Q00987,U,False,False,A_compartment_separation,False,335,ANGPT1,498,9161753d4a3aed6dd365d4dd67f36b96eeaee3eb7d9c43f362bdea5378fd569b,Q15389,False,TP53,393,e3ca60f18e3b6e98986ad6749215ee3b7a3abc09c191675213d1f243c035c9a3,P04637,original_six,False,-1.5960334142049153,-1.3687492211659749,0.36190158128738403,-8.617393493652344,-11.841286659240723,-10.066411018371582,-10.175030390421549,162.0,202.0,357.0,350.0
low_plausibility,Q00987,U,False,False,A_compartment_separation,False,336,PRSS53,553,1f9d424a9c45b643d038f0305401a8ca574d4be45e851342d4dbe1eef820f623,Q2L4Q9,False,TP53,393,e3ca60f18e3b6e98986ad6749215ee3b7a3abc09c191675213d1f243c035c9a3,P04637,original_six,False,-1.8616235256195068,-0.9429404338200887,0.5024076700210571,-11.131316184997559,-11.53610610961914,-7.973210334777832,-10.213544209798178,214.0,153.0,358.0,162.0
low_plausibility,Q00987,U,False,False,A_compartment_separation,False,337,PKDCC,493,cb2b8548db6188d9186fcbe306a7da1f62f03efb101ee3d590b40ba460d6f7a8,Q504Y2,False,TP53,393,e3ca60f18e3b6e98986ad6749215ee3b7a3abc09c191675213d1f243c035c9a3,P04637,original_six,False,-1.52932341893514,-0.11877717574437459,0.38440507650375366,-8.374037742614746,-10.4024076461792,-7.358522891998291,-8.711656093597412,151.0,64.0,260.0,320.0
low_plausibility,Q00987,U,False,False,A_compartment_separation,False,338,ARSI,569,934ec0522eb9ff5495331cad5258ed4aacfc98a51b6907f40c955d3ae9ac907b,Q5FYB1,False,TP53,393,e3ca60f18e3b6e98986ad6749215ee3b7a3abc09c191675213d1f243c035c9a3,P04637,original_six,False,-0.4742049276828766,-0.19563098748524985,0.4096957743167877,-6.621511936187744,-8.628178596496582,-7.852336406707764,-7.70067564646403,24.0,70.0,175.0,293.0
low_plausibility,Q00987,U,False,False,A_compartment_separation,False,339,C16orf89,402,c5c9b7c57e192468afd761b41055e5dea0607cc13a7a70f6f4a3573dcd25a460,Q6UX73,False,TP53,393,e3ca60f18e3b6e98986ad6749215ee3b7a3abc09c191675213d1f243c035c9a3,P04637,original_six,False,-4.820640881856282,-2.8776982625325522,0.3728231191635132,-9.216391563415527,-14.699496269226074,-6.897243976593018,-10.27104393641154,449.0,393.0,362.0,335.0
low_plausibility,Q00987,U,False,False,A_compartment_separation,False,340,COLGALT1,622,453b958bb2a141ec6b679b59f46f5be7de535e55909b55918a8a66c684791f0d,Q8NBJ5,False,TP53,393,e3ca60f18e3b6e98986ad6749215ee3b7a3abc09c191675213d1f243c035c9a3,P04637,original_six,False,-1.5224809249242146,-0.7887632250785828,0.29794570803642273,-13.166910171508789,-9.676790237426758,-6.971583843231201,-9.938428084055582,150.0,138.0,344.0,401.0
low_plausibility,Q00987,U,False,False,A_compartment_separation,False,341,POGLUT1,392,74b1b43374bb90b3d4eab7556eb4557d2f3c3f1f4d8503df9df7beb895e0a6a6,Q8NBL1,False,TP53,393,e3ca60f18e3b6e98986ad6749215ee3b7a3abc09c191675213d1f243c035c9a3,P04637,original_six,False,-3.6853562196095786,-3.2025279998779297,0.3090161383152008,-11.148713111877441,-11.633831024169922,-11.011204719543457,-11.264582951863607,429.0,419.0,413.0,394.0
low_plausibility,Q00987,U,False,False,A_compartment_separation,False,342,PLBD2,589,b1d62b98d8f941319fd71f7ffc8e6ef3fef7fa008800fc5820995d706400dbaa,Q8NHP8,False,TP53,393,e3ca60f18e3b6e98986ad6749215ee3b7a3abc09c191675213d1f243c035c9a3,P04637,original_six,False,-2.436098496119181,-1.3303076028823853,0.4826352596282959,-7.309514999389648,-8.681763648986816,-7.969743251800537,-7.987007300059001,334.0,197.0,201.0,182.0
low_plausibility,Q00987,U,False,False,A_compartment_separation,False,343,MUC7,377,7215fa0efe73e3c3f757564e78560e32f725879cef8f52c15a615cc3e37ec119,Q8TAX7,False,TP53,393,e3ca60f18e3b6e98986ad6749215ee3b7a3abc09c191675213d1f243c035c9a3,P04637,original_six,False,-2.2886509895324707,-1.7179261843363445,0.30728477239608765,-9.439974784851074,-10.43749713897705,-11.434709548950195,-10.43739382425944,301.0,264.0,381.0,395.0
low_plausibility,Q00987,U,False,False,A_compartment_separation,False,344,NDNF,568,c104d47b5f3b6894139103843b997b17da7041b2520d2290bf5b6c08b6ac114a,Q8TB73,False,TP53,393,e3ca60f18e3b6e98986ad6749215ee3b7a3abc09c191675213d1f243c035c9a3,P04637,original_six,False,-2.890317757924398,-2.2153058449427285,0.3507653772830963,-9.111403465270996,-7.514186382293701,-8.023956298828125,-8.216515382130941,391.0,346.0,215.0,360.0
low_plausibility,Q00987,U,False,False,A_compartment_separation,False,345,HPSE2,592,038f3bdd36762423f8261f67b2c111b4ac87ba9d41d2303ec2da96ef05f29ee3,Q8WWQ2,False,TP53,393,e3ca60f18e3b6e98986ad6749215ee3b7a3abc09c191675213d1f243c035c9a3,P04637,original_six,False,-2.6849501927693686,-3.1718784173329673,0.2699725031852722,-8.176377296447754,-9.541690826416016,-9.260798454284668,-8.992955525716146,369.0,415.0,289.0,427.0
low_plausibility,Q00987,U,False,False,A_compartment_separation,False,346,CNDP1,507,aba23f105472539e56d56cbe1ab9805047b289ad6e6c9112141854120d5b3857,Q96KN2,False,TP53,393,e3ca60f18e3b6e98986ad6749215ee3b7a3abc09c191675213d1f243c035c9a3,P04637,original_six,False,-2.184196949005127,-2.9981210231781006,0.34692978858947754,-8.897453308105469,-11.647370338439941,-10.39698314666748,-10.31393559773763,281.0,404.0,366.0,363.0
low_plausibility,Q00987,U,False,False,A_compartment_separation,False,347,FAM20A,541,552b25ebbaf46fc92836cc690b8fc75d5dbad6cc443352e2735701e7214f5487,Q96MK3,False,TP53,393,e3ca60f18e3b6e98986ad6749215ee3b7a3abc09c191675213d1f243c035c9a3,P04637,original_six,False,-3.7031893730163574,-2.5252980391184487,0.27480852603912354,-11.096331596374512,-11.018132209777832,-11.274681091308594,-11.129714965820312,430.0,366.0,406.0,425.0
low_plausibility,Q00987,U,False,False,A_compartment_separation,False,348,EDEM2,578,2cf2a4044a6277ee097dd26c52032c4efce1a2704bf893755fd71b835b799d5e,Q9BV94,False,TP53,393,e3ca60f18e3b6e98986ad6749215ee3b7a3abc09c191675213d1f243c035c9a3,P04637,original_six,False,-1.447038173675537,-1.3066571354866028,0.2565479278564453,-9.347249031066895,-11.819348335266113,-11.9046049118042,-11.023734092712402,138.0,191.0,399.0,433.0
low_plausibility,Q00987,U,False,False,A_compartment_separation,False,349,PECR,303,9e34ecb4aec1b59222d2e640234c1ff154505282d46d0ff0088ab1177d749b7a,Q9BY49,False,TP53,393,e3ca60f18e3b6e98986ad6749215ee3b7a3abc09c191675213d1f243c035c9a3,P04637,original_six,False,-3.980525096257528,-4.452976703643799,0.4103968143463135,-10.171850204467773,-9.786199569702148,-7.5054931640625,-9.15451431274414,442.0,448.0,299.0,291.0
low_plausibility,Q00987,U,False,False,A_compartment_separation,False,350,MEPE,525,365a4cfe13df592038fe05454c403ed9a0ccabb9a82c11e3bb1cac5d36c4a270,Q9NQ76,False,TP53,393,e3ca60f18e3b6e98986ad6749215ee3b7a3abc09c191675213d1f243c035c9a3,P04637,original_six,False,-1.0390342076619465,-0.3424738645553589,0.18790748715400696,-8.65897274017334,-8.478109359741211,-7.605340957641602,-8.247474352518717,71.0,86.0,217.0,450.0
low_plausibility,Q00987,U,False,False,A_compartment_separation,False,351,CRTAC1,661,f2baea8074dd65912451d0e3b119a3f6bfdfd6c40cbd681b7922e068fad94e0d,Q9NQ79,False,TP53,393,e3ca60f18e3b6e98986ad6749215ee3b7a3abc09c191675213d1f243c035c9a3,P04637,original_six,False,-3.0503970781962075,-3.131871461868286,0.45723843574523926,-8.27291202545166,-12.18862247467041,-9.519855499267578,-9.993796666463217,403.0,413.0,346.0,217.0
low_plausibility,Q00987,U,False,False,A_compartment_separation,False,352,ADA2,511,8444c71551b3c40210aad0112c82a58605d6473be75e398b75cb3a3e705aac04,Q9NZK5,False,TP53,393,e3ca60f18e3b6e98986ad6749215ee3b7a3abc09c191675213d1f243c035c9a3,P04637,original_six,False,-2.401292641957601,-3.573845545450846,0.40969228744506836,-10.383675575256348,-14.295513153076172,-9.456653594970703,-11.37861410776774,325.0,432.0,418.0,294.0
low_plausibility,Q00987,U,False,False,A_compartment_separation,False,353,LIPG,500,5b2bf8da09ea43b32e1c7d516419d5557679d75a918e7373e7c44a84c1ee71c1,Q9Y5X9,False,TP53,393,e3ca60f18e3b6e98986ad6749215ee3b7a3abc09c191675213d1f243c035c9a3,P04637,original_six,False,-2.0358680486679077,-1.5096932450930278,0.3965202569961548,-10.49876594543457,-11.34269905090332,-9.832091331481934,-10.557852109273275,251.0,232.0,385.0,303.0
low_plausibility,O15151,U,False,False,A_compartment_separation,False,354,CLEC18A,446,aed31efa74da933ca75fc53eebe356eba6ab199785690552d2ceb8d91d9fc98b,A5D8T8,False,TP53,393,e3ca60f18e3b6e98986ad6749215ee3b7a3abc09c191675213d1f243c035c9a3,P04637,original_six,False,-3.017080545425415,-2.1663252909978232,0.4544331729412079,-12.043675422668457,-9.511052131652832,-7.663234710693359,-9.739320755004883,400.0,340.0,337.0,224.0
low_plausibility,O15151,U,False,False,A_compartment_separation,False,355,WNT10B,389,a212f8566be42cdc6689e5d3471c54014752946a1697e9f21e3c5679fa0eb5d6,O00744,False,TP53,393,e3ca60f18e3b6e98986ad6749215ee3b7a3abc09c191675213d1f243c035c9a3,P04637,original_six,False,-2.5496017932891846,-0.50478462378184,0.2841702997684479,-8.192817687988281,-13.525229454040527,-7.06557559967041,-9.59454091389974,349.0,100.0,328.0,415.0
low_plausibility,O15151,U,False,False,A_compartment_separation,False,356,WNT9A,365,3685a582d4f3e4441318d8acd04a0e3ede3505e93182df338b9c6164ce4af54c,O14904,False,TP53,393,e3ca60f18e3b6e98986ad6749215ee3b7a3abc09c191675213d1f243c035c9a3,P04637,original_six,False,-3.3960856596628823,-2.943464438120524,0.2566166818141937,-9.715357780456543,-11.068404197692871,-8.153741836547852,-9.645834604899088,425.0,401.0,332.0,432.0
low_plausibility,O15151,U,False,False,A_compartment_separation,False,357,ENTPD5,428,d33925b23b50f2c6bbd4e2728f5206696a1be18270d54306ef44e01f8dd09fce,O75356,False,TP53,393,e3ca60f18e3b6e98986ad6749215ee3b7a3abc09c191675213d1f243c035c9a3,P04637,original_six,False,-2.0550639629364014,-1.8116607268651326,0.34507614374160767,-9.35412883758545,-12.432510375976562,-10.782698631286621,-10.856445948282877,253.0,290.0,395.0,367.0
low_plausibility,O15151,U,False,False,A_compartment_separation,False,358,CRLF1,422,17f310c97ed539a3f4ba9ac1dd474a8bea980fd224468e6cca39bb1a83b4644d,O75462,False,TP53,393,e3ca60f18e3b6e98986ad6749215ee3b7a3abc09c191675213d1f243c035c9a3,P04637,original_six,False,-2.785515864690145,-3.524810711542765,0.40533682703971863,-8.008589744567871,-10.430987358093262,-8.380749702453613,-8.940108935038248,382.0,430.0,283.0,296.0
low_plausibility,O15151,U,False,False,A_compartment_separation,False,359,F9,461,32f5d032de97ea22d5e46e0ad5aeeaf19f1b5f3636dc0424cee6bf92e6035a2a,P00740,False,TP53,393,e3ca60f18e3b6e98986ad6749215ee3b7a3abc09c191675213d1f243c035c9a3,P04637,original_six,False,-4.89918835957845,-5.015977223714192,0.5249266028404236,-11.129122734069824,-11.508496284484863,-11.866287231445312,-11.501302083333334,451.0,452.0,421.0,131.0
low_plausibility,O15151,U,False,False,A_compartment_separation,False,360,TGFB1,390,f878d83757db48cc3120917224e2369d0cdff3b9c6f56ef2558b6ed0eec8cdee,P01137,False,TP53,393,e3ca60f18e3b6e98986ad6749215ee3b7a3abc09c191675213d1f243c035c9a3,P04637,original_six,False,-1.9199104309082031,-0.8982343475023905,0.4754960536956787,-7.06661319732666,-5.63789701461792,-5.153987407684326,-5.952832539876302,232.0,151.0,35.0,198.0
low_plausibility,O15151,U,False,False,A_compartment_separation,False,361,FGG,453,3c8245bf6fc04d67da24fd99d187901ad4e20438da5f53c8762e944b22fdb3ee,P02679,False,TP53,393,e3ca60f18e3b6e98986ad6749215ee3b7a3abc09c191675213d1f243c035c9a3,P04637,original_six,False,-2.414221445719401,-2.056496580441793,0.3849339187145233,-13.74978256225586,-8.551830291748047,-9.640846252441406,-10.647486368815104,329.0,324.0,391.0,318.0
low_plausibility,O15151,U,False,False,A_compartment_separation,False,362,GC,474,a77e64adbe95ab4db3e41df76c78ef988e636ea23f96b5367383d02bdaca0c35,P02774,False,TP53,393,e3ca60f18e3b6e98986ad6749215ee3b7a3abc09c191675213d1f243c035c9a3,P04637,original_six,False,-2.6387554009755454,-1.6311548550923665,0.37312689423561096,-7.654999732971191,-9.640463829040527,-8.88467025756836,-8.72671127319336,361.0,246.0,263.0,334.0
low_plausibility,O15151,U,False,False,A_compartment_separation,False,363,VTN,478,fa82c2431840af63c35c9c394606b0bfac8fd97301adfde8ea7ca4c5f9a1a2a5,P04004,False,TP53,393,e3ca60f18e3b6e98986ad6749215ee3b7a3abc09c191675213d1f243c035c9a3,P04637,original_six,False,-2.607929786046346,-1.7995400627454121,0.46195968985557556,-10.388036727905273,-11.558455467224121,-12.165556907653809,-11.370683034261068,357.0,286.0,417.0,213.0
low_plausibility,O15151,U,False,False,A_compartment_separation,False,364,PRB1,392,0627c16e43512d3ba3f70691b127bdb5ad8b0febd008e211b9737e3b13d9c457,P04280,False,TP53,393,e3ca60f18e3b6e98986ad6749215ee3b7a3abc09c191675213d1f243c035c9a3,P04637,original_six,False,-3.7058111826578775,-2.80162247021993,0.40936240553855896,-7.694889545440674,-8.861673355102539,-9.099993705749512,-8.552185535430908,432.0,387.0,245.0,295.0
low_plausibility,O15151,U,False,False,A_compartment_separation,False,365,SERPINE1,402,85dcfe09ecc84ccb794ab1798f9ec2cc76cf5baf8cd55ead4a44e26bb3cebc08,P05121,False,TP53,393,e3ca60f18e3b6e98986ad6749215ee3b7a3abc09c191675213d1f243c035c9a3,P04637,original_six,False,-2.7088220914204917,-3.1740776697794595,0.49593067169189453,-9.6245698928833,-8.307794570922852,-10.170243263244629,-9.367535909016928,372.0,416.0,312.0,172.0
low_plausibility,O15151,U,False,False,A_compartment_separation,False,366,SERPINA5,406,b4dd5df6d9d5adde1140f23bc71fde57224976360152947086e5dbbda02559eb,P05154,False,TP53,393,e3ca60f18e3b6e98986ad6749215ee3b7a3abc09c191675213d1f243c035c9a3,P04637,original_six,False,-2.868985335032145,-2.8831050395965576,0.42841729521751404,-8.472033500671387,-9.815385818481445,-9.626605033874512,-9.304674784342447,387.0,395.0,308.0,267.0
low_plausibility,O15151,U,False,False,A_compartment_separation,False,367,F7,466,16e201eb49237f1092a05dc94a1cc131f78e10e8ba32e0f005076714062ff9e3,P08709,False,TP53,393,e3ca60f18e3b6e98986ad6749215ee3b7a3abc09c191675213d1f243c035c9a3,P04637,original_six,False,-3.7154033184051514,-3.5744993686676025,0.5111806392669678,-12.72675895690918,-11.62760066986084,-13.680588722229004,-12.678316116333008,433.0,433.0,439.0,147.0
low_plausibility,O15151,U,False,False,A_compartment_separation,False,368,SPP1,314,7b95e3678367f3bff34ee42c83e8137ad9888f41e2af7334f6e4dea8c72455e3,P10451,False,TP53,393,e3ca60f18e3b6e98986ad6749215ee3b7a3abc09c191675213d1f243c035c9a3,P04637,original_six,False,-3.7044792970021567,-1.4224153359731038,0.4312105178833008,-11.462443351745605,-12.991915702819824,-8.965985298156738,-11.140114784240723,431.0,211.0,408.0,260.0
low_plausibility,O15151,U,False,False,A_compartment_separation,False,369,CFP,469,6ca24511123cda9f3771d1af4391576f4d1ac82f7ae94d20de98d15ed198f029,P27918,False,TP53,393,e3ca60f18e3b6e98986ad6749215ee3b7a3abc09c191675213d1f243c035c9a3,P04637,original_six,False,-1.1491982539494832,1.003217210372289,0.44729921221733093,-6.568155765533447,-6.641726493835449,-3.1350717544555664,-5.448318004608154,95.0,12.0,21.0,236.0
low_plausibility,O15151,U,False,False,A_compartment_separation,False,370,LOX,417,e1904450aff0861d76e2e8c9012a6e9d0001869cc536551ee9f45ca05fbf8d25,P28300,False,TP53,393,e3ca60f18e3b6e98986ad6749215ee3b7a3abc09c191675213d1f243c035c9a3,P04637,original_six,False,-0.8988130688667297,-1.156804343064626,0.39270228147506714,-5.262263298034668,-7.439180850982666,-5.444167137145996,-6.048537095387776,54.0,173.0,42.0,308.0
low_plausibility,O15151,U,False,False,A_compartment_separation,False,371,LRPAP1,357,f8a9f35b8bf3e634a060814076a1445786c088e3e620768d2293cb723fcdadde,P30533,False,TP53,393,e3ca60f18e3b6e98986ad6749215ee3b7a3abc09c191675213d1f243c035c9a3,P04637,original_six,False,-2.162814974784851,-1.4814938306808472,0.28322166204452515,-8.668007850646973,-9.171207427978516,-7.556858539581299,-8.465357939402262,275.0,225.0,233.0,418.0
low_plausibility,O15151,U,False,False,A_compartment_separation,False,372,SERPINF1,418,7783404cafa25653d294aa0513826e6a611d9b08952b84aae5e6fb3dc69f4bea,P36955,False,TP53,393,e3ca60f18e3b6e98986ad6749215ee3b7a3abc09c191675213d1f243c035c9a3,P04637,original_six,False,-2.5987701416015625,-2.6844502290089927,0.4158901870250702,-12.94185733795166,-7.570878028869629,-10.636918067932129,-10.383217811584473,354.0,378.0,375.0,283.0
low_plausibility,O15151,U,False,False,A_compartment_separation,False,373,MMP13,471,5ae8fa403b7a6a5166305caad46d6b2b661dd0cc41344f282175ed24eb3781f0,P45452,False,TP53,393,e3ca60f18e3b6e98986ad6749215ee3b7a3abc09c191675213d1f243c035c9a3,P04637,original_six,False,-3.0854736963907876,-2.8438229163487754,0.3945295810699463,-10.090005874633789,-10.43419361114502,-10.636034965515137,-10.386744817097982,406.0,391.0,376.0,306.0
low_plausibility,O15151,U,False,False,A_compartment_separation,False,374,VEGFC,419,8fd35aadc7b2b246d7fc01f3c8b59a3ae614a4cc872ec7a1d530e627e13523dc,P49767,False,TP53,393,e3ca60f18e3b6e98986ad6749215ee3b7a3abc09c191675213d1f243c035c9a3,P04637,original_six,False,-0.9062703847885132,-0.3239256838957469,0.388397216796875,-8.380395889282227,-10.73509693145752,-9.40480899810791,-9.506767272949219,56.0,83.0,326.0,313.0
low_plausibility,O15151,U,False,False,A_compartment_separation,False,375,PPT1,306,67e01d343c9774dfc28337848e3d87fd0af251abe96cb49af1d6e983608068c6,P50897,False,TP53,393,e3ca60f18e3b6e98986ad6749215ee3b7a3abc09c191675213d1f243c035c9a3,P04637,original_six,False,-2.564896821975708,-1.4543572465578716,0.3398568630218506,-7.248863697052002,-10.006729125976562,-10.58492374420166,-9.280172189076742,351.0,221.0,305.0,371.0
low_plausibility,O15151,U,False,False,A_compartment_separation,False,376,TGFB2,414,be8e8cbd9acd3238e7c0dc69fd7f238e6a4b2502a53cb6887cc4eb1ea98a0270,P61812,False,TP53,393,e3ca60f18e3b6e98986ad6749215ee3b7a3abc09c191675213d1f243c035c9a3,P04637,original_six,False,-2.078453222910563,-1.3029939532279968,0.5044196248054504,-10.599691390991211,-8.49142074584961,-14.167681694030762,-11.086264610290527,257.0,188.0,404.0,158.0
low_plausibility,O15151,U,False,False,A_compartment_separation,False,377,HYAL1,435,cb7139e9a366c027a8500e6ebe63242e33322b0b44af2b21f4346660b845580f,Q12794,False,TP53,393,e3ca60f18e3b6e98986ad6749215ee3b7a3abc09c191675213d1f243c035c9a3,P04637,original_six,False,-1.574108878771464,-0.5494088629881541,0.24030281603336334,-12.079390525817871,-14.405893325805664,-12.552538871765137,-13.01260757446289,154.0,104.0,443.0,442.0
low_plausibility,O15151,U,False,False,A_compartment_separation,False,378,PLA2G7,441,c14a1285a61abbca445e7369adf981bd085e703ad3cecc8acb5499797b348e1c,Q13093,False,TP53,393,e3ca60f18e3b6e98986ad6749215ee3b7a3abc09c191675213d1f243c035c9a3,P04637,original_six,False,-2.590453624725342,-1.7670812209447224,0.3150349259376526,-9.817778587341309,-8.709274291992188,-12.514421463012695,-10.347158114115397,353.0,275.0,371.0,392.0
low_plausibility,O15151,U,False,False,A_compartment_separation,False,379,CEACAM16,425,1a48ac434547511d76f8e3318a93ec11f7daccf93251df4b7eaf539c286415e8,Q2WEN9,False,TP53,393,e3ca60f18e3b6e98986ad6749215ee3b7a3abc09c191675213d1f243c035c9a3,P04637,original_six,False,-2.8465119202931723,-3.0311432679494223,0.43008074164390564,-8.518932342529297,-9.318184852600098,-6.282820224761963,-8.039979139963785,386.0,405.0,203.0,263.0
low_plausibility,O15151,U,False,False,A_compartment_separation,False,380,APOA5,366,97fb3fe6b47fdd9d3593264880abb2ca3813fd6cc307bb7b04ba6765aa98fc0b,Q6Q788,False,TP53,393,e3ca60f18e3b6e98986ad6749215ee3b7a3abc09c191675213d1f243c035c9a3,P04637,original_six,False,-2.660582701365153,-2.2052510579427085,0.17078231275081635,-9.221750259399414,-10.271671295166016,-11.471481323242188,-10.321634292602539,365.0,345.0,368.0,452.0
low_plausibility,O15151,U,False,False,A_compartment_separation,False,381,OLFML1,402,539a40ad48a9fcda43ba3ae6e161fe254947b4a3892a49bd4d05b2c0f1de59df,Q6UWY5,False,TP53,393,e3ca60f18e3b6e98986ad6749215ee3b7a3abc09c191675213d1f243c035c9a3,P04637,original_six,False,-2.995745897293091,-2.3103505770365396,0.34305843710899353,-5.757230758666992,-11.516680717468262,-8.925936698913574,-8.733282725016275,397.0,349.0,265.0,369.0
low_plausibility,O15151,U,False,False,A_compartment_separation,False,382,PI16,463,31e4e2960ffccd32f13dd8b7495d0d0558fc6589c2fb7f5382fba63df0111410,Q6UXB8,False,TP53,393,e3ca60f18e3b6e98986ad6749215ee3b7a3abc09c191675213d1f243c035c9a3,P04637,original_six,False,-1.9274042050043743,-2.7415618101755777,0.3134351074695587,-14.633332252502441,-11.350186347961426,-14.717728614807129,-13.567082405090332,234.0,383.0,449.0,393.0
low_plausibility,O15151,U,False,False,A_compartment_separation,False,383,ADAMTSL5,481,49d2bcd69d651fc4d5c779c770f67a4c2e75a8da4eae6da26e94574214657de4,Q6ZMM2,False,TP53,393,e3ca60f18e3b6e98986ad6749215ee3b7a3abc09c191675213d1f243c035c9a3,P04637,original_six,False,-0.7481896877288818,1.4765551090240479,0.43058159947395325,-7.892844200134277,-6.98508882522583,-4.962644100189209,-6.6135257085164385,43.0,4.0,78.0,262.0
low_plausibility,O15151,U,False,False,A_compartment_separation,False,384,CPA6,437,47e9e95996a986bedf33d61b0ca27d6f27239f4354e5c49785b26b0118a7564b,Q8N4T0,False,TP53,393,e3ca60f18e3b6e98986ad6749215ee3b7a3abc09c191675213d1f243c035c9a3,P04637,original_six,False,-2.9918063481648765,-3.5267327626546225,0.3849886357784271,-9.43426513671875,-12.837546348571777,-6.905123710632324,-9.725645065307617,396.0,431.0,336.0,317.0
low_plausibility,O15151,U,False,False,A_compartment_separation,False,385,ACOT4,421,b9a69bf0064eff2e194e8fecfa262efd236fb1601a8da8cd7c919149eda05c0b,Q8N9L9,False,TP53,393,e3ca60f18e3b6e98986ad6749215ee3b7a3abc09c191675213d1f243c035c9a3,P04637,original_six,False,-0.008594453955690065,-0.3989481528600057,0.6053702235221863,-9.355691909790039,-5.79041862487793,-5.672012805938721,-6.9393744468688965,6.0,92.0,102.0,44.0
low_plausibility,O15151,U,False,False,A_compartment_separation,False,386,SUMF1,374,6bafa458874ddca9fb48e28985567a783984f16d514984a9ab6c8f22a90e149d,Q8NBK3,False,TP53,393,e3ca60f18e3b6e98986ad6749215ee3b7a3abc09c191675213d1f243c035c9a3,P04637,original_six,False,-2.0543152888615928,-1.3053598205248516,0.4792395830154419,-9.368318557739258,-8.918310165405273,-1.7552005052566528,-6.680609742800395,252.0,190.0,81.0,190.0
low_plausibility,O15151,U,False,False,A_compartment_separation,False,387,GGH,318,e3c12602cad7d058e7bc4fa963756c4913667b83d15efaa94e683b3fa3649697,Q92820,False,TP53,393,e3ca60f18e3b6e98986ad6749215ee3b7a3abc09c191675213d1f243c035c9a3,P04637,original_six,False,-3.0472679138183594,-2.8812758127848306,0.412029892206192,-11.40592098236084,-11.34909725189209,-10.587050437927246,-11.114022890726725,402.0,394.0,405.0,288.0
low_plausibility,O15151,U,False,False,A_compartment_separation,False,388,RCN3,328,d6da6a2fced1f7b216597e40cab25c23a20409214ce5f405d56f7482d02c5980,Q96D15,False,TP53,393,e3ca60f18e3b6e98986ad6749215ee3b7a3abc09c191675213d1f243c035c9a3,P04637,original_six,False,-1.1944377819697063,0.4208349684874217,0.23928788304328918,-8.430747032165527,-7.896546840667725,-6.132354259490967,-7.486549377441406,99.0,30.0,154.0,443.0
low_plausibility,O15151,U,False,False,A_compartment_separation,False,389,ERLEC1,483,26f36a69dfa946b2abc5132b3e1d1b354d0c983225d4e99307996f38af81bacc,Q96DZ1,False,TP53,393,e3ca60f18e3b6e98986ad6749215ee3b7a3abc09c191675213d1f243c035c9a3,P04637,original_six,False,-3.2359841664632163,-3.0554858843485513,0.2549339532852173,-5.56086540222168,-10.022055625915527,-10.113689422607422,-8.565536816914877,415.0,407.0,247.0,435.0
low_plausibility,O15151,U,False,False,A_compartment_separation,False,390,ERO1A,468,d7e9f5b93bceb3ea7e6b5279702ecb4cadc764e9dfee2fb1496e393a53bfda0e,Q96HE7,False,TP53,393,e3ca60f18e3b6e98986ad6749215ee3b7a3abc09c191675213d1f243c035c9a3,P04637,original_six,False,-4.0032304128011065,-3.868494192759196,0.24278831481933594,-8.93439769744873,-11.558106422424316,-10.429490089416504,-10.307331403096518,443.0,442.0,365.0,441.0
low_plausibility,O15151,U,False,False,A_compartment_separation,False,391,CALR3,384,7cef6009ca6797f1cb7207ed0d8bf4ccbd5335ba79f74fe1305efe86ea051536,Q96L12,False,TP53,393,e3ca60f18e3b6e98986ad6749215ee3b7a3abc09c191675213d1f243c035c9a3,P04637,original_six,False,-3.722525119781494,-3.359613021214803,0.32748839259147644,-8.853180885314941,-10.646778106689453,-8.806323051452637,-9.43542734781901,434.0,425.0,317.0,379.0
low_plausibility,O15151,U,False,False,A_compartment_separation,False,392,GDF15,308,e7cc12a1753279a291fd91d77b26604b50d4add207e63e5fd2e433fc6cc77a57,Q99988,False,TP53,393,e3ca60f18e3b6e98986ad6749215ee3b7a3abc09c191675213d1f243c035c9a3,P04637,original_six,False,-2.449495712916056,-1.4543862740198772,0.46961328387260437,-8.959694862365723,-6.630392074584961,-7.230984687805176,-7.60702387491862,336.0,222.0,161.0,203.0
low_plausibility,O15151,U,False,False,A_compartment_separation,False,393,ERP44,406,5841fdcd6ba2c422aefe669e8cf97dadb4ac8323c036123d1166c88f9f417f6a,Q9BS26,False,TP53,393,e3ca60f18e3b6e98986ad6749215ee3b7a3abc09c191675213d1f243c035c9a3,P04637,original_six,False,-1.658276915550232,-2.1884732246398926,0.3999253213405609,-8.602751731872559,-6.997859477996826,-11.098919868469238,-8.899843692779541,177.0,343.0,279.0,300.0
low_plausibility,O15151,U,False,False,A_compartment_separation,False,394,TINAGL1,467,ad196d8410e203de5da4ca8860344ba632e4fe2626dd12a8b487c3ffa53cc863,Q9GZM7,False,TP53,393,e3ca60f18e3b6e98986ad6749215ee3b7a3abc09c191675213d1f243c035c9a3,P04637,original_six,False,-2.0769095023473105,0.5512064695358276,0.499063640832901,-9.790513038635254,-9.96268367767334,-4.793218612670898,-8.182138442993164,256.0,23.0,213.0,171.0
low_plausibility,O15151,U,False,False,A_compartment_separation,False,395,PDGFD,370,3da66864365933069be02f5f8f9bc40294d71b32022b597b6424f8cfe1b86e77,Q9GZP0,False,TP53,393,e3ca60f18e3b6e98986ad6749215ee3b7a3abc09c191675213d1f243c035c9a3,P04637,original_six,False,-3.228795369466146,-3.3895119031270347,0.4551270008087158,-8.787367820739746,-10.361724853515625,-8.743208885192871,-9.297433853149414,412.0,426.0,307.0,223.0
low_plausibility,O15151,U,False,False,A_compartment_separation,False,396,WNT10A,417,5f649dbdfcc251f3bd8b2ce6ba81fd64b24438b624d3b1f6ec7e3c8a171eb29d,Q9GZT5,False,TP53,393,e3ca60f18e3b6e98986ad6749215ee3b7a3abc09c191675213d1f243c035c9a3,P04637,original_six,False,-2.2795305252075195,-0.6855414708455404,0.28499501943588257,-9.95891284942627,-10.655198097229004,-4.65475606918335,-8.422955671946207,299.0,125.0,229.0,413.0
low_plausibility,O15151,U,False,False,A_compartment_separation,False,397,SIL1,461,48c3084a20691e3fbf22b8688759198c49737467f9d2bb3a132769f00fc3de1e,Q9H173,False,TP53,393,e3ca60f18e3b6e98986ad6749215ee3b7a3abc09c191675213d1f243c035c9a3,P04637,original_six,False,-1.664226770401001,-2.5184222062428794,0.2801699936389923,-9.340476036071777,-12.724187850952148,-5.152772426605225,-9.072478771209717,179.0,364.0,295.0,421.0
low_plausibility,O15151,U,False,False,A_compartment_separation,False,398,OLFML3,406,74758b180219835c406cf3a611b94d6b0956e15dbaa497b29c2ff67e0f688d53,Q9NRN5,False,TP53,393,e3ca60f18e3b6e98986ad6749215ee3b7a3abc09c191675213d1f243c035c9a3,P04637,original_six,False,-2.4843005339304605,-1.9577764670054119,0.3947565257549286,-6.415497779846191,-11.1205472946167,-5.501800060272217,-7.679281711578369,341.0,306.0,169.0,305.0
low_plausibility,O15151,U,False,False,A_compartment_separation,False,399,C1RL,487,e50c99cd74cae31bef20f60d51366e0e557ca3b42c6019f3ab2144d1ccbe34cf,Q9NZP8,False,TP53,393,e3ca60f18e3b6e98986ad6749215ee3b7a3abc09c191675213d1f243c035c9a3,P04637,original_six,False,-3.0159602959950766,-2.9539921283721924,0.5147762298583984,-9.120821952819824,-8.427595138549805,-10.821866035461426,-9.456761042277018,399.0,403.0,320.0,146.0
low_plausibility,O15151,U,False,False,A_compartment_separation,False,400,PIPOX,390,bdc3f474ab2c309a04c71b189b1b8b65e2b250ab8ac6e11dc80225a0780b8e11,Q9P0Z9,False,TP53,393,e3ca60f18e3b6e98986ad6749215ee3b7a3abc09c191675213d1f243c035c9a3,P04637,original_six,False,-2.276694138844808,-2.709836721420288,0.41312360763549805,-6.641150951385498,-12.309077262878418,-7.082917213439941,-8.677715142567953,296.0,382.0,255.0,286.0
low_plausibility,O15151,U,False,False,A_compartment_separation,False,401,DNAJB11,358,ec6a5ba5bc25deaf9a1e0be455d2a132eb9d14410f332ec5def0c46d09987619,Q9UBS4,False,TP53,393,e3ca60f18e3b6e98986ad6749215ee3b7a3abc09c191675213d1f243c035c9a3,P04637,original_six,False,-2.224177440007528,-1.5535283883412678,0.325558066368103,-8.709139823913574,-12.838552474975586,-11.963067054748535,-11.170253117879232,289.0,240.0,410.0,380.0
low_plausibility,O15151,U,False,False,A_compartment_separation,False,402,GDF2,429,66e9f25a192b58bd2e7559a2937d2375757275ca0ea4190332c8a4f448db7dcf,Q9UK05,False,TP53,393,e3ca60f18e3b6e98986ad6749215ee3b7a3abc09c191675213d1f243c035c9a3,P04637,original_six,False,-2.3301753997802734,-1.495713512102763,0.44525185227394104,-11.215995788574219,-8.853480339050293,-8.98782730102539,-9.685767809549967,314.0,229.0,334.0,238.0
low_plausibility,O15151,U,False,False,A_compartment_separation,False,403,CPQ,472,5f9ab84868713a9b58bc4370a33d9e9f4f1f11c54e250c6cac2f0e47c174620a,Q9Y646,False,TP53,393,e3ca60f18e3b6e98986ad6749215ee3b7a3abc09c191675213d1f243c035c9a3,P04637,original_six,False,-1.4492265383402507,-1.812012791633606,0.4320579767227173,-10.920286178588867,-10.940555572509766,-12.7166748046875,-11.525838851928711,140.0,291.0,422.0,258.0
low_plausibility,Q09472,U,False,False,A_compartment_separation,False,404,COL6A6,2263,2b5c42e3539abc5c20a8d42072dcf60d1702fc64fc90234e543398561f9e7c76,A6NMZ7,False,TP53,393,e3ca60f18e3b6e98986ad6749215ee3b7a3abc09c191675213d1f243c035c9a3,P04637,original_six,False,-2.6495088736216226,-2.5514788230260215,0.3938676118850708,-9.395784378051758,-11.053747177124023,-10.775221824645996,-10.40825112660726,362.0,369.0,378.0,307.0
low_plausibility,Q09472,U,False,False,A_compartment_separation,False,405,A2ML1,1454,e302d6ce0e1ee9a52353992462f9976b74ab9e403d7d8aef41f9ed7d74d87e53,A8K2U0,False,TP53,393,e3ca60f18e3b6e98986ad6749215ee3b7a3abc09c191675213d1f243c035c9a3,P04637,original_six,False,-2.286524852116903,-2.564161698023478,0.5037633776664734,-10.484407424926758,-12.361713409423828,-10.643943786621094,-11.163354873657227,300.0,370.0,409.0,159.0
low_plausibility,Q09472,U,False,False,A_compartment_separation,False,406,COL6A5,2615,c6799f09cce9b099cf9f5de6215b514fabad9cebf7023096af8870194f259613,A8TX70,False,TP53,393,e3ca60f18e3b6e98986ad6749215ee3b7a3abc09c191675213d1f243c035c9a3,P04637,original_six,False,-2.649959087371826,-2.242939909299215,0.42722073197364807,-10.555861473083496,-10.148592948913574,-9.047216415405273,-9.917223612467447,363.0,348.0,342.0,268.0
low_plausibility,Q09472,U,False,False,A_compartment_separation,False,407,NCAN,1321,d590831a39213f0be9d7094357ffd0d6595b2c25f9dec72d3e6277efd8b21aa3,O14594,False,TP53,393,e3ca60f18e3b6e98986ad6749215ee3b7a3abc09c191675213d1f243c035c9a3,P04637,original_six,False,-1.5743186076482136,-0.742839515209198,0.2939281165599823,-9.500787734985352,-11.09210205078125,-9.661446571350098,-10.084778785705566,155.0,135.0,354.0,406.0
low_plausibility,Q09472,U,False,False,A_compartment_separation,False,408,SLIT2,1529,692c0d0821d7f871bf6860becf993ab273503fd480743195f4b9b3f0a85ee44f,O94813,False,TP53,393,e3ca60f18e3b6e98986ad6749215ee3b7a3abc09c191675213d1f243c035c9a3,P04637,original_six,False,-3.292128880818685,-3.1159088611602783,0.6121174693107605,-11.197813034057617,-12.569402694702148,-7.9656877517700195,-10.577634493509928,417.0,412.0,388.0,39.0
low_plausibility,Q09472,U,False,False,A_compartment_separation,False,409,F8,2351,4700fc83b4ba933fb7ffc84b14b7615caa5eab47ff71ad94c8c9d7ee4bd217e4,P00451,False,TP53,393,e3ca60f18e3b6e98986ad6749215ee3b7a3abc09c191675213d1f243c035c9a3,P04637,original_six,False,-2.15399432182312,-1.7845206658045452,0.3290969729423523,-6.864077568054199,-11.14261245727539,-8.103157043457031,-8.703282356262207,272.0,281.0,259.0,378.0
low_plausibility,Q09472,U,False,False,A_compartment_separation,False,410,A2M,1474,3ee0b59c31b62639a736da5c2a82042db3dc927f55f0ecb02a33c9d326563ce0,P01023,False,TP53,393,e3ca60f18e3b6e98986ad6749215ee3b7a3abc09c191675213d1f243c035c9a3,P04637,original_six,False,-2.2231408754984536,-3.4123127460479736,0.47592583298683167,-11.403522491455078,-10.553251266479492,-11.456560134887695,-11.137777964274088,288.0,428.0,407.0,197.0
low_plausibility,Q09472,U,False,False,A_compartment_separation,False,411,C3,1663,acb81aed23fd741ade0fd0b3aa26abe602ba3332f932ef310db5f4f08a27bdb2,P01024,False,TP53,393,e3ca60f18e3b6e98986ad6749215ee3b7a3abc09c191675213d1f243c035c9a3,P04637,original_six,False,-2.699595292409261,-3.7016731103261313,0.5897092223167419,-9.124794006347656,-10.782988548278809,-9.461922645568848,-9.789901733398438,371.0,437.0,339.0,65.0
low_plausibility,Q09472,U,False,False,A_compartment_separation,False,412,TG,2768,2af88bd53041f189b543e39bfa15680958525801e4021167dcf872af61da3ac3,P01266,False,TP53,393,e3ca60f18e3b6e98986ad6749215ee3b7a3abc09c191675213d1f243c035c9a3,P04637,original_six,False,-2.079459031422933,-1.2072682778040569,0.5477213263511658,-7.9901957511901855,-9.68709659576416,-7.829314708709717,-8.502202351888021,259.0,177.0,236.0,105.0
low_plausibility,Q09472,U,False,False,A_compartment_separation,False,413,COL1A1,1464,9e6f3ccbb2f55bd0b0955073c0153e5473ec4c033ed1df0e3ff762cb1b3a9d0c,P02452,False,TP53,393,e3ca60f18e3b6e98986ad6749215ee3b7a3abc09c191675213d1f243c035c9a3,P04637,original_six,False,-3.7521257400512695,-2.8415744304656982,0.38822877407073975,-10.836976051330566,-10.10412883758545,-9.433865547180176,-10.124990145365397,435.0,390.0,355.0,314.0
low_plausibility,Q09472,U,False,False,A_compartment_separation,False,414,COL3A1,1466,e7424fabe7bbff05c6a2ba697f854c3666eb0eff75e1c212e1ce194cd9818da0,P02461,False,TP53,393,e3ca60f18e3b6e98986ad6749215ee3b7a3abc09c191675213d1f243c035c9a3,P04637,original_six,False,-3.3210862477620444,-2.0763676166534424,0.3763042688369751,-10.342455863952637,-10.358007431030273,-7.527050971984863,-9.409171422322592,419.0,327.0,315.0,333.0
low_plausibility,Q09472,U,False,False,A_compartment_separation,False,415,FN1,2477,3e5cc6db5dca9962e84e305fe4faab34a481888f5d724769b25d8b11e17d0dc1,P02751,False,TP53,393,e3ca60f18e3b6e98986ad6749215ee3b7a3abc09c191675213d1f243c035c9a3,P04637,original_six,False,-1.3852745294570923,0.08712387084960938,0.5255288481712341,-5.631268501281738,-7.367826461791992,-7.66134786605835,-6.88681427637736,127.0,43.0,99.0,129.0
low_plausibility,Q09472,U,False,False,A_compartment_separation,False,416,VWF,2813,91a132cac0ed8c1777c8e469b380ff01451ee3a9e522eee8895f8030f3cd839c,P04275,False,TP53,393,e3ca60f18e3b6e98986ad6749215ee3b7a3abc09c191675213d1f243c035c9a3,P04637,original_six,False,-1.607173244158427,-0.7178729375203451,0.46902573108673096,-10.96393871307373,-9.906107902526855,-7.4692254066467285,-9.446424007415771,164.0,133.0,318.0,204.0
low_plausibility,Q09472,U,False,False,A_compartment_separation,False,417,COL5A2,1499,ba0025776d965a185f04b068647df2844eb389f3408e69f92f27ba6bb7a534a9,P05997,False,TP53,393,e3ca60f18e3b6e98986ad6749215ee3b7a3abc09c191675213d1f243c035c9a3,P04637,original_six,False,-3.2347105344136557,-2.000393549601237,0.377730131149292,-11.217255592346191,-11.411255836486816,-10.354930877685547,-10.994480768839518,413.0,313.0,398.0,330.0
low_plausibility,Q09472,U,False,False,A_compartment_separation,False,418,COL1A2,1366,8ff76c5f4c93911a603bb7c1a0111633918998a259c581889864d2325c7eaf5a,P08123,False,TP53,393,e3ca60f18e3b6e98986ad6749215ee3b7a3abc09c191675213d1f243c035c9a3,P04637,original_six,False,-3.95977512995402,-2.773889938990275,0.3151971995830536,-10.534553527832031,-10.02283763885498,-9.429669380187988,-9.995686848958334,441.0,384.0,347.0,391.0
low_plausibility,Q09472,U,False,False,A_compartment_separation,False,419,FREM3,2139,e655c151983620732a5cf3f2fa5235566a471e18d003b8674b925947b4bfd5a7,P0C091,False,TP53,393,e3ca60f18e3b6e98986ad6749215ee3b7a3abc09c191675213d1f243c035c9a3,P04637,original_six,False,-2.168026924133301,-1.7451788584391277,0.46618667244911194,-8.123246192932129,-7.630445957183838,-8.380707740783691,-8.044799963633219,279.0,269.0,204.0,207.0
low_plausibility,Q09472,U,False,False,A_compartment_separation,False,420,COL11A1,1806,828994f33dfeb2dfa371d736be0c7163c64fa9150cd2295b40ac34d89fc57903,P12107,False,TP53,393,e3ca60f18e3b6e98986ad6749215ee3b7a3abc09c191675213d1f243c035c9a3,P04637,original_six,False,-2.8369954427083335,-1.858058214187622,0.3717976212501526,-10.01436996459961,-12.384785652160645,-12.834542274475098,-11.744565963745117,385.0,296.0,427.0,336.0
low_plausibility,Q09472,U,False,False,A_compartment_separation,False,421,COL6A3,3177,bb92bccaf5b8dee9c0d1ff7f8afbf913cfb34c8eedf81fc56ad4da5c1a1d24ff,P12111,False,TP53,393,e3ca60f18e3b6e98986ad6749215ee3b7a3abc09c191675213d1f243c035c9a3,P04637,original_six,False,-2.463108857472738,-2.89747683207194,0.507402241230011,-7.720597743988037,-9.549420356750488,-8.36977767944336,-8.546598593393961,337.0,400.0,243.0,151.0
low_plausibility,Q09472,U,False,False,A_compartment_separation,False,422,F5,2224,7adc7ddfa5f09bbef9f7fe550bb8f787efcbfe7f0e351a777e56a0c8ed6ca7ce,P12259,False,TP53,393,e3ca60f18e3b6e98986ad6749215ee3b7a3abc09c191675213d1f243c035c9a3,P04637,original_six,False,-1.7387068669001262,-0.9666110674540201,0.28461867570877075,-9.278417587280273,-11.528508186340332,-9.221277236938477,-10.009401003519693,192.0,155.0,349.0,414.0
low_plausibility,Q09472,U,False,False,A_compartment_separation,False,423,COL11A2,1736,22d942adf1fda5ccb21d6dc2e04a30ce85a05bfe9db44fdab2db8b399b25abcd,P13942,False,TP53,393,e3ca60f18e3b6e98986ad6749215ee3b7a3abc09c191675213d1f243c035c9a3,P04637,original_six,False,-3.667336861292521,-2.451964855194092,0.414156436920166,-9.09609603881836,-11.822714805603027,-10.034022331237793,-10.31761105855306,428.0,359.0,367.0,284.0
low_plausibility,Q09472,U,False,False,A_compartment_separation,False,424,ACAN,2530,418d38125bcf0dca39b53901f9bf83c98c79f343d62bfce64affb448e59b964b,P16112,False,TP53,393,e3ca60f18e3b6e98986ad6749215ee3b7a3abc09c191675213d1f243c035c9a3,P04637,original_six,False,-2.674455404281616,-1.64599609375,0.36595651507377625,-6.610485553741455,-10.797764778137207,-9.293939590454102,-8.900729974110922,368.0,249.0,280.0,342.0
low_plausibility,Q09472,U,False,False,A_compartment_separation,False,425,PZP,1482,07ef437b1cb03bf8afe57a5551ef05a226c9d97453bdba1f8829e01fa89c719b,P20742,False,TP53,393,e3ca60f18e3b6e98986ad6749215ee3b7a3abc09c191675213d1f243c035c9a3,P04637,original_six,False,-2.3851555983225503,-3.7329443295796714,0.4799248278141022,-12.586044311523438,-11.992207527160645,-9.262272834777832,-11.28017489115397,323.0,438.0,414.0,187.0
low_plausibility,Q09472,U,False,False,A_compartment_separation,False,426,COL5A1,1838,833ab3f998a72fa1d6522fc6feca98e20d4f7cb8b058f6bcb25fc8041506e758,P20908,False,TP53,393,e3ca60f18e3b6e98986ad6749215ee3b7a3abc09c191675213d1f243c035c9a3,P04637,original_six,False,-2.7818427085876465,-1.6017617384592693,0.3574710488319397,-9.81168270111084,-12.061410903930664,-12.867853164672852,-11.580315589904785,379.0,243.0,423.0,355.0
low_plausibility,Q09472,U,False,False,A_compartment_separation,False,427,TNXB,4244,ad8c576cc98aac65c570e6b1e7000e055104abb3e13c862b7b02f935ae04cf5e,P22105,False,TP53,393,e3ca60f18e3b6e98986ad6749215ee3b7a3abc09c191675213d1f243c035c9a3,P04637,original_six,False,-2.531706968943278,-1.3885719378789265,0.5179998278617859,-6.297854423522949,-7.56394624710083,-4.364594459533691,-6.075465043385823,344.0,206.0,44.0,143.0
low_plausibility,Q09472,U,False,False,A_compartment_separation,False,428,TNC,2201,bf21266507be19728f27757a362844a9c950f7f952eaf3280339462128be02c2,P24821,False,TP53,393,e3ca60f18e3b6e98986ad6749215ee3b7a3abc09c191675213d1f243c035c9a3,P04637,original_six,False,-1.8822147051493328,-1.039397418498993,0.5201025009155273,-7.216810703277588,-9.252310752868652,-7.7411885261535645,-8.070103327433268,222.0,165.0,206.0,138.0
low_plausibility,Q09472,U,False,False,A_compartment_separation,False,429,COL15A1,1388,5d58dc1d21a1096da4af0b2d965b5034ccefe78e7efe61a3898c720a1acd2d48,P39059,False,TP53,393,e3ca60f18e3b6e98986ad6749215ee3b7a3abc09c191675213d1f243c035c9a3,P04637,original_six,False,-1.9894239505132039,-1.4534685611724854,0.30101463198661804,-12.137724876403809,-12.939725875854492,-10.191471099853516,-11.756307284037272,243.0,219.0,428.0,399.0
low_plausibility,Q09472,U,False,False,A_compartment_separation,False,430,RELN,3460,0c5d1556519129a38dff04bd4311da87c14c1f3e947f89a0bfdcfbeb211d1f4d,P78509,False,TP53,393,e3ca60f18e3b6e98986ad6749215ee3b7a3abc09c191675213d1f243c035c9a3,P04637,original_six,False,-2.3231515884399414,-1.0578988393147786,0.41134166717529297,-9.174309730529785,-13.728899002075195,-9.379899978637695,-10.761036237080893,312.0,166.0,393.0,290.0
low_plausibility,Q09472,U,False,False,A_compartment_separation,False,431,ADAMTSL3,1691,804ad04cacd0c62108dec52ed697e7045a4c4958f4c329d8b712585dcbef60f1,P82987,False,TP53,393,e3ca60f18e3b6e98986ad6749215ee3b7a3abc09c191675213d1f243c035c9a3,P04637,original_six,False,-1.0134899814923604,-0.11953334013621013,0.2894868850708008,-9.115110397338867,-9.663073539733887,-9.283807754516602,-9.353997230529785,68.0,65.0,310.0,410.0
low_plausibility,Q09472,U,False,False,A_compartment_separation,False,432,COL14A1,1796,c1634f712deb507d57e6a19ce7fe0363ecadf8837742875d86fce468c2a51e0b,Q05707,False,TP53,393,e3ca60f18e3b6e98986ad6749215ee3b7a3abc09c191675213d1f243c035c9a3,P04637,original_six,False,-1.8139650026957195,-1.5113207896550496,0.4530576467514038,-13.019987106323242,-9.860586166381836,-13.135202407836914,-12.005258560180664,202.0,233.0,429.0,228.0
low_plausibility,Q09472,U,False,False,A_compartment_separation,False,433,MMRN1,1228,dbaf6de802c8a3176c3a724f11840c1b0be0f61459f3b1607fafae62df1ccb41,Q13201,False,TP53,393,e3ca60f18e3b6e98986ad6749215ee3b7a3abc09c191675213d1f243c035c9a3,P04637,original_six,False,-2.187107563018799,-1.9700870911280315,0.27816760540008545,-9.711649894714355,-10.817279815673828,-10.351227760314941,-10.293385823567709,282.0,308.0,363.0,422.0
low_plausibility,Q09472,U,False,False,A_compartment_separation,False,434,PAPPA,1627,d0a4254dee583de46136595f1585f13dfc46dc8319eb2f70f13413134583b3da,Q13219,False,TP53,393,e3ca60f18e3b6e98986ad6749215ee3b7a3abc09c191675213d1f243c035c9a3,P04637,original_six,False,-2.5525654951731362,-1.780913809935252,0.42311376333236694,-9.626177787780762,-12.759857177734375,-8.691522598266602,-10.359185854593912,350.0,279.0,373.0,278.0
low_plausibility,Q09472,U,False,False,A_compartment_separation,False,435,LTBP1,1721,252033e26f178f1869d658414e03cc94f58a0a4e907d625af681d473de6b3244,Q14766,False,TP53,393,e3ca60f18e3b6e98986ad6749215ee3b7a3abc09c191675213d1f243c035c9a3,P04637,original_six,False,-1.448999047279358,0.47051628430684406,0.38765230774879456,-7.407485485076904,-8.281416893005371,-8.204760551452637,-7.964554309844971,139.0,27.0,197.0,315.0
low_plausibility,Q09472,U,False,False,A_compartment_separation,False,436,LTBP2,1821,df1d2c7194ca54cba7393c883f56ed627431bde7d4ae8bd4735a65388e1e0782,Q14767,False,TP53,393,e3ca60f18e3b6e98986ad6749215ee3b7a3abc09c191675213d1f243c035c9a3,P04637,original_six,False,-0.9379415512084961,1.3647383451461792,0.46352896094322205,-6.758159160614014,-8.985265731811523,-7.364614009857178,-7.702679634094238,58.0,5.0,177.0,211.0
low_plausibility,Q09472,U,False,False,A_compartment_separation,False,437,COL24A1,1714,ac97812b3be4b6571fc1795c34ca8c547b4f6cd73f260aec50fd0e7b88f443df,Q17RW2,False,TP53,393,e3ca60f18e3b6e98986ad6749215ee3b7a3abc09c191675213d1f243c035c9a3,P04637,original_six,False,-2.2742424805959067,-1.492202897866567,0.28331950306892395,-11.344202041625977,-13.405092239379883,-10.43339729309082,-11.727563858032227,295.0,227.0,426.0,417.0
low_plausibility,Q09472,U,False,False,A_compartment_separation,False,438,MUC6,2439,28b64d9075ce61595ac6b10ef306922402d3e769c479bec3e973da7e3c06bf9c,Q6W4X9,False,TP53,393,e3ca60f18e3b6e98986ad6749215ee3b7a3abc09c191675213d1f243c035c9a3,P04637,original_six,False,-2.31990655263265,-0.8612099687258402,0.42684096097946167,-8.993814468383789,-10.150708198547363,-9.312110900878906,-9.485544522603353,311.0,146.0,324.0,271.0
low_plausibility,Q09472,U,False,False,A_compartment_separation,False,439,IGSF10,2623,77504e631c728b1bcbaca6bc1a547430c6edbe5d04869dfeb70bc58c92f9f820,Q6WRI0,False,TP53,393,e3ca60f18e3b6e98986ad6749215ee3b7a3abc09c191675213d1f243c035c9a3,P04637,original_six,False,-2.779038111368815,-2.8131233851114907,0.3216344118118286,-8.908496856689453,-13.000581741333008,-9.416010856628418,-10.441696484883627,378.0,388.0,382.0,388.0
low_plausibility,Q09472,U,False,False,A_compartment_separation,False,440,APOLTP,3320,44be66403b2d2dc10c9240458d6013c836865780063f8b342c811bfa55d4d35e,Q6ZTK2,False,TP53,393,e3ca60f18e3b6e98986ad6749215ee3b7a3abc09c191675213d1f243c035c9a3,P04637,original_six,False,-3.1409764289855957,-3.2722631295522056,0.2907710075378418,-10.126197814941406,-11.813185691833496,-8.864227294921875,-10.26787026723226,409.0,423.0,360.0,408.0
low_plausibility,Q09472,U,False,False,A_compartment_separation,False,441,FBN3,2809,d3e8cf8907e8de4f9ff4d3d292c7f0df8b3c39380be8587acef6b5ee9b184efc,Q75N90,False,TP53,393,e3ca60f18e3b6e98986ad6749215ee3b7a3abc09c191675213d1f243c035c9a3,P04637,original_six,False,-1.5881393750508626,0.4752137064933777,0.5574559569358826,-7.291809558868408,-8.388177871704102,-8.043764114379883,-7.907917181650798,156.0,25.0,189.0,94.0
low_plausibility,Q09472,U,False,False,A_compartment_separation,False,442,ADAMTS13,1427,20d8937a8f2450b612ad8a1c68c7ea02159f8d228ec3804a4e0c0cfc867e8563,Q76LX8,False,TP53,393,e3ca60f18e3b6e98986ad6749215ee3b7a3abc09c191675213d1f243c035c9a3,P04637,original_six,False,-1.3183833360671997,-0.03226524591445923,0.39800843596458435,-6.6968770027160645,-7.400192737579346,-6.201600074768066,-6.766223271687825,115.0,53.0,89.0,301.0
low_plausibility,Q09472,U,False,False,A_compartment_separation,False,443,COL27A1,1860,67004709d9a6b7c4cb1b8022954cfe2c64de3a5f1a66f110d03fa9a3801b3d5b,Q8IZC6,False,TP53,393,e3ca60f18e3b6e98986ad6749215ee3b7a3abc09c191675213d1f243c035c9a3,P04637,original_six,False,-2.526376167933146,-1.8077905972798665,0.33056485652923584,-9.7173433303833,-12.394743919372559,-10.215686798095703,-10.775924682617188,343.0,289.0,394.0,376.0
low_plausibility,Q09472,U,False,False,A_compartment_separation,False,444,LTBP4,1624,9687fafa859d3e8dbb5cd355332211fe98e802a883857824fb570c06f2d6a0d4,Q8N2S1,False,TP53,393,e3ca60f18e3b6e98986ad6749215ee3b7a3abc09c191675213d1f243c035c9a3,P04637,original_six,False,-1.0254217783610027,1.1557982762654622,0.5011268854141235,-5.300652027130127,-8.393553733825684,-5.486063003540039,-6.393422921498616,69.0,8.0,65.0,165.0
low_plausibility,Q09472,U,False,False,A_compartment_separation,False,445,ADAMTSL1,1762,0ae671da69b873a05e0b174092c779c6d725469981a2751cccc76fda24df9b8d,Q8N6G6,False,TP53,393,e3ca60f18e3b6e98986ad6749215ee3b7a3abc09c191675213d1f243c035c9a3,P04637,original_six,False,-1.082202176253001,-0.1554930011431376,0.2687015235424042,-9.223837852478027,-10.913114547729492,-10.773953437805176,-10.303635279337565,80.0,67.0,364.0,429.0
low_plausibility,Q09472,U,False,False,A_compartment_separation,False,446,SNED1,1413,3cae4d492cd0b6964fbdb15b2418fec7427e10ba947856a185c8ebc954b061f6,Q8TER0,False,TP53,393,e3ca60f18e3b6e98986ad6749215ee3b7a3abc09c191675213d1f243c035c9a3,P04637,original_six,False,-1.4639549652735393,-0.5528677701950073,0.4596087634563446,-7.354565620422363,-9.980548858642578,-9.208658218383789,-8.84792423248291,143.0,105.0,276.0,214.0
low_plausibility,Q09472,U,False,False,A_compartment_separation,False,447,PRG4,1404,a767a82e7ab1f42b6d3babcd9f3a09ef5ad9c7a0e2f1940a8f757db8a013a85f,Q92954,False,TP53,393,e3ca60f18e3b6e98986ad6749215ee3b7a3abc09c191675213d1f243c035c9a3,P04637,original_six,False,-2.377480904261271,-1.0085780024528503,0.3324942886829376,-10.704216003417969,-9.26463794708252,-8.914726257324219,-9.627860069274902,321.0,162.0,331.0,375.0
low_plausibility,Q09472,U,False,False,A_compartment_separation,False,448,PAPPA2,1791,05df15a0c35fb29e0edff5e9d137af26348797b58730fa78538ff2e125691bf3,Q9BXP8,False,TP53,393,e3ca60f18e3b6e98986ad6749215ee3b7a3abc09c191675213d1f243c035c9a3,P04637,original_six,False,-2.433627446492513,-1.4963212410608928,0.451080858707428,-10.512116432189941,-13.027676582336426,-10.024965286254883,-11.188252766927084,333.0,230.0,411.0,229.0
low_plausibility,Q09472,U,False,False,A_compartment_separation,False,449,LTBP3,1303,482004ef2deec2da594e666cfbeeea94bf4683fee7856180618dbc62f1bbb7b9,Q9NS15,False,TP53,393,e3ca60f18e3b6e98986ad6749215ee3b7a3abc09c191675213d1f243c035c9a3,P04637,original_six,False,-1.6176085472106934,0.6554664174715678,0.4417579174041748,-6.107892036437988,-7.705715179443359,-5.7714643478393555,-6.528357187906901,171.0,19.0,71.0,243.0
low_plausibility,Q09472,U,False,False,A_compartment_separation,False,450,UGGT2,1516,66433203d87022b077e1833b26beed1f949c0a840afc73b0277fa58e51eaed1f,Q9NYU1,False,TP53,393,e3ca60f18e3b6e98986ad6749215ee3b7a3abc09c191675213d1f243c035c9a3,P04637,original_six,False,-1.9913884003957112,-2.5331811904907227,0.3840961754322052,-9.619860649108887,-11.773405075073242,-11.790206909179688,-11.06115754445394,245.0,368.0,402.0,321.0
low_plausibility,Q09472,U,False,False,A_compartment_separation,False,451,ADAMTS9,1935,dbd9a94daa8fa4d5db9420b9388876ddfd003c3648d6f44b75c455e3b8b0cd30,Q9P2N4,False,TP53,393,e3ca60f18e3b6e98986ad6749215ee3b7a3abc09c191675213d1f243c035c9a3,P04637,original_six,False,-1.0923920075098674,-0.05513374010721842,0.4015856087207794,-8.787450790405273,-9.075543403625488,-6.050472736358643,-7.971155643463135,83.0,56.0,199.0,298.0
low_plausibility,Q09472,U,False,False,A_compartment_separation,False,452,ADAMTS7,1686,0a13a70645fdf84d8e8f5ae423a44361fd43a44bd1167fb4deb715861c065914,Q9UKP4,False,TP53,393,e3ca60f18e3b6e98986ad6749215ee3b7a3abc09c191675213d1f243c035c9a3,P04637,original_six,False,-1.097714940706889,0.2385503351688385,0.3647593855857849,-8.395662307739258,-8.17727279663086,-5.835318565368652,-7.469417889912923,85.0,38.0,153.0,346.0
low_plausibility,Q09472,U,False,False,A_compartment_separation,False,453,TNN,1299,81fd4bbf22336a8414c5d98e19bd9ed70919ceb2715e54d91ed15cd9c4b13283,Q9UQP3,False,TP53,393,e3ca60f18e3b6e98986ad6749215ee3b7a3abc09c191675213d1f243c035c9a3,P04637,original_six,False,-2.3155638376871743,-1.5462340116500854,0.4626641571521759,-8.440631866455078,-9.300311088562012,-10.192307472229004,-9.311083475748697,308.0,239.0,309.0,212.0
